ENTIDAD|DISTRITO|MUNICIPIO|SECCION|LOCALIDAD|MANZANA|STATUS
4|1|1|1|1|1|C
4|1|1|1|1|2|C
4|1|1|1|1|3|C
4|1|1|1|1|4|C
4|1|1|1|1|5|C
4|1|1|1|1|6|*
4|1|1|1|1|7|C
4|1|1|1|1|8|*
4|1|1|1|1|9|C
4|1|1|1|1|10|C
4|1|1|1|1|11|C
4|1|1|1|1|12|C
4|1|1|1|1|13|C
4|1|1|1|1|14|C
4|1|1|1|1|15|C
4|1|1|1|1|16|*
4|1|1|1|1|17|*
4|1|1|1|1|19|*
4|1|1|1|1|20|*
4|1|1|1|1|21|*
4|1|1|1|1|22|*
4|1|1|1|1|23|*
4|1|1|2|1|15|C
4|1|1|2|1|23|C
4|1|1|2|1|24|C
4|1|1|2|1|25|C
4|1|1|2|1|26|C
4|1|1|2|1|41|C
4|1|1|2|1|42|C
4|1|1|2|1|43|C
4|1|1|2|1|44|C
4|1|1|2|1|45|C
4|1|1|2|1|46|C
4|1|1|2|1|47|C
4|1|1|2|1|48|C
4|1|1|2|1|64|C
4|1|1|2|1|65|C
4|1|1|3|1|2|C
4|1|1|3|1|3|C
4|1|1|3|1|5|C
4|1|1|3|1|6|C
4|1|1|3|1|8|C
4|1|1|3|1|10|C
4|1|1|3|1|11|*
4|1|1|3|1|12|*
4|1|1|3|1|14|C
4|1|1|3|1|16|C
4|1|1|3|1|17|C
4|1|1|3|1|18|C
4|1|1|3|1|19|C
4|1|1|3|1|20|C
4|1|1|3|1|35|C
4|1|1|3|1|36|C
4|1|1|3|1|37|C
4|1|1|3|1|38|C
4|1|1|3|1|39|*
4|1|1|3|1|40|C
4|1|1|3|1|41|C
4|1|1|3|1|42|C
4|1|1|5|1|1|C
4|1|1|5|1|2|C
4|1|1|5|1|6|C
4|1|1|5|1|7|C
4|1|1|5|1|8|C
4|1|1|5|1|9|C
4|1|1|5|1|10|*
4|1|1|5|1|11|C
4|1|1|5|1|12|*
4|1|1|5|1|20|C
4|1|1|5|1|21|C
4|1|1|5|1|22|C
4|1|1|5|1|27|C
4|1|1|5|1|28|C
4|1|1|5|1|29|C
4|1|1|5|1|49|C
4|1|1|5|1|50|C
4|1|1|5|1|75|C
4|1|1|5|1|76|*
4|1|1|6|1|2|C
4|1|1|6|1|3|C
4|1|1|6|1|4|C
4|1|1|6|1|5|C
4|1|1|6|1|6|C
4|1|1|6|1|7|C
4|1|1|6|1|8|C
4|1|1|6|1|9|C
4|1|1|6|1|12|C
4|1|1|6|1|13|C
4|1|1|6|1|14|C
4|1|1|6|1|15|C
4|1|1|6|1|30|C
4|1|1|6|1|31|C
4|1|1|6|1|32|C
4|1|1|6|1|33|C
4|1|1|6|1|34|C
4|1|1|6|1|35|C
4|1|1|6|1|36|C
4|1|1|6|1|37|C
4|1|1|6|1|38|C
4|1|1|6|1|39|C
4|1|1|6|1|51|C
4|1|1|6|1|52|C
4|1|1|6|1|53|C
4|1|1|6|1|54|C
4|1|1|6|1|55|C
4|1|1|6|1|56|C
4|1|1|6|1|57|C
4|1|1|7|1|1|C
4|1|1|7|1|2|C
4|1|1|7|1|3|C
4|1|1|7|1|4|C
4|1|1|7|1|5|C
4|1|1|7|1|6|*
4|1|1|7|1|7|C
4|1|1|7|1|8|C
4|1|1|7|1|9|C
4|1|1|7|1|10|C
4|1|1|7|1|11|C
4|1|1|7|1|12|C
4|1|1|7|1|13|C
4|1|1|7|1|14|C
4|1|1|7|1|15|C
4|1|1|7|1|16|C
4|1|1|7|1|17|C
4|1|1|7|1|18|C
4|1|1|7|1|19|C
4|1|1|7|1|20|C
4|1|1|7|1|21|C
4|1|1|7|1|22|C
4|1|1|7|1|23|C
4|1|1|7|1|24|C
4|1|1|7|1|25|C
4|1|1|7|1|26|C
4|1|1|7|1|27|C
4|1|1|7|1|28|*
4|1|1|7|1|29|C
4|1|1|7|1|31|C
4|1|1|7|1|32|C
4|1|1|7|1|33|*
4|1|1|7|1|34|C
4|1|1|7|1|35|C
4|1|1|7|1|36|C
4|1|1|7|1|37|C
4|1|1|7|1|38|C
4|1|1|7|1|39|C
4|1|1|7|1|40|C
4|1|1|7|1|41|C
4|1|1|7|1|42|C
4|1|1|7|1|43|C
4|1|1|7|1|44|C
4|1|1|7|1|45|C
4|1|1|7|1|46|C
4|1|1|7|1|47|C
4|1|1|7|1|52|*
4|1|1|7|1|53|C
4|1|1|7|1|54|*
4|1|1|8|1|16|C
4|1|1|8|1|17|C
4|1|1|8|1|18|C
4|1|1|8|1|19|*
4|1|1|8|1|36|C
4|1|1|8|1|37|C
4|1|1|8|1|38|C
4|1|1|8|1|39|C
4|1|1|8|1|40|C
4|1|1|8|1|58|C
4|1|1|8|1|59|C
4|1|1|8|1|60|C
4|1|1|8|1|61|C
4|1|1|8|1|62|C
4|1|1|8|1|63|C
4|1|1|8|1|67|C
4|1|1|9|1|1|C
4|1|1|9|1|2|C
4|1|1|9|1|3|C
4|1|1|9|1|4|C
4|1|1|9|1|5|C
4|1|1|9|1|6|C
4|1|1|9|1|7|C
4|1|1|9|1|8|C
4|1|1|9|1|9|C
4|1|1|9|1|10|C
4|1|1|9|1|11|C
4|1|1|9|1|12|C
4|1|1|9|1|13|C
4|1|1|9|1|14|C
4|1|1|9|1|15|C
4|1|1|9|1|16|C
4|1|1|9|1|17|C
4|1|1|9|1|18|C
4|1|1|9|1|19|C
4|1|1|9|1|20|C
4|1|1|9|1|21|C
4|1|1|9|1|22|C
4|1|1|9|1|23|C
4|1|1|9|1|24|C
4|1|1|9|1|25|C
4|1|1|9|1|26|C
4|1|1|9|1|27|C
4|1|1|9|1|28|C
4|1|1|9|1|29|C
4|1|1|9|1|30|C
4|1|1|9|1|31|C
4|1|1|9|1|32|C
4|1|1|9|1|33|C
4|1|1|9|1|34|C
4|1|1|9|1|35|C
4|1|1|9|1|36|C
4|1|1|9|1|37|C
4|1|1|9|1|38|C
4|1|1|9|1|39|C
4|1|1|9|1|40|C
4|1|1|9|1|41|C
4|1|1|9|1|42|C
4|1|1|9|1|43|C
4|1|1|9|1|44|C
4|1|1|9|1|45|C
4|1|1|9|1|46|C
4|1|1|9|1|47|C
4|1|1|9|1|48|C
4|1|1|9|1|49|C
4|1|1|9|1|50|C
4|1|1|9|1|51|C
4|1|1|9|1|52|C
4|1|1|9|1|53|C
4|1|1|9|1|54|C
4|1|1|9|1|55|C
4|1|1|9|1|56|C
4|1|1|9|1|57|C
4|1|1|9|1|58|C
4|1|1|9|1|59|C
4|1|1|9|1|60|C
4|1|1|9|1|61|C
4|1|1|9|1|62|C
4|1|1|9|1|63|C
4|1|1|9|1|64|C
4|1|1|9|1|65|C
4|1|1|9|1|66|C
4|1|1|9|1|68|C
4|1|1|9|1|69|C
4|1|1|9|1|70|C
4|1|1|9|1|71|C
4|1|1|9|1|72|C
4|1|1|9|1|73|C
4|1|1|9|1|74|C
4|1|1|9|1|75|C
4|1|1|9|1|76|C
4|1|1|9|1|77|C
4|1|1|9|1|78|C
4|1|1|9|1|79|C
4|1|1|9|1|80|C
4|1|1|9|1|81|C
4|1|1|9|1|82|C
4|1|1|9|1|83|C
4|1|1|9|1|84|C
4|1|1|9|1|85|C
4|1|1|9|1|86|C
4|1|1|9|1|87|C
4|1|1|9|1|88|C
4|1|1|9|1|89|C
4|1|1|9|1|91|C
4|1|1|9|1|92|C
4|1|1|9|1|93|C
4|1|1|9|1|94|C
4|1|1|9|1|95|C
4|1|1|9|1|96|C
4|1|1|9|1|97|C
4|1|1|9|1|98|C
4|1|1|9|1|99|C
4|1|1|9|1|101|C
4|1|1|9|1|105|*
4|1|1|9|1|106|*
4|1|1|9|1|107|C
4|1|1|9|1|108|C
4|1|1|9|1|109|C
4|1|1|9|1|111|C
4|1|1|9|1|112|C
4|1|1|9|1|113|C
4|1|1|9|1|114|C
4|1|1|9|1|115|C
4|1|1|9|1|116|C
4|1|1|10|1|5|C
4|1|1|10|1|6|C
4|1|1|10|1|33|C
4|1|1|10|1|41|C
4|1|1|10|1|46|C
4|1|1|10|1|50|C
4|1|1|10|1|51|C
4|1|1|10|1|68|C
4|1|1|10|1|71|C
4|1|1|10|1|72|C
4|1|1|10|1|74|C
4|1|1|11|1|1|*
4|1|1|11|1|5|C
4|1|1|11|1|6|*
4|1|1|11|1|7|C
4|1|1|11|1|8|C
4|1|1|11|1|11|C
4|1|1|11|1|12|C
4|1|1|11|1|13|C
4|1|1|11|1|14|C
4|1|1|11|1|15|*
4|1|1|11|1|16|C
4|1|1|11|1|17|*
4|1|1|11|1|18|*
4|1|1|11|1|19|*
4|1|1|11|1|37|C
4|1|1|11|1|49|C
4|1|1|11|1|50|C
4|1|1|11|1|62|C
4|1|1|12|1|2|*
4|1|1|12|1|3|*
4|1|1|12|1|4|*
4|1|1|12|1|5|*
4|1|1|12|1|6|C
4|1|1|12|1|7|C
4|1|1|12|1|9|C
4|1|1|12|1|11|*
4|1|1|12|1|12|*
4|1|1|12|1|13|*
4|1|1|12|1|14|*
4|1|1|12|1|15|*
4|1|1|12|1|16|*
4|1|1|12|1|17|*
4|1|1|12|1|19|*
4|1|1|12|1|20|C
4|1|1|12|1|21|C
4|1|1|12|1|22|C
4|1|1|12|1|23|C
4|1|1|12|1|24|C
4|1|1|12|1|25|C
4|1|1|12|1|27|C
4|1|1|12|1|28|*
4|1|1|12|1|29|*
4|1|1|12|1|30|*
4|1|1|12|1|31|*
4|1|1|12|1|55|C
4|1|1|12|1|66|C
4|1|1|12|1|67|*
4|1|1|12|1|68|*
4|1|1|13|1|5|C
4|1|1|13|1|6|C
4|1|1|13|1|9|*
4|1|1|13|1|13|C
4|1|1|13|1|20|C
4|1|1|13|1|31|C
4|1|1|13|1|38|C
4|1|1|13|1|39|C
4|1|1|13|1|60|C
4|1|1|13|1|68|C
4|1|1|13|1|69|C
4|1|1|13|1|70|C
4|1|1|13|1|76|C
4|1|1|13|1|85|C
4|1|1|13|1|86|C
4|1|1|13|1|87|C
4|1|1|13|1|89|C
4|1|1|14|1|6|C
4|1|1|14|1|14|C
4|1|1|14|1|15|C
4|1|1|14|1|16|C
4|1|1|14|1|21|C
4|1|1|14|1|22|C
4|1|1|14|1|32|C
4|1|1|14|1|48|C
4|1|1|14|1|52|C
4|1|1|14|1|53|C
4|1|1|14|1|54|C
4|1|1|14|1|77|C
4|1|1|15|1|1|C
4|1|1|15|1|3|C
4|1|1|15|1|14|C
4|1|1|15|1|19|C
4|1|1|15|1|20|C
4|1|1|15|1|34|C
4|1|1|15|1|35|C
4|1|1|15|1|36|C
4|1|1|15|1|40|C
4|1|1|15|1|42|C
4|1|1|15|1|43|C
4|1|1|15|1|46|C
4|1|1|15|1|59|C
4|1|1|15|1|61|C
4|1|1|15|1|62|C
4|1|1|15|1|81|C
4|1|1|15|1|82|C
4|1|1|15|1|90|C
4|1|1|16|1|1|C
4|1|1|16|1|2|C
4|1|1|16|1|3|C
4|1|1|16|1|4|C
4|1|1|16|1|5|C
4|1|1|16|1|6|C
4|1|1|16|1|7|C
4|1|1|16|1|8|C
4|1|1|16|1|9|C
4|1|1|16|1|11|C
4|1|1|16|1|13|C
4|1|1|16|1|15|C
4|1|1|16|1|16|C
4|1|1|16|1|17|C
4|1|1|16|1|27|C
4|1|1|16|1|60|C
4|1|1|16|1|61|C
4|1|1|16|1|67|C
4|1|1|16|1|68|C
4|1|1|16|1|69|C
4|1|1|16|1|70|C
4|1|1|16|1|71|C
4|1|1|16|1|72|C
4|1|1|16|1|73|C
4|1|1|16|1|74|C
4|1|1|17|1|1|C
4|1|1|17|1|10|C
4|1|1|17|1|11|C
4|1|1|17|1|12|C
4|1|1|17|1|13|C
4|1|1|17|1|14|C
4|1|1|17|1|15|C
4|1|1|17|1|16|C
4|1|1|17|1|17|C
4|1|1|17|1|18|C
4|1|1|17|1|19|C
4|1|1|17|1|20|C
4|1|1|17|1|21|C
4|1|1|17|1|22|C
4|1|1|17|1|23|C
4|1|1|17|1|24|C
4|1|1|17|1|25|C
4|1|1|17|1|26|C
4|1|1|17|1|27|C
4|1|1|17|1|28|C
4|1|1|17|1|29|C
4|1|1|17|1|31|C
4|1|1|17|1|33|C
4|1|1|17|1|35|C
4|1|1|17|1|36|C
4|1|1|17|1|37|C
4|1|1|17|1|38|C
4|1|1|17|1|43|C
4|1|1|17|1|44|C
4|1|1|17|1|47|C
4|1|1|17|1|48|C
4|1|1|17|1|49|C
4|1|1|17|1|50|C
4|1|1|17|1|51|C
4|1|1|17|1|52|C
4|1|1|17|1|53|C
4|1|1|17|1|54|C
4|1|1|17|1|55|C
4|1|1|17|1|56|C
4|1|1|17|1|57|C
4|1|1|17|1|58|C
4|1|1|17|1|59|C
4|1|1|17|1|60|C
4|1|1|17|1|61|C
4|1|1|17|1|62|C
4|1|1|17|1|63|C
4|1|1|17|1|64|C
4|1|1|17|1|65|C
4|1|1|17|1|66|C
4|1|1|17|1|67|C
4|1|1|17|1|68|C
4|1|1|17|1|69|C
4|1|1|17|1|70|C
4|1|1|17|1|71|C
4|1|1|17|1|72|C
4|1|1|17|1|73|C
4|1|1|17|1|74|C
4|1|1|17|1|75|C
4|1|1|17|1|76|C
4|1|1|17|1|77|C
4|1|1|17|1|78|C
4|1|1|17|1|79|C
4|1|1|17|1|80|C
4|1|1|17|1|81|C
4|1|1|17|1|82|C
4|1|1|17|1|83|C
4|1|1|17|1|84|C
4|1|1|17|1|85|C
4|1|1|17|1|86|C
4|1|1|17|1|87|C
4|1|1|17|1|88|C
4|1|1|17|1|89|C
4|1|1|17|1|90|C
4|1|1|17|1|91|C
4|1|1|17|1|92|C
4|1|1|17|1|93|C
4|1|1|17|1|94|C
4|1|1|17|1|95|C
4|1|1|17|1|96|C
4|1|1|17|1|97|C
4|1|1|17|1|98|C
4|1|1|17|1|99|C
4|1|1|17|1|101|C
4|1|1|17|1|102|C
4|1|1|17|1|103|C
4|1|1|17|1|104|C
4|1|1|17|1|105|C
4|1|1|17|1|106|C
4|1|1|17|1|107|C
4|1|1|17|1|108|C
4|1|1|17|1|109|C
4|1|1|17|1|111|C
4|1|1|17|1|112|C
4|1|1|17|1|113|C
4|1|1|17|1|114|C
4|1|1|17|1|115|C
4|1|1|17|1|118|C
4|1|1|17|1|119|C
4|1|1|17|1|121|C
4|1|1|17|1|122|C
4|1|1|17|1|123|C
4|1|1|17|1|124|C
4|1|1|17|1|131|C
4|1|1|17|1|132|C
4|1|1|17|1|133|C
4|1|1|17|1|134|C
4|1|1|17|1|135|C
4|1|1|17|1|136|C
4|1|1|17|1|137|C
4|1|1|17|1|138|C
4|1|1|17|1|139|C
4|1|1|17|1|141|C
4|1|1|17|1|142|C
4|1|1|17|1|143|C
4|1|1|17|1|144|C
4|1|1|17|1|145|C
4|1|1|17|1|146|C
4|1|1|17|1|147|C
4|1|1|17|1|148|C
4|1|1|17|1|149|C
4|1|1|17|1|151|C
4|1|1|17|1|152|C
4|1|1|17|1|153|C
4|1|1|17|1|154|C
4|1|1|17|1|155|C
4|1|1|17|1|156|C
4|1|1|17|1|157|C
4|1|1|17|1|158|C
4|1|1|17|1|159|C
4|1|1|17|1|161|C
4|1|1|17|1|162|C
4|1|1|17|1|163|C
4|1|1|17|1|164|C
4|1|1|17|1|165|C
4|1|1|17|1|166|C
4|1|1|17|1|167|C
4|1|1|17|1|168|*
4|1|1|17|1|169|C
4|1|1|17|1|171|C
4|1|1|17|1|172|C
4|1|1|17|1|173|C
4|1|1|17|1|174|C
4|1|1|17|1|175|C
4|1|1|17|1|176|C
4|1|1|17|1|177|*
4|1|1|17|1|178|C
4|1|1|17|1|179|C
4|1|1|17|1|191|C
4|1|1|17|1|192|C
4|1|1|17|1|193|C
4|1|1|17|1|194|C
4|1|1|17|1|195|C
4|1|1|17|1|196|C
4|1|1|17|1|197|C
4|1|1|17|1|198|C
4|1|1|17|1|199|C
4|1|1|17|1|200|C
4|1|1|17|1|201|C
4|1|1|17|1|202|C
4|1|1|17|1|203|C
4|1|1|17|1|204|*
4|1|1|17|327|9999|C
4|1|1|17|329|9999|C
4|1|1|17|332|9999|C
4|1|1|17|333|9999|C
4|1|1|18|1|1|C
4|1|1|18|1|2|C
4|1|1|18|1|3|C
4|1|1|18|1|4|C
4|1|1|18|1|6|C
4|1|1|18|1|7|C
4|1|1|18|1|8|C
4|1|1|18|1|9|C
4|1|1|18|1|13|C
4|1|1|18|1|15|C
4|1|1|18|1|16|C
4|1|1|18|1|17|*
4|1|1|18|1|18|C
4|1|1|18|1|25|C
4|1|1|18|1|26|C
4|1|1|18|1|29|C
4|1|1|18|1|30|C
4|1|1|18|1|31|C
4|1|1|18|1|34|*
4|1|1|18|1|79|C
4|1|1|18|1|80|C
4|1|1|18|1|84|C
4|1|1|18|1|85|*
4|1|1|18|1|86|C
4|1|1|18|1|91|C
4|1|1|18|1|92|*
4|1|1|19|1|1|C
4|1|1|19|1|2|C
4|1|1|19|1|8|C
4|1|1|19|1|10|C
4|1|1|19|1|11|C
4|1|1|19|1|18|C
4|1|1|19|1|21|C
4|1|1|19|1|22|C
4|1|1|19|1|23|C
4|1|1|19|1|29|C
4|1|1|19|1|30|C
4|1|1|19|1|32|C
4|1|1|19|1|33|C
4|1|1|19|1|37|C
4|1|1|19|1|38|C
4|1|1|19|1|41|C
4|1|1|19|1|47|C
4|1|1|19|1|62|C
4|1|1|19|1|63|C
4|1|1|19|1|64|C
4|1|1|19|1|65|C
4|1|1|19|1|66|C
4|1|1|19|1|69|C
4|1|1|19|1|70|C
4|1|1|19|1|71|C
4|1|1|20|1|5|C
4|1|1|20|1|9|C
4|1|1|20|1|10|C
4|1|1|20|1|18|C
4|1|1|20|1|23|C
4|1|1|20|1|24|C
4|1|1|20|1|25|C
4|1|1|20|1|26|C
4|1|1|20|1|27|C
4|1|1|20|1|28|C
4|1|1|20|1|29|C
4|1|1|20|1|34|C
4|1|1|20|1|35|C
4|1|1|20|1|36|C
4|1|1|20|1|43|C
4|1|1|20|1|47|C
4|1|1|20|1|48|C
4|1|1|20|1|79|C
4|1|1|20|1|80|C
4|1|1|20|1|83|C
4|1|1|21|1|1|C
4|1|1|21|1|2|C
4|1|1|21|1|3|C
4|1|1|21|1|4|C
4|1|1|21|1|5|C
4|1|1|21|1|6|C
4|1|1|21|1|7|C
4|1|1|21|1|8|C
4|1|1|21|1|9|C
4|1|1|21|1|10|C
4|1|1|21|1|11|C
4|1|1|21|1|12|C
4|1|1|21|1|13|C
4|1|1|21|1|14|C
4|1|1|21|1|15|C
4|1|1|21|1|17|C
4|1|1|21|1|19|C
4|1|1|21|1|20|C
4|1|1|21|1|21|C
4|1|1|21|1|22|C
4|1|1|21|1|23|C
4|1|1|21|1|25|C
4|1|1|21|1|30|C
4|1|1|21|1|31|C
4|1|1|21|1|32|C
4|1|1|21|1|33|C
4|1|1|21|1|34|C
4|1|1|21|1|35|C
4|1|1|21|1|39|C
4|1|1|21|1|67|C
4|1|1|21|1|89|C
4|1|1|22|1|12|C
4|1|1|22|1|13|C
4|1|1|22|1|27|C
4|1|1|22|1|28|C
4|1|1|22|1|29|C
4|1|1|22|1|30|C
4|1|1|22|1|40|C
4|1|1|22|1|67|C
4|1|1|22|1|68|C
4|1|1|23|1|2|C
4|1|1|23|1|8|C
4|1|1|23|1|10|C
4|1|1|23|1|11|C
4|1|1|23|1|26|C
4|1|1|23|1|56|C
4|1|1|24|1|1|C
4|1|1|24|1|4|C
4|1|1|24|1|5|C
4|1|1|24|1|10|C
4|1|1|24|1|11|C
4|1|1|24|1|16|C
4|1|1|24|1|17|C
4|1|1|24|1|18|C
4|1|1|24|1|19|C
4|1|1|24|1|22|C
4|1|1|24|1|45|C
4|1|1|24|1|49|C
4|1|1|25|1|7|C
4|1|1|25|1|18|C
4|1|1|25|1|19|C
4|1|1|25|1|20|C
4|1|1|25|1|21|C
4|1|1|25|1|28|C
4|1|1|25|1|29|C
4|1|1|25|1|36|C
4|1|1|26|1|1|*
4|1|1|26|1|11|C
4|1|1|26|1|12|C
4|1|1|26|1|13|C
4|1|1|26|1|14|C
4|1|1|26|1|15|C
4|1|1|26|1|28|C
4|1|1|26|1|29|C
4|1|1|26|1|30|C
4|1|1|26|1|31|C
4|1|1|26|1|32|C
4|1|1|26|1|47|C
4|1|1|26|1|48|C
4|1|1|26|1|49|C
4|1|1|26|1|52|C
4|1|1|27|1|1|C
4|1|1|27|1|2|C
4|1|1|27|1|3|C
4|1|1|27|1|4|C
4|1|1|27|1|5|C
4|1|1|27|1|6|C
4|1|1|27|1|7|C
4|1|1|27|1|8|C
4|1|1|27|1|9|C
4|1|1|27|1|10|C
4|1|1|27|1|11|C
4|1|1|27|1|12|*
4|1|1|27|1|13|C
4|1|1|27|1|14|C
4|1|1|27|1|15|C
4|1|1|27|1|16|C
4|1|1|27|1|17|C
4|1|1|27|1|18|C
4|1|1|27|1|19|C
4|1|1|27|1|20|C
4|1|1|27|1|21|*
4|1|1|27|1|23|C
4|1|1|27|1|24|C
4|1|1|27|1|25|C
4|1|1|27|1|26|C
4|1|1|27|1|29|C
4|1|1|27|1|30|C
4|1|1|27|1|31|C
4|1|1|27|1|42|C
4|1|1|27|1|44|C
4|1|1|27|1|45|C
4|1|1|27|1|46|C
4|1|1|27|1|47|C
4|1|1|27|1|48|*
4|1|1|27|1|49|*
4|1|1|27|1|50|*
4|1|1|27|1|51|*
4|1|1|27|1|52|*
4|1|1|27|1|53|*
4|1|1|27|1|54|*
4|1|1|27|1|55|*
4|1|1|28|1|1|C
4|1|1|28|1|2|C
4|1|1|28|1|3|C
4|1|1|28|1|4|C
4|1|1|28|1|5|C
4|1|1|28|1|6|C
4|1|1|28|1|7|C
4|1|1|28|1|8|C
4|1|1|28|1|9|C
4|1|1|28|1|10|C
4|1|1|28|1|11|C
4|1|1|28|1|12|C
4|1|1|28|1|18|C
4|1|1|28|1|19|C
4|1|1|28|1|20|C
4|1|1|28|1|21|*
4|1|1|28|1|22|C
4|1|1|28|1|23|C
4|1|1|28|1|24|C
4|1|1|28|1|25|C
4|1|1|28|1|34|C
4|1|1|28|1|35|C
4|1|1|28|1|36|*
4|1|1|28|1|37|*
4|1|1|28|1|38|C
4|1|1|28|1|42|*
4|1|1|28|1|46|C
4|1|1|28|1|47|C
4|1|1|28|1|62|*
4|1|1|28|1|63|C
4|1|1|28|1|64|C
4|1|1|28|1|65|C
4|1|1|28|1|66|*
4|1|1|28|1|67|C
4|1|1|28|1|68|C
4|1|1|28|1|69|C
4|1|1|28|1|70|C
4|1|1|28|1|71|C
4|1|1|28|1|72|*
4|1|1|28|1|73|*
4|1|1|28|1|74|*
4|1|1|28|1|75|*
4|1|1|28|1|76|*
4|1|1|28|1|77|*
4|1|1|28|1|78|*
4|1|1|28|1|79|*
4|1|1|29|1|2|C
4|1|1|29|1|3|*
4|1|1|29|1|4|*
4|1|1|29|1|10|*
4|1|1|29|1|11|C
4|1|1|29|1|12|C
4|1|1|29|1|13|C
4|1|1|29|1|14|C
4|1|1|29|1|15|C
4|1|1|29|1|16|*
4|1|1|29|1|21|*
4|1|1|29|1|22|C
4|1|1|29|1|23|C
4|1|1|29|1|24|C
4|1|1|29|1|25|C
4|1|1|29|1|26|C
4|1|1|29|1|27|C
4|1|1|29|1|28|C
4|1|1|29|1|29|C
4|1|1|29|1|30|C
4|1|1|29|1|31|C
4|1|1|29|1|32|C
4|1|1|29|1|33|C
4|1|1|29|1|37|C
4|1|1|29|1|38|C
4|1|1|29|1|39|C
4|1|1|29|1|40|C
4|1|1|29|1|60|*
4|1|1|29|1|63|C
4|1|1|29|1|64|C
4|1|1|29|1|71|C
4|1|1|30|1|5|C
4|1|1|30|1|6|C
4|1|1|30|1|7|C
4|1|1|30|1|20|C
4|1|1|30|1|21|C
4|1|1|30|1|22|C
4|1|1|30|1|23|C
4|1|1|30|1|36|C
4|1|1|30|1|37|C
4|1|1|30|1|38|C
4|1|1|30|1|39|C
4|1|1|30|1|40|C
4|1|1|30|1|41|C
4|1|1|30|1|43|C
4|1|1|30|1|44|C
4|1|1|31|1|1|C
4|1|1|31|1|2|C
4|1|1|31|1|6|C
4|1|1|31|1|8|C
4|1|1|31|1|9|C
4|1|1|31|1|17|C
4|1|1|32|1|3|C
4|1|1|32|1|14|C
4|1|1|32|1|32|C
4|1|1|32|1|33|C
4|1|1|32|1|42|C
4|1|1|32|1|43|C
4|1|1|32|1|44|C
4|1|1|32|1|45|C
4|1|1|32|1|58|C
4|1|1|32|1|65|C
4|1|1|32|1|69|C
4|1|1|32|1|70|C
4|1|1|32|1|71|*
4|1|1|32|1|72|C
4|1|1|32|1|73|C
4|1|1|32|1|74|*
4|1|1|32|1|75|C
4|1|1|33|1|8|C
4|1|1|33|1|9|C
4|1|1|33|1|15|C
4|1|1|33|1|20|C
4|1|1|33|1|21|C
4|1|1|33|1|22|C
4|1|1|33|1|23|C
4|1|1|33|1|29|C
4|1|1|33|1|31|C
4|1|1|33|1|32|C
4|1|1|33|1|33|C
4|1|1|33|1|34|C
4|1|1|33|1|41|C
4|1|1|33|1|42|C
4|1|1|33|1|43|C
4|1|1|33|1|44|C
4|1|1|33|1|51|C
4|1|1|33|1|66|C
4|1|1|34|1|1|C
4|1|1|34|1|6|C
4|1|1|34|1|7|C
4|1|1|34|1|8|C
4|1|1|34|1|10|C
4|1|1|34|1|17|C
4|1|1|34|1|24|C
4|1|1|34|1|32|C
4|1|1|34|1|41|C
4|1|1|34|1|42|C
4|1|1|34|1|43|C
4|1|1|34|1|45|C
4|1|1|34|1|46|C
4|1|1|34|1|47|C
4|1|1|35|1|33|C
4|1|1|35|1|37|C
4|1|1|35|1|38|C
4|1|1|35|1|40|C
4|1|1|35|1|44|C
4|1|1|35|1|45|C
4|1|1|35|1|49|C
4|1|1|35|1|50|C
4|1|1|35|1|51|C
4|1|1|35|1|53|C
4|1|1|35|1|54|C
4|1|1|35|1|55|C
4|1|1|35|1|56|C
4|1|1|35|1|57|C
4|1|1|35|1|58|C
4|1|1|35|1|63|C
4|1|1|35|1|64|C
4|1|1|35|1|65|C
4|1|1|35|1|78|C
4|1|1|35|1|91|C
4|1|1|35|1|92|C
4|1|1|36|1|2|C
4|1|1|36|1|9|C
4|1|1|36|1|10|C
4|1|1|36|1|11|C
4|1|1|36|1|12|C
4|1|1|36|1|18|C
4|1|1|36|1|19|C
4|1|1|36|1|20|C
4|1|1|36|1|21|C
4|1|1|36|1|22|C
4|1|1|36|1|23|C
4|1|1|36|1|34|C
4|1|1|36|1|35|C
4|1|1|36|1|36|C
4|1|1|36|1|37|C
4|1|1|36|1|45|C
4|1|1|36|1|46|C
4|1|1|36|1|62|C
4|1|1|36|1|63|C
4|1|1|36|1|64|C
4|1|1|37|1|5|C
4|1|1|37|1|6|*
4|1|1|37|1|7|*
4|1|1|37|1|9|C
4|1|1|37|1|10|C
4|1|1|37|1|11|C
4|1|1|37|1|12|C
4|1|1|37|1|25|C
4|1|1|37|1|32|C
4|1|1|37|1|34|C
4|1|1|37|1|38|C
4|1|1|37|1|39|C
4|1|1|37|1|40|C
4|1|1|37|1|41|C
4|1|1|37|1|42|C
4|1|1|37|1|57|C
4|1|1|37|1|58|C
4|1|1|37|1|59|C
4|1|1|37|1|60|C
4|1|1|37|1|61|C
4|1|1|37|1|63|C
4|1|1|37|1|69|C
4|1|1|37|1|70|C
4|1|1|37|1|71|C
4|1|1|37|1|72|C
4|1|1|38|1|4|C
4|1|1|38|1|5|*
4|1|1|38|1|8|C
4|1|1|38|1|9|C
4|1|1|38|1|10|C
4|1|1|38|1|11|C
4|1|1|38|1|12|C
4|1|1|38|1|13|C
4|1|1|38|1|14|C
4|1|1|38|1|15|C
4|1|1|38|1|16|C
4|1|1|38|1|17|C
4|1|1|38|1|18|C
4|1|1|38|1|19|C
4|1|1|38|1|20|C
4|1|1|38|1|21|C
4|1|1|38|1|22|C
4|1|1|38|1|23|C
4|1|1|38|1|24|C
4|1|1|38|1|25|C
4|1|1|38|1|26|C
4|1|1|38|1|27|C
4|1|1|38|1|28|C
4|1|1|38|1|48|*
4|1|1|38|1|73|C
4|1|1|38|1|74|C
4|1|1|38|1|82|C
4|1|1|38|1|83|C
4|1|1|38|1|87|C
4|1|1|38|1|89|C
4|1|1|38|1|90|C
4|1|1|38|1|92|C
4|1|1|38|1|93|*
4|1|1|38|1|94|C
4|1|1|38|1|95|C
4|1|1|39|1|2|C
4|1|1|39|1|3|C
4|1|1|39|1|4|C
4|1|1|39|1|5|C
4|1|1|39|1|6|C
4|1|1|39|1|7|C
4|1|1|39|1|8|C
4|1|1|39|1|9|C
4|1|1|39|1|10|C
4|1|1|39|1|11|C
4|1|1|39|1|12|C
4|1|1|39|1|13|C
4|1|1|39|1|14|C
4|1|1|39|1|15|C
4|1|1|39|1|16|C
4|1|1|39|1|17|C
4|1|1|39|1|18|C
4|1|1|39|1|19|C
4|1|1|39|1|20|C
4|1|1|39|1|21|C
4|1|1|39|1|22|C
4|1|1|39|1|23|C
4|1|1|39|1|24|C
4|1|1|39|1|25|C
4|1|1|39|1|26|C
4|1|1|39|1|27|C
4|1|1|39|1|28|C
4|1|1|39|1|29|C
4|1|1|39|1|30|C
4|1|1|39|1|31|C
4|1|1|39|1|32|C
4|1|1|39|1|33|C
4|1|1|39|1|34|C
4|1|1|39|1|35|C
4|1|1|39|1|36|C
4|1|1|39|1|37|C
4|1|1|39|1|38|C
4|1|1|39|1|39|C
4|1|1|39|1|40|C
4|1|1|39|1|42|C
4|1|1|39|1|43|C
4|1|1|39|1|44|C
4|1|1|39|1|45|C
4|1|1|39|1|46|C
4|1|1|39|1|47|C
4|1|1|39|1|48|C
4|1|1|39|1|49|C
4|1|1|40|1|13|C
4|1|1|40|1|24|C
4|1|1|40|1|25|C
4|1|1|40|1|26|C
4|1|1|40|1|27|C
4|1|1|40|1|28|C
4|1|1|40|1|29|C
4|1|1|40|1|38|C
4|1|1|40|1|39|C
4|1|1|41|1|3|C
4|1|1|41|1|4|C
4|1|1|41|1|5|C
4|1|1|41|1|14|C
4|1|1|41|1|15|C
4|1|1|41|1|16|C
4|1|1|41|1|30|C
4|1|1|41|1|49|C
4|1|1|42|1|1|*
4|1|1|42|1|2|*
4|1|1|42|1|3|*
4|1|1|42|1|4|*
4|1|1|42|1|6|*
4|1|1|42|1|13|C
4|1|1|42|1|14|C
4|1|1|42|1|25|C
4|1|1|42|1|26|C
4|1|1|42|1|27|C
4|1|1|42|1|31|C
4|1|1|42|1|35|C
4|1|1|42|1|36|C
4|1|1|43|1|1|C
4|1|1|43|1|2|C
4|1|1|43|1|3|C
4|1|1|43|1|4|C
4|1|1|43|1|5|C
4|1|1|43|1|11|C
4|1|1|43|1|12|C
4|1|1|43|1|15|C
4|1|1|43|1|49|C
4|1|1|44|1|5|C
4|1|1|44|1|6|C
4|1|1|44|1|7|C
4|1|1|44|1|16|C
4|1|1|44|1|17|C
4|1|1|44|1|18|C
4|1|1|44|1|19|C
4|1|1|44|1|28|C
4|1|1|44|1|29|C
4|1|1|44|1|37|C
4|1|1|44|1|38|C
4|1|1|44|1|50|C
4|1|1|45|1|15|C
4|1|1|45|1|18|C
4|1|1|45|1|30|C
4|1|1|45|1|35|C
4|1|1|45|1|36|C
4|1|1|45|1|40|C
4|1|1|45|1|46|C
4|1|1|45|1|48|C
4|1|1|45|1|50|C
4|1|1|45|1|51|C
4|1|1|45|1|52|C
4|1|1|45|1|59|C
4|1|1|45|1|64|C
4|1|1|45|1|65|C
4|1|1|46|1|3|C
4|1|1|46|1|4|C
4|1|1|46|1|5|C
4|1|1|46|1|12|C
4|1|1|46|1|15|C
4|1|1|46|1|16|C
4|1|1|46|1|24|C
4|1|1|46|1|25|C
4|1|1|46|1|26|C
4|1|1|46|1|27|C
4|1|1|46|1|34|C
4|1|1|46|1|35|C
4|1|1|46|1|36|C
4|1|1|46|1|42|C
4|1|1|46|1|44|C
4|1|1|46|1|45|C
4|1|1|46|1|65|*
4|1|1|47|1|5|C
4|1|1|47|1|16|C
4|1|1|47|1|50|C
4|1|1|47|1|51|C
4|1|1|47|1|52|C
4|1|1|47|1|53|C
4|1|1|47|1|55|C
4|1|1|47|1|56|C
4|1|1|47|1|57|C
4|1|1|47|1|58|C
4|1|1|47|1|59|C
4|1|1|47|1|60|C
4|1|1|47|1|61|C
4|1|1|47|1|62|C
4|1|1|47|1|63|C
4|1|1|47|1|64|C
4|1|1|48|1|8|C
4|1|1|48|1|9|C
4|1|1|48|1|10|C
4|1|1|48|1|11|C
4|1|1|48|1|12|*
4|1|1|48|1|17|C
4|1|1|48|1|18|C
4|1|1|48|1|19|C
4|1|1|48|1|22|C
4|1|1|48|1|23|C
4|1|1|48|1|34|C
4|1|1|48|1|35|C
4|1|1|48|1|53|C
4|1|1|49|1|8|*
4|1|1|49|1|9|*
4|1|1|49|1|15|C
4|1|1|49|1|40|*
4|1|1|49|1|41|C
4|1|1|49|1|42|C
4|1|1|49|1|43|C
4|1|1|49|1|44|C
4|1|1|49|1|45|*
4|1|1|49|1|48|C
4|1|1|49|1|49|C
4|1|1|49|1|50|C
4|1|1|49|1|53|C
4|1|1|49|1|55|C
4|1|1|49|1|56|C
4|1|1|49|1|57|C
4|1|1|49|1|58|C
4|1|1|49|1|59|C
4|1|1|49|1|65|*
4|1|1|49|1|66|*
4|1|1|49|1|69|C
4|1|1|49|1|70|C
4|1|1|49|1|71|*
4|1|1|49|1|72|C
4|1|1|50|1|5|C
4|1|1|50|1|6|C
4|1|1|50|1|13|C
4|1|1|50|1|14|C
4|1|1|50|1|15|C
4|1|1|50|1|16|C
4|1|1|50|1|17|C
4|1|1|50|1|18|*
4|1|1|50|1|26|C
4|1|1|50|1|27|C
4|1|1|50|1|28|C
4|1|1|50|1|29|C
4|1|1|50|1|30|C
4|1|1|50|1|31|C
4|1|1|50|1|32|C
4|1|1|50|1|33|C
4|1|1|50|1|66|*
4|1|1|50|1|67|C
4|1|1|51|1|11|C
4|1|1|51|1|12|C
4|1|1|51|1|13|C
4|1|1|51|1|14|C
4|1|1|51|1|15|*
4|1|1|51|1|20|C
4|1|1|51|1|22|C
4|1|1|51|1|23|C
4|1|1|51|1|24|C
4|1|1|51|1|25|C
4|1|1|51|1|30|C
4|1|1|51|1|34|*
4|1|1|51|1|35|*
4|1|1|51|1|37|C
4|1|1|51|1|38|C
4|1|1|51|1|40|C
4|1|1|51|1|41|C
4|1|1|51|1|42|C
4|1|1|51|1|43|*
4|1|1|51|1|44|C
4|1|1|51|1|45|C
4|1|1|51|1|46|C
4|1|1|51|1|49|*
4|1|1|51|1|50|C
4|1|1|51|1|54|C
4|1|1|52|1|1|C
4|1|1|52|1|2|C
4|1|1|52|1|3|C
4|1|1|52|1|4|C
4|1|1|52|1|8|C
4|1|1|52|1|9|*
4|1|1|52|1|10|C
4|1|1|52|1|15|C
4|1|1|52|1|16|C
4|1|1|52|1|19|C
4|1|1|52|1|53|C
4|1|1|52|1|54|*
4|1|1|52|1|55|*
4|1|1|53|1|5|C
4|1|1|53|1|6|C
4|1|1|53|1|7|C
4|1|1|53|1|17|C
4|1|1|53|1|18|C
4|1|1|53|1|29|C
4|1|1|53|1|30|C
4|1|1|53|1|31|C
4|1|1|53|1|32|C
4|1|1|53|1|33|C
4|1|1|53|1|34|C
4|1|1|53|1|35|C
4|1|1|53|1|40|C
4|1|1|53|1|41|C
4|1|1|54|1|1|C
4|1|1|54|1|2|C
4|1|1|54|1|8|C
4|1|1|54|1|9|C
4|1|1|54|1|16|C
4|1|1|54|1|17|C
4|1|1|54|1|18|C
4|1|1|54|1|19|C
4|1|1|54|1|20|C
4|1|1|54|1|27|C
4|1|1|54|1|28|C
4|1|1|54|1|49|C
4|1|1|54|1|51|C
4|1|1|55|1|8|C
4|1|1|55|1|9|C
4|1|1|55|1|10|C
4|1|1|55|1|11|C
4|1|1|55|1|19|C
4|1|1|55|1|20|C
4|1|1|55|1|21|C
4|1|1|55|1|22|C
4|1|1|55|1|23|C
4|1|1|55|1|24|*
4|1|1|55|1|25|*
4|1|1|55|1|26|C
4|1|1|55|1|27|C
4|1|1|55|1|28|C
4|1|1|55|1|39|C
4|1|1|55|1|67|*
4|1|1|56|1|1|C
4|1|1|56|1|26|*
4|1|1|56|1|27|C
4|1|1|56|1|28|C
4|1|1|56|1|30|C
4|1|1|56|1|31|C
4|1|1|56|1|34|C
4|1|1|56|1|35|C
4|1|1|56|1|36|C
4|1|1|56|1|37|C
4|1|1|56|1|38|C
4|1|1|56|1|68|*
4|1|1|56|1|69|C
4|1|1|56|1|70|C
4|1|1|56|1|71|C
4|1|1|57|1|20|C
4|1|1|57|1|21|C
4|1|1|57|1|38|C
4|1|1|57|1|39|C
4|1|1|57|1|51|C
4|1|1|57|1|52|C
4|1|1|57|1|55|C
4|1|1|57|1|56|C
4|1|1|58|1|1|C
4|1|1|58|1|2|C
4|1|1|58|1|12|C
4|1|1|58|1|13|C
4|1|1|58|1|14|C
4|1|1|58|1|24|C
4|1|1|58|1|25|C
4|1|1|58|1|26|C
4|1|1|58|1|27|C
4|1|1|59|1|4|*
4|1|1|59|1|5|*
4|1|1|59|1|8|*
4|1|1|59|1|10|C
4|1|1|59|1|11|C
4|1|1|59|1|12|C
4|1|1|59|1|15|C
4|1|1|59|1|16|C
4|1|1|59|1|20|C
4|1|1|59|1|28|C
4|1|1|59|1|29|C
4|1|1|59|1|30|C
4|1|1|59|1|31|C
4|1|1|60|1|2|C
4|1|1|60|1|12|*
4|1|1|60|1|13|C
4|1|1|60|1|14|C
4|1|1|60|1|15|C
4|1|1|60|1|16|C
4|1|1|60|1|22|C
4|1|1|60|1|23|C
4|1|1|60|1|24|C
4|1|1|60|1|25|C
4|1|1|60|1|26|C
4|1|1|60|1|27|C
4|1|1|60|1|28|*
4|1|1|60|1|32|C
4|1|1|60|1|56|C
4|1|1|61|1|5|C
4|1|1|61|1|9|*
4|1|1|61|1|58|C
4|1|1|61|1|63|C
4|1|1|61|1|76|C
4|1|1|61|1|77|C
4|1|1|61|1|78|C
4|1|1|61|1|79|C
4|1|1|61|1|80|C
4|1|1|61|1|82|C
4|1|1|61|1|83|C
4|1|1|61|1|84|C
4|1|1|61|1|85|C
4|1|1|61|1|86|C
4|1|1|61|1|87|C
4|1|1|61|1|88|C
4|1|1|62|1|1|C
4|1|1|62|1|2|C
4|1|1|62|1|3|C
4|1|1|62|1|6|C
4|1|1|62|1|7|C
4|1|1|62|1|8|C
4|1|1|62|1|9|C
4|1|1|62|1|19|C
4|1|1|62|1|20|C
4|1|1|62|1|23|C
4|1|1|62|1|59|C
4|1|1|62|1|60|C
4|1|1|62|1|64|C
4|1|1|62|1|66|C
4|1|1|62|1|95|C
4|1|1|63|1|2|C
4|1|1|63|1|4|C
4|1|1|63|1|5|C
4|1|1|63|1|9|C
4|1|1|63|1|10|C
4|1|1|63|1|14|C
4|1|1|63|1|16|C
4|1|1|63|1|17|C
4|1|1|63|1|21|C
4|1|1|63|1|22|C
4|1|1|63|1|25|C
4|1|1|63|1|30|C
4|1|1|63|1|32|C
4|1|1|63|1|33|C
4|1|1|63|1|47|C
4|1|1|63|1|48|C
4|1|1|63|1|55|C
4|1|1|63|1|56|C
4|1|1|63|1|57|C
4|1|1|63|1|58|C
4|1|1|64|1|1|C
4|1|1|64|1|3|C
4|1|1|64|1|7|C
4|1|1|64|1|8|C
4|1|1|64|1|9|C
4|1|1|64|1|10|C
4|1|1|64|1|13|C
4|1|1|64|1|14|C
4|1|1|64|1|15|C
4|1|1|64|1|16|C
4|1|1|64|1|17|C
4|1|1|64|1|25|C
4|1|1|64|1|26|C
4|1|1|64|1|27|C
4|1|1|64|1|28|C
4|1|1|64|1|29|C
4|1|1|64|1|30|C
4|1|1|64|1|36|C
4|1|1|64|1|37|C
4|1|1|64|1|44|C
4|1|1|64|1|45|C
4|1|1|64|1|50|C
4|1|1|64|1|51|C
4|1|1|64|1|56|C
4|1|1|64|1|66|C
4|1|1|64|1|68|C
4|1|1|64|1|70|C
4|1|1|64|1|87|C
4|1|1|65|1|1|C
4|1|1|65|1|3|C
4|1|1|65|1|4|C
4|1|1|65|1|5|C
4|1|1|65|1|6|C
4|1|1|65|1|7|C
4|1|1|65|1|11|C
4|1|1|65|1|12|C
4|1|1|65|1|13|C
4|1|1|65|1|18|C
4|1|1|65|1|19|C
4|1|1|65|1|20|C
4|1|1|65|1|23|C
4|1|1|65|1|24|C
4|1|1|65|1|28|C
4|1|1|65|1|29|C
4|1|1|65|1|34|C
4|1|1|65|1|35|C
4|1|1|65|1|38|C
4|1|1|65|1|41|C
4|1|1|65|1|53|C
4|1|1|65|1|54|C
4|1|1|65|1|68|C
4|1|1|65|1|69|C
4|1|1|65|1|70|C
4|1|1|65|1|71|C
4|1|1|65|1|72|C
4|1|1|65|1|75|C
4|1|1|65|1|76|C
4|1|1|66|1|4|C
4|1|1|66|1|17|C
4|1|1|66|1|18|C
4|1|1|66|1|28|C
4|1|1|66|1|29|C
4|1|1|66|1|30|C
4|1|1|66|1|31|C
4|1|1|66|1|43|C
4|1|1|66|1|44|C
4|1|1|66|1|45|C
4|1|1|66|1|46|C
4|1|1|66|1|47|C
4|1|1|67|1|2|C
4|1|1|67|1|3|C
4|1|1|67|1|4|C
4|1|1|67|1|17|C
4|1|1|67|1|28|C
4|1|1|67|1|33|C
4|1|1|67|1|40|C
4|1|1|67|1|48|C
4|1|1|67|1|49|C
4|1|1|67|1|50|C
4|1|1|68|1|1|C
4|1|1|68|1|2|C
4|1|1|68|1|3|C
4|1|1|68|1|4|C
4|1|1|68|1|5|*
4|1|1|68|1|6|*
4|1|1|68|1|7|C
4|1|1|68|1|8|C
4|1|1|68|1|9|C
4|1|1|68|1|10|C
4|1|1|68|1|11|C
4|1|1|68|1|12|C
4|1|1|68|1|13|C
4|1|1|68|1|14|C
4|1|1|68|1|15|C
4|1|1|68|1|17|C
4|1|1|68|1|18|C
4|1|1|68|1|19|C
4|1|1|68|1|20|C
4|1|1|68|1|22|C
4|1|1|68|1|23|C
4|1|1|68|1|24|C
4|1|1|68|1|25|*
4|1|1|68|1|26|*
4|1|1|68|1|27|*
4|1|1|68|1|28|C
4|1|1|68|1|29|C
4|1|1|68|1|30|C
4|1|1|68|1|31|C
4|1|1|68|1|32|C
4|1|1|68|1|33|*
4|1|1|68|1|34|*
4|1|1|68|1|39|C
4|1|1|68|1|43|C
4|1|1|68|1|44|C
4|1|1|68|1|55|C
4|1|1|68|1|56|*
4|1|1|68|1|57|C
4|1|1|69|1|1|C
4|1|1|69|1|3|C
4|1|1|69|1|4|C
4|1|1|69|1|8|C
4|1|1|69|1|17|C
4|1|1|69|1|27|C
4|1|1|69|1|32|C
4|1|1|69|1|34|*
4|1|1|70|1|4|C
4|1|1|70|1|5|C
4|1|1|70|1|6|C
4|1|1|70|1|7|C
4|1|1|70|1|8|C
4|1|1|70|1|9|C
4|1|1|70|1|19|C
4|1|1|70|1|35|C
4|1|1|70|1|42|*
4|1|1|70|1|50|C
4|1|1|70|1|54|C
4|1|1|70|1|57|C
4|1|1|70|1|58|C
4|1|1|71|1|1|C
4|1|1|71|1|2|C
4|1|1|71|1|5|C
4|1|1|71|1|6|C
4|1|1|71|1|7|C
4|1|1|71|1|12|C
4|1|1|71|1|17|C
4|1|1|71|1|18|C
4|1|1|72|1|4|C
4|1|1|72|1|5|C
4|1|1|72|1|6|C
4|1|1|72|1|7|C
4|1|1|72|1|12|C
4|1|1|72|1|13|*
4|1|1|72|1|14|C
4|1|1|72|1|15|C
4|1|1|72|1|16|*
4|1|1|72|1|17|C
4|1|1|72|1|18|C
4|1|1|72|1|19|C
4|1|1|72|1|20|*
4|1|1|72|1|21|*
4|1|1|72|1|22|C
4|1|1|72|1|23|*
4|1|1|72|1|24|C
4|1|1|72|1|25|C
4|1|1|72|1|26|C
4|1|1|72|1|27|C
4|1|1|72|1|28|C
4|1|1|72|1|29|C
4|1|1|72|1|30|C
4|1|1|72|1|31|C
4|1|1|72|1|39|C
4|1|1|72|1|42|*
4|1|1|72|1|48|*
4|1|1|72|1|50|C
4|1|1|72|1|51|C
4|1|1|72|1|52|C
4|1|1|72|1|53|*
4|1|1|72|1|54|C
4|1|1|72|1|55|C
4|1|1|72|1|56|*
4|1|1|72|1|58|C
4|1|1|72|1|59|*
4|1|1|73|1|1|C
4|1|1|73|1|2|C
4|1|1|73|1|3|C
4|1|1|73|1|4|C
4|1|1|73|1|5|C
4|1|1|73|1|7|C
4|1|1|73|1|8|C
4|1|1|73|1|9|C
4|1|1|73|1|10|C
4|1|1|73|1|12|C
4|1|1|73|1|13|C
4|1|1|73|1|14|C
4|1|1|73|1|15|C
4|1|1|73|1|17|C
4|1|1|73|1|19|C
4|1|1|73|1|20|C
4|1|1|73|1|22|C
4|1|1|73|1|27|*
4|1|1|73|1|28|C
4|1|1|73|1|29|C
4|1|1|73|1|30|C
4|1|1|73|1|39|C
4|1|1|73|1|40|C
4|1|1|73|1|41|C
4|1|1|73|1|51|C
4|1|1|73|1|52|C
4|1|1|73|1|53|C
4|1|1|73|1|57|C
4|1|1|73|1|58|C
4|1|1|73|1|59|C
4|1|1|73|1|60|C
4|1|1|73|1|61|C
4|1|1|73|1|62|C
4|1|1|73|1|63|C
4|1|1|73|1|66|C
4|1|1|73|1|67|C
4|1|1|73|1|68|C
4|1|1|73|1|70|C
4|1|1|73|1|73|C
4|1|1|73|1|76|C
4|1|1|73|1|79|C
4|1|1|73|1|80|C
4|1|1|73|1|83|C
4|1|1|73|1|86|C
4|1|1|73|1|87|C
4|1|1|73|1|88|C
4|1|1|73|1|89|C
4|1|1|73|1|90|C
4|1|1|73|1|91|C
4|1|1|73|1|92|C
4|1|1|74|1|3|C
4|1|1|74|1|5|*
4|1|1|74|1|10|C
4|1|1|74|1|11|C
4|1|1|74|1|20|C
4|1|1|74|1|21|C
4|1|1|74|1|22|C
4|1|1|74|1|23|C
4|1|1|74|1|24|C
4|1|1|74|1|25|C
4|1|1|74|1|26|C
4|1|1|74|1|34|C
4|1|1|74|1|35|C
4|1|1|74|1|38|C
4|1|1|74|1|46|C
4|1|1|74|1|52|C
4|1|1|74|1|53|C
4|1|1|75|1|1|C
4|1|1|75|1|2|C
4|1|1|75|1|3|C
4|1|1|75|1|4|C
4|1|1|75|1|5|C
4|1|1|75|1|6|C
4|1|1|75|1|7|C
4|1|1|75|1|8|C
4|1|1|75|1|9|C
4|1|1|75|1|10|C
4|1|1|75|1|12|C
4|1|1|75|1|14|C
4|1|1|75|1|15|C
4|1|1|75|1|16|C
4|1|1|75|1|17|C
4|1|1|75|1|18|C
4|1|1|75|1|19|C
4|1|1|75|1|20|C
4|1|1|75|1|21|C
4|1|1|75|1|22|C
4|1|1|75|1|23|C
4|1|1|75|1|24|C
4|1|1|75|1|25|C
4|1|1|75|1|26|C
4|1|1|75|1|27|C
4|1|1|75|1|28|C
4|1|1|75|1|29|C
4|1|1|75|1|30|C
4|1|1|75|1|36|C
4|1|1|75|1|37|C
4|1|1|75|1|42|C
4|1|1|75|1|43|C
4|1|1|75|1|44|C
4|1|1|75|1|45|C
4|1|1|75|1|46|C
4|1|1|75|1|47|C
4|1|1|75|1|48|C
4|1|1|75|1|49|C
4|1|1|75|1|50|C
4|1|1|75|1|51|C
4|1|1|75|1|52|C
4|1|1|75|1|53|C
4|1|1|75|1|54|C
4|1|1|75|1|55|C
4|1|1|75|1|56|C
4|1|1|75|1|57|C
4|1|1|75|1|58|C
4|1|1|75|1|59|C
4|1|1|75|1|60|C
4|1|1|76|1|3|C
4|1|1|76|1|4|C
4|1|1|76|1|12|C
4|1|1|76|1|13|C
4|1|1|76|1|14|C
4|1|1|76|1|15|C
4|1|1|76|1|32|C
4|1|1|77|1|5|C
4|1|1|77|1|6|C
4|1|1|77|1|7|C
4|1|1|77|1|8|C
4|1|1|77|1|9|C
4|1|1|77|1|14|C
4|1|1|77|1|15|*
4|1|1|77|1|16|C
4|1|1|77|1|19|C
4|1|1|77|1|22|C
4|1|1|77|1|25|C
4|1|1|77|1|26|C
4|1|1|77|1|27|C
4|1|1|77|1|29|C
4|1|1|77|1|30|C
4|1|1|77|1|31|C
4|1|1|77|1|32|C
4|1|1|77|1|33|C
4|1|1|77|1|34|C
4|1|1|77|1|38|C
4|1|1|77|1|39|C
4|1|1|78|1|15|C
4|1|1|78|1|16|C
4|1|1|78|1|17|C
4|1|1|78|1|18|C
4|1|1|78|1|26|C
4|1|1|78|1|34|C
4|1|1|78|1|40|C
4|1|1|78|1|47|C
4|1|1|80|1|9|*
4|1|1|80|1|10|C
4|1|1|80|1|11|C
4|1|1|80|1|12|C
4|1|1|80|1|13|C
4|1|1|80|1|14|C
4|1|1|80|1|15|C
4|1|1|80|1|16|C
4|1|1|80|1|24|C
4|1|1|80|1|25|C
4|1|1|80|1|35|C
4|1|1|80|1|36|C
4|1|1|80|1|37|C
4|1|1|80|1|61|C
4|1|1|80|1|71|C
4|1|1|80|1|72|C
4|1|1|80|1|74|C
4|1|1|80|1|75|C
4|1|1|80|1|81|C
4|1|1|80|1|82|*
4|1|1|82|1|1|C
4|1|1|82|1|2|C
4|1|1|82|1|3|C
4|1|1|82|1|4|C
4|1|1|82|1|5|C
4|1|1|82|1|6|C
4|1|1|82|1|11|C
4|1|1|82|1|12|C
4|1|1|82|1|13|C
4|1|1|82|1|14|C
4|1|1|82|1|15|C
4|1|1|82|1|16|C
4|1|1|82|1|17|C
4|1|1|82|1|18|C
4|1|1|82|1|19|C
4|1|1|82|1|20|C
4|1|1|82|1|21|C
4|1|1|82|1|22|C
4|1|1|82|1|23|*
4|1|1|82|1|24|*
4|1|1|82|1|34|C
4|1|1|82|1|35|C
4|1|1|82|1|39|*
4|1|1|82|1|41|C
4|1|1|82|1|42|C
4|1|1|82|1|43|C
4|1|1|82|1|46|C
4|1|1|82|1|47|C
4|1|1|82|1|48|C
4|1|1|82|1|49|C
4|1|1|82|1|65|C
4|1|1|82|1|77|C
4|1|1|82|1|79|C
4|1|1|82|1|82|C
4|1|1|82|1|83|C
4|1|1|82|1|86|C
4|1|1|83|1|1|C
4|1|1|83|1|2|C
4|1|1|83|1|4|C
4|1|1|83|1|5|C
4|1|1|83|1|6|C
4|1|1|83|1|7|C
4|1|1|83|1|8|C
4|1|1|83|1|9|C
4|1|1|83|1|10|C
4|1|1|83|1|11|C
4|1|1|83|1|12|C
4|1|1|83|1|13|C
4|1|1|83|1|14|C
4|1|1|83|1|15|C
4|1|1|83|1|16|C
4|1|1|83|1|17|C
4|1|1|83|1|18|C
4|1|1|83|1|19|C
4|1|1|83|1|20|C
4|1|1|83|1|21|C
4|1|1|83|1|22|C
4|1|1|83|1|23|C
4|1|1|83|1|24|C
4|1|1|83|1|25|C
4|1|1|83|1|26|C
4|1|1|83|1|27|C
4|1|1|83|1|28|C
4|1|1|83|1|29|C
4|1|1|83|1|30|C
4|1|1|83|1|31|C
4|1|1|83|1|32|C
4|1|1|83|1|33|C
4|1|1|83|1|34|C
4|1|1|83|1|35|C
4|1|1|83|1|36|C
4|1|1|83|1|37|C
4|1|1|83|1|38|C
4|1|1|83|1|39|C
4|1|1|83|1|40|C
4|1|1|83|1|41|C
4|1|1|83|1|42|C
4|1|1|83|1|43|C
4|1|1|83|1|44|C
4|1|1|83|1|45|C
4|1|1|83|1|47|C
4|1|1|83|1|48|C
4|1|1|83|1|49|C
4|1|1|83|1|50|C
4|1|1|83|1|51|C
4|1|1|83|1|52|C
4|1|1|83|1|53|C
4|1|1|83|1|54|C
4|1|1|83|1|55|C
4|1|1|83|1|56|C
4|1|1|83|1|57|C
4|1|1|83|1|58|C
4|1|1|83|1|59|C
4|1|1|83|1|60|C
4|1|1|83|1|61|C
4|1|1|83|1|62|*
4|1|1|83|1|63|C
4|1|1|83|1|64|C
4|1|1|83|1|65|C
4|1|1|83|1|67|C
4|1|1|83|1|68|C
4|1|1|83|1|69|C
4|1|1|83|1|70|C
4|1|1|83|1|71|C
4|1|1|83|1|72|C
4|1|1|83|1|73|C
4|1|1|83|1|74|C
4|1|1|83|1|75|C
4|1|1|83|1|76|C
4|1|1|83|1|77|C
4|1|1|83|1|78|C
4|1|1|83|1|79|C
4|1|1|83|1|80|C
4|1|1|83|1|81|C
4|1|1|83|1|82|C
4|1|1|83|1|83|C
4|1|1|83|1|84|C
4|1|1|83|1|89|C
4|1|1|83|1|90|*
4|1|1|83|1|92|C
4|1|1|83|1|93|C
4|1|1|83|1|94|C
4|1|1|83|1|96|C
4|1|1|83|1|98|C
4|1|1|83|1|99|C
4|1|1|83|1|101|C
4|1|1|83|1|102|C
4|1|1|83|1|103|C
4|1|1|83|1|104|C
4|1|1|83|1|105|C
4|1|1|83|1|106|C
4|1|1|83|1|107|C
4|1|1|83|1|108|C
4|1|1|83|1|109|C
4|1|1|83|1|111|C
4|1|1|83|1|112|C
4|1|1|84|1|1|C
4|1|1|84|1|2|C
4|1|1|84|1|5|C
4|1|1|84|1|6|C
4|1|1|84|1|8|C
4|1|1|84|1|13|C
4|1|1|84|1|14|C
4|1|1|84|1|16|C
4|1|1|84|1|17|C
4|1|1|84|1|20|C
4|1|1|84|1|24|C
4|1|1|84|1|27|C
4|1|1|84|1|28|C
4|1|1|84|1|30|C
4|1|1|84|1|35|C
4|1|1|84|1|42|C
4|1|1|84|1|47|C
4|1|1|85|1|1|C
4|1|1|85|1|2|C
4|1|1|85|1|3|C
4|1|1|85|1|4|C
4|1|1|85|1|5|C
4|1|1|85|1|6|C
4|1|1|85|1|7|C
4|1|1|85|1|8|C
4|1|1|85|1|11|C
4|1|1|85|1|12|C
4|1|1|85|1|13|C
4|1|1|85|1|14|C
4|1|1|85|1|15|C
4|1|1|85|1|16|C
4|1|1|85|1|24|C
4|1|1|86|1|1|C
4|1|1|86|1|2|C
4|1|1|86|1|3|C
4|1|1|86|1|4|C
4|1|1|86|1|8|C
4|1|1|86|1|9|C
4|1|1|86|1|10|C
4|1|1|86|1|11|C
4|1|1|86|1|12|C
4|1|1|86|1|17|C
4|1|1|86|1|18|C
4|1|1|86|1|20|C
4|1|1|86|1|31|C
4|1|1|86|1|54|C
4|1|1|86|1|55|C
4|1|1|87|1|16|C
4|1|1|87|1|17|C
4|1|1|87|1|29|C
4|1|1|87|1|33|C
4|1|1|87|1|37|C
4|1|1|87|1|44|C
4|1|1|87|1|45|C
4|1|1|87|1|46|C
4|1|1|87|1|47|C
4|1|1|87|1|48|C
4|1|1|87|1|49|C
4|1|1|87|1|50|C
4|1|1|87|1|51|C
4|1|1|87|1|52|C
4|1|1|87|1|53|C
4|1|1|87|1|54|C
4|1|1|87|1|55|C
4|1|1|87|1|56|C
4|1|1|87|1|57|C
4|1|1|87|1|58|C
4|1|1|87|1|59|C
4|1|1|87|1|60|C
4|1|1|87|1|62|C
4|1|1|87|1|63|C
4|1|1|87|1|64|C
4|1|1|87|1|65|C
4|1|1|87|1|66|C
4|1|1|88|1|2|C
4|1|1|88|1|4|C
4|1|1|88|1|6|C
4|1|1|88|1|7|C
4|1|1|88|1|8|C
4|1|1|88|1|9|C
4|1|1|88|1|16|C
4|1|1|88|1|32|C
4|1|1|88|1|33|C
4|1|1|88|1|35|*
4|1|1|89|1|1|C
4|1|1|89|1|2|C
4|1|1|89|1|3|C
4|1|1|89|1|4|C
4|1|1|89|1|5|C
4|1|1|89|1|6|C
4|1|1|89|1|7|C
4|1|1|89|1|8|*
4|1|1|89|1|9|C
4|1|1|89|1|10|C
4|1|1|89|1|11|C
4|1|1|89|1|13|C
4|1|1|89|1|14|*
4|1|1|89|1|15|C
4|1|1|89|1|16|C
4|1|1|89|1|17|C
4|1|1|89|1|18|C
4|1|1|89|1|19|C
4|1|1|89|1|20|*
4|1|1|89|1|21|*
4|1|1|89|1|22|C
4|1|1|89|1|23|C
4|1|1|89|1|24|C
4|1|1|89|1|25|C
4|1|1|89|1|26|C
4|1|1|89|1|27|C
4|1|1|89|1|28|C
4|1|1|89|1|29|C
4|1|1|89|1|30|C
4|1|1|89|1|31|C
4|1|1|89|1|32|C
4|1|1|89|1|33|C
4|1|1|89|1|34|C
4|1|1|89|1|35|C
4|1|1|89|1|36|C
4|1|1|89|1|37|C
4|1|1|89|1|38|C
4|1|1|89|1|39|C
4|1|1|89|1|40|C
4|1|1|89|1|41|C
4|1|1|89|1|42|C
4|1|1|89|1|43|C
4|1|1|89|1|44|C
4|1|1|89|1|45|C
4|1|1|89|1|46|C
4|1|1|89|1|47|C
4|1|1|89|1|48|*
4|1|1|89|1|49|C
4|1|1|89|1|50|C
4|1|1|89|1|51|C
4|1|1|89|1|52|*
4|1|1|89|1|53|C
4|1|1|89|1|54|*
4|1|1|89|1|55|C
4|1|1|89|1|56|C
4|1|1|89|1|58|*
4|1|1|89|1|61|C
4|1|1|89|1|62|C
4|1|1|89|1|63|C
4|1|1|89|1|64|C
4|1|1|89|1|65|C
4|1|1|89|1|66|C
4|1|1|89|1|67|C
4|1|1|89|1|68|C
4|1|1|89|1|69|C
4|1|1|89|1|70|C
4|1|1|89|1|71|C
4|1|1|89|1|72|*
4|1|1|89|1|73|C
4|1|1|89|1|74|C
4|1|1|89|1|75|C
4|1|1|89|1|76|C
4|1|1|89|1|77|C
4|1|1|89|1|78|C
4|1|1|89|1|79|C
4|1|1|89|1|80|C
4|1|1|89|1|81|*
4|1|1|89|1|82|*
4|1|1|89|1|97|*
4|1|1|89|1|98|C
4|1|1|89|1|101|C
4|1|1|89|1|102|C
4|1|1|89|1|103|C
4|1|1|89|1|104|C
4|1|1|89|1|105|C
4|1|1|89|1|106|C
4|1|1|89|1|107|C
4|1|1|89|1|108|C
4|1|1|90|1|1|C
4|1|1|90|1|2|C
4|1|1|90|1|3|C
4|1|1|90|1|4|C
4|1|1|90|1|5|C
4|1|1|90|1|7|C
4|1|1|90|1|8|C
4|1|1|90|1|11|C
4|1|1|90|1|12|C
4|1|1|90|1|14|C
4|1|1|90|1|15|C
4|1|1|90|1|16|C
4|1|1|90|1|17|C
4|1|1|90|1|18|C
4|1|1|90|1|19|C
4|1|1|90|1|26|C
4|1|1|90|1|32|C
4|1|1|90|1|33|C
4|1|1|90|1|36|C
4|1|1|90|1|37|C
4|1|1|90|1|38|C
4|1|1|90|1|45|C
4|1|1|90|1|48|C
4|1|1|90|1|49|C
4|1|1|90|1|50|C
4|1|1|90|1|51|C
4|1|1|90|1|53|C
4|1|1|91|1|2|C
4|1|1|91|1|3|C
4|1|1|91|1|5|C
4|1|1|91|1|6|C
4|1|1|91|1|7|C
4|1|1|91|1|8|C
4|1|1|91|1|9|C
4|1|1|91|1|11|C
4|1|1|91|1|12|C
4|1|1|91|1|13|C
4|1|1|91|1|14|C
4|1|1|91|1|15|C
4|1|1|91|1|17|C
4|1|1|91|1|18|C
4|1|1|91|1|19|C
4|1|1|91|1|20|C
4|1|1|91|1|21|*
4|1|1|91|1|25|C
4|1|1|91|1|35|C
4|1|1|91|1|36|C
4|1|1|91|1|37|C
4|1|1|91|1|41|C
4|1|1|92|1|1|C
4|1|1|92|1|2|C
4|1|1|92|1|3|C
4|1|1|92|1|4|C
4|1|1|92|1|5|C
4|1|1|92|1|6|C
4|1|1|92|1|7|C
4|1|1|92|1|8|C
4|1|1|92|1|9|C
4|1|1|92|1|10|C
4|1|1|92|1|11|C
4|1|1|92|1|12|C
4|1|1|92|1|13|C
4|1|1|92|1|14|C
4|1|1|92|1|15|C
4|1|1|92|1|16|C
4|1|1|92|1|17|C
4|1|1|92|1|18|C
4|1|1|92|1|19|C
4|1|1|92|1|20|C
4|1|1|92|1|21|C
4|1|1|92|1|22|C
4|1|1|92|1|23|C
4|1|1|92|1|28|C
4|1|1|92|1|29|C
4|1|1|92|1|30|C
4|1|1|92|1|31|C
4|1|1|92|1|32|C
4|1|1|92|1|33|C
4|1|1|92|1|34|C
4|1|1|92|1|35|C
4|1|1|92|1|36|C
4|1|1|92|1|41|C
4|1|1|92|1|42|C
4|1|1|92|1|43|C
4|1|1|92|1|44|C
4|1|1|92|1|45|C
4|1|1|92|1|49|C
4|1|1|92|1|53|C
4|1|1|93|1|5|C
4|1|1|93|1|6|C
4|1|1|93|1|7|C
4|1|1|93|1|8|C
4|1|1|93|1|9|C
4|1|1|93|1|10|C
4|1|1|93|1|11|C
4|1|1|93|1|12|C
4|1|1|93|1|13|C
4|1|1|93|1|14|C
4|1|1|93|1|15|C
4|1|1|93|1|16|C
4|1|1|93|1|17|C
4|1|1|93|1|18|C
4|1|1|93|1|19|*
4|1|1|93|1|20|*
4|1|1|93|1|21|*
4|1|1|93|1|22|*
4|1|1|93|1|24|C
4|1|1|93|1|25|C
4|1|1|93|1|26|C
4|1|1|93|1|37|C
4|1|1|93|1|38|C
4|1|1|93|1|39|C
4|1|1|93|1|41|C
4|1|1|93|1|44|C
4|1|1|93|1|46|C
4|1|1|93|1|47|C
4|1|1|93|1|48|C
4|1|1|93|1|50|C
4|1|1|93|1|51|C
4|1|1|93|1|52|C
4|1|1|93|1|53|C
4|1|1|93|1|54|C
4|1|1|93|1|55|C
4|1|1|93|1|56|C
4|1|1|93|1|57|C
4|1|1|93|1|58|C
4|1|1|93|1|61|C
4|1|1|93|1|62|C
4|1|1|94|1|11|*
4|1|1|94|1|12|C
4|1|1|94|1|29|C
4|1|1|94|1|30|C
4|1|1|94|1|31|C
4|1|1|94|1|32|C
4|1|1|94|1|33|C
4|1|1|94|1|34|C
4|1|1|94|1|35|C
4|1|1|94|1|36|C
4|1|1|94|1|37|C
4|1|1|94|1|38|C
4|1|1|94|1|39|C
4|1|1|94|1|40|C
4|1|1|94|1|43|*
4|1|1|94|1|44|C
4|1|1|94|1|45|C
4|1|1|94|1|46|C
4|1|1|94|1|47|C
4|1|1|94|1|48|C
4|1|1|94|1|49|C
4|1|1|94|1|50|C
4|1|1|94|1|51|C
4|1|1|94|1|53|C
4|1|1|94|1|54|C
4|1|1|94|1|55|C
4|1|1|94|1|56|C
4|1|1|94|1|57|C
4|1|1|94|1|58|C
4|1|1|94|1|59|C
4|1|1|95|1|2|C
4|1|1|95|1|3|C
4|1|1|95|1|4|C
4|1|1|95|1|5|C
4|1|1|95|1|6|C
4|1|1|95|1|7|C
4|1|1|95|1|8|C
4|1|1|95|1|9|C
4|1|1|95|1|10|C
4|1|1|95|1|11|C
4|1|1|95|1|12|C
4|1|1|95|1|13|C
4|1|1|95|1|15|C
4|1|1|95|1|19|C
4|1|1|95|1|20|C
4|1|1|95|1|21|C
4|1|1|95|1|22|C
4|1|1|95|1|23|C
4|1|1|95|1|25|C
4|1|1|95|1|27|C
4|1|1|95|1|28|C
4|1|1|95|1|34|C
4|1|1|95|1|35|C
4|1|1|95|1|36|C
4|1|1|95|1|37|C
4|1|1|95|1|38|C
4|1|1|95|1|39|C
4|1|1|96|1|3|C
4|1|1|96|1|4|C
4|1|1|96|1|9|C
4|1|1|96|1|10|C
4|1|1|96|1|11|C
4|1|1|96|1|12|C
4|1|1|96|1|13|C
4|1|1|96|1|15|C
4|1|1|96|1|18|C
4|1|1|96|1|19|C
4|1|1|96|1|20|C
4|1|1|96|1|21|*
4|1|1|96|1|22|C
4|1|1|96|1|23|C
4|1|1|96|1|28|C
4|1|1|96|1|29|C
4|1|1|96|1|30|C
4|1|1|96|1|35|C
4|1|1|96|1|36|C
4|1|1|96|1|43|C
4|1|1|96|1|44|C
4|1|1|96|1|45|C
4|1|1|96|1|46|C
4|1|1|96|1|48|C
4|1|1|96|1|49|C
4|1|1|96|1|50|C
4|1|1|96|1|51|C
4|1|1|96|1|52|C
4|1|1|96|1|53|C
4|1|1|97|1|1|C
4|1|1|97|1|2|C
4|1|1|97|1|3|C
4|1|1|97|1|4|C
4|1|1|97|1|5|C
4|1|1|97|1|6|C
4|1|1|97|1|7|C
4|1|1|97|1|9|C
4|1|1|97|1|10|C
4|1|1|97|1|11|C
4|1|1|97|1|12|C
4|1|1|97|1|17|C
4|1|1|97|1|18|C
4|1|1|97|1|22|C
4|1|1|97|1|24|C
4|1|1|97|1|25|C
4|1|1|97|1|26|C
4|1|1|97|1|27|C
4|1|1|97|1|28|C
4|1|1|97|1|41|C
4|1|1|97|1|43|C
4|1|1|98|1|5|C
4|1|1|98|1|8|*
4|1|1|98|1|9|*
4|1|1|98|1|10|*
4|1|1|98|1|15|C
4|1|1|98|1|24|C
4|1|1|98|1|25|C
4|1|1|98|1|26|C
4|1|1|98|1|27|C
4|1|1|98|1|28|C
4|1|1|98|1|36|C
4|1|1|98|1|39|C
4|1|1|98|1|40|C
4|1|1|98|1|41|C
4|1|1|98|1|42|C
4|1|1|98|1|43|C
4|1|1|98|1|45|C
4|1|1|98|1|47|C
4|1|1|98|1|48|C
4|1|1|98|1|49|C
4|1|1|98|1|50|C
4|1|1|98|1|51|C
4|1|1|98|1|54|C
4|1|1|98|1|55|C
4|1|1|98|1|71|C
4|1|1|99|1|1|C
4|1|1|99|1|2|C
4|1|1|99|1|3|C
4|1|1|99|1|6|C
4|1|1|99|1|7|C
4|1|1|99|1|8|C
4|1|1|99|1|9|C
4|1|1|99|1|13|C
4|1|1|99|1|14|C
4|1|1|99|1|15|C
4|1|1|99|1|19|C
4|1|1|99|1|20|C
4|1|1|99|1|21|C
4|1|1|99|1|26|C
4|1|1|100|5|1|C
4|1|1|100|5|2|C
4|1|1|100|5|3|C
4|1|1|100|5|4|C
4|1|1|100|5|5|C
4|1|1|100|5|6|C
4|1|1|100|5|7|C
4|1|1|100|5|8|C
4|1|1|100|5|9|C
4|1|1|100|5|10|C
4|1|1|100|5|11|C
4|1|1|100|5|12|C
4|1|1|100|5|13|C
4|1|1|100|5|14|C
4|1|1|100|5|15|C
4|1|1|100|5|16|C
4|1|1|100|5|17|C
4|1|1|100|5|25|C
4|1|1|100|5|26|C
4|1|1|100|5|27|C
4|1|1|100|5|28|C
4|1|1|100|5|29|C
4|1|1|100|5|34|C
4|1|1|100|5|35|C
4|1|1|100|5|36|C
4|1|1|100|5|37|C
4|1|1|100|5|38|C
4|1|1|100|5|39|C
4|1|1|100|5|42|C
4|1|1|100|5|46|C
4|1|1|100|5|47|C
4|1|1|100|5|48|C
4|1|1|100|5|49|C
4|1|1|101|5|1|C
4|1|1|101|5|2|C
4|1|1|101|5|3|C
4|1|1|101|5|4|C
4|1|1|101|5|5|C
4|1|1|101|5|6|C
4|1|1|101|5|7|C
4|1|1|101|5|8|C
4|1|1|101|5|9|C
4|1|1|101|5|10|C
4|1|1|101|5|11|C
4|1|1|101|5|12|C
4|1|1|101|5|13|C
4|1|1|101|5|15|C
4|1|1|101|5|16|C
4|1|1|101|5|17|C
4|1|1|101|5|18|C
4|1|1|101|5|19|C
4|1|1|101|5|20|C
4|1|1|101|5|21|C
4|1|1|101|5|22|C
4|1|1|101|5|23|C
4|1|1|101|5|24|C
4|1|1|101|5|25|C
4|1|1|101|5|26|C
4|1|1|101|5|27|C
4|1|1|101|5|31|C
4|1|1|101|5|32|C
4|1|1|101|5|33|C
4|1|1|101|5|34|C
4|1|1|101|5|35|C
4|1|1|101|5|38|C
4|1|1|101|5|39|C
4|1|1|101|5|43|C
4|1|1|101|5|44|C
4|1|1|101|5|45|C
4|1|1|101|5|46|C
4|1|1|101|5|47|C
4|1|1|101|5|48|C
4|1|1|101|5|49|C
4|1|1|101|5|50|C
4|1|1|101|5|51|C
4|1|1|101|5|52|C
4|1|1|101|5|53|C
4|1|1|101|5|54|C
4|1|1|101|5|55|C
4|1|1|101|5|56|C
4|1|1|102|1|4|C
4|1|1|102|1|5|C
4|1|1|102|1|7|C
4|1|1|102|1|8|C
4|1|1|102|1|9|C
4|1|1|102|1|10|C
4|1|1|102|1|11|C
4|1|1|102|1|12|C
4|1|1|102|1|16|C
4|1|1|102|1|18|C
4|1|1|102|1|22|C
4|1|1|102|1|23|C
4|1|1|102|1|24|C
4|1|1|102|1|28|C
4|1|1|102|1|29|C
4|1|1|102|1|30|C
4|1|1|102|1|31|C
4|1|1|102|1|33|C
4|1|1|102|1|34|C
4|1|1|102|1|36|C
4|1|1|102|1|37|C
4|1|1|102|1|38|C
4|1|1|102|1|39|C
4|1|1|102|1|40|C
4|1|1|102|1|42|C
4|1|1|102|1|43|C
4|1|1|102|1|44|C
4|1|1|102|1|45|C
4|1|1|102|1|46|C
4|1|1|102|1|47|C
4|1|1|102|1|48|C
4|1|1|102|1|49|C
4|1|1|102|1|50|C
4|1|1|102|1|52|C
4|1|1|102|1|61|C
4|1|1|102|1|63|C
4|1|1|102|1|64|C
4|1|1|102|1|65|C
4|1|1|102|1|69|C
4|1|1|102|1|77|C
4|1|1|102|1|78|C
4|1|1|102|1|81|C
4|1|1|102|1|82|C
4|1|1|102|1|83|C
4|1|1|102|1|84|C
4|1|1|102|1|85|C
4|1|1|102|1|86|C
4|1|1|102|1|87|C
4|1|1|102|1|88|*
4|1|1|103|1|1|C
4|1|1|103|1|3|C
4|1|1|103|1|7|C
4|1|1|103|1|17|C
4|1|1|103|1|18|C
4|1|1|103|1|19|C
4|1|1|103|1|21|C
4|1|1|103|1|28|C
4|1|1|103|1|40|C
4|1|1|103|1|41|C
4|1|1|103|1|43|C
4|1|1|103|1|53|C
4|1|1|103|1|54|C
4|1|1|103|1|55|C
4|1|1|103|1|62|C
4|1|1|103|1|66|C
4|1|1|103|1|67|C
4|1|1|103|1|68|C
4|1|1|103|1|70|C
4|1|1|103|1|71|C
4|1|1|103|1|72|C
4|1|1|103|1|79|C
4|1|1|103|1|83|C
4|1|1|104|1|5|C
4|1|1|104|1|9|C
4|1|1|104|1|10|C
4|1|1|104|1|15|C
4|1|1|104|1|16|*
4|1|1|104|1|17|C
4|1|1|104|1|18|C
4|1|1|104|1|19|C
4|1|1|104|1|20|C
4|1|1|104|1|21|C
4|1|1|104|1|22|C
4|1|1|104|1|23|C
4|1|1|104|1|24|C
4|1|1|104|1|25|C
4|1|1|104|1|26|C
4|1|1|104|1|27|C
4|1|1|104|1|29|C
4|1|1|104|1|30|C
4|1|1|104|1|31|C
4|1|1|104|1|33|C
4|1|1|104|1|34|C
4|1|1|104|1|35|C
4|1|1|104|1|36|C
4|1|1|104|1|37|C
4|1|1|106|1|1|C
4|1|1|106|1|2|C
4|1|1|106|1|3|C
4|1|1|106|1|4|C
4|1|1|106|1|5|C
4|1|1|106|1|6|C
4|1|1|106|1|7|C
4|1|1|106|1|8|C
4|1|1|106|1|9|C
4|1|1|106|1|10|C
4|1|1|106|1|11|*
4|1|1|106|1|12|C
4|1|1|106|1|13|C
4|1|1|106|1|14|C
4|1|1|106|1|15|C
4|1|1|106|1|16|C
4|1|1|106|1|17|C
4|1|1|106|1|18|C
4|1|1|106|1|19|C
4|1|1|106|1|22|C
4|1|1|106|1|23|C
4|1|1|106|1|53|C
4|1|1|106|1|54|C
4|1|1|106|1|55|C
4|1|1|106|1|56|C
4|1|1|106|1|57|C
4|1|1|106|1|58|C
4|1|1|106|1|59|C
4|1|1|106|1|60|C
4|1|1|106|1|61|C
4|1|1|106|1|62|C
4|1|1|106|1|63|C
4|1|1|106|1|65|C
4|1|1|106|1|66|C
4|1|1|106|1|67|C
4|1|1|106|1|69|C
4|1|1|106|1|70|C
4|1|1|106|1|71|*
4|1|1|107|1|2|C
4|1|1|107|1|3|C
4|1|1|107|1|4|C
4|1|1|107|1|8|C
4|1|1|107|1|9|C
4|1|1|107|1|10|C
4|1|1|107|1|11|C
4|1|1|107|1|12|C
4|1|1|107|1|13|C
4|1|1|107|1|14|C
4|1|1|107|1|19|C
4|1|1|107|1|20|C
4|1|1|107|1|21|C
4|1|1|107|1|22|C
4|1|1|107|1|29|C
4|1|1|107|1|30|C
4|1|1|107|1|39|C
4|1|1|107|1|46|C
4|1|1|107|1|49|C
4|1|1|107|1|56|C
4|1|1|107|1|57|C
4|1|1|107|1|58|C
4|1|1|107|1|59|C
4|1|1|107|1|73|C
4|1|1|107|1|74|C
4|1|1|107|1|75|C
4|1|1|107|1|76|C
4|1|1|107|1|77|C
4|1|1|107|1|78|C
4|1|1|109|5|1|C
4|1|1|109|5|2|C
4|1|1|109|5|3|C
4|1|1|109|5|4|C
4|1|1|109|5|5|C
4|1|1|109|5|6|C
4|1|1|109|5|7|C
4|1|1|109|5|8|C
4|1|1|109|5|9|C
4|1|1|109|5|10|C
4|1|1|109|5|11|C
4|1|1|109|5|12|C
4|1|1|109|5|13|C
4|1|1|109|5|14|C
4|1|1|109|5|15|C
4|1|1|109|5|16|C
4|1|1|109|5|17|C
4|1|1|109|5|18|C
4|1|1|109|5|19|C
4|1|1|109|5|20|C
4|1|1|109|5|22|C
4|1|1|109|5|23|C
4|1|1|109|5|24|C
4|1|1|109|5|25|C
4|1|1|109|5|26|C
4|1|1|109|5|31|C
4|1|1|109|5|32|C
4|1|1|109|5|34|C
4|1|1|109|5|35|C
4|1|1|109|5|36|C
4|1|1|109|5|37|C
4|1|1|109|5|38|C
4|1|1|109|5|39|C
4|1|1|109|5|40|C
4|1|1|109|5|41|C
4|1|1|109|5|42|C
4|1|1|109|5|43|C
4|1|1|109|5|44|C
4|1|1|109|5|45|C
4|1|1|109|5|46|C
4|1|1|109|5|47|C
4|1|1|109|5|48|C
4|1|1|109|5|49|C
4|1|1|109|5|50|C
4|1|1|109|5|51|C
4|1|1|109|5|52|C
4|1|1|109|5|53|C
4|1|1|109|5|54|C
4|1|1|109|5|55|C
4|1|1|109|5|56|C
4|1|1|109|5|57|C
4|1|1|109|5|58|C
4|1|1|109|5|59|C
4|1|1|109|5|60|C
4|1|1|109|5|61|C
4|1|1|109|5|62|C
4|1|1|109|5|63|C
4|1|1|109|5|64|C
4|1|1|110|4|1|C
4|1|1|110|4|2|C
4|1|1|110|4|3|C
4|1|1|110|4|4|C
4|1|1|110|4|5|C
4|1|1|110|4|6|C
4|1|1|110|4|7|C
4|1|1|110|4|8|C
4|1|1|110|4|9|C
4|1|1|110|4|10|C
4|1|1|110|4|11|C
4|1|1|110|4|12|C
4|1|1|110|4|13|C
4|1|1|110|4|14|C
4|1|1|110|4|16|C
4|1|1|110|4|17|C
4|1|1|110|4|18|C
4|1|1|110|4|19|C
4|1|1|110|4|21|C
4|1|1|110|4|22|C
4|1|1|110|4|24|C
4|1|1|110|4|25|C
4|1|1|110|4|28|C
4|1|1|110|4|29|C
4|1|1|110|4|31|C
4|1|1|110|4|32|C
4|1|1|110|4|35|C
4|1|1|110|4|36|C
4|1|1|110|4|37|C
4|1|1|110|4|38|C
4|1|1|110|4|43|C
4|1|1|110|4|44|C
4|1|1|110|4|45|C
4|1|1|110|4|46|C
4|1|1|110|4|47|C
4|1|1|110|4|50|C
4|1|1|110|4|52|C
4|1|1|110|4|53|*
4|1|1|110|4|55|C
4|1|1|110|4|56|C
4|1|1|110|4|57|C
4|1|1|110|4|58|C
4|1|1|110|4|59|C
4|1|1|110|4|60|C
4|1|1|110|4|61|C
4|1|1|110|4|62|C
4|1|1|110|4|63|C
4|1|1|110|4|64|C
4|1|1|111|5|1|C
4|1|1|111|5|2|C
4|1|1|111|5|3|C
4|1|1|111|5|5|C
4|1|1|111|5|6|C
4|1|1|111|5|7|C
4|1|1|111|5|8|C
4|1|1|111|5|9|C
4|1|1|111|5|10|C
4|1|1|111|5|11|C
4|1|1|111|5|12|C
4|1|1|111|5|13|C
4|1|1|111|5|15|C
4|1|1|111|5|16|C
4|1|1|111|5|17|C
4|1|1|111|5|18|*
4|1|1|111|5|19|C
4|1|1|111|5|20|C
4|1|1|111|5|21|C
4|1|1|111|5|25|C
4|1|1|111|5|27|C
4|1|1|111|5|28|C
4|1|1|111|5|29|C
4|1|1|111|5|30|C
4|1|1|111|5|45|C
4|1|1|111|5|49|C
4|1|1|111|5|50|C
4|1|1|111|5|51|C
4|1|1|111|5|52|C
4|1|1|112|1|1|C
4|1|1|112|1|2|C
4|1|1|112|1|3|C
4|1|1|112|1|4|C
4|1|1|112|1|5|C
4|1|1|112|1|6|C
4|1|1|112|1|7|C
4|1|1|112|1|8|C
4|1|1|112|1|9|C
4|1|1|112|1|10|C
4|1|1|112|1|11|C
4|1|1|112|1|12|C
4|1|1|112|1|13|C
4|1|1|112|1|14|C
4|1|1|112|1|15|C
4|1|1|112|1|16|C
4|1|1|112|1|17|C
4|1|1|112|1|18|C
4|1|1|112|1|19|C
4|1|1|112|1|20|C
4|1|1|112|1|21|C
4|1|1|112|1|22|C
4|1|1|112|1|23|C
4|1|1|112|1|24|C
4|1|1|112|1|25|C
4|1|1|112|1|26|C
4|1|1|112|1|27|C
4|1|1|112|1|28|C
4|1|1|112|1|29|C
4|1|1|112|1|30|C
4|1|1|112|1|31|C
4|1|1|112|1|33|C
4|1|1|112|1|34|C
4|1|1|112|1|35|C
4|1|1|112|1|36|C
4|1|1|112|1|37|C
4|1|1|112|1|38|C
4|1|1|112|1|40|C
4|1|1|112|1|41|C
4|1|1|112|1|42|C
4|1|1|112|1|43|C
4|1|1|112|1|44|C
4|1|1|112|1|45|C
4|1|1|112|1|48|C
4|1|1|112|1|50|C
4|1|1|112|1|53|C
4|1|1|112|1|56|C
4|1|1|112|1|57|C
4|1|1|112|1|58|C
4|1|1|112|1|59|C
4|1|1|112|1|60|C
4|1|1|112|1|61|C
4|1|1|112|1|63|C
4|1|1|112|1|64|C
4|1|1|112|1|65|C
4|1|1|112|1|66|C
4|1|1|112|1|67|C
4|1|1|112|1|68|C
4|1|1|112|1|69|C
4|1|1|112|1|70|C
4|1|1|112|1|71|C
4|1|1|112|1|72|C
4|1|1|112|1|73|C
4|1|1|112|1|74|C
4|1|1|112|1|75|C
4|1|1|112|1|76|C
4|1|1|112|1|77|C
4|1|1|112|1|78|C
4|1|1|112|1|79|C
4|1|1|112|1|80|C
4|1|1|112|1|81|C
4|1|1|112|1|82|C
4|1|1|112|1|96|C
4|1|1|112|1|104|C
4|1|1|112|1|106|C
4|1|1|112|1|107|C
4|1|1|112|1|108|C
4|1|1|112|1|109|C
4|1|1|112|1|111|C
4|1|1|112|1|112|C
4|1|1|112|1|113|C
4|1|1|112|1|114|C
4|1|1|112|1|117|C
4|1|1|112|1|118|C
4|1|1|112|1|119|C
4|1|1|112|1|121|C
4|1|1|112|1|122|C
4|1|1|112|1|123|C
4|1|1|112|1|124|C
4|1|1|112|1|128|C
4|1|1|112|1|129|C
4|1|1|112|1|139|C
4|1|1|112|1|141|C
4|1|1|112|1|142|C
4|1|1|112|1|143|C
4|1|1|112|1|144|C
4|1|1|112|1|145|C
4|1|1|112|1|146|C
4|1|1|112|1|147|C
4|1|1|112|1|148|C
4|1|1|112|1|149|C
4|1|1|112|1|151|C
4|1|1|112|1|152|C
4|1|1|112|1|153|C
4|1|1|112|1|157|C
4|1|1|112|1|158|C
4|1|1|112|1|159|C
4|1|1|112|1|161|C
4|1|1|112|1|162|C
4|1|1|112|1|163|C
4|1|1|112|1|164|C
4|1|1|112|1|165|C
4|1|1|112|1|166|C
4|1|1|112|1|167|C
4|1|1|112|1|168|C
4|1|1|112|1|169|C
4|1|1|112|1|171|C
4|1|1|112|1|172|C
4|1|1|112|1|173|C
4|1|1|112|1|177|C
4|1|1|112|1|178|C
4|1|1|112|1|179|C
4|1|1|112|1|191|C
4|1|1|112|1|192|C
4|1|1|112|1|195|C
4|1|1|112|1|198|C
4|1|1|112|1|199|C
4|1|1|112|1|201|C
4|1|1|112|1|202|C
4|1|1|112|1|203|C
4|1|1|112|1|204|C
4|1|1|112|1|205|C
4|1|1|112|1|206|C
4|1|1|112|1|207|C
4|1|1|112|1|208|C
4|1|1|112|1|209|C
4|1|1|112|1|211|C
4|1|1|112|1|212|C
4|1|1|112|1|213|C
4|1|1|112|1|215|*
4|1|1|112|1|216|*
4|1|1|112|1|217|*
4|1|1|112|1|218|C
4|1|1|112|1|219|C
4|1|1|112|1|221|C
4|1|1|112|1|222|C
4|1|1|112|1|223|C
4|1|1|112|1|224|C
4|1|1|112|1|225|C
4|1|1|112|1|226|C
4|1|1|112|1|227|C
4|1|1|112|1|228|C
4|1|1|112|1|229|C
4|1|1|112|1|231|C
4|1|1|112|1|232|C
4|1|1|112|1|233|C
4|1|1|112|1|234|C
4|1|1|112|1|235|C
4|1|1|112|1|236|C
4|1|1|112|1|237|C
4|1|1|112|1|238|C
4|1|1|112|1|239|C
4|1|1|112|1|251|C
4|1|1|112|1|252|C
4|1|1|112|1|253|C
4|1|1|112|1|254|C
4|1|1|112|1|255|C
4|1|1|112|1|256|C
4|1|1|112|1|257|C
4|1|1|112|1|258|C
4|1|1|112|1|259|C
4|1|1|112|1|261|C
4|1|1|112|1|262|C
4|1|1|112|1|263|C
4|1|1|112|1|264|C
4|1|1|112|1|265|C
4|1|1|112|1|266|C
4|1|1|112|1|267|C
4|1|1|112|1|268|C
4|1|1|112|1|269|C
4|1|1|112|1|271|C
4|1|1|112|1|272|C
4|1|1|112|1|273|C
4|1|1|112|1|274|C
4|1|1|112|1|275|C
4|1|1|112|1|276|C
4|1|1|112|1|356|C
4|1|1|112|1|357|C
4|1|1|112|1|358|C
4|1|1|112|1|359|C
4|1|1|112|1|360|C
4|1|1|112|1|361|C
4|1|1|112|1|362|C
4|1|1|112|1|363|C
4|1|1|112|1|364|C
4|1|1|112|1|365|C
4|1|1|112|1|366|C
4|1|1|112|1|367|C
4|1|1|112|1|368|C
4|1|1|112|1|369|C
4|1|1|112|1|370|C
4|1|1|112|1|371|C
4|1|1|112|1|372|C
4|1|1|112|1|373|C
4|1|1|112|1|374|C
4|1|1|112|1|375|C
4|1|1|112|1|376|C
4|1|1|112|1|377|C
4|1|1|112|1|378|C
4|1|1|112|1|379|C
4|1|1|112|1|380|*
4|1|1|112|5|9900|C
4|1|1|112|5|9901|C
4|1|1|112|5|9902|C
4|1|1|112|5|9903|C
4|1|1|112|5|9904|C
4|1|1|112|5|9905|C
4|1|1|112|32|9999|C
4|1|1|112|78|9999|*
4|1|1|112|81|9999|C
4|1|1|112|159|9999|C
4|1|1|112|263|9999|C
4|1|1|112|271|9999|*
4|1|1|112|304|9999|C
4|1|1|112|427|9999|C
4|1|1|113|4|1|C
4|1|1|113|4|3|C
4|1|1|113|4|4|C
4|1|1|113|4|5|C
4|1|1|113|4|9|C
4|1|1|113|4|17|C
4|1|1|113|4|19|C
4|1|1|113|4|20|C
4|1|1|113|4|27|C
4|1|1|113|4|33|C
4|1|1|113|4|34|C
4|1|1|113|4|39|C
4|1|1|114|4|2|C
4|1|1|114|4|6|C
4|1|1|114|4|7|C
4|1|1|114|4|8|C
4|1|1|114|4|9|C
4|1|1|114|4|11|C
4|1|1|114|4|14|C
4|1|1|114|4|15|C
4|1|1|114|4|16|*
4|1|1|114|4|18|C
4|1|1|114|4|22|C
4|1|1|114|4|23|C
4|1|1|114|4|24|C
4|1|1|114|4|27|C
4|1|1|114|4|28|C
4|1|1|114|4|29|C
4|1|1|114|4|30|C
4|1|1|114|4|31|C
4|1|1|114|4|32|C
4|1|1|114|4|34|C
4|1|1|114|4|37|C
4|1|1|114|4|38|C
4|1|1|114|4|40|C
4|1|1|114|4|41|C
4|1|1|115|4|1|C
4|1|1|115|4|2|C
4|1|1|115|4|3|C
4|1|1|115|4|4|C
4|1|1|115|4|5|C
4|1|1|115|4|6|C
4|1|1|115|4|7|C
4|1|1|115|4|8|C
4|1|1|115|4|10|C
4|1|1|115|4|11|C
4|1|1|115|4|12|C
4|1|1|115|4|13|C
4|1|1|115|4|14|C
4|1|1|115|4|15|C
4|1|1|115|4|17|C
4|1|1|115|4|19|C
4|1|1|115|4|20|C
4|1|1|115|4|21|C
4|1|1|115|4|23|C
4|1|1|115|4|44|C
4|1|1|115|4|48|C
4|1|1|115|4|49|C
4|1|1|116|4|1|C
4|1|1|116|4|3|C
4|1|1|116|4|4|C
4|1|1|116|4|5|C
4|1|1|116|4|6|C
4|1|1|116|4|8|C
4|1|1|116|4|9|C
4|1|1|116|4|10|C
4|1|1|116|4|11|C
4|1|1|116|4|14|C
4|1|1|116|4|17|C
4|1|1|116|4|18|C
4|1|1|116|4|20|C
4|1|1|116|4|21|C
4|1|1|116|4|22|C
4|1|1|116|4|23|C
4|1|1|116|4|27|C
4|1|1|116|4|31|C
4|1|1|116|4|32|C
4|1|1|116|4|33|*
4|1|1|116|4|34|C
4|1|1|116|4|41|C
4|1|1|116|4|42|*
4|1|1|116|4|43|*
4|1|1|116|4|44|C
4|1|1|116|4|45|C
4|1|1|116|4|52|C
4|1|1|116|49|9999|C
4|1|1|116|58|9999|C
4|1|1|116|157|9999|C
4|1|1|116|158|9999|C
4|1|1|116|170|9999|C
4|1|1|116|177|9999|C
4|1|1|116|232|9999|C
4|1|1|116|273|9999|C
4|1|1|116|306|9999|C
4|1|1|116|308|9999|C
4|1|1|116|364|9999|C
4|1|1|116|442|9999|C
4|1|1|117|4|1|C
4|1|1|117|4|6|C
4|1|1|117|4|7|C
4|1|1|117|4|9|C
4|1|1|117|4|10|C
4|1|1|117|4|11|C
4|1|1|117|4|12|C
4|1|1|117|4|13|C
4|1|1|117|4|15|C
4|1|1|117|4|16|C
4|1|1|117|4|17|C
4|1|1|117|4|19|C
4|1|1|117|4|22|C
4|1|1|117|4|24|C
4|1|1|117|4|26|C
4|1|1|117|4|27|C
4|1|1|117|4|28|C
4|1|1|117|4|33|C
4|1|1|117|4|36|C
4|1|1|117|4|37|C
4|1|1|117|4|39|C
4|1|1|117|4|41|C
4|1|1|117|4|42|C
4|1|1|117|4|43|C
4|1|1|117|4|44|C
4|1|1|117|4|45|C
4|1|1|117|4|46|*
4|1|1|117|4|49|C
4|1|1|117|4|50|C
4|1|1|117|4|51|C
4|1|1|117|4|52|C
4|1|1|117|4|53|C
4|1|1|117|4|54|C
4|1|1|117|4|60|C
4|1|1|117|4|61|C
4|1|1|117|4|9900|C
4|1|1|117|4|9901|C
4|1|1|117|4|9902|C
4|1|1|117|4|9903|C
4|1|1|118|84|1|C
4|1|1|118|84|2|C
4|1|1|118|84|6|C
4|1|1|118|84|8|C
4|1|1|118|84|9|C
4|1|1|118|84|10|C
4|1|1|118|84|11|C
4|1|1|118|84|12|C
4|1|1|118|84|13|C
4|1|1|118|84|14|C
4|1|1|118|84|15|C
4|1|1|118|84|17|C
4|1|1|118|84|18|*
4|1|1|118|84|19|C
4|1|1|118|84|20|C
4|1|1|118|84|21|C
4|1|1|118|84|22|C
4|1|1|118|84|23|C
4|1|1|118|84|24|C
4|1|1|118|84|25|C
4|1|1|118|84|26|C
4|1|1|118|84|27|C
4|1|1|118|84|28|C
4|1|1|118|84|29|*
4|1|1|118|84|30|C
4|1|1|118|84|31|C
4|1|1|118|84|32|C
4|1|1|118|84|33|C
4|1|1|118|84|34|C
4|1|1|118|84|35|C
4|1|1|118|84|36|C
4|1|1|118|84|37|C
4|1|1|118|84|38|C
4|1|1|118|84|39|C
4|1|1|118|84|40|C
4|1|1|118|84|41|C
4|1|1|118|84|42|C
4|1|1|118|84|43|C
4|1|1|118|84|44|C
4|1|1|118|84|45|C
4|1|1|118|84|46|C
4|1|1|118|84|48|C
4|1|1|118|84|49|C
4|1|1|118|84|51|C
4|1|1|118|84|54|C
4|1|1|118|84|55|C
4|1|1|118|84|56|C
4|1|1|118|84|57|C
4|1|1|118|84|58|C
4|1|1|118|84|59|C
4|1|1|118|84|60|C
4|1|1|118|84|61|C
4|1|1|118|84|62|C
4|1|1|118|84|63|C
4|1|1|118|84|9999|C
4|1|1|118|394|9999|C
4|1|1|119|42|1|C
4|1|1|119|42|2|C
4|1|1|119|42|3|C
4|1|1|119|42|4|C
4|1|1|119|42|5|C
4|1|1|119|42|6|C
4|1|1|119|42|7|C
4|1|1|119|42|8|C
4|1|1|119|42|9|C
4|1|1|119|42|10|C
4|1|1|119|42|11|C
4|1|1|119|42|12|C
4|1|1|119|42|13|C
4|1|1|119|42|14|C
4|1|1|119|42|15|C
4|1|1|119|42|16|C
4|1|1|119|42|17|C
4|1|1|119|42|18|C
4|1|1|119|42|19|C
4|1|1|119|42|21|C
4|1|1|119|42|22|C
4|1|1|119|42|24|C
4|1|1|119|42|27|C
4|1|1|119|42|28|C
4|1|1|119|42|29|C
4|1|1|119|42|31|C
4|1|1|119|42|32|C
4|1|1|119|42|33|C
4|1|1|119|42|34|C
4|1|1|119|42|35|C
4|1|1|119|42|36|C
4|1|1|119|42|9999|C
4|1|1|120|15|1|C
4|1|1|120|15|2|C
4|1|1|120|15|3|C
4|1|1|120|15|4|C
4|1|1|120|15|5|C
4|1|1|120|15|6|C
4|1|1|120|15|7|C
4|1|1|120|15|8|C
4|1|1|120|15|9|C
4|1|1|120|15|10|C
4|1|1|120|15|11|C
4|1|1|120|15|12|C
4|1|1|120|15|13|C
4|1|1|120|15|14|C
4|1|1|120|15|15|C
4|1|1|120|15|16|C
4|1|1|120|15|17|C
4|1|1|120|15|18|C
4|1|1|120|15|19|C
4|1|1|120|15|20|C
4|1|1|120|15|21|C
4|1|1|120|15|22|C
4|1|1|120|15|23|C
4|1|1|120|15|24|C
4|1|1|120|15|25|C
4|1|1|120|15|26|C
4|1|1|120|15|27|C
4|1|1|120|15|28|C
4|1|1|120|15|29|C
4|1|1|120|15|30|C
4|1|1|120|15|31|C
4|1|1|120|15|32|C
4|1|1|120|15|33|C
4|1|1|120|15|34|C
4|1|1|120|15|35|C
4|1|1|120|15|36|C
4|1|1|120|15|37|C
4|1|1|120|15|38|C
4|1|1|120|15|39|C
4|1|1|120|15|40|C
4|1|1|120|15|41|C
4|1|1|120|15|42|C
4|1|1|120|15|43|C
4|1|1|120|15|44|C
4|1|1|120|15|45|C
4|1|1|120|15|46|C
4|1|1|120|15|47|C
4|1|1|120|15|48|C
4|1|1|120|15|49|C
4|1|1|120|15|50|*
4|1|1|120|15|51|*
4|1|1|120|15|52|C
4|1|1|120|15|53|C
4|1|1|120|15|54|C
4|1|1|120|15|55|C
4|1|1|120|15|56|C
4|1|1|120|15|57|C
4|1|1|120|15|58|C
4|1|1|120|15|59|C
4|1|1|120|15|60|C
4|1|1|120|15|61|C
4|1|1|120|15|62|C
4|1|1|120|15|63|C
4|1|1|120|15|64|C
4|1|1|120|15|65|C
4|1|1|120|15|66|C
4|1|1|120|15|67|C
4|1|1|120|15|68|C
4|1|1|120|15|69|C
4|1|1|120|15|70|C
4|1|1|120|15|71|C
4|1|1|120|15|72|C
4|1|1|120|15|73|C
4|1|1|120|15|74|C
4|1|1|120|15|75|C
4|1|1|120|15|76|C
4|1|1|120|15|77|C
4|1|1|120|15|78|C
4|1|1|120|15|79|C
4|1|1|120|15|80|C
4|1|1|120|15|81|C
4|1|1|120|15|82|C
4|1|1|120|15|83|C
4|1|1|120|15|84|C
4|1|1|120|15|85|C
4|1|1|120|15|86|C
4|1|1|120|479|9999|C
4|1|1|121|31|9999|C
4|1|1|121|50|9999|C
4|1|1|121|72|9999|C
4|1|1|121|83|9999|C
4|1|1|121|85|9999|C
4|1|1|121|89|9999|C
4|1|1|121|92|9999|C
4|1|1|121|93|9999|C
4|1|1|121|94|9999|C
4|1|1|121|95|9999|C
4|1|1|121|96|9999|*
4|1|1|121|97|9999|C
4|1|1|121|98|9999|C
4|1|1|121|99|9999|C
4|1|1|121|100|9999|*
4|1|1|121|101|9999|C
4|1|1|121|102|9999|*
4|1|1|121|103|9999|C
4|1|1|121|104|9999|C
4|1|1|121|105|9999|C
4|1|1|121|106|9999|C
4|1|1|121|107|9999|C
4|1|1|121|109|9999|C
4|1|1|121|118|9999|C
4|1|1|121|119|9999|C
4|1|1|121|120|9999|*
4|1|1|121|145|9999|C
4|1|1|121|163|9999|C
4|1|1|121|196|9999|*
4|1|1|121|197|9999|C
4|1|1|121|207|9999|C
4|1|1|121|222|1|C
4|1|1|121|222|2|C
4|1|1|121|222|3|C
4|1|1|121|222|4|C
4|1|1|121|222|5|C
4|1|1|121|222|6|C
4|1|1|121|222|7|C
4|1|1|121|222|8|C
4|1|1|121|222|9|C
4|1|1|121|222|10|C
4|1|1|121|222|11|C
4|1|1|121|222|12|C
4|1|1|121|222|13|C
4|1|1|121|222|14|C
4|1|1|121|222|15|C
4|1|1|121|222|16|C
4|1|1|121|222|17|C
4|1|1|121|222|18|C
4|1|1|121|222|19|C
4|1|1|121|222|20|C
4|1|1|121|222|21|C
4|1|1|121|222|22|C
4|1|1|121|222|23|C
4|1|1|121|222|24|C
4|1|1|121|222|25|C
4|1|1|121|222|26|C
4|1|1|121|222|27|C
4|1|1|121|222|28|C
4|1|1|121|222|29|C
4|1|1|121|222|30|C
4|1|1|121|222|31|C
4|1|1|121|222|32|C
4|1|1|121|222|33|C
4|1|1|121|222|34|C
4|1|1|121|222|35|C
4|1|1|121|222|36|C
4|1|1|121|222|37|C
4|1|1|121|222|38|C
4|1|1|121|222|39|C
4|1|1|121|222|40|C
4|1|1|121|222|41|C
4|1|1|121|222|42|C
4|1|1|121|222|43|C
4|1|1|121|222|44|C
4|1|1|121|222|45|C
4|1|1|121|222|46|C
4|1|1|121|222|47|C
4|1|1|121|222|48|C
4|1|1|121|222|49|C
4|1|1|121|222|50|C
4|1|1|121|222|51|C
4|1|1|121|222|52|C
4|1|1|121|222|53|C
4|1|1|121|222|54|C
4|1|1|121|222|55|C
4|1|1|121|222|56|C
4|1|1|121|222|57|C
4|1|1|121|222|58|C
4|1|1|121|222|59|C
4|1|1|121|222|60|C
4|1|1|121|222|61|C
4|1|1|121|222|62|C
4|1|1|121|222|63|C
4|1|1|121|222|66|C
4|1|1|121|222|67|C
4|1|1|121|222|68|C
4|1|1|121|222|69|C
4|1|1|121|222|70|C
4|1|1|121|222|72|C
4|1|1|121|222|73|C
4|1|1|121|222|74|C
4|1|1|121|222|75|C
4|1|1|121|222|76|C
4|1|1|121|222|77|C
4|1|1|121|222|78|C
4|1|1|121|222|79|C
4|1|1|121|222|80|C
4|1|1|121|222|81|C
4|1|1|121|222|82|C
4|1|1|121|222|83|C
4|1|1|121|222|84|C
4|1|1|121|222|87|C
4|1|1|121|222|88|C
4|1|1|121|222|89|C
4|1|1|121|222|90|C
4|1|1|121|222|91|C
4|1|1|121|222|92|C
4|1|1|121|222|93|C
4|1|1|121|222|94|C
4|1|1|121|222|95|C
4|1|1|121|222|96|C
4|1|1|121|222|97|C
4|1|1|121|222|98|C
4|1|1|121|222|99|C
4|1|1|121|222|100|C
4|1|1|121|222|101|C
4|1|1|121|222|9999|C
4|1|1|121|319|9999|C
4|1|1|121|326|9999|C
4|1|1|121|396|9999|C
4|1|1|121|434|9999|C
4|1|1|121|435|9999|C
4|1|1|121|465|9999|C
4|1|1|121|475|9999|C
4|1|1|121|486|9999|C
4|1|1|121|508|9999|C
4|1|1|121|509|9999|C
4|1|1|121|520|9999|*
4|1|1|121|521|9999|C
4|1|1|122|90|1|C
4|1|1|122|90|2|C
4|1|1|122|90|3|C
4|1|1|122|90|4|C
4|1|1|122|90|5|C
4|1|1|122|90|6|C
4|1|1|122|90|7|C
4|1|1|122|90|8|C
4|1|1|122|90|9|C
4|1|1|122|90|10|C
4|1|1|122|90|11|C
4|1|1|122|90|12|C
4|1|1|122|90|13|C
4|1|1|122|90|14|C
4|1|1|122|90|15|C
4|1|1|122|90|16|C
4|1|1|122|90|17|C
4|1|1|122|90|18|C
4|1|1|122|90|20|C
4|1|1|122|90|21|C
4|1|1|122|90|22|C
4|1|1|122|90|24|C
4|1|1|122|90|28|C
4|1|1|122|90|29|C
4|1|1|122|90|30|*
4|1|1|122|90|31|C
4|1|1|122|90|32|C
4|1|1|122|90|33|C
4|1|1|122|90|34|C
4|1|1|122|90|35|C
4|1|1|122|90|36|C
4|1|1|122|90|37|C
4|1|1|122|90|38|C
4|1|1|122|90|39|*
4|1|1|122|90|40|*
4|1|1|122|90|41|C
4|1|1|122|90|42|C
4|1|1|122|90|43|C
4|1|1|122|90|44|C
4|1|1|122|90|45|C
4|1|1|122|90|46|C
4|1|1|122|90|47|C
4|1|1|122|90|48|C
4|1|1|122|90|49|*
4|1|1|122|90|50|C
4|1|1|122|90|51|C
4|1|1|122|90|52|C
4|1|1|122|90|53|C
4|1|1|122|90|54|C
4|1|1|122|90|55|C
4|1|1|122|90|56|C
4|1|1|122|90|57|C
4|1|1|122|90|58|C
4|1|1|122|90|59|C
4|1|1|122|90|60|C
4|1|1|122|90|61|C
4|1|1|122|90|62|C
4|1|1|122|90|63|C
4|1|1|122|90|64|C
4|1|1|122|90|65|C
4|1|1|122|90|9999|C
4|1|1|123|82|9999|*
4|1|1|123|165|9999|C
4|1|1|123|179|1|C
4|1|1|123|179|2|C
4|1|1|123|179|3|C
4|1|1|123|179|4|C
4|1|1|123|179|5|C
4|1|1|123|179|6|C
4|1|1|123|179|7|C
4|1|1|123|179|8|C
4|1|1|123|179|10|C
4|1|1|123|179|11|C
4|1|1|123|179|12|C
4|1|1|123|179|13|C
4|1|1|123|179|14|C
4|1|1|123|179|15|C
4|1|1|123|179|16|C
4|1|1|123|179|17|C
4|1|1|123|179|18|C
4|1|1|123|179|19|C
4|1|1|123|179|21|C
4|1|1|123|179|22|C
4|1|1|123|179|23|C
4|1|1|123|179|25|C
4|1|1|123|179|26|C
4|1|1|123|179|27|C
4|1|1|123|179|28|C
4|1|1|123|179|29|C
4|1|1|123|179|30|C
4|1|1|123|179|31|C
4|1|1|123|179|32|C
4|1|1|123|179|33|C
4|1|1|123|179|34|C
4|1|1|123|179|35|C
4|1|1|123|179|38|C
4|1|1|123|179|39|C
4|1|1|123|179|43|C
4|1|1|123|179|44|C
4|1|1|123|179|45|C
4|1|1|123|179|46|C
4|1|1|123|179|47|C
4|1|1|123|179|48|C
4|1|1|123|179|49|C
4|1|1|123|179|50|C
4|1|1|123|179|51|C
4|1|1|123|179|52|C
4|1|1|123|238|9999|*
4|1|1|123|246|9999|C
4|1|1|123|363|9999|C
4|1|1|123|377|9999|*
4|1|1|123|409|9999|C
4|1|1|123|430|9999|C
4|1|1|123|511|9999|C
4|1|1|123|512|9999|C
4|1|1|124|1|1|C
4|1|1|124|1|2|C
4|1|1|124|1|3|C
4|1|1|124|1|4|C
4|1|1|124|1|5|C
4|1|1|124|1|6|C
4|1|1|124|1|7|C
4|1|1|124|1|8|C
4|1|1|124|1|9|C
4|1|1|124|1|10|C
4|1|1|124|1|11|C
4|1|1|124|1|12|C
4|1|1|124|1|13|C
4|1|1|124|1|14|C
4|1|1|124|1|15|C
4|1|1|124|1|16|C
4|1|1|124|1|17|C
4|1|1|124|1|19|C
4|1|1|124|1|20|C
4|1|1|124|1|21|C
4|1|1|124|1|22|C
4|1|1|124|1|23|C
4|1|1|124|1|24|C
4|1|1|124|1|25|C
4|1|1|124|1|26|C
4|1|1|124|1|28|C
4|1|1|124|1|29|C
4|1|1|124|1|30|C
4|1|1|124|1|31|C
4|1|1|124|1|32|C
4|1|1|124|1|33|C
4|1|1|124|1|34|C
4|1|1|124|1|35|C
4|1|1|124|1|36|C
4|1|1|124|1|37|C
4|1|1|124|1|38|C
4|1|1|124|1|39|C
4|1|1|124|1|40|C
4|1|1|124|1|41|C
4|1|1|124|1|42|C
4|1|1|124|1|43|C
4|1|1|124|1|44|C
4|1|1|124|1|45|C
4|1|1|124|1|46|C
4|1|1|124|1|47|C
4|1|1|124|1|48|C
4|1|1|124|1|49|C
4|1|1|124|1|50|C
4|1|1|124|1|51|C
4|1|1|124|1|52|C
4|1|1|124|1|53|C
4|1|1|124|1|54|C
4|1|1|124|1|75|C
4|1|1|124|1|76|C
4|1|1|124|1|77|C
4|1|1|124|1|78|C
4|1|1|124|1|79|C
4|1|1|124|1|81|C
4|1|1|124|1|82|C
4|1|1|124|1|84|C
4|1|1|124|1|85|C
4|1|1|124|1|86|C
4|1|1|124|1|87|C
4|1|1|124|1|88|C
4|1|1|124|1|89|C
4|1|1|124|1|90|C
4|1|1|124|1|99|C
4|1|1|124|1|101|C
4|1|1|124|1|102|C
4|1|1|124|1|104|C
4|1|1|124|1|105|C
4|1|1|124|1|106|C
4|1|1|124|1|107|C
4|1|1|124|1|108|C
4|1|1|124|1|109|C
4|1|1|124|1|111|C
4|1|1|124|1|112|C
4|1|1|124|1|113|C
4|1|1|124|1|114|C
4|1|1|124|1|115|C
4|1|1|124|1|116|C
4|1|1|124|1|117|C
4|1|1|124|1|118|C
4|1|1|124|1|119|C
4|1|1|124|1|121|C
4|1|1|124|1|122|C
4|1|1|124|1|123|C
4|1|1|124|1|124|C
4|1|1|124|1|125|C
4|1|1|124|1|126|C
4|1|1|124|1|127|C
4|1|1|124|1|128|C
4|1|1|124|1|129|C
4|1|1|124|1|131|C
4|1|1|124|1|132|C
4|1|1|124|1|133|C
4|1|1|124|1|134|*
4|1|1|124|1|135|C
4|1|1|124|1|136|C
4|1|1|124|1|137|C
4|1|1|124|1|138|C
4|1|1|124|1|139|C
4|1|1|124|1|141|C
4|1|1|124|1|142|C
4|1|1|124|1|143|C
4|1|1|124|1|144|C
4|1|1|124|1|145|C
4|1|1|124|8|9999|C
4|1|1|124|12|9999|C
4|1|1|124|16|9999|C
4|1|1|124|25|9999|C
4|1|1|124|26|1|C
4|1|1|124|26|2|C
4|1|1|124|26|3|C
4|1|1|124|26|4|C
4|1|1|124|26|5|C
4|1|1|124|26|6|C
4|1|1|124|26|7|C
4|1|1|124|26|8|C
4|1|1|124|26|9|C
4|1|1|124|26|10|C
4|1|1|124|26|11|C
4|1|1|124|26|12|C
4|1|1|124|26|13|C
4|1|1|124|26|14|C
4|1|1|124|26|15|C
4|1|1|124|26|16|C
4|1|1|124|26|17|C
4|1|1|124|26|18|C
4|1|1|124|26|19|C
4|1|1|124|26|20|C
4|1|1|124|26|21|C
4|1|1|124|26|22|C
4|1|1|124|26|23|C
4|1|1|124|26|24|C
4|1|1|124|26|25|C
4|1|1|124|26|26|C
4|1|1|124|26|27|C
4|1|1|124|26|28|C
4|1|1|124|26|29|C
4|1|1|124|26|30|C
4|1|1|124|26|31|*
4|1|1|124|26|32|C
4|1|1|124|26|33|C
4|1|1|124|26|34|C
4|1|1|124|26|35|C
4|1|1|124|26|36|C
4|1|1|124|26|37|C
4|1|1|124|26|38|C
4|1|1|124|26|39|C
4|1|1|124|26|40|C
4|1|1|124|26|41|C
4|1|1|124|26|42|C
4|1|1|124|26|43|C
4|1|1|124|26|44|C
4|1|1|124|26|45|C
4|1|1|124|26|46|C
4|1|1|124|26|47|C
4|1|1|124|26|48|C
4|1|1|124|26|49|C
4|1|1|124|26|50|C
4|1|1|124|26|51|C
4|1|1|124|26|52|C
4|1|1|124|26|53|C
4|1|1|124|26|54|C
4|1|1|124|26|55|C
4|1|1|124|26|56|C
4|1|1|124|26|57|C
4|1|1|124|26|58|C
4|1|1|124|26|59|C
4|1|1|124|26|60|C
4|1|1|124|26|9999|C
4|1|1|124|37|9999|C
4|1|1|124|51|9999|C
4|1|1|124|74|9999|C
4|1|1|124|137|9999|*
4|1|1|124|140|9999|C
4|1|1|124|141|9999|C
4|1|1|124|150|9999|C
4|1|1|124|188|9999|C
4|1|1|124|215|9999|C
4|1|1|124|219|9999|*
4|1|1|124|223|9999|C
4|1|1|124|226|9999|C
4|1|1|124|227|9999|C
4|1|1|124|230|9999|C
4|1|1|124|235|9999|C
4|1|1|124|244|9999|C
4|1|1|124|245|9999|C
4|1|1|124|247|9999|C
4|1|1|124|254|9999|C
4|1|1|124|256|9999|C
4|1|1|124|257|9999|C
4|1|1|124|260|9999|C
4|1|1|124|266|9999|C
4|1|1|124|268|9999|C
4|1|1|124|269|9999|C
4|1|1|124|279|9999|C
4|1|1|124|286|9999|C
4|1|1|124|298|9999|C
4|1|1|124|320|9999|C
4|1|1|124|334|9999|C
4|1|1|124|336|9999|C
4|1|1|124|337|9999|C
4|1|1|124|338|9999|C
4|1|1|124|358|9999|C
4|1|1|124|398|9999|C
4|1|1|124|399|9999|C
4|1|1|124|417|9999|C
4|1|1|124|447|9999|C
4|1|1|124|448|9999|C
4|1|1|124|449|9999|C
4|1|1|124|450|9999|C
4|1|1|124|451|9999|C
4|1|1|124|452|9999|C
4|1|1|124|453|9999|C
4|1|1|124|464|9999|C
4|1|1|124|471|9999|C
4|1|1|124|472|9999|C
4|1|1|124|473|9999|C
4|1|1|124|474|9999|C
4|1|1|124|478|9999|C
4|1|1|124|480|9999|C
4|1|1|124|487|9999|C
4|1|1|124|488|9999|C
4|1|1|124|489|9999|C
4|1|1|124|492|9999|C
4|1|1|124|494|9999|C
4|1|1|124|500|9999|C
4|1|1|124|507|9999|C
4|1|1|125|3|1|C
4|1|1|125|3|2|C
4|1|1|125|3|5|C
4|1|1|125|3|6|C
4|1|1|125|3|7|C
4|1|1|125|3|8|C
4|1|1|125|3|9|C
4|1|1|125|3|10|C
4|1|1|125|3|11|C
4|1|1|125|3|12|C
4|1|1|125|3|13|C
4|1|1|125|3|14|C
4|1|1|125|3|15|C
4|1|1|125|3|16|C
4|1|1|125|3|17|C
4|1|1|125|3|18|C
4|1|1|125|3|20|C
4|1|1|125|3|21|C
4|1|1|125|3|22|C
4|1|1|125|3|23|C
4|1|1|125|3|26|C
4|1|1|125|3|27|C
4|1|1|125|3|28|C
4|1|1|125|3|31|C
4|1|1|125|3|33|C
4|1|1|125|3|34|C
4|1|1|125|3|40|C
4|1|1|125|3|41|C
4|1|1|125|3|42|C
4|1|1|125|3|43|C
4|1|1|125|3|44|C
4|1|1|125|3|45|C
4|1|1|125|3|46|*
4|1|1|125|3|47|*
4|1|1|125|3|48|*
4|1|1|125|3|49|*
4|1|1|125|3|54|C
4|1|1|125|3|56|C
4|1|1|125|3|58|C
4|1|1|125|3|61|C
4|1|1|125|3|62|C
4|1|1|125|3|63|C
4|1|1|125|3|64|C
4|1|1|125|3|65|C
4|1|1|125|3|66|C
4|1|1|125|3|67|*
4|1|1|125|34|9999|C
4|1|1|125|55|9999|C
4|1|1|125|60|9999|C
4|1|1|125|86|9999|C
4|1|1|125|149|9999|*
4|1|1|125|156|9999|*
4|1|1|125|206|9999|C
4|1|1|125|274|9999|*
4|1|1|125|340|9999|C
4|1|1|125|342|9999|C
4|1|1|125|343|9999|C
4|1|1|125|344|1|C
4|1|1|125|344|2|C
4|1|1|125|344|3|C
4|1|1|125|344|4|C
4|1|1|125|344|5|C
4|1|1|125|344|6|C
4|1|1|125|344|7|C
4|1|1|125|344|8|C
4|1|1|125|344|9|C
4|1|1|125|344|10|*
4|1|1|125|344|11|C
4|1|1|125|344|12|C
4|1|1|125|344|13|C
4|1|1|125|344|14|C
4|1|1|125|344|15|C
4|1|1|125|344|16|C
4|1|1|125|344|17|C
4|1|1|125|344|18|C
4|1|1|125|344|19|C
4|1|1|125|344|20|*
4|1|1|125|344|21|C
4|1|1|125|344|22|C
4|1|1|125|344|23|C
4|1|1|125|344|24|C
4|1|1|125|344|25|C
4|1|1|125|344|26|C
4|1|1|125|344|27|C
4|1|1|125|344|28|C
4|1|1|125|344|29|C
4|1|1|125|344|30|C
4|1|1|125|344|31|C
4|1|1|125|344|32|C
4|1|1|125|344|33|C
4|1|1|125|344|34|C
4|1|1|125|344|35|*
4|1|1|126|3|1|C
4|1|1|126|3|2|*
4|1|1|126|3|3|C
4|1|1|126|3|4|C
4|1|1|126|3|5|C
4|1|1|126|3|6|C
4|1|1|126|3|7|C
4|1|1|126|3|8|C
4|1|1|126|3|9|C
4|1|1|126|3|10|C
4|1|1|126|3|11|C
4|1|1|126|3|12|C
4|1|1|126|3|13|C
4|1|1|126|3|14|C
4|1|1|126|3|15|C
4|1|1|126|3|16|C
4|1|1|126|3|17|C
4|1|1|126|3|18|C
4|1|1|126|3|19|C
4|1|1|126|3|20|C
4|1|1|126|3|21|C
4|1|1|126|3|22|C
4|1|1|126|3|23|C
4|1|1|126|3|24|C
4|1|1|126|3|25|C
4|1|1|126|3|27|C
4|1|1|126|3|28|C
4|1|1|126|3|29|C
4|1|1|126|3|30|C
4|1|1|126|3|32|C
4|1|1|126|3|33|C
4|1|1|126|3|34|C
4|1|1|126|3|35|C
4|1|1|126|3|36|C
4|1|1|126|3|37|C
4|1|1|126|3|38|C
4|1|1|127|3|15|C
4|1|1|127|3|16|C
4|1|1|127|3|17|C
4|1|1|127|3|18|C
4|1|1|127|3|19|C
4|1|1|127|3|20|C
4|1|1|127|3|21|C
4|1|1|127|3|22|C
4|1|1|127|3|23|C
4|1|1|127|3|24|C
4|1|1|127|3|25|C
4|1|1|127|3|29|C
4|1|1|127|3|30|C
4|1|1|127|3|32|C
4|1|1|127|3|34|C
4|1|1|127|3|35|C
4|1|1|127|3|36|C
4|1|1|127|3|37|C
4|1|1|127|3|47|C
4|1|1|127|3|48|C
4|1|1|127|3|51|C
4|1|1|127|3|52|C
4|1|1|127|3|54|C
4|1|1|127|17|9999|*
4|1|1|127|24|9999|C
4|1|1|127|33|9999|C
4|1|1|127|46|9999|C
4|1|1|127|48|9999|C
4|1|1|127|66|9999|C
4|1|1|127|91|9999|C
4|1|1|127|146|9999|C
4|1|1|127|147|9999|C
4|1|1|127|148|9999|C
4|1|1|127|152|9999|C
4|1|1|127|154|9999|C
4|1|1|127|155|9999|*
4|1|1|127|174|9999|C
4|1|1|127|209|9999|C
4|1|1|127|212|9999|C
4|1|1|127|220|9999|C
4|1|1|127|228|9999|C
4|1|1|127|270|9999|C
4|1|1|127|312|9999|C
4|1|1|127|350|9999|C
4|1|1|127|351|9999|C
4|1|1|127|352|9999|C
4|1|1|127|353|9999|C
4|1|1|127|354|9999|C
4|1|1|127|355|9999|C
4|1|1|127|356|9999|C
4|1|1|127|378|9999|C
4|1|1|127|379|9999|C
4|1|1|127|410|9999|C
4|1|1|127|411|9999|C
4|1|1|127|412|9999|C
4|1|1|127|413|9999|C
4|1|1|127|425|9999|C
4|1|1|127|426|9999|C
4|1|1|127|431|9999|C
4|1|1|127|432|9999|C
4|1|1|127|454|9999|C
4|1|1|127|455|9999|C
4|1|1|127|466|9999|C
4|1|1|127|467|9999|C
4|1|1|127|468|9999|C
4|1|1|127|469|9999|C
4|1|1|127|482|9999|C
4|1|1|127|483|9999|C
4|1|1|127|493|9999|C
4|1|1|127|505|9999|C
4|1|1|127|522|9999|C
4|1|1|128|20|1|C
4|1|1|128|20|2|C
4|1|1|128|20|3|C
4|1|1|128|20|4|C
4|1|1|128|20|5|C
4|1|1|128|20|7|C
4|1|1|128|20|9|C
4|1|1|128|20|10|C
4|1|1|128|20|11|C
4|1|1|128|20|12|C
4|1|1|128|20|13|C
4|1|1|128|20|14|C
4|1|1|128|20|15|C
4|1|1|128|20|16|C
4|1|1|128|20|17|C
4|1|1|128|20|18|C
4|1|1|128|20|19|C
4|1|1|128|20|20|C
4|1|1|128|20|21|C
4|1|1|128|20|22|C
4|1|1|128|20|23|C
4|1|1|128|20|24|C
4|1|1|128|20|25|C
4|1|1|128|20|26|C
4|1|1|128|20|27|C
4|1|1|128|20|9999|C
4|1|1|128|40|9999|C
4|1|1|128|124|9999|C
4|1|1|128|125|9999|C
4|1|1|128|126|9999|C
4|1|1|128|127|9999|C
4|1|1|128|204|9999|C
4|1|1|128|231|9999|C
4|1|1|128|255|9999|C
4|1|1|128|284|9999|C
4|1|1|128|368|9999|C
4|1|1|128|369|9999|*
4|1|1|128|375|9999|C
4|1|1|128|423|9999|C
4|1|1|128|424|9999|C
4|1|1|128|445|9999|C
4|1|1|128|446|9999|*
4|1|1|128|503|9999|C
4|1|1|129|43|9999|C
4|1|1|129|217|9999|C
4|1|1|129|265|1|C
4|1|1|129|265|2|C
4|1|1|129|265|3|C
4|1|1|129|265|4|C
4|1|1|129|265|5|C
4|1|1|129|265|6|C
4|1|1|129|265|7|C
4|1|1|129|265|9|C
4|1|1|129|265|10|C
4|1|1|129|265|11|C
4|1|1|129|265|12|C
4|1|1|129|265|13|C
4|1|1|129|265|14|C
4|1|1|129|265|16|C
4|1|1|129|265|17|C
4|1|1|129|265|18|C
4|1|1|129|265|19|C
4|1|1|129|265|20|C
4|1|1|129|265|21|C
4|1|1|129|265|22|C
4|1|1|129|265|23|*
4|1|1|129|265|24|C
4|1|1|129|265|25|C
4|1|1|129|265|26|C
4|1|1|129|265|27|C
4|1|1|129|265|28|C
4|1|1|129|265|29|C
4|1|1|129|265|31|C
4|1|1|129|265|32|C
4|1|1|129|265|33|C
4|1|1|129|265|34|C
4|1|1|129|265|35|C
4|1|1|129|265|36|C
4|1|1|129|265|37|C
4|1|1|129|265|39|C
4|1|1|129|265|40|*
4|1|1|129|265|41|C
4|1|1|129|265|42|C
4|1|1|129|265|43|C
4|1|1|129|265|44|C
4|1|1|129|265|45|C
4|1|1|129|265|46|C
4|1|1|129|265|47|C
4|1|1|129|265|48|C
4|1|1|129|265|49|C
4|1|1|129|265|50|C
4|1|1|129|265|51|C
4|1|1|129|265|53|C
4|1|1|129|265|54|C
4|1|1|129|265|55|C
4|1|1|129|265|57|C
4|1|1|129|265|58|C
4|1|1|129|265|59|C
4|1|1|129|265|60|C
4|1|1|129|265|61|C
4|1|1|129|265|62|C
4|1|1|129|265|63|C
4|1|1|129|265|64|C
4|1|1|129|265|65|C
4|1|1|129|265|66|*
4|1|1|129|265|67|C
4|1|1|129|265|68|C
4|1|1|129|265|69|C
4|1|1|129|265|70|C
4|1|1|129|265|71|C
4|1|1|129|265|72|C
4|1|1|129|265|73|C
4|1|1|129|265|76|C
4|1|1|129|265|77|C
4|1|1|129|265|79|C
4|1|1|129|265|81|C
4|1|1|129|265|82|C
4|1|1|129|265|83|C
4|1|1|129|265|84|C
4|1|1|129|265|85|C
4|1|1|129|265|86|C
4|1|1|129|265|87|C
4|1|1|129|265|88|C
4|1|1|129|265|89|*
4|1|1|129|265|90|C
4|1|1|129|265|91|C
4|1|1|129|265|92|C
4|1|1|129|265|93|C
4|1|1|129|265|94|C
4|1|1|129|265|95|C
4|1|1|129|265|96|C
4|1|1|129|265|97|C
4|1|1|129|265|98|C
4|1|1|129|476|9999|C
4|1|1|129|495|9999|C
4|1|1|130|27|1|C
4|1|1|130|27|2|C
4|1|1|130|27|3|C
4|1|1|130|27|4|C
4|1|1|130|27|5|C
4|1|1|130|27|6|C
4|1|1|130|27|7|C
4|1|1|130|27|8|C
4|1|1|130|27|9|C
4|1|1|130|27|10|C
4|1|1|130|27|11|C
4|1|1|130|27|12|C
4|1|1|130|27|13|C
4|1|1|130|27|14|C
4|1|1|130|27|15|C
4|1|1|130|27|16|C
4|1|1|130|27|17|C
4|1|1|130|27|18|C
4|1|1|130|27|19|C
4|1|1|130|27|20|C
4|1|1|130|27|21|C
4|1|1|130|27|22|C
4|1|1|130|27|23|C
4|1|1|130|27|24|C
4|1|1|130|27|25|C
4|1|1|130|27|26|C
4|1|1|130|27|27|C
4|1|1|130|27|28|C
4|1|1|130|27|9999|C
4|1|1|130|53|9999|*
4|1|1|130|79|9999|C
4|1|1|130|186|9999|*
4|1|1|130|199|9999|*
4|1|1|130|214|9999|*
4|1|1|130|280|9999|*
4|1|1|130|293|9999|C
4|1|1|130|324|9999|*
4|1|1|130|325|9999|*
4|1|1|130|461|9999|*
4|1|1|131|190|9999|C
4|1|1|131|201|1|C
4|1|1|131|201|2|C
4|1|1|131|201|3|C
4|1|1|131|201|4|C
4|1|1|131|201|5|C
4|1|1|131|201|6|C
4|1|1|131|201|7|C
4|1|1|131|201|8|C
4|1|1|131|201|9|C
4|1|1|131|201|10|C
4|1|1|131|201|11|C
4|1|1|131|201|12|C
4|1|1|131|201|13|C
4|1|1|131|201|14|C
4|1|1|131|201|15|C
4|1|1|131|201|16|C
4|1|1|131|201|17|C
4|1|1|131|201|18|C
4|1|1|131|201|19|C
4|1|1|131|201|20|C
4|1|1|131|201|21|C
4|1|1|131|201|22|C
4|1|1|131|201|23|C
4|1|1|131|201|24|C
4|1|1|131|201|25|C
4|1|1|131|201|26|C
4|1|1|131|201|27|C
4|1|1|131|201|28|C
4|1|1|131|201|29|C
4|1|1|131|201|30|C
4|1|1|131|201|31|C
4|1|1|131|201|32|C
4|1|1|131|201|33|C
4|1|1|131|201|9999|C
4|1|1|131|365|9999|C
4|1|1|131|422|9999|C
4|1|1|131|504|9999|C
4|1|1|132|14|9999|C
4|1|1|132|35|9999|C
4|1|1|132|38|1|C
4|1|1|132|38|3|C
4|1|1|132|38|4|C
4|1|1|132|38|5|C
4|1|1|132|38|6|C
4|1|1|132|38|7|C
4|1|1|132|38|8|C
4|1|1|132|38|9|C
4|1|1|132|38|10|C
4|1|1|132|38|11|C
4|1|1|132|38|12|C
4|1|1|132|38|13|C
4|1|1|132|38|14|C
4|1|1|132|38|15|C
4|1|1|132|38|16|C
4|1|1|132|38|18|C
4|1|1|132|38|19|C
4|1|1|132|38|20|C
4|1|1|132|38|21|C
4|1|1|132|38|22|C
4|1|1|132|38|23|C
4|1|1|132|38|9999|C
4|1|1|132|182|9999|C
4|1|1|132|294|9999|C
4|1|1|132|462|9999|C
4|1|1|133|9|9999|C
4|1|1|133|29|9999|C
4|1|1|133|47|9999|C
4|1|1|133|59|9999|C
4|1|1|133|71|9999|C
4|1|1|133|75|9999|C
4|1|1|133|76|9999|C
4|1|1|133|116|9999|C
4|1|1|133|121|9999|C
4|1|1|133|122|9999|C
4|1|1|133|123|9999|C
4|1|1|133|128|9999|C
4|1|1|133|178|9999|C
4|1|1|133|195|2|C
4|1|1|133|195|4|C
4|1|1|133|195|5|C
4|1|1|133|195|6|C
4|1|1|133|195|7|C
4|1|1|133|195|8|C
4|1|1|133|195|9|C
4|1|1|133|195|10|C
4|1|1|133|195|11|C
4|1|1|133|195|12|C
4|1|1|133|195|13|C
4|1|1|133|195|14|C
4|1|1|133|195|15|C
4|1|1|133|195|16|C
4|1|1|133|195|17|C
4|1|1|133|195|18|C
4|1|1|133|195|19|C
4|1|1|133|195|20|C
4|1|1|133|195|21|C
4|1|1|133|195|22|C
4|1|1|133|195|23|C
4|1|1|133|195|24|C
4|1|1|133|195|9999|C
4|1|1|133|203|9999|C
4|1|1|133|225|9999|C
4|1|1|133|236|9999|C
4|1|1|133|243|9999|C
4|1|1|133|251|9999|C
4|1|1|133|253|9999|C
4|1|1|133|261|9999|C
4|1|1|133|281|9999|C
4|1|1|133|290|9999|C
4|1|1|133|292|9999|C
4|1|1|133|366|9999|C
4|1|1|133|367|9999|C
4|1|1|133|381|9999|C
4|1|1|133|382|9999|C
4|1|1|133|383|9999|C
4|1|1|133|384|9999|C
4|1|1|133|385|9999|C
4|1|1|133|386|9999|C
4|1|1|133|387|9999|C
4|1|1|133|388|9999|C
4|1|1|133|389|9999|C
4|1|1|133|390|9999|C
4|1|1|133|391|9999|C
4|1|1|133|392|9999|C
4|1|1|133|395|9999|C
4|1|1|133|400|9999|C
4|1|1|133|401|9999|C
4|1|1|133|402|9999|C
4|1|1|133|404|9999|C
4|1|1|133|406|9999|C
4|1|1|133|407|9999|C
4|1|1|133|419|9999|C
4|1|1|133|420|9999|C
4|1|1|133|421|9999|C
4|1|1|133|440|9999|C
4|1|1|133|456|9999|C
4|1|1|133|457|9999|C
4|1|1|133|458|9999|C
4|1|1|133|459|9999|C
4|1|1|133|460|9999|C
4|1|1|133|484|9999|C
4|1|1|133|485|9999|C
4|1|1|133|491|9999|C
4|1|1|133|501|9999|C
4|1|1|133|502|9999|C
4|1|1|134|175|9999|C
4|1|1|134|272|1|C
4|1|1|134|272|2|C
4|1|1|134|272|3|C
4|1|1|134|272|5|C
4|1|1|134|272|6|C
4|1|1|134|272|7|C
4|1|1|134|272|8|C
4|1|1|134|272|9|C
4|1|1|134|272|10|C
4|1|1|134|272|11|C
4|1|1|134|272|12|*
4|1|1|134|272|13|C
4|1|1|134|272|14|C
4|1|1|134|272|15|C
4|1|1|134|272|16|C
4|1|1|134|272|17|C
4|1|1|134|272|18|C
4|1|1|134|272|19|C
4|1|1|134|272|20|C
4|1|1|134|272|21|C
4|1|1|134|272|22|C
4|1|1|134|272|23|C
4|1|1|134|272|24|C
4|1|1|134|272|25|C
4|1|1|134|272|26|C
4|1|1|134|272|27|C
4|1|1|134|272|28|C
4|1|1|134|272|29|C
4|1|1|134|272|30|C
4|1|1|134|272|31|C
4|1|1|134|272|32|C
4|1|1|134|272|33|C
4|1|1|134|272|34|C
4|1|1|134|272|35|C
4|1|1|134|272|36|C
4|1|1|134|272|37|C
4|1|1|134|272|38|C
4|1|1|134|272|39|C
4|1|1|134|272|40|C
4|1|1|134|272|41|C
4|1|1|134|272|42|C
4|1|1|134|272|43|C
4|1|1|134|272|45|C
4|1|1|134|272|47|C
4|1|1|134|272|9999|C
4|1|1|135|180|1|C
4|1|1|135|180|2|C
4|1|1|135|180|3|C
4|1|1|135|180|4|C
4|1|1|135|180|5|C
4|1|1|135|180|6|C
4|1|1|135|180|7|C
4|1|1|135|180|8|C
4|1|1|135|180|9|C
4|1|1|135|180|10|C
4|1|1|135|180|11|C
4|1|1|135|180|12|C
4|1|1|135|180|13|C
4|1|1|135|180|14|C
4|1|1|135|180|15|C
4|1|1|135|180|16|C
4|1|1|135|180|17|*
4|1|1|135|180|18|C
4|1|1|135|180|19|C
4|1|1|135|180|9999|C
4|1|1|135|408|9999|C
4|1|1|136|30|9999|*
4|1|1|136|56|9999|*
4|1|1|136|181|1|C
4|1|1|136|181|2|C
4|1|1|136|181|3|C
4|1|1|136|181|4|C
4|1|1|136|181|5|C
4|1|1|136|181|6|C
4|1|1|136|181|7|C
4|1|1|136|181|8|C
4|1|1|136|181|9|C
4|1|1|136|181|11|C
4|1|1|136|181|12|C
4|1|1|136|181|13|C
4|1|1|136|181|14|C
4|1|1|136|181|15|C
4|1|1|136|181|16|C
4|1|1|136|181|17|C
4|1|1|136|181|18|C
4|1|1|136|181|19|C
4|1|1|136|181|20|C
4|1|1|136|181|21|C
4|1|1|136|181|22|C
4|1|1|136|181|23|C
4|1|1|136|181|24|C
4|1|1|136|181|25|C
4|1|1|136|181|27|C
4|1|1|136|181|28|C
4|1|1|136|181|29|C
4|1|1|136|181|30|C
4|1|1|136|181|31|C
4|1|1|136|181|32|C
4|1|1|136|181|33|C
4|1|1|136|181|9999|C
4|1|1|136|302|9999|C
4|1|1|136|370|9999|*
4|1|1|136|371|9999|*
4|1|1|136|372|9999|*
4|1|1|136|373|9999|*
4|1|1|136|513|9999|C
4|1|1|136|514|9999|C
4|1|1|136|515|9999|C
4|1|1|137|87|1|C
4|1|1|137|87|2|C
4|1|1|137|87|3|C
4|1|1|137|87|4|C
4|1|1|137|87|5|C
4|1|1|137|87|6|C
4|1|1|137|87|7|C
4|1|1|137|87|8|C
4|1|1|137|87|9|C
4|1|1|137|87|10|C
4|1|1|137|87|11|C
4|1|1|137|87|12|C
4|1|1|137|87|13|C
4|1|1|137|87|14|C
4|1|1|137|87|15|C
4|1|1|137|87|16|C
4|1|1|137|87|17|C
4|1|1|137|87|18|C
4|1|1|137|87|19|C
4|1|1|137|87|20|C
4|1|1|137|87|21|C
4|1|1|137|87|22|C
4|1|1|137|87|23|C
4|1|1|137|87|24|C
4|1|1|137|87|25|C
4|1|1|137|87|26|C
4|1|1|137|436|9999|C
4|1|1|137|437|9999|C
4|1|1|137|439|9999|C
4|1|1|137|477|9999|C
4|1|1|138|54|9999|C
4|1|1|138|194|9999|C
4|1|1|138|267|1|C
4|1|1|138|267|2|C
4|1|1|138|267|3|C
4|1|1|138|267|4|C
4|1|1|138|267|5|C
4|1|1|138|267|6|*
4|1|1|138|267|7|C
4|1|1|138|267|8|C
4|1|1|138|267|9|C
4|1|1|138|267|10|C
4|1|1|138|267|11|C
4|1|1|138|267|12|C
4|1|1|138|267|13|C
4|1|1|138|267|14|C
4|1|1|138|267|15|C
4|1|1|138|267|16|C
4|1|1|138|267|18|C
4|1|1|138|267|19|C
4|1|1|138|267|20|C
4|1|1|138|267|21|C
4|1|1|138|267|23|C
4|1|1|138|267|24|*
4|1|1|138|267|27|C
4|1|1|138|267|28|C
4|1|1|138|267|29|C
4|1|1|138|267|30|C
4|1|1|138|267|31|C
4|1|1|138|267|32|*
4|1|1|138|267|33|C
4|1|1|138|267|34|C
4|1|1|138|267|35|C
4|1|1|138|267|36|C
4|1|1|138|267|37|C
4|1|1|138|267|38|C
4|1|1|138|267|39|C
4|1|1|138|267|41|C
4|1|1|138|267|42|C
4|1|1|138|267|43|C
4|1|1|138|267|44|C
4|1|1|138|267|45|C
4|1|1|138|267|46|C
4|1|1|138|267|47|C
4|1|1|138|267|48|C
4|1|1|138|267|49|C
4|1|1|138|267|50|C
4|1|1|138|267|51|C
4|1|1|138|267|9999|C
4|1|1|138|374|9999|C
4|1|1|138|414|9999|C
4|1|1|138|481|9999|C
4|1|1|139|233|1|C
4|1|1|139|233|2|C
4|1|1|139|233|3|C
4|1|1|139|233|4|C
4|1|1|139|233|5|C
4|1|1|139|233|6|C
4|1|1|139|233|7|C
4|1|1|139|233|8|C
4|1|1|139|233|9|C
4|1|1|139|233|10|C
4|1|1|139|233|11|C
4|1|1|139|233|12|C
4|1|1|139|233|13|C
4|1|1|139|233|14|C
4|1|1|139|233|15|C
4|1|1|139|233|16|C
4|1|1|139|233|17|C
4|1|1|139|233|18|C
4|1|1|139|233|19|C
4|1|1|139|233|20|C
4|1|1|139|233|21|C
4|1|1|139|233|22|C
4|1|1|139|233|23|C
4|1|1|139|233|24|C
4|1|1|139|233|25|C
4|1|1|139|233|26|C
4|1|1|139|233|27|C
4|1|1|139|233|28|C
4|1|1|139|233|29|C
4|1|1|139|233|30|C
4|1|1|139|233|31|C
4|1|1|139|233|32|C
4|1|1|139|233|33|C
4|1|1|139|233|34|C
4|1|1|139|233|35|C
4|1|1|139|233|36|C
4|1|1|139|233|37|C
4|1|1|139|233|38|C
4|1|1|139|233|39|C
4|1|1|139|233|40|C
4|1|1|139|233|9999|C
4|1|1|139|239|1|C
4|1|1|139|239|2|C
4|1|1|139|239|3|C
4|1|1|139|239|4|C
4|1|1|139|239|5|C
4|1|1|139|239|6|C
4|1|1|139|239|7|C
4|1|1|139|239|8|C
4|1|1|139|239|9|C
4|1|1|139|239|10|C
4|1|1|139|239|11|C
4|1|1|139|239|12|C
4|1|1|139|239|13|C
4|1|1|139|239|14|C
4|1|1|139|239|15|C
4|1|1|139|239|16|C
4|1|1|139|239|17|C
4|1|1|139|239|18|C
4|1|1|139|239|19|C
4|1|1|139|239|20|C
4|1|1|139|239|21|C
4|1|1|139|239|22|C
4|1|1|139|239|23|C
4|1|1|139|239|24|C
4|1|1|139|239|25|C
4|1|1|139|239|26|C
4|1|1|139|239|27|C
4|1|1|139|239|28|C
4|1|1|139|239|29|C
4|1|1|139|239|30|C
4|1|1|139|239|31|C
4|1|1|139|239|37|C
4|1|1|139|239|38|C
4|1|1|139|239|39|C
4|1|1|139|239|40|C
4|1|1|139|239|41|C
4|1|1|139|239|42|C
4|1|1|139|239|43|C
4|1|1|139|239|44|C
4|1|1|139|239|45|C
4|1|1|139|239|49|C
4|1|1|139|239|50|C
4|1|1|139|239|9999|C
4|1|1|139|262|9999|C
4|1|1|139|296|1|C
4|1|1|139|296|2|C
4|1|1|139|296|3|C
4|1|1|139|296|4|C
4|1|1|139|296|5|C
4|1|1|139|296|6|C
4|1|1|139|296|7|C
4|1|1|139|296|8|C
4|1|1|139|296|9|C
4|1|1|139|296|10|C
4|1|1|139|296|11|C
4|1|1|139|296|12|C
4|1|1|139|296|13|C
4|1|1|139|296|14|C
4|1|1|139|296|15|C
4|1|1|139|296|16|C
4|1|1|139|296|17|C
4|1|1|139|296|18|C
4|1|1|139|296|19|C
4|1|1|139|296|20|C
4|1|1|139|296|21|C
4|1|1|139|296|22|C
4|1|1|139|296|23|C
4|1|1|139|296|24|C
4|1|1|139|296|25|C
4|1|1|139|296|26|C
4|1|1|139|296|9999|C
4|1|1|139|313|1|C
4|1|1|139|313|2|C
4|1|1|139|313|3|C
4|1|1|139|313|4|C
4|1|1|139|313|5|C
4|1|1|139|313|6|C
4|1|1|139|313|10|C
4|1|1|139|313|12|C
4|1|1|139|313|13|C
4|1|1|139|313|14|C
4|1|1|139|313|15|C
4|1|1|139|313|16|C
4|1|1|139|313|17|C
4|1|1|139|313|18|C
4|1|1|139|313|19|C
4|1|1|139|313|20|C
4|1|1|139|313|21|C
4|1|1|139|313|22|C
4|1|1|139|313|23|C
4|1|1|139|313|24|C
4|1|1|139|313|25|C
4|1|1|139|313|26|C
4|1|1|139|313|27|C
4|1|1|139|313|28|C
4|1|1|139|313|29|C
4|1|1|139|313|30|C
4|1|1|139|313|31|C
4|1|1|139|313|32|C
4|1|1|139|313|33|C
4|1|1|139|313|34|C
4|1|1|139|313|35|C
4|1|1|139|313|36|C
4|1|1|139|313|37|C
4|1|1|139|313|38|C
4|1|1|139|313|39|C
4|1|1|139|313|40|C
4|1|1|139|313|41|C
4|1|1|139|313|42|C
4|1|1|139|313|43|C
4|1|1|139|313|44|C
4|1|1|139|313|45|C
4|1|1|139|313|46|C
4|1|1|139|313|47|C
4|1|1|139|313|48|C
4|1|1|139|313|49|C
4|1|1|139|313|50|C
4|1|1|139|313|51|C
4|1|1|139|313|52|C
4|1|1|139|313|53|C
4|1|1|139|313|54|C
4|1|1|139|313|55|C
4|1|1|139|313|56|C
4|1|1|139|313|57|C
4|1|1|139|313|58|C
4|1|1|139|313|59|C
4|1|1|139|313|60|C
4|1|1|139|313|61|C
4|1|1|139|313|62|C
4|1|1|139|313|63|C
4|1|1|139|313|64|C
4|1|1|139|313|65|C
4|1|1|139|313|66|C
4|1|1|139|313|67|C
4|1|1|139|313|68|C
4|1|1|139|313|69|C
4|1|1|139|313|70|C
4|1|1|139|313|71|C
4|1|1|139|313|72|C
4|1|1|139|313|73|C
4|1|1|139|313|74|C
4|1|1|139|313|75|C
4|1|1|139|313|77|C
4|1|1|139|313|78|C
4|1|1|139|313|79|C
4|1|1|139|313|80|C
4|1|1|139|313|81|C
4|1|1|139|313|82|C
4|1|1|139|313|83|C
4|1|1|139|313|84|C
4|1|1|139|313|85|C
4|1|1|139|313|86|C
4|1|1|139|313|87|C
4|1|1|139|313|88|C
4|1|1|139|313|89|C
4|1|1|139|313|90|C
4|1|1|139|313|91|C
4|1|1|139|313|92|C
4|1|1|139|313|93|C
4|1|1|139|313|94|C
4|1|1|139|313|95|C
4|1|1|139|313|96|C
4|1|1|139|313|97|C
4|1|1|139|313|98|C
4|1|1|139|313|99|C
4|1|1|139|313|101|C
4|1|1|139|313|102|C
4|1|1|139|313|103|C
4|1|1|139|313|104|C
4|1|1|139|313|105|C
4|1|1|139|313|106|C
4|1|1|139|313|107|*
4|1|1|139|313|108|C
4|1|1|139|313|109|C
4|1|1|139|313|110|C
4|1|1|139|313|111|C
4|1|1|139|313|112|C
4|1|1|139|313|113|C
4|1|1|139|313|114|C
4|1|1|139|313|115|C
4|1|1|139|313|116|C
4|1|1|139|313|117|C
4|1|1|139|313|118|C
4|1|1|139|313|119|C
4|1|1|139|313|120|C
4|1|1|139|313|121|C
4|1|1|139|313|122|C
4|1|1|139|313|123|C
4|1|1|139|313|124|C
4|1|1|139|313|125|C
4|1|1|139|313|126|C
4|1|1|139|322|9999|C
4|1|1|139|360|9999|C
4|1|1|139|361|9999|C
4|1|1|139|418|9999|C
4|1|1|139|496|9999|C
4|1|1|139|497|9999|C
4|1|1|139|498|9999|C
4|1|1|139|499|9999|C
4|1|1|139|523|9999|C
4|1|1|140|2|1|C
4|1|1|140|2|2|C
4|1|1|140|2|3|C
4|1|1|140|2|4|C
4|1|1|140|2|5|*
4|1|1|140|2|6|C
4|1|1|140|2|7|C
4|1|1|140|2|8|C
4|1|1|140|2|9|C
4|1|1|140|2|10|C
4|1|1|140|2|11|C
4|1|1|140|2|12|C
4|1|1|140|2|13|C
4|1|1|140|2|14|C
4|1|1|140|2|15|C
4|1|1|140|2|17|*
4|1|1|140|2|18|C
4|1|1|140|2|19|C
4|1|1|140|2|20|C
4|1|1|140|2|21|C
4|1|1|140|2|22|C
4|1|1|140|2|23|C
4|1|1|140|2|24|C
4|1|1|140|2|25|C
4|1|1|140|2|26|*
4|1|1|140|2|27|C
4|1|1|140|2|28|C
4|1|1|140|2|29|C
4|1|1|140|2|30|C
4|1|1|140|2|31|C
4|1|1|140|2|32|C
4|1|1|140|2|33|C
4|1|1|140|2|34|C
4|1|1|140|2|35|C
4|1|1|140|2|36|C
4|1|1|140|2|37|*
4|1|1|140|2|38|C
4|1|1|140|2|39|C
4|1|1|140|2|40|C
4|1|1|140|2|41|C
4|1|1|140|2|42|C
4|1|1|140|2|43|C
4|1|1|140|2|44|C
4|1|1|140|2|45|C
4|1|1|140|2|46|C
4|1|1|140|2|47|C
4|1|1|140|2|48|C
4|1|1|140|2|49|C
4|1|1|140|2|50|C
4|1|1|140|2|51|C
4|1|1|140|2|52|C
4|1|1|140|2|53|C
4|1|1|140|2|54|C
4|1|1|140|2|55|C
4|1|1|140|2|56|C
4|1|1|140|2|57|C
4|1|1|140|2|58|C
4|1|1|140|2|59|C
4|1|1|140|2|60|C
4|1|1|140|2|61|C
4|1|1|140|2|62|C
4|1|1|140|2|63|C
4|1|1|140|2|64|C
4|1|1|140|2|65|C
4|1|1|140|2|66|C
4|1|1|140|2|67|C
4|1|1|140|2|68|C
4|1|1|140|2|69|*
4|1|1|140|2|70|*
4|1|1|140|2|71|*
4|1|1|140|2|72|C
4|1|1|140|2|73|C
4|1|1|140|2|74|C
4|1|1|140|2|75|*
4|1|1|140|2|76|C
4|1|1|140|2|77|C
4|1|1|140|2|78|C
4|1|1|140|2|79|C
4|1|1|140|11|9999|C
4|1|1|140|36|9999|C
4|1|1|140|77|9999|C
4|1|1|140|88|9999|*
4|1|1|140|133|9999|C
4|1|1|140|134|9999|C
4|1|1|140|167|9999|C
4|1|1|140|185|9999|C
4|1|1|140|187|9999|C
4|1|1|140|202|9999|*
4|1|1|140|221|9999|*
4|1|1|140|275|9999|C
4|1|1|140|276|9999|C
4|1|1|140|295|9999|C
4|1|1|140|321|9999|C
4|1|1|140|362|9999|C
4|1|1|140|415|9999|C
4|1|1|140|428|9999|C
4|1|1|140|429|9999|C
4|1|1|140|433|9999|C
4|1|1|140|444|9999|C
4|1|1|140|516|9999|C
4|1|1|140|517|9999|C
4|1|1|140|518|9999|C
4|1|1|141|2|1|C
4|1|1|141|2|2|C
4|1|1|141|2|3|C
4|1|1|141|2|4|C
4|1|1|141|2|5|C
4|1|1|141|2|6|C
4|1|1|141|2|7|C
4|1|1|141|2|8|C
4|1|1|141|2|9|C
4|1|1|141|2|10|C
4|1|1|141|2|11|C
4|1|1|141|2|12|C
4|1|1|141|2|13|C
4|1|1|141|2|14|C
4|1|1|141|2|15|C
4|1|1|141|2|16|C
4|1|1|141|2|17|C
4|1|1|141|2|18|C
4|1|1|141|2|19|C
4|1|1|141|2|20|C
4|1|1|141|2|21|C
4|1|1|141|2|22|C
4|1|1|141|2|23|C
4|1|1|141|2|24|C
4|1|1|141|2|25|C
4|1|1|141|2|26|C
4|1|1|141|2|27|C
4|1|1|141|2|28|C
4|1|1|141|2|29|C
4|1|1|141|2|30|C
4|1|1|141|2|31|C
4|1|1|141|2|32|C
4|1|1|141|2|33|C
4|1|1|141|2|34|C
4|1|1|141|2|35|C
4|1|1|141|2|36|C
4|1|1|141|2|37|C
4|1|1|141|2|38|C
4|1|1|141|2|39|C
4|1|1|141|2|40|C
4|1|1|141|2|41|C
4|1|1|141|2|42|C
4|1|1|141|2|43|C
4|1|1|141|2|44|C
4|1|1|141|2|45|C
4|1|1|141|2|46|C
4|1|1|141|2|47|C
4|1|1|141|2|48|C
4|1|1|141|2|49|C
4|1|1|141|2|50|C
4|1|1|141|2|51|C
4|1|1|141|2|52|C
4|1|1|141|2|53|C
4|1|1|141|2|54|C
4|1|1|141|2|55|C
4|1|1|141|2|56|C
4|1|1|141|2|57|C
4|1|1|141|2|58|C
4|1|1|141|2|59|C
4|1|1|141|2|60|C
4|1|1|141|2|61|C
4|1|1|141|2|62|C
4|1|1|141|2|63|C
4|1|1|141|2|64|C
4|1|1|141|2|65|C
4|1|1|141|2|66|C
4|1|1|141|2|67|C
4|1|1|141|2|68|C
4|1|1|141|2|69|C
4|1|1|141|2|70|C
4|1|1|141|2|72|C
4|1|1|141|2|75|C
4|1|1|141|2|77|C
4|1|1|141|2|81|C
4|1|1|141|2|82|C
4|1|1|141|2|83|C
4|1|1|141|2|84|C
4|1|1|141|2|85|C
4|1|1|141|2|86|C
4|1|1|141|2|87|C
4|1|1|141|2|88|C
4|1|1|141|2|89|C
4|1|1|141|2|90|C
4|1|1|141|2|97|C
4|1|1|142|135|9999|C
4|1|1|142|192|1|C
4|1|1|142|192|2|C
4|1|1|142|192|3|C
4|1|1|142|192|4|C
4|1|1|142|192|5|C
4|1|1|142|192|6|C
4|1|1|142|192|7|C
4|1|1|142|192|8|C
4|1|1|142|192|10|C
4|1|1|142|192|11|C
4|1|1|142|192|12|C
4|1|1|142|192|13|C
4|1|1|142|192|14|C
4|1|1|142|192|15|*
4|1|1|142|192|16|C
4|1|1|142|192|17|C
4|1|1|142|192|18|C
4|1|1|142|192|19|C
4|1|1|142|192|20|C
4|1|1|142|192|21|C
4|1|1|142|192|22|C
4|1|1|142|192|23|C
4|1|1|142|192|24|C
4|1|1|142|192|25|C
4|1|1|142|192|26|C
4|1|1|142|192|27|C
4|1|1|142|192|28|C
4|1|1|142|192|29|C
4|1|1|142|192|30|C
4|1|1|142|192|31|C
4|1|1|142|192|32|C
4|1|1|142|192|33|C
4|1|1|142|192|34|C
4|1|1|142|192|35|C
4|1|1|142|192|36|C
4|1|1|142|192|37|C
4|1|1|142|192|38|C
4|1|1|142|192|39|C
4|1|1|142|192|40|C
4|1|1|142|192|41|C
4|1|1|142|192|42|C
4|1|1|142|192|43|C
4|1|1|142|192|44|C
4|1|1|142|192|45|C
4|1|1|142|192|46|C
4|1|1|142|192|47|C
4|1|1|142|192|49|C
4|1|1|142|192|50|C
4|1|1|142|192|51|C
4|1|1|142|192|52|C
4|1|1|142|192|53|C
4|1|1|142|192|54|C
4|1|1|142|192|55|C
4|1|1|142|192|56|C
4|1|1|142|192|57|C
4|1|1|142|192|58|C
4|1|1|142|192|59|C
4|1|1|142|192|60|C
4|1|1|142|192|61|C
4|1|1|142|192|62|C
4|1|1|142|192|63|C
4|1|1|142|192|64|C
4|1|1|142|192|65|C
4|1|1|142|192|67|C
4|1|1|142|192|68|C
4|1|1|142|192|69|C
4|1|1|142|192|70|C
4|1|1|142|192|71|C
4|1|1|142|192|72|C
4|1|1|142|192|73|C
4|1|1|142|192|74|C
4|1|1|142|192|75|C
4|1|1|142|192|76|*
4|1|1|142|192|77|C
4|1|1|142|192|78|C
4|1|1|142|192|79|C
4|1|1|142|192|80|*
4|1|1|142|192|81|C
4|1|1|142|192|82|C
4|1|1|142|192|83|C
4|1|1|142|192|84|C
4|1|1|142|192|85|C
4|1|1|142|192|86|C
4|1|1|142|192|9999|C
4|1|1|142|315|1|C
4|1|1|142|315|2|C
4|1|1|142|315|3|C
4|1|1|142|315|4|C
4|1|1|142|315|5|C
4|1|1|142|315|6|C
4|1|1|142|315|7|C
4|1|1|142|315|8|C
4|1|1|142|315|9|C
4|1|1|142|315|10|C
4|1|1|142|315|11|C
4|1|1|142|315|12|C
4|1|1|142|315|13|C
4|1|1|142|315|14|C
4|1|1|142|315|15|C
4|1|1|142|315|16|C
4|1|1|142|315|17|C
4|1|1|142|315|18|C
4|1|1|142|315|19|C
4|1|1|142|315|20|C
4|1|1|142|315|21|C
4|1|1|142|315|22|C
4|1|1|142|315|23|C
4|1|1|142|315|24|C
4|1|1|142|315|25|C
4|1|1|142|315|26|C
4|1|1|142|315|27|C
4|1|1|142|315|28|*
4|1|1|142|315|29|C
4|1|1|142|315|30|C
4|1|1|142|315|31|C
4|1|1|142|315|32|C
4|1|1|142|315|33|C
4|1|1|142|315|34|C
4|1|1|142|315|35|C
4|1|1|142|315|36|C
4|1|1|142|315|37|C
4|1|1|142|315|38|C
4|1|1|142|315|39|C
4|1|1|142|315|40|C
4|1|1|142|315|41|C
4|1|1|142|315|42|C
4|1|1|142|315|43|C
4|1|1|142|315|9999|C
4|1|1|142|316|1|C
4|1|1|142|316|2|C
4|1|1|142|316|3|C
4|1|1|142|316|4|C
4|1|1|142|316|5|C
4|1|1|142|316|6|C
4|1|1|142|316|7|C
4|1|1|142|316|8|C
4|1|1|142|316|9|C
4|1|1|142|316|10|C
4|1|1|142|316|11|C
4|1|1|142|316|12|C
4|1|1|142|316|13|C
4|1|1|142|316|14|C
4|1|1|142|316|15|*
4|1|1|142|316|16|C
4|1|1|142|316|17|C
4|1|1|142|316|18|C
4|1|1|142|316|19|C
4|1|1|142|316|20|C
4|1|1|142|316|21|C
4|1|1|142|316|22|C
4|1|1|142|316|23|C
4|1|1|142|316|24|C
4|1|1|142|316|25|C
4|1|1|142|316|26|C
4|1|1|142|441|9999|C
4|1|1|142|506|9999|C
4|1|1|143|7|1|C
4|1|1|143|7|2|C
4|1|1|143|7|3|C
4|1|1|143|7|4|C
4|1|1|143|7|5|C
4|1|1|143|7|6|C
4|1|1|143|7|7|C
4|1|1|143|7|8|C
4|1|1|143|7|9|C
4|1|1|143|7|10|C
4|1|1|143|7|11|C
4|1|1|143|7|12|C
4|1|1|143|7|13|C
4|1|1|143|7|14|C
4|1|1|143|7|15|C
4|1|1|143|7|16|C
4|1|1|143|7|17|C
4|1|1|143|7|18|C
4|1|1|143|7|19|C
4|1|1|143|7|20|C
4|1|1|143|7|21|C
4|1|1|143|7|22|C
4|1|1|143|7|23|C
4|1|1|143|7|24|C
4|1|1|143|7|25|C
4|1|1|143|7|26|C
4|1|1|143|7|29|C
4|1|1|143|7|30|C
4|1|1|143|7|31|C
4|1|1|143|7|34|C
4|1|1|143|7|35|C
4|1|1|143|7|36|C
4|1|1|143|7|37|C
4|1|1|143|7|39|C
4|1|1|143|7|40|C
4|1|1|143|7|41|C
4|1|1|143|7|42|C
4|1|1|143|7|43|C
4|1|1|143|7|44|C
4|1|1|143|7|45|C
4|1|1|143|7|46|*
4|1|1|143|7|47|C
4|1|1|143|7|48|C
4|1|1|143|7|49|C
4|1|1|143|7|50|C
4|1|1|143|7|51|C
4|1|1|143|7|52|C
4|1|1|143|7|53|C
4|1|1|143|7|54|*
4|1|1|143|7|55|C
4|1|1|143|7|9999|C
4|1|1|143|259|9999|C
4|1|1|144|21|1|C
4|1|1|144|21|2|C
4|1|1|144|21|3|C
4|1|1|144|21|4|*
4|1|1|144|21|5|C
4|1|1|144|21|6|C
4|1|1|144|21|7|C
4|1|1|144|21|8|C
4|1|1|144|21|9|C
4|1|1|144|21|10|C
4|1|1|144|21|11|C
4|1|1|144|21|12|C
4|1|1|144|21|13|C
4|1|1|144|21|14|C
4|1|1|144|21|15|C
4|1|1|144|21|16|C
4|1|1|144|21|17|C
4|1|1|144|21|18|C
4|1|1|144|21|19|C
4|1|1|144|21|20|C
4|1|1|144|21|21|C
4|1|1|144|21|22|C
4|1|1|144|21|9999|C
4|1|1|144|22|9999|*
4|1|1|144|490|9999|C
4|1|1|145|171|1|C
4|1|1|145|171|2|C
4|1|1|145|171|3|C
4|1|1|145|171|4|C
4|1|1|145|171|5|C
4|1|1|145|171|6|C
4|1|1|145|171|7|C
4|1|1|145|171|8|C
4|1|1|145|171|9|C
4|1|1|145|171|10|C
4|1|1|145|171|11|C
4|1|1|145|171|12|C
4|1|1|145|171|13|C
4|1|1|145|171|14|C
4|1|1|145|171|15|C
4|1|1|145|171|16|C
4|1|1|145|171|17|C
4|1|1|145|171|18|C
4|1|1|145|171|19|C
4|1|1|145|171|20|C
4|1|1|145|171|21|C
4|1|1|145|171|22|C
4|1|1|145|171|23|C
4|1|1|145|171|24|C
4|1|1|145|171|25|C
4|1|1|145|171|26|C
4|1|1|145|171|27|C
4|1|1|145|171|28|C
4|1|1|145|171|29|C
4|1|1|145|171|30|C
4|1|1|145|171|31|C
4|1|1|145|171|32|C
4|1|1|145|171|33|C
4|1|1|145|171|34|C
4|1|1|145|171|35|C
4|1|1|145|171|36|C
4|1|1|145|171|37|C
4|1|1|145|171|40|C
4|1|1|145|171|42|C
4|1|1|145|171|43|C
4|1|1|145|171|44|C
4|1|1|145|171|45|C
4|1|1|145|171|46|C
4|1|1|145|171|47|C
4|1|1|145|171|48|C
4|1|1|145|171|49|C
4|1|1|145|171|9999|C
4|1|1|145|519|9999|C
4|1|1|146|161|2|C
4|1|1|146|161|3|C
4|1|1|146|161|4|C
4|1|1|146|161|5|C
4|1|1|146|161|6|C
4|1|1|146|161|7|C
4|1|1|146|161|8|C
4|1|1|146|161|9|C
4|1|1|146|161|10|*
4|1|1|146|161|11|C
4|1|1|146|161|12|C
4|1|1|146|161|13|C
4|1|1|146|161|14|C
4|1|1|146|161|15|C
4|1|1|146|161|16|C
4|1|1|146|161|17|C
4|1|1|146|161|18|C
4|1|1|146|161|19|C
4|1|1|146|161|20|C
4|1|1|146|161|21|C
4|1|1|146|161|22|C
4|1|1|146|161|23|C
4|1|1|146|161|24|C
4|1|1|146|161|25|C
4|1|1|146|161|26|C
4|1|1|146|161|27|C
4|1|1|146|161|28|C
4|1|1|146|161|29|C
4|1|1|146|161|30|C
4|1|1|146|161|31|C
4|1|1|146|161|32|C
4|1|1|146|161|33|C
4|1|1|146|161|34|C
4|1|1|146|161|35|C
4|1|1|146|161|37|C
4|1|1|146|161|38|C
4|1|1|146|161|39|C
4|1|1|146|161|40|C
4|1|1|146|161|41|C
4|1|1|146|161|42|C
4|1|1|146|161|43|C
4|1|1|146|161|44|C
4|1|1|146|161|45|C
4|1|1|146|161|46|C
4|1|1|146|161|47|C
4|1|1|146|161|48|C
4|1|1|146|161|9999|C
4|1|1|146|189|1|C
4|1|1|146|189|2|C
4|1|1|146|189|3|C
4|1|1|146|189|4|C
4|1|1|146|189|5|C
4|1|1|146|189|6|C
4|1|1|146|189|7|C
4|1|1|146|189|8|C
4|1|1|146|189|9|C
4|1|1|146|189|10|C
4|1|1|146|189|11|C
4|1|1|146|189|12|C
4|1|1|146|189|13|C
4|1|1|146|189|14|C
4|1|1|146|189|15|C
4|1|1|146|189|16|C
4|1|1|146|189|17|C
4|1|1|146|189|18|C
4|1|1|146|189|19|C
4|1|1|540|1|1|C
4|1|1|540|1|2|C
4|1|1|540|1|3|C
4|1|1|540|1|4|C
4|1|1|540|1|5|C
4|1|1|540|1|6|C
4|1|1|540|1|7|C
4|1|1|540|1|8|C
4|1|1|540|1|9|C
4|1|1|540|1|10|C
4|1|1|540|1|11|C
4|1|1|540|1|12|C
4|1|1|540|1|13|C
4|1|1|540|1|14|C
4|1|1|540|1|15|C
4|1|1|540|1|16|C
4|1|1|540|1|17|C
4|1|1|540|1|18|C
4|1|1|540|1|19|C
4|1|1|540|1|20|C
4|1|1|540|1|21|C
4|1|1|540|1|22|C
4|1|1|540|1|23|C
4|1|1|540|1|24|C
4|1|1|540|1|25|C
4|1|1|540|1|26|C
4|1|1|540|1|27|C
4|1|1|540|1|28|C
4|1|1|540|1|29|C
4|1|1|540|1|30|C
4|1|1|540|1|31|C
4|1|1|541|1|1|C
4|1|1|541|1|2|C
4|1|1|541|1|3|C
4|1|1|541|1|4|C
4|1|1|541|1|5|C
4|1|1|541|1|6|C
4|1|1|541|1|7|C
4|1|1|541|1|8|C
4|1|1|541|1|9|C
4|1|1|541|1|10|C
4|1|1|541|1|11|C
4|1|1|541|1|12|C
4|1|1|541|1|13|C
4|1|1|541|1|14|C
4|1|1|541|1|15|C
4|1|1|541|1|16|C
4|1|1|541|1|17|C
4|1|1|541|1|18|C
4|1|1|541|1|19|C
4|1|1|541|1|20|C
4|1|1|541|1|21|C
4|1|1|541|1|22|C
4|1|1|541|1|23|C
4|1|1|541|1|24|C
4|1|1|541|1|25|C
4|1|1|541|1|26|C
4|1|1|541|1|27|C
4|1|1|541|1|28|C
4|1|1|541|1|29|C
4|1|1|541|1|30|C
4|1|1|541|1|31|C
4|1|1|541|1|32|C
4|1|1|541|1|33|C
4|1|1|541|1|34|C
4|1|1|541|1|35|C
4|1|1|541|1|36|C
4|1|1|541|1|37|C
4|1|1|541|1|38|C
4|1|1|541|1|39|C
4|1|1|541|1|40|C
4|1|1|541|1|41|C
4|1|1|541|1|42|C
4|1|1|541|1|43|C
4|1|1|541|1|44|C
4|1|1|541|1|45|C
4|1|1|548|1|1|C
4|1|1|548|1|2|C
4|1|1|548|1|3|C
4|1|1|548|1|4|C
4|1|1|548|1|5|C
4|1|1|548|1|6|C
4|1|1|548|1|7|C
4|1|1|548|1|8|C
4|1|1|548|1|9|C
4|1|1|548|1|10|C
4|1|1|548|1|11|C
4|1|1|548|1|12|C
4|1|1|548|1|13|C
4|1|1|548|1|14|C
4|1|1|548|1|15|C
4|1|1|548|1|16|C
4|1|1|548|1|17|C
4|1|1|548|1|18|C
4|1|1|548|1|19|C
4|1|1|548|1|20|C
4|1|1|548|1|21|C
4|1|1|548|1|22|C
4|1|1|548|1|23|C
4|1|1|548|1|24|C
4|1|1|548|1|25|C
4|1|1|548|1|26|C
4|1|1|548|1|27|C
4|1|1|548|1|28|C
4|1|1|548|1|29|C
4|1|1|548|1|30|C
4|1|1|548|1|31|C
4|1|1|548|1|32|C
4|1|1|548|1|33|C
4|1|1|548|1|34|C
4|1|1|549|1|1|C
4|1|1|549|1|2|C
4|1|1|549|1|3|C
4|1|1|549|1|4|C
4|1|1|549|1|5|C
4|1|1|549|1|6|C
4|1|1|549|1|7|C
4|1|1|549|1|8|C
4|1|1|549|1|9|C
4|1|1|549|1|10|C
4|1|1|549|1|11|C
4|1|1|549|1|12|C
4|1|1|549|1|13|C
4|1|1|549|1|14|C
4|1|1|549|1|15|C
4|1|1|549|1|16|C
4|1|1|549|1|17|C
4|1|1|549|1|18|C
4|1|1|549|1|19|C
4|1|1|549|1|20|C
4|1|1|549|1|21|C
4|1|1|549|1|22|C
4|1|1|549|1|23|C
4|1|1|549|1|24|C
4|1|1|549|1|25|C
4|1|1|549|1|26|C
4|1|1|549|1|27|C
4|1|1|549|1|28|C
4|1|1|549|1|29|C
4|1|1|549|1|30|C
4|1|1|549|1|31|C
4|1|1|549|1|32|C
4|1|1|549|1|33|C
4|1|1|549|1|34|C
4|1|1|549|1|35|C
4|1|1|549|1|36|C
4|1|1|549|1|37|C
4|1|1|549|1|38|C
4|1|1|549|1|39|C
4|1|1|549|1|40|C
4|1|1|549|1|41|C
4|1|1|549|1|42|C
4|1|1|549|1|43|*
4|1|1|550|1|1|C
4|1|1|550|1|2|C
4|1|1|550|1|3|C
4|1|1|550|1|4|C
4|1|1|550|1|5|C
4|1|1|550|1|6|C
4|1|1|550|1|7|C
4|1|1|550|1|8|C
4|1|1|550|1|9|C
4|1|1|550|1|10|C
4|1|1|550|1|11|C
4|1|1|550|1|12|C
4|1|1|550|1|13|C
4|1|1|550|1|14|C
4|1|1|550|1|15|C
4|1|1|550|1|16|C
4|1|1|550|1|17|C
4|1|1|550|1|18|C
4|1|1|550|1|19|C
4|1|1|550|1|20|C
4|1|1|550|1|21|C
4|1|1|550|1|22|C
4|1|1|550|1|23|C
4|1|1|551|1|1|C
4|1|1|551|1|2|C
4|1|1|551|1|3|C
4|1|1|551|1|4|C
4|1|1|551|1|5|C
4|1|1|551|1|6|C
4|1|1|551|1|7|C
4|1|1|551|1|8|C
4|1|1|551|1|9|C
4|1|1|551|1|10|C
4|1|1|551|1|11|C
4|1|1|551|1|12|C
4|1|1|551|1|13|C
4|1|1|551|1|14|C
4|1|1|551|1|15|C
4|1|1|551|1|16|C
4|1|1|551|1|17|C
4|1|1|551|1|18|C
4|1|1|551|1|19|C
4|1|1|551|1|20|C
4|1|1|551|1|21|C
4|1|1|551|1|22|C
4|1|1|551|1|23|C
4|1|1|551|1|24|C
4|1|1|551|1|25|C
4|1|1|551|1|26|C
4|1|1|551|1|27|C
4|1|1|551|1|28|C
4|1|1|551|1|29|C
4|1|1|551|1|30|C
4|1|1|551|1|31|C
4|1|1|551|1|32|C
4|1|1|551|1|33|C
4|1|1|551|1|34|C
4|1|1|551|1|35|C
4|1|1|551|1|36|C
4|1|1|551|1|37|C
4|1|1|551|1|38|C
4|1|1|551|1|39|C
4|1|1|551|1|40|C
4|1|1|551|1|41|C
4|1|1|551|1|42|C
4|1|1|551|1|43|C
4|1|1|551|1|44|*
4|1|1|552|1|1|C
4|1|1|552|1|2|C
4|1|1|552|1|3|C
4|1|1|552|1|4|C
4|1|1|552|1|5|C
4|1|1|552|1|6|C
4|1|1|552|1|7|C
4|1|1|552|1|9|C
4|1|1|552|1|10|C
4|1|1|552|1|11|C
4|1|1|552|1|12|C
4|1|1|552|1|13|C
4|1|1|552|1|14|C
4|1|1|552|1|15|C
4|1|1|552|1|16|C
4|1|1|552|1|17|C
4|1|1|552|1|18|C
4|1|1|552|1|19|C
4|1|1|552|1|20|C
4|1|1|552|1|21|C
4|1|1|552|1|22|C
4|1|1|552|1|23|C
4|1|1|552|1|24|C
4|1|1|552|1|25|C
4|1|1|552|1|26|C
4|1|1|552|1|27|C
4|1|1|552|1|28|C
4|1|1|552|1|29|C
4|1|1|552|1|30|C
4|1|1|552|1|31|C
4|1|1|552|1|32|C
4|1|1|552|1|33|C
4|1|1|552|1|34|C
4|1|1|552|1|35|C
4|1|1|552|1|36|C
4|1|1|552|1|37|C
4|1|1|552|1|38|C
4|1|1|552|1|39|C
4|1|1|552|1|40|C
4|1|1|552|1|41|C
4|1|1|552|1|42|C
4|1|1|552|1|43|C
4|1|1|552|1|44|C
4|1|1|552|1|45|C
4|1|1|552|1|46|C
4|1|1|552|1|47|C
4|1|1|552|1|48|C
4|1|1|552|1|49|C
4|1|1|552|1|50|C
4|1|1|552|1|51|C
4|1|1|552|1|52|C
4|1|1|552|1|53|C
4|1|1|552|1|54|C
4|1|1|552|1|55|C
4|1|1|552|1|56|C
4|1|1|552|1|57|C
4|1|1|552|1|58|C
4|1|1|552|1|59|C
4|1|1|552|1|60|C
4|1|1|552|1|61|C
4|1|1|552|1|62|*
4|1|1|552|1|63|C
4|1|1|552|1|64|C
4|1|1|552|1|65|C
4|1|1|552|1|66|C
4|1|1|552|1|67|C
4|1|1|552|1|68|C
4|1|1|552|1|69|C
4|1|1|552|1|70|C
4|1|1|552|1|71|C
4|1|1|552|1|72|C
4|1|1|552|1|73|C
4|1|1|552|1|74|*
4|1|1|552|1|75|C
4|1|1|553|1|1|C
4|1|1|553|1|2|C
4|1|1|553|1|3|C
4|1|1|553|1|4|C
4|1|1|553|1|5|C
4|1|1|553|1|6|C
4|1|1|553|1|7|C
4|1|1|553|1|8|C
4|1|1|553|1|9|C
4|1|1|553|1|10|C
4|1|1|553|1|11|C
4|1|1|553|1|12|C
4|1|1|553|1|13|C
4|1|1|553|1|14|C
4|1|1|553|1|15|C
4|1|1|553|1|16|C
4|1|1|553|1|17|C
4|1|1|553|1|18|C
4|1|1|553|1|19|C
4|1|1|553|1|20|C
4|1|1|553|1|21|C
4|1|1|553|1|22|C
4|1|1|553|1|23|C
4|1|1|553|1|24|C
4|1|1|553|1|25|C
4|1|1|553|1|26|C
4|1|1|553|1|27|C
4|1|1|553|1|28|C
4|1|1|553|1|29|C
4|1|1|553|1|30|C
4|1|1|553|1|31|C
4|1|1|553|1|32|C
4|1|1|553|1|33|C
4|1|1|553|1|34|C
4|1|1|553|1|35|C
4|1|1|553|1|36|C
4|1|1|553|1|37|C
4|1|1|553|1|38|C
4|1|1|553|1|39|C
4|1|1|553|1|40|C
4|1|1|553|1|41|C
4|1|1|553|1|42|C
4|1|1|553|1|43|C
4|1|1|553|1|44|C
4|1|1|553|1|45|C
4|1|1|553|1|46|C
4|1|1|553|1|47|C
4|1|1|553|1|48|C
4|1|1|553|1|49|C
4|1|1|553|1|50|C
4|1|1|553|1|51|C
4|1|1|553|1|52|C
4|1|1|553|1|53|C
4|1|1|553|1|54|C
4|1|1|553|1|55|C
4|1|1|553|1|56|C
4|1|1|553|1|57|C
4|1|1|553|1|58|C
4|1|1|553|1|59|C
4|1|1|553|1|60|C
4|1|1|553|1|61|C
4|1|1|553|1|62|C
4|1|1|553|1|63|C
4|1|1|553|1|64|C
4|1|1|553|1|65|C
4|1|1|553|1|66|C
4|1|1|553|1|67|C
4|1|1|553|1|68|C
4|1|1|553|1|69|C
4|1|1|553|1|70|*
4|1|1|553|1|71|*
4|1|1|553|1|72|C
4|1|1|553|1|73|C
4|1|1|553|1|74|C
4|1|1|553|1|75|C
4|1|1|553|1|76|C
4|1|1|553|1|77|C
4|1|1|553|1|78|C
4|1|1|553|1|79|C
4|1|1|553|1|80|C
4|1|1|553|1|81|C
4|1|1|553|1|82|C
4|1|1|553|1|83|C
4|1|1|553|1|84|C
4|1|1|553|1|85|C
4|1|1|553|1|86|C
4|1|1|553|1|87|C
4|1|1|553|1|88|C
4|1|1|553|1|89|C
4|1|1|553|1|90|C
4|1|1|553|1|91|C
4|1|1|553|1|92|C
4|1|1|553|1|93|C
4|1|1|553|1|94|C
4|1|1|553|1|95|C
4|1|1|553|1|96|C
4|1|1|553|1|97|C
4|1|1|553|1|98|C
4|1|1|553|1|99|C
4|1|1|553|1|100|C
4|1|1|558|1|1|C
4|1|1|558|1|2|C
4|1|1|558|1|3|C
4|1|1|558|1|4|C
4|1|1|558|1|5|C
4|1|1|558|1|6|C
4|1|1|558|1|7|C
4|1|1|558|1|8|C
4|1|1|558|1|9|C
4|1|1|558|1|10|C
4|1|1|558|1|11|C
4|1|1|558|1|12|C
4|1|1|558|1|13|C
4|1|1|558|1|14|C
4|1|1|558|1|15|C
4|1|1|558|1|16|C
4|1|1|558|1|17|C
4|1|1|558|1|18|C
4|1|1|558|1|19|C
4|1|1|558|1|20|C
4|1|1|558|1|21|C
4|1|1|558|1|22|C
4|1|1|558|1|23|C
4|1|1|558|1|24|C
4|1|1|558|1|25|C
4|1|1|558|1|26|C
4|1|1|558|1|27|C
4|1|1|558|1|28|C
4|1|1|558|1|29|C
4|1|1|558|1|30|C
4|1|1|558|1|31|C
4|1|1|558|1|32|C
4|1|1|558|1|33|C
4|1|1|558|1|34|C
4|1|1|558|1|35|C
4|1|1|558|1|36|C
4|1|1|558|1|37|C
4|1|1|558|1|38|C
4|1|1|558|1|39|C
4|1|1|558|1|40|C
4|1|1|558|1|41|C
4|1|1|558|1|42|C
4|1|1|558|1|43|C
4|1|1|558|1|44|C
4|1|1|558|1|45|C
4|1|1|558|1|46|C
4|1|1|558|1|47|C
4|1|1|558|1|48|C
4|1|1|558|1|49|C
4|1|1|558|1|50|C
4|1|1|558|1|51|C
4|1|1|558|1|52|C
4|1|1|558|1|53|C
4|1|1|558|1|54|C
4|1|1|558|1|55|C
4|1|1|558|1|56|C
4|1|1|558|1|57|C
4|1|1|558|1|58|C
4|1|1|558|1|59|C
4|1|1|558|1|60|C
4|1|1|558|1|61|C
4|1|1|558|1|62|C
4|1|1|558|1|63|C
4|1|1|558|1|64|C
4|1|1|558|1|65|C
4|1|1|558|1|66|C
4|1|1|558|1|67|C
4|1|1|558|1|68|C
4|1|1|558|1|69|C
4|1|1|558|1|70|C
4|1|1|558|1|71|C
4|1|1|558|1|72|C
4|1|1|558|1|73|C
4|1|1|558|1|74|C
4|1|1|558|1|75|*
4|1|1|559|1|1|C
4|1|1|559|1|2|C
4|1|1|559|1|3|C
4|1|1|559|1|4|C
4|1|1|559|1|5|C
4|1|1|559|1|6|C
4|1|1|559|1|7|C
4|1|1|559|1|8|C
4|1|1|559|1|9|C
4|1|1|559|1|10|C
4|1|1|559|1|11|C
4|1|1|559|1|12|C
4|1|1|559|1|13|C
4|1|1|559|1|14|C
4|1|1|559|1|15|C
4|1|1|559|1|16|C
4|1|1|559|1|17|C
4|1|1|559|1|18|C
4|1|1|559|1|19|C
4|1|1|559|1|20|C
4|1|1|559|1|21|C
4|1|1|559|1|22|C
4|1|1|559|1|23|C
4|1|1|559|1|24|C
4|1|1|559|1|25|C
4|1|1|559|1|26|C
4|1|1|559|1|27|C
4|1|1|559|1|28|C
4|1|1|559|1|29|C
4|1|1|559|1|30|C
4|1|1|559|1|31|C
4|1|1|559|1|32|C
4|1|1|559|1|33|C
4|1|1|559|1|34|C
4|1|1|559|1|35|C
4|1|1|559|1|36|C
4|1|1|559|1|37|C
4|1|1|559|1|38|C
4|1|1|559|1|39|C
4|1|1|559|1|40|C
4|1|1|559|1|41|C
4|1|1|560|1|1|C
4|1|1|560|1|2|C
4|1|1|560|1|3|C
4|1|1|560|1|4|C
4|1|1|560|1|5|C
4|1|1|560|1|6|C
4|1|1|560|1|7|C
4|1|1|560|1|8|C
4|1|1|560|1|9|C
4|1|1|560|1|10|C
4|1|1|560|1|11|C
4|1|1|560|1|12|C
4|1|1|560|1|13|C
4|1|1|560|1|14|C
4|1|1|560|1|15|C
4|1|1|560|1|16|C
4|1|1|560|1|17|C
4|1|1|560|1|18|C
4|1|1|560|1|19|C
4|1|1|560|1|20|C
4|1|1|560|1|21|C
4|1|1|560|1|22|C
4|1|1|560|1|23|C
4|1|1|560|1|24|C
4|1|1|560|1|25|C
4|1|1|560|1|26|C
4|1|1|560|1|27|C
4|1|1|560|1|28|C
4|1|1|560|1|29|C
4|1|1|560|1|30|C
4|1|1|560|1|31|C
4|1|1|560|1|32|C
4|1|1|560|1|33|C
4|1|1|560|1|34|C
4|1|1|560|1|35|C
4|1|1|560|1|36|C
4|1|1|560|1|37|C
4|1|1|560|1|38|C
4|1|1|560|1|39|C
4|1|1|560|1|40|C
4|1|1|560|1|41|C
4|1|1|560|1|42|C
4|1|1|560|1|43|C
4|1|1|560|1|44|C
4|1|1|560|1|45|C
4|1|1|560|1|46|C
4|1|1|560|1|47|C
4|1|1|560|1|48|C
4|1|1|560|1|49|C
4|1|1|560|1|50|C
4|1|1|560|1|51|C
4|1|1|560|1|52|C
4|1|1|560|1|53|C
4|1|1|560|1|54|C
4|1|1|560|1|55|C
4|1|1|560|1|56|C
4|1|1|560|1|57|C
4|1|1|560|1|58|C
4|1|1|560|1|59|C
4|1|1|560|1|60|C
4|1|1|560|1|61|C
4|1|1|560|1|62|C
4|1|1|560|1|63|C
4|1|1|560|1|64|C
4|1|1|560|1|65|C
4|1|1|560|1|66|C
4|1|1|560|1|67|C
4|1|1|560|1|68|C
4|1|1|560|1|69|C
4|1|1|560|1|70|C
4|1|1|560|1|71|C
4|1|1|560|1|72|C
4|1|1|561|1|1|C
4|1|1|561|1|2|C
4|1|1|561|1|3|C
4|1|1|561|1|4|C
4|1|1|561|1|5|C
4|1|1|561|1|6|C
4|1|1|561|1|7|C
4|1|1|561|1|8|C
4|1|1|561|1|9|C
4|1|1|561|1|10|C
4|1|1|561|1|11|C
4|1|1|561|1|12|C
4|1|1|561|1|13|C
4|1|1|561|1|14|C
4|1|1|561|1|15|C
4|1|1|561|1|16|C
4|1|1|561|1|17|C
4|1|1|561|1|18|C
4|1|1|561|1|19|C
4|1|1|561|1|20|C
4|1|1|561|1|21|C
4|1|1|561|1|22|C
4|1|1|561|1|23|C
4|1|1|561|1|24|C
4|1|1|561|1|25|C
4|1|1|561|1|26|C
4|1|1|561|1|27|C
4|1|1|561|1|28|C
4|1|1|561|1|29|C
4|1|1|561|1|30|C
4|1|1|561|1|31|C
4|1|1|561|1|32|C
4|1|1|561|1|33|C
4|1|1|561|1|34|C
4|1|1|561|1|35|C
4|1|1|561|1|36|C
4|1|1|561|1|37|C
4|1|1|561|1|38|C
4|1|1|561|1|39|C
4|1|1|561|1|40|C
4|1|1|561|1|41|C
4|1|1|561|1|42|C
4|1|1|561|1|43|C
4|1|1|561|1|44|C
4|1|1|561|1|45|C
4|1|1|561|1|46|C
4|1|1|561|1|47|C
4|1|1|561|1|48|C
4|1|1|561|1|49|C
4|1|1|561|1|50|C
4|1|1|561|1|51|C
4|1|1|561|1|52|C
4|1|1|561|1|53|C
4|1|1|561|1|54|C
4|1|1|561|1|55|C
4|1|1|561|1|56|C
4|1|1|561|1|57|C
4|1|1|561|1|58|C
4|1|1|561|1|59|C
4|1|1|561|1|60|C
4|1|1|562|1|1|C
4|1|1|562|1|2|C
4|1|1|562|1|3|C
4|1|1|562|1|4|C
4|1|1|562|1|5|C
4|1|1|562|1|6|C
4|1|1|562|1|7|C
4|1|1|562|1|8|C
4|1|1|562|1|9|C
4|1|1|562|1|10|C
4|1|1|562|1|11|C
4|1|1|562|1|12|C
4|1|1|562|1|13|C
4|1|1|562|1|14|C
4|1|1|562|1|15|C
4|1|1|562|1|16|C
4|1|1|562|1|17|C
4|1|1|562|1|18|C
4|1|1|562|1|19|C
4|1|1|562|1|20|C
4|1|1|562|1|21|C
4|1|1|562|1|22|C
4|1|1|562|1|23|C
4|1|1|562|1|24|C
4|1|1|562|1|25|C
4|1|1|562|1|26|C
4|1|1|562|1|27|C
4|1|1|562|1|28|C
4|1|1|562|1|29|C
4|1|1|562|1|30|C
4|1|1|562|1|31|C
4|1|1|562|1|32|C
4|1|1|562|1|33|C
4|1|1|562|1|34|C
4|1|1|562|1|35|C
4|1|1|562|1|36|C
4|1|1|562|1|37|C
4|1|1|562|1|38|C
4|1|1|562|1|39|C
4|1|1|562|1|40|C
4|1|1|562|1|41|C
4|1|1|562|1|42|C
4|1|1|562|1|43|C
4|1|1|562|1|44|C
4|1|1|562|1|45|C
4|1|1|562|1|46|C
4|1|1|562|1|47|C
4|1|1|562|1|48|C
4|1|1|562|1|49|C
4|1|1|562|1|50|C
4|1|1|562|1|51|C
4|1|1|562|1|52|C
4|1|1|562|1|53|C
4|1|1|562|1|54|C
4|1|1|562|1|55|C
4|1|1|562|1|56|C
4|1|1|562|1|57|C
4|1|1|562|1|58|C
4|1|1|562|1|59|C
4|1|1|562|1|60|C
4|1|1|563|1|1|C
4|1|1|563|1|2|C
4|1|1|563|1|3|C
4|1|1|563|1|4|C
4|1|1|563|1|5|C
4|1|1|563|1|6|C
4|1|1|563|1|7|C
4|1|1|563|1|8|C
4|1|1|563|1|9|C
4|1|1|563|1|10|C
4|1|1|563|1|11|C
4|1|1|563|1|12|C
4|1|1|563|1|13|C
4|1|1|563|1|14|C
4|1|1|563|1|15|C
4|1|1|563|1|16|C
4|1|1|563|1|17|C
4|1|1|563|1|18|C
4|1|1|563|1|19|C
4|1|1|563|1|20|C
4|1|1|563|1|21|C
4|1|1|563|1|22|C
4|1|1|563|1|23|C
4|1|1|563|1|24|C
4|1|1|563|1|25|C
4|1|1|563|1|26|C
4|1|1|563|1|27|*
4|1|1|563|1|28|C
4|1|1|563|1|29|C
4|1|1|563|1|30|C
4|1|1|563|1|31|C
4|1|1|563|1|32|C
4|1|1|563|1|33|C
4|1|1|563|1|34|C
4|1|1|563|1|35|C
4|1|1|563|1|36|C
4|1|1|563|1|37|C
4|1|1|563|1|38|C
4|1|1|563|1|39|C
4|1|1|564|1|1|C
4|1|1|564|1|2|C
4|1|1|564|1|3|C
4|1|1|564|1|4|C
4|1|1|564|1|5|C
4|1|1|564|1|6|C
4|1|1|564|1|7|C
4|1|1|564|1|8|C
4|1|1|564|1|9|C
4|1|1|564|1|10|C
4|1|1|564|1|11|C
4|1|1|564|1|12|C
4|1|1|564|1|13|C
4|1|1|564|1|14|C
4|1|1|564|1|15|C
4|1|1|564|1|16|C
4|1|1|564|1|17|C
4|1|1|564|1|18|C
4|1|1|564|1|19|C
4|1|1|564|1|20|C
4|1|1|564|1|21|C
4|1|1|564|1|22|C
4|1|1|564|1|23|C
4|1|1|564|1|24|C
4|1|1|564|1|25|C
4|1|1|564|1|26|C
4|1|1|564|1|27|C
4|1|1|564|1|28|C
4|1|1|564|1|29|C
4|1|1|564|1|30|C
4|1|1|564|1|31|*
4|1|1|564|1|32|*
4|1|1|565|1|1|C
4|1|1|565|1|2|C
4|1|1|565|1|3|C
4|1|1|565|1|4|C
4|1|1|565|1|5|C
4|1|1|565|1|6|C
4|1|1|565|1|7|C
4|1|1|565|1|8|C
4|1|1|565|1|9|C
4|1|1|565|1|10|C
4|1|1|565|1|11|C
4|1|1|565|1|12|*
4|1|1|565|1|13|C
4|1|1|565|1|14|C
4|1|1|565|1|15|C
4|1|1|565|1|16|C
4|1|1|565|1|17|C
4|1|1|565|1|18|C
4|1|1|565|1|19|C
4|1|1|565|1|20|C
4|1|1|565|1|21|C
4|1|1|565|1|22|C
4|1|1|565|1|23|C
4|1|1|565|1|24|C
4|1|1|565|1|25|C
4|1|1|565|1|26|*
4|1|1|565|1|27|*
4|1|1|565|1|28|C
4|1|1|566|1|1|C
4|1|1|566|1|2|C
4|1|1|566|1|3|C
4|1|1|566|1|4|C
4|1|1|566|1|5|C
4|1|1|566|1|6|C
4|1|1|566|1|7|C
4|1|1|566|1|8|C
4|1|1|566|1|9|C
4|1|1|566|1|10|C
4|1|1|566|1|11|C
4|1|1|566|1|12|C
4|1|1|566|1|13|C
4|1|1|566|1|14|C
4|1|1|566|1|15|C
4|1|1|566|1|16|C
4|1|1|566|1|17|C
4|1|1|566|1|18|C
4|1|1|566|1|19|C
4|1|1|566|1|20|C
4|1|1|566|1|21|C
4|1|1|566|1|22|C
4|1|1|566|1|23|C
4|1|1|566|1|24|C
4|1|1|566|1|25|C
4|1|1|566|1|26|C
4|1|1|566|1|27|C
4|1|1|566|1|28|C
4|1|1|566|1|29|C
4|1|1|566|1|30|C
4|1|1|566|1|31|C
4|1|1|566|1|32|C
4|1|1|566|1|33|C
4|1|1|566|1|34|C
4|1|1|566|1|35|C
4|1|1|566|1|36|C
4|1|1|566|1|37|C
4|1|1|566|1|38|C
4|1|1|566|1|39|C
4|1|1|566|1|40|C
4|1|1|566|1|41|C
4|1|1|566|1|42|C
4|1|1|566|1|43|C
4|1|1|566|1|44|C
4|1|1|566|1|45|C
4|1|1|566|1|46|C
4|1|1|566|1|47|C
4|1|1|566|1|48|C
4|1|1|566|1|49|C
4|1|1|566|1|50|C
4|1|1|566|1|51|C
4|1|1|566|1|52|C
4|1|1|566|1|53|C
4|1|1|566|1|54|C
4|1|1|567|1|1|C
4|1|1|567|1|2|C
4|1|1|567|1|3|C
4|1|1|567|1|4|C
4|1|1|567|1|5|C
4|1|1|567|1|6|C
4|1|1|567|1|7|C
4|1|1|567|1|8|C
4|1|1|567|1|9|C
4|1|1|567|1|10|C
4|1|1|567|1|11|C
4|1|1|567|1|12|C
4|1|1|567|1|13|C
4|1|1|567|1|14|C
4|1|1|567|1|15|C
4|1|1|567|1|16|C
4|1|1|567|1|17|*
4|1|1|567|1|18|C
4|1|1|567|1|19|C
4|1|1|567|1|20|C
4|1|1|567|1|21|C
4|1|1|567|1|22|C
4|1|1|567|1|23|C
4|1|1|567|1|24|C
4|1|1|567|1|25|*
4|1|1|567|1|26|C
4|1|1|567|1|27|C
4|1|1|567|1|28|C
4|1|1|567|1|29|C
4|1|1|567|1|30|C
4|1|1|567|1|31|C
4|1|1|567|1|32|C
4|1|1|567|1|33|*
4|1|1|567|1|34|C
4|1|1|567|1|35|C
4|1|1|567|1|36|C
4|1|1|567|1|37|C
4|1|1|567|1|38|C
4|1|1|567|1|39|C
4|1|1|567|1|9900|C
4|1|1|567|1|9901|C
4|1|1|567|1|9902|C
4|1|1|567|1|9903|C
4|1|1|567|1|9904|C
4|1|1|567|1|9905|C
4|1|1|567|1|9906|C
4|1|1|567|1|9907|C
4|1|1|567|1|9908|C
4|1|1|567|1|9910|C
4|1|1|567|1|9911|C
4|1|1|567|1|9912|C
4|1|1|567|1|9913|C
4|1|1|567|1|9914|C
4|1|1|567|1|9915|C
4|1|1|568|1|1|C
4|1|1|568|1|2|C
4|1|1|568|1|3|C
4|1|1|568|1|4|C
4|1|1|568|1|5|C
4|1|1|568|1|6|C
4|1|1|568|1|7|C
4|1|1|568|1|8|C
4|1|1|568|1|9|C
4|1|1|568|1|10|C
4|1|1|568|1|11|C
4|1|1|568|1|12|C
4|1|1|568|1|13|C
4|1|1|568|1|14|C
4|1|1|568|1|15|C
4|1|1|568|1|16|C
4|1|1|568|1|17|C
4|1|1|568|1|18|C
4|1|1|568|1|19|C
4|1|1|568|1|20|C
4|1|1|568|1|21|C
4|1|1|568|1|22|C
4|1|1|568|1|23|C
4|1|1|568|1|24|C
4|1|1|568|1|25|C
4|1|1|568|1|26|C
4|1|1|568|1|27|C
4|1|1|568|1|28|C
4|1|1|569|1|1|C
4|1|1|569|1|2|C
4|1|1|569|1|3|C
4|1|1|569|1|4|C
4|1|1|569|1|5|C
4|1|1|569|1|6|C
4|1|1|569|1|7|C
4|1|1|569|1|8|C
4|1|1|569|1|9|C
4|1|1|569|1|10|C
4|1|1|569|1|11|C
4|1|1|569|1|12|C
4|1|1|569|1|13|C
4|1|1|569|1|14|C
4|1|1|569|1|15|C
4|1|1|569|1|16|C
4|1|1|569|1|17|C
4|1|1|569|1|18|C
4|1|1|569|1|19|C
4|1|1|569|1|20|C
4|1|1|569|1|21|C
4|1|1|569|1|22|C
4|1|1|569|1|23|C
4|1|1|569|1|24|C
4|1|1|569|1|25|C
4|1|1|569|1|26|C
4|1|1|569|1|27|C
4|1|1|569|1|28|C
4|1|1|569|1|29|C
4|1|1|569|1|30|C
4|1|1|570|1|1|C
4|1|1|570|1|2|C
4|1|1|570|1|3|C
4|1|1|570|1|4|C
4|1|1|570|1|5|C
4|1|1|570|1|6|C
4|1|1|570|1|7|C
4|1|1|570|1|8|C
4|1|1|570|1|9|C
4|1|1|570|1|10|C
4|1|1|570|1|11|C
4|1|1|570|1|12|C
4|1|1|570|1|13|C
4|1|1|570|1|14|C
4|1|1|570|1|15|C
4|1|1|570|1|16|C
4|1|1|570|1|17|C
4|1|1|570|1|18|C
4|1|1|570|1|19|C
4|1|1|570|1|20|C
4|1|1|570|1|21|C
4|1|1|570|1|22|C
4|1|1|570|1|23|C
4|1|1|570|1|24|C
4|1|1|570|1|25|C
4|1|1|570|1|26|C
4|1|1|570|1|27|C
4|1|1|570|1|28|C
4|1|1|571|1|1|C
4|1|1|571|1|2|C
4|1|1|571|1|3|C
4|1|1|571|1|4|C
4|1|1|571|1|5|C
4|1|1|571|1|6|C
4|1|1|571|1|7|C
4|1|1|571|1|8|C
4|1|1|571|1|9|C
4|1|1|571|1|10|C
4|1|1|571|1|11|C
4|1|1|571|1|12|C
4|1|1|571|1|13|C
4|1|1|571|1|14|C
4|1|1|571|1|15|C
4|1|1|571|1|16|C
4|1|1|571|1|17|C
4|1|1|571|1|18|C
4|1|1|571|1|19|C
4|1|1|571|1|20|C
4|1|1|571|1|21|C
4|1|1|571|1|22|C
4|1|1|571|1|23|C
4|1|1|571|1|24|C
4|1|1|571|1|25|C
4|1|1|571|1|26|C
4|1|1|571|1|27|C
4|1|1|571|1|28|C
4|1|1|571|1|29|C
4|1|1|571|1|30|C
4|1|1|571|1|31|*
4|1|1|571|1|32|C
4|1|2|147|1|1|C
4|1|2|147|1|2|C
4|1|2|147|1|3|C
4|1|2|147|1|4|C
4|1|2|147|1|5|C
4|1|2|147|1|6|C
4|1|2|147|1|8|C
4|1|2|147|1|11|C
4|1|2|147|1|12|C
4|1|2|147|1|13|C
4|1|2|147|1|14|C
4|1|2|147|1|15|C
4|1|2|147|1|16|C
4|1|2|147|1|17|C
4|1|2|147|1|18|C
4|1|2|147|1|20|C
4|1|2|147|1|21|C
4|1|2|147|1|22|C
4|1|2|147|1|23|C
4|1|2|147|1|24|C
4|1|2|147|1|25|C
4|1|2|147|1|26|C
4|1|2|147|1|27|C
4|1|2|147|1|28|C
4|1|2|147|1|29|C
4|1|2|147|1|30|C
4|1|2|147|1|31|C
4|1|2|147|1|32|C
4|1|2|147|1|42|C
4|1|2|147|1|43|C
4|1|2|147|1|44|C
4|1|2|147|1|45|C
4|1|2|147|1|46|C
4|1|2|147|1|50|C
4|1|2|147|1|51|C
4|1|2|147|1|52|C
4|1|2|147|1|53|C
4|1|2|147|1|54|C
4|1|2|147|1|55|C
4|1|2|147|1|56|C
4|1|2|147|1|57|C
4|1|2|147|1|58|C
4|1|2|147|1|59|C
4|1|2|147|1|60|C
4|1|2|147|1|61|C
4|1|2|147|1|62|C
4|1|2|147|1|63|C
4|1|2|147|1|71|C
4|1|2|147|1|72|C
4|1|2|147|1|73|C
4|1|2|147|1|75|C
4|1|2|147|1|76|C
4|1|2|147|1|77|C
4|1|2|147|1|78|C
4|1|2|147|1|79|C
4|1|2|147|1|81|C
4|1|2|147|1|82|C
4|1|2|147|1|83|C
4|1|2|147|1|84|C
4|1|2|147|1|85|C
4|1|2|147|1|86|C
4|1|2|147|306|9999|C
4|1|2|148|1|2|C
4|1|2|148|1|3|C
4|1|2|148|1|5|*
4|1|2|148|1|9|C
4|1|2|148|1|11|C
4|1|2|148|1|12|C
4|1|2|148|1|13|C
4|1|2|148|1|14|C
4|1|2|148|1|20|C
4|1|2|148|1|28|C
4|1|2|148|1|44|C
4|1|2|148|1|62|C
4|1|2|148|1|63|C
4|1|2|148|1|64|C
4|1|2|148|1|65|C
4|1|2|148|1|66|C
4|1|2|148|1|67|C
4|1|2|148|1|68|C
4|1|2|148|1|69|C
4|1|2|148|1|78|C
4|1|2|148|1|79|C
4|1|2|148|1|81|C
4|1|2|149|1|17|C
4|1|2|149|1|19|C
4|1|2|149|1|29|C
4|1|2|149|1|30|C
4|1|2|149|1|33|C
4|1|2|149|1|34|C
4|1|2|149|1|35|C
4|1|2|149|1|36|C
4|1|2|149|1|37|C
4|1|2|149|1|45|C
4|1|2|149|1|49|C
4|1|2|149|1|69|C
4|1|2|149|1|77|C
4|1|2|149|1|78|C
4|1|2|149|1|80|C
4|1|2|149|1|81|C
4|1|2|149|1|82|C
4|1|2|149|1|83|*
4|1|2|150|1|1|C
4|1|2|150|1|4|C
4|1|2|150|1|6|C
4|1|2|150|1|7|C
4|1|2|150|1|14|C
4|1|2|150|1|16|C
4|1|2|150|1|23|C
4|1|2|150|1|24|C
4|1|2|150|1|40|C
4|1|2|150|1|41|C
4|1|2|150|1|46|C
4|1|2|150|1|48|C
4|1|2|150|1|70|C
4|1|2|150|1|71|*
4|1|2|151|1|22|C
4|1|2|151|1|28|C
4|1|2|151|1|29|C
4|1|2|151|1|30|C
4|1|2|151|1|31|*
4|1|2|151|1|32|C
4|1|2|151|1|33|C
4|1|2|151|1|34|C
4|1|2|151|1|35|*
4|1|2|151|1|36|C
4|1|2|151|1|37|C
4|1|2|151|1|38|C
4|1|2|151|1|39|C
4|1|2|151|1|40|C
4|1|2|151|1|42|*
4|1|2|151|1|43|*
4|1|2|152|1|1|C
4|1|2|152|1|6|C
4|1|2|152|1|8|C
4|1|2|152|1|9|C
4|1|2|152|1|10|C
4|1|2|152|1|11|C
4|1|2|152|1|12|C
4|1|2|152|1|13|C
4|1|2|152|1|17|C
4|1|2|152|1|18|C
4|1|2|152|1|19|C
4|1|2|152|1|20|C
4|1|2|152|1|26|C
4|1|2|152|1|27|*
4|1|2|152|62|9999|C
4|1|2|152|77|9999|C
4|1|2|153|1|1|C
4|1|2|153|1|2|*
4|1|2|153|1|3|C
4|1|2|153|1|4|C
4|1|2|153|1|5|C
4|1|2|153|1|6|C
4|1|2|153|1|7|C
4|1|2|153|1|8|C
4|1|2|153|1|17|C
4|1|2|153|1|18|C
4|1|2|153|1|19|C
4|1|2|153|1|20|C
4|1|2|153|1|21|C
4|1|2|153|1|22|C
4|1|2|153|1|23|C
4|1|2|153|1|24|C
4|1|2|153|1|25|C
4|1|2|153|1|33|C
4|1|2|153|1|34|C
4|1|2|153|1|35|C
4|1|2|153|15|9999|C
4|1|2|153|96|9999|*
4|1|2|154|1|1|C
4|1|2|154|1|2|C
4|1|2|154|1|3|C
4|1|2|154|1|4|C
4|1|2|154|1|5|C
4|1|2|154|1|6|C
4|1|2|154|1|7|C
4|1|2|154|1|9|C
4|1|2|154|1|10|C
4|1|2|154|1|12|C
4|1|2|154|1|13|C
4|1|2|154|1|14|C
4|1|2|154|1|15|C
4|1|2|154|1|16|C
4|1|2|154|1|19|C
4|1|2|154|1|20|C
4|1|2|154|1|25|C
4|1|2|154|1|27|C
4|1|2|154|1|29|C
4|1|2|154|1|30|C
4|1|2|154|1|31|C
4|1|2|154|1|32|C
4|1|2|154|1|39|C
4|1|2|154|1|43|C
4|1|2|154|1|44|C
4|1|2|154|1|45|C
4|1|2|154|1|46|C
4|1|2|154|1|48|C
4|1|2|154|1|50|C
4|1|2|154|1|51|C
4|1|2|154|1|55|C
4|1|2|154|1|56|C
4|1|2|154|1|57|C
4|1|2|154|1|58|C
4|1|2|154|1|61|C
4|1|2|154|1|62|C
4|1|2|154|1|63|C
4|1|2|154|1|64|C
4|1|2|154|1|65|C
4|1|2|154|1|66|C
4|1|2|154|1|67|*
4|1|2|154|1|68|C
4|1|2|154|1|69|C
4|1|2|154|1|70|C
4|1|2|154|1|72|C
4|1|2|154|1|73|C
4|1|2|154|1|74|C
4|1|2|154|1|75|C
4|1|2|154|1|76|C
4|1|2|154|1|77|C
4|1|2|154|1|78|C
4|1|2|154|1|79|C
4|1|2|154|1|80|C
4|1|2|154|1|81|C
4|1|2|154|1|82|C
4|1|2|154|1|83|C
4|1|2|154|1|84|C
4|1|2|154|1|85|C
4|1|2|154|1|86|C
4|1|2|154|1|87|C
4|1|2|155|1|1|C
4|1|2|155|1|2|C
4|1|2|155|1|3|C
4|1|2|155|1|4|C
4|1|2|155|1|7|C
4|1|2|155|1|14|C
4|1|2|155|1|15|C
4|1|2|155|1|21|C
4|1|2|155|1|26|C
4|1|2|155|1|40|C
4|1|2|155|1|41|*
4|1|2|156|1|1|C
4|1|2|156|1|2|C
4|1|2|156|1|3|C
4|1|2|156|1|5|C
4|1|2|156|1|6|C
4|1|2|156|1|8|C
4|1|2|156|1|9|C
4|1|2|156|1|10|C
4|1|2|156|1|12|C
4|1|2|156|1|18|C
4|1|2|156|1|19|*
4|1|2|156|1|22|C
4|1|2|156|1|23|C
4|1|2|156|1|25|C
4|1|2|156|1|30|C
4|1|2|156|1|31|C
4|1|2|156|1|35|C
4|1|2|156|1|37|C
4|1|2|156|1|38|C
4|1|2|156|1|39|C
4|1|2|156|1|40|C
4|1|2|156|1|41|C
4|1|2|156|1|42|C
4|1|2|156|1|43|C
4|1|2|157|26|1|C
4|1|2|157|26|2|*
4|1|2|157|26|3|C
4|1|2|157|26|4|*
4|1|2|157|26|5|C
4|1|2|157|26|6|C
4|1|2|157|26|7|C
4|1|2|157|26|8|C
4|1|2|157|26|9|C
4|1|2|157|26|10|C
4|1|2|157|26|13|C
4|1|2|157|26|14|C
4|1|2|157|26|15|C
4|1|2|157|26|16|C
4|1|2|157|26|17|C
4|1|2|157|26|18|C
4|1|2|157|26|19|C
4|1|2|157|26|20|C
4|1|2|157|26|21|C
4|1|2|157|26|23|C
4|1|2|157|26|24|C
4|1|2|157|26|25|C
4|1|2|157|26|26|C
4|1|2|157|26|27|C
4|1|2|157|26|28|C
4|1|2|157|26|29|C
4|1|2|157|26|31|C
4|1|2|157|26|32|C
4|1|2|157|26|33|C
4|1|2|157|26|34|*
4|1|2|157|26|35|C
4|1|2|157|26|36|*
4|1|2|157|26|37|C
4|1|2|157|26|38|C
4|1|2|157|26|39|C
4|1|2|157|26|40|C
4|1|2|157|26|41|C
4|1|2|157|26|42|C
4|1|2|157|26|9999|C
4|1|2|157|100|9999|C
4|1|2|158|7|9999|*
4|1|2|158|82|1|C
4|1|2|158|82|2|C
4|1|2|158|82|3|C
4|1|2|158|82|4|C
4|1|2|158|82|5|C
4|1|2|158|82|6|C
4|1|2|158|82|7|C
4|1|2|158|82|8|C
4|1|2|158|82|9|C
4|1|2|158|82|10|C
4|1|2|158|82|11|C
4|1|2|158|82|12|C
4|1|2|158|82|13|C
4|1|2|158|82|14|C
4|1|2|158|82|15|C
4|1|2|158|82|16|C
4|1|2|158|82|18|C
4|1|2|158|82|19|C
4|1|2|158|82|20|C
4|1|2|158|82|21|C
4|1|2|158|82|22|C
4|1|2|158|82|23|C
4|1|2|158|82|24|C
4|1|2|158|82|25|C
4|1|2|158|82|26|C
4|1|2|158|82|27|C
4|1|2|158|82|28|C
4|1|2|158|82|29|C
4|1|2|158|82|30|C
4|1|2|158|82|31|C
4|1|2|158|82|32|C
4|1|2|158|82|33|C
4|1|2|158|82|34|C
4|1|2|158|82|35|C
4|1|2|158|82|36|C
4|1|2|158|82|37|C
4|1|2|158|82|38|C
4|1|2|158|82|9999|C
4|1|2|158|93|9999|C
4|1|2|159|2|1|C
4|1|2|159|2|2|C
4|1|2|159|2|4|C
4|1|2|159|2|5|C
4|1|2|159|2|7|C
4|1|2|159|2|8|C
4|1|2|159|2|9|C
4|1|2|159|2|11|C
4|1|2|159|2|12|C
4|1|2|159|2|13|C
4|1|2|159|2|14|C
4|1|2|159|2|15|C
4|1|2|159|2|16|C
4|1|2|159|2|17|C
4|1|2|159|2|26|C
4|1|2|159|2|27|C
4|1|2|159|2|28|C
4|1|2|159|2|37|C
4|1|2|159|2|50|C
4|1|2|159|2|51|C
4|1|2|159|2|52|C
4|1|2|159|2|53|C
4|1|2|159|2|54|C
4|1|2|159|2|55|C
4|1|2|159|2|56|C
4|1|2|159|2|57|C
4|1|2|160|2|1|C
4|1|2|160|2|2|C
4|1|2|160|2|3|C
4|1|2|160|2|4|C
4|1|2|160|2|6|C
4|1|2|160|2|7|C
4|1|2|160|2|9|C
4|1|2|160|2|10|C
4|1|2|160|2|11|C
4|1|2|160|2|18|C
4|1|2|160|2|19|C
4|1|2|160|2|20|C
4|1|2|160|2|29|C
4|1|2|160|2|30|C
4|1|2|160|2|31|C
4|1|2|160|2|32|C
4|1|2|160|2|45|C
4|1|2|160|2|51|C
4|1|2|160|2|52|C
4|1|2|160|81|9999|C
4|1|2|161|2|1|C
4|1|2|161|2|4|C
4|1|2|161|2|5|C
4|1|2|161|2|6|C
4|1|2|161|2|15|C
4|1|2|161|2|22|*
4|1|2|161|2|23|C
4|1|2|161|2|24|C
4|1|2|161|2|25|C
4|1|2|161|2|34|C
4|1|2|161|2|35|C
4|1|2|161|2|36|C
4|1|2|161|2|37|C
4|1|2|161|2|38|C
4|1|2|161|2|39|C
4|1|2|162|2|1|C
4|1|2|162|2|2|C
4|1|2|162|2|3|C
4|1|2|162|2|4|C
4|1|2|162|2|5|C
4|1|2|162|2|12|C
4|1|2|162|2|21|C
4|1|2|162|2|22|C
4|1|2|162|2|32|C
4|1|2|162|2|33|C
4|1|2|162|2|35|C
4|1|2|162|2|36|C
4|1|2|162|2|38|C
4|1|2|162|2|39|C
4|1|2|162|2|40|C
4|1|2|162|2|43|C
4|1|2|162|2|44|C
4|1|2|162|2|46|C
4|1|2|162|2|47|C
4|1|2|162|2|48|C
4|1|2|162|2|53|C
4|1|2|163|2|2|C
4|1|2|163|2|5|C
4|1|2|163|2|6|C
4|1|2|163|2|7|C
4|1|2|163|2|8|C
4|1|2|163|2|10|C
4|1|2|163|2|13|C
4|1|2|163|2|14|C
4|1|2|163|2|15|C
4|1|2|163|2|16|C
4|1|2|163|2|17|C
4|1|2|163|2|21|C
4|1|2|163|2|22|C
4|1|2|163|2|23|C
4|1|2|163|2|24|C
4|1|2|163|2|25|C
4|1|2|163|2|28|C
4|1|2|163|2|29|C
4|1|2|163|2|30|C
4|1|2|163|2|31|C
4|1|2|163|2|41|C
4|1|2|163|2|42|C
4|1|2|163|2|44|C
4|1|2|163|2|49|C
4|1|2|163|2|51|C
4|1|2|163|2|52|C
4|1|2|163|2|53|*
4|1|2|163|2|54|C
4|1|2|164|2|1|C
4|1|2|164|2|3|C
4|1|2|164|2|4|C
4|1|2|164|2|5|C
4|1|2|164|2|6|C
4|1|2|164|2|8|C
4|1|2|164|2|10|C
4|1|2|164|2|11|C
4|1|2|164|2|12|C
4|1|2|164|2|13|C
4|1|2|164|2|14|C
4|1|2|164|2|15|C
4|1|2|164|2|16|C
4|1|2|164|2|17|*
4|1|2|164|2|18|C
4|1|2|164|2|19|C
4|1|2|164|2|20|C
4|1|2|164|2|23|C
4|1|2|164|2|25|C
4|1|2|164|2|26|C
4|1|2|164|2|27|C
4|1|2|164|2|31|C
4|1|2|164|2|33|C
4|1|2|164|2|34|C
4|1|2|164|2|45|C
4|1|2|164|2|47|C
4|1|2|164|2|48|C
4|1|2|164|2|49|C
4|1|2|164|2|50|C
4|1|2|164|2|52|C
4|1|2|164|2|53|*
4|1|2|164|2|54|C
4|1|2|165|8|9999|C
4|1|2|165|66|1|C
4|1|2|165|66|2|C
4|1|2|165|66|3|C
4|1|2|165|66|4|C
4|1|2|165|66|6|C
4|1|2|165|66|7|C
4|1|2|165|66|8|C
4|1|2|165|66|10|C
4|1|2|165|66|11|C
4|1|2|165|66|12|*
4|1|2|165|66|14|C
4|1|2|165|66|15|C
4|1|2|165|66|16|C
4|1|2|165|66|17|C
4|1|2|165|66|18|C
4|1|2|165|66|20|C
4|1|2|165|66|9999|C
4|1|2|166|4|1|*
4|1|2|166|4|2|C
4|1|2|166|4|3|C
4|1|2|166|4|4|C
4|1|2|166|4|5|C
4|1|2|166|4|6|C
4|1|2|166|4|7|C
4|1|2|166|4|8|C
4|1|2|166|4|9|C
4|1|2|166|4|10|C
4|1|2|166|4|12|C
4|1|2|166|4|15|C
4|1|2|166|4|16|C
4|1|2|166|4|17|C
4|1|2|166|4|18|C
4|1|2|166|4|19|C
4|1|2|166|4|20|C
4|1|2|166|4|22|C
4|1|2|166|4|27|C
4|1|2|166|4|28|C
4|1|2|166|4|29|C
4|1|2|166|4|39|C
4|1|2|166|4|40|C
4|1|2|166|4|41|C
4|1|2|166|4|48|C
4|1|2|166|4|49|C
4|1|2|166|4|50|C
4|1|2|166|4|51|C
4|1|2|166|4|52|C
4|1|2|166|4|61|C
4|1|2|166|4|63|C
4|1|2|166|4|64|C
4|1|2|166|4|65|C
4|1|2|166|4|66|C
4|1|2|166|4|67|C
4|1|2|166|4|68|C
4|1|2|166|4|69|C
4|1|2|166|4|70|C
4|1|2|166|4|72|C
4|1|2|166|4|73|C
4|1|2|166|4|74|C
4|1|2|166|4|77|*
4|1|2|166|4|78|C
4|1|2|166|4|79|C
4|1|2|167|4|3|C
4|1|2|167|4|4|C
4|1|2|167|4|5|*
4|1|2|167|4|6|*
4|1|2|167|4|11|C
4|1|2|167|4|12|C
4|1|2|167|4|21|C
4|1|2|167|4|22|C
4|1|2|167|4|23|C
4|1|2|167|4|30|C
4|1|2|167|4|31|C
4|1|2|167|4|32|C
4|1|2|167|4|42|C
4|1|2|167|4|43|C
4|1|2|167|4|52|C
4|1|2|167|4|53|C
4|1|2|167|4|54|C
4|1|2|167|4|55|C
4|1|2|167|4|56|C
4|1|2|167|4|71|C
4|1|2|167|4|74|C
4|1|2|167|4|75|C
4|1|2|167|4|77|C
4|1|2|167|4|78|C
4|1|2|167|4|79|C
4|1|2|167|11|9999|C
4|1|2|167|24|9999|C
4|1|2|167|25|9999|*
4|1|2|167|43|9999|*
4|1|2|167|47|9999|*
4|1|2|167|50|9999|C
4|1|2|167|53|9999|C
4|1|2|167|61|9999|C
4|1|2|167|68|9999|C
4|1|2|167|74|9999|C
4|1|2|167|78|9999|*
4|1|2|167|292|9999|C
4|1|2|167|293|9999|C
4|1|2|167|294|9999|C
4|1|2|167|295|9999|C
4|1|2|167|297|9999|C
4|1|2|167|298|9999|C
4|1|2|167|299|9999|C
4|1|2|167|300|9999|C
4|1|2|167|301|9999|C
4|1|2|167|302|9999|C
4|1|2|167|307|9999|C
4|1|2|167|308|9999|C
4|1|2|167|309|9999|C
4|1|2|168|4|6|C
4|1|2|168|4|7|C
4|1|2|168|4|13|C
4|1|2|168|4|14|C
4|1|2|168|4|16|C
4|1|2|168|4|24|C
4|1|2|168|4|25|C
4|1|2|168|4|34|C
4|1|2|168|4|37|C
4|1|2|168|4|38|C
4|1|2|168|4|44|C
4|1|2|168|4|45|C
4|1|2|168|4|47|C
4|1|2|168|4|57|C
4|1|2|168|4|58|C
4|1|2|168|4|59|C
4|1|2|168|4|60|C
4|1|2|168|4|61|C
4|1|2|168|4|62|C
4|1|2|168|4|76|C
4|1|2|168|4|77|C
4|1|2|168|4|80|*
4|1|2|168|4|81|C
4|1|2|168|4|82|C
4|1|2|169|86|1|C
4|1|2|169|86|2|C
4|1|2|169|86|4|C
4|1|2|169|86|5|C
4|1|2|169|86|6|C
4|1|2|169|86|7|C
4|1|2|169|86|8|C
4|1|2|169|86|9|C
4|1|2|169|86|10|C
4|1|2|169|86|11|C
4|1|2|169|86|12|C
4|1|2|169|86|13|C
4|1|2|169|86|14|C
4|1|2|169|86|15|C
4|1|2|169|86|16|C
4|1|2|169|86|17|C
4|1|2|169|86|18|C
4|1|2|169|86|19|C
4|1|2|169|86|20|C
4|1|2|169|86|21|C
4|1|2|169|86|22|C
4|1|2|169|86|23|C
4|1|2|169|86|24|C
4|1|2|169|86|26|C
4|1|2|169|86|27|C
4|1|2|169|86|28|C
4|1|2|169|86|29|C
4|1|2|169|86|30|C
4|1|2|169|86|31|C
4|1|2|169|86|32|C
4|1|2|169|86|33|C
4|1|2|169|86|35|*
4|1|2|169|86|36|C
4|1|2|169|86|9999|C
4|1|2|170|72|2|C
4|1|2|170|72|5|C
4|1|2|170|72|6|C
4|1|2|170|72|7|C
4|1|2|170|72|8|C
4|1|2|170|72|9|C
4|1|2|170|72|10|C
4|1|2|170|72|11|C
4|1|2|170|72|12|C
4|1|2|170|72|13|C
4|1|2|170|72|14|C
4|1|2|170|72|15|C
4|1|2|170|72|16|C
4|1|2|170|72|17|C
4|1|2|170|72|18|C
4|1|2|170|72|19|C
4|1|2|170|72|20|C
4|1|2|170|72|21|C
4|1|2|170|72|22|C
4|1|2|170|72|23|C
4|1|2|170|72|24|C
4|1|2|170|72|25|C
4|1|2|170|72|9999|C
4|1|2|171|38|1|C
4|1|2|171|38|2|C
4|1|2|171|38|3|C
4|1|2|171|38|4|C
4|1|2|171|38|5|C
4|1|2|171|38|6|C
4|1|2|171|38|7|C
4|1|2|171|38|8|C
4|1|2|171|38|9|C
4|1|2|171|38|10|C
4|1|2|171|38|11|C
4|1|2|171|38|12|C
4|1|2|171|38|13|C
4|1|2|171|38|15|C
4|1|2|171|38|16|C
4|1|2|171|38|17|C
4|1|2|171|38|18|C
4|1|2|171|38|19|C
4|1|2|171|38|20|C
4|1|2|171|38|21|C
4|1|2|171|38|22|C
4|1|2|171|38|23|C
4|1|2|171|38|24|C
4|1|2|171|38|25|C
4|1|2|171|38|26|C
4|1|2|171|38|27|C
4|1|2|171|38|28|C
4|1|2|171|38|29|C
4|1|2|171|38|30|C
4|1|2|171|38|31|C
4|1|2|171|38|32|C
4|1|2|171|38|33|C
4|1|2|171|38|34|C
4|1|2|171|38|35|C
4|1|2|171|38|36|C
4|1|2|171|38|37|C
4|1|2|171|38|38|*
4|1|2|171|38|39|C
4|1|2|171|38|40|C
4|1|2|171|38|41|C
4|1|2|171|38|42|C
4|1|2|171|38|43|C
4|1|2|171|38|44|C
4|1|2|171|38|45|C
4|1|2|171|38|9999|C
4|1|2|172|71|1|C
4|1|2|172|71|2|C
4|1|2|172|71|3|C
4|1|2|172|71|4|C
4|1|2|172|71|5|C
4|1|2|172|71|6|C
4|1|2|172|71|7|C
4|1|2|172|71|8|C
4|1|2|172|71|9|C
4|1|2|172|71|10|C
4|1|2|172|71|11|C
4|1|2|172|71|12|C
4|1|2|172|71|13|C
4|1|2|172|71|14|C
4|1|2|172|71|15|C
4|1|2|172|71|16|C
4|1|2|172|71|17|C
4|1|2|172|71|18|C
4|1|2|172|71|20|C
4|1|2|172|71|21|C
4|1|2|172|71|22|C
4|1|2|172|71|23|C
4|1|2|172|71|24|C
4|1|2|172|71|25|*
4|1|2|172|71|26|C
4|1|2|172|71|27|C
4|1|2|172|71|28|C
4|1|2|178|10|1|C
4|1|2|178|10|2|C
4|1|2|178|10|4|C
4|1|2|178|10|5|C
4|1|2|178|10|6|C
4|1|2|178|10|7|C
4|1|2|178|10|8|C
4|1|2|178|10|9|C
4|1|2|178|10|10|C
4|1|2|178|10|11|C
4|1|2|178|10|12|C
4|1|2|178|10|13|C
4|1|2|178|10|14|C
4|1|2|178|10|15|C
4|1|2|178|10|16|C
4|1|2|178|10|17|C
4|1|2|178|10|18|C
4|1|2|178|10|19|C
4|1|2|178|10|20|C
4|1|2|178|10|21|C
4|1|2|178|10|22|C
4|1|2|178|10|9999|C
4|1|2|179|44|1|C
4|1|2|179|44|2|C
4|1|2|179|44|3|C
4|1|2|179|44|4|C
4|1|2|179|44|5|C
4|1|2|179|44|6|C
4|1|2|179|44|7|C
4|1|2|179|44|8|C
4|1|2|179|44|9|C
4|1|2|179|44|10|C
4|1|2|179|44|11|C
4|1|2|179|44|12|C
4|1|2|179|44|13|C
4|1|2|179|44|14|C
4|1|2|179|44|15|C
4|1|2|179|44|16|C
4|1|2|179|44|17|C
4|1|2|179|44|18|C
4|1|2|179|44|19|C
4|1|2|179|44|20|C
4|1|2|179|44|21|C
4|1|2|179|44|22|C
4|1|2|179|44|23|C
4|1|2|179|44|24|C
4|1|2|179|44|25|C
4|1|2|179|44|26|C
4|1|2|179|44|27|C
4|1|2|179|44|29|C
4|1|2|179|44|31|C
4|1|2|179|44|32|C
4|1|2|179|44|33|C
4|1|2|179|44|34|C
4|1|2|179|44|35|C
4|1|2|179|44|9999|C
4|1|2|181|41|1|C
4|1|2|181|41|2|C
4|1|2|181|41|3|*
4|1|2|181|41|6|C
4|1|2|181|41|7|C
4|1|2|181|41|8|C
4|1|2|181|41|9|C
4|1|2|181|41|12|C
4|1|2|181|41|14|C
4|1|2|181|41|15|C
4|1|2|181|41|16|C
4|1|2|181|41|17|C
4|1|2|181|41|18|C
4|1|2|181|41|19|C
4|1|2|181|41|20|C
4|1|2|181|41|21|C
4|1|2|181|41|9999|C
4|1|2|181|45|9999|C
4|1|2|181|90|9999|C
4|1|2|182|76|1|C
4|1|2|182|76|2|C
4|1|2|182|76|3|C
4|1|2|182|76|4|*
4|1|2|182|76|5|C
4|1|2|182|76|9999|C
4|1|5|363|1|1|C
4|1|5|363|1|2|C
4|1|5|363|1|3|C
4|1|5|363|1|4|C
4|1|5|363|1|5|C
4|1|5|363|1|6|C
4|1|5|363|1|8|C
4|1|5|363|1|9|C
4|1|5|363|1|11|C
4|1|5|363|1|13|C
4|1|5|363|1|14|C
4|1|5|363|1|15|C
4|1|5|363|1|16|C
4|1|5|363|1|17|C
4|1|5|363|1|18|C
4|1|5|363|1|19|C
4|1|5|363|1|20|C
4|1|5|363|1|21|C
4|1|5|363|1|22|C
4|1|5|363|1|23|C
4|1|5|363|1|25|C
4|1|5|363|1|29|C
4|1|5|363|1|30|C
4|1|5|363|1|31|C
4|1|5|363|1|32|C
4|1|5|363|1|33|C
4|1|5|363|1|34|C
4|1|5|363|1|35|C
4|1|5|363|1|36|C
4|1|5|363|1|37|C
4|1|5|363|1|42|C
4|1|5|363|1|43|C
4|1|5|363|1|45|C
4|1|5|363|1|46|C
4|1|5|363|1|47|*
4|1|5|363|1|48|C
4|1|5|363|1|49|C
4|1|5|363|1|50|C
4|1|5|363|1|51|C
4|1|5|363|1|52|C
4|1|5|363|1|53|C
4|1|5|363|1|54|C
4|1|5|363|1|55|C
4|1|5|363|1|56|C
4|1|5|363|1|57|*
4|1|5|363|1|58|C
4|1|5|363|1|59|C
4|1|5|363|1|60|*
4|1|5|363|35|9999|C
4|1|5|363|63|9999|C
4|1|5|364|1|1|C
4|1|5|364|1|2|C
4|1|5|364|1|3|C
4|1|5|364|1|4|C
4|1|5|364|1|7|C
4|1|5|364|1|8|C
4|1|5|364|1|9|C
4|1|5|364|1|10|C
4|1|5|364|1|11|C
4|1|5|364|1|12|C
4|1|5|364|1|13|C
4|1|5|364|1|14|*
4|1|5|364|1|16|C
4|1|5|364|1|17|C
4|1|5|364|1|18|C
4|1|5|364|1|19|C
4|1|5|364|1|20|C
4|1|5|364|1|21|C
4|1|5|364|1|22|C
4|1|5|364|1|23|C
4|1|5|364|1|24|C
4|1|5|364|1|26|C
4|1|5|364|1|27|C
4|1|5|364|1|29|C
4|1|5|364|1|32|C
4|1|5|364|1|33|C
4|1|5|364|1|34|*
4|1|5|364|1|35|C
4|1|5|364|1|36|C
4|1|5|364|1|38|C
4|1|5|364|1|39|C
4|1|5|364|1|40|C
4|1|5|364|1|41|C
4|1|5|364|1|42|C
4|1|5|364|1|43|C
4|1|5|364|1|44|C
4|1|5|364|1|45|C
4|1|5|364|1|46|C
4|1|5|364|1|47|C
4|1|5|364|1|49|*
4|1|5|364|1|51|C
4|1|5|365|1|2|C
4|1|5|365|1|10|C
4|1|5|365|1|11|C
4|1|5|365|1|12|C
4|1|5|365|1|20|*
4|1|5|365|1|21|C
4|1|5|365|1|23|C
4|1|5|365|1|24|C
4|1|5|365|1|26|C
4|1|5|365|1|28|C
4|1|5|365|1|36|C
4|1|5|365|1|37|C
4|1|5|365|1|45|C
4|1|5|365|1|46|C
4|1|5|365|1|47|C
4|1|5|365|1|48|C
4|1|5|366|1|1|C
4|1|5|366|1|2|C
4|1|5|366|1|3|*
4|1|5|366|1|6|C
4|1|5|366|1|7|C
4|1|5|366|1|8|C
4|1|5|366|1|9|C
4|1|5|366|1|17|C
4|1|5|366|1|18|C
4|1|5|366|1|19|*
4|1|5|366|1|23|C
4|1|5|366|1|24|C
4|1|5|366|1|25|*
4|1|5|366|1|31|C
4|1|5|366|1|32|C
4|1|5|366|1|33|C
4|1|5|367|1|1|C
4|1|5|367|1|4|C
4|1|5|367|1|5|C
4|1|5|367|1|6|C
4|1|5|367|1|12|C
4|1|5|367|1|16|C
4|1|5|367|1|29|C
4|1|5|367|1|32|C
4|1|5|367|1|33|C
4|1|5|367|1|34|C
4|1|5|367|1|35|C
4|1|5|367|1|41|C
4|1|5|367|1|42|C
4|1|5|367|1|43|C
4|1|5|367|1|44|C
4|1|5|367|1|45|C
4|1|5|367|1|49|C
4|1|5|367|1|50|C
4|1|5|367|45|9999|C
4|1|5|367|57|9999|C
4|1|5|368|1|1|C
4|1|5|368|1|2|*
4|1|5|368|1|3|C
4|1|5|368|1|4|C
4|1|5|368|1|6|C
4|1|5|368|1|7|C
4|1|5|368|1|13|C
4|1|5|368|1|14|C
4|1|5|368|1|15|C
4|1|5|368|1|27|C
4|1|5|368|1|28|C
4|1|5|368|1|30|C
4|1|5|368|1|37|C
4|1|5|368|1|38|C
4|1|5|368|1|39|C
4|1|5|368|1|40|C
4|1|5|368|1|47|C
4|1|5|368|1|48|C
4|1|5|368|1|50|C
4|1|5|369|19|1|C
4|1|5|369|19|2|C
4|1|5|369|19|3|C
4|1|5|369|19|4|C
4|1|5|369|19|6|C
4|1|5|369|19|7|C
4|1|5|369|19|8|C
4|1|5|369|19|9|C
4|1|5|369|19|10|C
4|1|5|369|19|11|C
4|1|5|369|19|12|C
4|1|5|369|19|13|C
4|1|5|369|19|15|C
4|1|5|369|19|16|C
4|1|5|369|19|18|C
4|1|5|369|19|19|C
4|1|5|369|19|20|C
4|1|5|369|19|21|C
4|1|5|369|19|22|C
4|1|5|369|19|23|C
4|1|5|369|19|24|C
4|1|5|369|19|25|C
4|1|5|369|19|27|C
4|1|5|369|19|28|C
4|1|5|369|19|29|C
4|1|5|369|19|9999|C
4|1|5|370|4|9999|C
4|1|5|370|18|9999|*
4|1|5|370|32|1|C
4|1|5|370|32|2|C
4|1|5|370|32|3|C
4|1|5|370|32|4|C
4|1|5|370|32|5|C
4|1|5|370|32|6|C
4|1|5|370|32|7|C
4|1|5|370|32|8|C
4|1|5|370|32|9|C
4|1|5|370|32|10|C
4|1|5|370|32|11|C
4|1|5|370|32|12|C
4|1|5|370|32|13|C
4|1|5|370|32|14|C
4|1|5|370|32|15|C
4|1|5|370|32|16|C
4|1|5|370|32|17|C
4|1|5|370|32|18|C
4|1|5|370|32|19|C
4|1|5|370|32|20|C
4|1|5|370|32|21|C
4|1|5|370|32|22|C
4|1|5|370|32|23|C
4|1|5|370|32|24|C
4|1|5|370|32|25|C
4|1|5|370|32|26|C
4|1|5|370|32|27|C
4|1|5|370|32|29|*
4|1|5|370|32|30|C
4|1|5|370|32|33|C
4|1|5|370|32|34|C
4|1|5|370|32|37|C
4|1|5|370|32|38|C
4|1|5|370|32|39|C
4|1|5|370|32|40|C
4|1|5|370|32|41|C
4|1|5|370|32|42|C
4|1|5|370|32|43|C
4|1|5|370|32|44|C
4|1|5|370|32|46|C
4|1|5|370|32|47|C
4|1|5|370|32|48|*
4|1|5|370|32|49|*
4|1|5|370|32|50|*
4|1|5|370|32|51|C
4|1|5|370|32|53|C
4|1|5|370|32|9999|C
4|1|5|371|47|1|C
4|1|5|371|47|2|C
4|1|5|371|47|4|C
4|1|5|371|47|5|C
4|1|5|371|47|6|C
4|1|5|371|47|7|C
4|1|5|371|47|8|C
4|1|5|371|47|9|C
4|1|5|371|47|10|C
4|1|5|371|47|12|C
4|1|5|371|47|13|C
4|1|5|371|47|14|C
4|1|5|371|47|15|C
4|1|5|371|47|16|C
4|1|5|371|47|17|C
4|1|5|371|47|18|C
4|1|5|371|47|20|C
4|1|5|371|47|21|C
4|1|5|371|47|22|C
4|1|5|371|47|23|C
4|1|5|371|47|9999|C
4|1|5|371|54|9999|C
4|1|5|371|75|9999|C
4|1|5|372|12|1|C
4|1|5|372|12|2|C
4|1|5|372|12|3|C
4|1|5|372|12|4|C
4|1|5|372|12|5|C
4|1|5|372|12|6|C
4|1|5|372|12|7|C
4|1|5|372|12|8|C
4|1|5|372|12|9|C
4|1|5|372|12|10|C
4|1|5|372|12|11|C
4|1|5|372|12|12|C
4|1|5|372|12|13|C
4|1|5|372|12|14|C
4|1|5|372|12|15|C
4|1|5|372|12|16|C
4|1|5|372|12|17|C
4|1|5|372|12|18|C
4|1|5|372|12|19|C
4|1|5|372|12|20|C
4|1|5|372|12|21|C
4|1|5|372|12|22|C
4|1|5|372|12|23|C
4|1|5|372|12|24|C
4|1|5|372|12|25|C
4|1|5|372|12|26|C
4|1|5|372|12|27|C
4|1|5|372|12|28|C
4|1|5|372|12|29|C
4|1|5|372|12|30|C
4|1|5|372|12|31|C
4|1|5|372|12|32|C
4|1|5|372|12|33|C
4|1|5|372|12|34|C
4|1|5|372|12|35|C
4|1|5|372|12|36|*
4|1|5|372|12|37|C
4|1|5|372|12|38|C
4|1|5|372|12|39|C
4|1|5|372|12|40|C
4|1|5|372|12|41|C
4|1|5|372|12|42|C
4|1|5|372|12|43|C
4|1|5|372|12|44|C
4|1|5|372|12|45|C
4|1|5|372|12|46|C
4|1|5|372|12|47|C
4|1|5|372|12|48|C
4|1|5|372|12|49|C
4|1|5|372|12|50|C
4|1|5|372|12|51|C
4|1|5|372|12|52|C
4|1|5|372|12|53|C
4|1|5|372|21|9999|C
4|1|5|372|56|9999|C
4|1|5|373|20|2|C
4|1|5|373|20|3|C
4|1|5|373|20|4|C
4|1|5|373|20|5|C
4|1|5|373|20|6|C
4|1|5|373|20|7|C
4|1|5|373|20|8|C
4|1|5|373|20|9|C
4|1|5|373|20|10|C
4|1|5|373|20|11|C
4|1|5|373|20|12|C
4|1|5|373|20|13|C
4|1|5|373|20|14|C
4|1|5|373|20|15|C
4|1|5|373|20|16|C
4|1|5|373|20|17|C
4|1|5|373|20|18|C
4|1|5|373|20|19|C
4|1|5|373|20|21|C
4|1|5|373|20|22|C
4|1|5|373|20|23|C
4|1|5|373|20|24|C
4|1|5|373|20|25|C
4|1|5|373|20|26|C
4|1|5|373|20|27|C
4|1|5|373|20|28|C
4|1|5|373|20|29|C
4|1|5|373|20|30|C
4|1|5|373|20|31|C
4|1|5|373|20|32|C
4|1|5|373|20|33|C
4|1|5|373|20|34|C
4|1|5|373|20|9999|C
4|1|5|373|38|9999|C
4|1|5|373|39|9999|C
4|1|5|373|51|9999|C
4|1|5|373|60|9999|C
4|1|5|374|22|1|C
4|1|5|374|22|2|C
4|1|5|374|22|3|C
4|1|5|374|22|4|C
4|1|5|374|22|5|C
4|1|5|374|22|7|C
4|1|5|374|22|8|C
4|1|5|374|22|10|C
4|1|5|374|22|11|C
4|1|5|374|22|12|C
4|1|5|374|22|13|C
4|1|5|374|22|14|C
4|1|5|374|22|16|C
4|1|5|374|22|17|C
4|1|5|374|22|18|C
4|1|5|374|22|19|C
4|1|5|374|22|20|C
4|1|5|374|22|21|C
4|1|5|374|22|22|C
4|1|5|374|22|9999|C
4|1|5|374|25|9999|C
4|1|5|375|2|1|C
4|1|5|375|2|2|C
4|1|5|375|2|3|C
4|1|5|375|2|4|C
4|1|5|375|2|5|C
4|1|5|375|2|6|C
4|1|5|375|2|7|C
4|1|5|375|2|8|C
4|1|5|375|2|9|C
4|1|5|375|2|12|C
4|1|5|375|2|13|C
4|1|5|375|2|14|C
4|1|5|375|2|15|C
4|1|5|375|2|16|C
4|1|5|375|2|17|C
4|1|5|375|2|18|C
4|1|5|375|2|20|C
4|1|5|375|2|21|C
4|1|5|375|2|22|*
4|1|5|375|2|25|C
4|1|5|375|2|28|C
4|1|5|375|2|29|C
4|1|5|375|2|30|C
4|1|5|375|2|31|C
4|1|5|375|2|32|C
4|1|5|375|2|33|C
4|1|5|375|2|34|C
4|1|5|375|2|35|C
4|1|5|375|2|37|C
4|1|5|375|2|38|C
4|1|5|375|2|39|C
4|1|5|375|2|40|C
4|1|5|375|2|41|C
4|1|5|375|2|42|C
4|1|5|375|2|43|C
4|1|5|375|2|45|C
4|1|5|375|2|46|C
4|1|5|375|2|47|C
4|1|5|375|2|48|C
4|1|5|375|2|49|C
4|1|5|375|2|50|C
4|1|5|375|2|51|C
4|1|5|375|2|54|C
4|1|5|375|2|55|C
4|1|5|375|2|56|C
4|1|5|375|2|57|C
4|1|5|375|2|58|C
4|1|5|375|2|59|C
4|1|5|375|2|60|C
4|1|5|375|2|61|C
4|1|5|375|2|86|C
4|1|5|375|2|87|C
4|1|5|375|2|88|C
4|1|5|375|2|89|C
4|1|5|375|2|90|C
4|1|5|376|2|1|C
4|1|5|376|2|2|C
4|1|5|376|2|3|C
4|1|5|376|2|4|C
4|1|5|376|2|5|C
4|1|5|376|2|6|C
4|1|5|376|2|7|C
4|1|5|376|2|8|C
4|1|5|376|2|9|C
4|1|5|376|2|10|C
4|1|5|376|2|15|C
4|1|5|376|2|17|C
4|1|5|376|2|18|C
4|1|5|376|2|19|C
4|1|5|376|2|53|C
4|1|5|376|2|54|C
4|1|5|376|2|55|C
4|1|5|376|2|56|C
4|1|5|376|2|57|C
4|1|5|376|2|58|C
4|1|5|376|2|59|C
4|1|5|376|2|60|C
4|1|5|376|2|61|C
4|1|5|376|2|62|C
4|1|5|376|2|63|C
4|1|5|376|2|64|C
4|1|5|376|2|65|C
4|1|5|376|2|66|C
4|1|5|376|2|67|C
4|1|5|376|2|68|C
4|1|5|376|2|69|C
4|1|5|376|2|70|C
4|1|5|376|2|71|C
4|1|5|376|2|72|C
4|1|5|376|2|73|C
4|1|5|376|2|74|C
4|1|5|376|2|75|C
4|1|5|376|2|76|C
4|1|5|376|2|77|C
4|1|5|376|2|78|C
4|1|5|376|2|79|C
4|1|5|376|2|81|C
4|1|5|376|2|82|C
4|1|5|376|2|83|C
4|1|5|376|2|84|C
4|1|5|376|2|85|C
4|1|5|376|2|86|C
4|1|5|376|2|87|C
4|1|5|376|2|88|C
4|1|5|376|2|89|C
4|1|5|376|2|90|C
4|1|5|376|2|91|C
4|1|5|376|2|92|C
4|1|5|376|2|93|C
4|1|5|376|36|9999|C
4|1|5|377|2|1|C
4|1|5|377|2|2|C
4|1|5|377|2|3|C
4|1|5|377|2|5|C
4|1|5|377|2|6|C
4|1|5|377|2|7|C
4|1|5|377|2|10|C
4|1|5|377|2|11|C
4|1|5|377|2|12|C
4|1|5|377|2|13|C
4|1|5|377|2|15|C
4|1|5|377|2|16|C
4|1|5|377|2|18|C
4|1|5|377|2|19|C
4|1|5|377|2|20|C
4|1|5|377|2|22|C
4|1|5|377|2|23|C
4|1|5|377|2|24|C
4|1|5|377|2|26|C
4|1|5|377|2|27|C
4|1|5|377|2|28|C
4|1|5|377|2|33|C
4|1|5|377|2|54|C
4|1|5|377|2|55|C
4|1|5|377|2|56|C
4|1|5|377|2|87|C
4|1|5|377|2|88|C
4|1|5|377|2|89|C
4|1|5|377|2|90|C
4|1|5|377|2|91|C
4|1|5|378|2|6|C
4|1|5|378|2|8|C
4|1|5|378|2|9|C
4|1|5|378|2|10|C
4|1|5|378|2|11|C
4|1|5|378|2|12|C
4|1|5|378|2|20|C
4|1|5|378|2|21|C
4|1|5|378|2|22|C
4|1|5|378|2|23|C
4|1|5|378|2|24|C
4|1|5|378|2|29|C
4|1|5|378|2|30|C
4|1|5|378|2|31|C
4|1|5|378|2|32|C
4|1|5|378|2|33|C
4|1|5|378|2|34|C
4|1|5|378|2|35|C
4|1|5|378|2|36|C
4|1|5|378|2|37|C
4|1|5|378|2|80|C
4|1|5|378|2|81|C
4|1|5|378|2|82|C
4|1|5|378|2|83|C
4|1|5|378|2|84|C
4|1|5|379|2|1|C
4|1|5|379|2|2|C
4|1|5|379|2|3|C
4|1|5|379|2|4|C
4|1|5|379|2|5|C
4|1|5|379|2|6|C
4|1|5|379|2|9|C
4|1|5|379|2|10|C
4|1|5|379|2|11|C
4|1|5|379|2|13|C
4|1|5|379|2|14|C
4|1|5|379|2|15|C
4|1|5|379|2|16|C
4|1|5|379|2|17|C
4|1|5|379|2|21|C
4|1|5|379|2|22|C
4|1|5|379|2|23|C
4|1|5|379|2|25|C
4|1|5|379|2|38|C
4|1|5|379|2|39|C
4|1|5|379|2|40|C
4|1|5|379|2|41|C
4|1|5|379|2|42|C
4|1|5|379|2|43|C
4|1|5|379|2|44|C
4|1|5|379|2|45|C
4|1|5|379|2|46|C
4|1|5|379|2|47|C
4|1|5|379|2|48|C
4|1|5|379|2|49|C
4|1|5|379|2|50|C
4|1|5|379|2|51|C
4|1|5|379|2|52|C
4|1|5|379|2|53|C
4|1|5|379|2|55|*
4|1|5|379|2|59|C
4|1|5|379|2|60|*
4|1|5|379|2|61|*
4|1|5|379|2|62|C
4|1|5|379|2|63|C
4|1|5|379|2|64|C
4|1|5|379|2|65|*
4|1|5|379|2|66|*
4|1|5|379|2|67|C
4|1|5|379|2|68|C
4|1|5|379|2|69|C
4|1|5|379|2|71|C
4|1|5|379|2|72|C
4|1|5|379|11|9999|C
4|1|5|379|17|9999|C
4|1|5|379|33|9999|C
4|1|5|379|64|9999|C
4|1|5|380|5|9999|C
4|1|5|380|6|9999|C
4|1|5|380|13|9999|C
4|1|5|380|29|1|C
4|1|5|380|29|2|C
4|1|5|380|29|3|C
4|1|5|380|29|4|C
4|1|5|380|29|5|C
4|1|5|380|29|6|C
4|1|5|380|29|7|C
4|1|5|380|29|8|C
4|1|5|380|29|10|*
4|1|5|380|29|11|C
4|1|5|380|29|12|C
4|1|5|380|29|14|*
4|1|5|380|29|15|C
4|1|5|380|29|16|C
4|1|5|380|29|17|C
4|1|5|380|29|18|C
4|1|5|380|29|9999|C
4|1|5|380|30|9999|*
4|1|5|380|31|1|C
4|1|5|380|31|2|C
4|1|5|380|31|3|C
4|1|5|380|31|4|C
4|1|5|380|31|5|C
4|1|5|380|31|7|C
4|1|5|380|31|8|C
4|1|5|380|31|9|C
4|1|5|380|31|10|C
4|1|5|380|31|11|C
4|1|5|380|31|12|C
4|1|5|380|31|13|C
4|1|5|380|31|14|C
4|1|5|380|31|15|*
4|1|5|380|31|16|C
4|1|5|380|31|17|*
4|1|5|380|31|18|C
4|1|5|380|31|19|*
4|1|5|380|31|20|*
4|1|5|380|31|21|C
4|1|5|380|31|22|*
4|1|5|380|31|23|*
4|1|5|380|31|24|C
4|1|5|380|31|25|C
4|1|5|380|31|26|C
4|1|5|380|31|27|C
4|1|5|380|31|28|C
4|1|5|380|31|29|C
4|1|5|380|31|30|C
4|1|5|380|58|9999|C
4|1|5|380|65|9999|C
4|1|5|380|66|9999|C
4|1|5|380|67|9999|C
4|1|5|380|68|9999|C
4|1|5|380|69|9999|C
4|1|5|380|70|9999|C
4|1|5|380|71|9999|C
4|1|5|380|72|9999|C
4|1|5|380|73|9999|C
4|1|5|380|74|9999|C
4|1|6|381|1|1|C
4|1|6|381|1|2|C
4|1|6|381|1|3|C
4|1|6|381|1|4|C
4|1|6|381|1|5|C
4|1|6|381|1|6|C
4|1|6|381|1|7|C
4|1|6|381|1|8|C
4|1|6|381|1|9|C
4|1|6|381|1|11|C
4|1|6|381|1|12|C
4|1|6|381|1|13|C
4|1|6|381|1|14|C
4|1|6|381|1|15|C
4|1|6|381|1|16|C
4|1|6|381|1|17|C
4|1|6|381|1|18|C
4|1|6|381|1|20|C
4|1|6|381|1|21|C
4|1|6|381|1|22|C
4|1|6|381|1|23|C
4|1|6|381|1|24|C
4|1|6|381|1|25|C
4|1|6|381|1|26|C
4|1|6|381|1|27|C
4|1|6|381|1|28|C
4|1|6|381|1|29|C
4|1|6|381|1|30|C
4|1|6|381|1|31|C
4|1|6|381|1|32|C
4|1|6|381|1|33|C
4|1|6|381|1|35|C
4|1|6|381|1|36|C
4|1|6|381|1|37|C
4|1|6|381|1|38|C
4|1|6|381|1|39|C
4|1|6|381|1|40|C
4|1|6|381|1|41|C
4|1|6|381|1|42|C
4|1|6|381|1|44|C
4|1|6|381|1|45|C
4|1|6|381|1|46|C
4|1|6|381|1|49|C
4|1|6|381|1|52|C
4|1|6|381|1|54|C
4|1|6|381|1|55|C
4|1|6|381|1|56|C
4|1|6|381|1|57|C
4|1|6|381|1|58|C
4|1|6|381|1|59|C
4|1|6|381|1|60|C
4|1|6|381|1|61|C
4|1|6|381|1|62|C
4|1|6|381|1|63|C
4|1|6|381|1|64|C
4|1|6|381|1|65|C
4|1|6|381|1|66|C
4|1|6|381|1|67|C
4|1|6|381|1|68|*
4|1|6|381|21|9999|C
4|1|6|381|45|9999|C
4|1|6|381|117|9999|C
4|1|6|381|238|9999|C
4|1|6|381|274|9999|C
4|1|6|381|307|9999|C
4|1|6|381|366|9999|C
4|1|6|381|400|9999|C
4|1|6|381|402|9999|C
4|1|6|381|409|9999|C
4|1|6|381|414|9999|C
4|1|6|381|415|9999|C
4|1|6|381|416|9999|C
4|1|6|381|417|9999|C
4|1|6|381|432|9999|C
4|1|6|381|434|9999|C
4|1|6|381|435|9999|C
4|1|6|381|448|9999|C
4|1|6|381|449|9999|C
4|1|6|381|450|9999|C
4|1|6|381|452|9999|C
4|1|6|381|457|9999|C
4|1|6|381|477|9999|C
4|1|6|381|478|9999|C
4|1|6|381|479|9999|C
4|1|6|381|480|9999|C
4|1|6|381|483|9999|C
4|1|6|382|1|1|C
4|1|6|382|1|2|C
4|1|6|382|1|3|C
4|1|6|382|1|4|C
4|1|6|382|1|5|C
4|1|6|382|1|6|C
4|1|6|382|1|7|C
4|1|6|382|1|8|C
4|1|6|382|1|9|C
4|1|6|382|1|10|C
4|1|6|382|1|11|C
4|1|6|382|1|12|C
4|1|6|382|1|13|C
4|1|6|382|1|14|C
4|1|6|382|1|15|C
4|1|6|382|1|16|C
4|1|6|382|1|17|C
4|1|6|382|1|18|C
4|1|6|382|1|19|C
4|1|6|382|1|20|C
4|1|6|382|1|21|C
4|1|6|382|1|22|C
4|1|6|382|1|25|C
4|1|6|382|1|26|C
4|1|6|382|1|27|C
4|1|6|382|1|28|C
4|1|6|382|1|29|C
4|1|6|382|1|30|C
4|1|6|382|1|31|C
4|1|6|382|1|35|C
4|1|6|382|1|36|C
4|1|6|382|1|37|C
4|1|6|382|1|38|C
4|1|6|382|1|40|C
4|1|6|382|1|41|C
4|1|6|382|1|42|C
4|1|6|382|1|43|C
4|1|6|382|1|44|C
4|1|6|382|1|45|C
4|1|6|382|1|48|C
4|1|6|382|1|49|C
4|1|6|382|1|51|C
4|1|6|382|1|52|C
4|1|6|382|1|54|C
4|1|6|382|1|55|C
4|1|6|382|1|56|C
4|1|6|382|1|58|C
4|1|6|382|1|59|C
4|1|6|382|1|60|C
4|1|6|382|1|61|C
4|1|6|382|1|62|C
4|1|6|382|1|63|C
4|1|6|382|1|64|C
4|1|6|382|1|66|C
4|1|6|382|1|67|C
4|1|6|382|1|68|C
4|1|6|382|1|69|C
4|1|6|382|1|71|C
4|1|6|382|1|72|C
4|1|6|382|1|73|C
4|1|6|382|1|74|C
4|1|6|382|1|75|C
4|1|6|382|1|76|C
4|1|6|382|1|77|C
4|1|6|382|1|78|C
4|1|6|382|1|79|C
4|1|6|382|1|81|C
4|1|6|382|1|82|C
4|1|6|382|1|83|C
4|1|6|382|1|84|C
4|1|6|382|1|85|C
4|1|6|382|1|86|C
4|1|6|382|1|87|C
4|1|6|382|1|88|C
4|1|6|382|1|89|C
4|1|6|382|1|91|C
4|1|6|382|1|92|C
4|1|6|382|1|93|C
4|1|6|382|1|94|C
4|1|6|382|1|95|C
4|1|6|382|1|96|C
4|1|6|382|1|97|C
4|1|6|382|1|98|C
4|1|6|382|1|99|C
4|1|6|382|1|101|C
4|1|6|382|1|102|C
4|1|6|382|1|103|C
4|1|6|382|1|104|C
4|1|6|382|1|105|C
4|1|6|382|1|106|C
4|1|6|382|1|107|C
4|1|6|382|1|108|C
4|1|6|382|1|109|C
4|1|6|382|26|9999|C
4|1|6|382|27|9999|C
4|1|6|382|28|9999|C
4|1|6|382|29|9999|C
4|1|6|382|30|9999|C
4|1|6|382|31|9999|C
4|1|6|382|32|9999|C
4|1|6|382|371|9999|C
4|1|6|382|372|9999|C
4|1|6|382|373|9999|C
4|1|6|382|374|9999|C
4|1|6|382|375|9999|C
4|1|6|382|436|9999|C
4|1|6|382|456|9999|C
4|1|6|382|458|9999|C
4|1|6|382|472|9999|C
4|1|6|383|1|1|C
4|1|6|383|1|2|C
4|1|6|383|1|5|C
4|1|6|383|1|7|C
4|1|6|383|1|9|C
4|1|6|383|1|10|C
4|1|6|383|1|11|C
4|1|6|383|1|12|C
4|1|6|383|1|13|C
4|1|6|383|1|14|C
4|1|6|383|1|19|C
4|1|6|383|1|20|C
4|1|6|383|1|21|C
4|1|6|383|1|22|C
4|1|6|383|1|23|C
4|1|6|383|1|24|C
4|1|6|383|1|34|C
4|1|6|383|1|35|C
4|1|6|383|1|36|C
4|1|6|383|1|37|C
4|1|6|383|1|40|C
4|1|6|383|1|42|C
4|1|6|383|1|43|C
4|1|6|383|1|44|C
4|1|6|383|1|45|C
4|1|6|383|1|46|C
4|1|6|383|1|48|C
4|1|6|383|1|51|C
4|1|6|383|1|52|C
4|1|6|383|1|53|C
4|1|6|384|1|1|C
4|1|6|384|1|2|C
4|1|6|384|1|3|C
4|1|6|384|1|4|C
4|1|6|384|1|5|C
4|1|6|384|1|7|C
4|1|6|384|1|11|C
4|1|6|384|1|12|C
4|1|6|384|1|13|C
4|1|6|384|1|26|C
4|1|6|384|1|27|C
4|1|6|384|1|28|C
4|1|6|384|1|29|C
4|1|6|384|1|30|C
4|1|6|384|1|36|C
4|1|6|384|1|37|C
4|1|6|384|1|38|C
4|1|6|384|1|40|C
4|1|6|384|1|41|C
4|1|6|384|1|46|C
4|1|6|384|1|47|C
4|1|6|384|1|50|C
4|1|6|384|1|51|C
4|1|6|384|1|52|C
4|1|6|384|1|53|C
4|1|6|384|1|54|C
4|1|6|384|1|55|C
4|1|6|384|1|57|C
4|1|6|384|1|58|C
4|1|6|384|1|59|C
4|1|6|384|1|60|C
4|1|6|384|1|61|C
4|1|6|384|1|62|C
4|1|6|384|1|63|C
4|1|6|384|1|64|C
4|1|6|384|1|65|C
4|1|6|384|1|66|C
4|1|6|384|1|67|C
4|1|6|384|1|68|C
4|1|6|384|1|69|C
4|1|6|384|1|70|C
4|1|6|384|1|71|C
4|1|6|384|1|72|C
4|1|6|385|73|9999|C
4|1|6|385|295|1|C
4|1|6|385|295|2|C
4|1|6|385|295|3|C
4|1|6|385|295|4|C
4|1|6|385|295|5|C
4|1|6|385|295|6|C
4|1|6|385|295|7|C
4|1|6|385|295|8|C
4|1|6|385|295|9|C
4|1|6|385|295|10|C
4|1|6|385|295|11|C
4|1|6|385|295|12|C
4|1|6|385|295|13|C
4|1|6|385|295|14|C
4|1|6|385|295|15|C
4|1|6|385|295|16|C
4|1|6|385|295|17|C
4|1|6|385|295|18|C
4|1|6|385|295|19|C
4|1|6|385|295|20|C
4|1|6|385|295|21|C
4|1|6|385|295|22|C
4|1|6|386|76|9999|C
4|1|6|386|89|9999|C
4|1|6|386|154|9999|C
4|1|6|386|211|1|C
4|1|6|386|211|2|C
4|1|6|386|211|3|C
4|1|6|386|211|4|C
4|1|6|386|211|5|C
4|1|6|386|211|6|C
4|1|6|386|211|7|C
4|1|6|386|211|8|C
4|1|6|386|211|9|C
4|1|6|386|211|10|C
4|1|6|386|211|11|C
4|1|6|386|211|12|C
4|1|6|386|211|13|*
4|1|6|386|211|14|C
4|1|6|386|211|9999|C
4|1|6|387|44|9999|C
4|1|6|387|83|1|C
4|1|6|387|83|2|C
4|1|6|387|83|3|C
4|1|6|387|83|5|C
4|1|6|387|83|7|C
4|1|6|387|83|8|C
4|1|6|387|83|9|C
4|1|6|387|83|10|C
4|1|6|387|83|11|C
4|1|6|387|83|12|*
4|1|6|387|83|13|*
4|1|6|387|83|14|C
4|1|6|387|83|15|C
4|1|6|387|83|9999|C
4|1|6|388|2|1|C
4|1|6|388|2|3|C
4|1|6|388|2|4|C
4|1|6|388|2|6|C
4|1|6|388|2|8|C
4|1|6|388|2|9|C
4|1|6|388|2|10|C
4|1|6|388|2|12|C
4|1|6|388|2|15|C
4|1|6|388|2|16|C
4|1|6|388|2|17|C
4|1|6|388|2|18|C
4|1|6|388|2|22|C
4|1|6|388|2|23|C
4|1|6|388|2|24|C
4|1|6|388|2|25|C
4|1|6|388|2|29|C
4|1|6|388|2|30|C
4|1|6|388|2|31|C
4|1|6|388|2|32|C
4|1|6|388|2|35|C
4|1|6|388|2|36|C
4|1|6|388|2|37|C
4|1|6|388|2|38|C
4|1|6|388|2|39|C
4|1|6|388|2|40|C
4|1|6|388|2|41|C
4|1|6|388|2|42|C
4|1|6|388|2|44|C
4|1|6|388|2|45|C
4|1|6|388|2|46|C
4|1|6|388|2|47|C
4|1|6|388|2|48|*
4|1|6|388|2|49|C
4|1|6|388|2|50|C
4|1|6|388|2|51|C
4|1|6|388|2|52|C
4|1|6|388|2|53|C
4|1|6|388|2|54|C
4|1|6|388|2|55|C
4|1|6|388|2|56|C
4|1|6|388|2|57|C
4|1|6|388|2|58|C
4|1|6|388|2|59|C
4|1|6|389|2|5|C
4|1|6|389|2|6|C
4|1|6|389|2|7|C
4|1|6|389|2|8|C
4|1|6|389|2|13|C
4|1|6|389|2|14|C
4|1|6|389|2|21|C
4|1|6|389|2|26|C
4|1|6|389|2|28|C
4|1|6|389|2|33|C
4|1|6|389|2|47|C
4|1|6|389|2|48|*
4|1|6|389|2|49|*
4|1|6|389|2|50|C
4|1|6|389|2|51|C
4|1|6|389|2|52|C
4|1|6|389|223|9999|C
4|1|6|389|275|9999|C
4|1|6|389|292|9999|C
4|1|6|389|306|9999|C
4|1|6|389|364|9999|C
4|1|6|389|380|9999|C
4|1|6|390|132|1|C
4|1|6|390|132|2|C
4|1|6|390|132|3|C
4|1|6|390|132|4|C
4|1|6|390|132|5|C
4|1|6|390|132|6|C
4|1|6|390|132|7|C
4|1|6|390|132|8|C
4|1|6|390|132|9|C
4|1|6|390|132|10|C
4|1|6|390|132|11|C
4|1|6|390|132|12|C
4|1|6|390|132|13|C
4|1|6|390|132|14|C
4|1|6|390|132|15|C
4|1|6|390|132|16|C
4|1|6|390|132|17|C
4|1|6|390|132|18|C
4|1|6|390|132|19|C
4|1|6|390|132|20|C
4|1|6|390|132|21|C
4|1|6|390|132|22|C
4|1|6|390|132|9999|C
4|1|6|391|52|9999|C
4|1|6|391|105|9999|C
4|1|6|391|224|1|C
4|1|6|391|224|2|C
4|1|6|391|224|3|C
4|1|6|391|224|4|C
4|1|6|391|224|5|C
4|1|6|391|224|6|C
4|1|6|391|224|7|C
4|1|6|391|224|8|C
4|1|6|391|224|9|C
4|1|6|391|224|10|C
4|1|6|391|224|11|C
4|1|6|391|224|12|C
4|1|6|391|224|13|C
4|1|6|391|224|14|C
4|1|6|391|224|15|C
4|1|6|391|224|16|C
4|1|6|391|224|17|C
4|1|6|391|224|18|C
4|1|6|391|224|19|C
4|1|6|391|224|20|C
4|1|6|391|224|21|C
4|1|6|391|224|22|C
4|1|6|391|224|23|C
4|1|6|391|224|24|C
4|1|6|391|224|25|C
4|1|6|391|224|26|C
4|1|6|391|224|27|C
4|1|6|391|224|28|C
4|1|6|391|224|29|C
4|1|6|391|224|30|C
4|1|6|391|224|31|C
4|1|6|391|224|32|C
4|1|6|391|224|33|C
4|1|6|391|224|34|C
4|1|6|391|224|35|C
4|1|6|391|224|36|C
4|1|6|391|224|37|C
4|1|6|391|224|38|C
4|1|6|391|224|39|C
4|1|6|391|224|9999|C
4|1|6|391|431|9999|C
4|1|6|392|193|1|C
4|1|6|392|193|2|C
4|1|6|392|193|3|C
4|1|6|392|193|4|C
4|1|6|392|193|5|C
4|1|6|392|193|6|C
4|1|6|392|193|7|C
4|1|6|392|193|8|C
4|1|6|392|193|9|C
4|1|6|392|193|10|C
4|1|6|392|193|11|C
4|1|6|392|193|12|C
4|1|6|392|219|9999|C
4|1|6|392|334|9999|C
4|1|6|393|201|9999|C
4|1|6|393|304|9999|C
4|1|6|393|305|9999|C
4|1|6|393|313|9999|C
4|1|6|393|405|9999|C
4|1|6|393|406|9999|C
4|1|6|393|481|9999|C
4|1|6|393|482|9999|C
4|1|6|394|115|1|C
4|1|6|394|115|2|C
4|1|6|394|115|3|C
4|1|6|394|115|4|C
4|1|6|394|115|5|C
4|1|6|394|115|6|C
4|1|6|394|115|7|C
4|1|6|394|115|8|C
4|1|6|394|115|9|C
4|1|6|394|115|10|C
4|1|6|394|115|11|C
4|1|6|394|115|12|C
4|1|6|394|115|13|C
4|1|6|394|115|14|C
4|1|6|394|115|15|C
4|1|6|394|115|16|C
4|1|6|394|115|17|C
4|1|6|394|115|18|C
4|1|6|394|115|19|C
4|1|6|394|115|20|C
4|1|6|394|115|21|C
4|1|6|394|115|22|C
4|1|6|394|115|23|C
4|1|6|394|115|24|C
4|1|6|394|115|25|C
4|1|6|394|115|26|C
4|1|6|394|115|27|C
4|1|6|394|115|28|C
4|1|6|394|115|29|C
4|1|6|394|115|30|C
4|1|6|394|115|31|C
4|1|6|394|115|32|C
4|1|6|394|115|33|C
4|1|6|394|115|34|C
4|1|6|394|115|35|C
4|1|6|394|115|36|C
4|1|6|394|115|37|C
4|1|6|394|115|40|C
4|1|6|394|115|41|C
4|1|6|394|115|42|C
4|1|6|394|115|43|C
4|1|6|394|115|44|C
4|1|6|394|115|45|C
4|1|6|394|115|46|C
4|1|6|394|115|47|C
4|1|6|394|115|48|C
4|1|6|394|115|49|C
4|1|6|394|115|50|C
4|1|6|394|115|51|C
4|1|6|394|115|52|C
4|1|6|394|454|9999|C
4|1|6|395|255|1|C
4|1|6|395|255|2|C
4|1|6|395|255|3|C
4|1|6|395|255|4|C
4|1|6|395|255|5|C
4|1|6|395|255|6|C
4|1|6|395|255|7|C
4|1|6|395|255|8|C
4|1|6|395|255|9|C
4|1|6|395|255|10|C
4|1|6|395|255|11|C
4|1|6|395|255|12|C
4|1|6|395|255|13|C
4|1|6|395|255|14|C
4|1|6|395|255|15|C
4|1|6|395|255|17|C
4|1|6|395|255|18|C
4|1|6|395|255|19|C
4|1|6|395|255|20|C
4|1|6|395|255|21|C
4|1|6|395|255|22|C
4|1|6|395|255|23|C
4|1|6|395|255|24|C
4|1|6|395|255|25|C
4|1|6|395|255|26|C
4|1|6|395|255|27|*
4|1|6|395|255|28|C
4|1|6|395|255|29|C
4|1|6|395|255|30|C
4|1|6|395|255|31|C
4|1|6|395|255|32|C
4|1|6|395|255|34|C
4|1|6|395|255|35|C
4|1|6|395|255|36|C
4|1|6|395|255|37|C
4|1|6|395|255|38|C
4|1|6|395|255|39|C
4|1|6|395|255|40|C
4|1|6|395|255|41|C
4|1|6|395|255|43|C
4|1|6|395|255|44|C
4|1|6|395|255|45|C
4|1|6|395|255|46|C
4|1|6|395|255|47|C
4|1|6|395|255|48|C
4|1|6|395|255|49|C
4|1|6|395|255|50|C
4|1|6|395|255|51|C
4|1|6|395|255|52|C
4|1|6|395|255|53|C
4|1|6|395|255|54|C
4|1|6|395|255|55|C
4|1|6|395|255|56|C
4|1|6|395|255|57|C
4|1|6|395|255|58|C
4|1|6|395|255|59|C
4|1|6|395|255|60|C
4|1|6|395|255|61|C
4|1|6|395|255|62|C
4|1|6|395|255|63|C
4|1|6|395|255|64|C
4|1|6|395|255|9999|C
4|1|6|395|387|9999|C
4|1|6|395|403|9999|C
4|1|6|396|48|1|C
4|1|6|396|48|2|C
4|1|6|396|48|3|C
4|1|6|396|48|4|C
4|1|6|396|48|5|C
4|1|6|396|48|6|C
4|1|6|396|48|7|C
4|1|6|396|48|8|C
4|1|6|396|48|9|C
4|1|6|396|48|10|C
4|1|6|396|48|11|C
4|1|6|396|48|12|C
4|1|6|396|48|13|C
4|1|6|396|48|14|C
4|1|6|396|48|15|C
4|1|6|396|48|16|C
4|1|6|396|48|17|C
4|1|6|396|48|18|C
4|1|6|396|48|19|C
4|1|6|396|48|20|C
4|1|6|396|48|21|C
4|1|6|396|48|22|C
4|1|6|396|48|23|C
4|1|6|396|48|24|C
4|1|6|396|48|25|C
4|1|6|396|48|26|C
4|1|6|396|48|27|C
4|1|6|396|48|28|C
4|1|6|396|48|29|C
4|1|6|396|48|30|C
4|1|6|396|48|31|C
4|1|6|396|48|32|C
4|1|6|396|48|33|C
4|1|6|396|48|34|C
4|1|6|396|48|35|C
4|1|6|396|48|36|C
4|1|6|396|48|37|C
4|1|6|396|48|38|C
4|1|6|396|48|39|C
4|1|6|396|48|40|C
4|1|6|396|48|41|C
4|1|6|396|48|42|C
4|1|6|396|48|43|C
4|1|6|396|48|44|C
4|1|6|396|48|45|C
4|1|6|396|48|46|C
4|1|6|396|48|47|C
4|1|6|396|48|48|C
4|1|6|396|48|49|*
4|1|6|396|48|9999|C
4|1|6|397|296|1|C
4|1|6|397|296|2|C
4|1|6|397|296|3|C
4|1|6|397|296|4|C
4|1|6|397|296|5|C
4|1|6|397|296|6|C
4|1|6|397|296|7|C
4|1|6|397|296|8|C
4|1|6|397|296|9|C
4|1|6|397|296|10|C
4|1|6|397|296|11|C
4|1|6|397|296|12|C
4|1|6|397|296|13|C
4|1|6|397|296|14|C
4|1|6|397|296|15|C
4|1|6|397|296|16|C
4|1|6|397|296|17|C
4|1|6|397|296|18|C
4|1|6|397|296|19|C
4|1|6|397|296|20|C
4|1|6|397|296|21|C
4|1|6|397|296|22|C
4|1|6|397|296|23|C
4|1|6|397|296|24|C
4|1|6|397|296|25|C
4|1|6|397|296|26|C
4|1|6|397|296|27|C
4|1|6|397|296|28|C
4|1|6|397|296|29|C
4|1|6|397|296|30|C
4|1|6|397|296|31|C
4|1|6|397|296|32|C
4|1|6|397|296|33|C
4|1|6|397|296|34|C
4|1|6|397|296|35|C
4|1|6|397|296|36|C
4|1|6|397|296|37|C
4|1|6|397|296|38|C
4|1|6|397|296|39|C
4|1|6|397|296|41|C
4|1|6|397|296|42|C
4|1|6|397|296|43|C
4|1|6|397|296|44|C
4|1|6|397|296|45|C
4|1|6|397|296|46|C
4|1|6|397|296|47|C
4|1|6|397|296|48|*
4|1|6|397|296|49|C
4|1|6|397|296|50|C
4|1|6|397|296|51|C
4|1|6|397|296|53|C
4|1|6|397|296|54|C
4|1|6|397|296|55|C
4|1|6|397|296|9999|C
4|1|6|398|16|1|C
4|1|6|398|16|2|C
4|1|6|398|16|3|C
4|1|6|398|16|4|*
4|1|6|398|16|5|C
4|1|6|398|16|6|C
4|1|6|398|16|7|C
4|1|6|398|16|8|C
4|1|6|398|16|9|C
4|1|6|398|16|10|C
4|1|6|398|16|11|C
4|1|6|398|16|12|C
4|1|6|398|16|13|C
4|1|6|398|16|14|C
4|1|6|398|16|15|C
4|1|6|398|16|16|C
4|1|6|398|16|17|C
4|1|6|398|16|18|C
4|1|6|398|16|19|C
4|1|6|398|16|20|C
4|1|6|398|16|21|C
4|1|6|398|16|22|C
4|1|6|398|16|23|C
4|1|6|398|16|24|C
4|1|6|398|16|25|C
4|1|6|398|16|26|C
4|1|6|398|16|27|C
4|1|6|398|16|28|C
4|1|6|398|16|29|C
4|1|6|398|16|30|C
4|1|6|398|16|32|C
4|1|6|398|16|33|C
4|1|6|398|16|34|C
4|1|6|398|16|9999|C
4|1|6|399|136|1|C
4|1|6|399|136|2|C
4|1|6|399|136|3|C
4|1|6|399|136|4|C
4|1|6|399|136|5|C
4|1|6|399|136|6|C
4|1|6|399|136|8|C
4|1|6|399|136|9|C
4|1|6|399|136|10|C
4|1|6|399|136|11|C
4|1|6|399|136|12|C
4|1|6|399|136|13|C
4|1|6|399|136|14|C
4|1|6|399|136|15|C
4|1|6|399|136|16|C
4|1|6|399|136|17|C
4|1|6|399|136|18|C
4|1|6|399|136|19|C
4|1|6|399|136|20|C
4|1|6|399|136|21|C
4|1|6|399|136|22|C
4|1|6|399|136|23|C
4|1|6|399|136|24|C
4|1|6|399|136|25|C
4|1|6|399|136|26|C
4|1|6|399|136|27|C
4|1|6|399|136|28|C
4|1|6|399|136|29|C
4|1|6|399|136|30|C
4|1|6|399|136|31|C
4|1|6|399|136|32|C
4|1|6|399|136|33|C
4|1|6|399|136|34|C
4|1|6|399|136|35|C
4|1|6|399|136|36|C
4|1|6|399|136|37|C
4|1|6|399|136|38|C
4|1|6|399|136|39|C
4|1|6|399|136|40|C
4|1|6|399|136|41|C
4|1|6|399|136|42|C
4|1|6|399|136|44|C
4|1|6|399|136|45|C
4|1|6|399|136|46|C
4|1|6|399|136|47|C
4|1|6|399|136|48|C
4|1|6|399|136|49|C
4|1|6|399|136|50|C
4|1|6|399|136|51|C
4|1|6|399|136|9999|C
4|1|6|399|228|9999|C
4|1|6|400|4|1|C
4|1|6|400|4|2|C
4|1|6|400|4|3|C
4|1|6|400|4|4|C
4|1|6|400|4|5|C
4|1|6|400|4|6|C
4|1|6|400|4|7|C
4|1|6|400|4|8|C
4|1|6|400|4|9|C
4|1|6|400|4|10|C
4|1|6|400|4|11|C
4|1|6|400|4|12|C
4|1|6|400|4|13|C
4|1|6|400|4|14|C
4|1|6|400|4|15|C
4|1|6|400|4|16|C
4|1|6|400|4|17|C
4|1|6|400|4|18|C
4|1|6|400|4|19|C
4|1|6|400|4|20|C
4|1|6|400|4|21|C
4|1|6|400|4|22|C
4|1|6|400|4|23|C
4|1|6|400|4|24|C
4|1|6|400|4|25|C
4|1|6|400|4|26|C
4|1|6|400|4|27|C
4|1|6|400|4|28|C
4|1|6|400|4|29|C
4|1|6|400|4|30|C
4|1|6|400|4|31|C
4|1|6|400|4|32|C
4|1|6|400|4|33|C
4|1|6|400|4|34|C
4|1|6|400|4|36|C
4|1|6|400|4|37|C
4|1|6|400|4|38|C
4|1|6|400|4|39|C
4|1|6|400|4|40|C
4|1|6|400|4|41|C
4|1|6|400|4|42|C
4|1|6|400|4|43|C
4|1|6|400|4|45|C
4|1|6|400|4|46|C
4|1|6|400|4|47|C
4|1|6|400|4|48|C
4|1|6|400|4|49|C
4|1|6|400|4|50|C
4|1|6|400|4|51|C
4|1|6|400|4|52|C
4|1|6|400|4|53|C
4|1|6|400|4|54|C
4|1|6|400|4|55|C
4|1|6|400|4|58|C
4|1|6|400|4|59|C
4|1|6|400|4|60|C
4|1|6|400|4|62|C
4|1|6|400|4|64|C
4|1|6|400|4|65|C
4|1|6|400|4|66|C
4|1|6|400|4|67|C
4|1|6|400|4|68|C
4|1|6|400|4|69|C
4|1|6|400|4|70|C
4|1|6|400|4|71|C
4|1|6|400|4|72|C
4|1|6|400|4|73|C
4|1|6|400|4|74|C
4|1|6|400|119|9999|C
4|1|6|400|226|9999|C
4|1|6|400|413|9999|C
4|1|6|400|469|9999|C
4|1|6|400|470|9999|C
4|1|6|400|471|9999|C
4|1|6|401|4|1|C
4|1|6|401|4|2|C
4|1|6|401|4|3|C
4|1|6|401|4|4|C
4|1|6|401|4|5|C
4|1|6|401|4|6|C
4|1|6|401|4|7|C
4|1|6|401|4|8|C
4|1|6|401|4|9|C
4|1|6|401|4|10|C
4|1|6|401|4|11|C
4|1|6|401|4|12|C
4|1|6|401|4|13|C
4|1|6|401|4|14|C
4|1|6|401|4|15|C
4|1|6|401|4|16|C
4|1|6|401|4|17|C
4|1|6|401|4|18|C
4|1|6|401|4|19|C
4|1|6|401|4|20|C
4|1|6|401|4|21|C
4|1|6|401|4|22|C
4|1|6|401|4|23|C
4|1|6|401|4|24|C
4|1|6|401|4|25|C
4|1|6|401|4|26|C
4|1|6|401|4|27|C
4|1|6|401|4|28|C
4|1|6|401|4|29|C
4|1|6|401|4|30|C
4|1|6|401|4|31|C
4|1|6|401|4|32|C
4|1|6|401|4|33|C
4|1|6|401|4|34|C
4|1|6|401|4|35|C
4|1|6|401|4|36|C
4|1|6|401|4|37|C
4|1|6|401|4|38|C
4|1|6|401|4|39|C
4|1|6|401|4|40|C
4|1|6|401|4|41|C
4|1|6|401|4|43|C
4|1|6|401|4|44|C
4|1|6|401|4|45|C
4|1|6|401|4|46|C
4|1|6|401|4|47|C
4|1|6|401|4|48|C
4|1|6|401|4|49|C
4|1|6|401|4|50|C
4|1|6|401|4|51|C
4|1|6|401|4|52|C
4|1|6|401|4|53|C
4|1|6|401|4|54|C
4|1|6|401|4|55|C
4|1|6|401|4|56|C
4|1|6|401|4|57|C
4|1|6|401|4|58|C
4|1|6|401|4|59|C
4|1|6|401|4|60|C
4|1|6|401|4|61|C
4|1|6|401|4|62|C
4|1|6|401|4|65|C
4|1|6|401|4|66|C
4|1|6|401|4|67|C
4|1|6|401|4|68|C
4|1|6|401|4|69|C
4|1|6|401|4|81|C
4|1|6|402|182|2|C
4|1|6|402|182|3|C
4|1|6|402|182|4|C
4|1|6|402|182|5|C
4|1|6|402|182|6|C
4|1|6|402|182|8|C
4|1|6|402|182|9|C
4|1|6|402|182|10|C
4|1|6|402|182|13|C
4|1|6|402|182|14|C
4|1|6|402|182|15|C
4|1|6|402|182|17|C
4|1|6|402|182|9999|C
4|1|6|402|376|9999|C
4|1|6|402|465|9999|C
4|1|6|402|466|9999|C
4|1|6|402|467|9999|C
4|1|6|402|468|9999|C
4|1|6|403|3|1|C
4|1|6|403|3|2|C
4|1|6|403|3|3|C
4|1|6|403|3|4|C
4|1|6|403|3|5|C
4|1|6|403|3|6|C
4|1|6|403|3|7|C
4|1|6|403|3|8|C
4|1|6|403|3|9|C
4|1|6|403|3|10|C
4|1|6|403|3|11|C
4|1|6|403|3|12|C
4|1|6|403|3|13|C
4|1|6|403|3|14|C
4|1|6|403|3|15|C
4|1|6|403|3|16|C
4|1|6|403|3|17|C
4|1|6|403|3|18|C
4|1|6|403|3|19|C
4|1|6|403|3|20|C
4|1|6|403|3|21|C
4|1|6|403|3|22|C
4|1|6|403|3|23|C
4|1|6|403|3|25|C
4|1|6|403|3|26|C
4|1|6|403|3|27|C
4|1|6|403|3|28|C
4|1|6|403|3|29|C
4|1|6|403|3|30|C
4|1|6|403|3|31|C
4|1|6|403|3|32|C
4|1|6|403|3|33|C
4|1|6|403|3|34|C
4|1|6|403|3|35|C
4|1|6|403|3|36|C
4|1|6|403|3|37|C
4|1|6|403|3|40|C
4|1|6|403|3|41|C
4|1|6|403|3|42|C
4|1|6|403|3|43|C
4|1|6|403|3|44|C
4|1|6|403|3|45|C
4|1|6|403|3|46|C
4|1|6|403|3|47|C
4|1|6|403|3|48|C
4|1|6|403|3|49|C
4|1|6|403|99|9999|C
4|1|6|403|116|9999|*
4|1|6|403|221|9999|C
4|1|6|403|245|9999|*
4|1|6|403|269|9999|C
4|1|6|403|367|9999|C
4|1|6|403|437|9999|C
4|1|6|403|438|9999|C
4|1|6|403|439|9999|C
4|1|6|403|455|9999|C
4|1|6|403|476|9999|C
4|1|6|404|3|1|C
4|1|6|404|3|2|C
4|1|6|404|3|3|C
4|1|6|404|3|4|C
4|1|6|404|3|5|C
4|1|6|404|3|6|C
4|1|6|404|3|7|C
4|1|6|404|3|8|C
4|1|6|404|3|9|C
4|1|6|404|3|10|C
4|1|6|404|3|11|C
4|1|6|404|3|12|C
4|1|6|404|3|13|C
4|1|6|404|3|14|C
4|1|6|404|3|15|C
4|1|6|404|3|16|C
4|1|6|404|3|17|C
4|1|6|404|3|18|C
4|1|6|404|3|19|C
4|1|6|404|3|20|C
4|1|6|404|3|21|C
4|1|6|404|3|22|C
4|1|6|404|3|23|C
4|1|6|404|3|24|C
4|1|6|404|3|25|C
4|1|6|404|3|26|C
4|1|6|404|3|27|C
4|1|6|404|3|28|C
4|1|6|404|3|29|C
4|1|6|404|3|30|C
4|1|6|404|3|31|C
4|1|6|404|3|32|C
4|1|6|404|3|34|C
4|1|6|404|3|35|C
4|1|6|404|3|36|C
4|1|6|404|3|38|C
4|1|6|404|3|39|C
4|1|6|404|3|40|C
4|1|6|404|3|41|C
4|1|6|404|3|42|C
4|1|6|404|3|43|C
4|1|6|404|3|44|C
4|1|6|404|3|45|*
4|1|6|404|299|9999|C
4|1|6|404|316|9999|C
4|1|6|404|412|9999|C
4|1|6|404|440|9999|C
4|1|6|405|61|9999|C
4|1|6|405|198|9999|C
4|1|6|405|378|9999|C
4|1|6|405|379|9999|C
4|1|6|405|388|9999|C
4|1|6|405|424|9999|C
4|1|6|405|425|9999|C
4|1|6|405|426|9999|C
4|1|6|405|427|9999|C
4|1|6|405|428|9999|C
4|1|6|405|429|9999|C
4|1|6|405|430|9999|C
4|1|6|405|446|9999|C
4|1|6|405|451|9999|C
4|1|6|405|459|9999|C
4|1|6|405|460|9999|C
4|1|6|406|60|1|C
4|1|6|406|60|2|C
4|1|6|406|60|3|C
4|1|6|406|60|4|C
4|1|6|406|60|5|C
4|1|6|406|60|6|C
4|1|6|406|60|7|C
4|1|6|406|60|8|C
4|1|6|406|60|9|C
4|1|6|406|60|10|C
4|1|6|406|60|11|C
4|1|6|406|60|12|C
4|1|6|406|60|13|C
4|1|6|406|60|14|C
4|1|6|406|60|15|C
4|1|6|406|60|16|C
4|1|6|406|60|17|C
4|1|6|406|60|18|C
4|1|6|406|60|19|C
4|1|6|406|60|20|C
4|1|6|406|60|21|C
4|1|6|406|60|22|C
4|1|6|406|60|23|C
4|1|6|406|60|24|C
4|1|6|406|60|25|C
4|1|6|406|60|26|C
4|1|6|406|60|27|C
4|1|6|406|60|28|C
4|1|6|406|60|29|C
4|1|6|406|60|30|C
4|1|6|406|60|31|C
4|1|6|406|60|32|C
4|1|6|406|60|33|C
4|1|6|406|60|34|C
4|1|6|406|60|35|C
4|1|6|406|60|9999|C
4|1|6|406|382|9999|C
4|1|6|406|408|9999|C
4|1|6|406|453|9999|C
4|1|6|406|461|9999|C
4|1|6|406|462|9999|C
4|1|6|406|463|9999|C
4|1|6|406|464|9999|C
4|1|6|406|474|9999|C
4|1|6|406|475|9999|C
4|1|6|407|74|1|C
4|1|6|407|74|2|C
4|1|6|407|74|3|C
4|1|6|407|74|4|C
4|1|6|407|74|6|C
4|1|6|407|74|7|C
4|1|6|407|74|8|C
4|1|6|407|74|9|C
4|1|6|407|74|10|C
4|1|6|407|74|11|C
4|1|6|407|74|12|C
4|1|6|407|74|13|C
4|1|6|407|74|14|C
4|1|6|407|74|15|C
4|1|6|407|74|16|C
4|1|6|407|74|18|C
4|1|6|407|74|19|C
4|1|6|407|74|20|C
4|1|6|407|74|21|C
4|1|6|407|74|22|C
4|1|6|407|74|23|C
4|1|6|407|74|24|C
4|1|6|407|74|25|C
4|1|6|407|74|26|C
4|1|6|407|74|27|C
4|1|6|407|74|28|C
4|1|6|407|74|29|C
4|1|6|407|74|30|C
4|1|6|407|74|31|C
4|1|6|407|74|32|C
4|1|6|407|74|33|C
4|1|6|407|74|34|C
4|1|6|407|74|35|C
4|1|6|407|74|36|C
4|1|6|407|74|37|C
4|1|6|407|74|38|C
4|1|6|407|74|39|C
4|1|6|407|74|40|C
4|1|6|407|74|41|C
4|1|6|407|74|42|C
4|1|6|407|74|43|C
4|1|6|407|74|44|C
4|1|6|407|74|45|C
4|1|6|407|74|46|C
4|1|6|407|74|47|C
4|1|6|407|74|48|C
4|1|6|407|74|49|C
4|1|6|407|74|50|C
4|1|6|407|74|51|C
4|1|6|407|74|52|C
4|1|6|407|74|53|C
4|1|6|407|74|54|C
4|1|6|407|74|55|C
4|1|6|407|74|56|C
4|1|6|407|74|57|C
4|1|6|407|74|58|C
4|1|6|407|74|59|C
4|1|6|407|74|60|C
4|1|6|407|74|61|C
4|1|6|407|74|62|C
4|1|6|407|74|63|C
4|1|6|407|74|64|C
4|1|6|407|74|65|C
4|1|6|407|74|66|C
4|1|6|407|74|67|C
4|1|6|407|74|68|C
4|1|6|408|131|1|C
4|1|6|408|131|2|C
4|1|6|408|131|3|C
4|1|6|408|131|4|C
4|1|6|408|131|5|C
4|1|6|408|131|6|C
4|1|6|408|131|7|C
4|1|6|408|131|8|C
4|1|6|408|131|9|C
4|1|6|408|131|10|C
4|1|6|408|131|11|C
4|1|6|408|131|12|C
4|1|6|408|131|13|C
4|1|6|408|131|14|C
4|1|6|408|131|15|C
4|1|6|408|131|16|C
4|1|6|408|131|17|C
4|1|6|408|131|18|C
4|1|6|408|131|19|C
4|1|6|408|131|20|C
4|1|6|408|131|21|C
4|1|6|408|131|22|C
4|1|6|408|131|23|C
4|1|6|408|131|24|C
4|1|6|408|131|25|C
4|1|6|408|131|26|C
4|1|6|408|131|27|C
4|1|6|408|131|28|*
4|1|6|408|131|29|*
4|1|6|408|131|9999|C
4|1|6|408|410|9999|C
4|1|6|408|473|9999|C
4|1|6|409|300|1|C
4|1|6|409|300|2|C
4|1|6|409|300|3|C
4|1|6|409|300|4|C
4|1|6|409|300|5|C
4|1|6|409|300|6|C
4|1|6|409|300|7|C
4|1|6|409|300|9|C
4|1|6|409|300|10|C
4|1|6|409|300|11|C
4|1|6|409|300|12|C
4|1|6|409|300|13|C
4|1|6|409|300|14|C
4|1|6|409|300|15|C
4|1|6|409|300|16|C
4|1|6|409|300|17|C
4|1|6|409|300|18|C
4|1|6|409|300|19|C
4|1|6|409|300|20|C
4|1|6|409|300|21|C
4|1|6|409|300|22|C
4|1|6|409|300|24|C
4|1|6|409|300|25|C
4|1|6|409|300|26|C
4|1|6|409|300|27|C
4|1|6|409|300|28|C
4|1|6|409|300|29|C
4|1|6|409|300|30|C
4|1|6|409|300|31|C
4|1|6|409|300|32|C
4|1|6|409|300|33|C
4|1|6|409|300|34|C
4|1|6|409|300|35|C
4|1|6|409|300|37|C
4|1|6|409|300|38|C
4|1|6|409|300|39|C
4|1|6|409|300|40|C
4|1|6|409|300|41|C
4|1|6|409|300|42|C
4|1|6|409|300|43|C
4|1|6|409|300|44|C
4|1|6|409|300|45|C
4|1|6|409|300|46|C
4|1|6|409|300|47|C
4|1|6|409|300|48|C
4|1|6|409|300|49|C
4|1|6|409|300|50|C
4|1|6|409|300|51|C
4|1|6|409|300|52|C
4|1|6|409|300|53|C
4|1|6|409|300|54|C
4|1|6|409|300|55|C
4|1|6|409|300|56|C
4|1|6|409|300|57|C
4|1|6|409|300|58|C
4|1|6|409|300|59|C
4|1|6|409|300|60|C
4|1|6|409|300|61|C
4|1|6|409|300|62|C
4|1|6|409|300|63|C
4|1|6|409|300|64|C
4|1|6|409|300|65|C
4|1|6|409|300|66|C
4|1|6|409|300|67|C
4|1|6|409|300|68|C
4|1|6|409|300|69|C
4|1|6|409|300|71|C
4|1|6|409|300|72|*
4|1|6|409|300|73|*
4|1|6|409|300|74|C
4|1|6|409|300|75|C
4|1|6|409|300|76|C
4|1|6|409|300|77|C
4|1|6|409|300|78|C
4|1|6|410|277|1|C
4|1|6|410|277|2|C
4|1|6|410|277|3|C
4|1|6|410|277|4|C
4|1|6|410|277|5|C
4|1|6|410|277|6|C
4|1|6|410|277|7|C
4|1|6|410|277|8|C
4|1|6|410|277|9|C
4|1|6|410|277|10|C
4|1|6|410|277|11|C
4|1|6|410|277|12|C
4|1|6|410|277|13|C
4|1|6|410|277|14|C
4|1|6|410|277|15|C
4|1|6|410|277|16|C
4|1|6|410|277|17|C
4|1|6|410|277|18|C
4|1|6|410|277|19|C
4|1|6|410|277|20|C
4|1|6|410|277|21|C
4|1|6|410|277|22|C
4|1|6|410|277|23|C
4|1|6|410|277|24|C
4|1|6|410|277|25|C
4|1|6|410|277|26|C
4|1|6|410|277|27|C
4|1|6|410|277|29|C
4|1|6|410|277|30|C
4|1|6|410|277|31|C
4|1|6|410|277|32|C
4|1|6|410|277|33|C
4|1|6|410|277|34|C
4|1|6|410|277|35|C
4|1|6|410|277|36|C
4|1|6|410|277|37|C
4|1|6|410|277|38|C
4|1|6|410|277|39|*
4|1|6|410|277|40|C
4|1|6|410|277|41|C
4|1|6|410|277|42|C
4|1|6|410|277|43|C
4|1|6|410|277|44|C
4|1|6|410|277|45|C
4|1|6|410|277|46|C
4|1|6|410|277|47|C
4|1|6|410|277|48|C
4|1|6|410|277|49|C
4|1|6|410|277|50|C
4|1|6|410|277|51|C
4|1|6|410|277|52|C
4|1|6|410|277|53|C
4|1|6|410|277|54|C
4|1|6|410|277|55|C
4|1|6|410|277|56|C
4|1|6|410|277|57|C
4|1|6|410|277|58|C
4|1|6|410|277|59|C
4|1|6|410|277|60|C
4|1|6|410|277|61|C
4|1|6|410|277|63|C
4|1|6|410|277|64|C
4|1|6|410|277|65|C
4|1|6|410|277|67|C
4|1|6|410|277|68|C
4|1|6|410|277|69|*
4|1|6|410|277|9999|C
4|1|6|411|53|1|C
4|1|6|411|53|4|C
4|1|6|411|53|5|C
4|1|6|411|53|6|C
4|1|6|411|53|7|C
4|1|6|411|53|8|C
4|1|6|411|53|9|C
4|1|6|411|53|10|C
4|1|6|411|53|11|C
4|1|6|411|53|12|C
4|1|6|411|53|13|C
4|1|6|411|53|14|C
4|1|6|411|53|15|C
4|1|6|411|53|16|C
4|1|6|411|53|17|C
4|1|6|411|53|18|C
4|1|6|411|53|19|C
4|1|6|411|53|20|C
4|1|6|411|53|21|C
4|1|6|411|53|22|C
4|1|6|411|53|23|C
4|1|6|411|53|24|C
4|1|6|411|53|25|C
4|1|6|411|53|9999|C
4|1|6|411|441|1|C
4|1|6|411|441|2|C
4|1|6|411|441|3|C
4|1|6|411|441|4|C
4|1|6|411|441|5|C
4|1|6|411|441|6|C
4|1|6|411|441|7|C
4|1|6|411|441|8|C
4|1|6|411|441|9|C
4|1|6|411|441|10|C
4|1|6|411|441|11|C
4|1|6|411|441|12|C
4|1|6|411|441|13|C
4|1|6|411|441|14|C
4|1|6|411|441|15|C
4|1|6|411|441|16|C
4|1|6|411|441|17|C
4|1|6|411|441|18|C
4|1|6|411|441|19|C
4|1|6|411|441|9999|C
4|1|6|411|442|9999|C
4|1|6|411|443|9999|C
4|1|6|411|444|9999|C
4|1|6|411|445|9999|C
4|1|6|412|301|1|C
4|1|6|412|301|2|C
4|1|6|412|301|3|C
4|1|6|412|301|4|C
4|1|6|412|301|5|C
4|1|6|412|301|6|C
4|1|6|412|301|7|C
4|1|6|412|301|8|C
4|1|6|412|301|9|C
4|1|6|412|301|10|C
4|1|6|412|301|11|C
4|1|6|412|301|12|C
4|1|6|412|301|13|C
4|1|6|412|301|14|C
4|1|6|412|301|15|C
4|1|6|412|301|16|C
4|1|6|412|301|18|C
4|1|6|412|301|19|C
4|1|6|412|301|20|C
4|1|6|412|301|21|C
4|1|6|412|301|22|C
4|1|6|412|301|23|*
4|1|6|412|301|24|C
4|1|6|412|301|25|C
4|1|6|412|301|9999|C
4|1|8|440|1|1|C
4|1|8|440|1|2|C
4|1|8|440|1|3|C
4|1|8|440|1|4|C
4|1|8|440|1|6|C
4|1|8|440|1|11|C
4|1|8|440|1|12|C
4|1|8|440|1|13|C
4|1|8|440|1|14|C
4|1|8|440|1|15|C
4|1|8|440|1|16|C
4|1|8|440|1|17|C
4|1|8|440|1|18|C
4|1|8|440|1|19|C
4|1|8|440|1|21|C
4|1|8|440|1|22|C
4|1|8|440|1|23|C
4|1|8|440|1|24|C
4|1|8|440|1|25|C
4|1|8|440|1|26|*
4|1|8|440|1|29|C
4|1|8|440|1|30|C
4|1|8|440|1|31|C
4|1|8|440|1|32|C
4|1|8|440|1|33|C
4|1|8|440|1|34|C
4|1|8|440|1|35|C
4|1|8|440|1|37|C
4|1|8|440|1|43|C
4|1|8|440|1|46|C
4|1|8|440|1|47|C
4|1|8|440|1|48|C
4|1|8|440|1|49|C
4|1|8|440|1|50|C
4|1|8|440|1|51|C
4|1|8|440|1|52|C
4|1|8|440|1|53|C
4|1|8|440|1|54|C
4|1|8|440|1|55|C
4|1|8|440|18|9999|C
4|1|8|440|23|9999|C
4|1|8|441|1|1|C
4|1|8|441|1|2|C
4|1|8|441|1|3|C
4|1|8|441|1|5|C
4|1|8|441|1|6|C
4|1|8|441|1|7|C
4|1|8|441|1|8|C
4|1|8|441|1|10|C
4|1|8|441|1|11|C
4|1|8|441|1|12|C
4|1|8|441|1|13|C
4|1|8|441|1|14|C
4|1|8|441|1|15|C
4|1|8|441|1|16|C
4|1|8|441|1|20|C
4|1|8|441|1|21|C
4|1|8|441|1|22|C
4|1|8|441|1|23|C
4|1|8|441|1|24|C
4|1|8|441|1|25|C
4|1|8|441|1|26|C
4|1|8|441|1|27|C
4|1|8|441|1|28|C
4|1|8|441|1|29|C
4|1|8|441|1|30|*
4|1|8|441|1|31|C
4|1|8|441|1|32|C
4|1|8|441|1|33|C
4|1|8|441|1|34|C
4|1|8|441|1|35|C
4|1|8|441|1|36|C
4|1|8|441|1|37|C
4|1|8|441|1|38|C
4|1|8|441|1|41|C
4|1|8|441|1|42|C
4|1|8|441|1|43|C
4|1|8|441|1|52|C
4|1|8|441|1|53|C
4|1|8|441|1|54|C
4|1|8|441|1|57|C
4|1|8|441|1|58|C
4|1|8|441|1|59|C
4|1|8|441|1|60|C
4|1|8|441|1|61|C
4|1|8|441|1|62|C
4|1|8|441|1|63|C
4|1|8|441|1|64|C
4|1|8|441|1|65|*
4|1|8|441|1|66|C
4|1|8|442|1|1|C
4|1|8|442|1|2|C
4|1|8|442|1|3|C
4|1|8|442|1|6|C
4|1|8|442|1|8|C
4|1|8|442|1|9|C
4|1|8|442|1|10|C
4|1|8|442|1|11|C
4|1|8|442|1|12|C
4|1|8|442|1|13|C
4|1|8|442|1|14|C
4|1|8|442|1|15|C
4|1|8|442|1|16|*
4|1|8|442|1|17|C
4|1|8|442|1|18|*
4|1|8|442|1|19|C
4|1|8|442|1|20|C
4|1|8|442|1|21|C
4|1|8|442|1|22|C
4|1|8|442|1|23|C
4|1|8|442|1|24|C
4|1|8|442|1|25|*
4|1|8|442|1|26|C
4|1|8|442|1|27|C
4|1|8|442|1|28|C
4|1|8|442|1|31|C
4|1|8|442|1|32|C
4|1|8|442|1|33|C
4|1|8|442|1|38|C
4|1|8|442|1|39|C
4|1|8|442|1|43|C
4|1|8|442|1|44|C
4|1|8|442|1|45|C
4|1|8|442|1|46|C
4|1|8|442|1|47|C
4|1|8|442|1|48|C
4|1|8|442|1|49|C
4|1|8|443|1|1|C
4|1|8|443|1|3|C
4|1|8|443|1|5|*
4|1|8|443|1|6|C
4|1|8|443|1|7|*
4|1|8|443|1|8|C
4|1|8|443|1|9|C
4|1|8|443|1|10|*
4|1|8|443|1|11|C
4|1|8|443|1|12|C
4|1|8|443|1|13|C
4|1|8|443|1|14|C
4|1|8|443|1|15|C
4|1|8|443|1|16|C
4|1|8|443|1|17|C
4|1|8|443|1|18|C
4|1|8|443|1|22|C
4|1|8|443|1|24|*
4|1|8|443|1|25|C
4|1|8|443|1|26|C
4|1|8|443|1|28|C
4|1|8|443|1|30|C
4|1|8|443|1|33|C
4|1|8|443|1|34|C
4|1|8|443|1|35|C
4|1|8|443|1|36|C
4|1|8|443|1|37|C
4|1|8|443|1|41|C
4|1|8|443|1|42|C
4|1|8|443|1|43|C
4|1|8|443|1|46|C
4|1|8|443|1|47|C
4|1|8|443|1|48|C
4|1|8|443|1|49|C
4|1|8|443|1|50|C
4|1|8|443|1|51|C
4|1|8|443|1|52|*
4|1|8|443|1|53|*
4|1|8|443|1|54|C
4|1|8|443|1|55|C
4|1|8|443|1|56|C
4|1|8|443|1|57|C
4|1|8|443|1|58|C
4|1|8|443|1|62|C
4|1|8|443|2|9999|C
4|1|8|443|6|9999|C
4|1|8|443|7|9999|C
4|1|8|443|9|9999|C
4|1|8|443|11|9999|C
4|1|8|443|13|9999|C
4|1|8|443|16|9999|C
4|1|8|443|20|1|C
4|1|8|443|20|2|C
4|1|8|443|20|3|C
4|1|8|443|20|4|C
4|1|8|443|20|5|C
4|1|8|443|20|6|C
4|1|8|443|20|7|C
4|1|8|443|20|8|C
4|1|8|443|20|9|C
4|1|8|443|20|10|C
4|1|8|443|20|11|C
4|1|8|443|20|12|C
4|1|8|443|20|13|C
4|1|8|443|20|14|C
4|1|8|443|20|15|C
4|1|8|443|20|16|C
4|1|8|443|20|17|C
4|1|8|443|20|18|C
4|1|8|443|20|19|C
4|1|8|443|20|20|C
4|1|8|443|20|21|C
4|1|8|443|20|22|C
4|1|8|443|20|23|C
4|1|8|443|20|24|C
4|1|8|443|20|25|C
4|1|8|443|20|26|C
4|1|8|443|20|27|C
4|1|8|443|20|28|C
4|1|8|443|20|29|C
4|1|8|443|20|30|C
4|1|8|443|20|31|C
4|1|8|443|20|32|C
4|1|8|443|20|33|C
4|1|8|443|21|9999|C
4|1|8|443|24|9999|C
4|1|8|443|29|9999|C
4|1|8|443|31|9999|C
4|1|8|443|32|9999|C
4|1|8|443|33|9999|C
4|1|8|443|34|9999|C
4|1|8|444|12|1|C
4|1|8|444|12|2|C
4|1|8|444|12|3|C
4|1|8|444|12|4|C
4|1|8|444|12|5|C
4|1|8|444|12|6|C
4|1|8|444|12|7|C
4|1|8|444|12|8|C
4|1|8|444|12|9|C
4|1|8|444|12|10|C
4|1|8|444|12|11|C
4|1|8|444|12|12|C
4|1|8|444|12|13|C
4|1|8|444|12|14|C
4|1|8|444|12|15|C
4|1|8|444|12|16|C
4|1|8|444|12|17|C
4|1|8|444|12|18|C
4|1|8|444|12|19|C
4|1|8|444|12|20|C
4|1|8|444|12|21|C
4|1|8|444|12|9999|C
4|1|8|445|14|9999|C
4|1|8|445|22|1|C
4|1|8|445|22|2|C
4|1|8|445|22|3|C
4|1|8|445|22|4|C
4|1|8|445|22|5|C
4|1|8|445|22|6|C
4|1|8|445|22|7|C
4|1|8|445|22|8|C
4|1|8|445|22|9|C
4|1|8|445|22|10|C
4|1|8|445|22|11|*
4|1|8|445|22|12|C
4|1|8|445|22|13|C
4|1|8|445|22|14|C
4|1|8|445|22|15|C
4|1|8|445|22|16|C
4|1|8|445|22|17|C
4|1|8|445|22|18|C
4|1|8|445|22|19|C
4|1|8|445|22|21|C
4|1|8|445|22|22|C
4|1|8|445|22|23|C
4|1|8|445|22|24|C
4|1|8|445|22|25|C
4|1|8|445|22|26|C
4|1|8|445|22|27|C
4|1|8|445|22|28|*
4|1|8|445|22|29|C
4|1|8|445|22|30|C
4|1|8|445|22|31|C
4|1|8|445|22|32|C
4|1|8|445|22|33|C
4|1|8|445|22|34|C
4|1|8|445|22|35|C
4|1|8|445|22|36|C
4|1|8|445|22|37|*
4|1|8|445|22|38|C
4|1|8|445|22|39|C
4|1|8|445|22|40|C
4|1|8|445|22|9999|C
4|1|8|445|27|9999|C
4|1|8|446|26|1|C
4|1|8|446|26|2|C
4|1|8|446|26|3|C
4|1|8|446|26|4|C
4|1|8|446|26|5|C
4|1|8|446|26|6|C
4|1|8|446|26|7|C
4|1|8|446|26|8|C
4|1|8|446|26|9|C
4|1|8|446|26|10|C
4|1|8|446|26|11|C
4|1|8|446|26|12|C
4|1|8|446|26|13|C
4|1|8|446|26|14|C
4|1|8|446|26|15|C
4|1|8|446|26|16|C
4|1|8|446|26|17|C
4|1|8|446|26|18|C
4|1|8|446|26|19|C
4|1|8|446|26|27|C
4|1|8|446|26|9999|C
4|1|8|446|36|9999|C
4|1|8|447|4|9999|C
4|1|8|447|5|1|C
4|1|8|447|5|2|C
4|1|8|447|5|3|C
4|1|8|447|5|4|C
4|1|8|447|5|5|C
4|1|8|447|5|6|C
4|1|8|447|5|7|C
4|1|8|447|5|8|C
4|1|8|447|5|9|C
4|1|8|447|5|10|C
4|1|8|447|5|11|C
4|1|8|447|5|12|C
4|1|8|447|5|13|C
4|1|8|447|5|14|C
4|1|8|447|5|15|C
4|1|8|447|5|16|C
4|1|8|447|5|17|C
4|1|8|447|5|18|C
4|1|8|447|5|19|C
4|1|8|447|5|20|C
4|1|8|447|5|21|C
4|1|8|447|5|22|C
4|1|8|447|5|23|C
4|1|8|447|5|24|C
4|1|8|447|5|25|C
4|1|8|447|5|26|C
4|1|8|447|5|27|C
4|1|8|447|5|28|C
4|1|8|447|5|29|C
4|1|8|447|5|30|C
4|1|8|447|5|31|C
4|1|8|447|5|32|C
4|1|8|447|5|33|C
4|1|8|447|5|34|C
4|1|8|447|5|35|C
4|1|8|447|5|36|C
4|1|8|447|5|37|*
4|1|8|447|5|38|C
4|1|8|447|5|39|C
4|1|8|447|5|40|C
4|1|8|447|5|41|C
4|1|8|447|5|42|C
4|1|8|447|5|43|C
4|1|8|447|5|44|*
4|1|8|447|5|45|C
4|1|8|447|5|46|C
4|1|8|447|5|47|C
4|1|8|447|5|48|C
4|1|8|447|5|49|C
4|1|8|447|5|50|C
4|1|8|447|17|9999|C
4|1|8|447|30|9999|C
4|1|8|447|35|9999|C
4|1|11|359|37|9999|C
4|1|11|359|44|1|C
4|1|11|359|44|2|C
4|1|11|359|44|3|C
4|1|11|359|44|4|C
4|1|11|359|44|5|C
4|1|11|359|44|6|C
4|1|11|359|44|7|C
4|1|11|359|44|8|C
4|1|11|359|44|9|C
4|1|11|359|44|10|C
4|1|11|359|44|11|C
4|1|11|359|44|12|C
4|1|11|359|44|13|C
4|1|11|359|44|14|C
4|1|11|359|44|15|C
4|1|11|359|44|16|C
4|1|11|359|44|17|C
4|1|11|359|44|18|C
4|1|11|359|44|19|C
4|1|11|359|44|20|C
4|1|11|359|44|21|C
4|1|11|359|44|22|C
4|1|11|359|44|23|C
4|1|11|359|44|24|C
4|1|11|359|44|25|C
4|1|11|359|44|26|C
4|1|11|359|44|27|C
4|1|11|359|44|28|C
4|1|11|359|44|29|C
4|1|11|359|44|30|C
4|1|11|359|44|31|C
4|1|11|359|44|32|C
4|1|11|359|44|33|C
4|1|11|359|44|34|C
4|1|11|359|44|35|C
4|1|11|359|44|36|C
4|1|11|359|44|37|C
4|1|11|359|44|38|C
4|1|11|359|44|39|C
4|1|11|359|44|40|C
4|1|11|359|44|44|C
4|1|11|359|44|45|C
4|1|11|359|44|46|C
4|1|11|359|44|47|C
4|1|11|359|44|48|C
4|1|11|359|44|51|C
4|1|11|359|44|52|C
4|1|11|359|44|53|C
4|1|11|359|44|9999|C
4|1|11|359|45|1|C
4|1|11|359|45|3|C
4|1|11|359|45|4|C
4|1|11|359|45|5|C
4|1|11|359|45|6|C
4|1|11|359|45|7|C
4|1|11|359|45|8|C
4|1|11|359|45|9|C
4|1|11|359|45|10|C
4|1|11|359|45|11|C
4|1|11|359|45|12|C
4|1|11|359|45|14|C
4|1|11|359|45|15|C
4|1|11|359|45|16|C
4|1|11|359|45|17|C
4|1|11|359|45|18|C
4|1|11|359|45|19|*
4|1|11|359|45|20|C
4|1|11|359|45|21|C
4|1|11|359|45|22|C
4|1|11|359|45|23|*
4|1|11|359|45|9999|C
4|1|11|359|244|9999|C
4|1|11|360|47|1|C
4|1|11|360|47|2|C
4|1|11|360|47|3|C
4|1|11|360|47|4|C
4|1|11|360|47|5|C
4|1|11|360|47|6|C
4|1|11|360|47|7|C
4|1|11|360|47|8|C
4|1|11|360|47|9|C
4|1|11|360|47|10|C
4|1|11|360|47|11|C
4|1|11|360|47|12|C
4|1|11|360|47|13|C
4|1|11|360|47|14|C
4|1|11|360|47|15|C
4|1|11|360|47|16|C
4|1|11|360|47|17|C
4|1|11|360|47|18|C
4|1|11|360|47|19|C
4|1|11|360|47|20|C
4|1|11|360|47|21|C
4|1|11|360|47|22|C
4|1|11|360|47|23|C
4|1|11|360|47|24|C
4|1|11|360|47|25|C
4|1|11|360|47|26|C
4|1|11|360|47|27|C
4|1|11|360|47|28|C
4|1|11|360|47|29|C
4|1|11|360|47|30|C
4|1|11|360|47|31|C
4|1|11|360|47|32|C
4|1|11|360|47|33|C
4|1|11|360|47|34|C
4|1|11|360|47|35|C
4|1|11|360|47|36|C
4|1|11|360|47|37|C
4|1|11|360|47|38|C
4|1|11|360|47|39|C
4|1|11|360|47|40|C
4|1|11|360|47|41|C
4|1|11|360|47|42|C
4|1|11|360|47|43|C
4|1|11|360|47|44|C
4|1|11|360|47|45|C
4|1|11|360|47|46|C
4|1|11|360|47|47|C
4|1|11|360|47|48|C
4|1|11|360|47|49|C
4|1|11|360|47|50|C
4|1|11|360|47|51|C
4|1|11|360|47|52|C
4|1|11|360|47|53|C
4|1|11|360|47|54|C
4|1|11|360|47|55|C
4|1|11|360|47|56|C
4|1|11|360|47|57|C
4|1|11|360|47|58|C
4|1|11|360|47|59|C
4|1|11|360|47|60|C
4|1|11|360|47|61|C
4|1|11|360|47|62|C
4|1|11|360|47|63|C
4|1|11|360|47|64|C
4|1|11|360|47|65|C
4|1|11|360|47|66|C
4|1|11|360|47|67|C
4|1|11|360|47|68|C
4|1|11|360|47|69|C
4|1|11|360|47|70|C
4|1|11|360|47|71|C
4|1|11|360|47|72|C
4|1|11|360|47|73|C
4|1|11|360|47|75|C
4|1|11|360|47|76|C
4|1|11|360|47|77|C
4|1|11|360|47|78|C
4|1|11|360|47|79|C
4|1|11|360|47|80|C
4|1|11|360|47|81|C
4|1|11|360|47|82|C
4|1|11|360|47|83|C
4|1|11|360|47|84|*
4|1|11|360|47|85|C
4|1|11|360|47|86|C
4|1|11|360|47|87|*
4|1|11|360|47|88|C
4|1|11|360|47|89|C
4|1|11|360|47|90|C
4|1|11|360|47|91|C
4|1|11|360|47|93|C
4|1|11|360|47|94|*
4|1|11|360|47|95|C
4|1|11|360|47|96|C
4|1|11|360|47|97|C
4|1|11|360|47|98|C
4|1|11|360|47|99|C
4|1|11|360|47|101|C
4|1|11|360|47|102|C
4|1|11|360|47|103|C
4|1|11|360|47|104|C
4|1|11|360|47|105|C
4|1|11|360|47|106|C
4|1|11|360|47|107|*
4|1|11|360|47|118|*
4|1|11|360|47|9999|C
4|1|11|360|48|9999|*
4|1|11|360|49|9999|*
4|1|11|360|50|1|C
4|1|11|360|50|2|C
4|1|11|360|50|3|C
4|1|11|360|50|4|C
4|1|11|360|50|5|C
4|1|11|360|50|6|C
4|1|11|360|50|7|C
4|1|11|360|50|8|C
4|1|11|360|50|9|C
4|1|11|360|50|10|C
4|1|11|360|50|11|C
4|1|11|360|50|12|C
4|1|11|360|50|13|C
4|1|11|360|50|14|C
4|1|11|360|50|15|C
4|1|11|360|50|16|C
4|1|11|360|50|17|C
4|1|11|360|50|18|C
4|1|11|360|50|19|C
4|1|11|360|50|20|C
4|1|11|360|50|21|C
4|1|11|360|50|22|C
4|1|11|360|50|23|C
4|1|11|360|50|24|C
4|1|11|360|50|25|C
4|1|11|360|50|26|*
4|1|11|360|50|27|C
4|1|11|360|50|28|C
4|1|11|360|50|29|C
4|1|11|360|50|9999|C
4|1|11|360|236|9999|C
4|1|11|362|51|9999|C
4|1|11|362|52|3|C
4|1|11|362|52|4|C
4|1|11|362|52|5|C
4|1|11|362|52|6|C
4|1|11|362|52|7|C
4|1|11|362|52|8|C
4|1|11|362|52|9|C
4|1|11|362|52|10|C
4|1|11|362|52|11|C
4|1|11|362|52|12|C
4|1|11|362|52|13|C
4|1|11|362|52|14|C
4|1|11|362|52|18|C
4|1|11|362|52|19|C
4|1|11|362|52|20|C
4|1|11|362|52|21|C
4|1|11|362|52|22|C
4|1|11|362|52|23|C
4|1|11|362|52|24|C
4|1|11|362|52|25|C
4|1|11|362|52|27|C
4|1|11|362|52|31|C
4|1|11|362|52|32|C
4|1|11|362|52|33|C
4|1|11|362|52|34|C
4|1|11|362|52|35|C
4|1|11|362|52|36|C
4|1|11|362|52|37|C
4|1|11|362|52|38|C
4|1|11|362|52|39|C
4|1|11|362|52|40|C
4|1|11|362|52|41|C
4|1|11|362|52|42|C
4|1|11|362|52|43|C
4|1|11|362|52|45|C
4|1|11|362|52|46|C
4|1|11|362|52|47|C
4|1|11|362|52|48|C
4|1|11|362|52|51|C
4|1|11|362|52|52|C
4|1|11|362|52|62|C
4|1|11|362|52|63|C
4|1|11|362|52|64|C
4|1|11|362|52|65|C
4|1|11|362|52|67|C
4|1|11|362|52|9999|C
4|1|11|362|53|9999|C
4|1|11|362|54|9999|C
4|1|11|362|55|9999|C
4|1|11|362|56|9999|C
4|1|11|362|57|9999|C
4|1|11|362|58|9999|C
4|1|11|362|243|9999|C
4|1|11|413|60|9999|C
4|1|11|413|61|9999|C
4|1|11|413|63|9999|C
4|1|11|413|64|9999|C
4|1|11|413|65|9999|C
4|1|11|413|66|9999|C
4|1|11|414|234|1|C
4|1|11|414|234|2|C
4|1|11|414|234|3|C
4|1|11|414|234|4|C
4|1|11|414|234|5|C
4|1|11|414|234|6|C
4|1|11|414|234|7|C
4|1|11|414|234|8|C
4|1|11|414|234|9|C
4|1|11|414|234|10|C
4|1|11|414|234|11|C
4|1|11|414|234|12|C
4|1|11|414|234|13|C
4|1|11|414|234|14|C
4|1|11|414|234|15|C
4|1|11|414|234|16|C
4|1|11|414|234|17|C
4|1|11|414|234|18|C
4|1|11|414|234|19|C
4|1|11|414|234|20|C
4|1|11|414|234|21|C
4|1|11|414|234|22|C
4|1|11|414|234|23|C
4|1|11|414|234|24|C
4|1|11|414|234|25|C
4|1|11|414|234|26|C
4|1|11|414|234|27|C
4|1|11|414|234|28|C
4|1|11|414|234|29|C
4|1|11|414|234|30|C
4|1|11|414|234|31|C
4|1|11|414|234|32|C
4|1|11|414|234|33|C
4|1|11|414|234|34|C
4|1|11|414|234|35|*
4|1|11|414|234|36|C
4|1|11|414|234|37|C
4|1|11|414|234|38|C
4|1|11|414|234|9999|C
4|1|11|415|67|9999|C
4|1|11|415|69|9999|C
4|1|11|415|70|9999|C
4|1|11|415|71|9999|*
4|1|11|415|72|9999|*
4|1|11|415|73|1|C
4|1|11|415|73|2|C
4|1|11|415|73|3|C
4|1|11|415|73|4|C
4|1|11|415|73|5|C
4|1|11|415|73|6|C
4|1|11|415|73|7|C
4|1|11|415|73|8|C
4|1|11|415|73|9|C
4|1|11|415|73|10|C
4|1|11|415|73|11|C
4|1|11|415|73|12|C
4|1|11|415|73|16|C
4|1|11|415|73|17|C
4|1|11|415|73|18|C
4|1|11|415|73|20|C
4|1|11|415|73|21|C
4|1|11|415|73|22|C
4|1|11|415|73|23|C
4|1|11|415|73|25|C
4|1|11|415|73|26|C
4|1|11|415|73|27|C
4|1|11|415|73|28|*
4|1|11|415|73|29|C
4|1|11|415|73|30|C
4|1|11|415|73|31|C
4|1|11|415|73|32|C
4|1|11|415|73|33|C
4|1|11|415|73|34|C
4|1|11|415|74|9999|C
4|1|11|415|75|9999|C
4|1|11|415|76|9999|C
4|1|11|415|77|9999|C
4|1|11|415|78|9999|C
4|1|11|415|79|9999|*
4|1|11|415|80|1|C
4|1|11|415|80|2|C
4|1|11|415|80|3|C
4|1|11|415|80|4|C
4|1|11|415|80|5|C
4|1|11|415|80|6|C
4|1|11|415|80|7|C
4|1|11|415|80|8|C
4|1|11|415|80|9|C
4|1|11|415|80|10|C
4|1|11|415|80|11|C
4|1|11|415|80|12|C
4|1|11|415|80|13|C
4|1|11|415|80|14|C
4|1|11|415|80|15|C
4|1|11|415|80|16|C
4|1|11|415|80|17|C
4|1|11|415|80|18|C
4|1|11|415|80|19|C
4|1|11|415|80|20|C
4|1|11|415|80|21|C
4|1|11|415|80|22|C
4|1|11|415|80|23|C
4|1|11|415|80|24|C
4|1|11|415|80|25|C
4|1|11|415|80|26|C
4|1|11|415|80|27|C
4|1|11|415|80|28|C
4|1|11|415|80|29|C
4|1|11|415|80|30|C
4|1|11|415|80|31|C
4|1|11|415|81|1|C
4|1|11|415|81|2|C
4|1|11|415|81|3|C
4|1|11|415|81|4|C
4|1|11|415|81|5|C
4|1|11|415|81|6|C
4|1|11|415|81|7|C
4|1|11|415|81|8|C
4|1|11|415|81|9|C
4|1|11|415|81|10|C
4|1|11|415|81|11|C
4|1|11|415|81|12|C
4|1|11|415|81|13|C
4|1|11|415|81|14|C
4|1|11|415|81|15|C
4|1|11|415|81|16|C
4|1|11|415|81|17|C
4|1|11|415|81|18|C
4|1|11|415|81|19|C
4|1|11|415|81|20|C
4|1|11|415|81|21|C
4|1|11|415|81|22|C
4|1|11|415|81|23|C
4|1|11|415|81|24|C
4|1|11|415|81|25|C
4|1|11|415|81|26|C
4|1|11|415|81|27|C
4|1|11|415|81|28|C
4|1|11|415|81|29|C
4|1|11|415|81|30|C
4|1|11|415|81|31|C
4|1|11|415|83|9999|C
4|1|11|415|84|9999|C
4|1|11|415|85|9999|C
4|1|11|415|239|9999|C
4|1|11|416|86|9999|C
4|1|11|416|87|9999|C
4|1|11|416|88|9999|C
4|1|11|417|1|1|C
4|1|11|417|1|2|C
4|1|11|417|1|4|C
4|1|11|417|1|5|C
4|1|11|417|1|6|C
4|1|11|417|1|7|C
4|1|11|417|1|8|C
4|1|11|417|1|9|C
4|1|11|417|1|10|C
4|1|11|417|1|11|C
4|1|11|417|1|12|C
4|1|11|417|1|13|C
4|1|11|417|1|14|C
4|1|11|417|1|15|C
4|1|11|417|1|16|C
4|1|11|417|1|17|C
4|1|11|417|1|18|C
4|1|11|417|1|20|C
4|1|11|417|1|21|C
4|1|11|417|1|22|C
4|1|11|417|1|23|C
4|1|11|417|1|25|C
4|1|11|417|1|26|C
4|1|11|417|1|27|C
4|1|11|417|1|28|C
4|1|11|417|1|29|C
4|1|11|417|1|30|C
4|1|11|417|1|31|C
4|1|11|417|1|32|C
4|1|11|417|1|33|C
4|1|11|417|1|34|C
4|1|11|417|1|35|C
4|1|11|417|1|36|C
4|1|11|417|1|37|C
4|1|11|417|1|38|C
4|1|11|417|1|39|C
4|1|11|417|1|40|C
4|1|11|417|1|41|C
4|1|11|417|1|42|C
4|1|11|417|1|43|C
4|1|11|417|1|44|C
4|1|11|417|1|45|C
4|1|11|417|1|46|C
4|1|11|417|1|47|C
4|1|11|417|1|48|C
4|1|11|417|1|49|C
4|1|11|417|1|50|C
4|1|11|417|1|51|C
4|1|11|417|1|52|C
4|1|11|417|1|53|C
4|1|11|417|1|54|C
4|1|11|417|1|55|C
4|1|11|417|1|56|C
4|1|11|417|1|57|C
4|1|11|417|1|58|C
4|1|11|417|1|59|C
4|1|11|417|1|60|C
4|1|11|417|1|61|C
4|1|11|417|1|62|C
4|1|11|417|1|63|C
4|1|11|417|1|64|C
4|1|11|417|1|65|C
4|1|11|417|1|66|C
4|1|11|417|1|67|C
4|1|11|417|1|68|C
4|1|11|417|1|69|C
4|1|11|417|1|70|C
4|1|11|417|1|71|C
4|1|11|417|1|72|C
4|1|11|417|1|73|C
4|1|11|417|1|74|C
4|1|11|417|1|75|C
4|1|11|417|1|76|C
4|1|11|417|1|77|C
4|1|11|417|1|78|C
4|1|11|417|1|79|C
4|1|11|417|1|80|C
4|1|11|417|1|81|C
4|1|11|417|1|82|C
4|1|11|417|1|83|C
4|1|11|417|1|84|C
4|1|11|417|1|85|C
4|1|11|417|1|86|C
4|1|11|417|1|87|C
4|1|11|417|1|88|C
4|1|11|417|1|89|C
4|1|11|417|1|90|C
4|1|11|417|1|91|C
4|1|11|417|1|92|C
4|1|11|417|1|93|C
4|1|11|417|1|94|C
4|1|11|417|1|95|C
4|1|11|417|1|96|C
4|1|11|417|1|97|C
4|1|11|417|1|98|C
4|1|11|417|1|99|C
4|1|11|417|1|101|C
4|1|11|417|1|102|C
4|1|11|417|1|103|C
4|1|11|417|1|104|C
4|1|11|417|1|105|C
4|1|11|417|1|106|C
4|1|11|417|1|107|C
4|1|11|417|1|108|C
4|1|11|417|1|109|C
4|1|11|417|1|111|C
4|1|11|417|1|112|C
4|1|11|417|1|113|C
4|1|11|417|1|114|C
4|1|11|417|1|115|*
4|1|11|417|1|116|C
4|1|11|417|1|117|C
4|1|11|417|1|118|C
4|1|11|417|1|119|C
4|1|11|417|1|121|C
4|1|11|417|1|122|C
4|1|11|417|1|123|C
4|1|11|417|1|124|C
4|1|11|417|1|125|C
4|1|11|417|1|126|C
4|1|11|417|1|127|C
4|1|11|417|1|128|C
4|1|11|417|1|129|C
4|1|11|417|1|131|*
4|1|11|417|1|132|C
4|1|11|417|1|133|C
4|1|11|417|1|134|C
4|1|11|417|1|135|C
4|1|11|417|1|138|C
4|1|11|417|1|139|C
4|1|11|417|1|141|C
4|1|11|417|1|142|C
4|1|11|417|1|143|C
4|1|11|417|1|144|C
4|1|11|417|1|145|C
4|1|11|417|1|149|C
4|1|11|417|1|161|C
4|1|11|417|1|162|C
4|1|11|417|1|166|C
4|1|11|417|1|167|C
4|1|11|417|1|168|C
4|1|11|417|1|169|C
4|1|11|417|1|171|C
4|1|11|417|1|172|C
4|1|11|417|1|173|C
4|1|11|417|1|174|C
4|1|11|417|1|175|C
4|1|11|417|1|176|C
4|1|11|417|1|177|C
4|1|11|417|1|178|C
4|1|11|417|1|191|C
4|1|11|417|1|192|C
4|1|11|417|1|193|C
4|1|11|417|1|194|C
4|1|11|417|1|195|C
4|1|11|417|1|196|C
4|1|11|417|1|197|C
4|1|11|417|1|198|C
4|1|11|417|1|199|C
4|1|11|417|1|201|C
4|1|11|417|1|202|C
4|1|11|417|1|203|C
4|1|11|417|1|204|C
4|1|11|417|1|205|C
4|1|11|417|1|206|C
4|1|11|417|1|207|C
4|1|11|417|1|208|C
4|1|11|417|1|209|C
4|1|11|417|1|211|C
4|1|11|417|1|212|C
4|1|11|417|1|213|C
4|1|11|417|1|214|C
4|1|11|417|1|215|C
4|1|11|417|1|216|C
4|1|11|417|1|217|C
4|1|11|417|1|218|C
4|1|11|417|1|219|C
4|1|11|417|1|221|C
4|1|11|417|1|222|C
4|1|11|417|1|223|C
4|1|11|417|1|224|C
4|1|11|417|1|225|C
4|1|11|417|1|226|C
4|1|11|417|1|227|C
4|1|11|417|1|228|C
4|1|11|417|1|229|C
4|1|11|417|1|231|C
4|1|11|417|1|232|C
4|1|11|417|1|233|C
4|1|11|417|1|234|C
4|1|11|417|1|235|C
4|1|11|417|1|236|C
4|1|11|417|1|237|C
4|1|11|417|1|238|C
4|1|11|417|1|239|C
4|1|11|417|1|251|C
4|1|11|417|1|252|C
4|1|11|417|1|253|C
4|1|11|417|1|254|C
4|1|11|417|1|255|C
4|1|11|417|1|256|C
4|1|11|417|1|257|C
4|1|11|417|1|258|C
4|1|11|417|1|259|C
4|1|11|417|1|261|C
4|1|11|417|1|262|C
4|1|11|417|1|263|C
4|1|11|417|1|264|C
4|1|11|417|1|265|C
4|1|11|417|1|266|C
4|1|11|417|1|267|C
4|1|11|417|1|268|C
4|1|11|417|1|269|C
4|1|11|417|1|270|C
4|1|11|417|1|271|C
4|1|11|417|1|272|C
4|1|11|417|1|273|C
4|1|11|417|1|274|C
4|1|11|417|1|275|C
4|1|11|417|1|276|*
4|1|11|417|89|9999|C
4|1|11|417|90|1|C
4|1|11|417|90|2|C
4|1|11|417|90|3|C
4|1|11|417|90|4|C
4|1|11|417|90|5|C
4|1|11|417|90|6|C
4|1|11|417|90|7|C
4|1|11|417|90|8|C
4|1|11|417|90|9|C
4|1|11|417|90|10|C
4|1|11|417|90|11|C
4|1|11|417|90|12|C
4|1|11|417|90|13|C
4|1|11|417|90|14|C
4|1|11|417|90|15|C
4|1|11|417|90|16|C
4|1|11|417|90|17|C
4|1|11|417|90|9999|C
4|1|11|417|91|9999|C
4|1|11|417|92|9999|C
4|1|11|417|93|9999|C
4|1|11|417|94|9999|C
4|1|11|417|95|9999|C
4|1|11|417|96|9999|C
4|1|11|417|97|9999|C
4|1|11|417|98|9999|C
4|1|11|417|99|1|C
4|1|11|417|99|3|C
4|1|11|417|99|4|C
4|1|11|417|99|5|C
4|1|11|417|99|6|C
4|1|11|417|99|7|C
4|1|11|417|99|8|C
4|1|11|417|99|9|C
4|1|11|417|99|10|C
4|1|11|417|99|11|C
4|1|11|417|99|12|C
4|1|11|417|99|13|C
4|1|11|417|99|14|C
4|1|11|417|99|15|C
4|1|11|417|99|16|C
4|1|11|417|99|17|C
4|1|11|417|99|18|C
4|1|11|417|99|19|C
4|1|11|417|99|20|C
4|1|11|417|99|21|C
4|1|11|417|99|9999|C
4|1|11|417|100|9999|C
4|1|11|417|102|9999|C
4|1|11|417|103|9999|C
4|1|11|417|104|9999|C
4|1|11|417|105|9999|C
4|1|11|417|106|9999|C
4|1|11|417|107|9999|C
4|1|11|417|108|9999|C
4|1|11|417|109|9999|C
4|1|11|417|110|9999|C
4|1|11|417|111|9999|C
4|1|11|417|112|9999|C
4|1|11|417|238|9999|C
4|1|11|418|113|9999|C
4|1|11|418|114|9999|C
4|1|11|418|115|9999|C
4|1|11|418|116|9999|C
4|1|11|418|117|9999|C
4|1|11|418|118|9999|C
4|1|11|418|119|9999|C
4|1|11|418|120|9999|C
4|1|11|418|121|9999|C
4|1|11|418|122|9999|C
4|1|11|418|123|9999|C
4|1|11|418|124|9999|C
4|1|11|418|125|9999|C
4|1|11|418|126|9999|C
4|1|11|418|237|9999|C
4|1|11|418|241|9999|C
4|1|11|419|127|9999|C
4|1|11|419|128|9999|C
4|1|11|419|129|9999|C
4|1|11|419|130|9999|C
4|1|11|419|131|9999|C
4|1|11|419|132|9999|C
4|1|11|419|133|9999|C
4|1|11|419|134|9999|C
4|1|11|419|135|9999|C
4|1|11|419|136|9999|C
4|1|11|419|137|9999|C
4|1|11|419|138|9999|C
4|1|11|419|139|9999|C
4|1|11|419|140|9999|C
4|1|11|419|141|9999|C
4|1|11|419|142|9999|C
4|1|11|419|143|9999|C
4|1|11|419|144|9999|C
4|1|11|419|145|1|C
4|1|11|419|145|2|C
4|1|11|419|145|3|C
4|1|11|419|145|4|C
4|1|11|419|145|5|C
4|1|11|419|145|6|C
4|1|11|419|145|7|C
4|1|11|419|145|8|C
4|1|11|419|145|9|C
4|1|11|419|145|10|C
4|1|11|419|145|11|C
4|1|11|419|145|12|C
4|1|11|419|145|13|C
4|1|11|419|145|14|C
4|1|11|419|145|15|C
4|1|11|419|145|16|C
4|1|11|419|145|17|C
4|1|11|419|145|18|C
4|1|11|419|145|19|C
4|1|11|419|145|20|C
4|1|11|419|145|21|C
4|1|11|419|145|22|C
4|1|11|419|145|23|C
4|1|11|419|145|24|C
4|1|11|419|145|25|C
4|1|11|419|145|26|C
4|1|11|419|145|27|C
4|1|11|419|145|28|C
4|1|11|419|145|29|C
4|1|11|419|145|30|C
4|1|11|419|145|31|C
4|1|11|419|145|9999|C
4|1|11|419|146|9999|C
4|1|11|419|147|9999|C
4|1|11|419|148|9999|C
4|1|11|419|149|9999|C
4|1|11|419|150|9999|C
4|1|11|419|151|9999|C
4|1|11|419|152|9999|C
4|1|11|420|153|1|C
4|1|11|420|153|2|C
4|1|11|420|153|3|C
4|1|11|420|153|4|C
4|1|11|420|153|5|C
4|1|11|420|153|6|C
4|1|11|420|153|7|C
4|1|11|420|153|8|C
4|1|11|420|153|9|C
4|1|11|420|153|10|C
4|1|11|420|153|11|C
4|1|11|420|153|12|C
4|1|11|420|153|13|C
4|1|11|420|153|14|C
4|1|11|420|153|15|C
4|1|11|420|153|16|C
4|1|11|420|153|17|C
4|1|11|420|153|18|C
4|1|11|420|153|19|C
4|1|11|420|153|20|C
4|1|11|420|153|22|C
4|1|11|420|153|23|C
4|1|11|420|153|24|C
4|1|11|420|153|25|C
4|1|11|420|153|26|C
4|1|11|420|153|27|C
4|1|11|420|153|28|C
4|1|11|420|153|29|C
4|1|11|420|153|9999|C
4|1|11|421|154|9999|C
4|1|11|421|155|9999|C
4|1|11|421|156|9999|C
4|1|11|421|157|9999|C
4|1|11|421|158|9999|C
4|1|11|421|159|9999|C
4|1|11|421|160|1|C
4|1|11|421|160|2|C
4|1|11|421|160|3|C
4|1|11|421|160|4|C
4|1|11|421|160|5|C
4|1|11|421|160|6|C
4|1|11|421|160|7|C
4|1|11|421|160|8|C
4|1|11|421|160|9|C
4|1|11|421|160|10|C
4|1|11|421|160|11|C
4|1|11|421|160|12|C
4|1|11|421|160|13|C
4|1|11|421|160|14|C
4|1|11|421|160|15|C
4|1|11|421|160|16|C
4|1|11|421|160|17|C
4|1|11|421|160|18|C
4|1|11|421|160|19|C
4|1|11|421|160|20|C
4|1|11|421|160|21|C
4|1|11|421|160|22|C
4|1|11|421|160|9999|C
4|1|11|421|161|1|C
4|1|11|421|161|2|C
4|1|11|421|161|3|C
4|1|11|421|161|4|C
4|1|11|421|161|5|C
4|1|11|421|161|6|C
4|1|11|421|161|7|C
4|1|11|421|161|8|C
4|1|11|421|161|9|C
4|1|11|421|161|10|C
4|1|11|421|161|11|C
4|1|11|421|161|12|C
4|1|11|421|161|13|C
4|1|11|421|161|14|C
4|1|11|421|161|15|C
4|1|11|421|161|16|C
4|1|11|421|161|17|C
4|1|11|421|161|18|C
4|1|11|421|161|19|C
4|1|11|421|161|20|C
4|1|11|421|161|21|C
4|1|11|421|161|22|C
4|1|11|421|161|23|C
4|1|11|421|161|24|C
4|1|11|421|161|25|C
4|1|11|421|161|26|C
4|1|11|421|161|27|C
4|1|11|421|161|9999|C
4|1|11|421|162|1|C
4|1|11|421|162|2|C
4|1|11|421|162|3|C
4|1|11|421|162|4|C
4|1|11|421|162|5|C
4|1|11|421|162|6|C
4|1|11|421|162|7|C
4|1|11|421|162|8|C
4|1|11|421|162|9|C
4|1|11|421|162|10|C
4|1|11|421|162|11|C
4|1|11|421|162|12|C
4|1|11|421|162|13|C
4|1|11|421|162|14|C
4|1|11|421|162|15|C
4|1|11|421|162|16|C
4|1|11|421|162|17|C
4|1|11|421|162|18|C
4|1|11|421|162|19|C
4|1|11|421|162|20|C
4|1|11|421|162|21|C
4|1|11|421|162|22|C
4|1|11|421|162|23|C
4|1|11|421|162|24|C
4|1|11|421|162|25|C
4|1|11|421|162|26|C
4|1|11|421|162|27|C
4|1|11|421|162|28|C
4|1|11|421|162|29|C
4|1|11|421|162|30|C
4|1|11|421|162|31|C
4|1|11|421|162|32|C
4|1|11|421|162|33|C
4|1|11|421|162|9999|C
4|1|11|421|163|1|C
4|1|11|421|163|2|C
4|1|11|421|163|3|C
4|1|11|421|163|4|C
4|1|11|421|163|5|C
4|1|11|421|163|6|C
4|1|11|421|163|7|C
4|1|11|421|163|8|C
4|1|11|421|163|9|C
4|1|11|421|163|10|C
4|1|11|421|163|11|C
4|1|11|421|163|13|C
4|1|11|421|163|14|C
4|1|11|421|163|15|C
4|1|11|421|163|16|C
4|1|11|421|163|17|C
4|1|11|421|163|18|C
4|1|11|421|163|19|C
4|1|11|421|163|20|C
4|1|11|421|163|9999|C
4|1|11|421|164|9999|C
4|1|11|421|165|1|C
4|1|11|421|165|2|C
4|1|11|421|165|3|C
4|1|11|421|165|4|C
4|1|11|421|165|5|C
4|1|11|421|165|6|C
4|1|11|421|165|7|C
4|1|11|421|165|8|C
4|1|11|421|165|9|C
4|1|11|421|165|10|C
4|1|11|421|165|11|C
4|1|11|421|165|12|C
4|1|11|421|165|13|C
4|1|11|421|165|14|C
4|1|11|421|165|15|C
4|1|11|421|165|16|C
4|1|11|421|165|17|C
4|1|11|421|165|18|C
4|1|11|421|165|19|C
4|1|11|421|165|20|C
4|1|11|421|165|21|C
4|1|11|421|165|22|C
4|1|11|421|165|23|C
4|1|11|421|165|24|C
4|1|11|421|165|25|C
4|1|11|421|165|26|C
4|1|11|421|165|27|C
4|1|11|421|165|28|C
4|1|11|421|165|29|C
4|1|11|421|165|30|C
4|1|11|421|165|31|C
4|1|11|421|165|9999|C
4|1|11|421|166|9999|C
4|1|11|422|167|1|C
4|1|11|422|167|2|C
4|1|11|422|167|3|C
4|1|11|422|167|4|C
4|1|11|422|167|5|C
4|1|11|422|167|6|C
4|1|11|422|167|7|C
4|1|11|422|167|8|C
4|1|11|422|167|9|C
4|1|11|422|167|10|C
4|1|11|422|167|11|C
4|1|11|422|167|12|C
4|1|11|422|167|13|C
4|1|11|422|167|14|C
4|1|11|422|167|15|C
4|1|11|422|167|16|C
4|1|11|422|167|17|C
4|1|11|422|167|18|C
4|1|11|422|167|19|C
4|1|11|422|167|20|C
4|1|11|422|167|21|C
4|1|11|422|167|22|C
4|1|11|422|167|23|C
4|1|11|422|167|24|C
4|1|11|422|167|25|C
4|1|11|422|167|9999|C
4|1|11|422|168|1|C
4|1|11|422|168|2|C
4|1|11|422|168|3|C
4|1|11|422|168|4|C
4|1|11|422|168|5|C
4|1|11|422|168|6|C
4|1|11|422|168|8|C
4|1|11|422|168|9|C
4|1|11|422|168|10|C
4|1|11|422|168|11|C
4|1|11|422|168|12|C
4|1|11|422|168|13|C
4|1|11|422|168|14|C
4|1|11|422|168|15|C
4|1|11|422|168|16|C
4|1|11|422|168|17|C
4|1|11|422|168|18|C
4|1|11|422|168|19|C
4|1|11|422|168|20|C
4|1|11|422|168|21|C
4|1|11|422|168|22|C
4|1|11|422|168|23|C
4|1|11|422|168|24|C
4|1|11|422|168|25|C
4|1|11|422|168|26|C
4|1|11|422|168|27|C
4|1|11|422|168|28|C
4|1|11|422|168|29|C
4|1|11|422|168|30|C
4|1|11|422|168|31|C
4|1|11|422|168|32|C
4|1|11|422|168|33|C
4|1|11|422|168|34|C
4|1|11|422|168|35|C
4|1|11|422|168|36|C
4|1|11|422|168|37|C
4|1|11|422|168|38|C
4|1|11|422|168|39|C
4|1|11|422|168|9999|C
4|1|11|422|169|9999|C
4|1|11|422|170|9999|C
4|1|11|422|171|9999|C
4|1|11|422|172|9999|C
4|1|11|422|173|1|C
4|1|11|422|173|2|C
4|1|11|422|173|3|C
4|1|11|422|173|4|C
4|1|11|422|173|5|C
4|1|11|422|173|6|C
4|1|11|422|173|7|C
4|1|11|422|173|8|C
4|1|11|422|173|9|C
4|1|11|422|173|10|C
4|1|11|422|173|11|C
4|1|11|422|173|13|C
4|1|11|422|173|14|C
4|1|11|422|173|15|C
4|1|11|422|173|16|C
4|1|11|422|173|17|C
4|1|11|422|173|18|C
4|1|11|422|173|19|C
4|1|11|422|173|20|C
4|1|11|422|173|21|C
4|1|11|422|173|22|C
4|1|11|422|173|23|C
4|1|11|422|173|24|C
4|1|11|422|173|25|C
4|1|11|422|173|26|C
4|1|11|422|173|27|C
4|1|11|422|173|28|C
4|1|11|422|173|29|C
4|1|11|422|173|30|C
4|1|11|422|173|31|C
4|1|11|422|173|32|C
4|1|11|422|173|33|C
4|1|11|422|173|34|C
4|1|11|422|173|9999|C
4|1|11|422|174|9999|C
4|1|11|422|175|9999|C
4|1|11|422|176|9999|C
4|1|11|422|177|9999|C
4|1|11|422|178|9999|C
4|1|11|423|179|9999|C
4|1|11|423|180|1|C
4|1|11|423|180|2|C
4|1|11|423|180|3|C
4|1|11|423|180|4|C
4|1|11|423|180|5|C
4|1|11|423|180|6|C
4|1|11|423|180|7|C
4|1|11|423|180|8|C
4|1|11|423|180|9|C
4|1|11|423|180|10|C
4|1|11|423|180|11|C
4|1|11|423|180|12|C
4|1|11|423|180|13|C
4|1|11|423|180|14|C
4|1|11|423|180|15|C
4|1|11|423|180|16|C
4|1|11|423|180|17|C
4|1|11|423|180|18|C
4|1|11|423|180|19|C
4|1|11|423|180|20|C
4|1|11|423|180|21|C
4|1|11|423|180|22|C
4|1|11|423|180|23|C
4|1|11|423|180|24|C
4|1|11|423|180|25|C
4|1|11|423|180|26|C
4|1|11|423|180|27|C
4|1|11|423|180|28|C
4|1|11|423|180|29|C
4|1|11|423|180|30|C
4|1|11|423|180|31|C
4|1|11|423|180|32|C
4|1|11|423|180|33|C
4|1|11|423|180|34|C
4|1|11|423|180|35|C
4|1|11|423|180|36|C
4|1|11|423|180|37|C
4|1|11|423|180|38|C
4|1|11|423|180|39|C
4|1|11|423|180|40|C
4|1|11|423|180|9999|C
4|1|11|423|181|9999|C
4|1|11|424|182|1|C
4|1|11|424|182|2|C
4|1|11|424|182|3|C
4|1|11|424|182|4|C
4|1|11|424|182|5|C
4|1|11|424|182|6|C
4|1|11|424|182|7|C
4|1|11|424|182|8|C
4|1|11|424|182|9|C
4|1|11|424|182|10|C
4|1|11|424|182|11|C
4|1|11|424|182|12|C
4|1|11|424|182|13|C
4|1|11|424|182|14|C
4|1|11|424|182|15|C
4|1|11|424|182|16|C
4|1|11|424|182|17|C
4|1|11|424|182|18|C
4|1|11|424|182|19|C
4|1|11|424|182|20|C
4|1|11|424|182|21|C
4|1|11|424|182|22|C
4|1|11|424|182|23|C
4|1|11|424|182|24|C
4|1|11|424|182|25|C
4|1|11|424|182|26|C
4|1|11|424|182|27|C
4|1|11|424|182|28|C
4|1|11|424|182|29|C
4|1|11|424|182|30|C
4|1|11|424|182|31|C
4|1|11|424|182|32|C
4|1|11|424|182|9999|C
4|1|11|424|183|9999|C
4|1|11|425|184|1|C
4|1|11|425|184|2|C
4|1|11|425|184|3|C
4|1|11|425|184|4|C
4|1|11|425|184|5|C
4|1|11|425|184|6|C
4|1|11|425|184|7|C
4|1|11|425|184|8|C
4|1|11|425|184|9|C
4|1|11|425|184|10|C
4|1|11|425|184|11|C
4|1|11|425|184|12|C
4|1|11|425|184|13|C
4|1|11|425|184|14|C
4|1|11|425|184|15|*
4|1|11|425|184|16|C
4|1|11|425|184|17|C
4|1|11|425|184|18|C
4|1|11|425|184|19|C
4|1|11|425|184|20|C
4|1|11|425|184|21|C
4|1|11|425|184|22|C
4|1|11|425|184|23|C
4|1|11|425|184|24|*
4|1|11|425|184|25|C
4|1|11|425|184|26|C
4|1|11|425|184|27|C
4|1|11|425|184|28|C
4|1|11|425|184|29|C
4|1|11|425|184|30|C
4|1|11|425|184|31|C
4|1|11|425|184|32|C
4|1|11|425|184|9999|C
4|1|11|425|185|9999|C
4|1|11|425|186|9999|C
4|1|11|425|187|9999|C
4|1|11|425|188|9999|C
4|1|11|425|189|9999|C
4|1|11|425|190|9999|C
4|1|11|425|191|9999|C
4|1|11|425|192|9999|C
4|1|11|425|193|9999|C
4|1|11|425|194|9999|C
4|1|11|425|195|9999|C
4|1|11|426|196|9999|C
4|1|11|426|197|9999|C
4|1|11|426|198|9999|C
4|1|11|426|199|9999|C
4|1|11|426|200|9999|C
4|1|11|426|201|9999|C
4|1|11|426|202|9999|C
4|1|11|426|204|9999|C
4|1|11|426|205|9999|C
4|1|11|426|206|9999|C
4|1|11|426|207|9999|C
4|1|11|426|208|9999|C
4|1|11|426|209|9999|C
4|1|11|426|240|9999|C
4|1|11|427|210|9999|C
4|1|11|427|211|9999|C
4|1|11|427|212|9999|C
4|1|11|427|213|9999|C
4|1|11|427|214|9999|C
4|1|11|427|215|9999|C
4|1|11|427|216|9999|C
4|1|11|427|217|9999|C
4|1|11|427|218|9999|C
4|1|11|427|219|9999|*
4|1|11|427|220|9999|C
4|1|11|427|221|9999|C
4|1|11|427|222|9999|C
4|1|11|427|223|9999|C
4|1|11|427|224|9999|C
4|1|11|427|225|9999|C
4|1|11|427|226|9999|C
4|1|11|427|227|9999|C
4|1|11|427|228|9999|C
4|1|11|427|229|9999|*
4|1|11|427|230|9999|C
4|1|11|427|242|9999|C
4|1|12|173|1|2|C
4|1|12|173|1|3|C
4|1|12|173|1|8|C
4|1|12|173|1|9|C
4|1|12|173|1|10|C
4|1|12|173|1|11|C
4|1|12|173|1|12|C
4|1|12|173|1|16|C
4|1|12|173|1|17|C
4|1|12|173|1|26|C
4|1|12|173|1|27|C
4|1|12|173|1|28|C
4|1|12|173|1|29|C
4|1|12|173|1|30|C
4|1|12|173|1|43|C
4|1|12|173|1|44|C
4|1|12|173|1|45|C
4|1|12|174|1|1|C
4|1|12|174|1|4|C
4|1|12|174|1|7|C
4|1|12|174|1|10|C
4|1|12|174|1|11|C
4|1|12|174|1|19|C
4|1|12|174|1|20|C
4|1|12|174|1|21|C
4|1|12|174|1|22|C
4|1|12|174|1|23|C
4|1|12|174|1|24|C
4|1|12|174|1|25|*
4|1|12|174|1|27|C
4|1|12|174|1|36|C
4|1|12|174|1|37|C
4|1|12|174|1|38|C
4|1|12|174|1|39|C
4|1|12|174|1|40|C
4|1|12|174|1|41|C
4|1|12|174|1|42|C
4|1|12|174|1|43|C
4|1|12|174|1|44|C
4|1|12|174|1|45|C
4|1|12|174|1|46|C
4|1|12|174|1|47|C
4|1|12|174|9|9999|C
4|1|12|174|10|9999|C
4|1|12|174|11|9999|C
4|1|12|174|12|9999|C
4|1|12|174|13|9999|C
4|1|12|174|14|9999|C
4|1|12|174|15|9999|C
4|1|12|175|1|4|C
4|1|12|175|1|5|C
4|1|12|175|1|6|C
4|1|12|175|1|13|C
4|1|12|175|1|14|C
4|1|12|175|1|15|C
4|1|12|175|1|16|C
4|1|12|175|1|17|C
4|1|12|175|1|18|C
4|1|12|175|1|29|C
4|1|12|175|1|30|C
4|1|12|175|1|31|C
4|1|12|175|1|32|C
4|1|12|175|1|33|C
4|1|12|175|1|34|C
4|1|12|175|1|35|C
4|1|12|175|1|44|C
4|1|12|175|1|45|C
4|1|12|175|1|46|*
4|1|12|176|1|1|*
4|1|12|176|1|2|C
4|1|12|176|1|3|C
4|1|12|176|1|4|C
4|1|12|176|1|5|C
4|1|12|176|1|6|C
4|1|12|176|1|7|C
4|1|12|176|1|8|C
4|1|12|176|1|9|C
4|1|12|176|1|10|C
4|1|12|176|1|11|C
4|1|12|176|1|16|C
4|1|12|176|1|17|C
4|1|12|176|1|18|C
4|1|12|176|1|19|C
4|1|12|176|1|20|C
4|1|12|176|1|21|C
4|1|12|176|1|22|C
4|1|12|176|1|23|C
4|1|12|176|1|33|C
4|1|12|176|1|35|C
4|1|12|176|1|36|C
4|1|12|176|1|37|C
4|1|12|176|1|38|C
4|1|12|176|1|39|C
4|1|12|176|1|40|C
4|1|12|176|1|43|C
4|1|12|176|4|9999|C
4|1|12|177|1|5|C
4|1|12|177|1|10|C
4|1|12|177|1|11|C
4|1|12|177|1|12|C
4|1|12|177|1|13|C
4|1|12|177|1|14|C
4|1|12|177|1|15|C
4|1|12|177|1|16|C
4|1|12|177|1|22|C
4|1|12|177|1|23|C
4|1|12|177|1|24|C
4|1|12|177|1|25|C
4|1|12|177|1|26|C
4|1|12|177|1|27|C
4|1|12|177|1|29|C
4|1|12|177|1|30|C
4|1|12|177|1|31|C
4|1|12|177|1|32|C
4|1|12|177|1|33|C
4|1|12|177|1|34|C
4|1|12|177|1|35|C
4|1|12|177|1|36|C
4|1|12|177|1|38|C
4|1|12|177|1|40|C
4|1|12|177|1|41|C
4|1|12|177|1|42|C
4|1|12|180|3|9999|C
4|1|12|180|5|1|C
4|1|12|180|5|2|C
4|1|12|180|5|4|C
4|1|12|180|5|5|C
4|1|12|180|5|6|C
4|1|12|180|5|7|C
4|1|12|180|5|8|C
4|1|12|180|5|9|C
4|1|12|180|5|10|C
4|1|12|180|5|11|C
4|1|12|180|5|12|C
4|1|12|180|5|13|C
4|1|12|180|5|14|C
4|1|12|180|5|15|C
4|1|12|180|5|16|C
4|1|12|180|5|17|C
4|1|12|180|5|18|C
4|1|12|180|5|19|C
4|1|12|180|5|20|C
4|1|12|180|5|22|C
4|1|12|180|5|23|C
4|1|12|180|5|24|C
4|1|12|180|5|25|C
4|1|12|180|5|26|C
4|1|12|180|5|27|C
4|1|12|180|5|29|C
4|1|12|180|5|30|C
4|1|12|180|5|31|C
4|1|12|180|5|32|C
4|1|12|180|5|33|C
4|1|12|180|5|34|C
4|1|12|180|5|35|C
4|1|12|180|5|36|C
4|1|12|180|5|37|C
4|1|12|180|5|38|C
4|1|12|180|5|39|C
4|1|12|180|5|40|C
4|1|12|180|5|41|C
4|1|12|180|6|9999|C
4|1|12|180|7|9999|C
4|1|12|180|8|9999|C
4|2|3|185|1|1|C
4|2|3|185|1|2|C
4|2|3|185|1|3|C
4|2|3|185|1|4|C
4|2|3|185|1|5|C
4|2|3|185|1|6|C
4|2|3|185|1|8|C
4|2|3|185|1|15|C
4|2|3|185|1|16|C
4|2|3|185|1|17|C
4|2|3|185|1|47|C
4|2|3|185|1|48|C
4|2|3|185|1|49|C
4|2|3|185|1|50|C
4|2|3|185|1|51|C
4|2|3|185|1|52|C
4|2|3|185|1|62|C
4|2|3|185|1|64|C
4|2|3|185|1|65|C
4|2|3|185|1|66|C
4|2|3|185|1|67|C
4|2|3|185|1|68|C
4|2|3|185|1|69|C
4|2|3|186|1|1|C
4|2|3|186|1|2|C
4|2|3|186|1|3|C
4|2|3|186|1|4|C
4|2|3|186|1|5|C
4|2|3|186|1|6|C
4|2|3|186|1|11|C
4|2|3|186|1|12|C
4|2|3|186|1|18|C
4|2|3|186|1|19|C
4|2|3|186|1|20|C
4|2|3|186|1|21|C
4|2|3|186|1|36|C
4|2|3|186|1|37|C
4|2|3|186|1|38|C
4|2|3|186|1|44|C
4|2|3|186|1|49|C
4|2|3|186|1|50|C
4|2|3|186|1|51|C
4|2|3|186|1|52|C
4|2|3|186|1|53|*
4|2|3|186|1|54|*
4|2|3|186|1|68|C
4|2|3|186|1|69|C
4|2|3|187|1|1|*
4|2|3|187|1|2|C
4|2|3|187|1|3|C
4|2|3|187|1|4|*
4|2|3|187|1|5|*
4|2|3|187|1|6|*
4|2|3|187|1|7|*
4|2|3|187|1|10|C
4|2|3|187|1|11|C
4|2|3|187|1|12|C
4|2|3|187|1|13|C
4|2|3|187|1|14|C
4|2|3|187|1|15|C
4|2|3|187|1|24|*
4|2|3|187|1|25|C
4|2|3|187|1|26|C
4|2|3|187|1|28|C
4|2|3|187|1|36|C
4|2|3|187|1|37|C
4|2|3|187|1|38|C
4|2|3|187|1|46|C
4|2|3|187|1|47|C
4|2|3|187|1|52|C
4|2|3|187|1|53|C
4|2|3|187|1|64|C
4|2|3|187|1|65|*
4|2|3|187|1|66|*
4|2|3|187|1|67|*
4|2|3|188|1|1|C
4|2|3|188|1|2|C
4|2|3|188|1|3|C
4|2|3|188|1|4|C
4|2|3|188|1|5|C
4|2|3|188|1|6|C
4|2|3|188|1|7|C
4|2|3|188|1|8|C
4|2|3|188|1|9|C
4|2|3|188|1|10|C
4|2|3|188|1|11|C
4|2|3|188|1|12|C
4|2|3|188|1|13|C
4|2|3|188|1|16|C
4|2|3|188|1|17|C
4|2|3|188|1|18|C
4|2|3|188|1|19|C
4|2|3|188|1|20|C
4|2|3|188|1|21|C
4|2|3|188|1|22|C
4|2|3|188|1|24|C
4|2|3|188|1|25|C
4|2|3|188|1|26|C
4|2|3|188|1|27|C
4|2|3|188|1|28|C
4|2|3|188|1|29|C
4|2|3|188|1|30|C
4|2|3|188|1|31|C
4|2|3|188|1|34|C
4|2|3|188|1|35|C
4|2|3|188|1|37|C
4|2|3|188|1|38|C
4|2|3|188|1|39|C
4|2|3|188|1|40|C
4|2|3|188|1|41|C
4|2|3|188|1|42|C
4|2|3|188|1|43|C
4|2|3|188|1|44|C
4|2|3|188|1|45|C
4|2|3|188|1|46|C
4|2|3|188|1|49|C
4|2|3|188|1|50|C
4|2|3|188|1|51|C
4|2|3|188|1|52|C
4|2|3|188|1|53|C
4|2|3|188|1|54|*
4|2|3|188|1|55|C
4|2|3|188|1|56|*
4|2|3|188|1|57|*
4|2|3|188|1|58|*
4|2|3|188|1|59|*
4|2|3|189|1|1|C
4|2|3|189|1|2|*
4|2|3|189|1|3|*
4|2|3|189|1|4|C
4|2|3|189|1|5|C
4|2|3|189|1|6|C
4|2|3|189|1|7|C
4|2|3|189|1|8|C
4|2|3|189|1|9|C
4|2|3|189|1|16|C
4|2|3|189|1|17|C
4|2|3|189|1|18|C
4|2|3|189|1|19|C
4|2|3|189|1|20|C
4|2|3|189|1|21|C
4|2|3|189|1|22|C
4|2|3|189|1|23|C
4|2|3|189|1|35|C
4|2|3|190|1|10|C
4|2|3|190|1|23|C
4|2|3|190|1|26|C
4|2|3|190|1|27|C
4|2|3|190|1|28|C
4|2|3|190|1|29|C
4|2|3|190|1|30|C
4|2|3|190|1|34|C
4|2|3|190|1|35|C
4|2|3|190|1|59|C
4|2|3|190|1|60|C
4|2|3|190|1|61|C
4|2|3|190|1|62|C
4|2|3|190|1|65|C
4|2|3|191|1|1|C
4|2|3|191|1|2|C
4|2|3|191|1|3|C
4|2|3|191|1|13|C
4|2|3|191|1|14|C
4|2|3|191|1|15|C
4|2|3|191|1|16|C
4|2|3|191|1|17|C
4|2|3|191|1|31|C
4|2|3|191|1|32|C
4|2|3|191|1|33|C
4|2|3|191|1|34|C
4|2|3|191|1|48|C
4|2|3|191|1|50|C
4|2|3|191|1|51|C
4|2|3|191|1|52|C
4|2|3|192|1|1|C
4|2|3|192|1|7|C
4|2|3|192|1|8|C
4|2|3|192|1|9|C
4|2|3|192|1|10|C
4|2|3|192|1|22|C
4|2|3|192|1|23|C
4|2|3|192|1|24|C
4|2|3|192|1|39|C
4|2|3|192|1|43|C
4|2|3|192|1|44|C
4|2|3|192|1|45|C
4|2|3|192|1|46|C
4|2|3|192|1|47|C
4|2|3|192|1|74|C
4|2|3|192|1|75|C
4|2|3|192|1|76|C
4|2|3|192|1|77|C
4|2|3|193|1|1|C
4|2|3|193|1|5|*
4|2|3|193|1|6|C
4|2|3|193|1|7|C
4|2|3|193|1|8|C
4|2|3|193|1|14|C
4|2|3|193|1|26|C
4|2|3|194|1|9|C
4|2|3|194|1|19|C
4|2|3|194|1|20|C
4|2|3|194|1|21|C
4|2|3|194|1|22|C
4|2|3|194|1|33|C
4|2|3|194|1|39|C
4|2|3|194|1|40|C
4|2|3|195|1|7|C
4|2|3|195|1|8|C
4|2|3|195|1|17|C
4|2|3|195|1|18|C
4|2|3|195|1|30|C
4|2|3|195|1|31|C
4|2|3|195|1|32|C
4|2|3|195|1|41|C
4|2|3|195|1|42|C
4|2|3|195|1|43|C
4|2|3|195|1|54|C
4|2|3|195|1|55|C
4|2|3|195|1|56|C
4|2|3|195|1|57|C
4|2|3|195|1|58|C
4|2|3|195|1|59|C
4|2|3|196|1|1|C
4|2|3|196|1|2|C
4|2|3|196|1|29|C
4|2|3|196|1|30|C
4|2|3|196|1|33|C
4|2|3|196|1|34|C
4|2|3|196|1|38|C
4|2|3|196|1|39|C
4|2|3|196|1|44|C
4|2|3|196|1|45|C
4|2|3|196|1|50|C
4|2|3|196|1|51|C
4|2|3|196|1|57|C
4|2|3|196|1|58|C
4|2|3|196|1|68|C
4|2|3|197|1|2|C
4|2|3|197|1|3|C
4|2|3|197|1|5|C
4|2|3|197|1|6|C
4|2|3|197|1|8|C
4|2|3|197|1|10|C
4|2|3|197|1|11|C
4|2|3|197|1|12|C
4|2|3|197|1|13|C
4|2|3|197|1|14|C
4|2|3|197|1|15|C
4|2|3|197|1|17|C
4|2|3|197|1|18|C
4|2|3|197|1|19|C
4|2|3|197|1|20|C
4|2|3|197|1|21|C
4|2|3|197|1|23|C
4|2|3|197|1|31|C
4|2|3|199|1|1|*
4|2|3|199|1|2|*
4|2|3|199|1|7|C
4|2|3|199|1|8|C
4|2|3|199|1|9|C
4|2|3|199|1|10|C
4|2|3|199|1|11|C
4|2|3|199|1|13|C
4|2|3|199|1|14|C
4|2|3|199|1|15|C
4|2|3|199|1|20|C
4|2|3|199|1|21|C
4|2|3|199|1|25|C
4|2|3|199|1|27|C
4|2|3|199|1|28|C
4|2|3|199|1|29|C
4|2|3|199|1|30|C
4|2|3|199|1|31|C
4|2|3|199|1|35|C
4|2|3|199|1|48|C
4|2|3|199|1|49|C
4|2|3|200|1|1|C
4|2|3|200|1|4|C
4|2|3|200|1|5|C
4|2|3|200|1|6|C
4|2|3|200|1|7|C
4|2|3|200|1|8|C
4|2|3|200|1|15|C
4|2|3|200|1|16|C
4|2|3|200|1|22|C
4|2|3|200|1|23|C
4|2|3|200|1|24|C
4|2|3|200|1|25|C
4|2|3|200|1|26|C
4|2|3|200|1|27|C
4|2|3|200|1|28|C
4|2|3|200|1|29|C
4|2|3|200|1|30|C
4|2|3|200|1|31|C
4|2|3|200|1|32|*
4|2|3|200|1|33|C
4|2|3|200|1|34|C
4|2|3|200|1|35|C
4|2|3|200|1|36|C
4|2|3|200|1|37|C
4|2|3|200|1|38|C
4|2|3|201|1|9|C
4|2|3|201|1|10|C
4|2|3|201|1|17|C
4|2|3|201|1|18|C
4|2|3|201|1|22|C
4|2|3|201|1|30|C
4|2|3|202|1|9|C
4|2|3|202|1|22|C
4|2|3|202|1|23|C
4|2|3|202|1|24|C
4|2|3|202|1|25|C
4|2|3|202|1|26|C
4|2|3|202|1|33|C
4|2|3|202|1|34|C
4|2|3|202|1|35|C
4|2|3|202|1|38|C
4|2|3|202|1|39|C
4|2|3|202|1|40|C
4|2|3|203|1|1|*
4|2|3|203|1|46|C
4|2|3|203|1|47|C
4|2|3|203|1|55|C
4|2|3|203|1|56|C
4|2|3|203|1|57|C
4|2|3|203|1|58|C
4|2|3|203|1|59|C
4|2|3|203|1|69|C
4|2|3|203|1|70|C
4|2|3|203|1|71|C
4|2|3|203|1|72|C
4|2|3|203|1|73|C
4|2|3|203|1|78|C
4|2|3|203|1|79|C
4|2|3|203|1|80|C
4|2|3|203|1|81|C
4|2|3|203|1|90|C
4|2|3|203|1|92|C
4|2|3|204|1|2|C
4|2|3|204|1|3|C
4|2|3|204|1|4|C
4|2|3|204|1|20|C
4|2|3|204|1|22|C
4|2|3|204|1|35|C
4|2|3|204|1|36|C
4|2|3|204|1|37|C
4|2|3|204|1|38|C
4|2|3|204|1|40|C
4|2|3|204|1|48|C
4|2|3|204|1|50|C
4|2|3|204|1|74|C
4|2|3|204|1|85|C
4|2|3|204|1|86|C
4|2|3|204|1|87|C
4|2|3|204|1|88|C
4|2|3|205|1|1|C
4|2|3|205|1|2|C
4|2|3|205|1|4|C
4|2|3|205|1|6|C
4|2|3|205|1|7|C
4|2|3|205|1|8|C
4|2|3|205|1|9|C
4|2|3|205|1|11|C
4|2|3|205|1|12|C
4|2|3|205|1|13|C
4|2|3|205|1|15|C
4|2|3|205|1|16|C
4|2|3|205|1|17|C
4|2|3|205|1|19|C
4|2|3|205|1|20|C
4|2|3|205|1|40|C
4|2|3|205|1|41|C
4|2|3|205|1|42|C
4|2|3|205|1|53|C
4|2|3|205|1|55|C
4|2|3|205|1|56|C
4|2|3|205|1|60|C
4|2|3|205|1|61|C
4|2|3|205|1|62|C
4|2|3|205|1|71|C
4|2|3|205|1|72|C
4|2|3|205|1|73|C
4|2|3|205|1|74|C
4|2|3|205|1|75|C
4|2|3|205|1|76|C
4|2|3|205|1|77|C
4|2|3|205|1|78|C
4|2|3|205|1|79|C
4|2|3|205|1|80|C
4|2|3|205|1|81|C
4|2|3|205|1|82|C
4|2|3|205|1|83|C
4|2|3|205|1|84|C
4|2|3|205|1|85|C
4|2|3|205|1|86|C
4|2|3|205|1|87|C
4|2|3|205|1|88|C
4|2|3|205|1|89|C
4|2|3|205|1|90|C
4|2|3|205|1|91|C
4|2|3|205|1|92|C
4|2|3|205|1|93|C
4|2|3|205|1|94|C
4|2|3|205|1|95|C
4|2|3|205|1|96|C
4|2|3|205|1|97|C
4|2|3|205|1|98|C
4|2|3|206|1|2|C
4|2|3|206|1|3|C
4|2|3|206|1|4|C
4|2|3|206|1|5|C
4|2|3|206|1|6|C
4|2|3|206|1|7|C
4|2|3|206|1|8|C
4|2|3|206|1|9|C
4|2|3|206|1|10|C
4|2|3|206|1|11|C
4|2|3|206|1|12|C
4|2|3|206|1|13|C
4|2|3|206|1|14|C
4|2|3|206|1|15|C
4|2|3|206|1|16|C
4|2|3|206|1|17|C
4|2|3|206|1|18|C
4|2|3|206|1|19|C
4|2|3|206|1|20|C
4|2|3|206|1|21|C
4|2|3|206|1|22|C
4|2|3|206|1|23|C
4|2|3|206|1|24|C
4|2|3|206|1|25|C
4|2|3|206|1|27|C
4|2|3|206|1|28|C
4|2|3|206|1|29|C
4|2|3|206|1|30|C
4|2|3|206|1|31|C
4|2|3|206|1|32|C
4|2|3|206|1|33|C
4|2|3|206|1|34|C
4|2|3|206|1|35|C
4|2|3|206|1|36|C
4|2|3|206|1|37|C
4|2|3|206|1|38|C
4|2|3|206|1|39|C
4|2|3|206|1|41|C
4|2|3|206|1|42|C
4|2|3|206|1|43|C
4|2|3|206|1|44|*
4|2|3|206|1|45|C
4|2|3|206|1|46|C
4|2|3|206|1|49|C
4|2|3|206|1|50|C
4|2|3|206|1|51|C
4|2|3|206|1|54|C
4|2|3|206|1|55|C
4|2|3|206|1|56|C
4|2|3|206|1|57|C
4|2|3|206|1|58|C
4|2|3|206|1|59|C
4|2|3|206|1|60|C
4|2|3|206|1|61|C
4|2|3|206|1|62|C
4|2|3|206|1|64|C
4|2|3|206|1|65|C
4|2|3|206|1|67|*
4|2|3|206|1|68|C
4|2|3|206|1|69|C
4|2|3|206|1|71|C
4|2|3|206|1|72|C
4|2|3|206|1|73|C
4|2|3|206|1|74|C
4|2|3|206|1|78|C
4|2|3|206|1|79|*
4|2|3|206|1|81|*
4|2|3|206|1|82|*
4|2|3|206|1|83|*
4|2|3|206|1|84|C
4|2|3|206|1|85|C
4|2|3|206|1|86|C
4|2|3|207|1|1|C
4|2|3|207|1|2|C
4|2|3|207|1|3|C
4|2|3|207|1|4|C
4|2|3|207|1|5|C
4|2|3|207|1|6|C
4|2|3|207|1|7|C
4|2|3|207|1|11|C
4|2|3|207|1|12|C
4|2|3|207|1|13|C
4|2|3|207|1|14|C
4|2|3|207|1|15|C
4|2|3|207|1|16|C
4|2|3|207|1|24|C
4|2|3|207|1|25|C
4|2|3|207|1|26|C
4|2|3|207|1|27|C
4|2|3|207|1|41|C
4|2|3|207|1|42|C
4|2|3|207|1|43|C
4|2|3|208|1|1|C
4|2|3|208|1|4|C
4|2|3|208|1|5|C
4|2|3|208|1|6|C
4|2|3|208|1|7|C
4|2|3|208|1|13|C
4|2|3|208|1|14|C
4|2|3|208|1|15|C
4|2|3|208|1|16|C
4|2|3|208|1|17|C
4|2|3|208|1|18|C
4|2|3|208|1|19|C
4|2|3|208|1|27|C
4|2|3|208|1|28|C
4|2|3|208|1|29|C
4|2|3|208|1|30|C
4|2|3|208|1|31|C
4|2|3|208|1|32|C
4|2|3|208|1|33|C
4|2|3|208|1|34|C
4|2|3|208|1|43|C
4|2|3|208|1|44|C
4|2|3|208|1|45|C
4|2|3|208|1|88|C
4|2|3|209|1|1|C
4|2|3|209|1|2|C
4|2|3|209|1|8|C
4|2|3|209|1|10|C
4|2|3|209|1|11|C
4|2|3|209|1|12|C
4|2|3|209|1|35|C
4|2|3|209|1|36|C
4|2|3|209|1|37|C
4|2|3|209|1|38|C
4|2|3|209|1|39|C
4|2|3|209|1|40|C
4|2|3|209|1|42|C
4|2|3|209|1|43|C
4|2|3|210|1|2|C
4|2|3|210|1|3|C
4|2|3|210|1|4|C
4|2|3|210|1|5|C
4|2|3|210|1|6|C
4|2|3|210|1|11|C
4|2|3|210|1|12|C
4|2|3|210|1|19|C
4|2|3|210|1|20|C
4|2|3|210|1|21|C
4|2|3|210|1|31|C
4|2|3|210|1|32|C
4|2|3|210|1|33|C
4|2|3|210|1|41|C
4|2|3|210|1|42|C
4|2|3|211|1|1|C
4|2|3|211|1|2|C
4|2|3|211|1|3|C
4|2|3|211|1|4|C
4|2|3|211|1|5|C
4|2|3|211|1|6|C
4|2|3|211|1|12|C
4|2|3|211|1|13|C
4|2|3|212|1|1|C
4|2|3|212|1|14|C
4|2|3|212|1|15|C
4|2|3|212|1|34|C
4|2|3|212|1|38|C
4|2|3|212|1|39|C
4|2|3|212|1|40|C
4|2|3|212|1|41|C
4|2|3|212|1|42|C
4|2|3|212|1|43|C
4|2|3|212|1|44|C
4|2|3|212|1|45|C
4|2|3|212|1|46|C
4|2|3|212|1|47|C
4|2|3|212|1|48|C
4|2|3|212|1|49|C
4|2|3|212|1|50|C
4|2|3|212|1|51|*
4|2|3|213|1|6|C
4|2|3|213|1|7|C
4|2|3|213|1|8|C
4|2|3|213|1|9|C
4|2|3|213|1|10|*
4|2|3|213|1|11|C
4|2|3|213|1|12|C
4|2|3|213|1|18|C
4|2|3|213|1|19|C
4|2|3|213|1|22|C
4|2|3|213|1|23|C
4|2|3|213|1|24|C
4|2|3|213|1|29|C
4|2|3|213|1|30|C
4|2|3|214|1|16|C
4|2|3|214|1|17|C
4|2|3|214|1|18|C
4|2|3|214|1|19|C
4|2|3|214|1|20|C
4|2|3|214|1|21|C
4|2|3|214|1|22|C
4|2|3|214|1|42|C
4|2|3|214|1|43|C
4|2|3|214|1|44|C
4|2|3|214|1|45|C
4|2|3|214|1|46|C
4|2|3|214|1|58|C
4|2|3|214|1|59|C
4|2|3|214|1|60|C
4|2|3|214|1|61|C
4|2|3|214|1|62|C
4|2|3|214|1|63|C
4|2|3|215|1|23|C
4|2|3|215|1|24|C
4|2|3|215|1|26|C
4|2|3|215|1|39|C
4|2|3|215|1|40|C
4|2|3|215|1|41|C
4|2|3|215|1|55|C
4|2|3|215|1|56|C
4|2|3|215|1|57|C
4|2|3|216|1|1|C
4|2|3|216|1|2|*
4|2|3|216|1|3|C
4|2|3|216|1|5|C
4|2|3|216|1|6|C
4|2|3|216|1|7|C
4|2|3|216|1|8|C
4|2|3|216|1|9|C
4|2|3|216|1|10|C
4|2|3|216|1|11|*
4|2|3|216|1|12|C
4|2|3|216|1|18|C
4|2|3|216|1|19|C
4|2|3|216|1|20|C
4|2|3|216|1|22|C
4|2|3|216|1|23|C
4|2|3|216|1|24|C
4|2|3|216|1|25|C
4|2|3|216|1|28|C
4|2|3|216|1|71|C
4|2|3|217|1|1|C
4|2|3|217|1|2|C
4|2|3|217|1|3|C
4|2|3|217|1|4|C
4|2|3|217|1|13|C
4|2|3|217|1|14|C
4|2|3|217|1|17|C
4|2|3|217|1|28|C
4|2|3|217|1|29|C
4|2|3|218|1|5|C
4|2|3|218|1|6|C
4|2|3|218|1|7|C
4|2|3|218|1|8|C
4|2|3|218|1|9|C
4|2|3|218|1|10|C
4|2|3|218|1|11|C
4|2|3|218|1|12|C
4|2|3|218|1|13|C
4|2|3|218|1|15|C
4|2|3|218|1|16|C
4|2|3|218|1|17|C
4|2|3|218|1|18|C
4|2|3|218|1|19|C
4|2|3|218|1|20|C
4|2|3|218|1|42|C
4|2|3|218|1|53|C
4|2|3|218|1|65|C
4|2|3|218|1|66|C
4|2|3|218|1|76|C
4|2|3|218|1|77|C
4|2|3|218|1|82|C
4|2|3|218|1|83|C
4|2|3|218|1|96|C
4|2|3|218|1|97|C
4|2|3|218|1|98|C
4|2|3|218|1|99|C
4|2|3|218|1|100|C
4|2|3|219|1|1|C
4|2|3|219|1|2|C
4|2|3|219|1|9|C
4|2|3|219|1|10|C
4|2|3|219|1|11|C
4|2|3|219|1|12|C
4|2|3|219|1|23|C
4|2|3|219|1|24|C
4|2|3|219|1|25|C
4|2|3|219|1|39|C
4|2|3|219|1|40|C
4|2|3|219|1|51|C
4|2|3|219|1|52|C
4|2|3|219|1|60|C
4|2|3|219|1|61|C
4|2|3|219|1|62|C
4|2|3|219|1|89|C
4|2|3|219|1|91|C
4|2|3|219|1|93|C
4|2|3|219|1|94|C
4|2|3|219|1|95|C
4|2|3|220|1|1|C
4|2|3|220|1|2|C
4|2|3|220|1|3|C
4|2|3|220|1|4|C
4|2|3|220|1|5|C
4|2|3|220|1|7|C
4|2|3|220|1|8|C
4|2|3|220|1|9|*
4|2|3|220|1|40|C
4|2|3|220|1|41|C
4|2|3|220|1|42|C
4|2|3|220|1|43|C
4|2|3|220|1|44|C
4|2|3|220|1|45|C
4|2|3|220|1|46|C
4|2|3|220|1|47|C
4|2|3|220|1|48|C
4|2|3|220|1|49|C
4|2|3|220|1|50|C
4|2|3|220|1|51|C
4|2|3|220|1|52|C
4|2|3|220|1|53|C
4|2|3|220|1|54|C
4|2|3|220|1|55|C
4|2|3|220|1|56|C
4|2|3|220|1|57|C
4|2|3|220|1|58|C
4|2|3|220|1|59|C
4|2|3|220|1|62|C
4|2|3|220|1|63|C
4|2|3|220|1|64|C
4|2|3|220|1|65|C
4|2|3|220|1|66|C
4|2|3|220|1|67|C
4|2|3|220|1|68|C
4|2|3|221|1|15|C
4|2|3|221|1|16|C
4|2|3|221|1|17|C
4|2|3|221|1|25|C
4|2|3|221|1|26|C
4|2|3|222|1|13|C
4|2|3|222|1|14|C
4|2|3|222|1|17|C
4|2|3|222|1|26|C
4|2|3|222|1|27|C
4|2|3|222|1|47|C
4|2|3|222|1|48|C
4|2|3|222|1|62|C
4|2|3|222|1|63|C
4|2|3|222|1|64|C
4|2|3|223|1|3|C
4|2|3|223|1|4|C
4|2|3|223|1|5|C
4|2|3|223|1|6|C
4|2|3|223|1|7|C
4|2|3|223|1|8|C
4|2|3|223|1|9|C
4|2|3|223|1|11|*
4|2|3|223|1|12|*
4|2|3|223|1|13|*
4|2|3|223|1|15|C
4|2|3|223|1|16|C
4|2|3|223|1|17|C
4|2|3|223|1|18|C
4|2|3|223|1|19|C
4|2|3|223|1|20|C
4|2|3|223|1|21|C
4|2|3|223|1|22|*
4|2|3|223|1|28|C
4|2|3|223|1|29|C
4|2|3|223|1|30|C
4|2|3|223|1|31|C
4|2|3|223|1|32|C
4|2|3|223|1|33|C
4|2|3|223|1|34|C
4|2|3|223|1|35|C
4|2|3|223|1|36|C
4|2|3|223|1|37|C
4|2|3|223|1|38|C
4|2|3|223|1|39|C
4|2|3|223|1|45|C
4|2|3|223|1|46|C
4|2|3|223|1|49|C
4|2|3|223|1|50|C
4|2|3|223|1|51|C
4|2|3|223|1|52|C
4|2|3|223|1|64|C
4|2|3|223|1|65|C
4|2|3|223|1|66|C
4|2|3|223|1|67|C
4|2|3|223|1|68|*
4|2|3|223|1|69|C
4|2|3|223|1|71|C
4|2|3|223|1|73|C
4|2|3|223|1|74|C
4|2|3|224|1|4|C
4|2|3|224|1|5|C
4|2|3|224|1|16|C
4|2|3|224|1|23|C
4|2|3|224|1|24|C
4|2|3|224|1|40|C
4|2|3|224|1|41|C
4|2|3|224|1|42|C
4|2|3|224|1|43|C
4|2|3|224|1|48|C
4|2|3|225|1|1|C
4|2|3|225|1|3|C
4|2|3|225|1|6|C
4|2|3|225|1|7|C
4|2|3|225|1|32|C
4|2|3|226|1|2|C
4|2|3|226|1|10|C
4|2|3|226|1|12|C
4|2|3|226|1|18|C
4|2|3|226|1|19|*
4|2|3|226|1|23|C
4|2|3|226|1|24|C
4|2|3|227|1|11|C
4|2|3|227|1|20|C
4|2|3|227|1|21|C
4|2|3|227|1|22|C
4|2|3|227|1|23|C
4|2|3|227|1|33|C
4|2|3|227|1|34|C
4|2|3|227|1|37|C
4|2|3|227|1|45|C
4|2|3|228|1|27|C
4|2|3|228|1|28|C
4|2|3|228|1|38|C
4|2|3|228|1|39|C
4|2|3|228|1|40|C
4|2|3|228|1|41|C
4|2|3|230|1|2|C
4|2|3|230|1|3|C
4|2|3|230|1|4|C
4|2|3|230|1|5|C
4|2|3|230|1|6|C
4|2|3|230|1|7|C
4|2|3|230|1|8|C
4|2|3|230|1|9|C
4|2|3|230|1|10|C
4|2|3|230|1|11|C
4|2|3|230|1|12|C
4|2|3|230|1|13|C
4|2|3|230|1|14|C
4|2|3|230|1|15|C
4|2|3|230|1|16|C
4|2|3|230|1|17|C
4|2|3|230|1|18|C
4|2|3|230|1|19|C
4|2|3|230|1|20|*
4|2|3|230|1|22|C
4|2|3|230|1|23|C
4|2|3|230|1|24|C
4|2|3|230|1|25|C
4|2|3|230|1|26|C
4|2|3|230|1|27|C
4|2|3|230|1|29|C
4|2|3|230|1|30|C
4|2|3|230|1|31|C
4|2|3|230|1|32|C
4|2|3|230|1|33|C
4|2|3|230|1|34|C
4|2|3|230|1|35|*
4|2|3|230|1|36|C
4|2|3|230|1|37|C
4|2|3|230|1|38|C
4|2|3|230|1|39|C
4|2|3|230|1|40|C
4|2|3|230|1|41|C
4|2|3|230|1|42|C
4|2|3|230|1|43|C
4|2|3|230|1|44|C
4|2|3|230|1|45|C
4|2|3|230|1|46|C
4|2|3|230|1|48|*
4|2|3|230|1|49|C
4|2|3|230|1|50|C
4|2|3|230|1|51|C
4|2|3|230|1|52|*
4|2|3|230|1|53|C
4|2|3|230|1|54|C
4|2|3|230|1|55|C
4|2|3|230|1|56|C
4|2|3|230|1|57|C
4|2|3|230|1|58|C
4|2|3|230|1|59|C
4|2|3|230|1|60|C
4|2|3|230|1|61|C
4|2|3|230|1|62|C
4|2|3|230|1|63|C
4|2|3|230|1|64|C
4|2|3|230|1|65|C
4|2|3|230|1|66|C
4|2|3|230|1|67|C
4|2|3|230|1|68|C
4|2|3|230|1|69|C
4|2|3|230|1|70|C
4|2|3|230|1|71|C
4|2|3|230|1|72|C
4|2|3|230|1|73|C
4|2|3|230|1|74|C
4|2|3|230|1|75|C
4|2|3|230|1|76|C
4|2|3|230|1|77|C
4|2|3|230|1|78|C
4|2|3|230|1|79|C
4|2|3|230|1|80|C
4|2|3|230|1|81|C
4|2|3|230|1|82|C
4|2|3|230|1|83|C
4|2|3|230|1|85|C
4|2|3|230|1|87|C
4|2|3|230|1|88|C
4|2|3|230|1|89|C
4|2|3|230|1|90|C
4|2|3|230|1|91|C
4|2|3|230|1|92|C
4|2|3|230|1|93|C
4|2|3|230|1|94|C
4|2|3|230|1|95|C
4|2|3|230|1|96|C
4|2|3|230|1|97|C
4|2|3|230|1|98|*
4|2|3|230|1|99|*
4|2|3|230|1|101|*
4|2|3|230|1|102|*
4|2|3|231|1|1|C
4|2|3|231|1|3|C
4|2|3|231|1|4|C
4|2|3|231|1|5|C
4|2|3|231|1|6|C
4|2|3|231|1|7|C
4|2|3|231|1|8|C
4|2|3|231|1|9|C
4|2|3|231|1|10|C
4|2|3|231|1|11|C
4|2|3|231|1|12|C
4|2|3|231|1|13|C
4|2|3|231|1|14|C
4|2|3|231|1|15|C
4|2|3|231|1|16|C
4|2|3|231|1|17|C
4|2|3|231|1|18|C
4|2|3|231|1|19|C
4|2|3|231|1|20|C
4|2|3|231|1|21|C
4|2|3|231|1|22|C
4|2|3|231|1|23|C
4|2|3|231|1|24|C
4|2|3|231|1|25|C
4|2|3|231|1|26|C
4|2|3|231|1|27|C
4|2|3|231|1|28|C
4|2|3|231|1|29|C
4|2|3|231|1|30|C
4|2|3|231|1|31|C
4|2|3|231|1|32|C
4|2|3|231|1|33|*
4|2|3|231|1|34|C
4|2|3|231|1|35|*
4|2|3|231|1|36|*
4|2|3|232|1|1|C
4|2|3|232|1|2|C
4|2|3|232|1|3|C
4|2|3|232|1|4|C
4|2|3|232|1|5|C
4|2|3|232|1|6|C
4|2|3|232|1|7|C
4|2|3|232|1|10|C
4|2|3|232|1|11|C
4|2|3|232|1|12|C
4|2|3|232|1|13|C
4|2|3|232|1|22|C
4|2|3|232|1|23|C
4|2|3|232|1|24|C
4|2|3|232|1|25|C
4|2|3|232|1|26|C
4|2|3|232|1|27|C
4|2|3|232|1|31|C
4|2|3|232|1|33|C
4|2|3|232|1|34|C
4|2|3|232|1|36|C
4|2|3|232|1|37|C
4|2|3|232|1|38|C
4|2|3|232|1|39|C
4|2|3|232|1|60|C
4|2|3|232|1|61|C
4|2|3|233|1|4|C
4|2|3|233|1|5|C
4|2|3|233|1|6|C
4|2|3|233|1|7|C
4|2|3|233|1|8|C
4|2|3|233|1|9|C
4|2|3|233|1|14|C
4|2|3|233|1|15|C
4|2|3|233|1|16|C
4|2|3|233|1|17|C
4|2|3|233|1|18|C
4|2|3|233|1|19|C
4|2|3|233|1|20|C
4|2|3|233|1|21|C
4|2|3|233|1|28|C
4|2|3|233|1|29|C
4|2|3|233|1|35|C
4|2|3|234|1|1|C
4|2|3|234|1|2|C
4|2|3|234|1|4|C
4|2|3|234|1|5|C
4|2|3|234|1|6|C
4|2|3|234|1|7|C
4|2|3|234|1|8|C
4|2|3|234|1|9|C
4|2|3|234|1|10|C
4|2|3|234|1|11|C
4|2|3|234|1|13|*
4|2|3|234|1|17|C
4|2|3|234|1|18|C
4|2|3|234|1|19|C
4|2|3|234|1|20|C
4|2|3|234|1|24|C
4|2|3|234|1|25|C
4|2|3|235|1|1|C
4|2|3|235|1|2|C
4|2|3|235|1|3|C
4|2|3|235|1|14|C
4|2|3|235|1|15|C
4|2|3|235|1|16|C
4|2|3|235|1|17|C
4|2|3|235|1|42|C
4|2|3|236|1|1|C
4|2|3|236|1|2|C
4|2|3|236|1|5|C
4|2|3|236|1|6|C
4|2|3|236|1|7|C
4|2|3|236|1|8|C
4|2|3|236|1|13|C
4|2|3|236|1|22|C
4|2|3|236|1|24|C
4|2|3|236|1|28|C
4|2|3|236|1|35|C
4|2|3|236|1|36|C
4|2|3|236|1|44|C
4|2|3|237|1|14|C
4|2|3|237|1|15|C
4|2|3|237|1|25|C
4|2|3|237|1|26|C
4|2|3|237|1|49|C
4|2|3|237|1|50|C
4|2|3|237|1|51|C
4|2|3|239|1|1|C
4|2|3|239|1|2|C
4|2|3|239|1|3|C
4|2|3|239|1|4|C
4|2|3|239|1|5|C
4|2|3|239|1|8|*
4|2|3|239|1|9|*
4|2|3|239|1|10|C
4|2|3|239|1|11|C
4|2|3|239|1|12|C
4|2|3|239|1|14|C
4|2|3|239|1|17|C
4|2|3|239|1|20|C
4|2|3|239|1|21|C
4|2|3|239|1|26|C
4|2|3|239|1|28|C
4|2|3|239|1|29|C
4|2|3|239|1|30|C
4|2|3|239|1|31|C
4|2|3|239|1|34|C
4|2|3|239|1|36|C
4|2|3|239|1|51|C
4|2|3|239|1|52|C
4|2|3|240|1|1|C
4|2|3|240|1|2|C
4|2|3|240|1|3|C
4|2|3|240|1|4|C
4|2|3|240|1|5|C
4|2|3|240|1|6|C
4|2|3|240|1|7|C
4|2|3|240|1|8|C
4|2|3|240|1|33|C
4|2|3|240|1|34|C
4|2|3|240|1|35|C
4|2|3|240|1|37|C
4|2|3|241|1|1|C
4|2|3|241|1|2|C
4|2|3|241|1|3|C
4|2|3|241|1|4|C
4|2|3|241|1|5|C
4|2|3|241|1|6|C
4|2|3|241|1|7|C
4|2|3|241|1|8|C
4|2|3|241|1|9|C
4|2|3|241|1|10|C
4|2|3|241|1|11|C
4|2|3|241|1|21|C
4|2|3|241|1|22|C
4|2|3|241|1|23|C
4|2|3|242|1|3|C
4|2|3|242|1|12|C
4|2|3|242|1|13|C
4|2|3|242|1|15|C
4|2|3|242|1|22|C
4|2|3|242|1|27|C
4|2|3|242|1|34|C
4|2|3|242|1|36|C
4|2|3|242|1|37|C
4|2|3|243|1|1|C
4|2|3|243|1|2|C
4|2|3|243|1|3|C
4|2|3|243|1|4|C
4|2|3|243|1|5|C
4|2|3|243|1|6|C
4|2|3|243|1|7|C
4|2|3|243|1|8|C
4|2|3|243|1|9|C
4|2|3|243|1|10|C
4|2|3|243|1|11|C
4|2|3|243|1|12|C
4|2|3|243|1|13|C
4|2|3|243|1|14|C
4|2|3|243|1|15|C
4|2|3|243|1|16|C
4|2|3|243|1|17|C
4|2|3|243|1|18|C
4|2|3|243|1|19|C
4|2|3|243|1|20|C
4|2|3|243|1|21|C
4|2|3|243|1|22|*
4|2|3|245|1|2|C
4|2|3|245|1|9|C
4|2|3|245|1|10|C
4|2|3|245|1|11|C
4|2|3|245|1|12|C
4|2|3|245|1|13|C
4|2|3|245|1|14|C
4|2|3|245|1|16|C
4|2|3|245|1|17|C
4|2|3|245|1|18|C
4|2|3|245|1|19|C
4|2|3|245|1|29|C
4|2|3|245|1|30|C
4|2|3|245|1|31|C
4|2|3|245|1|32|C
4|2|3|245|1|35|C
4|2|3|246|1|9|C
4|2|3|246|1|10|C
4|2|3|246|1|11|C
4|2|3|246|1|20|C
4|2|3|246|1|21|C
4|2|3|246|1|23|C
4|2|3|246|1|24|C
4|2|3|246|1|25|C
4|2|3|246|1|26|C
4|2|3|246|1|28|C
4|2|3|247|1|1|C
4|2|3|247|1|2|C
4|2|3|247|1|3|C
4|2|3|247|1|4|C
4|2|3|247|1|5|C
4|2|3|247|1|7|C
4|2|3|247|1|11|C
4|2|3|247|1|19|C
4|2|3|247|1|32|C
4|2|3|248|1|1|C
4|2|3|248|1|12|C
4|2|3|248|1|13|C
4|2|3|248|1|15|C
4|2|3|248|1|16|C
4|2|3|248|1|17|C
4|2|3|248|1|18|C
4|2|3|248|1|31|C
4|2|3|248|1|32|C
4|2|3|249|1|1|C
4|2|3|249|1|2|C
4|2|3|249|1|3|C
4|2|3|249|1|4|C
4|2|3|249|1|5|C
4|2|3|249|1|6|C
4|2|3|249|1|7|C
4|2|3|249|1|8|C
4|2|3|249|1|9|C
4|2|3|249|1|10|C
4|2|3|249|1|11|C
4|2|3|249|1|12|C
4|2|3|249|1|13|C
4|2|3|249|1|14|*
4|2|3|249|1|15|*
4|2|3|249|1|16|C
4|2|3|249|1|17|*
4|2|3|249|1|18|C
4|2|3|249|1|9900|C
4|2|3|249|1|9901|C
4|2|3|249|1|9902|C
4|2|3|249|1|9903|C
4|2|3|249|1|9905|C
4|2|3|249|1|9906|C
4|2|3|249|1|9907|C
4|2|3|250|5|1|C
4|2|3|250|5|2|C
4|2|3|250|5|3|C
4|2|3|250|5|4|C
4|2|3|250|5|5|C
4|2|3|250|5|6|C
4|2|3|250|5|8|C
4|2|3|250|5|9|C
4|2|3|250|5|10|C
4|2|3|250|5|11|C
4|2|3|250|5|12|C
4|2|3|250|5|13|C
4|2|3|250|5|14|C
4|2|3|250|5|15|*
4|2|3|250|5|16|C
4|2|3|250|5|17|C
4|2|3|250|5|20|C
4|2|3|250|5|21|C
4|2|3|250|5|22|C
4|2|3|250|5|23|C
4|2|3|250|5|25|C
4|2|3|250|5|26|C
4|2|3|250|5|27|C
4|2|3|250|5|29|C
4|2|3|250|5|36|C
4|2|3|250|5|37|C
4|2|3|250|5|38|C
4|2|3|250|5|39|C
4|2|3|250|5|40|C
4|2|3|250|5|41|C
4|2|3|250|5|42|C
4|2|3|250|5|43|C
4|2|3|250|5|44|C
4|2|3|250|5|45|C
4|2|3|250|5|46|C
4|2|3|250|5|47|C
4|2|3|250|5|58|C
4|2|3|250|5|59|C
4|2|3|250|5|63|C
4|2|3|250|5|64|C
4|2|3|250|5|65|C
4|2|3|250|5|66|C
4|2|3|250|5|67|C
4|2|3|250|5|69|C
4|2|3|250|5|71|C
4|2|3|250|5|72|C
4|2|3|250|5|73|C
4|2|3|250|5|74|C
4|2|3|250|5|75|C
4|2|3|250|22|9999|C
4|2|3|250|35|9999|C
4|2|3|250|99|9999|C
4|2|3|250|189|9999|C
4|2|3|250|215|9999|*
4|2|3|250|237|9999|C
4|2|3|250|276|9999|C
4|2|3|250|278|9999|*
4|2|3|250|321|9999|C
4|2|3|250|523|9999|*
4|2|3|250|532|9999|C
4|2|3|250|549|9999|C
4|2|3|250|569|9999|C
4|2|3|250|570|9999|C
4|2|3|250|621|9999|*
4|2|3|250|625|9999|C
4|2|3|250|626|9999|C
4|2|3|250|662|9999|C
4|2|3|250|688|9999|C
4|2|3|250|746|9999|C
4|2|3|250|759|9999|C
4|2|3|250|769|9999|C
4|2|3|250|791|9999|C
4|2|3|250|827|9999|C
4|2|3|250|831|9999|C
4|2|3|250|845|9999|*
4|2|3|250|847|9999|C
4|2|3|250|861|9999|C
4|2|3|250|896|9999|C
4|2|3|250|899|9999|C
4|2|3|250|932|9999|C
4|2|3|250|939|9999|C
4|2|3|250|977|9999|C
4|2|3|250|991|9999|C
4|2|3|250|1646|9999|C
4|2|3|251|5|1|C
4|2|3|251|5|5|C
4|2|3|251|5|6|C
4|2|3|251|5|7|C
4|2|3|251|5|8|C
4|2|3|251|5|18|C
4|2|3|251|5|19|C
4|2|3|251|5|20|C
4|2|3|251|5|21|C
4|2|3|251|5|22|C
4|2|3|251|5|23|C
4|2|3|251|5|24|C
4|2|3|251|5|28|C
4|2|3|251|5|29|C
4|2|3|251|5|30|C
4|2|3|251|5|31|C
4|2|3|251|5|32|C
4|2|3|251|5|33|C
4|2|3|251|5|34|C
4|2|3|251|5|35|C
4|2|3|251|5|47|C
4|2|3|251|5|48|C
4|2|3|251|5|50|C
4|2|3|251|5|51|C
4|2|3|251|5|52|C
4|2|3|251|5|53|C
4|2|3|251|5|54|C
4|2|3|251|5|55|C
4|2|3|251|5|56|C
4|2|3|251|5|57|C
4|2|3|251|5|60|C
4|2|3|251|5|61|C
4|2|3|252|5|2|C
4|2|3|252|5|3|C
4|2|3|252|5|10|C
4|2|3|252|5|11|C
4|2|3|252|5|12|C
4|2|3|252|5|13|C
4|2|3|252|5|14|C
4|2|3|252|5|15|C
4|2|3|252|5|16|C
4|2|3|252|5|25|C
4|2|3|252|5|26|C
4|2|3|252|5|27|C
4|2|3|252|5|28|C
4|2|3|252|5|29|C
4|2|3|252|5|30|C
4|2|3|252|5|31|C
4|2|3|252|5|32|C
4|2|3|252|5|33|C
4|2|3|252|5|34|C
4|2|3|252|5|35|C
4|2|3|252|5|36|C
4|2|3|252|5|41|C
4|2|3|252|5|42|C
4|2|3|252|5|43|C
4|2|3|252|5|44|C
4|2|3|252|5|45|C
4|2|3|252|5|47|C
4|2|3|252|5|48|*
4|2|3|252|5|52|C
4|2|3|253|5|1|C
4|2|3|253|5|2|C
4|2|3|253|5|3|C
4|2|3|253|5|4|C
4|2|3|253|5|5|C
4|2|3|253|5|6|C
4|2|3|253|5|7|C
4|2|3|253|5|8|C
4|2|3|253|5|9|C
4|2|3|253|5|10|C
4|2|3|253|5|11|C
4|2|3|253|5|12|C
4|2|3|253|5|13|C
4|2|3|253|5|14|C
4|2|3|253|5|15|C
4|2|3|253|5|17|C
4|2|3|253|5|19|C
4|2|3|253|5|20|C
4|2|3|253|5|21|C
4|2|3|253|5|22|C
4|2|3|253|5|23|C
4|2|3|253|5|24|C
4|2|3|253|5|26|C
4|2|3|253|5|27|C
4|2|3|253|5|28|C
4|2|3|253|5|29|C
4|2|3|253|5|30|C
4|2|3|253|5|37|C
4|2|3|253|5|38|C
4|2|3|253|5|39|C
4|2|3|253|5|40|C
4|2|3|253|5|49|C
4|2|3|253|5|50|C
4|2|3|253|5|51|C
4|2|3|253|5|53|C
4|2|3|253|5|54|C
4|2|3|253|5|55|C
4|2|3|253|5|56|C
4|2|3|253|5|57|C
4|2|3|253|5|58|C
4|2|3|253|5|59|C
4|2|3|253|5|61|C
4|2|3|253|5|62|C
4|2|3|253|5|63|C
4|2|3|253|5|64|C
4|2|3|253|5|65|C
4|2|3|253|5|66|C
4|2|3|254|306|1|C
4|2|3|254|306|2|C
4|2|3|254|306|3|C
4|2|3|254|306|4|C
4|2|3|254|306|5|C
4|2|3|254|306|6|C
4|2|3|254|306|7|C
4|2|3|254|306|8|C
4|2|3|254|306|9|C
4|2|3|254|306|10|C
4|2|3|254|306|11|C
4|2|3|254|306|12|C
4|2|3|254|306|13|C
4|2|3|254|306|14|C
4|2|3|254|306|15|*
4|2|3|254|306|16|C
4|2|3|254|306|17|C
4|2|3|254|306|18|C
4|2|3|254|306|19|C
4|2|3|254|306|20|C
4|2|3|254|306|21|C
4|2|3|254|306|22|C
4|2|3|254|306|23|C
4|2|3|254|306|24|C
4|2|3|254|306|25|C
4|2|3|254|306|26|C
4|2|3|254|306|27|C
4|2|3|254|306|28|C
4|2|3|254|306|29|C
4|2|3|254|306|30|C
4|2|3|254|306|31|C
4|2|3|254|306|32|C
4|2|3|254|306|33|C
4|2|3|254|306|34|C
4|2|3|254|306|35|C
4|2|3|254|306|36|C
4|2|3|254|306|38|C
4|2|3|254|306|39|C
4|2|3|254|306|40|C
4|2|3|254|306|41|C
4|2|3|254|306|42|C
4|2|3|254|306|43|C
4|2|3|254|306|44|C
4|2|3|254|306|45|C
4|2|3|254|306|47|C
4|2|3|254|306|48|C
4|2|3|254|306|49|C
4|2|3|254|306|51|C
4|2|3|254|306|52|C
4|2|3|254|306|53|*
4|2|3|254|306|54|C
4|2|3|254|306|9999|C
4|2|3|254|718|9999|C
4|2|3|254|9000|9999|C
4|2|3|255|281|9999|*
4|2|3|255|363|9999|C
4|2|3|255|364|9999|C
4|2|3|255|551|2|C
4|2|3|255|551|3|C
4|2|3|255|551|4|C
4|2|3|255|551|5|C
4|2|3|255|551|6|C
4|2|3|255|551|7|C
4|2|3|255|551|8|C
4|2|3|255|551|9|C
4|2|3|255|551|10|C
4|2|3|255|551|11|C
4|2|3|255|551|12|C
4|2|3|255|551|13|C
4|2|3|255|551|14|C
4|2|3|255|551|15|C
4|2|3|255|551|16|C
4|2|3|255|551|17|C
4|2|3|255|551|18|C
4|2|3|255|551|19|C
4|2|3|255|551|20|*
4|2|3|255|551|21|C
4|2|3|255|551|22|C
4|2|3|255|551|23|C
4|2|3|255|551|24|C
4|2|3|255|551|25|C
4|2|3|255|551|26|C
4|2|3|255|551|27|C
4|2|3|255|551|28|C
4|2|3|255|551|29|C
4|2|3|255|551|30|C
4|2|3|255|551|31|C
4|2|3|255|551|32|C
4|2|3|255|551|33|C
4|2|3|255|551|34|C
4|2|3|255|551|36|C
4|2|3|255|551|37|C
4|2|3|255|551|39|C
4|2|3|255|551|40|C
4|2|3|255|551|41|C
4|2|3|255|551|42|C
4|2|3|255|551|43|C
4|2|3|255|551|44|C
4|2|3|255|551|46|C
4|2|3|255|551|48|C
4|2|3|255|551|49|C
4|2|3|255|551|51|C
4|2|3|255|551|52|C
4|2|3|255|551|53|C
4|2|3|255|551|54|C
4|2|3|255|551|55|C
4|2|3|255|551|9999|C
4|2|3|255|552|9999|*
4|2|3|255|1217|9999|C
4|2|3|256|3|1|C
4|2|3|256|3|2|C
4|2|3|256|3|3|C
4|2|3|256|3|4|C
4|2|3|256|3|5|C
4|2|3|256|3|6|C
4|2|3|256|3|7|C
4|2|3|256|3|8|C
4|2|3|256|3|9|C
4|2|3|256|3|10|C
4|2|3|256|3|11|C
4|2|3|256|3|12|C
4|2|3|256|3|13|C
4|2|3|256|3|14|C
4|2|3|256|3|15|C
4|2|3|256|3|16|C
4|2|3|256|3|18|C
4|2|3|256|3|19|C
4|2|3|256|3|20|C
4|2|3|256|3|21|C
4|2|3|256|3|22|C
4|2|3|256|3|23|C
4|2|3|256|3|24|C
4|2|3|256|3|25|C
4|2|3|256|3|26|C
4|2|3|256|3|27|C
4|2|3|256|3|28|C
4|2|3|256|3|29|C
4|2|3|256|3|30|C
4|2|3|256|3|31|C
4|2|3|256|3|32|C
4|2|3|256|3|33|C
4|2|3|256|3|34|C
4|2|3|256|3|35|C
4|2|3|256|3|36|C
4|2|3|256|3|37|C
4|2|3|256|3|38|C
4|2|3|256|3|39|C
4|2|3|256|3|40|C
4|2|3|256|3|41|C
4|2|3|256|3|42|C
4|2|3|256|3|43|C
4|2|3|256|3|44|C
4|2|3|256|3|45|C
4|2|3|256|3|46|C
4|2|3|256|3|47|C
4|2|3|256|3|48|C
4|2|3|256|3|49|C
4|2|3|256|3|50|C
4|2|3|256|3|51|C
4|2|3|256|3|52|C
4|2|3|256|3|53|C
4|2|3|256|3|54|C
4|2|3|256|3|55|C
4|2|3|256|3|56|C
4|2|3|256|3|57|C
4|2|3|256|3|60|C
4|2|3|256|3|62|C
4|2|3|256|3|63|C
4|2|3|256|3|64|C
4|2|3|256|3|65|C
4|2|3|256|3|66|C
4|2|3|256|3|67|C
4|2|3|256|3|68|C
4|2|3|256|3|69|C
4|2|3|256|3|70|C
4|2|3|256|3|71|C
4|2|3|256|3|72|C
4|2|3|256|3|73|C
4|2|3|256|3|74|C
4|2|3|256|3|75|C
4|2|3|256|3|76|C
4|2|3|256|3|77|C
4|2|3|256|3|78|C
4|2|3|256|3|79|C
4|2|3|256|3|80|C
4|2|3|256|3|81|C
4|2|3|256|3|82|C
4|2|3|256|3|83|C
4|2|3|256|3|84|C
4|2|3|256|3|85|C
4|2|3|256|3|87|C
4|2|3|256|3|88|C
4|2|3|256|3|89|C
4|2|3|256|3|91|C
4|2|3|256|3|93|C
4|2|3|256|3|95|C
4|2|3|256|3|96|*
4|2|3|256|3|97|C
4|2|3|256|3|9900|C
4|2|3|256|3|9901|C
4|2|3|256|3|9902|C
4|2|3|256|3|9903|C
4|2|3|256|3|9904|C
4|2|3|256|3|9905|C
4|2|3|256|3|9906|C
4|2|3|256|3|9907|C
4|2|3|256|3|9908|C
4|2|3|256|3|9909|C
4|2|3|256|3|9911|C
4|2|3|256|3|9912|C
4|2|3|256|3|9913|C
4|2|3|256|3|9914|C
4|2|3|256|3|9915|C
4|2|3|256|75|9999|C
4|2|3|256|109|9999|C
4|2|3|256|352|9999|C
4|2|3|256|415|9999|C
4|2|3|256|421|9999|C
4|2|3|256|560|9999|C
4|2|3|256|568|9999|C
4|2|3|256|604|9999|C
4|2|3|256|654|9999|C
4|2|3|256|741|9999|C
4|2|3|256|760|9999|C
4|2|3|256|841|9999|C
4|2|3|256|858|9999|C
4|2|3|256|1088|9999|C
4|2|3|256|1635|9999|C
4|2|3|256|1650|9999|C
4|2|3|256|1677|9999|C
4|2|3|257|3|2|C
4|2|3|257|3|3|C
4|2|3|257|3|4|C
4|2|3|257|3|6|C
4|2|3|257|3|7|C
4|2|3|257|3|8|C
4|2|3|257|3|9|C
4|2|3|257|3|10|C
4|2|3|257|3|11|C
4|2|3|257|3|12|C
4|2|3|257|3|13|C
4|2|3|257|3|14|C
4|2|3|257|3|15|C
4|2|3|257|3|16|C
4|2|3|257|3|18|C
4|2|3|257|3|19|C
4|2|3|257|3|20|C
4|2|3|257|3|21|C
4|2|3|257|3|22|C
4|2|3|257|3|23|C
4|2|3|257|3|24|C
4|2|3|257|3|25|C
4|2|3|257|3|26|C
4|2|3|257|3|27|C
4|2|3|257|3|28|C
4|2|3|257|3|29|C
4|2|3|257|3|30|C
4|2|3|257|3|31|C
4|2|3|257|3|32|C
4|2|3|257|3|33|C
4|2|3|257|3|34|C
4|2|3|257|3|35|C
4|2|3|257|3|36|C
4|2|3|257|3|38|C
4|2|3|257|3|39|C
4|2|3|257|3|40|C
4|2|3|257|3|41|C
4|2|3|257|3|42|C
4|2|3|257|3|43|C
4|2|3|257|3|44|C
4|2|3|257|3|45|C
4|2|3|257|3|46|C
4|2|3|257|3|47|C
4|2|3|257|3|48|C
4|2|3|257|3|49|C
4|2|3|257|3|50|C
4|2|3|257|3|51|C
4|2|3|257|3|52|C
4|2|3|257|3|53|C
4|2|3|257|3|54|C
4|2|3|257|3|55|C
4|2|3|257|3|58|C
4|2|3|257|3|59|C
4|2|3|257|3|60|C
4|2|3|257|3|61|C
4|2|3|257|3|62|C
4|2|3|257|3|64|C
4|2|3|257|3|65|C
4|2|3|257|3|71|C
4|2|3|257|3|72|C
4|2|3|257|3|73|C
4|2|3|257|3|74|C
4|2|3|257|3|75|C
4|2|3|257|3|76|C
4|2|3|257|3|77|C
4|2|3|257|3|78|C
4|2|3|257|3|79|C
4|2|3|257|3|81|C
4|2|3|257|3|82|C
4|2|3|257|3|83|C
4|2|3|257|3|84|C
4|2|3|257|3|85|C
4|2|3|257|3|86|C
4|2|3|257|3|87|C
4|2|3|257|3|88|C
4|2|3|257|3|89|C
4|2|3|257|3|91|C
4|2|3|257|3|92|C
4|2|3|257|3|94|C
4|2|3|257|3|95|C
4|2|3|257|3|96|C
4|2|3|257|3|97|C
4|2|3|257|3|98|C
4|2|3|257|3|99|C
4|2|3|257|3|101|C
4|2|3|257|3|102|C
4|2|3|257|3|103|C
4|2|3|257|3|104|C
4|2|3|257|3|105|C
4|2|3|257|3|106|C
4|2|3|257|3|107|C
4|2|3|257|3|108|C
4|2|3|257|3|109|C
4|2|3|257|3|110|C
4|2|3|258|26|9999|C
4|2|3|258|67|9999|*
4|2|3|258|68|9999|C
4|2|3|258|101|9999|C
4|2|3|258|177|9999|C
4|2|3|258|188|9999|C
4|2|3|258|197|9999|C
4|2|3|258|198|1|C
4|2|3|258|198|2|C
4|2|3|258|198|3|C
4|2|3|258|198|4|C
4|2|3|258|198|5|C
4|2|3|258|198|6|C
4|2|3|258|198|7|C
4|2|3|258|198|8|C
4|2|3|258|198|9|C
4|2|3|258|198|10|C
4|2|3|258|198|11|C
4|2|3|258|198|12|C
4|2|3|258|198|13|C
4|2|3|258|198|14|C
4|2|3|258|198|15|C
4|2|3|258|198|16|C
4|2|3|258|198|17|C
4|2|3|258|198|18|C
4|2|3|258|198|19|C
4|2|3|258|198|20|C
4|2|3|258|198|21|C
4|2|3|258|198|22|C
4|2|3|258|198|23|C
4|2|3|258|198|24|C
4|2|3|258|198|25|C
4|2|3|258|198|26|C
4|2|3|258|198|27|C
4|2|3|258|198|28|C
4|2|3|258|198|29|C
4|2|3|258|198|30|C
4|2|3|258|198|31|C
4|2|3|258|198|32|C
4|2|3|258|198|33|C
4|2|3|258|198|34|C
4|2|3|258|198|35|C
4|2|3|258|198|36|*
4|2|3|258|198|37|*
4|2|3|258|198|38|*
4|2|3|258|198|39|C
4|2|3|258|198|40|C
4|2|3|258|198|41|C
4|2|3|258|198|42|C
4|2|3|258|198|43|C
4|2|3|258|198|44|C
4|2|3|258|198|45|C
4|2|3|258|198|46|C
4|2|3|258|198|47|C
4|2|3|258|198|48|C
4|2|3|258|198|49|C
4|2|3|258|198|50|C
4|2|3|258|198|51|C
4|2|3|258|198|52|C
4|2|3|258|198|53|C
4|2|3|258|198|54|C
4|2|3|258|198|55|C
4|2|3|258|198|56|C
4|2|3|258|198|57|C
4|2|3|258|198|58|C
4|2|3|258|198|59|C
4|2|3|258|198|60|C
4|2|3|258|198|61|*
4|2|3|258|198|62|C
4|2|3|258|198|63|C
4|2|3|258|198|64|C
4|2|3|258|198|65|C
4|2|3|258|198|66|C
4|2|3|258|198|67|C
4|2|3|258|198|68|C
4|2|3|258|198|69|C
4|2|3|258|198|70|C
4|2|3|258|198|71|C
4|2|3|258|198|72|C
4|2|3|258|198|73|C
4|2|3|258|198|75|C
4|2|3|258|198|76|C
4|2|3|258|198|77|C
4|2|3|258|198|78|C
4|2|3|258|198|79|C
4|2|3|258|198|80|C
4|2|3|258|198|81|C
4|2|3|258|198|82|C
4|2|3|258|198|83|C
4|2|3|258|198|84|C
4|2|3|258|198|85|C
4|2|3|258|198|86|C
4|2|3|258|198|87|C
4|2|3|258|198|88|C
4|2|3|258|198|89|C
4|2|3|258|198|90|C
4|2|3|258|198|91|C
4|2|3|258|198|92|C
4|2|3|258|198|93|C
4|2|3|258|198|94|C
4|2|3|258|198|95|C
4|2|3|258|198|96|C
4|2|3|258|198|97|C
4|2|3|258|198|98|C
4|2|3|258|198|99|C
4|2|3|258|198|101|C
4|2|3|258|198|102|C
4|2|3|258|198|103|C
4|2|3|258|198|104|C
4|2|3|258|198|105|C
4|2|3|258|198|106|C
4|2|3|258|198|107|C
4|2|3|258|198|108|C
4|2|3|258|198|109|C
4|2|3|258|198|111|C
4|2|3|258|198|112|C
4|2|3|258|198|113|C
4|2|3|258|198|114|C
4|2|3|258|198|115|C
4|2|3|258|198|116|C
4|2|3|258|198|117|C
4|2|3|258|198|118|C
4|2|3|258|198|119|C
4|2|3|258|198|121|C
4|2|3|258|198|122|C
4|2|3|258|198|123|C
4|2|3|258|198|124|C
4|2|3|258|198|125|C
4|2|3|258|198|126|C
4|2|3|258|198|127|C
4|2|3|258|198|128|C
4|2|3|258|198|129|C
4|2|3|258|198|131|C
4|2|3|258|198|132|C
4|2|3|258|198|133|C
4|2|3|258|198|134|C
4|2|3|258|198|135|C
4|2|3|258|198|136|C
4|2|3|258|198|137|C
4|2|3|258|198|138|C
4|2|3|258|198|139|C
4|2|3|258|198|141|*
4|2|3|258|198|142|*
4|2|3|258|198|143|C
4|2|3|258|198|144|C
4|2|3|258|198|145|C
4|2|3|258|198|146|C
4|2|3|258|198|147|C
4|2|3|258|198|148|C
4|2|3|258|198|149|C
4|2|3|258|198|151|C
4|2|3|258|198|152|C
4|2|3|258|198|153|C
4|2|3|258|198|154|C
4|2|3|258|198|155|C
4|2|3|258|198|156|*
4|2|3|258|198|157|C
4|2|3|258|198|158|C
4|2|3|258|198|9999|C
4|2|3|258|230|9999|C
4|2|3|258|234|9999|C
4|2|3|258|270|9999|C
4|2|3|258|325|9999|C
4|2|3|258|345|9999|C
4|2|3|258|346|9999|C
4|2|3|258|357|9999|C
4|2|3|258|358|9999|*
4|2|3|258|359|9999|C
4|2|3|258|360|9999|C
4|2|3|258|362|9999|C
4|2|3|258|430|9999|C
4|2|3|258|486|9999|C
4|2|3|258|510|9999|C
4|2|3|258|516|9999|C
4|2|3|258|544|9999|C
4|2|3|258|550|9999|*
4|2|3|258|606|9999|C
4|2|3|258|619|9999|C
4|2|3|258|705|9999|C
4|2|3|258|755|9999|*
4|2|3|258|821|9999|*
4|2|3|258|823|9999|C
4|2|3|258|857|9999|C
4|2|3|258|862|9999|C
4|2|3|258|873|9999|C
4|2|3|258|978|9999|C
4|2|3|258|984|9999|C
4|2|3|258|992|9999|*
4|2|3|258|993|9999|C
4|2|3|258|1580|9999|C
4|2|3|258|1612|9999|*
4|2|3|258|1638|9999|C
4|2|3|258|1656|9999|C
4|2|3|258|1670|9999|C
4|2|3|258|1680|9999|C
4|2|3|259|201|1|C
4|2|3|259|201|2|C
4|2|3|259|201|3|C
4|2|3|259|201|4|C
4|2|3|259|201|5|C
4|2|3|259|201|9|*
4|2|3|259|201|10|C
4|2|3|259|201|11|C
4|2|3|259|201|12|C
4|2|3|259|201|13|C
4|2|3|259|201|14|C
4|2|3|259|201|15|C
4|2|3|259|201|16|C
4|2|3|259|201|17|C
4|2|3|259|201|18|C
4|2|3|259|201|19|C
4|2|3|259|201|20|*
4|2|3|259|201|21|C
4|2|3|259|201|23|C
4|2|3|259|201|24|C
4|2|3|259|201|25|C
4|2|3|259|201|26|C
4|2|3|259|201|27|C
4|2|3|259|201|28|C
4|2|3|259|201|29|C
4|2|3|259|201|30|C
4|2|3|259|201|31|C
4|2|3|259|201|32|C
4|2|3|259|201|33|C
4|2|3|259|201|34|C
4|2|3|259|201|35|C
4|2|3|259|201|36|C
4|2|3|259|201|37|C
4|2|3|259|201|38|C
4|2|3|259|201|39|C
4|2|3|259|201|40|C
4|2|3|259|201|41|C
4|2|3|259|201|42|C
4|2|3|259|201|43|C
4|2|3|259|201|44|C
4|2|3|259|201|45|C
4|2|3|259|201|46|C
4|2|3|259|201|47|C
4|2|3|259|201|48|C
4|2|3|259|201|49|C
4|2|3|259|201|50|C
4|2|3|259|201|51|C
4|2|3|259|201|52|C
4|2|3|259|201|53|C
4|2|3|259|201|54|C
4|2|3|259|201|55|C
4|2|3|259|201|56|C
4|2|3|259|201|57|C
4|2|3|259|201|58|C
4|2|3|259|201|59|C
4|2|3|259|201|60|C
4|2|3|259|201|61|C
4|2|3|259|201|62|C
4|2|3|259|201|63|C
4|2|3|259|201|64|C
4|2|3|259|201|65|C
4|2|3|259|201|66|C
4|2|3|259|201|67|C
4|2|3|259|201|68|C
4|2|3|259|201|69|C
4|2|3|259|201|70|C
4|2|3|259|201|71|C
4|2|3|259|201|72|C
4|2|3|259|201|73|C
4|2|3|259|201|74|C
4|2|3|259|201|75|C
4|2|3|259|201|76|C
4|2|3|259|201|77|C
4|2|3|259|201|79|C
4|2|3|259|201|80|C
4|2|3|259|201|81|C
4|2|3|259|201|82|C
4|2|3|259|201|83|C
4|2|3|259|201|84|C
4|2|3|259|201|85|*
4|2|3|259|201|9999|C
4|2|3|260|11|9999|C
4|2|3|260|156|9999|C
4|2|3|260|206|9999|C
4|2|3|260|219|9999|C
4|2|3|260|227|9999|C
4|2|3|260|284|9999|C
4|2|3|260|312|9999|C
4|2|3|260|365|9999|C
4|2|3|260|367|9999|C
4|2|3|260|368|9999|C
4|2|3|260|376|9999|C
4|2|3|260|518|9999|C
4|2|3|260|576|9999|C
4|2|3|260|618|1|C
4|2|3|260|618|2|*
4|2|3|260|618|3|C
4|2|3|260|618|4|C
4|2|3|260|618|5|C
4|2|3|260|618|6|C
4|2|3|260|618|7|C
4|2|3|260|618|8|C
4|2|3|260|618|9|C
4|2|3|260|618|10|*
4|2|3|260|618|11|C
4|2|3|260|618|12|C
4|2|3|260|618|13|C
4|2|3|260|618|14|C
4|2|3|260|618|15|C
4|2|3|260|618|16|C
4|2|3|260|618|17|C
4|2|3|260|618|18|C
4|2|3|260|618|19|C
4|2|3|260|618|20|C
4|2|3|260|618|21|C
4|2|3|260|618|22|C
4|2|3|260|618|23|C
4|2|3|260|618|24|C
4|2|3|260|618|25|C
4|2|3|260|618|26|C
4|2|3|260|618|27|C
4|2|3|260|618|28|C
4|2|3|260|618|29|C
4|2|3|260|618|30|C
4|2|3|260|618|31|C
4|2|3|260|618|32|C
4|2|3|260|618|33|C
4|2|3|260|618|34|C
4|2|3|260|618|35|C
4|2|3|260|618|36|C
4|2|3|260|618|37|C
4|2|3|260|618|38|C
4|2|3|260|618|39|C
4|2|3|260|618|40|C
4|2|3|260|618|41|C
4|2|3|260|618|42|C
4|2|3|260|618|43|C
4|2|3|260|618|44|C
4|2|3|260|618|45|C
4|2|3|260|618|46|C
4|2|3|260|618|47|C
4|2|3|260|618|48|C
4|2|3|260|618|49|C
4|2|3|260|618|50|C
4|2|3|260|618|51|C
4|2|3|260|618|52|C
4|2|3|260|618|53|C
4|2|3|260|618|54|C
4|2|3|260|618|55|C
4|2|3|260|618|56|C
4|2|3|260|618|57|C
4|2|3|260|618|58|C
4|2|3|260|618|59|C
4|2|3|260|618|60|C
4|2|3|260|618|61|C
4|2|3|260|618|62|C
4|2|3|260|618|65|C
4|2|3|260|618|66|C
4|2|3|260|618|67|C
4|2|3|260|618|68|C
4|2|3|260|618|69|C
4|2|3|260|618|71|C
4|2|3|260|618|72|C
4|2|3|260|618|73|C
4|2|3|260|618|74|C
4|2|3|260|618|75|C
4|2|3|260|618|76|C
4|2|3|260|618|77|C
4|2|3|260|618|85|C
4|2|3|260|618|86|C
4|2|3|260|618|9999|C
4|2|3|260|633|9999|C
4|2|3|260|667|9999|C
4|2|3|260|668|9999|C
4|2|3|260|717|9999|C
4|2|3|260|782|9999|C
4|2|3|260|799|9999|C
4|2|3|260|835|9999|C
4|2|3|260|876|9999|C
4|2|3|260|909|9999|C
4|2|3|260|920|9999|C
4|2|3|260|926|9999|C
4|2|3|260|957|9999|C
4|2|3|260|964|9999|C
4|2|3|260|1222|9999|C
4|2|3|261|8|1|C
4|2|3|261|8|2|*
4|2|3|261|8|3|C
4|2|3|261|8|4|C
4|2|3|261|8|5|C
4|2|3|261|8|6|C
4|2|3|261|8|7|C
4|2|3|261|8|8|C
4|2|3|261|8|9|C
4|2|3|261|8|10|C
4|2|3|261|8|11|C
4|2|3|261|8|12|C
4|2|3|261|8|13|C
4|2|3|261|8|14|C
4|2|3|261|8|15|C
4|2|3|261|8|16|C
4|2|3|261|8|17|C
4|2|3|261|8|18|C
4|2|3|261|8|19|C
4|2|3|261|8|20|C
4|2|3|261|8|21|C
4|2|3|261|8|22|C
4|2|3|261|8|23|*
4|2|3|261|8|24|C
4|2|3|261|8|25|C
4|2|3|261|8|26|C
4|2|3|261|8|27|C
4|2|3|261|8|28|C
4|2|3|261|8|29|C
4|2|3|261|8|30|C
4|2|3|261|8|31|C
4|2|3|261|8|32|C
4|2|3|261|8|33|C
4|2|3|261|8|34|C
4|2|3|261|8|35|C
4|2|3|261|8|36|C
4|2|3|261|8|37|C
4|2|3|261|8|38|C
4|2|3|261|8|39|C
4|2|3|261|8|40|C
4|2|3|261|8|41|C
4|2|3|261|8|42|C
4|2|3|261|8|43|C
4|2|3|261|8|44|C
4|2|3|261|8|45|C
4|2|3|261|8|46|C
4|2|3|261|8|47|C
4|2|3|261|8|48|C
4|2|3|261|8|49|C
4|2|3|261|8|50|C
4|2|3|261|8|51|C
4|2|3|261|8|52|C
4|2|3|261|8|53|C
4|2|3|261|8|54|C
4|2|3|261|8|55|C
4|2|3|261|8|56|C
4|2|3|261|8|57|C
4|2|3|261|8|58|C
4|2|3|261|8|59|C
4|2|3|261|8|60|C
4|2|3|261|8|61|C
4|2|3|261|8|62|C
4|2|3|261|8|63|C
4|2|3|261|8|64|C
4|2|3|261|8|65|C
4|2|3|261|8|66|C
4|2|3|261|8|67|*
4|2|3|261|8|68|*
4|2|3|261|8|69|C
4|2|3|261|8|70|C
4|2|3|261|8|9999|C
4|2|3|261|381|9999|C
4|2|3|261|989|1|C
4|2|3|261|989|2|C
4|2|3|261|989|3|C
4|2|3|261|989|4|C
4|2|3|261|989|5|C
4|2|3|261|989|6|C
4|2|3|261|989|7|C
4|2|3|261|989|8|C
4|2|3|261|989|9|C
4|2|3|261|989|10|C
4|2|3|261|989|11|C
4|2|3|261|989|12|C
4|2|3|261|989|13|C
4|2|3|261|989|14|C
4|2|3|261|989|15|C
4|2|3|261|989|16|C
4|2|3|261|989|17|C
4|2|3|261|989|18|C
4|2|3|261|989|19|C
4|2|3|261|989|20|C
4|2|3|261|989|21|C
4|2|3|261|989|22|C
4|2|3|261|989|23|C
4|2|3|261|989|24|C
4|2|3|261|989|25|C
4|2|3|261|989|26|C
4|2|3|261|989|27|C
4|2|3|261|989|28|C
4|2|3|261|989|29|C
4|2|3|261|989|30|C
4|2|3|261|989|32|C
4|2|3|261|989|33|C
4|2|3|261|989|34|C
4|2|3|261|989|35|C
4|2|3|261|989|36|C
4|2|3|261|989|37|C
4|2|3|261|989|38|C
4|2|3|261|989|9999|C
4|2|3|261|990|9999|C
4|2|3|261|1595|9999|C
4|2|3|261|1596|9999|C
4|2|3|261|1597|9999|C
4|2|3|261|1598|9999|C
4|2|3|261|1599|9999|C
4|2|3|261|1607|9999|C
4|2|3|261|1610|9999|C
4|2|3|261|1611|9999|C
4|2|3|261|1630|9999|C
4|2|3|261|1674|9999|C
4|2|3|262|170|1|*
4|2|3|262|170|2|C
4|2|3|262|170|3|C
4|2|3|262|170|4|C
4|2|3|262|170|5|C
4|2|3|262|170|6|C
4|2|3|262|170|7|C
4|2|3|262|170|8|*
4|2|3|262|170|9|C
4|2|3|262|170|11|C
4|2|3|262|170|12|C
4|2|3|262|170|13|C
4|2|3|262|170|14|C
4|2|3|262|170|15|C
4|2|3|262|170|16|C
4|2|3|262|170|17|C
4|2|3|262|170|18|C
4|2|3|262|170|19|C
4|2|3|262|170|20|C
4|2|3|262|170|21|C
4|2|3|262|170|22|C
4|2|3|262|170|23|C
4|2|3|262|170|24|C
4|2|3|262|170|25|C
4|2|3|262|170|26|C
4|2|3|262|170|27|C
4|2|3|262|170|28|C
4|2|3|262|170|29|C
4|2|3|262|170|30|C
4|2|3|262|170|31|C
4|2|3|262|170|32|C
4|2|3|262|170|33|C
4|2|3|262|170|34|C
4|2|3|262|170|35|C
4|2|3|262|170|36|C
4|2|3|262|170|37|C
4|2|3|262|170|38|C
4|2|3|262|170|39|C
4|2|3|262|170|40|C
4|2|3|262|170|41|C
4|2|3|262|170|42|C
4|2|3|262|170|43|C
4|2|3|262|170|44|C
4|2|3|262|170|45|C
4|2|3|262|170|46|*
4|2|3|262|170|47|C
4|2|3|262|170|48|C
4|2|3|262|170|49|C
4|2|3|262|170|50|C
4|2|3|262|170|51|C
4|2|3|262|170|52|C
4|2|3|262|170|53|C
4|2|3|262|170|54|C
4|2|3|262|170|55|C
4|2|3|262|170|56|C
4|2|3|262|170|57|C
4|2|3|262|170|59|C
4|2|3|262|170|61|C
4|2|3|262|170|62|C
4|2|3|262|170|63|C
4|2|3|262|170|64|C
4|2|3|262|170|65|C
4|2|3|262|170|66|C
4|2|3|262|170|67|C
4|2|3|262|170|68|C
4|2|3|262|170|69|C
4|2|3|262|170|71|C
4|2|3|262|211|9999|C
4|2|3|262|340|1|C
4|2|3|262|340|2|C
4|2|3|262|340|3|C
4|2|3|262|340|4|C
4|2|3|262|340|5|C
4|2|3|262|340|6|C
4|2|3|262|340|7|C
4|2|3|262|340|8|C
4|2|3|262|340|9|C
4|2|3|262|340|10|C
4|2|3|262|340|11|C
4|2|3|262|340|12|C
4|2|3|262|340|13|C
4|2|3|262|340|14|C
4|2|3|262|340|15|C
4|2|3|262|340|16|C
4|2|3|262|340|17|C
4|2|3|262|340|18|C
4|2|3|262|340|19|C
4|2|3|262|340|20|C
4|2|3|262|340|21|C
4|2|3|262|340|22|C
4|2|3|262|340|23|C
4|2|3|262|340|24|C
4|2|3|262|340|25|C
4|2|3|262|340|26|C
4|2|3|262|340|27|C
4|2|3|262|340|28|C
4|2|3|262|340|29|C
4|2|3|262|340|30|C
4|2|3|262|340|31|C
4|2|3|262|340|32|C
4|2|3|262|340|33|C
4|2|3|262|340|34|C
4|2|3|262|340|35|C
4|2|3|262|340|36|C
4|2|3|262|340|37|C
4|2|3|262|340|38|C
4|2|3|262|340|39|C
4|2|3|262|340|40|C
4|2|3|262|340|41|C
4|2|3|262|340|42|C
4|2|3|262|340|9999|C
4|2|3|262|342|9999|C
4|2|3|262|378|9999|C
4|2|3|262|379|9999|C
4|2|3|262|380|9999|C
4|2|3|262|432|1|C
4|2|3|262|432|2|C
4|2|3|262|432|3|C
4|2|3|262|432|4|*
4|2|3|262|432|5|*
4|2|3|262|432|6|*
4|2|3|262|432|7|*
4|2|3|262|432|8|C
4|2|3|262|432|9|C
4|2|3|262|432|10|C
4|2|3|262|432|11|C
4|2|3|262|432|12|C
4|2|3|262|432|13|C
4|2|3|262|432|14|C
4|2|3|262|432|15|*
4|2|3|262|432|16|C
4|2|3|262|432|17|C
4|2|3|262|432|18|C
4|2|3|262|432|19|C
4|2|3|262|432|20|C
4|2|3|262|432|21|C
4|2|3|262|432|22|C
4|2|3|262|432|23|C
4|2|3|262|432|24|C
4|2|3|262|432|25|C
4|2|3|262|432|26|C
4|2|3|262|432|27|C
4|2|3|262|432|28|C
4|2|3|262|432|29|C
4|2|3|262|432|30|C
4|2|3|262|432|31|C
4|2|3|262|432|32|C
4|2|3|262|432|33|C
4|2|3|262|432|34|C
4|2|3|262|432|35|C
4|2|3|262|432|36|C
4|2|3|262|432|37|C
4|2|3|262|432|38|C
4|2|3|262|432|39|C
4|2|3|262|432|40|*
4|2|3|262|432|41|C
4|2|3|262|432|42|C
4|2|3|262|432|43|C
4|2|3|262|432|44|C
4|2|3|262|432|45|*
4|2|3|262|432|46|C
4|2|3|262|432|48|*
4|2|3|262|432|49|C
4|2|3|262|432|50|C
4|2|3|262|432|51|C
4|2|3|262|432|9999|C
4|2|3|262|482|9999|C
4|2|3|262|531|1|*
4|2|3|262|531|2|*
4|2|3|262|531|3|*
4|2|3|262|531|4|*
4|2|3|262|531|5|*
4|2|3|262|531|6|C
4|2|3|262|531|7|C
4|2|3|262|531|8|C
4|2|3|262|531|9|*
4|2|3|262|531|10|*
4|2|3|262|531|11|*
4|2|3|262|531|12|C
4|2|3|262|531|13|C
4|2|3|262|531|14|C
4|2|3|262|531|15|C
4|2|3|262|531|16|*
4|2|3|262|531|17|C
4|2|3|262|531|18|C
4|2|3|262|531|19|C
4|2|3|262|531|20|C
4|2|3|262|531|21|C
4|2|3|262|531|22|C
4|2|3|262|531|23|C
4|2|3|262|531|24|C
4|2|3|262|531|25|C
4|2|3|262|531|26|C
4|2|3|262|531|27|C
4|2|3|262|531|28|C
4|2|3|262|531|29|C
4|2|3|262|531|30|C
4|2|3|262|531|31|C
4|2|3|262|531|32|C
4|2|3|262|531|33|C
4|2|3|262|531|34|C
4|2|3|262|531|35|C
4|2|3|262|531|36|C
4|2|3|262|531|37|C
4|2|3|262|531|38|C
4|2|3|262|531|39|C
4|2|3|262|531|40|C
4|2|3|262|531|41|C
4|2|3|262|531|42|C
4|2|3|262|531|43|C
4|2|3|262|531|44|C
4|2|3|262|531|45|C
4|2|3|262|531|46|*
4|2|3|262|531|47|C
4|2|3|262|531|48|C
4|2|3|262|531|49|C
4|2|3|262|531|50|C
4|2|3|262|531|51|C
4|2|3|262|531|52|*
4|2|3|262|538|9999|*
4|2|3|262|589|9999|C
4|2|3|262|603|9999|C
4|2|3|262|695|9999|C
4|2|3|262|699|9999|C
4|2|3|262|701|9999|C
4|2|3|262|763|9999|C
4|2|3|262|807|9999|C
4|2|3|262|854|9999|*
4|2|3|262|1587|9999|C
4|2|3|262|1588|9999|C
4|2|3|262|1589|9999|C
4|2|3|262|1629|9999|C
4|2|3|262|1636|9999|C
4|2|3|262|1637|9999|C
4|2|3|262|1647|9999|C
4|2|3|262|1648|9999|C
4|2|3|262|1649|9999|C
4|2|3|262|1653|9999|C
4|2|3|262|1669|9999|C
4|2|3|263|248|1|C
4|2|3|263|248|2|C
4|2|3|263|248|5|C
4|2|3|263|248|8|C
4|2|3|263|248|9|C
4|2|3|263|248|10|C
4|2|3|263|248|11|C
4|2|3|263|248|12|C
4|2|3|263|248|13|C
4|2|3|263|248|14|C
4|2|3|263|248|15|C
4|2|3|263|248|16|C
4|2|3|263|248|17|C
4|2|3|263|248|18|C
4|2|3|263|248|19|C
4|2|3|263|248|20|C
4|2|3|263|248|21|C
4|2|3|263|248|22|C
4|2|3|263|248|23|C
4|2|3|263|248|24|C
4|2|3|263|248|25|C
4|2|3|263|248|26|C
4|2|3|263|248|27|C
4|2|3|263|248|28|C
4|2|3|263|248|29|C
4|2|3|263|248|30|C
4|2|3|263|248|31|C
4|2|3|263|248|32|C
4|2|3|263|248|33|C
4|2|3|263|248|34|C
4|2|3|263|248|35|C
4|2|3|263|248|37|*
4|2|3|263|248|38|C
4|2|3|263|248|39|C
4|2|3|263|248|40|C
4|2|3|263|248|41|C
4|2|3|263|248|42|C
4|2|3|263|248|43|C
4|2|3|263|248|44|C
4|2|3|263|248|45|C
4|2|3|263|248|46|C
4|2|3|263|248|47|C
4|2|3|263|248|48|C
4|2|3|263|248|49|C
4|2|3|263|248|50|C
4|2|3|263|248|51|C
4|2|3|263|248|9999|C
4|2|3|263|459|9999|C
4|2|3|263|1627|9999|C
4|2|3|264|17|9999|C
4|2|3|264|257|9999|C
4|2|3|264|305|9999|C
4|2|3|264|456|9999|C
4|2|3|264|539|1|C
4|2|3|264|539|2|C
4|2|3|264|539|3|C
4|2|3|264|539|4|C
4|2|3|264|539|5|C
4|2|3|264|539|6|C
4|2|3|264|539|7|C
4|2|3|264|539|9999|C
4|2|3|264|674|9999|C
4|2|3|264|684|9999|C
4|2|3|264|805|9999|C
4|2|3|264|836|9999|C
4|2|3|265|4|1|C
4|2|3|265|4|2|C
4|2|3|265|4|3|C
4|2|3|265|4|4|C
4|2|3|265|4|5|C
4|2|3|265|4|6|C
4|2|3|265|4|7|C
4|2|3|265|4|8|C
4|2|3|265|4|9|C
4|2|3|265|4|10|C
4|2|3|265|4|11|C
4|2|3|265|4|12|C
4|2|3|265|4|13|C
4|2|3|265|4|14|C
4|2|3|265|4|15|C
4|2|3|265|4|16|C
4|2|3|265|4|17|C
4|2|3|265|4|18|C
4|2|3|265|4|19|C
4|2|3|265|4|20|C
4|2|3|265|4|21|C
4|2|3|265|4|22|C
4|2|3|265|4|23|C
4|2|3|265|4|24|C
4|2|3|265|4|25|C
4|2|3|265|4|27|C
4|2|3|265|4|28|C
4|2|3|265|4|29|C
4|2|3|265|4|30|C
4|2|3|265|4|31|C
4|2|3|265|4|33|C
4|2|3|265|4|34|C
4|2|3|265|4|35|C
4|2|3|265|4|36|C
4|2|3|265|4|37|C
4|2|3|265|4|38|C
4|2|3|265|4|39|C
4|2|3|265|4|41|C
4|2|3|265|4|42|C
4|2|3|265|4|43|C
4|2|3|265|4|45|C
4|2|3|265|123|9999|C
4|2|3|265|128|9999|C
4|2|3|265|277|9999|C
4|2|3|265|324|9999|C
4|2|3|265|470|9999|C
4|2|3|265|583|9999|C
4|2|3|265|635|9999|C
4|2|3|265|730|9999|C
4|2|3|265|764|9999|C
4|2|3|265|882|9999|C
4|2|3|265|898|9999|C
4|2|3|265|931|9999|C
4|2|3|265|965|9999|C
4|2|3|265|1184|9999|C
4|2|3|265|1602|9999|C
4|2|3|265|1603|9999|C
4|2|3|265|1604|9999|C
4|2|3|265|1617|9999|C
4|2|3|265|1652|9999|C
4|2|3|265|1676|9999|C
4|2|3|266|4|1|C
4|2|3|266|4|2|C
4|2|3|266|4|3|C
4|2|3|266|4|4|C
4|2|3|266|4|5|C
4|2|3|266|4|6|C
4|2|3|266|4|7|C
4|2|3|266|4|8|C
4|2|3|266|4|9|C
4|2|3|266|4|10|C
4|2|3|266|4|11|C
4|2|3|266|4|12|C
4|2|3|266|4|13|C
4|2|3|266|4|14|C
4|2|3|266|4|15|C
4|2|3|266|4|16|C
4|2|3|266|4|17|C
4|2|3|266|4|18|C
4|2|3|266|4|19|C
4|2|3|266|4|20|C
4|2|3|266|4|21|C
4|2|3|266|4|22|C
4|2|3|266|4|23|C
4|2|3|266|4|24|C
4|2|3|266|4|25|C
4|2|3|266|4|26|C
4|2|3|266|4|27|C
4|2|3|266|4|28|C
4|2|3|266|4|29|C
4|2|3|266|4|30|C
4|2|3|266|4|31|C
4|2|3|266|4|32|C
4|2|3|266|4|33|C
4|2|3|266|4|34|C
4|2|3|266|4|35|C
4|2|3|266|4|36|C
4|2|3|266|4|37|C
4|2|3|266|4|38|C
4|2|3|266|4|39|C
4|2|3|266|4|40|C
4|2|3|266|4|41|C
4|2|3|266|4|43|C
4|2|3|266|4|44|C
4|2|3|266|4|45|C
4|2|3|266|4|46|C
4|2|3|267|73|9999|*
4|2|3|267|629|9999|C
4|2|3|267|669|9999|C
4|2|3|267|733|1|C
4|2|3|267|733|2|C
4|2|3|267|733|3|C
4|2|3|267|733|4|C
4|2|3|267|733|5|C
4|2|3|267|733|6|C
4|2|3|267|733|7|C
4|2|3|267|733|8|C
4|2|3|267|733|9|C
4|2|3|267|733|10|C
4|2|3|267|733|11|C
4|2|3|267|733|12|C
4|2|3|267|733|13|C
4|2|3|267|733|14|C
4|2|3|267|733|15|C
4|2|3|267|733|16|C
4|2|3|267|733|17|C
4|2|3|267|733|18|C
4|2|3|267|733|19|C
4|2|3|267|733|20|C
4|2|3|267|733|21|C
4|2|3|267|733|22|C
4|2|3|267|733|23|C
4|2|3|267|733|24|C
4|2|3|267|733|25|C
4|2|3|267|733|26|C
4|2|3|267|733|27|C
4|2|3|267|733|28|C
4|2|3|267|733|29|C
4|2|3|267|733|30|C
4|2|3|267|733|31|C
4|2|3|267|733|32|C
4|2|3|267|733|33|C
4|2|3|267|733|34|C
4|2|3|267|733|35|C
4|2|3|267|733|36|C
4|2|3|267|733|37|C
4|2|3|267|733|38|C
4|2|3|267|733|39|C
4|2|3|267|733|40|C
4|2|3|267|733|41|C
4|2|3|267|733|42|C
4|2|3|267|733|43|C
4|2|3|267|733|44|C
4|2|3|267|733|45|C
4|2|3|267|733|46|C
4|2|3|267|733|47|C
4|2|3|267|733|48|C
4|2|3|267|733|49|C
4|2|3|267|733|50|C
4|2|3|267|733|51|C
4|2|3|267|733|52|C
4|2|3|267|733|53|C
4|2|3|267|733|54|C
4|2|3|267|733|55|C
4|2|3|267|733|56|C
4|2|3|267|733|57|C
4|2|3|267|733|58|C
4|2|3|267|733|59|C
4|2|3|267|733|61|C
4|2|3|267|733|63|C
4|2|3|267|733|64|C
4|2|3|267|733|66|C
4|2|3|267|733|67|C
4|2|3|267|733|68|C
4|2|3|267|733|69|C
4|2|3|267|733|70|C
4|2|3|267|822|9999|C
4|2|3|267|824|9999|C
4|2|3|267|878|9999|C
4|2|3|267|987|9999|C
4|2|3|267|1218|9999|C
4|2|3|267|1672|9999|C
4|2|3|268|47|1|C
4|2|3|268|47|2|C
4|2|3|268|47|4|C
4|2|3|268|47|5|C
4|2|3|268|47|6|C
4|2|3|268|47|7|C
4|2|3|268|47|8|C
4|2|3|268|47|9|C
4|2|3|268|47|10|C
4|2|3|268|47|12|C
4|2|3|268|47|13|C
4|2|3|268|47|14|C
4|2|3|268|47|15|C
4|2|3|268|47|16|C
4|2|3|268|47|17|C
4|2|3|268|47|18|C
4|2|3|268|47|19|C
4|2|3|268|141|9999|C
4|2|3|268|866|9999|C
4|2|3|268|1185|9999|C
4|2|3|269|16|9999|C
4|2|3|269|36|9999|C
4|2|3|269|575|9999|C
4|2|3|269|608|9999|C
4|2|3|269|614|9999|C
4|2|3|269|622|9999|C
4|2|3|269|656|2|C
4|2|3|269|656|3|C
4|2|3|269|656|4|C
4|2|3|269|656|6|C
4|2|3|269|656|7|C
4|2|3|269|656|8|C
4|2|3|269|656|9|C
4|2|3|269|656|10|C
4|2|3|269|656|11|C
4|2|3|269|656|12|C
4|2|3|269|656|13|C
4|2|3|269|656|16|C
4|2|3|269|656|17|C
4|2|3|269|656|18|C
4|2|3|269|656|19|*
4|2|3|269|656|20|C
4|2|3|269|656|9999|C
4|2|3|269|975|9999|C
4|2|3|269|980|9999|C
4|2|3|269|1190|9999|C
4|2|3|269|1200|9999|C
4|2|3|269|1600|9999|C
4|2|3|269|1601|9999|C
4|2|3|269|1639|1|C
4|2|3|269|1639|2|C
4|2|3|269|1639|3|C
4|2|3|269|1639|4|C
4|2|3|269|1639|5|C
4|2|3|269|1639|6|C
4|2|3|269|1639|7|C
4|2|3|269|1639|8|C
4|2|3|269|1639|9|C
4|2|3|269|1639|10|C
4|2|3|269|1639|11|C
4|2|3|269|1639|12|C
4|2|3|269|1639|13|C
4|2|3|269|1639|14|C
4|2|3|269|1639|15|C
4|2|3|269|1639|16|C
4|2|3|269|1639|17|C
4|2|3|269|1639|18|C
4|2|3|269|1639|19|C
4|2|3|269|1639|20|C
4|2|3|269|1639|21|C
4|2|3|269|1639|22|C
4|2|3|269|1639|23|C
4|2|3|269|1639|24|C
4|2|3|269|1639|25|C
4|2|3|269|1639|26|C
4|2|3|269|1639|27|C
4|2|3|269|1639|28|C
4|2|3|269|1639|29|C
4|2|3|269|1639|30|C
4|2|3|269|1639|31|C
4|2|3|270|28|9999|C
4|2|3|270|32|9999|C
4|2|3|270|42|9999|C
4|2|3|270|57|9999|C
4|2|3|270|58|9999|C
4|2|3|270|65|9999|C
4|2|3|270|69|9999|C
4|2|3|270|76|9999|C
4|2|3|270|79|9999|C
4|2|3|270|81|9999|C
4|2|3|270|87|9999|C
4|2|3|270|112|9999|C
4|2|3|270|119|9999|*
4|2|3|270|120|9999|C
4|2|3|270|126|9999|C
4|2|3|270|159|1|*
4|2|3|270|159|2|C
4|2|3|270|159|3|C
4|2|3|270|159|4|C
4|2|3|270|159|5|C
4|2|3|270|159|6|C
4|2|3|270|159|7|C
4|2|3|270|159|8|C
4|2|3|270|159|9|C
4|2|3|270|159|10|C
4|2|3|270|159|11|C
4|2|3|270|159|12|C
4|2|3|270|159|13|C
4|2|3|270|159|14|C
4|2|3|270|159|15|C
4|2|3|270|159|16|C
4|2|3|270|159|17|C
4|2|3|270|159|18|C
4|2|3|270|159|19|C
4|2|3|270|159|20|*
4|2|3|270|159|21|C
4|2|3|270|159|22|*
4|2|3|270|159|23|C
4|2|3|270|159|24|C
4|2|3|270|159|25|C
4|2|3|270|159|26|C
4|2|3|270|159|27|*
4|2|3|270|159|28|C
4|2|3|270|159|29|C
4|2|3|270|159|30|C
4|2|3|270|159|31|C
4|2|3|270|159|9999|C
4|2|3|270|175|9999|C
4|2|3|270|185|9999|C
4|2|3|270|187|9999|C
4|2|3|270|210|9999|C
4|2|3|270|213|9999|C
4|2|3|270|262|9999|C
4|2|3|270|274|9999|C
4|2|3|270|285|9999|C
4|2|3|270|286|9999|C
4|2|3|270|299|9999|C
4|2|3|270|318|9999|C
4|2|3|270|331|9999|C
4|2|3|270|332|9999|C
4|2|3|270|337|9999|C
4|2|3|270|382|9999|C
4|2|3|270|383|9999|C
4|2|3|270|418|9999|C
4|2|3|270|423|9999|C
4|2|3|270|431|9999|C
4|2|3|270|442|9999|C
4|2|3|270|485|9999|C
4|2|3|270|498|9999|C
4|2|3|270|507|9999|C
4|2|3|270|574|9999|C
4|2|3|270|601|9999|C
4|2|3|270|628|9999|C
4|2|3|270|660|9999|C
4|2|3|270|685|9999|C
4|2|3|270|706|9999|C
4|2|3|270|734|9999|C
4|2|3|270|750|9999|C
4|2|3|270|761|9999|C
4|2|3|270|774|9999|*
4|2|3|270|788|9999|C
4|2|3|270|809|9999|C
4|2|3|270|838|9999|C
4|2|3|270|839|9999|C
4|2|3|270|885|9999|C
4|2|3|270|897|9999|C
4|2|3|270|900|9999|C
4|2|3|270|927|9999|C
4|2|3|270|953|9999|C
4|2|3|270|961|9999|C
4|2|3|270|1581|9999|C
4|2|3|270|1582|9999|C
4|2|3|270|1583|9999|C
4|2|3|271|39|9999|C
4|2|3|271|46|9999|C
4|2|3|271|52|9999|C
4|2|3|271|70|9999|C
4|2|3|271|131|9999|C
4|2|3|271|140|9999|C
4|2|3|271|151|9999|C
4|2|3|271|160|9999|C
4|2|3|271|163|9999|C
4|2|3|271|165|9999|C
4|2|3|271|216|9999|C
4|2|3|271|226|9999|C
4|2|3|271|231|9999|C
4|2|3|271|241|9999|C
4|2|3|271|242|9999|C
4|2|3|271|243|9999|C
4|2|3|271|250|9999|C
4|2|3|271|251|9999|C
4|2|3|271|392|9999|C
4|2|3|271|393|9999|C
4|2|3|271|394|9999|C
4|2|3|271|395|9999|C
4|2|3|271|417|9999|C
4|2|3|271|483|9999|C
4|2|3|271|505|9999|C
4|2|3|271|515|9999|C
4|2|3|271|573|9999|C
4|2|3|271|664|9999|C
4|2|3|271|680|9999|C
4|2|3|271|720|9999|C
4|2|3|271|723|9999|C
4|2|3|271|765|9999|C
4|2|3|271|783|9999|C
4|2|3|271|794|9999|C
4|2|3|271|848|9999|C
4|2|3|271|887|1|C
4|2|3|271|887|2|C
4|2|3|271|887|3|C
4|2|3|271|887|4|C
4|2|3|271|887|5|C
4|2|3|271|887|6|C
4|2|3|271|887|7|C
4|2|3|271|887|8|C
4|2|3|271|887|9|C
4|2|3|271|887|10|C
4|2|3|271|887|11|C
4|2|3|271|887|12|C
4|2|3|271|887|13|C
4|2|3|271|887|14|C
4|2|3|271|887|15|C
4|2|3|271|887|16|C
4|2|3|271|887|17|C
4|2|3|271|887|18|C
4|2|3|271|887|19|C
4|2|3|271|887|20|C
4|2|3|271|887|21|C
4|2|3|271|887|22|C
4|2|3|271|887|23|C
4|2|3|271|887|24|C
4|2|3|271|887|25|C
4|2|3|271|887|26|C
4|2|3|271|887|27|C
4|2|3|271|887|28|C
4|2|3|271|887|29|C
4|2|3|271|887|30|C
4|2|3|271|887|31|C
4|2|3|271|887|32|C
4|2|3|271|887|33|C
4|2|3|271|887|34|C
4|2|3|271|887|35|C
4|2|3|271|887|36|C
4|2|3|271|910|9999|C
4|2|3|271|911|9999|C
4|2|3|271|912|9999|C
4|2|3|271|942|9999|C
4|2|3|271|1071|9999|C
4|2|3|271|1072|9999|C
4|2|3|271|1073|9999|C
4|2|3|271|1074|9999|C
4|2|3|271|1075|9999|C
4|2|3|271|1076|9999|C
4|2|3|271|1077|9999|C
4|2|3|271|1078|9999|C
4|2|3|271|1079|9999|C
4|2|3|271|1080|9999|C
4|2|3|271|1081|9999|C
4|2|3|271|1082|9999|C
4|2|3|271|1083|9999|C
4|2|3|271|1084|9999|C
4|2|3|271|1085|9999|C
4|2|3|271|1086|9999|C
4|2|3|271|1087|9999|C
4|2|3|271|1095|9999|C
4|2|3|271|1096|9999|C
4|2|3|271|1097|9999|C
4|2|3|271|1098|9999|C
4|2|3|271|1152|9999|C
4|2|3|271|1201|9999|C
4|2|3|271|1584|9999|C
4|2|3|271|1586|9999|C
4|2|3|271|1634|9999|C
4|2|3|271|1660|9999|C
4|2|3|272|54|9999|C
4|2|3|272|63|9999|C
4|2|3|272|121|9999|C
4|2|3|272|132|9999|C
4|2|3|272|161|9999|C
4|2|3|272|166|9999|C
4|2|3|272|267|9999|C
4|2|3|272|317|9999|C
4|2|3|272|334|9999|C
4|2|3|272|396|9999|C
4|2|3|272|397|9999|C
4|2|3|272|398|9999|C
4|2|3|272|399|9999|C
4|2|3|272|400|9999|C
4|2|3|272|401|9999|C
4|2|3|272|402|9999|C
4|2|3|272|403|9999|C
4|2|3|272|404|9999|C
4|2|3|272|405|9999|C
4|2|3|272|406|9999|C
4|2|3|272|407|9999|C
4|2|3|272|425|9999|C
4|2|3|272|426|9999|C
4|2|3|272|450|9999|C
4|2|3|272|451|9999|C
4|2|3|272|481|9999|C
4|2|3|272|492|9999|C
4|2|3|272|508|9999|C
4|2|3|272|543|9999|C
4|2|3|272|547|9999|C
4|2|3|272|578|9999|C
4|2|3|272|579|9999|C
4|2|3|272|615|9999|C
4|2|3|272|630|9999|C
4|2|3|272|659|9999|C
4|2|3|272|682|9999|C
4|2|3|272|768|9999|C
4|2|3|272|785|9999|C
4|2|3|272|793|9999|C
4|2|3|272|795|9999|C
4|2|3|272|796|9999|C
4|2|3|272|844|9999|C
4|2|3|272|850|9999|C
4|2|3|272|860|9999|C
4|2|3|272|864|9999|C
4|2|3|272|869|9999|C
4|2|3|272|929|9999|C
4|2|3|272|959|9999|C
4|2|3|272|986|9999|C
4|2|3|272|1114|9999|C
4|2|3|272|1115|9999|C
4|2|3|272|1116|9999|C
4|2|3|272|1117|9999|C
4|2|3|272|1118|9999|C
4|2|3|272|1119|9999|C
4|2|3|272|1120|9999|C
4|2|3|272|1121|9999|C
4|2|3|272|1122|9999|C
4|2|3|272|1123|9999|C
4|2|3|272|1124|9999|C
4|2|3|272|1125|9999|C
4|2|3|272|1666|9999|C
4|2|3|284|10|9999|C
4|2|3|284|18|9999|C
4|2|3|284|34|9999|C
4|2|3|284|66|9999|C
4|2|3|284|71|9999|C
4|2|3|284|80|9999|C
4|2|3|284|125|9999|C
4|2|3|284|134|9999|C
4|2|3|284|135|9999|C
4|2|3|284|162|9999|C
4|2|3|284|169|9999|C
4|2|3|284|171|9999|C
4|2|3|284|172|9999|C
4|2|3|284|176|9999|C
4|2|3|284|195|9999|C
4|2|3|284|233|9999|C
4|2|3|284|236|9999|C
4|2|3|284|245|9999|C
4|2|3|284|253|9999|C
4|2|3|284|261|9999|C
4|2|3|284|264|9999|C
4|2|3|284|291|9999|C
4|2|3|284|300|9999|C
4|2|3|284|313|9999|C
4|2|3|284|322|9999|C
4|2|3|284|408|9999|C
4|2|3|284|427|9999|C
4|2|3|284|480|9999|C
4|2|3|284|503|9999|C
4|2|3|284|504|9999|C
4|2|3|284|521|9999|C
4|2|3|284|533|9999|C
4|2|3|284|545|9999|C
4|2|3|284|553|9999|C
4|2|3|284|558|9999|C
4|2|3|284|563|9999|C
4|2|3|284|577|9999|C
4|2|3|284|587|9999|C
4|2|3|284|607|9999|C
4|2|3|284|612|9999|C
4|2|3|284|616|9999|C
4|2|3|284|634|9999|C
4|2|3|284|636|9999|C
4|2|3|284|677|9999|C
4|2|3|284|689|9999|C
4|2|3|284|691|9999|C
4|2|3|284|697|9999|C
4|2|3|284|702|9999|C
4|2|3|284|704|9999|C
4|2|3|284|719|9999|C
4|2|3|284|721|9999|C
4|2|3|284|725|9999|C
4|2|3|284|737|9999|C
4|2|3|284|762|9999|C
4|2|3|284|767|9999|C
4|2|3|284|770|9999|C
4|2|3|284|777|9999|C
4|2|3|284|787|9999|C
4|2|3|284|804|9999|C
4|2|3|284|814|9999|C
4|2|3|284|816|9999|C
4|2|3|284|843|9999|C
4|2|3|284|859|9999|C
4|2|3|284|880|9999|C
4|2|3|284|881|9999|C
4|2|3|284|903|9999|C
4|2|3|284|914|9999|C
4|2|3|284|930|9999|C
4|2|3|284|940|9999|C
4|2|3|284|947|9999|C
4|2|3|284|950|9999|C
4|2|3|284|954|9999|C
4|2|3|284|969|9999|C
4|2|3|284|973|9999|C
4|2|3|284|976|9999|C
4|2|3|284|1062|9999|C
4|2|3|284|1063|9999|C
4|2|3|284|1064|9999|C
4|2|3|284|1066|9999|C
4|2|3|284|1067|9999|C
4|2|3|284|1068|9999|C
4|2|3|284|1069|9999|C
4|2|3|284|1070|9999|C
4|2|3|284|1102|9999|C
4|2|3|284|1103|9999|C
4|2|3|284|1147|9999|C
4|2|3|284|1148|9999|C
4|2|3|284|1149|9999|C
4|2|3|284|1585|9999|C
4|2|3|284|1642|9999|C
4|2|3|284|1659|9999|C
4|2|3|284|1661|9999|C
4|2|3|284|1662|9999|C
4|2|3|284|1668|9999|C
4|2|3|284|1678|9999|C
4|2|3|472|1223|3|*
4|2|3|472|1223|4|*
4|2|3|472|1223|5|*
4|2|3|472|1223|6|*
4|2|3|472|1223|7|C
4|2|3|472|1223|8|*
4|2|3|472|1223|9|C
4|2|3|472|1223|10|*
4|2|3|472|1223|11|*
4|2|3|472|1223|12|C
4|2|3|472|1223|13|C
4|2|3|472|1223|14|C
4|2|3|472|1223|15|C
4|2|3|472|1223|16|C
4|2|3|472|1223|17|C
4|2|3|472|1223|18|*
4|2|3|472|1223|19|C
4|2|3|472|1223|20|C
4|2|3|472|1223|21|C
4|2|3|472|1223|22|C
4|2|3|472|1223|23|C
4|2|3|472|1223|24|C
4|2|3|472|1223|25|C
4|2|3|472|1223|26|C
4|2|3|472|1223|27|C
4|2|3|472|1223|28|C
4|2|3|472|1223|29|C
4|2|3|472|1223|30|C
4|2|3|472|1223|31|C
4|2|3|472|1223|32|C
4|2|3|472|1223|33|C
4|2|3|472|1223|34|C
4|2|3|472|1223|35|C
4|2|3|472|1223|36|C
4|2|3|472|1223|37|C
4|2|3|472|1223|38|C
4|2|3|472|1223|39|C
4|2|3|472|1223|40|C
4|2|3|472|1223|41|C
4|2|3|472|1223|42|C
4|2|3|472|1223|43|C
4|2|3|472|1223|44|C
4|2|3|472|1223|45|C
4|2|3|472|1223|46|C
4|2|3|472|1223|47|C
4|2|3|472|1223|48|C
4|2|3|472|1223|49|C
4|2|3|472|1223|50|C
4|2|3|472|1223|51|C
4|2|3|472|1223|52|C
4|2|3|472|1223|53|C
4|2|3|472|1223|54|C
4|2|3|472|1223|55|C
4|2|3|472|1223|56|C
4|2|3|472|1223|57|C
4|2|3|472|1223|58|C
4|2|3|472|1223|59|C
4|2|3|472|1223|60|C
4|2|3|472|1223|61|C
4|2|3|472|1223|62|C
4|2|3|472|1223|63|C
4|2|3|472|1223|64|C
4|2|3|472|1223|65|C
4|2|3|472|1223|66|C
4|2|3|472|1223|67|C
4|2|3|472|1223|68|C
4|2|3|472|1223|69|C
4|2|3|472|1223|70|C
4|2|3|472|1223|71|C
4|2|3|472|1223|72|C
4|2|3|472|1223|73|C
4|2|3|472|1223|74|C
4|2|3|472|1223|75|C
4|2|3|472|1223|76|C
4|2|3|472|1223|77|C
4|2|3|472|1223|78|C
4|2|3|472|1223|79|C
4|2|3|472|1223|80|C
4|2|3|472|1223|81|C
4|2|3|472|1223|82|C
4|2|3|472|1223|83|*
4|2|3|472|1223|85|*
4|2|3|472|1223|86|*
4|2|3|472|1223|87|C
4|2|3|472|1223|88|C
4|2|3|472|1223|89|C
4|2|3|472|1223|90|C
4|2|3|472|1223|91|C
4|2|3|472|1223|92|C
4|2|3|472|1223|93|C
4|2|3|472|1223|9999|C
4|2|3|472|1236|9999|C
4|2|3|472|1280|9999|C
4|2|3|472|1309|9999|C
4|2|3|472|1350|9999|C
4|2|3|472|1374|9999|C
4|2|3|472|1458|9999|C
4|2|3|472|1471|9999|C
4|2|3|472|1503|9999|C
4|2|3|472|1508|9999|*
4|2|3|472|1552|9999|C
4|2|3|472|1615|9999|C
4|2|3|472|1616|9999|C
4|2|3|472|1658|9999|C
4|2|3|473|1232|9999|C
4|2|3|473|1262|9999|C
4|2|3|473|1293|9999|C
4|2|3|473|1365|9999|C
4|2|3|473|1370|9999|C
4|2|3|473|1401|9999|C
4|2|3|473|1437|1|C
4|2|3|473|1437|2|C
4|2|3|473|1437|3|C
4|2|3|473|1437|4|C
4|2|3|473|1437|5|C
4|2|3|473|1437|6|C
4|2|3|473|1437|7|C
4|2|3|473|1437|8|C
4|2|3|473|1437|9|C
4|2|3|473|1437|10|C
4|2|3|473|1437|11|C
4|2|3|473|1437|12|C
4|2|3|473|1437|13|C
4|2|3|473|1437|14|C
4|2|3|473|1437|15|C
4|2|3|473|1437|16|C
4|2|3|473|1437|17|C
4|2|3|473|1437|18|C
4|2|3|473|1437|20|C
4|2|3|473|1437|21|C
4|2|3|473|1437|22|C
4|2|3|473|1437|23|C
4|2|3|473|1437|24|C
4|2|3|473|1437|25|C
4|2|3|473|1437|26|C
4|2|3|473|1437|27|C
4|2|3|473|1437|28|C
4|2|3|473|1437|29|C
4|2|3|473|1437|30|C
4|2|3|473|1437|31|C
4|2|3|473|1437|32|*
4|2|3|473|1437|33|C
4|2|3|473|1437|34|C
4|2|3|473|1437|35|C
4|2|3|473|1437|36|C
4|2|3|473|1437|37|*
4|2|3|473|1437|38|C
4|2|3|473|1437|39|C
4|2|3|473|1437|40|C
4|2|3|473|1448|9999|C
4|2|3|473|1467|9999|C
4|2|3|473|1485|1|*
4|2|3|473|1485|2|*
4|2|3|473|1485|3|C
4|2|3|473|1485|4|C
4|2|3|473|1485|5|C
4|2|3|473|1485|6|C
4|2|3|473|1485|7|C
4|2|3|473|1485|8|C
4|2|3|473|1485|9|C
4|2|3|473|1485|10|C
4|2|3|473|1485|12|C
4|2|3|473|1485|13|C
4|2|3|473|1485|14|C
4|2|3|473|1485|15|C
4|2|3|473|1485|16|C
4|2|3|473|1485|17|C
4|2|3|473|1485|18|C
4|2|3|473|1485|19|C
4|2|3|473|1485|20|C
4|2|3|473|1485|21|C
4|2|3|473|1485|22|C
4|2|3|473|1485|23|C
4|2|3|473|1485|24|C
4|2|3|473|1485|25|C
4|2|3|473|1485|26|C
4|2|3|473|1485|27|C
4|2|3|473|1485|28|C
4|2|3|473|1485|29|C
4|2|3|473|1485|30|C
4|2|3|473|1485|31|*
4|2|3|473|1485|32|C
4|2|3|473|1485|33|C
4|2|3|473|1485|34|C
4|2|3|473|1485|35|C
4|2|3|473|1485|36|C
4|2|3|473|1485|37|C
4|2|3|473|1485|38|C
4|2|3|473|1485|39|C
4|2|3|473|1485|40|C
4|2|3|473|1485|41|C
4|2|3|473|1485|42|C
4|2|3|473|1485|43|C
4|2|3|473|1485|44|C
4|2|3|473|1485|45|C
4|2|3|473|1485|46|C
4|2|3|473|1485|47|C
4|2|3|473|1485|48|C
4|2|3|473|1485|49|*
4|2|3|473|1485|50|C
4|2|3|473|1485|51|C
4|2|3|473|1485|52|C
4|2|3|473|1485|53|C
4|2|3|473|1485|54|C
4|2|3|473|1485|55|*
4|2|3|473|1485|56|*
4|2|3|473|1485|57|C
4|2|3|473|1485|58|*
4|2|3|473|1485|59|*
4|2|3|473|1485|60|*
4|2|3|473|1485|61|C
4|2|3|473|1485|62|C
4|2|3|473|1485|63|C
4|2|3|473|1485|9999|C
4|2|3|473|1532|9999|C
4|2|3|473|1633|9999|C
4|2|3|473|1657|9999|C
4|2|3|474|1243|9999|C
4|2|3|474|1394|9999|C
4|2|3|474|1436|1|C
4|2|3|474|1436|2|C
4|2|3|474|1436|3|C
4|2|3|474|1436|4|C
4|2|3|474|1436|5|C
4|2|3|474|1436|6|C
4|2|3|474|1436|9|C
4|2|3|474|1436|12|*
4|2|3|474|1436|13|C
4|2|3|474|1436|14|C
4|2|3|474|1436|15|C
4|2|3|474|1436|16|C
4|2|3|474|1436|18|C
4|2|3|474|1436|20|C
4|2|3|474|1436|21|C
4|2|3|474|1436|49|C
4|2|3|474|1436|9999|C
4|2|3|474|1628|9999|C
4|2|3|478|1242|9999|C
4|2|3|478|1252|9999|C
4|2|3|478|1255|9999|C
4|2|3|478|1263|9999|C
4|2|3|478|1279|9999|C
4|2|3|478|1282|9999|C
4|2|3|478|1286|9999|C
4|2|3|478|1287|9999|*
4|2|3|478|1291|9999|C
4|2|3|478|1292|9999|C
4|2|3|478|1298|9999|C
4|2|3|478|1304|9999|C
4|2|3|478|1305|9999|C
4|2|3|478|1324|1|C
4|2|3|478|1324|2|C
4|2|3|478|1324|3|C
4|2|3|478|1324|4|C
4|2|3|478|1324|5|C
4|2|3|478|1324|6|C
4|2|3|478|1324|7|C
4|2|3|478|1324|8|*
4|2|3|478|1324|9|*
4|2|3|478|1324|10|C
4|2|3|478|1324|11|C
4|2|3|478|1324|12|C
4|2|3|478|1324|13|C
4|2|3|478|1324|14|*
4|2|3|478|1324|15|C
4|2|3|478|1324|16|C
4|2|3|478|1324|17|C
4|2|3|478|1324|18|C
4|2|3|478|1324|19|C
4|2|3|478|1324|20|C
4|2|3|478|1324|21|*
4|2|3|478|1324|22|C
4|2|3|478|1324|23|C
4|2|3|478|1324|24|C
4|2|3|478|1324|25|C
4|2|3|478|1324|26|C
4|2|3|478|1324|27|C
4|2|3|478|1324|28|C
4|2|3|478|1324|29|C
4|2|3|478|1324|30|C
4|2|3|478|1324|31|C
4|2|3|478|1324|32|C
4|2|3|478|1324|33|C
4|2|3|478|1324|34|C
4|2|3|478|1324|35|C
4|2|3|478|1324|36|C
4|2|3|478|1324|37|C
4|2|3|478|1324|38|C
4|2|3|478|1324|39|C
4|2|3|478|1324|40|C
4|2|3|478|1324|41|C
4|2|3|478|1324|42|C
4|2|3|478|1324|43|C
4|2|3|478|1324|44|C
4|2|3|478|1324|45|C
4|2|3|478|1324|46|C
4|2|3|478|1324|47|*
4|2|3|478|1324|48|C
4|2|3|478|1324|49|C
4|2|3|478|1324|50|C
4|2|3|478|1324|51|C
4|2|3|478|1324|52|C
4|2|3|478|1324|53|C
4|2|3|478|1324|54|C
4|2|3|478|1324|55|C
4|2|3|478|1324|56|C
4|2|3|478|1324|57|C
4|2|3|478|1324|58|C
4|2|3|478|1324|59|C
4|2|3|478|1324|60|C
4|2|3|478|1324|61|C
4|2|3|478|1324|62|C
4|2|3|478|1324|63|C
4|2|3|478|1324|64|C
4|2|3|478|1324|65|C
4|2|3|478|1324|66|C
4|2|3|478|1324|67|C
4|2|3|478|1324|68|C
4|2|3|478|1324|69|C
4|2|3|478|1324|70|C
4|2|3|478|1324|71|C
4|2|3|478|1324|72|C
4|2|3|478|1324|73|C
4|2|3|478|1324|74|C
4|2|3|478|1324|75|C
4|2|3|478|1324|76|C
4|2|3|478|1324|77|C
4|2|3|478|1324|78|C
4|2|3|478|1324|79|C
4|2|3|478|1324|80|C
4|2|3|478|1324|81|C
4|2|3|478|1324|82|C
4|2|3|478|1324|83|C
4|2|3|478|1324|84|C
4|2|3|478|1324|85|C
4|2|3|478|1324|86|C
4|2|3|478|1324|87|C
4|2|3|478|1324|88|*
4|2|3|478|1324|89|*
4|2|3|478|1324|90|C
4|2|3|478|1324|91|C
4|2|3|478|1324|92|C
4|2|3|478|1324|93|C
4|2|3|478|1324|9999|C
4|2|3|478|1326|9999|C
4|2|3|478|1331|9999|C
4|2|3|478|1342|9999|C
4|2|3|478|1344|9999|C
4|2|3|478|1347|9999|C
4|2|3|478|1369|9999|C
4|2|3|478|1375|9999|C
4|2|3|478|1395|9999|C
4|2|3|478|1416|9999|C
4|2|3|478|1417|9999|C
4|2|3|478|1420|9999|C
4|2|3|478|1425|9999|C
4|2|3|478|1439|9999|C
4|2|3|478|1461|9999|C
4|2|3|478|1463|9999|*
4|2|3|478|1472|9999|C
4|2|3|478|1479|9999|C
4|2|3|478|1488|9999|C
4|2|3|478|1493|9999|C
4|2|3|478|1494|9999|C
4|2|3|478|1502|9999|C
4|2|3|478|1525|9999|C
4|2|3|478|1536|9999|C
4|2|3|478|1542|9999|C
4|2|3|478|1544|9999|C
4|2|3|478|1545|9999|C
4|2|3|478|1548|9999|C
4|2|3|478|1551|9999|C
4|2|3|478|1553|9999|*
4|2|3|478|1554|9999|C
4|2|3|478|1644|9999|C
4|2|3|479|1404|9999|C
4|2|3|479|1412|1|C
4|2|3|479|1412|2|C
4|2|3|479|1412|3|C
4|2|3|479|1412|4|C
4|2|3|479|1412|5|C
4|2|3|479|1412|6|C
4|2|3|479|1412|7|C
4|2|3|479|1412|9|C
4|2|3|479|1412|10|C
4|2|3|479|1412|11|C
4|2|3|479|1412|12|C
4|2|3|479|1412|13|C
4|2|3|479|1412|14|C
4|2|3|479|1412|15|C
4|2|3|479|1412|16|C
4|2|3|479|1412|17|C
4|2|3|479|1412|18|C
4|2|3|479|1412|19|C
4|2|3|479|1412|20|C
4|2|3|479|1412|21|C
4|2|3|479|1412|22|C
4|2|3|479|1412|23|C
4|2|3|479|1412|24|C
4|2|3|479|1412|25|C
4|2|3|479|1412|26|C
4|2|3|479|1412|27|C
4|2|3|479|1412|28|C
4|2|3|479|1412|29|C
4|2|3|479|1412|30|C
4|2|3|479|1412|31|C
4|2|3|479|1412|32|C
4|2|3|479|1412|33|C
4|2|3|479|1412|34|C
4|2|3|479|1412|35|C
4|2|3|479|1412|36|C
4|2|3|479|1412|37|C
4|2|3|479|1412|38|C
4|2|3|479|1412|39|C
4|2|3|479|1412|40|C
4|2|3|479|1412|41|C
4|2|3|479|1412|42|C
4|2|3|479|1412|43|C
4|2|3|479|1412|44|C
4|2|3|479|1412|45|C
4|2|3|479|1412|46|C
4|2|3|479|1412|47|C
4|2|3|479|1412|48|C
4|2|3|479|1412|49|C
4|2|3|479|1412|50|C
4|2|3|479|1412|51|C
4|2|3|479|1412|52|C
4|2|3|479|1412|53|C
4|2|3|479|1412|54|C
4|2|3|479|1412|55|C
4|2|3|479|1412|56|C
4|2|3|479|1412|57|C
4|2|3|479|1412|58|C
4|2|3|479|1412|59|C
4|2|3|479|1412|60|C
4|2|3|479|1412|61|C
4|2|3|479|1412|62|C
4|2|3|479|1412|63|C
4|2|3|479|1412|65|C
4|2|3|479|1412|66|C
4|2|3|479|1412|67|*
4|2|3|479|1412|68|C
4|2|3|479|1412|69|C
4|2|3|479|1412|70|*
4|2|3|479|1412|71|C
4|2|3|479|1412|72|C
4|2|3|479|1412|73|C
4|2|3|479|1412|74|C
4|2|3|479|1412|75|C
4|2|3|479|1412|76|C
4|2|3|479|1412|77|C
4|2|3|479|1412|78|C
4|2|3|479|1412|79|C
4|2|3|479|1412|9999|C
4|2|3|479|1631|9999|C
4|2|3|479|1643|9999|C
4|2|3|479|1651|9999|C
4|2|3|479|1679|9999|C
4|2|3|483|1234|9999|C
4|2|3|483|1308|9999|C
4|2|3|483|1316|1|C
4|2|3|483|1316|2|C
4|2|3|483|1316|3|C
4|2|3|483|1316|4|C
4|2|3|483|1316|5|C
4|2|3|483|1316|6|C
4|2|3|483|1316|7|C
4|2|3|483|1316|8|C
4|2|3|483|1316|9|C
4|2|3|483|1316|10|C
4|2|3|483|1316|11|C
4|2|3|483|1316|12|C
4|2|3|483|1316|13|C
4|2|3|483|1316|14|C
4|2|3|483|1316|15|C
4|2|3|483|1316|16|C
4|2|3|483|1316|17|C
4|2|3|483|1316|18|C
4|2|3|483|1316|19|C
4|2|3|483|1316|20|C
4|2|3|483|1316|21|C
4|2|3|483|1316|22|C
4|2|3|483|1316|23|C
4|2|3|483|1316|24|C
4|2|3|483|1316|25|C
4|2|3|483|1316|26|C
4|2|3|483|1316|27|C
4|2|3|483|1316|28|C
4|2|3|483|1316|29|C
4|2|3|483|1316|30|C
4|2|3|483|1316|32|C
4|2|3|483|1316|33|C
4|2|3|483|1316|34|*
4|2|3|483|1316|35|*
4|2|3|483|1316|36|C
4|2|3|483|1316|37|C
4|2|3|483|1316|38|C
4|2|3|483|1316|39|C
4|2|3|483|1316|40|C
4|2|3|483|1316|41|C
4|2|3|483|1316|9999|C
4|2|3|483|1318|9999|C
4|2|3|483|1345|9999|C
4|2|3|483|1351|9999|C
4|2|3|483|1366|9999|C
4|2|3|483|1367|9999|C
4|2|3|483|1409|9999|C
4|2|3|483|1428|9999|C
4|2|3|483|1469|9999|C
4|2|3|483|1519|9999|C
4|2|3|483|1538|9999|C
4|2|3|483|1541|9999|C
4|2|3|483|1605|9999|C
4|2|3|483|1655|9999|C
4|2|3|484|1225|9999|C
4|2|3|484|1229|9999|C
4|2|3|484|1231|9999|C
4|2|3|484|1233|9999|C
4|2|3|484|1239|9999|*
4|2|3|484|1240|9999|C
4|2|3|484|1241|9999|C
4|2|3|484|1244|9999|C
4|2|3|484|1247|9999|C
4|2|3|484|1248|9999|C
4|2|3|484|1251|9999|C
4|2|3|484|1253|9999|C
4|2|3|484|1254|9999|C
4|2|3|484|1256|9999|C
4|2|3|484|1257|9999|C
4|2|3|484|1258|9999|C
4|2|3|484|1259|9999|C
4|2|3|484|1261|9999|C
4|2|3|484|1270|9999|C
4|2|3|484|1271|9999|C
4|2|3|484|1272|9999|C
4|2|3|484|1274|9999|C
4|2|3|484|1275|9999|C
4|2|3|484|1281|9999|C
4|2|3|484|1283|9999|C
4|2|3|484|1284|9999|C
4|2|3|484|1285|9999|C
4|2|3|484|1288|9999|C
4|2|3|484|1296|9999|C
4|2|3|484|1297|9999|C
4|2|3|484|1303|9999|C
4|2|3|484|1311|9999|C
4|2|3|484|1313|9999|C
4|2|3|484|1314|9999|C
4|2|3|484|1315|9999|C
4|2|3|484|1322|9999|C
4|2|3|484|1329|9999|C
4|2|3|484|1332|9999|C
4|2|3|484|1333|9999|C
4|2|3|484|1335|9999|C
4|2|3|484|1336|9999|C
4|2|3|484|1337|9999|C
4|2|3|484|1343|9999|C
4|2|3|484|1346|1|C
4|2|3|484|1346|2|C
4|2|3|484|1346|3|C
4|2|3|484|1346|4|C
4|2|3|484|1346|5|C
4|2|3|484|1346|6|C
4|2|3|484|1346|7|C
4|2|3|484|1346|8|C
4|2|3|484|1346|9|C
4|2|3|484|1346|10|C
4|2|3|484|1346|11|C
4|2|3|484|1346|12|C
4|2|3|484|1346|13|C
4|2|3|484|1346|14|C
4|2|3|484|1346|15|C
4|2|3|484|1346|16|C
4|2|3|484|1346|17|C
4|2|3|484|1346|18|C
4|2|3|484|1346|19|*
4|2|3|484|1346|21|C
4|2|3|484|1346|22|C
4|2|3|484|1346|23|C
4|2|3|484|1346|24|C
4|2|3|484|1346|25|C
4|2|3|484|1346|26|C
4|2|3|484|1346|27|C
4|2|3|484|1346|28|C
4|2|3|484|1346|29|C
4|2|3|484|1346|31|C
4|2|3|484|1346|32|C
4|2|3|484|1346|33|C
4|2|3|484|1346|34|*
4|2|3|484|1346|35|C
4|2|3|484|1346|36|C
4|2|3|484|1346|37|C
4|2|3|484|1346|9999|C
4|2|3|484|1353|9999|C
4|2|3|484|1354|9999|C
4|2|3|484|1357|9999|C
4|2|3|484|1358|9999|C
4|2|3|484|1368|9999|C
4|2|3|484|1371|9999|C
4|2|3|484|1372|9999|C
4|2|3|484|1376|9999|C
4|2|3|484|1378|9999|C
4|2|3|484|1380|9999|C
4|2|3|484|1385|9999|C
4|2|3|484|1388|9999|C
4|2|3|484|1392|9999|C
4|2|3|484|1393|9999|C
4|2|3|484|1396|9999|C
4|2|3|484|1402|9999|C
4|2|3|484|1407|9999|C
4|2|3|484|1410|9999|C
4|2|3|484|1411|9999|C
4|2|3|484|1418|1|C
4|2|3|484|1418|2|C
4|2|3|484|1418|3|C
4|2|3|484|1418|4|C
4|2|3|484|1418|5|C
4|2|3|484|1418|6|C
4|2|3|484|1418|7|C
4|2|3|484|1418|8|C
4|2|3|484|1418|9|C
4|2|3|484|1418|10|C
4|2|3|484|1418|11|C
4|2|3|484|1418|12|C
4|2|3|484|1418|13|C
4|2|3|484|1418|14|C
4|2|3|484|1418|15|C
4|2|3|484|1418|16|*
4|2|3|484|1418|17|C
4|2|3|484|1418|18|C
4|2|3|484|1418|19|*
4|2|3|484|1418|20|C
4|2|3|484|1418|21|C
4|2|3|484|1418|22|C
4|2|3|484|1418|23|C
4|2|3|484|1418|24|C
4|2|3|484|1418|25|C
4|2|3|484|1418|26|C
4|2|3|484|1418|27|C
4|2|3|484|1418|28|C
4|2|3|484|1418|29|C
4|2|3|484|1418|30|C
4|2|3|484|1418|31|C
4|2|3|484|1418|32|C
4|2|3|484|1418|33|C
4|2|3|484|1418|34|C
4|2|3|484|1418|35|C
4|2|3|484|1418|36|C
4|2|3|484|1418|37|C
4|2|3|484|1418|38|C
4|2|3|484|1418|39|C
4|2|3|484|1418|40|C
4|2|3|484|1418|9999|C
4|2|3|484|1419|9999|C
4|2|3|484|1423|9999|C
4|2|3|484|1426|9999|C
4|2|3|484|1429|9999|C
4|2|3|484|1430|9999|C
4|2|3|484|1432|9999|C
4|2|3|484|1433|9999|C
4|2|3|484|1435|9999|C
4|2|3|484|1438|9999|C
4|2|3|484|1441|9999|C
4|2|3|484|1442|9999|C
4|2|3|484|1444|9999|C
4|2|3|484|1445|9999|C
4|2|3|484|1446|9999|C
4|2|3|484|1451|9999|C
4|2|3|484|1452|1|C
4|2|3|484|1452|2|C
4|2|3|484|1452|3|C
4|2|3|484|1452|4|C
4|2|3|484|1452|5|C
4|2|3|484|1452|6|C
4|2|3|484|1452|7|C
4|2|3|484|1452|8|C
4|2|3|484|1452|9|C
4|2|3|484|1452|10|C
4|2|3|484|1452|11|C
4|2|3|484|1452|12|C
4|2|3|484|1452|13|C
4|2|3|484|1452|14|C
4|2|3|484|1452|15|C
4|2|3|484|1452|16|C
4|2|3|484|1452|17|C
4|2|3|484|1452|18|*
4|2|3|484|1452|19|*
4|2|3|484|1452|20|C
4|2|3|484|1452|21|C
4|2|3|484|1452|22|C
4|2|3|484|1452|23|C
4|2|3|484|1452|9999|C
4|2|3|484|1453|9999|C
4|2|3|484|1454|9999|C
4|2|3|484|1455|9999|C
4|2|3|484|1459|9999|C
4|2|3|484|1464|9999|*
4|2|3|484|1465|9999|C
4|2|3|484|1468|9999|C
4|2|3|484|1473|9999|C
4|2|3|484|1480|9999|C
4|2|3|484|1481|9999|C
4|2|3|484|1482|9999|C
4|2|3|484|1483|9999|C
4|2|3|484|1489|9999|C
4|2|3|484|1491|9999|C
4|2|3|484|1492|9999|C
4|2|3|484|1496|9999|C
4|2|3|484|1499|9999|C
4|2|3|484|1500|9999|C
4|2|3|484|1504|9999|C
4|2|3|484|1506|9999|C
4|2|3|484|1507|9999|C
4|2|3|484|1510|9999|C
4|2|3|484|1514|9999|C
4|2|3|484|1516|9999|C
4|2|3|484|1517|9999|C
4|2|3|484|1518|9999|C
4|2|3|484|1521|9999|C
4|2|3|484|1529|9999|C
4|2|3|484|1533|9999|C
4|2|3|484|1534|9999|C
4|2|3|484|1537|9999|C
4|2|3|484|1540|9999|C
4|2|3|484|1543|9999|C
4|2|3|484|1547|9999|C
4|2|3|484|1549|9999|C
4|2|3|484|1559|9999|C
4|2|3|484|1562|9999|C
4|2|3|484|1564|9999|C
4|2|3|484|1566|9999|C
4|2|3|484|1571|9999|C
4|2|3|484|1572|9999|C
4|2|3|484|1574|9999|C
4|2|3|484|1575|9999|C
4|2|3|484|1576|9999|C
4|2|3|484|1590|9999|C
4|2|3|484|1591|9999|C
4|2|3|484|1592|9999|C
4|2|3|484|1593|9999|C
4|2|3|484|1606|9999|C
4|2|3|484|1640|9999|C
4|2|3|484|1654|9999|C
4|2|3|484|1671|9999|C
4|2|3|486|1227|1|C
4|2|3|486|1227|2|C
4|2|3|486|1227|3|C
4|2|3|486|1227|4|C
4|2|3|486|1227|5|*
4|2|3|486|1227|6|C
4|2|3|486|1227|7|C
4|2|3|486|1227|8|C
4|2|3|486|1227|9|C
4|2|3|486|1227|10|C
4|2|3|486|1227|11|*
4|2|3|486|1227|12|C
4|2|3|486|1227|13|C
4|2|3|486|1227|14|C
4|2|3|486|1227|15|C
4|2|3|486|1227|16|C
4|2|3|486|1227|17|C
4|2|3|486|1227|18|C
4|2|3|486|1227|19|*
4|2|3|486|1227|20|C
4|2|3|486|1227|21|C
4|2|3|486|1227|22|C
4|2|3|486|1227|23|C
4|2|3|486|1227|24|C
4|2|3|486|1227|25|C
4|2|3|486|1227|26|C
4|2|3|486|1227|27|C
4|2|3|486|1227|28|C
4|2|3|486|1227|29|C
4|2|3|486|1227|30|C
4|2|3|486|1227|31|C
4|2|3|486|1227|32|C
4|2|3|486|1227|33|C
4|2|3|486|1227|34|C
4|2|3|486|1227|35|C
4|2|3|486|1227|36|C
4|2|3|486|1227|37|C
4|2|3|486|1227|38|C
4|2|3|486|1227|39|C
4|2|3|486|1227|40|C
4|2|3|486|1227|41|C
4|2|3|486|1227|42|C
4|2|3|486|1227|43|C
4|2|3|486|1227|45|C
4|2|3|486|1227|46|C
4|2|3|486|1227|47|C
4|2|3|486|1227|48|C
4|2|3|486|1227|49|C
4|2|3|486|1227|50|C
4|2|3|486|1227|51|C
4|2|3|486|1227|52|C
4|2|3|486|1227|53|C
4|2|3|486|1227|54|C
4|2|3|486|1227|55|C
4|2|3|486|1227|56|C
4|2|3|486|1227|57|C
4|2|3|486|1227|58|C
4|2|3|486|1227|59|C
4|2|3|486|1227|60|C
4|2|3|486|1227|61|C
4|2|3|486|1227|62|C
4|2|3|486|1227|63|C
4|2|3|486|1227|64|C
4|2|3|486|1227|65|C
4|2|3|486|1227|66|C
4|2|3|486|1227|67|C
4|2|3|486|1227|68|C
4|2|3|486|1227|69|C
4|2|3|486|1227|70|C
4|2|3|486|1227|71|C
4|2|3|486|1227|72|*
4|2|3|486|1227|73|C
4|2|3|486|1227|74|C
4|2|3|486|1227|75|C
4|2|3|486|1227|76|C
4|2|3|486|1227|77|C
4|2|3|486|1227|78|C
4|2|3|486|1227|79|C
4|2|3|486|1227|81|C
4|2|3|486|1227|82|C
4|2|3|486|1227|83|C
4|2|3|486|1227|84|C
4|2|3|486|1227|85|C
4|2|3|486|1227|86|C
4|2|3|486|1227|87|C
4|2|3|486|1227|88|C
4|2|3|486|1227|89|C
4|2|3|486|1227|9999|C
4|2|3|486|1230|9999|C
4|2|3|486|1246|9999|C
4|2|3|486|1249|9999|C
4|2|3|486|1267|9999|C
4|2|3|486|1273|9999|C
4|2|3|486|1276|9999|C
4|2|3|486|1290|9999|C
4|2|3|486|1294|9999|C
4|2|3|486|1295|9999|C
4|2|3|486|1301|9999|C
4|2|3|486|1302|9999|C
4|2|3|486|1312|9999|C
4|2|3|486|1325|9999|C
4|2|3|486|1341|9999|C
4|2|3|486|1363|9999|C
4|2|3|486|1381|9999|C
4|2|3|486|1386|9999|C
4|2|3|486|1399|9999|C
4|2|3|486|1421|9999|C
4|2|3|486|1422|9999|C
4|2|3|486|1424|9999|C
4|2|3|486|1440|9999|C
4|2|3|486|1443|9999|C
4|2|3|486|1449|9999|C
4|2|3|486|1450|9999|C
4|2|3|486|1476|9999|C
4|2|3|486|1477|9999|C
4|2|3|486|1478|9999|C
4|2|3|486|1486|9999|C
4|2|3|486|1511|9999|C
4|2|3|486|1512|9999|C
4|2|3|486|1526|9999|C
4|2|3|486|1530|9999|C
4|2|3|486|1531|9999|C
4|2|3|486|1555|9999|C
4|2|3|486|1556|9999|*
4|2|3|486|1557|9999|C
4|2|3|486|1565|9999|C
4|2|3|486|1578|1|C
4|2|3|486|1578|2|C
4|2|3|486|1578|3|C
4|2|3|486|1578|4|C
4|2|3|486|1578|5|C
4|2|3|486|1578|6|C
4|2|3|486|1578|7|C
4|2|3|486|1578|8|C
4|2|3|486|1578|9|C
4|2|3|486|1578|10|C
4|2|3|486|1578|11|C
4|2|3|486|1578|12|C
4|2|3|486|1578|13|C
4|2|3|486|1578|14|C
4|2|3|486|1578|15|C
4|2|3|486|1578|16|C
4|2|3|486|1578|17|C
4|2|3|486|1578|18|*
4|2|3|486|1578|19|*
4|2|3|486|1578|20|C
4|2|3|486|1578|21|C
4|2|3|486|1578|22|C
4|2|3|486|1578|23|C
4|2|3|486|1578|24|C
4|2|3|486|1578|25|*
4|2|3|486|1578|26|C
4|2|3|486|1578|27|C
4|2|3|486|1578|28|C
4|2|3|486|1578|29|C
4|2|3|486|1578|30|C
4|2|3|486|1578|31|C
4|2|3|486|1578|32|C
4|2|3|486|1578|33|C
4|2|3|486|1578|34|C
4|2|3|486|1578|35|C
4|2|3|486|1578|36|C
4|2|3|486|1578|37|C
4|2|3|486|1578|38|C
4|2|3|486|1578|39|C
4|2|3|486|1578|41|C
4|2|3|486|1578|42|C
4|2|3|486|1578|43|C
4|2|3|486|1578|44|C
4|2|3|486|1578|45|C
4|2|3|486|1578|46|C
4|2|3|486|1578|47|C
4|2|3|486|1578|48|C
4|2|3|486|1578|49|C
4|2|3|486|1578|50|C
4|2|3|486|1594|9999|C
4|2|3|486|1613|9999|C
4|2|3|486|1614|9999|C
4|2|3|486|1663|9999|C
4|2|3|486|1665|9999|C
4|2|3|487|1224|9999|C
4|2|3|487|1228|9999|C
4|2|3|487|1237|9999|C
4|2|3|487|1265|1|C
4|2|3|487|1265|2|C
4|2|3|487|1265|3|C
4|2|3|487|1265|4|C
4|2|3|487|1265|5|C
4|2|3|487|1265|6|C
4|2|3|487|1265|7|C
4|2|3|487|1265|8|C
4|2|3|487|1265|9|C
4|2|3|487|1265|10|C
4|2|3|487|1265|11|C
4|2|3|487|1265|12|*
4|2|3|487|1265|13|C
4|2|3|487|1265|14|C
4|2|3|487|1265|15|C
4|2|3|487|1265|16|C
4|2|3|487|1265|17|C
4|2|3|487|1265|18|C
4|2|3|487|1265|19|C
4|2|3|487|1265|20|C
4|2|3|487|1265|21|C
4|2|3|487|1265|22|C
4|2|3|487|1265|23|C
4|2|3|487|1265|24|C
4|2|3|487|1265|25|C
4|2|3|487|1265|26|C
4|2|3|487|1265|27|C
4|2|3|487|1265|28|C
4|2|3|487|1265|29|C
4|2|3|487|1265|30|C
4|2|3|487|1265|31|C
4|2|3|487|1265|32|C
4|2|3|487|1265|33|C
4|2|3|487|1265|34|C
4|2|3|487|1265|35|C
4|2|3|487|1265|37|C
4|2|3|487|1265|38|C
4|2|3|487|1265|39|C
4|2|3|487|1265|40|C
4|2|3|487|1265|41|C
4|2|3|487|1265|42|C
4|2|3|487|1265|43|C
4|2|3|487|1265|44|C
4|2|3|487|1265|45|C
4|2|3|487|1265|46|C
4|2|3|487|1265|47|C
4|2|3|487|1265|48|C
4|2|3|487|1265|49|C
4|2|3|487|1265|50|C
4|2|3|487|1265|51|C
4|2|3|487|1265|52|C
4|2|3|487|1265|53|C
4|2|3|487|1265|54|C
4|2|3|487|1265|55|C
4|2|3|487|1265|56|C
4|2|3|487|1265|57|C
4|2|3|487|1265|58|C
4|2|3|487|1265|59|C
4|2|3|487|1265|60|C
4|2|3|487|1265|61|C
4|2|3|487|1265|62|C
4|2|3|487|1265|63|C
4|2|3|487|1265|64|C
4|2|3|487|1265|65|C
4|2|3|487|1265|66|C
4|2|3|487|1265|67|C
4|2|3|487|1265|68|C
4|2|3|487|1265|69|C
4|2|3|487|1265|71|C
4|2|3|487|1265|9999|C
4|2|3|487|1321|9999|C
4|2|3|487|1323|9999|C
4|2|3|487|1330|9999|C
4|2|3|487|1348|9999|C
4|2|3|487|1383|9999|C
4|2|3|487|1390|9999|C
4|2|3|487|1398|9999|C
4|2|3|487|1408|9999|C
4|2|3|487|1415|9999|C
4|2|3|487|1427|9999|C
4|2|3|487|1431|9999|C
4|2|3|487|1434|9999|C
4|2|3|487|1447|9999|C
4|2|3|487|1490|9999|C
4|2|3|487|1505|9999|C
4|2|3|487|1509|9999|C
4|2|3|487|1513|9999|C
4|2|3|487|1515|9999|C
4|2|3|487|1523|9999|C
4|2|3|487|1528|9999|C
4|2|3|487|1560|9999|C
4|2|3|487|1570|9999|C
4|2|3|487|1573|9999|C
4|2|3|487|1577|9999|C
4|2|3|487|1664|9999|C
4|2|3|488|1278|1|C
4|2|3|488|1278|2|C
4|2|3|488|1278|3|C
4|2|3|488|1278|4|C
4|2|3|488|1278|6|C
4|2|3|488|1278|7|C
4|2|3|488|1278|8|C
4|2|3|488|1278|9|C
4|2|3|488|1278|10|C
4|2|3|488|1278|11|C
4|2|3|488|1278|12|C
4|2|3|488|1278|13|C
4|2|3|488|1278|14|C
4|2|3|488|1278|15|C
4|2|3|488|1278|16|C
4|2|3|488|1278|17|C
4|2|3|488|1278|18|C
4|2|3|488|1278|19|C
4|2|3|488|1278|20|C
4|2|3|488|1278|21|C
4|2|3|488|1278|22|C
4|2|3|488|1278|23|C
4|2|3|488|1278|24|C
4|2|3|488|1278|25|C
4|2|3|488|1278|9999|C
4|2|3|488|1466|9999|C
4|2|3|488|1561|9999|C
4|2|3|488|1569|1|C
4|2|3|488|1569|2|C
4|2|3|488|1569|3|C
4|2|3|488|1569|4|*
4|2|3|488|1569|5|C
4|2|3|488|1569|6|C
4|2|3|488|1569|7|C
4|2|3|488|1569|8|*
4|2|3|488|1569|9|*
4|2|3|488|1569|10|C
4|2|3|488|1569|11|C
4|2|3|488|1569|12|C
4|2|3|488|1569|13|C
4|2|3|488|1569|15|C
4|2|3|488|1569|16|C
4|2|3|488|1569|17|C
4|2|3|488|1569|18|C
4|2|3|488|1569|19|C
4|2|3|488|1569|20|*
4|2|3|488|1569|21|C
4|2|3|488|1569|22|C
4|2|3|488|1569|23|C
4|2|3|488|1569|24|C
4|2|3|488|1569|25|C
4|2|3|488|1569|26|C
4|2|3|488|1569|27|C
4|2|3|488|1569|28|C
4|2|3|488|1569|29|C
4|2|3|488|1569|30|C
4|2|3|488|1569|31|C
4|2|3|488|1569|32|C
4|2|3|488|1569|33|C
4|2|3|488|1569|34|C
4|2|3|488|1569|35|C
4|2|3|488|1569|36|C
4|2|3|488|1569|37|C
4|2|3|488|1569|38|C
4|2|3|488|1569|39|C
4|2|3|488|1569|40|C
4|2|3|488|1569|41|C
4|2|3|488|1569|42|C
4|2|3|488|1569|43|C
4|2|3|488|1569|9999|C
4|2|3|491|1|1|C
4|2|3|491|1|2|C
4|2|3|491|1|3|C
4|2|3|491|1|4|C
4|2|3|491|1|5|C
4|2|3|491|1|6|C
4|2|3|491|1|7|C
4|2|3|491|1|8|C
4|2|3|491|1|9|C
4|2|3|491|1|10|C
4|2|3|491|1|11|C
4|2|3|491|1|12|C
4|2|3|491|1|13|C
4|2|3|491|1|14|C
4|2|3|491|1|15|C
4|2|3|491|1|16|C
4|2|3|491|1|17|C
4|2|3|491|1|18|C
4|2|3|491|1|19|C
4|2|3|491|1|20|C
4|2|3|491|1|21|C
4|2|3|491|1|22|C
4|2|3|491|1|23|C
4|2|3|491|1|24|*
4|2|3|491|1|25|C
4|2|3|491|1|26|C
4|2|3|491|1|27|C
4|2|3|491|1|28|C
4|2|3|491|1|29|C
4|2|3|491|1|30|C
4|2|3|491|1|31|C
4|2|3|491|1|32|C
4|2|3|491|1|33|C
4|2|3|491|1|34|C
4|2|3|491|1|35|C
4|2|3|491|1|36|C
4|2|3|491|1|37|C
4|2|3|491|1|38|C
4|2|3|491|1|39|C
4|2|3|491|1|40|C
4|2|3|491|1|41|C
4|2|3|491|1|42|C
4|2|3|491|1|43|C
4|2|3|491|1|44|C
4|2|3|491|1|46|C
4|2|3|491|1|47|C
4|2|3|491|1|48|C
4|2|3|491|1|49|C
4|2|3|491|1|50|C
4|2|3|491|1|51|C
4|2|3|491|1|52|C
4|2|3|491|1|53|C
4|2|3|491|1|54|C
4|2|3|491|1|55|C
4|2|3|491|1|56|C
4|2|3|491|1|57|C
4|2|3|491|1|58|C
4|2|3|491|1|59|C
4|2|3|491|1|61|C
4|2|3|491|1|62|C
4|2|3|491|1|63|C
4|2|3|491|1|64|C
4|2|3|491|1|65|C
4|2|3|491|1|66|C
4|2|3|491|1|67|C
4|2|3|491|1|68|C
4|2|3|491|1|69|C
4|2|3|491|1|70|C
4|2|3|491|1|72|C
4|2|3|491|1|73|C
4|2|3|491|1|74|C
4|2|3|491|1|75|C
4|2|3|491|1|76|C
4|2|3|491|1|77|C
4|2|3|491|1|78|C
4|2|3|491|1|79|C
4|2|3|491|1|80|C
4|2|3|491|44|9999|C
4|2|3|491|84|9999|C
4|2|3|491|89|9999|C
4|2|3|491|91|9999|C
4|2|3|491|92|9999|C
4|2|3|491|93|9999|C
4|2|3|491|94|9999|C
4|2|3|491|105|9999|C
4|2|3|491|133|9999|C
4|2|3|491|222|9999|C
4|2|3|491|283|9999|C
4|2|3|491|333|9999|C
4|2|3|491|343|9999|C
4|2|3|491|441|9999|C
4|2|3|491|489|9999|C
4|2|3|491|655|9999|C
4|2|3|491|687|9999|C
4|2|3|491|722|9999|C
4|2|3|491|724|9999|C
4|2|3|491|738|9999|C
4|2|3|491|739|9999|C
4|2|3|491|740|9999|C
4|2|3|491|747|9999|C
4|2|3|491|751|9999|C
4|2|3|491|773|9999|C
4|2|3|491|825|9999|C
4|2|3|491|1126|9999|C
4|2|3|491|1150|9999|C
4|2|3|491|1202|9999|C
4|2|3|491|1618|9999|C
4|2|3|491|1619|9999|C
4|2|3|491|1620|9999|C
4|2|3|491|1621|9999|C
4|2|3|491|1622|9999|C
4|2|3|491|1626|9999|C
4|2|3|491|1645|9999|C
4|2|3|491|1673|9999|C
4|2|3|491|1675|9999|C
4|2|3|492|1|1|C
4|2|3|492|1|2|C
4|2|3|492|1|3|C
4|2|3|492|1|4|C
4|2|3|492|1|5|C
4|2|3|492|1|6|C
4|2|3|492|1|7|C
4|2|3|492|1|8|C
4|2|3|492|1|9|C
4|2|3|492|1|10|C
4|2|3|492|1|11|C
4|2|3|492|1|12|C
4|2|3|492|1|13|C
4|2|3|492|1|14|C
4|2|3|492|1|15|C
4|2|3|492|1|16|C
4|2|3|492|1|17|C
4|2|3|492|1|18|C
4|2|3|492|1|19|C
4|2|3|492|1|20|C
4|2|3|492|1|21|C
4|2|3|492|1|22|C
4|2|3|492|1|23|C
4|2|3|492|1|24|C
4|2|3|492|1|25|C
4|2|3|492|1|26|C
4|2|3|492|1|27|C
4|2|3|492|1|28|C
4|2|3|492|1|29|C
4|2|3|492|1|30|C
4|2|3|492|1|31|C
4|2|3|492|1|32|C
4|2|3|492|1|33|C
4|2|3|492|1|34|C
4|2|3|492|1|35|C
4|2|3|492|1|36|C
4|2|3|492|1|37|C
4|2|3|492|1|38|C
4|2|3|492|1|39|C
4|2|3|492|1|40|C
4|2|3|492|1|41|C
4|2|3|492|1|42|C
4|2|3|492|1|43|C
4|2|3|492|1|44|C
4|2|3|492|1|45|C
4|2|3|492|1|46|C
4|2|3|492|1|47|C
4|2|3|492|1|48|C
4|2|3|492|1|50|C
4|2|3|492|1|51|C
4|2|3|492|1|52|C
4|2|3|492|1|53|C
4|2|3|492|1|54|C
4|2|3|492|1|55|C
4|2|3|492|1|56|C
4|2|3|492|1|57|C
4|2|3|492|1|58|C
4|2|3|492|1|59|C
4|2|3|492|1|60|C
4|2|3|492|48|9999|C
4|2|3|492|49|9999|C
4|2|3|492|64|9999|C
4|2|3|492|254|9999|C
4|2|3|492|327|9999|C
4|2|3|492|328|9999|C
4|2|3|492|347|9999|C
4|2|3|492|419|9999|C
4|2|3|492|420|9999|C
4|2|3|492|443|9999|C
4|2|3|492|468|9999|C
4|2|3|492|475|9999|C
4|2|3|492|627|9999|C
4|2|3|492|658|9999|C
4|2|3|492|771|9999|C
4|2|3|492|781|9999|C
4|2|3|492|872|9999|C
4|2|3|492|1127|9999|C
4|2|3|492|1151|9999|C
4|2|3|492|1219|9999|C
4|2|3|492|1623|9999|C
4|2|3|492|1624|9999|C
4|2|3|492|1625|9999|C
4|2|3|492|1667|9999|C
4|2|3|493|1|1|C
4|2|3|493|1|2|C
4|2|3|493|1|3|C
4|2|3|493|1|4|C
4|2|3|493|1|5|C
4|2|3|493|1|6|C
4|2|3|493|1|7|C
4|2|3|493|1|8|C
4|2|3|493|1|9|C
4|2|3|493|1|10|C
4|2|3|493|1|11|C
4|2|3|493|1|12|C
4|2|3|493|1|13|C
4|2|3|493|1|14|C
4|2|3|493|1|15|C
4|2|3|493|1|16|C
4|2|3|493|1|17|C
4|2|3|493|1|18|C
4|2|3|493|1|19|C
4|2|3|493|1|20|C
4|2|3|493|1|21|C
4|2|3|493|1|22|C
4|2|3|493|1|23|C
4|2|3|493|1|24|C
4|2|3|493|1|25|C
4|2|3|493|1|26|C
4|2|3|493|1|27|C
4|2|3|493|1|28|C
4|2|3|493|1|29|C
4|2|3|493|1|30|C
4|2|3|493|1|31|C
4|2|3|494|1|1|C
4|2|3|494|1|2|C
4|2|3|494|1|3|C
4|2|3|494|1|4|C
4|2|3|494|1|5|C
4|2|3|494|1|6|C
4|2|3|494|1|7|C
4|2|3|494|1|8|C
4|2|3|494|1|9|C
4|2|3|494|1|10|C
4|2|3|494|1|11|C
4|2|3|494|1|12|C
4|2|3|494|1|13|C
4|2|3|494|1|14|C
4|2|3|494|1|15|C
4|2|3|494|1|16|C
4|2|3|494|1|17|C
4|2|3|494|1|18|C
4|2|3|494|1|19|C
4|2|3|494|1|20|C
4|2|3|494|1|21|C
4|2|3|494|1|22|C
4|2|3|494|1|23|C
4|2|3|494|1|24|C
4|2|3|494|1|25|C
4|2|3|495|1|1|C
4|2|3|495|1|2|C
4|2|3|495|1|3|C
4|2|3|495|1|4|C
4|2|3|495|1|5|C
4|2|3|495|1|6|C
4|2|3|495|1|7|C
4|2|3|495|1|8|C
4|2|3|495|1|9|C
4|2|3|495|1|10|C
4|2|3|495|1|11|C
4|2|3|495|1|12|C
4|2|3|495|1|13|C
4|2|3|495|1|14|C
4|2|3|495|1|15|C
4|2|3|495|1|16|C
4|2|3|495|1|17|C
4|2|3|495|1|18|C
4|2|3|495|1|19|C
4|2|3|495|1|20|C
4|2|3|495|1|21|C
4|2|3|495|1|22|C
4|2|3|496|1|1|C
4|2|3|496|1|2|C
4|2|3|496|1|3|C
4|2|3|496|1|4|C
4|2|3|497|1|1|C
4|2|3|497|1|2|C
4|2|3|497|1|3|C
4|2|3|497|1|4|*
4|2|3|497|1|5|C
4|2|3|497|1|6|C
4|2|3|497|1|7|C
4|2|3|497|1|8|C
4|2|3|497|1|9|C
4|2|3|497|1|10|C
4|2|3|497|1|11|C
4|2|3|498|1|1|*
4|2|3|498|1|2|*
4|2|3|498|1|4|*
4|2|3|498|1|5|C
4|2|3|498|1|6|C
4|2|3|498|1|7|C
4|2|3|498|1|8|C
4|2|3|498|1|9|*
4|2|3|498|1|10|C
4|2|3|498|1|11|C
4|2|3|498|1|12|C
4|2|3|498|1|13|C
4|2|3|498|1|14|C
4|2|3|499|1|1|C
4|2|3|499|1|2|C
4|2|3|499|1|3|C
4|2|3|499|1|4|C
4|2|3|499|1|5|C
4|2|3|499|1|6|C
4|2|3|499|1|7|C
4|2|3|499|1|8|C
4|2|3|500|1|1|C
4|2|3|500|1|2|C
4|2|3|500|1|3|C
4|2|3|500|1|4|C
4|2|3|500|1|5|C
4|2|3|500|1|6|C
4|2|3|500|1|7|C
4|2|3|500|1|9|C
4|2|3|500|1|10|C
4|2|3|500|1|12|C
4|2|3|501|1|1|C
4|2|3|501|1|2|C
4|2|3|501|1|3|C
4|2|3|501|1|4|C
4|2|3|501|1|5|C
4|2|3|501|1|6|C
4|2|3|501|1|7|C
4|2|3|501|1|8|C
4|2|3|502|1|1|C
4|2|3|502|1|2|*
4|2|3|502|1|3|C
4|2|3|502|1|4|C
4|2|3|502|1|5|C
4|2|3|502|1|6|C
4|2|3|502|1|8|C
4|2|3|502|1|9|C
4|2|3|502|1|10|C
4|2|3|502|1|11|C
4|2|3|502|1|12|C
4|2|3|502|1|13|C
4|2|3|502|1|14|C
4|2|3|502|1|15|*
4|2|3|502|1|16|C
4|2|3|502|1|17|C
4|2|3|502|1|18|C
4|2|3|502|1|19|C
4|2|3|502|1|20|C
4|2|3|502|1|21|C
4|2|3|502|1|22|C
4|2|3|502|1|23|C
4|2|3|502|1|24|C
4|2|3|502|1|25|C
4|2|3|502|1|26|C
4|2|3|502|1|27|C
4|2|3|502|1|28|C
4|2|3|502|1|29|C
4|2|3|502|1|30|C
4|2|3|502|1|31|C
4|2|3|502|1|32|C
4|2|3|502|1|33|C
4|2|3|502|1|34|C
4|2|3|502|1|35|C
4|2|3|502|1|36|C
4|2|3|502|1|37|C
4|2|3|502|1|38|C
4|2|3|502|1|39|C
4|2|3|502|1|40|C
4|2|3|502|1|41|C
4|2|3|502|1|42|C
4|2|3|502|1|43|C
4|2|3|502|1|44|C
4|2|3|502|1|45|C
4|2|3|502|1|46|C
4|2|3|502|1|47|C
4|2|3|502|1|48|C
4|2|3|502|1|49|C
4|2|3|502|1|50|C
4|2|3|502|1|51|C
4|2|3|502|1|52|C
4|2|3|502|1|53|C
4|2|3|502|1|54|C
4|2|3|502|1|55|C
4|2|3|502|1|56|C
4|2|3|502|1|57|C
4|2|3|502|1|58|C
4|2|3|502|1|59|C
4|2|3|502|1|60|C
4|2|3|502|1|61|C
4|2|3|503|1|1|C
4|2|3|503|1|2|C
4|2|3|503|1|3|C
4|2|3|503|1|4|C
4|2|3|503|1|5|C
4|2|3|503|1|6|C
4|2|3|503|1|7|C
4|2|3|503|1|8|C
4|2|3|503|1|9|C
4|2|3|503|1|10|C
4|2|3|503|1|11|C
4|2|3|503|1|12|C
4|2|3|503|1|13|C
4|2|3|503|1|14|C
4|2|3|503|1|15|C
4|2|3|503|1|16|C
4|2|3|503|1|17|C
4|2|3|503|1|18|C
4|2|3|503|1|19|C
4|2|3|503|1|20|C
4|2|3|503|1|21|C
4|2|3|503|1|22|C
4|2|3|503|1|23|*
4|2|3|503|1|24|C
4|2|3|503|1|25|C
4|2|3|504|1|1|C
4|2|3|504|1|2|C
4|2|3|504|1|3|C
4|2|3|504|1|4|C
4|2|3|504|1|5|C
4|2|3|504|1|6|C
4|2|3|504|1|7|C
4|2|3|504|1|8|C
4|2|3|504|1|9|*
4|2|3|504|1|10|C
4|2|3|504|1|11|C
4|2|3|504|1|12|C
4|2|3|504|1|13|C
4|2|3|504|1|14|C
4|2|3|504|1|15|C
4|2|3|504|1|16|C
4|2|3|504|1|17|C
4|2|3|504|1|18|C
4|2|3|504|1|19|C
4|2|3|504|1|20|C
4|2|3|504|1|21|C
4|2|3|504|1|22|C
4|2|3|504|1|23|C
4|2|3|504|1|24|C
4|2|3|504|1|25|C
4|2|3|504|1|26|C
4|2|3|504|1|27|C
4|2|3|504|1|28|C
4|2|3|504|1|29|C
4|2|3|504|1|30|C
4|2|3|504|1|31|C
4|2|3|504|1|32|C
4|2|3|504|1|33|C
4|2|3|504|1|34|C
4|2|3|504|1|35|C
4|2|3|504|1|36|C
4|2|3|504|1|37|C
4|2|3|504|1|38|C
4|2|3|504|1|39|C
4|2|3|504|1|41|C
4|2|3|504|1|42|C
4|2|3|504|1|43|C
4|2|3|504|1|44|C
4|2|3|504|1|45|C
4|2|3|505|1|1|C
4|2|3|505|1|2|C
4|2|3|505|1|3|C
4|2|3|505|1|4|C
4|2|3|505|1|5|C
4|2|3|505|1|6|C
4|2|3|505|1|7|C
4|2|3|505|1|8|C
4|2|3|505|1|9|C
4|2|3|505|1|10|C
4|2|3|505|1|11|C
4|2|3|505|1|12|C
4|2|3|506|1|1|C
4|2|3|506|1|2|C
4|2|3|506|1|3|C
4|2|3|506|1|4|C
4|2|3|506|1|5|C
4|2|3|506|1|6|C
4|2|3|506|1|7|C
4|2|3|506|1|8|C
4|2|3|506|1|9|C
4|2|3|506|1|10|C
4|2|3|506|1|11|C
4|2|3|506|1|12|C
4|2|3|506|1|13|C
4|2|3|506|1|14|C
4|2|3|506|1|15|C
4|2|3|506|1|16|C
4|2|3|506|1|17|C
4|2|3|506|1|18|C
4|2|3|506|1|19|C
4|2|3|506|1|20|C
4|2|3|506|1|21|C
4|2|3|506|1|22|C
4|2|3|506|1|23|C
4|2|3|506|1|24|C
4|2|3|506|1|25|C
4|2|3|507|1|1|C
4|2|3|507|1|2|C
4|2|3|507|1|3|C
4|2|3|507|1|4|C
4|2|3|507|1|5|C
4|2|3|507|1|6|C
4|2|3|507|1|7|C
4|2|3|507|1|8|C
4|2|3|507|1|9|C
4|2|3|507|1|10|C
4|2|3|507|1|11|C
4|2|3|508|1|1|C
4|2|3|508|1|2|C
4|2|3|508|1|3|C
4|2|3|508|1|4|C
4|2|3|508|1|5|C
4|2|3|508|1|6|C
4|2|3|508|1|7|C
4|2|3|509|1|1|C
4|2|3|509|1|2|C
4|2|3|509|1|3|C
4|2|3|509|1|4|C
4|2|3|509|1|5|C
4|2|3|509|1|6|C
4|2|3|509|1|7|C
4|2|3|509|1|8|C
4|2|3|509|1|9|*
4|2|3|509|1|10|C
4|2|3|509|1|11|*
4|2|3|509|1|12|C
4|2|3|509|1|13|C
4|2|3|509|1|14|C
4|2|3|509|1|15|C
4|2|3|509|1|16|C
4|2|3|509|1|17|C
4|2|3|509|1|18|C
4|2|3|509|1|19|C
4|2|3|509|1|20|C
4|2|3|509|1|21|C
4|2|3|509|1|22|C
4|2|3|509|1|23|C
4|2|3|509|1|24|C
4|2|3|509|1|25|C
4|2|3|509|1|26|C
4|2|3|509|1|27|C
4|2|3|509|1|28|C
4|2|3|509|1|29|C
4|2|3|509|1|30|C
4|2|3|509|1|31|C
4|2|3|509|1|32|C
4|2|3|509|1|33|C
4|2|3|509|1|34|C
4|2|3|509|1|35|C
4|2|3|509|1|36|C
4|2|3|509|1|37|C
4|2|3|509|1|38|*
4|2|3|509|1|39|*
4|2|3|510|1|1|C
4|2|3|510|1|2|C
4|2|3|510|1|3|C
4|2|3|510|1|4|C
4|2|3|510|1|5|*
4|2|3|510|1|6|C
4|2|3|510|1|7|C
4|2|3|510|1|8|C
4|2|3|510|1|9|C
4|2|3|511|1|1|C
4|2|3|511|1|2|C
4|2|3|511|1|3|C
4|2|3|511|1|4|C
4|2|3|511|1|5|C
4|2|3|512|1|1|C
4|2|3|512|1|2|C
4|2|3|512|1|3|C
4|2|3|512|1|4|C
4|2|3|512|1|5|C
4|2|3|512|1|6|C
4|2|3|513|1|1|C
4|2|3|513|1|2|C
4|2|3|513|1|3|C
4|2|3|513|1|4|C
4|2|3|513|1|5|C
4|2|3|513|1|6|C
4|2|3|513|1|7|*
4|2|3|513|1|8|C
4|2|3|513|1|9|C
4|2|3|513|1|10|C
4|2|3|513|1|11|C
4|2|3|514|1|1|C
4|2|3|514|1|2|C
4|2|3|514|1|3|C
4|2|3|514|1|4|C
4|2|3|514|1|5|C
4|2|3|514|1|6|C
4|2|3|515|1|1|C
4|2|3|515|1|2|C
4|2|3|515|1|3|C
4|2|3|516|1|1|C
4|2|3|516|1|2|C
4|2|3|516|1|3|C
4|2|3|516|1|4|C
4|2|3|516|1|5|C
4|2|3|516|1|6|C
4|2|3|516|1|7|C
4|2|3|516|1|8|C
4|2|3|517|1|1|C
4|2|3|517|1|2|C
4|2|3|518|1|1|C
4|2|3|519|1|1|C
4|2|3|519|1|2|C
4|2|3|519|1|3|C
4|2|3|519|1|4|C
4|2|3|519|1|5|C
4|2|3|519|1|6|C
4|2|3|519|1|7|C
4|2|3|519|1|8|C
4|2|3|519|1|9|*
4|2|3|520|1|1|C
4|2|3|520|1|2|C
4|2|3|521|1|1|C
4|2|3|521|1|2|C
4|2|3|521|1|3|C
4|2|3|521|1|4|*
4|2|3|521|1|5|C
4|2|3|521|1|6|C
4|2|3|521|1|7|C
4|2|3|521|1|8|C
4|2|3|521|1|9|C
4|2|3|521|1|10|C
4|2|3|521|1|11|C
4|2|3|521|1|12|C
4|2|3|521|1|13|C
4|2|3|521|1|14|C
4|2|3|521|1|15|C
4|2|3|522|1|1|C
4|2|3|522|1|2|C
4|2|3|522|1|3|C
4|2|3|522|1|4|C
4|2|3|522|1|5|C
4|2|3|522|1|6|C
4|2|3|523|1|1|C
4|2|3|523|1|2|C
4|2|3|523|1|3|C
4|2|3|523|1|4|C
4|2|3|523|1|5|C
4|2|3|523|1|6|C
4|2|3|523|1|7|C
4|2|3|523|1|8|C
4|2|3|524|1|1|C
4|2|3|524|1|2|C
4|2|3|524|1|3|C
4|2|3|524|1|4|C
4|2|3|524|1|5|C
4|2|3|524|1|6|C
4|2|3|524|1|7|C
4|2|3|525|1|1|C
4|2|3|525|1|2|C
4|2|3|525|1|3|C
4|2|3|525|1|4|C
4|2|3|526|1|1|C
4|2|3|526|1|2|C
4|2|3|526|1|3|C
4|2|3|526|1|4|C
4|2|3|526|1|5|C
4|2|3|526|1|6|C
4|2|3|527|1|1|C
4|2|3|527|1|2|C
4|2|3|527|1|3|C
4|2|3|527|1|4|*
4|2|3|527|1|5|C
4|2|3|542|1|1|C
4|2|3|542|1|2|C
4|2|3|542|1|3|C
4|2|3|542|1|4|C
4|2|3|542|1|5|C
4|2|3|542|1|6|C
4|2|3|542|1|7|C
4|2|3|542|1|8|C
4|2|3|542|1|9|C
4|2|3|542|1|10|C
4|2|3|542|1|11|C
4|2|3|542|1|12|C
4|2|3|542|1|13|C
4|2|3|542|1|14|C
4|2|3|542|1|15|C
4|2|3|542|1|16|C
4|2|3|542|1|17|C
4|2|3|542|1|18|C
4|2|3|542|1|19|C
4|2|3|542|1|20|C
4|2|3|542|1|21|C
4|2|3|542|1|22|C
4|2|3|542|1|23|C
4|2|3|542|1|24|C
4|2|3|542|1|25|C
4|2|3|542|1|26|C
4|2|3|542|1|27|C
4|2|3|542|1|28|C
4|2|3|542|1|29|C
4|2|3|542|1|30|C
4|2|3|542|1|31|C
4|2|3|542|1|32|C
4|2|3|542|1|33|C
4|2|3|542|1|34|C
4|2|3|542|1|35|C
4|2|3|542|1|36|C
4|2|3|542|1|37|C
4|2|3|542|1|38|C
4|2|3|542|1|39|C
4|2|3|542|1|40|C
4|2|3|542|1|41|C
4|2|3|542|1|42|C
4|2|3|542|1|43|C
4|2|3|542|1|44|C
4|2|3|542|1|45|C
4|2|3|542|1|46|C
4|2|3|542|1|47|C
4|2|3|542|1|48|C
4|2|3|542|1|49|C
4|2|3|542|1|50|C
4|2|3|542|1|51|C
4|2|3|542|1|52|C
4|2|3|542|1|53|C
4|2|3|542|1|54|C
4|2|3|542|1|55|C
4|2|3|542|1|56|C
4|2|3|542|1|57|C
4|2|3|542|1|58|C
4|2|3|542|1|59|C
4|2|3|542|1|60|C
4|2|3|542|1|61|C
4|2|3|542|1|62|C
4|2|3|542|1|63|C
4|2|3|542|1|64|C
4|2|3|542|1|65|C
4|2|3|542|1|66|C
4|2|3|542|1|67|C
4|2|3|542|1|68|C
4|2|3|542|1|69|C
4|2|3|542|1|70|C
4|2|3|542|1|71|C
4|2|3|542|1|9925|C
4|2|3|542|1|9926|C
4|2|3|543|1|1|C
4|2|3|543|1|2|C
4|2|3|543|1|3|C
4|2|3|543|1|4|C
4|2|3|543|1|5|C
4|2|3|543|1|6|C
4|2|3|543|1|7|C
4|2|3|543|1|8|C
4|2|3|543|1|9|C
4|2|3|543|1|10|*
4|2|3|543|1|9900|C
4|2|3|543|1|9902|C
4|2|3|543|1|9906|C
4|2|3|543|1|9908|C
4|2|3|543|1|9911|C
4|2|3|543|1|9921|C
4|2|3|543|1|9923|C
4|2|3|543|1|9929|C
4|2|3|543|1|9930|C
4|2|3|543|1|9931|C
4|2|3|544|1|1|C
4|2|3|544|1|2|C
4|2|3|544|1|3|C
4|2|3|544|1|4|C
4|2|3|544|1|5|C
4|2|3|544|1|6|C
4|2|3|544|1|7|C
4|2|3|544|1|8|C
4|2|3|544|1|9|C
4|2|3|544|1|10|C
4|2|3|544|1|11|C
4|2|3|544|1|12|C
4|2|3|544|1|13|C
4|2|3|544|1|14|C
4|2|3|544|1|15|C
4|2|3|544|1|16|C
4|2|3|544|1|17|C
4|2|3|544|1|18|C
4|2|3|544|1|19|C
4|2|3|544|1|20|C
4|2|3|544|1|9913|C
4|2|3|544|1|9914|C
4|2|3|544|1|9915|C
4|2|3|544|1|9916|C
4|2|3|544|1|9917|C
4|2|3|544|1|9918|C
4|2|3|544|1|9922|C
4|2|3|544|1|9924|C
4|2|3|544|1|9928|C
4|2|3|545|1|1|C
4|2|3|545|1|2|C
4|2|3|545|1|3|C
4|2|3|545|1|4|C
4|2|3|545|1|5|C
4|2|3|545|1|6|C
4|2|3|545|1|7|C
4|2|3|545|1|8|C
4|2|3|545|1|9|C
4|2|3|545|1|10|C
4|2|3|545|1|11|C
4|2|3|545|1|12|C
4|2|3|545|1|13|C
4|2|3|545|1|14|C
4|2|3|545|1|15|C
4|2|3|545|1|16|C
4|2|3|545|1|17|C
4|2|3|545|1|18|C
4|2|3|545|1|19|C
4|2|3|545|1|20|C
4|2|3|545|1|21|*
4|2|3|545|1|22|*
4|2|3|545|1|23|C
4|2|3|545|1|24|C
4|2|3|545|1|25|C
4|2|3|545|1|26|C
4|2|3|545|1|27|C
4|2|3|545|1|28|C
4|2|3|545|1|29|C
4|2|3|545|1|30|C
4|2|3|545|1|31|C
4|2|3|545|1|32|C
4|2|3|545|1|33|C
4|2|3|545|1|34|C
4|2|3|545|1|35|C
4|2|3|545|1|36|C
4|2|3|545|1|37|C
4|2|3|545|1|38|*
4|2|3|546|1|1|C
4|2|3|546|1|2|C
4|2|3|546|1|3|C
4|2|3|546|1|4|C
4|2|3|546|1|5|C
4|2|3|546|1|6|C
4|2|3|546|1|7|C
4|2|3|546|1|8|C
4|2|3|546|1|9|C
4|2|3|546|1|10|C
4|2|3|546|1|11|C
4|2|3|546|1|12|C
4|2|3|546|1|13|C
4|2|3|546|1|14|C
4|2|3|546|1|15|C
4|2|3|546|1|16|C
4|2|3|546|1|17|C
4|2|3|546|1|18|C
4|2|3|546|1|19|C
4|2|3|546|1|20|C
4|2|3|546|1|21|C
4|2|3|546|1|22|C
4|2|3|546|1|23|C
4|2|3|546|1|24|C
4|2|3|546|1|25|C
4|2|3|546|1|26|C
4|2|3|546|1|27|C
4|2|3|546|1|28|C
4|2|3|546|1|29|C
4|2|3|546|1|30|C
4|2|3|546|1|31|C
4|2|3|546|1|32|C
4|2|3|546|1|33|C
4|2|3|546|1|34|C
4|2|3|546|1|35|C
4|2|3|546|1|36|C
4|2|3|546|1|37|C
4|2|3|546|1|38|C
4|2|3|546|1|39|C
4|2|3|546|1|40|C
4|2|3|546|1|41|C
4|2|3|546|1|42|C
4|2|3|546|1|43|C
4|2|3|546|1|44|C
4|2|3|546|1|45|C
4|2|3|546|1|46|C
4|2|3|546|1|47|C
4|2|3|546|1|48|C
4|2|3|546|1|49|C
4|2|3|546|1|50|C
4|2|3|546|1|51|C
4|2|3|546|1|52|C
4|2|3|546|1|53|C
4|2|3|546|1|54|C
4|2|3|546|1|55|C
4|2|3|546|1|56|C
4|2|3|546|1|57|C
4|2|3|546|1|58|C
4|2|3|546|1|59|C
4|2|3|546|1|60|C
4|2|3|546|1|61|C
4|2|3|546|1|62|C
4|2|3|546|1|63|C
4|2|3|546|1|64|C
4|2|3|546|1|65|C
4|2|3|546|1|66|C
4|2|3|546|1|67|C
4|2|3|546|1|68|C
4|2|3|546|1|69|C
4|2|3|546|1|70|C
4|2|3|546|1|71|C
4|2|3|546|1|72|C
4|2|3|546|1|73|C
4|2|3|546|1|74|C
4|2|3|546|1|75|C
4|2|3|546|1|76|C
4|2|3|546|1|77|C
4|2|3|546|1|78|C
4|2|3|546|1|79|C
4|2|3|546|1|80|C
4|2|3|546|1|81|C
4|2|3|546|1|82|C
4|2|3|546|1|83|C
4|2|3|547|1|1|C
4|2|3|547|1|2|C
4|2|3|547|1|3|C
4|2|3|547|1|4|C
4|2|3|547|1|5|C
4|2|3|547|1|6|C
4|2|3|547|1|7|C
4|2|3|547|1|8|C
4|2|3|547|1|9|C
4|2|3|547|1|10|C
4|2|3|547|1|11|C
4|2|3|547|1|12|C
4|2|3|547|1|13|C
4|2|3|547|1|14|C
4|2|3|547|1|15|C
4|2|3|547|1|16|C
4|2|3|547|1|17|C
4|2|3|547|1|18|C
4|2|3|547|1|19|C
4|2|3|547|1|20|C
4|2|3|547|1|21|C
4|2|3|547|1|22|C
4|2|3|547|1|23|C
4|2|3|547|1|24|C
4|2|3|547|1|25|C
4|2|3|547|1|26|C
4|2|3|547|1|27|C
4|2|3|547|1|28|C
4|2|3|547|1|29|C
4|2|3|547|1|30|C
4|2|3|547|1|31|C
4|2|3|547|1|32|C
4|2|3|547|1|33|C
4|2|3|547|1|34|C
4|2|3|547|1|35|C
4|2|3|547|1|36|C
4|2|3|547|1|37|C
4|2|3|547|1|38|C
4|2|3|547|1|39|C
4|2|3|547|1|40|C
4|2|3|547|1|41|C
4|2|3|554|1|1|C
4|2|3|554|1|2|C
4|2|3|554|1|3|C
4|2|3|554|1|4|C
4|2|3|554|1|5|C
4|2|3|554|1|6|C
4|2|3|554|1|7|C
4|2|3|554|1|8|C
4|2|3|554|1|9|C
4|2|3|554|1|10|C
4|2|3|554|1|11|C
4|2|3|554|1|12|C
4|2|3|554|1|13|C
4|2|3|554|1|14|C
4|2|3|554|1|15|C
4|2|3|554|1|16|C
4|2|3|554|1|17|C
4|2|3|554|1|18|C
4|2|3|554|1|19|C
4|2|3|554|1|20|C
4|2|3|554|1|21|C
4|2|3|554|1|22|C
4|2|3|555|1|1|C
4|2|3|555|1|2|C
4|2|3|555|1|3|C
4|2|3|555|1|4|C
4|2|3|555|1|5|C
4|2|3|555|1|6|C
4|2|3|555|1|7|C
4|2|3|555|1|8|C
4|2|3|555|1|9|C
4|2|3|555|1|10|C
4|2|3|555|1|11|C
4|2|3|555|1|12|C
4|2|3|555|1|13|C
4|2|3|555|1|14|C
4|2|3|555|1|15|C
4|2|3|555|1|16|C
4|2|3|555|1|17|C
4|2|3|555|1|18|C
4|2|3|555|1|19|C
4|2|3|555|1|20|C
4|2|3|555|1|21|C
4|2|3|555|1|22|C
4|2|3|555|1|23|C
4|2|3|555|1|24|*
4|2|3|556|1|1|C
4|2|3|556|1|2|C
4|2|3|556|1|3|C
4|2|3|556|1|4|C
4|2|3|556|1|5|C
4|2|3|556|1|6|C
4|2|3|556|1|7|C
4|2|3|556|1|8|C
4|2|3|556|1|9|C
4|2|3|556|1|10|C
4|2|3|556|1|11|C
4|2|3|556|1|12|C
4|2|3|556|1|13|C
4|2|3|556|1|14|C
4|2|3|556|1|15|C
4|2|3|556|1|16|C
4|2|3|556|1|17|C
4|2|3|556|1|18|C
4|2|3|556|1|19|C
4|2|3|556|1|20|C
4|2|3|556|1|21|C
4|2|3|556|1|22|C
4|2|3|556|1|23|C
4|2|3|556|1|24|*
4|2|3|556|1|25|*
4|2|3|556|1|26|C
4|2|3|556|1|9900|C
4|2|3|556|1|9901|C
4|2|3|556|1|9902|C
4|2|3|556|1|9904|C
4|2|3|556|1|9905|C
4|2|3|556|1|9906|C
4|2|3|557|1|1|C
4|2|3|557|1|2|C
4|2|3|557|1|3|C
4|2|3|557|1|4|C
4|2|3|557|1|5|C
4|2|3|557|1|6|C
4|2|3|557|1|7|C
4|2|3|557|1|8|C
4|2|3|557|1|9|C
4|2|3|557|1|10|C
4|2|3|557|1|11|C
4|2|3|557|1|12|C
4|2|3|557|1|13|C
4|2|3|557|1|14|C
4|2|3|557|1|15|C
4|2|3|557|1|16|C
4|2|3|557|1|17|C
4|2|3|557|1|18|C
4|2|3|557|1|19|C
4|2|3|557|1|20|C
4|2|3|557|1|21|C
4|2|3|557|1|22|C
4|2|3|557|1|23|C
4|2|3|557|1|24|C
4|2|3|557|1|25|C
4|2|3|557|1|26|C
4|2|3|557|1|27|C
4|2|3|557|1|28|*
4|2|4|303|1|1|C
4|2|4|303|1|2|C
4|2|4|303|1|3|C
4|2|4|303|1|4|C
4|2|4|303|1|5|C
4|2|4|303|1|6|C
4|2|4|303|1|8|C
4|2|4|303|1|11|C
4|2|4|303|1|12|C
4|2|4|303|1|13|C
4|2|4|303|1|14|C
4|2|4|303|480|9999|C
4|2|4|304|1|1|C
4|2|4|304|1|2|C
4|2|4|304|1|3|C
4|2|4|304|1|4|C
4|2|4|304|1|5|C
4|2|4|304|1|6|C
4|2|4|304|1|7|C
4|2|4|304|1|8|C
4|2|4|304|1|9|C
4|2|4|304|1|10|C
4|2|4|304|1|12|*
4|2|4|304|1|14|C
4|2|4|304|1|15|C
4|2|4|304|1|16|C
4|2|4|304|1|17|C
4|2|4|304|1|18|C
4|2|4|304|1|19|C
4|2|4|304|1|20|C
4|2|4|304|1|34|C
4|2|4|304|1|40|C
4|2|4|304|1|43|*
4|2|4|304|1|49|C
4|2|4|305|1|2|C
4|2|4|305|1|3|C
4|2|4|305|1|9|C
4|2|4|305|1|10|C
4|2|4|305|1|11|C
4|2|4|305|1|12|C
4|2|4|305|1|13|C
4|2|4|305|1|21|C
4|2|4|305|1|22|C
4|2|4|305|1|23|C
4|2|4|305|1|24|C
4|2|4|305|1|25|C
4|2|4|305|1|26|C
4|2|4|305|1|30|C
4|2|4|305|1|35|C
4|2|4|305|1|46|C
4|2|4|305|1|47|C
4|2|4|305|1|48|C
4|2|4|305|1|49|C
4|2|4|306|1|1|C
4|2|4|306|1|2|C
4|2|4|306|1|5|C
4|2|4|306|1|6|C
4|2|4|306|1|7|C
4|2|4|306|1|13|C
4|2|4|306|1|14|C
4|2|4|306|1|19|C
4|2|4|306|1|20|C
4|2|4|306|1|21|C
4|2|4|306|1|27|C
4|2|4|306|1|28|C
4|2|4|306|1|29|C
4|2|4|306|1|30|C
4|2|4|306|1|31|C
4|2|4|306|1|36|C
4|2|4|306|1|37|C
4|2|4|306|1|38|C
4|2|4|306|1|39|C
4|2|4|306|1|43|C
4|2|4|306|1|44|C
4|2|4|306|1|45|C
4|2|4|306|1|46|C
4|2|4|306|1|47|C
4|2|4|306|1|48|C
4|2|4|306|1|49|C
4|2|4|306|1|50|C
4|2|4|306|1|51|C
4|2|4|306|1|52|C
4|2|4|306|1|53|C
4|2|4|306|1|54|C
4|2|4|306|1|55|C
4|2|4|306|1|56|C
4|2|4|306|1|57|C
4|2|4|306|1|58|C
4|2|4|306|1|59|C
4|2|4|306|1|61|C
4|2|4|306|1|62|C
4|2|4|306|1|63|C
4|2|4|306|1|64|*
4|2|4|306|1|65|*
4|2|4|306|1|66|C
4|2|4|306|1|67|C
4|2|4|306|1|68|C
4|2|4|306|205|9999|C
4|2|4|306|259|9999|C
4|2|4|306|317|9999|C
4|2|4|307|1|8|C
4|2|4|307|1|17|C
4|2|4|307|1|27|C
4|2|4|307|1|28|C
4|2|4|307|1|29|C
4|2|4|307|1|31|C
4|2|4|307|1|32|C
4|2|4|307|1|36|C
4|2|4|307|1|37|C
4|2|4|307|1|38|C
4|2|4|307|1|40|C
4|2|4|307|1|41|C
4|2|4|307|1|42|C
4|2|4|307|1|43|C
4|2|4|307|1|44|C
4|2|4|307|1|48|C
4|2|4|308|1|6|C
4|2|4|308|1|7|C
4|2|4|308|1|14|*
4|2|4|308|1|15|C
4|2|4|308|1|16|C
4|2|4|308|1|25|C
4|2|4|308|1|26|C
4|2|4|308|1|27|C
4|2|4|308|1|28|C
4|2|4|308|1|35|C
4|2|4|308|1|36|C
4|2|4|308|1|37|C
4|2|4|308|1|39|C
4|2|4|308|1|44|C
4|2|4|308|1|49|C
4|2|4|308|1|50|C
4|2|4|308|1|53|C
4|2|4|309|1|1|C
4|2|4|309|1|2|C
4|2|4|309|1|3|C
4|2|4|309|1|4|C
4|2|4|309|1|10|C
4|2|4|309|1|12|C
4|2|4|309|1|13|C
4|2|4|309|1|23|C
4|2|4|309|1|24|C
4|2|4|309|1|32|C
4|2|4|309|1|33|C
4|2|4|309|1|34|C
4|2|4|309|1|35|*
4|2|4|310|1|1|C
4|2|4|310|1|7|C
4|2|4|310|1|8|C
4|2|4|310|1|11|C
4|2|4|310|1|17|C
4|2|4|310|1|18|C
4|2|4|310|1|19|C
4|2|4|310|1|21|C
4|2|4|310|1|22|C
4|2|4|310|1|31|C
4|2|4|310|1|32|C
4|2|4|310|1|33|C
4|2|4|310|1|34|C
4|2|4|310|1|35|C
4|2|4|310|1|36|C
4|2|4|310|1|37|C
4|2|4|310|1|38|C
4|2|4|310|1|39|C
4|2|4|311|1|9|C
4|2|4|311|1|18|C
4|2|4|311|1|19|C
4|2|4|311|1|20|C
4|2|4|311|1|30|C
4|2|4|311|1|31|C
4|2|4|311|1|42|C
4|2|4|311|1|47|C
4|2|4|311|1|48|C
4|2|4|311|1|49|C
4|2|4|311|1|50|C
4|2|4|312|1|1|C
4|2|4|312|1|2|C
4|2|4|312|1|3|C
4|2|4|312|1|4|C
4|2|4|312|1|6|C
4|2|4|312|1|7|C
4|2|4|312|1|8|C
4|2|4|312|1|9|C
4|2|4|312|1|10|C
4|2|4|312|1|11|C
4|2|4|312|1|12|C
4|2|4|312|1|13|C
4|2|4|312|1|14|C
4|2|4|312|1|15|C
4|2|4|312|1|16|C
4|2|4|312|1|17|C
4|2|4|312|1|18|C
4|2|4|312|1|19|C
4|2|4|312|1|20|C
4|2|4|312|1|21|C
4|2|4|312|1|22|C
4|2|4|312|1|23|C
4|2|4|312|1|24|C
4|2|4|312|1|25|C
4|2|4|312|1|26|C
4|2|4|312|1|27|C
4|2|4|312|1|28|C
4|2|4|312|1|29|C
4|2|4|312|1|30|C
4|2|4|312|1|31|C
4|2|4|312|1|32|C
4|2|4|312|1|33|C
4|2|4|312|1|34|C
4|2|4|312|1|35|C
4|2|4|312|1|36|C
4|2|4|312|1|38|C
4|2|4|312|1|43|C
4|2|4|312|1|45|C
4|2|4|312|1|46|C
4|2|4|312|1|47|C
4|2|4|312|1|48|C
4|2|4|312|1|49|C
4|2|4|312|1|50|C
4|2|4|312|1|51|C
4|2|4|312|1|52|C
4|2|4|312|1|53|C
4|2|4|312|1|54|C
4|2|4|312|1|55|C
4|2|4|312|1|56|C
4|2|4|312|1|57|C
4|2|4|312|1|58|C
4|2|4|312|1|59|C
4|2|4|312|1|60|C
4|2|4|312|1|61|C
4|2|4|312|1|64|C
4|2|4|312|1|65|C
4|2|4|312|1|67|C
4|2|4|312|1|68|C
4|2|4|312|1|70|C
4|2|4|312|1|71|C
4|2|4|312|1|72|C
4|2|4|312|1|73|C
4|2|4|312|1|74|C
4|2|4|312|1|75|C
4|2|4|312|1|76|C
4|2|4|312|1|77|C
4|2|4|312|1|78|C
4|2|4|312|1|79|C
4|2|4|312|1|80|C
4|2|4|312|1|81|C
4|2|4|313|1|2|C
4|2|4|313|1|3|C
4|2|4|313|1|4|C
4|2|4|313|1|10|C
4|2|4|313|1|11|C
4|2|4|313|1|21|C
4|2|4|313|1|22|C
4|2|4|313|1|23|C
4|2|4|313|1|25|C
4|2|4|313|1|26|C
4|2|4|313|1|27|C
4|2|4|313|1|28|C
4|2|4|313|1|29|C
4|2|4|313|1|30|C
4|2|4|313|1|33|C
4|2|4|313|1|34|C
4|2|4|313|1|35|C
4|2|4|313|1|36|C
4|2|4|313|1|37|C
4|2|4|313|1|39|*
4|2|4|313|1|40|C
4|2|4|313|1|41|C
4|2|4|313|1|42|C
4|2|4|313|1|44|C
4|2|4|313|1|45|C
4|2|4|313|1|46|C
4|2|4|313|1|47|C
4|2|4|313|1|48|C
4|2|4|313|1|49|C
4|2|4|313|1|50|C
4|2|4|313|1|51|C
4|2|4|313|1|52|C
4|2|4|313|1|53|C
4|2|4|313|1|54|C
4|2|4|313|1|55|C
4|2|4|313|1|56|C
4|2|4|313|1|57|C
4|2|4|314|1|3|C
4|2|4|314|1|4|C
4|2|4|314|1|5|C
4|2|4|314|1|6|C
4|2|4|314|1|11|C
4|2|4|314|1|12|C
4|2|4|314|1|13|C
4|2|4|314|1|14|C
4|2|4|314|1|15|C
4|2|4|314|1|16|C
4|2|4|314|1|23|C
4|2|4|314|1|24|C
4|2|4|314|1|25|C
4|2|4|314|1|26|C
4|2|4|314|1|27|C
4|2|4|314|1|28|C
4|2|4|314|1|29|C
4|2|4|314|1|30|C
4|2|4|315|1|1|C
4|2|4|315|1|2|C
4|2|4|315|1|6|C
4|2|4|315|1|7|C
4|2|4|315|1|8|C
4|2|4|315|1|9|C
4|2|4|315|1|10|C
4|2|4|315|1|11|C
4|2|4|315|1|18|C
4|2|4|315|1|19|C
4|2|4|315|1|20|C
4|2|4|315|1|21|C
4|2|4|315|1|22|C
4|2|4|315|1|23|C
4|2|4|315|1|24|C
4|2|4|315|1|25|C
4|2|4|315|1|26|C
4|2|4|315|1|27|C
4|2|4|315|1|28|C
4|2|4|315|1|29|C
4|2|4|315|1|30|C
4|2|4|316|1|1|C
4|2|4|316|1|2|C
4|2|4|316|1|3|C
4|2|4|316|1|4|C
4|2|4|316|1|5|C
4|2|4|316|1|6|C
4|2|4|316|1|7|C
4|2|4|316|1|8|C
4|2|4|316|1|9|C
4|2|4|316|1|10|C
4|2|4|316|1|11|C
4|2|4|316|1|12|C
4|2|4|316|1|13|C
4|2|4|316|1|14|C
4|2|4|316|1|15|C
4|2|4|316|1|16|C
4|2|4|316|1|17|C
4|2|4|316|1|18|C
4|2|4|316|1|19|C
4|2|4|316|1|20|C
4|2|4|316|1|21|C
4|2|4|316|1|22|C
4|2|4|316|1|23|C
4|2|4|316|1|25|C
4|2|4|316|1|27|C
4|2|4|316|1|28|C
4|2|4|316|1|29|C
4|2|4|316|1|30|C
4|2|4|316|1|31|C
4|2|4|316|1|32|C
4|2|4|316|1|33|C
4|2|4|316|1|34|C
4|2|4|316|1|35|C
4|2|4|316|1|36|C
4|2|4|316|1|37|C
4|2|4|316|1|38|C
4|2|4|316|1|39|C
4|2|4|316|1|40|C
4|2|4|316|1|41|C
4|2|4|316|1|42|C
4|2|4|317|1|1|C
4|2|4|317|1|2|C
4|2|4|317|1|3|C
4|2|4|317|1|4|C
4|2|4|317|1|5|C
4|2|4|317|1|6|C
4|2|4|317|1|7|C
4|2|4|317|1|8|C
4|2|4|317|1|9|C
4|2|4|317|1|12|C
4|2|4|317|1|13|C
4|2|4|317|1|14|C
4|2|4|317|1|15|C
4|2|4|317|1|16|C
4|2|4|317|1|22|C
4|2|4|317|1|23|C
4|2|4|317|1|24|C
4|2|4|317|1|29|C
4|2|4|317|1|30|C
4|2|4|317|1|31|C
4|2|4|317|1|32|C
4|2|4|317|1|33|C
4|2|4|317|1|35|C
4|2|4|317|1|36|C
4|2|4|317|1|37|C
4|2|4|317|1|38|C
4|2|4|317|1|39|C
4|2|4|317|1|40|C
4|2|4|317|1|43|C
4|2|4|317|1|47|C
4|2|4|317|1|48|C
4|2|4|317|1|49|C
4|2|4|317|1|50|C
4|2|4|317|1|51|C
4|2|4|317|1|52|C
4|2|4|317|1|53|C
4|2|4|317|1|54|C
4|2|4|317|1|56|C
4|2|4|317|1|57|C
4|2|4|317|1|58|C
4|2|4|317|1|59|C
4|2|4|317|1|60|C
4|2|4|317|1|62|C
4|2|4|317|1|63|C
4|2|4|317|1|64|C
4|2|4|317|1|65|C
4|2|4|317|1|66|C
4|2|4|317|1|67|C
4|2|4|317|1|68|C
4|2|4|317|1|69|C
4|2|4|317|1|71|C
4|2|4|317|1|72|C
4|2|4|317|1|73|C
4|2|4|317|1|74|C
4|2|4|317|1|75|C
4|2|4|317|1|76|C
4|2|4|317|1|77|C
4|2|4|317|1|78|C
4|2|4|317|1|79|C
4|2|4|317|1|80|C
4|2|4|317|1|81|C
4|2|4|317|1|82|C
4|2|4|317|1|83|C
4|2|4|317|1|84|C
4|2|4|317|1|85|C
4|2|4|317|1|86|C
4|2|4|317|1|87|C
4|2|4|317|1|88|C
4|2|4|317|1|89|C
4|2|4|317|1|94|C
4|2|4|317|1|95|C
4|2|4|317|1|96|C
4|2|4|317|1|97|C
4|2|4|317|1|98|C
4|2|4|317|1|99|C
4|2|4|318|1|3|C
4|2|4|318|1|4|C
4|2|4|318|1|5|C
4|2|4|318|1|7|C
4|2|4|318|1|12|C
4|2|4|318|1|13|C
4|2|4|318|1|14|C
4|2|4|318|1|15|C
4|2|4|318|1|16|C
4|2|4|318|1|17|C
4|2|4|318|1|25|C
4|2|4|318|1|26|C
4|2|4|318|1|27|C
4|2|4|318|1|28|C
4|2|4|318|1|29|C
4|2|4|318|1|30|C
4|2|4|318|1|31|C
4|2|4|318|1|32|C
4|2|4|318|1|33|C
4|2|4|318|1|50|C
4|2|4|318|1|51|C
4|2|4|318|1|52|C
4|2|4|318|1|53|C
4|2|4|318|1|54|C
4|2|4|318|1|55|C
4|2|4|318|1|58|C
4|2|4|318|1|59|C
4|2|4|318|1|60|C
4|2|4|318|1|61|C
4|2|4|318|1|62|C
4|2|4|318|1|63|C
4|2|4|318|1|64|C
4|2|4|318|1|65|C
4|2|4|319|1|1|C
4|2|4|319|1|2|C
4|2|4|319|1|3|C
4|2|4|319|1|4|C
4|2|4|319|1|5|C
4|2|4|319|1|6|C
4|2|4|319|1|7|C
4|2|4|319|1|8|C
4|2|4|319|1|9|C
4|2|4|319|1|10|C
4|2|4|319|1|11|C
4|2|4|319|1|12|C
4|2|4|319|1|13|C
4|2|4|319|1|14|C
4|2|4|319|1|15|C
4|2|4|319|1|16|C
4|2|4|319|1|17|C
4|2|4|319|1|19|C
4|2|4|319|1|20|C
4|2|4|319|1|21|C
4|2|4|319|1|22|C
4|2|4|319|1|23|*
4|2|4|319|1|24|*
4|2|4|319|1|25|*
4|2|4|319|1|26|C
4|2|4|319|1|27|C
4|2|4|319|1|28|C
4|2|4|319|1|29|C
4|2|4|319|1|30|C
4|2|4|319|1|31|C
4|2|4|319|1|32|C
4|2|4|319|1|33|C
4|2|4|319|1|34|C
4|2|4|319|1|35|C
4|2|4|319|1|36|C
4|2|4|319|1|37|C
4|2|4|319|1|38|C
4|2|4|319|1|40|C
4|2|4|319|1|41|C
4|2|4|319|1|42|C
4|2|4|319|1|43|C
4|2|4|319|1|44|C
4|2|4|319|1|45|C
4|2|4|319|1|46|C
4|2|4|319|1|47|C
4|2|4|319|1|48|C
4|2|4|319|1|49|C
4|2|4|319|1|50|C
4|2|4|319|1|51|C
4|2|4|319|1|52|C
4|2|4|319|1|53|C
4|2|4|319|1|54|C
4|2|4|319|1|55|C
4|2|4|319|1|56|C
4|2|4|319|1|57|C
4|2|4|319|1|58|C
4|2|4|319|1|59|C
4|2|4|319|1|60|C
4|2|4|319|1|61|C
4|2|4|319|1|62|C
4|2|4|319|1|63|C
4|2|4|319|1|64|C
4|2|4|319|1|66|C
4|2|4|319|1|67|C
4|2|4|319|1|68|C
4|2|4|319|1|69|C
4|2|4|319|1|70|C
4|2|4|319|1|71|C
4|2|4|319|1|72|C
4|2|4|319|1|73|C
4|2|4|319|1|74|C
4|2|4|319|1|75|C
4|2|4|319|1|76|C
4|2|4|319|1|77|C
4|2|4|319|1|78|C
4|2|4|319|1|79|C
4|2|4|319|1|80|C
4|2|4|319|1|81|C
4|2|4|319|1|82|C
4|2|4|319|1|84|C
4|2|4|319|1|85|C
4|2|4|319|1|86|C
4|2|4|319|1|87|C
4|2|4|319|1|88|C
4|2|4|319|1|89|C
4|2|4|319|1|90|C
4|2|4|319|1|91|C
4|2|4|319|1|92|C
4|2|4|319|1|93|C
4|2|4|319|1|94|C
4|2|4|319|1|95|C
4|2|4|319|1|96|C
4|2|4|319|1|97|C
4|2|4|319|1|98|C
4|2|4|319|1|99|C
4|2|4|319|1|101|C
4|2|4|319|1|102|C
4|2|4|319|1|103|C
4|2|4|319|1|105|C
4|2|4|319|1|106|C
4|2|4|319|1|108|C
4|2|4|319|1|109|C
4|2|4|319|1|111|C
4|2|4|319|1|112|C
4|2|4|319|1|113|C
4|2|4|319|1|114|C
4|2|4|319|1|115|C
4|2|4|319|1|116|C
4|2|4|319|1|117|C
4|2|4|319|1|122|C
4|2|4|319|1|123|C
4|2|4|319|1|124|C
4|2|4|319|1|125|C
4|2|4|319|1|126|C
4|2|4|319|1|127|C
4|2|4|319|1|128|C
4|2|4|319|1|129|C
4|2|4|319|1|131|C
4|2|4|319|1|132|C
4|2|4|319|1|133|C
4|2|4|319|1|134|C
4|2|4|319|1|135|C
4|2|4|319|1|136|C
4|2|4|319|1|137|C
4|2|4|319|1|138|C
4|2|4|319|1|139|C
4|2|4|319|1|141|C
4|2|4|319|1|142|C
4|2|4|319|1|143|C
4|2|4|319|1|144|C
4|2|4|319|1|145|C
4|2|4|319|1|146|C
4|2|4|319|1|147|C
4|2|4|319|1|148|C
4|2|4|319|1|149|C
4|2|4|319|1|151|C
4|2|4|319|1|152|C
4|2|4|319|1|153|C
4|2|4|319|1|154|C
4|2|4|319|1|155|C
4|2|4|319|1|156|C
4|2|4|319|1|157|C
4|2|4|319|1|158|C
4|2|4|319|1|159|C
4|2|4|319|1|161|C
4|2|4|319|1|162|C
4|2|4|319|1|163|C
4|2|4|319|1|164|C
4|2|4|319|1|165|C
4|2|4|319|1|166|C
4|2|4|319|1|171|C
4|2|4|319|1|172|C
4|2|4|319|1|173|C
4|2|4|319|1|174|C
4|2|4|319|1|175|C
4|2|4|319|1|176|C
4|2|4|319|1|178|C
4|2|4|319|1|179|C
4|2|4|319|1|191|C
4|2|4|319|1|195|C
4|2|4|319|1|196|C
4|2|4|319|1|198|C
4|2|4|319|1|199|C
4|2|4|319|1|201|C
4|2|4|319|1|202|C
4|2|4|319|1|203|C
4|2|4|319|1|204|C
4|2|4|319|1|205|C
4|2|4|319|1|206|C
4|2|4|319|1|207|C
4|2|4|319|1|208|C
4|2|4|319|1|209|C
4|2|4|319|1|211|C
4|2|4|319|1|212|C
4|2|4|319|1|213|C
4|2|4|319|1|214|C
4|2|4|319|1|215|C
4|2|4|319|1|216|C
4|2|4|319|1|217|C
4|2|4|319|1|218|C
4|2|4|319|1|219|C
4|2|4|319|1|221|C
4|2|4|319|1|222|C
4|2|4|319|1|223|C
4|2|4|319|1|224|C
4|2|4|319|1|225|C
4|2|4|319|1|226|C
4|2|4|319|1|227|C
4|2|4|319|1|228|C
4|2|4|319|1|229|C
4|2|4|319|1|232|C
4|2|4|319|1|233|C
4|2|4|319|1|234|C
4|2|4|319|1|236|C
4|2|4|319|1|237|C
4|2|4|319|1|238|*
4|2|4|319|1|239|C
4|2|4|319|1|251|C
4|2|4|319|1|252|C
4|2|4|319|1|253|C
4|2|4|319|1|254|C
4|2|4|319|1|255|C
4|2|4|319|1|256|C
4|2|4|319|1|257|C
4|2|4|319|1|258|C
4|2|4|319|1|259|C
4|2|4|319|1|261|C
4|2|4|319|1|262|C
4|2|4|319|1|263|C
4|2|4|319|1|264|C
4|2|4|319|1|265|C
4|2|4|319|1|266|C
4|2|4|319|1|267|C
4|2|4|319|1|268|C
4|2|4|319|1|269|C
4|2|4|319|1|271|C
4|2|4|319|1|272|C
4|2|4|319|1|273|C
4|2|4|319|1|274|C
4|2|4|319|1|275|C
4|2|4|319|1|276|C
4|2|4|319|1|277|C
4|2|4|319|1|278|C
4|2|4|319|1|279|C
4|2|4|319|1|9918|C
4|2|4|319|1|9919|C
4|2|4|319|1|9920|C
4|2|4|319|1|9921|C
4|2|4|319|1|9922|C
4|2|4|319|1|9923|C
4|2|4|319|1|9924|C
4|2|4|319|1|9925|C
4|2|4|319|1|9926|C
4|2|4|319|1|9927|C
4|2|4|319|1|9928|C
4|2|4|319|1|9929|C
4|2|4|319|1|9930|C
4|2|4|319|1|9931|C
4|2|4|319|1|9932|C
4|2|4|319|1|9933|C
4|2|4|319|1|9934|C
4|2|4|319|1|9935|C
4|2|4|319|1|9936|C
4|2|4|319|1|9937|C
4|2|4|319|1|9938|C
4|2|4|319|1|9939|C
4|2|4|319|1|9940|C
4|2|4|319|1|9941|C
4|2|4|319|1|9942|C
4|2|4|319|1|9943|C
4|2|4|319|1|9944|C
4|2|4|319|1|9945|C
4|2|4|319|1|9946|C
4|2|4|319|1|9947|C
4|2|4|319|1|9948|C
4|2|4|319|1|9949|C
4|2|4|319|1|9950|C
4|2|4|319|1|9951|C
4|2|4|319|1|9952|C
4|2|4|319|1|9953|C
4|2|4|319|1|9954|C
4|2|4|319|1|9955|C
4|2|4|319|1|9956|C
4|2|4|319|1|9957|C
4|2|4|319|1|9958|C
4|2|4|319|59|9999|C
4|2|4|319|84|9999|C
4|2|4|319|105|9999|C
4|2|4|319|153|9999|C
4|2|4|319|168|9999|C
4|2|4|319|221|9999|C
4|2|4|319|238|9999|C
4|2|4|319|251|9999|C
4|2|4|319|260|9999|C
4|2|4|319|275|9999|C
4|2|4|319|276|9999|C
4|2|4|319|303|9999|C
4|2|4|319|315|9999|C
4|2|4|319|335|9999|C
4|2|4|319|337|9999|C
4|2|4|319|349|9999|C
4|2|4|319|368|9999|C
4|2|4|319|413|3|C
4|2|4|319|413|4|C
4|2|4|319|413|5|C
4|2|4|319|413|6|C
4|2|4|319|413|7|C
4|2|4|319|413|8|C
4|2|4|319|413|9|C
4|2|4|319|413|10|C
4|2|4|319|413|11|C
4|2|4|319|413|12|*
4|2|4|319|413|13|C
4|2|4|319|413|14|C
4|2|4|319|413|15|C
4|2|4|319|413|16|C
4|2|4|319|413|17|C
4|2|4|319|413|18|C
4|2|4|319|413|19|C
4|2|4|319|413|20|C
4|2|4|319|413|21|C
4|2|4|319|413|22|C
4|2|4|319|413|23|C
4|2|4|319|413|24|C
4|2|4|319|413|25|C
4|2|4|319|413|26|C
4|2|4|319|413|27|C
4|2|4|319|413|28|C
4|2|4|319|413|30|C
4|2|4|319|413|31|C
4|2|4|319|413|32|C
4|2|4|319|413|33|C
4|2|4|319|413|35|C
4|2|4|319|413|36|C
4|2|4|319|413|9999|C
4|2|4|319|427|9999|C
4|2|4|319|455|1|*
4|2|4|319|455|2|C
4|2|4|319|455|3|C
4|2|4|319|455|4|C
4|2|4|319|455|5|C
4|2|4|319|455|6|C
4|2|4|319|455|7|C
4|2|4|319|455|8|C
4|2|4|319|455|9|*
4|2|4|319|455|10|C
4|2|4|319|455|11|C
4|2|4|319|455|12|*
4|2|4|319|455|13|C
4|2|4|319|455|14|C
4|2|4|319|455|15|*
4|2|4|319|455|16|*
4|2|4|319|455|17|C
4|2|4|319|455|18|C
4|2|4|319|465|9999|C
4|2|4|319|482|9999|C
4|2|4|319|526|9999|C
4|2|4|329|62|9999|C
4|2|4|329|131|1|C
4|2|4|329|131|2|C
4|2|4|329|131|3|C
4|2|4|329|131|4|C
4|2|4|329|131|5|C
4|2|4|329|131|6|C
4|2|4|329|131|8|C
4|2|4|329|131|9|C
4|2|4|329|131|10|C
4|2|4|329|131|11|C
4|2|4|329|131|12|C
4|2|4|329|131|13|C
4|2|4|329|131|14|C
4|2|4|329|131|15|C
4|2|4|329|131|16|C
4|2|4|329|131|17|C
4|2|4|329|131|18|C
4|2|4|329|131|19|C
4|2|4|329|131|20|C
4|2|4|329|131|21|*
4|2|4|329|131|22|C
4|2|4|329|131|23|C
4|2|4|329|131|24|C
4|2|4|329|131|25|C
4|2|4|329|131|26|C
4|2|4|329|131|27|C
4|2|4|329|131|28|C
4|2|4|329|131|29|*
4|2|4|329|131|30|C
4|2|4|329|131|31|C
4|2|4|329|131|32|C
4|2|4|329|131|33|C
4|2|4|329|131|35|C
4|2|4|329|131|36|C
4|2|4|329|131|37|C
4|2|4|329|131|38|C
4|2|4|329|131|39|C
4|2|4|329|131|40|C
4|2|4|329|131|41|C
4|2|4|329|131|42|C
4|2|4|329|131|43|C
4|2|4|329|131|44|C
4|2|4|329|131|45|C
4|2|4|329|131|46|C
4|2|4|329|131|47|C
4|2|4|329|131|48|C
4|2|4|329|131|49|C
4|2|4|329|131|51|C
4|2|4|329|131|52|C
4|2|4|329|131|53|C
4|2|4|329|131|54|C
4|2|4|329|131|55|C
4|2|4|329|278|9999|C
4|2|4|329|324|9999|*
4|2|4|329|479|9999|C
4|2|4|329|532|9999|C
4|2|4|329|535|9999|C
4|2|4|330|5|1|C
4|2|4|330|5|2|C
4|2|4|330|5|3|C
4|2|4|330|5|4|*
4|2|4|330|5|5|C
4|2|4|330|5|6|C
4|2|4|330|5|8|C
4|2|4|330|5|9|C
4|2|4|330|5|10|C
4|2|4|330|5|11|C
4|2|4|330|5|12|C
4|2|4|330|5|19|C
4|2|4|330|5|20|C
4|2|4|330|5|21|C
4|2|4|330|5|22|C
4|2|4|330|5|23|C
4|2|4|330|5|24|C
4|2|4|330|5|25|C
4|2|4|330|5|26|C
4|2|4|330|5|35|C
4|2|4|330|5|36|C
4|2|4|330|5|37|C
4|2|4|330|5|38|C
4|2|4|330|5|39|C
4|2|4|330|5|40|C
4|2|4|330|5|41|C
4|2|4|330|5|47|C
4|2|4|330|5|48|C
4|2|4|330|5|49|C
4|2|4|330|5|53|C
4|2|4|330|5|55|C
4|2|4|330|5|56|C
4|2|4|330|5|57|C
4|2|4|330|5|58|C
4|2|4|330|5|59|C
4|2|4|330|5|60|C
4|2|4|330|5|61|C
4|2|4|330|5|62|C
4|2|4|330|5|63|C
4|2|4|330|5|64|C
4|2|4|332|26|9999|C
4|2|4|332|56|1|C
4|2|4|332|56|3|C
4|2|4|332|56|6|C
4|2|4|332|56|7|C
4|2|4|332|56|8|C
4|2|4|332|56|9|C
4|2|4|332|56|10|C
4|2|4|332|56|11|C
4|2|4|332|56|12|C
4|2|4|332|56|13|C
4|2|4|332|56|14|C
4|2|4|332|56|15|C
4|2|4|332|56|16|C
4|2|4|332|56|17|C
4|2|4|332|56|18|C
4|2|4|332|56|19|C
4|2|4|332|56|20|C
4|2|4|332|56|21|C
4|2|4|332|56|23|C
4|2|4|332|56|24|C
4|2|4|332|56|25|C
4|2|4|332|56|26|C
4|2|4|332|56|27|C
4|2|4|332|56|28|C
4|2|4|332|56|29|C
4|2|4|332|56|30|C
4|2|4|332|56|9999|C
4|2|4|332|85|9999|C
4|2|4|332|138|9999|C
4|2|4|332|219|9999|C
4|2|4|332|222|9999|C
4|2|4|332|309|9999|C
4|2|4|332|524|9999|C
4|2|4|333|55|9999|*
4|2|4|333|177|1|C
4|2|4|333|177|2|C
4|2|4|333|177|5|C
4|2|4|333|177|6|C
4|2|4|333|177|7|C
4|2|4|333|177|9|C
4|2|4|333|177|10|*
4|2|4|333|177|12|C
4|2|4|333|177|13|C
4|2|4|333|177|14|C
4|2|4|333|177|16|C
4|2|4|333|177|17|C
4|2|4|333|177|18|C
4|2|4|333|177|19|C
4|2|4|333|177|20|C
4|2|4|333|177|21|C
4|2|4|333|177|23|C
4|2|4|333|177|24|C
4|2|4|333|177|25|C
4|2|4|333|177|27|C
4|2|4|333|177|28|C
4|2|4|333|177|29|C
4|2|4|333|177|30|C
4|2|4|333|177|31|C
4|2|4|333|177|9999|C
4|2|4|333|226|9999|C
4|2|4|333|258|1|C
4|2|4|333|258|2|C
4|2|4|333|258|3|C
4|2|4|333|258|4|C
4|2|4|333|258|5|C
4|2|4|333|258|6|C
4|2|4|333|258|7|C
4|2|4|333|258|8|C
4|2|4|333|258|9|C
4|2|4|333|258|10|C
4|2|4|333|258|11|C
4|2|4|333|258|12|*
4|2|4|333|258|13|*
4|2|4|333|258|14|C
4|2|4|333|258|15|C
4|2|4|333|258|16|C
4|2|4|333|258|9999|C
4|2|4|333|314|9999|C
4|2|4|333|375|9999|C
4|2|4|333|461|9999|*
4|2|4|334|19|3|C
4|2|4|334|19|4|C
4|2|4|334|19|5|C
4|2|4|334|19|8|C
4|2|4|334|19|9|C
4|2|4|334|19|10|C
4|2|4|334|19|11|C
4|2|4|334|19|12|C
4|2|4|334|19|13|C
4|2|4|334|19|14|C
4|2|4|334|19|15|C
4|2|4|334|19|18|C
4|2|4|334|19|19|C
4|2|4|334|19|20|C
4|2|4|334|19|21|C
4|2|4|334|19|22|C
4|2|4|334|19|23|C
4|2|4|334|19|24|C
4|2|4|334|19|25|C
4|2|4|334|19|26|C
4|2|4|334|19|28|C
4|2|4|334|19|29|C
4|2|4|334|19|30|C
4|2|4|334|19|31|C
4|2|4|334|19|32|C
4|2|4|334|19|33|C
4|2|4|334|19|34|C
4|2|4|334|19|35|C
4|2|4|334|19|36|C
4|2|4|334|19|37|C
4|2|4|334|19|38|C
4|2|4|334|19|39|C
4|2|4|334|19|40|C
4|2|4|334|19|41|C
4|2|4|334|19|42|C
4|2|4|334|19|43|C
4|2|4|334|19|44|C
4|2|4|334|19|45|C
4|2|4|334|19|46|C
4|2|4|334|19|47|C
4|2|4|334|19|49|C
4|2|4|334|19|50|C
4|2|4|334|19|51|C
4|2|4|334|19|52|C
4|2|4|334|19|53|C
4|2|4|334|19|54|C
4|2|4|334|19|55|C
4|2|4|334|19|57|C
4|2|4|334|19|58|C
4|2|4|334|19|59|C
4|2|4|334|19|60|C
4|2|4|334|19|61|C
4|2|4|334|19|62|C
4|2|4|334|19|63|C
4|2|4|334|19|64|C
4|2|4|334|19|65|C
4|2|4|334|19|66|C
4|2|4|334|19|67|C
4|2|4|334|19|68|C
4|2|4|334|19|69|C
4|2|4|334|19|9999|C
4|2|4|334|277|9999|C
4|2|4|334|306|1|C
4|2|4|334|306|2|C
4|2|4|334|306|3|C
4|2|4|334|306|6|C
4|2|4|334|306|7|C
4|2|4|334|306|8|C
4|2|4|334|306|9|C
4|2|4|334|306|10|C
4|2|4|334|306|11|C
4|2|4|334|306|12|C
4|2|4|334|306|13|C
4|2|4|334|306|14|C
4|2|4|334|306|15|C
4|2|4|334|306|16|C
4|2|4|334|306|17|C
4|2|4|334|306|18|C
4|2|4|334|306|19|C
4|2|4|334|306|20|C
4|2|4|334|306|21|C
4|2|4|334|306|22|C
4|2|4|334|306|23|C
4|2|4|334|306|24|C
4|2|4|334|306|25|C
4|2|4|334|306|26|C
4|2|4|334|306|27|C
4|2|4|334|306|28|C
4|2|4|334|306|29|C
4|2|4|334|306|30|C
4|2|4|334|306|31|C
4|2|4|334|306|32|C
4|2|4|334|306|33|C
4|2|4|334|306|9999|C
4|2|4|334|307|1|C
4|2|4|334|307|3|C
4|2|4|334|307|4|C
4|2|4|334|307|5|C
4|2|4|334|307|6|C
4|2|4|334|307|7|C
4|2|4|334|307|8|C
4|2|4|334|307|10|C
4|2|4|334|307|12|C
4|2|4|334|307|13|C
4|2|4|334|307|14|C
4|2|4|334|307|15|C
4|2|4|334|307|16|C
4|2|4|334|307|17|C
4|2|4|334|307|9999|C
4|2|4|334|342|9999|C
4|2|4|334|345|9999|C
4|2|4|334|376|9999|C
4|2|4|334|444|9999|*
4|2|4|334|462|9999|C
4|2|4|334|463|9999|C
4|2|4|334|476|9999|C
4|2|4|334|531|9999|C
4|2|4|334|533|9999|C
4|2|4|335|40|9999|C
4|2|4|335|212|1|C
4|2|4|335|212|2|C
4|2|4|335|212|3|C
4|2|4|335|212|4|C
4|2|4|335|212|5|C
4|2|4|335|212|6|C
4|2|4|335|212|7|C
4|2|4|335|212|8|C
4|2|4|335|212|9|C
4|2|4|335|212|10|C
4|2|4|335|212|11|C
4|2|4|335|212|12|C
4|2|4|335|212|13|C
4|2|4|335|212|14|C
4|2|4|335|212|15|C
4|2|4|335|212|16|C
4|2|4|335|212|17|C
4|2|4|335|212|18|C
4|2|4|335|212|19|C
4|2|4|335|212|20|C
4|2|4|335|212|21|C
4|2|4|335|212|22|C
4|2|4|335|212|23|C
4|2|4|335|212|24|C
4|2|4|335|212|25|C
4|2|4|335|212|26|C
4|2|4|335|212|27|C
4|2|4|335|212|28|C
4|2|4|335|212|29|C
4|2|4|335|212|30|C
4|2|4|335|212|31|C
4|2|4|335|212|32|C
4|2|4|335|212|33|C
4|2|4|335|212|34|C
4|2|4|335|212|35|C
4|2|4|335|212|36|C
4|2|4|335|212|37|C
4|2|4|335|212|38|C
4|2|4|335|212|39|C
4|2|4|335|212|40|C
4|2|4|335|212|41|C
4|2|4|335|212|42|C
4|2|4|335|212|43|C
4|2|4|335|212|44|C
4|2|4|335|212|45|C
4|2|4|335|212|46|C
4|2|4|335|212|47|C
4|2|4|335|212|48|C
4|2|4|335|212|49|C
4|2|4|335|212|50|C
4|2|4|335|212|51|C
4|2|4|335|212|52|C
4|2|4|335|212|53|C
4|2|4|335|212|54|C
4|2|4|335|212|55|C
4|2|4|335|212|56|C
4|2|4|335|212|57|C
4|2|4|335|212|58|C
4|2|4|335|212|59|C
4|2|4|335|212|61|*
4|2|4|335|212|62|C
4|2|4|335|212|63|C
4|2|4|335|212|9999|C
4|2|4|335|256|9999|C
4|2|4|335|426|1|C
4|2|4|335|426|2|C
4|2|4|335|426|3|C
4|2|4|335|426|4|C
4|2|4|335|426|6|C
4|2|4|335|426|7|C
4|2|4|335|426|8|C
4|2|4|335|426|9|C
4|2|4|335|426|10|C
4|2|4|335|426|11|C
4|2|4|335|426|12|C
4|2|4|335|426|13|C
4|2|4|335|426|14|C
4|2|4|335|426|15|*
4|2|4|335|426|16|C
4|2|4|335|426|17|C
4|2|4|335|426|18|C
4|2|4|335|426|19|C
4|2|4|335|426|20|C
4|2|4|335|426|9999|C
4|2|4|335|483|9999|C
4|2|4|336|39|1|C
4|2|4|336|39|2|C
4|2|4|336|39|3|C
4|2|4|336|39|4|C
4|2|4|336|39|5|C
4|2|4|336|39|6|C
4|2|4|336|39|7|C
4|2|4|336|39|8|C
4|2|4|336|39|9|C
4|2|4|336|39|10|C
4|2|4|336|39|11|C
4|2|4|336|39|12|C
4|2|4|336|39|13|C
4|2|4|336|39|14|C
4|2|4|336|39|15|C
4|2|4|336|39|16|C
4|2|4|336|39|17|C
4|2|4|336|39|18|C
4|2|4|336|39|19|*
4|2|4|336|39|9999|C
4|2|4|336|72|9999|C
4|2|4|336|100|9999|C
4|2|4|336|139|9999|C
4|2|4|336|140|9999|C
4|2|4|336|141|9999|C
4|2|4|336|142|9999|C
4|2|4|336|283|9999|C
4|2|4|336|284|9999|C
4|2|4|336|312|1|C
4|2|4|336|312|2|C
4|2|4|336|312|3|C
4|2|4|336|312|4|C
4|2|4|336|312|5|C
4|2|4|336|312|6|C
4|2|4|336|312|7|C
4|2|4|336|312|8|C
4|2|4|336|312|9|C
4|2|4|336|312|10|C
4|2|4|336|312|11|C
4|2|4|336|312|12|C
4|2|4|336|312|13|C
4|2|4|336|312|14|C
4|2|4|336|312|15|C
4|2|4|336|312|17|C
4|2|4|336|312|18|C
4|2|4|336|312|19|C
4|2|4|336|312|20|C
4|2|4|336|312|21|C
4|2|4|336|312|22|C
4|2|4|336|312|23|C
4|2|4|336|312|24|C
4|2|4|336|312|25|C
4|2|4|336|312|26|C
4|2|4|336|312|27|C
4|2|4|336|312|28|C
4|2|4|336|312|29|C
4|2|4|336|312|31|C
4|2|4|336|312|32|C
4|2|4|336|312|33|C
4|2|4|336|312|9999|C
4|2|4|336|320|9999|C
4|2|4|336|412|1|C
4|2|4|336|412|2|C
4|2|4|336|412|3|C
4|2|4|336|412|4|C
4|2|4|336|412|5|C
4|2|4|336|412|6|C
4|2|4|336|412|7|C
4|2|4|336|412|8|C
4|2|4|336|412|9|C
4|2|4|336|412|10|C
4|2|4|336|412|11|C
4|2|4|336|412|12|C
4|2|4|336|412|13|C
4|2|4|336|412|14|C
4|2|4|336|412|15|C
4|2|4|336|412|16|C
4|2|4|336|412|17|C
4|2|4|336|412|18|C
4|2|4|336|412|19|C
4|2|4|336|412|20|C
4|2|4|336|412|21|C
4|2|4|336|412|22|C
4|2|4|336|412|23|C
4|2|4|336|412|24|C
4|2|4|336|412|25|C
4|2|4|336|412|26|C
4|2|4|336|412|28|C
4|2|4|336|412|29|C
4|2|4|336|412|30|C
4|2|4|336|412|31|C
4|2|4|336|412|32|C
4|2|4|336|412|33|C
4|2|4|336|412|34|C
4|2|4|336|412|9999|C
4|2|4|337|20|9999|C
4|2|4|337|156|9999|C
4|2|4|337|192|9999|C
4|2|4|337|242|9999|*
4|2|4|337|261|9999|C
4|2|4|337|313|9999|C
4|2|4|337|343|9999|C
4|2|4|337|384|1|C
4|2|4|337|384|2|C
4|2|4|337|384|3|C
4|2|4|337|384|4|C
4|2|4|337|384|5|C
4|2|4|337|384|6|C
4|2|4|337|384|7|C
4|2|4|337|384|8|C
4|2|4|337|384|9|C
4|2|4|337|384|10|C
4|2|4|337|384|11|C
4|2|4|337|384|12|C
4|2|4|337|384|13|C
4|2|4|337|384|14|C
4|2|4|337|384|15|C
4|2|4|337|384|16|C
4|2|4|337|384|17|C
4|2|4|337|384|18|C
4|2|4|337|384|19|C
4|2|4|337|384|20|C
4|2|4|337|384|21|C
4|2|4|337|384|22|C
4|2|4|337|384|23|C
4|2|4|337|384|24|C
4|2|4|337|384|25|C
4|2|4|337|384|26|C
4|2|4|337|384|27|C
4|2|4|337|384|28|C
4|2|4|337|384|29|C
4|2|4|337|384|30|C
4|2|4|337|384|31|C
4|2|4|337|384|32|C
4|2|4|337|384|33|C
4|2|4|337|384|34|C
4|2|4|337|384|35|C
4|2|4|337|384|36|C
4|2|4|337|384|37|C
4|2|4|337|384|38|C
4|2|4|337|384|39|C
4|2|4|337|384|40|C
4|2|4|337|384|41|C
4|2|4|337|384|42|C
4|2|4|337|384|43|C
4|2|4|337|384|44|*
4|2|4|337|384|45|C
4|2|4|337|384|46|C
4|2|4|337|384|47|C
4|2|4|337|384|48|C
4|2|4|337|384|49|C
4|2|4|337|384|50|C
4|2|4|337|384|51|C
4|2|4|337|384|52|C
4|2|4|337|384|53|C
4|2|4|337|384|54|*
4|2|4|337|384|61|C
4|2|4|337|384|62|C
4|2|4|337|384|63|C
4|2|4|337|384|64|C
4|2|4|337|384|65|C
4|2|4|337|384|66|C
4|2|4|337|384|9999|C
4|2|4|337|385|9999|C
4|2|4|337|411|9999|C
4|2|4|337|437|9999|C
4|2|4|337|438|9999|C
4|2|4|337|439|9999|C
4|2|4|337|452|9999|C
4|2|4|337|460|9999|C
4|2|4|337|481|9999|C
4|2|4|338|25|9999|C
4|2|4|338|112|9999|C
4|2|4|338|155|9999|C
4|2|4|338|191|9999|C
4|2|4|338|225|9999|C
4|2|4|338|287|9999|C
4|2|4|338|358|9999|C
4|2|4|338|365|9999|C
4|2|4|338|372|9999|C
4|2|4|338|408|1|C
4|2|4|338|408|2|C
4|2|4|338|408|3|C
4|2|4|338|408|4|C
4|2|4|338|408|5|C
4|2|4|338|408|6|C
4|2|4|338|408|7|C
4|2|4|338|408|8|C
4|2|4|338|408|9|C
4|2|4|338|408|10|C
4|2|4|338|408|11|C
4|2|4|338|408|12|C
4|2|4|338|408|13|C
4|2|4|338|408|14|C
4|2|4|338|408|15|C
4|2|4|338|408|16|C
4|2|4|338|408|17|C
4|2|4|338|408|18|C
4|2|4|338|408|19|C
4|2|4|338|408|20|C
4|2|4|338|408|21|C
4|2|4|338|408|22|C
4|2|4|338|408|24|C
4|2|4|338|408|25|C
4|2|4|338|408|26|C
4|2|4|338|408|27|C
4|2|4|338|408|28|C
4|2|4|338|408|9999|C
4|2|4|339|123|9999|C
4|2|4|339|173|9999|C
4|2|4|339|218|1|C
4|2|4|339|218|2|C
4|2|4|339|218|3|C
4|2|4|339|218|4|C
4|2|4|339|218|5|C
4|2|4|339|218|6|C
4|2|4|339|218|7|C
4|2|4|339|218|8|C
4|2|4|339|218|9|C
4|2|4|339|218|10|C
4|2|4|339|218|11|C
4|2|4|339|218|12|*
4|2|4|339|218|13|C
4|2|4|339|218|14|C
4|2|4|339|218|15|C
4|2|4|339|218|16|C
4|2|4|339|218|17|C
4|2|4|339|218|18|C
4|2|4|339|218|19|C
4|2|4|339|218|20|C
4|2|4|339|218|21|C
4|2|4|339|218|22|C
4|2|4|339|218|23|C
4|2|4|339|218|24|C
4|2|4|339|218|25|C
4|2|4|339|218|26|C
4|2|4|339|218|27|C
4|2|4|339|218|28|C
4|2|4|339|218|29|*
4|2|4|339|218|31|C
4|2|4|339|218|32|C
4|2|4|339|218|33|C
4|2|4|339|218|34|C
4|2|4|339|218|35|C
4|2|4|339|218|36|C
4|2|4|339|218|37|C
4|2|4|339|218|9999|C
4|2|4|339|228|9999|C
4|2|4|339|403|9999|C
4|2|4|340|8|1|C
4|2|4|340|8|2|C
4|2|4|340|8|3|C
4|2|4|340|8|4|C
4|2|4|340|8|5|C
4|2|4|340|8|6|C
4|2|4|340|8|7|C
4|2|4|340|8|8|C
4|2|4|340|8|9|C
4|2|4|340|8|10|C
4|2|4|340|8|11|C
4|2|4|340|8|12|C
4|2|4|340|8|13|C
4|2|4|340|8|14|C
4|2|4|340|8|15|C
4|2|4|340|8|16|C
4|2|4|340|8|17|C
4|2|4|340|8|18|C
4|2|4|340|8|20|C
4|2|4|340|8|21|*
4|2|4|340|8|22|C
4|2|4|340|8|23|C
4|2|4|340|8|24|C
4|2|4|340|8|25|C
4|2|4|340|8|26|C
4|2|4|340|8|27|*
4|2|4|340|8|28|C
4|2|4|340|8|9999|C
4|2|4|340|43|1|C
4|2|4|340|43|2|C
4|2|4|340|43|3|C
4|2|4|340|43|4|C
4|2|4|340|43|5|C
4|2|4|340|43|6|C
4|2|4|340|43|7|C
4|2|4|340|43|8|C
4|2|4|340|43|9|C
4|2|4|340|43|10|*
4|2|4|340|43|11|*
4|2|4|340|43|12|C
4|2|4|340|43|13|C
4|2|4|340|43|14|C
4|2|4|340|43|15|C
4|2|4|340|43|16|C
4|2|4|340|43|17|C
4|2|4|340|43|18|C
4|2|4|340|43|19|C
4|2|4|340|43|20|C
4|2|4|340|43|21|C
4|2|4|340|43|22|C
4|2|4|340|43|23|C
4|2|4|340|43|24|C
4|2|4|340|43|25|C
4|2|4|340|43|26|C
4|2|4|340|43|28|C
4|2|4|340|43|29|C
4|2|4|340|43|30|C
4|2|4|340|43|31|C
4|2|4|340|43|32|C
4|2|4|340|43|33|C
4|2|4|340|43|37|C
4|2|4|340|43|38|C
4|2|4|340|43|39|C
4|2|4|340|43|40|C
4|2|4|340|43|41|C
4|2|4|340|43|42|*
4|2|4|340|43|43|C
4|2|4|340|43|44|C
4|2|4|340|43|45|C
4|2|4|340|43|46|C
4|2|4|340|43|47|C
4|2|4|340|43|9999|C
4|2|4|340|66|9999|C
4|2|4|340|143|9999|C
4|2|4|340|171|9999|C
4|2|4|340|407|9999|C
4|2|4|340|469|1|C
4|2|4|340|469|2|C
4|2|4|340|469|3|C
4|2|4|340|469|4|C
4|2|4|340|469|5|C
4|2|4|340|469|6|C
4|2|4|340|469|7|C
4|2|4|340|469|8|C
4|2|4|340|469|9|C
4|2|4|340|469|10|C
4|2|4|340|469|11|C
4|2|4|340|469|12|C
4|2|4|340|469|13|C
4|2|4|340|469|14|C
4|2|4|340|469|15|C
4|2|4|340|469|16|C
4|2|4|340|469|17|C
4|2|4|340|469|18|C
4|2|4|340|469|19|C
4|2|4|340|469|20|C
4|2|4|340|469|21|C
4|2|4|340|469|22|C
4|2|4|340|469|23|C
4|2|4|340|469|24|C
4|2|4|340|469|25|C
4|2|4|340|469|26|C
4|2|4|340|469|27|C
4|2|4|340|469|28|C
4|2|4|340|469|29|C
4|2|4|340|469|30|C
4|2|4|340|469|31|C
4|2|4|340|469|32|C
4|2|4|340|469|33|C
4|2|4|340|469|34|C
4|2|4|340|469|35|C
4|2|4|340|469|36|C
4|2|4|340|469|37|C
4|2|4|340|469|38|C
4|2|4|340|469|39|C
4|2|4|340|469|40|C
4|2|4|340|469|41|C
4|2|4|340|469|42|C
4|2|4|340|469|43|C
4|2|4|340|469|44|C
4|2|4|340|469|45|C
4|2|4|340|469|46|C
4|2|4|340|469|47|C
4|2|4|340|469|48|*
4|2|4|340|469|49|C
4|2|4|340|469|51|C
4|2|4|340|469|52|C
4|2|4|340|469|53|C
4|2|4|340|469|54|C
4|2|4|340|469|55|C
4|2|4|340|469|56|C
4|2|4|340|469|57|C
4|2|4|340|469|58|C
4|2|4|340|469|59|C
4|2|4|340|469|60|C
4|2|4|340|469|61|C
4|2|4|340|469|62|C
4|2|4|340|469|63|C
4|2|4|340|469|64|C
4|2|4|340|469|65|C
4|2|4|340|469|66|*
4|2|4|340|469|67|C
4|2|4|340|469|9999|C
4|2|4|340|470|1|C
4|2|4|340|470|2|C
4|2|4|340|470|3|C
4|2|4|340|470|4|C
4|2|4|340|470|5|C
4|2|4|340|470|6|C
4|2|4|340|470|7|C
4|2|4|340|470|8|C
4|2|4|340|470|9|C
4|2|4|340|470|10|C
4|2|4|340|470|11|C
4|2|4|340|470|12|C
4|2|4|340|470|13|C
4|2|4|340|470|14|C
4|2|4|340|470|15|C
4|2|4|340|470|16|C
4|2|4|340|470|17|C
4|2|4|340|470|18|C
4|2|4|340|470|19|C
4|2|4|340|470|20|C
4|2|4|340|470|21|C
4|2|4|340|470|22|C
4|2|4|340|470|23|C
4|2|4|340|470|24|C
4|2|4|340|470|25|C
4|2|4|340|470|26|C
4|2|4|340|470|27|C
4|2|4|340|470|28|C
4|2|4|340|470|29|C
4|2|4|340|470|30|C
4|2|4|340|470|31|C
4|2|4|340|470|32|C
4|2|4|340|470|33|C
4|2|4|340|470|34|C
4|2|4|340|470|35|C
4|2|4|340|470|36|C
4|2|4|340|470|37|C
4|2|4|340|470|39|C
4|2|4|340|470|40|C
4|2|4|340|470|41|C
4|2|4|340|470|42|C
4|2|4|340|470|43|C
4|2|4|340|470|45|C
4|2|4|340|470|46|C
4|2|4|340|470|47|C
4|2|4|340|470|48|C
4|2|4|340|470|49|C
4|2|4|340|470|50|C
4|2|4|340|470|51|C
4|2|4|340|470|52|C
4|2|4|340|470|53|C
4|2|4|340|470|54|C
4|2|4|340|470|55|C
4|2|4|340|470|56|C
4|2|4|340|470|57|C
4|2|4|340|470|58|C
4|2|4|340|470|59|C
4|2|4|340|470|60|C
4|2|4|340|470|61|C
4|2|4|340|470|62|*
4|2|4|340|470|63|*
4|2|4|340|470|64|*
4|2|4|340|475|9999|C
4|2|4|340|522|9999|C
4|2|4|340|529|9999|C
4|2|4|340|530|9999|C
4|2|4|341|23|9999|C
4|2|4|341|36|9999|C
4|2|4|341|76|9999|C
4|2|4|341|129|9999|C
4|2|4|341|151|9999|C
4|2|4|341|198|9999|C
4|2|4|341|213|9999|C
4|2|4|341|217|9999|C
4|2|4|341|246|9999|C
4|2|4|341|271|9999|C
4|2|4|341|285|9999|C
4|2|4|341|290|9999|C
4|2|4|341|294|9999|C
4|2|4|341|299|9999|C
4|2|4|341|325|9999|C
4|2|4|341|327|1|C
4|2|4|341|327|3|C
4|2|4|341|327|4|C
4|2|4|341|327|5|C
4|2|4|341|327|6|C
4|2|4|341|327|7|C
4|2|4|341|327|8|C
4|2|4|341|327|9|C
4|2|4|341|327|10|C
4|2|4|341|327|11|C
4|2|4|341|327|12|C
4|2|4|341|327|13|C
4|2|4|341|327|14|C
4|2|4|341|327|15|C
4|2|4|341|327|16|C
4|2|4|341|327|17|C
4|2|4|341|327|18|C
4|2|4|341|327|19|C
4|2|4|341|327|20|C
4|2|4|341|327|21|C
4|2|4|341|327|22|C
4|2|4|341|327|23|C
4|2|4|341|327|24|C
4|2|4|341|327|25|C
4|2|4|341|327|26|C
4|2|4|341|327|27|C
4|2|4|341|327|28|C
4|2|4|341|327|29|C
4|2|4|341|327|30|C
4|2|4|341|327|31|C
4|2|4|341|327|32|C
4|2|4|341|327|33|C
4|2|4|341|327|34|C
4|2|4|341|327|35|C
4|2|4|341|327|36|C
4|2|4|341|327|37|C
4|2|4|341|327|38|C
4|2|4|341|327|39|C
4|2|4|341|327|40|C
4|2|4|341|327|41|C
4|2|4|341|327|42|C
4|2|4|341|327|43|C
4|2|4|341|327|44|C
4|2|4|341|327|45|C
4|2|4|341|327|46|C
4|2|4|341|327|47|C
4|2|4|341|327|48|C
4|2|4|341|327|49|C
4|2|4|341|327|50|C
4|2|4|341|327|51|C
4|2|4|341|327|52|C
4|2|4|341|327|53|C
4|2|4|341|327|54|C
4|2|4|341|327|55|C
4|2|4|341|327|56|C
4|2|4|341|327|57|C
4|2|4|341|327|58|C
4|2|4|341|327|59|C
4|2|4|341|327|60|C
4|2|4|341|327|61|C
4|2|4|341|327|62|C
4|2|4|341|327|63|C
4|2|4|341|327|64|C
4|2|4|341|327|65|C
4|2|4|341|327|66|C
4|2|4|341|327|67|C
4|2|4|341|327|68|C
4|2|4|341|327|69|C
4|2|4|341|327|70|C
4|2|4|341|327|71|C
4|2|4|341|327|72|C
4|2|4|341|327|73|C
4|2|4|341|327|74|C
4|2|4|341|327|75|C
4|2|4|341|327|76|C
4|2|4|341|327|77|C
4|2|4|341|327|79|C
4|2|4|341|327|80|C
4|2|4|341|327|81|C
4|2|4|341|327|82|C
4|2|4|341|327|83|C
4|2|4|341|327|84|C
4|2|4|341|327|85|C
4|2|4|341|327|86|C
4|2|4|341|327|87|C
4|2|4|341|327|88|C
4|2|4|341|327|89|C
4|2|4|341|327|90|C
4|2|4|341|327|9999|C
4|2|4|341|332|9999|C
4|2|4|341|334|9999|C
4|2|4|341|341|9999|C
4|2|4|341|344|9999|C
4|2|4|341|354|9999|C
4|2|4|341|386|9999|C
4|2|4|341|404|9999|C
4|2|4|341|414|9999|C
4|2|4|341|477|9999|C
4|2|4|341|536|9999|C
4|2|4|342|2|3|C
4|2|4|342|2|4|C
4|2|4|342|2|5|C
4|2|4|342|2|7|C
4|2|4|342|2|8|C
4|2|4|342|2|9|C
4|2|4|342|2|10|C
4|2|4|342|2|11|C
4|2|4|342|2|12|C
4|2|4|342|2|13|C
4|2|4|342|2|14|C
4|2|4|342|2|15|C
4|2|4|342|2|16|C
4|2|4|342|2|17|C
4|2|4|342|2|18|C
4|2|4|342|2|19|C
4|2|4|342|2|20|C
4|2|4|342|2|21|C
4|2|4|342|2|22|C
4|2|4|342|2|23|C
4|2|4|342|2|24|C
4|2|4|342|2|25|C
4|2|4|342|2|27|C
4|2|4|342|2|29|C
4|2|4|342|2|30|C
4|2|4|342|2|31|C
4|2|4|342|2|32|C
4|2|4|342|2|33|C
4|2|4|342|2|34|*
4|2|4|342|2|35|C
4|2|4|342|2|36|C
4|2|4|342|2|37|C
4|2|4|342|2|39|C
4|2|4|342|2|40|C
4|2|4|342|2|41|C
4|2|4|342|2|42|C
4|2|4|342|2|43|C
4|2|4|342|2|44|C
4|2|4|342|2|45|C
4|2|4|342|2|46|C
4|2|4|342|2|47|C
4|2|4|342|2|48|C
4|2|4|342|2|50|C
4|2|4|342|2|51|C
4|2|4|342|2|52|C
4|2|4|342|2|53|C
4|2|4|342|2|54|C
4|2|4|342|2|55|C
4|2|4|342|2|56|C
4|2|4|342|2|57|C
4|2|4|342|2|58|C
4|2|4|342|2|59|C
4|2|4|342|2|60|C
4|2|4|342|2|61|C
4|2|4|342|2|62|C
4|2|4|342|2|63|C
4|2|4|342|2|64|C
4|2|4|342|2|65|C
4|2|4|342|2|66|C
4|2|4|342|2|67|C
4|2|4|342|2|68|C
4|2|4|342|2|69|C
4|2|4|342|2|70|C
4|2|4|342|2|71|C
4|2|4|342|2|72|C
4|2|4|342|2|74|C
4|2|4|342|2|75|C
4|2|4|342|2|76|*
4|2|4|342|2|77|C
4|2|4|342|2|78|C
4|2|4|342|2|79|C
4|2|4|342|2|84|C
4|2|4|342|2|85|C
4|2|4|342|2|86|C
4|2|4|342|2|87|C
4|2|4|342|2|88|C
4|2|4|342|2|89|C
4|2|4|342|2|90|C
4|2|4|342|2|91|C
4|2|4|342|2|92|C
4|2|4|342|2|93|C
4|2|4|342|2|94|C
4|2|4|342|2|95|C
4|2|4|342|2|96|C
4|2|4|342|2|97|C
4|2|4|342|2|98|C
4|2|4|342|2|100|C
4|2|4|342|2|101|C
4|2|4|342|2|102|C
4|2|4|342|2|103|C
4|2|4|342|2|104|C
4|2|4|342|2|105|C
4|2|4|342|2|106|C
4|2|4|342|2|107|C
4|2|4|342|2|108|C
4|2|4|342|2|109|C
4|2|4|342|2|110|C
4|2|4|342|2|111|C
4|2|4|342|280|9999|C
4|2|4|342|292|9999|C
4|2|4|342|305|9999|C
4|2|4|342|370|9999|C
4|2|4|342|405|9999|C
4|2|4|343|2|1|C
4|2|4|343|2|2|C
4|2|4|343|2|3|C
4|2|4|343|2|4|C
4|2|4|343|2|5|C
4|2|4|343|2|6|C
4|2|4|343|2|7|C
4|2|4|343|2|8|C
4|2|4|343|2|9|C
4|2|4|343|2|10|C
4|2|4|343|2|11|C
4|2|4|343|2|12|C
4|2|4|343|2|13|C
4|2|4|343|2|14|C
4|2|4|343|2|16|C
4|2|4|343|2|17|C
4|2|4|343|2|19|C
4|2|4|343|2|20|C
4|2|4|343|2|21|C
4|2|4|343|2|22|C
4|2|4|343|2|23|C
4|2|4|343|2|24|C
4|2|4|343|2|25|C
4|2|4|343|2|26|C
4|2|4|343|2|27|C
4|2|4|343|2|28|C
4|2|4|343|2|29|C
4|2|4|343|2|30|C
4|2|4|343|2|31|C
4|2|4|343|2|32|C
4|2|4|343|2|33|C
4|2|4|343|2|34|C
4|2|4|343|2|35|C
4|2|4|343|2|36|C
4|2|4|343|2|37|C
4|2|4|343|2|38|C
4|2|4|343|2|39|C
4|2|4|343|2|40|C
4|2|4|343|2|41|C
4|2|4|343|2|42|C
4|2|4|343|2|43|C
4|2|4|343|2|44|C
4|2|4|343|2|45|C
4|2|4|343|2|46|C
4|2|4|343|2|58|C
4|2|4|343|2|59|C
4|2|4|343|2|60|C
4|2|4|343|2|64|C
4|2|4|343|2|65|C
4|2|4|343|2|66|C
4|2|4|343|2|67|C
4|2|4|343|2|68|C
4|2|4|343|2|69|C
4|2|4|343|2|70|C
4|2|4|343|2|71|C
4|2|4|343|2|72|C
4|2|4|343|2|73|C
4|2|4|343|2|74|C
4|2|4|343|2|75|C
4|2|4|343|2|76|C
4|2|4|343|2|77|C
4|2|4|343|2|78|C
4|2|4|343|2|80|C
4|2|4|343|2|81|C
4|2|4|343|2|82|C
4|2|4|343|2|83|C
4|2|4|343|2|84|C
4|2|4|343|2|85|*
4|2|4|343|2|86|C
4|2|4|343|2|87|C
4|2|4|343|2|88|C
4|2|4|343|2|89|C
4|2|4|343|37|9999|C
4|2|4|343|339|9999|C
4|2|4|344|94|1|C
4|2|4|344|94|2|C
4|2|4|344|94|3|C
4|2|4|344|94|4|C
4|2|4|344|94|5|C
4|2|4|344|94|6|C
4|2|4|344|94|7|C
4|2|4|344|94|8|C
4|2|4|344|94|9|C
4|2|4|344|94|10|C
4|2|4|344|94|11|*
4|2|4|344|94|12|C
4|2|4|344|94|13|C
4|2|4|344|94|14|C
4|2|4|344|94|15|C
4|2|4|344|94|16|C
4|2|4|344|94|17|C
4|2|4|344|94|18|C
4|2|4|344|94|19|C
4|2|4|344|94|20|C
4|2|4|344|94|21|C
4|2|4|344|94|22|C
4|2|4|344|94|23|C
4|2|4|344|94|24|C
4|2|4|344|94|25|C
4|2|4|344|94|26|C
4|2|4|344|94|27|C
4|2|4|344|94|28|C
4|2|4|344|94|29|C
4|2|4|344|94|30|C
4|2|4|344|94|31|C
4|2|4|344|94|32|C
4|2|4|344|94|33|C
4|2|4|344|94|34|C
4|2|4|344|94|35|C
4|2|4|344|94|36|C
4|2|4|344|94|37|C
4|2|4|344|94|9999|C
4|2|4|344|99|9999|C
4|2|4|344|175|1|C
4|2|4|344|175|2|C
4|2|4|344|175|3|C
4|2|4|344|175|4|C
4|2|4|344|175|5|C
4|2|4|344|175|6|C
4|2|4|344|175|7|C
4|2|4|344|175|8|C
4|2|4|344|175|9|*
4|2|4|344|175|10|C
4|2|4|344|175|11|C
4|2|4|344|175|12|C
4|2|4|344|175|13|C
4|2|4|344|175|14|C
4|2|4|344|175|15|C
4|2|4|344|175|16|C
4|2|4|344|175|17|C
4|2|4|344|175|18|C
4|2|4|344|175|19|C
4|2|4|344|175|20|C
4|2|4|344|175|21|C
4|2|4|344|175|22|C
4|2|4|344|175|23|C
4|2|4|344|175|24|C
4|2|4|344|175|25|C
4|2|4|344|175|26|C
4|2|4|344|175|27|C
4|2|4|344|175|28|C
4|2|4|344|175|29|C
4|2|4|344|175|30|C
4|2|4|344|175|9999|C
4|2|4|344|353|9999|C
4|2|4|344|409|9999|C
4|2|4|344|423|9999|C
4|2|4|345|3|1|C
4|2|4|345|3|2|C
4|2|4|345|3|3|C
4|2|4|345|3|4|C
4|2|4|345|3|5|C
4|2|4|345|3|6|C
4|2|4|345|3|7|C
4|2|4|345|3|8|C
4|2|4|345|3|9|C
4|2|4|345|3|10|C
4|2|4|345|3|11|C
4|2|4|345|3|12|C
4|2|4|345|3|13|C
4|2|4|345|3|14|C
4|2|4|345|3|15|C
4|2|4|345|3|16|C
4|2|4|345|3|17|C
4|2|4|345|3|18|C
4|2|4|345|3|19|C
4|2|4|345|3|20|C
4|2|4|345|3|21|C
4|2|4|345|3|22|C
4|2|4|345|3|23|C
4|2|4|345|3|24|C
4|2|4|345|3|25|C
4|2|4|345|3|26|C
4|2|4|345|3|27|C
4|2|4|345|3|28|C
4|2|4|345|3|29|C
4|2|4|345|3|30|C
4|2|4|345|3|31|C
4|2|4|345|3|32|C
4|2|4|345|3|33|C
4|2|4|345|3|34|C
4|2|4|345|3|35|C
4|2|4|345|3|36|C
4|2|4|345|3|37|C
4|2|4|345|3|38|C
4|2|4|345|3|39|C
4|2|4|345|3|40|C
4|2|4|345|3|41|C
4|2|4|345|3|42|C
4|2|4|345|3|43|C
4|2|4|345|3|44|C
4|2|4|345|3|45|C
4|2|4|345|3|46|C
4|2|4|345|3|47|C
4|2|4|345|3|48|C
4|2|4|345|3|49|C
4|2|4|345|3|50|C
4|2|4|345|3|51|C
4|2|4|345|3|52|C
4|2|4|345|3|53|C
4|2|4|345|3|54|C
4|2|4|345|3|55|C
4|2|4|345|3|56|C
4|2|4|345|3|58|C
4|2|4|345|3|59|C
4|2|4|345|3|60|C
4|2|4|345|3|61|C
4|2|4|345|3|62|C
4|2|4|345|3|63|C
4|2|4|345|3|64|C
4|2|4|345|3|65|C
4|2|4|345|3|66|C
4|2|4|345|3|67|*
4|2|4|345|3|68|C
4|2|4|346|3|1|C
4|2|4|346|3|2|C
4|2|4|346|3|3|C
4|2|4|346|3|4|C
4|2|4|346|3|5|C
4|2|4|346|3|6|C
4|2|4|346|3|7|C
4|2|4|346|3|8|C
4|2|4|346|3|9|C
4|2|4|346|3|10|C
4|2|4|346|3|11|C
4|2|4|346|3|12|C
4|2|4|346|3|13|C
4|2|4|346|3|14|C
4|2|4|346|3|15|C
4|2|4|346|3|16|C
4|2|4|346|3|17|C
4|2|4|346|3|18|C
4|2|4|346|3|19|C
4|2|4|346|3|20|C
4|2|4|346|3|21|C
4|2|4|346|3|22|C
4|2|4|346|3|23|C
4|2|4|346|3|24|C
4|2|4|346|3|25|C
4|2|4|346|3|26|C
4|2|4|346|3|27|C
4|2|4|346|3|28|C
4|2|4|346|3|29|C
4|2|4|346|3|30|C
4|2|4|346|3|31|C
4|2|4|346|3|32|C
4|2|4|346|3|33|C
4|2|4|346|3|34|C
4|2|4|346|3|35|C
4|2|4|346|3|36|C
4|2|4|346|3|37|C
4|2|4|346|3|38|C
4|2|4|346|3|39|C
4|2|4|346|3|40|C
4|2|4|346|3|41|C
4|2|4|346|3|42|C
4|2|4|346|3|43|C
4|2|4|346|3|44|C
4|2|4|346|3|45|C
4|2|4|346|3|46|C
4|2|4|346|3|47|C
4|2|4|346|3|48|C
4|2|4|346|3|49|C
4|2|4|346|3|50|C
4|2|4|346|3|51|C
4|2|4|346|3|52|C
4|2|4|346|3|53|C
4|2|4|346|3|54|C
4|2|4|346|3|55|C
4|2|4|346|3|56|C
4|2|4|346|3|57|C
4|2|4|346|3|58|C
4|2|4|346|3|59|C
4|2|4|346|3|60|C
4|2|4|346|3|61|C
4|2|4|346|3|62|C
4|2|4|346|3|63|C
4|2|4|346|3|64|C
4|2|4|346|3|65|C
4|2|4|346|3|66|C
4|2|4|346|3|67|C
4|2|4|346|3|68|C
4|2|4|346|3|69|C
4|2|4|346|3|70|C
4|2|4|346|3|71|C
4|2|4|346|3|72|C
4|2|4|346|3|73|C
4|2|4|346|3|74|C
4|2|4|346|3|75|C
4|2|4|346|3|76|C
4|2|4|346|3|77|C
4|2|4|346|3|78|C
4|2|4|346|3|79|C
4|2|4|346|3|80|*
4|2|4|346|3|81|C
4|2|4|346|3|82|C
4|2|4|346|3|83|C
4|2|4|346|3|84|C
4|2|4|346|3|85|C
4|2|4|346|3|86|C
4|2|4|346|3|88|C
4|2|4|346|3|89|C
4|2|4|346|3|90|C
4|2|4|346|3|91|C
4|2|4|346|3|92|*
4|2|4|346|3|93|C
4|2|4|346|3|94|C
4|2|4|346|12|9999|C
4|2|4|346|35|9999|C
4|2|4|346|44|9999|C
4|2|4|346|106|9999|C
4|2|4|346|115|9999|C
4|2|4|346|188|9999|C
4|2|4|346|195|9999|C
4|2|4|346|240|9999|C
4|2|4|346|291|9999|C
4|2|4|346|300|9999|C
4|2|4|346|326|9999|C
4|2|4|346|329|9999|*
4|2|4|346|357|9999|C
4|2|4|346|406|9999|C
4|2|4|346|410|9999|C
4|2|4|346|424|9999|*
4|2|4|346|428|9999|C
4|2|4|346|433|9999|C
4|2|4|346|521|9999|C
4|2|4|347|510|9999|C
4|2|4|347|512|9999|C
4|2|4|347|513|9999|C
4|2|4|347|514|9999|C
4|2|4|347|515|9999|C
4|2|4|347|516|9999|C
4|2|4|347|517|1|C
4|2|4|347|517|8|C
4|2|4|347|517|10|C
4|2|4|347|517|14|C
4|2|4|347|517|15|C
4|2|4|347|517|16|C
4|2|4|347|517|17|C
4|2|4|347|517|18|C
4|2|4|347|517|19|C
4|2|4|347|517|21|C
4|2|4|347|517|22|C
4|2|4|347|517|9999|C
4|2|4|347|518|1|C
4|2|4|347|518|2|C
4|2|4|347|518|3|C
4|2|4|347|518|4|C
4|2|4|347|518|5|C
4|2|4|347|518|8|C
4|2|4|347|518|10|C
4|2|4|347|518|11|C
4|2|4|347|518|12|C
4|2|4|347|518|13|C
4|2|4|347|518|14|C
4|2|4|347|518|15|C
4|2|4|347|518|16|C
4|2|4|347|518|19|C
4|2|4|347|518|20|C
4|2|4|347|518|21|C
4|2|4|347|518|22|C
4|2|4|347|518|23|C
4|2|4|347|518|24|C
4|2|4|347|518|25|C
4|2|4|347|518|26|C
4|2|4|347|518|27|C
4|2|4|347|518|28|C
4|2|4|347|518|29|C
4|2|4|347|518|30|C
4|2|4|347|518|31|C
4|2|4|347|518|33|C
4|2|4|347|518|34|C
4|2|4|347|518|35|C
4|2|4|347|518|36|C
4|2|4|347|518|37|C
4|2|4|347|518|38|C
4|2|4|347|518|39|C
4|2|4|347|518|40|C
4|2|4|347|518|42|C
4|2|4|347|518|43|C
4|2|4|347|518|44|C
4|2|4|347|518|45|C
4|2|4|347|518|46|C
4|2|4|347|518|50|C
4|2|4|347|518|51|C
4|2|4|347|518|52|C
4|2|4|347|518|53|C
4|2|4|347|518|55|C
4|2|4|347|518|56|C
4|2|4|347|518|58|C
4|2|4|347|518|59|C
4|2|4|347|518|9999|C
4|2|4|347|519|9999|C
4|2|4|347|538|9999|C
4|2|4|348|124|9999|C
4|2|4|348|250|1|C
4|2|4|348|250|2|C
4|2|4|348|250|3|*
4|2|4|348|250|4|C
4|2|4|348|250|6|C
4|2|4|348|250|7|C
4|2|4|348|250|8|C
4|2|4|348|250|9|C
4|2|4|348|250|10|*
4|2|4|348|250|11|*
4|2|4|348|250|12|C
4|2|4|348|250|13|C
4|2|4|348|250|14|C
4|2|4|348|250|15|C
4|2|4|348|250|16|C
4|2|4|348|250|17|C
4|2|4|348|250|18|C
4|2|4|348|250|19|C
4|2|4|348|250|20|C
4|2|4|348|250|21|C
4|2|4|348|250|22|C
4|2|4|348|250|23|C
4|2|4|348|250|24|C
4|2|4|348|250|25|C
4|2|4|348|250|26|C
4|2|4|348|250|27|C
4|2|4|348|250|28|*
4|2|4|348|250|29|*
4|2|4|348|250|30|C
4|2|4|348|250|31|C
4|2|4|348|250|32|C
4|2|4|348|250|33|C
4|2|4|348|250|34|C
4|2|4|348|250|35|C
4|2|4|348|250|36|C
4|2|4|348|250|37|C
4|2|4|348|250|38|C
4|2|4|348|250|39|C
4|2|4|348|250|40|C
4|2|4|348|250|41|C
4|2|4|348|250|42|C
4|2|4|348|250|43|C
4|2|4|348|250|44|C
4|2|4|348|250|45|*
4|2|4|348|250|46|*
4|2|4|348|250|47|*
4|2|4|348|250|48|*
4|2|4|348|250|49|C
4|2|4|348|250|50|C
4|2|4|348|250|51|C
4|2|4|348|250|52|C
4|2|4|348|250|53|C
4|2|4|348|250|54|C
4|2|4|348|250|55|C
4|2|4|348|250|56|C
4|2|4|348|250|57|C
4|2|4|348|250|58|C
4|2|4|348|250|59|C
4|2|4|348|250|60|C
4|2|4|348|250|61|C
4|2|4|348|250|66|*
4|2|4|348|250|67|*
4|2|4|348|250|68|C
4|2|4|348|250|69|C
4|2|4|348|250|70|C
4|2|4|348|250|71|C
4|2|4|348|250|72|C
4|2|4|348|250|73|C
4|2|4|348|250|74|C
4|2|4|348|250|75|C
4|2|4|348|250|76|C
4|2|4|348|250|77|*
4|2|4|348|250|83|C
4|2|4|348|250|84|C
4|2|4|348|250|85|C
4|2|4|348|250|86|C
4|2|4|348|250|87|C
4|2|4|348|250|88|C
4|2|4|348|250|89|C
4|2|4|348|250|90|C
4|2|4|348|250|91|C
4|2|4|348|250|92|C
4|2|4|348|250|93|C
4|2|4|348|250|94|C
4|2|4|348|250|95|C
4|2|4|348|250|96|C
4|2|4|348|250|9999|C
4|2|4|348|321|9999|C
4|2|4|348|429|1|C
4|2|4|348|429|2|C
4|2|4|348|429|3|C
4|2|4|348|429|4|C
4|2|4|348|429|5|C
4|2|4|348|429|6|C
4|2|4|348|429|7|C
4|2|4|348|429|8|C
4|2|4|348|429|9|C
4|2|4|348|429|10|C
4|2|4|348|429|11|C
4|2|4|348|429|12|C
4|2|4|348|429|13|C
4|2|4|348|429|14|C
4|2|4|348|429|15|C
4|2|4|348|429|16|C
4|2|4|348|429|17|C
4|2|4|348|429|18|C
4|2|4|348|429|19|C
4|2|4|348|429|20|C
4|2|4|348|429|21|C
4|2|4|348|429|22|C
4|2|4|348|429|23|C
4|2|4|348|429|24|C
4|2|4|348|429|25|C
4|2|4|348|429|26|C
4|2|4|348|429|27|C
4|2|4|348|429|28|C
4|2|4|348|429|29|C
4|2|4|348|429|31|C
4|2|4|348|429|9999|C
4|2|4|348|527|9999|C
4|2|4|349|15|9999|C
4|2|4|349|21|1|C
4|2|4|349|21|2|C
4|2|4|349|21|3|C
4|2|4|349|21|4|C
4|2|4|349|21|5|C
4|2|4|349|21|6|C
4|2|4|349|21|7|C
4|2|4|349|21|8|C
4|2|4|349|21|9|C
4|2|4|349|21|10|C
4|2|4|349|21|11|C
4|2|4|349|21|12|C
4|2|4|349|21|13|C
4|2|4|349|21|14|*
4|2|4|349|21|15|C
4|2|4|349|21|16|C
4|2|4|349|21|17|C
4|2|4|349|21|18|C
4|2|4|349|21|19|C
4|2|4|349|21|21|C
4|2|4|349|21|22|C
4|2|4|349|21|23|C
4|2|4|349|21|24|C
4|2|4|349|21|25|C
4|2|4|349|21|26|C
4|2|4|349|21|27|C
4|2|4|349|21|28|C
4|2|4|349|21|29|C
4|2|4|349|21|30|C
4|2|4|349|21|31|C
4|2|4|349|21|32|C
4|2|4|349|21|33|C
4|2|4|349|21|34|C
4|2|4|349|21|35|C
4|2|4|349|21|36|C
4|2|4|349|21|37|C
4|2|4|349|21|38|C
4|2|4|349|21|39|C
4|2|4|349|21|40|C
4|2|4|349|21|41|C
4|2|4|349|22|9999|C
4|2|4|349|130|9999|C
4|2|4|349|234|9999|C
4|2|4|349|296|9999|C
4|2|4|349|346|9999|C
4|2|4|349|366|9999|C
4|2|4|349|425|1|C
4|2|4|349|425|2|C
4|2|4|349|425|6|C
4|2|4|349|425|7|C
4|2|4|349|425|8|C
4|2|4|349|425|9|C
4|2|4|349|425|10|C
4|2|4|349|425|11|C
4|2|4|349|425|12|C
4|2|4|349|425|13|C
4|2|4|349|425|14|C
4|2|4|349|425|15|C
4|2|4|349|425|16|C
4|2|4|349|425|17|C
4|2|4|349|425|18|C
4|2|4|349|425|19|C
4|2|4|349|425|20|C
4|2|4|349|425|21|C
4|2|4|349|425|22|C
4|2|4|349|425|23|C
4|2|4|349|425|24|C
4|2|4|349|425|25|C
4|2|4|349|425|26|C
4|2|4|349|425|27|C
4|2|4|349|425|28|C
4|2|4|349|425|29|C
4|2|4|349|425|30|C
4|2|4|349|425|32|C
4|2|4|349|425|33|C
4|2|4|349|425|34|C
4|2|4|349|425|35|C
4|2|4|349|425|36|C
4|2|4|349|425|37|C
4|2|4|349|425|38|C
4|2|4|349|425|39|C
4|2|4|349|425|41|C
4|2|4|349|425|42|C
4|2|4|349|425|43|C
4|2|4|349|425|44|C
4|2|4|349|425|45|C
4|2|4|349|425|46|C
4|2|4|349|425|47|*
4|2|4|349|425|48|C
4|2|4|349|425|49|C
4|2|4|349|425|50|C
4|2|4|349|425|51|C
4|2|4|349|425|52|C
4|2|4|349|425|53|C
4|2|4|349|425|54|C
4|2|4|349|425|55|C
4|2|4|349|425|56|*
4|2|4|349|425|57|C
4|2|4|349|425|58|C
4|2|4|349|435|9999|C
4|2|4|349|436|9999|C
4|2|4|349|453|9999|C
4|2|4|350|10|9999|*
4|2|4|350|103|9999|C
4|2|4|350|117|9999|*
4|2|4|350|245|9999|C
4|2|4|350|272|9999|C
4|2|4|350|297|9999|C
4|2|4|350|298|9999|C
4|2|4|350|347|9999|C
4|2|4|350|377|9999|C
4|2|4|350|381|9999|C
4|2|4|350|415|1|C
4|2|4|350|415|3|C
4|2|4|350|415|4|C
4|2|4|350|415|5|C
4|2|4|350|415|6|C
4|2|4|350|415|7|C
4|2|4|350|415|8|C
4|2|4|350|415|9|C
4|2|4|350|415|10|C
4|2|4|350|415|11|C
4|2|4|350|415|12|C
4|2|4|350|415|13|C
4|2|4|350|415|14|C
4|2|4|350|415|15|C
4|2|4|350|415|16|C
4|2|4|350|415|17|C
4|2|4|350|415|18|C
4|2|4|350|415|19|C
4|2|4|350|415|20|C
4|2|4|350|415|21|C
4|2|4|350|415|22|C
4|2|4|350|415|23|C
4|2|4|350|415|24|C
4|2|4|350|415|25|C
4|2|4|350|415|26|C
4|2|4|350|415|27|C
4|2|4|350|415|28|C
4|2|4|350|415|29|C
4|2|4|350|415|30|C
4|2|4|350|415|31|C
4|2|4|350|415|32|C
4|2|4|350|415|33|C
4|2|4|350|415|34|C
4|2|4|350|415|35|C
4|2|4|350|415|36|C
4|2|4|350|415|37|C
4|2|4|350|415|38|C
4|2|4|350|415|39|C
4|2|4|350|415|40|C
4|2|4|350|415|41|C
4|2|4|350|415|42|C
4|2|4|350|415|43|C
4|2|4|350|415|44|C
4|2|4|350|415|45|C
4|2|4|350|415|46|C
4|2|4|350|415|47|C
4|2|4|350|415|48|C
4|2|4|350|415|49|C
4|2|4|350|415|50|C
4|2|4|350|415|51|C
4|2|4|350|415|52|C
4|2|4|350|415|53|C
4|2|4|350|415|54|C
4|2|4|350|415|55|C
4|2|4|350|415|56|C
4|2|4|350|415|58|C
4|2|4|350|415|59|C
4|2|4|350|415|60|C
4|2|4|350|415|62|C
4|2|4|350|415|63|C
4|2|4|350|415|64|C
4|2|4|350|415|65|C
4|2|4|350|415|66|C
4|2|4|350|415|67|C
4|2|4|350|415|68|*
4|2|4|350|415|69|C
4|2|4|350|415|70|C
4|2|4|350|415|71|C
4|2|4|350|415|72|*
4|2|4|350|415|73|C
4|2|4|350|415|74|C
4|2|4|350|478|9999|C
4|2|4|350|534|9999|C
4|2|4|351|49|9999|C
4|2|4|351|132|9999|C
4|2|4|351|194|9999|C
4|2|4|351|209|9999|C
4|2|4|351|268|1|C
4|2|4|351|268|2|C
4|2|4|351|268|3|C
4|2|4|351|268|4|C
4|2|4|351|268|5|C
4|2|4|351|268|6|C
4|2|4|351|268|7|C
4|2|4|351|268|8|C
4|2|4|351|268|9|C
4|2|4|351|268|10|C
4|2|4|351|268|11|C
4|2|4|351|268|12|C
4|2|4|351|268|13|C
4|2|4|351|268|14|C
4|2|4|351|268|15|C
4|2|4|351|268|16|C
4|2|4|351|268|17|C
4|2|4|351|268|18|C
4|2|4|351|268|19|C
4|2|4|351|268|20|C
4|2|4|351|268|21|C
4|2|4|351|268|22|C
4|2|4|351|268|23|C
4|2|4|351|268|24|C
4|2|4|351|268|25|C
4|2|4|351|268|26|C
4|2|4|351|268|27|C
4|2|4|351|268|28|C
4|2|4|351|268|29|C
4|2|4|351|268|30|C
4|2|4|351|268|31|C
4|2|4|351|268|32|C
4|2|4|351|268|33|C
4|2|4|351|268|34|C
4|2|4|351|268|35|C
4|2|4|351|268|37|C
4|2|4|351|268|39|C
4|2|4|351|268|40|C
4|2|4|351|268|9999|C
4|2|4|351|473|9999|C
4|2|4|352|54|1|C
4|2|4|352|54|2|C
4|2|4|352|54|3|C
4|2|4|352|54|4|C
4|2|4|352|54|5|C
4|2|4|352|54|6|C
4|2|4|352|54|7|C
4|2|4|352|54|8|C
4|2|4|352|54|9|C
4|2|4|352|54|10|C
4|2|4|352|54|11|C
4|2|4|352|54|12|C
4|2|4|352|54|13|C
4|2|4|352|54|14|C
4|2|4|352|54|15|C
4|2|4|352|54|16|C
4|2|4|352|54|17|C
4|2|4|352|54|18|C
4|2|4|352|54|19|C
4|2|4|352|54|20|C
4|2|4|352|54|21|C
4|2|4|352|54|22|C
4|2|4|352|54|24|C
4|2|4|352|54|25|C
4|2|4|352|54|26|C
4|2|4|352|54|27|C
4|2|4|352|54|28|C
4|2|4|352|54|29|C
4|2|4|352|54|30|C
4|2|4|352|54|31|C
4|2|4|352|54|32|C
4|2|4|352|54|33|C
4|2|4|352|54|34|C
4|2|4|352|54|35|C
4|2|4|352|54|36|C
4|2|4|352|54|37|C
4|2|4|352|54|38|C
4|2|4|352|54|39|C
4|2|4|352|54|40|C
4|2|4|352|54|41|C
4|2|4|352|54|42|C
4|2|4|352|54|43|C
4|2|4|352|54|44|C
4|2|4|352|54|45|C
4|2|4|352|54|46|C
4|2|4|352|54|47|C
4|2|4|352|54|48|C
4|2|4|352|54|49|C
4|2|4|352|54|50|C
4|2|4|352|54|51|C
4|2|4|352|54|52|C
4|2|4|352|54|53|C
4|2|4|352|54|54|C
4|2|4|352|54|55|C
4|2|4|352|54|56|C
4|2|4|352|54|57|C
4|2|4|352|54|58|C
4|2|4|352|54|59|C
4|2|4|352|54|61|C
4|2|4|352|54|62|C
4|2|4|352|54|63|C
4|2|4|352|54|64|C
4|2|4|352|54|65|C
4|2|4|352|54|66|*
4|2|4|352|54|67|C
4|2|4|352|54|68|C
4|2|4|352|54|69|C
4|2|4|352|54|70|C
4|2|4|352|54|71|C
4|2|4|352|54|72|C
4|2|4|352|54|73|C
4|2|4|352|54|9999|C
4|2|4|352|348|9999|C
4|2|4|353|14|9999|C
4|2|4|353|16|9999|C
4|2|4|353|42|1|C
4|2|4|353|42|2|C
4|2|4|353|42|3|C
4|2|4|353|42|5|C
4|2|4|353|42|7|C
4|2|4|353|42|11|C
4|2|4|353|42|12|C
4|2|4|353|42|13|C
4|2|4|353|42|14|C
4|2|4|353|42|15|C
4|2|4|353|42|16|C
4|2|4|353|42|17|C
4|2|4|353|42|18|C
4|2|4|353|42|19|C
4|2|4|353|42|20|C
4|2|4|353|42|21|C
4|2|4|353|42|22|C
4|2|4|353|42|23|C
4|2|4|353|42|24|C
4|2|4|353|42|25|C
4|2|4|353|42|26|C
4|2|4|353|42|27|C
4|2|4|353|58|9999|C
4|2|4|353|92|9999|C
4|2|4|353|93|9999|C
4|2|4|353|109|9999|C
4|2|4|353|120|9999|C
4|2|4|353|152|9999|C
4|2|4|353|160|9999|*
4|2|4|353|181|9999|C
4|2|4|353|193|9999|C
4|2|4|353|206|9999|C
4|2|4|353|328|9999|C
4|2|4|353|369|9999|C
4|2|4|353|471|9999|C
4|2|4|353|474|9999|C
4|2|4|354|9|9999|*
4|2|4|354|202|1|C
4|2|4|354|202|2|C
4|2|4|354|202|3|C
4|2|4|354|202|4|*
4|2|4|354|202|5|C
4|2|4|354|202|6|C
4|2|4|354|202|7|C
4|2|4|354|202|8|C
4|2|4|354|202|9|C
4|2|4|354|202|10|C
4|2|4|354|202|11|C
4|2|4|354|202|12|C
4|2|4|354|202|13|C
4|2|4|354|202|14|C
4|2|4|354|202|15|C
4|2|4|354|202|16|C
4|2|4|354|202|17|C
4|2|4|354|202|18|C
4|2|4|354|202|19|C
4|2|4|354|202|20|C
4|2|4|354|202|21|C
4|2|4|354|202|22|C
4|2|4|354|202|23|C
4|2|4|354|202|24|C
4|2|4|354|202|25|C
4|2|4|354|202|26|C
4|2|4|354|202|27|C
4|2|4|354|202|28|C
4|2|4|354|202|29|C
4|2|4|354|202|30|C
4|2|4|354|202|31|C
4|2|4|354|202|32|C
4|2|4|354|202|33|C
4|2|4|354|202|34|C
4|2|4|354|202|35|C
4|2|4|354|202|36|C
4|2|4|354|202|37|C
4|2|4|354|202|38|C
4|2|4|354|202|39|C
4|2|4|354|202|40|C
4|2|4|354|202|41|C
4|2|4|354|202|42|C
4|2|4|354|202|43|C
4|2|4|354|202|44|C
4|2|4|354|202|45|C
4|2|4|354|202|46|C
4|2|4|354|202|47|C
4|2|4|354|202|48|C
4|2|4|354|202|49|C
4|2|4|354|202|50|C
4|2|4|354|202|51|C
4|2|4|354|202|52|C
4|2|4|354|202|53|C
4|2|4|354|202|54|C
4|2|4|354|202|55|C
4|2|4|354|202|56|C
4|2|4|354|202|57|C
4|2|4|354|202|58|C
4|2|4|354|202|59|C
4|2|4|354|202|60|C
4|2|4|354|202|61|C
4|2|4|354|202|62|C
4|2|4|354|202|63|C
4|2|4|354|202|64|C
4|2|4|354|202|65|C
4|2|4|354|202|66|C
4|2|4|354|202|67|C
4|2|4|354|202|68|C
4|2|4|354|202|69|C
4|2|4|354|202|71|C
4|2|4|354|202|72|C
4|2|4|354|202|73|C
4|2|4|354|202|74|C
4|2|4|354|202|75|C
4|2|4|354|202|76|C
4|2|4|354|202|77|C
4|2|4|354|202|78|C
4|2|4|354|202|79|C
4|2|4|354|202|80|C
4|2|4|354|202|81|C
4|2|4|354|202|82|C
4|2|4|354|202|83|C
4|2|4|354|202|84|C
4|2|4|354|202|85|C
4|2|4|354|202|86|C
4|2|4|354|202|9999|C
4|2|4|355|60|1|C
4|2|4|355|60|2|C
4|2|4|355|60|3|C
4|2|4|355|60|4|C
4|2|4|355|60|5|C
4|2|4|355|60|6|C
4|2|4|355|60|7|C
4|2|4|355|60|8|C
4|2|4|355|60|9|C
4|2|4|355|60|10|C
4|2|4|355|60|11|C
4|2|4|355|60|12|C
4|2|4|355|60|13|C
4|2|4|355|60|14|*
4|2|4|355|60|15|C
4|2|4|355|60|16|C
4|2|4|355|60|17|C
4|2|4|355|60|19|C
4|2|4|355|60|20|*
4|2|4|355|60|21|C
4|2|4|355|60|22|C
4|2|4|355|60|23|C
4|2|4|355|60|24|*
4|2|4|355|60|25|C
4|2|4|355|60|26|C
4|2|4|355|60|27|C
4|2|4|355|60|28|C
4|2|4|355|60|29|C
4|2|4|355|60|30|C
4|2|4|355|60|31|C
4|2|4|355|60|32|C
4|2|4|355|60|34|C
4|2|4|355|60|35|C
4|2|4|355|60|36|C
4|2|4|355|60|37|C
4|2|4|355|60|38|C
4|2|4|355|60|39|C
4|2|4|355|60|40|C
4|2|4|355|60|41|C
4|2|4|355|60|42|C
4|2|4|355|60|43|C
4|2|4|355|60|44|C
4|2|4|355|60|45|C
4|2|4|355|318|9999|C
4|2|4|355|380|9999|*
4|2|4|355|520|9999|C
4|2|4|528|484|1|C
4|2|4|528|484|2|C
4|2|4|528|484|3|C
4|2|4|528|484|4|C
4|2|4|528|484|5|C
4|2|4|528|484|6|C
4|2|4|528|484|7|C
4|2|4|528|484|8|C
4|2|4|528|484|9|C
4|2|4|528|484|10|C
4|2|4|528|484|11|C
4|2|4|528|484|12|C
4|2|4|528|484|13|C
4|2|4|528|484|14|C
4|2|4|528|484|15|C
4|2|4|528|484|16|C
4|2|4|528|484|17|C
4|2|4|528|484|18|C
4|2|4|528|484|19|C
4|2|4|528|484|20|C
4|2|4|528|484|21|C
4|2|4|528|484|22|C
4|2|4|528|484|23|C
4|2|4|528|484|24|C
4|2|4|528|484|25|C
4|2|4|528|484|26|C
4|2|4|528|484|27|C
4|2|4|528|484|28|C
4|2|4|528|484|29|C
4|2|4|528|484|30|C
4|2|4|528|484|31|C
4|2|4|528|484|32|C
4|2|4|528|484|33|C
4|2|4|528|484|34|C
4|2|4|528|484|35|C
4|2|4|528|484|36|C
4|2|4|528|484|37|C
4|2|4|528|484|38|C
4|2|4|528|484|39|C
4|2|4|528|484|40|C
4|2|4|528|484|9999|C
4|2|4|528|485|9999|C
4|2|4|528|487|9999|C
4|2|4|528|523|9999|C
4|2|4|529|486|1|C
4|2|4|529|486|2|C
4|2|4|529|486|3|C
4|2|4|529|486|5|C
4|2|4|529|486|6|C
4|2|4|529|486|7|C
4|2|4|529|486|8|C
4|2|4|529|486|9|C
4|2|4|529|486|10|*
4|2|4|529|486|11|C
4|2|4|529|486|12|C
4|2|4|529|486|13|C
4|2|4|529|486|14|C
4|2|4|529|486|15|C
4|2|4|529|486|16|C
4|2|4|529|486|17|C
4|2|4|529|486|18|C
4|2|4|529|486|19|C
4|2|4|529|486|20|C
4|2|4|529|486|21|C
4|2|4|529|486|22|C
4|2|4|529|486|23|C
4|2|4|529|486|24|C
4|2|4|529|486|25|C
4|2|4|529|486|26|C
4|2|4|529|486|27|C
4|2|4|529|486|28|C
4|2|4|529|486|29|C
4|2|4|529|486|30|C
4|2|4|529|486|31|C
4|2|4|529|486|32|C
4|2|4|529|486|33|C
4|2|4|529|486|34|C
4|2|4|529|486|35|C
4|2|4|529|486|36|C
4|2|4|529|486|37|C
4|2|4|529|486|38|C
4|2|4|529|486|39|C
4|2|4|529|486|41|C
4|2|4|529|486|42|C
4|2|4|529|486|43|*
4|2|4|529|486|44|C
4|2|4|529|486|9999|C
4|2|4|529|488|1|C
4|2|4|529|488|2|C
4|2|4|529|488|3|C
4|2|4|529|488|4|C
4|2|4|529|488|5|C
4|2|4|529|488|6|C
4|2|4|529|488|7|C
4|2|4|529|488|8|C
4|2|4|529|488|9|C
4|2|4|529|488|10|C
4|2|4|529|488|11|C
4|2|4|529|488|12|C
4|2|4|529|488|13|C
4|2|4|529|488|14|C
4|2|4|529|488|15|C
4|2|4|529|488|16|C
4|2|4|529|488|17|C
4|2|4|529|488|18|C
4|2|4|529|488|19|C
4|2|4|529|488|20|C
4|2|4|529|488|21|C
4|2|4|529|488|22|C
4|2|4|529|488|23|C
4|2|4|529|488|24|C
4|2|4|529|488|25|C
4|2|4|529|488|26|C
4|2|4|529|488|27|*
4|2|4|529|488|28|C
4|2|4|529|488|29|C
4|2|4|529|488|30|C
4|2|4|529|488|31|C
4|2|4|529|488|32|C
4|2|4|529|488|33|C
4|2|4|529|488|34|C
4|2|4|529|488|35|C
4|2|4|529|488|36|C
4|2|4|529|488|37|C
4|2|4|529|488|38|C
4|2|4|529|488|39|C
4|2|4|529|488|40|C
4|2|4|529|488|41|C
4|2|4|529|488|43|C
4|2|4|529|488|44|C
4|2|4|529|489|9999|C
4|2|4|529|490|9999|C
4|2|4|529|528|9999|C
4|2|4|530|491|1|C
4|2|4|530|491|2|C
4|2|4|530|491|3|C
4|2|4|530|491|4|C
4|2|4|530|491|5|C
4|2|4|530|491|6|C
4|2|4|530|491|7|C
4|2|4|530|491|8|C
4|2|4|530|491|9|C
4|2|4|530|491|10|C
4|2|4|530|491|11|C
4|2|4|530|491|12|C
4|2|4|530|491|13|C
4|2|4|530|491|14|C
4|2|4|530|491|15|C
4|2|4|530|491|16|C
4|2|4|530|491|17|C
4|2|4|530|491|18|C
4|2|4|530|491|19|C
4|2|4|530|491|20|C
4|2|4|530|491|21|C
4|2|4|530|491|22|C
4|2|4|530|491|23|C
4|2|4|530|491|24|C
4|2|4|530|491|26|C
4|2|4|530|491|27|C
4|2|4|530|491|28|C
4|2|4|530|491|29|C
4|2|4|530|491|31|C
4|2|4|530|491|32|C
4|2|4|530|491|33|C
4|2|4|530|491|34|C
4|2|4|530|491|35|C
4|2|4|530|491|36|C
4|2|4|530|491|37|C
4|2|4|530|491|9999|C
4|2|4|530|492|9999|*
4|2|4|530|500|9999|C
4|2|4|530|509|9999|*
4|2|4|530|537|9999|C
4|2|4|538|61|9999|C
4|2|4|538|266|9999|C
4|2|4|538|468|1|C
4|2|4|538|468|2|C
4|2|4|538|468|3|C
4|2|4|538|468|4|*
4|2|4|538|468|5|C
4|2|4|538|468|6|C
4|2|4|538|468|7|C
4|2|4|538|468|8|C
4|2|4|538|468|9|C
4|2|4|538|468|10|C
4|2|4|538|468|11|C
4|2|4|538|468|12|C
4|2|4|538|468|13|C
4|2|4|538|468|14|C
4|2|4|538|468|15|C
4|2|4|538|468|16|C
4|2|4|538|468|17|C
4|2|4|538|468|18|C
4|2|4|538|468|19|C
4|2|4|538|468|20|C
4|2|4|538|468|21|C
4|2|4|538|468|22|C
4|2|4|538|468|23|C
4|2|4|538|468|24|C
4|2|4|538|468|25|C
4|2|4|538|468|26|C
4|2|4|538|468|27|C
4|2|4|538|468|28|C
4|2|4|538|468|29|C
4|2|4|538|468|30|C
4|2|4|538|468|31|C
4|2|4|538|468|32|C
4|2|4|538|468|33|C
4|2|4|538|468|34|C
4|2|4|538|468|35|C
4|2|4|538|468|36|C
4|2|4|538|468|37|C
4|2|4|538|468|38|C
4|2|4|538|468|39|C
4|2|4|538|468|40|C
4|2|4|538|468|41|C
4|2|4|538|468|42|C
4|2|4|538|468|43|C
4|2|4|538|468|44|C
4|2|4|538|468|45|C
4|2|4|538|468|46|C
4|2|4|538|468|47|C
4|2|4|538|468|48|C
4|2|4|538|468|49|C
4|2|4|538|468|50|C
4|2|4|538|468|51|C
4|2|4|538|468|52|C
4|2|4|538|468|53|C
4|2|4|538|468|54|C
4|2|4|538|468|55|C
4|2|4|538|468|56|C
4|2|4|538|468|57|C
4|2|4|538|468|58|C
4|2|4|538|468|59|C
4|2|4|538|468|60|C
4|2|4|538|468|61|C
4|2|4|538|468|62|C
4|2|4|538|468|63|C
4|2|4|538|468|64|C
4|2|4|538|468|65|C
4|2|4|538|468|66|C
4|2|4|538|468|67|C
4|2|4|538|468|68|C
4|2|4|538|468|69|C
4|2|4|538|468|70|C
4|2|4|538|468|71|C
4|2|4|538|468|72|C
4|2|4|538|468|73|C
4|2|4|538|468|74|C
4|2|4|538|468|75|C
4|2|4|538|468|76|C
4|2|4|538|468|77|C
4|2|4|538|468|78|C
4|2|4|538|468|79|C
4|2|4|538|468|80|C
4|2|4|538|468|81|C
4|2|4|538|468|82|C
4|2|4|538|468|83|C
4|2|4|538|468|84|C
4|2|4|538|468|85|C
4|2|4|538|468|86|C
4|2|4|538|468|87|C
4|2|4|538|468|88|C
4|2|4|538|468|89|C
4|2|4|538|468|90|C
4|2|4|538|468|91|C
4|2|4|538|468|92|C
4|2|4|538|468|93|C
4|2|4|538|468|94|C
4|2|4|538|468|95|C
4|2|4|538|468|96|C
4|2|4|538|468|97|C
4|2|4|538|468|98|C
4|2|4|538|468|99|C
4|2|4|538|468|100|C
4|2|4|538|468|101|C
4|2|4|538|468|102|C
4|2|4|538|468|103|C
4|2|4|538|468|108|C
4|2|4|538|468|109|C
4|2|4|538|468|111|C
4|2|4|538|468|112|C
4|2|4|538|468|113|C
4|2|4|538|468|114|C
4|2|4|538|468|115|C
4|2|4|538|468|116|C
4|2|4|538|468|117|C
4|2|4|538|468|118|C
4|2|4|538|468|119|C
4|2|4|538|468|121|C
4|2|4|538|468|122|C
4|2|4|538|468|9999|C
4|2|4|539|5|1|C
4|2|4|539|5|2|C
4|2|4|539|5|3|C
4|2|4|539|5|4|C
4|2|4|539|5|5|C
4|2|4|539|5|6|C
4|2|4|539|5|7|C
4|2|4|539|5|8|C
4|2|4|539|5|9|C
4|2|4|539|5|10|C
4|2|4|539|5|11|C
4|2|4|539|5|12|C
4|2|4|539|5|13|C
4|2|4|539|5|14|C
4|2|4|539|5|15|C
4|2|4|539|5|16|C
4|2|4|539|5|17|C
4|2|4|539|5|18|C
4|2|4|539|5|19|C
4|2|4|539|5|20|C
4|2|4|539|5|21|C
4|2|4|539|5|22|C
4|2|4|539|5|23|C
4|2|4|539|5|24|C
4|2|4|539|5|25|C
4|2|4|539|5|26|C
4|2|4|539|5|27|C
4|2|4|539|5|28|C
4|2|4|539|5|29|C
4|2|4|539|5|30|C
4|2|4|539|5|31|C
4|2|4|539|5|32|C
4|2|4|539|5|33|C
4|2|4|539|293|9999|C
4|2|4|539|330|9999|C
4|2|7|428|1|1|C
4|2|7|428|1|2|C
4|2|7|428|1|3|C
4|2|7|428|1|4|C
4|2|7|428|1|5|C
4|2|7|428|1|6|C
4|2|7|428|1|7|C
4|2|7|428|1|8|C
4|2|7|428|1|9|C
4|2|7|428|1|10|C
4|2|7|428|1|11|C
4|2|7|428|1|12|C
4|2|7|428|1|13|C
4|2|7|428|1|14|C
4|2|7|428|1|15|C
4|2|7|428|1|16|C
4|2|7|428|1|17|C
4|2|7|428|1|18|C
4|2|7|428|1|19|C
4|2|7|428|1|20|C
4|2|7|428|1|21|C
4|2|7|428|1|22|C
4|2|7|428|1|23|C
4|2|7|428|1|24|C
4|2|7|428|1|25|C
4|2|7|428|1|26|C
4|2|7|428|1|27|C
4|2|7|428|1|28|C
4|2|7|428|1|29|C
4|2|7|428|1|30|C
4|2|7|428|1|34|*
4|2|7|428|1|35|C
4|2|7|428|1|36|C
4|2|7|428|1|37|C
4|2|7|428|1|38|C
4|2|7|428|1|39|C
4|2|7|428|1|41|C
4|2|7|429|1|1|*
4|2|7|429|1|2|C
4|2|7|429|1|3|C
4|2|7|429|1|4|C
4|2|7|429|1|5|C
4|2|7|429|1|6|C
4|2|7|429|1|7|C
4|2|7|429|1|8|C
4|2|7|429|1|9|C
4|2|7|429|1|10|C
4|2|7|429|1|11|C
4|2|7|429|1|12|C
4|2|7|429|1|14|C
4|2|7|429|1|15|C
4|2|7|429|1|16|C
4|2|7|429|1|17|C
4|2|7|429|1|18|C
4|2|7|429|1|19|C
4|2|7|429|1|20|C
4|2|7|429|1|21|C
4|2|7|429|1|22|C
4|2|7|429|1|23|C
4|2|7|429|1|24|C
4|2|7|429|1|25|C
4|2|7|429|1|26|C
4|2|7|429|1|27|C
4|2|7|429|1|28|C
4|2|7|429|1|29|C
4|2|7|429|1|30|C
4|2|7|429|1|31|C
4|2|7|429|1|32|C
4|2|7|429|1|33|C
4|2|7|429|1|34|C
4|2|7|429|1|35|C
4|2|7|429|1|36|C
4|2|7|429|1|37|C
4|2|7|429|1|38|C
4|2|7|429|1|39|C
4|2|7|429|1|40|C
4|2|7|429|1|41|C
4|2|7|429|1|43|C
4|2|7|429|1|44|C
4|2|7|429|1|45|C
4|2|7|429|1|47|C
4|2|7|429|1|48|C
4|2|7|429|1|52|C
4|2|7|429|1|53|*
4|2|7|429|1|54|C
4|2|7|429|1|55|C
4|2|7|429|1|56|C
4|2|7|429|1|57|C
4|2|7|429|1|60|C
4|2|7|429|1|61|C
4|2|7|429|1|64|C
4|2|7|429|1|65|C
4|2|7|429|1|66|C
4|2|7|429|1|67|C
4|2|7|429|1|68|C
4|2|7|429|1|69|C
4|2|7|429|1|70|C
4|2|7|429|1|71|C
4|2|7|429|1|72|C
4|2|7|429|1|73|C
4|2|7|429|1|74|C
4|2|7|429|1|75|C
4|2|7|429|1|76|C
4|2|7|429|1|77|C
4|2|7|429|1|78|C
4|2|7|429|1|79|C
4|2|7|429|4|9999|C
4|2|7|429|15|9999|C
4|2|7|429|17|9999|C
4|2|7|429|28|9999|C
4|2|7|429|35|9999|C
4|2|7|429|42|9999|C
4|2|7|429|44|9999|C
4|2|7|429|49|9999|C
4|2|7|429|62|9999|*
4|2|7|429|63|9999|*
4|2|7|429|65|9999|C
4|2|7|429|68|9999|*
4|2|7|429|90|9999|C
4|2|7|429|93|9999|C
4|2|7|429|95|9999|C
4|2|7|429|99|9999|C
4|2|7|429|103|9999|*
4|2|7|429|122|9999|C
4|2|7|429|130|9999|C
4|2|7|429|131|9999|C
4|2|7|429|132|9999|C
4|2|7|429|133|9999|C
4|2|7|429|134|9999|C
4|2|7|429|135|9999|C
4|2|7|429|136|9999|C
4|2|7|429|137|9999|C
4|2|7|429|139|9999|C
4|2|7|429|145|9999|*
4|2|7|429|150|9999|C
4|2|7|429|151|9999|C
4|2|7|429|164|9999|C
4|2|7|429|171|9999|C
4|2|7|429|172|9999|C
4|2|7|429|190|9999|C
4|2|7|429|191|9999|C
4|2|7|429|194|9999|C
4|2|7|429|195|9999|C
4|2|7|429|196|9999|C
4|2|7|429|200|9999|*
4|2|7|429|227|9999|C
4|2|7|429|231|9999|C
4|2|7|429|272|9999|C
4|2|7|429|279|9999|C
4|2|7|429|283|9999|C
4|2|7|429|285|9999|C
4|2|7|429|287|9999|*
4|2|7|429|290|9999|C
4|2|7|429|291|9999|C
4|2|7|429|293|9999|*
4|2|7|429|294|9999|C
4|2|7|429|297|9999|C
4|2|7|429|298|9999|C
4|2|7|429|300|9999|C
4|2|7|429|307|9999|C
4|2|7|429|311|9999|C
4|2|7|429|326|9999|C
4|2|7|429|332|9999|C
4|2|7|429|336|9999|C
4|2|7|429|345|9999|*
4|2|7|429|350|9999|C
4|2|7|429|374|9999|C
4|2|7|429|381|9999|C
4|2|7|429|404|9999|C
4|2|7|429|412|9999|C
4|2|7|429|413|9999|C
4|2|7|429|416|9999|C
4|2|7|429|421|9999|*
4|2|7|429|423|9999|C
4|2|7|429|440|9999|C
4|2|7|429|441|9999|C
4|2|7|429|448|9999|C
4|2|7|429|452|9999|C
4|2|7|429|454|9999|C
4|2|7|429|471|9999|C
4|2|7|429|478|9999|C
4|2|7|429|492|9999|C
4|2|7|429|497|9999|C
4|2|7|429|499|9999|C
4|2|7|429|531|9999|C
4|2|7|429|534|9999|C
4|2|7|429|536|9999|C
4|2|7|429|537|9999|C
4|2|7|429|538|9999|C
4|2|7|429|551|9999|C
4|2|7|429|554|9999|C
4|2|7|429|555|9999|C
4|2|7|429|557|9999|C
4|2|7|429|621|9999|C
4|2|7|429|622|9999|C
4|2|7|429|664|9999|C
4|2|7|429|685|9999|C
4|2|7|430|27|9999|C
4|2|7|430|36|9999|C
4|2|7|430|37|9999|C
4|2|7|430|80|9999|C
4|2|7|430|101|9999|C
4|2|7|430|112|9999|C
4|2|7|430|116|9999|C
4|2|7|430|123|9999|C
4|2|7|430|128|9999|C
4|2|7|430|144|9999|C
4|2|7|430|163|9999|C
4|2|7|430|165|9999|C
4|2|7|430|173|9999|C
4|2|7|430|174|9999|C
4|2|7|430|177|9999|C
4|2|7|430|179|9999|C
4|2|7|430|188|9999|C
4|2|7|430|207|9999|C
4|2|7|430|222|9999|C
4|2|7|430|229|9999|C
4|2|7|430|243|9999|C
4|2|7|430|246|9999|C
4|2|7|430|250|9999|C
4|2|7|430|260|9999|C
4|2|7|430|273|9999|C
4|2|7|430|299|9999|C
4|2|7|430|315|9999|C
4|2|7|430|318|9999|C
4|2|7|430|321|9999|C
4|2|7|430|324|9999|C
4|2|7|430|337|9999|C
4|2|7|430|368|9999|C
4|2|7|430|391|9999|C
4|2|7|430|394|9999|C
4|2|7|430|395|9999|C
4|2|7|430|397|9999|C
4|2|7|430|399|9999|C
4|2|7|430|400|9999|C
4|2|7|430|426|9999|C
4|2|7|430|427|9999|C
4|2|7|430|428|9999|C
4|2|7|430|429|9999|C
4|2|7|430|430|9999|C
4|2|7|430|431|9999|C
4|2|7|430|459|9999|C
4|2|7|430|462|9999|C
4|2|7|430|468|9999|C
4|2|7|430|504|9999|C
4|2|7|430|530|9999|C
4|2|7|430|559|9999|C
4|2|7|430|560|9999|C
4|2|7|430|561|9999|C
4|2|7|430|562|9999|C
4|2|7|430|563|9999|C
4|2|7|430|564|9999|C
4|2|7|430|565|9999|C
4|2|7|430|566|9999|C
4|2|7|430|567|9999|C
4|2|7|430|571|9999|C
4|2|7|430|665|9999|C
4|2|7|430|670|9999|C
4|2|7|431|16|9999|C
4|2|7|431|241|9999|C
4|2|7|431|281|9999|C
4|2|7|431|358|9999|C
4|2|7|431|377|9999|C
4|2|7|431|453|1|C
4|2|7|431|453|2|C
4|2|7|431|453|3|C
4|2|7|431|453|4|C
4|2|7|431|453|5|C
4|2|7|431|453|6|C
4|2|7|431|453|7|C
4|2|7|431|453|8|C
4|2|7|431|453|9|C
4|2|7|431|453|10|C
4|2|7|431|453|11|C
4|2|7|431|453|12|C
4|2|7|431|453|13|C
4|2|7|431|453|9999|C
4|2|7|432|6|9999|C
4|2|7|432|45|9999|*
4|2|7|432|66|9999|*
4|2|7|432|124|9999|*
4|2|7|432|167|9999|*
4|2|7|432|192|9999|C
4|2|7|432|331|9999|C
4|2|7|432|372|9999|C
4|2|7|432|379|9999|C
4|2|7|432|444|9999|C
4|2|7|432|473|9999|C
4|2|7|432|507|9999|*
4|2|7|433|2|9999|C
4|2|7|433|5|9999|C
4|2|7|433|29|9999|C
4|2|7|433|31|9999|C
4|2|7|433|38|9999|C
4|2|7|433|58|9999|C
4|2|7|433|64|9999|C
4|2|7|433|71|9999|C
4|2|7|433|73|9999|C
4|2|7|433|82|9999|C
4|2|7|433|102|9999|*
4|2|7|433|109|9999|C
4|2|7|433|114|9999|C
4|2|7|433|115|9999|C
4|2|7|433|147|9999|C
4|2|7|433|149|9999|C
4|2|7|433|154|9999|C
4|2|7|433|155|9999|C
4|2|7|433|159|9999|C
4|2|7|433|181|9999|C
4|2|7|433|189|9999|C
4|2|7|433|197|9999|C
4|2|7|433|198|9999|C
4|2|7|433|201|9999|C
4|2|7|433|209|9999|C
4|2|7|433|210|9999|C
4|2|7|433|215|9999|C
4|2|7|433|219|9999|C
4|2|7|433|223|9999|C
4|2|7|433|247|9999|C
4|2|7|433|252|9999|C
4|2|7|433|257|9999|*
4|2|7|433|261|9999|C
4|2|7|433|264|9999|C
4|2|7|433|269|9999|C
4|2|7|433|274|9999|C
4|2|7|433|277|9999|*
4|2|7|433|282|9999|*
4|2|7|433|286|9999|C
4|2|7|433|289|9999|C
4|2|7|433|295|9999|C
4|2|7|433|303|9999|C
4|2|7|433|312|9999|C
4|2|7|433|313|9999|C
4|2|7|433|314|9999|C
4|2|7|433|323|9999|C
4|2|7|433|325|9999|C
4|2|7|433|330|9999|C
4|2|7|433|333|9999|C
4|2|7|433|342|9999|C
4|2|7|433|373|9999|C
4|2|7|433|382|9999|C
4|2|7|433|406|9999|C
4|2|7|433|407|9999|C
4|2|7|433|419|9999|C
4|2|7|433|433|9999|C
4|2|7|433|445|9999|C
4|2|7|433|446|9999|C
4|2|7|433|447|9999|C
4|2|7|433|460|9999|C
4|2|7|433|463|9999|C
4|2|7|433|465|9999|C
4|2|7|433|466|9999|C
4|2|7|433|467|9999|C
4|2|7|433|469|9999|C
4|2|7|433|476|9999|*
4|2|7|433|479|9999|C
4|2|7|433|490|9999|C
4|2|7|433|496|9999|C
4|2|7|433|506|9999|C
4|2|7|433|508|9999|C
4|2|7|433|509|9999|C
4|2|7|433|540|9999|C
4|2|7|433|541|9999|C
4|2|7|433|550|9999|C
4|2|7|433|552|9999|C
4|2|7|433|553|9999|C
4|2|7|433|558|9999|C
4|2|7|433|572|9999|C
4|2|7|433|573|9999|C
4|2|7|433|574|9999|C
4|2|7|433|575|9999|C
4|2|7|433|576|9999|C
4|2|7|433|577|9999|C
4|2|7|433|578|9999|C
4|2|7|433|579|9999|C
4|2|7|433|580|9999|C
4|2|7|433|581|9999|C
4|2|7|433|582|9999|C
4|2|7|433|583|9999|C
4|2|7|433|584|9999|C
4|2|7|433|585|9999|C
4|2|7|433|586|9999|C
4|2|7|433|587|9999|C
4|2|7|433|588|9999|C
4|2|7|433|589|9999|C
4|2|7|433|590|9999|C
4|2|7|433|591|9999|C
4|2|7|433|592|9999|C
4|2|7|433|593|9999|C
4|2|7|433|594|9999|C
4|2|7|433|595|9999|C
4|2|7|433|596|9999|C
4|2|7|433|597|9999|C
4|2|7|433|598|9999|C
4|2|7|433|599|9999|C
4|2|7|433|600|9999|C
4|2|7|433|601|9999|C
4|2|7|433|602|9999|C
4|2|7|433|603|9999|C
4|2|7|433|604|9999|C
4|2|7|433|666|9999|C
4|2|7|433|673|9999|C
4|2|7|433|674|9999|C
4|2|7|433|675|9999|C
4|2|7|434|56|9999|C
4|2|7|434|57|9999|C
4|2|7|434|81|9999|C
4|2|7|434|85|9999|C
4|2|7|434|97|9999|C
4|2|7|434|105|9999|C
4|2|7|434|110|9999|C
4|2|7|434|111|9999|C
4|2|7|434|237|9999|C
4|2|7|434|240|9999|C
4|2|7|434|244|9999|C
4|2|7|434|275|9999|C
4|2|7|434|361|9999|C
4|2|7|434|369|9999|C
4|2|7|434|370|9999|C
4|2|7|434|378|9999|C
4|2|7|434|409|9999|C
4|2|7|434|519|9999|C
4|2|7|434|524|9999|C
4|2|7|434|545|9999|C
4|2|7|434|546|9999|C
4|2|7|434|607|9999|C
4|2|7|434|608|9999|C
4|2|7|434|609|9999|C
4|2|7|434|610|9999|C
4|2|7|434|612|9999|C
4|2|7|434|613|9999|C
4|2|7|434|618|9999|C
4|2|7|434|680|9999|C
4|2|7|434|681|9999|C
4|2|7|434|682|9999|C
4|2|7|435|40|9999|C
4|2|7|435|60|9999|C
4|2|7|435|61|9999|C
4|2|7|435|69|9999|C
4|2|7|435|75|9999|C
4|2|7|435|88|9999|C
4|2|7|435|104|9999|C
4|2|7|435|108|9999|C
4|2|7|435|113|9999|C
4|2|7|435|176|9999|C
4|2|7|435|199|9999|C
4|2|7|435|202|9999|C
4|2|7|435|208|9999|C
4|2|7|435|216|9999|C
4|2|7|435|232|9999|C
4|2|7|435|251|9999|C
4|2|7|435|253|9999|C
4|2|7|435|255|9999|C
4|2|7|435|258|9999|C
4|2|7|435|262|9999|C
4|2|7|435|263|9999|C
4|2|7|435|267|9999|C
4|2|7|435|268|9999|C
4|2|7|435|270|9999|C
4|2|7|435|296|9999|C
4|2|7|435|301|9999|C
4|2|7|435|316|9999|C
4|2|7|435|327|9999|C
4|2|7|435|338|9999|C
4|2|7|435|348|9999|C
4|2|7|435|355|9999|C
4|2|7|435|356|9999|C
4|2|7|435|387|9999|C
4|2|7|435|388|9999|C
4|2|7|435|396|9999|C
4|2|7|435|405|9999|C
4|2|7|435|418|9999|C
4|2|7|435|432|9999|C
4|2|7|435|434|9999|C
4|2|7|435|437|9999|C
4|2|7|435|438|9999|C
4|2|7|435|442|9999|C
4|2|7|435|451|9999|C
4|2|7|435|457|9999|C
4|2|7|435|458|9999|C
4|2|7|435|464|9999|C
4|2|7|435|472|9999|C
4|2|7|435|484|9999|C
4|2|7|435|487|9999|C
4|2|7|435|493|9999|C
4|2|7|435|500|9999|C
4|2|7|435|510|9999|C
4|2|7|435|511|9999|C
4|2|7|435|512|9999|C
4|2|7|435|532|9999|C
4|2|7|435|533|9999|C
4|2|7|435|620|9999|C
4|2|7|435|623|9999|C
4|2|7|435|624|9999|C
4|2|7|435|626|9999|C
4|2|7|435|628|9999|C
4|2|7|435|630|9999|C
4|2|7|435|631|9999|C
4|2|7|435|635|9999|C
4|2|7|435|688|9999|C
4|2|7|436|7|9999|C
4|2|7|436|18|9999|*
4|2|7|436|19|9999|*
4|2|7|436|21|9999|C
4|2|7|436|34|9999|C
4|2|7|436|43|9999|*
4|2|7|436|48|9999|C
4|2|7|436|119|9999|*
4|2|7|436|126|9999|C
4|2|7|436|143|9999|*
4|2|7|436|158|9999|C
4|2|7|436|183|9999|*
4|2|7|436|186|9999|C
4|2|7|436|203|9999|C
4|2|7|436|212|9999|C
4|2|7|436|213|9999|C
4|2|7|436|233|9999|C
4|2|7|436|235|9999|C
4|2|7|436|236|9999|C
4|2|7|436|238|9999|C
4|2|7|436|254|9999|C
4|2|7|436|271|9999|C
4|2|7|436|276|9999|C
4|2|7|436|280|9999|C
4|2|7|436|302|9999|C
4|2|7|436|334|9999|C
4|2|7|436|354|9999|C
4|2|7|436|362|9999|C
4|2|7|436|386|9999|C
4|2|7|436|408|9999|*
4|2|7|436|420|9999|C
4|2|7|436|425|9999|C
4|2|7|436|450|9999|C
4|2|7|436|455|9999|C
4|2|7|436|461|9999|C
4|2|7|436|501|9999|C
4|2|7|436|513|9999|C
4|2|7|436|515|9999|C
4|2|7|436|529|9999|C
4|2|7|436|539|9999|C
4|2|7|436|638|9999|C
4|2|7|436|639|9999|C
4|2|7|436|640|9999|C
4|2|7|436|641|9999|C
4|2|7|436|642|9999|C
4|2|7|436|643|9999|C
4|2|7|436|651|9999|C
4|2|7|436|679|9999|C
4|2|7|439|12|9999|C
4|2|7|439|14|9999|C
4|2|7|439|20|9999|C
4|2|7|439|23|9999|C
4|2|7|439|24|9999|C
4|2|7|439|25|9999|C
4|2|7|439|26|9999|C
4|2|7|439|30|9999|C
4|2|7|439|32|9999|C
4|2|7|439|33|9999|C
4|2|7|439|39|9999|C
4|2|7|439|41|9999|C
4|2|7|439|46|9999|C
4|2|7|439|47|9999|C
4|2|7|439|50|9999|C
4|2|7|439|51|9999|C
4|2|7|439|52|9999|C
4|2|7|439|53|9999|C
4|2|7|439|55|9999|C
4|2|7|439|59|9999|C
4|2|7|439|67|9999|C
4|2|7|439|72|9999|C
4|2|7|439|74|9999|C
4|2|7|439|77|9999|C
4|2|7|439|78|9999|C
4|2|7|439|79|9999|C
4|2|7|439|83|9999|C
4|2|7|439|84|9999|C
4|2|7|439|86|9999|C
4|2|7|439|87|9999|C
4|2|7|439|91|9999|C
4|2|7|439|92|9999|C
4|2|7|439|94|9999|C
4|2|7|439|98|9999|C
4|2|7|439|106|9999|C
4|2|7|439|107|9999|C
4|2|7|439|125|9999|C
4|2|7|439|127|9999|C
4|2|7|439|138|9999|C
4|2|7|439|140|9999|C
4|2|7|439|142|9999|C
4|2|7|439|146|9999|C
4|2|7|439|152|9999|C
4|2|7|439|160|9999|C
4|2|7|439|161|9999|C
4|2|7|439|162|9999|C
4|2|7|439|166|9999|C
4|2|7|439|168|9999|C
4|2|7|439|169|9999|C
4|2|7|439|175|1|C
4|2|7|439|175|2|C
4|2|7|439|175|3|C
4|2|7|439|175|4|C
4|2|7|439|175|5|C
4|2|7|439|175|6|C
4|2|7|439|175|7|C
4|2|7|439|175|8|C
4|2|7|439|175|9|C
4|2|7|439|175|10|C
4|2|7|439|175|11|C
4|2|7|439|175|12|C
4|2|7|439|175|13|C
4|2|7|439|175|14|C
4|2|7|439|178|9999|C
4|2|7|439|180|9999|C
4|2|7|439|182|9999|C
4|2|7|439|184|9999|C
4|2|7|439|187|9999|C
4|2|7|439|204|9999|C
4|2|7|439|205|9999|C
4|2|7|439|206|9999|C
4|2|7|439|211|9999|C
4|2|7|439|214|9999|C
4|2|7|439|217|9999|C
4|2|7|439|218|9999|C
4|2|7|439|220|9999|C
4|2|7|439|248|9999|C
4|2|7|439|249|9999|C
4|2|7|439|256|9999|C
4|2|7|439|265|9999|C
4|2|7|439|284|9999|C
4|2|7|439|288|9999|C
4|2|7|439|292|9999|C
4|2|7|439|306|9999|C
4|2|7|439|309|9999|C
4|2|7|439|322|9999|C
4|2|7|439|328|9999|C
4|2|7|439|335|9999|*
4|2|7|439|343|9999|C
4|2|7|439|346|9999|C
4|2|7|439|347|9999|C
4|2|7|439|351|9999|C
4|2|7|439|360|9999|C
4|2|7|439|363|9999|C
4|2|7|439|364|9999|C
4|2|7|439|367|9999|C
4|2|7|439|375|9999|C
4|2|7|439|384|9999|C
4|2|7|439|390|9999|C
4|2|7|439|398|9999|C
4|2|7|439|403|9999|C
4|2|7|439|439|9999|C
4|2|7|439|456|9999|C
4|2|7|439|470|9999|C
4|2|7|439|475|9999|C
4|2|7|439|481|9999|C
4|2|7|439|483|9999|C
4|2|7|439|488|9999|C
4|2|7|439|489|9999|C
4|2|7|439|498|9999|C
4|2|7|439|502|9999|C
4|2|7|439|520|9999|C
4|2|7|439|522|9999|C
4|2|7|439|526|9999|C
4|2|7|439|527|9999|C
4|2|7|439|528|9999|C
4|2|7|439|549|9999|C
4|2|7|439|644|9999|C
4|2|7|439|645|9999|C
4|2|7|439|646|9999|C
4|2|7|439|647|9999|C
4|2|7|439|648|9999|C
4|2|7|439|649|9999|C
4|2|7|439|652|9999|C
4|2|7|439|653|9999|C
4|2|7|439|654|9999|C
4|2|7|439|655|9999|C
4|2|7|439|656|9999|C
4|2|7|439|658|9999|C
4|2|7|439|659|9999|C
4|2|7|439|660|9999|C
4|2|7|439|661|9999|C
4|2|7|439|662|9999|C
4|2|7|439|663|9999|C
4|2|7|439|669|9999|C
4|2|7|439|671|9999|C
4|2|7|439|672|9999|C
4|2|7|439|683|9999|C
4|2|7|439|684|9999|C
4|2|7|439|686|9999|C
4|2|7|439|687|9999|C
4|2|7|439|689|9999|C
4|2|7|439|690|9999|C
4|2|9|356|577|9999|C
4|2|9|356|579|1|C
4|2|9|356|579|2|C
4|2|9|356|579|3|C
4|2|9|356|579|4|C
4|2|9|356|579|5|C
4|2|9|356|579|6|C
4|2|9|356|579|7|*
4|2|9|356|579|8|C
4|2|9|356|579|9|C
4|2|9|356|579|10|C
4|2|9|356|579|11|C
4|2|9|356|579|12|C
4|2|9|356|579|13|*
4|2|9|356|579|14|C
4|2|9|356|579|15|C
4|2|9|356|579|16|C
4|2|9|356|579|17|C
4|2|9|356|579|18|C
4|2|9|356|579|19|*
4|2|9|356|579|20|C
4|2|9|356|579|21|C
4|2|9|356|579|22|*
4|2|9|356|579|23|C
4|2|9|356|579|24|C
4|2|9|356|579|26|C
4|2|9|356|579|27|*
4|2|9|356|579|28|C
4|2|9|356|579|29|C
4|2|9|356|579|30|C
4|2|9|356|579|31|C
4|2|9|356|579|9999|C
4|2|9|356|580|1|C
4|2|9|356|580|2|C
4|2|9|356|580|3|C
4|2|9|356|580|4|C
4|2|9|356|580|5|C
4|2|9|356|580|6|C
4|2|9|356|580|8|C
4|2|9|356|580|9|C
4|2|9|356|580|10|C
4|2|9|356|580|11|*
4|2|9|356|580|12|C
4|2|9|356|580|13|C
4|2|9|356|580|14|C
4|2|9|356|580|15|C
4|2|9|356|580|16|C
4|2|9|356|580|17|C
4|2|9|356|580|18|C
4|2|9|356|580|19|C
4|2|9|356|580|20|C
4|2|9|356|580|21|C
4|2|9|356|580|22|C
4|2|9|356|580|23|C
4|2|9|356|580|24|C
4|2|9|356|580|25|C
4|2|9|356|580|26|C
4|2|9|356|580|27|C
4|2|9|356|580|29|C
4|2|9|356|580|30|C
4|2|9|356|580|31|C
4|2|9|356|580|32|C
4|2|9|356|580|33|C
4|2|9|356|580|34|C
4|2|9|356|580|35|C
4|2|9|356|580|36|C
4|2|9|356|580|37|C
4|2|9|356|580|38|C
4|2|9|356|580|39|C
4|2|9|356|580|40|C
4|2|9|356|580|41|C
4|2|9|356|580|42|C
4|2|9|356|580|43|C
4|2|9|356|580|44|C
4|2|9|356|580|45|C
4|2|9|356|580|46|C
4|2|9|356|580|47|C
4|2|9|356|580|48|C
4|2|9|356|580|49|C
4|2|9|356|580|51|C
4|2|9|356|580|52|C
4|2|9|356|580|53|C
4|2|9|356|580|54|C
4|2|9|356|580|55|C
4|2|9|356|580|56|C
4|2|9|356|580|57|C
4|2|9|356|580|59|C
4|2|9|356|580|60|C
4|2|9|356|580|61|C
4|2|9|356|580|62|C
4|2|9|356|580|63|C
4|2|9|356|580|64|C
4|2|9|356|580|65|C
4|2|9|356|580|66|C
4|2|9|356|580|67|C
4|2|9|356|580|68|C
4|2|9|356|580|69|C
4|2|9|356|580|70|C
4|2|9|356|580|9999|C
4|2|9|356|581|9999|*
4|2|9|356|584|9999|C
4|2|9|356|587|9999|C
4|2|9|356|593|9999|*
4|2|9|356|594|1|C
4|2|9|356|594|2|C
4|2|9|356|594|3|*
4|2|9|356|594|4|C
4|2|9|356|594|5|C
4|2|9|356|594|6|C
4|2|9|356|594|7|C
4|2|9|356|594|8|C
4|2|9|356|594|9|C
4|2|9|356|594|10|C
4|2|9|356|594|11|C
4|2|9|356|594|12|*
4|2|9|356|594|13|*
4|2|9|356|594|14|C
4|2|9|356|594|15|C
4|2|9|356|594|16|C
4|2|9|356|594|17|C
4|2|9|356|594|18|C
4|2|9|356|594|19|C
4|2|9|356|594|20|C
4|2|9|356|594|21|C
4|2|9|356|594|22|C
4|2|9|356|594|23|C
4|2|9|356|594|24|*
4|2|9|356|594|25|C
4|2|9|356|594|26|C
4|2|9|356|594|27|C
4|2|9|356|594|28|*
4|2|9|356|594|29|C
4|2|9|356|594|30|C
4|2|9|356|594|31|C
4|2|9|356|594|32|C
4|2|9|356|594|33|C
4|2|9|356|594|34|C
4|2|9|356|594|9999|C
4|2|9|356|595|2|C
4|2|9|356|595|3|C
4|2|9|356|595|4|*
4|2|9|356|595|5|C
4|2|9|356|595|6|C
4|2|9|356|595|7|C
4|2|9|356|595|8|C
4|2|9|356|595|9|C
4|2|9|356|595|10|C
4|2|9|356|595|11|C
4|2|9|356|595|12|C
4|2|9|356|595|13|C
4|2|9|356|595|14|C
4|2|9|356|595|15|C
4|2|9|356|595|19|C
4|2|9|356|595|20|C
4|2|9|356|595|21|C
4|2|9|356|595|22|C
4|2|9|356|595|23|C
4|2|9|356|595|24|C
4|2|9|356|595|25|C
4|2|9|356|595|26|C
4|2|9|356|595|27|*
4|2|9|356|595|28|C
4|2|9|356|595|29|C
4|2|9|356|595|30|C
4|2|9|356|595|35|C
4|2|9|356|595|36|C
4|2|9|356|595|37|C
4|2|9|356|595|38|C
4|2|9|356|595|39|C
4|2|9|356|595|40|C
4|2|9|356|595|41|C
4|2|9|356|595|42|C
4|2|9|356|595|43|C
4|2|9|356|595|44|C
4|2|9|356|595|45|C
4|2|9|356|595|46|C
4|2|9|356|595|49|C
4|2|9|356|595|50|C
4|2|9|356|595|51|C
4|2|9|356|595|52|C
4|2|9|356|595|53|C
4|2|9|356|595|54|C
4|2|9|356|595|55|C
4|2|9|356|595|56|C
4|2|9|356|595|58|C
4|2|9|356|595|59|C
4|2|9|356|595|60|C
4|2|9|356|595|9999|C
4|2|9|356|598|9999|*
4|2|9|356|600|9999|C
4|2|9|356|601|9999|C
4|2|9|356|602|9999|C
4|2|9|356|604|9999|C
4|2|9|356|605|9999|C
4|2|9|356|606|9999|C
4|2|9|356|607|9999|C
4|2|9|356|638|9999|C
4|2|9|356|649|9999|C
4|2|9|356|654|9999|C
4|2|9|356|658|9999|C
4|2|9|356|671|9999|C
4|2|9|357|599|9999|*
4|2|9|357|610|1|C
4|2|9|357|610|2|C
4|2|9|357|610|3|C
4|2|9|357|610|4|C
4|2|9|357|610|5|C
4|2|9|357|610|6|C
4|2|9|357|610|7|C
4|2|9|357|610|8|C
4|2|9|357|610|9|C
4|2|9|357|610|10|C
4|2|9|357|610|11|C
4|2|9|357|610|12|C
4|2|9|357|610|13|C
4|2|9|357|610|14|C
4|2|9|357|610|15|C
4|2|9|357|610|16|C
4|2|9|357|610|17|C
4|2|9|357|610|18|C
4|2|9|357|610|19|C
4|2|9|357|610|20|C
4|2|9|357|610|21|C
4|2|9|357|610|22|C
4|2|9|357|610|23|C
4|2|9|357|610|24|C
4|2|9|357|610|25|C
4|2|9|357|610|26|C
4|2|9|357|610|27|C
4|2|9|357|610|28|C
4|2|9|357|610|29|C
4|2|9|357|610|30|C
4|2|9|357|610|31|C
4|2|9|357|610|32|C
4|2|9|357|610|33|C
4|2|9|357|610|34|C
4|2|9|357|610|35|C
4|2|9|357|610|36|C
4|2|9|357|610|37|C
4|2|9|357|610|38|C
4|2|9|357|610|39|C
4|2|9|357|610|40|C
4|2|9|357|610|41|C
4|2|9|357|610|42|*
4|2|9|357|610|43|*
4|2|9|357|610|44|C
4|2|9|357|610|45|C
4|2|9|357|610|46|*
4|2|9|357|610|47|C
4|2|9|357|610|48|C
4|2|9|357|610|49|C
4|2|9|357|610|50|C
4|2|9|357|610|51|C
4|2|9|357|610|52|C
4|2|9|357|610|53|C
4|2|9|357|610|54|*
4|2|9|357|610|55|C
4|2|9|357|610|56|C
4|2|9|357|610|57|C
4|2|9|357|610|58|C
4|2|9|357|610|59|C
4|2|9|357|610|60|C
4|2|9|357|610|61|C
4|2|9|357|610|62|C
4|2|9|357|610|63|C
4|2|9|357|610|64|C
4|2|9|358|582|1|C
4|2|9|358|582|2|C
4|2|9|358|582|3|C
4|2|9|358|582|4|C
4|2|9|358|582|5|C
4|2|9|358|582|6|C
4|2|9|358|582|7|C
4|2|9|358|582|8|C
4|2|9|358|582|9|C
4|2|9|358|582|10|C
4|2|9|358|582|11|C
4|2|9|358|582|12|C
4|2|9|358|582|16|C
4|2|9|358|582|17|C
4|2|9|358|582|18|C
4|2|9|358|582|19|C
4|2|9|358|582|20|C
4|2|9|358|582|21|C
4|2|9|358|582|22|C
4|2|9|358|582|23|C
4|2|9|358|582|24|C
4|2|9|358|582|26|C
4|2|9|358|582|27|C
4|2|9|358|582|28|C
4|2|9|358|582|29|C
4|2|9|358|582|30|C
4|2|9|358|582|31|C
4|2|9|358|582|32|C
4|2|9|358|582|33|C
4|2|9|358|582|35|C
4|2|9|358|582|37|C
4|2|9|358|582|38|C
4|2|9|358|582|39|C
4|2|9|358|582|40|C
4|2|9|358|582|41|C
4|2|9|358|582|42|C
4|2|9|358|582|43|C
4|2|9|358|582|44|C
4|2|9|358|582|45|C
4|2|9|358|582|46|C
4|2|9|358|582|47|C
4|2|9|358|582|49|C
4|2|9|358|582|50|C
4|2|9|358|582|51|C
4|2|9|358|582|52|C
4|2|9|358|582|53|C
4|2|9|358|582|54|*
4|2|9|358|582|55|C
4|2|9|358|585|9999|C
4|2|9|358|588|9999|*
4|2|9|358|603|9999|C
4|2|9|358|627|9999|C
4|2|9|361|576|1|C
4|2|9|361|576|2|C
4|2|9|361|576|3|C
4|2|9|361|576|4|C
4|2|9|361|576|5|C
4|2|9|361|576|6|C
4|2|9|361|576|7|C
4|2|9|361|576|8|C
4|2|9|361|576|9|C
4|2|9|361|576|10|C
4|2|9|361|576|11|C
4|2|9|361|576|12|C
4|2|9|361|576|13|C
4|2|9|361|576|14|C
4|2|9|361|576|15|C
4|2|9|361|576|16|*
4|2|9|361|576|17|C
4|2|9|361|576|18|C
4|2|9|361|576|19|C
4|2|9|361|576|20|C
4|2|9|361|576|21|C
4|2|9|361|576|22|C
4|2|9|361|576|23|C
4|2|9|361|576|24|C
4|2|9|361|576|25|C
4|2|9|361|576|26|C
4|2|9|361|576|27|C
4|2|9|361|576|28|C
4|2|9|361|576|29|C
4|2|9|361|576|30|*
4|2|9|361|576|31|C
4|2|9|361|576|32|C
4|2|9|361|576|33|C
4|2|9|361|576|34|C
4|2|9|361|576|35|C
4|2|9|361|576|36|C
4|2|9|361|576|37|C
4|2|9|361|576|38|C
4|2|9|361|576|39|C
4|2|9|361|576|40|C
4|2|9|361|576|41|C
4|2|9|361|576|42|C
4|2|9|361|576|43|C
4|2|9|361|576|44|C
4|2|9|361|576|45|C
4|2|9|361|576|46|C
4|2|9|361|576|48|C
4|2|9|361|576|49|C
4|2|9|361|576|50|C
4|2|9|361|576|51|C
4|2|9|361|576|52|C
4|2|9|361|576|53|C
4|2|9|361|576|54|C
4|2|9|361|576|55|C
4|2|9|361|576|56|C
4|2|9|361|576|57|C
4|2|9|361|576|58|C
4|2|9|361|576|59|C
4|2|9|361|576|60|C
4|2|9|361|576|61|C
4|2|9|361|576|62|C
4|2|9|361|576|63|C
4|2|9|361|576|64|C
4|2|9|361|576|65|*
4|2|9|361|576|66|*
4|2|9|361|576|67|C
4|2|9|361|576|68|C
4|2|9|361|576|69|C
4|2|9|361|576|70|C
4|2|9|361|576|71|C
4|2|9|361|576|72|*
4|2|9|361|576|73|C
4|2|9|361|576|74|C
4|2|9|361|576|75|C
4|2|9|361|576|76|C
4|2|9|361|576|77|*
4|2|9|361|576|78|*
4|2|9|361|576|79|C
4|2|9|361|576|80|C
4|2|9|361|576|81|C
4|2|9|361|576|82|C
4|2|9|361|576|83|C
4|2|9|361|576|84|C
4|2|9|361|576|85|C
4|2|9|361|576|86|C
4|2|9|361|576|87|C
4|2|9|361|576|88|C
4|2|9|361|576|89|C
4|2|9|361|576|90|C
4|2|9|361|583|1|C
4|2|9|361|583|2|C
4|2|9|361|583|3|C
4|2|9|361|583|4|C
4|2|9|361|583|5|C
4|2|9|361|583|6|C
4|2|9|361|583|7|C
4|2|9|361|583|8|C
4|2|9|361|583|9|C
4|2|9|361|583|10|C
4|2|9|361|583|11|C
4|2|9|361|583|12|C
4|2|9|361|583|13|C
4|2|9|361|583|14|C
4|2|9|361|583|15|C
4|2|9|361|583|16|C
4|2|9|361|583|17|C
4|2|9|361|583|19|C
4|2|9|361|583|20|C
4|2|9|361|583|21|C
4|2|9|361|583|22|C
4|2|9|361|583|23|C
4|2|9|361|583|24|C
4|2|9|361|583|25|C
4|2|9|361|583|26|C
4|2|9|361|583|28|*
4|2|9|361|583|29|C
4|2|9|361|583|30|C
4|2|9|361|583|31|C
4|2|9|361|583|32|C
4|2|9|361|583|33|C
4|2|9|361|583|34|C
4|2|9|361|583|35|C
4|2|9|361|583|36|C
4|2|9|361|583|37|C
4|2|9|361|583|38|C
4|2|9|361|583|39|C
4|2|9|361|583|40|C
4|2|9|361|583|41|C
4|2|9|361|583|43|C
4|2|9|361|583|44|C
4|2|9|361|583|45|C
4|2|9|361|583|46|C
4|2|9|361|583|47|C
4|2|9|361|583|48|C
4|2|9|361|583|9999|C
4|2|9|361|586|9999|*
4|2|9|361|592|9999|C
4|2|9|361|597|9999|C
4|2|9|361|615|9999|*
4|2|9|361|619|9999|*
4|2|9|361|621|9999|*
4|2|9|361|628|9999|*
4|2|9|448|1|1|C
4|2|9|448|1|2|C
4|2|9|448|1|3|C
4|2|9|448|1|4|C
4|2|9|448|1|5|C
4|2|9|448|1|6|C
4|2|9|448|1|7|C
4|2|9|448|1|8|C
4|2|9|448|1|9|C
4|2|9|448|1|10|C
4|2|9|448|1|11|C
4|2|9|448|1|12|C
4|2|9|448|1|13|C
4|2|9|448|1|14|C
4|2|9|448|1|15|C
4|2|9|448|1|16|C
4|2|9|448|1|17|C
4|2|9|448|1|18|C
4|2|9|448|1|19|C
4|2|9|448|1|20|C
4|2|9|448|1|21|C
4|2|9|448|1|22|C
4|2|9|448|1|23|C
4|2|9|448|1|24|C
4|2|9|448|1|25|C
4|2|9|448|1|26|C
4|2|9|448|1|27|C
4|2|9|448|1|29|C
4|2|9|448|1|30|C
4|2|9|448|1|31|C
4|2|9|448|1|32|C
4|2|9|448|1|33|C
4|2|9|448|1|38|C
4|2|9|448|1|39|C
4|2|9|448|1|40|C
4|2|9|448|1|41|C
4|2|9|448|1|42|C
4|2|9|448|1|43|C
4|2|9|448|1|44|C
4|2|9|448|1|46|C
4|2|9|448|1|47|C
4|2|9|448|1|48|C
4|2|9|448|1|49|C
4|2|9|448|1|50|C
4|2|9|448|1|51|C
4|2|9|448|1|52|C
4|2|9|448|1|53|C
4|2|9|448|1|54|C
4|2|9|448|1|55|C
4|2|9|448|1|56|C
4|2|9|448|1|57|C
4|2|9|448|1|58|C
4|2|9|448|1|59|C
4|2|9|448|1|60|C
4|2|9|448|1|61|C
4|2|9|448|1|62|C
4|2|9|448|1|63|C
4|2|9|448|1|105|C
4|2|9|448|1|107|C
4|2|9|448|1|108|C
4|2|9|448|1|109|C
4|2|9|448|1|111|C
4|2|9|448|1|112|C
4|2|9|448|1|113|C
4|2|9|448|1|115|C
4|2|9|448|1|116|C
4|2|9|448|1|118|C
4|2|9|448|1|121|C
4|2|9|448|1|122|C
4|2|9|448|1|123|C
4|2|9|448|1|124|C
4|2|9|448|1|125|C
4|2|9|448|1|126|C
4|2|9|448|1|127|C
4|2|9|448|1|128|C
4|2|9|448|1|129|C
4|2|9|448|1|131|C
4|2|9|448|1|132|C
4|2|9|448|1|133|C
4|2|9|448|1|134|C
4|2|9|448|1|135|C
4|2|9|448|1|138|C
4|2|9|448|1|139|C
4|2|9|448|1|142|C
4|2|9|448|1|143|C
4|2|9|448|1|146|C
4|2|9|448|1|148|C
4|2|9|448|1|149|C
4|2|9|448|1|151|C
4|2|9|448|1|152|C
4|2|9|448|1|153|C
4|2|9|448|1|154|C
4|2|9|448|1|155|C
4|2|9|448|1|156|C
4|2|9|448|1|157|C
4|2|9|448|1|158|C
4|2|9|448|1|159|*
4|2|9|448|1|161|C
4|2|9|448|1|162|C
4|2|9|448|1|163|C
4|2|9|448|1|164|C
4|2|9|448|1|165|C
4|2|9|448|1|166|C
4|2|9|448|1|167|C
4|2|9|448|1|168|C
4|2|9|448|1|169|C
4|2|9|448|1|171|C
4|2|9|448|1|172|C
4|2|9|448|1|173|C
4|2|9|448|1|174|C
4|2|9|448|1|175|C
4|2|9|448|1|176|C
4|2|9|448|1|177|C
4|2|9|448|1|178|C
4|2|9|448|1|179|C
4|2|9|448|1|191|C
4|2|9|448|1|192|C
4|2|9|448|1|193|C
4|2|9|448|1|194|C
4|2|9|448|1|195|C
4|2|9|448|1|196|C
4|2|9|448|1|197|C
4|2|9|448|1|198|C
4|2|9|448|1|199|C
4|2|9|448|1|201|C
4|2|9|448|1|202|C
4|2|9|448|1|203|C
4|2|9|448|1|204|C
4|2|9|448|1|205|C
4|2|9|448|1|206|C
4|2|9|448|1|207|C
4|2|9|448|1|208|C
4|2|9|448|1|209|C
4|2|9|448|1|211|C
4|2|9|448|1|212|C
4|2|9|448|1|213|C
4|2|9|448|1|214|C
4|2|9|448|1|215|C
4|2|9|448|1|216|C
4|2|9|448|1|217|C
4|2|9|448|1|218|C
4|2|9|448|1|219|C
4|2|9|448|1|221|C
4|2|9|448|1|222|C
4|2|9|448|1|223|C
4|2|9|448|1|224|C
4|2|9|448|1|225|C
4|2|9|448|1|226|C
4|2|9|448|1|227|C
4|2|9|448|1|228|C
4|2|9|448|1|229|C
4|2|9|448|1|230|C
4|2|9|448|1|231|C
4|2|9|448|1|232|C
4|2|9|448|1|233|C
4|2|9|448|1|234|C
4|2|9|448|1|235|C
4|2|9|448|1|236|C
4|2|9|448|1|237|C
4|2|9|448|1|238|C
4|2|9|448|1|239|C
4|2|9|448|1|9900|C
4|2|9|448|1|9901|C
4|2|9|448|1|9902|C
4|2|9|448|1|9903|C
4|2|9|448|1|9904|C
4|2|9|448|1|9905|C
4|2|9|448|1|9906|C
4|2|9|448|1|9907|C
4|2|9|448|1|9908|C
4|2|9|448|1|9909|C
4|2|9|448|1|9910|C
4|2|9|448|1|9911|C
4|2|9|448|1|9912|C
4|2|9|448|1|9913|C
4|2|9|448|1|9914|C
4|2|9|448|1|9915|C
4|2|9|448|1|9916|C
4|2|9|448|1|9917|C
4|2|9|448|1|9918|C
4|2|9|448|1|9919|C
4|2|9|448|1|9922|C
4|2|9|448|1|9923|C
4|2|9|448|1|9924|C
4|2|9|448|1|9925|C
4|2|9|448|1|9926|C
4|2|9|448|1|9927|C
4|2|9|448|1|9928|C
4|2|9|448|1|9929|C
4|2|9|448|1|9930|C
4|2|9|448|1|9931|C
4|2|9|448|1|9932|C
4|2|9|448|1|9933|C
4|2|9|448|1|9934|C
4|2|9|448|1|9935|C
4|2|9|448|1|9936|C
4|2|9|448|1|9937|C
4|2|9|448|1|9938|C
4|2|9|448|1|9939|C
4|2|9|448|1|9940|C
4|2|9|448|1|9941|C
4|2|9|448|1|9942|C
4|2|9|448|1|9943|C
4|2|9|448|1|9944|C
4|2|9|448|1|9945|C
4|2|9|448|1|9946|C
4|2|9|448|1|9947|C
4|2|9|448|1|9948|C
4|2|9|448|1|9949|C
4|2|9|448|1|9951|C
4|2|9|448|1|9952|C
4|2|9|448|1|9953|C
4|2|9|448|1|9954|C
4|2|9|448|11|9999|C
4|2|9|448|16|9999|C
4|2|9|448|18|9999|C
4|2|9|448|53|9999|C
4|2|9|448|60|9999|C
4|2|9|448|65|9999|C
4|2|9|448|84|9999|*
4|2|9|448|88|9999|C
4|2|9|448|90|9999|C
4|2|9|448|92|9999|*
4|2|9|448|105|9999|C
4|2|9|448|127|9999|C
4|2|9|448|132|9999|C
4|2|9|448|145|9999|C
4|2|9|448|158|9999|C
4|2|9|448|159|9999|C
4|2|9|448|179|9999|C
4|2|9|448|191|9999|C
4|2|9|448|244|9999|C
4|2|9|448|259|9999|C
4|2|9|448|266|9999|C
4|2|9|448|327|9999|C
4|2|9|448|351|9999|C
4|2|9|448|396|9999|C
4|2|9|448|416|9999|C
4|2|9|448|438|9999|C
4|2|9|448|447|9999|C
4|2|9|448|455|9999|C
4|2|9|448|508|9999|C
4|2|9|448|509|9999|C
4|2|9|448|510|9999|C
4|2|9|448|642|9999|C
4|2|9|448|656|9999|C
4|2|9|448|657|9999|C
4|2|9|448|665|9999|C
4|2|9|449|1|1|C
4|2|9|449|1|3|C
4|2|9|449|1|4|C
4|2|9|449|1|5|C
4|2|9|449|1|6|C
4|2|9|449|1|7|C
4|2|9|449|1|8|C
4|2|9|449|1|9|C
4|2|9|449|1|10|C
4|2|9|449|1|12|C
4|2|9|449|1|13|C
4|2|9|449|1|14|C
4|2|9|449|1|15|C
4|2|9|449|1|16|C
4|2|9|449|1|17|C
4|2|9|449|1|18|C
4|2|9|449|1|19|C
4|2|9|449|1|20|C
4|2|9|449|1|21|C
4|2|9|449|1|22|C
4|2|9|449|1|23|C
4|2|9|449|1|24|C
4|2|9|449|1|25|C
4|2|9|449|1|26|C
4|2|9|449|1|27|C
4|2|9|449|1|28|C
4|2|9|449|1|29|C
4|2|9|449|1|30|C
4|2|9|449|1|31|C
4|2|9|449|1|32|C
4|2|9|449|1|33|C
4|2|9|449|1|34|C
4|2|9|449|1|35|C
4|2|9|449|1|46|C
4|2|9|449|1|47|C
4|2|9|449|1|48|C
4|2|9|449|1|49|C
4|2|9|449|1|50|C
4|2|9|449|1|52|C
4|2|9|449|1|53|C
4|2|9|450|1|1|C
4|2|9|450|1|2|C
4|2|9|450|1|3|C
4|2|9|450|1|4|C
4|2|9|450|1|5|C
4|2|9|450|1|6|C
4|2|9|450|1|7|C
4|2|9|450|1|8|C
4|2|9|450|1|9|C
4|2|9|450|1|10|C
4|2|9|450|1|11|C
4|2|9|450|1|12|C
4|2|9|450|1|13|C
4|2|9|450|1|14|C
4|2|9|450|1|15|C
4|2|9|450|1|16|C
4|2|9|450|1|17|C
4|2|9|450|1|21|C
4|2|9|450|1|22|C
4|2|9|450|1|23|C
4|2|9|450|1|25|C
4|2|9|450|1|26|C
4|2|9|450|1|27|C
4|2|9|450|1|28|C
4|2|9|450|1|30|C
4|2|9|450|1|31|C
4|2|9|450|1|32|C
4|2|9|450|1|33|C
4|2|9|450|1|34|C
4|2|9|450|1|35|C
4|2|9|450|1|36|C
4|2|9|450|1|37|C
4|2|9|450|1|38|C
4|2|9|450|1|39|C
4|2|9|450|1|40|C
4|2|9|450|1|41|C
4|2|9|450|1|42|C
4|2|9|450|1|43|C
4|2|9|450|1|44|C
4|2|9|450|1|45|C
4|2|9|450|1|46|C
4|2|9|450|1|47|C
4|2|9|450|1|48|C
4|2|9|450|1|49|C
4|2|9|450|1|50|C
4|2|9|450|1|51|C
4|2|9|450|1|52|C
4|2|9|450|1|53|C
4|2|9|450|1|54|C
4|2|9|450|1|55|C
4|2|9|450|1|56|C
4|2|9|451|1|1|C
4|2|9|451|1|2|C
4|2|9|451|1|3|C
4|2|9|451|1|4|C
4|2|9|451|1|5|C
4|2|9|451|1|6|C
4|2|9|451|1|7|C
4|2|9|451|1|8|C
4|2|9|451|1|9|C
4|2|9|451|1|10|C
4|2|9|451|1|11|C
4|2|9|451|1|12|C
4|2|9|451|1|13|C
4|2|9|451|1|14|C
4|2|9|451|1|16|C
4|2|9|451|1|17|C
4|2|9|451|1|18|C
4|2|9|451|1|19|C
4|2|9|451|1|20|C
4|2|9|451|1|21|C
4|2|9|451|1|22|C
4|2|9|451|1|23|C
4|2|9|451|1|24|C
4|2|9|451|1|25|C
4|2|9|451|1|26|C
4|2|9|451|1|27|C
4|2|9|451|1|28|C
4|2|9|451|1|29|C
4|2|9|451|1|30|C
4|2|9|451|1|31|C
4|2|9|451|1|32|C
4|2|9|451|1|33|C
4|2|9|451|1|34|C
4|2|9|451|1|35|*
4|2|9|451|1|39|*
4|2|9|451|1|40|C
4|2|9|451|1|41|C
4|2|9|451|1|42|C
4|2|9|451|1|43|C
4|2|9|451|1|44|C
4|2|9|451|1|45|C
4|2|9|451|1|46|C
4|2|9|451|1|47|C
4|2|9|451|1|48|C
4|2|9|451|1|49|C
4|2|9|451|1|50|C
4|2|9|451|1|51|C
4|2|9|451|1|52|C
4|2|9|451|1|53|C
4|2|9|451|1|54|C
4|2|9|451|1|55|C
4|2|9|451|1|56|C
4|2|9|451|1|57|C
4|2|9|451|1|58|C
4|2|9|451|1|59|C
4|2|9|451|1|60|C
4|2|9|451|1|61|C
4|2|9|451|1|62|C
4|2|9|451|1|63|C
4|2|9|452|1|1|C
4|2|9|452|1|2|C
4|2|9|452|1|6|C
4|2|9|452|1|7|C
4|2|9|452|1|8|C
4|2|9|452|1|9|C
4|2|9|452|1|14|C
4|2|9|452|1|15|C
4|2|9|452|1|16|C
4|2|9|452|1|17|C
4|2|9|452|1|18|C
4|2|9|452|1|19|C
4|2|9|452|1|21|C
4|2|9|452|1|22|C
4|2|9|452|1|23|C
4|2|9|452|1|27|C
4|2|9|452|1|28|C
4|2|9|452|1|37|C
4|2|9|452|1|39|C
4|2|9|452|1|40|C
4|2|9|452|1|41|C
4|2|9|452|1|42|C
4|2|9|452|1|43|C
4|2|9|453|1|7|C
4|2|9|453|1|8|C
4|2|9|453|1|15|C
4|2|9|453|1|16|C
4|2|9|453|1|17|C
4|2|9|453|1|18|C
4|2|9|453|1|27|C
4|2|9|453|1|28|C
4|2|9|453|1|29|C
4|2|9|453|1|30|C
4|2|9|453|1|32|C
4|2|9|453|1|34|C
4|2|9|453|1|35|C
4|2|9|453|1|36|C
4|2|9|453|1|37|C
4|2|9|453|1|38|C
4|2|9|453|1|41|C
4|2|9|453|1|44|C
4|2|9|453|1|45|C
4|2|9|453|1|46|C
4|2|9|453|1|47|C
4|2|9|453|1|48|C
4|2|9|454|1|1|C
4|2|9|454|1|2|C
4|2|9|454|1|3|C
4|2|9|454|1|4|C
4|2|9|454|1|5|C
4|2|9|454|1|6|C
4|2|9|454|1|7|C
4|2|9|454|1|8|C
4|2|9|454|1|9|C
4|2|9|454|1|10|C
4|2|9|454|1|11|C
4|2|9|454|1|12|C
4|2|9|454|1|13|C
4|2|9|454|1|14|C
4|2|9|454|1|15|C
4|2|9|454|1|16|C
4|2|9|454|1|18|C
4|2|9|454|1|19|C
4|2|9|454|1|20|C
4|2|9|454|1|21|C
4|2|9|454|1|22|C
4|2|9|454|1|23|C
4|2|9|454|1|24|C
4|2|9|454|1|25|C
4|2|9|454|1|27|C
4|2|9|454|1|29|C
4|2|9|454|1|32|C
4|2|9|454|1|33|C
4|2|9|454|1|34|C
4|2|9|454|1|35|C
4|2|9|454|1|36|C
4|2|9|454|1|37|C
4|2|9|454|1|38|C
4|2|9|454|1|39|C
4|2|9|454|1|40|C
4|2|9|454|1|41|C
4|2|9|454|1|42|C
4|2|9|454|1|44|C
4|2|9|454|1|45|C
4|2|9|454|1|46|C
4|2|9|454|1|47|C
4|2|9|454|1|48|C
4|2|9|454|1|49|C
4|2|9|454|1|50|C
4|2|9|454|1|51|C
4|2|9|454|1|52|C
4|2|9|454|1|53|C
4|2|9|454|1|54|C
4|2|9|454|1|56|C
4|2|9|454|1|57|C
4|2|9|454|1|61|C
4|2|9|454|1|62|C
4|2|9|454|1|63|C
4|2|9|454|1|64|C
4|2|9|454|1|65|C
4|2|9|454|1|66|C
4|2|9|454|1|68|C
4|2|9|454|1|69|C
4|2|9|454|1|70|C
4|2|9|454|1|71|C
4|2|9|454|1|72|C
4|2|9|454|1|73|C
4|2|9|454|1|74|C
4|2|9|454|1|75|C
4|2|9|454|1|76|C
4|2|9|454|1|78|C
4|2|9|454|1|79|C
4|2|9|454|1|80|C
4|2|9|454|1|81|C
4|2|9|454|1|83|C
4|2|9|454|1|84|C
4|2|9|454|1|85|C
4|2|9|454|1|86|C
4|2|9|454|1|87|C
4|2|9|454|1|88|C
4|2|9|454|1|89|C
4|2|9|454|1|90|C
4|2|9|454|1|91|C
4|2|9|454|1|92|C
4|2|9|454|1|93|C
4|2|9|454|1|94|C
4|2|9|454|1|95|C
4|2|9|454|1|96|C
4|2|9|454|1|97|C
4|2|9|454|1|101|C
4|2|9|454|1|103|C
4|2|9|455|1|1|C
4|2|9|455|1|7|C
4|2|9|455|1|20|C
4|2|9|455|1|21|C
4|2|9|455|1|22|C
4|2|9|455|1|35|C
4|2|9|455|1|37|C
4|2|9|455|1|39|C
4|2|9|455|1|40|C
4|2|9|455|1|60|C
4|2|9|455|1|61|C
4|2|9|455|1|62|C
4|2|9|455|1|63|C
4|2|9|455|1|64|C
4|2|9|455|1|65|C
4|2|9|455|38|9999|C
4|2|9|455|221|1|C
4|2|9|455|221|2|C
4|2|9|455|221|3|C
4|2|9|455|221|4|C
4|2|9|455|221|5|C
4|2|9|455|221|6|C
4|2|9|455|221|7|C
4|2|9|455|221|8|C
4|2|9|455|221|9|C
4|2|9|455|221|10|C
4|2|9|455|221|11|C
4|2|9|455|221|12|C
4|2|9|455|221|13|C
4|2|9|455|221|14|C
4|2|9|455|221|15|C
4|2|9|455|221|16|C
4|2|9|455|221|17|C
4|2|9|455|221|18|C
4|2|9|455|221|19|C
4|2|9|455|221|20|C
4|2|9|455|221|21|C
4|2|9|455|221|22|C
4|2|9|455|221|23|C
4|2|9|455|221|25|C
4|2|9|455|221|26|C
4|2|9|455|221|27|C
4|2|9|455|221|28|C
4|2|9|455|221|29|C
4|2|9|455|221|30|C
4|2|9|455|221|31|C
4|2|9|455|221|32|C
4|2|9|455|221|33|C
4|2|9|455|221|34|C
4|2|9|455|221|35|C
4|2|9|455|221|36|C
4|2|9|455|221|37|C
4|2|9|455|221|38|C
4|2|9|455|221|9999|C
4|2|9|455|232|1|C
4|2|9|455|232|2|C
4|2|9|455|232|3|C
4|2|9|455|232|4|C
4|2|9|455|232|5|C
4|2|9|455|232|6|C
4|2|9|455|232|7|C
4|2|9|455|232|8|C
4|2|9|455|232|9|C
4|2|9|455|232|10|C
4|2|9|455|232|11|C
4|2|9|455|232|12|C
4|2|9|455|232|13|C
4|2|9|455|232|14|C
4|2|9|455|232|15|C
4|2|9|455|232|16|C
4|2|9|455|232|17|C
4|2|9|455|232|18|C
4|2|9|455|232|19|C
4|2|9|455|232|20|C
4|2|9|455|232|21|C
4|2|9|455|232|22|C
4|2|9|455|232|23|C
4|2|9|455|232|24|C
4|2|9|455|232|25|C
4|2|9|455|232|26|C
4|2|9|455|232|27|C
4|2|9|455|232|28|C
4|2|9|455|232|29|C
4|2|9|455|232|30|C
4|2|9|455|232|31|C
4|2|9|455|232|32|C
4|2|9|455|232|33|C
4|2|9|455|232|34|C
4|2|9|455|232|35|C
4|2|9|455|232|36|C
4|2|9|455|232|37|C
4|2|9|455|232|38|C
4|2|9|455|232|39|C
4|2|9|455|232|40|C
4|2|9|455|232|41|C
4|2|9|455|232|42|C
4|2|9|455|232|43|C
4|2|9|455|232|44|C
4|2|9|455|232|45|C
4|2|9|455|232|46|C
4|2|9|455|232|47|C
4|2|9|455|232|48|C
4|2|9|455|232|49|C
4|2|9|455|232|50|*
4|2|9|455|232|51|C
4|2|9|455|232|52|C
4|2|9|455|232|53|C
4|2|9|455|232|54|*
4|2|9|455|232|55|C
4|2|9|455|232|56|C
4|2|9|455|232|57|C
4|2|9|455|232|9999|C
4|2|9|455|236|9999|C
4|2|9|455|260|9999|C
4|2|9|455|276|9999|C
4|2|9|455|348|9999|C
4|2|9|455|436|9999|C
4|2|9|455|454|9999|C
4|2|9|455|521|9999|C
4|2|9|455|526|9999|C
4|2|9|455|565|9999|C
4|2|9|455|566|9999|C
4|2|9|455|635|9999|C
4|2|9|455|659|9999|C
4|2|9|455|670|9999|C
4|2|9|455|672|9999|C
4|2|9|456|1|9|C
4|2|9|456|1|10|C
4|2|9|456|1|14|C
4|2|9|456|1|15|C
4|2|9|456|1|16|C
4|2|9|456|1|21|C
4|2|9|456|1|22|C
4|2|9|456|1|24|C
4|2|9|456|1|25|C
4|2|9|456|1|26|C
4|2|9|456|1|27|C
4|2|9|456|1|30|C
4|2|9|456|1|31|C
4|2|9|456|1|32|C
4|2|9|456|1|33|C
4|2|9|456|1|37|C
4|2|9|456|1|42|C
4|2|9|456|1|43|C
4|2|9|456|1|44|C
4|2|9|456|1|46|C
4|2|9|456|1|47|C
4|2|9|456|1|48|C
4|2|9|456|1|49|C
4|2|9|457|1|1|C
4|2|9|457|1|2|C
4|2|9|457|1|3|C
4|2|9|457|1|4|C
4|2|9|457|1|5|C
4|2|9|457|1|6|C
4|2|9|457|1|7|C
4|2|9|457|1|8|C
4|2|9|457|1|9|C
4|2|9|457|1|13|C
4|2|9|457|1|17|C
4|2|9|457|1|18|C
4|2|9|458|1|10|C
4|2|9|458|1|11|C
4|2|9|458|1|12|C
4|2|9|458|1|19|C
4|2|9|458|1|20|C
4|2|9|458|1|21|C
4|2|9|458|1|22|C
4|2|9|458|1|23|C
4|2|9|458|1|24|C
4|2|9|458|1|28|C
4|2|9|458|1|29|C
4|2|9|458|1|30|C
4|2|9|458|1|31|C
4|2|9|458|1|34|C
4|2|9|458|1|35|C
4|2|9|458|1|36|C
4|2|9|458|1|37|*
4|2|9|458|1|41|C
4|2|9|459|1|1|C
4|2|9|459|1|4|C
4|2|9|459|1|5|C
4|2|9|459|1|6|C
4|2|9|459|1|13|C
4|2|9|459|1|14|C
4|2|9|459|1|24|C
4|2|9|459|1|25|C
4|2|9|459|1|31|C
4|2|9|459|1|39|C
4|2|9|459|1|40|C
4|2|9|459|1|45|C
4|2|9|459|1|46|C
4|2|9|460|1|2|C
4|2|9|460|1|3|C
4|2|9|460|1|4|C
4|2|9|460|1|5|C
4|2|9|460|1|10|C
4|2|9|460|1|11|C
4|2|9|460|1|12|C
4|2|9|460|1|13|C
4|2|9|460|1|23|C
4|2|9|460|1|26|C
4|2|9|460|1|34|C
4|2|9|460|1|35|*
4|2|9|460|1|37|C
4|2|9|460|1|38|C
4|2|9|460|1|42|C
4|2|9|460|1|43|C
4|2|9|460|1|46|C
4|2|9|460|1|47|C
4|2|9|460|1|48|C
4|2|9|460|1|49|C
4|2|9|460|1|51|C
4|2|9|461|1|1|C
4|2|9|461|1|2|C
4|2|9|461|1|3|C
4|2|9|461|1|4|C
4|2|9|461|1|5|C
4|2|9|461|1|6|C
4|2|9|461|1|7|C
4|2|9|461|1|8|C
4|2|9|461|1|9|C
4|2|9|461|1|10|C
4|2|9|461|1|11|C
4|2|9|461|1|12|C
4|2|9|461|1|13|C
4|2|9|461|1|18|C
4|2|9|461|1|19|C
4|2|9|461|1|20|C
4|2|9|461|1|26|C
4|2|9|461|1|28|C
4|2|9|461|1|29|C
4|2|9|461|1|34|C
4|2|9|461|1|35|C
4|2|9|461|1|36|C
4|2|9|461|1|37|C
4|2|9|461|1|38|C
4|2|9|462|1|6|C
4|2|9|462|1|7|C
4|2|9|462|1|15|C
4|2|9|462|1|16|C
4|2|9|462|1|17|*
4|2|9|462|1|19|C
4|2|9|462|1|20|C
4|2|9|462|1|21|C
4|2|9|462|1|22|C
4|2|9|462|1|23|C
4|2|9|462|1|24|C
4|2|9|462|1|25|C
4|2|9|462|1|27|C
4|2|9|462|1|28|C
4|2|9|462|1|29|C
4|2|9|462|1|30|C
4|2|9|462|1|32|C
4|2|9|462|1|38|C
4|2|9|462|1|39|C
4|2|9|462|1|40|C
4|2|9|462|1|41|*
4|2|9|462|1|44|C
4|2|9|462|1|45|C
4|2|9|462|1|46|C
4|2|9|462|1|47|C
4|2|9|463|1|2|C
4|2|9|463|1|3|C
4|2|9|463|1|4|C
4|2|9|463|1|12|C
4|2|9|463|1|13|C
4|2|9|463|1|14|C
4|2|9|463|1|15|C
4|2|9|463|1|16|C
4|2|9|463|1|20|C
4|2|9|463|1|21|C
4|2|9|463|1|22|C
4|2|9|463|1|23|C
4|2|9|463|1|24|C
4|2|9|463|1|25|C
4|2|9|463|1|26|C
4|2|9|463|1|33|C
4|2|9|463|1|34|C
4|2|9|463|1|35|C
4|2|9|463|1|36|C
4|2|9|463|1|38|C
4|2|9|463|1|39|C
4|2|9|463|1|40|C
4|2|9|463|1|42|C
4|2|9|463|1|43|C
4|2|9|463|1|44|C
4|2|9|463|1|45|C
4|2|9|463|1|46|C
4|2|9|463|1|47|C
4|2|9|463|1|48|C
4|2|9|463|1|49|C
4|2|9|464|1|1|C
4|2|9|464|1|2|C
4|2|9|464|1|3|C
4|2|9|464|1|4|C
4|2|9|464|1|5|C
4|2|9|464|1|6|C
4|2|9|464|1|7|C
4|2|9|464|1|8|C
4|2|9|464|1|9|C
4|2|9|464|1|10|C
4|2|9|464|1|11|C
4|2|9|464|1|12|C
4|2|9|464|1|13|C
4|2|9|464|1|14|C
4|2|9|464|1|15|C
4|2|9|464|1|16|C
4|2|9|464|1|17|C
4|2|9|464|1|18|C
4|2|9|464|1|19|C
4|2|9|464|1|20|C
4|2|9|464|1|26|C
4|2|9|464|1|27|C
4|2|9|464|1|28|C
4|2|9|464|1|29|C
4|2|9|464|1|30|C
4|2|9|464|1|31|C
4|2|9|464|1|32|C
4|2|9|464|1|37|C
4|2|9|464|1|38|C
4|2|9|464|1|39|C
4|2|9|464|1|40|C
4|2|9|464|1|42|C
4|2|9|464|1|43|C
4|2|9|464|1|44|C
4|2|9|464|1|45|C
4|2|9|464|1|46|C
4|2|9|464|1|47|C
4|2|9|464|1|48|C
4|2|9|464|1|49|C
4|2|9|464|1|50|C
4|2|9|464|1|51|C
4|2|9|464|1|52|C
4|2|9|464|1|53|C
4|2|9|464|1|54|C
4|2|9|464|1|55|C
4|2|9|464|1|56|C
4|2|9|464|1|57|C
4|2|9|465|118|9999|C
4|2|9|465|224|1|*
4|2|9|465|224|2|*
4|2|9|465|224|3|C
4|2|9|465|224|4|C
4|2|9|465|224|5|C
4|2|9|465|224|6|C
4|2|9|465|224|7|C
4|2|9|465|224|8|C
4|2|9|465|224|9|C
4|2|9|465|224|10|C
4|2|9|465|224|11|C
4|2|9|465|224|12|C
4|2|9|465|224|13|C
4|2|9|465|224|15|C
4|2|9|465|224|16|C
4|2|9|465|224|17|C
4|2|9|465|224|18|C
4|2|9|465|224|19|C
4|2|9|465|224|9999|C
4|2|9|465|225|9999|C
4|2|9|465|338|9999|C
4|2|9|465|385|1|C
4|2|9|465|385|2|C
4|2|9|465|385|3|C
4|2|9|465|385|4|C
4|2|9|465|385|5|C
4|2|9|465|385|6|C
4|2|9|465|385|7|C
4|2|9|465|385|8|*
4|2|9|465|385|9|*
4|2|9|465|385|10|C
4|2|9|465|385|11|C
4|2|9|465|385|12|C
4|2|9|465|385|13|C
4|2|9|465|385|14|C
4|2|9|465|385|15|C
4|2|9|465|385|16|C
4|2|9|465|385|17|C
4|2|9|465|385|18|C
4|2|9|465|385|19|C
4|2|9|465|385|9999|C
4|2|9|465|551|9999|C
4|2|9|466|13|1|C
4|2|9|466|13|2|C
4|2|9|466|13|3|C
4|2|9|466|13|4|C
4|2|9|466|13|5|C
4|2|9|466|13|6|C
4|2|9|466|13|7|C
4|2|9|466|13|8|C
4|2|9|466|13|9|C
4|2|9|466|13|10|*
4|2|9|466|13|11|C
4|2|9|466|13|12|C
4|2|9|466|13|13|C
4|2|9|466|13|14|C
4|2|9|466|13|15|C
4|2|9|466|13|16|C
4|2|9|466|13|17|C
4|2|9|466|13|18|C
4|2|9|466|13|19|C
4|2|9|466|13|20|C
4|2|9|466|13|21|C
4|2|9|466|13|22|C
4|2|9|466|13|23|C
4|2|9|466|13|24|C
4|2|9|466|13|25|C
4|2|9|466|13|26|C
4|2|9|466|13|27|C
4|2|9|466|13|28|*
4|2|9|466|13|9999|C
4|2|9|466|235|1|C
4|2|9|466|235|2|C
4|2|9|466|235|3|C
4|2|9|466|235|4|C
4|2|9|466|235|5|C
4|2|9|466|235|6|C
4|2|9|466|235|7|*
4|2|9|466|235|8|*
4|2|9|466|235|9|C
4|2|9|466|235|10|C
4|2|9|466|235|11|C
4|2|9|466|235|12|C
4|2|9|466|235|13|C
4|2|9|466|235|14|C
4|2|9|466|235|15|C
4|2|9|466|235|16|C
4|2|9|466|235|17|C
4|2|9|466|235|18|C
4|2|9|466|235|19|C
4|2|9|466|235|20|C
4|2|9|466|235|21|C
4|2|9|466|235|22|C
4|2|9|466|235|23|C
4|2|9|466|235|24|*
4|2|9|466|235|25|C
4|2|9|466|235|26|C
4|2|9|466|235|27|C
4|2|9|466|235|28|C
4|2|9|466|235|29|C
4|2|9|466|235|30|C
4|2|9|466|235|31|C
4|2|9|466|235|32|C
4|2|9|466|235|33|C
4|2|9|466|235|34|C
4|2|9|466|235|35|C
4|2|9|467|226|1|C
4|2|9|467|226|2|C
4|2|9|467|226|3|C
4|2|9|467|226|5|C
4|2|9|467|226|6|C
4|2|9|467|226|7|C
4|2|9|467|226|8|C
4|2|9|467|226|9|C
4|2|9|467|226|10|C
4|2|9|467|226|11|C
4|2|9|467|226|14|C
4|2|9|467|226|15|C
4|2|9|467|226|16|C
4|2|9|467|226|17|C
4|2|9|467|226|18|C
4|2|9|467|226|19|C
4|2|9|467|226|20|C
4|2|9|467|226|21|C
4|2|9|467|226|22|C
4|2|9|467|226|23|C
4|2|9|467|226|24|C
4|2|9|467|226|25|C
4|2|9|467|226|26|C
4|2|9|467|226|27|C
4|2|9|467|226|28|C
4|2|9|467|226|29|C
4|2|9|467|226|30|C
4|2|9|467|226|31|C
4|2|9|467|226|32|C
4|2|9|467|226|33|C
4|2|9|467|226|36|*
4|2|9|467|226|37|C
4|2|9|467|226|38|C
4|2|9|467|226|39|C
4|2|9|467|226|40|C
4|2|9|467|226|41|C
4|2|9|467|226|42|C
4|2|9|467|226|43|C
4|2|9|467|226|44|C
4|2|9|467|226|45|C
4|2|9|467|226|46|C
4|2|9|467|226|47|C
4|2|9|467|226|48|C
4|2|9|467|226|49|C
4|2|9|467|226|50|*
4|2|9|467|226|52|C
4|2|9|467|226|53|*
4|2|9|467|226|54|C
4|2|9|467|226|55|C
4|2|9|467|226|56|C
4|2|9|467|226|57|C
4|2|9|467|226|58|C
4|2|9|467|226|59|C
4|2|9|467|226|61|C
4|2|9|467|226|62|C
4|2|9|467|226|63|C
4|2|9|467|226|64|C
4|2|9|467|226|65|C
4|2|9|467|226|66|C
4|2|9|467|226|68|C
4|2|9|467|226|69|C
4|2|9|467|226|71|C
4|2|9|467|226|72|C
4|2|9|467|226|73|C
4|2|9|467|226|74|C
4|2|9|467|226|75|C
4|2|9|467|226|76|C
4|2|9|467|226|77|*
4|2|9|467|226|9999|C
4|2|9|468|238|1|C
4|2|9|468|238|2|C
4|2|9|468|238|3|C
4|2|9|468|238|4|C
4|2|9|468|238|5|C
4|2|9|468|238|6|C
4|2|9|468|238|7|C
4|2|9|468|238|8|C
4|2|9|468|238|9|C
4|2|9|468|238|10|C
4|2|9|468|238|11|C
4|2|9|468|238|12|C
4|2|9|468|238|13|C
4|2|9|468|238|14|C
4|2|9|468|238|15|C
4|2|9|468|238|16|C
4|2|9|468|238|17|C
4|2|9|468|238|18|C
4|2|9|468|238|19|C
4|2|9|468|238|20|C
4|2|9|468|238|21|C
4|2|9|468|238|22|C
4|2|9|468|238|23|C
4|2|9|468|238|24|C
4|2|9|468|238|25|C
4|2|9|468|238|26|C
4|2|9|468|238|27|C
4|2|9|468|238|28|C
4|2|9|468|238|29|C
4|2|9|468|238|30|C
4|2|9|468|238|31|C
4|2|9|468|238|32|C
4|2|9|468|238|33|C
4|2|9|468|238|34|C
4|2|9|468|238|35|C
4|2|9|468|238|36|C
4|2|9|468|238|37|C
4|2|9|468|238|38|C
4|2|9|468|238|39|C
4|2|9|468|238|40|C
4|2|9|468|238|41|C
4|2|9|468|238|42|C
4|2|9|468|238|43|C
4|2|9|468|238|44|C
4|2|9|468|238|45|C
4|2|9|468|238|46|C
4|2|9|468|238|47|C
4|2|9|468|238|49|C
4|2|9|468|238|50|C
4|2|9|468|238|51|C
4|2|9|468|238|52|C
4|2|9|468|238|53|C
4|2|9|468|238|9999|C
4|2|9|468|239|1|C
4|2|9|468|239|2|C
4|2|9|468|239|3|C
4|2|9|468|239|4|C
4|2|9|468|239|5|C
4|2|9|468|239|6|C
4|2|9|468|239|7|C
4|2|9|468|239|8|C
4|2|9|468|239|9|C
4|2|9|468|239|10|C
4|2|9|468|239|11|C
4|2|9|468|239|12|C
4|2|9|468|239|13|C
4|2|9|468|239|14|C
4|2|9|468|239|15|C
4|2|9|468|239|16|C
4|2|9|468|239|17|C
4|2|9|468|239|18|C
4|2|9|468|239|19|C
4|2|9|468|239|20|C
4|2|9|468|239|21|C
4|2|9|468|239|22|C
4|2|9|468|239|23|C
4|2|9|468|239|24|C
4|2|9|468|239|25|C
4|2|9|468|239|26|C
4|2|9|468|239|27|C
4|2|9|468|239|28|C
4|2|9|468|239|29|C
4|2|9|468|239|30|C
4|2|9|468|239|31|*
4|2|9|468|239|32|C
4|2|9|468|239|33|C
4|2|9|468|239|34|C
4|2|9|468|239|35|C
4|2|9|468|239|36|C
4|2|9|468|239|37|C
4|2|9|468|239|38|C
4|2|9|468|239|39|C
4|2|9|468|239|40|C
4|2|9|468|239|41|C
4|2|9|468|239|42|C
4|2|9|468|239|43|C
4|2|9|468|239|44|C
4|2|9|468|239|45|C
4|2|9|468|239|46|C
4|2|9|468|239|47|C
4|2|9|468|239|48|C
4|2|9|468|239|49|C
4|2|9|468|239|51|C
4|2|9|468|239|52|C
4|2|9|468|239|53|C
4|2|9|468|239|54|C
4|2|9|468|239|55|C
4|2|9|468|239|56|C
4|2|9|468|239|57|C
4|2|9|468|239|58|C
4|2|9|468|239|59|C
4|2|9|468|239|61|C
4|2|9|468|239|62|C
4|2|9|468|239|63|C
4|2|9|468|239|64|C
4|2|9|468|239|65|C
4|2|9|468|239|66|C
4|2|9|468|239|67|C
4|2|9|468|239|68|C
4|2|9|468|239|69|C
4|2|9|468|239|70|C
4|2|9|468|239|71|C
4|2|9|468|239|72|*
4|2|9|468|239|73|C
4|2|9|468|239|74|C
4|2|9|468|239|9999|C
4|2|9|468|375|9999|*
4|2|9|468|552|1|*
4|2|9|468|552|2|C
4|2|9|468|552|3|C
4|2|9|468|552|4|C
4|2|9|468|552|5|C
4|2|9|468|552|6|C
4|2|9|468|552|7|C
4|2|9|468|552|8|C
4|2|9|468|552|9|C
4|2|9|468|552|10|C
4|2|9|468|552|11|C
4|2|9|468|552|12|*
4|2|9|468|552|13|C
4|2|9|468|552|14|C
4|2|9|468|552|15|C
4|2|9|468|552|16|C
4|2|9|468|552|17|C
4|2|9|468|552|18|C
4|2|9|468|552|19|C
4|2|9|468|552|20|C
4|2|9|468|552|21|C
4|2|9|468|552|22|C
4|2|9|468|552|23|C
4|2|9|468|552|24|C
4|2|9|468|552|25|*
4|2|9|468|552|26|*
4|2|9|468|552|27|C
4|2|9|468|552|28|C
4|2|9|468|552|31|*
4|2|9|468|552|32|C
4|2|9|468|552|36|*
4|2|9|468|552|9999|C
4|2|9|468|626|9999|*
4|2|9|468|633|9999|*
4|2|9|468|648|1|C
4|2|9|468|648|2|C
4|2|9|468|648|3|C
4|2|9|468|648|4|C
4|2|9|468|648|5|C
4|2|9|468|648|6|C
4|2|9|468|648|7|C
4|2|9|468|648|8|C
4|2|9|468|648|9|C
4|2|9|468|648|10|C
4|2|9|468|648|11|C
4|2|9|468|648|12|C
4|2|9|468|648|13|C
4|2|9|468|648|14|C
4|2|9|468|648|15|C
4|2|9|468|648|16|C
4|2|9|468|648|17|C
4|2|9|468|648|18|C
4|2|9|468|648|20|C
4|2|9|468|648|21|C
4|2|9|468|648|22|C
4|2|9|468|648|23|C
4|2|9|468|648|24|*
4|2|9|468|648|25|C
4|2|9|468|648|26|C
4|2|9|468|648|27|C
4|2|9|468|648|28|C
4|2|9|468|648|29|C
4|2|9|468|648|30|C
4|2|9|468|648|31|C
4|2|9|468|648|32|C
4|2|9|468|648|33|C
4|2|9|468|648|34|C
4|2|9|468|648|35|C
4|2|9|468|648|36|C
4|2|9|468|648|37|C
4|2|9|468|648|38|C
4|2|9|468|648|39|C
4|2|9|468|648|40|C
4|2|9|468|648|41|C
4|2|9|468|648|42|C
4|2|9|468|648|43|C
4|2|9|468|648|44|C
4|2|9|468|648|45|C
4|2|9|468|648|46|C
4|2|9|468|648|47|C
4|2|9|468|648|48|C
4|2|9|468|648|49|C
4|2|9|468|648|50|C
4|2|9|468|648|9999|C
4|2|9|468|666|9999|C
4|2|9|468|668|9999|C
4|2|9|469|19|1|*
4|2|9|469|19|2|C
4|2|9|469|19|3|C
4|2|9|469|19|4|C
4|2|9|469|19|5|C
4|2|9|469|19|6|*
4|2|9|469|19|7|*
4|2|9|469|19|8|C
4|2|9|469|19|9|C
4|2|9|469|19|10|C
4|2|9|469|19|11|C
4|2|9|469|19|12|C
4|2|9|469|19|13|C
4|2|9|469|19|14|C
4|2|9|469|19|15|C
4|2|9|469|19|16|C
4|2|9|469|19|17|C
4|2|9|469|19|18|C
4|2|9|469|19|19|C
4|2|9|469|19|9999|C
4|2|9|469|151|9999|C
4|2|9|469|264|9999|C
4|2|9|469|265|1|C
4|2|9|469|265|2|C
4|2|9|469|265|3|C
4|2|9|469|265|4|C
4|2|9|469|265|5|C
4|2|9|469|265|6|C
4|2|9|469|265|7|C
4|2|9|469|265|8|C
4|2|9|469|265|9|C
4|2|9|469|265|10|C
4|2|9|469|265|12|C
4|2|9|469|265|13|C
4|2|9|469|265|14|C
4|2|9|469|265|15|C
4|2|9|469|265|16|C
4|2|9|469|265|17|C
4|2|9|469|265|18|*
4|2|9|469|265|19|C
4|2|9|469|265|21|C
4|2|9|469|265|23|C
4|2|9|469|265|25|C
4|2|9|469|265|26|C
4|2|9|469|265|28|C
4|2|9|469|265|29|C
4|2|9|469|265|30|*
4|2|9|469|265|31|C
4|2|9|469|265|32|C
4|2|9|469|265|33|C
4|2|9|469|265|34|C
4|2|9|469|265|35|C
4|2|9|469|265|36|C
4|2|9|469|265|9999|C
4|2|9|469|453|9999|C
4|2|9|469|664|9999|C
4|2|9|469|669|9999|C
4|2|9|470|109|9999|C
4|2|9|470|115|9999|C
4|2|9|470|228|9999|C
4|2|9|470|261|1|C
4|2|9|470|261|2|C
4|2|9|470|261|3|*
4|2|9|470|261|4|C
4|2|9|470|261|5|C
4|2|9|470|261|6|C
4|2|9|470|261|8|C
4|2|9|470|261|9|C
4|2|9|470|261|10|C
4|2|9|470|261|11|C
4|2|9|470|261|13|C
4|2|9|470|261|14|C
4|2|9|470|261|15|C
4|2|9|470|261|16|C
4|2|9|470|261|17|C
4|2|9|470|261|18|C
4|2|9|470|261|19|C
4|2|9|470|261|20|C
4|2|9|470|261|21|C
4|2|9|470|261|22|C
4|2|9|470|261|23|C
4|2|9|470|261|24|C
4|2|9|470|261|25|C
4|2|9|470|261|26|C
4|2|9|470|261|27|C
4|2|9|470|261|28|C
4|2|9|470|261|29|C
4|2|9|470|261|30|C
4|2|9|470|261|31|C
4|2|9|470|261|32|C
4|2|9|470|261|33|C
4|2|9|470|261|34|C
4|2|9|470|261|36|C
4|2|9|470|261|37|C
4|2|9|470|261|38|C
4|2|9|470|261|39|C
4|2|9|470|261|40|C
4|2|9|470|261|41|C
4|2|9|470|261|42|C
4|2|9|470|261|43|C
4|2|9|470|261|44|C
4|2|9|470|261|45|C
4|2|9|470|261|46|C
4|2|9|470|261|47|C
4|2|9|470|261|48|C
4|2|9|470|261|49|C
4|2|9|470|261|50|C
4|2|9|470|261|51|C
4|2|9|470|261|52|C
4|2|9|470|261|53|C
4|2|9|470|261|54|C
4|2|9|470|261|55|C
4|2|9|470|261|57|*
4|2|9|470|261|58|C
4|2|9|470|261|59|C
4|2|9|470|261|60|C
4|2|9|470|261|61|C
4|2|9|470|261|62|C
4|2|9|470|261|63|C
4|2|9|470|261|64|C
4|2|9|470|261|65|C
4|2|9|470|261|66|C
4|2|9|470|261|67|C
4|2|9|470|261|68|C
4|2|9|470|261|69|C
4|2|9|470|261|70|C
4|2|9|470|261|71|C
4|2|9|470|261|72|C
4|2|9|470|261|73|C
4|2|9|470|261|74|C
4|2|9|470|261|75|C
4|2|9|470|261|76|C
4|2|9|470|261|77|C
4|2|9|470|261|78|C
4|2|9|470|261|80|C
4|2|9|470|261|81|C
4|2|9|470|261|82|C
4|2|9|470|261|83|C
4|2|9|470|261|84|C
4|2|9|470|261|85|C
4|2|9|470|261|86|C
4|2|9|470|261|87|C
4|2|9|470|261|88|C
4|2|9|470|261|89|C
4|2|9|470|261|90|C
4|2|9|470|261|9999|C
4|2|9|470|379|9999|C
4|2|9|470|395|9999|C
4|2|9|471|9|9999|C
4|2|9|471|41|9999|C
4|2|9|471|62|9999|C
4|2|9|471|69|9999|C
4|2|9|471|70|9999|C
4|2|9|471|80|9999|C
4|2|9|471|83|9999|C
4|2|9|471|100|9999|*
4|2|9|471|108|9999|C
4|2|9|471|130|9999|C
4|2|9|471|143|9999|C
4|2|9|471|163|9999|C
4|2|9|471|187|9999|C
4|2|9|471|188|9999|C
4|2|9|471|210|9999|*
4|2|9|471|217|9999|C
4|2|9|471|248|9999|C
4|2|9|471|277|9999|*
4|2|9|471|278|9999|C
4|2|9|471|292|1|C
4|2|9|471|292|2|C
4|2|9|471|292|3|C
4|2|9|471|292|4|C
4|2|9|471|292|5|C
4|2|9|471|292|6|C
4|2|9|471|292|7|C
4|2|9|471|292|8|C
4|2|9|471|292|9|C
4|2|9|471|292|10|C
4|2|9|471|292|11|C
4|2|9|471|292|12|C
4|2|9|471|292|13|C
4|2|9|471|292|14|C
4|2|9|471|292|15|C
4|2|9|471|292|16|C
4|2|9|471|292|17|C
4|2|9|471|292|18|C
4|2|9|471|292|19|C
4|2|9|471|292|20|C
4|2|9|471|292|21|C
4|2|9|471|292|22|C
4|2|9|471|292|23|C
4|2|9|471|292|24|C
4|2|9|471|292|25|C
4|2|9|471|292|26|C
4|2|9|471|292|27|C
4|2|9|471|292|28|C
4|2|9|471|292|29|C
4|2|9|471|292|30|C
4|2|9|471|292|31|C
4|2|9|471|292|32|*
4|2|9|471|292|33|C
4|2|9|471|292|34|C
4|2|9|471|292|35|C
4|2|9|471|292|36|C
4|2|9|471|292|37|C
4|2|9|471|292|38|C
4|2|9|471|292|39|C
4|2|9|471|292|40|C
4|2|9|471|292|41|C
4|2|9|471|292|42|C
4|2|9|471|292|43|C
4|2|9|471|292|44|C
4|2|9|471|292|45|C
4|2|9|471|292|46|C
4|2|9|471|292|47|C
4|2|9|471|292|48|C
4|2|9|471|292|49|C
4|2|9|471|292|50|C
4|2|9|471|292|9999|C
4|2|9|471|298|9999|C
4|2|9|471|309|9999|C
4|2|9|471|316|9999|C
4|2|9|471|320|9999|C
4|2|9|471|329|9999|C
4|2|9|471|334|9999|C
4|2|9|471|337|9999|C
4|2|9|471|346|9999|C
4|2|9|471|360|9999|*
4|2|9|471|361|9999|C
4|2|9|471|387|9999|C
4|2|9|471|402|9999|*
4|2|9|471|406|9999|C
4|2|9|471|418|9999|C
4|2|9|471|465|9999|C
4|2|9|471|467|9999|C
4|2|9|471|479|9999|C
4|2|9|471|484|1|C
4|2|9|471|484|2|C
4|2|9|471|484|3|C
4|2|9|471|484|4|C
4|2|9|471|484|5|C
4|2|9|471|484|6|C
4|2|9|471|484|7|C
4|2|9|471|484|8|C
4|2|9|471|484|9|C
4|2|9|471|484|10|C
4|2|9|471|484|11|C
4|2|9|471|484|12|C
4|2|9|471|484|13|C
4|2|9|471|484|14|C
4|2|9|471|484|15|C
4|2|9|471|484|16|C
4|2|9|471|484|17|C
4|2|9|471|484|19|C
4|2|9|471|484|20|C
4|2|9|471|484|21|C
4|2|9|471|484|22|C
4|2|9|471|484|23|C
4|2|9|471|484|24|C
4|2|9|471|484|25|C
4|2|9|471|484|26|C
4|2|9|471|484|9999|C
4|2|9|471|513|9999|C
4|2|9|471|516|9999|C
4|2|9|471|518|9999|C
4|2|9|471|519|9999|C
4|2|9|471|520|9999|C
4|2|9|471|522|9999|C
4|2|9|471|574|9999|C
4|2|9|471|575|9999|C
4|2|9|471|623|9999|C
4|2|9|471|624|9999|C
4|2|9|471|625|9999|C
4|2|9|471|641|9999|C
4|2|9|471|646|9999|C
4|2|9|471|647|9999|C
4|2|9|471|652|9999|C
4|2|9|471|653|9999|*
4|2|9|471|662|9999|C
4|2|9|475|2|1|C
4|2|9|475|2|2|C
4|2|9|475|2|3|C
4|2|9|475|2|4|C
4|2|9|475|2|5|C
4|2|9|475|2|6|C
4|2|9|475|2|7|C
4|2|9|475|2|8|C
4|2|9|475|2|9|C
4|2|9|475|2|10|C
4|2|9|475|2|11|C
4|2|9|475|2|12|C
4|2|9|475|2|13|C
4|2|9|475|2|14|C
4|2|9|475|2|15|C
4|2|9|475|2|16|C
4|2|9|475|2|17|C
4|2|9|475|2|18|C
4|2|9|475|2|19|C
4|2|9|475|2|20|C
4|2|9|475|2|21|C
4|2|9|475|2|22|C
4|2|9|475|2|23|C
4|2|9|475|2|24|C
4|2|9|475|2|25|C
4|2|9|475|2|26|C
4|2|9|475|2|27|C
4|2|9|475|2|28|C
4|2|9|475|2|29|C
4|2|9|475|2|30|C
4|2|9|475|2|31|C
4|2|9|475|2|32|C
4|2|9|475|2|33|C
4|2|9|475|2|34|C
4|2|9|475|2|35|C
4|2|9|475|2|36|C
4|2|9|475|2|37|C
4|2|9|475|2|38|C
4|2|9|475|2|39|C
4|2|9|475|2|41|C
4|2|9|475|2|42|C
4|2|9|475|2|43|C
4|2|9|475|2|44|C
4|2|9|475|2|45|C
4|2|9|475|2|46|C
4|2|9|475|2|47|C
4|2|9|475|2|48|C
4|2|9|475|2|49|C
4|2|9|475|2|50|C
4|2|9|475|2|51|C
4|2|9|475|2|52|C
4|2|9|475|2|53|C
4|2|9|475|2|54|C
4|2|9|475|2|55|C
4|2|9|475|2|56|C
4|2|9|475|2|57|C
4|2|9|475|2|58|C
4|2|9|475|2|61|C
4|2|9|475|2|62|C
4|2|9|475|2|63|C
4|2|9|475|2|64|C
4|2|9|475|2|65|C
4|2|9|475|2|66|C
4|2|9|475|2|67|C
4|2|9|475|2|68|C
4|2|9|475|2|69|C
4|2|9|475|2|70|C
4|2|9|475|2|71|C
4|2|9|475|2|72|C
4|2|9|475|2|73|C
4|2|9|475|2|74|C
4|2|9|475|2|75|C
4|2|9|475|2|76|C
4|2|9|475|2|77|C
4|2|9|475|2|78|C
4|2|9|475|2|79|C
4|2|9|475|2|80|C
4|2|9|475|2|81|C
4|2|9|475|2|82|C
4|2|9|475|2|83|C
4|2|9|475|2|84|C
4|2|9|475|2|85|C
4|2|9|475|2|86|C
4|2|9|475|2|87|C
4|2|9|475|2|88|C
4|2|9|475|2|89|C
4|2|9|475|2|91|C
4|2|9|475|2|92|C
4|2|9|475|2|93|C
4|2|9|475|2|94|C
4|2|9|475|2|95|C
4|2|9|475|2|96|C
4|2|9|475|2|97|C
4|2|9|475|2|98|C
4|2|9|475|2|99|C
4|2|9|475|2|101|C
4|2|9|475|2|102|C
4|2|9|475|2|103|C
4|2|9|475|2|104|C
4|2|9|475|2|105|C
4|2|9|475|2|106|C
4|2|9|475|2|107|C
4|2|9|475|2|108|C
4|2|9|475|2|109|C
4|2|9|475|2|111|C
4|2|9|475|2|112|C
4|2|9|475|2|113|C
4|2|9|475|2|114|*
4|2|9|475|2|115|C
4|2|9|475|2|116|C
4|2|9|475|2|117|C
4|2|9|475|2|118|C
4|2|9|476|2|1|C
4|2|9|476|2|2|C
4|2|9|476|2|3|C
4|2|9|476|2|4|C
4|2|9|476|2|5|C
4|2|9|476|2|6|C
4|2|9|476|2|7|C
4|2|9|476|2|8|C
4|2|9|476|2|9|C
4|2|9|476|2|10|*
4|2|9|476|2|11|C
4|2|9|476|2|12|C
4|2|9|476|2|13|C
4|2|9|476|2|14|C
4|2|9|476|2|15|C
4|2|9|476|2|16|C
4|2|9|476|2|17|C
4|2|9|476|2|18|C
4|2|9|476|2|19|C
4|2|9|476|2|20|C
4|2|9|476|2|21|C
4|2|9|476|2|22|C
4|2|9|476|2|23|C
4|2|9|476|2|24|C
4|2|9|476|2|25|C
4|2|9|476|2|26|C
4|2|9|476|2|27|C
4|2|9|476|2|28|C
4|2|9|476|2|29|C
4|2|9|476|2|30|C
4|2|9|476|2|31|C
4|2|9|476|2|38|C
4|2|9|476|2|39|C
4|2|9|476|2|40|C
4|2|9|476|2|41|C
4|2|9|476|2|42|C
4|2|9|476|2|47|C
4|2|9|476|2|48|*
4|2|9|476|2|51|C
4|2|9|476|2|52|C
4|2|9|476|2|53|C
4|2|9|476|2|54|C
4|2|9|476|2|55|C
4|2|9|476|2|56|C
4|2|9|476|2|57|C
4|2|9|476|2|58|C
4|2|9|476|2|59|C
4|2|9|476|2|60|C
4|2|9|476|2|61|C
4|2|9|476|2|62|C
4|2|9|476|2|63|C
4|2|9|476|2|64|C
4|2|9|476|2|65|C
4|2|9|476|2|66|C
4|2|9|476|2|67|C
4|2|9|476|2|68|C
4|2|9|476|2|69|C
4|2|9|476|2|70|C
4|2|9|476|2|71|C
4|2|9|476|2|72|C
4|2|9|476|2|73|C
4|2|9|476|2|74|C
4|2|9|476|2|75|C
4|2|9|476|2|76|C
4|2|9|476|2|77|C
4|2|9|476|2|78|C
4|2|9|476|2|79|C
4|2|9|476|2|80|*
4|2|9|476|2|81|C
4|2|9|476|2|82|C
4|2|9|476|2|83|C
4|2|9|476|2|84|C
4|2|9|476|2|85|C
4|2|9|476|2|86|C
4|2|9|477|2|1|C
4|2|9|477|2|2|C
4|2|9|477|2|3|C
4|2|9|477|2|4|C
4|2|9|477|2|5|C
4|2|9|477|2|6|C
4|2|9|477|2|7|C
4|2|9|477|2|8|C
4|2|9|477|2|9|C
4|2|9|477|2|10|C
4|2|9|477|2|11|C
4|2|9|477|2|12|C
4|2|9|477|2|13|C
4|2|9|477|2|14|C
4|2|9|477|2|15|C
4|2|9|477|2|16|C
4|2|9|477|2|17|C
4|2|9|477|2|18|C
4|2|9|477|2|19|C
4|2|9|477|2|20|C
4|2|9|477|2|21|C
4|2|9|477|2|22|C
4|2|9|477|2|23|C
4|2|9|477|2|24|C
4|2|9|477|2|25|C
4|2|9|477|2|26|C
4|2|9|477|2|27|C
4|2|9|477|2|28|*
4|2|9|477|2|29|C
4|2|9|477|2|30|C
4|2|9|477|2|31|C
4|2|9|477|2|32|C
4|2|9|477|2|33|C
4|2|9|477|2|34|C
4|2|9|477|2|35|C
4|2|9|477|2|36|C
4|2|9|477|2|37|C
4|2|9|477|2|38|C
4|2|9|477|2|39|C
4|2|9|477|2|40|C
4|2|9|477|2|41|C
4|2|9|477|2|42|C
4|2|9|477|2|43|C
4|2|9|477|2|44|C
4|2|9|477|2|45|C
4|2|9|477|2|46|C
4|2|9|477|2|47|C
4|2|9|477|2|48|C
4|2|9|477|2|49|C
4|2|9|477|2|50|C
4|2|9|477|2|51|C
4|2|9|477|2|52|C
4|2|9|477|2|53|C
4|2|9|477|2|54|C
4|2|9|477|2|55|C
4|2|9|477|2|57|C
4|2|9|477|2|58|C
4|2|9|477|2|59|C
4|2|9|477|2|60|C
4|2|9|477|2|61|C
4|2|9|477|2|62|C
4|2|9|477|2|63|C
4|2|9|477|2|64|C
4|2|9|477|2|65|C
4|2|9|477|2|66|C
4|2|9|477|2|67|C
4|2|9|477|2|68|C
4|2|9|477|2|69|C
4|2|9|477|2|70|C
4|2|9|477|2|71|C
4|2|9|477|2|72|C
4|2|9|477|2|73|C
4|2|9|477|2|74|C
4|2|9|477|2|75|C
4|2|9|477|2|76|C
4|2|9|477|2|77|C
4|2|9|477|2|78|C
4|2|9|477|2|79|C
4|2|9|477|2|80|C
4|2|9|477|2|81|C
4|2|9|477|2|82|C
4|2|9|477|2|83|C
4|2|9|477|2|84|C
4|2|9|477|2|85|C
4|2|9|477|2|86|C
4|2|9|477|2|87|C
4|2|9|477|2|88|C
4|2|9|477|2|89|C
4|2|9|477|2|90|C
4|2|9|477|2|91|C
4|2|9|477|2|92|C
4|2|9|477|2|93|C
4|2|9|477|2|94|C
4|2|9|477|2|95|C
4|2|9|477|2|96|C
4|2|9|477|2|97|C
4|2|9|477|2|98|C
4|2|9|477|2|99|C
4|2|9|477|2|101|C
4|2|9|477|2|102|C
4|2|9|477|2|103|C
4|2|9|477|2|104|C
4|2|9|477|2|105|C
4|2|9|477|2|106|C
4|2|9|477|2|107|C
4|2|9|477|2|108|C
4|2|9|477|2|109|C
4|2|9|477|2|111|C
4|2|9|477|2|112|C
4|2|9|477|2|113|C
4|2|9|477|2|114|C
4|2|9|477|2|115|C
4|2|9|477|2|116|C
4|2|9|477|2|117|C
4|2|9|477|2|118|C
4|2|9|477|2|119|C
4|2|9|477|2|121|C
4|2|9|477|2|122|C
4|2|9|477|2|123|C
4|2|9|477|2|124|C
4|2|9|477|2|125|C
4|2|9|477|2|126|C
4|2|9|477|2|127|C
4|2|9|477|2|128|C
4|2|9|477|2|129|C
4|2|9|477|2|131|C
4|2|9|477|2|132|C
4|2|9|477|525|9999|C
4|2|9|480|33|9999|C
4|2|9|480|157|9999|*
4|2|9|480|165|1|C
4|2|9|480|165|2|C
4|2|9|480|165|3|C
4|2|9|480|165|4|C
4|2|9|480|165|5|C
4|2|9|480|165|6|C
4|2|9|480|165|7|C
4|2|9|480|165|8|C
4|2|9|480|165|9|C
4|2|9|480|165|10|C
4|2|9|480|165|11|C
4|2|9|480|165|12|C
4|2|9|480|165|16|C
4|2|9|480|165|17|C
4|2|9|480|165|18|C
4|2|9|480|165|19|C
4|2|9|480|165|20|C
4|2|9|480|165|21|C
4|2|9|480|165|22|C
4|2|9|480|165|23|C
4|2|9|480|165|24|C
4|2|9|480|165|25|C
4|2|9|480|165|26|C
4|2|9|480|165|27|C
4|2|9|480|165|28|C
4|2|9|480|165|29|C
4|2|9|480|165|30|C
4|2|9|480|165|31|C
4|2|9|480|165|32|C
4|2|9|480|165|33|C
4|2|9|480|165|35|C
4|2|9|480|165|36|C
4|2|9|480|165|37|C
4|2|9|480|165|38|C
4|2|9|480|165|39|C
4|2|9|480|165|40|C
4|2|9|480|165|41|C
4|2|9|480|165|42|C
4|2|9|480|165|43|C
4|2|9|480|165|44|C
4|2|9|480|165|45|C
4|2|9|480|165|46|C
4|2|9|480|165|47|C
4|2|9|480|165|48|C
4|2|9|480|165|49|C
4|2|9|480|165|50|C
4|2|9|480|165|51|C
4|2|9|480|165|52|C
4|2|9|480|165|53|C
4|2|9|480|165|54|C
4|2|9|480|165|55|C
4|2|9|480|165|56|C
4|2|9|480|165|57|C
4|2|9|480|165|58|C
4|2|9|480|165|59|C
4|2|9|480|165|60|C
4|2|9|480|165|61|C
4|2|9|480|165|62|C
4|2|9|480|165|63|C
4|2|9|480|165|64|C
4|2|9|480|165|65|C
4|2|9|480|165|68|C
4|2|9|480|165|69|C
4|2|9|480|165|70|C
4|2|9|480|165|71|C
4|2|9|480|165|72|C
4|2|9|480|165|73|C
4|2|9|480|165|74|C
4|2|9|480|165|75|C
4|2|9|480|165|76|C
4|2|9|480|165|77|C
4|2|9|480|165|78|C
4|2|9|480|165|79|C
4|2|9|480|165|80|C
4|2|9|480|165|81|C
4|2|9|480|165|82|C
4|2|9|480|165|83|C
4|2|9|480|165|84|C
4|2|9|480|165|85|C
4|2|9|480|165|86|C
4|2|9|480|165|87|C
4|2|9|480|165|88|C
4|2|9|480|165|89|C
4|2|9|480|165|90|C
4|2|9|480|165|91|C
4|2|9|480|165|92|C
4|2|9|480|165|93|C
4|2|9|480|165|94|C
4|2|9|480|165|95|C
4|2|9|480|165|96|C
4|2|9|480|165|97|C
4|2|9|480|165|98|C
4|2|9|480|165|99|C
4|2|9|480|165|101|C
4|2|9|480|165|102|C
4|2|9|480|165|103|C
4|2|9|480|165|104|C
4|2|9|480|165|105|C
4|2|9|480|165|106|C
4|2|9|480|165|107|C
4|2|9|480|165|108|C
4|2|9|480|165|109|C
4|2|9|480|165|111|C
4|2|9|480|165|9999|C
4|2|9|481|37|9999|*
4|2|9|481|104|1|C
4|2|9|481|104|2|C
4|2|9|481|104|3|C
4|2|9|481|104|4|C
4|2|9|481|104|6|*
4|2|9|481|104|7|C
4|2|9|481|104|8|C
4|2|9|481|104|9|C
4|2|9|481|104|10|C
4|2|9|481|104|11|C
4|2|9|481|104|12|C
4|2|9|481|104|13|C
4|2|9|481|104|14|C
4|2|9|481|104|15|C
4|2|9|481|104|16|C
4|2|9|481|104|17|C
4|2|9|481|104|18|C
4|2|9|481|104|19|C
4|2|9|481|104|20|C
4|2|9|481|104|21|C
4|2|9|481|104|22|C
4|2|9|481|104|23|C
4|2|9|481|104|24|C
4|2|9|481|104|25|C
4|2|9|481|104|26|C
4|2|9|481|104|27|C
4|2|9|481|104|28|C
4|2|9|481|104|29|C
4|2|9|481|104|30|C
4|2|9|481|104|31|C
4|2|9|481|104|32|C
4|2|9|481|104|33|C
4|2|9|481|104|34|C
4|2|9|481|104|35|*
4|2|9|481|104|36|C
4|2|9|481|104|37|*
4|2|9|481|104|39|C
4|2|9|481|104|40|C
4|2|9|481|104|41|C
4|2|9|481|104|42|*
4|2|9|481|104|43|C
4|2|9|481|104|44|C
4|2|9|481|104|45|C
4|2|9|481|104|46|C
4|2|9|481|104|47|C
4|2|9|481|104|48|C
4|2|9|481|104|49|C
4|2|9|481|104|50|C
4|2|9|481|104|51|C
4|2|9|481|104|52|C
4|2|9|481|104|53|C
4|2|9|481|104|54|C
4|2|9|481|104|55|C
4|2|9|481|104|56|C
4|2|9|481|104|57|C
4|2|9|481|104|58|C
4|2|9|481|104|59|C
4|2|9|481|104|60|C
4|2|9|481|104|61|C
4|2|9|481|104|62|C
4|2|9|481|104|63|C
4|2|9|481|104|64|C
4|2|9|481|104|66|C
4|2|9|481|104|67|C
4|2|9|481|104|68|C
4|2|9|481|104|69|C
4|2|9|481|104|70|C
4|2|9|481|104|71|C
4|2|9|481|104|73|C
4|2|9|481|104|74|C
4|2|9|481|104|76|C
4|2|9|481|104|77|C
4|2|9|481|104|78|C
4|2|9|481|104|81|C
4|2|9|481|104|82|C
4|2|9|481|104|83|C
4|2|9|481|104|84|C
4|2|9|481|104|85|C
4|2|9|481|104|86|C
4|2|9|481|104|87|C
4|2|9|481|104|88|C
4|2|9|481|104|89|C
4|2|9|481|104|90|C
4|2|9|481|104|91|C
4|2|9|481|104|92|C
4|2|9|481|104|93|C
4|2|9|481|104|94|C
4|2|9|481|104|95|C
4|2|9|481|104|9999|C
4|2|9|481|144|2|C
4|2|9|481|144|3|C
4|2|9|481|144|4|C
4|2|9|481|144|5|C
4|2|9|481|144|6|*
4|2|9|481|144|7|C
4|2|9|481|144|8|C
4|2|9|481|144|9|C
4|2|9|481|144|10|C
4|2|9|481|144|11|C
4|2|9|481|144|12|C
4|2|9|481|144|13|C
4|2|9|481|144|14|C
4|2|9|481|144|15|C
4|2|9|481|144|16|C
4|2|9|481|144|17|C
4|2|9|481|144|18|C
4|2|9|481|144|19|C
4|2|9|481|144|20|C
4|2|9|481|144|21|C
4|2|9|481|144|22|C
4|2|9|481|144|23|C
4|2|9|481|144|24|C
4|2|9|481|144|25|C
4|2|9|481|144|26|C
4|2|9|481|144|27|C
4|2|9|481|144|28|C
4|2|9|481|144|29|*
4|2|9|481|144|30|C
4|2|9|481|144|31|*
4|2|9|481|144|32|C
4|2|9|481|144|33|C
4|2|9|481|144|34|C
4|2|9|481|144|35|C
4|2|9|481|144|36|C
4|2|9|481|144|37|C
4|2|9|481|144|38|C
4|2|9|481|144|9999|C
4|2|9|481|280|9999|C
4|2|9|481|318|9999|*
4|2|9|481|524|9999|C
4|2|9|481|655|9999|C
4|2|9|481|667|9999|C
4|2|9|482|21|1|C
4|2|9|482|21|2|C
4|2|9|482|21|3|C
4|2|9|482|21|4|C
4|2|9|482|21|5|C
4|2|9|482|21|6|C
4|2|9|482|21|7|C
4|2|9|482|21|8|C
4|2|9|482|21|9|C
4|2|9|482|21|10|C
4|2|9|482|21|11|C
4|2|9|482|21|12|C
4|2|9|482|21|13|C
4|2|9|482|21|14|C
4|2|9|482|21|15|C
4|2|9|482|21|18|C
4|2|9|482|21|19|C
4|2|9|482|21|20|C
4|2|9|482|21|9999|C
4|2|9|482|39|9999|C
4|2|9|482|76|9999|C
4|2|9|482|138|9999|C
4|2|9|482|150|9999|C
4|2|9|482|160|9999|C
4|2|9|482|177|1|C
4|2|9|482|177|2|C
4|2|9|482|177|3|C
4|2|9|482|177|4|C
4|2|9|482|177|5|C
4|2|9|482|177|6|C
4|2|9|482|177|7|C
4|2|9|482|177|8|C
4|2|9|482|177|9|C
4|2|9|482|177|10|C
4|2|9|482|177|11|C
4|2|9|482|177|12|C
4|2|9|482|177|13|C
4|2|9|482|177|14|C
4|2|9|482|177|15|C
4|2|9|482|177|16|C
4|2|9|482|177|17|C
4|2|9|482|177|21|C
4|2|9|482|177|22|C
4|2|9|482|177|23|C
4|2|9|482|177|24|C
4|2|9|482|177|25|C
4|2|9|482|177|26|C
4|2|9|482|177|9999|C
4|2|9|482|193|9999|C
4|2|9|482|279|9999|C
4|2|9|482|342|9999|C
4|2|9|482|425|9999|C
4|2|9|482|523|9999|C
4|2|9|482|531|9999|C
4|2|9|482|546|9999|C
4|2|9|482|550|9999|C
4|2|9|482|631|9999|C
4|2|9|482|632|9999|C
4|2|9|482|637|9999|C
4|2|9|482|651|9999|C
4|2|9|482|660|9999|C
4|2|9|482|663|9999|C
4|2|9|485|250|1|*
4|2|9|485|250|4|C
4|2|9|485|250|5|*
4|2|9|485|250|6|C
4|2|9|485|250|7|C
4|2|9|485|250|8|C
4|2|9|485|250|9|C
4|2|9|485|250|10|C
4|2|9|485|250|11|C
4|2|9|485|250|12|C
4|2|9|485|250|18|C
4|2|9|485|250|19|C
4|2|9|485|250|20|C
4|2|9|485|250|21|C
4|2|9|485|250|22|C
4|2|9|485|250|23|C
4|2|9|485|250|24|C
4|2|9|485|250|25|C
4|2|9|485|250|26|C
4|2|9|485|250|27|C
4|2|9|485|250|28|C
4|2|9|485|250|29|C
4|2|9|485|250|30|C
4|2|9|485|250|31|C
4|2|9|485|250|32|C
4|2|9|485|250|35|*
4|2|9|485|250|36|C
4|2|9|485|250|37|C
4|2|9|485|250|38|C
4|2|9|485|250|39|C
4|2|9|485|250|40|C
4|2|9|485|250|41|C
4|2|9|485|250|42|C
4|2|9|485|250|43|C
4|2|9|485|250|44|*
4|2|9|485|250|45|C
4|2|9|485|250|46|C
4|2|9|485|250|47|C
4|2|9|485|250|48|C
4|2|9|485|250|49|C
4|2|9|485|250|50|C
4|2|9|485|250|51|C
4|2|9|485|250|52|C
4|2|9|485|250|53|C
4|2|9|485|250|54|C
4|2|9|485|250|55|C
4|2|9|485|250|56|C
4|2|9|485|250|57|C
4|2|9|485|250|58|C
4|2|9|485|250|59|C
4|2|9|485|250|60|C
4|2|9|485|250|61|C
4|2|9|485|250|64|C
4|2|9|485|250|65|C
4|2|9|485|250|66|C
4|2|9|485|250|67|C
4|2|9|485|250|68|C
4|2|9|485|250|69|C
4|2|9|485|250|70|C
4|2|9|485|250|71|C
4|2|9|485|250|72|C
4|2|9|485|250|73|C
4|2|9|485|250|74|C
4|2|9|485|250|75|C
4|2|9|485|250|76|C
4|2|9|485|250|77|C
4|2|9|485|250|78|C
4|2|9|485|250|79|C
4|2|9|485|250|80|C
4|2|9|485|250|81|C
4|2|9|485|250|82|C
4|2|9|485|250|83|C
4|2|9|485|250|84|C
4|2|9|485|250|85|C
4|2|9|485|250|86|C
4|2|9|485|250|87|C
4|2|9|485|250|88|C
4|2|9|485|250|89|C
4|2|9|485|250|90|C
4|2|9|485|250|91|C
4|2|9|485|250|92|C
4|2|9|485|250|93|C
4|2|9|485|250|95|C
4|2|9|485|250|98|C
4|2|9|485|250|99|*
4|2|9|485|250|9999|C
4|2|9|485|287|9999|C
4|2|9|489|1|1|C
4|2|9|489|1|2|C
4|2|9|489|1|3|C
4|2|9|489|1|4|C
4|2|9|489|1|5|C
4|2|9|489|1|6|C
4|2|9|489|1|8|C
4|2|9|489|1|9|C
4|2|9|489|1|10|C
4|2|9|489|1|11|C
4|2|9|489|1|12|C
4|2|9|489|1|13|C
4|2|9|489|1|14|C
4|2|9|489|1|15|C
4|2|9|489|1|16|C
4|2|9|489|1|17|C
4|2|9|489|1|18|C
4|2|9|489|1|19|C
4|2|9|489|1|20|C
4|2|9|489|1|21|C
4|2|9|489|1|22|C
4|2|9|489|1|23|C
4|2|9|489|1|26|C
4|2|9|489|1|27|C
4|2|9|489|1|28|C
4|2|9|489|1|29|C
4|2|9|489|1|30|C
4|2|9|489|1|31|C
4|2|9|489|1|32|C
4|2|9|489|1|33|C
4|2|9|489|1|34|C
4|2|9|489|1|35|C
4|2|9|489|1|36|C
4|2|9|489|1|37|C
4|2|9|489|1|48|C
4|2|9|489|1|49|C
4|2|9|489|1|50|C
4|2|9|489|1|51|C
4|2|9|489|1|52|C
4|2|9|489|1|53|C
4|2|9|489|1|54|C
4|2|9|489|1|55|C
4|2|9|489|1|56|C
4|2|9|489|1|57|C
4|2|9|489|1|58|C
4|2|9|489|1|59|C
4|2|9|489|1|64|C
4|2|9|489|1|65|C
4|2|9|489|1|66|C
4|2|9|489|1|67|C
4|2|9|489|1|68|C
4|2|9|489|1|69|C
4|2|9|489|1|70|C
4|2|9|489|1|71|C
4|2|9|489|1|72|C
4|2|9|489|1|73|C
4|2|9|489|1|74|C
4|2|9|489|1|75|C
4|2|9|489|1|76|C
4|2|9|489|1|77|C
4|2|9|489|1|78|C
4|2|9|489|1|79|C
4|2|9|489|1|81|C
4|2|9|489|1|82|C
4|2|9|489|1|83|C
4|2|9|489|1|84|C
4|2|9|489|1|86|C
4|2|9|489|1|87|C
4|2|9|489|1|88|C
4|2|9|489|1|89|C
4|2|9|489|1|91|C
4|2|9|489|1|92|C
4|2|9|489|1|93|C
4|2|9|489|1|94|C
4|2|9|489|1|95|C
4|2|9|489|1|96|C
4|2|9|489|1|97|C
4|2|9|489|1|98|C
4|2|9|489|1|99|C
4|2|9|489|1|100|C
4|2|10|274|29|9999|C
4|2|10|274|60|1|C
4|2|10|274|60|2|C
4|2|10|274|60|3|C
4|2|10|274|60|4|C
4|2|10|274|60|5|C
4|2|10|274|60|6|C
4|2|10|274|60|7|C
4|2|10|274|60|8|C
4|2|10|274|60|9|C
4|2|10|274|60|10|C
4|2|10|274|60|11|C
4|2|10|274|60|12|C
4|2|10|274|60|13|C
4|2|10|274|60|14|C
4|2|10|274|60|15|C
4|2|10|274|60|16|C
4|2|10|274|60|17|C
4|2|10|274|60|18|C
4|2|10|274|60|19|C
4|2|10|274|60|20|C
4|2|10|274|60|21|C
4|2|10|274|60|22|C
4|2|10|274|60|23|C
4|2|10|274|60|24|C
4|2|10|274|60|25|C
4|2|10|274|60|26|C
4|2|10|274|60|27|C
4|2|10|274|60|28|C
4|2|10|274|60|29|C
4|2|10|274|60|30|C
4|2|10|274|60|31|C
4|2|10|274|60|32|C
4|2|10|274|60|33|C
4|2|10|274|60|34|C
4|2|10|274|60|35|C
4|2|10|274|60|36|C
4|2|10|274|60|37|C
4|2|10|274|60|38|C
4|2|10|274|60|39|C
4|2|10|274|60|40|C
4|2|10|274|60|41|C
4|2|10|274|60|42|C
4|2|10|274|60|43|C
4|2|10|274|60|44|C
4|2|10|274|60|45|C
4|2|10|274|60|46|C
4|2|10|274|60|47|C
4|2|10|274|60|48|C
4|2|10|274|60|49|C
4|2|10|274|60|50|C
4|2|10|274|60|51|C
4|2|10|274|60|52|C
4|2|10|274|60|53|C
4|2|10|274|60|54|C
4|2|10|274|60|55|C
4|2|10|274|60|56|C
4|2|10|274|60|57|C
4|2|10|274|60|58|C
4|2|10|274|60|59|C
4|2|10|274|60|61|C
4|2|10|274|60|62|C
4|2|10|274|60|63|C
4|2|10|274|60|64|C
4|2|10|274|60|65|C
4|2|10|274|60|66|C
4|2|10|274|60|67|C
4|2|10|274|60|68|C
4|2|10|274|60|69|C
4|2|10|274|60|70|C
4|2|10|274|60|71|C
4|2|10|274|60|72|C
4|2|10|274|60|73|C
4|2|10|274|60|74|C
4|2|10|274|60|75|C
4|2|10|274|60|76|C
4|2|10|274|60|77|C
4|2|10|274|60|79|C
4|2|10|274|60|80|C
4|2|10|274|60|81|C
4|2|10|274|60|82|C
4|2|10|274|60|83|C
4|2|10|274|60|84|C
4|2|10|274|60|85|C
4|2|10|274|60|86|C
4|2|10|274|60|87|C
4|2|10|274|60|88|C
4|2|10|274|60|90|C
4|2|10|274|60|91|C
4|2|10|274|60|92|C
4|2|10|274|60|93|C
4|2|10|274|60|94|C
4|2|10|274|60|95|C
4|2|10|274|60|96|C
4|2|10|274|60|97|C
4|2|10|274|60|98|C
4|2|10|274|60|99|C
4|2|10|274|60|101|C
4|2|10|274|60|102|C
4|2|10|274|60|104|C
4|2|10|274|60|105|C
4|2|10|274|60|106|C
4|2|10|274|60|107|C
4|2|10|274|60|108|C
4|2|10|274|60|109|C
4|2|10|274|60|111|C
4|2|10|274|60|112|C
4|2|10|274|60|113|C
4|2|10|274|60|114|C
4|2|10|274|60|115|C
4|2|10|274|60|116|C
4|2|10|274|60|117|C
4|2|10|274|60|118|C
4|2|10|274|60|119|C
4|2|10|274|60|122|C
4|2|10|274|60|123|C
4|2|10|274|60|124|C
4|2|10|274|60|125|C
4|2|10|274|60|126|C
4|2|10|274|60|9999|C
4|2|10|274|181|9999|C
4|2|10|274|196|9999|C
4|2|10|274|225|9999|C
4|2|10|274|246|9999|*
4|2|10|274|272|9999|C
4|2|10|274|384|9999|C
4|2|10|274|434|9999|C
4|2|10|274|499|9999|C
4|2|10|274|681|9999|C
4|2|10|274|952|9999|C
4|2|10|274|956|9999|C
4|2|10|274|1227|9999|C
4|2|10|274|1228|9999|C
4|2|10|275|23|9999|*
4|2|10|275|61|9999|*
4|2|10|275|200|9999|*
4|2|10|275|308|9999|*
4|2|10|275|316|9999|*
4|2|10|275|335|9999|*
4|2|10|275|385|9999|C
4|2|10|275|386|9999|*
4|2|10|275|424|9999|*
4|2|10|275|484|9999|C
4|2|10|275|517|9999|*
4|2|10|275|588|9999|C
4|2|10|275|646|9999|*
4|2|10|275|647|9999|*
4|2|10|275|652|2|C
4|2|10|275|652|3|C
4|2|10|275|652|4|C
4|2|10|275|652|5|C
4|2|10|275|652|6|C
4|2|10|275|652|7|C
4|2|10|275|652|8|*
4|2|10|275|652|9|C
4|2|10|275|652|10|C
4|2|10|275|652|11|*
4|2|10|275|652|12|C
4|2|10|275|652|13|C
4|2|10|275|652|14|C
4|2|10|275|652|15|C
4|2|10|275|652|16|C
4|2|10|275|652|17|C
4|2|10|275|652|18|C
4|2|10|275|652|20|C
4|2|10|275|652|22|C
4|2|10|275|652|23|C
4|2|10|275|652|24|C
4|2|10|275|652|25|C
4|2|10|275|652|26|C
4|2|10|275|652|27|C
4|2|10|275|652|28|C
4|2|10|275|652|29|C
4|2|10|275|652|32|C
4|2|10|275|652|33|C
4|2|10|275|652|34|C
4|2|10|275|652|35|C
4|2|10|275|652|36|C
4|2|10|275|652|37|C
4|2|10|275|652|9999|C
4|2|10|275|661|9999|*
4|2|10|275|709|9999|*
4|2|10|275|744|9999|*
4|2|10|275|780|9999|*
4|2|10|275|806|9999|*
4|2|10|275|846|9999|*
4|2|10|275|875|9999|*
4|2|10|275|967|3|C
4|2|10|275|967|4|C
4|2|10|275|967|5|C
4|2|10|275|967|6|C
4|2|10|275|967|7|C
4|2|10|275|967|8|C
4|2|10|275|967|9|C
4|2|10|275|967|10|C
4|2|10|275|967|11|C
4|2|10|275|967|12|C
4|2|10|275|967|13|C
4|2|10|275|967|16|C
4|2|10|275|967|17|C
4|2|10|275|967|18|C
4|2|10|275|967|19|C
4|2|10|275|967|20|C
4|2|10|275|967|21|*
4|2|10|275|967|22|C
4|2|10|275|967|23|C
4|2|10|275|967|24|C
4|2|10|275|967|25|C
4|2|10|275|967|26|C
4|2|10|275|967|27|C
4|2|10|275|967|30|C
4|2|10|275|967|31|C
4|2|10|275|967|32|C
4|2|10|275|967|33|C
4|2|10|275|967|34|C
4|2|10|275|967|35|C
4|2|10|275|967|36|*
4|2|10|275|967|37|C
4|2|10|275|967|38|C
4|2|10|275|967|39|C
4|2|10|275|967|40|C
4|2|10|275|967|41|C
4|2|10|275|967|45|C
4|2|10|275|967|46|C
4|2|10|275|967|47|C
4|2|10|275|967|49|C
4|2|10|275|967|50|C
4|2|10|275|967|51|C
4|2|10|275|967|9999|C
4|2|10|275|974|9999|*
4|2|10|275|1025|9999|*
4|2|10|275|1026|9999|*
4|2|10|275|1027|9999|*
4|2|10|275|1029|9999|*
4|2|10|275|1030|9999|*
4|2|10|275|1090|9999|*
4|2|10|275|1093|9999|C
4|2|10|275|1250|9999|*
4|2|10|275|1254|9999|C
4|2|10|275|1309|9999|C
4|2|10|276|9|9999|C
4|2|10|276|15|9999|C
4|2|10|276|150|9999|C
4|2|10|276|182|9999|C
4|2|10|276|194|9999|C
4|2|10|276|208|9999|C
4|2|10|276|297|1|C
4|2|10|276|297|2|C
4|2|10|276|297|3|C
4|2|10|276|297|4|C
4|2|10|276|297|5|C
4|2|10|276|297|6|C
4|2|10|276|297|7|C
4|2|10|276|297|8|C
4|2|10|276|297|9|C
4|2|10|276|297|10|C
4|2|10|276|297|12|C
4|2|10|276|297|13|C
4|2|10|276|297|14|C
4|2|10|276|297|15|C
4|2|10|276|297|16|C
4|2|10|276|297|17|C
4|2|10|276|297|18|C
4|2|10|276|297|19|C
4|2|10|276|297|20|C
4|2|10|276|297|21|C
4|2|10|276|297|23|C
4|2|10|276|297|24|C
4|2|10|276|297|25|C
4|2|10|276|297|26|C
4|2|10|276|297|27|C
4|2|10|276|297|30|C
4|2|10|276|297|31|C
4|2|10|276|297|32|C
4|2|10|276|297|33|C
4|2|10|276|297|34|C
4|2|10|276|297|35|C
4|2|10|276|297|36|C
4|2|10|276|297|37|C
4|2|10|276|297|9999|C
4|2|10|276|452|9999|C
4|2|10|276|458|9999|C
4|2|10|276|642|9999|C
4|2|10|276|708|9999|C
4|2|10|276|972|9999|C
4|2|10|276|1032|9999|C
4|2|10|276|1132|9999|C
4|2|10|276|1153|9999|C
4|2|10|276|1231|9999|C
4|2|10|276|1248|9999|C
4|2|10|277|43|9999|C
4|2|10|277|118|9999|C
4|2|10|277|205|9999|C
4|2|10|277|512|1|C
4|2|10|277|512|2|C
4|2|10|277|512|3|C
4|2|10|277|512|4|C
4|2|10|277|512|5|C
4|2|10|277|512|6|C
4|2|10|277|512|7|C
4|2|10|277|512|8|C
4|2|10|277|512|9|C
4|2|10|277|512|11|C
4|2|10|277|512|12|C
4|2|10|277|512|13|C
4|2|10|277|512|14|C
4|2|10|277|512|15|C
4|2|10|277|512|16|C
4|2|10|277|512|17|C
4|2|10|277|512|18|C
4|2|10|277|512|19|C
4|2|10|277|512|20|C
4|2|10|277|512|21|C
4|2|10|277|512|22|C
4|2|10|277|512|23|C
4|2|10|277|512|24|C
4|2|10|277|512|25|C
4|2|10|277|512|26|C
4|2|10|277|512|27|C
4|2|10|277|512|28|C
4|2|10|277|512|29|C
4|2|10|277|512|30|C
4|2|10|277|512|31|C
4|2|10|277|512|32|C
4|2|10|277|512|33|C
4|2|10|277|512|34|C
4|2|10|277|512|35|C
4|2|10|277|512|36|C
4|2|10|277|512|37|C
4|2|10|277|512|38|C
4|2|10|277|512|39|C
4|2|10|277|512|40|C
4|2|10|277|512|41|C
4|2|10|277|512|42|C
4|2|10|277|512|43|C
4|2|10|277|512|44|C
4|2|10|277|512|45|C
4|2|10|277|512|46|C
4|2|10|277|512|47|*
4|2|10|277|512|48|*
4|2|10|277|512|49|C
4|2|10|277|512|51|*
4|2|10|277|512|52|*
4|2|10|277|512|53|C
4|2|10|277|512|55|C
4|2|10|277|512|56|C
4|2|10|277|512|57|*
4|2|10|277|512|58|C
4|2|10|277|512|59|*
4|2|10|277|512|60|C
4|2|10|277|512|61|C
4|2|10|277|512|63|C
4|2|10|277|512|64|C
4|2|10|277|512|65|C
4|2|10|277|512|66|C
4|2|10|277|512|67|C
4|2|10|277|512|68|*
4|2|10|277|512|69|C
4|2|10|277|512|70|C
4|2|10|277|512|71|C
4|2|10|277|512|72|C
4|2|10|277|512|73|C
4|2|10|277|512|74|C
4|2|10|277|512|75|C
4|2|10|277|512|76|C
4|2|10|277|512|77|C
4|2|10|277|512|78|*
4|2|10|277|512|79|C
4|2|10|277|512|80|C
4|2|10|277|512|81|C
4|2|10|277|512|82|C
4|2|10|277|512|9999|C
4|2|10|277|596|1|*
4|2|10|277|596|2|C
4|2|10|277|596|3|C
4|2|10|277|596|4|C
4|2|10|277|596|5|*
4|2|10|277|596|6|C
4|2|10|277|596|7|C
4|2|10|277|596|8|C
4|2|10|277|596|9|C
4|2|10|277|596|10|C
4|2|10|277|596|11|C
4|2|10|277|596|12|C
4|2|10|277|596|13|C
4|2|10|277|596|14|C
4|2|10|277|596|15|C
4|2|10|277|596|16|C
4|2|10|277|596|17|*
4|2|10|277|596|18|C
4|2|10|277|596|19|C
4|2|10|277|596|20|C
4|2|10|277|596|21|C
4|2|10|277|596|22|C
4|2|10|277|596|23|C
4|2|10|277|596|24|C
4|2|10|277|596|25|C
4|2|10|277|596|26|C
4|2|10|277|596|27|C
4|2|10|277|596|28|C
4|2|10|277|596|29|C
4|2|10|277|596|30|C
4|2|10|277|596|31|C
4|2|10|277|596|32|C
4|2|10|277|596|33|C
4|2|10|277|596|34|C
4|2|10|277|596|35|C
4|2|10|277|596|36|C
4|2|10|277|596|37|C
4|2|10|277|596|38|C
4|2|10|277|596|39|C
4|2|10|277|596|40|C
4|2|10|277|596|41|C
4|2|10|277|596|42|C
4|2|10|277|596|43|C
4|2|10|277|596|44|C
4|2|10|277|596|45|C
4|2|10|277|596|46|C
4|2|10|277|596|47|C
4|2|10|277|596|48|C
4|2|10|277|596|49|C
4|2|10|277|596|50|C
4|2|10|277|596|51|C
4|2|10|277|596|52|C
4|2|10|277|596|53|C
4|2|10|277|596|54|C
4|2|10|277|596|55|C
4|2|10|277|596|56|C
4|2|10|277|596|57|C
4|2|10|277|596|58|C
4|2|10|277|596|59|C
4|2|10|277|596|60|C
4|2|10|277|596|61|C
4|2|10|277|596|62|C
4|2|10|277|596|63|*
4|2|10|277|596|64|*
4|2|10|277|596|65|C
4|2|10|277|596|66|*
4|2|10|277|596|67|*
4|2|10|277|596|68|C
4|2|10|277|596|69|C
4|2|10|277|596|70|C
4|2|10|277|596|71|C
4|2|10|277|596|72|C
4|2|10|277|596|73|C
4|2|10|277|596|74|C
4|2|10|277|596|75|C
4|2|10|277|596|76|C
4|2|10|277|596|77|C
4|2|10|277|596|78|C
4|2|10|277|596|79|C
4|2|10|277|596|80|C
4|2|10|277|596|81|C
4|2|10|277|596|82|C
4|2|10|277|596|83|C
4|2|10|277|596|84|C
4|2|10|277|596|85|C
4|2|10|277|596|9999|C
4|2|10|277|694|9999|C
4|2|10|277|700|9999|C
4|2|10|277|938|9999|C
4|2|10|277|945|9999|C
4|2|10|277|1031|9999|C
4|2|10|277|1133|9999|C
4|2|10|277|1135|9999|C
4|2|10|277|1154|9999|C
4|2|10|277|1155|9999|C
4|2|10|277|1164|9999|C
4|2|10|277|1191|9999|C
4|2|10|277|1196|9999|C
4|2|10|277|1197|9999|C
4|2|10|277|1198|9999|C
4|2|10|277|1199|9999|C
4|2|10|277|1245|9999|C
4|2|10|277|1275|9999|C
4|2|10|277|1299|9999|C
4|2|10|277|1300|9999|C
4|2|10|277|1306|9999|C
4|2|10|277|1322|9999|C
4|2|10|277|1329|9999|C
4|2|10|279|2|1|C
4|2|10|279|2|2|C
4|2|10|279|2|3|C
4|2|10|279|2|4|C
4|2|10|279|2|5|C
4|2|10|279|2|6|C
4|2|10|279|2|7|C
4|2|10|279|2|8|C
4|2|10|279|2|9|C
4|2|10|279|2|10|C
4|2|10|279|2|11|C
4|2|10|279|2|12|C
4|2|10|279|2|13|C
4|2|10|279|2|14|C
4|2|10|279|2|15|C
4|2|10|279|2|16|C
4|2|10|279|2|17|C
4|2|10|279|2|18|C
4|2|10|279|2|19|C
4|2|10|279|2|20|C
4|2|10|279|2|21|C
4|2|10|279|2|22|C
4|2|10|279|2|23|C
4|2|10|279|2|26|C
4|2|10|279|2|27|C
4|2|10|279|2|28|C
4|2|10|279|2|29|C
4|2|10|279|2|30|C
4|2|10|279|2|32|C
4|2|10|279|2|33|C
4|2|10|279|2|34|C
4|2|10|279|2|35|C
4|2|10|279|2|36|C
4|2|10|279|2|37|C
4|2|10|279|2|38|C
4|2|10|279|2|39|C
4|2|10|279|2|40|C
4|2|10|279|2|45|C
4|2|10|279|2|47|*
4|2|10|279|2|48|C
4|2|10|279|2|49|C
4|2|10|279|2|50|C
4|2|10|279|2|51|C
4|2|10|279|2|52|C
4|2|10|279|2|53|C
4|2|10|279|2|54|C
4|2|10|279|2|59|C
4|2|10|279|2|60|C
4|2|10|279|2|63|C
4|2|10|279|2|64|C
4|2|10|279|2|65|C
4|2|10|279|2|66|C
4|2|10|279|2|72|C
4|2|10|279|2|74|C
4|2|10|279|2|75|C
4|2|10|279|2|76|C
4|2|10|279|2|77|C
4|2|10|279|2|79|C
4|2|10|279|2|81|C
4|2|10|279|2|84|C
4|2|10|279|2|85|C
4|2|10|279|2|86|C
4|2|10|279|2|87|C
4|2|10|279|2|88|C
4|2|10|279|2|89|C
4|2|10|279|2|90|C
4|2|10|279|2|91|*
4|2|10|279|2|92|*
4|2|10|279|2|93|*
4|2|10|279|2|94|*
4|2|10|279|2|95|*
4|2|10|279|2|96|*
4|2|10|279|2|97|*
4|2|10|279|2|98|C
4|2|10|279|2|99|*
4|2|10|279|2|101|C
4|2|10|280|2|1|C
4|2|10|280|2|11|C
4|2|10|280|2|12|C
4|2|10|280|2|13|C
4|2|10|280|2|21|C
4|2|10|280|2|22|C
4|2|10|280|2|23|C
4|2|10|280|2|24|C
4|2|10|280|2|25|C
4|2|10|280|2|26|C
4|2|10|280|2|33|C
4|2|10|280|2|34|C
4|2|10|280|2|35|C
4|2|10|280|2|37|C
4|2|10|280|2|38|C
4|2|10|280|2|39|C
4|2|10|280|2|40|C
4|2|10|280|2|41|C
4|2|10|280|2|44|C
4|2|10|280|2|45|C
4|2|10|280|2|46|C
4|2|10|280|2|47|C
4|2|10|280|2|48|C
4|2|10|280|2|52|C
4|2|10|280|2|53|C
4|2|10|280|2|54|C
4|2|10|280|2|55|C
4|2|10|280|2|56|C
4|2|10|280|2|57|C
4|2|10|280|2|58|C
4|2|10|280|2|59|C
4|2|10|280|2|60|C
4|2|10|280|2|63|C
4|2|10|280|2|64|C
4|2|10|280|2|65|C
4|2|10|280|2|67|C
4|2|10|280|2|68|C
4|2|10|280|2|69|C
4|2|10|280|2|70|C
4|2|10|280|2|71|C
4|2|10|280|2|72|C
4|2|10|280|2|73|C
4|2|10|280|2|74|C
4|2|10|280|2|75|C
4|2|10|280|2|76|C
4|2|10|280|2|78|C
4|2|10|280|2|79|C
4|2|10|280|2|80|C
4|2|10|280|2|81|C
4|2|10|280|2|82|C
4|2|10|280|2|83|C
4|2|10|280|2|84|C
4|2|10|280|2|85|C
4|2|10|280|2|86|C
4|2|10|280|2|87|C
4|2|10|280|2|88|C
4|2|10|280|2|89|C
4|2|10|280|2|90|C
4|2|10|280|2|92|C
4|2|10|280|2|93|C
4|2|10|280|2|94|C
4|2|10|280|2|95|C
4|2|10|280|2|96|C
4|2|10|280|2|97|C
4|2|10|280|2|98|C
4|2|10|280|2|99|C
4|2|10|280|2|101|C
4|2|10|280|2|102|C
4|2|10|280|2|103|C
4|2|10|280|2|104|C
4|2|10|280|2|105|C
4|2|10|280|2|106|C
4|2|10|280|2|107|C
4|2|10|280|2|108|C
4|2|10|280|2|109|C
4|2|10|280|2|111|C
4|2|10|280|2|112|C
4|2|10|280|2|113|C
4|2|10|280|2|114|C
4|2|10|280|2|115|C
4|2|10|280|2|116|C
4|2|10|280|2|117|C
4|2|10|280|2|118|C
4|2|10|280|2|119|C
4|2|10|280|2|120|C
4|2|10|280|2|121|C
4|2|10|280|2|122|C
4|2|10|280|2|123|C
4|2|10|280|2|124|C
4|2|10|280|2|125|C
4|2|10|280|2|126|C
4|2|10|280|2|127|C
4|2|10|280|2|128|C
4|2|10|280|2|129|C
4|2|10|280|2|130|C
4|2|10|281|2|2|C
4|2|10|281|2|3|C
4|2|10|281|2|4|*
4|2|10|281|2|5|C
4|2|10|281|2|6|C
4|2|10|281|2|7|C
4|2|10|281|2|8|C
4|2|10|281|2|9|C
4|2|10|281|2|10|C
4|2|10|281|2|11|C
4|2|10|281|2|12|C
4|2|10|281|2|13|C
4|2|10|281|2|14|C
4|2|10|281|2|15|C
4|2|10|281|2|16|C
4|2|10|281|2|17|C
4|2|10|281|2|21|C
4|2|10|281|2|22|C
4|2|10|281|2|28|C
4|2|10|281|2|29|C
4|2|10|281|2|30|C
4|2|10|281|2|31|C
4|2|10|281|2|32|C
4|2|10|281|2|33|C
4|2|10|281|2|35|C
4|2|10|281|2|36|C
4|2|10|281|2|37|C
4|2|10|281|2|38|C
4|2|10|281|2|39|C
4|2|10|281|2|40|C
4|2|10|281|2|41|C
4|2|10|281|2|42|C
4|2|10|281|2|51|C
4|2|10|281|2|52|C
4|2|10|281|2|53|C
4|2|10|281|2|54|C
4|2|10|281|2|55|C
4|2|10|281|2|56|C
4|2|10|281|2|57|C
4|2|10|281|2|58|C
4|2|10|281|2|59|C
4|2|10|281|2|60|C
4|2|10|281|2|62|C
4|2|10|281|2|63|C
4|2|10|281|2|65|C
4|2|10|281|2|66|C
4|2|10|281|2|67|C
4|2|10|281|2|68|C
4|2|10|281|2|69|C
4|2|10|281|2|70|C
4|2|10|281|2|71|C
4|2|10|281|2|74|C
4|2|10|281|2|75|C
4|2|10|281|2|76|C
4|2|10|281|2|77|C
4|2|10|281|2|78|C
4|2|10|281|2|79|C
4|2|10|281|2|80|C
4|2|10|281|2|81|C
4|2|10|281|2|82|C
4|2|10|281|2|84|C
4|2|10|281|2|85|C
4|2|10|281|2|86|C
4|2|10|281|2|87|C
4|2|10|281|2|88|C
4|2|10|281|2|89|C
4|2|10|281|2|90|C
4|2|10|281|2|91|C
4|2|10|281|2|92|C
4|2|10|281|2|93|C
4|2|10|281|2|94|C
4|2|10|281|2|95|C
4|2|10|281|2|96|C
4|2|10|281|31|9999|C
4|2|10|281|78|9999|C
4|2|10|281|122|9999|C
4|2|10|281|130|9999|C
4|2|10|281|146|9999|C
4|2|10|281|164|9999|C
4|2|10|281|260|9999|C
4|2|10|281|307|9999|C
4|2|10|281|323|9999|C
4|2|10|281|329|9999|C
4|2|10|281|412|9999|C
4|2|10|281|460|9999|C
4|2|10|281|465|9999|C
4|2|10|281|496|9999|*
4|2|10|281|546|9999|C
4|2|10|281|566|9999|C
4|2|10|281|571|9999|C
4|2|10|281|582|9999|C
4|2|10|281|620|9999|C
4|2|10|281|640|9999|C
4|2|10|281|657|9999|C
4|2|10|281|672|9999|C
4|2|10|281|710|9999|C
4|2|10|281|716|9999|C
4|2|10|281|736|9999|C
4|2|10|281|758|9999|C
4|2|10|281|801|9999|C
4|2|10|281|811|9999|C
4|2|10|281|818|9999|C
4|2|10|281|819|9999|C
4|2|10|281|832|9999|C
4|2|10|281|901|9999|C
4|2|10|281|904|9999|C
4|2|10|281|924|9999|C
4|2|10|281|943|9999|C
4|2|10|281|971|9999|C
4|2|10|281|994|9999|C
4|2|10|281|995|9999|C
4|2|10|281|996|9999|C
4|2|10|281|998|9999|C
4|2|10|281|999|9999|C
4|2|10|281|1000|9999|C
4|2|10|281|1001|9999|C
4|2|10|281|1002|9999|C
4|2|10|281|1003|9999|C
4|2|10|281|1005|9999|C
4|2|10|281|1006|9999|C
4|2|10|281|1007|9999|C
4|2|10|281|1010|9999|C
4|2|10|281|1020|9999|C
4|2|10|281|1021|9999|C
4|2|10|281|1022|9999|C
4|2|10|281|1023|9999|C
4|2|10|281|1091|9999|C
4|2|10|281|1131|9999|C
4|2|10|281|1137|9999|C
4|2|10|281|1141|9999|C
4|2|10|281|1142|9999|C
4|2|10|281|1143|9999|C
4|2|10|281|1277|9999|C
4|2|10|281|1302|9999|C
4|2|10|282|2|1|C
4|2|10|282|2|3|C
4|2|10|282|2|7|C
4|2|10|282|2|14|C
4|2|10|282|2|16|C
4|2|10|282|2|18|C
4|2|10|282|2|19|C
4|2|10|282|2|20|C
4|2|10|282|2|28|C
4|2|10|282|2|29|C
4|2|10|282|2|30|C
4|2|10|282|2|31|C
4|2|10|282|2|32|C
4|2|10|282|2|41|C
4|2|10|282|2|42|C
4|2|10|282|2|43|C
4|2|10|282|2|44|C
4|2|10|282|2|49|C
4|2|10|282|2|50|C
4|2|10|282|2|55|C
4|2|10|282|2|56|C
4|2|10|282|2|57|C
4|2|10|282|2|58|C
4|2|10|282|2|61|C
4|2|10|282|2|62|C
4|2|10|282|2|64|C
4|2|10|282|2|68|C
4|2|10|282|2|69|C
4|2|10|283|2|1|C
4|2|10|283|2|2|C
4|2|10|283|2|3|C
4|2|10|283|2|4|C
4|2|10|283|2|5|C
4|2|10|283|2|6|C
4|2|10|283|2|7|C
4|2|10|283|2|8|C
4|2|10|283|2|9|C
4|2|10|283|2|10|C
4|2|10|283|2|11|C
4|2|10|283|2|12|C
4|2|10|283|2|13|C
4|2|10|283|2|14|C
4|2|10|283|2|15|C
4|2|10|283|2|16|C
4|2|10|283|2|17|C
4|2|10|283|2|18|C
4|2|10|283|2|19|C
4|2|10|283|2|20|C
4|2|10|283|2|21|C
4|2|10|283|2|22|C
4|2|10|283|2|23|C
4|2|10|283|2|24|C
4|2|10|283|2|25|C
4|2|10|283|2|26|C
4|2|10|283|2|27|C
4|2|10|283|2|28|C
4|2|10|283|2|29|C
4|2|10|283|2|30|C
4|2|10|283|2|31|C
4|2|10|283|2|32|C
4|2|10|283|2|35|C
4|2|10|283|2|36|C
4|2|10|283|2|37|C
4|2|10|283|2|38|C
4|2|10|283|2|39|C
4|2|10|283|2|40|C
4|2|10|283|2|41|C
4|2|10|283|2|42|C
4|2|10|283|2|43|C
4|2|10|283|2|44|C
4|2|10|283|2|45|C
4|2|10|283|2|46|C
4|2|10|283|2|47|C
4|2|10|283|2|48|C
4|2|10|283|2|49|C
4|2|10|283|2|50|C
4|2|10|283|2|53|C
4|2|10|283|2|54|C
4|2|10|283|2|55|*
4|2|10|285|86|9999|C
4|2|10|285|129|9999|C
4|2|10|285|158|5|C
4|2|10|285|158|8|C
4|2|10|285|158|9|C
4|2|10|285|158|10|C
4|2|10|285|158|11|C
4|2|10|285|158|13|C
4|2|10|285|158|14|C
4|2|10|285|158|15|C
4|2|10|285|158|16|C
4|2|10|285|158|17|C
4|2|10|285|158|18|C
4|2|10|285|158|19|C
4|2|10|285|158|20|C
4|2|10|285|158|21|C
4|2|10|285|158|22|C
4|2|10|285|158|23|C
4|2|10|285|158|24|C
4|2|10|285|158|25|C
4|2|10|285|158|26|C
4|2|10|285|158|27|C
4|2|10|285|158|28|C
4|2|10|285|158|29|C
4|2|10|285|158|30|C
4|2|10|285|158|31|C
4|2|10|285|158|32|C
4|2|10|285|158|33|C
4|2|10|285|158|34|C
4|2|10|285|158|35|C
4|2|10|285|158|36|C
4|2|10|285|158|37|C
4|2|10|285|158|38|C
4|2|10|285|158|39|C
4|2|10|285|158|40|C
4|2|10|285|158|41|C
4|2|10|285|158|42|C
4|2|10|285|158|43|C
4|2|10|285|158|44|C
4|2|10|285|158|45|C
4|2|10|285|158|46|C
4|2|10|285|158|47|C
4|2|10|285|158|48|C
4|2|10|285|158|54|C
4|2|10|285|158|55|C
4|2|10|285|158|56|C
4|2|10|285|158|57|C
4|2|10|285|158|58|C
4|2|10|285|158|59|C
4|2|10|285|158|61|C
4|2|10|285|158|9999|C
4|2|10|285|184|9999|C
4|2|10|285|217|2|C
4|2|10|285|217|4|C
4|2|10|285|217|5|C
4|2|10|285|217|6|C
4|2|10|285|217|7|C
4|2|10|285|217|8|C
4|2|10|285|217|9|C
4|2|10|285|217|12|C
4|2|10|285|217|13|C
4|2|10|285|217|14|C
4|2|10|285|217|15|C
4|2|10|285|217|16|C
4|2|10|285|217|17|C
4|2|10|285|217|18|C
4|2|10|285|217|19|C
4|2|10|285|217|22|C
4|2|10|285|217|23|C
4|2|10|285|217|24|C
4|2|10|285|217|25|C
4|2|10|285|217|26|C
4|2|10|285|217|27|C
4|2|10|285|217|28|C
4|2|10|285|217|29|C
4|2|10|285|217|31|C
4|2|10|285|217|32|C
4|2|10|285|217|33|C
4|2|10|285|217|34|C
4|2|10|285|217|35|C
4|2|10|285|217|36|C
4|2|10|285|217|37|C
4|2|10|285|217|38|C
4|2|10|285|217|39|C
4|2|10|285|217|40|C
4|2|10|285|217|41|C
4|2|10|285|217|42|C
4|2|10|285|217|9999|C
4|2|10|285|240|9999|C
4|2|10|285|457|9999|C
4|2|10|285|487|9999|C
4|2|10|285|591|9999|C
4|2|10|285|595|9999|C
4|2|10|285|735|9999|C
4|2|10|285|883|9999|C
4|2|10|285|936|9999|C
4|2|10|285|1061|9999|C
4|2|10|285|1144|9999|C
4|2|10|285|1145|9999|C
4|2|10|285|1146|9999|C
4|2|10|285|1242|9999|C
4|2|10|286|107|9999|C
4|2|10|286|293|9999|C
4|2|10|286|413|9999|C
4|2|10|286|437|9999|C
4|2|10|286|438|9999|C
4|2|10|286|439|9999|C
4|2|10|286|444|9999|C
4|2|10|286|530|9999|C
4|2|10|286|557|1|C
4|2|10|286|557|2|C
4|2|10|286|557|3|C
4|2|10|286|557|4|C
4|2|10|286|557|5|C
4|2|10|286|557|6|C
4|2|10|286|557|7|C
4|2|10|286|557|8|C
4|2|10|286|557|9|C
4|2|10|286|557|10|C
4|2|10|286|557|12|C
4|2|10|286|557|13|C
4|2|10|286|557|14|C
4|2|10|286|557|15|C
4|2|10|286|557|16|C
4|2|10|286|557|9999|C
4|2|10|286|666|9999|C
4|2|10|286|690|9999|C
4|2|10|286|933|9999|C
4|2|10|286|941|9999|C
4|2|10|286|1060|9999|C
4|2|10|286|1158|9999|C
4|2|10|286|1269|9999|C
4|2|10|287|27|9999|C
4|2|10|287|221|9999|C
4|2|10|287|273|9999|C
4|2|10|287|290|9999|C
4|2|10|287|301|9999|C
4|2|10|287|339|9999|C
4|2|10|287|387|9999|C
4|2|10|287|388|9999|C
4|2|10|287|389|9999|C
4|2|10|287|461|9999|C
4|2|10|287|509|9999|C
4|2|10|287|564|9999|C
4|2|10|287|585|2|C
4|2|10|287|585|3|C
4|2|10|287|585|4|C
4|2|10|287|585|6|C
4|2|10|287|585|7|C
4|2|10|287|585|8|C
4|2|10|287|585|9|C
4|2|10|287|585|10|C
4|2|10|287|585|11|C
4|2|10|287|585|12|C
4|2|10|287|585|13|C
4|2|10|287|585|14|C
4|2|10|287|585|15|C
4|2|10|287|585|16|C
4|2|10|287|585|17|C
4|2|10|287|585|18|C
4|2|10|287|585|19|C
4|2|10|287|585|20|C
4|2|10|287|585|21|C
4|2|10|287|585|22|C
4|2|10|287|585|23|C
4|2|10|287|585|24|C
4|2|10|287|585|25|C
4|2|10|287|585|26|C
4|2|10|287|585|27|C
4|2|10|287|585|28|C
4|2|10|287|585|29|C
4|2|10|287|585|30|*
4|2|10|287|585|31|C
4|2|10|287|585|33|C
4|2|10|287|585|34|C
4|2|10|287|585|35|C
4|2|10|287|585|36|C
4|2|10|287|585|38|C
4|2|10|287|585|39|C
4|2|10|287|585|9999|C
4|2|10|287|611|9999|C
4|2|10|287|632|9999|C
4|2|10|287|675|9999|C
4|2|10|287|803|9999|C
4|2|10|287|868|9999|C
4|2|10|287|902|9999|C
4|2|10|287|905|9999|C
4|2|10|287|906|9999|C
4|2|10|287|1104|9999|C
4|2|10|287|1251|9999|C
4|2|10|288|554|9|C
4|2|10|288|554|10|C
4|2|10|288|554|11|C
4|2|10|288|554|12|C
4|2|10|288|554|13|C
4|2|10|288|554|14|C
4|2|10|288|554|15|C
4|2|10|288|554|16|C
4|2|10|288|554|17|C
4|2|10|288|554|18|C
4|2|10|288|554|19|C
4|2|10|288|554|20|C
4|2|10|288|554|21|C
4|2|10|288|554|22|C
4|2|10|288|554|23|C
4|2|10|288|554|24|C
4|2|10|288|554|25|C
4|2|10|288|554|26|C
4|2|10|288|554|27|C
4|2|10|288|554|28|C
4|2|10|288|554|29|C
4|2|10|288|554|30|C
4|2|10|288|554|31|C
4|2|10|288|554|32|C
4|2|10|288|554|33|C
4|2|10|288|554|34|C
4|2|10|288|554|35|C
4|2|10|288|554|36|C
4|2|10|288|554|37|C
4|2|10|288|554|38|*
4|2|10|288|554|39|C
4|2|10|288|554|40|C
4|2|10|288|554|41|C
4|2|10|288|554|42|C
4|2|10|288|554|43|C
4|2|10|288|554|44|C
4|2|10|288|554|45|C
4|2|10|288|554|46|C
4|2|10|288|554|47|C
4|2|10|288|554|48|C
4|2|10|288|554|49|C
4|2|10|288|554|50|C
4|2|10|288|554|51|C
4|2|10|288|554|52|C
4|2|10|288|554|53|C
4|2|10|288|554|54|C
4|2|10|288|554|55|C
4|2|10|288|554|56|C
4|2|10|288|554|57|C
4|2|10|288|554|58|C
4|2|10|288|554|59|C
4|2|10|288|554|9999|C
4|2|10|289|466|9999|C
4|2|10|289|520|1|C
4|2|10|289|520|2|C
4|2|10|289|520|3|C
4|2|10|289|520|4|C
4|2|10|289|520|5|C
4|2|10|289|520|6|C
4|2|10|289|520|7|C
4|2|10|289|520|8|C
4|2|10|289|520|9|C
4|2|10|289|520|10|C
4|2|10|289|520|11|C
4|2|10|289|520|12|C
4|2|10|289|520|13|C
4|2|10|289|520|14|C
4|2|10|289|520|15|*
4|2|10|289|520|16|C
4|2|10|289|520|17|C
4|2|10|289|520|18|C
4|2|10|289|520|19|C
4|2|10|289|520|20|C
4|2|10|289|520|21|C
4|2|10|289|520|22|C
4|2|10|289|520|23|C
4|2|10|289|520|24|C
4|2|10|289|520|25|C
4|2|10|289|520|26|C
4|2|10|289|520|27|*
4|2|10|289|520|28|C
4|2|10|289|520|29|C
4|2|10|289|520|30|C
4|2|10|289|520|31|C
4|2|10|289|520|32|C
4|2|10|289|520|33|C
4|2|10|289|520|34|C
4|2|10|289|520|35|C
4|2|10|289|520|36|C
4|2|10|289|520|37|C
4|2|10|289|520|38|C
4|2|10|289|520|43|C
4|2|10|289|520|44|C
4|2|10|289|520|45|C
4|2|10|289|520|46|C
4|2|10|289|520|47|C
4|2|10|289|520|48|C
4|2|10|289|520|49|C
4|2|10|289|520|51|C
4|2|10|289|520|52|C
4|2|10|289|520|53|C
4|2|10|289|520|54|C
4|2|10|289|520|55|C
4|2|10|289|520|9999|C
4|2|10|289|851|9999|*
4|2|10|289|935|9999|C
4|2|10|289|1157|9999|C
4|2|10|289|1176|9999|C
4|2|10|289|1178|9999|C
4|2|10|289|1179|9999|C
4|2|10|289|1181|9999|C
4|2|10|289|1316|9999|C
4|2|10|289|1325|9999|C
4|2|10|290|266|9999|C
4|2|10|290|454|9999|C
4|2|10|291|6|9999|C
4|2|10|291|19|9999|C
4|2|10|291|21|9999|C
4|2|10|291|33|9999|C
4|2|10|291|45|9999|C
4|2|10|291|74|9999|C
4|2|10|291|100|9999|C
4|2|10|291|149|9999|C
4|2|10|291|186|9999|C
4|2|10|291|190|9999|C
4|2|10|291|224|9999|C
4|2|10|291|229|9999|C
4|2|10|291|235|9999|C
4|2|10|291|252|9999|C
4|2|10|291|256|9999|C
4|2|10|291|280|9999|C
4|2|10|291|304|9999|C
4|2|10|291|311|9999|C
4|2|10|291|315|9999|C
4|2|10|291|416|9999|C
4|2|10|291|449|9999|C
4|2|10|291|490|9999|C
4|2|10|291|491|9999|C
4|2|10|291|495|9999|C
4|2|10|291|506|9999|C
4|2|10|291|519|9999|C
4|2|10|291|525|9999|C
4|2|10|291|528|1|C
4|2|10|291|528|2|C
4|2|10|291|528|3|C
4|2|10|291|528|4|C
4|2|10|291|528|5|C
4|2|10|291|528|6|C
4|2|10|291|528|7|C
4|2|10|291|528|8|C
4|2|10|291|528|9|C
4|2|10|291|528|10|C
4|2|10|291|528|11|C
4|2|10|291|528|12|C
4|2|10|291|528|13|C
4|2|10|291|528|14|C
4|2|10|291|528|15|C
4|2|10|291|528|16|C
4|2|10|291|528|17|C
4|2|10|291|528|18|C
4|2|10|291|528|19|C
4|2|10|291|528|20|C
4|2|10|291|528|21|C
4|2|10|291|528|22|C
4|2|10|291|528|23|C
4|2|10|291|528|24|C
4|2|10|291|528|25|C
4|2|10|291|528|26|C
4|2|10|291|528|28|C
4|2|10|291|528|29|C
4|2|10|291|528|30|C
4|2|10|291|528|31|C
4|2|10|291|528|32|C
4|2|10|291|528|33|C
4|2|10|291|528|34|C
4|2|10|291|528|35|C
4|2|10|291|528|36|C
4|2|10|291|528|37|C
4|2|10|291|528|38|C
4|2|10|291|528|39|C
4|2|10|291|528|40|C
4|2|10|291|528|41|C
4|2|10|291|528|42|C
4|2|10|291|528|43|C
4|2|10|291|528|44|C
4|2|10|291|528|45|C
4|2|10|291|528|46|C
4|2|10|291|528|47|C
4|2|10|291|528|48|C
4|2|10|291|528|49|C
4|2|10|291|528|50|C
4|2|10|291|528|51|C
4|2|10|291|528|52|C
4|2|10|291|528|53|C
4|2|10|291|528|54|C
4|2|10|291|528|55|C
4|2|10|291|528|56|C
4|2|10|291|528|57|C
4|2|10|291|528|58|C
4|2|10|291|528|59|C
4|2|10|291|528|60|C
4|2|10|291|528|63|C
4|2|10|291|528|64|C
4|2|10|291|528|66|C
4|2|10|291|528|68|*
4|2|10|291|528|69|C
4|2|10|291|528|70|C
4|2|10|291|528|71|C
4|2|10|291|528|72|C
4|2|10|291|528|73|C
4|2|10|291|528|74|C
4|2|10|291|528|75|C
4|2|10|291|528|76|C
4|2|10|291|528|77|C
4|2|10|291|528|78|C
4|2|10|291|528|79|C
4|2|10|291|528|80|C
4|2|10|291|528|81|*
4|2|10|291|528|82|C
4|2|10|291|528|9999|C
4|2|10|291|535|9999|C
4|2|10|291|644|9999|C
4|2|10|291|698|9999|C
4|2|10|291|711|9999|C
4|2|10|291|714|9999|C
4|2|10|291|715|9999|C
4|2|10|291|753|9999|C
4|2|10|291|775|9999|C
4|2|10|291|797|9999|C
4|2|10|291|802|9999|C
4|2|10|291|817|9999|C
4|2|10|291|834|9999|C
4|2|10|291|892|9999|C
4|2|10|291|916|9999|C
4|2|10|291|918|9999|C
4|2|10|291|921|9999|C
4|2|10|291|946|9999|C
4|2|10|291|949|9999|C
4|2|10|291|955|9999|C
4|2|10|291|1052|9999|C
4|2|10|291|1053|9999|C
4|2|10|291|1054|9999|C
4|2|10|291|1055|9999|C
4|2|10|291|1056|9999|C
4|2|10|291|1057|9999|C
4|2|10|291|1058|9999|C
4|2|10|291|1059|9999|C
4|2|10|291|1092|9999|C
4|2|10|291|1105|9999|C
4|2|10|291|1106|9999|C
4|2|10|291|1107|9999|C
4|2|10|291|1108|9999|C
4|2|10|291|1187|9999|C
4|2|10|291|1243|9999|C
4|2|10|291|1268|9999|C
4|2|10|291|1278|9999|C
4|2|10|291|1279|9999|C
4|2|10|291|1280|9999|C
4|2|10|291|1286|9999|C
4|2|10|291|1296|9999|C
4|2|10|291|1310|9999|C
4|2|10|291|1312|9999|C
4|2|10|291|1321|9999|C
4|2|10|292|111|9999|C
4|2|10|292|179|1|C
4|2|10|292|179|2|*
4|2|10|292|179|3|C
4|2|10|292|179|4|C
4|2|10|292|179|5|C
4|2|10|292|179|8|C
4|2|10|292|179|9|C
4|2|10|292|179|10|C
4|2|10|292|179|11|C
4|2|10|292|179|12|*
4|2|10|292|179|13|*
4|2|10|292|179|14|C
4|2|10|292|179|15|C
4|2|10|292|179|16|C
4|2|10|292|179|17|C
4|2|10|292|179|20|C
4|2|10|292|179|21|C
4|2|10|292|179|22|C
4|2|10|292|179|23|C
4|2|10|292|179|24|*
4|2|10|292|179|25|*
4|2|10|292|179|26|C
4|2|10|292|179|27|C
4|2|10|292|179|28|C
4|2|10|292|179|29|C
4|2|10|292|179|32|C
4|2|10|292|179|33|C
4|2|10|292|179|34|C
4|2|10|292|179|35|C
4|2|10|292|179|36|*
4|2|10|292|179|39|C
4|2|10|292|179|40|C
4|2|10|292|179|41|C
4|2|10|292|179|9999|C
4|2|10|292|212|9999|C
4|2|10|292|220|9999|C
4|2|10|292|244|9999|C
4|2|10|292|271|9999|C
4|2|10|292|303|9999|C
4|2|10|292|390|9999|C
4|2|10|292|446|9999|C
4|2|10|292|463|9999|C
4|2|10|292|476|1|C
4|2|10|292|476|2|C
4|2|10|292|476|3|C
4|2|10|292|476|5|C
4|2|10|292|476|6|C
4|2|10|292|476|7|C
4|2|10|292|476|8|C
4|2|10|292|476|9|C
4|2|10|292|476|10|C
4|2|10|292|476|11|C
4|2|10|292|476|12|C
4|2|10|292|476|13|C
4|2|10|292|476|14|C
4|2|10|292|476|15|C
4|2|10|292|476|16|C
4|2|10|292|476|17|C
4|2|10|292|476|18|C
4|2|10|292|476|19|C
4|2|10|292|476|20|C
4|2|10|292|476|21|C
4|2|10|292|476|22|C
4|2|10|292|476|23|C
4|2|10|292|476|25|C
4|2|10|292|476|26|C
4|2|10|292|476|27|C
4|2|10|292|476|28|C
4|2|10|292|476|29|C
4|2|10|292|476|32|C
4|2|10|292|476|33|C
4|2|10|292|476|34|*
4|2|10|292|476|36|C
4|2|10|292|476|37|C
4|2|10|292|476|38|C
4|2|10|292|476|39|*
4|2|10|292|476|40|C
4|2|10|292|476|41|C
4|2|10|292|476|9999|C
4|2|10|292|494|9999|C
4|2|10|292|500|9999|C
4|2|10|292|522|9999|C
4|2|10|292|534|9999|C
4|2|10|292|586|9999|C
4|2|10|292|593|9999|C
4|2|10|292|597|9999|C
4|2|10|292|599|9999|C
4|2|10|292|609|9999|C
4|2|10|292|779|9999|C
4|2|10|292|798|9999|C
4|2|10|292|815|9999|C
4|2|10|292|840|9999|C
4|2|10|292|867|9999|C
4|2|10|292|895|9999|C
4|2|10|292|915|9999|C
4|2|10|292|923|9999|C
4|2|10|292|1033|9999|C
4|2|10|292|1034|9999|C
4|2|10|292|1035|9999|C
4|2|10|292|1036|9999|C
4|2|10|292|1037|9999|C
4|2|10|292|1038|9999|C
4|2|10|292|1039|9999|C
4|2|10|292|1040|9999|C
4|2|10|292|1041|9999|C
4|2|10|292|1042|9999|C
4|2|10|292|1043|9999|C
4|2|10|292|1044|9999|C
4|2|10|292|1045|9999|C
4|2|10|292|1046|9999|C
4|2|10|292|1047|9999|C
4|2|10|292|1048|9999|C
4|2|10|292|1049|9999|C
4|2|10|292|1050|9999|C
4|2|10|292|1051|9999|C
4|2|10|292|1109|9999|C
4|2|10|292|1110|9999|C
4|2|10|292|1271|9999|C
4|2|10|292|1276|9999|C
4|2|10|292|1327|9999|C
4|2|10|292|1331|9999|C
4|2|10|293|25|9999|C
4|2|10|293|173|9999|C
4|2|10|293|255|9999|*
4|2|10|293|275|1|C
4|2|10|293|275|2|C
4|2|10|293|275|3|C
4|2|10|293|275|4|C
4|2|10|293|275|5|C
4|2|10|293|275|6|C
4|2|10|293|275|7|C
4|2|10|293|275|8|C
4|2|10|293|275|9|C
4|2|10|293|275|10|C
4|2|10|293|275|11|C
4|2|10|293|275|12|C
4|2|10|293|275|13|C
4|2|10|293|275|14|C
4|2|10|293|275|15|C
4|2|10|293|275|16|C
4|2|10|293|275|17|C
4|2|10|293|275|18|C
4|2|10|293|275|19|C
4|2|10|293|275|20|C
4|2|10|293|275|21|C
4|2|10|293|275|22|C
4|2|10|293|275|23|C
4|2|10|293|275|24|C
4|2|10|293|275|25|C
4|2|10|293|275|26|*
4|2|10|293|275|27|C
4|2|10|293|275|28|C
4|2|10|293|275|29|C
4|2|10|293|275|30|C
4|2|10|293|275|31|C
4|2|10|293|275|32|C
4|2|10|293|275|33|C
4|2|10|293|275|34|C
4|2|10|293|275|35|C
4|2|10|293|275|36|C
4|2|10|293|275|37|*
4|2|10|293|275|38|C
4|2|10|293|275|39|C
4|2|10|293|275|40|C
4|2|10|293|275|9999|C
4|2|10|293|409|9999|C
4|2|10|293|411|9999|C
4|2|10|293|479|1|C
4|2|10|293|479|2|C
4|2|10|293|479|3|C
4|2|10|293|479|4|C
4|2|10|293|479|5|C
4|2|10|293|479|6|C
4|2|10|293|479|7|C
4|2|10|293|479|8|C
4|2|10|293|479|9|C
4|2|10|293|479|10|C
4|2|10|293|479|11|C
4|2|10|293|479|12|C
4|2|10|293|479|13|C
4|2|10|293|479|14|C
4|2|10|293|479|15|C
4|2|10|293|479|16|C
4|2|10|293|479|17|C
4|2|10|293|479|18|C
4|2|10|293|479|19|C
4|2|10|293|479|20|C
4|2|10|293|479|21|C
4|2|10|293|479|22|C
4|2|10|293|479|23|C
4|2|10|293|479|24|C
4|2|10|293|479|25|C
4|2|10|293|479|26|C
4|2|10|293|479|27|C
4|2|10|293|479|28|C
4|2|10|293|479|29|C
4|2|10|293|479|30|C
4|2|10|293|479|31|C
4|2|10|293|479|32|C
4|2|10|293|479|33|C
4|2|10|293|479|34|C
4|2|10|293|479|35|C
4|2|10|293|479|36|C
4|2|10|293|479|9999|C
4|2|10|293|561|1|C
4|2|10|293|561|2|C
4|2|10|293|561|3|C
4|2|10|293|561|4|C
4|2|10|293|561|5|C
4|2|10|293|561|6|*
4|2|10|293|561|7|C
4|2|10|293|561|8|C
4|2|10|293|561|10|C
4|2|10|293|561|11|C
4|2|10|293|561|12|C
4|2|10|293|561|13|C
4|2|10|293|561|14|C
4|2|10|293|561|9999|C
4|2|10|293|594|1|C
4|2|10|293|594|2|C
4|2|10|293|594|3|C
4|2|10|293|594|4|C
4|2|10|293|594|5|C
4|2|10|293|594|6|C
4|2|10|293|594|7|C
4|2|10|293|594|8|C
4|2|10|293|594|9|C
4|2|10|293|594|10|C
4|2|10|293|594|11|C
4|2|10|293|594|12|C
4|2|10|293|594|13|C
4|2|10|293|594|14|C
4|2|10|293|594|15|C
4|2|10|293|594|17|*
4|2|10|293|594|18|C
4|2|10|293|594|19|C
4|2|10|293|594|20|C
4|2|10|293|594|21|C
4|2|10|293|594|22|C
4|2|10|293|594|23|C
4|2|10|293|594|24|*
4|2|10|293|594|25|C
4|2|10|293|594|26|C
4|2|10|293|594|27|C
4|2|10|293|594|28|C
4|2|10|293|594|29|C
4|2|10|293|594|30|C
4|2|10|293|594|31|C
4|2|10|293|594|32|C
4|2|10|293|594|33|C
4|2|10|293|594|34|C
4|2|10|293|594|35|C
4|2|10|293|594|36|C
4|2|10|293|594|37|C
4|2|10|293|594|38|C
4|2|10|293|594|39|C
4|2|10|293|594|40|*
4|2|10|293|594|41|C
4|2|10|293|594|42|C
4|2|10|293|594|9999|C
4|2|10|293|1014|9999|C
4|2|10|293|1111|9999|C
4|2|10|293|1112|9999|C
4|2|10|293|1113|9999|C
4|2|10|293|1274|9999|C
4|2|10|293|1297|9999|C
4|2|10|293|1303|9999|C
4|2|10|293|1307|9999|C
4|2|10|293|1330|9999|C
4|2|10|294|145|9999|C
4|2|10|294|268|9999|C
4|2|10|294|338|9999|C
4|2|10|294|789|9999|C
4|2|10|294|928|9999|C
4|2|10|294|934|9999|C
4|2|10|294|1011|9999|C
4|2|10|294|1314|9999|C
4|2|10|295|249|1|C
4|2|10|295|249|2|C
4|2|10|295|249|3|C
4|2|10|295|249|4|C
4|2|10|295|249|5|C
4|2|10|295|249|7|C
4|2|10|295|249|8|C
4|2|10|295|249|9|C
4|2|10|295|249|10|C
4|2|10|295|249|11|C
4|2|10|295|249|12|C
4|2|10|295|249|13|C
4|2|10|295|249|14|C
4|2|10|295|249|16|*
4|2|10|295|249|17|C
4|2|10|295|249|18|C
4|2|10|295|249|19|C
4|2|10|295|249|21|C
4|2|10|295|249|22|C
4|2|10|295|249|23|C
4|2|10|295|249|25|C
4|2|10|295|249|26|*
4|2|10|295|249|27|C
4|2|10|295|249|28|C
4|2|10|295|249|29|C
4|2|10|295|249|30|C
4|2|10|295|249|34|C
4|2|10|295|249|35|C
4|2|10|295|249|36|C
4|2|10|295|249|37|C
4|2|10|295|249|39|C
4|2|10|295|249|40|C
4|2|10|295|249|41|C
4|2|10|295|249|42|C
4|2|10|295|249|9999|C
4|2|10|295|502|9999|*
4|2|10|295|581|9999|*
4|2|10|295|749|9999|C
4|2|10|295|893|9999|C
4|2|10|295|1017|9999|C
4|2|10|295|1019|9999|C
4|2|10|295|1183|9999|C
4|2|10|295|1257|1|C
4|2|10|295|1257|2|C
4|2|10|295|1257|3|C
4|2|10|295|1257|4|C
4|2|10|295|1257|5|C
4|2|10|295|1257|6|C
4|2|10|295|1257|7|C
4|2|10|295|1257|8|C
4|2|10|295|1257|9|C
4|2|10|295|1257|10|C
4|2|10|295|1257|11|*
4|2|10|295|1257|12|C
4|2|10|295|1257|13|C
4|2|10|295|1257|14|C
4|2|10|295|1257|15|C
4|2|10|295|1257|16|C
4|2|10|295|1257|17|C
4|2|10|295|1257|18|C
4|2|10|295|1257|19|C
4|2|10|295|1257|20|C
4|2|10|295|1257|21|C
4|2|10|295|1257|22|*
4|2|10|295|1257|23|C
4|2|10|295|1257|24|C
4|2|10|295|1257|25|C
4|2|10|295|1257|26|C
4|2|10|295|1257|27|C
4|2|10|295|1257|28|C
4|2|10|295|1257|29|C
4|2|10|295|1257|30|C
4|2|10|295|1257|31|C
4|2|10|295|1257|32|C
4|2|10|295|1257|33|C
4|2|10|295|1257|34|C
4|2|10|295|1257|35|C
4|2|10|295|1257|36|C
4|2|10|295|1257|37|C
4|2|10|295|1257|38|C
4|2|10|295|1257|39|C
4|2|10|295|1257|40|C
4|2|10|295|1257|41|C
4|2|10|295|1257|42|C
4|2|10|295|1257|43|C
4|2|10|295|1257|44|C
4|2|10|295|1257|45|C
4|2|10|295|1257|46|C
4|2|10|295|1257|47|C
4|2|10|295|1257|48|C
4|2|10|295|1258|9999|C
4|2|10|295|1259|9999|C
4|2|10|295|1260|9999|C
4|2|10|295|1267|9999|C
4|2|10|295|1287|9999|C
4|2|10|295|1289|9999|C
4|2|10|295|1290|9999|C
4|2|10|295|1301|9999|C
4|2|10|295|1308|9999|C
4|2|10|295|1319|9999|C
4|2|10|295|1320|9999|C
4|2|10|295|1323|9999|C
4|2|10|296|20|9999|C
4|2|10|296|436|1|C
4|2|10|296|436|2|C
4|2|10|296|436|3|C
4|2|10|296|436|4|C
4|2|10|296|436|5|C
4|2|10|296|436|6|C
4|2|10|296|436|7|C
4|2|10|296|436|8|C
4|2|10|296|436|9|C
4|2|10|296|436|10|C
4|2|10|296|436|11|C
4|2|10|296|436|12|C
4|2|10|296|436|13|C
4|2|10|296|436|9999|C
4|2|10|296|448|1|C
4|2|10|296|448|2|*
4|2|10|296|448|3|C
4|2|10|296|448|4|*
4|2|10|296|448|5|C
4|2|10|296|448|6|C
4|2|10|296|448|7|C
4|2|10|296|448|8|C
4|2|10|296|448|9|C
4|2|10|296|448|10|C
4|2|10|296|448|11|C
4|2|10|296|448|12|C
4|2|10|296|448|13|C
4|2|10|296|448|14|C
4|2|10|296|448|15|C
4|2|10|296|448|16|C
4|2|10|296|448|17|C
4|2|10|296|448|18|C
4|2|10|296|448|19|C
4|2|10|296|448|20|C
4|2|10|296|448|21|C
4|2|10|296|448|22|C
4|2|10|296|448|23|C
4|2|10|296|448|24|C
4|2|10|296|448|25|C
4|2|10|296|448|26|C
4|2|10|296|448|27|C
4|2|10|296|448|28|C
4|2|10|296|448|29|C
4|2|10|296|448|30|C
4|2|10|296|448|31|C
4|2|10|296|448|32|C
4|2|10|296|448|33|C
4|2|10|296|448|34|C
4|2|10|296|448|35|C
4|2|10|296|448|36|C
4|2|10|296|448|37|C
4|2|10|296|448|38|C
4|2|10|296|448|39|C
4|2|10|296|448|40|C
4|2|10|296|448|41|C
4|2|10|296|448|42|C
4|2|10|296|448|43|C
4|2|10|296|448|44|C
4|2|10|296|448|45|C
4|2|10|296|448|46|C
4|2|10|296|448|47|C
4|2|10|296|448|48|C
4|2|10|296|448|9999|C
4|2|10|296|1288|9999|C
4|2|10|297|142|9999|*
4|2|10|297|152|9999|C
4|2|10|297|296|9999|C
4|2|10|297|820|1|C
4|2|10|297|820|2|C
4|2|10|297|820|3|C
4|2|10|297|820|4|C
4|2|10|297|820|5|C
4|2|10|297|820|6|C
4|2|10|297|820|7|C
4|2|10|297|820|8|C
4|2|10|297|820|9|C
4|2|10|297|820|10|C
4|2|10|297|820|11|C
4|2|10|297|820|12|C
4|2|10|297|820|13|C
4|2|10|297|820|14|C
4|2|10|297|820|15|C
4|2|10|297|820|16|C
4|2|10|297|820|17|C
4|2|10|297|820|18|C
4|2|10|297|820|19|C
4|2|10|297|820|20|C
4|2|10|297|820|21|C
4|2|10|297|820|22|C
4|2|10|297|820|23|C
4|2|10|297|820|24|C
4|2|10|297|820|25|C
4|2|10|297|820|26|C
4|2|10|297|820|27|C
4|2|10|297|820|28|C
4|2|10|297|820|29|C
4|2|10|297|820|30|C
4|2|10|297|820|31|C
4|2|10|297|820|32|C
4|2|10|297|820|33|C
4|2|10|297|820|34|C
4|2|10|297|820|35|C
4|2|10|297|820|36|C
4|2|10|297|820|37|C
4|2|10|297|820|38|C
4|2|10|297|820|39|C
4|2|10|297|820|40|C
4|2|10|297|820|41|C
4|2|10|297|820|42|C
4|2|10|297|820|43|C
4|2|10|297|820|44|C
4|2|10|297|820|45|C
4|2|10|297|820|46|C
4|2|10|297|820|47|C
4|2|10|297|820|48|C
4|2|10|297|820|49|C
4|2|10|297|820|50|C
4|2|10|297|820|51|C
4|2|10|297|820|52|C
4|2|10|297|820|53|C
4|2|10|297|820|54|C
4|2|10|297|820|55|C
4|2|10|297|820|56|C
4|2|10|297|820|57|C
4|2|10|297|820|58|C
4|2|10|297|968|9999|C
4|2|10|297|1189|1|C
4|2|10|297|1189|2|C
4|2|10|297|1189|3|C
4|2|10|297|1189|4|C
4|2|10|297|1189|5|C
4|2|10|297|1189|6|C
4|2|10|297|1189|8|C
4|2|10|297|1189|9|C
4|2|10|297|1189|10|C
4|2|10|297|1189|11|C
4|2|10|297|1189|12|C
4|2|10|297|1189|13|C
4|2|10|297|1189|14|C
4|2|10|297|1189|15|C
4|2|10|297|1189|16|C
4|2|10|297|1189|17|C
4|2|10|297|1189|18|C
4|2|10|297|1189|20|C
4|2|10|297|1189|21|C
4|2|10|297|1189|22|C
4|2|10|297|1189|23|C
4|2|10|297|1189|24|C
4|2|10|297|1189|25|C
4|2|10|297|1189|26|C
4|2|10|297|1189|27|C
4|2|10|297|1189|28|C
4|2|10|297|1189|29|C
4|2|10|297|1189|9999|C
4|2|10|298|309|1|C
4|2|10|298|309|2|C
4|2|10|298|309|5|C
4|2|10|298|309|6|C
4|2|10|298|309|7|C
4|2|10|298|309|8|C
4|2|10|298|309|9|C
4|2|10|298|309|10|C
4|2|10|298|309|11|C
4|2|10|298|309|12|C
4|2|10|298|309|13|C
4|2|10|298|309|14|C
4|2|10|298|309|15|C
4|2|10|298|309|16|C
4|2|10|298|309|17|C
4|2|10|298|309|18|C
4|2|10|298|309|19|C
4|2|10|298|309|20|C
4|2|10|298|309|21|C
4|2|10|298|309|25|C
4|2|10|298|309|26|C
4|2|10|298|309|27|C
4|2|10|298|309|28|C
4|2|10|298|309|29|C
4|2|10|298|309|30|C
4|2|10|298|309|31|C
4|2|10|298|309|32|C
4|2|10|298|309|33|C
4|2|10|298|309|34|C
4|2|10|298|309|36|C
4|2|10|298|309|37|C
4|2|10|298|309|38|C
4|2|10|298|309|39|C
4|2|10|298|309|40|C
4|2|10|298|309|42|C
4|2|10|298|309|43|C
4|2|10|298|309|44|C
4|2|10|298|309|45|C
4|2|10|298|309|46|C
4|2|10|298|309|50|C
4|2|10|298|309|51|C
4|2|10|298|309|52|C
4|2|10|298|309|54|C
4|2|10|298|309|55|*
4|2|10|298|309|56|C
4|2|10|298|309|57|C
4|2|10|298|445|9999|C
4|2|10|298|542|1|C
4|2|10|298|542|2|C
4|2|10|298|542|3|C
4|2|10|298|542|4|C
4|2|10|298|542|5|C
4|2|10|298|542|6|C
4|2|10|298|542|7|C
4|2|10|298|542|10|C
4|2|10|298|542|11|C
4|2|10|298|542|12|C
4|2|10|298|542|13|C
4|2|10|298|542|14|C
4|2|10|298|542|15|C
4|2|10|298|542|16|C
4|2|10|298|542|17|*
4|2|10|298|542|18|C
4|2|10|298|542|19|C
4|2|10|298|542|20|C
4|2|10|298|542|21|C
4|2|10|298|542|22|C
4|2|10|298|542|23|C
4|2|10|298|542|24|C
4|2|10|298|542|25|C
4|2|10|298|542|26|C
4|2|10|298|542|27|C
4|2|10|298|542|28|C
4|2|10|298|542|29|C
4|2|10|298|542|30|C
4|2|10|298|542|31|C
4|2|10|298|542|32|C
4|2|10|298|542|33|C
4|2|10|298|542|34|C
4|2|10|298|542|35|C
4|2|10|298|542|36|C
4|2|10|298|542|37|C
4|2|10|298|542|38|C
4|2|10|298|542|39|C
4|2|10|298|542|40|C
4|2|10|298|542|41|C
4|2|10|298|542|42|C
4|2|10|298|542|43|C
4|2|10|298|542|44|C
4|2|10|298|542|45|C
4|2|10|298|542|46|C
4|2|10|298|542|47|C
4|2|10|298|542|48|C
4|2|10|298|542|49|C
4|2|10|298|542|50|C
4|2|10|298|542|51|C
4|2|10|298|542|52|C
4|2|10|298|542|53|*
4|2|10|298|542|54|C
4|2|10|298|542|55|C
4|2|10|298|542|56|C
4|2|10|298|542|57|C
4|2|10|298|542|58|C
4|2|10|298|542|59|C
4|2|10|298|542|60|C
4|2|10|298|542|61|C
4|2|10|298|542|9999|C
4|2|10|299|157|2|C
4|2|10|299|157|3|C
4|2|10|299|157|4|C
4|2|10|299|157|5|C
4|2|10|299|157|6|C
4|2|10|299|157|7|C
4|2|10|299|157|8|C
4|2|10|299|157|9|C
4|2|10|299|157|11|C
4|2|10|299|157|12|C
4|2|10|299|157|13|C
4|2|10|299|157|14|C
4|2|10|299|157|15|C
4|2|10|299|157|16|C
4|2|10|299|157|17|C
4|2|10|299|157|18|C
4|2|10|299|157|20|C
4|2|10|299|157|21|C
4|2|10|299|157|22|C
4|2|10|299|157|23|C
4|2|10|299|157|24|C
4|2|10|299|157|25|C
4|2|10|299|157|26|C
4|2|10|299|157|27|C
4|2|10|299|157|28|C
4|2|10|299|157|29|C
4|2|10|299|157|30|C
4|2|10|299|157|31|C
4|2|10|299|157|32|C
4|2|10|299|157|33|C
4|2|10|299|157|34|C
4|2|10|299|157|35|*
4|2|10|299|157|36|C
4|2|10|299|157|37|C
4|2|10|299|157|38|C
4|2|10|299|157|39|C
4|2|10|299|157|40|C
4|2|10|299|157|41|C
4|2|10|299|157|42|C
4|2|10|299|157|43|C
4|2|10|299|157|44|C
4|2|10|299|157|45|C
4|2|10|299|157|46|C
4|2|10|299|157|47|C
4|2|10|299|157|48|C
4|2|10|299|157|49|C
4|2|10|299|157|50|C
4|2|10|299|157|51|C
4|2|10|299|157|52|C
4|2|10|299|157|54|C
4|2|10|299|157|55|C
4|2|10|299|157|56|C
4|2|10|299|157|57|C
4|2|10|299|157|58|C
4|2|10|299|157|59|C
4|2|10|299|157|60|C
4|2|10|299|157|61|C
4|2|10|299|157|62|C
4|2|10|299|157|63|C
4|2|10|299|157|64|C
4|2|10|299|157|65|C
4|2|10|299|157|66|C
4|2|10|299|157|67|C
4|2|10|299|157|68|C
4|2|10|299|157|69|C
4|2|10|299|157|70|C
4|2|10|299|157|72|C
4|2|10|299|157|73|C
4|2|10|299|157|74|C
4|2|10|299|157|75|C
4|2|10|299|157|76|C
4|2|10|299|157|77|C
4|2|10|299|157|78|C
4|2|10|299|157|9999|C
4|2|10|299|602|9999|C
4|2|10|299|631|1|C
4|2|10|299|631|2|C
4|2|10|299|631|3|C
4|2|10|299|631|4|C
4|2|10|299|631|5|C
4|2|10|299|631|6|C
4|2|10|299|631|7|C
4|2|10|299|631|8|C
4|2|10|299|631|9|C
4|2|10|299|631|10|C
4|2|10|299|631|11|C
4|2|10|299|631|12|C
4|2|10|299|631|14|C
4|2|10|299|631|15|C
4|2|10|299|631|16|C
4|2|10|299|631|17|C
4|2|10|299|631|18|C
4|2|10|299|631|20|C
4|2|10|299|631|21|C
4|2|10|299|631|22|C
4|2|10|299|631|23|C
4|2|10|299|631|24|C
4|2|10|299|631|26|C
4|2|10|299|631|27|C
4|2|10|299|631|28|C
4|2|10|299|631|29|*
4|2|10|299|631|9999|C
4|2|10|299|1326|9999|C
4|2|10|300|77|9999|*
4|2|10|300|98|9999|*
4|2|10|300|178|9999|*
4|2|10|300|288|1|C
4|2|10|300|288|2|C
4|2|10|300|288|3|C
4|2|10|300|288|4|C
4|2|10|300|288|5|C
4|2|10|300|288|6|C
4|2|10|300|288|7|C
4|2|10|300|288|8|C
4|2|10|300|288|9|C
4|2|10|300|288|10|C
4|2|10|300|288|11|C
4|2|10|300|288|12|C
4|2|10|300|288|13|C
4|2|10|300|288|14|C
4|2|10|300|288|15|C
4|2|10|300|288|16|C
4|2|10|300|288|17|C
4|2|10|300|288|18|C
4|2|10|300|288|19|C
4|2|10|300|288|20|C
4|2|10|300|288|21|C
4|2|10|300|288|22|C
4|2|10|300|288|23|C
4|2|10|300|288|24|C
4|2|10|300|288|25|C
4|2|10|300|288|26|*
4|2|10|300|288|27|*
4|2|10|300|288|28|C
4|2|10|300|288|9999|C
4|2|10|300|472|9999|C
4|2|10|300|529|9999|C
4|2|10|300|988|9999|*
4|2|10|300|1130|1|C
4|2|10|300|1130|2|C
4|2|10|300|1130|3|C
4|2|10|300|1130|4|C
4|2|10|300|1130|5|C
4|2|10|300|1130|6|C
4|2|10|300|1130|7|C
4|2|10|300|1130|8|C
4|2|10|300|1130|10|C
4|2|10|300|1130|11|C
4|2|10|300|1130|12|*
4|2|10|300|1130|13|C
4|2|10|300|1130|14|C
4|2|10|300|1130|15|C
4|2|10|300|1130|16|C
4|2|10|300|1130|17|C
4|2|10|300|1130|18|C
4|2|10|300|1130|19|C
4|2|10|300|1130|20|C
4|2|10|300|1130|21|C
4|2|10|300|1130|22|C
4|2|10|300|1130|23|*
4|2|10|300|1130|25|C
4|2|10|300|1130|26|C
4|2|10|300|1130|9999|C
4|2|10|300|1255|9999|C
4|2|10|301|30|9999|C
4|2|10|301|62|9999|C
4|2|10|301|223|1|C
4|2|10|301|223|3|C
4|2|10|301|223|4|C
4|2|10|301|223|5|C
4|2|10|301|223|6|C
4|2|10|301|223|7|C
4|2|10|301|223|8|C
4|2|10|301|223|9|C
4|2|10|301|223|10|C
4|2|10|301|223|12|C
4|2|10|301|223|13|C
4|2|10|301|223|14|C
4|2|10|301|223|15|C
4|2|10|301|223|16|C
4|2|10|301|223|17|C
4|2|10|301|223|18|C
4|2|10|301|223|19|C
4|2|10|301|223|20|C
4|2|10|301|223|22|C
4|2|10|301|223|23|C
4|2|10|301|223|24|C
4|2|10|301|223|25|C
4|2|10|301|223|26|C
4|2|10|301|223|27|C
4|2|10|301|223|28|C
4|2|10|301|223|29|C
4|2|10|301|223|30|C
4|2|10|301|223|31|C
4|2|10|301|223|32|C
4|2|10|301|223|33|C
4|2|10|301|223|34|C
4|2|10|301|223|35|C
4|2|10|301|223|36|C
4|2|10|301|223|37|C
4|2|10|301|223|38|C
4|2|10|301|223|40|C
4|2|10|301|223|41|C
4|2|10|301|223|42|C
4|2|10|301|223|43|C
4|2|10|301|223|45|C
4|2|10|301|223|46|C
4|2|10|301|223|48|C
4|2|10|301|223|49|C
4|2|10|301|223|50|C
4|2|10|301|223|51|C
4|2|10|301|223|55|C
4|2|10|301|223|56|C
4|2|10|301|223|57|C
4|2|10|301|223|58|C
4|2|10|301|223|59|C
4|2|10|301|223|60|C
4|2|10|301|223|61|C
4|2|10|301|223|62|C
4|2|10|301|223|63|C
4|2|10|301|223|64|C
4|2|10|301|223|65|C
4|2|10|301|223|66|C
4|2|10|301|223|67|C
4|2|10|301|223|9999|C
4|2|10|301|894|9999|C
4|2|10|301|1016|9999|C
4|2|10|301|1129|9999|C
4|2|10|301|1159|9999|C
4|2|10|301|1160|9999|C
4|2|10|301|1213|9999|C
4|2|10|301|1261|9999|C
4|2|10|301|1262|9999|C
4|2|10|301|1263|9999|C
4|2|10|301|1264|9999|C
4|2|10|301|1265|9999|C
4|2|10|301|1282|9999|C
4|2|10|301|1293|9999|C
4|2|10|301|1294|9999|C
4|2|10|301|1317|9999|C
4|2|10|301|1318|9999|C
4|2|10|302|279|9999|C
4|2|10|302|1094|9999|C
4|2|10|302|1298|9999|C
4|2|10|490|483|1|C
4|2|10|490|483|2|C
4|2|10|490|483|4|C
4|2|10|490|483|5|C
4|2|10|490|483|7|C
4|2|10|490|483|8|C
4|2|10|490|483|9|C
4|2|10|490|483|12|C
4|2|10|490|483|13|C
4|2|10|490|483|14|C
4|2|10|490|483|16|C
4|2|10|490|483|17|C
4|2|10|490|483|18|C
4|2|10|490|483|19|C
4|2|10|490|483|20|C
4|2|10|490|483|21|C
4|2|10|490|483|22|C
4|2|10|490|483|23|C
4|2|10|490|483|24|C
4|2|10|490|483|25|C
4|2|10|490|483|26|C
4|2|10|490|483|27|C
4|2|10|490|483|28|C
4|2|10|490|483|9999|C
4|2|10|490|1223|9999|C
4|2|10|490|1224|9999|C
4|2|10|490|1225|9999|C
4|2|10|490|1226|2|C
4|2|10|490|1226|3|*
4|2|10|490|1226|4|C
4|2|10|490|1226|5|C
4|2|10|490|1226|6|C
4|2|10|490|1226|7|C
4|2|10|490|1226|8|C
4|2|10|490|1226|9|C
4|2|10|490|1226|10|C
4|2|10|490|1226|11|C
4|2|10|490|1226|12|C
4|2|10|490|1226|13|C
4|2|10|490|1226|14|C
4|2|10|490|1226|15|C
4|2|10|490|1226|16|C
4|2|10|490|1226|17|C
4|2|10|490|1226|18|C
4|2|10|490|1226|19|C
4|2|10|490|1226|20|C
4|2|10|490|1226|21|C
4|2|10|490|1226|22|C
4|2|10|490|1226|23|C
4|2|10|490|1226|24|C
4|2|10|490|1226|25|C
4|2|10|490|1226|27|*
4|2|10|490|1226|28|C
4|2|10|490|1226|9999|C
4|2|10|531|193|9999|C
4|2|10|531|214|9999|*
4|2|10|531|265|9999|C
4|2|10|531|526|9999|*
4|2|10|531|707|9999|C
4|2|10|531|1220|1|C
4|2|10|531|1220|2|C
4|2|10|531|1220|3|C
4|2|10|531|1220|4|C
4|2|10|531|1220|5|C
4|2|10|531|1220|6|C
4|2|10|531|1220|7|C
4|2|10|531|1220|8|C
4|2|10|531|1220|9|C
4|2|10|531|1220|10|C
4|2|10|531|1220|11|C
4|2|10|531|1220|12|C
4|2|10|531|1220|13|C
4|2|10|531|1220|14|C
4|2|10|531|1220|15|C
4|2|10|531|1220|16|C
4|2|10|531|1220|17|C
4|2|10|531|1220|18|C
4|2|10|531|1220|19|C
4|2|10|531|1220|22|C
4|2|10|531|1220|23|C
4|2|10|531|1220|24|C
4|2|10|531|1220|25|*
4|2|10|531|1220|26|*
4|2|10|531|1220|27|C
4|2|10|531|1220|28|C
4|2|10|531|1220|29|C
4|2|10|531|1220|30|C
4|2|10|531|1220|31|C
4|2|10|531|1220|32|C
4|2|10|531|1220|33|C
4|2|10|531|1220|34|C
4|2|10|531|1220|35|C
4|2|10|531|1220|36|C
4|2|10|531|1220|37|C
4|2|10|531|1220|38|C
4|2|10|531|1220|39|*
4|2|10|531|1220|40|C
4|2|10|531|1220|41|C
4|2|10|531|1220|42|C
4|2|10|531|1220|43|C
4|2|10|531|1220|44|C
4|2|10|531|1220|45|C
4|2|10|531|1220|46|C
4|2|10|531|1220|47|*
4|2|10|531|1220|48|*
4|2|10|531|1220|49|C
4|2|10|531|1220|50|C
4|2|10|531|1220|51|C
4|2|10|531|1220|52|C
4|2|10|531|1220|9999|C
4|2|10|531|1229|9999|C
4|2|10|531|9000|9999|C
4|2|10|531|9002|9999|C
4|2|10|532|199|9999|C
4|2|10|532|1186|9999|C
4|2|10|532|1232|9999|C
4|2|10|532|1233|9999|C
4|2|10|532|1234|9999|C
4|2|10|532|1235|9999|C
4|2|10|532|1236|9999|C
4|2|10|532|1237|9999|C
4|2|10|532|1238|9999|C
4|2|10|532|1239|9999|C
4|2|10|533|24|9999|*
4|2|10|533|144|9999|C
4|2|10|533|258|9999|*
4|2|10|533|488|9999|C
4|2|10|533|537|1|C
4|2|10|533|537|2|C
4|2|10|533|537|3|C
4|2|10|533|537|4|C
4|2|10|533|537|5|C
4|2|10|533|537|6|C
4|2|10|533|537|7|C
4|2|10|533|537|8|C
4|2|10|533|537|9|C
4|2|10|533|537|10|C
4|2|10|533|537|11|C
4|2|10|533|537|12|C
4|2|10|533|537|13|C
4|2|10|533|537|14|C
4|2|10|533|537|15|C
4|2|10|533|537|16|C
4|2|10|533|537|17|C
4|2|10|533|537|18|C
4|2|10|533|537|19|C
4|2|10|533|537|20|C
4|2|10|533|537|21|C
4|2|10|533|537|22|C
4|2|10|533|537|23|C
4|2|10|533|537|24|C
4|2|10|533|537|25|C
4|2|10|533|537|26|C
4|2|10|533|537|27|C
4|2|10|533|537|28|C
4|2|10|533|537|29|C
4|2|10|533|537|30|C
4|2|10|533|537|31|C
4|2|10|533|537|32|C
4|2|10|533|537|33|C
4|2|10|533|537|34|C
4|2|10|533|537|35|C
4|2|10|533|537|36|C
4|2|10|533|537|37|C
4|2|10|533|537|38|C
4|2|10|533|537|39|C
4|2|10|533|537|40|C
4|2|10|533|537|41|C
4|2|10|533|537|42|C
4|2|10|533|537|43|C
4|2|10|533|537|44|C
4|2|10|533|537|45|C
4|2|10|533|537|46|C
4|2|10|533|537|47|C
4|2|10|533|537|48|C
4|2|10|533|537|49|C
4|2|10|533|537|50|C
4|2|10|533|537|52|C
4|2|10|533|537|53|C
4|2|10|533|537|54|C
4|2|10|533|537|55|C
4|2|10|533|537|56|C
4|2|10|533|537|57|C
4|2|10|533|537|58|*
4|2|10|533|537|59|C
4|2|10|533|537|60|C
4|2|10|533|537|61|C
4|2|10|533|537|62|C
4|2|10|533|537|63|C
4|2|10|533|537|64|C
4|2|10|533|537|65|C
4|2|10|533|537|66|C
4|2|10|533|537|69|C
4|2|10|533|537|70|C
4|2|10|533|537|71|C
4|2|10|533|537|72|C
4|2|10|533|537|73|C
4|2|10|533|537|74|C
4|2|10|533|537|75|C
4|2|10|533|537|76|C
4|2|10|533|537|77|C
4|2|10|533|537|78|C
4|2|10|533|537|9999|C
4|2|10|533|555|1|C
4|2|10|533|555|2|C
4|2|10|533|555|3|C
4|2|10|533|555|4|C
4|2|10|533|555|5|C
4|2|10|533|555|6|C
4|2|10|533|555|7|C
4|2|10|533|555|8|C
4|2|10|533|555|9|C
4|2|10|533|555|10|C
4|2|10|533|555|11|C
4|2|10|533|555|12|C
4|2|10|533|555|13|C
4|2|10|533|555|14|C
4|2|10|533|555|15|C
4|2|10|533|555|16|C
4|2|10|533|555|17|C
4|2|10|533|555|18|C
4|2|10|533|555|19|C
4|2|10|533|555|20|C
4|2|10|533|555|21|C
4|2|10|533|555|22|C
4|2|10|533|555|23|C
4|2|10|533|555|9999|C
4|2|10|533|683|9999|*
4|2|10|533|837|9999|C
4|2|10|533|849|9999|*
4|2|10|533|879|9999|C
4|2|10|533|907|9999|*
4|2|10|533|981|9999|C
4|2|10|533|1161|9999|C
4|2|10|533|1163|9999|C
4|2|10|533|1256|9999|C
4|2|10|533|1283|9999|C
4|2|10|533|1292|9999|C
4|2|10|533|1313|9999|C
4|2|10|533|1315|9999|C
4|2|10|534|536|1|C
4|2|10|534|536|2|C
4|2|10|534|536|3|C
4|2|10|534|536|4|C
4|2|10|534|536|5|C
4|2|10|534|536|6|C
4|2|10|534|536|7|C
4|2|10|534|536|8|C
4|2|10|534|536|9|C
4|2|10|534|536|10|C
4|2|10|534|536|11|C
4|2|10|534|536|12|C
4|2|10|534|536|13|C
4|2|10|534|536|14|C
4|2|10|534|536|15|C
4|2|10|534|536|16|C
4|2|10|534|536|17|C
4|2|10|534|536|18|C
4|2|10|534|536|19|C
4|2|10|534|536|20|C
4|2|10|534|536|9999|C
4|2|10|534|562|9999|C
4|2|10|534|1099|9999|C
4|2|10|534|1247|9999|C
4|2|10|534|1305|9999|C
4|2|10|535|117|9999|C
4|2|10|535|204|9999|C
4|2|10|535|624|1|C
4|2|10|535|624|2|C
4|2|10|535|624|3|C
4|2|10|535|624|4|C
4|2|10|535|624|5|C
4|2|10|535|624|6|C
4|2|10|535|624|7|C
4|2|10|535|624|8|C
4|2|10|535|624|9|C
4|2|10|535|624|10|C
4|2|10|535|624|11|C
4|2|10|535|624|12|C
4|2|10|535|624|13|C
4|2|10|535|624|14|C
4|2|10|535|624|15|C
4|2|10|535|624|16|C
4|2|10|535|624|17|C
4|2|10|535|624|18|C
4|2|10|535|624|19|C
4|2|10|535|624|9999|C
4|2|10|536|137|9999|C
4|2|10|536|154|9999|C
4|2|10|536|263|1|C
4|2|10|536|263|2|C
4|2|10|536|263|3|C
4|2|10|536|263|4|C
4|2|10|536|263|5|C
4|2|10|536|263|6|C
4|2|10|536|263|7|C
4|2|10|536|263|8|C
4|2|10|536|263|9|C
4|2|10|536|263|10|C
4|2|10|536|263|11|C
4|2|10|536|263|12|C
4|2|10|536|263|13|C
4|2|10|536|263|14|C
4|2|10|536|263|15|C
4|2|10|536|263|16|C
4|2|10|536|263|17|C
4|2|10|536|263|18|C
4|2|10|536|263|19|C
4|2|10|536|263|20|C
4|2|10|536|263|21|C
4|2|10|536|263|22|C
4|2|10|536|263|23|C
4|2|10|536|263|24|C
4|2|10|536|263|25|C
4|2|10|536|263|26|C
4|2|10|536|289|9999|C
4|2|10|536|310|9999|C
4|2|10|536|320|9999|C
4|2|10|536|336|9999|C
4|2|10|536|524|9999|C
4|2|10|536|541|1|C
4|2|10|536|541|2|C
4|2|10|536|541|3|C
4|2|10|536|541|4|C
4|2|10|536|541|5|C
4|2|10|536|541|6|C
4|2|10|536|541|7|C
4|2|10|536|541|8|C
4|2|10|536|541|9|C
4|2|10|536|541|10|C
4|2|10|536|541|11|C
4|2|10|536|541|12|C
4|2|10|536|541|13|C
4|2|10|536|541|14|C
4|2|10|536|541|15|C
4|2|10|536|541|16|C
4|2|10|536|541|17|C
4|2|10|536|541|18|C
4|2|10|536|541|19|C
4|2|10|536|541|21|C
4|2|10|536|541|22|C
4|2|10|536|541|23|C
4|2|10|536|565|9999|C
4|2|10|536|590|9999|C
4|2|10|536|650|9999|C
4|2|10|536|800|1|C
4|2|10|536|800|2|C
4|2|10|536|800|3|C
4|2|10|536|800|4|C
4|2|10|536|800|5|C
4|2|10|536|800|6|C
4|2|10|536|800|7|C
4|2|10|536|800|8|C
4|2|10|536|800|9|C
4|2|10|536|800|10|C
4|2|10|536|800|11|C
4|2|10|536|800|12|C
4|2|10|536|800|13|C
4|2|10|536|800|14|C
4|2|10|536|800|15|C
4|2|10|536|800|16|C
4|2|10|536|800|17|C
4|2|10|536|800|18|C
4|2|10|536|800|19|C
4|2|10|536|800|20|C
4|2|10|536|800|21|C
4|2|10|536|800|22|C
4|2|10|536|800|23|C
4|2|10|536|800|24|C
4|2|10|536|800|25|C
4|2|10|536|800|26|*
4|2|10|536|891|9999|C
4|2|10|536|1089|9999|C
4|2|10|536|1101|9999|C
4|2|10|536|1156|9999|C
4|2|10|536|1165|9999|C
4|2|10|536|1166|9999|C
4|2|10|536|1171|9999|C
4|2|10|536|1210|9999|C
4|2|10|536|1211|9999|C
4|2|10|536|1214|9999|C
4|2|10|536|1215|9999|C
4|2|10|536|1216|9999|C
4|2|10|536|1230|9999|C
4|2|10|536|1240|9999|C
4|2|10|536|1241|9999|C
4|2|10|536|1244|9999|C
4|2|10|536|1246|9999|C
4|2|10|536|1249|9999|C
4|2|10|536|1252|9999|C
4|2|10|536|1253|9999|C
4|2|10|536|1281|9999|C
4|2|10|536|1284|9999|C
4|2|10|536|1291|9999|C
4|2|10|536|1304|9999|C
4|2|10|536|1311|9999|C
4|2|10|536|1324|9999|C
4|2|10|536|1332|9999|C
4|2|10|537|13|9999|*
4|2|10|537|56|9999|C
4|2|10|537|143|9999|*
4|2|10|537|238|9999|C
4|2|10|537|341|9999|C
4|2|10|537|455|9999|C
4|2|10|537|548|9999|C
4|2|10|537|559|9999|C
4|2|10|537|592|1|C
4|2|10|537|592|2|C
4|2|10|537|592|4|C
4|2|10|537|592|5|C
4|2|10|537|592|6|C
4|2|10|537|592|7|C
4|2|10|537|592|8|C
4|2|10|537|592|9|C
4|2|10|537|592|10|C
4|2|10|537|592|11|C
4|2|10|537|592|12|C
4|2|10|537|592|13|C
4|2|10|537|592|14|C
4|2|10|537|592|15|C
4|2|10|537|592|16|C
4|2|10|537|592|17|C
4|2|10|537|592|18|C
4|2|10|537|592|19|C
4|2|10|537|592|20|C
4|2|10|537|592|21|C
4|2|10|537|592|22|C
4|2|10|537|592|23|C
4|2|10|537|592|24|C
4|2|10|537|592|25|C
4|2|10|537|592|26|C
4|2|10|537|592|27|C
4|2|10|537|592|28|C
4|2|10|537|592|29|C
4|2|10|537|592|30|C
4|2|10|537|592|31|C
4|2|10|537|592|32|*
4|2|10|537|592|33|C
4|2|10|537|592|34|C
4|2|10|537|592|35|C
4|2|10|537|592|36|C
4|2|10|537|592|37|C
4|2|10|537|592|38|C
4|2|10|537|592|39|C
4|2|10|537|592|40|C
4|2|10|537|592|41|C
4|2|10|537|592|42|C
4|2|10|537|592|43|C
4|2|10|537|592|44|C
4|2|10|537|592|45|C
4|2|10|537|592|46|C
4|2|10|537|592|47|C
4|2|10|537|592|48|C
4|2|10|537|592|49|*
4|2|10|537|592|50|C
4|2|10|537|592|51|C
4|2|10|537|592|52|C
4|2|10|537|592|53|C
4|2|10|537|592|9999|C
4|2|10|537|638|9999|C
4|2|10|537|808|9999|*
4|2|10|537|856|9999|C
4|2|10|537|983|9999|C
4|2|10|537|1167|9999|C
4|2|10|537|1168|9999|C
4|2|10|537|1169|9999|C
4|2|10|537|1170|9999|C
4|2|10|537|1270|9999|C
4|2|10|537|1328|9999|C
4|2|13|320|1|1|C
4|2|13|320|1|2|C
4|2|13|320|1|3|C
4|2|13|320|1|4|C
4|2|13|320|1|5|C
4|2|13|320|1|6|C
4|2|13|320|1|7|C
4|2|13|320|1|8|C
4|2|13|320|1|9|C
4|2|13|320|1|10|C
4|2|13|320|1|11|C
4|2|13|320|1|12|C
4|2|13|320|1|13|C
4|2|13|320|1|14|C
4|2|13|320|1|15|C
4|2|13|320|1|17|C
4|2|13|320|1|18|C
4|2|13|320|1|20|C
4|2|13|320|1|21|C
4|2|13|320|1|22|C
4|2|13|320|1|23|C
4|2|13|320|1|24|C
4|2|13|320|1|33|C
4|2|13|320|1|34|C
4|2|13|320|1|40|C
4|2|13|320|1|42|C
4|2|13|320|1|43|C
4|2|13|320|1|47|C
4|2|13|320|1|48|C
4|2|13|320|1|49|C
4|2|13|320|1|51|C
4|2|13|320|1|52|C
4|2|13|320|1|53|C
4|2|13|320|1|54|C
4|2|13|320|1|55|C
4|2|13|320|1|56|C
4|2|13|320|1|57|C
4|2|13|320|1|58|C
4|2|13|320|1|59|C
4|2|13|320|1|60|C
4|2|13|320|1|61|C
4|2|13|320|12|9999|C
4|2|13|321|1|1|C
4|2|13|321|1|14|C
4|2|13|321|1|22|C
4|2|13|321|1|23|C
4|2|13|321|1|28|C
4|2|13|321|1|29|C
4|2|13|321|1|35|C
4|2|13|321|1|38|C
4|2|13|321|1|39|C
4|2|13|321|1|41|C
4|2|13|321|1|42|C
4|2|13|321|1|43|C
4|2|13|322|1|1|C
4|2|13|322|1|2|C
4|2|13|322|1|3|C
4|2|13|322|1|4|C
4|2|13|322|1|5|C
4|2|13|322|1|6|C
4|2|13|322|1|7|C
4|2|13|322|1|8|C
4|2|13|322|1|9|C
4|2|13|322|1|15|C
4|2|13|322|1|24|C
4|2|13|322|1|29|C
4|2|13|322|1|30|C
4|2|13|322|1|34|C
4|2|13|322|1|36|C
4|2|13|322|1|50|C
4|2|13|322|1|51|C
4|2|13|322|1|52|C
4|2|13|322|1|53|C
4|2|13|322|1|54|C
4|2|13|322|1|56|C
4|2|13|323|1|1|C
4|2|13|323|1|2|C
4|2|13|323|1|3|C
4|2|13|323|1|4|C
4|2|13|323|1|5|C
4|2|13|323|1|6|*
4|2|13|323|1|9|C
4|2|13|323|1|10|C
4|2|13|323|1|11|C
4|2|13|323|1|12|C
4|2|13|323|1|13|C
4|2|13|323|1|17|C
4|2|13|323|1|18|C
4|2|13|323|1|22|C
4|2|13|323|1|36|C
4|2|13|323|1|37|C
4|2|13|323|2|9999|C
4|2|13|323|3|9999|*
4|2|13|323|4|9999|C
4|2|13|324|1|1|C
4|2|13|324|1|5|C
4|2|13|324|1|6|C
4|2|13|324|1|7|C
4|2|13|324|1|10|C
4|2|13|324|1|11|C
4|2|13|324|1|19|C
4|2|13|324|1|20|C
4|2|13|324|1|25|C
4|2|13|324|1|26|C
4|2|13|324|1|49|C
4|2|13|324|1|50|C
4|2|13|325|1|1|C
4|2|13|325|1|2|C
4|2|13|325|1|3|C
4|2|13|325|1|4|C
4|2|13|325|1|5|C
4|2|13|325|1|6|C
4|2|13|325|1|7|C
4|2|13|325|1|8|C
4|2|13|325|1|9|C
4|2|13|325|1|10|C
4|2|13|325|1|12|*
4|2|13|325|1|14|C
4|2|13|325|1|15|C
4|2|13|325|1|16|C
4|2|13|325|1|17|C
4|2|13|325|1|20|C
4|2|13|325|1|21|C
4|2|13|325|1|23|C
4|2|13|325|1|24|C
4|2|13|325|1|25|C
4|2|13|325|1|28|*
4|2|13|325|1|31|C
4|2|13|325|1|32|C
4|2|13|325|1|33|C
4|2|13|325|1|34|C
4|2|13|325|1|39|C
4|2|13|325|1|40|C
4|2|13|325|1|41|C
4|2|13|325|1|42|C
4|2|13|325|1|43|C
4|2|13|325|1|44|C
4|2|13|325|1|45|C
4|2|13|325|1|46|C
4|2|13|325|1|47|C
4|2|13|325|1|48|C
4|2|13|325|1|49|C
4|2|13|325|1|50|C
4|2|13|325|1|51|C
4|2|13|325|1|52|C
4|2|13|325|1|53|C
4|2|13|325|1|54|C
4|2|13|325|1|55|C
4|2|13|325|1|56|C
4|2|13|325|1|57|C
4|2|13|325|1|58|C
4|2|13|325|1|59|C
4|2|13|325|1|60|C
4|2|13|325|1|61|C
4|2|13|326|5|1|C
4|2|13|326|5|2|C
4|2|13|326|5|3|C
4|2|13|326|5|4|C
4|2|13|326|5|5|C
4|2|13|326|5|6|C
4|2|13|326|5|7|C
4|2|13|326|5|8|*
4|2|13|326|5|9|C
4|2|13|326|5|10|C
4|2|13|326|5|11|C
4|2|13|326|5|12|C
4|2|13|326|5|13|C
4|2|13|326|5|14|C
4|2|13|326|5|15|C
4|2|13|326|5|16|C
4|2|13|326|5|17|C
4|2|13|326|5|18|C
4|2|13|326|5|19|C
4|2|13|326|5|21|C
4|2|13|326|5|22|C
4|2|13|326|5|23|C
4|2|13|326|5|24|C
4|2|13|326|5|26|C
4|2|13|326|5|27|C
4|2|13|326|5|28|C
4|2|13|326|5|30|C
4|2|13|326|5|32|C
4|2|13|326|5|9999|C
4|2|13|327|6|1|C
4|2|13|327|6|2|C
4|2|13|327|6|3|C
4|2|13|327|6|4|C
4|2|13|327|6|6|C
4|2|13|327|6|7|C
4|2|13|327|6|8|C
4|2|13|327|6|9|C
4|2|13|327|6|10|C
4|2|13|327|6|11|C
4|2|13|327|6|12|C
4|2|13|327|6|13|C
4|2|13|327|6|14|C
4|2|13|327|6|15|*
4|2|13|327|6|16|*
4|2|13|327|6|17|C
4|2|13|327|6|18|C
4|2|13|327|6|19|C
4|2|13|327|6|20|C
4|2|13|327|6|21|C
4|2|13|327|6|22|C
4|2|13|327|6|24|C
4|2|13|327|6|25|C
4|2|13|327|6|26|C
4|2|13|327|6|27|C
4|2|13|327|6|28|C
4|2|13|327|6|29|C
4|2|13|327|6|30|C
4|2|13|327|6|31|C
4|2|13|327|6|32|C
4|2|13|327|6|33|C
4|2|13|327|6|34|C
4|2|13|327|6|35|C
4|2|13|327|6|36|C
4|2|13|327|6|37|C
4|2|13|327|6|38|C
4|2|13|327|6|39|C
4|2|13|327|6|40|C
4|2|13|327|6|41|C
4|2|13|327|6|42|C
4|2|13|327|6|43|C
4|2|13|327|6|44|C
4|2|13|327|6|45|C
4|2|13|327|6|46|C
4|2|13|327|6|47|C
4|2|13|327|6|48|C
4|2|13|327|6|49|C
4|2|13|327|6|51|C
4|2|13|327|6|52|C
4|2|13|327|6|53|C
4|2|13|327|6|54|C
4|2|13|327|6|55|C
4|2|13|327|6|56|C
4|2|13|327|6|57|C
4|2|13|327|6|58|C
4|2|13|327|6|59|C
4|2|13|327|6|60|C
4|2|13|327|6|61|C
4|2|13|327|6|62|C
4|2|13|327|6|63|C
4|2|13|327|6|64|C
4|2|13|327|6|65|C
4|2|13|327|6|66|C
4|2|13|327|6|67|C
4|2|13|327|6|68|C
4|2|13|327|7|9999|C
4|2|13|327|8|9999|C
4|2|13|327|9|9999|C
4|2|13|328|6|1|C
4|2|13|328|6|2|C
4|2|13|328|6|3|C
4|2|13|328|6|4|C
4|2|13|328|6|5|C
4|2|13|328|6|6|C
4|2|13|328|6|7|C
4|2|13|328|6|8|C
4|2|13|328|6|9|C
4|2|13|328|6|10|C
4|2|13|328|6|11|C
4|2|13|328|6|12|C
4|2|13|328|6|13|C
4|2|13|328|6|14|C
4|2|13|328|6|15|C
4|2|13|328|6|16|C
4|2|13|328|6|17|C
4|2|13|328|6|18|C
4|2|13|328|6|19|C
4|2|13|328|6|20|C
4|2|13|328|6|21|C
4|2|13|328|6|22|C
4|2|13|328|6|23|C
4|2|13|328|6|24|C
4|2|13|328|6|25|C
4|2|13|328|6|26|C
4|2|13|328|6|27|C
4|2|13|328|6|28|C
4|2|13|328|6|29|C
4|2|13|328|6|30|C
4|2|13|328|6|31|C
4|2|13|328|6|32|C
4|2|13|328|6|33|C
4|2|13|328|6|34|C
4|2|13|328|6|35|C
4|2|13|328|6|36|C
4|2|13|328|6|37|C
4|2|13|328|6|38|C
4|2|13|328|6|39|C
4|2|13|328|6|41|C
4|2|13|328|6|42|C
4|2|13|328|6|43|C
4|2|13|328|6|44|C
4|2|13|328|6|45|C
4|2|13|328|6|46|C
4|2|13|328|6|47|C
4|2|13|328|10|1|C
4|2|13|328|11|1|C
4|2|13|328|11|2|C
4|2|13|328|13|9999|C
4|2|13|328|14|9999|C
