{"type":"FeatureCollection","metadata":{"nombre":"AGEB urbanas","fuente":"INEGI — Marco Geoestadístico 2024","fecha_corte":"2024-08","crs_origen":"EPSG:6372 (Mexico ITRF2008 / LCC)","total":473},"features":[{"type":"Feature","properties":{"cvegeo":"0400100040434","cve_ent":"04","fuente":"INEGI — Marco Geoestadístico 2024","fecha_corte":"2024-08","cve_mun":"04001","cve_ageb":"0434","cve_loc":"0004"},"geometry":{"type":"Polygon","coordinates":[[[-90.02576,20.45131],[-90.02436,20.45222],[-90.02555,20.45562],[-90.02555,20.45562],[-90.02808,20.45483],[-90.02808,20.45483],[-90.02808,20.45483],[-90.02829,20.45477],[-90.0283,20.45476],[-90.02823,20.45449],[-90.02858,20.45442],[-90.02858,20.45442],[-90.02871,20.45439],[-90.03133,20.45385],[-90.03035,20.45188],[-90.02933,20.45148],[-90.02934,20.45143],[-90.02937,20.45124],[-90.02937,20.45124],[-90.03069,20.45156],[-90.03178,20.45175],[-90.03178,20.45174],[-90.03186,20.45112],[-90.03186,20.45112],[-90.03189,20.45039],[-90.03201,20.44906],[-90.03222,20.44781],[-90.03194,20.44776],[-90.02984,20.44741],[-90.02975,20.44869],[-90.02971,20.44908],[-90.02811,20.44868],[-90.02804,20.44983],[-90.02798,20.45068],[-90.02757,20.45055],[-90.02715,20.45044],[-90.02713,20.45037],[-90.02703,20.45046],[-90.02695,20.45057],[-90.02677,20.45073],[-90.02626,20.45107],[-90.02586,20.4513],[-90.02576,20.45131]]]}},{"type":"Feature","properties":{"cvegeo":"0400100040400","cve_ent":"04","fuente":"INEGI — Marco Geoestadístico 2024","fecha_corte":"2024-08","cve_mun":"04001","cve_ageb":"0400","cve_loc":"0004"},"geometry":{"type":"Polygon","coordinates":[[[-90.01879,20.44546],[-90.02139,20.44821],[-90.02143,20.44825],[-90.02173,20.44952],[-90.02206,20.45083],[-90.02206,20.45083],[-90.02311,20.45062],[-90.02418,20.45042],[-90.02521,20.45022],[-90.02522,20.45022],[-90.0256,20.45025],[-90.02576,20.45131],[-90.02586,20.4513],[-90.02626,20.45107],[-90.02677,20.45073],[-90.02695,20.45057],[-90.02703,20.45046],[-90.02713,20.45037],[-90.02715,20.45044],[-90.02757,20.45055],[-90.02798,20.45068],[-90.02804,20.44983],[-90.02811,20.44868],[-90.02971,20.44908],[-90.02975,20.44869],[-90.02984,20.44741],[-90.03194,20.44776],[-90.03222,20.44781],[-90.03228,20.44708],[-90.03247,20.44507],[-90.03197,20.44472],[-90.03004,20.44465],[-90.02833,20.4446],[-90.02765,20.44458],[-90.02604,20.44443],[-90.02543,20.44436],[-90.0249,20.44432],[-90.02433,20.44425],[-90.02283,20.44408],[-90.02239,20.44408],[-90.02198,20.44407],[-90.02085,20.4439],[-90.02051,20.44379],[-90.01968,20.44348],[-90.01922,20.44336],[-90.0189,20.4433],[-90.01887,20.44293],[-90.01879,20.44218],[-90.01753,20.44205],[-90.01751,20.4423],[-90.01747,20.4424],[-90.01731,20.4425],[-90.01715,20.44325],[-90.0158,20.4432],[-90.01574,20.44325],[-90.01554,20.44372],[-90.01537,20.44412],[-90.01494,20.44509],[-90.01466,20.44578],[-90.01665,20.44627],[-90.01665,20.44627],[-90.01674,20.44574],[-90.01691,20.4448],[-90.01701,20.44424],[-90.01901,20.4444],[-90.01901,20.44451],[-90.01879,20.44546]]]}},{"type":"Feature","properties":{"cvegeo":"0400100040415","cve_ent":"04","fuente":"INEGI — Marco Geoestadístico 2024","fecha_corte":"2024-08","cve_mun":"04001","cve_ageb":"0415","cve_loc":"0004"},"geometry":{"type":"Polygon","coordinates":[[[-90.03197,20.44472],[-90.03247,20.44507],[-90.03251,20.44473],[-90.03264,20.44366],[-90.03285,20.44155],[-90.03287,20.44106],[-90.03189,20.44106],[-90.03031,20.44107],[-90.0285,20.44112],[-90.02813,20.44113],[-90.02776,20.44119],[-90.02696,20.44119],[-90.02603,20.44125],[-90.02555,20.44124],[-90.02478,20.44118],[-90.02435,20.44113],[-90.02329,20.441],[-90.02324,20.44099],[-90.02136,20.44059],[-90.02105,20.44052],[-90.0204,20.44039],[-90.01941,20.44032],[-90.01862,20.44029],[-90.01776,20.44023],[-90.01771,20.44086],[-90.01754,20.44144],[-90.01753,20.44205],[-90.01879,20.44218],[-90.01887,20.44293],[-90.0189,20.4433],[-90.01922,20.44336],[-90.01968,20.44348],[-90.02051,20.44379],[-90.02085,20.4439],[-90.02198,20.44407],[-90.02239,20.44408],[-90.02283,20.44408],[-90.02433,20.44425],[-90.0249,20.44432],[-90.02543,20.44436],[-90.02604,20.44443],[-90.02765,20.44458],[-90.02833,20.4446],[-90.03004,20.44465],[-90.03197,20.44472]]]}},{"type":"Feature","properties":{"cvegeo":"0400100040449","cve_ent":"04","fuente":"INEGI — Marco Geoestadístico 2024","fecha_corte":"2024-08","cve_mun":"04001","cve_ageb":"0449","cve_loc":"0004"},"geometry":{"type":"Polygon","coordinates":[[[-90.01381,20.44035],[-90.01381,20.44035],[-90.01407,20.44299],[-90.0144,20.44303],[-90.01438,20.44354],[-90.01494,20.44509],[-90.01537,20.44412],[-90.01554,20.44372],[-90.01574,20.44325],[-90.0158,20.4432],[-90.01715,20.44325],[-90.01731,20.4425],[-90.01747,20.4424],[-90.01751,20.4423],[-90.01753,20.44205],[-90.01754,20.44144],[-90.01771,20.44086],[-90.01776,20.44023],[-90.01772,20.44023],[-90.0161,20.44016],[-90.01606,20.44015],[-90.01622,20.43817],[-90.01625,20.43747],[-90.0167,20.43607],[-90.01674,20.43597],[-90.0148,20.43626],[-90.0149,20.43635],[-90.01381,20.44035]]]}},{"type":"Feature","properties":{"cvegeo":"0400100080453","cve_ent":"04","fuente":"INEGI — Marco Geoestadístico 2024","fecha_corte":"2024-08","cve_mun":"04001","cve_ageb":"0453","cve_loc":"0008"},"geometry":{"type":"Polygon","coordinates":[[[-90.15954,20.40271],[-90.15935,20.40269],[-90.15804,20.40251],[-90.15627,20.40229],[-90.15542,20.4022],[-90.15621,20.40315],[-90.15686,20.40387],[-90.15694,20.40394],[-90.15725,20.40427],[-90.15727,20.40436],[-90.15739,20.40448],[-90.15744,20.40465],[-90.15754,20.40474],[-90.15765,20.40485],[-90.15778,20.40494],[-90.15801,20.40476],[-90.15805,20.40467],[-90.15805,20.40451],[-90.15819,20.40447],[-90.15836,20.40447],[-90.15836,20.40447],[-90.15847,20.40448],[-90.15847,20.40448],[-90.15859,20.40445],[-90.15868,20.4044],[-90.15872,20.40434],[-90.15875,20.4043],[-90.15881,20.40419],[-90.15892,20.40398],[-90.15899,20.40384],[-90.15915,20.40354],[-90.15932,20.40317],[-90.15938,20.40307],[-90.15946,20.40297],[-90.1595,20.40291],[-90.15952,20.40287],[-90.15953,20.40282],[-90.15954,20.40271]]]}},{"type":"Feature","properties":{"cvegeo":"0400100080487","cve_ent":"04","fuente":"INEGI — Marco Geoestadístico 2024","fecha_corte":"2024-08","cve_mun":"04001","cve_ageb":"0487","cve_loc":"0008"},"geometry":{"type":"Polygon","coordinates":[[[-90.13767,20.39708],[-90.1384,20.3973],[-90.13903,20.39748],[-90.13926,20.39751],[-90.13973,20.39762],[-90.14002,20.39775],[-90.1404,20.39792],[-90.14086,20.39808],[-90.14134,20.39824],[-90.14187,20.39645],[-90.14184,20.39639],[-90.14157,20.39613],[-90.14144,20.39605],[-90.14129,20.39601],[-90.14121,20.39599],[-90.14121,20.39599],[-90.14103,20.39598],[-90.1408,20.39597],[-90.14029,20.39554],[-90.14009,20.39535],[-90.13989,20.39518],[-90.13952,20.39494],[-90.13916,20.39479],[-90.13872,20.39465],[-90.13819,20.39591],[-90.13767,20.39708]]]}},{"type":"Feature","properties":{"cvegeo":"0400100080504","cve_ent":"04","fuente":"INEGI — Marco Geoestadístico 2024","fecha_corte":"2024-08","cve_mun":"04001","cve_ageb":"0504","cve_loc":"0008"},"geometry":{"type":"Polygon","coordinates":[[[-90.13332,20.39775],[-90.135,20.39808],[-90.13734,20.39859],[-90.1375,20.39775],[-90.13767,20.39708],[-90.13596,20.39657],[-90.13591,20.39654],[-90.13553,20.39643],[-90.13406,20.39601],[-90.13398,20.39599],[-90.13393,20.39598],[-90.13383,20.39598],[-90.13378,20.396],[-90.13375,20.396],[-90.13371,20.39601],[-90.13358,20.39601],[-90.13354,20.39599],[-90.13344,20.39595],[-90.13334,20.39589],[-90.13319,20.3958],[-90.13282,20.39607],[-90.13282,20.39607],[-90.13332,20.39775]]]}},{"type":"Feature","properties":{"cvegeo":"0400100080580","cve_ent":"04","fuente":"INEGI — Marco Geoestadístico 2024","fecha_corte":"2024-08","cve_mun":"04001","cve_ageb":"0580","cve_loc":"0008"},"geometry":{"type":"Polygon","coordinates":[[[-90.14651,20.40965],[-90.14682,20.40975],[-90.14696,20.40983],[-90.14711,20.40992],[-90.14748,20.41012],[-90.14751,20.41013],[-90.14751,20.41013],[-90.14749,20.40917],[-90.14748,20.409],[-90.14742,20.4082],[-90.14741,20.40815],[-90.14741,20.40732],[-90.14741,20.40732],[-90.14741,20.40731],[-90.14737,20.40729],[-90.14736,20.40721],[-90.14715,20.40724],[-90.147,20.40726],[-90.14682,20.40732],[-90.14662,20.40735],[-90.14654,20.40735],[-90.14623,20.40736],[-90.14608,20.40794],[-90.14597,20.40846],[-90.14592,20.40872],[-90.14582,20.40943],[-90.14651,20.40965]]]}},{"type":"Feature","properties":{"cvegeo":"0400100080595","cve_ent":"04","fuente":"INEGI — Marco Geoestadístico 2024","fecha_corte":"2024-08","cve_mun":"04001","cve_ageb":"0595","cve_loc":"0008"},"geometry":{"type":"Polygon","coordinates":[[[-90.14988,20.39442],[-90.15005,20.39448],[-90.15017,20.39448],[-90.15042,20.39443],[-90.15058,20.39441],[-90.15068,20.39437],[-90.15089,20.39431],[-90.15113,20.3943],[-90.15137,20.39434],[-90.15158,20.3944],[-90.15176,20.39445],[-90.1519,20.39453],[-90.15244,20.39417],[-90.15308,20.39365],[-90.15329,20.39334],[-90.15329,20.39334],[-90.15317,20.39331],[-90.15272,20.39318],[-90.15247,20.3931],[-90.15162,20.39284],[-90.1511,20.3927],[-90.15103,20.39277],[-90.15086,20.39274],[-90.1507,20.39298],[-90.15061,20.3931],[-90.15033,20.3936],[-90.14988,20.39442]]]}},{"type":"Feature","properties":{"cvegeo":"0400100080646","cve_ent":"04","fuente":"INEGI — Marco Geoestadístico 2024","fecha_corte":"2024-08","cve_mun":"04001","cve_ageb":"0646","cve_loc":"0008"},"geometry":{"type":"Polygon","coordinates":[[[-90.13632,20.39537],[-90.13591,20.39654],[-90.13596,20.39657],[-90.13767,20.39708],[-90.13819,20.39591],[-90.13632,20.39537]]]}},{"type":"Feature","properties":{"cvegeo":"0400100040472","cve_ent":"04","fuente":"INEGI — Marco Geoestadístico 2024","fecha_corte":"2024-08","cve_mun":"04001","cve_ageb":"0472","cve_loc":"0004"},"geometry":{"type":"Polygon","coordinates":[[[-90.02459,20.42984],[-90.02422,20.43101],[-90.02535,20.43132],[-90.02655,20.43162],[-90.02765,20.43188],[-90.02893,20.43223],[-90.02894,20.43221],[-90.02933,20.43114],[-90.02803,20.43076],[-90.0274,20.43057],[-90.02674,20.43039],[-90.02588,20.43016],[-90.02459,20.42984],[-90.02459,20.42984]]]}},{"type":"Feature","properties":{"cvegeo":"0400100040631","cve_ent":"04","fuente":"INEGI — Marco Geoestadístico 2024","fecha_corte":"2024-08","cve_mun":"04001","cve_ageb":"0631","cve_loc":"0004"},"geometry":{"type":"Polygon","coordinates":[[[-90.01879,20.44546],[-90.01901,20.44451],[-90.01901,20.4444],[-90.01701,20.44424],[-90.01691,20.4448],[-90.01674,20.44574],[-90.01879,20.44546],[-90.01879,20.44546]]]}},{"type":"Feature","properties":{"cvegeo":"0400100010383","cve_ent":"04","fuente":"INEGI — Marco Geoestadístico 2024","fecha_corte":"2024-08","cve_mun":"04001","cve_ageb":"0383","cve_loc":"0001"},"geometry":{"type":"Polygon","coordinates":[[[-90.04111,20.35854],[-90.04081,20.36178],[-90.04054,20.36447],[-90.04052,20.36466],[-90.03973,20.36457],[-90.03923,20.36445],[-90.03839,20.36419],[-90.03734,20.36407],[-90.03667,20.36612],[-90.03687,20.36605],[-90.03714,20.36605],[-90.03741,20.36608],[-90.03832,20.36617],[-90.03922,20.36629],[-90.03906,20.36777],[-90.03909,20.3679],[-90.03873,20.36786],[-90.03816,20.36776],[-90.03779,20.36772],[-90.03718,20.36768],[-90.03711,20.36904],[-90.03703,20.36985],[-90.03693,20.37118],[-90.03891,20.37114],[-90.03896,20.37112],[-90.03971,20.37109],[-90.03987,20.37112],[-90.03992,20.37111],[-90.04224,20.37109],[-90.04243,20.37111],[-90.04366,20.37107],[-90.0447,20.37115],[-90.045,20.37118],[-90.04509,20.37115],[-90.04513,20.37108],[-90.04517,20.37096],[-90.04527,20.37094],[-90.04566,20.37092],[-90.04626,20.37086],[-90.04628,20.37083],[-90.04637,20.3705],[-90.04661,20.36942],[-90.04742,20.3696],[-90.04839,20.36981],[-90.04864,20.36987],[-90.04977,20.37007],[-90.0506,20.37022],[-90.05071,20.36967],[-90.05094,20.36852],[-90.05136,20.36668],[-90.0517,20.36498],[-90.05174,20.36482],[-90.05176,20.36459],[-90.05147,20.3644],[-90.05108,20.36415],[-90.05075,20.36386],[-90.05023,20.3633],[-90.05011,20.36317],[-90.05001,20.36307],[-90.04988,20.3629],[-90.04972,20.36256],[-90.04971,20.36267],[-90.04954,20.3626],[-90.04857,20.36202],[-90.04801,20.36166],[-90.04777,20.36148],[-90.04753,20.36139],[-90.0474,20.36131],[-90.04697,20.36104],[-90.04608,20.36046],[-90.04574,20.36024],[-90.04447,20.35964],[-90.0438,20.35935],[-90.04335,20.35919],[-90.04325,20.35916],[-90.04112,20.35854],[-90.04111,20.35854]]]}},{"type":"Feature","properties":{"cvegeo":"0400100010491","cve_ent":"04","fuente":"INEGI — Marco Geoestadístico 2024","fecha_corte":"2024-08","cve_mun":"04001","cve_ageb":"0491","cve_loc":"0001"},"geometry":{"type":"Polygon","coordinates":[[[-90.04111,20.35854],[-90.0399,20.35807],[-90.03901,20.35775],[-90.03857,20.35927],[-90.03841,20.35974],[-90.03797,20.36081],[-90.03312,20.35905],[-90.03312,20.35905],[-90.03229,20.36207],[-90.03229,20.36207],[-90.03192,20.36357],[-90.03192,20.36357],[-90.031,20.36702],[-90.03119,20.36695],[-90.03151,20.36688],[-90.03183,20.36687],[-90.03218,20.36688],[-90.03237,20.36688],[-90.03256,20.36686],[-90.03269,20.36683],[-90.03281,20.36678],[-90.03318,20.36664],[-90.03343,20.36655],[-90.03361,20.36653],[-90.03384,20.36655],[-90.03402,20.36662],[-90.03406,20.36663],[-90.03407,20.36663],[-90.03431,20.36669],[-90.03449,20.36669],[-90.03476,20.36664],[-90.03496,20.36652],[-90.03506,20.3666],[-90.03506,20.3666],[-90.03506,20.36663],[-90.03506,20.36663],[-90.03504,20.36765],[-90.03504,20.36765],[-90.03485,20.36888],[-90.03485,20.36888],[-90.03485,20.3689],[-90.03485,20.3689],[-90.03466,20.37012],[-90.03466,20.37012],[-90.03451,20.37132],[-90.03608,20.37125],[-90.03693,20.37118],[-90.03703,20.36985],[-90.03711,20.36904],[-90.03718,20.36768],[-90.03779,20.36772],[-90.03816,20.36776],[-90.03873,20.36786],[-90.03909,20.3679],[-90.03906,20.36777],[-90.03922,20.36629],[-90.03832,20.36617],[-90.03741,20.36608],[-90.03714,20.36605],[-90.03687,20.36605],[-90.03667,20.36612],[-90.03734,20.36407],[-90.03839,20.36419],[-90.03923,20.36445],[-90.03973,20.36457],[-90.04052,20.36466],[-90.04054,20.36447],[-90.04081,20.36178],[-90.04111,20.35854]]]}},{"type":"Feature","properties":{"cvegeo":"0400100010519","cve_ent":"04","fuente":"INEGI — Marco Geoestadístico 2024","fecha_corte":"2024-08","cve_mun":"04001","cve_ageb":"0519","cve_loc":"0001"},"geometry":{"type":"Polygon","coordinates":[[[-90.06373,20.37934],[-90.06361,20.37958],[-90.06439,20.3799],[-90.06446,20.37971],[-90.06496,20.37849],[-90.06496,20.37849],[-90.06429,20.37826],[-90.06429,20.37826],[-90.06416,20.3785],[-90.06395,20.37893],[-90.06373,20.37934]]]}},{"type":"Feature","properties":{"cvegeo":"0400100010561","cve_ent":"04","fuente":"INEGI — Marco Geoestadístico 2024","fecha_corte":"2024-08","cve_mun":"04001","cve_ageb":"0561","cve_loc":"0001"},"geometry":{"type":"Polygon","coordinates":[[[-90.06281,20.36948],[-90.06272,20.37094],[-90.06266,20.37191],[-90.06268,20.37203],[-90.06265,20.3723],[-90.06257,20.37298],[-90.06269,20.373],[-90.06396,20.37293],[-90.06397,20.37292],[-90.06405,20.37194],[-90.06405,20.37194],[-90.06414,20.37086],[-90.06414,20.37086],[-90.06445,20.3708],[-90.06452,20.37026],[-90.06452,20.37026],[-90.06451,20.36915],[-90.06451,20.36915],[-90.06423,20.36923],[-90.06398,20.36926],[-90.06384,20.36929],[-90.06373,20.36929],[-90.06353,20.36926],[-90.06332,20.3692],[-90.06307,20.36914],[-90.06283,20.36914],[-90.06281,20.36948]]]}},{"type":"Feature","properties":{"cvegeo":"0400100010576","cve_ent":"04","fuente":"INEGI — Marco Geoestadístico 2024","fecha_corte":"2024-08","cve_mun":"04001","cve_ageb":"0576","cve_loc":"0001"},"geometry":{"type":"Polygon","coordinates":[[[-90.04546,20.38728],[-90.04551,20.3873],[-90.04631,20.38763],[-90.04634,20.38765],[-90.04634,20.38765],[-90.04634,20.38741],[-90.04633,20.38672],[-90.04631,20.38641],[-90.04625,20.38605],[-90.04611,20.38547],[-90.04602,20.38569],[-90.04602,20.38569],[-90.04584,20.38619],[-90.04584,20.38619],[-90.0456,20.38689],[-90.0456,20.38689],[-90.04546,20.38728]]]}},{"type":"Feature","properties":{"cvegeo":"0400100010627","cve_ent":"04","fuente":"INEGI — Marco Geoestadístico 2024","fecha_corte":"2024-08","cve_mun":"04001","cve_ageb":"0627","cve_loc":"0001"},"geometry":{"type":"Polygon","coordinates":[[[-90.05738,20.35807],[-90.05858,20.35825],[-90.05966,20.35838],[-90.05995,20.35845],[-90.0602,20.35852],[-90.06022,20.35852],[-90.06094,20.35866],[-90.06082,20.35548],[-90.06082,20.35548],[-90.06081,20.35546],[-90.06081,20.35546],[-90.05918,20.35532],[-90.05839,20.35525],[-90.05813,20.35593],[-90.05776,20.35699],[-90.05738,20.35807]]]}},{"type":"Feature","properties":{"cvegeo":"0400100010684","cve_ent":"04","fuente":"INEGI — Marco Geoestadístico 2024","fecha_corte":"2024-08","cve_mun":"04001","cve_ageb":"0684","cve_loc":"0001"},"geometry":{"type":"Polygon","coordinates":[[[-90.04988,20.3629],[-90.05001,20.36307],[-90.05011,20.36317],[-90.05023,20.3633],[-90.05075,20.36386],[-90.05108,20.36415],[-90.05147,20.3644],[-90.05176,20.36459],[-90.05183,20.36445],[-90.05218,20.36275],[-90.05251,20.36132],[-90.05274,20.36022],[-90.05303,20.35904],[-90.05304,20.35871],[-90.05327,20.35787],[-90.05352,20.35615],[-90.05362,20.35519],[-90.05363,20.35511],[-90.05284,20.35494],[-90.05254,20.35488],[-90.05183,20.35483],[-90.05174,20.35483],[-90.05174,20.35484],[-90.05012,20.35467],[-90.04902,20.35448],[-90.04814,20.35411],[-90.04754,20.35385],[-90.04747,20.35382],[-90.04657,20.3534],[-90.0465,20.35336],[-90.04543,20.35288],[-90.04437,20.35236],[-90.04426,20.35231],[-90.043,20.35174],[-90.04187,20.35128],[-90.04178,20.35212],[-90.04269,20.35245],[-90.04398,20.35292],[-90.04502,20.35343],[-90.04506,20.35345],[-90.04506,20.35345],[-90.04466,20.35425],[-90.04409,20.35529],[-90.04366,20.35511],[-90.04344,20.35611],[-90.0433,20.3561],[-90.04299,20.35699],[-90.04299,20.35699],[-90.04298,20.357],[-90.04359,20.35724],[-90.04364,20.35726],[-90.04357,20.35828],[-90.04357,20.35828],[-90.04336,20.35915],[-90.04335,20.35919],[-90.0438,20.35935],[-90.04447,20.35964],[-90.04574,20.36024],[-90.04608,20.36046],[-90.04697,20.36104],[-90.0474,20.36131],[-90.04753,20.36139],[-90.04777,20.36148],[-90.04801,20.36166],[-90.04857,20.36202],[-90.04954,20.3626],[-90.04971,20.36267],[-90.04972,20.36256],[-90.04988,20.3629]]]}},{"type":"Feature","properties":{"cvegeo":"040010001042A","cve_ent":"04","fuente":"INEGI — Marco Geoestadístico 2024","fecha_corte":"2024-08","cve_mun":"04001","cve_ageb":"042A","cve_loc":"0001"},"geometry":{"type":"Polygon","coordinates":[[[-90.06345,20.37796],[-90.06331,20.37815],[-90.06303,20.37855],[-90.06276,20.37893],[-90.06373,20.37934],[-90.06395,20.37893],[-90.06416,20.3785],[-90.06429,20.37826],[-90.06429,20.37826],[-90.06361,20.37802],[-90.06345,20.37796],[-90.06345,20.37796]]]}},{"type":"Feature","properties":{"cvegeo":"0400100040311","cve_ent":"04","fuente":"INEGI — Marco Geoestadístico 2024","fecha_corte":"2024-08","cve_mun":"04001","cve_ageb":"0311","cve_loc":"0004"},"geometry":{"type":"Polygon","coordinates":[[[-90.03382,20.45231],[-90.03382,20.45231],[-90.03393,20.45193],[-90.04308,20.45281],[-90.04309,20.45281],[-90.04309,20.45281],[-90.04313,20.45278],[-90.04317,20.45275],[-90.04316,20.45274],[-90.04226,20.45208],[-90.04226,20.45208],[-90.04226,20.45208],[-90.04227,20.45207],[-90.0431,20.45102],[-90.04278,20.45083],[-90.04148,20.45001],[-90.04161,20.44976],[-90.04189,20.44923],[-90.0402,20.44414],[-90.04019,20.4441],[-90.04003,20.44369],[-90.04005,20.44369],[-90.04005,20.44369],[-90.04045,20.44371],[-90.0415,20.44374],[-90.0415,20.44374],[-90.04151,20.44359],[-90.0416,20.44223],[-90.0416,20.4422],[-90.04091,20.44216],[-90.04032,20.44213],[-90.04026,20.4421],[-90.0385,20.44114],[-90.03797,20.44109],[-90.03772,20.44088],[-90.03542,20.439],[-90.03552,20.43716],[-90.03544,20.43687],[-90.03535,20.43678],[-90.03361,20.43538],[-90.03347,20.43533],[-90.03343,20.43553],[-90.0334,20.43567],[-90.03339,20.43583],[-90.03335,20.43608],[-90.03331,20.43655],[-90.03328,20.43662],[-90.03319,20.43687],[-90.03323,20.43702],[-90.03515,20.43716],[-90.03402,20.43915],[-90.03397,20.43919],[-90.03386,20.43921],[-90.03296,20.43931],[-90.03296,20.43983],[-90.03293,20.4402],[-90.03287,20.44106],[-90.03285,20.44155],[-90.03264,20.44366],[-90.03251,20.44473],[-90.03247,20.44507],[-90.03228,20.44708],[-90.03222,20.44781],[-90.03201,20.44906],[-90.03189,20.45039],[-90.03194,20.45046],[-90.03212,20.45072],[-90.03243,20.45122],[-90.03293,20.45175],[-90.03298,20.45178],[-90.03307,20.45183],[-90.03308,20.45184],[-90.03382,20.45231]]]}},{"type":"Feature","properties":{"cvegeo":"0400100010523","cve_ent":"04","fuente":"INEGI — Marco Geoestadístico 2024","fecha_corte":"2024-08","cve_mun":"04001","cve_ageb":"0523","cve_loc":"0001"},"geometry":{"type":"Polygon","coordinates":[[[-90.06341,20.38218],[-90.06465,20.38275],[-90.06533,20.38329],[-90.06533,20.38329],[-90.06538,20.38314],[-90.06562,20.38243],[-90.06562,20.38243],[-90.06607,20.38112],[-90.06607,20.38112],[-90.06639,20.38032],[-90.06701,20.37877],[-90.06701,20.37877],[-90.06689,20.37875],[-90.06584,20.37862],[-90.06496,20.37849],[-90.06496,20.37849],[-90.06446,20.37971],[-90.06439,20.3799],[-90.06363,20.38164],[-90.06341,20.38218]]]}},{"type":"Feature","properties":{"cvegeo":"0400100010326","cve_ent":"04","fuente":"INEGI — Marco Geoestadístico 2024","fecha_corte":"2024-08","cve_mun":"04001","cve_ageb":"0326","cve_loc":"0001"},"geometry":{"type":"Polygon","coordinates":[[[-90.05998,20.36616],[-90.05999,20.36631],[-90.05996,20.36651],[-90.05991,20.36666],[-90.05977,20.36694],[-90.05993,20.36692],[-90.06044,20.36689],[-90.0607,20.36685],[-90.06106,20.3667],[-90.06133,20.36653],[-90.06204,20.36639],[-90.06237,20.36626],[-90.0626,20.36625],[-90.06299,20.36628],[-90.06372,20.36637],[-90.06382,20.36639],[-90.06392,20.36647],[-90.064,20.36615],[-90.064,20.36615],[-90.06552,20.36649],[-90.06554,20.36645],[-90.06554,20.36645],[-90.06585,20.36577],[-90.06585,20.36577],[-90.06633,20.3644],[-90.06633,20.3644],[-90.06534,20.36411],[-90.06545,20.36361],[-90.06545,20.36361],[-90.06447,20.36357],[-90.06438,20.36357],[-90.06438,20.36357],[-90.06447,20.36346],[-90.06472,20.36313],[-90.06491,20.36282],[-90.06491,20.36282],[-90.06499,20.36263],[-90.06499,20.36263],[-90.06532,20.36233],[-90.06534,20.3621],[-90.06534,20.3621],[-90.06539,20.36194],[-90.06539,20.36194],[-90.06549,20.36186],[-90.06563,20.36182],[-90.06569,20.36183],[-90.06574,20.36184],[-90.06601,20.36188],[-90.06601,20.36188],[-90.06603,20.36187],[-90.0662,20.36175],[-90.06632,20.36165],[-90.06643,20.36155],[-90.06651,20.36142],[-90.06658,20.3613],[-90.06665,20.36108],[-90.06665,20.36108],[-90.06675,20.3608],[-90.06675,20.3608],[-90.06676,20.36078],[-90.06676,20.36078],[-90.0666,20.36076],[-90.0662,20.36071],[-90.06576,20.36081],[-90.06529,20.36093],[-90.06525,20.36094],[-90.06525,20.36094],[-90.06513,20.36093],[-90.06511,20.36092],[-90.06509,20.36093],[-90.0642,20.36124],[-90.06406,20.36127],[-90.06389,20.3613],[-90.06384,20.36131],[-90.06356,20.36135],[-90.06348,20.36133],[-90.06341,20.36133],[-90.06336,20.36133],[-90.06329,20.3614],[-90.06324,20.36145],[-90.06315,20.36152],[-90.063,20.36158],[-90.06289,20.36157],[-90.06277,20.36152],[-90.06276,20.36151],[-90.06261,20.36168],[-90.06256,20.36173],[-90.0624,20.36149],[-90.06227,20.36144],[-90.06209,20.3613],[-90.06195,20.36116],[-90.06181,20.36099],[-90.06176,20.36087],[-90.06092,20.36042],[-90.06071,20.36039],[-90.06035,20.3604],[-90.06002,20.36045],[-90.05974,20.36055],[-90.05951,20.36062],[-90.05914,20.36053],[-90.05946,20.36002],[-90.05987,20.35956],[-90.06012,20.35961],[-90.06036,20.35929],[-90.06094,20.35866],[-90.06022,20.35852],[-90.0602,20.35852],[-90.05995,20.35845],[-90.05966,20.35838],[-90.05858,20.35825],[-90.05738,20.35807],[-90.05717,20.35861],[-90.05676,20.35962],[-90.05671,20.35976],[-90.05596,20.36184],[-90.05564,20.36281],[-90.05608,20.36291],[-90.05686,20.363],[-90.05742,20.36305],[-90.05765,20.36308],[-90.0581,20.36332],[-90.058,20.3635],[-90.05755,20.36409],[-90.05812,20.36416],[-90.05859,20.36474],[-90.05863,20.36474],[-90.05899,20.36477],[-90.05919,20.36493],[-90.05956,20.3653],[-90.0597,20.36552],[-90.05977,20.36563],[-90.05979,20.36574],[-90.05993,20.36597],[-90.05998,20.36616]]]}},{"type":"Feature","properties":{"cvegeo":"0400100010612","cve_ent":"04","fuente":"INEGI — Marco Geoestadístico 2024","fecha_corte":"2024-08","cve_mun":"04001","cve_ageb":"0612","cve_loc":"0001"},"geometry":{"type":"Polygon","coordinates":[[[-90.05939,20.38276],[-90.05995,20.38287],[-90.06282,20.3832],[-90.06305,20.38323],[-90.06305,20.38323],[-90.06418,20.38388],[-90.06491,20.3843],[-90.06524,20.3835],[-90.06524,20.3835],[-90.06533,20.38329],[-90.06533,20.38329],[-90.06533,20.38329],[-90.06465,20.38275],[-90.06341,20.38218],[-90.05943,20.38064],[-90.05943,20.38143],[-90.05942,20.38189],[-90.05939,20.38276]]]}},{"type":"Feature","properties":{"cvegeo":"0400100010557","cve_ent":"04","fuente":"INEGI — Marco Geoestadístico 2024","fecha_corte":"2024-08","cve_mun":"04001","cve_ageb":"0557","cve_loc":"0001"},"geometry":{"type":"Polygon","coordinates":[[[-90.03451,20.37132],[-90.03451,20.37132],[-90.03435,20.37262],[-90.03317,20.37258],[-90.03317,20.37258],[-90.03308,20.37373],[-90.03308,20.37373],[-90.03302,20.37519],[-90.03331,20.37499],[-90.03356,20.37492],[-90.03393,20.37484],[-90.03409,20.3748],[-90.03498,20.37473],[-90.0354,20.37473],[-90.03619,20.37469],[-90.03671,20.37469],[-90.03673,20.37346],[-90.03696,20.37294],[-90.03693,20.37118],[-90.03608,20.37125],[-90.03451,20.37132]]]}},{"type":"Feature","properties":{"cvegeo":"0400100010345","cve_ent":"04","fuente":"INEGI — Marco Geoestadístico 2024","fecha_corte":"2024-08","cve_mun":"04001","cve_ageb":"0345","cve_loc":"0001"},"geometry":{"type":"Polygon","coordinates":[[[-90.04498,20.3812],[-90.04498,20.3812],[-90.04498,20.3812],[-90.04498,20.3812],[-90.04595,20.385],[-90.04595,20.385],[-90.04605,20.38541],[-90.04611,20.38547],[-90.04611,20.38547],[-90.04625,20.38605],[-90.04631,20.38641],[-90.04633,20.38672],[-90.04634,20.38741],[-90.04634,20.38765],[-90.0465,20.38763],[-90.04684,20.38668],[-90.04752,20.38488],[-90.04799,20.38357],[-90.04882,20.38125],[-90.04909,20.38053],[-90.04966,20.37909],[-90.04984,20.37857],[-90.05005,20.37805],[-90.05011,20.37789],[-90.05057,20.37664],[-90.05108,20.37525],[-90.05151,20.37407],[-90.0518,20.37335],[-90.05182,20.37322],[-90.05226,20.37202],[-90.0523,20.37199],[-90.05278,20.37063],[-90.05296,20.3702],[-90.05299,20.37005],[-90.05195,20.36992],[-90.05125,20.36977],[-90.05071,20.36967],[-90.0506,20.37022],[-90.04977,20.37007],[-90.04864,20.36987],[-90.04839,20.36981],[-90.04742,20.3696],[-90.04661,20.36942],[-90.04637,20.3705],[-90.04628,20.37083],[-90.04626,20.37086],[-90.04566,20.37092],[-90.04527,20.37094],[-90.04517,20.37096],[-90.04513,20.37108],[-90.04509,20.37115],[-90.045,20.37118],[-90.0447,20.37115],[-90.04366,20.37107],[-90.04243,20.37111],[-90.04224,20.37109],[-90.03992,20.37111],[-90.03987,20.37112],[-90.03971,20.37109],[-90.03896,20.37112],[-90.03891,20.37114],[-90.03693,20.37118],[-90.03696,20.37294],[-90.03673,20.37346],[-90.03671,20.37469],[-90.03619,20.37469],[-90.0354,20.37473],[-90.03498,20.37473],[-90.03409,20.3748],[-90.03393,20.37484],[-90.03356,20.37492],[-90.03331,20.37499],[-90.03302,20.37519],[-90.03238,20.37564],[-90.03129,20.37616],[-90.03129,20.37616],[-90.0317,20.37707],[-90.03301,20.37661],[-90.03496,20.37726],[-90.03519,20.37776],[-90.03557,20.37803],[-90.03557,20.37803],[-90.03557,20.37824],[-90.03547,20.37842],[-90.03794,20.37874],[-90.03902,20.37881],[-90.03906,20.3785],[-90.03906,20.3785],[-90.0391,20.3782],[-90.0391,20.3782],[-90.0392,20.37742],[-90.0392,20.37742],[-90.0392,20.37737],[-90.04037,20.37772],[-90.04037,20.37772],[-90.04036,20.37775],[-90.04036,20.37775],[-90.04023,20.37864],[-90.04023,20.37864],[-90.04019,20.37885],[-90.04019,20.37885],[-90.04014,20.37922],[-90.04014,20.37922],[-90.04005,20.37987],[-90.03996,20.3803],[-90.03999,20.38075],[-90.04062,20.38087],[-90.04119,20.38097],[-90.04151,20.38068],[-90.04178,20.38047],[-90.04498,20.3812]]]}},{"type":"Feature","properties":{"cvegeo":"0400100040307","cve_ent":"04","fuente":"INEGI — Marco Geoestadístico 2024","fecha_corte":"2024-08","cve_mun":"04001","cve_ageb":"0307","cve_loc":"0004"},"geometry":{"type":"Polygon","coordinates":[[[-90.02105,20.44052],[-90.02136,20.44059],[-90.02324,20.44099],[-90.02329,20.441],[-90.02435,20.44113],[-90.02478,20.44118],[-90.02555,20.44124],[-90.02603,20.44125],[-90.02696,20.44119],[-90.02776,20.44119],[-90.02813,20.44113],[-90.0285,20.44112],[-90.03031,20.44107],[-90.03189,20.44106],[-90.03287,20.44106],[-90.03293,20.4402],[-90.03296,20.43983],[-90.03296,20.43931],[-90.03386,20.43921],[-90.03397,20.43919],[-90.03402,20.43915],[-90.03515,20.43716],[-90.03323,20.43702],[-90.03319,20.43687],[-90.03328,20.43662],[-90.03331,20.43655],[-90.03335,20.43608],[-90.03339,20.43583],[-90.0334,20.43567],[-90.03343,20.43553],[-90.03347,20.43533],[-90.03361,20.43538],[-90.03373,20.43409],[-90.03373,20.43409],[-90.03354,20.43396],[-90.03163,20.42754],[-90.03195,20.42659],[-90.03195,20.42659],[-90.03118,20.4264],[-90.03115,20.42639],[-90.03134,20.42585],[-90.03137,20.42575],[-90.03148,20.42542],[-90.03177,20.42459],[-90.0319,20.42418],[-90.03206,20.42373],[-90.03206,20.42373],[-90.03206,20.42373],[-90.03202,20.42372],[-90.03072,20.42344],[-90.03072,20.42344],[-90.03049,20.42421],[-90.03049,20.42421],[-90.03046,20.4242],[-90.02932,20.42387],[-90.02802,20.42349],[-90.02802,20.4235],[-90.02801,20.42351],[-90.02765,20.42427],[-90.02715,20.42523],[-90.02866,20.42581],[-90.02865,20.42583],[-90.02818,20.42734],[-90.0271,20.42703],[-90.02652,20.4287],[-90.02652,20.4287],[-90.02627,20.42963],[-90.02604,20.42959],[-90.02599,20.42979],[-90.02589,20.43012],[-90.02588,20.43016],[-90.02674,20.43039],[-90.0274,20.43057],[-90.02803,20.43076],[-90.02933,20.43114],[-90.02894,20.43221],[-90.02893,20.43223],[-90.02765,20.43188],[-90.02655,20.43162],[-90.02535,20.43132],[-90.02522,20.43197],[-90.02518,20.43211],[-90.02465,20.43202],[-90.02407,20.43198],[-90.024,20.43283],[-90.02362,20.4328],[-90.0197,20.43207],[-90.0197,20.43207],[-90.01935,20.43405],[-90.01918,20.43488],[-90.01911,20.43527],[-90.01911,20.43527],[-90.01715,20.43458],[-90.01715,20.43459],[-90.01674,20.43597],[-90.0167,20.43607],[-90.01625,20.43747],[-90.01622,20.43817],[-90.01606,20.44015],[-90.0161,20.44016],[-90.01772,20.44023],[-90.01776,20.44023],[-90.01862,20.44029],[-90.01941,20.44032],[-90.0204,20.44039],[-90.02105,20.44052]]]}},{"type":"Feature","properties":{"cvegeo":"0400100080364","cve_ent":"04","fuente":"INEGI — Marco Geoestadístico 2024","fecha_corte":"2024-08","cve_mun":"04001","cve_ageb":"0364","cve_loc":"0008"},"geometry":{"type":"Polygon","coordinates":[[[-90.15094,20.41124],[-90.15108,20.41151],[-90.15111,20.41157],[-90.15112,20.41157],[-90.15116,20.41153],[-90.15118,20.41151],[-90.15126,20.41139],[-90.15137,20.41133],[-90.15152,20.4113],[-90.15152,20.4113],[-90.15162,20.41129],[-90.15182,20.41131],[-90.15187,20.41134],[-90.15204,20.4114],[-90.15216,20.41145],[-90.15229,20.41148],[-90.1523,20.41155],[-90.15233,20.41163],[-90.15241,20.41166],[-90.15248,20.41166],[-90.15248,20.41166],[-90.15259,20.4116],[-90.15259,20.4116],[-90.15266,20.41162],[-90.15266,20.41162],[-90.15273,20.41161],[-90.15273,20.41161],[-90.15277,20.41157],[-90.15278,20.41149],[-90.1528,20.41129],[-90.15285,20.41122],[-90.15293,20.41104],[-90.15297,20.41092],[-90.15321,20.41078],[-90.15321,20.41078],[-90.15331,20.41079],[-90.15332,20.41089],[-90.15332,20.41104],[-90.15345,20.41113],[-90.15356,20.41136],[-90.15365,20.4115],[-90.15375,20.41152],[-90.15375,20.41152],[-90.1539,20.41152],[-90.15399,20.4115],[-90.15407,20.41146],[-90.15423,20.41142],[-90.15431,20.4114],[-90.15431,20.4114],[-90.15442,20.41148],[-90.15451,20.41162],[-90.15512,20.41166],[-90.15512,20.41166],[-90.1554,20.41163],[-90.15551,20.41163],[-90.15555,20.4116],[-90.15558,20.41149],[-90.15558,20.41149],[-90.15553,20.4114],[-90.15545,20.41123],[-90.15543,20.41087],[-90.15543,20.41076],[-90.15543,20.41073],[-90.15536,20.41064],[-90.15528,20.4106],[-90.15524,20.41052],[-90.15523,20.41033],[-90.15463,20.40936],[-90.15466,20.40932],[-90.15486,20.40901],[-90.15502,20.40879],[-90.15503,20.40877],[-90.15519,20.40863],[-90.15587,20.40804],[-90.15674,20.40702],[-90.1571,20.40631],[-90.15744,20.40562],[-90.15769,20.40513],[-90.15776,20.40498],[-90.15778,20.40494],[-90.15765,20.40485],[-90.15754,20.40474],[-90.15744,20.40465],[-90.15739,20.40448],[-90.15727,20.40436],[-90.15725,20.40427],[-90.15694,20.40394],[-90.15686,20.40387],[-90.15621,20.40315],[-90.15542,20.4022],[-90.15627,20.40229],[-90.15804,20.40251],[-90.15935,20.40269],[-90.15954,20.40271],[-90.15969,20.40273],[-90.15969,20.40273],[-90.15977,20.40237],[-90.15979,20.40225],[-90.15979,20.40224],[-90.16017,20.40029],[-90.16017,20.40029],[-90.16073,20.3989],[-90.16113,20.39767],[-90.16113,20.39766],[-90.16062,20.39741],[-90.1598,20.39729],[-90.15904,20.39723],[-90.1585,20.39726],[-90.15824,20.39722],[-90.15746,20.39731],[-90.15716,20.3974],[-90.15624,20.39733],[-90.15534,20.39745],[-90.15366,20.39837],[-90.15333,20.39845],[-90.15296,20.3984],[-90.15302,20.39792],[-90.15303,20.39784],[-90.15304,20.39779],[-90.15311,20.39735],[-90.15315,20.39707],[-90.15316,20.39702],[-90.15334,20.39641],[-90.15334,20.39641],[-90.15334,20.3964],[-90.15366,20.39533],[-90.15367,20.39532],[-90.15323,20.3951],[-90.15348,20.39423],[-90.15363,20.39314],[-90.15343,20.39324],[-90.15329,20.39334],[-90.15308,20.39365],[-90.15244,20.39417],[-90.1519,20.39453],[-90.15176,20.39445],[-90.15158,20.3944],[-90.15137,20.39434],[-90.15113,20.3943],[-90.15089,20.39431],[-90.15068,20.39437],[-90.15058,20.39441],[-90.15042,20.39443],[-90.15017,20.39448],[-90.15005,20.39448],[-90.14988,20.39442],[-90.14963,20.39482],[-90.14927,20.39538],[-90.14907,20.39572],[-90.14887,20.39602],[-90.14855,20.39709],[-90.14833,20.39805],[-90.1482,20.39858],[-90.14809,20.39905],[-90.14803,20.3993],[-90.14796,20.39963],[-90.14778,20.40048],[-90.14773,20.40078],[-90.14769,20.40077],[-90.14757,20.4014],[-90.14756,20.40143],[-90.14759,20.40147],[-90.14752,20.40187],[-90.1474,20.40204],[-90.14739,20.40223],[-90.14713,20.40338],[-90.14696,20.4041],[-90.14677,20.40492],[-90.14657,20.40573],[-90.14623,20.40736],[-90.14654,20.40735],[-90.14662,20.40735],[-90.14682,20.40732],[-90.147,20.40726],[-90.14715,20.40724],[-90.14736,20.40721],[-90.14737,20.40729],[-90.14741,20.40731],[-90.14751,20.40739],[-90.14832,20.40765],[-90.14887,20.40782],[-90.14916,20.40791],[-90.14978,20.40796],[-90.14992,20.40801],[-90.15033,20.40813],[-90.15033,20.40822],[-90.15033,20.40842],[-90.1503,20.4089],[-90.15028,20.4091],[-90.15028,20.4091],[-90.15029,20.40911],[-90.15056,20.4095],[-90.15067,20.4099],[-90.15068,20.41021],[-90.1508,20.41056],[-90.15094,20.41124]]]}},{"type":"Feature","properties":{"cvegeo":"040010001035A","cve_ent":"04","fuente":"INEGI — Marco Geoestadístico 2024","fecha_corte":"2024-08","cve_mun":"04001","cve_ageb":"035A","cve_loc":"0001"},"geometry":{"type":"Polygon","coordinates":[[[-90.04799,20.38357],[-90.04912,20.38391],[-90.04966,20.38404],[-90.051,20.38424],[-90.0514,20.38421],[-90.0524,20.38416],[-90.05472,20.38403],[-90.05496,20.38467],[-90.05529,20.38581],[-90.05545,20.38641],[-90.05577,20.38763],[-90.05701,20.38757],[-90.05707,20.38762],[-90.05734,20.38858],[-90.05845,20.38855],[-90.05917,20.38854],[-90.0593,20.3886],[-90.0593,20.3886],[-90.05928,20.38856],[-90.05878,20.38746],[-90.05877,20.38745],[-90.05877,20.38745],[-90.05905,20.38733],[-90.06007,20.38713],[-90.06008,20.38713],[-90.06006,20.38707],[-90.05974,20.38616],[-90.05974,20.38615],[-90.05907,20.38632],[-90.05874,20.38639],[-90.05852,20.38571],[-90.05866,20.38469],[-90.05866,20.38469],[-90.05846,20.38358],[-90.05836,20.38302],[-90.05836,20.38302],[-90.05939,20.38276],[-90.05942,20.38189],[-90.05943,20.38143],[-90.05943,20.38064],[-90.06341,20.38218],[-90.06363,20.38164],[-90.06439,20.3799],[-90.06361,20.37958],[-90.06373,20.37934],[-90.06276,20.37893],[-90.06303,20.37855],[-90.06331,20.37815],[-90.06345,20.37796],[-90.06345,20.37796],[-90.06331,20.37791],[-90.06223,20.37743],[-90.06208,20.37738],[-90.05887,20.37603],[-90.05803,20.3757],[-90.05801,20.37569],[-90.05791,20.37564],[-90.05643,20.37492],[-90.05629,20.37485],[-90.05618,20.37481],[-90.05612,20.37479],[-90.05593,20.37477],[-90.0558,20.37471],[-90.05572,20.37449],[-90.05564,20.37438],[-90.05499,20.37407],[-90.05477,20.37394],[-90.05455,20.37377],[-90.05496,20.37315],[-90.05503,20.37279],[-90.05497,20.37143],[-90.0551,20.37116],[-90.05473,20.37104],[-90.05399,20.37087],[-90.05359,20.37078],[-90.0529,20.37064],[-90.05278,20.37063],[-90.0523,20.37199],[-90.05226,20.37202],[-90.05182,20.37322],[-90.0518,20.37335],[-90.05151,20.37407],[-90.05108,20.37525],[-90.05057,20.37664],[-90.05011,20.37789],[-90.05005,20.37805],[-90.04984,20.37857],[-90.04966,20.37909],[-90.04909,20.38053],[-90.04882,20.38125],[-90.04799,20.38357]]]}},{"type":"Feature","properties":{"cvegeo":"0400100010650","cve_ent":"04","fuente":"INEGI — Marco Geoestadístico 2024","fecha_corte":"2024-08","cve_mun":"04001","cve_ageb":"0650","cve_loc":"0001"},"geometry":{"type":"Polygon","coordinates":[[[-90.05458,20.34635],[-90.05458,20.34634],[-90.05479,20.34633],[-90.0559,20.34647],[-90.05651,20.34654],[-90.0569,20.34658],[-90.05793,20.34668],[-90.05793,20.34668],[-90.05805,20.34574],[-90.05808,20.34548],[-90.05702,20.34537],[-90.05712,20.34454],[-90.05694,20.34452],[-90.05599,20.34442],[-90.05552,20.34437],[-90.05492,20.34431],[-90.05491,20.34431],[-90.05492,20.34428],[-90.05492,20.34428],[-90.05476,20.34426],[-90.05476,20.34426],[-90.05475,20.3443],[-90.05475,20.3443],[-90.05474,20.34444],[-90.05422,20.34439],[-90.05416,20.34437],[-90.05395,20.34434],[-90.04916,20.34374],[-90.04273,20.34311],[-90.04266,20.3431],[-90.04266,20.3431],[-90.0425,20.34498],[-90.04373,20.34515],[-90.04485,20.34528],[-90.04588,20.34539],[-90.04696,20.34551],[-90.0486,20.34569],[-90.04966,20.34581],[-90.05131,20.346],[-90.05241,20.34612],[-90.05388,20.34625],[-90.05458,20.34635]]]}},{"type":"Feature","properties":{"cvegeo":"0400100010699","cve_ent":"04","fuente":"INEGI — Marco Geoestadístico 2024","fecha_corte":"2024-08","cve_mun":"04001","cve_ageb":"0699","cve_loc":"0001"},"geometry":{"type":"Polygon","coordinates":[[[-90.05284,20.35494],[-90.05363,20.35511],[-90.05368,20.35491],[-90.05385,20.35337],[-90.05387,20.35316],[-90.05392,20.35266],[-90.05397,20.35266],[-90.05401,20.35265],[-90.05404,20.35263],[-90.05406,20.3526],[-90.05408,20.35256],[-90.05408,20.35255],[-90.05408,20.35253],[-90.05408,20.35251],[-90.05408,20.3525],[-90.05408,20.35249],[-90.05408,20.35247],[-90.05407,20.35245],[-90.05406,20.35244],[-90.05406,20.35243],[-90.05404,20.35241],[-90.054,20.35238],[-90.05395,20.35238],[-90.05403,20.35161],[-90.05405,20.35151],[-90.05433,20.34901],[-90.05434,20.34879],[-90.05434,20.34879],[-90.05444,20.34782],[-90.05447,20.34758],[-90.05455,20.3469],[-90.05458,20.34635],[-90.05388,20.34625],[-90.05241,20.34612],[-90.05131,20.346],[-90.04966,20.34581],[-90.0486,20.34569],[-90.04696,20.34551],[-90.04588,20.34539],[-90.04485,20.34528],[-90.04373,20.34515],[-90.0425,20.34498],[-90.04236,20.34613],[-90.04359,20.34634],[-90.04475,20.34641],[-90.04579,20.34653],[-90.04687,20.34664],[-90.04837,20.34676],[-90.04951,20.34688],[-90.0495,20.347],[-90.04929,20.34737],[-90.04929,20.34737],[-90.0491,20.34778],[-90.0491,20.34778],[-90.04911,20.34782],[-90.04803,20.34781],[-90.04781,20.34781],[-90.04767,20.34806],[-90.04738,20.3486],[-90.04738,20.3486],[-90.04735,20.34867],[-90.04735,20.34867],[-90.0469,20.34953],[-90.0469,20.34953],[-90.04675,20.34985],[-90.04675,20.34985],[-90.04657,20.35022],[-90.04566,20.34981],[-90.0456,20.34976],[-90.04434,20.34909],[-90.04375,20.35007],[-90.04375,20.35007],[-90.04375,20.35007],[-90.04375,20.35007],[-90.04335,20.35095],[-90.04335,20.35095],[-90.04335,20.35095],[-90.04301,20.35172],[-90.043,20.35174],[-90.04426,20.35231],[-90.04437,20.35236],[-90.04543,20.35288],[-90.0465,20.35336],[-90.04657,20.3534],[-90.04747,20.35382],[-90.04754,20.35385],[-90.04814,20.35411],[-90.04902,20.35448],[-90.05012,20.35467],[-90.05174,20.35484],[-90.05174,20.35483],[-90.05183,20.35483],[-90.05254,20.35488],[-90.05284,20.35494]]]}},{"type":"Feature","properties":{"cvegeo":"0400100010538","cve_ent":"04","fuente":"INEGI — Marco Geoestadístico 2024","fecha_corte":"2024-08","cve_mun":"04001","cve_ageb":"0538","cve_loc":"0001"},"geometry":{"type":"Polygon","coordinates":[[[-90.04665,20.39028],[-90.0474,20.39075],[-90.047,20.39133],[-90.04807,20.3922],[-90.04807,20.3922],[-90.0485,20.39142],[-90.04897,20.39071],[-90.04926,20.39024],[-90.04937,20.39006],[-90.04952,20.38988],[-90.05033,20.39047],[-90.04979,20.39133],[-90.05081,20.39188],[-90.05122,20.39193],[-90.05138,20.39217],[-90.05324,20.39195],[-90.05324,20.3919],[-90.05417,20.39178],[-90.05571,20.39147],[-90.05568,20.39135],[-90.05674,20.39109],[-90.05673,20.39102],[-90.05718,20.39097],[-90.0579,20.39089],[-90.05763,20.38973],[-90.05763,20.38973],[-90.05883,20.38964],[-90.06004,20.38942],[-90.06004,20.38942],[-90.0593,20.3886],[-90.0593,20.3886],[-90.05917,20.38854],[-90.05845,20.38855],[-90.05734,20.38858],[-90.05707,20.38762],[-90.05701,20.38757],[-90.05577,20.38763],[-90.05545,20.38641],[-90.05529,20.38581],[-90.05496,20.38467],[-90.05472,20.38403],[-90.0524,20.38416],[-90.0514,20.38421],[-90.051,20.38424],[-90.04966,20.38404],[-90.04912,20.38391],[-90.04799,20.38357],[-90.04752,20.38488],[-90.04684,20.38668],[-90.0465,20.38763],[-90.0465,20.38763],[-90.0463,20.38817],[-90.04596,20.38916],[-90.04709,20.38961],[-90.04716,20.38953],[-90.04726,20.38953],[-90.04665,20.39028]]]}},{"type":"Feature","properties":{"cvegeo":"0400100010275","cve_ent":"04","fuente":"INEGI — Marco Geoestadístico 2024","fecha_corte":"2024-08","cve_mun":"04001","cve_ageb":"0275","cve_loc":"0001"},"geometry":{"type":"Polygon","coordinates":[[[-90.05359,20.37078],[-90.05399,20.37087],[-90.05473,20.37104],[-90.0551,20.37116],[-90.05497,20.37143],[-90.05503,20.37279],[-90.05496,20.37315],[-90.05455,20.37377],[-90.05477,20.37394],[-90.05499,20.37407],[-90.05564,20.37438],[-90.05572,20.37449],[-90.0558,20.37471],[-90.05593,20.37477],[-90.05612,20.37479],[-90.05618,20.37481],[-90.05629,20.37485],[-90.05643,20.37492],[-90.05791,20.37564],[-90.05801,20.37569],[-90.05803,20.3757],[-90.05887,20.37603],[-90.06208,20.37738],[-90.06223,20.37743],[-90.06242,20.37565],[-90.06242,20.37565],[-90.06249,20.37494],[-90.06249,20.37494],[-90.06255,20.37441],[-90.06255,20.37441],[-90.0626,20.37387],[-90.0626,20.37387],[-90.06269,20.37301],[-90.06269,20.37301],[-90.06269,20.373],[-90.06269,20.373],[-90.06257,20.37298],[-90.06265,20.3723],[-90.06268,20.37203],[-90.06266,20.37191],[-90.06272,20.37094],[-90.06281,20.36948],[-90.06283,20.36914],[-90.06307,20.36914],[-90.06332,20.3692],[-90.06353,20.36926],[-90.06373,20.36929],[-90.06373,20.36929],[-90.06392,20.36647],[-90.06392,20.36647],[-90.06382,20.36639],[-90.06372,20.36637],[-90.06299,20.36628],[-90.0626,20.36625],[-90.06237,20.36626],[-90.06204,20.36639],[-90.06133,20.36653],[-90.06106,20.3667],[-90.0607,20.36685],[-90.06044,20.36689],[-90.05993,20.36692],[-90.05977,20.36694],[-90.05991,20.36666],[-90.05996,20.36651],[-90.05999,20.36631],[-90.05998,20.36616],[-90.05993,20.36597],[-90.05979,20.36574],[-90.05977,20.36563],[-90.0597,20.36552],[-90.05956,20.3653],[-90.05919,20.36493],[-90.05899,20.36477],[-90.05863,20.36474],[-90.05859,20.36474],[-90.05812,20.36416],[-90.05755,20.36409],[-90.058,20.3635],[-90.0581,20.36332],[-90.05765,20.36308],[-90.05742,20.36305],[-90.05686,20.363],[-90.05608,20.36291],[-90.05564,20.36281],[-90.05596,20.36184],[-90.05671,20.35976],[-90.05676,20.35962],[-90.05717,20.35861],[-90.05738,20.35807],[-90.05776,20.35699],[-90.05813,20.35593],[-90.05839,20.35525],[-90.05918,20.35532],[-90.05918,20.3553],[-90.05921,20.35511],[-90.05921,20.35511],[-90.0593,20.3545],[-90.05951,20.35394],[-90.05986,20.35402],[-90.06009,20.35351],[-90.05939,20.35335],[-90.05922,20.35331],[-90.05904,20.35326],[-90.05926,20.35266],[-90.05926,20.35266],[-90.05941,20.35222],[-90.05941,20.35222],[-90.05957,20.35176],[-90.05957,20.35176],[-90.05989,20.35089],[-90.05989,20.35089],[-90.06027,20.34986],[-90.06027,20.34986],[-90.06062,20.34889],[-90.06062,20.34889],[-90.05984,20.34879],[-90.05955,20.34876],[-90.05918,20.34875],[-90.05852,20.34872],[-90.0581,20.34873],[-90.05578,20.34878],[-90.05438,20.34879],[-90.05434,20.34879],[-90.05434,20.34879],[-90.05433,20.34901],[-90.05405,20.35151],[-90.05403,20.35161],[-90.05395,20.35238],[-90.054,20.35238],[-90.05404,20.35241],[-90.05406,20.35243],[-90.05406,20.35244],[-90.05407,20.35245],[-90.05408,20.35247],[-90.05408,20.35249],[-90.05408,20.3525],[-90.05408,20.35251],[-90.05408,20.35253],[-90.05408,20.35255],[-90.05408,20.35256],[-90.05406,20.3526],[-90.05404,20.35263],[-90.05401,20.35265],[-90.05397,20.35266],[-90.05392,20.35266],[-90.05387,20.35316],[-90.05385,20.35337],[-90.05368,20.35491],[-90.05363,20.35511],[-90.05362,20.35519],[-90.05352,20.35615],[-90.05327,20.35787],[-90.05304,20.35871],[-90.05303,20.35904],[-90.05274,20.36022],[-90.05251,20.36132],[-90.05218,20.36275],[-90.05183,20.36445],[-90.05176,20.36459],[-90.05174,20.36482],[-90.0517,20.36498],[-90.05136,20.36668],[-90.05094,20.36852],[-90.05071,20.36967],[-90.05125,20.36977],[-90.05195,20.36992],[-90.05299,20.37005],[-90.05296,20.3702],[-90.05278,20.37063],[-90.0529,20.37064],[-90.05359,20.37078]]]}},{"type":"Feature","properties":{"cvegeo":"0400100080379","cve_ent":"04","fuente":"INEGI — Marco Geoestadístico 2024","fecha_corte":"2024-08","cve_mun":"04001","cve_ageb":"0379","cve_loc":"0008"},"geometry":{"type":"Polygon","coordinates":[[[-90.13859,20.40991],[-90.13882,20.40996],[-90.13887,20.41011],[-90.13895,20.41016],[-90.13898,20.41018],[-90.13899,20.41018],[-90.13933,20.41036],[-90.1398,20.41061],[-90.1398,20.41061],[-90.13981,20.41061],[-90.14009,20.41055],[-90.14571,20.40945],[-90.14582,20.40943],[-90.14582,20.40943],[-90.14592,20.40872],[-90.14597,20.40846],[-90.14608,20.40794],[-90.14623,20.40736],[-90.14657,20.40573],[-90.14677,20.40492],[-90.14696,20.4041],[-90.14713,20.40338],[-90.14739,20.40223],[-90.1474,20.40204],[-90.14752,20.40187],[-90.14759,20.40147],[-90.14756,20.40143],[-90.14757,20.4014],[-90.14769,20.40077],[-90.14773,20.40078],[-90.14778,20.40048],[-90.14796,20.39963],[-90.14803,20.3993],[-90.14809,20.39905],[-90.1482,20.39858],[-90.14833,20.39805],[-90.14855,20.39709],[-90.14887,20.39602],[-90.14907,20.39572],[-90.14927,20.39538],[-90.14963,20.39482],[-90.14988,20.39442],[-90.15033,20.3936],[-90.15061,20.3931],[-90.1507,20.39298],[-90.14993,20.39284],[-90.14918,20.3927],[-90.14839,20.39257],[-90.14796,20.39241],[-90.14756,20.39231],[-90.14755,20.39231],[-90.14773,20.39212],[-90.14785,20.39201],[-90.14785,20.39201],[-90.1478,20.39189],[-90.1477,20.39176],[-90.14735,20.39159],[-90.14712,20.3914],[-90.14701,20.39128],[-90.14683,20.39105],[-90.14656,20.39082],[-90.14645,20.39088],[-90.14637,20.3909],[-90.14617,20.39096],[-90.14599,20.39096],[-90.14583,20.39092],[-90.14579,20.3909],[-90.14573,20.39086],[-90.14562,20.39085],[-90.14545,20.39088],[-90.14537,20.39094],[-90.14527,20.39094],[-90.14519,20.39091],[-90.14484,20.39084],[-90.14466,20.39083],[-90.14462,20.39083],[-90.14451,20.39109],[-90.14431,20.39127],[-90.1443,20.39127],[-90.14409,20.39149],[-90.14398,20.39155],[-90.14387,20.39157],[-90.14375,20.39162],[-90.14375,20.39163],[-90.14374,20.392],[-90.14374,20.392],[-90.14357,20.39189],[-90.14282,20.39173],[-90.14161,20.39396],[-90.14161,20.39397],[-90.14121,20.39599],[-90.14129,20.39601],[-90.14144,20.39605],[-90.14157,20.39613],[-90.14184,20.39639],[-90.14187,20.39645],[-90.14134,20.39824],[-90.14086,20.39808],[-90.1404,20.39792],[-90.14002,20.39775],[-90.13973,20.39762],[-90.13926,20.39751],[-90.13903,20.39748],[-90.1384,20.3973],[-90.13767,20.39708],[-90.1375,20.39775],[-90.13734,20.39859],[-90.135,20.39808],[-90.13332,20.39775],[-90.13333,20.3978],[-90.13389,20.39989],[-90.13505,20.40427],[-90.13526,20.40524],[-90.13458,20.40549],[-90.13474,20.40649],[-90.13475,20.40661],[-90.13477,20.40674],[-90.13482,20.40741],[-90.1348,20.40749],[-90.13473,20.40752],[-90.13478,20.40821],[-90.13488,20.40931],[-90.13491,20.40963],[-90.13496,20.40991],[-90.13498,20.41003],[-90.13555,20.40994],[-90.13593,20.40951],[-90.13624,20.40922],[-90.13624,20.40922],[-90.13624,20.40922],[-90.13859,20.40991]]]}},{"type":"Feature","properties":{"cvegeo":"0400200010520","cve_ent":"04","fuente":"INEGI — Marco Geoestadístico 2024","fecha_corte":"2024-08","cve_mun":"04002","cve_ageb":"0520","cve_loc":"0001"},"geometry":{"type":"Polygon","coordinates":[[[-90.55912,19.83213],[-90.55923,19.8322],[-90.55928,19.83218],[-90.55952,19.83205],[-90.55956,19.83203],[-90.55952,19.83197],[-90.55947,19.8319],[-90.55945,19.83187],[-90.55944,19.83186],[-90.55947,19.83184],[-90.55948,19.83183],[-90.55965,19.83172],[-90.5597,19.83179],[-90.55979,19.83173],[-90.5598,19.83175],[-90.55981,19.83175],[-90.55981,19.83175],[-90.55982,19.83175],[-90.55982,19.83174],[-90.55982,19.83173],[-90.55982,19.83172],[-90.55986,19.83169],[-90.55988,19.83171],[-90.5599,19.83173],[-90.55992,19.83174],[-90.55994,19.83175],[-90.55996,19.83174],[-90.55997,19.83173],[-90.55998,19.83173],[-90.55998,19.83171],[-90.55999,19.8317],[-90.55998,19.83168],[-90.55998,19.83166],[-90.55996,19.83163],[-90.55994,19.83159],[-90.55993,19.83156],[-90.55992,19.83153],[-90.55992,19.83152],[-90.55992,19.8315],[-90.55992,19.83148],[-90.55993,19.83146],[-90.55993,19.83145],[-90.55994,19.83143],[-90.55995,19.83141],[-90.55997,19.83139],[-90.56002,19.83135],[-90.5601,19.83132],[-90.56011,19.83132],[-90.56026,19.83154],[-90.5603,19.8316],[-90.56032,19.83163],[-90.56033,19.83164],[-90.56035,19.83164],[-90.56037,19.83164],[-90.56039,19.83162],[-90.56038,19.83161],[-90.56038,19.8316],[-90.56037,19.83158],[-90.56041,19.83155],[-90.56081,19.83133],[-90.56078,19.8313],[-90.56114,19.83109],[-90.56119,19.83116],[-90.56155,19.83095],[-90.56157,19.83094],[-90.56161,19.83092],[-90.56158,19.83087],[-90.56155,19.83083],[-90.56155,19.83082],[-90.56152,19.83078],[-90.56212,19.83053],[-90.56229,19.83081],[-90.5627,19.83064],[-90.56274,19.83062],[-90.56269,19.83055],[-90.56266,19.83051],[-90.56268,19.83049],[-90.5627,19.83048],[-90.56282,19.83041],[-90.56284,19.83044],[-90.56284,19.83044],[-90.5629,19.83041],[-90.56283,19.83032],[-90.56298,19.83024],[-90.56311,19.83016],[-90.56347,19.82996],[-90.56357,19.8301],[-90.56363,19.83007],[-90.56352,19.82993],[-90.56361,19.82987],[-90.56358,19.82982],[-90.56384,19.82968],[-90.56442,19.82936],[-90.5644,19.82934],[-90.56443,19.82932],[-90.56459,19.82926],[-90.56465,19.82935],[-90.56468,19.82936],[-90.56471,19.82935],[-90.56472,19.82934],[-90.56473,19.82933],[-90.56474,19.82932],[-90.56475,19.82931],[-90.56475,19.82929],[-90.56498,19.82914],[-90.56499,19.82914],[-90.56504,19.82912],[-90.56503,19.82911],[-90.56501,19.82908],[-90.56506,19.82907],[-90.56508,19.8291],[-90.56509,19.82911],[-90.56511,19.8291],[-90.56503,19.82899],[-90.56526,19.82886],[-90.56533,19.82895],[-90.56533,19.82896],[-90.56538,19.82902],[-90.5654,19.829],[-90.56545,19.82897],[-90.56544,19.82896],[-90.56541,19.82893],[-90.56541,19.82893],[-90.56543,19.82891],[-90.56544,19.82891],[-90.56544,19.8289],[-90.56545,19.8289],[-90.56546,19.82888],[-90.56545,19.82886],[-90.56543,19.82882],[-90.56545,19.8288],[-90.56554,19.82867],[-90.56575,19.82852],[-90.5658,19.82849],[-90.5658,19.82849],[-90.56583,19.82852],[-90.56583,19.82852],[-90.56583,19.82852],[-90.56583,19.82852],[-90.56585,19.82851],[-90.56586,19.82851],[-90.56589,19.82849],[-90.56587,19.82846],[-90.56587,19.82846],[-90.56598,19.82839],[-90.56602,19.82837],[-90.56602,19.82837],[-90.56604,19.82836],[-90.56604,19.82836],[-90.56606,19.8284],[-90.56606,19.8284],[-90.56609,19.82838],[-90.56609,19.82838],[-90.56612,19.82836],[-90.5661,19.82834],[-90.56617,19.8283],[-90.56621,19.82828],[-90.56624,19.82826],[-90.56624,19.82826],[-90.56629,19.82834],[-90.56629,19.82834],[-90.56639,19.82828],[-90.56639,19.82828],[-90.56643,19.82825],[-90.56642,19.82824],[-90.56642,19.82824],[-90.56641,19.82822],[-90.56659,19.82814],[-90.5666,19.82813],[-90.56661,19.82813],[-90.56665,19.82811],[-90.56668,19.82809],[-90.5668,19.82803],[-90.56706,19.8279],[-90.56715,19.82786],[-90.56715,19.82786],[-90.56717,19.82784],[-90.56724,19.82778],[-90.56728,19.82774],[-90.56732,19.82771],[-90.56739,19.82768],[-90.56739,19.82768],[-90.56739,19.82768],[-90.56743,19.82773],[-90.56747,19.82772],[-90.56744,19.82769],[-90.56743,19.82766],[-90.5674,19.82762],[-90.56739,19.82762],[-90.5674,19.82761],[-90.56758,19.82751],[-90.56765,19.82747],[-90.56775,19.82741],[-90.56775,19.82741],[-90.56786,19.82734],[-90.56795,19.82729],[-90.56809,19.82721],[-90.56809,19.8272],[-90.56816,19.82716],[-90.56816,19.82716],[-90.56822,19.82711],[-90.56823,19.8271],[-90.56828,19.82706],[-90.56833,19.82701],[-90.56855,19.82688],[-90.5686,19.82686],[-90.56872,19.82681],[-90.56885,19.82673],[-90.56895,19.82667],[-90.56898,19.82671],[-90.56901,19.82676],[-90.56901,19.82676],[-90.56907,19.82685],[-90.56908,19.82684],[-90.56909,19.82684],[-90.56909,19.82684],[-90.56912,19.82682],[-90.56902,19.82669],[-90.56901,19.82667],[-90.56908,19.82663],[-90.56905,19.82659],[-90.56915,19.82652],[-90.56932,19.82642],[-90.56932,19.82642],[-90.56935,19.8264],[-90.56935,19.82641],[-90.56936,19.82641],[-90.5694,19.82646],[-90.56933,19.82652],[-90.56933,19.82653],[-90.56966,19.82631],[-90.57012,19.82604],[-90.57007,19.82604],[-90.57005,19.826],[-90.57004,19.82598],[-90.57005,19.82598],[-90.57016,19.82593],[-90.57027,19.8259],[-90.57044,19.8259],[-90.57048,19.82592],[-90.57054,19.82593],[-90.57054,19.82594],[-90.57058,19.82597],[-90.5706,19.82599],[-90.57061,19.826],[-90.57065,19.82603],[-90.5707,19.82607],[-90.57094,19.82644],[-90.57144,19.82723],[-90.57147,19.82727],[-90.57149,19.82731],[-90.57155,19.8274],[-90.57157,19.82739],[-90.57159,19.82739],[-90.57161,19.82738],[-90.57157,19.8273],[-90.57153,19.82725],[-90.57167,19.82718],[-90.57171,19.82716],[-90.57169,19.82712],[-90.57167,19.8271],[-90.57167,19.82709],[-90.57162,19.82712],[-90.57147,19.8272],[-90.57081,19.82605],[-90.57079,19.82599],[-90.57078,19.82595],[-90.57078,19.82595],[-90.5708,19.82591],[-90.5708,19.82591],[-90.57079,19.82588],[-90.57079,19.82586],[-90.57079,19.82585],[-90.57079,19.82585],[-90.57089,19.82579],[-90.57092,19.82582],[-90.57092,19.82582],[-90.57109,19.82576],[-90.57109,19.82576],[-90.5711,19.82572],[-90.5711,19.82572],[-90.57112,19.82571],[-90.57135,19.82559],[-90.57136,19.82559],[-90.57137,19.82558],[-90.57138,19.82555],[-90.57127,19.82537],[-90.57124,19.82532],[-90.57127,19.8253],[-90.57134,19.82526],[-90.57137,19.82524],[-90.57141,19.82522],[-90.57141,19.82522],[-90.57142,19.82523],[-90.57147,19.82529],[-90.57152,19.82534],[-90.5717,19.82561],[-90.57171,19.82563],[-90.5717,19.82566],[-90.57169,19.82567],[-90.57169,19.82568],[-90.57165,19.82576],[-90.57165,19.82579],[-90.57165,19.82581],[-90.57165,19.82584],[-90.57165,19.82585],[-90.57168,19.82589],[-90.57176,19.82606],[-90.57198,19.82639],[-90.57218,19.82673],[-90.57221,19.82679],[-90.57225,19.82688],[-90.57226,19.82691],[-90.57228,19.82699],[-90.57231,19.82704],[-90.57234,19.82709],[-90.57238,19.82712],[-90.57241,19.82713],[-90.57245,19.82711],[-90.57245,19.82711],[-90.57245,19.82711],[-90.57248,19.82709],[-90.57248,19.82708],[-90.57248,19.82708],[-90.57249,19.82705],[-90.57249,19.82702],[-90.57249,19.82701],[-90.57255,19.82696],[-90.57255,19.82696],[-90.57259,19.82692],[-90.57261,19.8269],[-90.57261,19.8269],[-90.57262,19.82688],[-90.57261,19.82685],[-90.57259,19.82684],[-90.57258,19.82683],[-90.57258,19.82683],[-90.57257,19.82683],[-90.57247,19.82689],[-90.57243,19.82693],[-90.57243,19.82692],[-90.57241,19.8269],[-90.57177,19.82583],[-90.57176,19.82582],[-90.57176,19.82582],[-90.57178,19.82572],[-90.5718,19.82566],[-90.57175,19.82559],[-90.57154,19.82528],[-90.57152,19.82525],[-90.57152,19.82524],[-90.57156,19.82522],[-90.57212,19.82494],[-90.57209,19.82489],[-90.57205,19.82482],[-90.57242,19.8246],[-90.57248,19.8246],[-90.57252,19.82466],[-90.57253,19.82467],[-90.57254,19.82467],[-90.5726,19.82464],[-90.57262,19.82463],[-90.57278,19.82454],[-90.5728,19.82453],[-90.57279,19.82448],[-90.57279,19.82448],[-90.57277,19.82443],[-90.57313,19.82425],[-90.5733,19.82416],[-90.57331,19.82413],[-90.57361,19.82395],[-90.57406,19.8238],[-90.57483,19.82353],[-90.5749,19.82364],[-90.57514,19.82352],[-90.5751,19.82342],[-90.57548,19.82322],[-90.57554,19.82334],[-90.57643,19.82288],[-90.57642,19.82286],[-90.57631,19.82267],[-90.57629,19.82263],[-90.57629,19.82262],[-90.57645,19.82252],[-90.57653,19.82263],[-90.57681,19.82249],[-90.57728,19.82225],[-90.57736,19.8222],[-90.57771,19.82199],[-90.57746,19.82161],[-90.57743,19.82156],[-90.57753,19.82144],[-90.57728,19.82056],[-90.57729,19.82055],[-90.57732,19.82054],[-90.57734,19.82052],[-90.57736,19.8205],[-90.57738,19.82049],[-90.5774,19.82047],[-90.57742,19.82044],[-90.57743,19.82042],[-90.57744,19.82042],[-90.57744,19.82041],[-90.57745,19.8204],[-90.57746,19.82039],[-90.57747,19.82038],[-90.57747,19.82037],[-90.57748,19.82036],[-90.57749,19.82035],[-90.5775,19.82034],[-90.57751,19.82034],[-90.57752,19.82033],[-90.57753,19.82033],[-90.57754,19.82032],[-90.57755,19.82032],[-90.57757,19.82031],[-90.57758,19.82031],[-90.57759,19.82031],[-90.57768,19.82028],[-90.57778,19.82024],[-90.57788,19.82021],[-90.57792,19.82019],[-90.57792,19.82013],[-90.57792,19.82011],[-90.57792,19.8201],[-90.5779,19.82005],[-90.57789,19.82002],[-90.57782,19.82001],[-90.57779,19.82],[-90.57777,19.81999],[-90.57774,19.81998],[-90.57768,19.81994],[-90.57766,19.81993],[-90.57765,19.81991],[-90.57764,19.8199],[-90.57763,19.81988],[-90.57762,19.81987],[-90.57761,19.81985],[-90.57758,19.81981],[-90.57755,19.81979],[-90.5775,19.81973],[-90.57746,19.8197],[-90.57744,19.81969],[-90.57741,19.81968],[-90.57741,19.81968],[-90.57741,19.81968],[-90.57737,19.81967],[-90.57736,19.81967],[-90.57736,19.81967],[-90.57735,19.81967],[-90.57733,19.81967],[-90.57731,19.81967],[-90.57725,19.81968],[-90.57723,19.81969],[-90.57719,19.81972],[-90.57716,19.81973],[-90.57713,19.81976],[-90.5771,19.81979],[-90.57707,19.81982],[-90.57704,19.81985],[-90.57699,19.81991],[-90.57699,19.81991],[-90.57699,19.81991],[-90.57695,19.81996],[-90.5769,19.82003],[-90.57687,19.82009],[-90.57684,19.82015],[-90.57681,19.8202],[-90.57677,19.82026],[-90.57673,19.8203],[-90.57673,19.8203],[-90.57667,19.82035],[-90.57663,19.82039],[-90.57658,19.82042],[-90.57654,19.82045],[-90.57644,19.82051],[-90.57629,19.8206],[-90.57607,19.82073],[-90.57596,19.82082],[-90.5759,19.82086],[-90.57588,19.82087],[-90.5758,19.82092],[-90.57531,19.82118],[-90.57505,19.82131],[-90.57465,19.82151],[-90.57456,19.82155],[-90.57374,19.82195],[-90.57289,19.82236],[-90.57246,19.82261],[-90.57242,19.82264],[-90.57241,19.82263],[-90.57237,19.82265],[-90.57214,19.82278],[-90.57206,19.82282],[-90.57206,19.82282],[-90.57141,19.82318],[-90.57099,19.8234],[-90.57067,19.82357],[-90.57051,19.82366],[-90.57038,19.8237],[-90.57023,19.82371],[-90.57009,19.8237],[-90.57004,19.82368],[-90.56999,19.82366],[-90.56994,19.82365],[-90.56989,19.82364],[-90.56984,19.82363],[-90.56978,19.82362],[-90.56973,19.82362],[-90.5697,19.82361],[-90.56965,19.82362],[-90.5696,19.82362],[-90.56956,19.82363],[-90.56952,19.82364],[-90.56947,19.82365],[-90.56942,19.82367],[-90.56938,19.82369],[-90.56934,19.82371],[-90.56933,19.82372],[-90.56929,19.82374],[-90.56926,19.82376],[-90.56923,19.82378],[-90.56917,19.82381],[-90.56914,19.82384],[-90.56909,19.82389],[-90.56907,19.82392],[-90.56899,19.82399],[-90.5688,19.8242],[-90.5688,19.8242],[-90.56857,19.82428],[-90.56853,19.8243],[-90.5682,19.82443],[-90.56802,19.82453],[-90.56789,19.82462],[-90.56775,19.82476],[-90.56775,19.82476],[-90.56765,19.82487],[-90.56759,19.82499],[-90.56757,19.82507],[-90.56754,19.82515],[-90.56754,19.8252],[-90.56753,19.82522],[-90.56753,19.82525],[-90.56753,19.8253],[-90.56751,19.8254],[-90.5675,19.82546],[-90.56748,19.82553],[-90.56747,19.82558],[-90.56743,19.82564],[-90.56742,19.82567],[-90.56739,19.82571],[-90.56737,19.82574],[-90.56735,19.82576],[-90.56734,19.82577],[-90.56732,19.82579],[-90.56731,19.8258],[-90.5673,19.82582],[-90.56728,19.82584],[-90.56726,19.82587],[-90.56725,19.82589],[-90.56724,19.8259],[-90.56724,19.82591],[-90.56723,19.82593],[-90.56723,19.82594],[-90.56722,19.82596],[-90.56722,19.82596],[-90.56722,19.82597],[-90.56722,19.82599],[-90.56721,19.826],[-90.56721,19.826],[-90.56721,19.82602],[-90.56721,19.82603],[-90.56721,19.82603],[-90.56722,19.82605],[-90.56722,19.82606],[-90.56722,19.82607],[-90.56722,19.82608],[-90.56722,19.82609],[-90.56723,19.82611],[-90.56724,19.82615],[-90.56724,19.82615],[-90.56726,19.8262],[-90.56728,19.82622],[-90.5673,19.82627],[-90.56731,19.82629],[-90.56733,19.82632],[-90.56734,19.82633],[-90.56735,19.82635],[-90.56735,19.82637],[-90.56736,19.8264],[-90.56737,19.82642],[-90.56737,19.82644],[-90.56737,19.82646],[-90.56737,19.82649],[-90.56737,19.82651],[-90.56737,19.82653],[-90.56737,19.82655],[-90.56736,19.8266],[-90.56735,19.82665],[-90.56733,19.8267],[-90.56721,19.82692],[-90.56721,19.82693],[-90.56566,19.82784],[-90.56566,19.82783],[-90.56566,19.82781],[-90.56545,19.82717],[-90.56537,19.8272],[-90.56527,19.82726],[-90.56494,19.82741],[-90.56497,19.82746],[-90.56483,19.82753],[-90.56467,19.82761],[-90.56482,19.82784],[-90.565,19.82812],[-90.56505,19.8282],[-90.56504,19.8282],[-90.56373,19.82895],[-90.56264,19.82957],[-90.56154,19.83018],[-90.5605,19.83079],[-90.55956,19.83132],[-90.55881,19.83175],[-90.55882,19.83176],[-90.55895,19.83195],[-90.55897,19.83206],[-90.55902,19.83212],[-90.55906,19.8321],[-90.55912,19.83213]]]}},{"type":"Feature","properties":{"cvegeo":"0400200010997","cve_ent":"04","fuente":"INEGI — Marco Geoestadístico 2024","fecha_corte":"2024-08","cve_mun":"04002","cve_ageb":"0997","cve_loc":"0001"},"geometry":{"type":"Polygon","coordinates":[[[-90.56264,19.82957],[-90.56373,19.82895],[-90.56504,19.8282],[-90.56505,19.8282],[-90.565,19.82812],[-90.56482,19.82784],[-90.56467,19.82761],[-90.56438,19.82717],[-90.56418,19.82685],[-90.56405,19.82663],[-90.56389,19.82635],[-90.5637,19.82597],[-90.56351,19.82563],[-90.56347,19.82565],[-90.5632,19.82581],[-90.5631,19.82587],[-90.56268,19.82611],[-90.56243,19.82624],[-90.56206,19.82645],[-90.56164,19.82669],[-90.56136,19.82685],[-90.56115,19.82697],[-90.5606,19.82726],[-90.56039,19.82739],[-90.56059,19.82773],[-90.5606,19.82774],[-90.56078,19.82805],[-90.56081,19.82809],[-90.56092,19.82825],[-90.56104,19.82845],[-90.56105,19.82846],[-90.56113,19.8286],[-90.56131,19.82889],[-90.56172,19.82866],[-90.56198,19.82853],[-90.56264,19.82957]]]}},{"type":"Feature","properties":{"cvegeo":"0400200012391","cve_ent":"04","fuente":"INEGI — Marco Geoestadístico 2024","fecha_corte":"2024-08","cve_mun":"04002","cve_ageb":"2391","cve_loc":"0001"},"geometry":{"type":"Polygon","coordinates":[[[-90.52561,19.85639],[-90.52563,19.85643],[-90.5257,19.85666],[-90.52581,19.85662],[-90.52587,19.8566],[-90.52644,19.85646],[-90.52669,19.85643],[-90.5269,19.85644],[-90.52692,19.85643],[-90.52702,19.85647],[-90.52707,19.85648],[-90.52712,19.85649],[-90.52715,19.85649],[-90.52719,19.85649],[-90.52721,19.85648],[-90.52724,19.85647],[-90.5273,19.85643],[-90.52737,19.85637],[-90.5275,19.8563],[-90.52761,19.85623],[-90.52764,19.85621],[-90.52766,19.8562],[-90.52777,19.85614],[-90.5278,19.85612],[-90.52795,19.85606],[-90.52824,19.85592],[-90.5283,19.85589],[-90.52833,19.85589],[-90.52857,19.85583],[-90.52892,19.85571],[-90.52895,19.8557],[-90.53018,19.85529],[-90.53048,19.85518],[-90.53099,19.85498],[-90.53172,19.85467],[-90.53211,19.85449],[-90.53214,19.85448],[-90.53264,19.85425],[-90.53302,19.85402],[-90.53341,19.85379],[-90.53357,19.85366],[-90.53366,19.85359],[-90.53393,19.8534],[-90.53413,19.85322],[-90.53416,19.8532],[-90.53427,19.85311],[-90.53429,19.85311],[-90.53429,19.85311],[-90.5343,19.85311],[-90.53436,19.85313],[-90.53436,19.85314],[-90.53443,19.85315],[-90.53449,19.85315],[-90.5345,19.85315],[-90.5345,19.85315],[-90.53453,19.85315],[-90.53457,19.85314],[-90.5346,19.85312],[-90.53462,19.8531],[-90.53466,19.85307],[-90.53468,19.85305],[-90.5347,19.853],[-90.53471,19.85293],[-90.53471,19.85286],[-90.53468,19.85281],[-90.53466,19.85278],[-90.53466,19.85272],[-90.5347,19.85269],[-90.53502,19.85232],[-90.5354,19.85201],[-90.53595,19.85147],[-90.53611,19.85131],[-90.53629,19.85119],[-90.53666,19.85097],[-90.53695,19.85079],[-90.53697,19.85078],[-90.53703,19.85075],[-90.53707,19.85072],[-90.53709,19.85069],[-90.5371,19.85066],[-90.53712,19.85061],[-90.53719,19.85035],[-90.53724,19.85026],[-90.53727,19.85021],[-90.53733,19.85014],[-90.53738,19.85009],[-90.53738,19.85009],[-90.53742,19.85005],[-90.53742,19.85005],[-90.53787,19.84962],[-90.53787,19.84962],[-90.53794,19.84955],[-90.53798,19.84949],[-90.53805,19.84941],[-90.53805,19.84941],[-90.53821,19.84928],[-90.53833,19.84922],[-90.53839,19.84918],[-90.53844,19.84915],[-90.5385,19.84913],[-90.53855,19.8491],[-90.5386,19.84907],[-90.53865,19.84904],[-90.5387,19.84901],[-90.53876,19.84898],[-90.5388,19.84894],[-90.53884,19.84889],[-90.53863,19.84877],[-90.53851,19.84869],[-90.5384,19.84855],[-90.53829,19.84867],[-90.53796,19.8487],[-90.53701,19.84891],[-90.53699,19.84892],[-90.53699,19.84892],[-90.53694,19.84892],[-90.53636,19.84899],[-90.53608,19.84899],[-90.53516,19.84903],[-90.53489,19.84899],[-90.53474,19.849],[-90.53413,19.84898],[-90.5334,19.84899],[-90.53298,19.84899],[-90.53267,19.84899],[-90.53262,19.84899],[-90.53224,19.84902],[-90.53145,19.84904],[-90.53133,19.84921],[-90.53121,19.84925],[-90.5302,19.84978],[-90.53016,19.8498],[-90.5293,19.85038],[-90.52924,19.85042],[-90.52825,19.85108],[-90.52777,19.85138],[-90.52748,19.85156],[-90.52713,19.85174],[-90.52632,19.85216],[-90.52584,19.85241],[-90.52523,19.85279],[-90.52565,19.85355],[-90.52611,19.8545],[-90.52628,19.85481],[-90.52641,19.85502],[-90.5267,19.85553],[-90.52699,19.85593],[-90.52561,19.85639]]]}},{"type":"Feature","properties":{"cvegeo":"0400200012404","cve_ent":"04","fuente":"INEGI — Marco Geoestadístico 2024","fecha_corte":"2024-08","cve_mun":"04002","cve_ageb":"2404","cve_loc":"0001"},"geometry":{"type":"Polygon","coordinates":[[[-90.51297,19.86409],[-90.5133,19.86388],[-90.51383,19.86353],[-90.51421,19.8632],[-90.51439,19.86307],[-90.51442,19.86305],[-90.51553,19.86242],[-90.51585,19.86223],[-90.51607,19.8621],[-90.51611,19.86211],[-90.51611,19.86208],[-90.51686,19.86165],[-90.51737,19.86138],[-90.51739,19.86137],[-90.51759,19.86129],[-90.51783,19.86119],[-90.5179,19.86114],[-90.5179,19.86114],[-90.518,19.86128],[-90.51802,19.86131],[-90.51802,19.86131],[-90.51798,19.86134],[-90.51791,19.8614],[-90.51777,19.86152],[-90.51777,19.86152],[-90.51777,19.86152],[-90.51755,19.86173],[-90.51755,19.86174],[-90.51754,19.86176],[-90.51753,19.86179],[-90.51753,19.86182],[-90.51754,19.86182],[-90.51756,19.86184],[-90.51758,19.86185],[-90.51758,19.86185],[-90.51758,19.86185],[-90.51762,19.86184],[-90.51775,19.86171],[-90.51775,19.8617],[-90.51797,19.86152],[-90.51797,19.86152],[-90.51809,19.86143],[-90.51809,19.86142],[-90.51811,19.86141],[-90.51817,19.86137],[-90.51822,19.86135],[-90.51842,19.86126],[-90.51864,19.8612],[-90.51875,19.86118],[-90.51879,19.86117],[-90.51882,19.86115],[-90.51882,19.86115],[-90.51883,19.86114],[-90.51884,19.86112],[-90.51884,19.86109],[-90.51884,19.86107],[-90.51883,19.86106],[-90.51882,19.86105],[-90.51882,19.86104],[-90.51881,19.86104],[-90.5188,19.86103],[-90.51878,19.86102],[-90.51869,19.86103],[-90.51858,19.86106],[-90.51837,19.86114],[-90.51816,19.86123],[-90.51815,19.86124],[-90.51804,19.86106],[-90.51882,19.86043],[-90.51932,19.86012],[-90.52019,19.85956],[-90.52035,19.85945],[-90.52069,19.85924],[-90.5209,19.85912],[-90.52133,19.85887],[-90.52149,19.8588],[-90.52165,19.85883],[-90.52173,19.85891],[-90.52188,19.85908],[-90.52195,19.85916],[-90.52228,19.85941],[-90.52268,19.85968],[-90.52316,19.86013],[-90.52571,19.8626],[-90.52749,19.8643],[-90.52913,19.86595],[-90.53125,19.86399],[-90.53191,19.86339],[-90.53188,19.86325],[-90.53184,19.86322],[-90.5318,19.86323],[-90.53178,19.86321],[-90.53178,19.86321],[-90.53176,19.86324],[-90.53154,19.86347],[-90.53148,19.86353],[-90.53142,19.86359],[-90.53142,19.86359],[-90.53142,19.86359],[-90.52943,19.86542],[-90.5294,19.86539],[-90.52914,19.86513],[-90.52896,19.86496],[-90.52869,19.86468],[-90.52866,19.86465],[-90.5287,19.86461],[-90.53067,19.86286],[-90.53124,19.86335],[-90.53134,19.86328],[-90.53134,19.86321],[-90.53129,19.86313],[-90.53048,19.86227],[-90.53031,19.86225],[-90.53031,19.86225],[-90.53027,19.86225],[-90.5302,19.8623],[-90.5302,19.8623],[-90.5302,19.8623],[-90.5302,19.8623],[-90.52808,19.86434],[-90.528,19.86442],[-90.52792,19.86434],[-90.52475,19.86128],[-90.52472,19.86125],[-90.52569,19.86036],[-90.52573,19.86032],[-90.52469,19.85932],[-90.52382,19.85849],[-90.52301,19.85923],[-90.52233,19.8586],[-90.52217,19.85843],[-90.52211,19.85836],[-90.52286,19.85792],[-90.52355,19.85754],[-90.52438,19.85711],[-90.52482,19.85693],[-90.52482,19.85693],[-90.52491,19.8569],[-90.52522,19.85678],[-90.52539,19.85674],[-90.5254,19.85674],[-90.5254,19.85674],[-90.52559,19.85669],[-90.5257,19.85666],[-90.52563,19.85643],[-90.52561,19.85639],[-90.52699,19.85593],[-90.5267,19.85553],[-90.52641,19.85502],[-90.52628,19.85481],[-90.52611,19.8545],[-90.52565,19.85355],[-90.52523,19.85279],[-90.524,19.85351],[-90.5239,19.85357],[-90.52307,19.85426],[-90.52221,19.8549],[-90.52155,19.8554],[-90.52114,19.8557],[-90.52064,19.85607],[-90.5203,19.85632],[-90.51982,19.85667],[-90.51845,19.85766],[-90.51756,19.85833],[-90.51713,19.85865],[-90.51655,19.8591],[-90.51645,19.85917],[-90.51549,19.85998],[-90.51533,19.86011],[-90.51529,19.86014],[-90.51525,19.86018],[-90.51498,19.86038],[-90.51454,19.86071],[-90.51447,19.86077],[-90.51414,19.86101],[-90.51323,19.86168],[-90.51256,19.86218],[-90.51242,19.86228],[-90.51188,19.86261],[-90.51194,19.86273],[-90.5122,19.86314],[-90.5125,19.8636],[-90.51259,19.86367],[-90.51283,19.86397],[-90.51284,19.86401],[-90.51297,19.86409]]]}},{"type":"Feature","properties":{"cvegeo":"0400200012090","cve_ent":"04","fuente":"INEGI — Marco Geoestadístico 2024","fecha_corte":"2024-08","cve_mun":"04002","cve_ageb":"2090","cve_loc":"0001"},"geometry":{"type":"Polygon","coordinates":[[[-90.47691,19.8527],[-90.48073,19.85362],[-90.48111,19.85373],[-90.48112,19.85369],[-90.48123,19.85342],[-90.48127,19.85333],[-90.4814,19.85298],[-90.48154,19.8526],[-90.47996,19.85228],[-90.47954,19.85217],[-90.47954,19.85217],[-90.47953,19.85217],[-90.47844,19.8519],[-90.47783,19.85175],[-90.4769,19.85153],[-90.4769,19.85153],[-90.47689,19.85156],[-90.47676,19.85195],[-90.47749,19.85212],[-90.47747,19.85216],[-90.47747,19.85216],[-90.47747,19.85216],[-90.47745,19.85218],[-90.4771,19.8525],[-90.47708,19.85252],[-90.47691,19.8527]]]}},{"type":"Feature","properties":{"cvegeo":"0400200010022","cve_ent":"04","fuente":"INEGI — Marco Geoestadístico 2024","fecha_corte":"2024-08","cve_mun":"04002","cve_ageb":"0022","cve_loc":"0001"},"geometry":{"type":"Polygon","coordinates":[[[-90.54469,19.83244],[-90.54415,19.83273],[-90.54419,19.83277],[-90.54419,19.83278],[-90.54419,19.83278],[-90.54595,19.83281],[-90.54684,19.83282],[-90.54704,19.83283],[-90.54742,19.83283],[-90.54778,19.83284],[-90.54853,19.83283],[-90.54884,19.8327],[-90.54893,19.8327],[-90.54894,19.83273],[-90.54897,19.83282],[-90.54912,19.83283],[-90.54976,19.83288],[-90.5505,19.83289],[-90.55058,19.83289],[-90.55125,19.8329],[-90.55183,19.83288],[-90.55284,19.83289],[-90.5538,19.83295],[-90.55378,19.83291],[-90.55386,19.8329],[-90.55563,19.83289],[-90.55614,19.83288],[-90.55685,19.83279],[-90.55717,19.83268],[-90.55747,19.83252],[-90.55823,19.83208],[-90.55881,19.83175],[-90.55787,19.83087],[-90.5571,19.83016],[-90.55651,19.82961],[-90.55569,19.82889],[-90.55521,19.82843],[-90.55484,19.82801],[-90.55402,19.82703],[-90.55389,19.82688],[-90.55366,19.8266],[-90.55351,19.82646],[-90.55333,19.82632],[-90.55325,19.82627],[-90.55366,19.82602],[-90.55366,19.82602],[-90.55357,19.82569],[-90.55347,19.82531],[-90.55322,19.82483],[-90.5525,19.82503],[-90.55246,19.82504],[-90.55212,19.82515],[-90.5521,19.8251],[-90.55197,19.82473],[-90.55139,19.8249],[-90.55136,19.82494],[-90.55155,19.82558],[-90.55063,19.82524],[-90.5506,19.82523],[-90.55062,19.82534],[-90.55112,19.82622],[-90.55125,19.82648],[-90.55093,19.82738],[-90.55078,19.82771],[-90.55065,19.8279],[-90.55044,19.8282],[-90.55001,19.82888],[-90.54998,19.82893],[-90.54976,19.82922],[-90.54952,19.82953],[-90.54939,19.82968],[-90.54914,19.82998],[-90.54867,19.83058],[-90.54845,19.83092],[-90.54829,19.83124],[-90.54828,19.83127],[-90.54782,19.83099],[-90.54771,19.83092],[-90.54742,19.83073],[-90.54717,19.83057],[-90.54682,19.83096],[-90.54644,19.83142],[-90.54636,19.83149],[-90.54632,19.83153],[-90.54608,19.83168],[-90.54596,19.83174],[-90.54561,19.83191],[-90.54557,19.83194],[-90.54469,19.83244]]]}},{"type":"Feature","properties":{"cvegeo":"0400200010681","cve_ent":"04","fuente":"INEGI — Marco Geoestadístico 2024","fecha_corte":"2024-08","cve_mun":"04002","cve_ageb":"0681","cve_loc":"0001"},"geometry":{"type":"Polygon","coordinates":[[[-90.51646,19.83196],[-90.51633,19.83212],[-90.51631,19.83215],[-90.51603,19.8326],[-90.51578,19.83299],[-90.51585,19.83308],[-90.51606,19.83353],[-90.51616,19.83374],[-90.51625,19.83388],[-90.51647,19.83406],[-90.51672,19.83429],[-90.51679,19.83441],[-90.51684,19.83449],[-90.51703,19.83458],[-90.51781,19.83495],[-90.51768,19.83516],[-90.51749,19.83557],[-90.51732,19.83586],[-90.5171,19.83622],[-90.51709,19.83624],[-90.51694,19.8366],[-90.51694,19.83664],[-90.51692,19.83697],[-90.51687,19.83809],[-90.5169,19.83812],[-90.51711,19.83822],[-90.51789,19.83873],[-90.51836,19.83838],[-90.51906,19.8379],[-90.51966,19.83748],[-90.5209,19.83662],[-90.52182,19.83599],[-90.52186,19.83597],[-90.52188,19.83595],[-90.52337,19.83491],[-90.52341,19.83489],[-90.52405,19.83444],[-90.52458,19.83408],[-90.5252,19.83364],[-90.52545,19.83346],[-90.52548,19.83344],[-90.52549,19.83343],[-90.5255,19.83343],[-90.52576,19.83327],[-90.5262,19.83294],[-90.52608,19.83271],[-90.52588,19.83235],[-90.52579,19.83215],[-90.52567,19.83174],[-90.5256,19.8314],[-90.52547,19.83067],[-90.52535,19.83005],[-90.5253,19.83006],[-90.52497,19.83012],[-90.52478,19.83015],[-90.5246,19.83019],[-90.52455,19.8302],[-90.52412,19.83029],[-90.52375,19.83036],[-90.52338,19.83042],[-90.52317,19.83046],[-90.52298,19.83066],[-90.52313,19.8311],[-90.52338,19.83182],[-90.5235,19.83208],[-90.52294,19.83205],[-90.52269,19.83199],[-90.52231,19.83186],[-90.52189,19.83185],[-90.52174,19.83185],[-90.52097,19.8319],[-90.52087,19.83191],[-90.52055,19.83187],[-90.5204,19.83182],[-90.52022,19.83175],[-90.52016,19.83172],[-90.51973,19.83151],[-90.5195,19.83142],[-90.51925,19.83132],[-90.51912,19.83143],[-90.51872,19.83171],[-90.51833,19.83125],[-90.51818,19.83105],[-90.51795,19.83139],[-90.51715,19.83092],[-90.51684,19.83144],[-90.51646,19.83196]]]}},{"type":"Feature","properties":{"cvegeo":"0400200011158","cve_ent":"04","fuente":"INEGI — Marco Geoestadístico 2024","fecha_corte":"2024-08","cve_mun":"04002","cve_ageb":"1158","cve_loc":"0001"},"geometry":{"type":"Polygon","coordinates":[[[-90.52714,19.82111],[-90.52708,19.82112],[-90.5271,19.82143],[-90.52712,19.82173],[-90.52713,19.82204],[-90.52717,19.82233],[-90.52723,19.82263],[-90.52725,19.82273],[-90.5273,19.82295],[-90.52737,19.82325],[-90.52738,19.82328],[-90.52692,19.82334],[-90.52684,19.82337],[-90.52649,19.82343],[-90.52651,19.82348],[-90.52659,19.82386],[-90.52673,19.82445],[-90.52672,19.82446],[-90.5267,19.82447],[-90.52668,19.82448],[-90.52667,19.82449],[-90.52667,19.82451],[-90.52666,19.82452],[-90.52665,19.82454],[-90.52665,19.82456],[-90.52665,19.82457],[-90.52664,19.82459],[-90.52664,19.8246],[-90.52665,19.82464],[-90.52665,19.82466],[-90.52666,19.82469],[-90.52667,19.82471],[-90.52668,19.82473],[-90.52671,19.82475],[-90.52673,19.82476],[-90.52675,19.82476],[-90.52677,19.82476],[-90.52678,19.82476],[-90.52679,19.82475],[-90.52681,19.82474],[-90.52683,19.82472],[-90.52684,19.82471],[-90.52684,19.82469],[-90.52685,19.82467],[-90.52685,19.82466],[-90.52686,19.82463],[-90.52686,19.82461],[-90.52687,19.82461],[-90.52888,19.82438],[-90.52888,19.82438],[-90.52893,19.82437],[-90.52893,19.82437],[-90.52896,19.82437],[-90.52896,19.82437],[-90.52896,19.82437],[-90.52898,19.82437],[-90.52933,19.82436],[-90.52938,19.82436],[-90.52941,19.82436],[-90.52954,19.82435],[-90.53075,19.82424],[-90.5313,19.82416],[-90.53159,19.82408],[-90.53182,19.82399],[-90.53229,19.8238],[-90.53234,19.82377],[-90.5328,19.82349],[-90.53282,19.82349],[-90.53269,19.8233],[-90.53221,19.82257],[-90.53206,19.82232],[-90.53191,19.82208],[-90.53167,19.82173],[-90.53141,19.82132],[-90.53077,19.82101],[-90.5305,19.82091],[-90.52869,19.82017],[-90.52847,19.82064],[-90.52828,19.82105],[-90.52826,19.82109],[-90.52802,19.82099],[-90.52792,19.82103],[-90.52714,19.82111]]]}},{"type":"Feature","properties":{"cvegeo":"0400200010126","cve_ent":"04","fuente":"INEGI — Marco Geoestadístico 2024","fecha_corte":"2024-08","cve_mun":"04002","cve_ageb":"0126","cve_loc":"0001"},"geometry":{"type":"Polygon","coordinates":[[[-90.50685,19.85008],[-90.50694,19.85016],[-90.50704,19.85026],[-90.50726,19.85049],[-90.50756,19.8508],[-90.50774,19.85054],[-90.50808,19.85],[-90.50838,19.85009],[-90.50843,19.85011],[-90.50848,19.85012],[-90.50853,19.85014],[-90.50895,19.85028],[-90.50902,19.85031],[-90.50936,19.85041],[-90.50971,19.85053],[-90.5103,19.8507],[-90.51032,19.85065],[-90.51046,19.85017],[-90.51047,19.85013],[-90.51056,19.84991],[-90.51061,19.84979],[-90.51067,19.84965],[-90.51078,19.84923],[-90.51084,19.84901],[-90.51114,19.84913],[-90.51147,19.84927],[-90.51162,19.84931],[-90.51179,19.84936],[-90.51283,19.84934],[-90.51286,19.84918],[-90.5129,19.849],[-90.51297,19.84863],[-90.51298,19.8486],[-90.51305,19.84826],[-90.51308,19.84812],[-90.51312,19.84794],[-90.51315,19.84794],[-90.51318,19.84776],[-90.51318,19.84775],[-90.51323,19.84752],[-90.5133,19.84718],[-90.51335,19.84696],[-90.51343,19.84666],[-90.51344,19.84661],[-90.51346,19.84654],[-90.51346,19.84651],[-90.51355,19.846],[-90.5136,19.84573],[-90.5136,19.84572],[-90.5136,19.84569],[-90.51408,19.84578],[-90.51448,19.84587],[-90.51506,19.846],[-90.51508,19.84594],[-90.51592,19.84669],[-90.51631,19.84705],[-90.51649,19.8471],[-90.51652,19.84711],[-90.51651,19.8471],[-90.51649,19.84703],[-90.51612,19.84599],[-90.5159,19.84536],[-90.51588,19.84529],[-90.51577,19.84504],[-90.51544,19.84392],[-90.51538,19.84369],[-90.5153,19.8434],[-90.51522,19.84317],[-90.51516,19.84297],[-90.51512,19.84288],[-90.51509,19.8428],[-90.51507,19.84277],[-90.51506,19.84274],[-90.51433,19.8427],[-90.51371,19.84267],[-90.51371,19.84267],[-90.51371,19.84268],[-90.51371,19.84268],[-90.5137,19.84269],[-90.5137,19.84269],[-90.5137,19.8427],[-90.5137,19.8427],[-90.51369,19.8427],[-90.51369,19.84271],[-90.51369,19.84271],[-90.51368,19.84271],[-90.51368,19.84271],[-90.51368,19.84271],[-90.51367,19.84272],[-90.51367,19.84272],[-90.51366,19.84272],[-90.51366,19.84272],[-90.51366,19.84272],[-90.51365,19.84272],[-90.51365,19.84272],[-90.51364,19.84272],[-90.51364,19.84272],[-90.51363,19.84272],[-90.51363,19.84272],[-90.51362,19.84271],[-90.51362,19.84271],[-90.51361,19.84271],[-90.51361,19.8427],[-90.5136,19.8427],[-90.5136,19.84269],[-90.5136,19.84269],[-90.5136,19.84268],[-90.51359,19.84268],[-90.51359,19.84267],[-90.51359,19.84266],[-90.51308,19.84263],[-90.51305,19.84263],[-90.51248,19.84259],[-90.51194,19.84254],[-90.51186,19.84253],[-90.51177,19.84251],[-90.51008,19.8424],[-90.50926,19.84234],[-90.50829,19.84227],[-90.50766,19.84223],[-90.50745,19.84222],[-90.50722,19.8422],[-90.50706,19.84219],[-90.50705,19.8422],[-90.50705,19.8422],[-90.50705,19.8422],[-90.50705,19.84221],[-90.50704,19.84221],[-90.50704,19.84222],[-90.50703,19.84222],[-90.50688,19.84276],[-90.5068,19.84306],[-90.50651,19.84413],[-90.50643,19.84445],[-90.50597,19.84439],[-90.50587,19.84438],[-90.50575,19.84436],[-90.50567,19.84433],[-90.50557,19.84429],[-90.50575,19.84449],[-90.50584,19.84459],[-90.50594,19.8447],[-90.50607,19.84481],[-90.50634,19.845],[-90.50669,19.84525],[-90.50713,19.84558],[-90.50715,19.84561],[-90.50781,19.84646],[-90.50782,19.84647],[-90.50803,19.84673],[-90.50823,19.84699],[-90.5082,19.84711],[-90.50819,19.84715],[-90.5081,19.84737],[-90.50789,19.84783],[-90.50764,19.84838],[-90.50747,19.84875],[-90.50735,19.84901],[-90.50704,19.84969],[-90.50691,19.84996],[-90.50685,19.85008]]]}},{"type":"Feature","properties":{"cvegeo":"0400200010130","cve_ent":"04","fuente":"INEGI — Marco Geoestadístico 2024","fecha_corte":"2024-08","cve_mun":"04002","cve_ageb":"0130","cve_loc":"0001"},"geometry":{"type":"Polygon","coordinates":[[[-90.50194,19.85079],[-90.50206,19.85115],[-90.50292,19.85091],[-90.50282,19.85055],[-90.50328,19.85041],[-90.50371,19.85029],[-90.50448,19.85011],[-90.50453,19.85025],[-90.50465,19.85069],[-90.50466,19.85073],[-90.50471,19.85072],[-90.50529,19.85064],[-90.50534,19.85063],[-90.50534,19.84996],[-90.50533,19.84919],[-90.50531,19.84874],[-90.50575,19.84912],[-90.5066,19.84985],[-90.50685,19.85008],[-90.50691,19.84996],[-90.50704,19.84969],[-90.50735,19.84901],[-90.50747,19.84875],[-90.50764,19.84838],[-90.50789,19.84783],[-90.5081,19.84737],[-90.50819,19.84715],[-90.5082,19.84711],[-90.50823,19.84699],[-90.50803,19.84673],[-90.50782,19.84647],[-90.50781,19.84646],[-90.50715,19.84561],[-90.50713,19.84558],[-90.50669,19.84525],[-90.50634,19.845],[-90.50607,19.84481],[-90.50594,19.8447],[-90.50584,19.84459],[-90.50575,19.84449],[-90.50557,19.84429],[-90.50567,19.84433],[-90.50575,19.84436],[-90.50587,19.84438],[-90.50597,19.84439],[-90.50643,19.84445],[-90.50651,19.84413],[-90.5068,19.84306],[-90.50688,19.84276],[-90.50703,19.84222],[-90.50704,19.84222],[-90.50704,19.84221],[-90.50705,19.84221],[-90.50705,19.8422],[-90.50705,19.8422],[-90.50705,19.8422],[-90.50706,19.84219],[-90.50706,19.84218],[-90.50706,19.84217],[-90.50706,19.84216],[-90.50705,19.84215],[-90.50704,19.84214],[-90.50703,19.84214],[-90.50702,19.84213],[-90.50701,19.84213],[-90.507,19.84213],[-90.50699,19.84213],[-90.50699,19.84213],[-90.50698,19.84214],[-90.50698,19.84214],[-90.50697,19.84214],[-90.50697,19.84215],[-90.50697,19.84215],[-90.50696,19.84215],[-90.50696,19.84216],[-90.50696,19.84216],[-90.50696,19.84217],[-90.50696,19.84217],[-90.50696,19.84218],[-90.50696,19.84218],[-90.50623,19.84212],[-90.50604,19.84212],[-90.50589,19.84213],[-90.50556,19.84219],[-90.50542,19.84221],[-90.50533,19.84223],[-90.50517,19.84228],[-90.50512,19.8423],[-90.50481,19.84245],[-90.50458,19.84256],[-90.50416,19.84284],[-90.50358,19.84323],[-90.50308,19.84356],[-90.50263,19.84387],[-90.50257,19.84391],[-90.50256,19.8439],[-90.50256,19.8439],[-90.50255,19.8439],[-90.50254,19.84389],[-90.50253,19.84389],[-90.50253,19.84389],[-90.50252,19.84389],[-90.50251,19.84389],[-90.5025,19.84389],[-90.5025,19.84389],[-90.50249,19.8439],[-90.50248,19.8439],[-90.50248,19.84391],[-90.50247,19.84391],[-90.50247,19.84392],[-90.50246,19.84392],[-90.50246,19.84393],[-90.50245,19.84393],[-90.50245,19.84394],[-90.50245,19.84395],[-90.50245,19.84395],[-90.50245,19.84396],[-90.50245,19.84397],[-90.50245,19.84398],[-90.50245,19.84398],[-90.50246,19.84399],[-90.50246,19.844],[-90.50231,19.84409],[-90.50184,19.8444],[-90.50167,19.84449],[-90.50109,19.84488],[-90.50044,19.84528],[-90.50012,19.8455],[-90.49976,19.84574],[-90.49936,19.846],[-90.49911,19.84616],[-90.4989,19.84628],[-90.49854,19.84643],[-90.4985,19.84645],[-90.49847,19.84646],[-90.49826,19.84647],[-90.49824,19.84652],[-90.49778,19.8477],[-90.49756,19.84819],[-90.49792,19.84822],[-90.49793,19.84817],[-90.49836,19.84818],[-90.49837,19.84818],[-90.49849,19.84817],[-90.49853,19.84816],[-90.49864,19.84813],[-90.49874,19.84809],[-90.49901,19.84801],[-90.49904,19.848],[-90.49947,19.84788],[-90.49966,19.84782],[-90.50007,19.8477],[-90.50023,19.84765],[-90.50026,19.84768],[-90.50062,19.84826],[-90.50088,19.84861],[-90.50128,19.84963],[-90.50126,19.84964],[-90.5014,19.85006],[-90.50147,19.8503],[-90.50177,19.85021],[-90.50194,19.85079]]]}},{"type":"Feature","properties":{"cvegeo":"0400200010605","cve_ent":"04","fuente":"INEGI — Marco Geoestadístico 2024","fecha_corte":"2024-08","cve_mun":"04002","cve_ageb":"0605","cve_loc":"0001"},"geometry":{"type":"Polygon","coordinates":[[[-90.50786,19.83843],[-90.5079,19.83846],[-90.50854,19.83768],[-90.50873,19.83742],[-90.50877,19.83736],[-90.50897,19.83706],[-90.50906,19.83691],[-90.50929,19.83654],[-90.50949,19.83621],[-90.50975,19.83577],[-90.51011,19.83525],[-90.51032,19.8352],[-90.51052,19.83501],[-90.51123,19.83436],[-90.51132,19.83426],[-90.51134,19.83425],[-90.51162,19.83394],[-90.51177,19.83346],[-90.51187,19.83342],[-90.51195,19.8334],[-90.51211,19.83333],[-90.51211,19.83333],[-90.51207,19.83322],[-90.51147,19.83155],[-90.51141,19.8314],[-90.51141,19.8314],[-90.51141,19.8314],[-90.51138,19.83131],[-90.51136,19.83125],[-90.511,19.83022],[-90.51064,19.82908],[-90.5106,19.82896],[-90.51043,19.82841],[-90.5103,19.82794],[-90.51012,19.82733],[-90.50996,19.8266],[-90.5095,19.82481],[-90.50901,19.82281],[-90.50869,19.82159],[-90.50834,19.82005],[-90.50808,19.81896],[-90.50789,19.81843],[-90.50746,19.81666],[-90.50745,19.81665],[-90.50705,19.81491],[-90.507,19.81448],[-90.507,19.81443],[-90.50701,19.81441],[-90.50702,19.8144],[-90.50703,19.8144],[-90.50703,19.8144],[-90.50703,19.8144],[-90.50704,19.8144],[-90.50705,19.8144],[-90.50705,19.8144],[-90.50706,19.81439],[-90.50706,19.81439],[-90.50707,19.81439],[-90.50707,19.81438],[-90.50708,19.81438],[-90.50708,19.81438],[-90.50709,19.81437],[-90.50709,19.81436],[-90.5071,19.81436],[-90.5071,19.81434],[-90.50711,19.81433],[-90.50712,19.81431],[-90.50712,19.81429],[-90.50712,19.81428],[-90.50713,19.81426],[-90.50713,19.81424],[-90.50713,19.81423],[-90.50713,19.81421],[-90.50713,19.81419],[-90.50713,19.81418],[-90.50713,19.81416],[-90.50712,19.81415],[-90.50711,19.8141],[-90.50709,19.81407],[-90.50706,19.81403],[-90.507,19.81398],[-90.50694,19.81394],[-90.50691,19.81394],[-90.50689,19.81394],[-90.50688,19.81395],[-90.50684,19.81382],[-90.50653,19.81262],[-90.50597,19.81027],[-90.5059,19.80996],[-90.50584,19.80974],[-90.50524,19.80724],[-90.50484,19.8057],[-90.50416,19.8031],[-90.50387,19.80203],[-90.50308,19.79897],[-90.50245,19.79687],[-90.50148,19.79301],[-90.50149,19.79295],[-90.50149,19.79295],[-90.50146,19.79294],[-90.50141,19.79293],[-90.50091,19.79283],[-90.49993,19.79264],[-90.49988,19.79264],[-90.49918,19.79252],[-90.49845,19.79247],[-90.49789,19.79248],[-90.49688,19.79262],[-90.4953,19.79297],[-90.49146,19.79387],[-90.49152,19.79399],[-90.49154,19.79409],[-90.4929,19.79929],[-90.4946,19.80581],[-90.49679,19.81418],[-90.4973,19.81613],[-90.49932,19.8239],[-90.49861,19.82448],[-90.50025,19.82697],[-90.50083,19.82783],[-90.50108,19.82819],[-90.5014,19.82861],[-90.50171,19.82907],[-90.50202,19.82951],[-90.50224,19.82985],[-90.50227,19.82993],[-90.50228,19.82995],[-90.50229,19.82996],[-90.5023,19.82998],[-90.50231,19.82999],[-90.50231,19.83],[-90.50232,19.83003],[-90.50233,19.83004],[-90.50233,19.83006],[-90.50233,19.83007],[-90.50233,19.83008],[-90.50233,19.8301],[-90.50233,19.83011],[-90.50233,19.83012],[-90.50233,19.83014],[-90.50233,19.83015],[-90.50232,19.83016],[-90.50232,19.83018],[-90.50231,19.83021],[-90.50202,19.83151],[-90.50183,19.83237],[-90.50175,19.83272],[-90.50161,19.83334],[-90.50156,19.8335],[-90.50136,19.83391],[-90.50106,19.83452],[-90.50132,19.83464],[-90.50178,19.83486],[-90.50239,19.83515],[-90.50309,19.83546],[-90.50357,19.8357],[-90.5044,19.83617],[-90.50472,19.83635],[-90.50501,19.83652],[-90.50519,19.83658],[-90.50535,19.83664],[-90.50527,19.83681],[-90.50616,19.83737],[-90.50706,19.83793],[-90.50786,19.83843]]]}},{"type":"Feature","properties":{"cvegeo":"0400200011162","cve_ent":"04","fuente":"INEGI — Marco Geoestadístico 2024","fecha_corte":"2024-08","cve_mun":"04002","cve_ageb":"1162","cve_loc":"0001"},"geometry":{"type":"Polygon","coordinates":[[[-90.52602,19.82094],[-90.5262,19.82198],[-90.52634,19.82261],[-90.52643,19.82305],[-90.52645,19.82311],[-90.52649,19.8234],[-90.52649,19.82343],[-90.52684,19.82337],[-90.52692,19.82334],[-90.52738,19.82328],[-90.52737,19.82325],[-90.5273,19.82295],[-90.52725,19.82273],[-90.52723,19.82263],[-90.52717,19.82233],[-90.52713,19.82204],[-90.52712,19.82173],[-90.5271,19.82143],[-90.52708,19.82112],[-90.52714,19.82111],[-90.52792,19.82103],[-90.52802,19.82099],[-90.52826,19.82109],[-90.52828,19.82105],[-90.52847,19.82064],[-90.52869,19.82017],[-90.5305,19.82091],[-90.53077,19.82101],[-90.53141,19.82132],[-90.53087,19.82047],[-90.53083,19.82039],[-90.53062,19.82011],[-90.53041,19.81979],[-90.53011,19.81932],[-90.52997,19.8191],[-90.52989,19.81895],[-90.52984,19.81884],[-90.52964,19.81835],[-90.52958,19.8182],[-90.52954,19.8181],[-90.52949,19.81787],[-90.52938,19.81739],[-90.52937,19.81731],[-90.52936,19.81722],[-90.52934,19.81707],[-90.52934,19.81687],[-90.52935,19.81649],[-90.52937,19.81602],[-90.52939,19.81578],[-90.52941,19.81538],[-90.52945,19.81494],[-90.52945,19.81485],[-90.52944,19.8148],[-90.52943,19.81479],[-90.52942,19.81479],[-90.52941,19.81479],[-90.5294,19.81478],[-90.52938,19.81478],[-90.52937,19.81477],[-90.52936,19.81476],[-90.52936,19.81475],[-90.52934,19.81474],[-90.52933,19.81472],[-90.52932,19.81468],[-90.52929,19.81463],[-90.52928,19.81454],[-90.52922,19.81454],[-90.52912,19.81453],[-90.52897,19.81452],[-90.5286,19.81449],[-90.52825,19.81446],[-90.52798,19.81445],[-90.52758,19.81442],[-90.52755,19.81441],[-90.5274,19.81441],[-90.5273,19.8144],[-90.52699,19.81439],[-90.52649,19.81436],[-90.52596,19.81434],[-90.52588,19.81434],[-90.52568,19.81433],[-90.52551,19.81432],[-90.52549,19.81432],[-90.5253,19.81431],[-90.52475,19.81428],[-90.52431,19.81427],[-90.5243,19.81427],[-90.52392,19.81428],[-90.52362,19.81428],[-90.52287,19.81426],[-90.52288,19.81427],[-90.52301,19.81444],[-90.52315,19.8147],[-90.5232,19.81478],[-90.52346,19.81516],[-90.52368,19.81551],[-90.52381,19.8157],[-90.52404,19.8161],[-90.5242,19.81637],[-90.52431,19.81655],[-90.52466,19.8171],[-90.52499,19.8176],[-90.52524,19.81803],[-90.52528,19.8181],[-90.52533,19.81817],[-90.52542,19.8184],[-90.52544,19.81848],[-90.52549,19.81861],[-90.52549,19.81863],[-90.52555,19.81882],[-90.52576,19.81975],[-90.52582,19.82007],[-90.52602,19.82094]]]}},{"type":"Feature","properties":{"cvegeo":"0400200011001","cve_ent":"04","fuente":"INEGI — Marco Geoestadístico 2024","fecha_corte":"2024-08","cve_mun":"04002","cve_ageb":"1001","cve_loc":"0001"},"geometry":{"type":"Polygon","coordinates":[[[-90.55521,19.82843],[-90.55569,19.82889],[-90.55651,19.82961],[-90.5571,19.83016],[-90.55787,19.83087],[-90.55881,19.83175],[-90.55956,19.83132],[-90.5605,19.83079],[-90.56154,19.83018],[-90.56264,19.82957],[-90.56198,19.82853],[-90.56172,19.82866],[-90.56131,19.82889],[-90.56113,19.8286],[-90.56105,19.82846],[-90.56104,19.82845],[-90.56092,19.82825],[-90.56081,19.82809],[-90.56078,19.82805],[-90.5606,19.82774],[-90.56059,19.82773],[-90.56039,19.82739],[-90.56003,19.8276],[-90.55963,19.82781],[-90.55961,19.82639],[-90.55956,19.82627],[-90.55952,19.82616],[-90.55928,19.82539],[-90.55925,19.82505],[-90.55929,19.82454],[-90.55893,19.82392],[-90.55873,19.82337],[-90.5588,19.8232],[-90.55838,19.82308],[-90.55753,19.82357],[-90.55745,19.82405],[-90.55719,19.82428],[-90.5568,19.82453],[-90.55568,19.82502],[-90.55477,19.82543],[-90.55483,19.82556],[-90.55452,19.82581],[-90.55447,19.82588],[-90.55417,19.82595],[-90.55406,19.82581],[-90.55366,19.82602],[-90.55325,19.82627],[-90.55333,19.82632],[-90.55351,19.82646],[-90.55366,19.8266],[-90.55389,19.82688],[-90.55402,19.82703],[-90.55484,19.82801],[-90.55521,19.82843]]]}},{"type":"Feature","properties":{"cvegeo":"0400200011016","cve_ent":"04","fuente":"INEGI — Marco Geoestadístico 2024","fecha_corte":"2024-08","cve_mun":"04002","cve_ageb":"1016","cve_loc":"0001"},"geometry":{"type":"Polygon","coordinates":[[[-90.53106,19.84876],[-90.531,19.84879],[-90.53121,19.84925],[-90.53133,19.84921],[-90.53145,19.84904],[-90.53224,19.84902],[-90.53262,19.84899],[-90.53267,19.84899],[-90.53298,19.84899],[-90.5334,19.84899],[-90.53413,19.84898],[-90.53474,19.849],[-90.53489,19.84899],[-90.53516,19.84903],[-90.53608,19.84899],[-90.53636,19.84899],[-90.53694,19.84892],[-90.53699,19.84892],[-90.53699,19.84892],[-90.53699,19.84892],[-90.53631,19.84754],[-90.53597,19.84692],[-90.53588,19.84677],[-90.53557,19.84617],[-90.53531,19.84566],[-90.53519,19.84541],[-90.53487,19.84482],[-90.5345,19.84413],[-90.5335,19.84462],[-90.53308,19.84484],[-90.53296,19.84491],[-90.53256,19.84516],[-90.53218,19.84536],[-90.53189,19.84551],[-90.53185,19.84553],[-90.53114,19.84577],[-90.53112,19.84578],[-90.53097,19.8458],[-90.53068,19.84594],[-90.53024,19.84613],[-90.53004,19.84622],[-90.53013,19.84637],[-90.53033,19.8467],[-90.53053,19.84701],[-90.53075,19.84736],[-90.53086,19.84753],[-90.53125,19.84825],[-90.5313,19.84823],[-90.53145,19.84852],[-90.53146,19.84853],[-90.53129,19.84862],[-90.53106,19.84876]]]}},{"type":"Feature","properties":{"cvegeo":"0400200011020","cve_ent":"04","fuente":"INEGI — Marco Geoestadístico 2024","fecha_corte":"2024-08","cve_mun":"04002","cve_ageb":"1020","cve_loc":"0001"},"geometry":{"type":"Polygon","coordinates":[[[-90.5276,19.84063],[-90.5276,19.84079],[-90.52764,19.84109],[-90.52769,19.84152],[-90.52775,19.84212],[-90.52779,19.84217],[-90.52785,19.84238],[-90.52798,19.84273],[-90.52807,19.84293],[-90.52816,19.84307],[-90.52831,19.8433],[-90.52836,19.8434],[-90.52871,19.84396],[-90.52895,19.84431],[-90.52921,19.84479],[-90.52946,19.84523],[-90.52973,19.84567],[-90.52992,19.846],[-90.53004,19.84622],[-90.53024,19.84613],[-90.53068,19.84594],[-90.53097,19.8458],[-90.53112,19.84578],[-90.53114,19.84577],[-90.53185,19.84553],[-90.53189,19.84551],[-90.53218,19.84536],[-90.53256,19.84516],[-90.53296,19.84491],[-90.53308,19.84484],[-90.5335,19.84462],[-90.5345,19.84413],[-90.53448,19.84407],[-90.53432,19.84379],[-90.53405,19.84325],[-90.53375,19.84261],[-90.5337,19.84251],[-90.53369,19.84248],[-90.5344,19.84207],[-90.53452,19.84197],[-90.535,19.84154],[-90.53559,19.84104],[-90.53523,19.84098],[-90.53507,19.84095],[-90.53423,19.84078],[-90.53373,19.84068],[-90.53357,19.84068],[-90.53352,19.84067],[-90.53334,19.84065],[-90.53299,19.8406],[-90.53245,19.84049],[-90.53225,19.84045],[-90.53175,19.8403],[-90.53175,19.8403],[-90.53108,19.84019],[-90.53095,19.84018],[-90.53094,19.84017],[-90.53008,19.83999],[-90.52874,19.83972],[-90.5279,19.83953],[-90.52781,19.8399],[-90.5276,19.84063]]]}},{"type":"Feature","properties":{"cvegeo":"0400200011054","cve_ent":"04","fuente":"INEGI — Marco Geoestadístico 2024","fecha_corte":"2024-08","cve_mun":"04002","cve_ageb":"1054","cve_loc":"0001"},"geometry":{"type":"Polygon","coordinates":[[[-90.53423,19.84078],[-90.53507,19.84095],[-90.53523,19.84098],[-90.53559,19.84104],[-90.5357,19.84096],[-90.53574,19.84093],[-90.5358,19.84091],[-90.5364,19.84065],[-90.53656,19.84059],[-90.53661,19.84057],[-90.53686,19.84045],[-90.53744,19.84019],[-90.53791,19.83995],[-90.53791,19.83995],[-90.53792,19.83996],[-90.53792,19.83997],[-90.53793,19.83997],[-90.53794,19.83998],[-90.53794,19.83998],[-90.53795,19.83999],[-90.53796,19.83999],[-90.53796,19.83999],[-90.53797,19.84],[-90.53798,19.84],[-90.53799,19.84],[-90.53799,19.84001],[-90.538,19.84001],[-90.53801,19.84001],[-90.53802,19.84001],[-90.53803,19.84001],[-90.53804,19.84001],[-90.53804,19.84001],[-90.53805,19.84001],[-90.53806,19.84001],[-90.53807,19.84001],[-90.53808,19.84001],[-90.53809,19.84],[-90.53809,19.84],[-90.5381,19.84],[-90.53811,19.84],[-90.53812,19.83999],[-90.53812,19.83999],[-90.53813,19.83998],[-90.53814,19.83998],[-90.53814,19.83997],[-90.53815,19.83997],[-90.53816,19.83996],[-90.53816,19.83996],[-90.53817,19.83995],[-90.53817,19.83994],[-90.53818,19.83994],[-90.53818,19.83993],[-90.53818,19.83992],[-90.53819,19.83992],[-90.53819,19.83991],[-90.53819,19.8399],[-90.53819,19.83989],[-90.5382,19.83989],[-90.5382,19.83988],[-90.5382,19.83987],[-90.5382,19.83986],[-90.5382,19.83985],[-90.5382,19.83985],[-90.5382,19.83984],[-90.5382,19.83983],[-90.53819,19.83982],[-90.53819,19.83981],[-90.53819,19.83981],[-90.53819,19.8398],[-90.53818,19.83979],[-90.53818,19.83979],[-90.53825,19.83975],[-90.53825,19.83974],[-90.53828,19.83971],[-90.53849,19.8395],[-90.5385,19.83949],[-90.53856,19.83938],[-90.53859,19.83931],[-90.53879,19.83895],[-90.53902,19.83858],[-90.53919,19.83829],[-90.53935,19.83803],[-90.53942,19.83791],[-90.53945,19.83787],[-90.53949,19.83783],[-90.54002,19.83742],[-90.54021,19.83732],[-90.5406,19.8371],[-90.54071,19.83704],[-90.54121,19.83677],[-90.54179,19.83644],[-90.54235,19.83613],[-90.54297,19.83579],[-90.54296,19.83578],[-90.54293,19.83573],[-90.54262,19.83524],[-90.54192,19.83417],[-90.54151,19.83348],[-90.54124,19.83305],[-90.54048,19.83348],[-90.54018,19.83366],[-90.54007,19.83372],[-90.53984,19.83387],[-90.53941,19.83415],[-90.5389,19.83447],[-90.53844,19.83482],[-90.53812,19.83505],[-90.53796,19.83517],[-90.53789,19.83522],[-90.53784,19.83526],[-90.53777,19.8353],[-90.53755,19.83547],[-90.53726,19.83565],[-90.53681,19.83579],[-90.53642,19.83596],[-90.53585,19.83615],[-90.53589,19.83628],[-90.5358,19.83632],[-90.53575,19.83633],[-90.53545,19.83645],[-90.53522,19.83654],[-90.53515,19.83657],[-90.53514,19.83647],[-90.53511,19.83626],[-90.53442,19.8362],[-90.53388,19.83614],[-90.53255,19.83608],[-90.53256,19.83623],[-90.53256,19.83628],[-90.53256,19.83646],[-90.53258,19.8368],[-90.53255,19.83732],[-90.53254,19.83755],[-90.53255,19.83771],[-90.53258,19.8381],[-90.5326,19.83832],[-90.53254,19.8386],[-90.5325,19.83878],[-90.53242,19.83923],[-90.53233,19.83964],[-90.53231,19.83978],[-90.53233,19.83989],[-90.53243,19.84026],[-90.53245,19.84049],[-90.53299,19.8406],[-90.53334,19.84065],[-90.53352,19.84067],[-90.53357,19.84068],[-90.53373,19.84068],[-90.53423,19.84078]]]}},{"type":"Feature","properties":{"cvegeo":"0400200011247","cve_ent":"04","fuente":"INEGI — Marco Geoestadístico 2024","fecha_corte":"2024-08","cve_mun":"04002","cve_ageb":"1247","cve_loc":"0001"},"geometry":{"type":"Polygon","coordinates":[[[-90.50439,19.85557],[-90.5047,19.85521],[-90.50394,19.85458],[-90.50328,19.85406],[-90.50323,19.85414],[-90.503,19.85398],[-90.50282,19.85385],[-90.50261,19.85372],[-90.50251,19.85365],[-90.5025,19.85364],[-90.5025,19.85364],[-90.50249,19.85363],[-90.50249,19.85363],[-90.50248,19.85361],[-90.50248,19.85361],[-90.50247,19.8536],[-90.50247,19.85359],[-90.50247,19.85359],[-90.50247,19.85358],[-90.50246,19.85357],[-90.50246,19.85357],[-90.50246,19.85356],[-90.50246,19.85355],[-90.50246,19.85354],[-90.50246,19.85353],[-90.50246,19.85353],[-90.50246,19.85352],[-90.50246,19.85351],[-90.50247,19.85351],[-90.50247,19.8535],[-90.50247,19.85349],[-90.50247,19.85349],[-90.50248,19.85348],[-90.50248,19.85347],[-90.50253,19.85338],[-90.50267,19.85316],[-90.50286,19.85288],[-90.50317,19.85247],[-90.50332,19.85229],[-90.50319,19.85186],[-90.50304,19.85135],[-90.50292,19.85091],[-90.50206,19.85115],[-90.50194,19.85079],[-90.50184,19.85088],[-90.50122,19.85142],[-90.50117,19.85146],[-90.5014,19.85158],[-90.50146,19.85166],[-90.50151,19.85174],[-90.50164,19.85201],[-90.50167,19.85216],[-90.50169,19.85229],[-90.50174,19.85261],[-90.50179,19.85287],[-90.50183,19.85307],[-90.5012,19.85339],[-90.50086,19.85355],[-90.5009,19.85361],[-90.5011,19.85393],[-90.50113,19.85396],[-90.50122,19.85408],[-90.5014,19.85432],[-90.50165,19.8547],[-90.501,19.85513],[-90.50078,19.8554],[-90.50057,19.85571],[-90.50099,19.85596],[-90.50081,19.85634],[-90.50131,19.85658],[-90.50121,19.85676],[-90.50103,19.85706],[-90.50079,19.85756],[-90.50128,19.85782],[-90.50152,19.858],[-90.5019,19.85829],[-90.50219,19.85796],[-90.50256,19.85753],[-90.50267,19.8574],[-90.50276,19.85731],[-90.50284,19.85722],[-90.50325,19.85678],[-90.5034,19.85661],[-90.50394,19.85606],[-90.50395,19.85604],[-90.50407,19.85591],[-90.50439,19.85557]]]}},{"type":"Feature","properties":{"cvegeo":"0400200011073","cve_ent":"04","fuente":"INEGI — Marco Geoestadístico 2024","fecha_corte":"2024-08","cve_mun":"04002","cve_ageb":"1073","cve_loc":"0001"},"geometry":{"type":"Polygon","coordinates":[[[-90.49726,19.84619],[-90.49725,19.84645],[-90.49754,19.84645],[-90.4981,19.84648],[-90.49826,19.84647],[-90.49847,19.84646],[-90.4985,19.84645],[-90.49854,19.84643],[-90.4989,19.84628],[-90.49911,19.84616],[-90.49936,19.846],[-90.49976,19.84574],[-90.50012,19.8455],[-90.50044,19.84528],[-90.50109,19.84488],[-90.50167,19.84449],[-90.50184,19.8444],[-90.50231,19.84409],[-90.50246,19.844],[-90.50246,19.84399],[-90.50245,19.84398],[-90.50245,19.84398],[-90.50245,19.84397],[-90.50245,19.84396],[-90.50245,19.84395],[-90.50245,19.84395],[-90.50245,19.84394],[-90.50245,19.84393],[-90.50246,19.84393],[-90.50246,19.84392],[-90.50247,19.84392],[-90.50247,19.84391],[-90.50248,19.84391],[-90.50248,19.8439],[-90.50249,19.8439],[-90.5025,19.84389],[-90.5025,19.84389],[-90.50251,19.84389],[-90.50252,19.84389],[-90.50253,19.84389],[-90.50253,19.84389],[-90.50254,19.84389],[-90.50255,19.8439],[-90.50256,19.8439],[-90.50256,19.8439],[-90.50257,19.84391],[-90.50263,19.84387],[-90.50308,19.84356],[-90.50358,19.84323],[-90.50416,19.84284],[-90.50458,19.84256],[-90.50481,19.84245],[-90.50512,19.8423],[-90.50517,19.84228],[-90.50533,19.84223],[-90.50542,19.84221],[-90.50556,19.84219],[-90.50589,19.84213],[-90.50604,19.84212],[-90.50623,19.84212],[-90.50696,19.84218],[-90.50696,19.84218],[-90.50696,19.84217],[-90.50696,19.84217],[-90.50696,19.84216],[-90.50696,19.84216],[-90.50696,19.84215],[-90.50697,19.84215],[-90.50697,19.84215],[-90.50697,19.84214],[-90.50698,19.84214],[-90.50698,19.84214],[-90.50699,19.84213],[-90.50699,19.84213],[-90.507,19.84213],[-90.50701,19.84213],[-90.50702,19.84213],[-90.50703,19.84214],[-90.50704,19.84211],[-90.50711,19.84186],[-90.50718,19.84151],[-90.50728,19.84102],[-90.50737,19.84062],[-90.50742,19.84037],[-90.50759,19.83949],[-90.5078,19.83863],[-90.50786,19.83843],[-90.50706,19.83793],[-90.50616,19.83737],[-90.50527,19.83681],[-90.50535,19.83664],[-90.50519,19.83658],[-90.50501,19.83652],[-90.50472,19.83635],[-90.5044,19.83617],[-90.50395,19.83721],[-90.50382,19.83746],[-90.50368,19.83773],[-90.5036,19.83792],[-90.50352,19.8381],[-90.50347,19.83814],[-90.50338,19.83817],[-90.50257,19.83992],[-90.50246,19.84014],[-90.50279,19.8404],[-90.50272,19.84086],[-90.50266,19.84127],[-90.50261,19.84147],[-90.5024,19.84169],[-90.50205,19.84211],[-90.50148,19.84174],[-90.50143,19.84176],[-90.50104,19.84134],[-90.50081,19.8411],[-90.50063,19.84089],[-90.50043,19.84072],[-90.49972,19.84024],[-90.49945,19.84006],[-90.49933,19.83999],[-90.49859,19.83963],[-90.49854,19.83968],[-90.49839,19.83995],[-90.49828,19.84015],[-90.49826,19.84019],[-90.4986,19.8403],[-90.49889,19.84039],[-90.49944,19.84055],[-90.49914,19.84097],[-90.4991,19.84103],[-90.49903,19.84113],[-90.49864,19.84165],[-90.49859,19.8417],[-90.4983,19.84213],[-90.49814,19.84236],[-90.49832,19.84249],[-90.49848,19.8428],[-90.49879,19.84342],[-90.49882,19.84347],[-90.49903,19.84392],[-90.49919,19.84428],[-90.49929,19.8445],[-90.49883,19.84465],[-90.49809,19.84491],[-90.49808,19.84489],[-90.49766,19.845],[-90.49736,19.84514],[-90.49722,19.84528],[-90.49713,19.84522],[-90.49656,19.84487],[-90.49642,19.84476],[-90.49642,19.84491],[-90.49642,19.84542],[-90.49642,19.84595],[-90.49664,19.84588],[-90.49678,19.84588],[-90.49725,19.84591],[-90.49726,19.84619]]]}},{"type":"Feature","properties":{"cvegeo":"0400200011088","cve_ent":"04","fuente":"INEGI — Marco Geoestadístico 2024","fecha_corte":"2024-08","cve_mun":"04002","cve_ageb":"1088","cve_loc":"0001"},"geometry":{"type":"Polygon","coordinates":[[[-90.49859,19.83963],[-90.49933,19.83999],[-90.49945,19.84006],[-90.49972,19.84024],[-90.50043,19.84072],[-90.50063,19.84089],[-90.50081,19.8411],[-90.50104,19.84134],[-90.50143,19.84176],[-90.50148,19.84174],[-90.50205,19.84211],[-90.5024,19.84169],[-90.50261,19.84147],[-90.50266,19.84127],[-90.50272,19.84086],[-90.50279,19.8404],[-90.50246,19.84014],[-90.50257,19.83992],[-90.50338,19.83817],[-90.50347,19.83814],[-90.50352,19.8381],[-90.5036,19.83792],[-90.50368,19.83773],[-90.50382,19.83746],[-90.50395,19.83721],[-90.5044,19.83617],[-90.50357,19.8357],[-90.50309,19.83546],[-90.50288,19.83585],[-90.50229,19.83559],[-90.50214,19.83589],[-90.50203,19.83586],[-90.50175,19.83613],[-90.50141,19.8363],[-90.50112,19.83651],[-90.50083,19.83674],[-90.50053,19.83694],[-90.5002,19.83718],[-90.49934,19.83779],[-90.49957,19.83806],[-90.49984,19.83833],[-90.50008,19.83858],[-90.50033,19.83875],[-90.50006,19.83918],[-90.49998,19.83917],[-90.49904,19.8393],[-90.49892,19.83933],[-90.49859,19.83963]]]}},{"type":"Feature","properties":{"cvegeo":"0400200011105","cve_ent":"04","fuente":"INEGI — Marco Geoestadístico 2024","fecha_corte":"2024-08","cve_mun":"04002","cve_ageb":"1105","cve_loc":"0001"},"geometry":{"type":"Polygon","coordinates":[[[-90.50394,19.85458],[-90.5047,19.85521],[-90.5052,19.85561],[-90.5054,19.85577],[-90.50577,19.85607],[-90.5059,19.85593],[-90.50614,19.85565],[-90.50636,19.85539],[-90.50672,19.85502],[-90.50683,19.85491],[-90.5071,19.85463],[-90.50742,19.85429],[-90.50768,19.85401],[-90.5075,19.85387],[-90.50829,19.85315],[-90.50831,19.85312],[-90.50866,19.8528],[-90.50868,19.85278],[-90.50908,19.8524],[-90.50944,19.85229],[-90.50982,19.85221],[-90.50971,19.8517],[-90.50948,19.85104],[-90.50887,19.8512],[-90.50854,19.85131],[-90.50893,19.85031],[-90.50895,19.85028],[-90.50853,19.85014],[-90.50848,19.85012],[-90.50843,19.85011],[-90.50838,19.85009],[-90.50808,19.85],[-90.50774,19.85054],[-90.50756,19.8508],[-90.50726,19.85049],[-90.50704,19.85026],[-90.50694,19.85016],[-90.50685,19.85008],[-90.5066,19.84985],[-90.50575,19.84912],[-90.50531,19.84874],[-90.50533,19.84919],[-90.50534,19.84996],[-90.50534,19.85063],[-90.50529,19.85064],[-90.50471,19.85072],[-90.50466,19.85073],[-90.50465,19.85069],[-90.50453,19.85025],[-90.50448,19.85011],[-90.50371,19.85029],[-90.50328,19.85041],[-90.50282,19.85055],[-90.50292,19.85091],[-90.50304,19.85135],[-90.50319,19.85186],[-90.50332,19.85229],[-90.50317,19.85247],[-90.50286,19.85288],[-90.50267,19.85316],[-90.50253,19.85338],[-90.50248,19.85347],[-90.50248,19.85348],[-90.50247,19.85349],[-90.50247,19.85349],[-90.50247,19.8535],[-90.50247,19.85351],[-90.50246,19.85351],[-90.50246,19.85352],[-90.50246,19.85353],[-90.50246,19.85353],[-90.50246,19.85354],[-90.50246,19.85355],[-90.50246,19.85356],[-90.50246,19.85357],[-90.50246,19.85357],[-90.50247,19.85358],[-90.50247,19.85359],[-90.50247,19.85359],[-90.50247,19.8536],[-90.50248,19.85361],[-90.50248,19.85361],[-90.50249,19.85363],[-90.50249,19.85363],[-90.5025,19.85364],[-90.5025,19.85364],[-90.50251,19.85365],[-90.50261,19.85372],[-90.50282,19.85385],[-90.503,19.85398],[-90.50323,19.85414],[-90.50328,19.85406],[-90.50394,19.85458]]]}},{"type":"Feature","properties":{"cvegeo":"040020001111A","cve_ent":"04","fuente":"INEGI — Marco Geoestadístico 2024","fecha_corte":"2024-08","cve_mun":"04002","cve_ageb":"111A","cve_loc":"0001"},"geometry":{"type":"Polygon","coordinates":[[[-90.49177,19.85244],[-90.49176,19.8525],[-90.4917,19.85282],[-90.49167,19.853],[-90.49164,19.85314],[-90.49163,19.8532],[-90.49157,19.85348],[-90.4915,19.8538],[-90.49143,19.85412],[-90.49135,19.85448],[-90.49133,19.85456],[-90.49126,19.85485],[-90.49126,19.85488],[-90.49125,19.85491],[-90.49124,19.85493],[-90.49124,19.85495],[-90.49123,19.85497],[-90.49122,19.85499],[-90.49121,19.85501],[-90.4912,19.85502],[-90.49119,19.85504],[-90.49118,19.85506],[-90.49117,19.85507],[-90.49115,19.85509],[-90.49114,19.8551],[-90.49112,19.85512],[-90.49111,19.85513],[-90.49109,19.85514],[-90.49107,19.85516],[-90.49103,19.85518],[-90.49057,19.8554],[-90.49013,19.85561],[-90.48996,19.85568],[-90.48962,19.85584],[-90.4896,19.85597],[-90.48953,19.8563],[-90.48951,19.85645],[-90.48929,19.85655],[-90.48888,19.85673],[-90.48899,19.85707],[-90.48835,19.85738],[-90.48809,19.8575],[-90.48772,19.85768],[-90.48782,19.85789],[-90.488,19.85825],[-90.48844,19.85804],[-90.48895,19.85779],[-90.48916,19.85769],[-90.48924,19.85761],[-90.48945,19.85747],[-90.48967,19.85736],[-90.49018,19.8571],[-90.49036,19.85701],[-90.49118,19.85664],[-90.4917,19.85639],[-90.49172,19.85638],[-90.49205,19.85622],[-90.49222,19.85614],[-90.49242,19.85604],[-90.49257,19.85597],[-90.4927,19.85591],[-90.49292,19.85581],[-90.49305,19.85576],[-90.49307,19.85571],[-90.49309,19.85563],[-90.49319,19.85527],[-90.49327,19.85496],[-90.49332,19.85479],[-90.49337,19.85463],[-90.49339,19.85452],[-90.49347,19.85428],[-90.49351,19.85412],[-90.49356,19.85391],[-90.49363,19.85362],[-90.49365,19.85357],[-90.49373,19.85327],[-90.49376,19.85318],[-90.49384,19.8529],[-90.49386,19.85281],[-90.49388,19.85274],[-90.49392,19.8526],[-90.49393,19.85258],[-90.49402,19.85228],[-90.49411,19.85195],[-90.4942,19.85164],[-90.49439,19.85104],[-90.49368,19.85141],[-90.49357,19.85147],[-90.49315,19.8517],[-90.49311,19.85172],[-90.49276,19.85192],[-90.4927,19.85195],[-90.49233,19.85214],[-90.49218,19.85223],[-90.49187,19.85239],[-90.49177,19.85244]]]}},{"type":"Feature","properties":{"cvegeo":"0400200011139","cve_ent":"04","fuente":"INEGI — Marco Geoestadístico 2024","fecha_corte":"2024-08","cve_mun":"04002","cve_ageb":"1139","cve_loc":"0001"},"geometry":{"type":"Polygon","coordinates":[[[-90.5321,19.81921],[-90.53206,19.81922],[-90.53203,19.81923],[-90.53131,19.81949],[-90.53072,19.81972],[-90.53075,19.81981],[-90.53079,19.81992],[-90.53082,19.82],[-90.53082,19.82],[-90.53062,19.8201],[-90.53062,19.82011],[-90.53083,19.82039],[-90.53087,19.82047],[-90.53141,19.82132],[-90.53167,19.82173],[-90.53191,19.82208],[-90.53206,19.82232],[-90.53221,19.82257],[-90.53269,19.8233],[-90.53282,19.82349],[-90.53286,19.82354],[-90.53288,19.82354],[-90.53292,19.82353],[-90.53377,19.82338],[-90.53473,19.82318],[-90.53547,19.82306],[-90.5364,19.8229],[-90.53663,19.82286],[-90.53715,19.82276],[-90.53781,19.82266],[-90.53855,19.82255],[-90.53883,19.8225],[-90.53896,19.82248],[-90.53958,19.82237],[-90.53986,19.82232],[-90.54068,19.82216],[-90.54092,19.82212],[-90.54123,19.82207],[-90.54151,19.82202],[-90.54175,19.82199],[-90.54171,19.82195],[-90.54163,19.82189],[-90.54137,19.82159],[-90.54082,19.82102],[-90.54059,19.82076],[-90.54029,19.82045],[-90.54021,19.82037],[-90.53991,19.82006],[-90.53957,19.81965],[-90.53867,19.81861],[-90.53861,19.81854],[-90.53822,19.81805],[-90.53796,19.81768],[-90.53782,19.81749],[-90.53782,19.81748],[-90.53766,19.81753],[-90.53659,19.81784],[-90.53635,19.8179],[-90.53624,19.81793],[-90.53594,19.81801],[-90.53587,19.81803],[-90.53554,19.8181],[-90.53545,19.81813],[-90.53467,19.81833],[-90.53412,19.8185],[-90.53397,19.81854],[-90.53383,19.81859],[-90.53343,19.81875],[-90.53275,19.819],[-90.53275,19.81897],[-90.5321,19.81921]]]}},{"type":"Feature","properties":{"cvegeo":"0400200011143","cve_ent":"04","fuente":"INEGI — Marco Geoestadístico 2024","fecha_corte":"2024-08","cve_mun":"04002","cve_ageb":"1143","cve_loc":"0001"},"geometry":{"type":"Polygon","coordinates":[[[-90.52984,19.81884],[-90.52989,19.81895],[-90.52997,19.8191],[-90.53011,19.81932],[-90.53041,19.81979],[-90.53062,19.82011],[-90.53062,19.8201],[-90.53082,19.82],[-90.53082,19.82],[-90.53079,19.81992],[-90.53075,19.81981],[-90.53072,19.81972],[-90.53131,19.81949],[-90.53203,19.81923],[-90.53206,19.81922],[-90.5321,19.81921],[-90.53275,19.81897],[-90.53275,19.819],[-90.53343,19.81875],[-90.53383,19.81859],[-90.53397,19.81854],[-90.53412,19.8185],[-90.53467,19.81833],[-90.53545,19.81813],[-90.53554,19.8181],[-90.53587,19.81803],[-90.53594,19.81801],[-90.53624,19.81793],[-90.53635,19.8179],[-90.53659,19.81784],[-90.53766,19.81753],[-90.53782,19.81748],[-90.53761,19.81724],[-90.53735,19.81691],[-90.53706,19.81655],[-90.53704,19.81653],[-90.53704,19.81653],[-90.53704,19.81653],[-90.53675,19.81615],[-90.53658,19.81595],[-90.53656,19.81593],[-90.53648,19.81582],[-90.53631,19.8156],[-90.5362,19.81548],[-90.53598,19.8153],[-90.53582,19.81519],[-90.53565,19.81509],[-90.53554,19.81504],[-90.53549,19.81501],[-90.53525,19.81492],[-90.5351,19.81487],[-90.53496,19.81483],[-90.53493,19.81482],[-90.5348,19.8148],[-90.53458,19.81477],[-90.53443,19.81475],[-90.53431,19.81475],[-90.53414,19.81474],[-90.53336,19.8147],[-90.53248,19.81467],[-90.53237,19.81467],[-90.53229,19.81467],[-90.53168,19.81463],[-90.53099,19.81461],[-90.53098,19.8146],[-90.53077,19.8146],[-90.53049,19.81458],[-90.53002,19.81455],[-90.52967,19.81454],[-90.52961,19.81453],[-90.52961,19.81449],[-90.5296,19.81441],[-90.52959,19.81436],[-90.52958,19.81433],[-90.52958,19.81432],[-90.52957,19.81431],[-90.52956,19.8143],[-90.52956,19.81428],[-90.52955,19.81427],[-90.52954,19.81426],[-90.52952,19.81425],[-90.52952,19.81425],[-90.5295,19.81424],[-90.52948,19.81423],[-90.52946,19.81423],[-90.52943,19.81423],[-90.52941,19.81423],[-90.5294,19.81424],[-90.52938,19.81425],[-90.52937,19.81425],[-90.52936,19.81426],[-90.52935,19.81427],[-90.52934,19.81428],[-90.52933,19.81429],[-90.52933,19.81431],[-90.52932,19.81432],[-90.52932,19.81433],[-90.52931,19.81435],[-90.52931,19.81437],[-90.52928,19.81445],[-90.52928,19.81454],[-90.52929,19.81463],[-90.52932,19.81468],[-90.52933,19.81472],[-90.52934,19.81474],[-90.52936,19.81475],[-90.52936,19.81476],[-90.52937,19.81477],[-90.52938,19.81478],[-90.5294,19.81478],[-90.52941,19.81479],[-90.52942,19.81479],[-90.52943,19.81479],[-90.52944,19.8148],[-90.52945,19.81485],[-90.52945,19.81494],[-90.52941,19.81538],[-90.52939,19.81578],[-90.52937,19.81602],[-90.52935,19.81649],[-90.52934,19.81687],[-90.52934,19.81707],[-90.52936,19.81722],[-90.52937,19.81731],[-90.52938,19.81739],[-90.52949,19.81787],[-90.52954,19.8181],[-90.52958,19.8182],[-90.52964,19.81835],[-90.52984,19.81884]]]}},{"type":"Feature","properties":{"cvegeo":"0400200011177","cve_ent":"04","fuente":"INEGI — Marco Geoestadístico 2024","fecha_corte":"2024-08","cve_mun":"04002","cve_ageb":"1177","cve_loc":"0001"},"geometry":{"type":"Polygon","coordinates":[[[-90.52834,19.82792],[-90.52799,19.82791],[-90.52762,19.82791],[-90.52726,19.8279],[-90.52691,19.8279],[-90.52667,19.82789],[-90.52664,19.82789],[-90.52661,19.82809],[-90.52659,19.82826],[-90.52659,19.82848],[-90.52661,19.82897],[-90.5266,19.82946],[-90.52658,19.82992],[-90.52655,19.83014],[-90.52655,19.83042],[-90.52653,19.83094],[-90.52653,19.83121],[-90.52651,19.83217],[-90.5265,19.83235],[-90.5265,19.83251],[-90.52646,19.83274],[-90.52646,19.83275],[-90.52646,19.8328],[-90.52663,19.83266],[-90.52686,19.8325],[-90.52738,19.83214],[-90.52786,19.83181],[-90.52853,19.83135],[-90.5289,19.83111],[-90.52908,19.83097],[-90.52959,19.83069],[-90.53015,19.83046],[-90.53028,19.8304],[-90.53052,19.83032],[-90.53111,19.83018],[-90.53139,19.83012],[-90.53181,19.83009],[-90.53187,19.83008],[-90.53207,19.83008],[-90.53237,19.83008],[-90.53252,19.83008],[-90.5329,19.83008],[-90.53368,19.83009],[-90.53412,19.8301],[-90.53434,19.83011],[-90.5349,19.83012],[-90.53489,19.83009],[-90.53485,19.82977],[-90.53479,19.82922],[-90.53476,19.82896],[-90.53475,19.82864],[-90.53474,19.82808],[-90.53344,19.82804],[-90.53231,19.82801],[-90.53191,19.828],[-90.53119,19.82799],[-90.53099,19.82799],[-90.53001,19.82795],[-90.52901,19.82795],[-90.52897,19.82794],[-90.52834,19.82792]]]}},{"type":"Feature","properties":{"cvegeo":"0400200011181","cve_ent":"04","fuente":"INEGI — Marco Geoestadístico 2024","fecha_corte":"2024-08","cve_mun":"04002","cve_ageb":"1181","cve_loc":"0001"},"geometry":{"type":"Polygon","coordinates":[[[-90.52664,19.82789],[-90.52667,19.82789],[-90.52691,19.8279],[-90.52726,19.8279],[-90.52762,19.82791],[-90.52799,19.82791],[-90.52834,19.82792],[-90.52897,19.82794],[-90.52901,19.82795],[-90.53001,19.82795],[-90.53099,19.82799],[-90.53119,19.82799],[-90.53191,19.828],[-90.53231,19.82801],[-90.53344,19.82804],[-90.53474,19.82808],[-90.53478,19.82741],[-90.53479,19.82719],[-90.53476,19.82689],[-90.53473,19.82666],[-90.53462,19.82634],[-90.53456,19.8262],[-90.53436,19.82587],[-90.53342,19.82447],[-90.53292,19.82365],[-90.53286,19.82354],[-90.53282,19.82349],[-90.5328,19.82349],[-90.53234,19.82377],[-90.53229,19.8238],[-90.53182,19.82399],[-90.53159,19.82408],[-90.5313,19.82416],[-90.53075,19.82424],[-90.52954,19.82435],[-90.52941,19.82436],[-90.52938,19.82436],[-90.52933,19.82436],[-90.52898,19.82437],[-90.52896,19.82437],[-90.52896,19.82437],[-90.52896,19.82437],[-90.52893,19.82437],[-90.52893,19.82437],[-90.52888,19.82438],[-90.52888,19.82438],[-90.52687,19.82461],[-90.52686,19.82461],[-90.52686,19.82463],[-90.52685,19.82466],[-90.52685,19.82467],[-90.52684,19.82469],[-90.52684,19.82471],[-90.52683,19.82472],[-90.52681,19.82474],[-90.52679,19.82475],[-90.52678,19.82476],[-90.52677,19.82476],[-90.52675,19.82476],[-90.52673,19.82502],[-90.52673,19.8252],[-90.52674,19.82556],[-90.52673,19.82572],[-90.52669,19.82601],[-90.52669,19.8261],[-90.52667,19.82624],[-90.52669,19.8268],[-90.52668,19.82735],[-90.52664,19.82789]]]}},{"type":"Feature","properties":{"cvegeo":"0400200011209","cve_ent":"04","fuente":"INEGI — Marco Geoestadístico 2024","fecha_corte":"2024-08","cve_mun":"04002","cve_ageb":"1209","cve_loc":"0001"},"geometry":{"type":"Polygon","coordinates":[[[-90.48814,19.8381],[-90.48826,19.83819],[-90.48864,19.83846],[-90.48924,19.83886],[-90.48929,19.83888],[-90.48934,19.83884],[-90.49008,19.8381],[-90.48975,19.83785],[-90.49041,19.83716],[-90.49112,19.83642],[-90.4912,19.83633],[-90.49156,19.83577],[-90.4924,19.83409],[-90.4924,19.83408],[-90.4924,19.83408],[-90.4924,19.83407],[-90.4924,19.83406],[-90.4924,19.83405],[-90.4924,19.83405],[-90.4924,19.83404],[-90.4924,19.83404],[-90.49241,19.83403],[-90.49241,19.83402],[-90.49242,19.83402],[-90.49242,19.83402],[-90.49243,19.83401],[-90.49244,19.83401],[-90.49244,19.83401],[-90.49245,19.83401],[-90.49245,19.83401],[-90.49246,19.83401],[-90.49247,19.83401],[-90.4926,19.83358],[-90.4926,19.83358],[-90.49255,19.83358],[-90.49247,19.83358],[-90.49235,19.83356],[-90.49224,19.83353],[-90.49212,19.83347],[-90.49201,19.83342],[-90.49194,19.83337],[-90.49187,19.8333],[-90.4918,19.8332],[-90.49174,19.83311],[-90.49169,19.83301],[-90.49164,19.83285],[-90.49164,19.83284],[-90.49164,19.83284],[-90.49178,19.83275],[-90.49181,19.83273],[-90.49181,19.83273],[-90.49131,19.83215],[-90.49127,19.83211],[-90.49126,19.8321],[-90.49126,19.83209],[-90.49229,19.83176],[-90.49244,19.8317],[-90.49248,19.83169],[-90.49248,19.83169],[-90.49181,19.82987],[-90.49013,19.83032],[-90.49005,19.83034],[-90.49005,19.83034],[-90.49046,19.83112],[-90.49109,19.83217],[-90.49097,19.83224],[-90.49104,19.83244],[-90.49064,19.83261],[-90.49045,19.83277],[-90.49019,19.83324],[-90.48986,19.83392],[-90.48984,19.83395],[-90.4896,19.83442],[-90.48942,19.83476],[-90.48922,19.83504],[-90.48904,19.8352],[-90.48882,19.83531],[-90.48847,19.83545],[-90.4884,19.83547],[-90.48824,19.83513],[-90.48806,19.83468],[-90.4877,19.8348],[-90.48741,19.83489],[-90.48692,19.83505],[-90.48646,19.83571],[-90.48608,19.83547],[-90.48576,19.83592],[-90.48621,19.83612],[-90.48679,19.83636],[-90.48661,19.83659],[-90.48638,19.83686],[-90.48663,19.83703],[-90.48708,19.83734],[-90.48753,19.83769],[-90.48799,19.83802],[-90.48814,19.8381]]]}},{"type":"Feature","properties":{"cvegeo":"0400200011228","cve_ent":"04","fuente":"INEGI — Marco Geoestadístico 2024","fecha_corte":"2024-08","cve_mun":"04002","cve_ageb":"1228","cve_loc":"0001"},"geometry":{"type":"Polygon","coordinates":[[[-90.49097,19.86443],[-90.49085,19.86458],[-90.49068,19.86479],[-90.49041,19.86511],[-90.49012,19.86542],[-90.49008,19.86547],[-90.48986,19.86573],[-90.48959,19.86605],[-90.48946,19.86619],[-90.48928,19.8664],[-90.48926,19.86641],[-90.48897,19.86674],[-90.48897,19.86675],[-90.48871,19.86704],[-90.48845,19.86735],[-90.48817,19.86763],[-90.48809,19.86772],[-90.48786,19.86797],[-90.48821,19.86845],[-90.48861,19.86906],[-90.48892,19.86953],[-90.48937,19.87019],[-90.48977,19.86992],[-90.48979,19.86991],[-90.49012,19.8697],[-90.49045,19.86948],[-90.49078,19.86927],[-90.49084,19.86923],[-90.49117,19.86903],[-90.49115,19.86899],[-90.49119,19.86896],[-90.49149,19.86876],[-90.49155,19.86873],[-90.49182,19.86855],[-90.4919,19.8685],[-90.49194,19.86847],[-90.49197,19.86845],[-90.49274,19.86797],[-90.49294,19.86783],[-90.49329,19.8676],[-90.49283,19.86695],[-90.49226,19.86621],[-90.4926,19.86599],[-90.49239,19.86567],[-90.49209,19.86526],[-90.49197,19.8651],[-90.49178,19.86484],[-90.49151,19.86446],[-90.49125,19.8641],[-90.49097,19.86443]]]}},{"type":"Feature","properties":{"cvegeo":"0400200011232","cve_ent":"04","fuente":"INEGI — Marco Geoestadístico 2024","fecha_corte":"2024-08","cve_mun":"04002","cve_ageb":"1232","cve_loc":"0001"},"geometry":{"type":"Polygon","coordinates":[[[-90.50834,19.85807],[-90.50843,19.8582],[-90.5085,19.85833],[-90.50857,19.85844],[-90.50867,19.85854],[-90.50881,19.8588],[-90.50895,19.85902],[-90.50898,19.85908],[-90.50922,19.85946],[-90.50925,19.85953],[-90.50945,19.8599],[-90.50959,19.86017],[-90.50965,19.8603],[-90.50966,19.8602],[-90.50969,19.86013],[-90.50973,19.86007],[-90.50976,19.86002],[-90.50983,19.85995],[-90.50993,19.85986],[-90.51009,19.85975],[-90.51023,19.85963],[-90.51019,19.85959],[-90.51017,19.85955],[-90.51014,19.85951],[-90.51011,19.85946],[-90.51009,19.85941],[-90.51004,19.8593],[-90.51009,19.85925],[-90.51019,19.85916],[-90.51023,19.85912],[-90.51056,19.8588],[-90.51086,19.85852],[-90.51135,19.85803],[-90.51164,19.85775],[-90.51183,19.85756],[-90.51209,19.85733],[-90.51229,19.85713],[-90.51192,19.8568],[-90.51156,19.85648],[-90.51118,19.85616],[-90.51106,19.8561],[-90.51089,19.85585],[-90.51071,19.85569],[-90.51026,19.85618],[-90.50981,19.85578],[-90.50936,19.85537],[-90.509,19.85571],[-90.50867,19.85602],[-90.50837,19.85632],[-90.50829,19.85643],[-90.50824,19.85657],[-90.50819,19.85686],[-90.50798,19.85733],[-90.50759,19.85717],[-90.50732,19.85705],[-90.50701,19.85691],[-90.50697,19.85688],[-90.50656,19.85662],[-90.50642,19.85653],[-90.50625,19.85641],[-90.50611,19.85631],[-90.50577,19.85607],[-90.5054,19.85577],[-90.5052,19.85561],[-90.5047,19.85521],[-90.50439,19.85557],[-90.50407,19.85591],[-90.50395,19.85604],[-90.50394,19.85606],[-90.5034,19.85661],[-90.50325,19.85678],[-90.50284,19.85722],[-90.50276,19.85731],[-90.50267,19.8574],[-90.50256,19.85753],[-90.50219,19.85796],[-90.5019,19.85829],[-90.50159,19.85866],[-90.50143,19.85885],[-90.50132,19.859],[-90.50164,19.85899],[-90.50218,19.85889],[-90.50226,19.85888],[-90.50276,19.85881],[-90.50282,19.8588],[-90.5033,19.85873],[-90.50344,19.85871],[-90.50378,19.85865],[-90.50382,19.85865],[-90.50423,19.85861],[-90.50434,19.85853],[-90.5049,19.85845],[-90.50536,19.85839],[-90.50545,19.85837],[-90.50595,19.8583],[-90.50636,19.85824],[-90.50642,19.85824],[-90.50681,19.85817],[-90.50692,19.8581],[-90.50713,19.85804],[-90.5074,19.85801],[-90.5075,19.858],[-90.50755,19.85799],[-90.50757,19.85803],[-90.50762,19.85806],[-90.5077,19.85806],[-90.50788,19.85801],[-90.50803,19.85799],[-90.50819,19.85799],[-90.50834,19.85807]]]}},{"type":"Feature","properties":{"cvegeo":"040020001129A","cve_ent":"04","fuente":"INEGI — Marco Geoestadístico 2024","fecha_corte":"2024-08","cve_mun":"04002","cve_ageb":"129A","cve_loc":"0001"},"geometry":{"type":"Polygon","coordinates":[[[-90.52372,19.85062],[-90.52339,19.85061],[-90.52316,19.8506],[-90.52315,19.85106],[-90.52315,19.85136],[-90.52313,19.85189],[-90.52313,19.85201],[-90.52313,19.85256],[-90.52308,19.85325],[-90.5226,19.8533],[-90.52307,19.85426],[-90.5239,19.85357],[-90.524,19.85351],[-90.52523,19.85279],[-90.52584,19.85241],[-90.52632,19.85216],[-90.52713,19.85174],[-90.52748,19.85156],[-90.52777,19.85138],[-90.52825,19.85108],[-90.52924,19.85042],[-90.5293,19.85038],[-90.53016,19.8498],[-90.5302,19.84978],[-90.53121,19.84925],[-90.531,19.84879],[-90.53106,19.84876],[-90.53129,19.84862],[-90.53146,19.84853],[-90.53145,19.84852],[-90.5313,19.84823],[-90.53125,19.84825],[-90.53086,19.84753],[-90.53082,19.84755],[-90.53065,19.84763],[-90.52992,19.84798],[-90.52906,19.8484],[-90.52836,19.84874],[-90.52699,19.84937],[-90.52695,19.84939],[-90.52623,19.84974],[-90.52621,19.84975],[-90.52617,19.84976],[-90.5255,19.84996],[-90.52545,19.84997],[-90.52501,19.85004],[-90.5247,19.85009],[-90.52468,19.8501],[-90.52465,19.85012],[-90.52435,19.8504],[-90.5241,19.85063],[-90.524,19.85062],[-90.52392,19.85062],[-90.52372,19.85062]]]}},{"type":"Feature","properties":{"cvegeo":"0400200011302","cve_ent":"04","fuente":"INEGI — Marco Geoestadístico 2024","fecha_corte":"2024-08","cve_mun":"04002","cve_ageb":"1302","cve_loc":"0001"},"geometry":{"type":"Polygon","coordinates":[[[-90.52317,19.85057],[-90.52316,19.8506],[-90.52339,19.85061],[-90.52372,19.85062],[-90.52392,19.85062],[-90.524,19.85062],[-90.5241,19.85063],[-90.52435,19.8504],[-90.52465,19.85012],[-90.52468,19.8501],[-90.5247,19.85009],[-90.52501,19.85004],[-90.52545,19.84997],[-90.5255,19.84996],[-90.52617,19.84976],[-90.52621,19.84975],[-90.52623,19.84974],[-90.52695,19.84939],[-90.52699,19.84937],[-90.52836,19.84874],[-90.52906,19.8484],[-90.52992,19.84798],[-90.53065,19.84763],[-90.53082,19.84755],[-90.53086,19.84753],[-90.53075,19.84736],[-90.53053,19.84701],[-90.53033,19.8467],[-90.53013,19.84637],[-90.53004,19.84622],[-90.52992,19.846],[-90.52973,19.84567],[-90.52946,19.84523],[-90.52921,19.84479],[-90.52895,19.84431],[-90.52871,19.84396],[-90.52836,19.8434],[-90.52831,19.8433],[-90.52744,19.84327],[-90.52678,19.84324],[-90.52614,19.84321],[-90.52555,19.8432],[-90.52323,19.8431],[-90.52324,19.84324],[-90.52329,19.84355],[-90.52334,19.8437],[-90.52345,19.84401],[-90.52351,19.84419],[-90.52377,19.84468],[-90.52378,19.8447],[-90.52387,19.84497],[-90.52387,19.84501],[-90.52389,19.84516],[-90.52392,19.84539],[-90.52394,19.84595],[-90.52322,19.84601],[-90.52321,19.84624],[-90.52321,19.84675],[-90.52321,19.84707],[-90.5232,19.84736],[-90.5232,19.84781],[-90.52319,19.84883],[-90.52319,19.84898],[-90.52319,19.8492],[-90.52317,19.8492],[-90.52318,19.84947],[-90.52317,19.85057]]]}},{"type":"Feature","properties":{"cvegeo":"0400200011336","cve_ent":"04","fuente":"INEGI — Marco Geoestadístico 2024","fecha_corte":"2024-08","cve_mun":"04002","cve_ageb":"1336","cve_loc":"0001"},"geometry":{"type":"Polygon","coordinates":[[[-90.51399,19.8397],[-90.51416,19.84021],[-90.5146,19.84143],[-90.51459,19.84162],[-90.51494,19.84265],[-90.51506,19.84274],[-90.5157,19.84281],[-90.51702,19.84284],[-90.51872,19.8429],[-90.51896,19.84291],[-90.51888,19.84184],[-90.51866,19.8402],[-90.51865,19.83992],[-90.51859,19.83929],[-90.5185,19.83926],[-90.51829,19.83896],[-90.51789,19.83873],[-90.51711,19.83822],[-90.5169,19.83812],[-90.51687,19.83809],[-90.51692,19.83697],[-90.51694,19.83664],[-90.51694,19.8366],[-90.51709,19.83624],[-90.5171,19.83622],[-90.51732,19.83586],[-90.51749,19.83557],[-90.51768,19.83516],[-90.51781,19.83495],[-90.51703,19.83458],[-90.51684,19.83449],[-90.51666,19.83487],[-90.51659,19.83502],[-90.51597,19.83489],[-90.51593,19.83489],[-90.51579,19.83518],[-90.51559,19.83555],[-90.5154,19.83592],[-90.5153,19.83605],[-90.51522,19.83617],[-90.51514,19.83624],[-90.51507,19.83631],[-90.515,19.83638],[-90.51496,19.83646],[-90.51488,19.83665],[-90.51472,19.83702],[-90.51349,19.83644],[-90.51342,19.83646],[-90.51336,19.83627],[-90.51332,19.83612],[-90.51285,19.83473],[-90.51281,19.8346],[-90.51274,19.83448],[-90.51267,19.83438],[-90.5125,19.83417],[-90.51235,19.834],[-90.5123,19.83395],[-90.51224,19.83384],[-90.51217,19.83371],[-90.51215,19.83364],[-90.51212,19.83338],[-90.51211,19.83333],[-90.51195,19.8334],[-90.51187,19.83342],[-90.51177,19.83346],[-90.51162,19.83394],[-90.51134,19.83425],[-90.51132,19.83426],[-90.51123,19.83436],[-90.51052,19.83501],[-90.51032,19.8352],[-90.51011,19.83525],[-90.50975,19.83577],[-90.50949,19.83621],[-90.51017,19.83661],[-90.51032,19.83679],[-90.51035,19.83686],[-90.5101,19.8371],[-90.50999,19.83722],[-90.50982,19.83745],[-90.50989,19.8375],[-90.51023,19.83773],[-90.51046,19.8379],[-90.51084,19.83822],[-90.51115,19.83786],[-90.51134,19.83806],[-90.51152,19.83827],[-90.51166,19.83844],[-90.51171,19.83857],[-90.51184,19.83865],[-90.51191,19.83865],[-90.51199,19.83863],[-90.51232,19.83845],[-90.51244,19.83885],[-90.51245,19.83888],[-90.5125,19.83909],[-90.51254,19.83929],[-90.51261,19.8395],[-90.51262,19.83962],[-90.51264,19.83987],[-90.51265,19.84005],[-90.51267,19.84021],[-90.51268,19.84037],[-90.51269,19.84049],[-90.51302,19.84047],[-90.5133,19.84041],[-90.51352,19.84039],[-90.51358,19.84035],[-90.5135,19.84],[-90.51334,19.83945],[-90.5138,19.83931],[-90.51385,19.83929],[-90.51399,19.8397]]]}},{"type":"Feature","properties":{"cvegeo":"0400200011603","cve_ent":"04","fuente":"INEGI — Marco Geoestadístico 2024","fecha_corte":"2024-08","cve_mun":"04002","cve_ageb":"1603","cve_loc":"0001"},"geometry":{"type":"Polygon","coordinates":[[[-90.52961,19.81453],[-90.52967,19.81454],[-90.53002,19.81455],[-90.53049,19.81458],[-90.53077,19.8146],[-90.53098,19.8146],[-90.53099,19.81461],[-90.53168,19.81463],[-90.53229,19.81467],[-90.53237,19.81467],[-90.53248,19.81467],[-90.53336,19.8147],[-90.53414,19.81474],[-90.53431,19.81475],[-90.53433,19.81472],[-90.53433,19.81472],[-90.53434,19.8147],[-90.5344,19.81455],[-90.53441,19.81454],[-90.53452,19.81437],[-90.53489,19.81384],[-90.53513,19.8135],[-90.53537,19.81315],[-90.53541,19.81306],[-90.53542,19.81293],[-90.53546,19.81271],[-90.53549,19.81262],[-90.53561,19.81197],[-90.53571,19.8114],[-90.53581,19.81079],[-90.53585,19.81072],[-90.53592,19.81045],[-90.53598,19.81018],[-90.53606,19.8098],[-90.5361,19.80973],[-90.53636,19.80902],[-90.53647,19.80875],[-90.53585,19.8086],[-90.53522,19.80846],[-90.53453,19.80829],[-90.53352,19.80804],[-90.53245,19.80777],[-90.5323,19.80772],[-90.53131,19.80746],[-90.53123,19.80801],[-90.53117,19.80841],[-90.53102,19.80939],[-90.53073,19.80937],[-90.53065,19.80938],[-90.53067,19.80946],[-90.53076,19.80976],[-90.53077,19.80984],[-90.53069,19.80984],[-90.52994,19.80979],[-90.52968,19.80977],[-90.52961,19.811],[-90.52957,19.81191],[-90.52957,19.81212],[-90.52955,19.81245],[-90.52948,19.81376],[-90.52947,19.81379],[-90.52947,19.81387],[-90.52946,19.81419],[-90.52946,19.81423],[-90.52948,19.81423],[-90.5295,19.81424],[-90.52952,19.81425],[-90.52952,19.81425],[-90.52954,19.81426],[-90.52955,19.81427],[-90.52956,19.81428],[-90.52956,19.8143],[-90.52957,19.81431],[-90.52958,19.81432],[-90.52958,19.81433],[-90.52959,19.81436],[-90.5296,19.81441],[-90.52961,19.81449],[-90.52961,19.81453]]]}},{"type":"Feature","properties":{"cvegeo":"0400200011340","cve_ent":"04","fuente":"INEGI — Marco Geoestadístico 2024","fecha_corte":"2024-08","cve_mun":"04002","cve_ageb":"1340","cve_loc":"0001"},"geometry":{"type":"Polygon","coordinates":[[[-90.51359,19.84267],[-90.51359,19.84268],[-90.5136,19.84268],[-90.5136,19.84269],[-90.5136,19.84269],[-90.5136,19.8427],[-90.51361,19.8427],[-90.51361,19.84271],[-90.51362,19.84271],[-90.51362,19.84271],[-90.51363,19.84272],[-90.51363,19.84272],[-90.51364,19.84272],[-90.51364,19.84272],[-90.51365,19.84272],[-90.51365,19.84272],[-90.51366,19.84272],[-90.51366,19.84272],[-90.51366,19.84272],[-90.51367,19.84272],[-90.51367,19.84272],[-90.51368,19.84271],[-90.51368,19.84271],[-90.51368,19.84271],[-90.51369,19.84271],[-90.51369,19.84271],[-90.51369,19.8427],[-90.5137,19.8427],[-90.5137,19.8427],[-90.5137,19.84269],[-90.5137,19.84269],[-90.51371,19.84268],[-90.51371,19.84268],[-90.51371,19.84267],[-90.51371,19.84267],[-90.51433,19.8427],[-90.51506,19.84274],[-90.51494,19.84265],[-90.51459,19.84162],[-90.5146,19.84143],[-90.51416,19.84021],[-90.51399,19.8397],[-90.51385,19.83929],[-90.5138,19.83931],[-90.51334,19.83945],[-90.5135,19.84],[-90.51358,19.84035],[-90.51352,19.84039],[-90.5133,19.84041],[-90.51302,19.84047],[-90.51269,19.84049],[-90.51268,19.84037],[-90.51267,19.84021],[-90.51265,19.84005],[-90.51264,19.83987],[-90.51262,19.83962],[-90.51261,19.8395],[-90.51254,19.83929],[-90.5125,19.83909],[-90.51245,19.83888],[-90.51244,19.83885],[-90.51232,19.83845],[-90.51199,19.83863],[-90.51191,19.83865],[-90.51184,19.83865],[-90.51171,19.83857],[-90.51166,19.83844],[-90.51152,19.83827],[-90.51134,19.83806],[-90.51115,19.83786],[-90.51084,19.83822],[-90.51046,19.8379],[-90.51023,19.83773],[-90.50989,19.8375],[-90.50982,19.83745],[-90.50999,19.83722],[-90.5101,19.8371],[-90.51035,19.83686],[-90.51032,19.83679],[-90.51017,19.83661],[-90.50949,19.83621],[-90.50929,19.83654],[-90.50906,19.83691],[-90.50897,19.83706],[-90.50877,19.83736],[-90.50873,19.83742],[-90.50854,19.83768],[-90.5079,19.83846],[-90.50786,19.83843],[-90.5078,19.83863],[-90.50759,19.83949],[-90.50742,19.84037],[-90.50737,19.84062],[-90.50728,19.84102],[-90.50718,19.84151],[-90.50711,19.84186],[-90.50704,19.84211],[-90.50703,19.84214],[-90.50704,19.84214],[-90.50705,19.84215],[-90.50706,19.84216],[-90.50706,19.84217],[-90.50706,19.84218],[-90.50706,19.84219],[-90.50722,19.8422],[-90.50745,19.84222],[-90.50766,19.84223],[-90.50829,19.84227],[-90.50926,19.84234],[-90.51008,19.8424],[-90.51177,19.84251],[-90.51186,19.84253],[-90.51194,19.84254],[-90.51248,19.84259],[-90.51305,19.84263],[-90.51308,19.84263],[-90.51359,19.84266],[-90.51359,19.84267]]]}},{"type":"Feature","properties":{"cvegeo":"0400200011355","cve_ent":"04","fuente":"INEGI — Marco Geoestadístico 2024","fecha_corte":"2024-08","cve_mun":"04002","cve_ageb":"1355","cve_loc":"0001"},"geometry":{"type":"Polygon","coordinates":[[[-90.52157,19.85102],[-90.52168,19.85127],[-90.5219,19.85173],[-90.52203,19.85204],[-90.52237,19.85278],[-90.5226,19.8533],[-90.52308,19.85325],[-90.52313,19.85256],[-90.52313,19.85201],[-90.52313,19.85189],[-90.52315,19.85136],[-90.52315,19.85106],[-90.52316,19.8506],[-90.52317,19.85057],[-90.52318,19.84947],[-90.52317,19.8492],[-90.52319,19.8492],[-90.52319,19.84898],[-90.52319,19.84883],[-90.5232,19.84781],[-90.5232,19.84736],[-90.52321,19.84707],[-90.52321,19.84675],[-90.52321,19.84624],[-90.52322,19.84601],[-90.52282,19.84604],[-90.52269,19.84606],[-90.52241,19.84609],[-90.52163,19.84618],[-90.52159,19.84619],[-90.5215,19.84619],[-90.52123,19.84622],[-90.52099,19.84623],[-90.5209,19.84624],[-90.5206,19.84623],[-90.51937,19.8462],[-90.51929,19.84616],[-90.51926,19.84616],[-90.51901,19.84624],[-90.5187,19.84634],[-90.51842,19.84643],[-90.51817,19.84651],[-90.51775,19.84665],[-90.51735,19.84678],[-90.51678,19.84698],[-90.51666,19.84704],[-90.51652,19.84711],[-90.51656,19.84733],[-90.51669,19.84744],[-90.51791,19.84846],[-90.51839,19.84881],[-90.51848,19.84883],[-90.51905,19.84925],[-90.51911,19.8493],[-90.52005,19.85009],[-90.52013,19.85015],[-90.52042,19.85043],[-90.52058,19.8506],[-90.52075,19.85082],[-90.52082,19.85086],[-90.52108,19.85063],[-90.52112,19.8506],[-90.52157,19.85102]]]}},{"type":"Feature","properties":{"cvegeo":"0400200011571","cve_ent":"04","fuente":"INEGI — Marco Geoestadístico 2024","fecha_corte":"2024-08","cve_mun":"04002","cve_ageb":"1571","cve_loc":"0001"},"geometry":{"type":"Polygon","coordinates":[[[-90.55528,19.81562],[-90.55601,19.81579],[-90.55621,19.81584],[-90.55674,19.81596],[-90.55715,19.81501],[-90.55643,19.81485],[-90.55637,19.81484],[-90.55605,19.81477],[-90.55604,19.81477],[-90.55603,19.81477],[-90.55554,19.81465],[-90.55538,19.81462],[-90.55528,19.81559],[-90.55528,19.81562]]]}},{"type":"Feature","properties":{"cvegeo":"0400200011641","cve_ent":"04","fuente":"INEGI — Marco Geoestadístico 2024","fecha_corte":"2024-08","cve_mun":"04002","cve_ageb":"1641","cve_loc":"0001"},"geometry":{"type":"Polygon","coordinates":[[[-90.52298,19.83066],[-90.52317,19.83046],[-90.52338,19.83042],[-90.52375,19.83036],[-90.52412,19.83029],[-90.52455,19.8302],[-90.5246,19.83019],[-90.52478,19.83015],[-90.52497,19.83012],[-90.5253,19.83006],[-90.52535,19.83005],[-90.52547,19.83067],[-90.5256,19.8314],[-90.52567,19.83174],[-90.52579,19.83215],[-90.52588,19.83235],[-90.52608,19.83271],[-90.5262,19.83294],[-90.52638,19.83285],[-90.52638,19.83284],[-90.52638,19.83284],[-90.52638,19.83284],[-90.52638,19.83284],[-90.52638,19.83283],[-90.52638,19.83283],[-90.52638,19.83282],[-90.52639,19.83282],[-90.52639,19.83281],[-90.52639,19.83281],[-90.5264,19.83281],[-90.5264,19.8328],[-90.5264,19.8328],[-90.52641,19.8328],[-90.52641,19.8328],[-90.52642,19.83279],[-90.52642,19.83279],[-90.52643,19.83279],[-90.52644,19.83279],[-90.52644,19.83279],[-90.52645,19.83279],[-90.52646,19.83279],[-90.52646,19.8328],[-90.52646,19.83275],[-90.52646,19.83274],[-90.5265,19.83251],[-90.5265,19.83235],[-90.52651,19.83217],[-90.52653,19.83121],[-90.52653,19.83094],[-90.52655,19.83042],[-90.52655,19.83014],[-90.52658,19.82992],[-90.5266,19.82946],[-90.52661,19.82897],[-90.52659,19.82848],[-90.52659,19.82826],[-90.52661,19.82809],[-90.52664,19.82789],[-90.52668,19.82735],[-90.52669,19.8268],[-90.52667,19.82624],[-90.52669,19.8261],[-90.52669,19.82601],[-90.52673,19.82572],[-90.52674,19.82556],[-90.52673,19.8252],[-90.52673,19.82502],[-90.52675,19.82476],[-90.52673,19.82476],[-90.52671,19.82475],[-90.52668,19.82473],[-90.52667,19.82471],[-90.52666,19.82469],[-90.52665,19.82466],[-90.52665,19.82464],[-90.52664,19.8246],[-90.52664,19.82459],[-90.52665,19.82457],[-90.52665,19.82456],[-90.52665,19.82454],[-90.52666,19.82452],[-90.52667,19.82451],[-90.52667,19.82449],[-90.52668,19.82448],[-90.5267,19.82447],[-90.52672,19.82446],[-90.52673,19.82445],[-90.52659,19.82386],[-90.52651,19.82348],[-90.52649,19.82343],[-90.52639,19.82344],[-90.52629,19.82345],[-90.52619,19.82346],[-90.52613,19.82346],[-90.52608,19.82345],[-90.52605,19.82345],[-90.526,19.82345],[-90.52593,19.82344],[-90.52588,19.82342],[-90.52585,19.82339],[-90.52581,19.82339],[-90.52578,19.82339],[-90.52532,19.82336],[-90.5251,19.82338],[-90.52495,19.82344],[-90.52485,19.82349],[-90.52468,19.82358],[-90.52462,19.82361],[-90.52477,19.82371],[-90.52488,19.82379],[-90.52481,19.82424],[-90.52481,19.8243],[-90.52481,19.82434],[-90.52475,19.82439],[-90.52458,19.82421],[-90.52449,19.82414],[-90.52441,19.82408],[-90.52438,19.82405],[-90.52431,19.82484],[-90.52445,19.82488],[-90.52439,19.82493],[-90.52394,19.82558],[-90.52387,19.82586],[-90.52372,19.82607],[-90.52356,19.82617],[-90.52337,19.82627],[-90.52344,19.82652],[-90.52343,19.82659],[-90.52299,19.82707],[-90.52292,19.82726],[-90.52291,19.82743],[-90.52323,19.82768],[-90.5233,19.82779],[-90.52336,19.82795],[-90.52343,19.8281],[-90.5234,19.82824],[-90.52329,19.82849],[-90.52309,19.82887],[-90.5229,19.82923],[-90.52287,19.82939],[-90.52286,19.82952],[-90.52285,19.82967],[-90.52287,19.83004],[-90.52287,19.83022],[-90.52288,19.8304],[-90.52291,19.83049],[-90.52292,19.83053],[-90.52298,19.83066]]]}},{"type":"Feature","properties":{"cvegeo":"0400200011783","cve_ent":"04","fuente":"INEGI — Marco Geoestadístico 2024","fecha_corte":"2024-08","cve_mun":"04002","cve_ageb":"1783","cve_loc":"0001"},"geometry":{"type":"Polygon","coordinates":[[[-90.48399,19.8459],[-90.48365,19.84624],[-90.48521,19.84738],[-90.48533,19.84723],[-90.4855,19.84703],[-90.48468,19.84642],[-90.48399,19.8459]]]}},{"type":"Feature","properties":{"cvegeo":"0400200011891","cve_ent":"04","fuente":"INEGI — Marco Geoestadístico 2024","fecha_corte":"2024-08","cve_mun":"04002","cve_ageb":"1891","cve_loc":"0001"},"geometry":{"type":"Polygon","coordinates":[[[-90.49982,19.86123],[-90.49995,19.86099],[-90.50003,19.86078],[-90.5003,19.85977],[-90.50037,19.85957],[-90.5005,19.85937],[-90.50059,19.85929],[-90.5007,19.8592],[-90.50088,19.85902],[-90.50101,19.85881],[-90.50071,19.85866],[-90.50099,19.8582],[-90.50128,19.85782],[-90.50079,19.85756],[-90.50035,19.85737],[-90.5,19.85719],[-90.49994,19.85717],[-90.49934,19.85697],[-90.4989,19.85702],[-90.49872,19.85704],[-90.49821,19.85711],[-90.49817,19.85711],[-90.49754,19.85718],[-90.49704,19.85727],[-90.49689,19.85731],[-90.49627,19.85742],[-90.49602,19.85743],[-90.49563,19.85739],[-90.49539,19.85734],[-90.49502,19.85722],[-90.49431,19.85702],[-90.49426,19.85726],[-90.49415,19.85772],[-90.49409,19.85798],[-90.49397,19.85832],[-90.49395,19.85839],[-90.49373,19.85899],[-90.49411,19.85908],[-90.49432,19.85912],[-90.49437,19.85913],[-90.49472,19.85919],[-90.49502,19.85925],[-90.49516,19.85927],[-90.49573,19.85932],[-90.49604,19.85938],[-90.49646,19.85944],[-90.49652,19.85949],[-90.49656,19.8596],[-90.49721,19.85978],[-90.49761,19.85988],[-90.49765,19.86009],[-90.49773,19.86053],[-90.49809,19.86203],[-90.49858,19.8619],[-90.49866,19.86188],[-90.49889,19.86182],[-90.49904,19.86175],[-90.49923,19.86163],[-90.49928,19.8616],[-90.49957,19.86143],[-90.49982,19.86123]]]}},{"type":"Feature","properties":{"cvegeo":"0400200011919","cve_ent":"04","fuente":"INEGI — Marco Geoestadístico 2024","fecha_corte":"2024-08","cve_mun":"04002","cve_ageb":"1919","cve_loc":"0001"},"geometry":{"type":"Polygon","coordinates":[[[-90.48621,19.86376],[-90.48662,19.86389],[-90.48651,19.864],[-90.48641,19.86413],[-90.48632,19.86429],[-90.48625,19.86447],[-90.4862,19.86462],[-90.48616,19.8648],[-90.48706,19.86517],[-90.48782,19.8655],[-90.48946,19.86619],[-90.48959,19.86605],[-90.48986,19.86573],[-90.49008,19.86547],[-90.49012,19.86542],[-90.49041,19.86511],[-90.49068,19.86479],[-90.49085,19.86458],[-90.49097,19.86443],[-90.49125,19.8641],[-90.4912,19.86402],[-90.49117,19.86406],[-90.49117,19.86405],[-90.49116,19.86404],[-90.49116,19.86403],[-90.49115,19.86403],[-90.49114,19.86402],[-90.49114,19.86402],[-90.49113,19.86401],[-90.49112,19.86401],[-90.49111,19.864],[-90.4911,19.864],[-90.49109,19.864],[-90.49108,19.864],[-90.49107,19.864],[-90.49106,19.864],[-90.49105,19.864],[-90.49104,19.86401],[-90.49103,19.86401],[-90.491,19.86397],[-90.49082,19.86369],[-90.49075,19.86359],[-90.49065,19.86342],[-90.49059,19.86333],[-90.49057,19.86328],[-90.49054,19.86322],[-90.49052,19.86316],[-90.49048,19.86304],[-90.49041,19.86277],[-90.49031,19.86238],[-90.4903,19.86233],[-90.49027,19.86224],[-90.49018,19.86189],[-90.49013,19.86167],[-90.49012,19.86155],[-90.49012,19.86151],[-90.49013,19.86151],[-90.49014,19.86151],[-90.49014,19.86151],[-90.49015,19.8615],[-90.49015,19.8615],[-90.49016,19.8615],[-90.49017,19.8615],[-90.49017,19.86149],[-90.49018,19.86149],[-90.49018,19.86148],[-90.49019,19.86148],[-90.49019,19.86148],[-90.4902,19.86147],[-90.4902,19.86147],[-90.4902,19.86146],[-90.49021,19.86146],[-90.49021,19.86145],[-90.49021,19.86144],[-90.49022,19.86144],[-90.49022,19.86143],[-90.49022,19.86143],[-90.49022,19.86142],[-90.49022,19.86141],[-90.49022,19.86141],[-90.49023,19.8614],[-90.49023,19.8614],[-90.49023,19.86139],[-90.49023,19.86138],[-90.49022,19.86138],[-90.49022,19.86137],[-90.49022,19.86136],[-90.49022,19.86136],[-90.49022,19.86135],[-90.49022,19.86135],[-90.49021,19.86134],[-90.49021,19.86134],[-90.49021,19.86133],[-90.4902,19.86132],[-90.4902,19.86132],[-90.49019,19.86131],[-90.49019,19.86131],[-90.49019,19.86131],[-90.49018,19.8613],[-90.49018,19.8613],[-90.49017,19.86129],[-90.49016,19.86129],[-90.49016,19.86129],[-90.49015,19.86128],[-90.49015,19.86128],[-90.49014,19.86128],[-90.49013,19.86128],[-90.49013,19.86128],[-90.49012,19.86128],[-90.49011,19.86127],[-90.49011,19.86127],[-90.4901,19.86127],[-90.49009,19.86127],[-90.49009,19.86127],[-90.49008,19.86128],[-90.49007,19.86128],[-90.49007,19.86128],[-90.49006,19.86128],[-90.49006,19.86128],[-90.49005,19.86128],[-90.49004,19.86129],[-90.49004,19.86129],[-90.49003,19.86129],[-90.49003,19.8613],[-90.49002,19.8613],[-90.49002,19.8613],[-90.49001,19.86131],[-90.49,19.86132],[-90.48996,19.8613],[-90.48944,19.86111],[-90.48856,19.86082],[-90.48847,19.86079],[-90.48847,19.86078],[-90.48847,19.86077],[-90.48846,19.86077],[-90.48846,19.86076],[-90.48846,19.86076],[-90.48845,19.86075],[-90.48845,19.86075],[-90.48845,19.86075],[-90.48844,19.86074],[-90.48844,19.86074],[-90.48843,19.86074],[-90.48842,19.86074],[-90.48842,19.86074],[-90.48842,19.86073],[-90.48841,19.86073],[-90.48841,19.86073],[-90.4884,19.86074],[-90.4884,19.86074],[-90.48839,19.86074],[-90.48838,19.86074],[-90.48838,19.86074],[-90.48838,19.86075],[-90.48837,19.86075],[-90.48837,19.86076],[-90.48836,19.86077],[-90.48824,19.86073],[-90.48655,19.86024],[-90.48652,19.86023],[-90.48673,19.8597],[-90.48687,19.85934],[-90.48699,19.85901],[-90.4871,19.8587],[-90.48667,19.85892],[-90.48651,19.859],[-90.48623,19.85914],[-90.48574,19.85939],[-90.48502,19.85975],[-90.48497,19.85973],[-90.48488,19.8598],[-90.48487,19.85981],[-90.48476,19.86012],[-90.48473,19.8602],[-90.48473,19.86021],[-90.48463,19.86048],[-90.4846,19.86055],[-90.4846,19.86056],[-90.48448,19.86091],[-90.48446,19.86098],[-90.48443,19.86109],[-90.48432,19.86106],[-90.48344,19.86087],[-90.48338,19.86086],[-90.48322,19.8613],[-90.48306,19.8617],[-90.48299,19.86194],[-90.48287,19.86217],[-90.4828,19.86238],[-90.48279,19.86239],[-90.4827,19.86262],[-90.48276,19.86262],[-90.48303,19.86268],[-90.4835,19.86283],[-90.48384,19.86296],[-90.48396,19.863],[-90.4844,19.86314],[-90.48485,19.8633],[-90.48532,19.86344],[-90.48576,19.8636],[-90.48621,19.86376]]]}},{"type":"Feature","properties":{"cvegeo":"0400200011923","cve_ent":"04","fuente":"INEGI — Marco Geoestadístico 2024","fecha_corte":"2024-08","cve_mun":"04002","cve_ageb":"1923","cve_loc":"0001"},"geometry":{"type":"Polygon","coordinates":[[[-90.49109,19.864],[-90.4911,19.864],[-90.49111,19.864],[-90.49112,19.86401],[-90.49113,19.86401],[-90.49114,19.86402],[-90.49114,19.86402],[-90.49115,19.86403],[-90.49116,19.86403],[-90.49116,19.86404],[-90.49117,19.86405],[-90.49117,19.86406],[-90.4912,19.86402],[-90.49121,19.86402],[-90.49146,19.86374],[-90.49173,19.86343],[-90.49196,19.86317],[-90.49204,19.86306],[-90.49225,19.86279],[-90.49231,19.86268],[-90.49234,19.86265],[-90.49245,19.86246],[-90.49246,19.86244],[-90.49251,19.86234],[-90.49252,19.86231],[-90.4925,19.86231],[-90.4925,19.8623],[-90.49249,19.8623],[-90.49249,19.86229],[-90.49248,19.86229],[-90.49248,19.86228],[-90.49248,19.86228],[-90.49247,19.86227],[-90.49247,19.86226],[-90.49247,19.86226],[-90.49247,19.86225],[-90.49247,19.86224],[-90.49248,19.86224],[-90.49248,19.86223],[-90.49248,19.86223],[-90.49248,19.86222],[-90.49249,19.86221],[-90.49249,19.86221],[-90.4925,19.86221],[-90.4925,19.8622],[-90.49251,19.8622],[-90.49252,19.8622],[-90.49252,19.86219],[-90.49253,19.86219],[-90.49254,19.86219],[-90.49254,19.86219],[-90.49255,19.86219],[-90.49257,19.8622],[-90.49263,19.86207],[-90.49271,19.86189],[-90.49274,19.8618],[-90.49279,19.86162],[-90.49283,19.86148],[-90.49288,19.86135],[-90.49295,19.86112],[-90.49297,19.86105],[-90.49311,19.86063],[-90.49318,19.86043],[-90.49322,19.86026],[-90.49322,19.86024],[-90.49322,19.86014],[-90.49322,19.86014],[-90.49322,19.8599],[-90.49319,19.85974],[-90.49319,19.85972],[-90.49315,19.8596],[-90.49314,19.85957],[-90.49305,19.85926],[-90.4929,19.85876],[-90.49288,19.85869],[-90.49277,19.85838],[-90.49273,19.85826],[-90.4927,19.85814],[-90.49268,19.85802],[-90.49265,19.85789],[-90.49264,19.85777],[-90.49264,19.85765],[-90.49264,19.8576],[-90.49265,19.85749],[-90.49277,19.85694],[-90.49281,19.85674],[-90.49283,19.85668],[-90.49288,19.85642],[-90.49297,19.85604],[-90.49299,19.85597],[-90.49305,19.85576],[-90.49292,19.85581],[-90.4927,19.85591],[-90.49257,19.85597],[-90.49242,19.85604],[-90.49222,19.85614],[-90.49205,19.85622],[-90.49172,19.85638],[-90.4917,19.85639],[-90.49118,19.85664],[-90.49036,19.85701],[-90.49018,19.8571],[-90.48967,19.85736],[-90.48945,19.85747],[-90.48924,19.85761],[-90.48916,19.85769],[-90.48895,19.85779],[-90.48844,19.85804],[-90.488,19.85825],[-90.48773,19.85838],[-90.48768,19.85841],[-90.48718,19.85866],[-90.4871,19.8587],[-90.48699,19.85901],[-90.48687,19.85934],[-90.48673,19.8597],[-90.48652,19.86023],[-90.48655,19.86024],[-90.48824,19.86073],[-90.48836,19.86077],[-90.48837,19.86076],[-90.48837,19.86075],[-90.48838,19.86075],[-90.48838,19.86074],[-90.48838,19.86074],[-90.48839,19.86074],[-90.4884,19.86074],[-90.4884,19.86074],[-90.48841,19.86073],[-90.48841,19.86073],[-90.48842,19.86073],[-90.48842,19.86074],[-90.48842,19.86074],[-90.48843,19.86074],[-90.48844,19.86074],[-90.48844,19.86074],[-90.48845,19.86075],[-90.48845,19.86075],[-90.48845,19.86075],[-90.48846,19.86076],[-90.48846,19.86076],[-90.48846,19.86077],[-90.48847,19.86077],[-90.48847,19.86078],[-90.48847,19.86079],[-90.48856,19.86082],[-90.48944,19.86111],[-90.48996,19.8613],[-90.49,19.86132],[-90.49001,19.86131],[-90.49002,19.8613],[-90.49002,19.8613],[-90.49003,19.8613],[-90.49003,19.86129],[-90.49004,19.86129],[-90.49004,19.86129],[-90.49005,19.86128],[-90.49006,19.86128],[-90.49006,19.86128],[-90.49007,19.86128],[-90.49007,19.86128],[-90.49008,19.86128],[-90.49009,19.86127],[-90.49009,19.86127],[-90.4901,19.86127],[-90.49011,19.86127],[-90.49011,19.86127],[-90.49012,19.86128],[-90.49013,19.86128],[-90.49013,19.86128],[-90.49014,19.86128],[-90.49015,19.86128],[-90.49015,19.86128],[-90.49016,19.86129],[-90.49016,19.86129],[-90.49017,19.86129],[-90.49018,19.8613],[-90.49018,19.8613],[-90.49019,19.86131],[-90.49019,19.86131],[-90.49019,19.86131],[-90.4902,19.86132],[-90.4902,19.86132],[-90.49021,19.86133],[-90.49021,19.86134],[-90.49021,19.86134],[-90.49022,19.86135],[-90.49022,19.86135],[-90.49022,19.86136],[-90.49022,19.86136],[-90.49022,19.86137],[-90.49022,19.86138],[-90.49023,19.86138],[-90.49023,19.86139],[-90.49023,19.8614],[-90.49023,19.8614],[-90.49022,19.86141],[-90.49022,19.86141],[-90.49022,19.86142],[-90.49022,19.86143],[-90.49022,19.86143],[-90.49022,19.86144],[-90.49021,19.86144],[-90.49021,19.86145],[-90.49021,19.86146],[-90.4902,19.86146],[-90.4902,19.86147],[-90.4902,19.86147],[-90.49019,19.86148],[-90.49019,19.86148],[-90.49018,19.86148],[-90.49018,19.86149],[-90.49017,19.86149],[-90.49017,19.8615],[-90.49016,19.8615],[-90.49015,19.8615],[-90.49015,19.8615],[-90.49014,19.86151],[-90.49014,19.86151],[-90.49013,19.86151],[-90.49012,19.86151],[-90.49012,19.86155],[-90.49013,19.86167],[-90.49018,19.86189],[-90.49027,19.86224],[-90.4903,19.86233],[-90.49031,19.86238],[-90.49041,19.86277],[-90.49048,19.86304],[-90.49052,19.86316],[-90.49054,19.86322],[-90.49057,19.86328],[-90.49059,19.86333],[-90.49065,19.86342],[-90.49075,19.86359],[-90.49082,19.86369],[-90.491,19.86397],[-90.49103,19.86401],[-90.49104,19.86401],[-90.49105,19.864],[-90.49106,19.864],[-90.49107,19.864],[-90.49108,19.864],[-90.49109,19.864]]]}},{"type":"Feature","properties":{"cvegeo":"0400200012033","cve_ent":"04","fuente":"INEGI — Marco Geoestadístico 2024","fecha_corte":"2024-08","cve_mun":"04002","cve_ageb":"2033","cve_loc":"0001"},"geometry":{"type":"Polygon","coordinates":[[[-90.49095,19.81413],[-90.49098,19.81444],[-90.4911,19.81551],[-90.49115,19.81581],[-90.4912,19.81584],[-90.49353,19.81512],[-90.49359,19.81492],[-90.49362,19.81471],[-90.49361,19.81458],[-90.49356,19.81414],[-90.49346,19.81375],[-90.49345,19.81375],[-90.49344,19.81375],[-90.49342,19.81376],[-90.49341,19.81376],[-90.4934,19.81376],[-90.49337,19.81376],[-90.49336,19.81376],[-90.49335,19.81376],[-90.49334,19.81375],[-90.49333,19.81375],[-90.49331,19.81375],[-90.4933,19.81374],[-90.49329,19.81374],[-90.49328,19.81373],[-90.49327,19.81373],[-90.49326,19.81372],[-90.49325,19.81371],[-90.49324,19.81371],[-90.49323,19.8137],[-90.49322,19.81369],[-90.49321,19.81368],[-90.4932,19.81367],[-90.4932,19.81366],[-90.49319,19.81365],[-90.49318,19.81364],[-90.49318,19.81363],[-90.49317,19.81362],[-90.49317,19.81361],[-90.49284,19.81369],[-90.49237,19.81379],[-90.4919,19.81391],[-90.49142,19.81402],[-90.49123,19.81407],[-90.49095,19.81413]]]}},{"type":"Feature","properties":{"cvegeo":"0400200011980","cve_ent":"04","fuente":"INEGI — Marco Geoestadístico 2024","fecha_corte":"2024-08","cve_mun":"04002","cve_ageb":"1980","cve_loc":"0001"},"geometry":{"type":"Polygon","coordinates":[[[-90.49009,19.84627],[-90.49042,19.84651],[-90.49082,19.84681],[-90.49104,19.84697],[-90.49108,19.84703],[-90.49109,19.84713],[-90.49106,19.84745],[-90.49104,19.84754],[-90.49089,19.84802],[-90.49118,19.84823],[-90.49143,19.84841],[-90.49155,19.84849],[-90.4917,19.84863],[-90.492,19.84907],[-90.49223,19.84945],[-90.49251,19.84987],[-90.49297,19.84956],[-90.49316,19.84944],[-90.49329,19.84935],[-90.49338,19.84928],[-90.49345,19.84918],[-90.49352,19.84899],[-90.4936,19.84875],[-90.4937,19.84841],[-90.49377,19.84829],[-90.49384,19.84819],[-90.49396,19.84808],[-90.49404,19.84802],[-90.4942,19.84792],[-90.49433,19.84784],[-90.49441,19.8478],[-90.49468,19.84763],[-90.49502,19.84744],[-90.49543,19.8472],[-90.49607,19.84682],[-90.49638,19.84665],[-90.49661,19.84652],[-90.49677,19.84647],[-90.49694,19.84646],[-90.49725,19.84645],[-90.49726,19.84619],[-90.49725,19.84591],[-90.49678,19.84588],[-90.49664,19.84588],[-90.49642,19.84595],[-90.49584,19.8462],[-90.49583,19.8462],[-90.49582,19.84621],[-90.49582,19.84621],[-90.49581,19.84621],[-90.4958,19.84621],[-90.49579,19.84621],[-90.49578,19.84621],[-90.49577,19.84621],[-90.49576,19.84621],[-90.49575,19.84621],[-90.49574,19.84621],[-90.49573,19.84621],[-90.49573,19.8462],[-90.49572,19.8462],[-90.49571,19.8462],[-90.4957,19.84619],[-90.49569,19.84619],[-90.49568,19.84618],[-90.49557,19.84611],[-90.49521,19.84587],[-90.49504,19.84576],[-90.49484,19.84563],[-90.49481,19.84566],[-90.49458,19.846],[-90.49457,19.84602],[-90.4943,19.84638],[-90.49356,19.84588],[-90.49269,19.84532],[-90.49289,19.84504],[-90.49296,19.84495],[-90.49324,19.84459],[-90.49329,19.84452],[-90.49352,19.84423],[-90.49353,19.84421],[-90.4938,19.84385],[-90.49408,19.84348],[-90.49436,19.8431],[-90.49391,19.8428],[-90.494,19.84267],[-90.49425,19.84233],[-90.49452,19.84198],[-90.49453,19.84196],[-90.4948,19.84162],[-90.49502,19.84177],[-90.49572,19.84226],[-90.49596,19.84204],[-90.49624,19.84178],[-90.49638,19.84164],[-90.4963,19.84147],[-90.49566,19.84119],[-90.49526,19.84102],[-90.49496,19.84089],[-90.49441,19.84065],[-90.4942,19.84093],[-90.49407,19.84109],[-90.49377,19.84145],[-90.49347,19.84124],[-90.49337,19.84134],[-90.49322,19.8415],[-90.49318,19.84143],[-90.49314,19.84142],[-90.49293,19.84136],[-90.49274,19.84127],[-90.49252,19.84118],[-90.49243,19.84113],[-90.49212,19.84144],[-90.49179,19.84176],[-90.49156,19.842],[-90.49115,19.84241],[-90.4909,19.84266],[-90.49061,19.84294],[-90.49024,19.84329],[-90.49056,19.84357],[-90.4908,19.84379],[-90.49056,19.84402],[-90.4904,19.84419],[-90.49024,19.84435],[-90.49005,19.84454],[-90.48979,19.8448],[-90.48965,19.84494],[-90.48967,19.84496],[-90.48962,19.84514],[-90.48951,19.8453],[-90.48923,19.84564],[-90.48957,19.84588],[-90.49009,19.84627]]]}},{"type":"Feature","properties":{"cvegeo":"0400200011995","cve_ent":"04","fuente":"INEGI — Marco Geoestadístico 2024","fecha_corte":"2024-08","cve_mun":"04002","cve_ageb":"1995","cve_loc":"0001"},"geometry":{"type":"Polygon","coordinates":[[[-90.49425,19.86696],[-90.49396,19.86715],[-90.49363,19.86736],[-90.49329,19.8676],[-90.49294,19.86783],[-90.49274,19.86797],[-90.49197,19.86845],[-90.49194,19.86847],[-90.4919,19.8685],[-90.49196,19.86858],[-90.4921,19.86876],[-90.49246,19.86923],[-90.49247,19.86925],[-90.49248,19.86927],[-90.49264,19.86948],[-90.4929,19.86984],[-90.49293,19.86988],[-90.49298,19.86995],[-90.49339,19.87052],[-90.49341,19.87055],[-90.49343,19.87057],[-90.49382,19.87111],[-90.49384,19.87114],[-90.49387,19.87117],[-90.49402,19.87138],[-90.49405,19.87142],[-90.49408,19.87146],[-90.49414,19.87154],[-90.49417,19.87158],[-90.49418,19.87157],[-90.49426,19.87151],[-90.49444,19.87139],[-90.49489,19.87111],[-90.49514,19.87094],[-90.49511,19.87089],[-90.49504,19.87079],[-90.49504,19.87078],[-90.4949,19.87018],[-90.4948,19.86974],[-90.49468,19.86927],[-90.49459,19.86883],[-90.49462,19.86872],[-90.49487,19.86855],[-90.49491,19.86849],[-90.49495,19.86842],[-90.49501,19.86834],[-90.49508,19.86828],[-90.49534,19.86818],[-90.49544,19.86815],[-90.49578,19.86795],[-90.49621,19.86766],[-90.49674,19.86732],[-90.49696,19.8672],[-90.49733,19.86697],[-90.49779,19.86667],[-90.49827,19.86638],[-90.49869,19.86611],[-90.49849,19.86568],[-90.49853,19.86566],[-90.49838,19.8651],[-90.49784,19.86523],[-90.49777,19.86506],[-90.49758,19.86518],[-90.49721,19.86545],[-90.49699,19.86505],[-90.49675,19.86468],[-90.49657,19.86439],[-90.49647,19.86428],[-90.49603,19.86392],[-90.49557,19.86366],[-90.49532,19.86353],[-90.49505,19.86339],[-90.49495,19.86371],[-90.49483,19.8641],[-90.49477,19.86419],[-90.49465,19.86432],[-90.49437,19.8645],[-90.49466,19.86485],[-90.49478,19.86502],[-90.49496,19.86528],[-90.49511,19.86548],[-90.4952,19.86561],[-90.49549,19.86598],[-90.49557,19.86609],[-90.4954,19.86619],[-90.4952,19.86632],[-90.49506,19.86643],[-90.49501,19.86651],[-90.49496,19.86659],[-90.49476,19.8667],[-90.49437,19.86696],[-90.49433,19.8669],[-90.49425,19.86696]]]}},{"type":"Feature","properties":{"cvegeo":"0400200012014","cve_ent":"04","fuente":"INEGI — Marco Geoestadístico 2024","fecha_corte":"2024-08","cve_mun":"04002","cve_ageb":"2014","cve_loc":"0001"},"geometry":{"type":"Polygon","coordinates":[[[-90.49277,19.85694],[-90.49265,19.85749],[-90.49264,19.8576],[-90.49264,19.85765],[-90.49264,19.85777],[-90.49265,19.85789],[-90.49268,19.85802],[-90.4927,19.85814],[-90.49273,19.85826],[-90.49277,19.85838],[-90.49288,19.85869],[-90.4929,19.85876],[-90.49305,19.85926],[-90.49314,19.85957],[-90.49315,19.8596],[-90.49319,19.85972],[-90.49319,19.85974],[-90.49322,19.8599],[-90.49322,19.86014],[-90.49322,19.86014],[-90.49337,19.86019],[-90.49344,19.85995],[-90.49353,19.85965],[-90.49373,19.85899],[-90.49395,19.85839],[-90.49397,19.85832],[-90.49409,19.85798],[-90.49415,19.85772],[-90.49426,19.85726],[-90.49431,19.85702],[-90.49502,19.85722],[-90.49539,19.85734],[-90.49563,19.85739],[-90.49602,19.85743],[-90.49627,19.85742],[-90.49689,19.85731],[-90.49704,19.85727],[-90.49754,19.85718],[-90.49741,19.85657],[-90.4974,19.85655],[-90.49727,19.85596],[-90.49724,19.85534],[-90.49718,19.85392],[-90.49687,19.85389],[-90.49691,19.85372],[-90.49704,19.85325],[-90.49709,19.85307],[-90.49718,19.85276],[-90.49723,19.85257],[-90.49729,19.85232],[-90.49739,19.85187],[-90.49749,19.85142],[-90.4976,19.85098],[-90.49762,19.85082],[-90.49747,19.85066],[-90.49729,19.85048],[-90.49717,19.8503],[-90.49711,19.85022],[-90.4971,19.85016],[-90.49686,19.85012],[-90.4968,19.85028],[-90.4968,19.85029],[-90.49679,19.85029],[-90.49678,19.8503],[-90.49677,19.85031],[-90.49673,19.85033],[-90.49671,19.85035],[-90.4967,19.85035],[-90.49668,19.85036],[-90.49667,19.85036],[-90.49666,19.85037],[-90.49664,19.85037],[-90.49663,19.85037],[-90.49661,19.85037],[-90.4966,19.85037],[-90.49658,19.85037],[-90.49657,19.85037],[-90.49656,19.85037],[-90.49654,19.85037],[-90.49653,19.85036],[-90.49652,19.85036],[-90.4965,19.85036],[-90.49647,19.85034],[-90.496,19.85027],[-90.49516,19.85013],[-90.49478,19.85056],[-90.49439,19.85104],[-90.4942,19.85164],[-90.49411,19.85195],[-90.49402,19.85228],[-90.49393,19.85258],[-90.49392,19.8526],[-90.49388,19.85274],[-90.49386,19.85281],[-90.49384,19.8529],[-90.49376,19.85318],[-90.49373,19.85327],[-90.49365,19.85357],[-90.49363,19.85362],[-90.49356,19.85391],[-90.49351,19.85412],[-90.49347,19.85428],[-90.49339,19.85452],[-90.49337,19.85463],[-90.49332,19.85479],[-90.49327,19.85496],[-90.49319,19.85527],[-90.49309,19.85563],[-90.49307,19.85571],[-90.49305,19.85576],[-90.49299,19.85597],[-90.49297,19.85604],[-90.49288,19.85642],[-90.49283,19.85668],[-90.49281,19.85674],[-90.49277,19.85694]]]}},{"type":"Feature","properties":{"cvegeo":"0400200012029","cve_ent":"04","fuente":"INEGI — Marco Geoestadístico 2024","fecha_corte":"2024-08","cve_mun":"04002","cve_ageb":"2029","cve_loc":"0001"},"geometry":{"type":"Polygon","coordinates":[[[-90.49994,19.85717],[-90.5,19.85719],[-90.50035,19.85737],[-90.50079,19.85756],[-90.50103,19.85706],[-90.50121,19.85676],[-90.50131,19.85658],[-90.50081,19.85634],[-90.50099,19.85596],[-90.50057,19.85571],[-90.50078,19.8554],[-90.501,19.85513],[-90.50165,19.8547],[-90.5014,19.85432],[-90.50122,19.85408],[-90.50113,19.85396],[-90.5011,19.85393],[-90.5009,19.85361],[-90.50086,19.85355],[-90.5012,19.85339],[-90.50183,19.85307],[-90.50179,19.85287],[-90.50174,19.85261],[-90.50169,19.85229],[-90.50167,19.85216],[-90.50164,19.85201],[-90.50151,19.85174],[-90.50146,19.85166],[-90.5014,19.85158],[-90.50117,19.85146],[-90.50093,19.85165],[-90.50073,19.85181],[-90.50034,19.85199],[-90.49997,19.85209],[-90.49974,19.85216],[-90.49938,19.8522],[-90.49921,19.85218],[-90.49892,19.85207],[-90.49877,19.85195],[-90.4987,19.85188],[-90.49851,19.85169],[-90.49834,19.85149],[-90.49822,19.8514],[-90.49801,19.85119],[-90.49771,19.85086],[-90.49762,19.85082],[-90.4976,19.85098],[-90.49749,19.85142],[-90.49739,19.85187],[-90.49729,19.85232],[-90.49723,19.85257],[-90.49718,19.85276],[-90.49709,19.85307],[-90.49704,19.85325],[-90.49691,19.85372],[-90.49687,19.85389],[-90.49718,19.85392],[-90.49724,19.85534],[-90.49727,19.85596],[-90.4974,19.85655],[-90.49741,19.85657],[-90.49754,19.85718],[-90.49817,19.85711],[-90.49821,19.85711],[-90.49872,19.85704],[-90.4989,19.85702],[-90.49934,19.85697],[-90.49994,19.85717]]]}},{"type":"Feature","properties":{"cvegeo":"0400200012071","cve_ent":"04","fuente":"INEGI — Marco Geoestadístico 2024","fecha_corte":"2024-08","cve_mun":"04002","cve_ageb":"2071","cve_loc":"0001"},"geometry":{"type":"Polygon","coordinates":[[[-90.51267,19.81348],[-90.51282,19.8135],[-90.51297,19.81353],[-90.51312,19.81357],[-90.51326,19.81361],[-90.51341,19.81366],[-90.51355,19.81372],[-90.51368,19.81379],[-90.5138,19.81385],[-90.51395,19.81394],[-90.51396,19.81395],[-90.51407,19.81402],[-90.51419,19.81411],[-90.51434,19.81422],[-90.515,19.81478],[-90.51566,19.81533],[-90.51591,19.8155],[-90.51603,19.81557],[-90.51615,19.81564],[-90.51628,19.8157],[-90.51641,19.81576],[-90.51654,19.81581],[-90.51668,19.81585],[-90.51682,19.81588],[-90.51695,19.81591],[-90.51702,19.81592],[-90.51702,19.81592],[-90.51702,19.81592],[-90.51702,19.81592],[-90.51709,19.81593],[-90.51709,19.81593],[-90.51728,19.81595],[-90.51738,19.81595],[-90.51751,19.81596],[-90.51763,19.81595],[-90.5178,19.81593],[-90.51792,19.81591],[-90.51808,19.81588],[-90.5182,19.81584],[-90.51837,19.81579],[-90.51853,19.81572],[-90.51871,19.81564],[-90.51881,19.81559],[-90.51894,19.81553],[-90.51906,19.81545],[-90.51925,19.81533],[-90.51976,19.81501],[-90.52055,19.81453],[-90.52062,19.81449],[-90.52078,19.81442],[-90.52092,19.81436],[-90.52099,19.81433],[-90.52121,19.81426],[-90.52136,19.81423],[-90.52148,19.81421],[-90.52165,19.81418],[-90.52167,19.81418],[-90.5217,19.81418],[-90.52196,19.81417],[-90.52196,19.81417],[-90.52197,19.81417],[-90.52197,19.81417],[-90.52206,19.81417],[-90.52207,19.81417],[-90.52219,19.81417],[-90.52219,19.81417],[-90.5222,19.81417],[-90.52261,19.81419],[-90.52261,19.81419],[-90.52261,19.81419],[-90.52259,19.81405],[-90.52202,19.81258],[-90.52179,19.81197],[-90.52165,19.81159],[-90.52146,19.81128],[-90.52132,19.81101],[-90.52125,19.81093],[-90.52118,19.81085],[-90.5211,19.81078],[-90.52105,19.81073],[-90.52102,19.81071],[-90.52094,19.81064],[-90.52085,19.81058],[-90.52076,19.81052],[-90.52067,19.81046],[-90.52058,19.81041],[-90.52048,19.81037],[-90.52042,19.81034],[-90.5204,19.81033],[-90.52023,19.81024],[-90.51899,19.80974],[-90.51663,19.80889],[-90.51544,19.80846],[-90.51544,19.80846],[-90.51539,19.80842],[-90.51533,19.80839],[-90.51528,19.80836],[-90.51522,19.80831],[-90.51516,19.80827],[-90.5151,19.80822],[-90.51504,19.80817],[-90.51498,19.80812],[-90.51493,19.80806],[-90.51488,19.80801],[-90.51488,19.80801],[-90.51483,19.80795],[-90.51478,19.80789],[-90.51474,19.80783],[-90.51469,19.80777],[-90.51465,19.80771],[-90.51461,19.80765],[-90.51457,19.80758],[-90.51454,19.80751],[-90.51453,19.8075],[-90.51451,19.80745],[-90.51448,19.80739],[-90.51446,19.80733],[-90.51443,19.80727],[-90.51441,19.80721],[-90.51439,19.80714],[-90.51437,19.80708],[-90.51436,19.80702],[-90.51434,19.80695],[-90.51433,19.80688],[-90.51432,19.80682],[-90.51432,19.8068],[-90.51431,19.80673],[-90.51431,19.8067],[-90.51423,19.80544],[-90.51416,19.80457],[-90.51415,19.80435],[-90.51404,19.80289],[-90.51402,19.80262],[-90.514,19.80217],[-90.51401,19.80185],[-90.51401,19.8018],[-90.51403,19.8017],[-90.51405,19.8016],[-90.51407,19.8015],[-90.51409,19.80139],[-90.51411,19.80129],[-90.51414,19.80119],[-90.51417,19.80112],[-90.51424,19.80092],[-90.51439,19.80056],[-90.51494,19.79925],[-90.51499,19.79914],[-90.51503,19.79902],[-90.51508,19.79891],[-90.51512,19.79879],[-90.51516,19.79867],[-90.51519,19.79855],[-90.51522,19.79843],[-90.51524,19.79837],[-90.51538,19.79745],[-90.51543,19.79714],[-90.5155,19.79676],[-90.51555,19.7965],[-90.51566,19.79602],[-90.51568,19.79595],[-90.5157,19.79589],[-90.51514,19.7957],[-90.51491,19.79563],[-90.51445,19.79548],[-90.51397,19.79534],[-90.51368,19.79527],[-90.51331,19.79517],[-90.51282,19.79508],[-90.51156,19.79486],[-90.50991,19.79453],[-90.50856,19.79428],[-90.50655,19.79388],[-90.50543,19.79366],[-90.50413,19.79346],[-90.50315,19.79327],[-90.50309,19.79326],[-90.50238,19.79313],[-90.50149,19.79295],[-90.50149,19.79295],[-90.50148,19.79301],[-90.50245,19.79687],[-90.50308,19.79897],[-90.50387,19.80203],[-90.50416,19.8031],[-90.50484,19.8057],[-90.50524,19.80724],[-90.50584,19.80974],[-90.5059,19.80996],[-90.50597,19.81027],[-90.50653,19.81262],[-90.50684,19.81382],[-90.50688,19.81395],[-90.50689,19.81394],[-90.50691,19.81394],[-90.50694,19.81394],[-90.507,19.81398],[-90.50706,19.81403],[-90.50709,19.81407],[-90.50711,19.8141],[-90.50712,19.81415],[-90.50719,19.81413],[-90.50811,19.81392],[-90.50897,19.81373],[-90.5095,19.8136],[-90.50965,19.81358],[-90.51012,19.81351],[-90.51075,19.81348],[-90.51134,19.81347],[-90.51214,19.81347],[-90.51221,19.81346],[-90.51226,19.81346],[-90.51236,19.81346],[-90.51246,19.81347],[-90.51252,19.81347],[-90.51267,19.81348]]]}},{"type":"Feature","properties":{"cvegeo":"0400200012118","cve_ent":"04","fuente":"INEGI — Marco Geoestadístico 2024","fecha_corte":"2024-08","cve_mun":"04002","cve_ageb":"2118","cve_loc":"0001"},"geometry":{"type":"Polygon","coordinates":[[[-90.49042,19.80769],[-90.49045,19.80795],[-90.49047,19.80809],[-90.49047,19.8081],[-90.49056,19.8088],[-90.4906,19.80898],[-90.4907,19.80986],[-90.49075,19.81031],[-90.49092,19.81156],[-90.4911,19.8128],[-90.49123,19.81407],[-90.49142,19.81402],[-90.4919,19.81391],[-90.49237,19.81379],[-90.49284,19.81369],[-90.49317,19.81361],[-90.49316,19.8136],[-90.49316,19.81359],[-90.49316,19.81358],[-90.49315,19.81356],[-90.49315,19.81355],[-90.49315,19.81354],[-90.49315,19.81353],[-90.49315,19.81352],[-90.49315,19.81351],[-90.49316,19.81349],[-90.49316,19.81348],[-90.49316,19.81347],[-90.49317,19.81346],[-90.49317,19.81345],[-90.49317,19.81344],[-90.49318,19.81343],[-90.49319,19.81342],[-90.49319,19.81341],[-90.4932,19.8134],[-90.49321,19.81339],[-90.49322,19.81338],[-90.49323,19.81336],[-90.49324,19.81335],[-90.49325,19.81335],[-90.49326,19.81334],[-90.49327,19.81334],[-90.49329,19.81333],[-90.4933,19.81332],[-90.49331,19.81332],[-90.49332,19.81332],[-90.49321,19.81292],[-90.49306,19.81233],[-90.49274,19.81113],[-90.49242,19.80992],[-90.49234,19.80961],[-90.4923,19.80949],[-90.49226,19.8094],[-90.49221,19.80931],[-90.49212,19.80919],[-90.492,19.80905],[-90.49175,19.80876],[-90.49173,19.80874],[-90.49164,19.80864],[-90.49157,19.80855],[-90.49128,19.80823],[-90.4912,19.80813],[-90.49115,19.80808],[-90.49109,19.808],[-90.49105,19.80792],[-90.49102,19.80784],[-90.49094,19.80756],[-90.49093,19.80757],[-90.49089,19.80758],[-90.49042,19.80769]]]}},{"type":"Feature","properties":{"cvegeo":"0400200012175","cve_ent":"04","fuente":"INEGI — Marco Geoestadístico 2024","fecha_corte":"2024-08","cve_mun":"04002","cve_ageb":"2175","cve_loc":"0001"},"geometry":{"type":"Polygon","coordinates":[[[-90.51472,19.83702],[-90.51488,19.83665],[-90.51496,19.83646],[-90.515,19.83638],[-90.51507,19.83631],[-90.51514,19.83624],[-90.51522,19.83617],[-90.5153,19.83605],[-90.5154,19.83592],[-90.51559,19.83555],[-90.51579,19.83518],[-90.51593,19.83489],[-90.51597,19.83489],[-90.51659,19.83502],[-90.51666,19.83487],[-90.51684,19.83449],[-90.51679,19.83441],[-90.51672,19.83429],[-90.51647,19.83406],[-90.51625,19.83388],[-90.51616,19.83374],[-90.51606,19.83353],[-90.51585,19.83308],[-90.51578,19.83299],[-90.51603,19.8326],[-90.51631,19.83215],[-90.51633,19.83212],[-90.51646,19.83196],[-90.51684,19.83144],[-90.51715,19.83092],[-90.51627,19.8304],[-90.51578,19.83014],[-90.5153,19.82984],[-90.51491,19.83039],[-90.51456,19.83092],[-90.51422,19.83145],[-90.51388,19.8321],[-90.51362,19.83196],[-90.51337,19.83185],[-90.51312,19.83175],[-90.5118,19.83143],[-90.51141,19.8314],[-90.51141,19.8314],[-90.51147,19.83155],[-90.51207,19.83322],[-90.51211,19.83333],[-90.51211,19.83333],[-90.51212,19.83338],[-90.51215,19.83364],[-90.51217,19.83371],[-90.51224,19.83384],[-90.5123,19.83395],[-90.51235,19.834],[-90.5125,19.83417],[-90.51267,19.83438],[-90.51274,19.83448],[-90.51281,19.8346],[-90.51285,19.83473],[-90.51332,19.83612],[-90.51336,19.83627],[-90.51342,19.83646],[-90.51349,19.83644],[-90.51472,19.83702]]]}},{"type":"Feature","properties":{"cvegeo":"0400200012226","cve_ent":"04","fuente":"INEGI — Marco Geoestadístico 2024","fecha_corte":"2024-08","cve_mun":"04002","cve_ageb":"2226","cve_loc":"0001"},"geometry":{"type":"Polygon","coordinates":[[[-90.48065,19.86209],[-90.47947,19.86182],[-90.47787,19.86149],[-90.47787,19.86149],[-90.47787,19.86149],[-90.47775,19.86186],[-90.47758,19.86226],[-90.47927,19.8626],[-90.48045,19.86287],[-90.48045,19.86287],[-90.4804,19.86314],[-90.48048,19.86315],[-90.48144,19.86333],[-90.48189,19.86342],[-90.48192,19.86342],[-90.482,19.8632],[-90.48253,19.86332],[-90.4826,19.86305],[-90.48256,19.86303],[-90.4827,19.86262],[-90.48178,19.86239],[-90.48071,19.86216],[-90.48063,19.86213],[-90.48065,19.86209]]]}},{"type":"Feature","properties":{"cvegeo":"0400200012387","cve_ent":"04","fuente":"INEGI — Marco Geoestadístico 2024","fecha_corte":"2024-08","cve_mun":"04002","cve_ageb":"2387","cve_loc":"0001"},"geometry":{"type":"Polygon","coordinates":[[[-90.52272,19.7973],[-90.52395,19.79734],[-90.52459,19.79739],[-90.52489,19.79739],[-90.5257,19.79745],[-90.52611,19.79747],[-90.52614,19.7973],[-90.52632,19.79684],[-90.52624,19.79658],[-90.52633,19.79652],[-90.52627,19.79642],[-90.52639,19.79635],[-90.52632,19.79627],[-90.5263,19.7962],[-90.52599,19.79593],[-90.52599,19.7959],[-90.52609,19.79593],[-90.52613,19.79582],[-90.52608,19.79565],[-90.52599,19.79564],[-90.52599,19.7954],[-90.5259,19.79492],[-90.52579,19.79408],[-90.52596,19.79403],[-90.52586,19.79369],[-90.52573,19.7937],[-90.52553,19.79314],[-90.52533,19.79299],[-90.52537,19.79294],[-90.52547,19.79289],[-90.52529,19.79269],[-90.52523,19.79274],[-90.52513,19.79274],[-90.52508,19.7927],[-90.52507,19.79264],[-90.52503,19.79259],[-90.52498,19.79259],[-90.52483,19.79269],[-90.52475,19.79281],[-90.5246,19.79295],[-90.52443,19.79317],[-90.52435,19.79326],[-90.52425,19.79368],[-90.52423,19.79387],[-90.52423,19.79397],[-90.52425,19.79407],[-90.52431,19.79419],[-90.52445,19.79427],[-90.52466,19.79434],[-90.52479,19.79442],[-90.52483,19.79452],[-90.52453,19.79487],[-90.52434,19.79494],[-90.52429,19.79517],[-90.52404,19.79509],[-90.52358,19.79512],[-90.52344,19.79515],[-90.52336,19.79531],[-90.5233,19.79547],[-90.52331,19.79556],[-90.52328,19.79574],[-90.52331,19.79622],[-90.52337,19.79632],[-90.52331,19.79649],[-90.52284,19.79711],[-90.52281,19.79716],[-90.52272,19.7973]]]}},{"type":"Feature","properties":{"cvegeo":"040020001218A","cve_ent":"04","fuente":"INEGI — Marco Geoestadístico 2024","fecha_corte":"2024-08","cve_mun":"04002","cve_ageb":"218A","cve_loc":"0001"},"geometry":{"type":"Polygon","coordinates":[[[-90.52016,19.83172],[-90.52022,19.83175],[-90.5204,19.83182],[-90.52055,19.83187],[-90.52087,19.83191],[-90.52097,19.8319],[-90.52174,19.83185],[-90.52189,19.83185],[-90.52231,19.83186],[-90.52269,19.83199],[-90.52294,19.83205],[-90.5235,19.83208],[-90.52338,19.83182],[-90.52313,19.8311],[-90.52298,19.83066],[-90.52292,19.83053],[-90.52291,19.83049],[-90.52288,19.8304],[-90.52287,19.83022],[-90.52287,19.83004],[-90.52285,19.82967],[-90.52271,19.82956],[-90.52258,19.82943],[-90.52256,19.82941],[-90.52246,19.82932],[-90.52244,19.82931],[-90.52223,19.82915],[-90.52223,19.82914],[-90.52218,19.82909],[-90.52216,19.82908],[-90.52208,19.82899],[-90.52185,19.82868],[-90.52184,19.82867],[-90.5216,19.82842],[-90.52151,19.82833],[-90.52146,19.82828],[-90.52139,19.82823],[-90.52126,19.82815],[-90.52096,19.8281],[-90.52067,19.82805],[-90.52051,19.82798],[-90.52046,19.82796],[-90.5203,19.82786],[-90.52004,19.82762],[-90.51985,19.82756],[-90.51973,19.82748],[-90.51967,19.82737],[-90.51964,19.82728],[-90.51962,19.8271],[-90.51959,19.827],[-90.5195,19.82669],[-90.51946,19.82661],[-90.51934,19.82652],[-90.51931,19.8265],[-90.51902,19.82631],[-90.51885,19.82617],[-90.51879,19.82612],[-90.5183,19.82583],[-90.51816,19.82575],[-90.51808,19.82561],[-90.51804,19.82547],[-90.51699,19.82558],[-90.51663,19.82561],[-90.51634,19.82564],[-90.51634,19.82564],[-90.51632,19.82564],[-90.51578,19.82568],[-90.51539,19.82569],[-90.51537,19.82575],[-90.51526,19.82606],[-90.51521,19.82614],[-90.51517,19.82627],[-90.51506,19.82652],[-90.515,19.82667],[-90.5149,19.82691],[-90.51485,19.82708],[-90.51482,19.82717],[-90.5148,19.82744],[-90.51472,19.82804],[-90.51472,19.82816],[-90.51481,19.82846],[-90.51502,19.82886],[-90.51514,19.82904],[-90.51562,19.82932],[-90.5153,19.82984],[-90.51578,19.83014],[-90.51627,19.8304],[-90.51715,19.83092],[-90.51795,19.83139],[-90.51818,19.83105],[-90.51833,19.83125],[-90.51872,19.83171],[-90.51912,19.83143],[-90.51925,19.83132],[-90.5195,19.83142],[-90.51973,19.83151],[-90.52016,19.83172]]]}},{"type":"Feature","properties":{"cvegeo":"0400200010056","cve_ent":"04","fuente":"INEGI — Marco Geoestadístico 2024","fecha_corte":"2024-08","cve_mun":"04002","cve_ageb":"0056","cve_loc":"0001"},"geometry":{"type":"Polygon","coordinates":[[[-90.53699,19.84892],[-90.53699,19.84892],[-90.53701,19.84891],[-90.53796,19.8487],[-90.53829,19.84867],[-90.5384,19.84855],[-90.53851,19.84869],[-90.53863,19.84877],[-90.53884,19.84889],[-90.53885,19.84889],[-90.53888,19.84885],[-90.53891,19.84883],[-90.53898,19.84876],[-90.539,19.84874],[-90.53903,19.8487],[-90.53906,19.84866],[-90.53908,19.8486],[-90.53913,19.84856],[-90.53919,19.84852],[-90.53923,19.84848],[-90.53926,19.84845],[-90.5393,19.84842],[-90.53933,19.84839],[-90.53937,19.84836],[-90.53939,19.84833],[-90.53942,19.8483],[-90.53947,19.84825],[-90.53951,19.8482],[-90.53959,19.84811],[-90.53961,19.84812],[-90.53961,19.84812],[-90.53965,19.84821],[-90.53967,19.84824],[-90.53967,19.84825],[-90.53968,19.84826],[-90.53967,19.8483],[-90.53966,19.84831],[-90.53966,19.84832],[-90.53965,19.84834],[-90.53964,19.84837],[-90.53964,19.8484],[-90.53964,19.8484],[-90.53964,19.8484],[-90.53965,19.84843],[-90.53967,19.84846],[-90.5397,19.84849],[-90.53974,19.84852],[-90.53978,19.84853],[-90.53981,19.84853],[-90.53986,19.84852],[-90.53989,19.8485],[-90.53992,19.84848],[-90.53994,19.84844],[-90.53994,19.84843],[-90.53995,19.84841],[-90.53995,19.84837],[-90.53994,19.84834],[-90.53992,19.84831],[-90.5399,19.84828],[-90.53987,19.84825],[-90.53984,19.84824],[-90.53982,19.84824],[-90.53979,19.84824],[-90.53976,19.84822],[-90.53974,19.8482],[-90.53971,19.84814],[-90.53968,19.84808],[-90.53967,19.84806],[-90.53967,19.84805],[-90.53965,19.84802],[-90.53972,19.84792],[-90.53976,19.84786],[-90.53981,19.8478],[-90.53985,19.84773],[-90.53989,19.84768],[-90.53992,19.84763],[-90.54001,19.84756],[-90.54007,19.84754],[-90.54011,19.8475],[-90.54011,19.8475],[-90.54016,19.84746],[-90.54016,19.84746],[-90.54022,19.84741],[-90.54031,19.84733],[-90.54036,19.84729],[-90.54036,19.84729],[-90.54038,19.84727],[-90.54041,19.84724],[-90.54043,19.84722],[-90.54044,19.84721],[-90.54048,19.84719],[-90.54053,19.84718],[-90.54057,19.84716],[-90.54063,19.84714],[-90.54069,19.84713],[-90.54075,19.84711],[-90.54082,19.8471],[-90.5409,19.84708],[-90.541,19.84706],[-90.54107,19.84703],[-90.54114,19.84702],[-90.5412,19.847],[-90.54125,19.84698],[-90.54134,19.84695],[-90.5414,19.84693],[-90.54147,19.84689],[-90.54152,19.84686],[-90.54158,19.84681],[-90.54163,19.84676],[-90.54169,19.84671],[-90.54176,19.84664],[-90.5418,19.84658],[-90.54184,19.84653],[-90.54189,19.84647],[-90.54193,19.84641],[-90.54197,19.84633],[-90.542,19.84626],[-90.54204,19.84616],[-90.54205,19.84608],[-90.54207,19.84602],[-90.54207,19.84601],[-90.54208,19.8459],[-90.54209,19.84578],[-90.54209,19.84575],[-90.5421,19.8457],[-90.54212,19.84567],[-90.54213,19.84565],[-90.54214,19.84564],[-90.54216,19.8456],[-90.54214,19.84557],[-90.54214,19.84557],[-90.54219,19.84553],[-90.54223,19.8455],[-90.54225,19.84548],[-90.54225,19.84548],[-90.54217,19.84542],[-90.54202,19.84541],[-90.54195,19.84536],[-90.54175,19.84526],[-90.5417,19.84523],[-90.54154,19.84514],[-90.54136,19.84504],[-90.54129,19.845],[-90.54123,19.84496],[-90.54117,19.84493],[-90.54095,19.84482],[-90.54091,19.8448],[-90.5409,19.8448],[-90.54092,19.84476],[-90.54093,19.84474],[-90.54096,19.84465],[-90.54097,19.84457],[-90.54097,19.84449],[-90.54092,19.84436],[-90.54086,19.84421],[-90.54063,19.8437],[-90.54059,19.84279],[-90.54056,19.84191],[-90.54057,19.84179],[-90.54046,19.84183],[-90.54043,19.84175],[-90.54042,19.84172],[-90.54042,19.8417],[-90.54041,19.84168],[-90.54039,19.84165],[-90.54037,19.84162],[-90.54036,19.84159],[-90.54033,19.84157],[-90.54031,19.84154],[-90.54029,19.84151],[-90.54026,19.84149],[-90.54024,19.84147],[-90.54023,19.84146],[-90.54021,19.84144],[-90.54018,19.84141],[-90.54003,19.84133],[-90.53921,19.84094],[-90.53921,19.84085],[-90.5392,19.84075],[-90.53879,19.84061],[-90.53845,19.84046],[-90.53794,19.83998],[-90.53794,19.83998],[-90.53793,19.83997],[-90.53792,19.83997],[-90.53792,19.83996],[-90.53791,19.83995],[-90.53791,19.83995],[-90.53744,19.84019],[-90.53686,19.84045],[-90.53661,19.84057],[-90.53656,19.84059],[-90.5364,19.84065],[-90.5358,19.84091],[-90.53574,19.84093],[-90.5357,19.84096],[-90.53559,19.84104],[-90.535,19.84154],[-90.53452,19.84197],[-90.5344,19.84207],[-90.53369,19.84248],[-90.5337,19.84251],[-90.53375,19.84261],[-90.53405,19.84325],[-90.53432,19.84379],[-90.53448,19.84407],[-90.5345,19.84413],[-90.53487,19.84482],[-90.53519,19.84541],[-90.53531,19.84566],[-90.53557,19.84617],[-90.53588,19.84677],[-90.53597,19.84692],[-90.53631,19.84754],[-90.53699,19.84892]]]}},{"type":"Feature","properties":{"cvegeo":"0400200012423","cve_ent":"04","fuente":"INEGI — Marco Geoestadístico 2024","fecha_corte":"2024-08","cve_mun":"04002","cve_ageb":"2423","cve_loc":"0001"},"geometry":{"type":"Polygon","coordinates":[[[-90.4948,19.86974],[-90.4949,19.87018],[-90.49504,19.87078],[-90.49504,19.87079],[-90.49511,19.87089],[-90.49514,19.87094],[-90.49518,19.87092],[-90.49518,19.87092],[-90.49552,19.8707],[-90.49554,19.87068],[-90.49559,19.87065],[-90.49583,19.8705],[-90.49615,19.87029],[-90.49666,19.86997],[-90.49684,19.86985],[-90.49689,19.86982],[-90.49688,19.86981],[-90.49688,19.8698],[-90.49687,19.8698],[-90.49687,19.86979],[-90.49687,19.86978],[-90.49686,19.86978],[-90.49686,19.86977],[-90.49686,19.86976],[-90.49686,19.86975],[-90.49686,19.86975],[-90.49686,19.86974],[-90.49686,19.86973],[-90.49687,19.86972],[-90.49687,19.86971],[-90.49688,19.8697],[-90.4971,19.86956],[-90.49712,19.86956],[-90.49712,19.86956],[-90.49713,19.86956],[-90.49713,19.86957],[-90.49714,19.86957],[-90.49714,19.86957],[-90.49715,19.86957],[-90.49715,19.86957],[-90.49716,19.86957],[-90.49716,19.86958],[-90.49717,19.86958],[-90.49717,19.86958],[-90.49718,19.86959],[-90.49718,19.86959],[-90.49719,19.86959],[-90.49719,19.8696],[-90.49719,19.8696],[-90.49721,19.86959],[-90.49737,19.86949],[-90.49788,19.86915],[-90.49792,19.86912],[-90.49797,19.86909],[-90.49824,19.86893],[-90.49835,19.86886],[-90.49855,19.86872],[-90.49861,19.86867],[-90.49868,19.86863],[-90.49875,19.86858],[-90.49886,19.8685],[-90.49917,19.8683],[-90.49952,19.8681],[-90.49971,19.86787],[-90.4999,19.86765],[-90.50139,19.86669],[-90.50229,19.86609],[-90.50255,19.86592],[-90.50261,19.86589],[-90.50331,19.86555],[-90.5034,19.8655],[-90.50343,19.86549],[-90.50411,19.86515],[-90.50422,19.8651],[-90.5045,19.86496],[-90.50523,19.86459],[-90.50535,19.86454],[-90.50557,19.86443],[-90.50604,19.8642],[-90.50644,19.86401],[-90.50681,19.86383],[-90.50693,19.86377],[-90.50665,19.86324],[-90.50641,19.86283],[-90.50591,19.86307],[-90.50498,19.86353],[-90.50405,19.864],[-90.50376,19.86413],[-90.50364,19.86363],[-90.50356,19.86334],[-90.50332,19.86281],[-90.50322,19.86264],[-90.50303,19.86243],[-90.50281,19.86223],[-90.50261,19.86207],[-90.50249,19.86198],[-90.50232,19.86187],[-90.50225,19.86185],[-90.50209,19.86175],[-90.50194,19.86166],[-90.50183,19.86165],[-90.5018,19.8616],[-90.5018,19.86156],[-90.50179,19.86135],[-90.50179,19.8613],[-90.50179,19.86127],[-90.5018,19.86124],[-90.50181,19.8612],[-90.50181,19.86118],[-90.50181,19.86115],[-90.50181,19.86112],[-90.50181,19.86109],[-90.5018,19.86106],[-90.5018,19.86104],[-90.5018,19.861],[-90.50179,19.86097],[-90.50178,19.86095],[-90.50164,19.86081],[-90.50144,19.86076],[-90.50121,19.8607],[-90.50109,19.86058],[-90.50101,19.8605],[-90.50096,19.86043],[-90.50095,19.8604],[-90.50096,19.86035],[-90.5009,19.86021],[-90.50084,19.8601],[-90.50078,19.86],[-90.50077,19.85995],[-90.50078,19.85986],[-90.5008,19.85975],[-90.50082,19.85966],[-90.50083,19.85959],[-90.50082,19.85955],[-90.5007,19.8592],[-90.50059,19.85929],[-90.5005,19.85937],[-90.50037,19.85957],[-90.5003,19.85977],[-90.50003,19.86078],[-90.49995,19.86099],[-90.49982,19.86123],[-90.49957,19.86143],[-90.49928,19.8616],[-90.49923,19.86163],[-90.49904,19.86175],[-90.49889,19.86182],[-90.49866,19.86188],[-90.49858,19.8619],[-90.49809,19.86203],[-90.49763,19.86213],[-90.4979,19.8632],[-90.49816,19.86424],[-90.49838,19.8651],[-90.49853,19.86566],[-90.49849,19.86568],[-90.49869,19.86611],[-90.49827,19.86638],[-90.49779,19.86667],[-90.49733,19.86697],[-90.49696,19.8672],[-90.49674,19.86732],[-90.49621,19.86766],[-90.49578,19.86795],[-90.49544,19.86815],[-90.49534,19.86818],[-90.49508,19.86828],[-90.49501,19.86834],[-90.49495,19.86842],[-90.49491,19.86849],[-90.49487,19.86855],[-90.49462,19.86872],[-90.49459,19.86883],[-90.49468,19.86927],[-90.4948,19.86974]]]}},{"type":"Feature","properties":{"cvegeo":"0400200012419","cve_ent":"04","fuente":"INEGI — Marco Geoestadístico 2024","fecha_corte":"2024-08","cve_mun":"04002","cve_ageb":"2419","cve_loc":"0001"},"geometry":{"type":"Polygon","coordinates":[[[-90.5018,19.86156],[-90.5018,19.8616],[-90.50183,19.86165],[-90.50194,19.86166],[-90.50209,19.86175],[-90.50225,19.86185],[-90.50232,19.86187],[-90.50249,19.86198],[-90.50261,19.86207],[-90.50281,19.86223],[-90.50303,19.86243],[-90.50322,19.86264],[-90.50332,19.86281],[-90.50356,19.86334],[-90.50364,19.86363],[-90.50376,19.86413],[-90.50405,19.864],[-90.50498,19.86353],[-90.50591,19.86307],[-90.50641,19.86283],[-90.5062,19.86246],[-90.50694,19.86208],[-90.50739,19.86187],[-90.50758,19.86179],[-90.50776,19.86189],[-90.50786,19.86191],[-90.50797,19.8619],[-90.50804,19.86188],[-90.5082,19.86184],[-90.50835,19.8618],[-90.50857,19.86174],[-90.50875,19.86165],[-90.50884,19.86159],[-90.50894,19.86152],[-90.50904,19.86147],[-90.50925,19.86135],[-90.50938,19.86127],[-90.50949,19.86117],[-90.50952,19.86103],[-90.50952,19.86097],[-90.50948,19.86086],[-90.50948,19.86074],[-90.50949,19.8606],[-90.50949,19.8606],[-90.5095,19.86046],[-90.50965,19.8603],[-90.50959,19.86017],[-90.50945,19.8599],[-90.50925,19.85953],[-90.50922,19.85946],[-90.50898,19.85908],[-90.50895,19.85902],[-90.50881,19.8588],[-90.50867,19.85854],[-90.50857,19.85844],[-90.5085,19.85833],[-90.50843,19.8582],[-90.50834,19.85807],[-90.50819,19.85799],[-90.50803,19.85799],[-90.50788,19.85801],[-90.5077,19.85806],[-90.50762,19.85806],[-90.50757,19.85803],[-90.50755,19.85799],[-90.5075,19.858],[-90.5074,19.85801],[-90.50713,19.85804],[-90.50692,19.8581],[-90.50681,19.85817],[-90.50642,19.85824],[-90.50636,19.85824],[-90.50595,19.8583],[-90.50545,19.85837],[-90.50536,19.85839],[-90.5049,19.85845],[-90.50434,19.85853],[-90.50423,19.85861],[-90.50382,19.85865],[-90.50378,19.85865],[-90.50344,19.85871],[-90.5033,19.85873],[-90.50282,19.8588],[-90.50276,19.85881],[-90.50226,19.85888],[-90.50218,19.85889],[-90.50164,19.85899],[-90.50132,19.859],[-90.50143,19.85885],[-90.50159,19.85866],[-90.5019,19.85829],[-90.50152,19.858],[-90.50128,19.85782],[-90.50099,19.8582],[-90.50071,19.85866],[-90.50101,19.85881],[-90.50088,19.85902],[-90.5007,19.8592],[-90.50082,19.85955],[-90.50083,19.85959],[-90.50082,19.85966],[-90.5008,19.85975],[-90.50078,19.85986],[-90.50077,19.85995],[-90.50078,19.86],[-90.50084,19.8601],[-90.5009,19.86021],[-90.50096,19.86035],[-90.50095,19.8604],[-90.50096,19.86043],[-90.50101,19.8605],[-90.50109,19.86058],[-90.50121,19.8607],[-90.50144,19.86076],[-90.50164,19.86081],[-90.50178,19.86095],[-90.50179,19.86097],[-90.5018,19.861],[-90.5018,19.86104],[-90.5018,19.86106],[-90.50181,19.86109],[-90.50181,19.86112],[-90.50181,19.86115],[-90.50181,19.86118],[-90.50181,19.8612],[-90.5018,19.86124],[-90.50179,19.86127],[-90.50179,19.8613],[-90.50179,19.86135],[-90.5018,19.86156]]]}},{"type":"Feature","properties":{"cvegeo":"040020001104A","cve_ent":"04","fuente":"INEGI — Marco Geoestadístico 2024","fecha_corte":"2024-08","cve_mun":"04002","cve_ageb":"104A","cve_loc":"0001"},"geometry":{"type":"Polygon","coordinates":[[[-90.51518,19.85399],[-90.51521,19.854],[-90.51545,19.85351],[-90.51567,19.85307],[-90.51584,19.85273],[-90.51589,19.8526],[-90.51597,19.8524],[-90.51597,19.85239],[-90.516,19.85227],[-90.51601,19.8522],[-90.51609,19.85154],[-90.51611,19.85142],[-90.51613,19.85107],[-90.51611,19.85072],[-90.51608,19.85037],[-90.51608,19.85004],[-90.5161,19.84993],[-90.51614,19.84972],[-90.51615,19.84958],[-90.51617,19.8493],[-90.51624,19.8483],[-90.51554,19.84819],[-90.51562,19.84781],[-90.51583,19.84691],[-90.51592,19.84669],[-90.51508,19.84594],[-90.51506,19.846],[-90.51448,19.84587],[-90.51408,19.84578],[-90.5136,19.84569],[-90.5136,19.84572],[-90.5136,19.84573],[-90.51355,19.846],[-90.51346,19.84651],[-90.51346,19.84654],[-90.51344,19.84661],[-90.51343,19.84666],[-90.51335,19.84696],[-90.5133,19.84718],[-90.51323,19.84752],[-90.51318,19.84775],[-90.51318,19.84776],[-90.51315,19.84794],[-90.51312,19.84794],[-90.51308,19.84812],[-90.51305,19.84826],[-90.51298,19.8486],[-90.51297,19.84863],[-90.5129,19.849],[-90.51286,19.84918],[-90.51283,19.84934],[-90.51279,19.84955],[-90.5127,19.84994],[-90.51267,19.8501],[-90.51262,19.85031],[-90.51262,19.85041],[-90.5126,19.85066],[-90.51257,19.85104],[-90.51248,19.85135],[-90.51243,19.85152],[-90.51231,19.85181],[-90.51222,19.85201],[-90.5121,19.85229],[-90.51199,19.85257],[-90.51233,19.85272],[-90.51297,19.85299],[-90.51309,19.85305],[-90.51358,19.85328],[-90.514,19.85348],[-90.51403,19.85349],[-90.51426,19.85357],[-90.5145,19.85367],[-90.51518,19.85399]]]}},{"type":"Feature","properties":{"cvegeo":"0400200011069","cve_ent":"04","fuente":"INEGI — Marco Geoestadístico 2024","fecha_corte":"2024-08","cve_mun":"04002","cve_ageb":"1069","cve_loc":"0001"},"geometry":{"type":"Polygon","coordinates":[[[-90.5349,19.83012],[-90.53492,19.83018],[-90.53496,19.83058],[-90.53497,19.83072],[-90.53495,19.83085],[-90.53491,19.83115],[-90.53484,19.83169],[-90.53481,19.83193],[-90.53476,19.83227],[-90.53471,19.83277],[-90.53471,19.83281],[-90.53471,19.83281],[-90.5347,19.83322],[-90.53474,19.83356],[-90.53474,19.83358],[-90.53474,19.83362],[-90.53475,19.8337],[-90.53478,19.8339],[-90.53479,19.83401],[-90.53479,19.83404],[-90.53479,19.83404],[-90.5348,19.8341],[-90.53482,19.83422],[-90.53487,19.83455],[-90.53492,19.8349],[-90.53497,19.8352],[-90.535,19.83552],[-90.53501,19.83556],[-90.53511,19.83626],[-90.53514,19.83647],[-90.53515,19.83657],[-90.53522,19.83654],[-90.53545,19.83645],[-90.53575,19.83633],[-90.5358,19.83632],[-90.53589,19.83628],[-90.53585,19.83615],[-90.53642,19.83596],[-90.53681,19.83579],[-90.53726,19.83565],[-90.53755,19.83547],[-90.53777,19.8353],[-90.53784,19.83526],[-90.53789,19.83522],[-90.53796,19.83517],[-90.53812,19.83505],[-90.53844,19.83482],[-90.5389,19.83447],[-90.53941,19.83415],[-90.53984,19.83387],[-90.54007,19.83372],[-90.54018,19.83366],[-90.54048,19.83348],[-90.54124,19.83305],[-90.54106,19.83275],[-90.54101,19.83265],[-90.54087,19.8324],[-90.54073,19.83216],[-90.5407,19.83212],[-90.5407,19.83211],[-90.5406,19.83193],[-90.54046,19.83148],[-90.54037,19.83131],[-90.54032,19.83128],[-90.5403,19.83127],[-90.54003,19.83113],[-90.53975,19.83101],[-90.53958,19.83094],[-90.53937,19.83086],[-90.53922,19.83082],[-90.5392,19.83081],[-90.53899,19.83075],[-90.53887,19.83073],[-90.53882,19.83071],[-90.5386,19.83067],[-90.53858,19.83066],[-90.53837,19.83063],[-90.53806,19.83058],[-90.53771,19.83052],[-90.53718,19.83043],[-90.5368,19.83036],[-90.53677,19.83035],[-90.53676,19.83035],[-90.53671,19.83034],[-90.53639,19.83028],[-90.53607,19.83023],[-90.5358,19.83019],[-90.53567,19.83017],[-90.53555,19.83015],[-90.53537,19.83013],[-90.5352,19.83012],[-90.53489,19.83009],[-90.5349,19.83012]]]}},{"type":"Feature","properties":{"cvegeo":"040020001182A","cve_ent":"04","fuente":"INEGI — Marco Geoestadístico 2024","fecha_corte":"2024-08","cve_mun":"04002","cve_ageb":"182A","cve_loc":"0001"},"geometry":{"type":"Polygon","coordinates":[[[-90.48024,19.85057],[-90.48042,19.85068],[-90.48058,19.85077],[-90.48098,19.85102],[-90.48138,19.85126],[-90.4818,19.8515],[-90.48283,19.85025],[-90.48312,19.8499],[-90.48342,19.84954],[-90.48371,19.84917],[-90.48401,19.84881],[-90.48406,19.84875],[-90.48431,19.84846],[-90.48461,19.8481],[-90.48491,19.84774],[-90.48521,19.84738],[-90.48365,19.84624],[-90.48331,19.84656],[-90.48297,19.84689],[-90.48295,19.84691],[-90.48264,19.84722],[-90.48231,19.84755],[-90.48197,19.84789],[-90.48164,19.84822],[-90.48131,19.84855],[-90.48098,19.84888],[-90.48083,19.84908],[-90.48055,19.84934],[-90.48023,19.84963],[-90.47991,19.84995],[-90.47965,19.85021],[-90.48018,19.85053],[-90.48024,19.85057]]]}},{"type":"Feature","properties":{"cvegeo":"0400200012353","cve_ent":"04","fuente":"INEGI — Marco Geoestadístico 2024","fecha_corte":"2024-08","cve_mun":"04002","cve_ageb":"2353","cve_loc":"0001"},"geometry":{"type":"Polygon","coordinates":[[[-90.48363,19.82842],[-90.48339,19.82875],[-90.48377,19.82902],[-90.48438,19.82816],[-90.48438,19.82816],[-90.48432,19.82807],[-90.48404,19.82787],[-90.48363,19.82842]]]}},{"type":"Feature","properties":{"cvegeo":"0400200011389","cve_ent":"04","fuente":"INEGI — Marco Geoestadístico 2024","fecha_corte":"2024-08","cve_mun":"04002","cve_ageb":"1389","cve_loc":"0001"},"geometry":{"type":"Polygon","coordinates":[[[-90.54175,19.82199],[-90.54151,19.82202],[-90.54123,19.82207],[-90.54092,19.82212],[-90.54068,19.82216],[-90.53986,19.82232],[-90.53958,19.82237],[-90.53896,19.82248],[-90.53883,19.8225],[-90.53855,19.82255],[-90.53781,19.82266],[-90.53715,19.82276],[-90.53663,19.82286],[-90.5364,19.8229],[-90.53547,19.82306],[-90.53473,19.82318],[-90.53377,19.82338],[-90.53292,19.82353],[-90.53288,19.82354],[-90.53286,19.82354],[-90.53292,19.82365],[-90.53342,19.82447],[-90.53436,19.82587],[-90.53456,19.8262],[-90.53462,19.82634],[-90.53473,19.82666],[-90.53487,19.82665],[-90.53484,19.82629],[-90.5348,19.82597],[-90.53477,19.8257],[-90.53474,19.82542],[-90.53472,19.82524],[-90.5347,19.82503],[-90.53468,19.82494],[-90.53575,19.82489],[-90.53642,19.82487],[-90.53697,19.82484],[-90.53747,19.82482],[-90.53817,19.82476],[-90.53904,19.8247],[-90.53937,19.82468],[-90.53992,19.82468],[-90.54002,19.82468],[-90.54043,19.82464],[-90.54069,19.82461],[-90.54127,19.82468],[-90.54105,19.82555],[-90.541,19.82574],[-90.54102,19.82578],[-90.54152,19.8261],[-90.54194,19.8264],[-90.54214,19.82654],[-90.54221,19.82645],[-90.54252,19.82589],[-90.54268,19.82557],[-90.5427,19.82547],[-90.54272,19.82534],[-90.54279,19.82483],[-90.54281,19.82464],[-90.54266,19.82416],[-90.5427,19.82374],[-90.54279,19.82335],[-90.54282,19.82321],[-90.54283,19.82318],[-90.54278,19.82312],[-90.5428,19.82306],[-90.54279,19.82306],[-90.54281,19.82302],[-90.54282,19.82298],[-90.54284,19.82294],[-90.54302,19.82186],[-90.54304,19.82175],[-90.54279,19.82179],[-90.54186,19.82195],[-90.54175,19.82199]]]}},{"type":"Feature","properties":{"cvegeo":"0400200010658","cve_ent":"04","fuente":"INEGI — Marco Geoestadístico 2024","fecha_corte":"2024-08","cve_mun":"04002","cve_ageb":"0658","cve_loc":"0001"},"geometry":{"type":"Polygon","coordinates":[[[-90.49086,19.87375],[-90.49001,19.87454],[-90.4899,19.87464],[-90.48972,19.8748],[-90.48894,19.87549],[-90.48877,19.87561],[-90.48854,19.87581],[-90.48841,19.87593],[-90.48827,19.87609],[-90.48796,19.87626],[-90.48796,19.87626],[-90.48797,19.87627],[-90.48802,19.87637],[-90.4882,19.87627],[-90.48839,19.87617],[-90.48872,19.87601],[-90.48906,19.87586],[-90.48979,19.87562],[-90.49065,19.87536],[-90.49107,19.87522],[-90.49139,19.87509],[-90.49174,19.87493],[-90.49185,19.87487],[-90.4921,19.87472],[-90.49264,19.87438],[-90.49283,19.87425],[-90.49341,19.87387],[-90.49363,19.87373],[-90.49386,19.87365],[-90.49427,19.8735],[-90.49467,19.87334],[-90.49535,19.87297],[-90.49562,19.8727],[-90.49564,19.87268],[-90.49587,19.87246],[-90.49587,19.87245],[-90.4959,19.87243],[-90.4959,19.87243],[-90.49604,19.87224],[-90.49605,19.87222],[-90.49605,19.87222],[-90.49684,19.87169],[-90.49803,19.87091],[-90.49928,19.87009],[-90.49968,19.86985],[-90.50004,19.86968],[-90.50077,19.86936],[-90.50235,19.86868],[-90.50325,19.86831],[-90.50391,19.86802],[-90.50387,19.86795],[-90.5036,19.8675],[-90.5035,19.86733],[-90.50335,19.8671],[-90.50323,19.86692],[-90.5032,19.86687],[-90.50305,19.86664],[-90.5029,19.86641],[-90.50289,19.8664],[-90.5027,19.86613],[-90.50255,19.86592],[-90.50229,19.86609],[-90.50139,19.86669],[-90.4999,19.86765],[-90.49971,19.86787],[-90.49952,19.8681],[-90.49917,19.8683],[-90.49886,19.8685],[-90.49875,19.86858],[-90.49868,19.86863],[-90.49861,19.86867],[-90.49855,19.86872],[-90.49835,19.86886],[-90.49824,19.86893],[-90.49797,19.86909],[-90.49792,19.86912],[-90.49788,19.86915],[-90.49737,19.86949],[-90.49721,19.86959],[-90.49719,19.8696],[-90.49719,19.8696],[-90.49719,19.86959],[-90.49718,19.86959],[-90.49718,19.86959],[-90.49717,19.86958],[-90.49717,19.86958],[-90.49716,19.86958],[-90.49716,19.86957],[-90.49715,19.86957],[-90.49715,19.86957],[-90.49714,19.86957],[-90.49714,19.86957],[-90.49713,19.86957],[-90.49713,19.86956],[-90.49712,19.86956],[-90.49712,19.86956],[-90.4971,19.86956],[-90.49688,19.8697],[-90.49687,19.86971],[-90.49687,19.86972],[-90.49686,19.86973],[-90.49686,19.86974],[-90.49686,19.86975],[-90.49686,19.86975],[-90.49686,19.86976],[-90.49686,19.86977],[-90.49686,19.86978],[-90.49687,19.86978],[-90.49687,19.86979],[-90.49687,19.8698],[-90.49688,19.8698],[-90.49688,19.86981],[-90.49689,19.86982],[-90.49684,19.86985],[-90.49666,19.86997],[-90.49615,19.87029],[-90.49583,19.8705],[-90.49559,19.87065],[-90.49554,19.87068],[-90.49552,19.8707],[-90.49518,19.87092],[-90.49518,19.87092],[-90.49514,19.87094],[-90.49489,19.87111],[-90.49444,19.87139],[-90.49426,19.87151],[-90.49418,19.87157],[-90.49417,19.87158],[-90.49414,19.87154],[-90.49408,19.87146],[-90.4936,19.87179],[-90.49257,19.87248],[-90.49249,19.87254],[-90.49165,19.87311],[-90.49148,19.87323],[-90.49118,19.87349],[-90.49086,19.87375]]]}},{"type":"Feature","properties":{"cvegeo":"0400200010713","cve_ent":"04","fuente":"INEGI — Marco Geoestadístico 2024","fecha_corte":"2024-08","cve_mun":"04002","cve_ageb":"0713","cve_loc":"0001"},"geometry":{"type":"Polygon","coordinates":[[[-90.49356,19.84588],[-90.4943,19.84638],[-90.49457,19.84602],[-90.49458,19.846],[-90.49481,19.84566],[-90.49484,19.84563],[-90.49504,19.84576],[-90.49521,19.84587],[-90.49557,19.84611],[-90.49568,19.84618],[-90.49569,19.84619],[-90.4957,19.84619],[-90.49571,19.8462],[-90.49572,19.8462],[-90.49573,19.8462],[-90.49573,19.84621],[-90.49574,19.84621],[-90.49575,19.84621],[-90.49576,19.84621],[-90.49577,19.84621],[-90.49578,19.84621],[-90.49579,19.84621],[-90.4958,19.84621],[-90.49581,19.84621],[-90.49582,19.84621],[-90.49582,19.84621],[-90.49583,19.8462],[-90.49584,19.8462],[-90.49642,19.84595],[-90.49642,19.84542],[-90.49642,19.84491],[-90.49642,19.84476],[-90.49656,19.84487],[-90.49713,19.84522],[-90.49722,19.84528],[-90.49736,19.84514],[-90.49766,19.845],[-90.49808,19.84489],[-90.49809,19.84491],[-90.49883,19.84465],[-90.49929,19.8445],[-90.49919,19.84428],[-90.49903,19.84392],[-90.49882,19.84347],[-90.49879,19.84342],[-90.49848,19.8428],[-90.49832,19.84249],[-90.49814,19.84236],[-90.4983,19.84213],[-90.49859,19.8417],[-90.49864,19.84165],[-90.49903,19.84113],[-90.4991,19.84103],[-90.49914,19.84097],[-90.49944,19.84055],[-90.49889,19.84039],[-90.4986,19.8403],[-90.49826,19.84019],[-90.49828,19.84015],[-90.49839,19.83995],[-90.49854,19.83968],[-90.49859,19.83963],[-90.49892,19.83933],[-90.49904,19.8393],[-90.49998,19.83917],[-90.49965,19.83887],[-90.49899,19.83815],[-90.49879,19.83791],[-90.49849,19.83758],[-90.49823,19.83726],[-90.49777,19.83685],[-90.49771,19.83707],[-90.4977,19.83729],[-90.49773,19.83749],[-90.4977,19.83765],[-90.49765,19.83788],[-90.49758,19.83818],[-90.49752,19.83849],[-90.49746,19.83875],[-90.49744,19.83886],[-90.49739,19.83912],[-90.49732,19.83942],[-90.49726,19.83974],[-90.49707,19.84008],[-90.49685,19.84052],[-90.49673,19.84073],[-90.4966,19.84094],[-90.49653,19.84105],[-90.49645,19.84116],[-90.49639,19.84124],[-90.4963,19.84147],[-90.49638,19.84164],[-90.49624,19.84178],[-90.49596,19.84204],[-90.49572,19.84226],[-90.49502,19.84177],[-90.4948,19.84162],[-90.49453,19.84196],[-90.49452,19.84198],[-90.49425,19.84233],[-90.494,19.84267],[-90.49391,19.8428],[-90.49436,19.8431],[-90.49408,19.84348],[-90.4938,19.84385],[-90.49353,19.84421],[-90.49352,19.84423],[-90.49329,19.84452],[-90.49324,19.84459],[-90.49296,19.84495],[-90.49289,19.84504],[-90.49269,19.84532],[-90.49356,19.84588]]]}},{"type":"Feature","properties":{"cvegeo":"0400200011270","cve_ent":"04","fuente":"INEGI — Marco Geoestadístico 2024","fecha_corte":"2024-08","cve_mun":"04002","cve_ageb":"1270","cve_loc":"0001"},"geometry":{"type":"Polygon","coordinates":[[[-90.54644,19.83892],[-90.54641,19.83894],[-90.54639,19.83896],[-90.54629,19.83902],[-90.54613,19.83912],[-90.546,19.8392],[-90.54601,19.83921],[-90.54619,19.83947],[-90.54632,19.83966],[-90.5465,19.83993],[-90.54673,19.84028],[-90.54689,19.84046],[-90.54689,19.84047],[-90.54696,19.84053],[-90.54698,19.84055],[-90.547,19.84057],[-90.54705,19.84062],[-90.54707,19.84064],[-90.54715,19.84071],[-90.54719,19.84074],[-90.54724,19.84079],[-90.54725,19.84078],[-90.54725,19.84078],[-90.54725,19.84078],[-90.54727,19.84075],[-90.54734,19.84068],[-90.5474,19.84061],[-90.54747,19.84055],[-90.54747,19.84055],[-90.54754,19.84049],[-90.54761,19.84043],[-90.54764,19.84041],[-90.54769,19.84038],[-90.54769,19.84038],[-90.54776,19.84037],[-90.54779,19.84036],[-90.5478,19.84036],[-90.54788,19.84033],[-90.54798,19.84031],[-90.54807,19.84028],[-90.54815,19.84024],[-90.54824,19.84018],[-90.5483,19.84014],[-90.5483,19.84014],[-90.54836,19.84007],[-90.54842,19.83999],[-90.54848,19.83991],[-90.54852,19.83984],[-90.54854,19.83976],[-90.54858,19.83966],[-90.5486,19.83958],[-90.54862,19.83953],[-90.54865,19.8395],[-90.54868,19.83946],[-90.54868,19.83946],[-90.54872,19.83944],[-90.54879,19.83938],[-90.54886,19.83932],[-90.54894,19.83927],[-90.54901,19.83921],[-90.54908,19.83915],[-90.54908,19.83915],[-90.54915,19.83909],[-90.54919,19.83907],[-90.54923,19.83906],[-90.54927,19.83906],[-90.54931,19.83905],[-90.54936,19.83906],[-90.54941,19.83906],[-90.54947,19.83907],[-90.54959,19.83911],[-90.5496,19.83911],[-90.54961,19.83912],[-90.55018,19.83935],[-90.5502,19.83933],[-90.5502,19.83933],[-90.55021,19.83932],[-90.55048,19.83907],[-90.55051,19.83903],[-90.55051,19.83903],[-90.55048,19.83899],[-90.55047,19.83898],[-90.55046,19.83897],[-90.55046,19.83897],[-90.55017,19.83923],[-90.5498,19.83906],[-90.54976,19.83894],[-90.54981,19.8387],[-90.54982,19.83867],[-90.55002,19.83852],[-90.55038,19.83826],[-90.55069,19.83812],[-90.55105,19.83799],[-90.55144,19.83768],[-90.55158,19.83735],[-90.55158,19.83733],[-90.5518,19.83696],[-90.5519,19.83689],[-90.55215,19.83674],[-90.55244,19.83661],[-90.55289,19.83637],[-90.55318,19.83611],[-90.55344,19.83577],[-90.55359,19.83563],[-90.55383,19.83544],[-90.55406,19.83532],[-90.55434,19.83524],[-90.55442,19.83523],[-90.55449,19.83522],[-90.55456,19.8352],[-90.55465,19.83516],[-90.55473,19.83511],[-90.55478,19.83504],[-90.55481,19.835],[-90.55484,19.83492],[-90.55487,19.83482],[-90.55492,19.83475],[-90.55497,19.8347],[-90.55503,19.83467],[-90.5551,19.83466],[-90.55516,19.83463],[-90.55525,19.8346],[-90.5554,19.83454],[-90.55561,19.8344],[-90.5559,19.83418],[-90.55605,19.8341],[-90.55611,19.83409],[-90.55617,19.8341],[-90.55624,19.83414],[-90.55637,19.8342],[-90.55647,19.83421],[-90.55647,19.83421],[-90.55657,19.83431],[-90.55657,19.83432],[-90.55681,19.83452],[-90.55734,19.83498],[-90.55766,19.83468],[-90.55749,19.83453],[-90.55729,19.83474],[-90.55695,19.83443],[-90.5568,19.83431],[-90.55679,19.83431],[-90.55683,19.83427],[-90.55683,19.83408],[-90.55703,19.834],[-90.55721,19.83393],[-90.55738,19.83386],[-90.55743,19.8338],[-90.55735,19.83359],[-90.55733,19.83352],[-90.55735,19.83348],[-90.55738,19.83346],[-90.55744,19.83346],[-90.5575,19.83348],[-90.55775,19.83369],[-90.55781,19.8337],[-90.55793,19.83368],[-90.55823,19.83355],[-90.55846,19.83346],[-90.55872,19.83332],[-90.55889,19.83323],[-90.55918,19.83306],[-90.55938,19.83293],[-90.55945,19.83287],[-90.5595,19.83274],[-90.5595,19.83257],[-90.55945,19.83248],[-90.55937,19.83238],[-90.55929,19.83235],[-90.55916,19.83225],[-90.55902,19.83212],[-90.55897,19.83206],[-90.55895,19.83195],[-90.55882,19.83176],[-90.55881,19.83175],[-90.55823,19.83208],[-90.55747,19.83252],[-90.55717,19.83268],[-90.55685,19.83279],[-90.55614,19.83288],[-90.55563,19.83289],[-90.55386,19.8329],[-90.55378,19.83291],[-90.5538,19.83295],[-90.55284,19.83289],[-90.55183,19.83288],[-90.55125,19.8329],[-90.55058,19.83289],[-90.5505,19.83289],[-90.5505,19.83289],[-90.55051,19.83292],[-90.55058,19.83302],[-90.55082,19.83348],[-90.551,19.83391],[-90.55105,19.83403],[-90.55106,19.83405],[-90.55107,19.83407],[-90.55099,19.83411],[-90.55079,19.83421],[-90.55034,19.83444],[-90.55002,19.8346],[-90.54988,19.83467],[-90.54987,19.83467],[-90.54987,19.83467],[-90.54991,19.83483],[-90.54991,19.83484],[-90.54994,19.83505],[-90.54965,19.83522],[-90.5494,19.83538],[-90.54913,19.83556],[-90.54906,19.83559],[-90.549,19.83562],[-90.54869,19.83582],[-90.5483,19.83607],[-90.54799,19.83629],[-90.54797,19.8363],[-90.5479,19.83636],[-90.54733,19.83672],[-90.54721,19.83679],[-90.54717,19.83682],[-90.54701,19.83692],[-90.54687,19.837],[-90.54679,19.83705],[-90.54621,19.83747],[-90.54595,19.83765],[-90.54589,19.83769],[-90.54578,19.83776],[-90.54577,19.83777],[-90.5458,19.8378],[-90.54598,19.83806],[-90.54605,19.83817],[-90.54612,19.8383],[-90.54644,19.83892]]]}},{"type":"Feature","properties":{"cvegeo":"040020001136A","cve_ent":"04","fuente":"INEGI — Marco Geoestadístico 2024","fecha_corte":"2024-08","cve_mun":"04002","cve_ageb":"136A","cve_loc":"0001"},"geometry":{"type":"Polygon","coordinates":[[[-90.51612,19.84599],[-90.51649,19.84703],[-90.51651,19.8471],[-90.51652,19.84711],[-90.51666,19.84704],[-90.51678,19.84698],[-90.51735,19.84678],[-90.51775,19.84665],[-90.51817,19.84651],[-90.51842,19.84643],[-90.5187,19.84634],[-90.51901,19.84624],[-90.51926,19.84616],[-90.51929,19.84616],[-90.51937,19.8462],[-90.5206,19.84623],[-90.5209,19.84624],[-90.52099,19.84623],[-90.52123,19.84622],[-90.5215,19.84619],[-90.52159,19.84619],[-90.52163,19.84618],[-90.52241,19.84609],[-90.52269,19.84606],[-90.52282,19.84604],[-90.52322,19.84601],[-90.52394,19.84595],[-90.52392,19.84539],[-90.52389,19.84516],[-90.52387,19.84501],[-90.52387,19.84497],[-90.52378,19.8447],[-90.52377,19.84468],[-90.52351,19.84419],[-90.52345,19.84401],[-90.52334,19.8437],[-90.52329,19.84355],[-90.52324,19.84324],[-90.52323,19.8431],[-90.52303,19.8431],[-90.52207,19.84306],[-90.52159,19.84305],[-90.52106,19.84303],[-90.51982,19.84298],[-90.51896,19.84291],[-90.51872,19.8429],[-90.51702,19.84284],[-90.5157,19.84281],[-90.51506,19.84274],[-90.51507,19.84277],[-90.51509,19.8428],[-90.51512,19.84288],[-90.51516,19.84297],[-90.51522,19.84317],[-90.5153,19.8434],[-90.51538,19.84369],[-90.51544,19.84392],[-90.51577,19.84504],[-90.51588,19.84529],[-90.5159,19.84536],[-90.51612,19.84599]]]}},{"type":"Feature","properties":{"cvegeo":"040020001143A","cve_ent":"04","fuente":"INEGI — Marco Geoestadístico 2024","fecha_corte":"2024-08","cve_mun":"04002","cve_ageb":"143A","cve_loc":"0001"},"geometry":{"type":"Polygon","coordinates":[[[-90.48815,19.8438],[-90.48846,19.84403],[-90.48876,19.84425],[-90.48906,19.84448],[-90.48938,19.84473],[-90.48965,19.84494],[-90.48979,19.8448],[-90.49005,19.84454],[-90.49024,19.84435],[-90.4904,19.84419],[-90.49056,19.84402],[-90.4908,19.84379],[-90.49056,19.84357],[-90.49024,19.84329],[-90.49061,19.84294],[-90.4909,19.84266],[-90.49115,19.84241],[-90.49156,19.842],[-90.49179,19.84176],[-90.49212,19.84144],[-90.49243,19.84113],[-90.49239,19.84111],[-90.49216,19.84093],[-90.49063,19.83983],[-90.4903,19.83959],[-90.49023,19.83954],[-90.49016,19.83948],[-90.48976,19.83917],[-90.48934,19.83884],[-90.48929,19.83888],[-90.48924,19.83886],[-90.48864,19.83846],[-90.48826,19.83819],[-90.48814,19.8381],[-90.48784,19.83849],[-90.4879,19.8385],[-90.48783,19.83863],[-90.48724,19.83921],[-90.48717,19.83918],[-90.48712,19.83914],[-90.48704,19.83908],[-90.48672,19.83885],[-90.48612,19.83942],[-90.48646,19.83966],[-90.48678,19.83992],[-90.48716,19.84017],[-90.48735,19.84025],[-90.48757,19.84041],[-90.48849,19.84109],[-90.48848,19.84109],[-90.48848,19.8411],[-90.48848,19.84111],[-90.48847,19.84111],[-90.48847,19.84112],[-90.48847,19.84112],[-90.48847,19.84113],[-90.48847,19.84114],[-90.48847,19.84114],[-90.48847,19.84115],[-90.48848,19.84115],[-90.48848,19.84116],[-90.48848,19.84116],[-90.48849,19.84117],[-90.48849,19.84117],[-90.4885,19.84118],[-90.4885,19.84118],[-90.48851,19.84118],[-90.48852,19.84118],[-90.48852,19.84118],[-90.48853,19.84119],[-90.48854,19.84119],[-90.48854,19.84119],[-90.48855,19.84118],[-90.48856,19.84118],[-90.48857,19.84118],[-90.48857,19.84117],[-90.48858,19.84117],[-90.48861,19.84119],[-90.48867,19.84123],[-90.48825,19.84164],[-90.48723,19.84265],[-90.48696,19.84291],[-90.48726,19.84315],[-90.48758,19.84338],[-90.48789,19.84361],[-90.48815,19.8438]]]}},{"type":"Feature","properties":{"cvegeo":"0400200011444","cve_ent":"04","fuente":"INEGI — Marco Geoestadístico 2024","fecha_corte":"2024-08","cve_mun":"04002","cve_ageb":"1444","cve_loc":"0001"},"geometry":{"type":"Polygon","coordinates":[[[-90.49859,19.8331],[-90.4987,19.83322],[-90.49894,19.83339],[-90.49938,19.83369],[-90.49941,19.83371],[-90.49948,19.83375],[-90.49982,19.83392],[-90.49989,19.83396],[-90.5002,19.8341],[-90.50037,19.83418],[-90.50056,19.83427],[-90.50086,19.83441],[-90.50106,19.83452],[-90.50136,19.83391],[-90.50156,19.8335],[-90.50161,19.83334],[-90.50175,19.83272],[-90.50183,19.83237],[-90.50202,19.83151],[-90.50231,19.83021],[-90.50232,19.83018],[-90.50232,19.83016],[-90.50233,19.83015],[-90.50233,19.83014],[-90.50233,19.83012],[-90.50233,19.83011],[-90.50233,19.8301],[-90.50233,19.83008],[-90.50233,19.83007],[-90.50233,19.83006],[-90.50233,19.83004],[-90.50232,19.83003],[-90.50231,19.83],[-90.50231,19.82999],[-90.5023,19.82998],[-90.50229,19.82996],[-90.50228,19.82995],[-90.50227,19.82993],[-90.50224,19.82985],[-90.50202,19.82951],[-90.50171,19.82907],[-90.5014,19.82861],[-90.50108,19.82819],[-90.50031,19.82969],[-90.49985,19.83069],[-90.49974,19.83091],[-90.4996,19.83119],[-90.49956,19.83127],[-90.49859,19.8331]]]}},{"type":"Feature","properties":{"cvegeo":"0400200011463","cve_ent":"04","fuente":"INEGI — Marco Geoestadístico 2024","fecha_corte":"2024-08","cve_mun":"04002","cve_ageb":"1463","cve_loc":"0001"},"geometry":{"type":"Polygon","coordinates":[[[-90.4857,19.84421],[-90.48631,19.84466],[-90.48682,19.84503],[-90.48701,19.84517],[-90.48732,19.84481],[-90.48762,19.84444],[-90.4879,19.84411],[-90.48815,19.8438],[-90.48789,19.84361],[-90.48758,19.84338],[-90.48726,19.84315],[-90.48696,19.84291],[-90.48669,19.84323],[-90.48647,19.84346],[-90.48641,19.84354],[-90.48605,19.84389],[-90.4857,19.84421]]]}},{"type":"Feature","properties":{"cvegeo":"040020001150A","cve_ent":"04","fuente":"INEGI — Marco Geoestadístico 2024","fecha_corte":"2024-08","cve_mun":"04002","cve_ageb":"150A","cve_loc":"0001"},"geometry":{"type":"Polygon","coordinates":[[[-90.55342,19.8138],[-90.55332,19.81404],[-90.55315,19.81448],[-90.55304,19.81487],[-90.55385,19.81516],[-90.55411,19.81525],[-90.55439,19.81532],[-90.55477,19.81542],[-90.55528,19.81559],[-90.55538,19.81462],[-90.55489,19.81451],[-90.55489,19.81451],[-90.55482,19.81449],[-90.55477,19.81448],[-90.55476,19.81447],[-90.55474,19.81447],[-90.55442,19.81437],[-90.55414,19.81426],[-90.55395,19.81414],[-90.55377,19.81402],[-90.55342,19.8138]]]}},{"type":"Feature","properties":{"cvegeo":"0400200011514","cve_ent":"04","fuente":"INEGI — Marco Geoestadístico 2024","fecha_corte":"2024-08","cve_mun":"04002","cve_ageb":"1514","cve_loc":"0001"},"geometry":{"type":"Polygon","coordinates":[[[-90.53914,19.81546],[-90.53918,19.81547],[-90.53945,19.81543],[-90.53963,19.81541],[-90.53973,19.81538],[-90.53986,19.81535],[-90.54006,19.81531],[-90.54033,19.81526],[-90.54034,19.8153],[-90.54063,19.81526],[-90.54091,19.81523],[-90.54107,19.81519],[-90.54149,19.8151],[-90.5416,19.81508],[-90.54208,19.81499],[-90.5421,19.81498],[-90.54227,19.81495],[-90.54231,19.81487],[-90.54261,19.81432],[-90.54344,19.8146],[-90.54351,19.8144],[-90.54364,19.81406],[-90.54363,19.814],[-90.54381,19.81351],[-90.54396,19.8131],[-90.54356,19.81296],[-90.54316,19.81281],[-90.54263,19.81262],[-90.54254,19.81259],[-90.54172,19.8123],[-90.54157,19.81225],[-90.5409,19.81201],[-90.54084,19.81199],[-90.54079,19.81197],[-90.54015,19.81176],[-90.53995,19.81172],[-90.53968,19.81166],[-90.53911,19.8115],[-90.53904,19.81149],[-90.53891,19.81146],[-90.53854,19.81139],[-90.53848,19.81138],[-90.53834,19.81191],[-90.53856,19.81201],[-90.53852,19.81213],[-90.53847,19.8126],[-90.53848,19.81263],[-90.53849,19.81287],[-90.53857,19.81318],[-90.5386,19.81327],[-90.53863,19.81332],[-90.53869,19.81349],[-90.53882,19.81387],[-90.53887,19.81408],[-90.53894,19.81436],[-90.53895,19.81441],[-90.53905,19.81493],[-90.53906,19.81496],[-90.53914,19.81546]]]}},{"type":"Feature","properties":{"cvegeo":"0400200011529","cve_ent":"04","fuente":"INEGI — Marco Geoestadístico 2024","fecha_corte":"2024-08","cve_mun":"04002","cve_ageb":"1529","cve_loc":"0001"},"geometry":{"type":"Polygon","coordinates":[[[-90.53782,19.81748],[-90.53782,19.81749],[-90.53796,19.81768],[-90.53801,19.81767],[-90.53885,19.81746],[-90.53928,19.8174],[-90.53947,19.81738],[-90.53962,19.81732],[-90.53962,19.81732],[-90.53964,19.81732],[-90.53964,19.81732],[-90.53967,19.8173],[-90.53976,19.81727],[-90.53976,19.81727],[-90.53984,19.81726],[-90.54003,19.81724],[-90.54059,19.81713],[-90.54059,19.81712],[-90.54058,19.81698],[-90.54057,19.81696],[-90.54057,19.81694],[-90.54057,19.81693],[-90.54057,19.81692],[-90.54057,19.8169],[-90.54057,19.81688],[-90.54058,19.81686],[-90.54058,19.81684],[-90.54059,19.81682],[-90.54059,19.81681],[-90.5406,19.81679],[-90.54061,19.81677],[-90.54061,19.81675],[-90.54062,19.81674],[-90.54066,19.81667],[-90.54076,19.81652],[-90.54079,19.81646],[-90.54083,19.81637],[-90.54084,19.81632],[-90.54085,19.81628],[-90.54084,19.81622],[-90.5408,19.81614],[-90.54034,19.8153],[-90.54033,19.81526],[-90.54006,19.81531],[-90.53986,19.81535],[-90.53973,19.81538],[-90.53963,19.81541],[-90.53945,19.81543],[-90.53918,19.81547],[-90.53914,19.81546],[-90.53906,19.81496],[-90.53905,19.81493],[-90.53895,19.81441],[-90.53894,19.81436],[-90.53887,19.81408],[-90.53882,19.81387],[-90.53869,19.81349],[-90.53863,19.81332],[-90.5386,19.81327],[-90.53857,19.81318],[-90.53849,19.81287],[-90.53848,19.81263],[-90.53847,19.8126],[-90.53852,19.81213],[-90.53856,19.81201],[-90.53834,19.81191],[-90.53848,19.81138],[-90.53839,19.81133],[-90.53809,19.81126],[-90.53806,19.81125],[-90.53749,19.8111],[-90.53679,19.81094],[-90.53652,19.81087],[-90.53588,19.81073],[-90.53585,19.81072],[-90.53581,19.81079],[-90.53571,19.8114],[-90.53561,19.81197],[-90.53549,19.81262],[-90.53546,19.81271],[-90.53542,19.81293],[-90.53541,19.81306],[-90.53537,19.81315],[-90.53513,19.8135],[-90.53489,19.81384],[-90.53452,19.81437],[-90.53441,19.81454],[-90.5344,19.81455],[-90.53434,19.8147],[-90.53433,19.81472],[-90.53433,19.81472],[-90.53431,19.81475],[-90.53443,19.81475],[-90.53458,19.81477],[-90.5348,19.8148],[-90.53493,19.81482],[-90.53496,19.81483],[-90.5351,19.81487],[-90.53525,19.81492],[-90.53549,19.81501],[-90.53554,19.81504],[-90.53565,19.81509],[-90.53582,19.81519],[-90.53598,19.8153],[-90.5362,19.81548],[-90.53631,19.8156],[-90.53648,19.81582],[-90.53656,19.81593],[-90.53658,19.81595],[-90.53675,19.81615],[-90.53704,19.81653],[-90.53704,19.81653],[-90.53704,19.81653],[-90.53706,19.81655],[-90.53735,19.81691],[-90.53761,19.81724],[-90.53782,19.81748]]]}},{"type":"Feature","properties":{"cvegeo":"0400200011694","cve_ent":"04","fuente":"INEGI — Marco Geoestadístico 2024","fecha_corte":"2024-08","cve_mun":"04002","cve_ageb":"1694","cve_loc":"0001"},"geometry":{"type":"Polygon","coordinates":[[[-90.49262,19.8629],[-90.49293,19.86317],[-90.49324,19.86342],[-90.49355,19.86369],[-90.49369,19.86382],[-90.49384,19.86397],[-90.49409,19.86422],[-90.49437,19.8645],[-90.49465,19.86432],[-90.49477,19.86419],[-90.49483,19.8641],[-90.49495,19.86371],[-90.49505,19.86339],[-90.49519,19.86279],[-90.49522,19.8628],[-90.49549,19.86189],[-90.4955,19.86185],[-90.49575,19.86094],[-90.49588,19.86035],[-90.49596,19.85989],[-90.49604,19.85938],[-90.49573,19.85932],[-90.49516,19.85927],[-90.49502,19.85925],[-90.49472,19.85919],[-90.49437,19.85913],[-90.49432,19.85912],[-90.49411,19.85908],[-90.49373,19.85899],[-90.49353,19.85965],[-90.49344,19.85995],[-90.49337,19.86019],[-90.49322,19.86014],[-90.49322,19.86024],[-90.49322,19.86026],[-90.49318,19.86043],[-90.49311,19.86063],[-90.49297,19.86105],[-90.49295,19.86112],[-90.49288,19.86135],[-90.49283,19.86148],[-90.49279,19.86162],[-90.49274,19.8618],[-90.49271,19.86189],[-90.49263,19.86207],[-90.49257,19.8622],[-90.49255,19.86219],[-90.49254,19.86219],[-90.49254,19.86219],[-90.49253,19.86219],[-90.49252,19.86219],[-90.49252,19.8622],[-90.49251,19.8622],[-90.4925,19.8622],[-90.4925,19.86221],[-90.49249,19.86221],[-90.49249,19.86221],[-90.49248,19.86222],[-90.49248,19.86223],[-90.49248,19.86223],[-90.49248,19.86224],[-90.49247,19.86224],[-90.49247,19.86225],[-90.49247,19.86226],[-90.49247,19.86226],[-90.49247,19.86227],[-90.49248,19.86228],[-90.49248,19.86228],[-90.49248,19.86229],[-90.49249,19.86229],[-90.49249,19.8623],[-90.4925,19.8623],[-90.4925,19.86231],[-90.49252,19.86231],[-90.49251,19.86234],[-90.49246,19.86244],[-90.49245,19.86246],[-90.49234,19.86265],[-90.49231,19.86268],[-90.49233,19.86269],[-90.49245,19.86276],[-90.49262,19.8629]]]}},{"type":"Feature","properties":{"cvegeo":"0400200011567","cve_ent":"04","fuente":"INEGI — Marco Geoestadístico 2024","fecha_corte":"2024-08","cve_mun":"04002","cve_ageb":"1567","cve_loc":"0001"},"geometry":{"type":"Polygon","coordinates":[[[-90.49252,19.84118],[-90.49274,19.84127],[-90.49293,19.84136],[-90.49314,19.84142],[-90.49318,19.84143],[-90.49322,19.8415],[-90.49337,19.84134],[-90.49347,19.84124],[-90.49377,19.84145],[-90.49407,19.84109],[-90.4942,19.84093],[-90.49441,19.84065],[-90.49496,19.84089],[-90.49526,19.84102],[-90.49566,19.84119],[-90.4963,19.84147],[-90.4963,19.84122],[-90.49635,19.84095],[-90.49643,19.84074],[-90.49655,19.84052],[-90.49666,19.84033],[-90.49673,19.84016],[-90.49681,19.83996],[-90.49683,19.83988],[-90.49683,19.83977],[-90.4968,19.8396],[-90.49675,19.83939],[-90.49674,19.83937],[-90.49664,19.83904],[-90.49656,19.83881],[-90.49645,19.83852],[-90.49639,19.83836],[-90.49631,19.83822],[-90.49618,19.83805],[-90.49606,19.83795],[-90.4959,19.83786],[-90.49584,19.83783],[-90.49578,19.83781],[-90.49585,19.83765],[-90.49589,19.83746],[-90.49588,19.8372],[-90.49584,19.83704],[-90.49576,19.83685],[-90.49562,19.83671],[-90.49538,19.83654],[-90.49489,19.83636],[-90.49441,19.83619],[-90.49378,19.83598],[-90.49369,19.83595],[-90.4939,19.83491],[-90.4945,19.83376],[-90.49449,19.83376],[-90.49449,19.83375],[-90.49448,19.83375],[-90.49448,19.83375],[-90.49447,19.83374],[-90.49447,19.83374],[-90.49446,19.83373],[-90.49446,19.83373],[-90.49446,19.83372],[-90.49445,19.83372],[-90.49445,19.83371],[-90.49445,19.83371],[-90.49444,19.8337],[-90.49444,19.8337],[-90.49444,19.83369],[-90.49444,19.83368],[-90.49444,19.83368],[-90.49444,19.83367],[-90.49444,19.83366],[-90.49444,19.83365],[-90.49444,19.83365],[-90.49444,19.83364],[-90.49444,19.83364],[-90.49444,19.83363],[-90.49444,19.83362],[-90.49445,19.83362],[-90.49445,19.83361],[-90.49445,19.83361],[-90.49445,19.8336],[-90.49446,19.8336],[-90.49446,19.83359],[-90.49447,19.83359],[-90.49447,19.83358],[-90.49447,19.83358],[-90.49448,19.83357],[-90.49448,19.83357],[-90.49449,19.83357],[-90.49449,19.83356],[-90.4945,19.83356],[-90.49451,19.83356],[-90.49451,19.83356],[-90.49452,19.83355],[-90.49452,19.83355],[-90.49453,19.83355],[-90.49454,19.83355],[-90.49454,19.83355],[-90.49455,19.83355],[-90.49455,19.83355],[-90.49456,19.83355],[-90.49457,19.83355],[-90.49457,19.83355],[-90.49458,19.83355],[-90.49459,19.83355],[-90.49459,19.83355],[-90.4946,19.83355],[-90.4946,19.83355],[-90.49461,19.83356],[-90.49462,19.83356],[-90.49462,19.83356],[-90.49463,19.83357],[-90.49464,19.83357],[-90.49468,19.8335],[-90.49494,19.83314],[-90.49535,19.83256],[-90.4959,19.83176],[-90.49611,19.83143],[-90.49622,19.8313],[-90.49636,19.8312],[-90.49656,19.83111],[-90.49655,19.83111],[-90.49655,19.8311],[-90.49655,19.8311],[-90.49655,19.8311],[-90.49655,19.83109],[-90.49655,19.83109],[-90.49655,19.83108],[-90.49654,19.83108],[-90.49654,19.83107],[-90.49654,19.83106],[-90.49655,19.83106],[-90.49655,19.83105],[-90.49655,19.83105],[-90.49655,19.83105],[-90.49655,19.83104],[-90.49655,19.83104],[-90.49655,19.83103],[-90.49656,19.83103],[-90.49656,19.83102],[-90.49656,19.83102],[-90.49644,19.8309],[-90.49609,19.83063],[-90.49608,19.83064],[-90.49607,19.83066],[-90.49606,19.83067],[-90.49498,19.83209],[-90.49457,19.83264],[-90.49421,19.83313],[-90.49404,19.83342],[-90.49404,19.83342],[-90.49404,19.8334],[-90.49404,19.83307],[-90.4926,19.83358],[-90.4926,19.83358],[-90.49247,19.83401],[-90.49246,19.83401],[-90.49245,19.83401],[-90.49245,19.83401],[-90.49244,19.83401],[-90.49244,19.83401],[-90.49243,19.83401],[-90.49242,19.83402],[-90.49242,19.83402],[-90.49241,19.83402],[-90.49241,19.83403],[-90.4924,19.83404],[-90.4924,19.83404],[-90.4924,19.83405],[-90.4924,19.83405],[-90.4924,19.83406],[-90.4924,19.83407],[-90.4924,19.83408],[-90.4924,19.83408],[-90.4924,19.83409],[-90.49156,19.83577],[-90.4912,19.83633],[-90.49112,19.83642],[-90.49041,19.83716],[-90.48975,19.83785],[-90.49008,19.8381],[-90.48934,19.83884],[-90.48976,19.83917],[-90.49016,19.83948],[-90.49023,19.83954],[-90.4903,19.83959],[-90.49063,19.83983],[-90.49216,19.84093],[-90.49239,19.84111],[-90.49243,19.84113],[-90.49252,19.84118]]]}},{"type":"Feature","properties":{"cvegeo":"0400200012372","cve_ent":"04","fuente":"INEGI — Marco Geoestadístico 2024","fecha_corte":"2024-08","cve_mun":"04002","cve_ageb":"2372","cve_loc":"0001"},"geometry":{"type":"Polygon","coordinates":[[[-90.49041,19.80769],[-90.49038,19.80769],[-90.49021,19.80773],[-90.49021,19.80773],[-90.49021,19.80775],[-90.49095,19.81413],[-90.49123,19.81407],[-90.4911,19.8128],[-90.49092,19.81156],[-90.49075,19.81031],[-90.4907,19.80986],[-90.4906,19.80898],[-90.49056,19.8088],[-90.49047,19.8081],[-90.49047,19.80809],[-90.49045,19.80795],[-90.49042,19.80769],[-90.49041,19.80769]]]}},{"type":"Feature","properties":{"cvegeo":"0400200011707","cve_ent":"04","fuente":"INEGI — Marco Geoestadístico 2024","fecha_corte":"2024-08","cve_mun":"04002","cve_ageb":"1707","cve_loc":"0001"},"geometry":{"type":"Polygon","coordinates":[[[-90.49283,19.86695],[-90.49329,19.8676],[-90.49363,19.86736],[-90.49396,19.86715],[-90.49425,19.86696],[-90.49433,19.8669],[-90.49437,19.86696],[-90.49476,19.8667],[-90.49496,19.86659],[-90.49501,19.86651],[-90.49506,19.86643],[-90.4952,19.86632],[-90.4954,19.86619],[-90.49557,19.86609],[-90.49549,19.86598],[-90.4952,19.86561],[-90.49511,19.86548],[-90.49496,19.86528],[-90.49478,19.86502],[-90.49466,19.86485],[-90.49437,19.8645],[-90.49409,19.86422],[-90.49384,19.86397],[-90.49369,19.86382],[-90.49355,19.86369],[-90.49324,19.86342],[-90.49293,19.86317],[-90.49262,19.8629],[-90.49245,19.86276],[-90.49233,19.86269],[-90.49231,19.86268],[-90.49225,19.86279],[-90.49204,19.86306],[-90.49196,19.86317],[-90.49173,19.86343],[-90.49146,19.86374],[-90.49121,19.86402],[-90.4912,19.86402],[-90.49125,19.8641],[-90.49151,19.86446],[-90.49178,19.86484],[-90.49197,19.8651],[-90.49209,19.86526],[-90.49239,19.86567],[-90.4926,19.86599],[-90.49226,19.86621],[-90.49283,19.86695]]]}},{"type":"Feature","properties":{"cvegeo":"0400200011711","cve_ent":"04","fuente":"INEGI — Marco Geoestadístico 2024","fecha_corte":"2024-08","cve_mun":"04002","cve_ageb":"1711","cve_loc":"0001"},"geometry":{"type":"Polygon","coordinates":[[[-90.53801,19.81767],[-90.53796,19.81768],[-90.53822,19.81805],[-90.53861,19.81854],[-90.53867,19.81861],[-90.53957,19.81965],[-90.53991,19.82006],[-90.54021,19.82037],[-90.54029,19.82045],[-90.54059,19.82076],[-90.54082,19.82102],[-90.54137,19.82159],[-90.54163,19.82189],[-90.54171,19.82195],[-90.54175,19.82199],[-90.54186,19.82195],[-90.54279,19.82179],[-90.54304,19.82175],[-90.54349,19.82168],[-90.54363,19.82132],[-90.54384,19.82129],[-90.54403,19.82126],[-90.54412,19.82125],[-90.54425,19.82122],[-90.54459,19.82116],[-90.54492,19.8211],[-90.54495,19.82108],[-90.54499,19.82106],[-90.54501,19.82104],[-90.54502,19.82103],[-90.54504,19.821],[-90.54505,19.82096],[-90.54517,19.82063],[-90.54516,19.82056],[-90.54531,19.82004],[-90.54542,19.81969],[-90.54543,19.81969],[-90.54543,19.81968],[-90.54543,19.81965],[-90.54568,19.81877],[-90.54594,19.81784],[-90.54587,19.81782],[-90.54483,19.81744],[-90.54424,19.81725],[-90.54376,19.81711],[-90.54351,19.81799],[-90.54332,19.81791],[-90.54255,19.81763],[-90.54252,19.81774],[-90.54239,19.81792],[-90.54216,19.81784],[-90.54205,19.8178],[-90.54166,19.81766],[-90.54155,19.81761],[-90.54133,19.81752],[-90.54105,19.81742],[-90.54083,19.81733],[-90.54067,19.81726],[-90.54065,19.81722],[-90.54061,19.81716],[-90.54059,19.81713],[-90.54003,19.81724],[-90.53984,19.81726],[-90.53976,19.81727],[-90.53976,19.81727],[-90.53967,19.8173],[-90.53964,19.81732],[-90.53964,19.81732],[-90.53962,19.81732],[-90.53962,19.81732],[-90.53947,19.81738],[-90.53928,19.8174],[-90.53885,19.81746],[-90.53801,19.81767]]]}},{"type":"Feature","properties":{"cvegeo":"0400200011726","cve_ent":"04","fuente":"INEGI — Marco Geoestadístico 2024","fecha_corte":"2024-08","cve_mun":"04002","cve_ageb":"1726","cve_loc":"0001"},"geometry":{"type":"Polygon","coordinates":[[[-90.54155,19.81761],[-90.54166,19.81766],[-90.54205,19.8178],[-90.54216,19.81784],[-90.54239,19.81792],[-90.54252,19.81774],[-90.54255,19.81763],[-90.54332,19.81791],[-90.54351,19.81799],[-90.54376,19.81711],[-90.54424,19.81725],[-90.54483,19.81744],[-90.54587,19.81782],[-90.54594,19.81784],[-90.54621,19.81687],[-90.5462,19.81687],[-90.54651,19.81595],[-90.54652,19.81593],[-90.54658,19.81534],[-90.54667,19.81514],[-90.54685,19.81479],[-90.54725,19.81387],[-90.54668,19.81353],[-90.5464,19.81335],[-90.54626,19.81322],[-90.54626,19.81322],[-90.54626,19.81322],[-90.54625,19.81318],[-90.54621,19.81301],[-90.54602,19.81228],[-90.54599,19.81222],[-90.54567,19.81198],[-90.54557,19.81193],[-90.54541,19.81183],[-90.54524,19.81176],[-90.54505,19.81168],[-90.54496,19.81163],[-90.54487,19.81157],[-90.54473,19.81145],[-90.5445,19.81127],[-90.54415,19.81239],[-90.54409,19.81271],[-90.54396,19.8131],[-90.54381,19.81351],[-90.54363,19.814],[-90.54364,19.81406],[-90.54351,19.8144],[-90.54344,19.8146],[-90.54261,19.81432],[-90.54231,19.81487],[-90.54227,19.81495],[-90.5421,19.81498],[-90.54208,19.81499],[-90.5416,19.81508],[-90.54149,19.8151],[-90.54107,19.81519],[-90.54091,19.81523],[-90.54063,19.81526],[-90.54034,19.8153],[-90.5408,19.81614],[-90.54084,19.81622],[-90.54085,19.81628],[-90.54084,19.81632],[-90.54083,19.81637],[-90.54079,19.81646],[-90.54076,19.81652],[-90.54066,19.81667],[-90.54062,19.81674],[-90.54061,19.81675],[-90.54061,19.81677],[-90.5406,19.81679],[-90.54059,19.81681],[-90.54059,19.81682],[-90.54058,19.81684],[-90.54058,19.81686],[-90.54057,19.81688],[-90.54057,19.8169],[-90.54057,19.81692],[-90.54057,19.81693],[-90.54057,19.81694],[-90.54057,19.81696],[-90.54058,19.81698],[-90.54059,19.81712],[-90.54059,19.81713],[-90.54061,19.81716],[-90.54065,19.81722],[-90.54067,19.81726],[-90.54083,19.81733],[-90.54105,19.81742],[-90.54133,19.81752],[-90.54155,19.81761]]]}},{"type":"Feature","properties":{"cvegeo":"0400200011730","cve_ent":"04","fuente":"INEGI — Marco Geoestadístico 2024","fecha_corte":"2024-08","cve_mun":"04002","cve_ageb":"1730","cve_loc":"0001"},"geometry":{"type":"Polygon","coordinates":[[[-90.51836,19.83838],[-90.51789,19.83873],[-90.51829,19.83896],[-90.5185,19.83926],[-90.51859,19.83929],[-90.51865,19.83992],[-90.51866,19.8402],[-90.51888,19.84184],[-90.51896,19.84291],[-90.51982,19.84298],[-90.52106,19.84303],[-90.52159,19.84305],[-90.52207,19.84306],[-90.52303,19.8431],[-90.52323,19.8431],[-90.52555,19.8432],[-90.52614,19.84321],[-90.52678,19.84324],[-90.52744,19.84327],[-90.52831,19.8433],[-90.52816,19.84307],[-90.52807,19.84293],[-90.52798,19.84273],[-90.52785,19.84238],[-90.52779,19.84217],[-90.52775,19.84212],[-90.52769,19.84152],[-90.52764,19.84109],[-90.5276,19.84079],[-90.5276,19.84063],[-90.52781,19.8399],[-90.5279,19.83953],[-90.5279,19.83948],[-90.52795,19.83915],[-90.52724,19.83905],[-90.527,19.83902],[-90.52652,19.83899],[-90.52621,19.83891],[-90.5257,19.83881],[-90.5249,19.83873],[-90.52447,19.83866],[-90.52401,19.83859],[-90.52275,19.83841],[-90.5228,19.83812],[-90.52286,19.83781],[-90.5229,19.83757],[-90.52294,19.83736],[-90.52304,19.83668],[-90.52242,19.83656],[-90.52228,19.83645],[-90.52186,19.83597],[-90.52182,19.83599],[-90.5209,19.83662],[-90.51966,19.83748],[-90.51906,19.8379],[-90.51836,19.83838]]]}},{"type":"Feature","properties":{"cvegeo":"0400200011764","cve_ent":"04","fuente":"INEGI — Marco Geoestadístico 2024","fecha_corte":"2024-08","cve_mun":"04002","cve_ageb":"1764","cve_loc":"0001"},"geometry":{"type":"Polygon","coordinates":[[[-90.4855,19.84703],[-90.48631,19.84762],[-90.4866,19.84726],[-90.4868,19.847],[-90.48688,19.84689],[-90.48719,19.84653],[-90.48748,19.84619],[-90.48751,19.84615],[-90.48747,19.84612],[-90.48702,19.84578],[-90.48674,19.84557],[-90.48672,19.84555],[-90.48697,19.84523],[-90.48701,19.84517],[-90.48682,19.84503],[-90.48631,19.84466],[-90.4857,19.84421],[-90.48534,19.84457],[-90.485,19.84491],[-90.48467,19.84524],[-90.48463,19.84528],[-90.48432,19.84557],[-90.48399,19.8459],[-90.48468,19.84642],[-90.4855,19.84703]]]}},{"type":"Feature","properties":{"cvegeo":"0400200011976","cve_ent":"04","fuente":"INEGI — Marco Geoestadístico 2024","fecha_corte":"2024-08","cve_mun":"04002","cve_ageb":"1976","cve_loc":"0001"},"geometry":{"type":"Polygon","coordinates":[[[-90.486,19.85181],[-90.48628,19.85188],[-90.4867,19.85201],[-90.48772,19.85236],[-90.48778,19.85236],[-90.48788,19.85237],[-90.488,19.85237],[-90.48821,19.85237],[-90.48832,19.85237],[-90.48853,19.85234],[-90.48867,19.8523],[-90.48925,19.85195],[-90.48965,19.85171],[-90.49005,19.85145],[-90.49019,19.85137],[-90.49077,19.85099],[-90.49092,19.85089],[-90.4911,19.85078],[-90.49132,19.85063],[-90.4917,19.8504],[-90.49172,19.85039],[-90.49184,19.8503],[-90.49211,19.85013],[-90.49244,19.84991],[-90.49248,19.84989],[-90.49251,19.84987],[-90.49223,19.84945],[-90.492,19.84907],[-90.4917,19.84863],[-90.49155,19.84849],[-90.49143,19.84841],[-90.49118,19.84823],[-90.49089,19.84802],[-90.49104,19.84754],[-90.49106,19.84745],[-90.49109,19.84713],[-90.49108,19.84703],[-90.49104,19.84697],[-90.49082,19.84681],[-90.49042,19.84651],[-90.49009,19.84627],[-90.48957,19.84588],[-90.48923,19.84564],[-90.48951,19.8453],[-90.48962,19.84514],[-90.48967,19.84496],[-90.48965,19.84494],[-90.48938,19.84473],[-90.48906,19.84448],[-90.48876,19.84425],[-90.48846,19.84403],[-90.48815,19.8438],[-90.4879,19.84411],[-90.48762,19.84444],[-90.48732,19.84481],[-90.48701,19.84517],[-90.48697,19.84523],[-90.48672,19.84555],[-90.48674,19.84557],[-90.48702,19.84578],[-90.48747,19.84612],[-90.48751,19.84615],[-90.48748,19.84619],[-90.48719,19.84653],[-90.48688,19.84689],[-90.4868,19.847],[-90.4866,19.84726],[-90.48631,19.84762],[-90.4855,19.84703],[-90.48533,19.84723],[-90.48521,19.84738],[-90.48491,19.84774],[-90.48461,19.8481],[-90.48431,19.84846],[-90.48406,19.84875],[-90.48401,19.84881],[-90.48371,19.84917],[-90.48342,19.84954],[-90.48312,19.8499],[-90.48283,19.85025],[-90.4818,19.8515],[-90.48184,19.85152],[-90.48195,19.8516],[-90.48214,19.85165],[-90.48236,19.85172],[-90.48276,19.85181],[-90.48298,19.85183],[-90.48345,19.85183],[-90.48399,19.85179],[-90.48422,19.85177],[-90.48447,19.85177],[-90.48474,19.85174],[-90.48512,19.85174],[-90.48573,19.85177],[-90.486,19.85181]]]}},{"type":"Feature","properties":{"cvegeo":"0400200012156","cve_ent":"04","fuente":"INEGI — Marco Geoestadístico 2024","fecha_corte":"2024-08","cve_mun":"04002","cve_ageb":"2156","cve_loc":"0001"},"geometry":{"type":"Polygon","coordinates":[[[-90.49686,19.85012],[-90.4971,19.85016],[-90.49711,19.85022],[-90.49717,19.8503],[-90.49729,19.85048],[-90.49747,19.85066],[-90.49762,19.85082],[-90.49771,19.85086],[-90.49801,19.85119],[-90.49822,19.8514],[-90.49834,19.85149],[-90.49851,19.85169],[-90.4987,19.85188],[-90.49877,19.85195],[-90.49892,19.85207],[-90.49921,19.85218],[-90.49938,19.8522],[-90.49974,19.85216],[-90.49997,19.85209],[-90.50034,19.85199],[-90.50073,19.85181],[-90.50093,19.85165],[-90.50117,19.85146],[-90.50122,19.85142],[-90.50184,19.85088],[-90.50194,19.85079],[-90.50177,19.85021],[-90.50147,19.8503],[-90.5014,19.85006],[-90.50126,19.84964],[-90.50128,19.84963],[-90.50088,19.84861],[-90.50062,19.84826],[-90.50026,19.84768],[-90.50023,19.84765],[-90.50007,19.8477],[-90.49966,19.84782],[-90.49947,19.84788],[-90.49904,19.848],[-90.49901,19.84801],[-90.49874,19.84809],[-90.49864,19.84813],[-90.49853,19.84816],[-90.49849,19.84817],[-90.49837,19.84818],[-90.49836,19.84818],[-90.49793,19.84817],[-90.49792,19.84822],[-90.49756,19.84819],[-90.49733,19.84887],[-90.49704,19.84963],[-90.49686,19.85012]]]}},{"type":"Feature","properties":{"cvegeo":"0400200012279","cve_ent":"04","fuente":"INEGI — Marco Geoestadístico 2024","fecha_corte":"2024-08","cve_mun":"04002","cve_ageb":"2279","cve_loc":"0001"},"geometry":{"type":"Polygon","coordinates":[[[-90.49006,19.80636],[-90.49038,19.80757],[-90.49042,19.80769],[-90.49089,19.80758],[-90.49093,19.80757],[-90.49094,19.80756],[-90.49081,19.80705],[-90.49061,19.80629],[-90.4906,19.80625],[-90.49058,19.80625],[-90.49055,19.80626],[-90.49017,19.80633],[-90.49006,19.80636]]]}},{"type":"Feature","properties":{"cvegeo":"0400200011872","cve_ent":"04","fuente":"INEGI — Marco Geoestadístico 2024","fecha_corte":"2024-08","cve_mun":"04002","cve_ageb":"1872","cve_loc":"0001"},"geometry":{"type":"Polygon","coordinates":[[[-90.48442,19.83539],[-90.48485,19.83556],[-90.48531,19.83575],[-90.48576,19.83592],[-90.48608,19.83547],[-90.48646,19.83571],[-90.48692,19.83505],[-90.48741,19.83489],[-90.4877,19.8348],[-90.48806,19.83468],[-90.48824,19.83513],[-90.4884,19.83547],[-90.48847,19.83545],[-90.48882,19.83531],[-90.48904,19.8352],[-90.48922,19.83504],[-90.48942,19.83476],[-90.4896,19.83442],[-90.48984,19.83395],[-90.48986,19.83392],[-90.49019,19.83324],[-90.49045,19.83277],[-90.49064,19.83261],[-90.49104,19.83244],[-90.49097,19.83224],[-90.49109,19.83217],[-90.49046,19.83112],[-90.48986,19.8319],[-90.48934,19.83257],[-90.48908,19.83283],[-90.48872,19.83324],[-90.48848,19.83348],[-90.48836,19.83361],[-90.48813,19.83371],[-90.4874,19.83395],[-90.4871,19.83405],[-90.4875,19.83349],[-90.48712,19.83323],[-90.48673,19.83297],[-90.48633,19.83271],[-90.48616,19.83259],[-90.48595,19.83246],[-90.48555,19.83221],[-90.48515,19.83195],[-90.48468,19.83263],[-90.48444,19.83295],[-90.4842,19.83328],[-90.48391,19.83368],[-90.48369,19.83395],[-90.48339,19.83439],[-90.48302,19.83494],[-90.48306,19.83495],[-90.48335,19.83502],[-90.4835,19.83504],[-90.48395,19.83521],[-90.48442,19.83539]]]}},{"type":"Feature","properties":{"cvegeo":"040020001200A","cve_ent":"04","fuente":"INEGI — Marco Geoestadístico 2024","fecha_corte":"2024-08","cve_mun":"04002","cve_ageb":"200A","cve_loc":"0001"},"geometry":{"type":"Polygon","coordinates":[[[-90.49646,19.85944],[-90.49604,19.85938],[-90.49596,19.85989],[-90.49588,19.86035],[-90.49575,19.86094],[-90.4955,19.86185],[-90.49549,19.86189],[-90.49522,19.8628],[-90.49519,19.86279],[-90.49505,19.86339],[-90.49532,19.86353],[-90.49557,19.86366],[-90.49603,19.86392],[-90.49647,19.86428],[-90.49657,19.86439],[-90.49675,19.86468],[-90.49699,19.86505],[-90.49721,19.86545],[-90.49758,19.86518],[-90.49777,19.86506],[-90.49784,19.86523],[-90.49838,19.8651],[-90.49816,19.86424],[-90.4979,19.8632],[-90.49763,19.86213],[-90.49809,19.86203],[-90.49773,19.86053],[-90.49765,19.86009],[-90.49761,19.85988],[-90.49721,19.85978],[-90.49656,19.8596],[-90.49652,19.85949],[-90.49646,19.85944]]]}},{"type":"Feature","properties":{"cvegeo":"0400200012052","cve_ent":"04","fuente":"INEGI — Marco Geoestadístico 2024","fecha_corte":"2024-08","cve_mun":"04002","cve_ageb":"2052","cve_loc":"0001"},"geometry":{"type":"Polygon","coordinates":[[[-90.49704,19.83107],[-90.49724,19.83113],[-90.49741,19.83121],[-90.49747,19.83126],[-90.49754,19.83133],[-90.4976,19.8314],[-90.4977,19.83156],[-90.49781,19.83179],[-90.49799,19.8321],[-90.49828,19.83265],[-90.49832,19.83273],[-90.49842,19.83289],[-90.49859,19.8331],[-90.49956,19.83127],[-90.4996,19.83119],[-90.49974,19.83091],[-90.49985,19.83069],[-90.50031,19.82969],[-90.50108,19.82819],[-90.50083,19.82783],[-90.50025,19.82697],[-90.49861,19.82448],[-90.49932,19.8239],[-90.4973,19.81613],[-90.49679,19.81418],[-90.4946,19.80581],[-90.4929,19.79929],[-90.49154,19.79409],[-90.49152,19.79399],[-90.49146,19.79387],[-90.49108,19.79403],[-90.49075,19.79422],[-90.49066,19.79426],[-90.49041,19.79439],[-90.49031,19.79445],[-90.49019,19.79453],[-90.48996,19.7947],[-90.48974,19.79487],[-90.48974,19.79488],[-90.48973,19.79489],[-90.4894,19.79526],[-90.48925,19.79544],[-90.48909,19.79564],[-90.4889,19.79596],[-90.48875,19.79629],[-90.48857,19.79675],[-90.48827,19.79743],[-90.48803,19.79798],[-90.48782,19.79867],[-90.48768,19.79899],[-90.48774,19.79906],[-90.4878,19.79913],[-90.48895,19.80041],[-90.489,19.80049],[-90.48905,19.80056],[-90.48908,19.80062],[-90.48915,19.8008],[-90.48924,19.80104],[-90.48937,19.80149],[-90.48939,19.80155],[-90.48938,19.80155],[-90.48936,19.80156],[-90.48935,19.80156],[-90.48934,19.80157],[-90.48933,19.80157],[-90.48932,19.80158],[-90.48931,19.80159],[-90.4893,19.8016],[-90.48929,19.80161],[-90.48928,19.80162],[-90.48928,19.80162],[-90.48927,19.80163],[-90.48926,19.80165],[-90.48925,19.80166],[-90.48925,19.80167],[-90.48924,19.80168],[-90.48924,19.80169],[-90.48924,19.8017],[-90.48923,19.80171],[-90.48923,19.80172],[-90.48923,19.80174],[-90.48923,19.80175],[-90.48923,19.80176],[-90.48923,19.80177],[-90.48923,19.80179],[-90.48923,19.8018],[-90.48923,19.80181],[-90.48923,19.80182],[-90.48924,19.80183],[-90.48924,19.80184],[-90.48925,19.80186],[-90.48925,19.80187],[-90.48926,19.80188],[-90.48926,19.80189],[-90.48927,19.8019],[-90.48928,19.80191],[-90.48929,19.80192],[-90.4893,19.80193],[-90.4893,19.80193],[-90.48931,19.80194],[-90.48932,19.80195],[-90.48933,19.80196],[-90.48935,19.80196],[-90.48936,19.80197],[-90.48937,19.80197],[-90.48938,19.80198],[-90.48939,19.80198],[-90.4894,19.80199],[-90.48942,19.80199],[-90.48943,19.80199],[-90.48944,19.80199],[-90.48946,19.802],[-90.48948,19.802],[-90.48949,19.802],[-90.48951,19.80199],[-90.48952,19.80206],[-90.48962,19.80248],[-90.48978,19.80305],[-90.48981,19.80314],[-90.48986,19.80337],[-90.48987,19.80338],[-90.48987,19.80339],[-90.48987,19.80339],[-90.48987,19.8034],[-90.48988,19.80341],[-90.48991,19.80353],[-90.49025,19.80488],[-90.49039,19.80546],[-90.49043,19.80559],[-90.4906,19.80625],[-90.49061,19.80629],[-90.49081,19.80705],[-90.49094,19.80756],[-90.49102,19.80784],[-90.49105,19.80792],[-90.49109,19.808],[-90.49115,19.80808],[-90.4912,19.80813],[-90.49128,19.80823],[-90.49157,19.80855],[-90.49164,19.80864],[-90.49173,19.80874],[-90.49175,19.80876],[-90.492,19.80905],[-90.49212,19.80919],[-90.49221,19.80931],[-90.49226,19.8094],[-90.4923,19.80949],[-90.49234,19.80961],[-90.49242,19.80992],[-90.49274,19.81113],[-90.49306,19.81233],[-90.49321,19.81292],[-90.49332,19.81332],[-90.49331,19.81332],[-90.4933,19.81332],[-90.49329,19.81333],[-90.49327,19.81334],[-90.49326,19.81334],[-90.49325,19.81335],[-90.49324,19.81335],[-90.49323,19.81336],[-90.49322,19.81338],[-90.49321,19.81339],[-90.4932,19.8134],[-90.49319,19.81341],[-90.49319,19.81342],[-90.49318,19.81343],[-90.49317,19.81344],[-90.49317,19.81345],[-90.49317,19.81346],[-90.49316,19.81347],[-90.49316,19.81348],[-90.49316,19.81349],[-90.49315,19.81351],[-90.49315,19.81352],[-90.49315,19.81353],[-90.49315,19.81354],[-90.49315,19.81355],[-90.49315,19.81356],[-90.49316,19.81358],[-90.49316,19.81359],[-90.49316,19.8136],[-90.49317,19.81361],[-90.49317,19.81362],[-90.49318,19.81363],[-90.49318,19.81364],[-90.49319,19.81365],[-90.4932,19.81366],[-90.4932,19.81367],[-90.49321,19.81368],[-90.49322,19.81369],[-90.49323,19.8137],[-90.49324,19.81371],[-90.49325,19.81371],[-90.49326,19.81372],[-90.49327,19.81373],[-90.49328,19.81373],[-90.49329,19.81374],[-90.4933,19.81374],[-90.49331,19.81375],[-90.49333,19.81375],[-90.49334,19.81375],[-90.49335,19.81376],[-90.49336,19.81376],[-90.49337,19.81376],[-90.4934,19.81376],[-90.49341,19.81376],[-90.49342,19.81376],[-90.49344,19.81375],[-90.49345,19.81375],[-90.49346,19.81375],[-90.49356,19.81414],[-90.49361,19.81458],[-90.49362,19.81471],[-90.49359,19.81492],[-90.49353,19.81512],[-90.49347,19.81524],[-90.49338,19.81536],[-90.49245,19.8166],[-90.49236,19.81671],[-90.49227,19.81684],[-90.4918,19.81747],[-90.49168,19.81774],[-90.49162,19.81798],[-90.49158,19.81824],[-90.49158,19.81848],[-90.49162,19.81869],[-90.49168,19.81894],[-90.49219,19.82098],[-90.49231,19.82147],[-90.49235,19.82162],[-90.49283,19.82354],[-90.4931,19.82492],[-90.49331,19.82569],[-90.49336,19.82586],[-90.49393,19.82786],[-90.49416,19.8287],[-90.49441,19.82928],[-90.49449,19.82939],[-90.49464,19.82954],[-90.49466,19.82956],[-90.49491,19.82974],[-90.495,19.8298],[-90.49527,19.83],[-90.49546,19.83014],[-90.49609,19.83063],[-90.49644,19.8309],[-90.49656,19.83102],[-90.49657,19.83101],[-90.49657,19.83101],[-90.49657,19.83101],[-90.49658,19.831],[-90.49658,19.831],[-90.49658,19.831],[-90.49659,19.831],[-90.49659,19.83099],[-90.4966,19.83099],[-90.4966,19.83099],[-90.49661,19.83099],[-90.49661,19.83099],[-90.49661,19.83098],[-90.49662,19.83098],[-90.49662,19.83098],[-90.49663,19.83098],[-90.49663,19.83098],[-90.49664,19.83098],[-90.49664,19.83098],[-90.49665,19.83098],[-90.49665,19.83098],[-90.49666,19.83098],[-90.49666,19.83099],[-90.49667,19.83099],[-90.49667,19.83099],[-90.49668,19.83099],[-90.49668,19.83099],[-90.49668,19.83099],[-90.49669,19.831],[-90.49669,19.831],[-90.4967,19.831],[-90.4967,19.83101],[-90.4967,19.83101],[-90.49671,19.83101],[-90.49671,19.83102],[-90.49671,19.83102],[-90.49672,19.83102],[-90.49672,19.83103],[-90.49672,19.83103],[-90.49672,19.83104],[-90.49672,19.83104],[-90.49673,19.83104],[-90.49673,19.83105],[-90.49673,19.83105],[-90.49673,19.83106],[-90.49673,19.83106],[-90.49673,19.83107],[-90.49694,19.83105],[-90.49704,19.83107]]]}},{"type":"Feature","properties":{"cvegeo":"0400200012067","cve_ent":"04","fuente":"INEGI — Marco Geoestadístico 2024","fecha_corte":"2024-08","cve_mun":"04002","cve_ageb":"2067","cve_loc":"0001"},"geometry":{"type":"Polygon","coordinates":[[[-90.47866,19.85407],[-90.47865,19.85409],[-90.4786,19.85424],[-90.47853,19.85445],[-90.47842,19.85478],[-90.47842,19.85478],[-90.4784,19.85479],[-90.47806,19.85495],[-90.47791,19.85503],[-90.47781,19.85509],[-90.47781,19.85509],[-90.47781,19.8551],[-90.47785,19.85517],[-90.47767,19.85565],[-90.47898,19.85595],[-90.48014,19.85623],[-90.48019,19.85611],[-90.48019,19.85611],[-90.48033,19.85575],[-90.48045,19.85543],[-90.48051,19.85525],[-90.48053,19.85521],[-90.48061,19.85496],[-90.48069,19.85475],[-90.48079,19.8545],[-90.48079,19.8545],[-90.48077,19.8545],[-90.47866,19.85406],[-90.47866,19.85407]]]}},{"type":"Feature","properties":{"cvegeo":"0400200012245","cve_ent":"04","fuente":"INEGI — Marco Geoestadístico 2024","fecha_corte":"2024-08","cve_mun":"04002","cve_ageb":"2245","cve_loc":"0001"},"geometry":{"type":"Polygon","coordinates":[[[-90.55538,19.81462],[-90.55554,19.81465],[-90.55603,19.81477],[-90.55604,19.81477],[-90.55605,19.81477],[-90.55639,19.8134],[-90.55635,19.81339],[-90.55597,19.81328],[-90.55597,19.81328],[-90.55594,19.81336],[-90.55594,19.81336],[-90.55528,19.81319],[-90.55528,19.81319],[-90.55516,19.81361],[-90.55502,19.81403],[-90.55489,19.81451],[-90.55538,19.81462]]]}},{"type":"Feature","properties":{"cvegeo":"0400200010041","cve_ent":"04","fuente":"INEGI — Marco Geoestadístico 2024","fecha_corte":"2024-08","cve_mun":"04002","cve_ageb":"0041","cve_loc":"0001"},"geometry":{"type":"Polygon","coordinates":[[[-90.54225,19.84548],[-90.54232,19.84542],[-90.54232,19.84542],[-90.54237,19.84538],[-90.54242,19.84534],[-90.54242,19.84533],[-90.54247,19.84529],[-90.54247,19.84529],[-90.54252,19.84525],[-90.54252,19.84525],[-90.54256,19.8452],[-90.54256,19.8452],[-90.5426,19.84516],[-90.54265,19.84511],[-90.54269,19.84507],[-90.54273,19.84502],[-90.54278,19.84498],[-90.54278,19.84498],[-90.54282,19.84493],[-90.54286,19.84489],[-90.54286,19.84489],[-90.54291,19.84485],[-90.54291,19.84485],[-90.54295,19.84481],[-90.543,19.84477],[-90.543,19.84477],[-90.54304,19.84474],[-90.54309,19.84471],[-90.54314,19.84468],[-90.54318,19.84465],[-90.54324,19.84464],[-90.5433,19.84463],[-90.54335,19.84462],[-90.54338,19.84461],[-90.54342,19.8446],[-90.54348,19.84458],[-90.54354,19.84456],[-90.54359,19.84453],[-90.54363,19.8445],[-90.54366,19.84447],[-90.54366,19.84447],[-90.54368,19.84445],[-90.54368,19.84445],[-90.54371,19.84442],[-90.54374,19.84438],[-90.54378,19.84434],[-90.5438,19.84428],[-90.54383,19.84423],[-90.54385,19.84418],[-90.54387,19.84412],[-90.54389,19.84407],[-90.5439,19.84401],[-90.54392,19.84396],[-90.54395,19.84389],[-90.54398,19.84385],[-90.54401,19.84383],[-90.54401,19.84383],[-90.54402,19.84381],[-90.54402,19.84381],[-90.54402,19.84381],[-90.54406,19.84377],[-90.5441,19.84373],[-90.54414,19.84369],[-90.54418,19.84365],[-90.54418,19.84365],[-90.54422,19.84361],[-90.54422,19.84361],[-90.54424,19.84359],[-90.54424,19.84359],[-90.54431,19.84353],[-90.54431,19.84353],[-90.54431,19.84353],[-90.54452,19.84335],[-90.54452,19.84335],[-90.54465,19.84323],[-90.54465,19.84322],[-90.54465,19.84322],[-90.54472,19.84315],[-90.54485,19.84302],[-90.54498,19.84289],[-90.54498,19.84289],[-90.54526,19.84264],[-90.54526,19.84264],[-90.54533,19.84258],[-90.54541,19.84253],[-90.54549,19.84249],[-90.54557,19.84244],[-90.54566,19.8424],[-90.54574,19.84236],[-90.54583,19.84233],[-90.54592,19.8423],[-90.54601,19.84226],[-90.54609,19.84221],[-90.54616,19.84215],[-90.54623,19.84209],[-90.54623,19.84209],[-90.54629,19.84201],[-90.54634,19.84191],[-90.54637,19.84181],[-90.54641,19.84171],[-90.54645,19.84162],[-90.54649,19.84154],[-90.54654,19.84146],[-90.5466,19.84139],[-90.54666,19.84132],[-90.54673,19.84125],[-90.54673,19.84125],[-90.54679,19.84118],[-90.54686,19.84112],[-90.54686,19.84112],[-90.54693,19.84106],[-90.54693,19.84106],[-90.547,19.841],[-90.54707,19.84094],[-90.54714,19.84088],[-90.54714,19.84088],[-90.54724,19.84079],[-90.54724,19.84079],[-90.54719,19.84074],[-90.54715,19.84071],[-90.54707,19.84064],[-90.54705,19.84062],[-90.547,19.84057],[-90.54698,19.84055],[-90.54696,19.84053],[-90.54689,19.84047],[-90.54689,19.84046],[-90.54673,19.84028],[-90.5465,19.83993],[-90.54632,19.83966],[-90.54619,19.83947],[-90.54601,19.83921],[-90.546,19.8392],[-90.54613,19.83912],[-90.54629,19.83902],[-90.54639,19.83896],[-90.54641,19.83894],[-90.54644,19.83892],[-90.54612,19.8383],[-90.54605,19.83817],[-90.54598,19.83806],[-90.5458,19.8378],[-90.54577,19.83777],[-90.54508,19.83671],[-90.54442,19.83563],[-90.54434,19.83552],[-90.54409,19.83518],[-90.54365,19.83542],[-90.54338,19.83557],[-90.54297,19.83579],[-90.54235,19.83613],[-90.54179,19.83644],[-90.54121,19.83677],[-90.54071,19.83704],[-90.5406,19.8371],[-90.54021,19.83732],[-90.54002,19.83742],[-90.53949,19.83783],[-90.53945,19.83787],[-90.53942,19.83791],[-90.53935,19.83803],[-90.53919,19.83829],[-90.53902,19.83858],[-90.53879,19.83895],[-90.53859,19.83931],[-90.53856,19.83938],[-90.5385,19.83949],[-90.53849,19.8395],[-90.53828,19.83971],[-90.53825,19.83974],[-90.53825,19.83975],[-90.53818,19.83979],[-90.53818,19.83979],[-90.53819,19.8398],[-90.53819,19.83981],[-90.53819,19.83981],[-90.53819,19.83982],[-90.5382,19.83983],[-90.5382,19.83984],[-90.5382,19.83985],[-90.5382,19.83985],[-90.5382,19.83986],[-90.5382,19.83987],[-90.5382,19.83988],[-90.5382,19.83989],[-90.53819,19.83989],[-90.53819,19.8399],[-90.53819,19.83991],[-90.53819,19.83992],[-90.53818,19.83992],[-90.53818,19.83993],[-90.53818,19.83994],[-90.53817,19.83994],[-90.53817,19.83995],[-90.53816,19.83996],[-90.53816,19.83996],[-90.53815,19.83997],[-90.53814,19.83997],[-90.53814,19.83998],[-90.53813,19.83998],[-90.53812,19.83999],[-90.53812,19.83999],[-90.53811,19.84],[-90.5381,19.84],[-90.53809,19.84],[-90.53809,19.84],[-90.53808,19.84001],[-90.53807,19.84001],[-90.53806,19.84001],[-90.53805,19.84001],[-90.53804,19.84001],[-90.53804,19.84001],[-90.53803,19.84001],[-90.53802,19.84001],[-90.53801,19.84001],[-90.538,19.84001],[-90.53799,19.84001],[-90.53799,19.84],[-90.53798,19.84],[-90.53797,19.84],[-90.53796,19.83999],[-90.53796,19.83999],[-90.53795,19.83999],[-90.53794,19.83998],[-90.53845,19.84046],[-90.53879,19.84061],[-90.5392,19.84075],[-90.53921,19.84085],[-90.53921,19.84094],[-90.54003,19.84133],[-90.54018,19.84141],[-90.54021,19.84144],[-90.54023,19.84146],[-90.54024,19.84147],[-90.54026,19.84149],[-90.54029,19.84151],[-90.54031,19.84154],[-90.54033,19.84157],[-90.54036,19.84159],[-90.54037,19.84162],[-90.54039,19.84165],[-90.54041,19.84168],[-90.54042,19.8417],[-90.54042,19.84172],[-90.54043,19.84175],[-90.54046,19.84183],[-90.54057,19.84179],[-90.54056,19.84191],[-90.54059,19.84279],[-90.54063,19.8437],[-90.54086,19.84421],[-90.54092,19.84436],[-90.54097,19.84449],[-90.54097,19.84457],[-90.54096,19.84465],[-90.54093,19.84474],[-90.54092,19.84476],[-90.5409,19.8448],[-90.54091,19.8448],[-90.54095,19.84482],[-90.54117,19.84493],[-90.54123,19.84496],[-90.54129,19.845],[-90.54136,19.84504],[-90.54154,19.84514],[-90.5417,19.84523],[-90.54175,19.84526],[-90.54195,19.84536],[-90.54202,19.84541],[-90.54217,19.84542],[-90.54225,19.84548]]]}},{"type":"Feature","properties":{"cvegeo":"0400200011656","cve_ent":"04","fuente":"INEGI — Marco Geoestadístico 2024","fecha_corte":"2024-08","cve_mun":"04002","cve_ageb":"1656","cve_loc":"0001"},"geometry":{"type":"Polygon","coordinates":[[[-90.51781,19.82493],[-90.51794,19.82517],[-90.51803,19.82529],[-90.51804,19.82547],[-90.51808,19.82561],[-90.51816,19.82575],[-90.5183,19.82583],[-90.51879,19.82612],[-90.51885,19.82617],[-90.51902,19.82631],[-90.51931,19.8265],[-90.51934,19.82652],[-90.51946,19.82661],[-90.5195,19.82669],[-90.51959,19.827],[-90.51962,19.8271],[-90.51964,19.82728],[-90.51967,19.82737],[-90.51973,19.82748],[-90.51985,19.82756],[-90.52004,19.82762],[-90.5203,19.82786],[-90.52046,19.82796],[-90.52051,19.82798],[-90.52067,19.82805],[-90.52096,19.8281],[-90.52126,19.82815],[-90.52139,19.82823],[-90.52146,19.82828],[-90.52151,19.82833],[-90.5216,19.82842],[-90.52184,19.82867],[-90.52185,19.82868],[-90.52208,19.82899],[-90.52216,19.82908],[-90.52218,19.82909],[-90.52223,19.82914],[-90.52223,19.82915],[-90.52244,19.82931],[-90.52246,19.82932],[-90.52256,19.82941],[-90.52258,19.82943],[-90.52271,19.82956],[-90.52285,19.82967],[-90.52286,19.82952],[-90.52287,19.82939],[-90.5229,19.82923],[-90.52309,19.82887],[-90.52329,19.82849],[-90.5234,19.82824],[-90.52343,19.8281],[-90.52336,19.82795],[-90.5233,19.82779],[-90.52323,19.82768],[-90.52291,19.82743],[-90.52292,19.82726],[-90.52299,19.82707],[-90.52343,19.82659],[-90.52344,19.82652],[-90.52337,19.82627],[-90.52356,19.82617],[-90.52372,19.82607],[-90.52387,19.82586],[-90.52394,19.82558],[-90.52439,19.82493],[-90.52445,19.82488],[-90.52431,19.82484],[-90.52438,19.82405],[-90.52437,19.82404],[-90.52427,19.82398],[-90.52411,19.82396],[-90.52405,19.82398],[-90.52399,19.824],[-90.5239,19.82405],[-90.52379,19.82413],[-90.52378,19.82414],[-90.52372,19.82423],[-90.52369,19.82427],[-90.52367,19.82429],[-90.52359,19.82434],[-90.5235,19.82436],[-90.52342,19.82436],[-90.52301,19.82443],[-90.52297,19.82443],[-90.52297,19.82492],[-90.52297,19.82496],[-90.52265,19.82498],[-90.52229,19.82495],[-90.52221,19.82492],[-90.52206,19.8249],[-90.52205,19.8249],[-90.52198,19.82512],[-90.52198,19.82513],[-90.52198,19.82516],[-90.52152,19.82504],[-90.52093,19.82487],[-90.52095,19.82446],[-90.52083,19.82443],[-90.52009,19.82451],[-90.51942,19.82456],[-90.51923,19.82457],[-90.51839,19.8245],[-90.51792,19.82443],[-90.51788,19.82442],[-90.51787,19.8245],[-90.51785,19.82455],[-90.51783,19.82461],[-90.51781,19.82471],[-90.5178,19.82482],[-90.51781,19.82493]]]}},{"type":"Feature","properties":{"cvegeo":"0400200011637","cve_ent":"04","fuente":"INEGI — Marco Geoestadístico 2024","fecha_corte":"2024-08","cve_mun":"04002","cve_ageb":"1637","cve_loc":"0001"},"geometry":{"type":"Polygon","coordinates":[[[-90.50577,19.85607],[-90.50611,19.85631],[-90.50625,19.85641],[-90.50642,19.85653],[-90.50656,19.85662],[-90.50697,19.85688],[-90.50701,19.85691],[-90.50732,19.85705],[-90.50759,19.85717],[-90.50798,19.85733],[-90.50819,19.85686],[-90.50824,19.85657],[-90.50829,19.85643],[-90.50837,19.85632],[-90.50867,19.85602],[-90.509,19.85571],[-90.50936,19.85537],[-90.50958,19.85515],[-90.50982,19.85487],[-90.51021,19.85443],[-90.51026,19.85438],[-90.51067,19.85391],[-90.51064,19.85389],[-90.51079,19.85373],[-90.51107,19.85343],[-90.5113,19.85324],[-90.51135,19.8532],[-90.5116,19.85303],[-90.51184,19.85283],[-90.51191,19.85272],[-90.51199,19.85257],[-90.5121,19.85229],[-90.51222,19.85201],[-90.51231,19.85181],[-90.51243,19.85152],[-90.51248,19.85135],[-90.51257,19.85104],[-90.5126,19.85066],[-90.51262,19.85041],[-90.51262,19.85031],[-90.51267,19.8501],[-90.5127,19.84994],[-90.51279,19.84955],[-90.51283,19.84934],[-90.51179,19.84936],[-90.51162,19.84931],[-90.51147,19.84927],[-90.51114,19.84913],[-90.51084,19.84901],[-90.51078,19.84923],[-90.51067,19.84965],[-90.51061,19.84979],[-90.51056,19.84991],[-90.51047,19.85013],[-90.51046,19.85017],[-90.51032,19.85065],[-90.5103,19.8507],[-90.50971,19.85053],[-90.50936,19.85041],[-90.50902,19.85031],[-90.50895,19.85028],[-90.50893,19.85031],[-90.50854,19.85131],[-90.50887,19.8512],[-90.50948,19.85104],[-90.50971,19.8517],[-90.50982,19.85221],[-90.50944,19.85229],[-90.50908,19.8524],[-90.50868,19.85278],[-90.50866,19.8528],[-90.50831,19.85312],[-90.50829,19.85315],[-90.5075,19.85387],[-90.50768,19.85401],[-90.50742,19.85429],[-90.5071,19.85463],[-90.50683,19.85491],[-90.50672,19.85502],[-90.50636,19.85539],[-90.50614,19.85565],[-90.5059,19.85593],[-90.50577,19.85607]]]}},{"type":"Feature","properties":{"cvegeo":"0400200011374","cve_ent":"04","fuente":"INEGI — Marco Geoestadístico 2024","fecha_corte":"2024-08","cve_mun":"04002","cve_ageb":"1374","cve_loc":"0001"},"geometry":{"type":"Polygon","coordinates":[[[-90.53489,19.83009],[-90.5352,19.83012],[-90.53537,19.83013],[-90.53555,19.83015],[-90.53567,19.83017],[-90.5358,19.83019],[-90.53607,19.83023],[-90.53639,19.83028],[-90.53671,19.83034],[-90.53676,19.83035],[-90.53677,19.83035],[-90.5368,19.83036],[-90.53718,19.83043],[-90.53771,19.83052],[-90.53806,19.83058],[-90.53837,19.83063],[-90.53858,19.83066],[-90.5386,19.83067],[-90.53882,19.83071],[-90.53887,19.83073],[-90.53899,19.83075],[-90.5392,19.83081],[-90.53922,19.83082],[-90.53937,19.83086],[-90.53958,19.83094],[-90.53975,19.83101],[-90.54003,19.83113],[-90.5403,19.83127],[-90.54028,19.83119],[-90.54025,19.83106],[-90.54024,19.83095],[-90.5402,19.83058],[-90.5402,19.83055],[-90.54022,19.83033],[-90.54025,19.82999],[-90.54028,19.82987],[-90.54058,19.82948],[-90.54103,19.82888],[-90.54126,19.82848],[-90.54137,19.82826],[-90.54143,19.82816],[-90.54152,19.82777],[-90.54157,19.82766],[-90.5417,19.82743],[-90.54185,19.82709],[-90.54198,19.82682],[-90.54214,19.82654],[-90.54194,19.8264],[-90.54152,19.8261],[-90.54102,19.82578],[-90.541,19.82574],[-90.54105,19.82555],[-90.54127,19.82468],[-90.54069,19.82461],[-90.54043,19.82464],[-90.54002,19.82468],[-90.53992,19.82468],[-90.53937,19.82468],[-90.53904,19.8247],[-90.53817,19.82476],[-90.53747,19.82482],[-90.53697,19.82484],[-90.53642,19.82487],[-90.53575,19.82489],[-90.53468,19.82494],[-90.5347,19.82503],[-90.53472,19.82524],[-90.53474,19.82542],[-90.53477,19.8257],[-90.5348,19.82597],[-90.53484,19.82629],[-90.53487,19.82665],[-90.53473,19.82666],[-90.53476,19.82689],[-90.53479,19.82719],[-90.53478,19.82741],[-90.53474,19.82808],[-90.53475,19.82864],[-90.53476,19.82896],[-90.53479,19.82922],[-90.53485,19.82977],[-90.53489,19.83009]]]}},{"type":"Feature","properties":{"cvegeo":"0400200011285","cve_ent":"04","fuente":"INEGI — Marco Geoestadístico 2024","fecha_corte":"2024-08","cve_mun":"04002","cve_ageb":"1285","cve_loc":"0001"},"geometry":{"type":"Polygon","coordinates":[[[-90.54434,19.83552],[-90.54442,19.83563],[-90.54508,19.83671],[-90.54577,19.83777],[-90.54578,19.83776],[-90.54589,19.83769],[-90.54595,19.83765],[-90.54621,19.83747],[-90.54679,19.83705],[-90.54687,19.837],[-90.54701,19.83692],[-90.54717,19.83682],[-90.54721,19.83679],[-90.54733,19.83672],[-90.5479,19.83636],[-90.54797,19.8363],[-90.54799,19.83629],[-90.5483,19.83607],[-90.54869,19.83582],[-90.549,19.83562],[-90.54906,19.83559],[-90.54913,19.83556],[-90.5494,19.83538],[-90.54965,19.83522],[-90.54994,19.83505],[-90.54991,19.83484],[-90.54991,19.83483],[-90.54987,19.83467],[-90.54987,19.83467],[-90.54988,19.83467],[-90.55002,19.8346],[-90.55034,19.83444],[-90.55079,19.83421],[-90.55099,19.83411],[-90.55107,19.83407],[-90.55106,19.83405],[-90.55105,19.83403],[-90.551,19.83391],[-90.55082,19.83348],[-90.55058,19.83302],[-90.55051,19.83292],[-90.5505,19.83289],[-90.5505,19.83289],[-90.54976,19.83288],[-90.54912,19.83283],[-90.54897,19.83282],[-90.54894,19.83273],[-90.54893,19.8327],[-90.54884,19.8327],[-90.54853,19.83283],[-90.54778,19.83284],[-90.54742,19.83283],[-90.54704,19.83283],[-90.54684,19.83282],[-90.54595,19.83281],[-90.54419,19.83278],[-90.54419,19.83278],[-90.54419,19.83278],[-90.54375,19.83275],[-90.54374,19.83274],[-90.54372,19.83274],[-90.54369,19.83273],[-90.54366,19.83273],[-90.54365,19.83273],[-90.54333,19.83267],[-90.54317,19.83263],[-90.54303,19.8326],[-90.54292,19.83257],[-90.54291,19.83257],[-90.54281,19.83254],[-90.5428,19.83254],[-90.54271,19.83251],[-90.54258,19.83247],[-90.54245,19.83242],[-90.54219,19.83231],[-90.54217,19.8323],[-90.54209,19.83226],[-90.54206,19.83225],[-90.54163,19.83203],[-90.54158,19.83201],[-90.54139,19.83189],[-90.54125,19.83182],[-90.54047,19.83137],[-90.54037,19.83131],[-90.54046,19.83148],[-90.5406,19.83193],[-90.5407,19.83211],[-90.5407,19.83212],[-90.54073,19.83216],[-90.54087,19.8324],[-90.54101,19.83265],[-90.54106,19.83275],[-90.54124,19.83305],[-90.54151,19.83348],[-90.54192,19.83417],[-90.54262,19.83524],[-90.54293,19.83573],[-90.54296,19.83578],[-90.54297,19.83579],[-90.54338,19.83557],[-90.54365,19.83542],[-90.54409,19.83518],[-90.54434,19.83552]]]}},{"type":"Feature","properties":{"cvegeo":"0400200772442","cve_ent":"04","fuente":"INEGI — Marco Geoestadístico 2024","fecha_corte":"2024-08","cve_mun":"04002","cve_ageb":"2442","cve_loc":"0077"},"geometry":{"type":"Polygon","coordinates":[[[-90.49066,19.77128],[-90.4907,19.77129],[-90.49073,19.7713],[-90.49077,19.77131],[-90.4908,19.77132],[-90.49081,19.77133],[-90.49085,19.77138],[-90.49089,19.77143],[-90.49093,19.77148],[-90.49098,19.77152],[-90.49108,19.77157],[-90.49116,19.77158],[-90.4912,19.77159],[-90.49181,19.77181],[-90.49201,19.77186],[-90.49214,19.77189],[-90.49229,19.77193],[-90.49244,19.77195],[-90.49275,19.772],[-90.49281,19.77103],[-90.49321,19.77105],[-90.49364,19.77101],[-90.49365,19.7701],[-90.49538,19.77016],[-90.49514,19.76941],[-90.49509,19.76919],[-90.49505,19.769],[-90.49501,19.76865],[-90.49501,19.76861],[-90.49483,19.76792],[-90.4945,19.76663],[-90.49438,19.76603],[-90.49421,19.765],[-90.49415,19.76439],[-90.49411,19.76405],[-90.49408,19.76378],[-90.49405,19.76354],[-90.49405,19.76342],[-90.49399,19.76265],[-90.49391,19.76202],[-90.49372,19.76075],[-90.4937,19.76058],[-90.49369,19.76052],[-90.49356,19.75978],[-90.49336,19.75865],[-90.49325,19.75793],[-90.49325,19.7579],[-90.49324,19.75786],[-90.49321,19.75786],[-90.49063,19.75786],[-90.48918,19.75805],[-90.48886,19.75823],[-90.48795,19.75879],[-90.48881,19.76016],[-90.4886,19.76173],[-90.48857,19.76189],[-90.4883,19.76184],[-90.48776,19.7617],[-90.48753,19.76212],[-90.48753,19.76215],[-90.48753,19.76218],[-90.48753,19.76221],[-90.48755,19.76224],[-90.48755,19.76225],[-90.4878,19.76243],[-90.48795,19.76254],[-90.48849,19.76292],[-90.4885,19.76299],[-90.48861,19.76329],[-90.48866,19.76356],[-90.4888,19.76385],[-90.48901,19.7643],[-90.48891,19.7645],[-90.48874,19.7648],[-90.48872,19.76487],[-90.48885,19.76557],[-90.48881,19.76566],[-90.48872,19.76571],[-90.48858,19.76582],[-90.48857,19.76588],[-90.48854,19.7661],[-90.48856,19.76628],[-90.48859,19.76635],[-90.48862,19.76642],[-90.48862,19.76656],[-90.48856,19.76681],[-90.48856,19.76689],[-90.48858,19.76701],[-90.48864,19.7672],[-90.4887,19.7673],[-90.48879,19.76748],[-90.48887,19.76757],[-90.48889,19.76758],[-90.48905,19.76769],[-90.4895,19.76801],[-90.48958,19.76803],[-90.48963,19.768],[-90.4897,19.76798],[-90.48975,19.76798],[-90.48986,19.76802],[-90.48995,19.76809],[-90.48997,19.76818],[-90.49001,19.7683],[-90.49006,19.76845],[-90.49023,19.76866],[-90.49042,19.76879],[-90.49065,19.76896],[-90.49071,19.76905],[-90.4908,19.76927],[-90.49101,19.76966],[-90.49126,19.77011],[-90.49127,19.77016],[-90.49128,19.77018],[-90.49129,19.77024],[-90.4913,19.7703],[-90.4913,19.77036],[-90.4913,19.77042],[-90.4913,19.77048],[-90.49128,19.77055],[-90.49122,19.77087],[-90.49091,19.77084],[-90.49072,19.77082],[-90.49045,19.77109],[-90.49049,19.77128],[-90.49051,19.77128],[-90.49055,19.77127],[-90.49059,19.77127],[-90.49062,19.77128],[-90.49066,19.77128]]]}},{"type":"Feature","properties":{"cvegeo":"0400200872300","cve_ent":"04","fuente":"INEGI — Marco Geoestadístico 2024","fecha_corte":"2024-08","cve_mun":"04002","cve_ageb":"2300","cve_loc":"0087"},"geometry":{"type":"Polygon","coordinates":[[[-90.59951,19.80782],[-90.59953,19.80785],[-90.59956,19.80784],[-90.59984,19.80775],[-90.60019,19.80758],[-90.60039,19.80747],[-90.6005,19.80728],[-90.60111,19.80684],[-90.60113,19.80687],[-90.60113,19.80687],[-90.60162,19.8065],[-90.60162,19.8065],[-90.60163,19.80648],[-90.60162,19.80647],[-90.60157,19.80642],[-90.60156,19.80641],[-90.60155,19.80639],[-90.60179,19.80622],[-90.60192,19.80611],[-90.60196,19.80617],[-90.6021,19.80607],[-90.60211,19.80606],[-90.60212,19.80605],[-90.60212,19.80605],[-90.60207,19.806],[-90.60217,19.80593],[-90.6022,19.8059],[-90.60241,19.80574],[-90.60242,19.80574],[-90.60241,19.80573],[-90.60241,19.80572],[-90.60258,19.80556],[-90.60259,19.80555],[-90.60257,19.80551],[-90.60247,19.80536],[-90.60248,19.80532],[-90.60275,19.80506],[-90.60288,19.80495],[-90.603,19.80487],[-90.60358,19.80457],[-90.6037,19.80451],[-90.60436,19.80424],[-90.60462,19.80408],[-90.60461,19.80406],[-90.60437,19.80372],[-90.60408,19.80332],[-90.60363,19.80278],[-90.60358,19.80273],[-90.60334,19.80288],[-90.60325,19.80294],[-90.60306,19.80302],[-90.60294,19.80307],[-90.60273,19.80313],[-90.60247,19.80322],[-90.60219,19.80274],[-90.60212,19.80261],[-90.6021,19.80254],[-90.60209,19.80249],[-90.6021,19.80166],[-90.6021,19.80159],[-90.60208,19.80153],[-90.60205,19.80147],[-90.60201,19.80141],[-90.60196,19.80137],[-90.6019,19.80133],[-90.6018,19.80128],[-90.60169,19.80124],[-90.60144,19.80116],[-90.60114,19.80091],[-90.60064,19.80123],[-90.60062,19.80124],[-90.60025,19.80148],[-90.60018,19.80153],[-90.60018,19.80147],[-90.60007,19.80137],[-90.59997,19.80131],[-90.59976,19.80121],[-90.59967,19.80118],[-90.59952,19.80168],[-90.59965,19.80186],[-90.59962,19.80193],[-90.59898,19.80234],[-90.59882,19.80245],[-90.59864,19.80254],[-90.59849,19.80264],[-90.59824,19.8028],[-90.59779,19.80309],[-90.59746,19.80331],[-90.59703,19.80356],[-90.59662,19.80381],[-90.59649,19.80389],[-90.59606,19.80415],[-90.59575,19.80435],[-90.59548,19.80458],[-90.59559,19.80471],[-90.59568,19.80482],[-90.59577,19.80488],[-90.59605,19.80497],[-90.59615,19.80501],[-90.59626,19.80508],[-90.59647,19.80544],[-90.59651,19.80543],[-90.59679,19.80539],[-90.59694,19.8054],[-90.59695,19.80541],[-90.59699,19.80545],[-90.59705,19.80567],[-90.59704,19.80579],[-90.5972,19.80621],[-90.59729,19.80658],[-90.59734,19.80661],[-90.5976,19.80656],[-90.59773,19.80652],[-90.59792,19.80643],[-90.59791,19.80641],[-90.59775,19.80603],[-90.59775,19.806],[-90.59775,19.80599],[-90.59779,19.80599],[-90.59816,19.80585],[-90.59851,19.80574],[-90.59855,19.80574],[-90.59858,19.80574],[-90.59869,19.80598],[-90.59879,19.80621],[-90.59894,19.80652],[-90.59896,19.80657],[-90.59896,19.80659],[-90.59897,19.80692],[-90.59901,19.80714],[-90.59903,19.80723],[-90.59912,19.80735],[-90.59925,19.80753],[-90.59927,19.80755],[-90.5993,19.80755],[-90.59951,19.80782]]]}},{"type":"Feature","properties":{"cvegeo":"0400200010732","cve_ent":"04","fuente":"INEGI — Marco Geoestadístico 2024","fecha_corte":"2024-08","cve_mun":"04002","cve_ageb":"0732","cve_loc":"0001"},"geometry":{"type":"Polygon","coordinates":[[[-90.55315,19.81932],[-90.55404,19.81967],[-90.55409,19.8197],[-90.5541,19.81973],[-90.55465,19.8199],[-90.55512,19.82003],[-90.55554,19.82015],[-90.55555,19.82008],[-90.55616,19.81772],[-90.55604,19.81764],[-90.55638,19.81689],[-90.55674,19.81596],[-90.55621,19.81584],[-90.55601,19.81579],[-90.55528,19.81562],[-90.55528,19.81559],[-90.55477,19.81542],[-90.55439,19.81532],[-90.55411,19.81525],[-90.55385,19.81516],[-90.55304,19.81487],[-90.55315,19.81448],[-90.55332,19.81404],[-90.55342,19.8138],[-90.5534,19.8138],[-90.5534,19.8138],[-90.5534,19.8138],[-90.55299,19.81358],[-90.55245,19.8133],[-90.55245,19.8133],[-90.55266,19.81282],[-90.55267,19.81273],[-90.55211,19.81249],[-90.55152,19.81222],[-90.55109,19.812],[-90.55048,19.81174],[-90.55015,19.81248],[-90.55007,19.81266],[-90.54991,19.81258],[-90.54957,19.81256],[-90.54921,19.8126],[-90.54914,19.81262],[-90.54891,19.81248],[-90.54872,19.81227],[-90.54871,19.81226],[-90.54861,19.81235],[-90.54849,19.81245],[-90.54838,19.8125],[-90.54829,19.81255],[-90.54821,19.81258],[-90.54808,19.81261],[-90.54802,19.81264],[-90.54794,19.81269],[-90.54783,19.81278],[-90.54777,19.81283],[-90.54767,19.81304],[-90.54763,19.81311],[-90.5474,19.81351],[-90.54729,19.81374],[-90.54725,19.81387],[-90.54685,19.81479],[-90.54667,19.81514],[-90.54658,19.81534],[-90.54652,19.81593],[-90.54651,19.81595],[-90.5462,19.81687],[-90.54621,19.81687],[-90.54734,19.81727],[-90.54736,19.81728],[-90.54793,19.81749],[-90.54852,19.8177],[-90.54853,19.81771],[-90.5486,19.81773],[-90.54966,19.81811],[-90.5508,19.81851],[-90.55065,19.819],[-90.55061,19.81912],[-90.55054,19.81943],[-90.55051,19.81946],[-90.55164,19.81985],[-90.55192,19.81892],[-90.55315,19.81932]]]}},{"type":"Feature","properties":{"cvegeo":"0400200012086","cve_ent":"04","fuente":"INEGI — Marco Geoestadístico 2024","fecha_corte":"2024-08","cve_mun":"04002","cve_ageb":"2086","cve_loc":"0001"},"geometry":{"type":"Polygon","coordinates":[[[-90.48214,19.83453],[-90.4824,19.83474],[-90.48248,19.83479],[-90.48257,19.83483],[-90.48264,19.83487],[-90.48285,19.83493],[-90.48302,19.83494],[-90.48339,19.83439],[-90.48369,19.83395],[-90.48391,19.83368],[-90.4842,19.83328],[-90.48444,19.83295],[-90.48468,19.83263],[-90.48515,19.83195],[-90.48555,19.83221],[-90.48595,19.83246],[-90.48616,19.83259],[-90.48633,19.83271],[-90.48673,19.83297],[-90.48712,19.83323],[-90.4875,19.83349],[-90.4871,19.83405],[-90.4874,19.83395],[-90.48813,19.83371],[-90.48836,19.83361],[-90.48848,19.83348],[-90.48872,19.83324],[-90.48908,19.83283],[-90.48934,19.83257],[-90.48986,19.8319],[-90.48986,19.8319],[-90.48985,19.83189],[-90.48947,19.83163],[-90.48908,19.83134],[-90.48865,19.83108],[-90.48867,19.83103],[-90.48827,19.83081],[-90.4881,19.83073],[-90.48798,19.83068],[-90.4878,19.83061],[-90.48768,19.83053],[-90.48747,19.8304],[-90.48748,19.83038],[-90.48749,19.83036],[-90.48751,19.83032],[-90.4875,19.83024],[-90.48715,19.83002],[-90.48674,19.82976],[-90.48635,19.8295],[-90.48601,19.82924],[-90.48555,19.82897],[-90.48513,19.82871],[-90.48461,19.82942],[-90.48451,19.82956],[-90.48361,19.8309],[-90.48313,19.83156],[-90.48264,19.83222],[-90.48216,19.83286],[-90.48155,19.83367],[-90.48129,19.83407],[-90.48166,19.83429],[-90.48164,19.83431],[-90.48173,19.83447],[-90.48193,19.83457],[-90.48209,19.83446],[-90.48214,19.83453]]]}},{"type":"Feature","properties":{"cvegeo":"0400200011853","cve_ent":"04","fuente":"INEGI — Marco Geoestadístico 2024","fecha_corte":"2024-08","cve_mun":"04002","cve_ageb":"1853","cve_loc":"0001"},"geometry":{"type":"Polygon","coordinates":[[[-90.48585,19.86672],[-90.48585,19.86673],[-90.48809,19.86772],[-90.48817,19.86763],[-90.48845,19.86735],[-90.48871,19.86704],[-90.48897,19.86675],[-90.48897,19.86674],[-90.48926,19.86641],[-90.48928,19.8664],[-90.48946,19.86619],[-90.48782,19.8655],[-90.48706,19.86517],[-90.48616,19.8648],[-90.48614,19.86507],[-90.4861,19.86529],[-90.48606,19.86552],[-90.48602,19.86576],[-90.48601,19.8658],[-90.48586,19.86668],[-90.48585,19.86671],[-90.48585,19.86672]]]}},{"type":"Feature","properties":{"cvegeo":"0400200012457","cve_ent":"04","fuente":"INEGI — Marco Geoestadístico 2024","fecha_corte":"2024-08","cve_mun":"04002","cve_ageb":"2457","cve_loc":"0001"},"geometry":{"type":"Polygon","coordinates":[[[-90.48381,19.86533],[-90.484,19.86542],[-90.48469,19.86571],[-90.48469,19.86571],[-90.48483,19.86526],[-90.48483,19.86526],[-90.48523,19.86543],[-90.48567,19.86562],[-90.48597,19.86575],[-90.48602,19.86576],[-90.48602,19.86576],[-90.48606,19.86552],[-90.4861,19.86529],[-90.48614,19.86507],[-90.48616,19.8648],[-90.4862,19.86462],[-90.48625,19.86447],[-90.48632,19.86429],[-90.48641,19.86413],[-90.48651,19.864],[-90.48662,19.86389],[-90.48621,19.86376],[-90.48576,19.8636],[-90.48532,19.86344],[-90.48485,19.8633],[-90.4844,19.86314],[-90.48396,19.863],[-90.48384,19.86296],[-90.48359,19.86367],[-90.48388,19.86378],[-90.48398,19.86384],[-90.48386,19.8641],[-90.48369,19.86453],[-90.48358,19.86476],[-90.48396,19.86488],[-90.48386,19.86518],[-90.48381,19.86533]]]}},{"type":"Feature","properties":{"cvegeo":"0400200872349","cve_ent":"04","fuente":"INEGI — Marco Geoestadístico 2024","fecha_corte":"2024-08","cve_mun":"04002","cve_ageb":"2349","cve_loc":"0087"},"geometry":{"type":"Polygon","coordinates":[[[-90.60288,19.80495],[-90.60275,19.80506],[-90.60248,19.80532],[-90.60247,19.80536],[-90.60257,19.80551],[-90.60259,19.80555],[-90.6027,19.80547],[-90.60299,19.80526],[-90.60363,19.80499],[-90.60381,19.80496],[-90.60389,19.80501],[-90.60394,19.80504],[-90.60419,19.80547],[-90.60419,19.80548],[-90.60439,19.80537],[-90.60459,19.80527],[-90.60455,19.80521],[-90.60424,19.80537],[-90.60417,19.80525],[-90.60417,19.80523],[-90.60417,19.8052],[-90.60417,19.80518],[-90.60417,19.80508],[-90.60417,19.80498],[-90.60415,19.80489],[-90.60415,19.80484],[-90.60413,19.80477],[-90.60419,19.80471],[-90.60419,19.80471],[-90.60419,19.80471],[-90.60429,19.80464],[-90.60429,19.80463],[-90.60432,19.80456],[-90.60447,19.8045],[-90.60458,19.80445],[-90.60457,19.80442],[-90.60473,19.80428],[-90.60473,19.80427],[-90.60472,19.80424],[-90.60478,19.8042],[-90.60482,19.80417],[-90.60484,19.80414],[-90.60486,19.80409],[-90.60489,19.80404],[-90.6049,19.80404],[-90.6049,19.80404],[-90.60494,19.804],[-90.60494,19.804],[-90.60514,19.80381],[-90.60514,19.80381],[-90.60525,19.80369],[-90.60525,19.80369],[-90.60564,19.80344],[-90.60575,19.80335],[-90.60593,19.80321],[-90.60597,19.80319],[-90.60612,19.8031],[-90.60612,19.8031],[-90.60694,19.80257],[-90.60694,19.80256],[-90.60691,19.80252],[-90.6069,19.80251],[-90.60684,19.80245],[-90.60716,19.80226],[-90.60735,19.80212],[-90.60737,19.80213],[-90.6074,19.80215],[-90.60751,19.80208],[-90.60755,19.80201],[-90.60754,19.80199],[-90.60761,19.80194],[-90.60782,19.80184],[-90.60789,19.80181],[-90.6082,19.80171],[-90.60835,19.80162],[-90.60849,19.8016],[-90.60852,19.80159],[-90.60856,19.80159],[-90.60857,19.80159],[-90.60857,19.80159],[-90.60863,19.80153],[-90.60863,19.80153],[-90.60865,19.80151],[-90.60865,19.80151],[-90.60872,19.80143],[-90.60872,19.80143],[-90.60872,19.80143],[-90.60876,19.80141],[-90.60883,19.80136],[-90.60949,19.80104],[-90.60981,19.8009],[-90.60997,19.80082],[-90.60997,19.80082],[-90.61004,19.80082],[-90.61005,19.80082],[-90.61012,19.80079],[-90.6103,19.80071],[-90.61034,19.80065],[-90.61033,19.80064],[-90.61033,19.80064],[-90.61031,19.80059],[-90.61031,19.80057],[-90.6104,19.80049],[-90.61041,19.80048],[-90.61044,19.8005],[-90.61045,19.80049],[-90.61046,19.80048],[-90.6105,19.80045],[-90.61049,19.80043],[-90.61049,19.80043],[-90.61048,19.80041],[-90.61047,19.8004],[-90.61057,19.80032],[-90.61066,19.80021],[-90.61068,19.80022],[-90.61069,19.80023],[-90.61072,19.80023],[-90.61074,19.80022],[-90.61076,19.8002],[-90.61076,19.80017],[-90.61076,19.80015],[-90.61076,19.80014],[-90.6109,19.80001],[-90.61099,19.79994],[-90.61114,19.79974],[-90.61117,19.79973],[-90.61119,19.79973],[-90.61119,19.79972],[-90.6112,19.79969],[-90.61128,19.79972],[-90.61133,19.79966],[-90.61165,19.8],[-90.6117,19.80002],[-90.61178,19.80001],[-90.61187,19.79999],[-90.61227,19.79983],[-90.61324,19.79952],[-90.61338,19.79951],[-90.61343,19.7995],[-90.61347,19.79947],[-90.61348,19.79945],[-90.6135,19.79943],[-90.61348,19.79935],[-90.61342,19.79934],[-90.61338,19.79935],[-90.61326,19.79939],[-90.61324,19.7994],[-90.61183,19.79986],[-90.61172,19.79987],[-90.61164,19.7998],[-90.61128,19.79939],[-90.61128,19.79939],[-90.61147,19.79921],[-90.61149,19.79919],[-90.6115,19.79917],[-90.61151,19.79916],[-90.61152,19.79915],[-90.61149,19.7991],[-90.61148,19.79902],[-90.61152,19.7989],[-90.61172,19.79871],[-90.61182,19.79874],[-90.61188,19.79878],[-90.61204,19.79882],[-90.61204,19.7988],[-90.61189,19.79876],[-90.61184,19.79872],[-90.61186,19.79863],[-90.612,19.79853],[-90.61204,19.79848],[-90.61211,19.7984],[-90.6122,19.7983],[-90.61225,19.79825],[-90.61253,19.79808],[-90.61269,19.79799],[-90.61295,19.79783],[-90.61314,19.79773],[-90.61321,19.79769],[-90.61347,19.79757],[-90.61353,19.79759],[-90.61362,19.7976],[-90.61374,19.79761],[-90.6138,19.79763],[-90.61384,19.79767],[-90.61387,19.79777],[-90.61387,19.79788],[-90.61388,19.7983],[-90.61391,19.79882],[-90.61392,19.79892],[-90.61393,19.79894],[-90.61395,19.799],[-90.61398,19.79904],[-90.61401,19.79908],[-90.61406,19.79911],[-90.61412,19.79914],[-90.61417,19.79916],[-90.61421,19.79918],[-90.61425,19.79919],[-90.61429,19.79919],[-90.61432,19.79919],[-90.61436,19.79919],[-90.61439,19.79918],[-90.61443,19.79918],[-90.61447,19.79916],[-90.61451,19.79914],[-90.61455,19.79911],[-90.61469,19.79902],[-90.61472,19.79899],[-90.61472,19.79899],[-90.61472,19.79898],[-90.61473,19.79898],[-90.61473,19.79898],[-90.61473,19.79898],[-90.61473,19.79897],[-90.61473,19.79897],[-90.61472,19.79897],[-90.61472,19.79896],[-90.61472,19.79896],[-90.61472,19.79896],[-90.61471,19.79896],[-90.61471,19.79896],[-90.61471,19.79896],[-90.61471,19.79895],[-90.6147,19.79895],[-90.6147,19.79895],[-90.6147,19.79895],[-90.6147,19.79895],[-90.61469,19.79896],[-90.61468,19.79897],[-90.61449,19.79911],[-90.61446,19.79912],[-90.61442,19.79914],[-90.61441,19.79914],[-90.61437,19.79915],[-90.61433,19.79915],[-90.6143,19.79915],[-90.61426,19.79915],[-90.61423,19.79914],[-90.61419,19.79913],[-90.61414,19.79911],[-90.6141,19.79908],[-90.61406,19.79904],[-90.61402,19.799],[-90.614,19.79897],[-90.61399,19.79896],[-90.61397,19.79891],[-90.61396,19.79882],[-90.61396,19.79868],[-90.61392,19.79746],[-90.61392,19.79745],[-90.61393,19.79726],[-90.61394,19.79718],[-90.61395,19.79717],[-90.61395,19.79717],[-90.61395,19.79717],[-90.61396,19.79716],[-90.61397,19.79716],[-90.61398,19.79715],[-90.61398,19.79715],[-90.61399,19.79714],[-90.614,19.79714],[-90.61401,19.79713],[-90.61402,19.79713],[-90.61403,19.79713],[-90.61404,19.79713],[-90.61405,19.79713],[-90.61405,19.79713],[-90.61406,19.79713],[-90.61407,19.79713],[-90.61407,19.79713],[-90.61408,19.79713],[-90.61409,19.79713],[-90.6141,19.79713],[-90.61412,19.79714],[-90.61413,19.79714],[-90.61413,19.79714],[-90.61414,19.79715],[-90.61414,19.79715],[-90.61416,19.79715],[-90.61416,19.79716],[-90.61417,19.79716],[-90.61418,19.79717],[-90.61418,19.79718],[-90.61419,19.79718],[-90.61419,19.79719],[-90.61421,19.79721],[-90.61424,19.79725],[-90.61429,19.79851],[-90.6143,19.79865],[-90.6143,19.79878],[-90.6143,19.79882],[-90.61434,19.79887],[-90.61435,19.79887],[-90.61436,19.79886],[-90.61436,19.79886],[-90.61437,19.79885],[-90.61433,19.7988],[-90.61434,19.79853],[-90.61431,19.79744],[-90.61434,19.79741],[-90.61441,19.79734],[-90.61442,19.79729],[-90.61442,19.79726],[-90.61443,19.79725],[-90.6145,19.79715],[-90.61454,19.79706],[-90.61469,19.79697],[-90.61492,19.79684],[-90.6152,19.79671],[-90.61547,19.79657],[-90.61584,19.79642],[-90.61613,19.79626],[-90.61625,19.79637],[-90.61641,19.79653],[-90.61678,19.7969],[-90.6168,19.79688],[-90.61684,19.79683],[-90.61684,19.79679],[-90.61686,19.79663],[-90.61686,19.7966],[-90.61686,19.79658],[-90.61656,19.79631],[-90.61683,19.79604],[-90.61695,19.79596],[-90.61709,19.79588],[-90.61719,19.79583],[-90.61744,19.79571],[-90.61755,19.79567],[-90.61789,19.79555],[-90.6181,19.79546],[-90.61823,19.7954],[-90.61871,19.79523],[-90.61871,19.79523],[-90.61921,19.79505],[-90.61945,19.79495],[-90.6195,19.79493],[-90.6195,19.79493],[-90.61951,19.79493],[-90.61968,19.79484],[-90.61983,19.79476],[-90.62044,19.7945],[-90.62048,19.79454],[-90.62049,19.79456],[-90.62159,19.79414],[-90.62177,19.79409],[-90.62189,19.79406],[-90.622,19.79402],[-90.62211,19.79394],[-90.62213,19.79393],[-90.62215,19.79391],[-90.62223,19.79397],[-90.62237,19.79393],[-90.62259,19.79388],[-90.62285,19.7938],[-90.62295,19.79376],[-90.62301,19.79374],[-90.62306,19.79372],[-90.62319,19.79364],[-90.62312,19.7936],[-90.62306,19.79357],[-90.62283,19.79343],[-90.62253,19.79328],[-90.62214,19.79317],[-90.6219,19.79314],[-90.62166,19.79313],[-90.62092,19.79314],[-90.62082,19.79315],[-90.62082,19.79315],[-90.62073,19.79317],[-90.62055,19.79324],[-90.62043,19.7933],[-90.62009,19.79346],[-90.61998,19.79353],[-90.61998,19.79353],[-90.61991,19.79349],[-90.61978,19.79351],[-90.61978,19.79351],[-90.6195,19.79339],[-90.61855,19.79303],[-90.61834,19.79296],[-90.61834,19.79296],[-90.61834,19.79296],[-90.61834,19.79295],[-90.61834,19.79295],[-90.61835,19.79294],[-90.61835,19.79294],[-90.61835,19.79293],[-90.61835,19.79293],[-90.61835,19.79292],[-90.61835,19.79292],[-90.61835,19.79291],[-90.61835,19.79291],[-90.61835,19.79291],[-90.61835,19.7929],[-90.61835,19.7929],[-90.61835,19.79289],[-90.61834,19.79289],[-90.61834,19.79288],[-90.61834,19.79288],[-90.61834,19.79287],[-90.61834,19.79287],[-90.61833,19.79287],[-90.61833,19.79286],[-90.61833,19.79286],[-90.61832,19.79286],[-90.61832,19.79285],[-90.61832,19.79285],[-90.61831,19.79285],[-90.61831,19.79284],[-90.6183,19.79284],[-90.6183,19.79284],[-90.61829,19.79284],[-90.61829,19.79283],[-90.61828,19.79283],[-90.61836,19.79277],[-90.61916,19.79193],[-90.61958,19.79149],[-90.61958,19.79149],[-90.62088,19.79012],[-90.62118,19.7901],[-90.62151,19.79009],[-90.62243,19.79003],[-90.62301,19.7898],[-90.62341,19.78937],[-90.62347,19.7894],[-90.62353,19.78943],[-90.62384,19.79001],[-90.62407,19.79016],[-90.62414,19.79021],[-90.62414,19.79027],[-90.62417,19.79035],[-90.62422,19.79043],[-90.62423,19.79049],[-90.6241,19.79088],[-90.62412,19.79109],[-90.62435,19.79119],[-90.62451,19.79117],[-90.62451,19.79117],[-90.62481,19.79104],[-90.62587,19.79003],[-90.62685,19.78928],[-90.62726,19.78876],[-90.62773,19.78817],[-90.62794,19.78834],[-90.62825,19.78838],[-90.62831,19.78837],[-90.62845,19.78833],[-90.62854,19.78827],[-90.62854,19.78827],[-90.62867,19.78789],[-90.62908,19.78751],[-90.62908,19.7875],[-90.62854,19.78714],[-90.62777,19.78673],[-90.62809,19.78626],[-90.62857,19.78564],[-90.62902,19.78459],[-90.62926,19.78378],[-90.62942,19.78326],[-90.62969,19.78299],[-90.6298,19.7828],[-90.62984,19.78254],[-90.62977,19.78238],[-90.62964,19.78222],[-90.62964,19.78222],[-90.62941,19.78213],[-90.62896,19.78207],[-90.62871,19.78198],[-90.62867,19.78194],[-90.62854,19.78178],[-90.6283,19.78149],[-90.62806,19.7814],[-90.62699,19.78133],[-90.62687,19.78131],[-90.62682,19.7813],[-90.62661,19.78123],[-90.62646,19.78112],[-90.62627,19.78091],[-90.62621,19.78084],[-90.62604,19.78065],[-90.62584,19.78043],[-90.62577,19.78016],[-90.62579,19.77994],[-90.62591,19.77947],[-90.62599,19.7794],[-90.62604,19.77929],[-90.62604,19.77917],[-90.62597,19.7791],[-90.62589,19.77904],[-90.62577,19.77902],[-90.62566,19.77907],[-90.62557,19.77916],[-90.62557,19.77929],[-90.62561,19.77941],[-90.6256,19.77946],[-90.62549,19.77963],[-90.62543,19.77974],[-90.62538,19.77998],[-90.62533,19.78019],[-90.62524,19.78035],[-90.62516,19.78045],[-90.62504,19.78055],[-90.6249,19.78061],[-90.62477,19.7807],[-90.62468,19.78079],[-90.62459,19.78093],[-90.62454,19.78116],[-90.62457,19.78164],[-90.62449,19.78185],[-90.62436,19.78204],[-90.6242,19.7822],[-90.62363,19.78277],[-90.62266,19.78373],[-90.62263,19.78372],[-90.62259,19.78371],[-90.62243,19.78363],[-90.62236,19.78351],[-90.62227,19.78334],[-90.62215,19.78324],[-90.62202,19.78317],[-90.62183,19.783],[-90.62172,19.78283],[-90.62166,19.78272],[-90.62154,19.78254],[-90.62135,19.78243],[-90.62123,19.78238],[-90.62118,19.78236],[-90.62095,19.78236],[-90.62074,19.78246],[-90.62046,19.78271],[-90.62031,19.78285],[-90.62015,19.78291],[-90.61994,19.78295],[-90.61977,19.78296],[-90.61959,19.78298],[-90.61933,19.78302],[-90.61919,19.78301],[-90.61905,19.78299],[-90.61883,19.78293],[-90.61867,19.78285],[-90.61855,19.78276],[-90.61855,19.78276],[-90.61847,19.78273],[-90.6184,19.78279],[-90.61846,19.78283],[-90.61833,19.78294],[-90.61823,19.78304],[-90.61819,19.7831],[-90.6181,19.78312],[-90.6181,19.78312],[-90.618,19.78312],[-90.61789,19.78309],[-90.61778,19.78302],[-90.61769,19.78301],[-90.61759,19.78301],[-90.61759,19.78301],[-90.61749,19.78303],[-90.6173,19.78312],[-90.61703,19.78334],[-90.61688,19.78333],[-90.61681,19.78333],[-90.61667,19.78375],[-90.61643,19.78439],[-90.61636,19.78478],[-90.61598,19.78557],[-90.61596,19.78594],[-90.61579,19.78623],[-90.61551,19.78642],[-90.61512,19.78675],[-90.6149,19.78701],[-90.61451,19.78729],[-90.61437,19.78745],[-90.61436,19.78778],[-90.61447,19.78822],[-90.61516,19.78871],[-90.6154,19.78907],[-90.61545,19.78978],[-90.61498,19.79006],[-90.61501,19.79052],[-90.61444,19.79062],[-90.61444,19.79062],[-90.61444,19.79062],[-90.61286,19.79098],[-90.61154,19.79147],[-90.60929,19.79248],[-90.60895,19.79259],[-90.60778,19.7931],[-90.60579,19.79395],[-90.60568,19.794],[-90.60594,19.79511],[-90.60604,19.79566],[-90.60611,19.79618],[-90.60612,19.79647],[-90.60614,19.79658],[-90.60619,19.79673],[-90.6062,19.79682],[-90.60622,19.79707],[-90.60626,19.79738],[-90.60642,19.79766],[-90.60655,19.79786],[-90.60659,19.79801],[-90.60664,19.79835],[-90.60667,19.79864],[-90.60663,19.79933],[-90.60661,19.79981],[-90.60661,19.79994],[-90.60661,19.80008],[-90.60662,19.80015],[-90.60662,19.80021],[-90.60663,19.80037],[-90.60671,19.80069],[-90.60676,19.80111],[-90.60678,19.80138],[-90.60678,19.80167],[-90.60655,19.8023],[-90.60646,19.80254],[-90.6057,19.80312],[-90.60518,19.8035],[-90.60492,19.80373],[-90.60462,19.80408],[-90.60436,19.80424],[-90.6037,19.80451],[-90.60358,19.80457],[-90.603,19.80487],[-90.60288,19.80495]]]}},{"type":"Feature","properties":{"cvegeo":"040020001061A","cve_ent":"04","fuente":"INEGI — Marco Geoestadístico 2024","fecha_corte":"2024-08","cve_mun":"04002","cve_ageb":"061A","cve_loc":"0001"},"geometry":{"type":"Polygon","coordinates":[[[-90.53091,19.83602],[-90.53111,19.83601],[-90.53144,19.83598],[-90.53158,19.83596],[-90.53183,19.83597],[-90.53227,19.83606],[-90.53245,19.83607],[-90.53255,19.83608],[-90.53388,19.83614],[-90.53442,19.8362],[-90.53511,19.83626],[-90.53501,19.83556],[-90.535,19.83552],[-90.53497,19.8352],[-90.53492,19.8349],[-90.53487,19.83455],[-90.53482,19.83422],[-90.5348,19.8341],[-90.53479,19.83404],[-90.53479,19.83404],[-90.53479,19.83401],[-90.53478,19.8339],[-90.53475,19.8337],[-90.53474,19.83362],[-90.53474,19.83358],[-90.53474,19.83356],[-90.5347,19.83322],[-90.53471,19.83281],[-90.53471,19.83281],[-90.53471,19.83277],[-90.53476,19.83227],[-90.53481,19.83193],[-90.53484,19.83169],[-90.53491,19.83115],[-90.53495,19.83085],[-90.53497,19.83072],[-90.53496,19.83058],[-90.53492,19.83018],[-90.5349,19.83012],[-90.53434,19.83011],[-90.53412,19.8301],[-90.53368,19.83009],[-90.5329,19.83008],[-90.53252,19.83008],[-90.53237,19.83008],[-90.53207,19.83008],[-90.53187,19.83008],[-90.53181,19.83009],[-90.53139,19.83012],[-90.53111,19.83018],[-90.53052,19.83032],[-90.53028,19.8304],[-90.53015,19.83046],[-90.52959,19.83069],[-90.52908,19.83097],[-90.5289,19.83111],[-90.52853,19.83135],[-90.52786,19.83181],[-90.52738,19.83214],[-90.52686,19.8325],[-90.52663,19.83266],[-90.52646,19.8328],[-90.52647,19.8328],[-90.52648,19.83281],[-90.52648,19.83281],[-90.52649,19.83282],[-90.52649,19.83282],[-90.52649,19.83283],[-90.5265,19.83283],[-90.5265,19.83284],[-90.5265,19.83284],[-90.5265,19.83285],[-90.5265,19.83285],[-90.5265,19.83286],[-90.5265,19.83286],[-90.52649,19.83287],[-90.52649,19.83287],[-90.52649,19.83288],[-90.52648,19.83288],[-90.52648,19.83289],[-90.52647,19.83289],[-90.52647,19.83289],[-90.52647,19.83289],[-90.52646,19.8329],[-90.52646,19.8329],[-90.52645,19.8329],[-90.52644,19.83299],[-90.52642,19.83346],[-90.52638,19.83357],[-90.52643,19.83364],[-90.52652,19.83395],[-90.52658,19.83417],[-90.52678,19.83513],[-90.52755,19.83515],[-90.52809,19.83525],[-90.52838,19.83531],[-90.52851,19.83532],[-90.52908,19.83544],[-90.52933,19.83552],[-90.52965,19.83557],[-90.5299,19.83561],[-90.53024,19.83563],[-90.53077,19.83569],[-90.53086,19.83572],[-90.53086,19.83572],[-90.53091,19.83602]]]}},{"type":"Feature","properties":{"cvegeo":"0400200011745","cve_ent":"04","fuente":"INEGI — Marco Geoestadístico 2024","fecha_corte":"2024-08","cve_mun":"04002","cve_ageb":"1745","cve_loc":"0001"},"geometry":{"type":"Polygon","coordinates":[[[-90.52724,19.83905],[-90.52795,19.83915],[-90.5279,19.83948],[-90.5279,19.83953],[-90.52874,19.83972],[-90.53008,19.83999],[-90.53094,19.84017],[-90.53095,19.84018],[-90.53108,19.84019],[-90.53175,19.8403],[-90.53175,19.8403],[-90.53225,19.84045],[-90.53245,19.84049],[-90.53243,19.84026],[-90.53233,19.83989],[-90.53231,19.83978],[-90.53233,19.83964],[-90.53242,19.83923],[-90.5325,19.83878],[-90.53254,19.8386],[-90.5326,19.83832],[-90.53258,19.8381],[-90.53255,19.83771],[-90.53254,19.83755],[-90.53255,19.83732],[-90.53258,19.8368],[-90.53256,19.83646],[-90.53256,19.83628],[-90.53256,19.83623],[-90.53255,19.83608],[-90.53245,19.83607],[-90.53227,19.83606],[-90.53183,19.83597],[-90.53158,19.83596],[-90.53144,19.83598],[-90.53111,19.83601],[-90.53091,19.83602],[-90.53086,19.83572],[-90.53086,19.83572],[-90.53077,19.83569],[-90.53024,19.83563],[-90.5299,19.83561],[-90.52965,19.83557],[-90.52933,19.83552],[-90.52908,19.83544],[-90.52851,19.83532],[-90.52838,19.83531],[-90.52809,19.83525],[-90.52755,19.83515],[-90.52678,19.83513],[-90.52658,19.83417],[-90.52652,19.83395],[-90.52643,19.83364],[-90.52638,19.83357],[-90.52642,19.83346],[-90.52644,19.83299],[-90.52645,19.8329],[-90.52646,19.8329],[-90.52646,19.8329],[-90.52647,19.83289],[-90.52647,19.83289],[-90.52647,19.83289],[-90.52648,19.83289],[-90.52648,19.83288],[-90.52649,19.83288],[-90.52649,19.83287],[-90.52649,19.83287],[-90.5265,19.83286],[-90.5265,19.83286],[-90.5265,19.83285],[-90.5265,19.83285],[-90.5265,19.83284],[-90.5265,19.83284],[-90.5265,19.83283],[-90.52649,19.83283],[-90.52649,19.83282],[-90.52649,19.83282],[-90.52648,19.83281],[-90.52648,19.83281],[-90.52647,19.8328],[-90.52646,19.8328],[-90.52646,19.83279],[-90.52645,19.83279],[-90.52644,19.83279],[-90.52644,19.83279],[-90.52643,19.83279],[-90.52642,19.83279],[-90.52642,19.83279],[-90.52641,19.8328],[-90.52641,19.8328],[-90.5264,19.8328],[-90.5264,19.8328],[-90.5264,19.83281],[-90.52639,19.83281],[-90.52639,19.83281],[-90.52639,19.83282],[-90.52638,19.83282],[-90.52638,19.83283],[-90.52638,19.83283],[-90.52638,19.83284],[-90.52638,19.83284],[-90.52638,19.83284],[-90.52638,19.83284],[-90.52638,19.83285],[-90.5262,19.83294],[-90.52576,19.83327],[-90.5255,19.83343],[-90.52549,19.83343],[-90.52548,19.83344],[-90.52545,19.83346],[-90.5252,19.83364],[-90.52458,19.83408],[-90.52405,19.83444],[-90.52341,19.83489],[-90.52337,19.83491],[-90.52188,19.83595],[-90.52186,19.83597],[-90.52228,19.83645],[-90.52242,19.83656],[-90.52304,19.83668],[-90.52294,19.83736],[-90.5229,19.83757],[-90.52286,19.83781],[-90.5228,19.83812],[-90.52275,19.83841],[-90.52401,19.83859],[-90.52447,19.83866],[-90.5249,19.83873],[-90.5257,19.83881],[-90.52621,19.83891],[-90.52652,19.83899],[-90.527,19.83902],[-90.52724,19.83905]]]}},{"type":"Feature","properties":{"cvegeo":"0400200011957","cve_ent":"04","fuente":"INEGI — Marco Geoestadístico 2024","fecha_corte":"2024-08","cve_mun":"04002","cve_ageb":"1957","cve_loc":"0001"},"geometry":{"type":"Polygon","coordinates":[[[-90.54022,19.83033],[-90.5402,19.83055],[-90.5402,19.83058],[-90.54024,19.83095],[-90.54025,19.83106],[-90.54028,19.83119],[-90.5403,19.83127],[-90.54032,19.83128],[-90.54037,19.83131],[-90.54047,19.83137],[-90.54125,19.83182],[-90.54139,19.83189],[-90.54158,19.83201],[-90.54163,19.83203],[-90.54206,19.83225],[-90.54209,19.83226],[-90.54217,19.8323],[-90.54219,19.83231],[-90.54245,19.83242],[-90.54258,19.83247],[-90.54271,19.83251],[-90.5428,19.83254],[-90.54281,19.83254],[-90.54291,19.83257],[-90.54292,19.83257],[-90.54303,19.8326],[-90.54317,19.83263],[-90.54333,19.83267],[-90.54365,19.83273],[-90.54366,19.83273],[-90.54369,19.83273],[-90.54372,19.83274],[-90.54374,19.83274],[-90.54375,19.83275],[-90.54419,19.83278],[-90.54419,19.83278],[-90.54419,19.83278],[-90.54419,19.83278],[-90.54419,19.83277],[-90.54415,19.83273],[-90.54469,19.83244],[-90.54557,19.83194],[-90.54561,19.83191],[-90.54596,19.83174],[-90.54608,19.83168],[-90.54632,19.83153],[-90.54636,19.83149],[-90.54644,19.83142],[-90.54682,19.83096],[-90.54717,19.83057],[-90.54742,19.83073],[-90.54771,19.83092],[-90.54782,19.83099],[-90.54828,19.83127],[-90.54829,19.83124],[-90.54845,19.83092],[-90.54867,19.83058],[-90.54914,19.82998],[-90.54939,19.82968],[-90.54952,19.82953],[-90.54976,19.82922],[-90.54998,19.82893],[-90.55001,19.82888],[-90.55044,19.8282],[-90.55065,19.8279],[-90.55078,19.82771],[-90.55093,19.82738],[-90.55125,19.82648],[-90.55077,19.82645],[-90.55028,19.82645],[-90.54938,19.82664],[-90.54929,19.82666],[-90.54924,19.82667],[-90.54865,19.82679],[-90.54854,19.82681],[-90.54839,19.82683],[-90.54816,19.82685],[-90.54807,19.82685],[-90.54803,19.82684],[-90.54789,19.82684],[-90.54777,19.82683],[-90.54767,19.82683],[-90.54755,19.82681],[-90.54749,19.8268],[-90.54738,19.82678],[-90.5473,19.82676],[-90.54678,19.82661],[-90.54658,19.82656],[-90.54642,19.82651],[-90.54639,19.82656],[-90.54633,19.82681],[-90.54618,19.82714],[-90.5458,19.82697],[-90.54541,19.82682],[-90.54497,19.82664],[-90.54496,19.82664],[-90.54487,19.8266],[-90.54463,19.82697],[-90.5444,19.82729],[-90.5443,19.82735],[-90.54354,19.8274],[-90.54337,19.82731],[-90.54289,19.82695],[-90.54221,19.82645],[-90.54214,19.82654],[-90.54198,19.82682],[-90.54185,19.82709],[-90.5417,19.82743],[-90.54157,19.82766],[-90.54152,19.82777],[-90.54143,19.82816],[-90.54137,19.82826],[-90.54126,19.82848],[-90.54103,19.82888],[-90.54058,19.82948],[-90.54028,19.82987],[-90.54025,19.82999],[-90.54022,19.83033]]]}},{"type":"Feature","properties":{"cvegeo":"0400200011961","cve_ent":"04","fuente":"INEGI — Marco Geoestadístico 2024","fecha_corte":"2024-08","cve_mun":"04002","cve_ageb":"1961","cve_loc":"0001"},"geometry":{"type":"Polygon","coordinates":[[[-90.54221,19.82645],[-90.54289,19.82695],[-90.54337,19.82731],[-90.54354,19.8274],[-90.5443,19.82735],[-90.5444,19.82729],[-90.54463,19.82697],[-90.54487,19.8266],[-90.54496,19.82664],[-90.54497,19.82664],[-90.54541,19.82682],[-90.5458,19.82697],[-90.54618,19.82714],[-90.54633,19.82681],[-90.54639,19.82656],[-90.54642,19.82651],[-90.54658,19.82656],[-90.54678,19.82661],[-90.5473,19.82676],[-90.54738,19.82678],[-90.54749,19.8268],[-90.54755,19.82681],[-90.54767,19.82683],[-90.54777,19.82683],[-90.54789,19.82684],[-90.54803,19.82684],[-90.54807,19.82685],[-90.54816,19.82685],[-90.54839,19.82683],[-90.54854,19.82681],[-90.54865,19.82679],[-90.54924,19.82667],[-90.54929,19.82666],[-90.54938,19.82664],[-90.55028,19.82645],[-90.55077,19.82645],[-90.55125,19.82648],[-90.55112,19.82622],[-90.55062,19.82534],[-90.5506,19.82523],[-90.55021,19.8246],[-90.54949,19.82334],[-90.54932,19.82302],[-90.54925,19.82289],[-90.54888,19.82202],[-90.54885,19.82196],[-90.5486,19.82189],[-90.54744,19.82147],[-90.54632,19.82106],[-90.54571,19.82083],[-90.54517,19.82063],[-90.54505,19.82096],[-90.54504,19.821],[-90.54502,19.82103],[-90.54501,19.82104],[-90.54499,19.82106],[-90.54495,19.82108],[-90.54492,19.8211],[-90.54459,19.82116],[-90.54425,19.82122],[-90.54412,19.82125],[-90.54403,19.82126],[-90.54384,19.82129],[-90.54363,19.82132],[-90.54349,19.82168],[-90.54304,19.82175],[-90.54302,19.82186],[-90.54284,19.82294],[-90.54282,19.82298],[-90.54281,19.82302],[-90.54279,19.82306],[-90.5428,19.82306],[-90.54278,19.82312],[-90.54283,19.82318],[-90.54282,19.82321],[-90.54279,19.82335],[-90.5427,19.82374],[-90.54266,19.82416],[-90.54281,19.82464],[-90.54279,19.82483],[-90.54272,19.82534],[-90.5427,19.82547],[-90.54268,19.82557],[-90.54252,19.82589],[-90.54221,19.82645]]]}},{"type":"Feature","properties":{"cvegeo":"0400200011618","cve_ent":"04","fuente":"INEGI — Marco Geoestadístico 2024","fecha_corte":"2024-08","cve_mun":"04002","cve_ageb":"1618","cve_loc":"0001"},"geometry":{"type":"Polygon","coordinates":[[[-90.5323,19.80772],[-90.53245,19.80777],[-90.53352,19.80804],[-90.53453,19.80829],[-90.53522,19.80846],[-90.53585,19.8086],[-90.53647,19.80875],[-90.53636,19.80902],[-90.5361,19.80973],[-90.53606,19.8098],[-90.53598,19.81018],[-90.53592,19.81045],[-90.53585,19.81072],[-90.53588,19.81073],[-90.53652,19.81087],[-90.53679,19.81094],[-90.53749,19.8111],[-90.53806,19.81125],[-90.53809,19.81126],[-90.53839,19.81133],[-90.53848,19.81138],[-90.53854,19.81139],[-90.53891,19.81146],[-90.53904,19.81149],[-90.53911,19.8115],[-90.53968,19.81166],[-90.53995,19.81172],[-90.54015,19.81176],[-90.54079,19.81197],[-90.54084,19.81199],[-90.5409,19.81201],[-90.54157,19.81225],[-90.54172,19.8123],[-90.54254,19.81259],[-90.54263,19.81262],[-90.54316,19.81281],[-90.54356,19.81296],[-90.54396,19.8131],[-90.54409,19.81271],[-90.54415,19.81239],[-90.5445,19.81127],[-90.54446,19.81125],[-90.54453,19.81099],[-90.54461,19.81087],[-90.54507,19.81016],[-90.5451,19.81011],[-90.54511,19.80996],[-90.54508,19.80966],[-90.54502,19.8095],[-90.54487,19.8094],[-90.54476,19.80932],[-90.54462,19.80921],[-90.54459,19.8091],[-90.54458,19.80895],[-90.54455,19.80885],[-90.54448,19.80874],[-90.54443,19.80867],[-90.54408,19.80845],[-90.54398,19.80833],[-90.54396,19.80818],[-90.54393,19.80794],[-90.54389,19.80767],[-90.54387,19.8074],[-90.54387,19.8074],[-90.54381,19.80727],[-90.54378,19.80716],[-90.54377,19.8071],[-90.54373,19.80691],[-90.54374,19.80665],[-90.54379,19.80623],[-90.54386,19.80603],[-90.54386,19.80596],[-90.54386,19.80595],[-90.54386,19.80594],[-90.54386,19.80583],[-90.54386,19.80582],[-90.54386,19.80582],[-90.54385,19.80582],[-90.54382,19.80571],[-90.54373,19.80547],[-90.54366,19.80529],[-90.54361,19.80514],[-90.54353,19.805],[-90.54346,19.80491],[-90.54342,19.80487],[-90.54338,19.80482],[-90.54327,19.80468],[-90.54321,19.80457],[-90.54321,19.80416],[-90.54334,19.80385],[-90.54336,19.80377],[-90.54336,19.8037],[-90.54336,19.80369],[-90.54328,19.80322],[-90.54322,19.80284],[-90.54323,19.80283],[-90.54336,19.8025],[-90.54357,19.80218],[-90.54357,19.80218],[-90.54372,19.80201],[-90.54372,19.80201],[-90.54385,19.80182],[-90.54413,19.80143],[-90.54413,19.80143],[-90.54413,19.80143],[-90.5444,19.80125],[-90.54459,19.80112],[-90.5451,19.80079],[-90.5451,19.80079],[-90.54522,19.80061],[-90.54522,19.80061],[-90.54558,19.80019],[-90.54585,19.79996],[-90.54585,19.79996],[-90.546,19.79973],[-90.54613,19.79948],[-90.54631,19.79911],[-90.54656,19.79882],[-90.54707,19.79862],[-90.54713,19.79859],[-90.54742,19.79854],[-90.5475,19.79853],[-90.54783,19.79843],[-90.54806,19.79837],[-90.54872,19.79817],[-90.54872,19.79817],[-90.54871,19.79809],[-90.54871,19.79806],[-90.54824,19.79811],[-90.5468,19.79828],[-90.54673,19.79828],[-90.54611,19.79833],[-90.54516,19.79839],[-90.54412,19.79835],[-90.54245,19.79827],[-90.54089,19.79814],[-90.5393,19.79806],[-90.53695,19.79796],[-90.53646,19.79793],[-90.53574,19.79789],[-90.53478,19.79784],[-90.53451,19.79783],[-90.53328,19.79782],[-90.53309,19.7978],[-90.53221,19.79775],[-90.53221,19.7978],[-90.53208,19.80148],[-90.53204,19.80205],[-90.53181,19.80363],[-90.53181,19.80364],[-90.531,19.80403],[-90.531,19.80403],[-90.53118,19.80432],[-90.53118,19.80432],[-90.53118,19.80432],[-90.5311,19.80437],[-90.53096,19.80444],[-90.5308,19.80448],[-90.5306,19.80457],[-90.53026,19.80406],[-90.52996,19.80367],[-90.52987,19.80357],[-90.52987,19.80357],[-90.53128,19.80274],[-90.53127,19.80274],[-90.53077,19.8019],[-90.52927,19.80278],[-90.52896,19.80296],[-90.52874,19.80308],[-90.52874,19.8028],[-90.52876,19.80232],[-90.52876,19.80211],[-90.52878,19.80187],[-90.5288,19.80138],[-90.52883,19.80091],[-90.52884,19.80044],[-90.52855,19.80045],[-90.52807,19.80045],[-90.52637,19.80039],[-90.52634,19.80096],[-90.52631,19.80143],[-90.52627,19.8017],[-90.52621,19.80216],[-90.5262,19.80282],[-90.52654,19.80364],[-90.52669,19.80394],[-90.52688,19.80415],[-90.52748,19.80504],[-90.5285,19.80657],[-90.52854,19.80665],[-90.52864,19.80685],[-90.52886,19.8072],[-90.52887,19.80722],[-90.52894,19.80733],[-90.529,19.80741],[-90.52922,19.80778],[-90.52938,19.80806],[-90.52956,19.80858],[-90.52961,19.80877],[-90.52967,19.80905],[-90.52969,19.80933],[-90.52968,19.80959],[-90.52968,19.80962],[-90.52968,19.80977],[-90.52994,19.80979],[-90.53069,19.80984],[-90.53077,19.80984],[-90.53076,19.80976],[-90.53067,19.80946],[-90.53065,19.80938],[-90.53073,19.80937],[-90.53102,19.80939],[-90.53117,19.80841],[-90.53123,19.80801],[-90.53131,19.80746],[-90.5323,19.80772]]]}},{"type":"Feature","properties":{"cvegeo":"0400200012211","cve_ent":"04","fuente":"INEGI — Marco Geoestadístico 2024","fecha_corte":"2024-08","cve_mun":"04002","cve_ageb":"2211","cve_loc":"0001"},"geometry":{"type":"Polygon","coordinates":[[[-90.50834,19.82005],[-90.50869,19.82159],[-90.50901,19.82281],[-90.5095,19.82481],[-90.50996,19.8266],[-90.51012,19.82733],[-90.5103,19.82794],[-90.51043,19.82841],[-90.5106,19.82896],[-90.51064,19.82908],[-90.511,19.83022],[-90.51136,19.83125],[-90.51138,19.83131],[-90.51141,19.8314],[-90.51141,19.8314],[-90.5118,19.83143],[-90.51312,19.83175],[-90.51337,19.83185],[-90.51362,19.83196],[-90.51388,19.8321],[-90.51422,19.83145],[-90.51456,19.83092],[-90.51491,19.83039],[-90.5153,19.82984],[-90.51562,19.82932],[-90.51514,19.82904],[-90.51502,19.82886],[-90.51481,19.82846],[-90.51472,19.82816],[-90.51472,19.82804],[-90.5148,19.82744],[-90.51482,19.82717],[-90.51485,19.82708],[-90.5149,19.82691],[-90.515,19.82667],[-90.51506,19.82652],[-90.51517,19.82627],[-90.51521,19.82614],[-90.51526,19.82606],[-90.51537,19.82575],[-90.51539,19.82569],[-90.51534,19.82552],[-90.51524,19.8253],[-90.51516,19.82516],[-90.51501,19.82479],[-90.51503,19.82459],[-90.51518,19.82416],[-90.51535,19.82373],[-90.51535,19.8237],[-90.51548,19.82331],[-90.5155,19.82326],[-90.51551,19.82323],[-90.51557,19.82288],[-90.51558,19.82282],[-90.51565,19.82237],[-90.51571,19.82193],[-90.51577,19.82148],[-90.51583,19.82127],[-90.51587,19.82103],[-90.51589,19.82081],[-90.51593,19.82056],[-90.51622,19.82057],[-90.51626,19.82057],[-90.51642,19.82057],[-90.51706,19.82082],[-90.51723,19.82091],[-90.51739,19.82101],[-90.51739,19.82101],[-90.51738,19.82106],[-90.51742,19.82107],[-90.51757,19.8211],[-90.51812,19.82117],[-90.51832,19.82119],[-90.51873,19.8212],[-90.519,19.82118],[-90.51924,19.82115],[-90.51938,19.82106],[-90.51957,19.82091],[-90.51973,19.82072],[-90.51987,19.82061],[-90.52017,19.82047],[-90.52036,19.82038],[-90.52068,19.82021],[-90.521,19.82006],[-90.52089,19.81965],[-90.52088,19.81955],[-90.52088,19.81932],[-90.52087,19.81913],[-90.52087,19.81901],[-90.52087,19.81898],[-90.52087,19.81872],[-90.52088,19.81836],[-90.52081,19.8184],[-90.52047,19.81849],[-90.52035,19.8185],[-90.52046,19.817],[-90.52068,19.81704],[-90.52092,19.81711],[-90.52121,19.81724],[-90.52113,19.81776],[-90.5211,19.81813],[-90.52135,19.81789],[-90.52144,19.81792],[-90.52177,19.81804],[-90.52191,19.81811],[-90.52215,19.8182],[-90.52217,19.81821],[-90.52237,19.81828],[-90.52258,19.81836],[-90.52286,19.8185],[-90.52285,19.81865],[-90.52281,19.81921],[-90.52542,19.81864],[-90.52549,19.81863],[-90.52549,19.81861],[-90.52544,19.81848],[-90.52542,19.8184],[-90.52533,19.81817],[-90.52528,19.8181],[-90.52524,19.81803],[-90.52499,19.8176],[-90.52466,19.8171],[-90.52431,19.81655],[-90.5242,19.81637],[-90.52404,19.8161],[-90.52381,19.8157],[-90.52368,19.81551],[-90.52346,19.81516],[-90.5232,19.81478],[-90.52315,19.8147],[-90.52301,19.81444],[-90.52288,19.81427],[-90.52287,19.81426],[-90.52285,19.81423],[-90.52284,19.81421],[-90.52261,19.81419],[-90.52261,19.81419],[-90.52261,19.81419],[-90.5222,19.81417],[-90.52219,19.81417],[-90.52219,19.81417],[-90.52207,19.81417],[-90.52206,19.81417],[-90.52197,19.81417],[-90.52197,19.81417],[-90.52196,19.81417],[-90.52196,19.81417],[-90.5217,19.81418],[-90.52167,19.81418],[-90.52165,19.81418],[-90.52148,19.81421],[-90.52136,19.81423],[-90.52121,19.81426],[-90.52099,19.81433],[-90.52092,19.81436],[-90.52078,19.81442],[-90.52062,19.81449],[-90.52055,19.81453],[-90.51976,19.81501],[-90.51925,19.81533],[-90.51906,19.81545],[-90.51894,19.81553],[-90.51881,19.81559],[-90.51871,19.81564],[-90.51853,19.81572],[-90.51837,19.81579],[-90.5182,19.81584],[-90.51808,19.81588],[-90.51792,19.81591],[-90.5178,19.81593],[-90.51763,19.81595],[-90.51751,19.81596],[-90.51738,19.81595],[-90.51728,19.81595],[-90.51709,19.81593],[-90.51709,19.81593],[-90.51702,19.81592],[-90.51702,19.81592],[-90.51702,19.81592],[-90.51702,19.81592],[-90.51695,19.81591],[-90.51682,19.81588],[-90.51668,19.81585],[-90.51654,19.81581],[-90.51641,19.81576],[-90.51628,19.8157],[-90.51615,19.81564],[-90.51603,19.81557],[-90.51591,19.8155],[-90.51566,19.81533],[-90.515,19.81478],[-90.51434,19.81422],[-90.51419,19.81411],[-90.51407,19.81402],[-90.51396,19.81395],[-90.51395,19.81394],[-90.5138,19.81385],[-90.51368,19.81379],[-90.51355,19.81372],[-90.51341,19.81366],[-90.51326,19.81361],[-90.51312,19.81357],[-90.51297,19.81353],[-90.51282,19.8135],[-90.51267,19.81348],[-90.51252,19.81347],[-90.51246,19.81347],[-90.51236,19.81346],[-90.51226,19.81346],[-90.51221,19.81346],[-90.51214,19.81347],[-90.51134,19.81347],[-90.51075,19.81348],[-90.51012,19.81351],[-90.50965,19.81358],[-90.5095,19.8136],[-90.50897,19.81373],[-90.50811,19.81392],[-90.50719,19.81413],[-90.50712,19.81415],[-90.50713,19.81416],[-90.50713,19.81418],[-90.50713,19.81419],[-90.50713,19.81421],[-90.50713,19.81423],[-90.50713,19.81424],[-90.50713,19.81426],[-90.50712,19.81428],[-90.50712,19.81429],[-90.50712,19.81431],[-90.50711,19.81433],[-90.5071,19.81434],[-90.5071,19.81436],[-90.50709,19.81436],[-90.50709,19.81437],[-90.50708,19.81438],[-90.50708,19.81438],[-90.50707,19.81438],[-90.50707,19.81439],[-90.50706,19.81439],[-90.50706,19.81439],[-90.50705,19.8144],[-90.50705,19.8144],[-90.50704,19.8144],[-90.50703,19.8144],[-90.50703,19.8144],[-90.50703,19.8144],[-90.50702,19.8144],[-90.50701,19.81441],[-90.507,19.81443],[-90.507,19.81448],[-90.50705,19.81491],[-90.50745,19.81665],[-90.50746,19.81666],[-90.50789,19.81843],[-90.50808,19.81896],[-90.50834,19.82005]]]}},{"type":"Feature","properties":{"cvegeo":"0400200011779","cve_ent":"04","fuente":"INEGI — Marco Geoestadístico 2024","fecha_corte":"2024-08","cve_mun":"04002","cve_ageb":"1779","cve_loc":"0001"},"geometry":{"type":"Polygon","coordinates":[[[-90.55928,19.82539],[-90.55952,19.82616],[-90.55956,19.82627],[-90.55961,19.82639],[-90.55963,19.82781],[-90.56003,19.8276],[-90.56039,19.82739],[-90.5606,19.82726],[-90.56115,19.82697],[-90.56136,19.82685],[-90.56164,19.82669],[-90.56206,19.82645],[-90.56243,19.82624],[-90.56268,19.82611],[-90.5631,19.82587],[-90.5632,19.82581],[-90.56347,19.82565],[-90.56351,19.82563],[-90.5637,19.82597],[-90.56389,19.82635],[-90.56405,19.82663],[-90.56418,19.82685],[-90.56438,19.82717],[-90.56467,19.82761],[-90.56483,19.82753],[-90.56497,19.82746],[-90.56494,19.82741],[-90.56527,19.82726],[-90.56537,19.8272],[-90.56545,19.82717],[-90.56566,19.82781],[-90.56566,19.82783],[-90.56566,19.82784],[-90.56721,19.82693],[-90.56721,19.82692],[-90.56733,19.8267],[-90.56735,19.82665],[-90.56736,19.8266],[-90.56737,19.82655],[-90.56737,19.82653],[-90.56737,19.82651],[-90.56737,19.82649],[-90.56737,19.82646],[-90.56737,19.82644],[-90.56737,19.82642],[-90.56736,19.8264],[-90.56735,19.82637],[-90.56735,19.82635],[-90.56734,19.82633],[-90.56733,19.82632],[-90.56731,19.82629],[-90.5673,19.82627],[-90.56728,19.82622],[-90.56726,19.8262],[-90.56724,19.82615],[-90.56724,19.82615],[-90.56723,19.82611],[-90.56722,19.82609],[-90.56722,19.82608],[-90.56722,19.82607],[-90.56722,19.82606],[-90.56722,19.82605],[-90.56721,19.82603],[-90.56721,19.82603],[-90.56721,19.82602],[-90.56721,19.826],[-90.56721,19.826],[-90.56722,19.82599],[-90.56722,19.82597],[-90.56722,19.82596],[-90.56722,19.82596],[-90.56723,19.82594],[-90.56723,19.82593],[-90.56724,19.82591],[-90.56724,19.8259],[-90.56725,19.82589],[-90.56726,19.82587],[-90.56728,19.82584],[-90.5673,19.82582],[-90.56731,19.8258],[-90.56732,19.82579],[-90.56734,19.82577],[-90.56735,19.82576],[-90.56737,19.82574],[-90.56739,19.82571],[-90.56742,19.82567],[-90.56743,19.82564],[-90.56747,19.82558],[-90.56748,19.82553],[-90.5675,19.82546],[-90.56751,19.8254],[-90.56753,19.8253],[-90.56753,19.82525],[-90.56753,19.82522],[-90.56754,19.8252],[-90.56754,19.82515],[-90.56757,19.82507],[-90.56759,19.82499],[-90.56765,19.82487],[-90.56775,19.82476],[-90.56775,19.82476],[-90.56748,19.82331],[-90.56756,19.82327],[-90.56738,19.82273],[-90.567,19.82283],[-90.56633,19.82079],[-90.56816,19.82026],[-90.56733,19.81789],[-90.56548,19.81841],[-90.56536,19.81861],[-90.56531,19.81876],[-90.56519,19.81909],[-90.56515,19.81923],[-90.56505,19.81942],[-90.56491,19.81957],[-90.56474,19.81959],[-90.56457,19.81963],[-90.56419,19.81962],[-90.56401,19.81967],[-90.56386,19.81973],[-90.56376,19.81982],[-90.56368,19.81991],[-90.56362,19.81982],[-90.56348,19.81973],[-90.56319,19.81968],[-90.56278,19.81981],[-90.56238,19.81962],[-90.56202,19.81945],[-90.56181,19.81964],[-90.56149,19.81967],[-90.5614,19.81945],[-90.56125,19.8193],[-90.56104,19.81919],[-90.56076,19.81916],[-90.56064,19.81912],[-90.56032,19.81908],[-90.56025,19.81953],[-90.56021,19.81984],[-90.56016,19.82013],[-90.56001,19.82063],[-90.55996,19.82084],[-90.55991,19.82105],[-90.55955,19.82176],[-90.55934,19.82217],[-90.55933,19.8222],[-90.55923,19.82237],[-90.55915,19.82257],[-90.55903,19.82278],[-90.55891,19.82303],[-90.5588,19.8232],[-90.55873,19.82337],[-90.55893,19.82392],[-90.55929,19.82454],[-90.55925,19.82505],[-90.55928,19.82539]]]}},{"type":"Feature","properties":{"cvegeo":"0400200010728","cve_ent":"04","fuente":"INEGI — Marco Geoestadístico 2024","fecha_corte":"2024-08","cve_mun":"04002","cve_ageb":"0728","cve_loc":"0001"},"geometry":{"type":"Polygon","coordinates":[[[-90.55366,19.82602],[-90.55366,19.82602],[-90.55406,19.82581],[-90.55417,19.82595],[-90.55447,19.82588],[-90.55452,19.82581],[-90.55483,19.82556],[-90.55477,19.82543],[-90.55568,19.82502],[-90.5568,19.82453],[-90.55719,19.82428],[-90.55745,19.82405],[-90.55753,19.82357],[-90.55838,19.82308],[-90.5588,19.8232],[-90.55891,19.82303],[-90.55903,19.82278],[-90.55915,19.82257],[-90.55923,19.82237],[-90.55933,19.8222],[-90.55883,19.822],[-90.5585,19.82183],[-90.5585,19.82179],[-90.55848,19.82158],[-90.55839,19.82105],[-90.55839,19.82105],[-90.55838,19.82102],[-90.55802,19.82106],[-90.55772,19.82107],[-90.55743,19.82111],[-90.55688,19.82128],[-90.55663,19.82127],[-90.55642,19.82121],[-90.55631,19.82106],[-90.55626,19.82087],[-90.55623,19.82077],[-90.55602,19.82048],[-90.55593,19.82037],[-90.55579,19.82022],[-90.55555,19.82008],[-90.55555,19.82008],[-90.55554,19.82015],[-90.55512,19.82003],[-90.55465,19.8199],[-90.5541,19.81973],[-90.55409,19.8197],[-90.55404,19.81967],[-90.55315,19.81932],[-90.55192,19.81892],[-90.55164,19.81985],[-90.55051,19.81946],[-90.55054,19.81943],[-90.55061,19.81912],[-90.55065,19.819],[-90.5508,19.81851],[-90.54966,19.81811],[-90.5486,19.81773],[-90.54853,19.81771],[-90.54852,19.8177],[-90.54793,19.81749],[-90.54736,19.81728],[-90.54734,19.81727],[-90.54621,19.81687],[-90.54594,19.81784],[-90.54568,19.81877],[-90.54543,19.81965],[-90.54543,19.81968],[-90.54543,19.81969],[-90.54542,19.81969],[-90.54531,19.82004],[-90.54516,19.82056],[-90.54517,19.82063],[-90.54571,19.82083],[-90.54632,19.82106],[-90.54744,19.82147],[-90.5486,19.82189],[-90.54885,19.82196],[-90.54888,19.82202],[-90.54925,19.82289],[-90.54932,19.82302],[-90.54949,19.82334],[-90.55021,19.8246],[-90.5506,19.82523],[-90.55063,19.82524],[-90.55155,19.82558],[-90.55136,19.82494],[-90.55139,19.8249],[-90.55197,19.82473],[-90.5521,19.8251],[-90.55212,19.82515],[-90.55246,19.82504],[-90.5525,19.82503],[-90.55322,19.82483],[-90.55347,19.82531],[-90.55357,19.82569],[-90.55366,19.82602]]]}},{"type":"Feature","properties":{"cvegeo":"0400200012264","cve_ent":"04","fuente":"INEGI — Marco Geoestadístico 2024","fecha_corte":"2024-08","cve_mun":"04002","cve_ageb":"2264","cve_loc":"0001"},"geometry":{"type":"Polygon","coordinates":[[[-90.48081,19.83314],[-90.48096,19.8333],[-90.48117,19.83343],[-90.48155,19.83367],[-90.48216,19.83286],[-90.48264,19.83222],[-90.48313,19.83156],[-90.48361,19.8309],[-90.48451,19.82956],[-90.48461,19.82942],[-90.48513,19.82871],[-90.48473,19.82843],[-90.48438,19.82816],[-90.48438,19.82816],[-90.48438,19.82816],[-90.48377,19.82902],[-90.48339,19.82875],[-90.48243,19.83012],[-90.48243,19.83012],[-90.48243,19.83012],[-90.48242,19.83012],[-90.48219,19.82996],[-90.48219,19.82996],[-90.48217,19.82999],[-90.48122,19.8313],[-90.48146,19.83142],[-90.48142,19.83147],[-90.48098,19.83211],[-90.48055,19.83273],[-90.48055,19.83273],[-90.48063,19.83293],[-90.48065,19.83297],[-90.48068,19.833],[-90.48077,19.83311],[-90.48081,19.83314]]]}},{"type":"Feature","properties":{"cvegeo":"040020077175A","cve_ent":"04","fuente":"INEGI — Marco Geoestadístico 2024","fecha_corte":"2024-08","cve_mun":"04002","cve_ageb":"175A","cve_loc":"0077"},"geometry":{"type":"Polygon","coordinates":[[[-90.50561,19.75919],[-90.50546,19.75928],[-90.50539,19.75934],[-90.50531,19.75939],[-90.50525,19.75943],[-90.5052,19.75946],[-90.50514,19.75948],[-90.50509,19.75951],[-90.50502,19.75954],[-90.5047,19.75966],[-90.50464,19.75968],[-90.50417,19.75979],[-90.50398,19.75989],[-90.50395,19.75991],[-90.50339,19.76034],[-90.50298,19.76067],[-90.50288,19.76078],[-90.50282,19.76085],[-90.50276,19.76093],[-90.50273,19.76098],[-90.5027,19.76104],[-90.50266,19.76108],[-90.50263,19.76119],[-90.50258,19.7613],[-90.50254,19.76139],[-90.50251,19.76147],[-90.50248,19.76155],[-90.50246,19.76164],[-90.50243,19.76175],[-90.50241,19.76183],[-90.5024,19.76192],[-90.50239,19.76198],[-90.50238,19.76204],[-90.50238,19.7621],[-90.50238,19.76217],[-90.50234,19.76235],[-90.50232,19.76241],[-90.50238,19.76269],[-90.5025,19.76319],[-90.50265,19.76379],[-90.50278,19.76427],[-90.50295,19.76502],[-90.50322,19.76618],[-90.50331,19.76661],[-90.50335,19.76705],[-90.50342,19.76702],[-90.50362,19.76685],[-90.50401,19.76647],[-90.50405,19.76643],[-90.50408,19.76641],[-90.50411,19.7664],[-90.50414,19.76639],[-90.50443,19.76639],[-90.50475,19.7664],[-90.50481,19.7664],[-90.50484,19.76641],[-90.50487,19.7653],[-90.50485,19.76515],[-90.50486,19.76498],[-90.5049,19.76491],[-90.505,19.76469],[-90.50492,19.76451],[-90.50494,19.76441],[-90.50504,19.76435],[-90.5051,19.76419],[-90.50517,19.76406],[-90.50529,19.76396],[-90.5053,19.76392],[-90.50546,19.76366],[-90.50552,19.7635],[-90.50575,19.76309],[-90.50574,19.76304],[-90.50579,19.76273],[-90.50619,19.76212],[-90.50611,19.76199],[-90.50608,19.76195],[-90.50604,19.76191],[-90.506,19.76187],[-90.50597,19.76185],[-90.50594,19.76182],[-90.50584,19.76177],[-90.50577,19.76173],[-90.50571,19.76168],[-90.50565,19.76163],[-90.5056,19.76158],[-90.50556,19.76153],[-90.50552,19.76148],[-90.50548,19.76143],[-90.50545,19.76137],[-90.5052,19.76098],[-90.50637,19.76091],[-90.50631,19.76061],[-90.50615,19.76038],[-90.50606,19.76004],[-90.50596,19.75986],[-90.5059,19.75955],[-90.5059,19.75953],[-90.50589,19.7595],[-90.50589,19.75947],[-90.50587,19.75943],[-90.50585,19.7594],[-90.50562,19.75918],[-90.50561,19.75919]]]}},{"type":"Feature","properties":{"cvegeo":"0400200012194","cve_ent":"04","fuente":"INEGI — Marco Geoestadístico 2024","fecha_corte":"2024-08","cve_mun":"04002","cve_ageb":"2194","cve_loc":"0001"},"geometry":{"type":"Polygon","coordinates":[[[-90.48895,19.80636],[-90.4892,19.80642],[-90.48939,19.80647],[-90.48978,19.80641],[-90.49006,19.80636],[-90.49017,19.80633],[-90.49055,19.80626],[-90.49058,19.80625],[-90.4906,19.80625],[-90.49043,19.80559],[-90.49039,19.80546],[-90.49025,19.80488],[-90.48991,19.80353],[-90.48988,19.80341],[-90.48987,19.8034],[-90.48987,19.80339],[-90.48987,19.80339],[-90.48987,19.80338],[-90.48986,19.80337],[-90.48981,19.80314],[-90.48978,19.80305],[-90.48962,19.80248],[-90.48952,19.80206],[-90.48951,19.80199],[-90.48949,19.802],[-90.48948,19.802],[-90.48946,19.802],[-90.48944,19.80199],[-90.48943,19.80199],[-90.48942,19.80199],[-90.4894,19.80199],[-90.48939,19.80198],[-90.48938,19.80198],[-90.48937,19.80197],[-90.48936,19.80197],[-90.48935,19.80196],[-90.48933,19.80196],[-90.48932,19.80195],[-90.48931,19.80194],[-90.4893,19.80193],[-90.4893,19.80193],[-90.48929,19.80192],[-90.48928,19.80191],[-90.48927,19.8019],[-90.48926,19.80189],[-90.48926,19.80188],[-90.48925,19.80187],[-90.48925,19.80186],[-90.48924,19.80184],[-90.48924,19.80183],[-90.48923,19.80182],[-90.48923,19.80181],[-90.48923,19.8018],[-90.48923,19.80179],[-90.48923,19.80177],[-90.48923,19.80176],[-90.48923,19.80175],[-90.48923,19.80174],[-90.48923,19.80172],[-90.48923,19.80171],[-90.48924,19.8017],[-90.48924,19.80169],[-90.48924,19.80168],[-90.48925,19.80167],[-90.48925,19.80166],[-90.48926,19.80165],[-90.48927,19.80163],[-90.48928,19.80162],[-90.48928,19.80162],[-90.48929,19.80161],[-90.4893,19.8016],[-90.48931,19.80159],[-90.48932,19.80158],[-90.48933,19.80157],[-90.48934,19.80157],[-90.48935,19.80156],[-90.48936,19.80156],[-90.48938,19.80155],[-90.48939,19.80155],[-90.48937,19.80149],[-90.48924,19.80104],[-90.48915,19.8008],[-90.48908,19.80062],[-90.48905,19.80056],[-90.489,19.80049],[-90.48895,19.80041],[-90.4878,19.79913],[-90.48774,19.79906],[-90.48768,19.79899],[-90.48749,19.79938],[-90.48741,19.79958],[-90.4873,19.79983],[-90.48711,19.80027],[-90.48693,19.80069],[-90.48671,19.80122],[-90.4868,19.80132],[-90.48685,19.80138],[-90.48678,19.80161],[-90.48663,19.80212],[-90.4867,19.80241],[-90.48705,19.80373],[-90.4872,19.80412],[-90.48754,19.80405],[-90.48788,19.80539],[-90.48809,19.80628],[-90.48853,19.80621],[-90.48853,19.80621],[-90.48895,19.80636]]]}},{"type":"Feature","properties":{"cvegeo":"040020001225A","cve_ent":"04","fuente":"INEGI — Marco Geoestadístico 2024","fecha_corte":"2024-08","cve_mun":"04002","cve_ageb":"225A","cve_loc":"0001"},"geometry":{"type":"Polygon","coordinates":[[[-90.47736,19.85035],[-90.47752,19.85042],[-90.47769,19.85048],[-90.47792,19.85048],[-90.47809,19.85043],[-90.47834,19.85029],[-90.47851,19.85017],[-90.47885,19.85004],[-90.47915,19.85003],[-90.47935,19.85009],[-90.47965,19.85021],[-90.47991,19.84995],[-90.48023,19.84963],[-90.48055,19.84934],[-90.48083,19.84908],[-90.48098,19.84888],[-90.48131,19.84855],[-90.48164,19.84822],[-90.48197,19.84789],[-90.48231,19.84755],[-90.48264,19.84722],[-90.48295,19.84691],[-90.48297,19.84689],[-90.48331,19.84656],[-90.48365,19.84624],[-90.48399,19.8459],[-90.48432,19.84557],[-90.48463,19.84528],[-90.48422,19.84497],[-90.48383,19.84469],[-90.48346,19.8444],[-90.48309,19.84414],[-90.48269,19.84384],[-90.48339,19.84318],[-90.48311,19.84297],[-90.48276,19.84272],[-90.48236,19.84243],[-90.48195,19.84213],[-90.48188,19.84208],[-90.4818,19.84201],[-90.48168,19.84179],[-90.48166,19.84176],[-90.48171,19.84146],[-90.4819,19.84115],[-90.48197,19.84105],[-90.48214,19.84079],[-90.48222,19.84065],[-90.48238,19.8404],[-90.48247,19.84025],[-90.48263,19.84001],[-90.48274,19.83984],[-90.48285,19.83966],[-90.48289,19.8395],[-90.48286,19.83929],[-90.48273,19.83914],[-90.48249,19.839],[-90.4822,19.83884],[-90.4821,19.83878],[-90.48181,19.83862],[-90.48171,19.83856],[-90.48141,19.83837],[-90.48095,19.83811],[-90.48055,19.83788],[-90.47971,19.8374],[-90.47967,19.83744],[-90.47967,19.83744],[-90.47964,19.83747],[-90.4796,19.83749],[-90.47955,19.83751],[-90.4795,19.83752],[-90.47946,19.83753],[-90.47941,19.83753],[-90.47936,19.83752],[-90.47931,19.8375],[-90.47927,19.83748],[-90.47923,19.83745],[-90.4792,19.83742],[-90.47918,19.8374],[-90.47918,19.8374],[-90.47882,19.83767],[-90.47832,19.83805],[-90.47825,19.83808],[-90.4779,19.83832],[-90.47751,19.8386],[-90.47715,19.83887],[-90.4768,19.83915],[-90.4768,19.83915],[-90.47798,19.83985],[-90.47896,19.84041],[-90.47882,19.84061],[-90.47882,19.84061],[-90.47837,19.84039],[-90.47802,19.84019],[-90.47764,19.83999],[-90.47764,19.83999],[-90.47744,19.84034],[-90.4778,19.84055],[-90.4778,19.84055],[-90.4775,19.84105],[-90.47749,19.84105],[-90.4769,19.84198],[-90.47617,19.84317],[-90.47655,19.84336],[-90.47695,19.84359],[-90.47735,19.84382],[-90.4778,19.84405],[-90.47736,19.84477],[-90.47728,19.84491],[-90.47588,19.84701],[-90.47588,19.84701],[-90.47531,19.8473],[-90.47479,19.84756],[-90.47479,19.84756],[-90.47458,19.84798],[-90.47454,19.84921],[-90.47477,19.84923],[-90.47506,19.84926],[-90.47506,19.84926],[-90.4756,19.8495],[-90.47567,19.84953],[-90.47736,19.85035]]]}},{"type":"Feature","properties":{"cvegeo":"0400200011482","cve_ent":"04","fuente":"INEGI — Marco Geoestadístico 2024","fecha_corte":"2024-08","cve_mun":"04002","cve_ageb":"1482","cve_loc":"0001"},"geometry":{"type":"Polygon","coordinates":[[[-90.52093,19.82487],[-90.52152,19.82504],[-90.52198,19.82516],[-90.52198,19.82513],[-90.52198,19.82512],[-90.52205,19.8249],[-90.52206,19.8249],[-90.52221,19.82492],[-90.52229,19.82495],[-90.52265,19.82498],[-90.52297,19.82496],[-90.52297,19.82492],[-90.52297,19.82443],[-90.52301,19.82443],[-90.52342,19.82436],[-90.5235,19.82436],[-90.52359,19.82434],[-90.52367,19.82429],[-90.52369,19.82427],[-90.52372,19.82423],[-90.52378,19.82414],[-90.52379,19.82413],[-90.5239,19.82405],[-90.52399,19.824],[-90.52405,19.82398],[-90.52411,19.82396],[-90.52427,19.82398],[-90.52437,19.82404],[-90.52438,19.82405],[-90.52441,19.82408],[-90.52449,19.82414],[-90.52458,19.82421],[-90.52475,19.82439],[-90.52481,19.82434],[-90.52481,19.8243],[-90.52481,19.82424],[-90.52488,19.82379],[-90.52477,19.82371],[-90.52462,19.82361],[-90.52468,19.82358],[-90.52485,19.82349],[-90.52495,19.82344],[-90.5251,19.82338],[-90.52532,19.82336],[-90.52578,19.82339],[-90.52581,19.82339],[-90.52585,19.82339],[-90.52588,19.82342],[-90.52593,19.82344],[-90.526,19.82345],[-90.52605,19.82345],[-90.52608,19.82345],[-90.52613,19.82346],[-90.52619,19.82346],[-90.52629,19.82345],[-90.52639,19.82344],[-90.52649,19.82343],[-90.52649,19.8234],[-90.52645,19.82311],[-90.52643,19.82305],[-90.52634,19.82261],[-90.5262,19.82198],[-90.52602,19.82094],[-90.52582,19.82007],[-90.52576,19.81975],[-90.52555,19.81882],[-90.52549,19.81863],[-90.52542,19.81864],[-90.52281,19.81921],[-90.52285,19.81865],[-90.52286,19.8185],[-90.52258,19.81836],[-90.52237,19.81828],[-90.52217,19.81821],[-90.52215,19.8182],[-90.52191,19.81811],[-90.52177,19.81804],[-90.52144,19.81792],[-90.52135,19.81789],[-90.5211,19.81813],[-90.52113,19.81776],[-90.52121,19.81724],[-90.52092,19.81711],[-90.52068,19.81704],[-90.52046,19.817],[-90.52035,19.8185],[-90.52047,19.81849],[-90.52081,19.8184],[-90.52088,19.81836],[-90.52087,19.81872],[-90.52087,19.81898],[-90.52087,19.81901],[-90.52087,19.81913],[-90.52088,19.81932],[-90.52088,19.81955],[-90.52089,19.81965],[-90.521,19.82006],[-90.52068,19.82021],[-90.52068,19.82022],[-90.52062,19.82082],[-90.5206,19.82103],[-90.52058,19.82122],[-90.52057,19.82131],[-90.52056,19.82142],[-90.52055,19.8215],[-90.52055,19.8215],[-90.52055,19.82152],[-90.52055,19.82155],[-90.52054,19.82155],[-90.52051,19.82154],[-90.52049,19.82183],[-90.52043,19.8223],[-90.52035,19.82282],[-90.52035,19.82313],[-90.5204,19.82338],[-90.52041,19.82347],[-90.52041,19.82347],[-90.5204,19.82352],[-90.52035,19.82361],[-90.52032,19.82403],[-90.52074,19.82402],[-90.52095,19.82402],[-90.52082,19.82418],[-90.52077,19.82424],[-90.52078,19.82435],[-90.52083,19.82443],[-90.52095,19.82446],[-90.52093,19.82487]]]}},{"type":"Feature","properties":{"cvegeo":"0400200012207","cve_ent":"04","fuente":"INEGI — Marco Geoestadístico 2024","fecha_corte":"2024-08","cve_mun":"04002","cve_ageb":"2207","cve_loc":"0001"},"geometry":{"type":"Polygon","coordinates":[[[-90.51539,19.82569],[-90.51578,19.82568],[-90.51632,19.82564],[-90.51634,19.82564],[-90.51634,19.82564],[-90.51663,19.82561],[-90.51699,19.82558],[-90.51804,19.82547],[-90.51803,19.82529],[-90.51794,19.82517],[-90.51781,19.82493],[-90.5178,19.82482],[-90.51781,19.82471],[-90.51783,19.82461],[-90.51785,19.82455],[-90.51787,19.8245],[-90.51788,19.82442],[-90.51792,19.82443],[-90.51839,19.8245],[-90.51923,19.82457],[-90.51942,19.82456],[-90.52009,19.82451],[-90.52083,19.82443],[-90.52078,19.82435],[-90.52077,19.82424],[-90.52082,19.82418],[-90.52095,19.82402],[-90.52074,19.82402],[-90.52032,19.82403],[-90.52035,19.82361],[-90.5204,19.82352],[-90.52041,19.82347],[-90.52041,19.82347],[-90.5204,19.82338],[-90.52035,19.82313],[-90.52035,19.82282],[-90.52043,19.8223],[-90.52049,19.82183],[-90.52051,19.82154],[-90.52054,19.82155],[-90.52055,19.82155],[-90.52055,19.82152],[-90.52055,19.8215],[-90.52055,19.8215],[-90.52056,19.82142],[-90.52057,19.82131],[-90.52058,19.82122],[-90.5206,19.82103],[-90.52062,19.82082],[-90.52068,19.82022],[-90.52068,19.82021],[-90.52036,19.82038],[-90.52017,19.82047],[-90.51987,19.82061],[-90.51973,19.82072],[-90.51957,19.82091],[-90.51938,19.82106],[-90.51924,19.82115],[-90.519,19.82118],[-90.51873,19.8212],[-90.51832,19.82119],[-90.51812,19.82117],[-90.51757,19.8211],[-90.51742,19.82107],[-90.51738,19.82106],[-90.51739,19.82101],[-90.51739,19.82101],[-90.51723,19.82091],[-90.51706,19.82082],[-90.51642,19.82057],[-90.51626,19.82057],[-90.51622,19.82057],[-90.51593,19.82056],[-90.51589,19.82081],[-90.51587,19.82103],[-90.51583,19.82127],[-90.51577,19.82148],[-90.51571,19.82193],[-90.51565,19.82237],[-90.51558,19.82282],[-90.51557,19.82288],[-90.51551,19.82323],[-90.5155,19.82326],[-90.51548,19.82331],[-90.51535,19.8237],[-90.51535,19.82373],[-90.51518,19.82416],[-90.51503,19.82459],[-90.51501,19.82479],[-90.51516,19.82516],[-90.51524,19.8253],[-90.51534,19.82552],[-90.51539,19.82569]]]}},{"type":"Feature","properties":{"cvegeo":"0400200772298","cve_ent":"04","fuente":"INEGI — Marco Geoestadístico 2024","fecha_corte":"2024-08","cve_mun":"04002","cve_ageb":"2298","cve_loc":"0077"},"geometry":{"type":"Polygon","coordinates":[[[-90.49541,19.7766],[-90.49544,19.7766],[-90.49558,19.77666],[-90.49562,19.77666],[-90.49568,19.77667],[-90.49574,19.77667],[-90.4958,19.77667],[-90.49584,19.77667],[-90.49604,19.77658],[-90.4959,19.77629],[-90.49585,19.77618],[-90.49585,19.77613],[-90.49584,19.77611],[-90.49582,19.77608],[-90.4958,19.77603],[-90.49572,19.77593],[-90.49571,19.7759],[-90.49569,19.77586],[-90.49567,19.77581],[-90.49566,19.77578],[-90.49566,19.77575],[-90.49566,19.77572],[-90.49567,19.77568],[-90.49568,19.77563],[-90.49569,19.77561],[-90.4957,19.77558],[-90.4957,19.77555],[-90.4957,19.77552],[-90.49569,19.77533],[-90.49543,19.77537],[-90.49539,19.77538],[-90.49535,19.77539],[-90.49531,19.77541],[-90.49499,19.77554],[-90.49498,19.77588],[-90.49496,19.77615],[-90.49496,19.77646],[-90.49499,19.77652],[-90.49503,19.77658],[-90.49531,19.77659],[-90.49535,19.77659],[-90.49538,19.77659],[-90.49541,19.7766]]]}},{"type":"Feature","properties":{"cvegeo":"0400200872315","cve_ent":"04","fuente":"INEGI — Marco Geoestadístico 2024","fecha_corte":"2024-08","cve_mun":"04002","cve_ageb":"2315","cve_loc":"0087"},"geometry":{"type":"Polygon","coordinates":[[[-90.58561,19.81715],[-90.58576,19.81733],[-90.58578,19.81735],[-90.58578,19.81735],[-90.58578,19.81735],[-90.58579,19.81734],[-90.58583,19.81733],[-90.58589,19.81721],[-90.5859,19.81718],[-90.58592,19.81714],[-90.58592,19.81712],[-90.58592,19.81712],[-90.58594,19.81703],[-90.58589,19.8169],[-90.58592,19.81685],[-90.58594,19.81683],[-90.58603,19.81674],[-90.58604,19.81674],[-90.58608,19.81672],[-90.58616,19.81663],[-90.58619,19.8166],[-90.58627,19.81652],[-90.58637,19.81644],[-90.58639,19.81643],[-90.58643,19.81642],[-90.58652,19.81641],[-90.58653,19.81641],[-90.58654,19.81639],[-90.58655,19.81638],[-90.58658,19.81633],[-90.58659,19.81627],[-90.58659,19.81627],[-90.58658,19.81622],[-90.58658,19.81621],[-90.58664,19.81616],[-90.58674,19.81608],[-90.5868,19.81603],[-90.58694,19.81594],[-90.58736,19.81569],[-90.58783,19.81544],[-90.58856,19.81505],[-90.58869,19.81498],[-90.58904,19.81475],[-90.58922,19.81463],[-90.58929,19.81457],[-90.58929,19.81457],[-90.58929,19.81457],[-90.5893,19.81456],[-90.58942,19.81442],[-90.58942,19.81442],[-90.58943,19.81442],[-90.58958,19.8143],[-90.58963,19.81426],[-90.58963,19.81426],[-90.58963,19.81426],[-90.58969,19.81422],[-90.5898,19.81416],[-90.58981,19.81416],[-90.58981,19.81416],[-90.58997,19.81406],[-90.59005,19.81402],[-90.59021,19.81397],[-90.59039,19.81395],[-90.59046,19.81397],[-90.59059,19.814],[-90.59075,19.81413],[-90.59078,19.8141],[-90.59083,19.81406],[-90.59088,19.81412],[-90.59089,19.81414],[-90.59123,19.81462],[-90.5917,19.81528],[-90.59164,19.81533],[-90.5917,19.81542],[-90.59171,19.81543],[-90.59171,19.81543],[-90.59169,19.81544],[-90.59164,19.81546],[-90.59168,19.81551],[-90.59172,19.81549],[-90.59173,19.81548],[-90.59171,19.81546],[-90.59172,19.81545],[-90.59177,19.81543],[-90.59188,19.8156],[-90.59185,19.81561],[-90.59184,19.81562],[-90.59184,19.81562],[-90.59183,19.81563],[-90.59178,19.81565],[-90.59181,19.81569],[-90.59186,19.81567],[-90.59187,19.81567],[-90.59186,19.81566],[-90.59186,19.81563],[-90.5919,19.81562],[-90.5922,19.81604],[-90.59224,19.81619],[-90.59227,19.8163],[-90.59225,19.81633],[-90.5926,19.8168],[-90.59265,19.81678],[-90.59277,19.81671],[-90.59308,19.81715],[-90.59308,19.81715],[-90.59309,19.81715],[-90.59311,19.81713],[-90.59323,19.81706],[-90.59284,19.81653],[-90.59262,19.81621],[-90.5926,19.81617],[-90.5922,19.81563],[-90.59211,19.81553],[-90.59192,19.81532],[-90.59188,19.81526],[-90.59188,19.81526],[-90.59184,19.81521],[-90.59183,19.81522],[-90.59179,19.81524],[-90.59144,19.81473],[-90.59147,19.8147],[-90.59147,19.81469],[-90.59148,19.81469],[-90.5915,19.81467],[-90.59161,19.81454],[-90.59162,19.81453],[-90.59166,19.81452],[-90.59182,19.81449],[-90.59191,19.81448],[-90.59215,19.81438],[-90.59234,19.81428],[-90.59234,19.81427],[-90.59236,19.81423],[-90.59237,19.81422],[-90.59265,19.81397],[-90.59267,19.81395],[-90.59268,19.81394],[-90.59275,19.814],[-90.59275,19.81401],[-90.5929,19.81392],[-90.59343,19.8136],[-90.59346,19.81358],[-90.59347,19.81357],[-90.59349,19.81357],[-90.59341,19.81345],[-90.59343,19.8134],[-90.5935,19.81335],[-90.59357,19.8133],[-90.59389,19.81311],[-90.59436,19.81284],[-90.5946,19.81275],[-90.59462,19.81276],[-90.59465,19.81276],[-90.59467,19.81277],[-90.59467,19.81277],[-90.59469,19.81278],[-90.59498,19.81261],[-90.59501,19.81259],[-90.59505,19.81258],[-90.59507,19.81257],[-90.59507,19.81257],[-90.59511,19.81257],[-90.59535,19.81292],[-90.59536,19.81293],[-90.59565,19.81335],[-90.59569,19.81334],[-90.59709,19.81302],[-90.59715,19.81323],[-90.59716,19.81323],[-90.59716,19.81323],[-90.59813,19.81302],[-90.59806,19.81263],[-90.5958,19.81314],[-90.5957,19.81311],[-90.5949,19.81199],[-90.59604,19.8113],[-90.59653,19.81099],[-90.59655,19.81102],[-90.59732,19.81209],[-90.59734,19.81208],[-90.59737,19.81206],[-90.59764,19.81189],[-90.59805,19.81163],[-90.59819,19.81154],[-90.59827,19.8115],[-90.59827,19.81149],[-90.59833,19.81145],[-90.59864,19.81104],[-90.598,19.81013],[-90.59798,19.81009],[-90.59802,19.80993],[-90.5983,19.80972],[-90.59863,19.80953],[-90.59907,19.80927],[-90.59905,19.80924],[-90.59858,19.80853],[-90.59861,19.80844],[-90.5987,19.80833],[-90.59886,19.80819],[-90.59953,19.80785],[-90.59951,19.80782],[-90.5993,19.80755],[-90.59927,19.80755],[-90.59925,19.80753],[-90.59912,19.80735],[-90.59903,19.80723],[-90.59901,19.80714],[-90.59897,19.80692],[-90.59896,19.80659],[-90.59896,19.80657],[-90.59894,19.80652],[-90.59879,19.80621],[-90.59869,19.80598],[-90.59858,19.80574],[-90.59855,19.80574],[-90.59851,19.80574],[-90.59816,19.80585],[-90.59779,19.80599],[-90.59775,19.80599],[-90.59775,19.806],[-90.59775,19.80603],[-90.59791,19.80641],[-90.59792,19.80643],[-90.59773,19.80652],[-90.5976,19.80656],[-90.59734,19.80661],[-90.59729,19.80658],[-90.5972,19.80621],[-90.59704,19.80579],[-90.59705,19.80567],[-90.59699,19.80545],[-90.59695,19.80541],[-90.59694,19.8054],[-90.59679,19.80539],[-90.59651,19.80543],[-90.59647,19.80544],[-90.59626,19.80508],[-90.59615,19.80501],[-90.59605,19.80497],[-90.59577,19.80488],[-90.59568,19.80482],[-90.59559,19.80471],[-90.59548,19.80458],[-90.5954,19.80461],[-90.5953,19.80467],[-90.59505,19.80483],[-90.59482,19.80499],[-90.59472,19.80506],[-90.59467,19.80511],[-90.59454,19.80521],[-90.59444,19.80528],[-90.59414,19.80547],[-90.59362,19.80577],[-90.59347,19.80585],[-90.59347,19.80585],[-90.59329,19.80598],[-90.59305,19.80609],[-90.59271,19.80634],[-90.59187,19.80685],[-90.59187,19.80685],[-90.59115,19.80728],[-90.5903,19.80778],[-90.5903,19.80778],[-90.59027,19.8078],[-90.59024,19.80782],[-90.58872,19.80864],[-90.5877,19.80928],[-90.5877,19.80928],[-90.5877,19.80928],[-90.58755,19.80953],[-90.58747,19.80971],[-90.5874,19.81008],[-90.58729,19.81071],[-90.58729,19.81071],[-90.58729,19.81071],[-90.58673,19.8111],[-90.58734,19.81201],[-90.58718,19.81238],[-90.58718,19.81238],[-90.58709,19.81239],[-90.58702,19.81241],[-90.58693,19.81243],[-90.58686,19.81245],[-90.58683,19.81246],[-90.5867,19.8125],[-90.58669,19.81251],[-90.58651,19.81256],[-90.58637,19.81261],[-90.58627,19.81267],[-90.58627,19.81267],[-90.58627,19.81267],[-90.5862,19.81273],[-90.58583,19.81311],[-90.58576,19.81318],[-90.58572,19.81321],[-90.58569,19.81322],[-90.58568,19.81322],[-90.58561,19.81323],[-90.58538,19.81321],[-90.58512,19.81321],[-90.58512,19.81321],[-90.58504,19.81324],[-90.58503,19.81324],[-90.58503,19.81324],[-90.58499,19.81328],[-90.58499,19.81328],[-90.58495,19.81333],[-90.58491,19.81341],[-90.5849,19.81346],[-90.58489,19.81351],[-90.5849,19.81355],[-90.58494,19.81359],[-90.58499,19.81362],[-90.58504,19.81362],[-90.58502,19.81376],[-90.58502,19.81376],[-90.58502,19.81376],[-90.58437,19.81423],[-90.58437,19.81423],[-90.58437,19.81423],[-90.58518,19.81519],[-90.58564,19.81587],[-90.58564,19.81587],[-90.58553,19.81599],[-90.58563,19.81608],[-90.58591,19.81635],[-90.58514,19.81688],[-90.58539,19.81718],[-90.58541,19.81721],[-90.58541,19.81721],[-90.58546,19.81717],[-90.58546,19.81716],[-90.58547,19.81717],[-90.58547,19.81717],[-90.58549,19.81719],[-90.58549,19.81719],[-90.58555,19.81714],[-90.58555,19.81714],[-90.58555,19.81714],[-90.58556,19.81715],[-90.58558,19.81717],[-90.58558,19.81717],[-90.58561,19.81715],[-90.58561,19.81715],[-90.58561,19.81715]]]}},{"type":"Feature","properties":{"cvegeo":"040020465015A","cve_ent":"04","fuente":"INEGI — Marco Geoestadístico 2024","fecha_corte":"2024-08","cve_mun":"04002","cve_ageb":"015A","cve_loc":"0465"},"geometry":{"type":"Polygon","coordinates":[[[-89.99398,19.48975],[-89.99558,19.49044],[-89.99569,19.48979],[-89.99723,19.49052],[-89.99869,19.49056],[-89.99873,19.4899],[-89.99877,19.4899],[-89.99924,19.48994],[-89.99927,19.48979],[-89.9993,19.48964],[-89.99935,19.48949],[-89.9994,19.48935],[-89.99945,19.48921],[-89.99978,19.48853],[-90.0001,19.48787],[-90.00026,19.48753],[-90.0003,19.48743],[-90.00037,19.48728],[-90.00043,19.48712],[-90.00046,19.48703],[-90.00049,19.48693],[-90.00052,19.48684],[-90.00054,19.48674],[-90.00057,19.48664],[-90.00059,19.48654],[-90.00061,19.48646],[-90.00061,19.48636],[-90.00061,19.48627],[-90.00061,19.48618],[-90.0006,19.48608],[-90.00058,19.48599],[-90.00056,19.4859],[-90.00053,19.48581],[-90.0005,19.48572],[-90.00045,19.48559],[-90.00043,19.48555],[-90.0004,19.4855],[-90.00037,19.48544],[-90.00034,19.48539],[-90.0003,19.48533],[-90.00023,19.48524],[-90.00016,19.48514],[-90.00008,19.48506],[-89.99999,19.48497],[-89.99991,19.4849],[-89.99983,19.48484],[-89.99974,19.48478],[-89.99966,19.48472],[-89.9996,19.48469],[-89.99954,19.48466],[-89.99944,19.48461],[-89.99907,19.48441],[-89.99777,19.48375],[-89.9976,19.48365],[-89.99718,19.48343],[-89.99761,19.4834],[-89.9977,19.48274],[-89.99722,19.48272],[-89.99722,19.48272],[-89.99731,19.48179],[-89.99616,19.48169],[-89.99459,19.48154],[-89.99455,19.48144],[-89.99446,19.48108],[-89.99445,19.48104],[-89.99445,19.48104],[-89.99442,19.48157],[-89.99436,19.48258],[-89.99431,19.48331],[-89.99428,19.48403],[-89.99428,19.48409],[-89.99424,19.48474],[-89.9942,19.48544],[-89.99417,19.48614],[-89.99413,19.48677],[-89.99414,19.48685],[-89.99409,19.48755],[-89.99405,19.48838],[-89.994,19.48916],[-89.99398,19.48975]]]}},{"type":"Feature","properties":{"cvegeo":"0400204650198","cve_ent":"04","fuente":"INEGI — Marco Geoestadístico 2024","fecha_corte":"2024-08","cve_mun":"04002","cve_ageb":"0198","cve_loc":"0465"},"geometry":{"type":"Polygon","coordinates":[[[-89.98694,19.48353],[-89.98533,19.48349],[-89.98376,19.48337],[-89.9823,19.48337],[-89.98241,19.48408],[-89.98252,19.48483],[-89.98263,19.48555],[-89.98273,19.48632],[-89.98274,19.48636],[-89.98286,19.48708],[-89.98296,19.48785],[-89.98308,19.48858],[-89.98324,19.48984],[-89.98462,19.48974],[-89.98503,19.48972],[-89.98664,19.48961],[-89.98819,19.48953],[-89.98821,19.48873],[-89.98824,19.48804],[-89.98829,19.48729],[-89.98833,19.48658],[-89.98838,19.48585],[-89.98843,19.48514],[-89.98847,19.48448],[-89.98847,19.48437],[-89.9885,19.48376],[-89.9885,19.48373],[-89.98847,19.4837],[-89.98844,19.48368],[-89.9884,19.48365],[-89.98837,19.48364],[-89.98833,19.48362],[-89.98829,19.48361],[-89.98825,19.4836],[-89.98821,19.48359],[-89.98694,19.48353]]]}},{"type":"Feature","properties":{"cvegeo":"0400200771317","cve_ent":"04","fuente":"INEGI — Marco Geoestadístico 2024","fecha_corte":"2024-08","cve_mun":"04002","cve_ageb":"1317","cve_loc":"0077"},"geometry":{"type":"Polygon","coordinates":[[[-90.49914,19.78333],[-90.49938,19.78434],[-90.5005,19.7888],[-90.5005,19.7888],[-90.50622,19.7879],[-90.50752,19.78758],[-90.50752,19.78758],[-90.50398,19.78356],[-90.50325,19.78277],[-90.50141,19.7807],[-90.50105,19.78031],[-90.50006,19.77924],[-90.50061,19.77869],[-90.50086,19.77778],[-90.50197,19.77634],[-90.50221,19.77547],[-90.50225,19.7754],[-90.50307,19.77456],[-90.50619,19.76959],[-90.50592,19.76902],[-90.50528,19.76766],[-90.50528,19.76766],[-90.50567,19.76658],[-90.50503,19.76645],[-90.50497,19.76643],[-90.50488,19.76641],[-90.50484,19.76641],[-90.50481,19.7664],[-90.50475,19.7664],[-90.50443,19.76639],[-90.50414,19.76639],[-90.50411,19.7664],[-90.50408,19.76641],[-90.50405,19.76643],[-90.50401,19.76647],[-90.50362,19.76685],[-90.50342,19.76702],[-90.50335,19.76705],[-90.50334,19.76713],[-90.50331,19.76743],[-90.50329,19.7676],[-90.50326,19.76812],[-90.50323,19.76862],[-90.50321,19.76882],[-90.50317,19.76909],[-90.50314,19.76915],[-90.50314,19.76917],[-90.50312,19.76926],[-90.50311,19.7693],[-90.5031,19.76935],[-90.50308,19.76939],[-90.50307,19.76944],[-90.50304,19.76949],[-90.50302,19.76952],[-90.503,19.76955],[-90.50293,19.76965],[-90.50286,19.76973],[-90.50277,19.76981],[-90.5026,19.76993],[-90.50198,19.77027],[-90.50146,19.77057],[-90.50093,19.7708],[-90.50069,19.77091],[-90.50064,19.77093],[-90.50058,19.77094],[-90.50015,19.77086],[-90.50013,19.77084],[-90.50011,19.77082],[-90.5001,19.77081],[-90.50008,19.77079],[-90.49988,19.77057],[-90.49974,19.77052],[-90.49938,19.77039],[-90.49892,19.77028],[-90.49875,19.77026],[-90.49861,19.77026],[-90.49768,19.77024],[-90.49648,19.7702],[-90.49639,19.7702],[-90.49609,19.77021],[-90.49538,19.77016],[-90.49365,19.7701],[-90.49364,19.77101],[-90.49321,19.77105],[-90.49281,19.77103],[-90.49275,19.772],[-90.49244,19.77195],[-90.49229,19.77193],[-90.49214,19.77189],[-90.49201,19.77186],[-90.49181,19.77181],[-90.4912,19.77159],[-90.49116,19.77158],[-90.49089,19.77211],[-90.49054,19.77277],[-90.49053,19.77281],[-90.49052,19.77307],[-90.49055,19.77308],[-90.49121,19.77314],[-90.49112,19.77395],[-90.49107,19.77453],[-90.49194,19.77471],[-90.49266,19.77481],[-90.49295,19.77461],[-90.49307,19.77493],[-90.4932,19.7752],[-90.49333,19.77547],[-90.49357,19.77564],[-90.49378,19.77576],[-90.49399,19.77588],[-90.49415,19.77594],[-90.49426,19.77596],[-90.4948,19.77563],[-90.49498,19.77555],[-90.49499,19.77554],[-90.49531,19.77541],[-90.49535,19.77539],[-90.49539,19.77538],[-90.49543,19.77537],[-90.49569,19.77533],[-90.4957,19.77552],[-90.4957,19.77555],[-90.4957,19.77558],[-90.49569,19.77561],[-90.49568,19.77563],[-90.49567,19.77568],[-90.49566,19.77572],[-90.49566,19.77575],[-90.49566,19.77578],[-90.49567,19.77581],[-90.49569,19.77586],[-90.49571,19.7759],[-90.49572,19.77593],[-90.4958,19.77603],[-90.49582,19.77608],[-90.49584,19.77611],[-90.49585,19.77613],[-90.49585,19.77618],[-90.4959,19.77629],[-90.49604,19.77658],[-90.49584,19.77667],[-90.4958,19.77667],[-90.49574,19.77667],[-90.49568,19.77667],[-90.49562,19.77666],[-90.49558,19.77666],[-90.49544,19.7766],[-90.49541,19.7766],[-90.49538,19.77659],[-90.49535,19.77659],[-90.49536,19.77668],[-90.49547,19.77739],[-90.49561,19.77736],[-90.49565,19.77752],[-90.49596,19.77749],[-90.49635,19.77749],[-90.49637,19.77749],[-90.49641,19.77749],[-90.49643,19.7775],[-90.49647,19.77756],[-90.4965,19.77759],[-90.49665,19.77793],[-90.49671,19.7782],[-90.49636,19.77839],[-90.49669,19.77878],[-90.49657,19.77926],[-90.49647,19.77928],[-90.49642,19.77929],[-90.4964,19.77929],[-90.49637,19.7793],[-90.49631,19.77933],[-90.49619,19.7794],[-90.49595,19.77955],[-90.49587,19.77959],[-90.49578,19.77964],[-90.49568,19.77968],[-90.49562,19.7797],[-90.49556,19.77971],[-90.49548,19.77972],[-90.4954,19.77973],[-90.49524,19.77976],[-90.4948,19.77991],[-90.49455,19.78],[-90.49497,19.78154],[-90.49497,19.78154],[-90.49563,19.78147],[-90.49563,19.78147],[-90.49564,19.78153],[-90.49564,19.78154],[-90.49628,19.78143],[-90.49629,19.78143],[-90.49641,19.78204],[-90.49661,19.78336],[-90.49674,19.78395],[-90.49887,19.78339],[-90.49905,19.78335],[-90.49914,19.78333],[-90.49914,19.78333]]]}},{"type":"Feature","properties":{"cvegeo":"0400200012283","cve_ent":"04","fuente":"INEGI — Marco Geoestadístico 2024","fecha_corte":"2024-08","cve_mun":"04002","cve_ageb":"2283","cve_loc":"0001"},"geometry":{"type":"Polygon","coordinates":[[[-90.47928,19.85843],[-90.47935,19.85817],[-90.47943,19.85794],[-90.47943,19.85793],[-90.47943,19.85793],[-90.47943,19.85793],[-90.47724,19.85742],[-90.47729,19.85725],[-90.47747,19.85678],[-90.47759,19.85653],[-90.47524,19.85599],[-90.47524,19.85599],[-90.47517,19.85624],[-90.47497,19.85669],[-90.47482,19.85713],[-90.4748,19.85713],[-90.47471,19.85711],[-90.47471,19.85711],[-90.4747,19.85714],[-90.47464,19.85736],[-90.47928,19.85843]]]}},{"type":"Feature","properties":{"cvegeo":"0400200012160","cve_ent":"04","fuente":"INEGI — Marco Geoestadístico 2024","fecha_corte":"2024-08","cve_mun":"04002","cve_ageb":"2160","cve_loc":"0001"},"geometry":{"type":"Polygon","coordinates":[[[-90.48614,19.85225],[-90.48653,19.85239],[-90.48693,19.85252],[-90.48685,19.85354],[-90.48683,19.85379],[-90.48714,19.85386],[-90.48755,19.85397],[-90.48802,19.85407],[-90.48837,19.85415],[-90.48842,19.85414],[-90.48848,19.85414],[-90.48853,19.85413],[-90.48858,19.85412],[-90.48862,19.85411],[-90.48866,19.8541],[-90.48869,19.8541],[-90.48873,19.85409],[-90.48876,19.85406],[-90.4888,19.85404],[-90.48906,19.85389],[-90.48908,19.85388],[-90.48929,19.85376],[-90.48936,19.85372],[-90.48946,19.85366],[-90.48985,19.85345],[-90.4901,19.85331],[-90.4904,19.85314],[-90.49082,19.85292],[-90.49104,19.8528],[-90.49177,19.85244],[-90.49187,19.85239],[-90.49218,19.85223],[-90.49233,19.85214],[-90.4927,19.85195],[-90.49276,19.85192],[-90.49311,19.85172],[-90.49315,19.8517],[-90.49357,19.85147],[-90.49368,19.85141],[-90.49439,19.85104],[-90.49478,19.85056],[-90.49516,19.85013],[-90.496,19.85027],[-90.49647,19.85034],[-90.4965,19.85036],[-90.49652,19.85036],[-90.49653,19.85036],[-90.49654,19.85037],[-90.49656,19.85037],[-90.49657,19.85037],[-90.49658,19.85037],[-90.4966,19.85037],[-90.49661,19.85037],[-90.49663,19.85037],[-90.49664,19.85037],[-90.49666,19.85037],[-90.49667,19.85036],[-90.49668,19.85036],[-90.4967,19.85035],[-90.49671,19.85035],[-90.49673,19.85033],[-90.49677,19.85031],[-90.49678,19.8503],[-90.49679,19.85029],[-90.4968,19.85029],[-90.4968,19.85028],[-90.49686,19.85012],[-90.49704,19.84963],[-90.49733,19.84887],[-90.49756,19.84819],[-90.49778,19.8477],[-90.49824,19.84652],[-90.49826,19.84647],[-90.4981,19.84648],[-90.49754,19.84645],[-90.49725,19.84645],[-90.49694,19.84646],[-90.49677,19.84647],[-90.49661,19.84652],[-90.49638,19.84665],[-90.49607,19.84682],[-90.49543,19.8472],[-90.49502,19.84744],[-90.49468,19.84763],[-90.49441,19.8478],[-90.49433,19.84784],[-90.4942,19.84792],[-90.49404,19.84802],[-90.49396,19.84808],[-90.49384,19.84819],[-90.49377,19.84829],[-90.4937,19.84841],[-90.4936,19.84875],[-90.49352,19.84899],[-90.49345,19.84918],[-90.49338,19.84928],[-90.49329,19.84935],[-90.49316,19.84944],[-90.49297,19.84956],[-90.49251,19.84987],[-90.49248,19.84989],[-90.49244,19.84991],[-90.49211,19.85013],[-90.49184,19.8503],[-90.49172,19.85039],[-90.4917,19.8504],[-90.49132,19.85063],[-90.4911,19.85078],[-90.49092,19.85089],[-90.49077,19.85099],[-90.49019,19.85137],[-90.49005,19.85145],[-90.48965,19.85171],[-90.48925,19.85195],[-90.48867,19.8523],[-90.48853,19.85234],[-90.48832,19.85237],[-90.48821,19.85237],[-90.488,19.85237],[-90.48788,19.85237],[-90.48778,19.85236],[-90.48772,19.85236],[-90.4867,19.85201],[-90.48628,19.85188],[-90.486,19.85181],[-90.48573,19.85177],[-90.48572,19.8518],[-90.48571,19.85186],[-90.48569,19.85201],[-90.48567,19.8521],[-90.48567,19.85213],[-90.48572,19.85214],[-90.4859,19.85217],[-90.48614,19.85225]]]}},{"type":"Feature","properties":{"cvegeo":"0400200012368","cve_ent":"04","fuente":"INEGI — Marco Geoestadístico 2024","fecha_corte":"2024-08","cve_mun":"04002","cve_ageb":"2368","cve_loc":"0001"},"geometry":{"type":"Polygon","coordinates":[[[-90.47425,19.85866],[-90.47386,19.85951],[-90.47661,19.86012],[-90.47656,19.86031],[-90.47641,19.8608],[-90.47687,19.86095],[-90.47693,19.86097],[-90.47766,19.86121],[-90.47808,19.86138],[-90.47808,19.86138],[-90.47811,19.86133],[-90.47822,19.86111],[-90.4784,19.86071],[-90.47846,19.86053],[-90.47853,19.86034],[-90.47855,19.86029],[-90.47871,19.85988],[-90.4788,19.85964],[-90.4788,19.85964],[-90.47427,19.85863],[-90.47427,19.85863],[-90.47427,19.85863],[-90.47425,19.85866]]]}},{"type":"Feature","properties":{"cvegeo":"0400200011868","cve_ent":"04","fuente":"INEGI — Marco Geoestadístico 2024","fecha_corte":"2024-08","cve_mun":"04002","cve_ageb":"1868","cve_loc":"0001"},"geometry":{"type":"Polygon","coordinates":[[[-90.48112,19.85369],[-90.48218,19.85392],[-90.48276,19.85404],[-90.48325,19.85415],[-90.48432,19.85439],[-90.48439,19.85413],[-90.48442,19.85405],[-90.48455,19.85369],[-90.4859,19.85398],[-90.48605,19.85361],[-90.48683,19.85379],[-90.48685,19.85354],[-90.48693,19.85252],[-90.48653,19.85239],[-90.48614,19.85225],[-90.4859,19.85217],[-90.48572,19.85214],[-90.48567,19.85213],[-90.48567,19.8521],[-90.48569,19.85201],[-90.48571,19.85186],[-90.48572,19.8518],[-90.48573,19.85177],[-90.48512,19.85174],[-90.48474,19.85174],[-90.48447,19.85177],[-90.48422,19.85177],[-90.48399,19.85179],[-90.48345,19.85183],[-90.48298,19.85183],[-90.48276,19.85181],[-90.48236,19.85172],[-90.48214,19.85165],[-90.48195,19.8516],[-90.48184,19.85152],[-90.4818,19.8515],[-90.48138,19.85126],[-90.48098,19.85102],[-90.48058,19.85077],[-90.48042,19.85068],[-90.48024,19.85057],[-90.48001,19.85109],[-90.47992,19.85131],[-90.47987,19.85143],[-90.47954,19.85217],[-90.47996,19.85228],[-90.48154,19.8526],[-90.4814,19.85298],[-90.48127,19.85333],[-90.48123,19.85342],[-90.48112,19.85369]]]}},{"type":"Feature","properties":{"cvegeo":"0400200011213","cve_ent":"04","fuente":"INEGI — Marco Geoestadístico 2024","fecha_corte":"2024-08","cve_mun":"04002","cve_ageb":"1213","cve_loc":"0001"},"geometry":{"type":"Polygon","coordinates":[[[-90.48863,19.8702],[-90.48864,19.87021],[-90.48894,19.87064],[-90.48913,19.87095],[-90.48923,19.87112],[-90.48946,19.87152],[-90.48954,19.87164],[-90.49007,19.87253],[-90.49086,19.87375],[-90.49118,19.87349],[-90.49148,19.87323],[-90.49165,19.87311],[-90.49249,19.87254],[-90.49257,19.87248],[-90.4936,19.87179],[-90.49408,19.87146],[-90.49405,19.87142],[-90.49402,19.87138],[-90.49387,19.87117],[-90.49384,19.87114],[-90.49382,19.87111],[-90.49343,19.87057],[-90.49341,19.87055],[-90.49339,19.87052],[-90.49298,19.86995],[-90.49293,19.86988],[-90.4929,19.86984],[-90.49264,19.86948],[-90.49248,19.86927],[-90.49247,19.86925],[-90.49246,19.86923],[-90.4921,19.86876],[-90.49196,19.86858],[-90.4919,19.8685],[-90.49182,19.86855],[-90.49155,19.86873],[-90.49149,19.86876],[-90.49119,19.86896],[-90.49115,19.86899],[-90.49117,19.86903],[-90.49084,19.86923],[-90.49078,19.86927],[-90.49045,19.86948],[-90.49012,19.8697],[-90.48979,19.86991],[-90.48977,19.86992],[-90.48937,19.87019],[-90.48892,19.86953],[-90.48861,19.86906],[-90.48821,19.86845],[-90.48786,19.86797],[-90.48747,19.86836],[-90.48773,19.86875],[-90.48789,19.86902],[-90.48805,19.86929],[-90.48816,19.86952],[-90.48832,19.86976],[-90.48861,19.87016],[-90.48863,19.8702]]]}},{"type":"Feature","properties":{"cvegeo":"0400200012141","cve_ent":"04","fuente":"INEGI — Marco Geoestadístico 2024","fecha_corte":"2024-08","cve_mun":"04002","cve_ageb":"2141","cve_loc":"0001"},"geometry":{"type":"Polygon","coordinates":[[[-90.48063,19.86213],[-90.48071,19.86216],[-90.48178,19.86239],[-90.4827,19.86262],[-90.48279,19.86239],[-90.4828,19.86238],[-90.48287,19.86217],[-90.48299,19.86194],[-90.48306,19.8617],[-90.48322,19.8613],[-90.48338,19.86086],[-90.48344,19.86087],[-90.48432,19.86106],[-90.48443,19.86109],[-90.48446,19.86098],[-90.48448,19.86091],[-90.4846,19.86056],[-90.4846,19.86055],[-90.48463,19.86048],[-90.48473,19.86021],[-90.48473,19.8602],[-90.48476,19.86012],[-90.48487,19.85981],[-90.48488,19.8598],[-90.48497,19.85973],[-90.48502,19.85975],[-90.48574,19.85939],[-90.48623,19.85914],[-90.48651,19.859],[-90.48667,19.85892],[-90.4871,19.8587],[-90.48718,19.85866],[-90.48768,19.85841],[-90.48773,19.85838],[-90.488,19.85825],[-90.48782,19.85789],[-90.48772,19.85768],[-90.48809,19.8575],[-90.48835,19.85738],[-90.48899,19.85707],[-90.48888,19.85673],[-90.48929,19.85655],[-90.48951,19.85645],[-90.48953,19.8563],[-90.4896,19.85597],[-90.48962,19.85584],[-90.48996,19.85568],[-90.49013,19.85561],[-90.49057,19.8554],[-90.49103,19.85518],[-90.49107,19.85516],[-90.49109,19.85514],[-90.49111,19.85513],[-90.49112,19.85512],[-90.49114,19.8551],[-90.49115,19.85509],[-90.49117,19.85507],[-90.49118,19.85506],[-90.49119,19.85504],[-90.4912,19.85502],[-90.49121,19.85501],[-90.49122,19.85499],[-90.49123,19.85497],[-90.49124,19.85495],[-90.49124,19.85493],[-90.49125,19.85491],[-90.49126,19.85488],[-90.49126,19.85485],[-90.49133,19.85456],[-90.49135,19.85448],[-90.49143,19.85412],[-90.4915,19.8538],[-90.49157,19.85348],[-90.49163,19.8532],[-90.49164,19.85314],[-90.49167,19.853],[-90.4917,19.85282],[-90.49176,19.8525],[-90.49177,19.85244],[-90.49104,19.8528],[-90.49082,19.85292],[-90.4904,19.85314],[-90.4901,19.85331],[-90.48985,19.85345],[-90.48946,19.85366],[-90.48936,19.85372],[-90.48929,19.85376],[-90.48908,19.85388],[-90.48906,19.85389],[-90.4888,19.85404],[-90.48876,19.85406],[-90.48873,19.85409],[-90.48869,19.8541],[-90.48866,19.8541],[-90.48862,19.85411],[-90.48858,19.85412],[-90.48853,19.85413],[-90.48848,19.85414],[-90.48842,19.85414],[-90.48837,19.85415],[-90.48802,19.85407],[-90.48755,19.85397],[-90.48714,19.85386],[-90.48683,19.85379],[-90.48605,19.85361],[-90.4859,19.85398],[-90.48455,19.85369],[-90.48442,19.85405],[-90.48439,19.85413],[-90.48432,19.85439],[-90.48325,19.85415],[-90.48276,19.85404],[-90.48218,19.85392],[-90.48112,19.85369],[-90.48111,19.85373],[-90.48098,19.85404],[-90.48084,19.85437],[-90.48079,19.8545],[-90.48069,19.85475],[-90.48061,19.85496],[-90.48053,19.85521],[-90.48051,19.85525],[-90.48045,19.85543],[-90.48033,19.85575],[-90.48019,19.85611],[-90.48019,19.85611],[-90.48014,19.85623],[-90.47977,19.85707],[-90.47943,19.85793],[-90.47943,19.85794],[-90.47935,19.85817],[-90.47928,19.85843],[-90.47914,19.85878],[-90.4791,19.85887],[-90.4788,19.85962],[-90.4788,19.85964],[-90.47871,19.85988],[-90.47855,19.86029],[-90.47853,19.86034],[-90.47846,19.86053],[-90.4784,19.86071],[-90.47822,19.86111],[-90.47811,19.86133],[-90.47808,19.86138],[-90.47808,19.86138],[-90.47807,19.8614],[-90.47799,19.86143],[-90.47792,19.86145],[-90.47789,19.86147],[-90.47787,19.86149],[-90.47787,19.86149],[-90.47947,19.86182],[-90.48065,19.86209],[-90.48063,19.86213]]]}},{"type":"Feature","properties":{"cvegeo":"0400200872334","cve_ent":"04","fuente":"INEGI — Marco Geoestadístico 2024","fecha_corte":"2024-08","cve_mun":"04002","cve_ageb":"2334","cve_loc":"0087"},"geometry":{"type":"Polygon","coordinates":[[[-90.60363,19.80278],[-90.60408,19.80332],[-90.60437,19.80372],[-90.60461,19.80406],[-90.60462,19.80408],[-90.60492,19.80373],[-90.60518,19.8035],[-90.6057,19.80312],[-90.60646,19.80254],[-90.60655,19.8023],[-90.60678,19.80167],[-90.60678,19.80138],[-90.60676,19.80111],[-90.60671,19.80069],[-90.60663,19.80037],[-90.60662,19.80021],[-90.60662,19.80015],[-90.60661,19.80008],[-90.60661,19.79994],[-90.60661,19.79981],[-90.60663,19.79933],[-90.60667,19.79864],[-90.60664,19.79835],[-90.60659,19.79801],[-90.60655,19.79786],[-90.60642,19.79766],[-90.60626,19.79738],[-90.60622,19.79707],[-90.6062,19.79682],[-90.60619,19.79673],[-90.60614,19.79658],[-90.60612,19.79647],[-90.60611,19.79618],[-90.60604,19.79566],[-90.60594,19.79511],[-90.60568,19.794],[-90.60374,19.79486],[-90.60386,19.79508],[-90.60399,19.79538],[-90.60414,19.79573],[-90.60415,19.79577],[-90.60415,19.7958],[-90.60416,19.79584],[-90.60429,19.79604],[-90.60434,19.7961],[-90.60439,19.79614],[-90.60444,19.79616],[-90.60451,19.79617],[-90.60478,19.7963],[-90.60497,19.7964],[-90.6048,19.79642],[-90.60465,19.79643],[-90.60462,19.79643],[-90.60442,19.79641],[-90.60418,19.7964],[-90.60412,19.79639],[-90.60404,19.7964],[-90.60402,19.7964],[-90.60399,19.79641],[-90.60394,19.79643],[-90.60365,19.79659],[-90.60342,19.7967],[-90.60338,19.79672],[-90.60334,19.79676],[-90.60331,19.79681],[-90.60329,19.79691],[-90.60329,19.79692],[-90.60329,19.79692],[-90.60327,19.79699],[-90.60326,19.79714],[-90.60326,19.7972],[-90.60326,19.79728],[-90.60327,19.79733],[-90.60328,19.79738],[-90.6033,19.79744],[-90.60332,19.79752],[-90.60334,19.79755],[-90.60335,19.79757],[-90.60339,19.79761],[-90.60365,19.79779],[-90.60377,19.79786],[-90.60375,19.79793],[-90.60374,19.79798],[-90.60375,19.79802],[-90.60375,19.79804],[-90.60376,19.79807],[-90.6038,19.79821],[-90.60381,19.79829],[-90.60382,19.79834],[-90.60382,19.79842],[-90.60381,19.79844],[-90.6038,19.79846],[-90.60376,19.79853],[-90.60375,19.79854],[-90.60373,19.79856],[-90.60369,19.7986],[-90.60367,19.79862],[-90.60343,19.7988],[-90.60371,19.79919],[-90.60347,19.79934],[-90.60334,19.79943],[-90.60317,19.79954],[-90.60256,19.79996],[-90.60239,19.80007],[-90.60236,19.80007],[-90.60201,19.80028],[-90.60165,19.80051],[-90.60114,19.80091],[-90.60144,19.80116],[-90.60169,19.80124],[-90.6018,19.80128],[-90.6019,19.80133],[-90.60196,19.80137],[-90.60201,19.80141],[-90.60205,19.80147],[-90.60208,19.80153],[-90.6021,19.80159],[-90.6021,19.80166],[-90.60209,19.80249],[-90.6021,19.80254],[-90.60212,19.80261],[-90.60219,19.80274],[-90.60247,19.80322],[-90.60273,19.80313],[-90.60294,19.80307],[-90.60306,19.80302],[-90.60325,19.80294],[-90.60334,19.80288],[-90.60358,19.80273],[-90.60363,19.80278]]]}},{"type":"Feature","properties":{"cvegeo":"040020001093A","cve_ent":"04","fuente":"INEGI — Marco Geoestadístico 2024","fecha_corte":"2024-08","cve_mun":"04002","cve_ageb":"093A","cve_loc":"0001"},"geometry":{"type":"Polygon","coordinates":[[[-90.54599,19.81222],[-90.54602,19.81228],[-90.54621,19.81301],[-90.54625,19.81318],[-90.54626,19.81322],[-90.54626,19.81322],[-90.54626,19.81322],[-90.5464,19.81335],[-90.54668,19.81353],[-90.54725,19.81387],[-90.54729,19.81374],[-90.5474,19.81351],[-90.54763,19.81311],[-90.54767,19.81304],[-90.54777,19.81283],[-90.54783,19.81278],[-90.54794,19.81269],[-90.54802,19.81264],[-90.54808,19.81261],[-90.54821,19.81258],[-90.54829,19.81255],[-90.54838,19.8125],[-90.54849,19.81245],[-90.54861,19.81235],[-90.54871,19.81226],[-90.54872,19.81227],[-90.54891,19.81248],[-90.54914,19.81262],[-90.54921,19.8126],[-90.54957,19.81256],[-90.54991,19.81258],[-90.55007,19.81266],[-90.55015,19.81248],[-90.55048,19.81174],[-90.55109,19.812],[-90.55152,19.81222],[-90.55211,19.81249],[-90.55267,19.81273],[-90.55266,19.81282],[-90.55245,19.8133],[-90.55245,19.8133],[-90.55299,19.81358],[-90.5534,19.8138],[-90.5534,19.8138],[-90.5534,19.8138],[-90.55341,19.81378],[-90.5537,19.81315],[-90.55529,19.80923],[-90.55546,19.80882],[-90.55537,19.8088],[-90.55444,19.80848],[-90.55444,19.80847],[-90.5548,19.80768],[-90.55484,19.80743],[-90.55489,19.80728],[-90.55499,19.80686],[-90.55521,19.80604],[-90.55471,19.80597],[-90.55459,19.80542],[-90.55404,19.8056],[-90.55407,19.8057],[-90.55406,19.8057],[-90.55332,19.80587],[-90.55313,19.80587],[-90.55278,19.80586],[-90.5524,19.80583],[-90.55222,19.80587],[-90.5522,19.80579],[-90.5519,19.80565],[-90.55125,19.80598],[-90.55125,19.80598],[-90.55126,19.80602],[-90.55102,19.80608],[-90.55093,19.8061],[-90.5508,19.80617],[-90.55075,19.80666],[-90.55095,19.807],[-90.551,19.80716],[-90.55101,19.80726],[-90.55102,19.8074],[-90.55096,19.8075],[-90.55081,19.80752],[-90.55071,19.80753],[-90.5506,19.80756],[-90.55041,19.80771],[-90.55027,19.80788],[-90.55014,19.80829],[-90.5501,19.80846],[-90.55,19.80872],[-90.54992,19.80894],[-90.54989,19.80926],[-90.54994,19.80943],[-90.55001,19.80953],[-90.55004,19.81002],[-90.54993,19.81049],[-90.54974,19.81051],[-90.54947,19.81049],[-90.54926,19.81058],[-90.54931,19.81075],[-90.54933,19.81095],[-90.54933,19.8111],[-90.54931,19.81121],[-90.54927,19.81129],[-90.54902,19.81151],[-90.549,19.81159],[-90.54834,19.81141],[-90.54844,19.80998],[-90.54805,19.81],[-90.54797,19.80969],[-90.54797,19.80935],[-90.54804,19.80882],[-90.54808,19.80854],[-90.54807,19.80845],[-90.54808,19.80828],[-90.54807,19.80827],[-90.54776,19.80819],[-90.5476,19.80814],[-90.54736,19.80807],[-90.54485,19.80738],[-90.54478,19.80738],[-90.54402,19.8074],[-90.54391,19.8074],[-90.54387,19.8074],[-90.54387,19.8074],[-90.54389,19.80767],[-90.54393,19.80794],[-90.54396,19.80818],[-90.54398,19.80833],[-90.54408,19.80845],[-90.54443,19.80867],[-90.54448,19.80874],[-90.54455,19.80885],[-90.54458,19.80895],[-90.54459,19.8091],[-90.54462,19.80921],[-90.54476,19.80932],[-90.54487,19.8094],[-90.54502,19.8095],[-90.54508,19.80966],[-90.54511,19.80996],[-90.5451,19.81011],[-90.54507,19.81016],[-90.54461,19.81087],[-90.54453,19.81099],[-90.54446,19.81125],[-90.5445,19.81127],[-90.54473,19.81145],[-90.54487,19.81157],[-90.54496,19.81163],[-90.54505,19.81168],[-90.54524,19.81176],[-90.54541,19.81183],[-90.54557,19.81193],[-90.54567,19.81198],[-90.54599,19.81222]]]}},{"type":"Feature","properties":{"cvegeo":"040020087232A","cve_ent":"04","fuente":"INEGI — Marco Geoestadístico 2024","fecha_corte":"2024-08","cve_mun":"04002","cve_ageb":"232A","cve_loc":"0087"},"geometry":{"type":"Polygon","coordinates":[[[-90.59432,19.80228],[-90.59393,19.80277],[-90.59431,19.80303],[-90.5942,19.80313],[-90.59444,19.8036],[-90.59428,19.80375],[-90.59424,19.80387],[-90.59422,19.80394],[-90.59412,19.804],[-90.59396,19.80408],[-90.59389,19.80414],[-90.59383,19.80426],[-90.59378,19.80438],[-90.59373,19.80447],[-90.59367,19.80453],[-90.59358,19.80457],[-90.59352,19.80459],[-90.59346,19.8046],[-90.59336,19.80466],[-90.5933,19.80471],[-90.59324,19.80476],[-90.59317,19.8048],[-90.59302,19.80488],[-90.59362,19.80577],[-90.59414,19.80547],[-90.59444,19.80528],[-90.59454,19.80521],[-90.59467,19.80511],[-90.59472,19.80506],[-90.59482,19.80499],[-90.59505,19.80483],[-90.5953,19.80467],[-90.5954,19.80461],[-90.59548,19.80458],[-90.59575,19.80435],[-90.59606,19.80415],[-90.59649,19.80389],[-90.59662,19.80381],[-90.59703,19.80356],[-90.59746,19.80331],[-90.59779,19.80309],[-90.59824,19.8028],[-90.59849,19.80264],[-90.59864,19.80254],[-90.59882,19.80245],[-90.59898,19.80234],[-90.59962,19.80193],[-90.59965,19.80186],[-90.59952,19.80168],[-90.59967,19.80118],[-90.59976,19.80121],[-90.59997,19.80131],[-90.60007,19.80137],[-90.60018,19.80147],[-90.60018,19.80153],[-90.60025,19.80148],[-90.60062,19.80124],[-90.60064,19.80123],[-90.60114,19.80091],[-90.60165,19.80051],[-90.60201,19.80028],[-90.60236,19.80007],[-90.60239,19.80007],[-90.60256,19.79996],[-90.60317,19.79954],[-90.60334,19.79943],[-90.60347,19.79934],[-90.60371,19.79919],[-90.60343,19.7988],[-90.60367,19.79862],[-90.60369,19.7986],[-90.60373,19.79856],[-90.60375,19.79854],[-90.60376,19.79853],[-90.6038,19.79846],[-90.60381,19.79844],[-90.60382,19.79842],[-90.60382,19.79834],[-90.60381,19.79829],[-90.6038,19.79821],[-90.60376,19.79807],[-90.60375,19.79804],[-90.60375,19.79802],[-90.60374,19.79798],[-90.60375,19.79793],[-90.60377,19.79786],[-90.60365,19.79779],[-90.60339,19.79761],[-90.60335,19.79757],[-90.60334,19.79755],[-90.60332,19.79752],[-90.6033,19.79744],[-90.60328,19.79738],[-90.60327,19.79733],[-90.60326,19.79728],[-90.60326,19.7972],[-90.60326,19.79714],[-90.60327,19.79699],[-90.60329,19.79692],[-90.60329,19.79692],[-90.60329,19.79691],[-90.60331,19.79681],[-90.60334,19.79676],[-90.60338,19.79672],[-90.60342,19.7967],[-90.60365,19.79659],[-90.60394,19.79643],[-90.60399,19.79641],[-90.60402,19.7964],[-90.60404,19.7964],[-90.60412,19.79639],[-90.60418,19.7964],[-90.60442,19.79641],[-90.60462,19.79643],[-90.60465,19.79643],[-90.6048,19.79642],[-90.60497,19.7964],[-90.60478,19.7963],[-90.60451,19.79617],[-90.60444,19.79616],[-90.60439,19.79614],[-90.60434,19.7961],[-90.60429,19.79604],[-90.60416,19.79584],[-90.60415,19.7958],[-90.60415,19.79577],[-90.60414,19.79573],[-90.60399,19.79538],[-90.60386,19.79508],[-90.60374,19.79486],[-90.60568,19.794],[-90.60579,19.79395],[-90.60778,19.7931],[-90.60895,19.79259],[-90.60929,19.79248],[-90.61154,19.79147],[-90.61286,19.79098],[-90.61202,19.78935],[-90.61048,19.78645],[-90.60983,19.78523],[-90.60982,19.78523],[-90.60975,19.78489],[-90.60972,19.78477],[-90.60968,19.78471],[-90.60964,19.78468],[-90.6096,19.78465],[-90.60952,19.78464],[-90.60946,19.78465],[-90.60946,19.78465],[-90.60941,19.78466],[-90.60941,19.78466],[-90.60929,19.78464],[-90.60929,19.78464],[-90.6073,19.78502],[-90.60644,19.7852],[-90.60642,19.7852],[-90.60592,19.78539],[-90.60585,19.78543],[-90.60574,19.78553],[-90.6057,19.78559],[-90.60566,19.78567],[-90.60563,19.78576],[-90.60561,19.7859],[-90.6055,19.78641],[-90.60548,19.78647],[-90.60546,19.78652],[-90.6054,19.78663],[-90.60532,19.7867],[-90.60521,19.78676],[-90.60514,19.78677],[-90.60514,19.78677],[-90.60508,19.78676],[-90.60491,19.78675],[-90.60474,19.78675],[-90.60466,19.78676],[-90.60458,19.78678],[-90.6045,19.78681],[-90.60444,19.78684],[-90.60441,19.78689],[-90.6044,19.78695],[-90.6044,19.78708],[-90.6044,19.78719],[-90.60444,19.78746],[-90.60461,19.78838],[-90.60461,19.78838],[-90.60469,19.78844],[-90.60458,19.78841],[-90.60458,19.78842],[-90.60299,19.78911],[-90.60101,19.78998],[-90.60099,19.78998],[-90.60016,19.79085],[-90.59946,19.79168],[-90.59846,19.79291],[-90.59806,19.79338],[-90.59883,19.79348],[-90.59901,19.79374],[-90.5992,19.79399],[-90.59871,19.79466],[-90.59816,19.79498],[-90.59768,19.79525],[-90.59685,19.79607],[-90.59653,19.79615],[-90.59499,19.79651],[-90.59505,19.79764],[-90.59508,19.79772],[-90.59618,19.79797],[-90.59649,19.79803],[-90.59609,19.80056],[-90.59593,19.80047],[-90.59591,19.80046],[-90.59432,19.80228]]]}},{"type":"Feature","properties":{"cvegeo":"0400200772438","cve_ent":"04","fuente":"INEGI — Marco Geoestadístico 2024","fecha_corte":"2024-08","cve_mun":"04002","cve_ageb":"2438","cve_loc":"0077"},"geometry":{"type":"Polygon","coordinates":[[[-90.49892,19.77028],[-90.49938,19.77039],[-90.49974,19.77052],[-90.49988,19.77057],[-90.50008,19.77079],[-90.5001,19.77081],[-90.50011,19.77082],[-90.50013,19.77084],[-90.50015,19.77086],[-90.50058,19.77094],[-90.50064,19.77093],[-90.50069,19.77091],[-90.50093,19.7708],[-90.50146,19.77057],[-90.50198,19.77027],[-90.5026,19.76993],[-90.50277,19.76981],[-90.50286,19.76973],[-90.50293,19.76965],[-90.503,19.76955],[-90.50302,19.76952],[-90.50304,19.76949],[-90.50307,19.76944],[-90.50308,19.76939],[-90.5031,19.76935],[-90.50311,19.7693],[-90.50312,19.76926],[-90.50314,19.76917],[-90.50314,19.76915],[-90.50317,19.76909],[-90.50321,19.76882],[-90.50323,19.76862],[-90.50326,19.76812],[-90.50329,19.7676],[-90.50331,19.76743],[-90.50334,19.76713],[-90.50335,19.76705],[-90.50331,19.76661],[-90.50322,19.76618],[-90.50295,19.76502],[-90.50278,19.76427],[-90.50265,19.76379],[-90.5025,19.76319],[-90.50238,19.76269],[-90.50232,19.76241],[-90.50234,19.76235],[-90.50238,19.76217],[-90.50238,19.7621],[-90.50238,19.76204],[-90.50239,19.76198],[-90.5024,19.76192],[-90.50241,19.76183],[-90.50243,19.76175],[-90.50246,19.76164],[-90.50248,19.76155],[-90.50251,19.76147],[-90.50254,19.76139],[-90.50258,19.7613],[-90.50263,19.76119],[-90.50266,19.76108],[-90.5027,19.76104],[-90.50273,19.76098],[-90.50276,19.76093],[-90.50282,19.76085],[-90.50288,19.76078],[-90.50298,19.76067],[-90.50339,19.76034],[-90.50395,19.75991],[-90.50398,19.75989],[-90.50417,19.75979],[-90.50464,19.75968],[-90.5047,19.75966],[-90.50502,19.75954],[-90.50509,19.75951],[-90.50514,19.75948],[-90.5052,19.75946],[-90.50525,19.75943],[-90.50531,19.75939],[-90.50539,19.75934],[-90.50546,19.75928],[-90.50561,19.75919],[-90.50562,19.75918],[-90.50593,19.75887],[-90.50633,19.75844],[-90.50637,19.75838],[-90.5064,19.75831],[-90.50642,19.75826],[-90.50643,19.75821],[-90.50644,19.75815],[-90.50645,19.7581],[-90.50645,19.75792],[-90.50644,19.75784],[-90.50643,19.75776],[-90.50644,19.7577],[-90.50644,19.75763],[-90.50645,19.75756],[-90.50647,19.75749],[-90.50648,19.75745],[-90.50651,19.75737],[-90.50606,19.75767],[-90.50545,19.75846],[-90.50437,19.75885],[-90.50423,19.75842],[-90.50387,19.75848],[-90.50281,19.75875],[-90.50309,19.75967],[-90.50289,19.75958],[-90.50274,19.7595],[-90.50268,19.75948],[-90.5026,19.7595],[-90.50253,19.75953],[-90.50243,19.75956],[-90.50236,19.7596],[-90.50228,19.75963],[-90.50221,19.75965],[-90.50213,19.75966],[-90.50206,19.75967],[-90.50199,19.75968],[-90.50185,19.75969],[-90.50181,19.75968],[-90.50169,19.75968],[-90.50161,19.75967],[-90.50154,19.75967],[-90.50148,19.75966],[-90.50141,19.75963],[-90.50133,19.75961],[-90.50126,19.75958],[-90.50119,19.75954],[-90.50113,19.7595],[-90.50106,19.75946],[-90.50085,19.75931],[-90.50039,19.75931],[-90.49999,19.75925],[-90.49991,19.75927],[-90.49982,19.75927],[-90.49975,19.75927],[-90.49967,19.75927],[-90.49948,19.75927],[-90.49924,19.75924],[-90.49856,19.75921],[-90.4967,19.75917],[-90.49683,19.7579],[-90.49726,19.75714],[-90.49758,19.7564],[-90.49767,19.75609],[-90.49685,19.7559],[-90.49587,19.7557],[-90.49296,19.75514],[-90.49292,19.75514],[-90.49289,19.75514],[-90.49285,19.75515],[-90.49281,19.75516],[-90.49324,19.75786],[-90.49325,19.7579],[-90.49325,19.75793],[-90.49336,19.75865],[-90.49356,19.75978],[-90.49369,19.76052],[-90.4937,19.76058],[-90.49372,19.76075],[-90.49391,19.76202],[-90.49399,19.76265],[-90.49405,19.76342],[-90.49405,19.76354],[-90.49408,19.76378],[-90.49411,19.76405],[-90.49415,19.76439],[-90.49421,19.765],[-90.49438,19.76603],[-90.4945,19.76663],[-90.49483,19.76792],[-90.49501,19.76861],[-90.49501,19.76865],[-90.49505,19.769],[-90.49509,19.76919],[-90.49514,19.76941],[-90.49538,19.77016],[-90.49609,19.77021],[-90.49639,19.7702],[-90.49648,19.7702],[-90.49768,19.77024],[-90.49861,19.77026],[-90.49875,19.77026],[-90.49892,19.77028]]]}},{"type":"Feature","properties":{"cvegeo":"0400200011834","cve_ent":"04","fuente":"INEGI — Marco Geoestadístico 2024","fecha_corte":"2024-08","cve_mun":"04002","cve_ageb":"1834","cve_loc":"0001"},"geometry":{"type":"Polygon","coordinates":[[[-90.52259,19.81405],[-90.52261,19.81419],[-90.52284,19.81421],[-90.52285,19.81423],[-90.52287,19.81426],[-90.52362,19.81428],[-90.52392,19.81428],[-90.5243,19.81427],[-90.52431,19.81427],[-90.52475,19.81428],[-90.5253,19.81431],[-90.52549,19.81432],[-90.52551,19.81432],[-90.52568,19.81433],[-90.52588,19.81434],[-90.52596,19.81434],[-90.52649,19.81436],[-90.52699,19.81439],[-90.5273,19.8144],[-90.5274,19.81441],[-90.52755,19.81441],[-90.52758,19.81442],[-90.52798,19.81445],[-90.52825,19.81446],[-90.5286,19.81449],[-90.52897,19.81452],[-90.52912,19.81453],[-90.52922,19.81454],[-90.52928,19.81454],[-90.52928,19.81445],[-90.52931,19.81437],[-90.52931,19.81435],[-90.52932,19.81433],[-90.52932,19.81432],[-90.52933,19.81431],[-90.52933,19.81429],[-90.52934,19.81428],[-90.52935,19.81427],[-90.52936,19.81426],[-90.52937,19.81425],[-90.52938,19.81425],[-90.5294,19.81424],[-90.52941,19.81423],[-90.52943,19.81423],[-90.52946,19.81423],[-90.52946,19.81419],[-90.52947,19.81387],[-90.52947,19.81379],[-90.52948,19.81376],[-90.52955,19.81245],[-90.52957,19.81212],[-90.52957,19.81191],[-90.52961,19.811],[-90.52968,19.80977],[-90.52968,19.80962],[-90.52968,19.80959],[-90.52969,19.80933],[-90.52967,19.80905],[-90.52961,19.80877],[-90.52956,19.80858],[-90.52938,19.80806],[-90.52922,19.80778],[-90.529,19.80741],[-90.52894,19.80733],[-90.52887,19.80722],[-90.52886,19.8072],[-90.52864,19.80685],[-90.52854,19.80665],[-90.5285,19.80657],[-90.52748,19.80504],[-90.52688,19.80415],[-90.52669,19.80394],[-90.52654,19.80364],[-90.5262,19.80282],[-90.52621,19.80216],[-90.52627,19.8017],[-90.52631,19.80143],[-90.52634,19.80096],[-90.52637,19.80039],[-90.52637,19.80039],[-90.52638,19.80027],[-90.52642,19.8002],[-90.52651,19.79993],[-90.52658,19.79983],[-90.5267,19.79967],[-90.52695,19.79947],[-90.52717,19.79934],[-90.52742,19.79919],[-90.52766,19.79906],[-90.52799,19.79889],[-90.52847,19.7986],[-90.52867,19.79848],[-90.52912,19.79824],[-90.5298,19.79796],[-90.53019,19.79789],[-90.53035,19.79782],[-90.52915,19.79777],[-90.52845,19.7977],[-90.52749,19.79759],[-90.52751,19.79756],[-90.5275,19.79756],[-90.52732,19.79753],[-90.5267,19.79749],[-90.5267,19.79749],[-90.52611,19.79747],[-90.5257,19.79745],[-90.52489,19.79739],[-90.52459,19.79739],[-90.52395,19.79734],[-90.52272,19.7973],[-90.52147,19.79722],[-90.52147,19.79722],[-90.52147,19.79722],[-90.52142,19.79722],[-90.52055,19.79718],[-90.51966,19.79711],[-90.51893,19.797],[-90.5183,19.7968],[-90.51825,19.79678],[-90.51728,19.79644],[-90.51645,19.79615],[-90.51639,19.79612],[-90.5157,19.79589],[-90.51568,19.79595],[-90.51566,19.79602],[-90.51555,19.7965],[-90.5155,19.79676],[-90.51543,19.79714],[-90.51538,19.79745],[-90.51524,19.79837],[-90.51522,19.79843],[-90.51519,19.79855],[-90.51516,19.79867],[-90.51512,19.79879],[-90.51508,19.79891],[-90.51503,19.79902],[-90.51499,19.79914],[-90.51494,19.79925],[-90.51439,19.80056],[-90.51424,19.80092],[-90.51417,19.80112],[-90.51414,19.80119],[-90.51411,19.80129],[-90.51409,19.80139],[-90.51407,19.8015],[-90.51405,19.8016],[-90.51403,19.8017],[-90.51401,19.8018],[-90.51401,19.80185],[-90.514,19.80217],[-90.51402,19.80262],[-90.51404,19.80289],[-90.51415,19.80435],[-90.51416,19.80457],[-90.51423,19.80544],[-90.51431,19.8067],[-90.51431,19.80673],[-90.51432,19.8068],[-90.51432,19.80682],[-90.51433,19.80688],[-90.51434,19.80695],[-90.51436,19.80702],[-90.51437,19.80708],[-90.51439,19.80714],[-90.51441,19.80721],[-90.51443,19.80727],[-90.51446,19.80733],[-90.51448,19.80739],[-90.51451,19.80745],[-90.51453,19.8075],[-90.51454,19.80751],[-90.51457,19.80758],[-90.51461,19.80765],[-90.51465,19.80771],[-90.51469,19.80777],[-90.51474,19.80783],[-90.51478,19.80789],[-90.51483,19.80795],[-90.51488,19.80801],[-90.51488,19.80801],[-90.51493,19.80806],[-90.51498,19.80812],[-90.51504,19.80817],[-90.5151,19.80822],[-90.51516,19.80827],[-90.51522,19.80831],[-90.51528,19.80836],[-90.51533,19.80839],[-90.51539,19.80842],[-90.51544,19.80846],[-90.51544,19.80846],[-90.51663,19.80889],[-90.51899,19.80974],[-90.52023,19.81024],[-90.5204,19.81033],[-90.52042,19.81034],[-90.52048,19.81037],[-90.52058,19.81041],[-90.52067,19.81046],[-90.52076,19.81052],[-90.52085,19.81058],[-90.52094,19.81064],[-90.52102,19.81071],[-90.52105,19.81073],[-90.5211,19.81078],[-90.52118,19.81085],[-90.52125,19.81093],[-90.52132,19.81101],[-90.52146,19.81128],[-90.52165,19.81159],[-90.52179,19.81197],[-90.52202,19.81258],[-90.52259,19.81405]]]}},{"type":"Feature","properties":{"cvegeo":"0400200010573","cve_ent":"04","fuente":"INEGI — Marco Geoestadístico 2024","fecha_corte":"2024-08","cve_mun":"04002","cve_ageb":"0573","cve_loc":"0001"},"geometry":{"type":"Polygon","coordinates":[[[-90.57927,19.81922],[-90.57876,19.81957],[-90.57866,19.81964],[-90.57858,19.8197],[-90.57853,19.81973],[-90.57827,19.81991],[-90.57807,19.82005],[-90.57807,19.82005],[-90.57804,19.82007],[-90.57797,19.82009],[-90.57795,19.8201],[-90.57794,19.8201],[-90.57792,19.8201],[-90.57792,19.82011],[-90.57792,19.82013],[-90.57792,19.82019],[-90.57788,19.82021],[-90.57778,19.82024],[-90.57768,19.82028],[-90.57759,19.82031],[-90.57758,19.82031],[-90.57757,19.82031],[-90.57755,19.82032],[-90.57754,19.82032],[-90.57753,19.82033],[-90.57752,19.82033],[-90.57751,19.82034],[-90.5775,19.82034],[-90.57749,19.82035],[-90.57748,19.82036],[-90.57747,19.82037],[-90.57747,19.82038],[-90.57746,19.82039],[-90.57745,19.8204],[-90.57744,19.82041],[-90.57744,19.82042],[-90.57743,19.82042],[-90.57742,19.82044],[-90.5774,19.82047],[-90.57738,19.82049],[-90.57736,19.8205],[-90.57734,19.82052],[-90.57732,19.82054],[-90.57729,19.82055],[-90.57728,19.82056],[-90.57753,19.82144],[-90.57743,19.82156],[-90.57746,19.82161],[-90.57771,19.82199],[-90.57799,19.82182],[-90.57855,19.82153],[-90.57877,19.82136],[-90.57895,19.8212],[-90.57918,19.82092],[-90.57956,19.8207],[-90.57968,19.82064],[-90.57972,19.82062],[-90.57974,19.8206],[-90.5798,19.82058],[-90.58011,19.82043],[-90.58023,19.82036],[-90.58027,19.82035],[-90.58035,19.82031],[-90.58036,19.8203],[-90.5805,19.82021],[-90.58086,19.82003],[-90.581,19.81998],[-90.58119,19.81987],[-90.58119,19.81987],[-90.5813,19.81981],[-90.58147,19.81968],[-90.58147,19.81967],[-90.58165,19.81961],[-90.58182,19.8196],[-90.58195,19.81958],[-90.58203,19.81958],[-90.58207,19.81959],[-90.58207,19.81959],[-90.58211,19.81959],[-90.58214,19.81958],[-90.58225,19.81951],[-90.5824,19.81947],[-90.58242,19.81946],[-90.58244,19.81944],[-90.58248,19.81941],[-90.58248,19.81941],[-90.58255,19.81933],[-90.5826,19.81926],[-90.5826,19.81926],[-90.5826,19.81926],[-90.58263,19.81921],[-90.58267,19.81923],[-90.58268,19.81923],[-90.58268,19.81923],[-90.58268,19.81923],[-90.58271,19.8192],[-90.58277,19.81916],[-90.58287,19.81909],[-90.5829,19.81907],[-90.5829,19.81906],[-90.5829,19.81906],[-90.5829,19.81906],[-90.5829,19.81906],[-90.58293,19.81901],[-90.58295,19.81898],[-90.58298,19.81897],[-90.58304,19.81894],[-90.58308,19.81891],[-90.58308,19.81891],[-90.58312,19.81887],[-90.58313,19.81887],[-90.58314,19.81886],[-90.58314,19.81886],[-90.58324,19.81881],[-90.58331,19.8188],[-90.58339,19.81877],[-90.58347,19.81875],[-90.58358,19.81873],[-90.58367,19.81873],[-90.58382,19.81866],[-90.58391,19.81864],[-90.58399,19.8186],[-90.58405,19.81855],[-90.58412,19.8185],[-90.58412,19.8185],[-90.58412,19.8185],[-90.58412,19.81849],[-90.58411,19.81844],[-90.58412,19.81844],[-90.58415,19.81841],[-90.58415,19.81841],[-90.58415,19.81841],[-90.58412,19.81836],[-90.58412,19.81836],[-90.58427,19.81826],[-90.58428,19.81825],[-90.58429,19.81824],[-90.58429,19.81824],[-90.58429,19.81823],[-90.58431,19.81821],[-90.58438,19.81808],[-90.5846,19.81792],[-90.58463,19.81796],[-90.58493,19.81831],[-90.58507,19.81825],[-90.5849,19.81795],[-90.5856,19.81747],[-90.58564,19.81747],[-90.58564,19.81747],[-90.58581,19.81765],[-90.5859,19.81761],[-90.58591,19.81762],[-90.58595,19.81765],[-90.58597,19.81768],[-90.58599,19.8177],[-90.586,19.81769],[-90.58602,19.81767],[-90.58646,19.81822],[-90.58646,19.81823],[-90.58648,19.81821],[-90.5865,19.8182],[-90.58652,19.81819],[-90.58653,19.81818],[-90.58649,19.81813],[-90.58642,19.81806],[-90.58604,19.81759],[-90.58602,19.81757],[-90.58602,19.81756],[-90.58583,19.81733],[-90.58579,19.81734],[-90.58578,19.81735],[-90.58578,19.81735],[-90.58578,19.81735],[-90.58576,19.81733],[-90.58561,19.81715],[-90.58561,19.81715],[-90.58561,19.81715],[-90.58558,19.81717],[-90.58558,19.81717],[-90.58556,19.81715],[-90.58555,19.81714],[-90.58555,19.81714],[-90.58555,19.81714],[-90.58549,19.81719],[-90.58549,19.81719],[-90.58547,19.81717],[-90.58547,19.81717],[-90.58546,19.81716],[-90.58546,19.81717],[-90.58541,19.81721],[-90.58541,19.81721],[-90.58539,19.81718],[-90.58514,19.81688],[-90.58591,19.81635],[-90.58563,19.81608],[-90.58563,19.81608],[-90.5856,19.81611],[-90.58555,19.81617],[-90.58554,19.81618],[-90.58522,19.81645],[-90.58521,19.81646],[-90.58519,19.81648],[-90.58517,19.81649],[-90.58515,19.8165],[-90.58512,19.81651],[-90.5851,19.81652],[-90.58509,19.81652],[-90.58509,19.81652],[-90.58508,19.81653],[-90.58505,19.81653],[-90.58502,19.81654],[-90.58492,19.81655],[-90.5849,19.81655],[-90.58487,19.81655],[-90.58485,19.81655],[-90.58482,19.81654],[-90.58471,19.81653],[-90.58468,19.81651],[-90.58463,19.81649],[-90.58453,19.81644],[-90.58448,19.81642],[-90.58339,19.81573],[-90.58306,19.81553],[-90.58296,19.81545],[-90.58292,19.81541],[-90.58283,19.81532],[-90.5827,19.81518],[-90.5826,19.81499],[-90.58254,19.81489],[-90.58247,19.81471],[-90.5824,19.81457],[-90.58237,19.8145],[-90.58224,19.81432],[-90.58205,19.81413],[-90.58198,19.81406],[-90.58193,19.81402],[-90.58177,19.81394],[-90.58167,19.81392],[-90.58166,19.81391],[-90.58142,19.81386],[-90.58125,19.81384],[-90.58089,19.81381],[-90.58051,19.81376],[-90.58044,19.81374],[-90.58032,19.81372],[-90.58023,19.81371],[-90.58018,19.81369],[-90.58011,19.81363],[-90.58013,19.81357],[-90.57998,19.81345],[-90.57986,19.81333],[-90.5797,19.81317],[-90.57938,19.81276],[-90.57908,19.81269],[-90.57908,19.81268],[-90.57908,19.81268],[-90.57908,19.81268],[-90.57908,19.81267],[-90.57908,19.81265],[-90.57908,19.81264],[-90.57907,19.81262],[-90.57907,19.81261],[-90.57906,19.8126],[-90.57905,19.81259],[-90.57903,19.81258],[-90.57902,19.81258],[-90.579,19.81258],[-90.57899,19.81258],[-90.57897,19.81258],[-90.57896,19.81258],[-90.57893,19.81259],[-90.57881,19.81258],[-90.57873,19.81259],[-90.57829,19.81258],[-90.5777,19.81255],[-90.57703,19.81252],[-90.5768,19.81252],[-90.57657,19.81257],[-90.5763,19.81266],[-90.57609,19.81274],[-90.57598,19.8128],[-90.5758,19.81292],[-90.57564,19.81304],[-90.57547,19.81319],[-90.5754,19.81327],[-90.57533,19.8134],[-90.57535,19.81353],[-90.57541,19.81355],[-90.57536,19.81364],[-90.57533,19.81407],[-90.57531,19.8141],[-90.57527,19.81413],[-90.57518,19.81415],[-90.57523,19.81443],[-90.57765,19.81664],[-90.57785,19.81645],[-90.57808,19.81641],[-90.57817,19.81631],[-90.57825,19.81678],[-90.57949,19.81601],[-90.57952,19.81588],[-90.57888,19.81576],[-90.57846,19.8157],[-90.57851,19.81562],[-90.57858,19.81554],[-90.57869,19.81547],[-90.57881,19.81541],[-90.57893,19.81534],[-90.57904,19.81528],[-90.57924,19.81518],[-90.57942,19.81516],[-90.57949,19.81519],[-90.57956,19.81522],[-90.57966,19.81494],[-90.57969,19.81449],[-90.57971,19.81428],[-90.57962,19.81413],[-90.57987,19.814],[-90.57993,19.81426],[-90.58006,19.81467],[-90.58013,19.81483],[-90.58016,19.81488],[-90.58019,19.81493],[-90.58026,19.81506],[-90.58035,19.8152],[-90.58052,19.81539],[-90.58065,19.81554],[-90.58209,19.81716],[-90.58211,19.81718],[-90.58214,19.81722],[-90.58214,19.81722],[-90.58214,19.81722],[-90.58213,19.81722],[-90.58213,19.81723],[-90.58212,19.81723],[-90.58212,19.81723],[-90.58212,19.81723],[-90.58212,19.81723],[-90.58212,19.81724],[-90.58211,19.81724],[-90.58211,19.81725],[-90.58211,19.81725],[-90.58211,19.81726],[-90.58211,19.81726],[-90.5821,19.81727],[-90.5821,19.81727],[-90.5821,19.81728],[-90.5821,19.81728],[-90.5821,19.81729],[-90.5821,19.8173],[-90.5821,19.8173],[-90.5821,19.81731],[-90.5821,19.81731],[-90.5821,19.81732],[-90.5821,19.81732],[-90.5821,19.81733],[-90.58211,19.81733],[-90.58211,19.81734],[-90.58211,19.81734],[-90.58211,19.81735],[-90.58212,19.81735],[-90.58212,19.81736],[-90.58212,19.81736],[-90.58213,19.81737],[-90.58213,19.81737],[-90.58159,19.81772],[-90.58042,19.81847],[-90.58039,19.81849],[-90.5803,19.81855],[-90.57927,19.81922]]]}},{"type":"Feature","properties":{"cvegeo":"0400200012230","cve_ent":"04","fuente":"INEGI — Marco Geoestadístico 2024","fecha_corte":"2024-08","cve_mun":"04002","cve_ageb":"2230","cve_loc":"0001"},"geometry":{"type":"Polygon","coordinates":[[[-90.48214,19.84079],[-90.48197,19.84105],[-90.4819,19.84115],[-90.48171,19.84146],[-90.48166,19.84176],[-90.48168,19.84179],[-90.4818,19.84201],[-90.48188,19.84208],[-90.48195,19.84213],[-90.48236,19.84243],[-90.48276,19.84272],[-90.48311,19.84297],[-90.48339,19.84318],[-90.48269,19.84384],[-90.48309,19.84414],[-90.48346,19.8444],[-90.48383,19.84469],[-90.48422,19.84497],[-90.48463,19.84528],[-90.48467,19.84524],[-90.485,19.84491],[-90.48534,19.84457],[-90.4857,19.84421],[-90.48605,19.84389],[-90.48641,19.84354],[-90.48647,19.84346],[-90.48669,19.84323],[-90.48696,19.84291],[-90.48723,19.84265],[-90.48825,19.84164],[-90.48867,19.84123],[-90.48861,19.84119],[-90.48858,19.84117],[-90.48857,19.84117],[-90.48857,19.84118],[-90.48856,19.84118],[-90.48855,19.84118],[-90.48854,19.84119],[-90.48854,19.84119],[-90.48853,19.84119],[-90.48852,19.84118],[-90.48852,19.84118],[-90.48851,19.84118],[-90.4885,19.84118],[-90.4885,19.84118],[-90.48849,19.84117],[-90.48849,19.84117],[-90.48848,19.84116],[-90.48848,19.84116],[-90.48848,19.84115],[-90.48847,19.84115],[-90.48847,19.84114],[-90.48847,19.84114],[-90.48847,19.84113],[-90.48847,19.84112],[-90.48847,19.84112],[-90.48847,19.84111],[-90.48848,19.84111],[-90.48848,19.8411],[-90.48848,19.84109],[-90.48849,19.84109],[-90.48757,19.84041],[-90.48735,19.84025],[-90.48716,19.84017],[-90.48678,19.83992],[-90.48646,19.83966],[-90.48612,19.83942],[-90.48672,19.83885],[-90.48704,19.83908],[-90.48712,19.83914],[-90.48717,19.83918],[-90.48724,19.83921],[-90.48783,19.83863],[-90.4879,19.8385],[-90.48784,19.83849],[-90.48814,19.8381],[-90.48799,19.83802],[-90.48753,19.83769],[-90.48708,19.83734],[-90.48663,19.83703],[-90.48638,19.83686],[-90.48661,19.83659],[-90.48679,19.83636],[-90.48621,19.83612],[-90.48576,19.83592],[-90.48531,19.83575],[-90.48485,19.83556],[-90.48442,19.83539],[-90.48395,19.83521],[-90.4835,19.83504],[-90.48335,19.83502],[-90.48306,19.83495],[-90.48302,19.83494],[-90.48285,19.83493],[-90.48264,19.83487],[-90.48257,19.83483],[-90.48248,19.83479],[-90.4824,19.83474],[-90.48214,19.83453],[-90.48209,19.83446],[-90.48193,19.83457],[-90.48173,19.83447],[-90.48164,19.83431],[-90.48166,19.83429],[-90.48129,19.83407],[-90.48155,19.83367],[-90.48117,19.83343],[-90.48096,19.8333],[-90.48081,19.83314],[-90.4806,19.83347],[-90.48135,19.83394],[-90.48127,19.83406],[-90.48126,19.83407],[-90.48127,19.83408],[-90.48116,19.8342],[-90.48109,19.83427],[-90.48082,19.83463],[-90.48062,19.83498],[-90.47984,19.83456],[-90.47981,19.83476],[-90.47775,19.83519],[-90.47791,19.83542],[-90.47822,19.8358],[-90.47923,19.837],[-90.47923,19.837],[-90.4792,19.83703],[-90.4792,19.83703],[-90.47919,19.83704],[-90.47917,19.83707],[-90.47915,19.83711],[-90.47913,19.83715],[-90.47912,19.8372],[-90.47912,19.83725],[-90.47913,19.83729],[-90.47915,19.83734],[-90.47917,19.83738],[-90.47918,19.8374],[-90.4792,19.83742],[-90.47923,19.83745],[-90.47927,19.83748],[-90.47931,19.8375],[-90.47936,19.83752],[-90.47941,19.83753],[-90.47946,19.83753],[-90.4795,19.83752],[-90.47955,19.83751],[-90.4796,19.83749],[-90.47964,19.83747],[-90.47967,19.83744],[-90.47967,19.83744],[-90.47971,19.8374],[-90.48055,19.83788],[-90.48095,19.83811],[-90.48141,19.83837],[-90.48171,19.83856],[-90.48181,19.83862],[-90.4821,19.83878],[-90.4822,19.83884],[-90.48249,19.839],[-90.48273,19.83914],[-90.48286,19.83929],[-90.48289,19.8395],[-90.48285,19.83966],[-90.48274,19.83984],[-90.48263,19.84001],[-90.48247,19.84025],[-90.48238,19.8404],[-90.48222,19.84065],[-90.48214,19.84079]]]}},{"type":"Feature","properties":{"cvegeo":"0400204650164","cve_ent":"04","fuente":"INEGI — Marco Geoestadístico 2024","fecha_corte":"2024-08","cve_mun":"04002","cve_ageb":"0164","cve_loc":"0465"},"geometry":{"type":"Polygon","coordinates":[[[-89.99228,19.49037],[-89.99282,19.49038],[-89.99393,19.49038],[-89.99395,19.49017],[-89.99398,19.48976],[-89.99398,19.48975],[-89.994,19.48916],[-89.99405,19.48838],[-89.99409,19.48755],[-89.99414,19.48685],[-89.99413,19.48677],[-89.99417,19.48614],[-89.9942,19.48544],[-89.99424,19.48474],[-89.99428,19.48409],[-89.99428,19.48403],[-89.99431,19.48331],[-89.99436,19.48258],[-89.99442,19.48157],[-89.99382,19.48156],[-89.99272,19.48155],[-89.99141,19.48142],[-89.99114,19.48141],[-89.99078,19.48138],[-89.99077,19.48138],[-89.99018,19.48136],[-89.98985,19.48148],[-89.98985,19.48146],[-89.98984,19.48144],[-89.98982,19.48142],[-89.98981,19.4814],[-89.98979,19.48139],[-89.98977,19.48138],[-89.98975,19.48137],[-89.98973,19.48137],[-89.98835,19.48124],[-89.98834,19.48167],[-89.98832,19.48215],[-89.98829,19.48225],[-89.98827,19.48227],[-89.98826,19.48229],[-89.98825,19.48232],[-89.98824,19.48234],[-89.98823,19.48238],[-89.98822,19.48247],[-89.98824,19.48293],[-89.98827,19.483],[-89.98827,19.48301],[-89.98821,19.48359],[-89.98825,19.4836],[-89.98829,19.48361],[-89.98833,19.48362],[-89.98837,19.48364],[-89.9884,19.48365],[-89.98844,19.48368],[-89.98847,19.4837],[-89.9885,19.48373],[-89.9885,19.48376],[-89.98847,19.48437],[-89.98847,19.48448],[-89.98843,19.48514],[-89.98838,19.48585],[-89.98833,19.48658],[-89.98829,19.48729],[-89.98824,19.48804],[-89.98821,19.48873],[-89.98819,19.48953],[-89.98863,19.4895],[-89.98925,19.48946],[-89.98929,19.48946],[-89.99044,19.4894],[-89.99041,19.48947],[-89.99042,19.48973],[-89.99142,19.4897],[-89.99138,19.49012],[-89.99228,19.49018],[-89.99228,19.49037]]]}},{"type":"Feature","properties":{"cvegeo":"0400200011942","cve_ent":"04","fuente":"INEGI — Marco Geoestadístico 2024","fecha_corte":"2024-08","cve_mun":"04002","cve_ageb":"1942","cve_loc":"0001"},"geometry":{"type":"Polygon","coordinates":[[[-90.49449,19.83356],[-90.49449,19.83357],[-90.49448,19.83357],[-90.49448,19.83357],[-90.49447,19.83358],[-90.49447,19.83358],[-90.49447,19.83359],[-90.49446,19.83359],[-90.49446,19.8336],[-90.49445,19.8336],[-90.49445,19.83361],[-90.49445,19.83361],[-90.49445,19.83362],[-90.49444,19.83362],[-90.49444,19.83363],[-90.49444,19.83364],[-90.49444,19.83364],[-90.49444,19.83365],[-90.49444,19.83365],[-90.49444,19.83366],[-90.49444,19.83367],[-90.49444,19.83368],[-90.49444,19.83368],[-90.49444,19.83369],[-90.49444,19.8337],[-90.49444,19.8337],[-90.49445,19.83371],[-90.49445,19.83371],[-90.49445,19.83372],[-90.49446,19.83372],[-90.49446,19.83373],[-90.49446,19.83373],[-90.49447,19.83374],[-90.49447,19.83374],[-90.49448,19.83375],[-90.49448,19.83375],[-90.49449,19.83375],[-90.49449,19.83376],[-90.4945,19.83376],[-90.4939,19.83491],[-90.49369,19.83595],[-90.49378,19.83598],[-90.49441,19.83619],[-90.49489,19.83636],[-90.49538,19.83654],[-90.49562,19.83671],[-90.49576,19.83685],[-90.49584,19.83704],[-90.49588,19.8372],[-90.49589,19.83746],[-90.49585,19.83765],[-90.49578,19.83781],[-90.49584,19.83783],[-90.4959,19.83786],[-90.49606,19.83795],[-90.49618,19.83805],[-90.49631,19.83822],[-90.49639,19.83836],[-90.49645,19.83852],[-90.49656,19.83881],[-90.49664,19.83904],[-90.49674,19.83937],[-90.49675,19.83939],[-90.4968,19.8396],[-90.49683,19.83977],[-90.49683,19.83988],[-90.49681,19.83996],[-90.49673,19.84016],[-90.49666,19.84033],[-90.49655,19.84052],[-90.49643,19.84074],[-90.49635,19.84095],[-90.4963,19.84122],[-90.4963,19.84147],[-90.49639,19.84124],[-90.49645,19.84116],[-90.49653,19.84105],[-90.4966,19.84094],[-90.49673,19.84073],[-90.49685,19.84052],[-90.49707,19.84008],[-90.49726,19.83974],[-90.49732,19.83942],[-90.49739,19.83912],[-90.49744,19.83886],[-90.49746,19.83875],[-90.49752,19.83849],[-90.49758,19.83818],[-90.49765,19.83788],[-90.4977,19.83765],[-90.49773,19.83749],[-90.4977,19.83729],[-90.49771,19.83707],[-90.49777,19.83685],[-90.49784,19.83662],[-90.49785,19.83648],[-90.49784,19.83638],[-90.49785,19.83617],[-90.49784,19.83597],[-90.49782,19.83586],[-90.4978,19.8357],[-90.4978,19.83567],[-90.49821,19.83569],[-90.49814,19.83513],[-90.49772,19.83509],[-90.49768,19.83473],[-90.49753,19.83472],[-90.4973,19.8347],[-90.49712,19.83468],[-90.49711,19.83468],[-90.49669,19.83464],[-90.49624,19.83457],[-90.49585,19.83449],[-90.49575,19.83448],[-90.49572,19.83447],[-90.49527,19.83439],[-90.49506,19.83436],[-90.49494,19.83401],[-90.49512,19.83379],[-90.4955,19.83339],[-90.49494,19.83314],[-90.49468,19.8335],[-90.49464,19.83357],[-90.49463,19.83357],[-90.49462,19.83356],[-90.49462,19.83356],[-90.49461,19.83356],[-90.4946,19.83355],[-90.4946,19.83355],[-90.49459,19.83355],[-90.49459,19.83355],[-90.49458,19.83355],[-90.49457,19.83355],[-90.49457,19.83355],[-90.49456,19.83355],[-90.49455,19.83355],[-90.49455,19.83355],[-90.49454,19.83355],[-90.49454,19.83355],[-90.49453,19.83355],[-90.49452,19.83355],[-90.49452,19.83355],[-90.49451,19.83356],[-90.49451,19.83356],[-90.4945,19.83356],[-90.49449,19.83356]]]}},{"type":"Feature","properties":{"cvegeo":"0400200011622","cve_ent":"04","fuente":"INEGI — Marco Geoestadístico 2024","fecha_corte":"2024-08","cve_mun":"04002","cve_ageb":"1622","cve_loc":"0001"},"geometry":{"type":"Polygon","coordinates":[[[-90.50694,19.86208],[-90.5062,19.86246],[-90.50641,19.86283],[-90.50665,19.86324],[-90.50693,19.86377],[-90.50735,19.86357],[-90.50804,19.86322],[-90.5086,19.86295],[-90.50906,19.86272],[-90.50946,19.86252],[-90.50959,19.86245],[-90.51075,19.86187],[-90.51113,19.86173],[-90.51234,19.86104],[-90.51262,19.86089],[-90.5128,19.86074],[-90.51306,19.86052],[-90.51308,19.8605],[-90.51348,19.86014],[-90.51378,19.85985],[-90.5147,19.85898],[-90.51519,19.85856],[-90.51558,19.85815],[-90.51593,19.85778],[-90.51619,19.85752],[-90.51635,19.85736],[-90.51658,19.85714],[-90.51695,19.85678],[-90.51712,19.85661],[-90.51722,19.85644],[-90.51732,19.85622],[-90.51766,19.85558],[-90.51784,19.85525],[-90.51781,19.85523],[-90.51734,19.855],[-90.51635,19.85454],[-90.51631,19.8545],[-90.51616,19.85478],[-90.516,19.85508],[-90.51598,19.85512],[-90.51593,19.8552],[-90.51586,19.85533],[-90.51575,19.85553],[-90.51574,19.85557],[-90.51575,19.85558],[-90.51576,19.85558],[-90.51577,19.85559],[-90.51578,19.85559],[-90.51579,19.8556],[-90.51579,19.85561],[-90.5158,19.85561],[-90.51581,19.85562],[-90.51582,19.85563],[-90.51583,19.85564],[-90.51583,19.85564],[-90.51584,19.85565],[-90.51584,19.85566],[-90.51585,19.85567],[-90.51585,19.85568],[-90.51586,19.85569],[-90.51586,19.8557],[-90.51586,19.85571],[-90.51587,19.85572],[-90.51587,19.85573],[-90.51587,19.85574],[-90.51587,19.85575],[-90.51587,19.85576],[-90.51587,19.85577],[-90.51587,19.85579],[-90.51587,19.8558],[-90.51587,19.85581],[-90.51586,19.85582],[-90.51586,19.85583],[-90.51586,19.85584],[-90.51585,19.85585],[-90.51585,19.85586],[-90.51584,19.85587],[-90.51583,19.85587],[-90.51583,19.85588],[-90.51582,19.85589],[-90.51581,19.8559],[-90.51581,19.85591],[-90.5158,19.85591],[-90.51579,19.85592],[-90.51578,19.85593],[-90.51577,19.85593],[-90.51576,19.85594],[-90.51575,19.85594],[-90.51574,19.85595],[-90.51573,19.85595],[-90.51572,19.85596],[-90.51571,19.85596],[-90.5157,19.85596],[-90.51569,19.85596],[-90.51568,19.85596],[-90.51566,19.85596],[-90.51565,19.85596],[-90.51564,19.85596],[-90.51563,19.85596],[-90.51562,19.85596],[-90.51561,19.85596],[-90.5156,19.85596],[-90.51559,19.85595],[-90.51558,19.85595],[-90.51557,19.85595],[-90.51556,19.85594],[-90.51555,19.85594],[-90.51554,19.85593],[-90.51553,19.85592],[-90.51552,19.85592],[-90.51551,19.85591],[-90.5155,19.8559],[-90.51549,19.85589],[-90.51546,19.85592],[-90.51535,19.85603],[-90.51531,19.85607],[-90.51524,19.85613],[-90.51499,19.85636],[-90.51497,19.85638],[-90.51453,19.85679],[-90.5145,19.85681],[-90.51446,19.85685],[-90.51422,19.85707],[-90.51415,19.85714],[-90.51416,19.85678],[-90.51416,19.85665],[-90.51418,19.85633],[-90.51422,19.85604],[-90.51432,19.85571],[-90.51435,19.85559],[-90.51464,19.85502],[-90.51465,19.855],[-90.51483,19.85463],[-90.51518,19.85399],[-90.5145,19.85367],[-90.51426,19.85357],[-90.51403,19.85349],[-90.514,19.85348],[-90.51358,19.85328],[-90.51309,19.85305],[-90.51297,19.85299],[-90.51233,19.85272],[-90.51199,19.85257],[-90.51191,19.85272],[-90.51184,19.85283],[-90.5116,19.85303],[-90.51135,19.8532],[-90.5113,19.85324],[-90.51107,19.85343],[-90.51079,19.85373],[-90.51064,19.85389],[-90.51067,19.85391],[-90.51026,19.85438],[-90.51021,19.85443],[-90.50982,19.85487],[-90.50958,19.85515],[-90.50936,19.85537],[-90.50981,19.85578],[-90.51026,19.85618],[-90.51071,19.85569],[-90.51089,19.85585],[-90.51106,19.8561],[-90.51118,19.85616],[-90.51156,19.85648],[-90.51192,19.8568],[-90.51229,19.85713],[-90.51209,19.85733],[-90.51183,19.85756],[-90.51164,19.85775],[-90.51135,19.85803],[-90.51086,19.85852],[-90.51056,19.8588],[-90.51023,19.85912],[-90.51019,19.85916],[-90.51009,19.85925],[-90.51004,19.8593],[-90.51009,19.85941],[-90.51011,19.85946],[-90.51014,19.85951],[-90.51017,19.85955],[-90.51019,19.85959],[-90.51023,19.85963],[-90.51009,19.85975],[-90.50993,19.85986],[-90.50983,19.85995],[-90.50976,19.86002],[-90.50973,19.86007],[-90.50969,19.86013],[-90.50966,19.8602],[-90.50965,19.8603],[-90.5095,19.86046],[-90.50949,19.8606],[-90.50949,19.8606],[-90.50948,19.86074],[-90.50948,19.86086],[-90.50952,19.86097],[-90.50952,19.86103],[-90.50949,19.86117],[-90.50938,19.86127],[-90.50925,19.86135],[-90.50904,19.86147],[-90.50894,19.86152],[-90.50884,19.86159],[-90.50875,19.86165],[-90.50857,19.86174],[-90.50835,19.8618],[-90.5082,19.86184],[-90.50804,19.86188],[-90.50797,19.8619],[-90.50786,19.86191],[-90.50776,19.86189],[-90.50758,19.86179],[-90.50739,19.86187],[-90.50694,19.86208]]]}},{"type":"Feature","properties":{"cvegeo":"040020001047A","cve_ent":"04","fuente":"INEGI — Marco Geoestadístico 2024","fecha_corte":"2024-08","cve_mun":"04002","cve_ageb":"047A","cve_loc":"0001"},"geometry":{"type":"Polygon","coordinates":[[[-90.50255,19.86592],[-90.5027,19.86613],[-90.50289,19.8664],[-90.5029,19.86641],[-90.50305,19.86664],[-90.5032,19.86687],[-90.50323,19.86692],[-90.50335,19.8671],[-90.5035,19.86733],[-90.5036,19.8675],[-90.50387,19.86795],[-90.50391,19.86802],[-90.50477,19.86765],[-90.50531,19.86744],[-90.50598,19.86717],[-90.50684,19.8668],[-90.50787,19.86638],[-90.50876,19.86601],[-90.50887,19.86626],[-90.50888,19.86625],[-90.50897,19.86618],[-90.50915,19.86607],[-90.50998,19.86558],[-90.5102,19.86539],[-90.51034,19.86527],[-90.51034,19.86527],[-90.51038,19.86532],[-90.51041,19.86536],[-90.51044,19.86538],[-90.51044,19.86538],[-90.51044,19.86538],[-90.51044,19.86539],[-90.51047,19.86542],[-90.51047,19.86542],[-90.51053,19.86542],[-90.51056,19.86539],[-90.51079,19.86541],[-90.51092,19.8654],[-90.51193,19.86476],[-90.51274,19.86424],[-90.51297,19.86409],[-90.51284,19.86401],[-90.51283,19.86397],[-90.51259,19.86367],[-90.5125,19.8636],[-90.5122,19.86314],[-90.51194,19.86273],[-90.51188,19.86261],[-90.51157,19.8624],[-90.51113,19.86173],[-90.51075,19.86187],[-90.50959,19.86245],[-90.50946,19.86252],[-90.50906,19.86272],[-90.5086,19.86295],[-90.50804,19.86322],[-90.50735,19.86357],[-90.50693,19.86377],[-90.50681,19.86383],[-90.50644,19.86401],[-90.50604,19.8642],[-90.50557,19.86443],[-90.50535,19.86454],[-90.50523,19.86459],[-90.5045,19.86496],[-90.50422,19.8651],[-90.50411,19.86515],[-90.50343,19.86549],[-90.5034,19.8655],[-90.50331,19.86555],[-90.50261,19.86589],[-90.50255,19.86592]]]}},{"type":"Feature","properties":{"cvegeo":"0400200011035","cve_ent":"04","fuente":"INEGI — Marco Geoestadístico 2024","fecha_corte":"2024-08","cve_mun":"04002","cve_ageb":"1035","cve_loc":"0001"},"geometry":{"type":"Polygon","coordinates":[[[-90.51635,19.85454],[-90.51734,19.855],[-90.51781,19.85523],[-90.51784,19.85525],[-90.51766,19.85558],[-90.51732,19.85622],[-90.51722,19.85644],[-90.51712,19.85661],[-90.51695,19.85678],[-90.51658,19.85714],[-90.51635,19.85736],[-90.51619,19.85752],[-90.51593,19.85778],[-90.51558,19.85815],[-90.51519,19.85856],[-90.5147,19.85898],[-90.51378,19.85985],[-90.51348,19.86014],[-90.51308,19.8605],[-90.51306,19.86052],[-90.5128,19.86074],[-90.51262,19.86089],[-90.51234,19.86104],[-90.51113,19.86173],[-90.51157,19.8624],[-90.51188,19.86261],[-90.51242,19.86228],[-90.51256,19.86218],[-90.51323,19.86168],[-90.51414,19.86101],[-90.51447,19.86077],[-90.51454,19.86071],[-90.51498,19.86038],[-90.51525,19.86018],[-90.51529,19.86014],[-90.51533,19.86011],[-90.51549,19.85998],[-90.51645,19.85917],[-90.51655,19.8591],[-90.51713,19.85865],[-90.51756,19.85833],[-90.51845,19.85766],[-90.51982,19.85667],[-90.5203,19.85632],[-90.52064,19.85607],[-90.52114,19.8557],[-90.52155,19.8554],[-90.52221,19.8549],[-90.52307,19.85426],[-90.5226,19.8533],[-90.52237,19.85278],[-90.52203,19.85204],[-90.5219,19.85173],[-90.52168,19.85127],[-90.52157,19.85102],[-90.52112,19.8506],[-90.52108,19.85063],[-90.52082,19.85086],[-90.52075,19.85082],[-90.52058,19.8506],[-90.52042,19.85043],[-90.52013,19.85015],[-90.52005,19.85009],[-90.51911,19.8493],[-90.51905,19.84925],[-90.51848,19.84883],[-90.51839,19.84881],[-90.51791,19.84846],[-90.51669,19.84744],[-90.51656,19.84733],[-90.51652,19.84711],[-90.51649,19.8471],[-90.51631,19.84705],[-90.51592,19.84669],[-90.51583,19.84691],[-90.51562,19.84781],[-90.51554,19.84819],[-90.51624,19.8483],[-90.51617,19.8493],[-90.51615,19.84958],[-90.51614,19.84972],[-90.5161,19.84993],[-90.51608,19.85004],[-90.51608,19.85037],[-90.51611,19.85072],[-90.51613,19.85107],[-90.51611,19.85142],[-90.51609,19.85154],[-90.51601,19.8522],[-90.516,19.85227],[-90.51597,19.85239],[-90.51597,19.8524],[-90.51589,19.8526],[-90.51584,19.85273],[-90.51567,19.85307],[-90.51545,19.85351],[-90.51521,19.854],[-90.51518,19.85399],[-90.51483,19.85463],[-90.51465,19.855],[-90.51464,19.85502],[-90.51435,19.85559],[-90.51432,19.85571],[-90.51422,19.85604],[-90.51418,19.85633],[-90.51416,19.85665],[-90.51416,19.85678],[-90.51415,19.85714],[-90.51422,19.85707],[-90.51446,19.85685],[-90.5145,19.85681],[-90.51453,19.85679],[-90.51497,19.85638],[-90.51499,19.85636],[-90.51524,19.85613],[-90.51531,19.85607],[-90.51535,19.85603],[-90.51546,19.85592],[-90.51549,19.85589],[-90.5155,19.8559],[-90.51551,19.85591],[-90.51552,19.85592],[-90.51553,19.85592],[-90.51554,19.85593],[-90.51555,19.85594],[-90.51556,19.85594],[-90.51557,19.85595],[-90.51558,19.85595],[-90.51559,19.85595],[-90.5156,19.85596],[-90.51561,19.85596],[-90.51562,19.85596],[-90.51563,19.85596],[-90.51564,19.85596],[-90.51565,19.85596],[-90.51566,19.85596],[-90.51568,19.85596],[-90.51569,19.85596],[-90.5157,19.85596],[-90.51571,19.85596],[-90.51572,19.85596],[-90.51573,19.85595],[-90.51574,19.85595],[-90.51575,19.85594],[-90.51576,19.85594],[-90.51577,19.85593],[-90.51578,19.85593],[-90.51579,19.85592],[-90.5158,19.85591],[-90.51581,19.85591],[-90.51581,19.8559],[-90.51582,19.85589],[-90.51583,19.85588],[-90.51583,19.85587],[-90.51584,19.85587],[-90.51585,19.85586],[-90.51585,19.85585],[-90.51586,19.85584],[-90.51586,19.85583],[-90.51586,19.85582],[-90.51587,19.85581],[-90.51587,19.8558],[-90.51587,19.85579],[-90.51587,19.85577],[-90.51587,19.85576],[-90.51587,19.85575],[-90.51587,19.85574],[-90.51587,19.85573],[-90.51587,19.85572],[-90.51586,19.85571],[-90.51586,19.8557],[-90.51586,19.85569],[-90.51585,19.85568],[-90.51585,19.85567],[-90.51584,19.85566],[-90.51584,19.85565],[-90.51583,19.85564],[-90.51583,19.85564],[-90.51582,19.85563],[-90.51581,19.85562],[-90.5158,19.85561],[-90.51579,19.85561],[-90.51579,19.8556],[-90.51578,19.85559],[-90.51577,19.85559],[-90.51576,19.85558],[-90.51575,19.85558],[-90.51574,19.85557],[-90.51575,19.85553],[-90.51586,19.85533],[-90.51593,19.8552],[-90.51598,19.85512],[-90.516,19.85508],[-90.51616,19.85478],[-90.51631,19.8545],[-90.51635,19.85454]]]}},{"type":"Feature","properties":{"cvegeo":"0400200011938","cve_ent":"04","fuente":"INEGI — Marco Geoestadístico 2024","fecha_corte":"2024-08","cve_mun":"04002","cve_ageb":"1938","cve_loc":"0001"},"geometry":{"type":"Polygon","coordinates":[[[-90.49998,19.83917],[-90.50006,19.83918],[-90.50033,19.83875],[-90.50008,19.83858],[-90.49984,19.83833],[-90.49957,19.83806],[-90.49934,19.83779],[-90.5002,19.83718],[-90.50053,19.83694],[-90.50083,19.83674],[-90.50112,19.83651],[-90.50141,19.8363],[-90.50175,19.83613],[-90.50203,19.83586],[-90.50214,19.83589],[-90.50229,19.83559],[-90.50288,19.83585],[-90.50309,19.83546],[-90.50239,19.83515],[-90.50178,19.83486],[-90.50132,19.83464],[-90.50106,19.83452],[-90.50086,19.83441],[-90.50056,19.83427],[-90.50037,19.83418],[-90.5002,19.8341],[-90.49989,19.83396],[-90.49982,19.83392],[-90.49948,19.83375],[-90.49941,19.83371],[-90.49938,19.83369],[-90.49894,19.83339],[-90.4987,19.83322],[-90.49859,19.8331],[-90.49842,19.83289],[-90.49832,19.83273],[-90.49828,19.83265],[-90.49799,19.8321],[-90.49781,19.83179],[-90.4977,19.83156],[-90.4976,19.8314],[-90.49754,19.83133],[-90.49747,19.83126],[-90.49741,19.83121],[-90.49724,19.83113],[-90.49704,19.83107],[-90.49694,19.83105],[-90.49673,19.83107],[-90.49673,19.83106],[-90.49673,19.83106],[-90.49673,19.83105],[-90.49673,19.83105],[-90.49673,19.83104],[-90.49672,19.83104],[-90.49672,19.83104],[-90.49672,19.83103],[-90.49672,19.83103],[-90.49672,19.83102],[-90.49671,19.83102],[-90.49671,19.83102],[-90.49671,19.83101],[-90.4967,19.83101],[-90.4967,19.83101],[-90.4967,19.831],[-90.49669,19.831],[-90.49669,19.831],[-90.49668,19.83099],[-90.49668,19.83099],[-90.49668,19.83099],[-90.49667,19.83099],[-90.49667,19.83099],[-90.49666,19.83099],[-90.49666,19.83098],[-90.49665,19.83098],[-90.49665,19.83098],[-90.49664,19.83098],[-90.49664,19.83098],[-90.49663,19.83098],[-90.49663,19.83098],[-90.49662,19.83098],[-90.49662,19.83098],[-90.49661,19.83098],[-90.49661,19.83099],[-90.49661,19.83099],[-90.4966,19.83099],[-90.4966,19.83099],[-90.49659,19.83099],[-90.49659,19.831],[-90.49658,19.831],[-90.49658,19.831],[-90.49658,19.831],[-90.49657,19.83101],[-90.49657,19.83101],[-90.49657,19.83101],[-90.49656,19.83102],[-90.49656,19.83102],[-90.49656,19.83103],[-90.49655,19.83103],[-90.49655,19.83104],[-90.49655,19.83104],[-90.49655,19.83105],[-90.49655,19.83105],[-90.49655,19.83105],[-90.49655,19.83106],[-90.49654,19.83106],[-90.49654,19.83107],[-90.49654,19.83108],[-90.49655,19.83108],[-90.49655,19.83109],[-90.49655,19.83109],[-90.49655,19.8311],[-90.49655,19.8311],[-90.49655,19.8311],[-90.49655,19.83111],[-90.49656,19.83111],[-90.49636,19.8312],[-90.49622,19.8313],[-90.49611,19.83143],[-90.4959,19.83176],[-90.49535,19.83256],[-90.49494,19.83314],[-90.4955,19.83339],[-90.49512,19.83379],[-90.49494,19.83401],[-90.49506,19.83436],[-90.49527,19.83439],[-90.49572,19.83447],[-90.49575,19.83448],[-90.49585,19.83449],[-90.49624,19.83457],[-90.49669,19.83464],[-90.49711,19.83468],[-90.49712,19.83468],[-90.4973,19.8347],[-90.49753,19.83472],[-90.49768,19.83473],[-90.49772,19.83509],[-90.49814,19.83513],[-90.49821,19.83569],[-90.4978,19.83567],[-90.4978,19.8357],[-90.49782,19.83586],[-90.49784,19.83597],[-90.49785,19.83617],[-90.49784,19.83638],[-90.49785,19.83648],[-90.49784,19.83662],[-90.49777,19.83685],[-90.49823,19.83726],[-90.49849,19.83758],[-90.49879,19.83791],[-90.49899,19.83815],[-90.49965,19.83887],[-90.49998,19.83917]]]}},{"type":"Feature","properties":{"cvegeo":"0400300011263","cve_ent":"04","fuente":"INEGI — Marco Geoestadístico 2024","fecha_corte":"2024-08","cve_mun":"04003","cve_ageb":"1263","cve_loc":"0001"},"geometry":{"type":"Polygon","coordinates":[[[-91.78127,18.65697],[-91.7812,18.65698],[-91.78119,18.65699],[-91.78088,18.6571],[-91.78064,18.65718],[-91.78037,18.65727],[-91.78021,18.65732],[-91.78018,18.65733],[-91.78007,18.65736],[-91.78006,18.65736],[-91.77985,18.65743],[-91.77917,18.65765],[-91.7791,18.65768],[-91.77902,18.65771],[-91.77894,18.65773],[-91.7789,18.65774],[-91.77876,18.65778],[-91.77875,18.65779],[-91.77851,18.65786],[-91.77835,18.65791],[-91.77831,18.65793],[-91.77825,18.65795],[-91.77819,18.65797],[-91.77801,18.65803],[-91.77764,18.65815],[-91.77765,18.65816],[-91.77763,18.65832],[-91.77802,18.65899],[-91.77825,18.65934],[-91.77857,18.6598],[-91.77886,18.66025],[-91.77917,18.66072],[-91.77948,18.66118],[-91.77976,18.66163],[-91.78006,18.6621],[-91.78007,18.66211],[-91.78037,18.66256],[-91.78038,18.66257],[-91.78067,18.66302],[-91.78096,18.66345],[-91.78108,18.66374],[-91.78113,18.66396],[-91.78119,18.66417],[-91.78125,18.66444],[-91.78136,18.66497],[-91.78141,18.66526],[-91.78152,18.66548],[-91.78175,18.66591],[-91.78198,18.66633],[-91.78221,18.66679],[-91.78246,18.66725],[-91.78253,18.66744],[-91.78257,18.66764],[-91.78256,18.66777],[-91.78251,18.66794],[-91.78246,18.66807],[-91.78241,18.66831],[-91.78245,18.6684],[-91.78248,18.66848],[-91.7825,18.66863],[-91.78254,18.66879],[-91.78263,18.6689],[-91.78274,18.66899],[-91.78277,18.66901],[-91.78308,18.66931],[-91.7831,18.66933],[-91.7831,18.66933],[-91.78444,18.66906],[-91.78723,18.66877],[-91.78722,18.66876],[-91.7872,18.66874],[-91.78689,18.66842],[-91.78689,18.66842],[-91.78672,18.66825],[-91.78668,18.66821],[-91.78661,18.6681],[-91.78649,18.66789],[-91.7869,18.66777],[-91.78855,18.66744],[-91.78901,18.66735],[-91.78899,18.66732],[-91.78889,18.66715],[-91.78879,18.66697],[-91.78845,18.66638],[-91.78841,18.66632],[-91.78838,18.66626],[-91.78801,18.66564],[-91.78798,18.6656],[-91.78793,18.66551],[-91.78785,18.66537],[-91.78781,18.6653],[-91.78778,18.66526],[-91.78763,18.66499],[-91.78739,18.66458],[-91.78718,18.66423],[-91.78702,18.66396],[-91.78698,18.66389],[-91.78661,18.66324],[-91.7866,18.66322],[-91.78659,18.6632],[-91.78657,18.66318],[-91.78647,18.663],[-91.78637,18.66284],[-91.78627,18.66267],[-91.78616,18.66248],[-91.78596,18.66215],[-91.78596,18.66214],[-91.78594,18.6621],[-91.78591,18.66206],[-91.78587,18.66199],[-91.78583,18.66191],[-91.78568,18.66166],[-91.78549,18.66133],[-91.78534,18.66106],[-91.78496,18.66071],[-91.78457,18.66035],[-91.78455,18.66033],[-91.78447,18.66024],[-91.78447,18.66024],[-91.78399,18.65979],[-91.78348,18.65932],[-91.78333,18.65918],[-91.78304,18.65891],[-91.78299,18.65886],[-91.78297,18.65884],[-91.78267,18.65855],[-91.78233,18.65823],[-91.78227,18.65818],[-91.7822,18.65813],[-91.7822,18.65813],[-91.78198,18.65798],[-91.78198,18.65798],[-91.78193,18.65791],[-91.78192,18.6579],[-91.78175,18.65756],[-91.78165,18.65739],[-91.78142,18.65707],[-91.78141,18.65705],[-91.78134,18.65694],[-91.78127,18.65697]]]}},{"type":"Feature","properties":{"cvegeo":"0400300012666","cve_ent":"04","fuente":"INEGI — Marco Geoestadístico 2024","fecha_corte":"2024-08","cve_mun":"04003","cve_ageb":"2666","cve_loc":"0001"},"geometry":{"type":"Polygon","coordinates":[[[-91.80128,18.65966],[-91.80129,18.65971],[-91.80143,18.66012],[-91.80101,18.66025],[-91.80073,18.66033],[-91.80057,18.66037],[-91.80036,18.66043],[-91.7998,18.66059],[-91.79949,18.66068],[-91.7992,18.66076],[-91.79883,18.66088],[-91.79863,18.66094],[-91.79802,18.66113],[-91.79818,18.66135],[-91.79831,18.66155],[-91.79855,18.66192],[-91.79866,18.6621],[-91.79879,18.66228],[-91.79888,18.66242],[-91.79913,18.66279],[-91.79936,18.66319],[-91.79931,18.6632],[-91.7983,18.66346],[-91.79554,18.66419],[-91.79592,18.66451],[-91.79603,18.6646],[-91.79606,18.66462],[-91.79611,18.66467],[-91.79634,18.66486],[-91.79668,18.66544],[-91.79718,18.66633],[-91.79726,18.6666],[-91.7973,18.6667],[-91.7973,18.66672],[-91.7973,18.66672],[-91.7973,18.66672],[-91.7973,18.66672],[-91.79797,18.66669],[-91.79863,18.66664],[-91.79963,18.66651],[-91.80298,18.66634],[-91.80394,18.6663],[-91.80394,18.6663],[-91.80394,18.66627],[-91.80392,18.66599],[-91.80391,18.66571],[-91.80385,18.66537],[-91.80389,18.66527],[-91.80374,18.6644],[-91.80371,18.66419],[-91.80363,18.66383],[-91.80355,18.66334],[-91.80352,18.66319],[-91.80347,18.66285],[-91.80344,18.66266],[-91.80344,18.66263],[-91.80343,18.66255],[-91.80344,18.6622],[-91.80343,18.66205],[-91.80343,18.66198],[-91.8033,18.66122],[-91.80309,18.66011],[-91.803,18.65967],[-91.80291,18.65922],[-91.80199,18.65951],[-91.80197,18.65947],[-91.80128,18.65966]]]}},{"type":"Feature","properties":{"cvegeo":"0400300013081","cve_ent":"04","fuente":"INEGI — Marco Geoestadístico 2024","fecha_corte":"2024-08","cve_mun":"04003","cve_ageb":"3081","cve_loc":"0001"},"geometry":{"type":"Polygon","coordinates":[[[-91.7597,18.66468],[-91.75893,18.6651],[-91.75718,18.66609],[-91.75719,18.6661],[-91.75869,18.66806],[-91.75897,18.66843],[-91.75925,18.66878],[-91.76087,18.66768],[-91.76173,18.6671],[-91.76145,18.66673],[-91.76116,18.66636],[-91.75988,18.6646],[-91.75987,18.66458],[-91.7597,18.66468]]]}},{"type":"Feature","properties":{"cvegeo":"0400300012543","cve_ent":"04","fuente":"INEGI — Marco Geoestadístico 2024","fecha_corte":"2024-08","cve_mun":"04003","cve_ageb":"2543","cve_loc":"0001"},"geometry":{"type":"Polygon","coordinates":[[[-91.78691,18.64713],[-91.78604,18.64751],[-91.78528,18.64781],[-91.78521,18.64783],[-91.78487,18.648],[-91.78484,18.64802],[-91.78489,18.64812],[-91.7849,18.64813],[-91.78494,18.6482],[-91.78513,18.64852],[-91.78527,18.64877],[-91.78529,18.6488],[-91.78531,18.64883],[-91.78538,18.64895],[-91.78551,18.64916],[-91.78591,18.64982],[-91.78593,18.64985],[-91.78593,18.64986],[-91.78595,18.6499],[-91.7864,18.65064],[-91.78686,18.65143],[-91.78731,18.65219],[-91.78733,18.65222],[-91.78735,18.65225],[-91.78745,18.65243],[-91.78756,18.65262],[-91.78765,18.65278],[-91.78776,18.65296],[-91.78778,18.65299],[-91.7878,18.65303],[-91.78822,18.65377],[-91.78824,18.6538],[-91.78826,18.65383],[-91.78853,18.65428],[-91.78864,18.65447],[-91.78872,18.65445],[-91.78928,18.65428],[-91.78959,18.65418],[-91.7905,18.6539],[-91.79062,18.65386],[-91.79054,18.65358],[-91.7904,18.65315],[-91.79026,18.65272],[-91.79009,18.65223],[-91.78994,18.65176],[-91.78994,18.65173],[-91.7898,18.65132],[-91.78972,18.65108],[-91.78959,18.6507],[-91.78948,18.65038],[-91.78934,18.64997],[-91.7893,18.64984],[-91.78922,18.64961],[-91.78919,18.64951],[-91.78913,18.64931],[-91.78905,18.64907],[-91.78902,18.64898],[-91.78893,18.64871],[-91.7889,18.64862],[-91.78878,18.6483],[-91.78875,18.64822],[-91.78862,18.64784],[-91.78848,18.64743],[-91.78834,18.64703],[-91.78828,18.64686],[-91.78819,18.6466],[-91.78691,18.64713]]]}},{"type":"Feature","properties":{"cvegeo":"0400300012878","cve_ent":"04","fuente":"INEGI — Marco Geoestadístico 2024","fecha_corte":"2024-08","cve_mun":"04003","cve_ageb":"2878","cve_loc":"0001"},"geometry":{"type":"Polygon","coordinates":[[[-91.8087,18.63842],[-91.80864,18.63859],[-91.80859,18.63871],[-91.8093,18.63909],[-91.80973,18.63927],[-91.80978,18.63928],[-91.80984,18.63929],[-91.80995,18.63933],[-91.80999,18.63935],[-91.81003,18.63936],[-91.81006,18.63938],[-91.81034,18.63965],[-91.81039,18.63971],[-91.81074,18.64007],[-91.81089,18.6402],[-91.81105,18.6403],[-91.81139,18.64038],[-91.81189,18.64056],[-91.81361,18.64118],[-91.81415,18.64138],[-91.81419,18.64134],[-91.81458,18.64096],[-91.8146,18.64094],[-91.81466,18.64088],[-91.81468,18.64087],[-91.81469,18.64085],[-91.81507,18.64045],[-91.81514,18.64037],[-91.81516,18.64035],[-91.81556,18.63994],[-91.81559,18.63991],[-91.81568,18.63985],[-91.81554,18.63974],[-91.81543,18.63965],[-91.81485,18.63925],[-91.81504,18.63897],[-91.81552,18.63828],[-91.81576,18.63791],[-91.81641,18.63696],[-91.81641,18.63696],[-91.81629,18.63694],[-91.81602,18.63692],[-91.81596,18.63691],[-91.81594,18.63691],[-91.81592,18.6369],[-91.8159,18.63689],[-91.81589,18.63689],[-91.81587,18.63688],[-91.81585,18.63687],[-91.81583,18.63685],[-91.81571,18.63675],[-91.81554,18.6366],[-91.81516,18.63631],[-91.81509,18.63625],[-91.81497,18.63616],[-91.81488,18.63609],[-91.81488,18.63609],[-91.81433,18.63689],[-91.81425,18.637],[-91.81401,18.63698],[-91.81368,18.63695],[-91.81356,18.63696],[-91.81292,18.63707],[-91.81243,18.63705],[-91.81162,18.63699],[-91.81161,18.63742],[-91.81106,18.63743],[-91.81006,18.63745],[-91.8095,18.63746],[-91.8095,18.63758],[-91.80927,18.63755],[-91.80899,18.63751],[-91.8089,18.6375],[-91.8087,18.63842]]]}},{"type":"Feature","properties":{"cvegeo":"0400306142810","cve_ent":"04","fuente":"INEGI — Marco Geoestadístico 2024","fecha_corte":"2024-08","cve_mun":"04003","cve_ageb":"2810","cve_loc":"0614"},"geometry":{"type":"Polygon","coordinates":[[[-91.17416,18.96929],[-91.17435,18.96957],[-91.17445,18.96971],[-91.17507,18.96923],[-91.17531,18.96905],[-91.17556,18.96887],[-91.17577,18.96872],[-91.17613,18.96848],[-91.17624,18.96843],[-91.17571,18.96806],[-91.17481,18.9675],[-91.17393,18.96805],[-91.17462,18.96891],[-91.17416,18.96929]]]}},{"type":"Feature","properties":{"cvegeo":"0400301012914","cve_ent":"04","fuente":"INEGI — Marco Geoestadístico 2024","fecha_corte":"2024-08","cve_mun":"04003","cve_ageb":"2914","cve_loc":"0101"},"geometry":{"type":"Polygon","coordinates":[[[-92.2404,18.61838],[-92.23915,18.61832],[-92.23833,18.61828],[-92.23812,18.61834],[-92.23795,18.61839],[-92.23785,18.61843],[-92.23771,18.6185],[-92.23751,18.61863],[-92.23731,18.61879],[-92.23731,18.61879],[-92.23648,18.6196],[-92.23648,18.6196],[-92.2354,18.62064],[-92.2354,18.62064],[-92.23517,18.62082],[-92.23517,18.62082],[-92.23479,18.62104],[-92.23434,18.62128],[-92.23415,18.62136],[-92.23407,18.62143],[-92.23407,18.62143],[-92.2344,18.62137],[-92.2353,18.62113],[-92.2379,18.6204],[-92.23912,18.62006],[-92.24249,18.61909],[-92.24248,18.61865],[-92.24239,18.6185],[-92.2404,18.61838]]]}},{"type":"Feature","properties":{"cvegeo":"040030001002A","cve_ent":"04","fuente":"INEGI — Marco Geoestadístico 2024","fecha_corte":"2024-08","cve_mun":"04003","cve_ageb":"002A","cve_loc":"0001"},"geometry":{"type":"Polygon","coordinates":[[[-91.82781,18.65415],[-91.82785,18.65419],[-91.82787,18.65421],[-91.82796,18.6543],[-91.8281,18.65444],[-91.82819,18.65438],[-91.8282,18.65437],[-91.8284,18.65427],[-91.82841,18.65427],[-91.82929,18.65381],[-91.82978,18.65357],[-91.83039,18.6533],[-91.83091,18.65305],[-91.8315,18.65279],[-91.83238,18.65238],[-91.83293,18.65213],[-91.83329,18.65196],[-91.83387,18.65169],[-91.83404,18.65154],[-91.83438,18.65126],[-91.83476,18.65094],[-91.83508,18.65068],[-91.83523,18.65059],[-91.83539,18.65053],[-91.83546,18.65051],[-91.83553,18.65049],[-91.83547,18.65032],[-91.83573,18.65028],[-91.83614,18.65019],[-91.83646,18.65009],[-91.83678,18.64999],[-91.83696,18.64991],[-91.83718,18.64986],[-91.83752,18.64983],[-91.83776,18.64974],[-91.83804,18.64957],[-91.83822,18.64945],[-91.83844,18.64926],[-91.8392,18.64899],[-91.83936,18.64893],[-91.83971,18.64882],[-91.84077,18.64842],[-91.84175,18.64804],[-91.84232,18.64769],[-91.84368,18.64685],[-91.8437,18.64683],[-91.84373,18.64678],[-91.84373,18.64678],[-91.84367,18.64671],[-91.84363,18.64667],[-91.84363,18.64666],[-91.84363,18.64666],[-91.84363,18.64666],[-91.84363,18.64666],[-91.84364,18.64665],[-91.84372,18.64659],[-91.84372,18.64659],[-91.84377,18.64655],[-91.84377,18.64655],[-91.84384,18.64649],[-91.84388,18.64645],[-91.84389,18.64642],[-91.84389,18.64642],[-91.84389,18.64642],[-91.84391,18.64638],[-91.84392,18.64634],[-91.84392,18.64634],[-91.84392,18.64633],[-91.84387,18.64621],[-91.84386,18.64616],[-91.8438,18.64594],[-91.84379,18.64591],[-91.84372,18.64571],[-91.84368,18.64564],[-91.84368,18.64564],[-91.84368,18.64564],[-91.84368,18.64553],[-91.84368,18.64552],[-91.84371,18.64543],[-91.84371,18.64543],[-91.84372,18.64543],[-91.8438,18.64542],[-91.84383,18.6454],[-91.84383,18.6454],[-91.84383,18.6454],[-91.84382,18.64539],[-91.84378,18.64533],[-91.84378,18.64533],[-91.84374,18.64523],[-91.84371,18.64509],[-91.84371,18.64509],[-91.84371,18.64509],[-91.84371,18.64509],[-91.84377,18.64504],[-91.84377,18.64504],[-91.84393,18.64498],[-91.84393,18.64498],[-91.84393,18.64498],[-91.8441,18.64476],[-91.8441,18.64476],[-91.8442,18.64468],[-91.8442,18.64468],[-91.84421,18.64467],[-91.84421,18.64467],[-91.84423,18.64463],[-91.84426,18.64457],[-91.84426,18.64457],[-91.84426,18.64457],[-91.84436,18.64451],[-91.84439,18.64448],[-91.8445,18.64448],[-91.8445,18.64448],[-91.8445,18.64448],[-91.84452,18.64456],[-91.84453,18.64457],[-91.84453,18.64457],[-91.84453,18.64457],[-91.84453,18.64457],[-91.84461,18.64453],[-91.84461,18.64452],[-91.84461,18.64452],[-91.84461,18.64452],[-91.84461,18.6445],[-91.84459,18.64443],[-91.84459,18.64443],[-91.84459,18.64443],[-91.84441,18.64444],[-91.8444,18.64445],[-91.8444,18.64445],[-91.8444,18.64444],[-91.84439,18.64442],[-91.84425,18.64413],[-91.84413,18.64392],[-91.84413,18.64392],[-91.84392,18.64355],[-91.84392,18.64355],[-91.84388,18.64349],[-91.84388,18.64349],[-91.84388,18.64349],[-91.84389,18.64348],[-91.84389,18.64347],[-91.84392,18.6434],[-91.84392,18.6434],[-91.84397,18.64337],[-91.84426,18.64318],[-91.84432,18.64317],[-91.84432,18.64317],[-91.84432,18.64317],[-91.84458,18.64341],[-91.84459,18.64342],[-91.84459,18.64342],[-91.84468,18.64333],[-91.84467,18.64332],[-91.8444,18.64305],[-91.84433,18.64309],[-91.84392,18.64332],[-91.84375,18.64342],[-91.84361,18.64349],[-91.84349,18.64355],[-91.84346,18.64356],[-91.84343,18.64357],[-91.8434,18.64357],[-91.84308,18.64374],[-91.84296,18.6438],[-91.84281,18.64388],[-91.84259,18.644],[-91.84252,18.64404],[-91.84205,18.64429],[-91.84197,18.64433],[-91.84155,18.64456],[-91.8415,18.64458],[-91.84127,18.6447],[-91.84126,18.64471],[-91.84121,18.64473],[-91.84116,18.64476],[-91.8406,18.64506],[-91.84043,18.64515],[-91.84036,18.64518],[-91.8403,18.64522],[-91.84028,18.64523],[-91.8402,18.64527],[-91.84017,18.64529],[-91.84009,18.64533],[-91.8384,18.64624],[-91.83839,18.64625],[-91.83822,18.64631],[-91.83801,18.64633],[-91.838,18.64633],[-91.83685,18.64672],[-91.83668,18.64678],[-91.83603,18.647],[-91.83597,18.64701],[-91.83587,18.64705],[-91.83447,18.64751],[-91.83441,18.64753],[-91.83433,18.64756],[-91.83317,18.64795],[-91.83314,18.64796],[-91.83308,18.64798],[-91.83197,18.64836],[-91.83191,18.64838],[-91.83184,18.6484],[-91.83046,18.64889],[-91.83039,18.64891],[-91.83033,18.64893],[-91.83031,18.64894],[-91.83029,18.64895],[-91.83025,18.64897],[-91.83014,18.64904],[-91.83004,18.64911],[-91.82993,18.6492],[-91.82989,18.64923],[-91.8297,18.64937],[-91.82957,18.6495],[-91.82926,18.64982],[-91.82909,18.65004],[-91.82907,18.65006],[-91.82901,18.65014],[-91.82843,18.65098],[-91.8284,18.65101],[-91.82836,18.65106],[-91.82757,18.65216],[-91.82753,18.6522],[-91.82751,18.65224],[-91.82721,18.65265],[-91.8272,18.65267],[-91.82707,18.65284],[-91.82707,18.65285],[-91.82704,18.65289],[-91.82696,18.65297],[-91.8269,18.65301],[-91.82672,18.65312],[-91.82686,18.65327],[-91.82686,18.65327],[-91.82735,18.65374],[-91.82742,18.6538],[-91.82749,18.65387],[-91.82776,18.65411],[-91.82781,18.65415]]]}},{"type":"Feature","properties":{"cvegeo":"0400300012505","cve_ent":"04","fuente":"INEGI — Marco Geoestadístico 2024","fecha_corte":"2024-08","cve_mun":"04003","cve_ageb":"2505","cve_loc":"0001"},"geometry":{"type":"Polygon","coordinates":[[[-91.82203,18.6554],[-91.82216,18.65555],[-91.82234,18.65576],[-91.82248,18.65593],[-91.82253,18.656],[-91.82258,18.65596],[-91.82309,18.65558],[-91.82349,18.6553],[-91.82385,18.65579],[-91.82463,18.65549],[-91.82503,18.65528],[-91.82562,18.65503],[-91.8268,18.65452],[-91.82755,18.65435],[-91.8278,18.65416],[-91.82781,18.65415],[-91.82776,18.65411],[-91.82749,18.65387],[-91.82742,18.6538],[-91.82735,18.65374],[-91.82686,18.65327],[-91.82686,18.65327],[-91.82672,18.65312],[-91.82661,18.65302],[-91.82618,18.65261],[-91.82614,18.65257],[-91.82609,18.65251],[-91.82546,18.65192],[-91.82541,18.65187],[-91.82538,18.65184],[-91.82519,18.65166],[-91.82515,18.65162],[-91.82509,18.65156],[-91.82493,18.65141],[-91.8247,18.65118],[-91.82465,18.65113],[-91.82461,18.6511],[-91.82461,18.6511],[-91.8244,18.65091],[-91.82407,18.6506],[-91.82405,18.65058],[-91.824,18.65053],[-91.82397,18.6505],[-91.82334,18.6499],[-91.82326,18.64983],[-91.82322,18.64979],[-91.82284,18.64943],[-91.82234,18.64895],[-91.82229,18.64891],[-91.82227,18.64888],[-91.82218,18.64884],[-91.82213,18.64879],[-91.82211,18.64878],[-91.82169,18.64836],[-91.82168,18.64835],[-91.82134,18.64846],[-91.82112,18.64854],[-91.82028,18.64871],[-91.82017,18.64874],[-91.81959,18.64885],[-91.81918,18.64894],[-91.81895,18.64899],[-91.81895,18.64899],[-91.81909,18.64964],[-91.81923,18.65027],[-91.81937,18.65085],[-91.81937,18.65085],[-91.81955,18.65168],[-91.81957,18.65174],[-91.81919,18.65211],[-91.81883,18.65248],[-91.81965,18.65316],[-91.82,18.65344],[-91.8203,18.65371],[-91.82095,18.65432],[-91.82164,18.65496],[-91.82203,18.6554]]]}},{"type":"Feature","properties":{"cvegeo":"0400300010049","cve_ent":"04","fuente":"INEGI — Marco Geoestadístico 2024","fecha_corte":"2024-08","cve_mun":"04003","cve_ageb":"0049","cve_loc":"0001"},"geometry":{"type":"Polygon","coordinates":[[[-91.82597,18.64424],[-91.82547,18.64481],[-91.82607,18.64525],[-91.82609,18.64526],[-91.82626,18.64538],[-91.82728,18.64611],[-91.82736,18.64618],[-91.82736,18.64618],[-91.82686,18.64655],[-91.82628,18.64695],[-91.82565,18.6473],[-91.82504,18.64761],[-91.82442,18.64791],[-91.82383,18.64819],[-91.82324,18.64849],[-91.82262,18.64881],[-91.82242,18.64892],[-91.82235,18.64895],[-91.82234,18.64895],[-91.82284,18.64943],[-91.82322,18.64979],[-91.82326,18.64983],[-91.82334,18.6499],[-91.82397,18.6505],[-91.824,18.65053],[-91.82405,18.65058],[-91.82407,18.6506],[-91.8244,18.65091],[-91.82461,18.6511],[-91.82461,18.6511],[-91.82465,18.65113],[-91.8247,18.65118],[-91.82493,18.65141],[-91.82509,18.65156],[-91.82515,18.65162],[-91.82519,18.65166],[-91.82538,18.65184],[-91.82541,18.65187],[-91.82546,18.65192],[-91.82609,18.65251],[-91.82614,18.65257],[-91.82618,18.65261],[-91.82661,18.65302],[-91.82672,18.65312],[-91.8269,18.65301],[-91.82696,18.65297],[-91.82704,18.65289],[-91.82707,18.65285],[-91.82707,18.65284],[-91.8272,18.65267],[-91.82721,18.65265],[-91.82751,18.65224],[-91.82753,18.6522],[-91.82757,18.65216],[-91.82836,18.65106],[-91.8284,18.65101],[-91.82843,18.65098],[-91.82901,18.65014],[-91.82907,18.65006],[-91.82909,18.65004],[-91.82926,18.64982],[-91.82957,18.6495],[-91.8297,18.64937],[-91.82989,18.64923],[-91.82993,18.6492],[-91.83004,18.64911],[-91.83014,18.64904],[-91.83025,18.64897],[-91.83029,18.64895],[-91.83031,18.64894],[-91.83033,18.64893],[-91.83039,18.64891],[-91.83046,18.64889],[-91.83184,18.6484],[-91.83191,18.64838],[-91.83107,18.64778],[-91.83204,18.64745],[-91.83288,18.64716],[-91.83209,18.64645],[-91.83186,18.64624],[-91.83182,18.6462],[-91.83155,18.64594],[-91.83104,18.64552],[-91.83028,18.64506],[-91.82973,18.6447],[-91.82932,18.64444],[-91.82882,18.6441],[-91.82771,18.64337],[-91.82718,18.64399],[-91.82655,18.64357],[-91.82655,18.64357],[-91.82597,18.64424]]]}},{"type":"Feature","properties":{"cvegeo":"0400300010072","cve_ent":"04","fuente":"INEGI — Marco Geoestadístico 2024","fecha_corte":"2024-08","cve_mun":"04003","cve_ageb":"0072","cve_loc":"0001"},"geometry":{"type":"Polygon","coordinates":[[[-91.81906,18.64334],[-91.81907,18.64379],[-91.81906,18.64385],[-91.81905,18.64478],[-91.81905,18.64479],[-91.81905,18.64479],[-91.81912,18.64477],[-91.82036,18.64426],[-91.82089,18.64405],[-91.82123,18.64392],[-91.82124,18.64391],[-91.8215,18.6438],[-91.82164,18.64375],[-91.82169,18.64373],[-91.82178,18.64369],[-91.82179,18.64369],[-91.82198,18.64362],[-91.82213,18.64356],[-91.82222,18.64352],[-91.82222,18.64351],[-91.8224,18.64342],[-91.82256,18.64334],[-91.82262,18.64331],[-91.82264,18.6433],[-91.82286,18.64316],[-91.82288,18.64315],[-91.82297,18.64311],[-91.823,18.64309],[-91.82321,18.64296],[-91.82321,18.64295],[-91.82327,18.64291],[-91.8233,18.64289],[-91.82402,18.64244],[-91.82405,18.64241],[-91.82409,18.64239],[-91.82414,18.64236],[-91.82419,18.64233],[-91.82422,18.64231],[-91.82452,18.64212],[-91.82459,18.64207],[-91.82491,18.64187],[-91.82506,18.64177],[-91.82509,18.64175],[-91.8253,18.64162],[-91.82593,18.64123],[-91.82596,18.6412],[-91.82596,18.6412],[-91.82603,18.64118],[-91.82629,18.64104],[-91.82658,18.64091],[-91.82691,18.64078],[-91.82703,18.64076],[-91.82842,18.64031],[-91.82821,18.64014],[-91.82789,18.63988],[-91.82968,18.63879],[-91.82979,18.63872],[-91.83091,18.63804],[-91.83063,18.63727],[-91.83058,18.63712],[-91.8302,18.63739],[-91.82985,18.63669],[-91.82936,18.63573],[-91.82894,18.63496],[-91.82876,18.63461],[-91.8287,18.63449],[-91.82845,18.63402],[-91.82829,18.63371],[-91.82805,18.63325],[-91.82758,18.63237],[-91.82683,18.63093],[-91.8267,18.63069],[-91.82665,18.6304],[-91.82658,18.63038],[-91.82646,18.63035],[-91.82646,18.63035],[-91.8264,18.63036],[-91.82618,18.6304],[-91.82605,18.63041],[-91.82577,18.63046],[-91.82577,18.63046],[-91.82548,18.6305],[-91.82544,18.6305],[-91.82543,18.6305],[-91.82529,18.6305],[-91.82526,18.63052],[-91.82513,18.63063],[-91.82502,18.63074],[-91.82492,18.63083],[-91.8249,18.63085],[-91.82485,18.63089],[-91.82483,18.63092],[-91.82482,18.63096],[-91.82482,18.63098],[-91.82476,18.6315],[-91.82475,18.63157],[-91.82475,18.63157],[-91.82476,18.63162],[-91.82482,18.63213],[-91.82483,18.63221],[-91.82483,18.63222],[-91.82485,18.63236],[-91.82488,18.63255],[-91.82489,18.63263],[-91.8249,18.63272],[-91.82491,18.63281],[-91.82491,18.63307],[-91.82491,18.6331],[-91.82491,18.6331],[-91.82489,18.6332],[-91.82484,18.63344],[-91.82484,18.63344],[-91.82493,18.63349],[-91.82498,18.63349],[-91.82498,18.63368],[-91.82499,18.63392],[-91.82499,18.63392],[-91.82488,18.63393],[-91.82473,18.6345],[-91.82469,18.63465],[-91.8246,18.63484],[-91.82449,18.63507],[-91.82449,18.63507],[-91.82468,18.6354],[-91.8251,18.63618],[-91.82509,18.63618],[-91.82424,18.63659],[-91.82401,18.63697],[-91.82401,18.63697],[-91.82408,18.63701],[-91.82408,18.63701],[-91.82353,18.6387],[-91.82295,18.63834],[-91.82287,18.63828],[-91.82263,18.63813],[-91.8222,18.63786],[-91.82218,18.63788],[-91.82218,18.63788],[-91.82209,18.63796],[-91.82147,18.63852],[-91.82145,18.63854],[-91.8214,18.63859],[-91.82119,18.63877],[-91.82089,18.63897],[-91.82083,18.63902],[-91.82078,18.63905],[-91.82076,18.63907],[-91.82066,18.63913],[-91.82066,18.63914],[-91.82002,18.63958],[-91.82,18.6396],[-91.81991,18.63966],[-91.81959,18.63987],[-91.81957,18.63989],[-91.81956,18.6399],[-91.81948,18.63993],[-91.81921,18.64005],[-91.81899,18.64012],[-91.81896,18.64013],[-91.81899,18.64097],[-91.81899,18.64101],[-91.81793,18.64103],[-91.81795,18.64193],[-91.81796,18.64256],[-91.81799,18.64256],[-91.81846,18.64254],[-91.81904,18.64253],[-91.81906,18.64334]]]}},{"type":"Feature","properties":{"cvegeo":"0400300012717","cve_ent":"04","fuente":"INEGI — Marco Geoestadístico 2024","fecha_corte":"2024-08","cve_mun":"04003","cve_ageb":"2717","cve_loc":"0001"},"geometry":{"type":"Polygon","coordinates":[[[-91.78902,18.64898],[-91.78905,18.64907],[-91.78913,18.64931],[-91.78919,18.64951],[-91.78922,18.64961],[-91.7893,18.64984],[-91.78954,18.64978],[-91.78985,18.6497],[-91.79032,18.64957],[-91.79101,18.64938],[-91.79234,18.64904],[-91.79284,18.6489],[-91.79285,18.64906],[-91.79285,18.64922],[-91.79325,18.64923],[-91.79387,18.64923],[-91.79458,18.64922],[-91.79506,18.6492],[-91.79508,18.6492],[-91.79477,18.64885],[-91.7945,18.64854],[-91.79427,18.64829],[-91.79412,18.64812],[-91.79339,18.6473],[-91.79333,18.64723],[-91.79287,18.64672],[-91.79286,18.64671],[-91.79242,18.64622],[-91.79155,18.64525],[-91.79088,18.6445],[-91.79088,18.6445],[-91.79075,18.64436],[-91.79019,18.64374],[-91.78961,18.64307],[-91.78952,18.64305],[-91.78948,18.64303],[-91.78945,18.64301],[-91.78939,18.64294],[-91.78931,18.64284],[-91.78918,18.64273],[-91.78911,18.64265],[-91.78906,18.64258],[-91.78893,18.64259],[-91.78886,18.64257],[-91.78874,18.64257],[-91.78865,18.64256],[-91.78857,18.64258],[-91.78847,18.6426],[-91.78831,18.6426],[-91.78835,18.64268],[-91.7892,18.64356],[-91.78979,18.64428],[-91.78961,18.64437],[-91.78908,18.64454],[-91.78906,18.64455],[-91.78819,18.64479],[-91.78789,18.64488],[-91.78765,18.64494],[-91.78777,18.64533],[-91.78783,18.64552],[-91.78792,18.64578],[-91.78804,18.64615],[-91.78819,18.6466],[-91.78828,18.64686],[-91.78834,18.64703],[-91.78848,18.64743],[-91.78862,18.64784],[-91.78875,18.64822],[-91.78878,18.6483],[-91.7889,18.64862],[-91.78893,18.64871],[-91.78902,18.64898]]]}},{"type":"Feature","properties":{"cvegeo":"0400300010091","cve_ent":"04","fuente":"INEGI — Marco Geoestadístico 2024","fecha_corte":"2024-08","cve_mun":"04003","cve_ageb":"0091","cve_loc":"0001"},"geometry":{"type":"Polygon","coordinates":[[[-91.82829,18.63371],[-91.82845,18.63402],[-91.8287,18.63449],[-91.82876,18.63461],[-91.82894,18.63496],[-91.82936,18.63573],[-91.82985,18.63669],[-91.8302,18.63739],[-91.83058,18.63712],[-91.83089,18.6369],[-91.83113,18.63673],[-91.83155,18.6364],[-91.83241,18.63579],[-91.83265,18.63559],[-91.83284,18.6354],[-91.8329,18.63534],[-91.83316,18.63501],[-91.8332,18.63497],[-91.83331,18.63482],[-91.83338,18.63471],[-91.83366,18.63437],[-91.8337,18.63432],[-91.83358,18.63417],[-91.8337,18.63408],[-91.83387,18.63394],[-91.83397,18.63386],[-91.83397,18.63386],[-91.83397,18.63386],[-91.83397,18.63386],[-91.83388,18.63378],[-91.83388,18.63378],[-91.83388,18.63378],[-91.83388,18.63378],[-91.83385,18.63381],[-91.8338,18.63386],[-91.83379,18.63387],[-91.83379,18.63387],[-91.83379,18.63387],[-91.83379,18.63386],[-91.83359,18.6336],[-91.83359,18.6336],[-91.83359,18.6336],[-91.83359,18.63358],[-91.8336,18.63358],[-91.83361,18.63353],[-91.83361,18.63351],[-91.83361,18.63351],[-91.83361,18.63351],[-91.83361,18.63351],[-91.83358,18.6335],[-91.83352,18.63348],[-91.83351,18.63348],[-91.83351,18.63347],[-91.8335,18.63347],[-91.83341,18.63328],[-91.8334,18.63325],[-91.8334,18.63325],[-91.8334,18.63325],[-91.83341,18.63325],[-91.83341,18.63325],[-91.83343,18.63323],[-91.83358,18.63315],[-91.83358,18.63315],[-91.83358,18.63315],[-91.83357,18.63313],[-91.83353,18.63306],[-91.83353,18.63306],[-91.83353,18.63306],[-91.83353,18.63306],[-91.83352,18.63307],[-91.8335,18.63308],[-91.8335,18.63308],[-91.8335,18.63308],[-91.8335,18.63308],[-91.83353,18.63312],[-91.83354,18.63314],[-91.83354,18.63314],[-91.83354,18.63314],[-91.83341,18.63321],[-91.83341,18.63321],[-91.83332,18.63326],[-91.83332,18.63326],[-91.83331,18.63326],[-91.83329,18.63321],[-91.83329,18.63321],[-91.83329,18.63321],[-91.83329,18.63321],[-91.83329,18.63321],[-91.8333,18.6332],[-91.83337,18.63315],[-91.83337,18.63315],[-91.83337,18.63315],[-91.83337,18.63315],[-91.83337,18.63315],[-91.83336,18.63314],[-91.83334,18.63311],[-91.83324,18.633],[-91.83324,18.633],[-91.83324,18.633],[-91.83324,18.633],[-91.8332,18.63303],[-91.83318,18.63303],[-91.83318,18.63304],[-91.83318,18.63304],[-91.83318,18.63304],[-91.83309,18.63296],[-91.83309,18.63296],[-91.83298,18.63287],[-91.83298,18.63287],[-91.83295,18.63275],[-91.83295,18.63274],[-91.83287,18.63264],[-91.83287,18.63264],[-91.83284,18.6326],[-91.83284,18.6326],[-91.83274,18.63243],[-91.83274,18.63243],[-91.83274,18.63243],[-91.83255,18.63227],[-91.83231,18.63207],[-91.83231,18.63207],[-91.83231,18.63207],[-91.83228,18.63203],[-91.83229,18.63202],[-91.83233,18.63197],[-91.83233,18.63197],[-91.83234,18.63196],[-91.83233,18.63195],[-91.83233,18.63195],[-91.83233,18.63195],[-91.83233,18.63195],[-91.83232,18.63196],[-91.83232,18.63196],[-91.83227,18.63202],[-91.83227,18.63202],[-91.83227,18.63201],[-91.83226,18.63201],[-91.83226,18.63201],[-91.83217,18.63192],[-91.83217,18.63192],[-91.83216,18.63192],[-91.83213,18.63192],[-91.83213,18.63192],[-91.8321,18.63192],[-91.83209,18.63192],[-91.83208,18.63192],[-91.83207,18.63191],[-91.83206,18.63191],[-91.83205,18.63191],[-91.83202,18.6319],[-91.83202,18.6319],[-91.832,18.63192],[-91.83198,18.63193],[-91.83197,18.63193],[-91.83196,18.63194],[-91.83196,18.63194],[-91.83186,18.6319],[-91.83186,18.6319],[-91.83178,18.63181],[-91.83178,18.63181],[-91.83176,18.63171],[-91.83176,18.6317],[-91.83175,18.63169],[-91.83175,18.63167],[-91.83175,18.63167],[-91.83166,18.63161],[-91.83164,18.63159],[-91.83156,18.63153],[-91.83146,18.63146],[-91.83145,18.63145],[-91.83144,18.63144],[-91.83144,18.63144],[-91.83144,18.63144],[-91.83145,18.63142],[-91.83145,18.6314],[-91.83147,18.63138],[-91.83147,18.63138],[-91.83147,18.63138],[-91.8315,18.63141],[-91.83195,18.63172],[-91.83195,18.63172],[-91.83195,18.63172],[-91.83203,18.63162],[-91.83202,18.63161],[-91.83166,18.63136],[-91.8312,18.63105],[-91.83118,18.63103],[-91.83118,18.63103],[-91.83118,18.63103],[-91.83112,18.63112],[-91.83111,18.63114],[-91.83133,18.63129],[-91.83141,18.63135],[-91.83142,18.63136],[-91.83141,18.63137],[-91.83141,18.63138],[-91.8314,18.63139],[-91.8314,18.63139],[-91.83138,18.63139],[-91.83137,18.63139],[-91.83114,18.63132],[-91.83114,18.63132],[-91.83098,18.63108],[-91.83059,18.63066],[-91.83059,18.63066],[-91.83059,18.63066],[-91.83059,18.63066],[-91.83059,18.63066],[-91.83059,18.63066],[-91.83059,18.63066],[-91.83058,18.63066],[-91.83038,18.63086],[-91.83035,18.6309],[-91.83035,18.6309],[-91.83025,18.63091],[-91.83025,18.63091],[-91.83014,18.63104],[-91.83014,18.63104],[-91.83014,18.63104],[-91.83014,18.63104],[-91.83013,18.63104],[-91.83013,18.63103],[-91.83004,18.63098],[-91.83004,18.63098],[-91.83004,18.63098],[-91.83006,18.63096],[-91.83013,18.63087],[-91.83013,18.63087],[-91.83013,18.63086],[-91.83013,18.63086],[-91.83013,18.63085],[-91.83013,18.6308],[-91.83013,18.6308],[-91.83013,18.63072],[-91.83013,18.63072],[-91.83014,18.63071],[-91.83014,18.6307],[-91.8303,18.6305],[-91.8303,18.6305],[-91.8303,18.6305],[-91.8303,18.6305],[-91.83029,18.63049],[-91.83025,18.63045],[-91.83025,18.63045],[-91.83025,18.63045],[-91.83025,18.63045],[-91.82999,18.63055],[-91.82989,18.63059],[-91.82989,18.63059],[-91.82978,18.63066],[-91.82977,18.63066],[-91.82971,18.63065],[-91.82967,18.63065],[-91.82967,18.63065],[-91.82966,18.63065],[-91.82956,18.63059],[-91.82949,18.63053],[-91.82946,18.63051],[-91.82942,18.63047],[-91.82942,18.63047],[-91.82942,18.63047],[-91.82941,18.63047],[-91.82927,18.63047],[-91.82926,18.63047],[-91.82926,18.63047],[-91.82924,18.6305],[-91.82922,18.63052],[-91.82921,18.63054],[-91.82921,18.63054],[-91.82921,18.63054],[-91.8292,18.63054],[-91.82908,18.63057],[-91.82896,18.63056],[-91.82896,18.63056],[-91.82896,18.63056],[-91.82882,18.63055],[-91.82869,18.63053],[-91.82856,18.63048],[-91.82856,18.63048],[-91.82856,18.63048],[-91.82856,18.63048],[-91.82856,18.63046],[-91.82856,18.63045],[-91.82857,18.63044],[-91.82857,18.63041],[-91.82857,18.63041],[-91.82857,18.63041],[-91.82857,18.63041],[-91.82854,18.6304],[-91.82854,18.6304],[-91.82854,18.6304],[-91.82854,18.6304],[-91.82855,18.63038],[-91.82862,18.63017],[-91.82862,18.63017],[-91.82862,18.63017],[-91.82863,18.63017],[-91.82867,18.63018],[-91.82867,18.63018],[-91.82867,18.63018],[-91.82868,18.63016],[-91.82868,18.63016],[-91.82867,18.63016],[-91.82867,18.63016],[-91.82864,18.63014],[-91.82861,18.63014],[-91.82861,18.63014],[-91.82861,18.63014],[-91.82861,18.63014],[-91.82862,18.63012],[-91.82865,18.62999],[-91.82865,18.62999],[-91.82865,18.62999],[-91.82872,18.63],[-91.82872,18.63001],[-91.82872,18.63],[-91.82878,18.62981],[-91.82878,18.62981],[-91.82877,18.62981],[-91.82877,18.62981],[-91.82873,18.62981],[-91.82873,18.62981],[-91.82873,18.62981],[-91.82873,18.62981],[-91.82873,18.62981],[-91.82873,18.62979],[-91.82875,18.62973],[-91.82875,18.62973],[-91.82875,18.62973],[-91.82874,18.62973],[-91.82872,18.62972],[-91.82872,18.62972],[-91.82872,18.62972],[-91.82871,18.62978],[-91.82871,18.62978],[-91.82871,18.62978],[-91.82865,18.62977],[-91.82865,18.62977],[-91.82865,18.62977],[-91.82856,18.63004],[-91.82855,18.63007],[-91.82855,18.63007],[-91.82855,18.63007],[-91.82855,18.63007],[-91.8286,18.63009],[-91.82861,18.63009],[-91.82861,18.63009],[-91.82861,18.63009],[-91.82857,18.63022],[-91.82852,18.63039],[-91.82852,18.63039],[-91.82852,18.63039],[-91.8285,18.63039],[-91.82848,18.63039],[-91.82848,18.63039],[-91.82848,18.6304],[-91.82847,18.63043],[-91.82847,18.63045],[-91.82846,18.63048],[-91.82846,18.63048],[-91.82839,18.63047],[-91.82839,18.63047],[-91.82839,18.63047],[-91.82838,18.63043],[-91.82838,18.63042],[-91.82809,18.63035],[-91.82809,18.63034],[-91.82804,18.63041],[-91.82804,18.63041],[-91.82804,18.63041],[-91.82803,18.63041],[-91.82801,18.63041],[-91.82788,18.63038],[-91.82772,18.63036],[-91.82757,18.63031],[-91.82757,18.63031],[-91.82754,18.63025],[-91.82754,18.63025],[-91.82754,18.63025],[-91.82741,18.63024],[-91.82741,18.63024],[-91.82741,18.63024],[-91.82741,18.63016],[-91.82741,18.63016],[-91.82736,18.63016],[-91.82736,18.63017],[-91.82736,18.63019],[-91.82736,18.63021],[-91.82736,18.63023],[-91.82733,18.63023],[-91.82718,18.63023],[-91.82718,18.63026],[-91.82716,18.63037],[-91.82712,18.63037],[-91.82712,18.63037],[-91.82691,18.63035],[-91.82691,18.63035],[-91.82656,18.63024],[-91.82656,18.63024],[-91.82595,18.63033],[-91.82595,18.63033],[-91.82595,18.63032],[-91.82587,18.6302],[-91.82587,18.6302],[-91.82583,18.63022],[-91.82583,18.63022],[-91.82578,18.63025],[-91.82568,18.63028],[-91.82568,18.63028],[-91.82574,18.6304],[-91.82576,18.63045],[-91.82577,18.63046],[-91.82605,18.63041],[-91.82618,18.6304],[-91.8264,18.63036],[-91.82646,18.63035],[-91.82646,18.63035],[-91.82658,18.63038],[-91.82665,18.6304],[-91.8267,18.63069],[-91.82683,18.63093],[-91.82758,18.63237],[-91.82805,18.63325],[-91.82829,18.63371]]]}},{"type":"Feature","properties":{"cvegeo":"040030001109A","cve_ent":"04","fuente":"INEGI — Marco Geoestadístico 2024","fecha_corte":"2024-08","cve_mun":"04003","cve_ageb":"109A","cve_loc":"0001"},"geometry":{"type":"Polygon","coordinates":[[[-91.81796,18.65987],[-91.81815,18.66044],[-91.81816,18.66049],[-91.81819,18.66057],[-91.81832,18.66103],[-91.81834,18.6611],[-91.81944,18.66069],[-91.81987,18.66053],[-91.82038,18.66034],[-91.82149,18.65989],[-91.82186,18.65973],[-91.82289,18.65923],[-91.82345,18.65896],[-91.82383,18.65877],[-91.824,18.65867],[-91.82467,18.6583],[-91.82524,18.65798],[-91.82598,18.65755],[-91.82653,18.65721],[-91.82753,18.65659],[-91.82788,18.65636],[-91.82837,18.65605],[-91.82917,18.65548],[-91.82911,18.65543],[-91.82879,18.6551],[-91.82877,18.65508],[-91.82871,18.65502],[-91.82869,18.655],[-91.82867,18.65498],[-91.82853,18.65484],[-91.82851,18.65482],[-91.82849,18.65479],[-91.82843,18.65474],[-91.82827,18.65459],[-91.82825,18.65457],[-91.82816,18.65449],[-91.8281,18.65444],[-91.82796,18.6543],[-91.82787,18.65421],[-91.82785,18.65419],[-91.82781,18.65415],[-91.8278,18.65416],[-91.82755,18.65435],[-91.8268,18.65452],[-91.82562,18.65503],[-91.82503,18.65528],[-91.82463,18.65549],[-91.82385,18.65579],[-91.82349,18.6553],[-91.82309,18.65558],[-91.82258,18.65596],[-91.82253,18.656],[-91.82248,18.65593],[-91.82234,18.65576],[-91.82216,18.65555],[-91.82203,18.6554],[-91.82164,18.65496],[-91.82095,18.65432],[-91.8203,18.65371],[-91.82,18.65344],[-91.81965,18.65316],[-91.81883,18.65248],[-91.81919,18.65211],[-91.81957,18.65174],[-91.81955,18.65168],[-91.81937,18.65085],[-91.81884,18.65095],[-91.81814,18.65109],[-91.81788,18.65114],[-91.81749,18.65123],[-91.8173,18.65126],[-91.81695,18.65133],[-91.81673,18.65137],[-91.81641,18.65144],[-91.81616,18.6515],[-91.8157,18.6516],[-91.81506,18.65171],[-91.81493,18.65174],[-91.81501,18.65185],[-91.81516,18.65203],[-91.81524,18.65217],[-91.8154,18.65243],[-91.81548,18.6526],[-91.81562,18.65288],[-91.8158,18.6533],[-91.81593,18.65371],[-91.81606,18.6541],[-91.81608,18.65414],[-91.81611,18.65425],[-91.81612,18.65429],[-91.81612,18.6543],[-91.81631,18.65488],[-91.81636,18.65504],[-91.81653,18.65556],[-91.81661,18.65582],[-91.81671,18.6561],[-91.81691,18.65671],[-91.81692,18.65674],[-91.81694,18.65681],[-91.81695,18.65686],[-91.81697,18.65692],[-91.81718,18.65751],[-91.81725,18.65776],[-91.81738,18.65816],[-91.81743,18.65827],[-91.81753,18.65857],[-91.81762,18.65885],[-91.81778,18.65936],[-91.81796,18.65987]]]}},{"type":"Feature","properties":{"cvegeo":"0400300011140","cve_ent":"04","fuente":"INEGI — Marco Geoestadístico 2024","fecha_corte":"2024-08","cve_mun":"04003","cve_ageb":"1140","cve_loc":"0001"},"geometry":{"type":"Polygon","coordinates":[[[-91.81671,18.63976],[-91.8168,18.63978],[-91.81686,18.63979],[-91.81803,18.63997],[-91.81882,18.64009],[-91.81886,18.6401],[-91.81892,18.64011],[-91.81896,18.64013],[-91.81899,18.64012],[-91.81921,18.64005],[-91.81948,18.63993],[-91.81956,18.6399],[-91.81957,18.63989],[-91.81959,18.63987],[-91.81991,18.63966],[-91.82,18.6396],[-91.82002,18.63958],[-91.82066,18.63914],[-91.82066,18.63913],[-91.82076,18.63907],[-91.82078,18.63905],[-91.82083,18.63902],[-91.82089,18.63897],[-91.82119,18.63877],[-91.8214,18.63859],[-91.82145,18.63854],[-91.82147,18.63852],[-91.82209,18.63796],[-91.82218,18.63788],[-91.82218,18.63788],[-91.82138,18.63732],[-91.82119,18.63719],[-91.82094,18.63702],[-91.82054,18.63675],[-91.82049,18.63671],[-91.82044,18.63668],[-91.82015,18.63646],[-91.82013,18.63645],[-91.82012,18.63644],[-91.8201,18.63642],[-91.82007,18.63639],[-91.82004,18.63635],[-91.82003,18.63634],[-91.82002,18.63632],[-91.81999,18.63628],[-91.81997,18.63625],[-91.81995,18.63621],[-91.81995,18.63611],[-91.81994,18.63597],[-91.81994,18.63597],[-91.81996,18.63581],[-91.82001,18.63555],[-91.82007,18.63517],[-91.82007,18.63517],[-91.81925,18.63448],[-91.81851,18.6339],[-91.81795,18.63469],[-91.81741,18.63549],[-91.81686,18.6363],[-91.81641,18.63696],[-91.81641,18.63696],[-91.81576,18.63791],[-91.81552,18.63828],[-91.81504,18.63897],[-91.81485,18.63925],[-91.81543,18.63965],[-91.81554,18.63974],[-91.81568,18.63985],[-91.81572,18.63983],[-91.81584,18.63975],[-91.81594,18.63972],[-91.81604,18.6397],[-91.81613,18.63969],[-91.8162,18.6397],[-91.8163,18.6397],[-91.81671,18.63976]]]}},{"type":"Feature","properties":{"cvegeo":"0400300011155","cve_ent":"04","fuente":"INEGI — Marco Geoestadístico 2024","fecha_corte":"2024-08","cve_mun":"04003","cve_ageb":"1155","cve_loc":"0001"},"geometry":{"type":"Polygon","coordinates":[[[-91.82263,18.63813],[-91.82287,18.63828],[-91.82295,18.63834],[-91.82353,18.6387],[-91.82408,18.63701],[-91.82408,18.63701],[-91.82401,18.63697],[-91.82401,18.63697],[-91.82424,18.63659],[-91.82509,18.63618],[-91.8251,18.63618],[-91.82468,18.6354],[-91.82449,18.63507],[-91.82449,18.63507],[-91.8246,18.63484],[-91.82469,18.63465],[-91.82473,18.6345],[-91.82488,18.63393],[-91.82499,18.63392],[-91.82499,18.63392],[-91.82498,18.63368],[-91.82498,18.63349],[-91.82493,18.63349],[-91.82484,18.63344],[-91.82484,18.63344],[-91.82489,18.6332],[-91.82491,18.6331],[-91.82491,18.6331],[-91.82491,18.63307],[-91.82491,18.63281],[-91.8249,18.63272],[-91.82489,18.63263],[-91.82488,18.63255],[-91.82485,18.63236],[-91.82483,18.63222],[-91.82483,18.63221],[-91.82482,18.63213],[-91.82476,18.63162],[-91.82475,18.63157],[-91.82475,18.63157],[-91.82476,18.6315],[-91.82482,18.63098],[-91.82482,18.63096],[-91.82483,18.63092],[-91.82485,18.63089],[-91.8249,18.63085],[-91.82492,18.63083],[-91.82502,18.63074],[-91.82513,18.63063],[-91.82526,18.63052],[-91.82529,18.6305],[-91.82543,18.6305],[-91.82544,18.6305],[-91.82548,18.6305],[-91.82577,18.63046],[-91.82577,18.63046],[-91.82576,18.63045],[-91.82574,18.6304],[-91.82568,18.63028],[-91.82568,18.63028],[-91.82578,18.63025],[-91.82583,18.63022],[-91.82583,18.63022],[-91.82587,18.6302],[-91.82587,18.6302],[-91.82589,18.63019],[-91.82593,18.63016],[-91.82593,18.63016],[-91.82593,18.63016],[-91.82592,18.63015],[-91.82589,18.63011],[-91.82585,18.63006],[-91.82569,18.62988],[-91.82556,18.62971],[-91.82544,18.62948],[-91.82539,18.62927],[-91.82539,18.62927],[-91.82541,18.62907],[-91.82545,18.629],[-91.82545,18.629],[-91.82584,18.62869],[-91.82584,18.62869],[-91.82616,18.62815],[-91.82616,18.62815],[-91.82631,18.62806],[-91.82631,18.62806],[-91.82632,18.62804],[-91.82633,18.62803],[-91.82633,18.62803],[-91.82654,18.62811],[-91.82654,18.62811],[-91.82658,18.62804],[-91.8266,18.62798],[-91.8266,18.62798],[-91.8266,18.62798],[-91.82631,18.62785],[-91.8247,18.62848],[-91.8247,18.62848],[-91.82468,18.62859],[-91.82442,18.62933],[-91.82426,18.62984],[-91.82426,18.62984],[-91.82409,18.62996],[-91.82378,18.63016],[-91.82328,18.63057],[-91.82328,18.63057],[-91.82306,18.63076],[-91.82306,18.63076],[-91.82267,18.63077],[-91.82267,18.63077],[-91.82262,18.63065],[-91.82248,18.63051],[-91.82248,18.63051],[-91.82229,18.63045],[-91.82229,18.63045],[-91.82229,18.63045],[-91.82237,18.63021],[-91.82237,18.63021],[-91.82237,18.63021],[-91.82198,18.63021],[-91.82178,18.63021],[-91.82178,18.63021],[-91.82155,18.63005],[-91.82155,18.63005],[-91.82135,18.62996],[-91.82115,18.62992],[-91.82103,18.62992],[-91.82103,18.62992],[-91.821,18.62989],[-91.82076,18.62971],[-91.82056,18.62954],[-91.82036,18.62939],[-91.82029,18.62933],[-91.82021,18.62926],[-91.82006,18.62917],[-91.81998,18.62909],[-91.81988,18.629],[-91.81988,18.629],[-91.81968,18.62901],[-91.81944,18.62915],[-91.81875,18.62956],[-91.8181,18.63],[-91.8181,18.63],[-91.8181,18.63],[-91.81813,18.63004],[-91.81821,18.6301],[-91.81821,18.6301],[-91.81821,18.6301],[-91.81821,18.6301],[-91.81821,18.6301],[-91.8184,18.63029],[-91.81872,18.63059],[-91.81872,18.6306],[-91.81858,18.63078],[-91.8177,18.63206],[-91.81717,18.63283],[-91.81682,18.63333],[-91.81662,18.63362],[-91.81606,18.6344],[-91.81548,18.63522],[-91.81516,18.6357],[-91.81488,18.63609],[-91.81488,18.63609],[-91.81497,18.63616],[-91.81509,18.63625],[-91.81516,18.63631],[-91.81554,18.6366],[-91.81571,18.63675],[-91.81583,18.63685],[-91.81585,18.63687],[-91.81587,18.63688],[-91.81589,18.63689],[-91.8159,18.63689],[-91.81592,18.6369],[-91.81594,18.63691],[-91.81596,18.63691],[-91.81602,18.63692],[-91.81629,18.63694],[-91.81641,18.63696],[-91.81686,18.6363],[-91.81741,18.63549],[-91.81795,18.63469],[-91.81851,18.6339],[-91.81925,18.63448],[-91.82007,18.63517],[-91.82007,18.63517],[-91.82001,18.63555],[-91.81996,18.63581],[-91.81994,18.63597],[-91.81994,18.63597],[-91.81995,18.63611],[-91.81995,18.63621],[-91.81997,18.63625],[-91.81999,18.63628],[-91.82002,18.63632],[-91.82003,18.63634],[-91.82004,18.63635],[-91.82007,18.63639],[-91.8201,18.63642],[-91.82012,18.63644],[-91.82013,18.63645],[-91.82015,18.63646],[-91.82044,18.63668],[-91.82049,18.63671],[-91.82054,18.63675],[-91.82094,18.63702],[-91.82119,18.63719],[-91.82138,18.63732],[-91.82218,18.63788],[-91.8222,18.63786],[-91.82263,18.63813]]]}},{"type":"Feature","properties":{"cvegeo":"0400300012399","cve_ent":"04","fuente":"INEGI — Marco Geoestadístico 2024","fecha_corte":"2024-08","cve_mun":"04003","cve_ageb":"2399","cve_loc":"0001"},"geometry":{"type":"Polygon","coordinates":[[[-91.81834,18.6611],[-91.81835,18.66112],[-91.81852,18.66166],[-91.81856,18.66178],[-91.81865,18.66207],[-91.81868,18.66217],[-91.81875,18.66216],[-91.81876,18.66215],[-91.81925,18.662],[-91.81957,18.6619],[-91.81972,18.66185],[-91.81979,18.66183],[-91.82099,18.66154],[-91.82177,18.66135],[-91.82196,18.66131],[-91.822,18.6613],[-91.82205,18.66128],[-91.82206,18.66128],[-91.82247,18.66115],[-91.82331,18.66088],[-91.82339,18.66085],[-91.8234,18.66084],[-91.82416,18.6606],[-91.82427,18.66057],[-91.82445,18.66051],[-91.82449,18.6605],[-91.82571,18.66011],[-91.82582,18.66008],[-91.82583,18.66007],[-91.82586,18.66006],[-91.82669,18.65979],[-91.82678,18.65976],[-91.82689,18.65973],[-91.8269,18.65972],[-91.82739,18.65959],[-91.82748,18.65957],[-91.8275,18.65956],[-91.82828,18.65934],[-91.82843,18.65929],[-91.82849,18.65927],[-91.82992,18.65887],[-91.83003,18.65883],[-91.83009,18.65882],[-91.83039,18.65873],[-91.83047,18.65871],[-91.83089,18.65858],[-91.83102,18.65854],[-91.83103,18.65855],[-91.83103,18.65856],[-91.83104,18.65856],[-91.83104,18.65857],[-91.83105,18.65857],[-91.83106,18.65857],[-91.83107,18.65858],[-91.83108,18.65858],[-91.83109,18.65857],[-91.8311,18.65857],[-91.83111,18.65856],[-91.83112,18.65855],[-91.83113,18.65854],[-91.83113,18.65853],[-91.83113,18.65852],[-91.83113,18.65851],[-91.83112,18.6585],[-91.83112,18.65849],[-91.83111,18.65848],[-91.8311,18.65847],[-91.83108,18.65847],[-91.83107,18.65847],[-91.83106,18.65847],[-91.83101,18.65843],[-91.831,18.6584],[-91.8308,18.65806],[-91.83067,18.65786],[-91.83065,18.65782],[-91.83062,18.65777],[-91.83058,18.6577],[-91.83054,18.65764],[-91.83039,18.65737],[-91.83036,18.65733],[-91.83034,18.6573],[-91.83032,18.65726],[-91.83016,18.65699],[-91.83012,18.65693],[-91.83011,18.6569],[-91.8301,18.65689],[-91.82979,18.65638],[-91.82974,18.65629],[-91.82969,18.65621],[-91.82941,18.65578],[-91.82921,18.65553],[-91.82917,18.65548],[-91.82837,18.65605],[-91.82788,18.65636],[-91.82753,18.65659],[-91.82653,18.65721],[-91.82598,18.65755],[-91.82524,18.65798],[-91.82467,18.6583],[-91.824,18.65867],[-91.82383,18.65877],[-91.82345,18.65896],[-91.82289,18.65923],[-91.82186,18.65973],[-91.82149,18.65989],[-91.82038,18.66034],[-91.81987,18.66053],[-91.81944,18.66069],[-91.81834,18.6611]]]}},{"type":"Feature","properties":{"cvegeo":"040030001244A","cve_ent":"04","fuente":"INEGI — Marco Geoestadístico 2024","fecha_corte":"2024-08","cve_mun":"04003","cve_ageb":"244A","cve_loc":"0001"},"geometry":{"type":"Polygon","coordinates":[[[-91.80497,18.64884],[-91.80503,18.64892],[-91.80511,18.649],[-91.80519,18.6491],[-91.80525,18.64917],[-91.80529,18.64922],[-91.80534,18.64927],[-91.80538,18.64931],[-91.80544,18.64938],[-91.80551,18.64946],[-91.80558,18.64954],[-91.80563,18.64961],[-91.80568,18.64966],[-91.80574,18.64975],[-91.8058,18.64981],[-91.80601,18.65005],[-91.80635,18.65045],[-91.80665,18.65077],[-91.80693,18.6511],[-91.80722,18.65142],[-91.80723,18.65143],[-91.80729,18.65151],[-91.8074,18.65148],[-91.8082,18.65122],[-91.80859,18.65109],[-91.80896,18.65097],[-91.8094,18.65083],[-91.80979,18.65071],[-91.81014,18.65061],[-91.81034,18.65055],[-91.81076,18.65041],[-91.81191,18.65007],[-91.81253,18.6499],[-91.81292,18.6498],[-91.81311,18.64976],[-91.81302,18.64964],[-91.81298,18.64959],[-91.81265,18.64916],[-91.81257,18.64905],[-91.81228,18.64868],[-91.81225,18.64864],[-91.81185,18.6481],[-91.81182,18.64806],[-91.81167,18.64786],[-91.81162,18.64776],[-91.81161,18.64774],[-91.81139,18.64728],[-91.81139,18.64727],[-91.81136,18.64719],[-91.81135,18.64714],[-91.81133,18.64699],[-91.81131,18.64683],[-91.81131,18.64666],[-91.81128,18.64644],[-91.81126,18.64644],[-91.81106,18.64644],[-91.81095,18.64645],[-91.81084,18.64648],[-91.81075,18.64651],[-91.81065,18.64656],[-91.80999,18.64692],[-91.80902,18.64749],[-91.80878,18.64739],[-91.80826,18.64768],[-91.80792,18.64785],[-91.80781,18.64789],[-91.80758,18.64797],[-91.80718,18.64809],[-91.80688,18.64815],[-91.80659,18.6482],[-91.80583,18.64843],[-91.80542,18.64855],[-91.8053,18.6486],[-91.80513,18.64871],[-91.80504,18.6488],[-91.80486,18.64871],[-91.80483,18.64869],[-91.80497,18.64884]]]}},{"type":"Feature","properties":{"cvegeo":"0400300012702","cve_ent":"04","fuente":"INEGI — Marco Geoestadístico 2024","fecha_corte":"2024-08","cve_mun":"04003","cve_ageb":"2702","cve_loc":"0001"},"geometry":{"type":"Polygon","coordinates":[[[-91.79101,18.64938],[-91.79032,18.64957],[-91.78985,18.6497],[-91.78954,18.64978],[-91.7893,18.64984],[-91.78934,18.64997],[-91.78948,18.65038],[-91.78959,18.6507],[-91.78972,18.65108],[-91.7898,18.65132],[-91.78994,18.65173],[-91.78994,18.65176],[-91.79009,18.65223],[-91.79026,18.65272],[-91.7904,18.65315],[-91.79054,18.65358],[-91.79062,18.65386],[-91.79076,18.65382],[-91.79099,18.65375],[-91.79102,18.65374],[-91.79122,18.65368],[-91.79132,18.65364],[-91.79134,18.65364],[-91.79141,18.65361],[-91.79173,18.65352],[-91.79178,18.65351],[-91.79207,18.65342],[-91.79234,18.65335],[-91.79252,18.6533],[-91.7929,18.6532],[-91.79302,18.65317],[-91.79366,18.65302],[-91.79378,18.653],[-91.79452,18.65281],[-91.79487,18.65272],[-91.79498,18.65269],[-91.79505,18.65266],[-91.79512,18.65263],[-91.79521,18.6526],[-91.79533,18.65253],[-91.79544,18.65248],[-91.79552,18.65242],[-91.79559,18.65237],[-91.79566,18.65231],[-91.79572,18.65224],[-91.79578,18.65218],[-91.79584,18.65211],[-91.79589,18.65204],[-91.79593,18.65197],[-91.79596,18.65191],[-91.79598,18.65188],[-91.79603,18.65178],[-91.79607,18.65169],[-91.7961,18.65159],[-91.79612,18.65152],[-91.79615,18.65146],[-91.79617,18.65137],[-91.79618,18.65128],[-91.79619,18.65118],[-91.79619,18.65108],[-91.79619,18.65098],[-91.79617,18.65088],[-91.79616,18.65079],[-91.79613,18.6507],[-91.79611,18.65061],[-91.79607,18.65052],[-91.79604,18.65043],[-91.79595,18.65027],[-91.79587,18.65012],[-91.79579,18.64996],[-91.79551,18.64966],[-91.79508,18.6492],[-91.79506,18.6492],[-91.79458,18.64922],[-91.79387,18.64923],[-91.79325,18.64923],[-91.79285,18.64922],[-91.79285,18.64906],[-91.79284,18.6489],[-91.79234,18.64904],[-91.79101,18.64938]]]}},{"type":"Feature","properties":{"cvegeo":"0400300012454","cve_ent":"04","fuente":"INEGI — Marco Geoestadístico 2024","fecha_corte":"2024-08","cve_mun":"04003","cve_ageb":"2454","cve_loc":"0001"},"geometry":{"type":"Polygon","coordinates":[[[-91.80483,18.64869],[-91.80486,18.64871],[-91.80504,18.6488],[-91.80513,18.64871],[-91.8053,18.6486],[-91.80542,18.64855],[-91.80583,18.64843],[-91.80659,18.6482],[-91.80688,18.64815],[-91.80718,18.64809],[-91.80758,18.64797],[-91.80781,18.64789],[-91.80792,18.64785],[-91.80826,18.64768],[-91.80878,18.64739],[-91.80902,18.64749],[-91.80999,18.64692],[-91.81065,18.64656],[-91.81075,18.64651],[-91.81084,18.64648],[-91.81095,18.64645],[-91.81106,18.64644],[-91.81126,18.64644],[-91.81128,18.64644],[-91.81125,18.6462],[-91.81124,18.64616],[-91.81122,18.64607],[-91.81122,18.64606],[-91.81117,18.64572],[-91.81117,18.64571],[-91.81115,18.64564],[-91.81114,18.64551],[-91.81114,18.6455],[-91.81108,18.64509],[-91.81107,18.64504],[-91.81107,18.64502],[-91.81105,18.64489],[-91.81104,18.6449],[-91.81103,18.64491],[-91.81101,18.64492],[-91.81099,18.64493],[-91.81097,18.64493],[-91.81095,18.64494],[-91.81093,18.64493],[-91.81091,18.64493],[-91.81089,18.64492],[-91.81087,18.64491],[-91.81086,18.6449],[-91.81085,18.64488],[-91.81084,18.64487],[-91.81083,18.64486],[-91.81072,18.64482],[-91.81033,18.64477],[-91.80926,18.64458],[-91.80926,18.64458],[-91.80922,18.64457],[-91.80905,18.64454],[-91.8088,18.64449],[-91.80866,18.64446],[-91.8085,18.64443],[-91.80846,18.64442],[-91.80778,18.6443],[-91.80777,18.6443],[-91.80776,18.6443],[-91.80768,18.64428],[-91.80764,18.64428],[-91.80743,18.64424],[-91.80742,18.64424],[-91.80733,18.64423],[-91.80688,18.64415],[-91.80684,18.64414],[-91.8068,18.64413],[-91.80666,18.64411],[-91.80588,18.64396],[-91.80458,18.64373],[-91.80456,18.64372],[-91.80449,18.64371],[-91.80447,18.64371],[-91.8039,18.64361],[-91.80388,18.64361],[-91.80383,18.6436],[-91.80379,18.64359],[-91.80364,18.64356],[-91.80353,18.64354],[-91.80336,18.6435],[-91.80334,18.6435],[-91.80325,18.64349],[-91.80314,18.64347],[-91.80308,18.64346],[-91.80303,18.64345],[-91.80298,18.64344],[-91.80275,18.6434],[-91.80265,18.64339],[-91.80248,18.6434],[-91.80237,18.64342],[-91.80225,18.64345],[-91.8022,18.64347],[-91.80211,18.6435],[-91.80204,18.64354],[-91.80192,18.64361],[-91.80182,18.64368],[-91.80162,18.64383],[-91.80139,18.64402],[-91.80119,18.64415],[-91.80095,18.64424],[-91.80084,18.64429],[-91.80109,18.64446],[-91.80122,18.64458],[-91.80124,18.6446],[-91.80145,18.64484],[-91.80173,18.64513],[-91.80186,18.64527],[-91.80212,18.64559],[-91.80269,18.64624],[-91.80303,18.64662],[-91.80309,18.64669],[-91.80321,18.64684],[-91.80327,18.64691],[-91.80336,18.647],[-91.80345,18.64711],[-91.80347,18.64714],[-91.80358,18.64726],[-91.80363,18.64732],[-91.80371,18.64741],[-91.8038,18.64751],[-91.80386,18.64759],[-91.80394,18.64767],[-91.804,18.64775],[-91.80408,18.64784],[-91.80417,18.64794],[-91.80425,18.64803],[-91.80434,18.64813],[-91.8044,18.6482],[-91.80445,18.64825],[-91.80449,18.6483],[-91.80449,18.6483],[-91.80459,18.64841],[-91.80466,18.6485],[-91.80474,18.64859],[-91.80483,18.64869]]]}},{"type":"Feature","properties":{"cvegeo":"0400300012469","cve_ent":"04","fuente":"INEGI — Marco Geoestadístico 2024","fecha_corte":"2024-08","cve_mun":"04003","cve_ageb":"2469","cve_loc":"0001"},"geometry":{"type":"Polygon","coordinates":[[[-91.83564,18.63955],[-91.83583,18.64009],[-91.83599,18.64053],[-91.83613,18.64089],[-91.8363,18.64132],[-91.83737,18.64077],[-91.83776,18.64057],[-91.83809,18.64039],[-91.83825,18.6403],[-91.83816,18.64017],[-91.83813,18.64012],[-91.83803,18.63997],[-91.83797,18.63989],[-91.83778,18.63965],[-91.83774,18.6396],[-91.83786,18.6395],[-91.83828,18.63924],[-91.83842,18.63918],[-91.83841,18.63913],[-91.83841,18.63913],[-91.83836,18.63904],[-91.83834,18.63897],[-91.83833,18.63895],[-91.8383,18.6389],[-91.8383,18.6389],[-91.83828,18.63886],[-91.83828,18.63886],[-91.83827,18.63876],[-91.83826,18.6387],[-91.83826,18.6387],[-91.83826,18.63869],[-91.83827,18.63867],[-91.83828,18.63865],[-91.83828,18.63863],[-91.83829,18.63857],[-91.83829,18.63857],[-91.83829,18.63856],[-91.83829,18.6385],[-91.83829,18.63845],[-91.83829,18.63843],[-91.83828,18.63841],[-91.83828,18.63841],[-91.83826,18.63835],[-91.83824,18.63833],[-91.83824,18.63833],[-91.8382,18.63826],[-91.8382,18.63826],[-91.8382,18.63826],[-91.8382,18.63826],[-91.8382,18.63825],[-91.83821,18.63825],[-91.83822,18.63823],[-91.83822,18.63823],[-91.83821,18.63822],[-91.83819,18.6382],[-91.83819,18.6382],[-91.83819,18.6382],[-91.83817,18.63821],[-91.83816,18.63822],[-91.83816,18.63822],[-91.83816,18.63822],[-91.83816,18.63822],[-91.83808,18.63817],[-91.83808,18.63817],[-91.83796,18.63811],[-91.83785,18.63808],[-91.83778,18.63806],[-91.83778,18.63806],[-91.83753,18.63776],[-91.83753,18.63776],[-91.83749,18.6377],[-91.83749,18.6377],[-91.83749,18.6377],[-91.83749,18.6377],[-91.83749,18.6377],[-91.83749,18.6377],[-91.8375,18.6377],[-91.8375,18.6377],[-91.83753,18.63768],[-91.83754,18.63768],[-91.83768,18.63763],[-91.8378,18.6376],[-91.8378,18.6376],[-91.8378,18.6376],[-91.8378,18.6376],[-91.83784,18.63764],[-91.83788,18.63768],[-91.83788,18.63768],[-91.83795,18.6377],[-91.83795,18.6377],[-91.83803,18.6377],[-91.83811,18.63767],[-91.83811,18.63767],[-91.83812,18.63766],[-91.83815,18.63762],[-91.83817,18.63757],[-91.83818,18.63753],[-91.83818,18.63753],[-91.83818,18.63753],[-91.83811,18.63735],[-91.83811,18.63735],[-91.83804,18.63731],[-91.83804,18.63731],[-91.83799,18.63729],[-91.83795,18.63729],[-91.83795,18.63729],[-91.83789,18.6373],[-91.83785,18.63732],[-91.83785,18.63732],[-91.8378,18.63737],[-91.83779,18.63739],[-91.83778,18.63741],[-91.83778,18.63744],[-91.83778,18.63745],[-91.83778,18.63745],[-91.83778,18.63749],[-91.83778,18.63749],[-91.83778,18.63749],[-91.83778,18.6375],[-91.83778,18.63752],[-91.83778,18.63752],[-91.83777,18.63752],[-91.83745,18.63763],[-91.83744,18.63763],[-91.83744,18.63763],[-91.83744,18.63763],[-91.83726,18.63737],[-91.83726,18.63737],[-91.83723,18.63733],[-91.83723,18.63733],[-91.83722,18.63729],[-91.8372,18.63726],[-91.83717,18.63721],[-91.83717,18.63721],[-91.83716,18.6372],[-91.83716,18.6372],[-91.83712,18.63716],[-91.83712,18.63716],[-91.83704,18.63707],[-91.83704,18.63707],[-91.83703,18.63706],[-91.83703,18.63706],[-91.83703,18.63706],[-91.83703,18.63706],[-91.83703,18.63705],[-91.83704,18.63704],[-91.83707,18.63701],[-91.83709,18.63699],[-91.83709,18.63699],[-91.83708,18.63698],[-91.83698,18.63688],[-91.83698,18.63688],[-91.83698,18.63688],[-91.83698,18.63688],[-91.83698,18.63688],[-91.837,18.63687],[-91.837,18.63687],[-91.837,18.63687],[-91.837,18.63687],[-91.83698,18.63686],[-91.83696,18.63683],[-91.83696,18.63683],[-91.83621,18.63606],[-91.83621,18.63606],[-91.83619,18.63605],[-91.83619,18.63605],[-91.83619,18.63605],[-91.83621,18.63604],[-91.83623,18.63602],[-91.83635,18.6359],[-91.83635,18.6359],[-91.83635,18.6359],[-91.83635,18.6359],[-91.83638,18.63593],[-91.83638,18.63593],[-91.83638,18.63593],[-91.83638,18.63593],[-91.83638,18.63593],[-91.83643,18.63589],[-91.83643,18.63589],[-91.83642,18.63587],[-91.83636,18.63581],[-91.83636,18.63581],[-91.83636,18.63581],[-91.83636,18.63581],[-91.83636,18.63581],[-91.83632,18.63585],[-91.83631,18.63585],[-91.83631,18.63585],[-91.83631,18.63585],[-91.83631,18.63586],[-91.83631,18.63586],[-91.83632,18.63588],[-91.83632,18.63588],[-91.83632,18.63588],[-91.83631,18.63589],[-91.83631,18.63589],[-91.83629,18.63591],[-91.83629,18.63591],[-91.8362,18.63598],[-91.83609,18.63607],[-91.83609,18.63607],[-91.83608,18.63607],[-91.83608,18.63607],[-91.83608,18.63607],[-91.83593,18.6357],[-91.83581,18.63553],[-91.83551,18.63514],[-91.83541,18.63505],[-91.83529,18.63494],[-91.83515,18.63485],[-91.83514,18.63484],[-91.83513,18.63484],[-91.8351,18.63483],[-91.83473,18.63472],[-91.83465,18.63469],[-91.83465,18.63469],[-91.8345,18.63459],[-91.83435,18.63447],[-91.83436,18.63445],[-91.83438,18.63438],[-91.83438,18.63438],[-91.83435,18.63429],[-91.83432,18.63423],[-91.83424,18.63415],[-91.83424,18.63415],[-91.83403,18.63405],[-91.83401,18.63405],[-91.83401,18.63404],[-91.83398,18.63398],[-91.83397,18.63395],[-91.83398,18.63394],[-91.83398,18.63391],[-91.834,18.63388],[-91.834,18.63388],[-91.83399,18.63387],[-91.83397,18.63386],[-91.83397,18.63386],[-91.83397,18.63386],[-91.83397,18.63386],[-91.83387,18.63394],[-91.8337,18.63408],[-91.83358,18.63417],[-91.8337,18.63432],[-91.83366,18.63437],[-91.83338,18.63471],[-91.83331,18.63482],[-91.8332,18.63497],[-91.83316,18.63501],[-91.8329,18.63534],[-91.83284,18.6354],[-91.83265,18.63559],[-91.83324,18.63611],[-91.83336,18.63622],[-91.83342,18.63628],[-91.83348,18.63633],[-91.83363,18.63648],[-91.83399,18.63686],[-91.83401,18.63688],[-91.8342,18.63709],[-91.83427,18.63717],[-91.83431,18.63722],[-91.83428,18.63724],[-91.83458,18.63773],[-91.83459,18.63775],[-91.8346,18.63777],[-91.83481,18.63818],[-91.83521,18.63806],[-91.83547,18.63869],[-91.83538,18.63873],[-91.8353,18.63876],[-91.83557,18.63945],[-91.8356,18.63944],[-91.83564,18.63955]]]}},{"type":"Feature","properties":{"cvegeo":"0400300012539","cve_ent":"04","fuente":"INEGI — Marco Geoestadístico 2024","fecha_corte":"2024-08","cve_mun":"04003","cve_ageb":"2539","cve_loc":"0001"},"geometry":{"type":"Polygon","coordinates":[[[-91.79537,18.66406],[-91.79554,18.66419],[-91.7983,18.66346],[-91.79931,18.6632],[-91.79936,18.66319],[-91.79913,18.66279],[-91.79888,18.66242],[-91.79879,18.66228],[-91.79866,18.6621],[-91.79855,18.66192],[-91.79831,18.66155],[-91.79818,18.66135],[-91.79802,18.66113],[-91.79779,18.66075],[-91.79772,18.66064],[-91.79757,18.66039],[-91.79752,18.6603],[-91.79735,18.66001],[-91.79728,18.65989],[-91.79707,18.65953],[-91.79703,18.65945],[-91.79686,18.65917],[-91.79665,18.65882],[-91.79561,18.65913],[-91.79525,18.65924],[-91.79456,18.65945],[-91.79418,18.65955],[-91.79391,18.65964],[-91.79306,18.65989],[-91.79287,18.65995],[-91.79276,18.65998],[-91.79256,18.66005],[-91.79214,18.66018],[-91.79207,18.6602],[-91.79194,18.66023],[-91.79154,18.66035],[-91.7911,18.6605],[-91.7912,18.6606],[-91.79177,18.66103],[-91.79195,18.66119],[-91.79209,18.66131],[-91.79246,18.66163],[-91.79285,18.66196],[-91.79319,18.66224],[-91.7937,18.66266],[-91.79407,18.66296],[-91.79428,18.66314],[-91.79448,18.6633],[-91.79457,18.66338],[-91.79474,18.66352],[-91.795,18.66375],[-91.79502,18.66377],[-91.7952,18.66392],[-91.79537,18.66406]]]}},{"type":"Feature","properties":{"cvegeo":"0400300052651","cve_ent":"04","fuente":"INEGI — Marco Geoestadístico 2024","fecha_corte":"2024-08","cve_mun":"04003","cve_ageb":"2651","cve_loc":"0005"},"geometry":{"type":"Polygon","coordinates":[[[-92.30107,18.62857],[-92.3035,18.629],[-92.30361,18.62713],[-92.3035,18.62589],[-92.3035,18.62585],[-92.3089,18.62656],[-92.31278,18.6272],[-92.31454,18.62755],[-92.31457,18.62756],[-92.31464,18.62755],[-92.31478,18.62754],[-92.31651,18.62767],[-92.31657,18.62767],[-92.31657,18.62685],[-92.31657,18.62655],[-92.31658,18.6252],[-92.3181,18.6254],[-92.31935,18.62558],[-92.31966,18.62562],[-92.31919,18.6254],[-92.31892,18.62522],[-92.31872,18.62505],[-92.31839,18.62473],[-92.31824,18.62445],[-92.31678,18.6223],[-92.31635,18.62179],[-92.3159,18.62138],[-92.31561,18.62115],[-92.31515,18.62087],[-92.31471,18.62062],[-92.31426,18.62044],[-92.31397,18.62036],[-92.31358,18.62027],[-92.30918,18.61964],[-92.30158,18.61858],[-92.30137,18.62039],[-92.30135,18.62087],[-92.30133,18.62145],[-92.30135,18.62151],[-92.3014,18.62293],[-92.30141,18.62326],[-92.30142,18.62338],[-92.30142,18.62449],[-92.30143,18.62471],[-92.30141,18.62572],[-92.3014,18.62582],[-92.30131,18.62656],[-92.3013,18.6266],[-92.30127,18.62676],[-92.30112,18.62726],[-92.30106,18.6282],[-92.30107,18.62857]]]}},{"type":"Feature","properties":{"cvegeo":"0400300012577","cve_ent":"04","fuente":"INEGI — Marco Geoestadístico 2024","fecha_corte":"2024-08","cve_mun":"04003","cve_ageb":"2577","cve_loc":"0001"},"geometry":{"type":"Polygon","coordinates":[[[-91.80371,18.66419],[-91.80416,18.66419],[-91.80539,18.66418],[-91.80586,18.66417],[-91.8059,18.66421],[-91.80595,18.66424],[-91.80599,18.66425],[-91.80606,18.66426],[-91.80633,18.6642],[-91.80739,18.6639],[-91.80792,18.66379],[-91.80793,18.66378],[-91.80884,18.66361],[-91.80929,18.66355],[-91.80971,18.66342],[-91.81006,18.6633],[-91.81059,18.66311],[-91.81151,18.66281],[-91.81261,18.66245],[-91.81349,18.66215],[-91.81417,18.66191],[-91.81471,18.66171],[-91.81569,18.66119],[-91.81661,18.66072],[-91.81652,18.66047],[-91.81743,18.66008],[-91.81782,18.65992],[-91.81792,18.65988],[-91.81796,18.65987],[-91.81778,18.65936],[-91.81762,18.65885],[-91.81753,18.65857],[-91.81743,18.65827],[-91.81738,18.65816],[-91.81725,18.65776],[-91.81718,18.65751],[-91.81697,18.65692],[-91.81695,18.65693],[-91.81625,18.65711],[-91.81576,18.65725],[-91.8149,18.65751],[-91.81444,18.65765],[-91.8134,18.65796],[-91.81362,18.65818],[-91.81395,18.65853],[-91.81363,18.65873],[-91.81294,18.65919],[-91.81169,18.65966],[-91.81011,18.66026],[-91.81013,18.66032],[-91.81016,18.66043],[-91.81021,18.66059],[-91.81027,18.66079],[-91.81042,18.66091],[-91.81058,18.66101],[-91.81074,18.66107],[-91.81045,18.66124],[-91.81007,18.66148],[-91.80958,18.66189],[-91.80928,18.66208],[-91.80904,18.66227],[-91.80892,18.66239],[-91.8087,18.66254],[-91.80848,18.66264],[-91.80802,18.66268],[-91.80778,18.66272],[-91.80756,18.66278],[-91.80725,18.66283],[-91.80682,18.66305],[-91.80642,18.66323],[-91.80612,18.66334],[-91.8059,18.66338],[-91.80574,18.66335],[-91.80563,18.6633],[-91.80554,18.66324],[-91.80549,18.66318],[-91.80536,18.66284],[-91.80515,18.66251],[-91.80499,18.66236],[-91.80482,18.66234],[-91.80449,18.66242],[-91.8037,18.66259],[-91.80344,18.66266],[-91.80347,18.66285],[-91.80352,18.66319],[-91.80355,18.66334],[-91.80363,18.66383],[-91.80371,18.66419]]]}},{"type":"Feature","properties":{"cvegeo":"0400300012581","cve_ent":"04","fuente":"INEGI — Marco Geoestadístico 2024","fecha_corte":"2024-08","cve_mun":"04003","cve_ageb":"2581","cve_loc":"0001"},"geometry":{"type":"Polygon","coordinates":[[[-91.81482,18.65184],[-91.81481,18.65185],[-91.81432,18.65236],[-91.81415,18.65254],[-91.81403,18.65266],[-91.81385,18.65285],[-91.81374,18.65296],[-91.8136,18.6531],[-91.81348,18.65322],[-91.81338,18.65331],[-91.81329,18.6534],[-91.81319,18.65347],[-91.81313,18.65352],[-91.81308,18.65356],[-91.81296,18.65364],[-91.81287,18.65371],[-91.81276,18.65378],[-91.81263,18.65385],[-91.8125,18.65392],[-91.81239,18.65397],[-91.81226,18.65404],[-91.81206,18.65413],[-91.81186,18.65422],[-91.81174,18.65427],[-91.81171,18.65428],[-91.81163,18.65432],[-91.81155,18.65435],[-91.81131,18.65444],[-91.8111,18.65452],[-91.81093,18.65459],[-91.8107,18.65468],[-91.81042,18.6548],[-91.81032,18.65485],[-91.8098,18.65503],[-91.8088,18.65531],[-91.80765,18.65565],[-91.80786,18.65607],[-91.80816,18.65661],[-91.80837,18.65701],[-91.80859,18.65743],[-91.80882,18.65783],[-91.80904,18.65826],[-91.80928,18.65869],[-91.80952,18.6591],[-91.80987,18.65975],[-91.81011,18.66026],[-91.81169,18.65966],[-91.81294,18.65919],[-91.81363,18.65873],[-91.81395,18.65853],[-91.81362,18.65818],[-91.8134,18.65796],[-91.81444,18.65765],[-91.8149,18.65751],[-91.81576,18.65725],[-91.81625,18.65711],[-91.81695,18.65693],[-91.81697,18.65692],[-91.81695,18.65686],[-91.81694,18.65681],[-91.81692,18.65674],[-91.81691,18.65671],[-91.81671,18.6561],[-91.81661,18.65582],[-91.81653,18.65556],[-91.81636,18.65504],[-91.81631,18.65488],[-91.81612,18.6543],[-91.81612,18.65429],[-91.81611,18.65425],[-91.81608,18.65414],[-91.81606,18.6541],[-91.81593,18.65371],[-91.8158,18.6533],[-91.81562,18.65288],[-91.81548,18.6526],[-91.8154,18.65243],[-91.81524,18.65217],[-91.81516,18.65203],[-91.81501,18.65185],[-91.81493,18.65174],[-91.81482,18.65184]]]}},{"type":"Feature","properties":{"cvegeo":"0400300012596","cve_ent":"04","fuente":"INEGI — Marco Geoestadístico 2024","fecha_corte":"2024-08","cve_mun":"04003","cve_ageb":"2596","cve_loc":"0001"},"geometry":{"type":"Polygon","coordinates":[[[-91.78246,18.64392],[-91.78249,18.64391],[-91.78404,18.64322],[-91.78401,18.64315],[-91.78402,18.64288],[-91.78553,18.64226],[-91.78556,18.64225],[-91.78572,18.64218],[-91.78648,18.64182],[-91.78633,18.64163],[-91.78609,18.6415],[-91.78569,18.64123],[-91.78547,18.6411],[-91.78525,18.64102],[-91.78514,18.641],[-91.78507,18.64099],[-91.785,18.64099],[-91.78482,18.64097],[-91.78419,18.64092],[-91.78379,18.64089],[-91.78345,18.64086],[-91.78338,18.64086],[-91.78297,18.64082],[-91.78253,18.64079],[-91.78253,18.64073],[-91.78254,18.64068],[-91.78256,18.64017],[-91.78258,18.63977],[-91.78258,18.63971],[-91.78258,18.63969],[-91.78258,18.63965],[-91.7826,18.63924],[-91.78262,18.63889],[-91.78262,18.63882],[-91.78264,18.63844],[-91.78264,18.63841],[-91.78265,18.63835],[-91.78266,18.63797],[-91.78267,18.63757],[-91.78267,18.63751],[-91.78136,18.63739],[-91.78109,18.63737],[-91.7795,18.63721],[-91.77953,18.63739],[-91.77872,18.63775],[-91.77876,18.63781],[-91.77893,18.63813],[-91.77899,18.63822],[-91.77917,18.63851],[-91.77923,18.63863],[-91.7794,18.6389],[-91.77948,18.63902],[-91.77962,18.63928],[-91.7797,18.63942],[-91.77982,18.63964],[-91.77993,18.63982],[-91.78006,18.64003],[-91.78017,18.64022],[-91.78028,18.64042],[-91.78035,18.64052],[-91.78052,18.64081],[-91.78067,18.64107],[-91.78076,18.64121],[-91.78081,18.64128],[-91.78091,18.64145],[-91.78112,18.64186],[-91.78136,18.64226],[-91.78149,18.6425],[-91.78159,18.64266],[-91.78166,18.64278],[-91.78183,18.64309],[-91.78207,18.64348],[-91.78229,18.64387],[-91.78236,18.64385],[-91.78239,18.64383],[-91.78246,18.64392]]]}},{"type":"Feature","properties":{"cvegeo":"0400300012670","cve_ent":"04","fuente":"INEGI — Marco Geoestadístico 2024","fecha_corte":"2024-08","cve_mun":"04003","cve_ageb":"2670","cve_loc":"0001"},"geometry":{"type":"Polygon","coordinates":[[[-91.79686,18.65917],[-91.79703,18.65945],[-91.79707,18.65953],[-91.79728,18.65989],[-91.79735,18.66001],[-91.79752,18.6603],[-91.79757,18.66039],[-91.79772,18.66064],[-91.79779,18.66075],[-91.79802,18.66113],[-91.79863,18.66094],[-91.79883,18.66088],[-91.7992,18.66076],[-91.79949,18.66068],[-91.7998,18.66059],[-91.80036,18.66043],[-91.80057,18.66037],[-91.80073,18.66033],[-91.80101,18.66025],[-91.80143,18.66012],[-91.80129,18.65971],[-91.80128,18.65966],[-91.80197,18.65947],[-91.80199,18.65951],[-91.80291,18.65922],[-91.80282,18.65881],[-91.80274,18.65842],[-91.80266,18.65802],[-91.80257,18.6578],[-91.80186,18.65803],[-91.80141,18.65815],[-91.80103,18.65752],[-91.79956,18.65794],[-91.79926,18.65803],[-91.79812,18.65837],[-91.79771,18.65848],[-91.79665,18.65882],[-91.79686,18.65917]]]}},{"type":"Feature","properties":{"cvegeo":"0400300012685","cve_ent":"04","fuente":"INEGI — Marco Geoestadístico 2024","fecha_corte":"2024-08","cve_mun":"04003","cve_ageb":"2685","cve_loc":"0001"},"geometry":{"type":"Polygon","coordinates":[[[-91.77793,18.63753],[-91.77698,18.63787],[-91.77604,18.63821],[-91.77608,18.63829],[-91.77626,18.6387],[-91.77643,18.6391],[-91.77658,18.63941],[-91.77663,18.63953],[-91.77679,18.63992],[-91.77681,18.63996],[-91.77682,18.63997],[-91.77694,18.64026],[-91.77699,18.64036],[-91.77717,18.64078],[-91.77719,18.64083],[-91.77735,18.64119],[-91.77747,18.64146],[-91.77751,18.64156],[-91.77756,18.64169],[-91.7776,18.64179],[-91.77804,18.64277],[-91.77846,18.64371],[-91.7785,18.64378],[-91.77853,18.64386],[-91.77868,18.64422],[-91.77886,18.64463],[-91.77904,18.64503],[-91.77906,18.64503],[-91.78021,18.64462],[-91.78116,18.64428],[-91.78229,18.64387],[-91.78207,18.64348],[-91.78183,18.64309],[-91.78166,18.64278],[-91.78159,18.64266],[-91.78149,18.6425],[-91.78136,18.64226],[-91.78112,18.64186],[-91.78091,18.64145],[-91.78081,18.64128],[-91.78076,18.64121],[-91.78067,18.64107],[-91.78052,18.64081],[-91.78035,18.64052],[-91.78028,18.64042],[-91.78017,18.64022],[-91.78006,18.64003],[-91.77993,18.63982],[-91.77982,18.63964],[-91.7797,18.63942],[-91.77962,18.63928],[-91.77948,18.63902],[-91.7794,18.6389],[-91.77923,18.63863],[-91.77917,18.63851],[-91.77899,18.63822],[-91.77893,18.63813],[-91.77876,18.63781],[-91.77872,18.63775],[-91.77849,18.63738],[-91.77793,18.63753]]]}},{"type":"Feature","properties":{"cvegeo":"0400300012859","cve_ent":"04","fuente":"INEGI — Marco Geoestadístico 2024","fecha_corte":"2024-08","cve_mun":"04003","cve_ageb":"2859","cve_loc":"0001"},"geometry":{"type":"Polygon","coordinates":[[[-91.78676,18.64249],[-91.78686,18.64273],[-91.78702,18.64313],[-91.78719,18.64363],[-91.78735,18.64404],[-91.78749,18.64446],[-91.78764,18.64489],[-91.78765,18.64494],[-91.78789,18.64488],[-91.78819,18.64479],[-91.78906,18.64455],[-91.78908,18.64454],[-91.78961,18.64437],[-91.78979,18.64428],[-91.7892,18.64356],[-91.78835,18.64268],[-91.78831,18.6426],[-91.78847,18.6426],[-91.78857,18.64258],[-91.78865,18.64256],[-91.78874,18.64257],[-91.78886,18.64257],[-91.78893,18.64259],[-91.78906,18.64258],[-91.78911,18.64265],[-91.78918,18.64273],[-91.78931,18.64284],[-91.78939,18.64294],[-91.78945,18.64301],[-91.78948,18.64303],[-91.78952,18.64305],[-91.78961,18.64307],[-91.78953,18.64276],[-91.78947,18.64259],[-91.78946,18.64242],[-91.78944,18.64225],[-91.78949,18.64204],[-91.78951,18.64196],[-91.78955,18.64186],[-91.78961,18.64177],[-91.78967,18.64168],[-91.78971,18.64161],[-91.78976,18.64157],[-91.78981,18.64151],[-91.78986,18.64146],[-91.78992,18.64141],[-91.79,18.64136],[-91.79006,18.64133],[-91.79011,18.64129],[-91.7902,18.64124],[-91.79026,18.64121],[-91.79036,18.64117],[-91.79045,18.64113],[-91.79042,18.64111],[-91.79033,18.64109],[-91.79024,18.64111],[-91.79016,18.64114],[-91.78999,18.64121],[-91.78981,18.64132],[-91.7895,18.64152],[-91.78918,18.64173],[-91.78917,18.64172],[-91.78916,18.6417],[-91.78913,18.64166],[-91.78869,18.64122],[-91.78824,18.64075],[-91.78777,18.6403],[-91.78735,18.6399],[-91.78732,18.63987],[-91.7873,18.63983],[-91.78684,18.6394],[-91.78639,18.63894],[-91.78637,18.6389],[-91.78635,18.63831],[-91.78634,18.63823],[-91.78623,18.63803],[-91.78507,18.63872],[-91.78486,18.63815],[-91.78485,18.63812],[-91.78461,18.63756],[-91.78396,18.63753],[-91.78321,18.63754],[-91.78313,18.63754],[-91.78267,18.63751],[-91.78267,18.63757],[-91.78266,18.63797],[-91.78265,18.63835],[-91.78264,18.63841],[-91.78264,18.63844],[-91.78262,18.63882],[-91.78262,18.63889],[-91.7826,18.63924],[-91.78258,18.63965],[-91.78258,18.63969],[-91.78258,18.63971],[-91.78258,18.63977],[-91.78256,18.64017],[-91.78254,18.64068],[-91.78253,18.64073],[-91.78253,18.64079],[-91.78297,18.64082],[-91.78338,18.64086],[-91.78345,18.64086],[-91.78379,18.64089],[-91.78419,18.64092],[-91.78482,18.64097],[-91.785,18.64099],[-91.78507,18.64099],[-91.78514,18.641],[-91.78525,18.64102],[-91.78547,18.6411],[-91.78569,18.64123],[-91.78609,18.6415],[-91.78633,18.64163],[-91.78648,18.64182],[-91.78652,18.6419],[-91.78668,18.64227],[-91.78676,18.64249]]]}},{"type":"Feature","properties":{"cvegeo":"0400300010068","cve_ent":"04","fuente":"INEGI — Marco Geoestadístico 2024","fecha_corte":"2024-08","cve_mun":"04003","cve_ageb":"0068","cve_loc":"0001"},"geometry":{"type":"Polygon","coordinates":[[[-91.82882,18.6441],[-91.82932,18.64444],[-91.82973,18.6447],[-91.83028,18.64506],[-91.83104,18.64552],[-91.83124,18.64525],[-91.8313,18.64516],[-91.83136,18.64511],[-91.83138,18.64507],[-91.83144,18.645],[-91.83155,18.64485],[-91.83177,18.64455],[-91.83191,18.64435],[-91.83197,18.64427],[-91.83203,18.64417],[-91.83206,18.64414],[-91.83212,18.64406],[-91.83219,18.64396],[-91.83246,18.6436],[-91.83251,18.64353],[-91.83257,18.64345],[-91.83267,18.64332],[-91.83316,18.64267],[-91.83314,18.64266],[-91.83363,18.64201],[-91.83346,18.64188],[-91.83294,18.64155],[-91.83282,18.64147],[-91.83314,18.64103],[-91.83267,18.64],[-91.83251,18.63969],[-91.83222,18.63904],[-91.83211,18.63877],[-91.83186,18.63824],[-91.83157,18.63763],[-91.83113,18.63673],[-91.83089,18.6369],[-91.83058,18.63712],[-91.83063,18.63727],[-91.83091,18.63804],[-91.82979,18.63872],[-91.82968,18.63879],[-91.82789,18.63988],[-91.82821,18.64014],[-91.82842,18.64031],[-91.82703,18.64076],[-91.82691,18.64078],[-91.82658,18.64091],[-91.82629,18.64104],[-91.82603,18.64118],[-91.82596,18.6412],[-91.82596,18.6412],[-91.82604,18.64125],[-91.82632,18.64143],[-91.82671,18.64168],[-91.82727,18.64205],[-91.82764,18.64228],[-91.82711,18.6429],[-91.82655,18.64357],[-91.82655,18.64357],[-91.82718,18.64399],[-91.82771,18.64337],[-91.82882,18.6441]]]}},{"type":"Feature","properties":{"cvegeo":"040030001301A","cve_ent":"04","fuente":"INEGI — Marco Geoestadístico 2024","fecha_corte":"2024-08","cve_mun":"04003","cve_ageb":"301A","cve_loc":"0001"},"geometry":{"type":"Polygon","coordinates":[[[-91.83108,18.65847],[-91.8311,18.65847],[-91.83111,18.65848],[-91.83112,18.65849],[-91.83112,18.6585],[-91.83113,18.65851],[-91.83119,18.65849],[-91.83171,18.65832],[-91.83254,18.65804],[-91.83257,18.65803],[-91.83271,18.65798],[-91.83387,18.6576],[-91.83395,18.65757],[-91.83398,18.65756],[-91.83401,18.65755],[-91.83577,18.65696],[-91.83619,18.65682],[-91.83656,18.6567],[-91.83669,18.65666],[-91.83759,18.65636],[-91.83763,18.65634],[-91.83741,18.65573],[-91.83719,18.65509],[-91.83706,18.65479],[-91.83705,18.65477],[-91.83693,18.65443],[-91.83678,18.65406],[-91.83654,18.6534],[-91.83647,18.6532],[-91.83645,18.65316],[-91.83635,18.6529],[-91.83625,18.65265],[-91.83622,18.65258],[-91.83603,18.6521],[-91.83593,18.65185],[-91.83579,18.65144],[-91.83571,18.65119],[-91.83566,18.65101],[-91.83561,18.65081],[-91.83553,18.65049],[-91.83546,18.65051],[-91.83539,18.65053],[-91.83523,18.65059],[-91.83508,18.65068],[-91.83476,18.65094],[-91.83438,18.65126],[-91.83404,18.65154],[-91.83387,18.65169],[-91.83329,18.65196],[-91.83293,18.65213],[-91.83238,18.65238],[-91.8315,18.65279],[-91.83091,18.65305],[-91.83039,18.6533],[-91.82978,18.65357],[-91.82929,18.65381],[-91.82841,18.65427],[-91.8284,18.65427],[-91.8282,18.65437],[-91.82819,18.65438],[-91.8281,18.65444],[-91.82816,18.65449],[-91.82825,18.65457],[-91.82827,18.65459],[-91.82843,18.65474],[-91.82849,18.65479],[-91.82851,18.65482],[-91.82853,18.65484],[-91.82867,18.65498],[-91.82869,18.655],[-91.82871,18.65502],[-91.82877,18.65508],[-91.82879,18.6551],[-91.82911,18.65543],[-91.82917,18.65548],[-91.82921,18.65553],[-91.82941,18.65578],[-91.82969,18.65621],[-91.82974,18.65629],[-91.82979,18.65638],[-91.8301,18.65689],[-91.83011,18.6569],[-91.83012,18.65693],[-91.83016,18.65699],[-91.83032,18.65726],[-91.83034,18.6573],[-91.83036,18.65733],[-91.83039,18.65737],[-91.83054,18.65764],[-91.83058,18.6577],[-91.83062,18.65777],[-91.83065,18.65782],[-91.83067,18.65786],[-91.8308,18.65806],[-91.831,18.6584],[-91.83101,18.65843],[-91.83106,18.65847],[-91.83107,18.65847],[-91.83108,18.65847]]]}},{"type":"Feature","properties":{"cvegeo":"0400300013024","cve_ent":"04","fuente":"INEGI — Marco Geoestadístico 2024","fecha_corte":"2024-08","cve_mun":"04003","cve_ageb":"3024","cve_loc":"0001"},"geometry":{"type":"Polygon","coordinates":[[[-91.78008,18.6482],[-91.78016,18.64839],[-91.78021,18.64848],[-91.78028,18.64866],[-91.78042,18.64897],[-91.78055,18.64925],[-91.78067,18.64953],[-91.78081,18.64985],[-91.78094,18.65013],[-91.78113,18.65057],[-91.7813,18.65095],[-91.78135,18.65108],[-91.78163,18.65172],[-91.78169,18.65185],[-91.78241,18.65348],[-91.78239,18.65349],[-91.78229,18.65353],[-91.78213,18.6536],[-91.78158,18.65383],[-91.7815,18.65387],[-91.78147,18.65388],[-91.78135,18.65393],[-91.78117,18.65401],[-91.78109,18.65404],[-91.78101,18.65408],[-91.78041,18.65433],[-91.78032,18.65437],[-91.78036,18.65445],[-91.78042,18.6546],[-91.78044,18.65463],[-91.78048,18.65475],[-91.78052,18.65483],[-91.78055,18.6549],[-91.78056,18.65493],[-91.78061,18.65506],[-91.78065,18.65516],[-91.78067,18.6552],[-91.78068,18.65523],[-91.78079,18.6555],[-91.78081,18.65553],[-91.78082,18.65556],[-91.78095,18.65586],[-91.78096,18.65591],[-91.78098,18.65593],[-91.78105,18.65611],[-91.78107,18.65614],[-91.78107,18.65614],[-91.78107,18.65614],[-91.78107,18.65615],[-91.78107,18.65615],[-91.78108,18.65616],[-91.78109,18.65618],[-91.78117,18.65623],[-91.78119,18.65625],[-91.78128,18.65637],[-91.78128,18.65652],[-91.78128,18.65659],[-91.78128,18.65664],[-91.78127,18.65673],[-91.78127,18.65697],[-91.78134,18.65694],[-91.78148,18.65689],[-91.78358,18.65617],[-91.78555,18.6555],[-91.78578,18.65542],[-91.78581,18.65541],[-91.78601,18.65535],[-91.78669,18.65511],[-91.7881,18.65465],[-91.78844,18.65454],[-91.78864,18.65447],[-91.78853,18.65428],[-91.78826,18.65383],[-91.78824,18.6538],[-91.78822,18.65377],[-91.7878,18.65303],[-91.78778,18.65299],[-91.78776,18.65296],[-91.78765,18.65278],[-91.78756,18.65262],[-91.78745,18.65243],[-91.78735,18.65225],[-91.78733,18.65222],[-91.78731,18.65219],[-91.78686,18.65143],[-91.7864,18.65064],[-91.78595,18.6499],[-91.78593,18.64986],[-91.78593,18.64985],[-91.78591,18.64982],[-91.78551,18.64916],[-91.78538,18.64895],[-91.78531,18.64883],[-91.78529,18.6488],[-91.78527,18.64877],[-91.78513,18.64852],[-91.78494,18.6482],[-91.7849,18.64813],[-91.78489,18.64812],[-91.78484,18.64802],[-91.78467,18.64773],[-91.78442,18.64734],[-91.78439,18.64735],[-91.78359,18.64768],[-91.78333,18.64777],[-91.78287,18.64795],[-91.78269,18.64756],[-91.78235,18.64678],[-91.78213,18.64635],[-91.78122,18.64672],[-91.78009,18.64719],[-91.77984,18.64665],[-91.77972,18.64668],[-91.7797,18.64669],[-91.77971,18.64705],[-91.77973,18.64728],[-91.77979,18.64752],[-91.77983,18.64761],[-91.78008,18.6482]]]}},{"type":"Feature","properties":{"cvegeo":"0400300013039","cve_ent":"04","fuente":"INEGI — Marco Geoestadístico 2024","fecha_corte":"2024-08","cve_mun":"04003","cve_ageb":"3039","cve_loc":"0001"},"geometry":{"type":"Polygon","coordinates":[[[-91.77648,18.64723],[-91.77618,18.64734],[-91.77595,18.64739],[-91.77566,18.64747],[-91.77541,18.64752],[-91.77507,18.64762],[-91.77516,18.64794],[-91.7753,18.64843],[-91.77542,18.64879],[-91.77559,18.64931],[-91.7757,18.64966],[-91.77586,18.65017],[-91.77597,18.65052],[-91.77614,18.65102],[-91.77627,18.65137],[-91.77646,18.65204],[-91.77657,18.65241],[-91.7766,18.65249],[-91.77676,18.65303],[-91.77679,18.65312],[-91.7769,18.65348],[-91.77691,18.65353],[-91.77707,18.65403],[-91.77707,18.65405],[-91.77719,18.6544],[-91.77736,18.65494],[-91.77748,18.65531],[-91.77764,18.65582],[-91.77778,18.65623],[-91.77794,18.65677],[-91.77807,18.65714],[-91.77824,18.6577],[-91.77831,18.65792],[-91.77831,18.65793],[-91.77835,18.65791],[-91.77851,18.65786],[-91.77875,18.65779],[-91.77876,18.65778],[-91.7789,18.65774],[-91.77894,18.65773],[-91.77902,18.65771],[-91.7791,18.65768],[-91.77917,18.65765],[-91.77985,18.65743],[-91.78006,18.65736],[-91.78007,18.65736],[-91.78018,18.65733],[-91.78021,18.65732],[-91.78037,18.65727],[-91.78064,18.65718],[-91.78088,18.6571],[-91.78119,18.65699],[-91.7812,18.65698],[-91.78127,18.65697],[-91.78127,18.65673],[-91.78128,18.65664],[-91.78128,18.65659],[-91.78128,18.65652],[-91.78128,18.65637],[-91.78119,18.65625],[-91.78117,18.65623],[-91.78109,18.65618],[-91.78108,18.65616],[-91.78107,18.65615],[-91.78107,18.65615],[-91.78107,18.65614],[-91.78107,18.65614],[-91.78107,18.65614],[-91.78105,18.65611],[-91.78098,18.65593],[-91.78096,18.65591],[-91.78095,18.65586],[-91.78082,18.65556],[-91.78081,18.65553],[-91.78079,18.6555],[-91.78068,18.65523],[-91.78067,18.6552],[-91.78065,18.65516],[-91.78061,18.65506],[-91.78056,18.65493],[-91.78055,18.6549],[-91.78052,18.65483],[-91.78048,18.65475],[-91.78044,18.65463],[-91.78042,18.6546],[-91.78036,18.65445],[-91.78032,18.65437],[-91.78041,18.65433],[-91.78101,18.65408],[-91.78109,18.65404],[-91.78117,18.65401],[-91.78135,18.65393],[-91.78147,18.65388],[-91.7815,18.65387],[-91.78158,18.65383],[-91.78213,18.6536],[-91.78229,18.65353],[-91.78239,18.65349],[-91.78241,18.65348],[-91.78169,18.65185],[-91.78163,18.65172],[-91.78135,18.65108],[-91.7813,18.65095],[-91.78113,18.65057],[-91.78094,18.65013],[-91.78081,18.64985],[-91.78067,18.64953],[-91.78055,18.64925],[-91.78042,18.64897],[-91.78028,18.64866],[-91.78021,18.64848],[-91.78016,18.64839],[-91.78008,18.6482],[-91.77983,18.64761],[-91.77979,18.64752],[-91.77973,18.64728],[-91.77971,18.64705],[-91.7797,18.64669],[-91.77969,18.64664],[-91.77967,18.64652],[-91.77962,18.64635],[-91.77958,18.64624],[-91.77952,18.64608],[-91.77648,18.64723]]]}},{"type":"Feature","properties":{"cvegeo":"0400306142929","cve_ent":"04","fuente":"INEGI — Marco Geoestadístico 2024","fecha_corte":"2024-08","cve_mun":"04003","cve_ageb":"2929","cve_loc":"0614"},"geometry":{"type":"Polygon","coordinates":[[[-91.16725,18.97631],[-91.16842,18.97721],[-91.1692,18.97821],[-91.16918,18.97823],[-91.16951,18.97891],[-91.16952,18.97891],[-91.16974,18.9788],[-91.16946,18.97807],[-91.16945,18.97802],[-91.16904,18.97693],[-91.16904,18.97686],[-91.16875,18.97635],[-91.16864,18.97607],[-91.16857,18.9758],[-91.16849,18.97563],[-91.16842,18.97562],[-91.16831,18.97567],[-91.16785,18.97594],[-91.16725,18.97631]]]}},{"type":"Feature","properties":{"cvegeo":"0400300013062","cve_ent":"04","fuente":"INEGI — Marco Geoestadístico 2024","fecha_corte":"2024-08","cve_mun":"04003","cve_ageb":"3062","cve_loc":"0001"},"geometry":{"type":"Polygon","coordinates":[[[-91.74867,18.66812],[-91.74878,18.66834],[-91.74892,18.66851],[-91.74904,18.66871],[-91.74916,18.66909],[-91.74922,18.66923],[-91.7493,18.66936],[-91.74961,18.66967],[-91.75009,18.67021],[-91.75009,18.67021],[-91.75009,18.67021],[-91.75009,18.6702],[-91.75049,18.66995],[-91.75115,18.66954],[-91.75233,18.66884],[-91.75533,18.66714],[-91.75718,18.66609],[-91.75893,18.6651],[-91.7597,18.66468],[-91.75987,18.66458],[-91.76058,18.66418],[-91.76146,18.6637],[-91.76228,18.66338],[-91.7632,18.66312],[-91.76358,18.66302],[-91.76384,18.66295],[-91.76441,18.6628],[-91.76477,18.66272],[-91.76525,18.6626],[-91.76609,18.66236],[-91.7666,18.66221],[-91.76645,18.66196],[-91.76602,18.66137],[-91.76557,18.66075],[-91.76482,18.65973],[-91.76435,18.6591],[-91.76396,18.65854],[-91.7632,18.65749],[-91.76262,18.65675],[-91.76225,18.65621],[-91.76157,18.65526],[-91.76121,18.65479],[-91.76091,18.65426],[-91.76065,18.65386],[-91.76024,18.65326],[-91.75924,18.65186],[-91.75916,18.65174],[-91.75906,18.65159],[-91.75904,18.65158],[-91.75899,18.65162],[-91.75899,18.65162],[-91.75892,18.65168],[-91.75886,18.65177],[-91.75879,18.65187],[-91.75872,18.65196],[-91.75867,18.65203],[-91.75864,18.65208],[-91.75859,18.65215],[-91.75847,18.65234],[-91.75843,18.65246],[-91.75841,18.65253],[-91.75841,18.65253],[-91.75841,18.65258],[-91.75841,18.65258],[-91.75841,18.65265],[-91.75841,18.65265],[-91.75844,18.65271],[-91.75847,18.65274],[-91.7585,18.65282],[-91.75852,18.65286],[-91.75852,18.6529],[-91.75852,18.65296],[-91.75852,18.65296],[-91.75851,18.65302],[-91.75851,18.65302],[-91.75846,18.65311],[-91.75843,18.65318],[-91.75837,18.65326],[-91.75834,18.65334],[-91.7583,18.65341],[-91.75824,18.65348],[-91.75818,18.65356],[-91.75818,18.65356],[-91.75801,18.65368],[-91.75801,18.65368],[-91.75785,18.65382],[-91.75776,18.65394],[-91.75765,18.65403],[-91.75765,18.65403],[-91.7576,18.65411],[-91.75754,18.65419],[-91.75746,18.65433],[-91.75738,18.6544],[-91.75738,18.6544],[-91.7573,18.65445],[-91.7572,18.65452],[-91.7572,18.65453],[-91.75713,18.6546],[-91.75694,18.65477],[-91.75694,18.65478],[-91.75671,18.65489],[-91.7564,18.655],[-91.75621,18.6551],[-91.75591,18.65528],[-91.75576,18.65539],[-91.75576,18.65539],[-91.75571,18.65546],[-91.75564,18.65555],[-91.75554,18.65564],[-91.75554,18.65564],[-91.75543,18.65573],[-91.75533,18.65578],[-91.75517,18.65581],[-91.75505,18.65585],[-91.75498,18.6559],[-91.75498,18.6559],[-91.7549,18.65602],[-91.75486,18.6562],[-91.75477,18.6565],[-91.75463,18.65668],[-91.75451,18.65682],[-91.75442,18.65692],[-91.75434,18.65702],[-91.7543,18.65709],[-91.75421,18.65717],[-91.75421,18.65717],[-91.7541,18.65724],[-91.75402,18.65729],[-91.75395,18.65732],[-91.7538,18.65743],[-91.7537,18.65752],[-91.7537,18.65752],[-91.75356,18.65761],[-91.75333,18.65778],[-91.7531,18.65791],[-91.7531,18.65791],[-91.75302,18.65801],[-91.75299,18.65808],[-91.75299,18.65808],[-91.753,18.65813],[-91.75301,18.65817],[-91.75301,18.65821],[-91.75301,18.65821],[-91.75296,18.65826],[-91.75296,18.65826],[-91.75291,18.6583],[-91.75279,18.65833],[-91.75272,18.65833],[-91.75267,18.65833],[-91.75259,18.65833],[-91.75251,18.65836],[-91.75242,18.65841],[-91.75242,18.65841],[-91.75238,18.65845],[-91.75238,18.65845],[-91.75231,18.65846],[-91.75229,18.65846],[-91.75228,18.65846],[-91.75225,18.65844],[-91.75223,18.65843],[-91.75215,18.65843],[-91.75207,18.65843],[-91.75197,18.65846],[-91.75191,18.65847],[-91.75191,18.65847],[-91.75182,18.65856],[-91.75177,18.65866],[-91.75168,18.65877],[-91.75159,18.65888],[-91.75159,18.65896],[-91.75159,18.65896],[-91.75159,18.65899],[-91.75155,18.65903],[-91.75155,18.65903],[-91.75146,18.65908],[-91.75133,18.65915],[-91.75125,18.6592],[-91.7511,18.65928],[-91.75098,18.65935],[-91.75085,18.65942],[-91.75071,18.65947],[-91.75063,18.6595],[-91.75052,18.65958],[-91.75052,18.65958],[-91.75047,18.65966],[-91.75044,18.65972],[-91.75041,18.65976],[-91.75041,18.65976],[-91.75036,18.65979],[-91.75031,18.65981],[-91.75019,18.65981],[-91.75011,18.65981],[-91.75001,18.65983],[-91.74995,18.65985],[-91.74986,18.65988],[-91.74976,18.65994],[-91.74976,18.65995],[-91.74955,18.66019],[-91.74944,18.66033],[-91.74942,18.66041],[-91.74942,18.66041],[-91.74938,18.66045],[-91.74938,18.66045],[-91.74932,18.66049],[-91.74926,18.66051],[-91.74905,18.66063],[-91.74905,18.66063],[-91.74893,18.66077],[-91.74889,18.66086],[-91.74887,18.66096],[-91.74887,18.66096],[-91.74887,18.66096],[-91.74888,18.66104],[-91.74888,18.66104],[-91.74887,18.66107],[-91.74887,18.66108],[-91.74887,18.66109],[-91.74886,18.6611],[-91.74886,18.6611],[-91.74881,18.66111],[-91.74871,18.66114],[-91.74864,18.66118],[-91.74864,18.66118],[-91.74851,18.66129],[-91.74851,18.66129],[-91.74835,18.66142],[-91.74835,18.66142],[-91.74827,18.66148],[-91.74827,18.66148],[-91.74824,18.66152],[-91.74817,18.66159],[-91.74809,18.66168],[-91.74804,18.66174],[-91.74804,18.66174],[-91.74797,18.66178],[-91.7479,18.66179],[-91.74784,18.66179],[-91.74784,18.66179],[-91.74779,18.66177],[-91.74772,18.66172],[-91.74765,18.66168],[-91.74763,18.66167],[-91.74743,18.66168],[-91.74726,18.6617],[-91.74726,18.6617],[-91.74714,18.66182],[-91.74708,18.66189],[-91.74703,18.66196],[-91.747,18.66204],[-91.74698,18.66209],[-91.74694,18.66214],[-91.74694,18.66214],[-91.74688,18.66218],[-91.74688,18.66218],[-91.74678,18.66227],[-91.74674,18.66236],[-91.74668,18.66243],[-91.74659,18.66251],[-91.74651,18.66259],[-91.74646,18.66271],[-91.74642,18.66284],[-91.74637,18.66292],[-91.74637,18.66292],[-91.74632,18.66296],[-91.74613,18.66304],[-91.74613,18.66304],[-91.74609,18.66308],[-91.74576,18.6634],[-91.74576,18.6634],[-91.74867,18.66812]]]}},{"type":"Feature","properties":{"cvegeo":"0400300013147","cve_ent":"04","fuente":"INEGI — Marco Geoestadístico 2024","fecha_corte":"2024-08","cve_mun":"04003","cve_ageb":"3147","cve_loc":"0001"},"geometry":{"type":"Polygon","coordinates":[[[-91.78134,18.65694],[-91.78141,18.65705],[-91.78142,18.65707],[-91.78165,18.65739],[-91.78175,18.65756],[-91.78192,18.6579],[-91.78193,18.65791],[-91.78198,18.65798],[-91.78198,18.65798],[-91.7822,18.65813],[-91.7822,18.65813],[-91.78227,18.65818],[-91.78233,18.65823],[-91.78267,18.65855],[-91.78297,18.65884],[-91.78299,18.65886],[-91.78304,18.65891],[-91.78333,18.65918],[-91.78348,18.65932],[-91.78399,18.65979],[-91.78447,18.66024],[-91.78447,18.66024],[-91.78455,18.66033],[-91.78457,18.66035],[-91.78496,18.66071],[-91.78534,18.66106],[-91.78549,18.66133],[-91.78568,18.66166],[-91.78583,18.66191],[-91.78587,18.66199],[-91.78591,18.66206],[-91.78594,18.6621],[-91.78654,18.66191],[-91.7911,18.6605],[-91.79154,18.66035],[-91.79194,18.66023],[-91.79207,18.6602],[-91.79214,18.66018],[-91.79256,18.66005],[-91.79276,18.65998],[-91.79287,18.65995],[-91.79306,18.65989],[-91.79391,18.65964],[-91.79418,18.65955],[-91.79456,18.65945],[-91.79525,18.65924],[-91.79561,18.65913],[-91.79665,18.65882],[-91.79661,18.65873],[-91.79652,18.65861],[-91.79636,18.65834],[-91.79594,18.65762],[-91.7956,18.6571],[-91.79548,18.65688],[-91.79541,18.65676],[-91.79525,18.65651],[-91.79524,18.65648],[-91.7952,18.65642],[-91.79503,18.65614],[-91.79501,18.65612],[-91.79488,18.6559],[-91.79481,18.65577],[-91.79464,18.65551],[-91.79458,18.65541],[-91.79441,18.65508],[-91.79437,18.65502],[-91.79433,18.65491],[-91.79424,18.65465],[-91.79409,18.65421],[-91.79385,18.65355],[-91.79366,18.65302],[-91.79302,18.65317],[-91.7929,18.6532],[-91.79252,18.6533],[-91.79234,18.65335],[-91.79207,18.65342],[-91.79178,18.65351],[-91.79173,18.65352],[-91.79141,18.65361],[-91.79134,18.65364],[-91.79132,18.65364],[-91.79122,18.65368],[-91.79102,18.65374],[-91.79099,18.65375],[-91.79076,18.65382],[-91.79062,18.65386],[-91.7905,18.6539],[-91.78959,18.65418],[-91.78928,18.65428],[-91.78872,18.65445],[-91.78864,18.65447],[-91.78844,18.65454],[-91.7881,18.65465],[-91.78669,18.65511],[-91.78601,18.65535],[-91.78581,18.65541],[-91.78578,18.65542],[-91.78555,18.6555],[-91.78358,18.65617],[-91.78148,18.65689],[-91.78134,18.65694]]]}},{"type":"Feature","properties":{"cvegeo":"0400300013151","cve_ent":"04","fuente":"INEGI — Marco Geoestadístico 2024","fecha_corte":"2024-08","cve_mun":"04003","cve_ageb":"3151","cve_loc":"0001"},"geometry":{"type":"Polygon","coordinates":[[[-91.74632,18.67274],[-91.74563,18.67314],[-91.74227,18.67492],[-91.73934,18.67654],[-91.7353,18.67842],[-91.73348,18.67908],[-91.73165,18.67982],[-91.73027,18.68045],[-91.72913,18.68102],[-91.72337,18.68381],[-91.72129,18.68484],[-91.72004,18.6856],[-91.71768,18.68728],[-91.71768,18.68728],[-91.71321,18.69111],[-91.71321,18.69111],[-91.71321,18.69111],[-91.71348,18.69142],[-91.71348,18.69142],[-91.71278,18.69186],[-91.71278,18.69186],[-91.71256,18.69215],[-91.71254,18.69218],[-91.71253,18.69218],[-91.71253,18.69218],[-91.71253,18.69218],[-91.71253,18.69218],[-91.71285,18.69205],[-91.71285,18.69205],[-91.71327,18.69179],[-91.71361,18.69159],[-91.71411,18.69131],[-91.71517,18.69074],[-91.7157,18.69042],[-91.71692,18.68978],[-91.7178,18.68927],[-91.71865,18.68884],[-91.71933,18.68846],[-91.71965,18.68831],[-91.72143,18.68769],[-91.72291,18.68717],[-91.72343,18.68693],[-91.72533,18.68623],[-91.72798,18.6852],[-91.72977,18.68449],[-91.73084,18.68403],[-91.73252,18.68334],[-91.7349,18.68245],[-91.73661,18.68176],[-91.73929,18.68086],[-91.74137,18.68036],[-91.74206,18.67993],[-91.74305,18.67935],[-91.74356,18.67907],[-91.74417,18.67888],[-91.7452,18.67862],[-91.74551,18.67854],[-91.74673,18.67822],[-91.74824,18.67784],[-91.74937,18.67754],[-91.75071,18.67722],[-91.75147,18.677],[-91.7519,18.6769],[-91.75231,18.67681],[-91.75232,18.67681],[-91.75289,18.67662],[-91.75353,18.67647],[-91.75374,18.67642],[-91.75423,18.67631],[-91.75451,18.67621],[-91.75502,18.67602],[-91.75559,18.67583],[-91.75599,18.67574],[-91.75706,18.67542],[-91.75777,18.67524],[-91.75791,18.67521],[-91.75813,18.67516],[-91.75856,18.67503],[-91.7591,18.67489],[-91.75946,18.67476],[-91.7599,18.67459],[-91.7601,18.67454],[-91.76044,18.67446],[-91.7609,18.67431],[-91.7615,18.67412],[-91.76215,18.67393],[-91.76276,18.67379],[-91.76277,18.67379],[-91.76279,18.67379],[-91.76279,18.67379],[-91.76278,18.67379],[-91.76275,18.67378],[-91.76275,18.67378],[-91.76275,18.67378],[-91.76271,18.67378],[-91.76244,18.67377],[-91.76233,18.67329],[-91.76265,18.67312],[-91.76024,18.67007],[-91.75983,18.66954],[-91.75953,18.66916],[-91.75925,18.66878],[-91.75897,18.66843],[-91.75869,18.66806],[-91.75719,18.6661],[-91.75718,18.66609],[-91.75533,18.66714],[-91.75233,18.66884],[-91.75115,18.66954],[-91.75049,18.66995],[-91.75009,18.6702],[-91.75009,18.67021],[-91.74682,18.67241],[-91.74632,18.67274]]]}},{"type":"Feature","properties":{"cvegeo":"0400300011121","cve_ent":"04","fuente":"INEGI — Marco Geoestadístico 2024","fecha_corte":"2024-08","cve_mun":"04003","cve_ageb":"1121","cve_loc":"0001"},"geometry":{"type":"Polygon","coordinates":[[[-91.81107,18.64502],[-91.81107,18.64504],[-91.81108,18.64509],[-91.81114,18.6455],[-91.81114,18.64551],[-91.81115,18.64564],[-91.81117,18.64571],[-91.81117,18.64572],[-91.81122,18.64606],[-91.81122,18.64607],[-91.81124,18.64616],[-91.81125,18.6462],[-91.81128,18.64644],[-91.81131,18.64666],[-91.81131,18.64683],[-91.81133,18.64699],[-91.81135,18.64714],[-91.81136,18.64719],[-91.81139,18.64727],[-91.81139,18.64728],[-91.81161,18.64774],[-91.81162,18.64776],[-91.81167,18.64786],[-91.81167,18.64786],[-91.81179,18.64783],[-91.81179,18.64783],[-91.81188,18.64779],[-91.81198,18.64775],[-91.8124,18.64756],[-91.8124,18.64756],[-91.81247,18.64753],[-91.81252,18.6475],[-91.81263,18.64746],[-91.81263,18.64746],[-91.81273,18.64741],[-91.81274,18.64741],[-91.81286,18.64735],[-91.81286,18.64735],[-91.81315,18.64722],[-91.81321,18.64719],[-91.81372,18.64696],[-91.81381,18.64692],[-91.8139,18.64689],[-91.81406,18.64683],[-91.81412,18.6468],[-91.81415,18.64679],[-91.81436,18.64671],[-91.81446,18.64666],[-91.81493,18.64647],[-91.81592,18.64606],[-91.81598,18.64604],[-91.81603,18.64602],[-91.81674,18.64573],[-91.81704,18.64561],[-91.81803,18.64521],[-91.81804,18.6452],[-91.81815,18.64518],[-91.81815,18.64518],[-91.81815,18.64518],[-91.81815,18.64517],[-91.81815,18.64517],[-91.81815,18.64516],[-91.81815,18.64516],[-91.81815,18.64515],[-91.81816,18.64514],[-91.81816,18.64513],[-91.81817,18.64512],[-91.81817,18.64512],[-91.81818,18.64511],[-91.81824,18.64509],[-91.81837,18.64503],[-91.81839,18.64503],[-91.8184,18.64503],[-91.8184,18.64503],[-91.81841,18.64503],[-91.81841,18.64503],[-91.81842,18.64502],[-91.81842,18.64502],[-91.81843,18.64502],[-91.81843,18.64502],[-91.81843,18.64502],[-91.81844,18.64502],[-91.81844,18.64502],[-91.81845,18.64503],[-91.81845,18.64503],[-91.81845,18.64503],[-91.81846,18.64503],[-91.81846,18.64503],[-91.81847,18.64503],[-91.81847,18.64503],[-91.81848,18.64503],[-91.81848,18.64504],[-91.81848,18.64504],[-91.81853,18.64502],[-91.81898,18.64482],[-91.819,18.64481],[-91.81904,18.64479],[-91.81905,18.64479],[-91.81905,18.64479],[-91.81905,18.64478],[-91.81906,18.64385],[-91.81907,18.64379],[-91.81906,18.64334],[-91.81904,18.64253],[-91.81846,18.64254],[-91.81799,18.64256],[-91.81796,18.64256],[-91.81795,18.64193],[-91.81793,18.64103],[-91.81899,18.64101],[-91.81899,18.64097],[-91.81896,18.64013],[-91.81892,18.64011],[-91.81886,18.6401],[-91.81882,18.64009],[-91.81803,18.63997],[-91.81686,18.63979],[-91.8168,18.63978],[-91.81671,18.63976],[-91.8163,18.6397],[-91.8162,18.6397],[-91.81613,18.63969],[-91.81604,18.6397],[-91.81594,18.63972],[-91.81584,18.63975],[-91.81572,18.63983],[-91.81568,18.63985],[-91.81559,18.63991],[-91.81556,18.63994],[-91.81516,18.64035],[-91.81514,18.64037],[-91.81507,18.64045],[-91.81469,18.64085],[-91.81468,18.64087],[-91.81466,18.64088],[-91.8146,18.64094],[-91.81458,18.64096],[-91.81419,18.64134],[-91.81415,18.64138],[-91.81408,18.64145],[-91.81395,18.6416],[-91.81385,18.64171],[-91.81384,18.64172],[-91.81381,18.64175],[-91.8138,18.64176],[-91.81372,18.64184],[-91.81292,18.6427],[-91.81292,18.64271],[-91.81286,18.64277],[-91.81235,18.64332],[-91.81233,18.64333],[-91.8123,18.64337],[-91.81223,18.64344],[-91.81192,18.64379],[-91.81158,18.64412],[-91.81149,18.6442],[-91.81148,18.64421],[-91.81115,18.64453],[-91.81114,18.64454],[-91.811,18.6447],[-91.81098,18.6447],[-91.81097,18.64469],[-91.81096,18.64469],[-91.81096,18.64469],[-91.81095,18.64469],[-91.81094,18.64469],[-91.81094,18.64469],[-91.81093,18.64469],[-91.81092,18.64469],[-91.81092,18.6447],[-91.81091,18.6447],[-91.81091,18.6447],[-91.8109,18.6447],[-91.81089,18.6447],[-91.81089,18.64471],[-91.81088,18.64471],[-91.81088,18.64471],[-91.81087,18.64472],[-91.81087,18.64472],[-91.81086,18.64473],[-91.81086,18.64473],[-91.81085,18.64474],[-91.81085,18.64474],[-91.81084,18.64475],[-91.81084,18.64475],[-91.81084,18.64476],[-91.81083,18.64476],[-91.81083,18.64477],[-91.81083,18.64478],[-91.81083,18.64478],[-91.81083,18.64479],[-91.81082,18.64479],[-91.81082,18.6448],[-91.81082,18.64481],[-91.81082,18.64481],[-91.81082,18.64482],[-91.81082,18.64483],[-91.81082,18.64483],[-91.81082,18.64484],[-91.81083,18.64484],[-91.81083,18.64485],[-91.81083,18.64486],[-91.81084,18.64487],[-91.81085,18.64488],[-91.81086,18.6449],[-91.81087,18.64491],[-91.81089,18.64492],[-91.81091,18.64493],[-91.81093,18.64493],[-91.81095,18.64494],[-91.81097,18.64493],[-91.81099,18.64493],[-91.81101,18.64492],[-91.81103,18.64491],[-91.81104,18.6449],[-91.81105,18.64489],[-91.81107,18.64502]]]}},{"type":"Feature","properties":{"cvegeo":"040030001116A","cve_ent":"04","fuente":"INEGI — Marco Geoestadístico 2024","fecha_corte":"2024-08","cve_mun":"04003","cve_ageb":"116A","cve_loc":"0001"},"geometry":{"type":"Polygon","coordinates":[[[-91.804,18.63723],[-91.804,18.63723],[-91.8041,18.63724],[-91.80445,18.63725],[-91.8048,18.63728],[-91.80483,18.63728],[-91.8053,18.63731],[-91.80576,18.63734],[-91.80622,18.63735],[-91.8067,18.63736],[-91.80706,18.63736],[-91.80718,18.63735],[-91.80735,18.63733],[-91.80798,18.63725],[-91.80864,18.63728],[-91.80897,18.63732],[-91.8089,18.6375],[-91.80899,18.63751],[-91.80927,18.63755],[-91.8095,18.63758],[-91.8095,18.63746],[-91.81006,18.63745],[-91.81106,18.63743],[-91.81161,18.63742],[-91.81162,18.63699],[-91.81243,18.63705],[-91.81292,18.63707],[-91.81356,18.63696],[-91.81368,18.63695],[-91.81401,18.63698],[-91.81425,18.637],[-91.81433,18.63689],[-91.81488,18.63609],[-91.81516,18.6357],[-91.81548,18.63522],[-91.81606,18.6344],[-91.81662,18.63362],[-91.81682,18.63333],[-91.81717,18.63283],[-91.8177,18.63206],[-91.81858,18.63078],[-91.81872,18.6306],[-91.81872,18.63059],[-91.8184,18.63029],[-91.81821,18.6301],[-91.81821,18.6301],[-91.81789,18.63028],[-91.81725,18.63081],[-91.81725,18.63081],[-91.81677,18.63116],[-91.8165,18.6313],[-91.81627,18.63142],[-91.81601,18.63156],[-91.81586,18.63161],[-91.81576,18.63163],[-91.81537,18.63167],[-91.81508,18.63173],[-91.8149,18.63163],[-91.81459,18.63168],[-91.81456,18.63168],[-91.81432,18.63164],[-91.81428,18.63161],[-91.8141,18.63148],[-91.81375,18.6315],[-91.81364,18.63143],[-91.81361,18.63144],[-91.81355,18.63147],[-91.81323,18.63154],[-91.81304,18.63156],[-91.81293,18.63157],[-91.81286,18.63155],[-91.81267,18.63151],[-91.81261,18.63148],[-91.81255,18.63146],[-91.81249,18.63146],[-91.81235,18.63152],[-91.81211,18.63152],[-91.8119,18.63156],[-91.81167,18.63159],[-91.81143,18.63158],[-91.81124,18.63156],[-91.8111,18.63152],[-91.81102,18.63146],[-91.81057,18.63189],[-91.81012,18.63227],[-91.80999,18.63234],[-91.80988,18.63242],[-91.80973,18.63256],[-91.80955,18.63269],[-91.80936,18.63277],[-91.80913,18.63288],[-91.80879,18.63299],[-91.80876,18.6331],[-91.80883,18.63318],[-91.80854,18.63323],[-91.80836,18.63325],[-91.80802,18.63343],[-91.80793,18.6332],[-91.8076,18.6334],[-91.80721,18.63369],[-91.80687,18.63396],[-91.80673,18.63388],[-91.8066,18.6338],[-91.80659,18.63368],[-91.80652,18.63376],[-91.80652,18.63376],[-91.80626,18.63352],[-91.80607,18.63367],[-91.80543,18.63403],[-91.80535,18.63401],[-91.80535,18.63401],[-91.80533,18.63405],[-91.80533,18.63405],[-91.80537,18.6341],[-91.80541,18.63414],[-91.80544,18.63423],[-91.80546,18.63429],[-91.80549,18.63436],[-91.80549,18.63443],[-91.80549,18.63443],[-91.80557,18.63443],[-91.80557,18.63443],[-91.80559,18.6344],[-91.80559,18.6344],[-91.80565,18.63438],[-91.80577,18.63434],[-91.80587,18.63437],[-91.80588,18.63441],[-91.80588,18.63441],[-91.80588,18.63441],[-91.8058,18.63445],[-91.8058,18.63445],[-91.80591,18.63458],[-91.80592,18.63482],[-91.80543,18.63523],[-91.80499,18.63578],[-91.80478,18.63607],[-91.80459,18.63614],[-91.80451,18.63668],[-91.80403,18.63668],[-91.804,18.63723]]]}},{"type":"Feature","properties":{"cvegeo":"0400300052933","cve_ent":"04","fuente":"INEGI — Marco Geoestadístico 2024","fecha_corte":"2024-08","cve_mun":"04003","cve_ageb":"2933","cve_loc":"0005"},"geometry":{"type":"Polygon","coordinates":[[[-92.29486,18.62921],[-92.29486,18.62927],[-92.29686,18.62967],[-92.29706,18.62833],[-92.29744,18.62833],[-92.29909,18.62847],[-92.30106,18.62871],[-92.30107,18.62857],[-92.30106,18.6282],[-92.30054,18.62814],[-92.2985,18.62788],[-92.29811,18.62783],[-92.29765,18.62776],[-92.29726,18.62765],[-92.29655,18.62751],[-92.29591,18.62741],[-92.29511,18.62733],[-92.29509,18.62737],[-92.29504,18.62779],[-92.29486,18.62921]]]}},{"type":"Feature","properties":{"cvegeo":"0400300011314","cve_ent":"04","fuente":"INEGI — Marco Geoestadístico 2024","fecha_corte":"2024-08","cve_mun":"04003","cve_ageb":"1314","cve_loc":"0001"},"geometry":{"type":"Polygon","coordinates":[[[-91.80499,18.66236],[-91.80515,18.66251],[-91.80536,18.66284],[-91.80549,18.66318],[-91.80554,18.66324],[-91.80563,18.6633],[-91.80574,18.66335],[-91.8059,18.66338],[-91.80612,18.66334],[-91.80642,18.66323],[-91.80682,18.66305],[-91.80725,18.66283],[-91.80756,18.66278],[-91.80778,18.66272],[-91.80802,18.66268],[-91.80848,18.66264],[-91.8087,18.66254],[-91.80892,18.66239],[-91.80904,18.66227],[-91.80928,18.66208],[-91.80958,18.66189],[-91.81007,18.66148],[-91.81045,18.66124],[-91.81074,18.66107],[-91.81058,18.66101],[-91.81042,18.66091],[-91.81027,18.66079],[-91.81021,18.66059],[-91.81016,18.66043],[-91.81013,18.66032],[-91.81011,18.66026],[-91.80987,18.65975],[-91.80952,18.6591],[-91.80928,18.65869],[-91.80904,18.65826],[-91.80882,18.65783],[-91.80859,18.65743],[-91.80837,18.65701],[-91.80816,18.65661],[-91.80786,18.65607],[-91.80765,18.65565],[-91.8088,18.65531],[-91.8098,18.65503],[-91.81032,18.65485],[-91.81042,18.6548],[-91.8107,18.65468],[-91.81093,18.65459],[-91.8111,18.65452],[-91.81131,18.65444],[-91.81155,18.65435],[-91.81163,18.65432],[-91.81171,18.65428],[-91.81174,18.65427],[-91.81186,18.65422],[-91.81206,18.65413],[-91.81226,18.65404],[-91.81239,18.65397],[-91.8125,18.65392],[-91.81263,18.65385],[-91.81276,18.65378],[-91.81287,18.65371],[-91.81296,18.65364],[-91.81308,18.65356],[-91.81313,18.65352],[-91.81319,18.65347],[-91.81329,18.6534],[-91.81338,18.65331],[-91.81348,18.65322],[-91.8136,18.6531],[-91.81374,18.65296],[-91.81385,18.65285],[-91.81403,18.65266],[-91.81415,18.65254],[-91.81432,18.65236],[-91.81481,18.65185],[-91.81482,18.65184],[-91.81493,18.65174],[-91.8149,18.65171],[-91.8145,18.65131],[-91.81416,18.65094],[-91.81401,18.65078],[-91.81397,18.65073],[-91.81391,18.65067],[-91.81388,18.65064],[-91.81357,18.65031],[-91.81336,18.65006],[-91.81323,18.64991],[-91.81319,18.64985],[-91.81311,18.64976],[-91.81292,18.6498],[-91.81253,18.6499],[-91.81191,18.65007],[-91.81076,18.65041],[-91.81034,18.65055],[-91.81014,18.65061],[-91.80979,18.65071],[-91.8094,18.65083],[-91.80896,18.65097],[-91.80859,18.65109],[-91.8082,18.65122],[-91.8074,18.65148],[-91.80729,18.65151],[-91.80723,18.65143],[-91.80722,18.65142],[-91.80693,18.6511],[-91.80665,18.65077],[-91.80635,18.65045],[-91.80601,18.65005],[-91.8058,18.64981],[-91.80574,18.64975],[-91.80568,18.64966],[-91.80563,18.64961],[-91.80558,18.64954],[-91.80551,18.64946],[-91.80544,18.64938],[-91.80538,18.64931],[-91.80534,18.64927],[-91.80529,18.64922],[-91.80525,18.64917],[-91.80519,18.6491],[-91.80511,18.649],[-91.80503,18.64892],[-91.80497,18.64884],[-91.80483,18.64869],[-91.80474,18.64859],[-91.80466,18.6485],[-91.80459,18.64841],[-91.80449,18.6483],[-91.80449,18.6483],[-91.80445,18.64825],[-91.8044,18.6482],[-91.80434,18.64813],[-91.80425,18.64803],[-91.80417,18.64794],[-91.80408,18.64784],[-91.804,18.64775],[-91.80394,18.64767],[-91.80386,18.64759],[-91.8038,18.64751],[-91.80371,18.64741],[-91.80363,18.64732],[-91.80358,18.64726],[-91.80347,18.64714],[-91.80345,18.64711],[-91.80336,18.647],[-91.80327,18.64691],[-91.80321,18.64684],[-91.80309,18.64669],[-91.80303,18.64662],[-91.80269,18.64624],[-91.80212,18.64559],[-91.80186,18.64527],[-91.80173,18.64513],[-91.80145,18.64484],[-91.80124,18.6446],[-91.80122,18.64458],[-91.80109,18.64446],[-91.80084,18.64429],[-91.8008,18.64426],[-91.80077,18.64425],[-91.80074,18.64423],[-91.80068,18.6442],[-91.80063,18.64418],[-91.80056,18.64414],[-91.80048,18.6441],[-91.8004,18.64406],[-91.80025,18.64399],[-91.80018,18.64395],[-91.80007,18.6439],[-91.79999,18.64386],[-91.79988,18.64381],[-91.79981,18.64377],[-91.79974,18.64374],[-91.79968,18.64371],[-91.79961,18.64368],[-91.79952,18.64364],[-91.79946,18.64361],[-91.79937,18.64357],[-91.7993,18.64354],[-91.79919,18.6435],[-91.79906,18.64344],[-91.79894,18.64339],[-91.79883,18.64334],[-91.79876,18.64331],[-91.79873,18.6433],[-91.79863,18.64326],[-91.79854,18.64321],[-91.79844,18.64316],[-91.79829,18.6431],[-91.79817,18.64305],[-91.798,18.64297],[-91.79782,18.64288],[-91.79779,18.64287],[-91.79747,18.64271],[-91.79721,18.64257],[-91.79719,18.64256],[-91.79699,18.64244],[-91.79687,18.64236],[-91.79683,18.64233],[-91.79672,18.64226],[-91.79649,18.64214],[-91.79579,18.64174],[-91.79549,18.64155],[-91.79532,18.64146],[-91.7952,18.64139],[-91.79508,18.64135],[-91.79497,18.64131],[-91.79479,18.64126],[-91.79479,18.64125],[-91.79461,18.64122],[-91.79434,18.64118],[-91.79414,18.64116],[-91.79334,18.64107],[-91.793,18.64104],[-91.79256,18.64099],[-91.79239,18.64097],[-91.79204,18.64094],[-91.79193,18.64094],[-91.79163,18.64096],[-91.79132,18.64101],[-91.79112,18.64104],[-91.79068,18.64111],[-91.79045,18.64113],[-91.79036,18.64117],[-91.79026,18.64121],[-91.7902,18.64124],[-91.79011,18.64129],[-91.79006,18.64133],[-91.79,18.64136],[-91.78992,18.64141],[-91.78986,18.64146],[-91.78981,18.64151],[-91.78976,18.64157],[-91.78971,18.64161],[-91.78967,18.64168],[-91.78961,18.64177],[-91.78955,18.64186],[-91.78951,18.64196],[-91.78949,18.64204],[-91.78944,18.64225],[-91.78946,18.64242],[-91.78947,18.64259],[-91.78953,18.64276],[-91.78961,18.64307],[-91.79019,18.64374],[-91.79075,18.64436],[-91.79088,18.6445],[-91.79088,18.6445],[-91.79155,18.64525],[-91.79242,18.64622],[-91.79286,18.64671],[-91.79287,18.64672],[-91.79333,18.64723],[-91.79339,18.6473],[-91.79412,18.64812],[-91.79427,18.64829],[-91.7945,18.64854],[-91.79477,18.64885],[-91.79508,18.6492],[-91.79551,18.64966],[-91.79579,18.64996],[-91.79587,18.65012],[-91.79595,18.65027],[-91.79604,18.65043],[-91.79607,18.65052],[-91.79611,18.65061],[-91.79613,18.6507],[-91.79616,18.65079],[-91.79617,18.65088],[-91.79619,18.65098],[-91.79619,18.65108],[-91.79619,18.65118],[-91.79618,18.65128],[-91.79617,18.65137],[-91.79615,18.65146],[-91.79612,18.65152],[-91.7961,18.65159],[-91.79607,18.65169],[-91.79603,18.65178],[-91.79598,18.65188],[-91.79596,18.65191],[-91.79593,18.65197],[-91.79589,18.65204],[-91.79584,18.65211],[-91.79578,18.65218],[-91.79572,18.65224],[-91.79566,18.65231],[-91.79559,18.65237],[-91.79552,18.65242],[-91.79544,18.65248],[-91.79533,18.65253],[-91.79534,18.65255],[-91.79578,18.65365],[-91.79657,18.6534],[-91.79734,18.65315],[-91.79736,18.65314],[-91.79767,18.65394],[-91.7976,18.65399],[-91.79681,18.65427],[-91.79704,18.65485],[-91.79813,18.65453],[-91.79877,18.65429],[-91.79892,18.65424],[-91.7992,18.6546],[-91.79825,18.65488],[-91.79836,18.65522],[-91.79847,18.65557],[-91.79858,18.6559],[-91.79868,18.65623],[-91.79878,18.65658],[-91.8004,18.65606],[-91.80063,18.65636],[-91.79889,18.65693],[-91.799,18.65726],[-91.79911,18.65759],[-91.79926,18.65803],[-91.79956,18.65794],[-91.80103,18.65752],[-91.80141,18.65815],[-91.80186,18.65803],[-91.80257,18.6578],[-91.80266,18.65802],[-91.80274,18.65842],[-91.80282,18.65881],[-91.80291,18.65922],[-91.803,18.65967],[-91.80309,18.66011],[-91.8033,18.66122],[-91.80343,18.66198],[-91.80343,18.66205],[-91.80344,18.6622],[-91.80343,18.66255],[-91.80344,18.66263],[-91.80344,18.66266],[-91.8037,18.66259],[-91.80449,18.66242],[-91.80482,18.66234],[-91.80499,18.66236]]]}},{"type":"Feature","properties":{"cvegeo":"0400300011329","cve_ent":"04","fuente":"INEGI — Marco Geoestadístico 2024","fecha_corte":"2024-08","cve_mun":"04003","cve_ageb":"1329","cve_loc":"0001"},"geometry":{"type":"Polygon","coordinates":[[[-91.79541,18.65676],[-91.79548,18.65688],[-91.7956,18.6571],[-91.79594,18.65762],[-91.79636,18.65834],[-91.79652,18.65861],[-91.79661,18.65873],[-91.79665,18.65882],[-91.79771,18.65848],[-91.79812,18.65837],[-91.79926,18.65803],[-91.79911,18.65759],[-91.799,18.65726],[-91.79889,18.65693],[-91.80063,18.65636],[-91.8004,18.65606],[-91.79878,18.65658],[-91.79868,18.65623],[-91.79858,18.6559],[-91.79847,18.65557],[-91.79836,18.65522],[-91.79825,18.65488],[-91.7992,18.6546],[-91.79892,18.65424],[-91.79877,18.65429],[-91.79813,18.65453],[-91.79704,18.65485],[-91.79681,18.65427],[-91.7976,18.65399],[-91.79767,18.65394],[-91.79736,18.65314],[-91.79734,18.65315],[-91.79657,18.6534],[-91.79578,18.65365],[-91.79534,18.65255],[-91.79533,18.65253],[-91.79521,18.6526],[-91.79512,18.65263],[-91.79505,18.65266],[-91.79498,18.65269],[-91.79487,18.65272],[-91.79452,18.65281],[-91.79378,18.653],[-91.79366,18.65302],[-91.79385,18.65355],[-91.79409,18.65421],[-91.79424,18.65465],[-91.79433,18.65491],[-91.79437,18.65502],[-91.79441,18.65508],[-91.79458,18.65541],[-91.79464,18.65551],[-91.79481,18.65577],[-91.79488,18.6559],[-91.79501,18.65612],[-91.79503,18.65614],[-91.7952,18.65642],[-91.79524,18.65648],[-91.79525,18.65651],[-91.79541,18.65676]]]}},{"type":"Feature","properties":{"cvegeo":"0400306142365","cve_ent":"04","fuente":"INEGI — Marco Geoestadístico 2024","fecha_corte":"2024-08","cve_mun":"04003","cve_ageb":"2365","cve_loc":"0614"},"geometry":{"type":"Polygon","coordinates":[[[-91.17206,18.97085],[-91.17238,18.97134],[-91.17244,18.97143],[-91.17266,18.97181],[-91.17306,18.97247],[-91.17311,18.97252],[-91.17349,18.9731],[-91.17365,18.97335],[-91.17387,18.97369],[-91.17465,18.97507],[-91.17402,18.97537],[-91.17485,18.97634],[-91.17541,18.97701],[-91.17555,18.97696],[-91.17561,18.97703],[-91.17579,18.97695],[-91.17629,18.97668],[-91.17701,18.97632],[-91.17777,18.97597],[-91.17868,18.97561],[-91.17885,18.97553],[-91.17941,18.97527],[-91.17964,18.97525],[-91.17986,18.97522],[-91.17977,18.97504],[-91.1798,18.97502],[-91.17978,18.97498],[-91.17963,18.9747],[-91.17953,18.97459],[-91.1793,18.97417],[-91.17866,18.97306],[-91.17827,18.97235],[-91.1777,18.97129],[-91.17719,18.97035],[-91.17665,18.96942],[-91.17613,18.96848],[-91.17577,18.96872],[-91.17556,18.96887],[-91.17531,18.96905],[-91.17507,18.96923],[-91.17445,18.96971],[-91.17435,18.96957],[-91.17416,18.96929],[-91.1741,18.96933],[-91.17354,18.96968],[-91.17358,18.96974],[-91.17309,18.97003],[-91.17313,18.97009],[-91.17206,18.97085]]]}},{"type":"Feature","properties":{"cvegeo":"0400300012473","cve_ent":"04","fuente":"INEGI — Marco Geoestadístico 2024","fecha_corte":"2024-08","cve_mun":"04003","cve_ageb":"2473","cve_loc":"0001"},"geometry":{"type":"Polygon","coordinates":[[[-91.83363,18.64201],[-91.83418,18.64236],[-91.83422,18.64239],[-91.83482,18.64209],[-91.83508,18.64196],[-91.83525,18.64187],[-91.83551,18.64172],[-91.83586,18.64155],[-91.8363,18.64132],[-91.83613,18.64089],[-91.83599,18.64053],[-91.83583,18.64009],[-91.83564,18.63955],[-91.8356,18.63944],[-91.83557,18.63945],[-91.8353,18.63876],[-91.83538,18.63873],[-91.83547,18.63869],[-91.83521,18.63806],[-91.83481,18.63818],[-91.8346,18.63777],[-91.83459,18.63775],[-91.83458,18.63773],[-91.83428,18.63724],[-91.83431,18.63722],[-91.83427,18.63717],[-91.8342,18.63709],[-91.83401,18.63688],[-91.83399,18.63686],[-91.83363,18.63648],[-91.83348,18.63633],[-91.83342,18.63628],[-91.83336,18.63622],[-91.83324,18.63611],[-91.83265,18.63559],[-91.83241,18.63579],[-91.83155,18.6364],[-91.83113,18.63673],[-91.83157,18.63763],[-91.83186,18.63824],[-91.83211,18.63877],[-91.83222,18.63904],[-91.83251,18.63969],[-91.83267,18.64],[-91.83314,18.64103],[-91.83282,18.64147],[-91.83294,18.64155],[-91.83346,18.64188],[-91.83363,18.64201]]]}},{"type":"Feature","properties":{"cvegeo":"0400300012558","cve_ent":"04","fuente":"INEGI — Marco Geoestadístico 2024","fecha_corte":"2024-08","cve_mun":"04003","cve_ageb":"2558","cve_loc":"0001"},"geometry":{"type":"Polygon","coordinates":[[[-91.78572,18.64218],[-91.78556,18.64225],[-91.78553,18.64226],[-91.78402,18.64288],[-91.78401,18.64315],[-91.78404,18.64322],[-91.78249,18.64391],[-91.78246,18.64392],[-91.78259,18.64419],[-91.78261,18.64423],[-91.78264,18.64426],[-91.78267,18.6443],[-91.78283,18.64459],[-91.78286,18.64465],[-91.78299,18.64487],[-91.78302,18.64494],[-91.78322,18.64529],[-91.78331,18.64542],[-91.78347,18.64569],[-91.78353,18.64578],[-91.78379,18.64622],[-91.78412,18.6468],[-91.78415,18.64685],[-91.78417,18.64689],[-91.78442,18.64734],[-91.78467,18.64773],[-91.78484,18.64802],[-91.78487,18.648],[-91.78521,18.64783],[-91.78528,18.64781],[-91.78604,18.64751],[-91.78691,18.64713],[-91.78819,18.6466],[-91.78804,18.64615],[-91.78792,18.64578],[-91.78783,18.64552],[-91.78777,18.64533],[-91.78765,18.64494],[-91.78764,18.64489],[-91.78749,18.64446],[-91.78735,18.64404],[-91.78719,18.64363],[-91.78702,18.64313],[-91.78686,18.64273],[-91.78676,18.64249],[-91.78668,18.64227],[-91.78652,18.6419],[-91.78648,18.64182],[-91.78572,18.64218]]]}},{"type":"Feature","properties":{"cvegeo":"0400300012825","cve_ent":"04","fuente":"INEGI — Marco Geoestadístico 2024","fecha_corte":"2024-08","cve_mun":"04003","cve_ageb":"2825","cve_loc":"0001"},"geometry":{"type":"Polygon","coordinates":[[[-91.77716,18.65832],[-91.77708,18.65834],[-91.77698,18.65837],[-91.77587,18.65875],[-91.77544,18.6589],[-91.77457,18.65919],[-91.77419,18.65932],[-91.77406,18.65937],[-91.77389,18.65942],[-91.77369,18.65949],[-91.7736,18.65952],[-91.77318,18.65966],[-91.77191,18.66009],[-91.77165,18.66018],[-91.77121,18.66034],[-91.77024,18.66072],[-91.76949,18.66102],[-91.76849,18.66143],[-91.76835,18.66148],[-91.76699,18.66207],[-91.76661,18.66221],[-91.7666,18.66221],[-91.76609,18.66236],[-91.76525,18.6626],[-91.76477,18.66272],[-91.76441,18.6628],[-91.76384,18.66295],[-91.76358,18.66302],[-91.7632,18.66312],[-91.76228,18.66338],[-91.76146,18.6637],[-91.76058,18.66418],[-91.75987,18.66458],[-91.75988,18.6646],[-91.76116,18.66636],[-91.76145,18.66673],[-91.76173,18.6671],[-91.76229,18.66783],[-91.76256,18.66819],[-91.76555,18.6722],[-91.76607,18.67305],[-91.76608,18.67305],[-91.76608,18.67307],[-91.76609,18.67307],[-91.76609,18.67307],[-91.7662,18.67304],[-91.76643,18.67298],[-91.76707,18.67281],[-91.76781,18.6727],[-91.76833,18.67261],[-91.77013,18.67221],[-91.77014,18.67221],[-91.77015,18.67221],[-91.77017,18.6722],[-91.77048,18.67214],[-91.77118,18.672],[-91.77251,18.67172],[-91.77315,18.67159],[-91.77317,18.67158],[-91.77413,18.67138],[-91.77532,18.67114],[-91.77574,18.67105],[-91.77579,18.67104],[-91.77606,18.67098],[-91.7764,18.67091],[-91.77669,18.67085],[-91.77738,18.67071],[-91.77772,18.67061],[-91.77789,18.67055],[-91.7782,18.67048],[-91.77873,18.67044],[-91.77944,18.67026],[-91.78018,18.67012],[-91.78189,18.66958],[-91.7831,18.66933],[-91.7831,18.66933],[-91.78308,18.66931],[-91.78277,18.66901],[-91.78274,18.66899],[-91.78263,18.6689],[-91.78254,18.66879],[-91.7825,18.66863],[-91.78248,18.66848],[-91.78245,18.6684],[-91.78241,18.66831],[-91.78246,18.66807],[-91.78251,18.66794],[-91.78256,18.66777],[-91.78257,18.66764],[-91.78253,18.66744],[-91.78246,18.66725],[-91.78221,18.66679],[-91.78198,18.66633],[-91.78175,18.66591],[-91.78152,18.66548],[-91.78141,18.66526],[-91.78136,18.66497],[-91.78125,18.66444],[-91.78119,18.66417],[-91.78113,18.66396],[-91.78108,18.66374],[-91.78096,18.66345],[-91.78067,18.66302],[-91.78038,18.66257],[-91.78037,18.66256],[-91.78007,18.66211],[-91.78006,18.6621],[-91.77976,18.66163],[-91.77948,18.66118],[-91.77917,18.66072],[-91.77886,18.66025],[-91.77857,18.6598],[-91.77825,18.65934],[-91.77802,18.65899],[-91.77763,18.65832],[-91.77765,18.65816],[-91.77764,18.65815],[-91.77716,18.65832]]]}},{"type":"Feature","properties":{"cvegeo":"0400300012948","cve_ent":"04","fuente":"INEGI — Marco Geoestadístico 2024","fecha_corte":"2024-08","cve_mun":"04003","cve_ageb":"2948","cve_loc":"0001"},"geometry":{"type":"Polygon","coordinates":[[[-91.78235,18.64678],[-91.78269,18.64756],[-91.78287,18.64795],[-91.78333,18.64777],[-91.78359,18.64768],[-91.78439,18.64735],[-91.78442,18.64734],[-91.78417,18.64689],[-91.78415,18.64685],[-91.78412,18.6468],[-91.78379,18.64622],[-91.78353,18.64578],[-91.78347,18.64569],[-91.78331,18.64542],[-91.78322,18.64529],[-91.78302,18.64494],[-91.78299,18.64487],[-91.78286,18.64465],[-91.78283,18.64459],[-91.78267,18.6443],[-91.78264,18.64426],[-91.78261,18.64423],[-91.78259,18.64419],[-91.78246,18.64392],[-91.78239,18.64383],[-91.78236,18.64385],[-91.78229,18.64387],[-91.78116,18.64428],[-91.78021,18.64462],[-91.77906,18.64503],[-91.77904,18.64503],[-91.77918,18.64535],[-91.77923,18.64546],[-91.77926,18.64553],[-91.7794,18.64582],[-91.77941,18.64582],[-91.77941,18.64583],[-91.77943,18.64587],[-91.77952,18.64608],[-91.77958,18.64624],[-91.77962,18.64635],[-91.77967,18.64652],[-91.77969,18.64664],[-91.7797,18.64669],[-91.77972,18.64668],[-91.77984,18.64665],[-91.78009,18.64719],[-91.78122,18.64672],[-91.78213,18.64635],[-91.78235,18.64678]]]}},{"type":"Feature","properties":{"cvegeo":"0400300012952","cve_ent":"04","fuente":"INEGI — Marco Geoestadístico 2024","fecha_corte":"2024-08","cve_mun":"04003","cve_ageb":"2952","cve_loc":"0001"},"geometry":{"type":"Polygon","coordinates":[[[-91.7673,18.65259],[-91.76694,18.65279],[-91.76724,18.65325],[-91.76777,18.65402],[-91.76875,18.65556],[-91.76965,18.657],[-91.77024,18.65793],[-91.77084,18.65884],[-91.77165,18.66018],[-91.77191,18.66009],[-91.77318,18.65966],[-91.7736,18.65952],[-91.77369,18.65949],[-91.77389,18.65942],[-91.77406,18.65937],[-91.77419,18.65932],[-91.77457,18.65919],[-91.77544,18.6589],[-91.77587,18.65875],[-91.77698,18.65837],[-91.77708,18.65834],[-91.77716,18.65832],[-91.77764,18.65815],[-91.77801,18.65803],[-91.77819,18.65797],[-91.77825,18.65795],[-91.77831,18.65793],[-91.77831,18.65792],[-91.77824,18.6577],[-91.77807,18.65714],[-91.77794,18.65677],[-91.77778,18.65623],[-91.77764,18.65582],[-91.77748,18.65531],[-91.77736,18.65494],[-91.77719,18.6544],[-91.77707,18.65405],[-91.77707,18.65403],[-91.77691,18.65353],[-91.7769,18.65348],[-91.77679,18.65312],[-91.77676,18.65303],[-91.7766,18.65249],[-91.77657,18.65241],[-91.77646,18.65204],[-91.77627,18.65137],[-91.77614,18.65102],[-91.77597,18.65052],[-91.77586,18.65017],[-91.7757,18.64966],[-91.77559,18.64931],[-91.77542,18.64879],[-91.7753,18.64843],[-91.77516,18.64794],[-91.77507,18.64762],[-91.77495,18.6477],[-91.77481,18.64783],[-91.77465,18.64805],[-91.77447,18.64832],[-91.77435,18.64851],[-91.77411,18.64889],[-91.77406,18.64893],[-91.77351,18.64973],[-91.77269,18.65091],[-91.77231,18.65069],[-91.77198,18.6505],[-91.77166,18.6503],[-91.77134,18.65009],[-91.77102,18.64988],[-91.7707,18.64967],[-91.77021,18.65033],[-91.77005,18.65054],[-91.76995,18.65069],[-91.76979,18.65093],[-91.76965,18.65112],[-91.76893,18.65217],[-91.76881,18.65223],[-91.76865,18.65221],[-91.76848,18.6519],[-91.7673,18.65259]]]}},{"type":"Feature","properties":{"cvegeo":"0400300052191","cve_ent":"04","fuente":"INEGI — Marco Geoestadístico 2024","fecha_corte":"2024-08","cve_mun":"04003","cve_ageb":"2191","cve_loc":"0005"},"geometry":{"type":"Polygon","coordinates":[[[-92.29511,18.62733],[-92.29591,18.62741],[-92.29655,18.62751],[-92.29726,18.62765],[-92.29765,18.62776],[-92.29811,18.62783],[-92.2985,18.62788],[-92.30054,18.62814],[-92.30106,18.6282],[-92.30112,18.62726],[-92.30127,18.62676],[-92.3013,18.6266],[-92.30131,18.62656],[-92.3014,18.62582],[-92.30141,18.62572],[-92.30143,18.62471],[-92.30142,18.62449],[-92.30142,18.62338],[-92.30141,18.62326],[-92.3014,18.62293],[-92.30135,18.62151],[-92.30133,18.62145],[-92.30135,18.62087],[-92.30137,18.62039],[-92.30158,18.61858],[-92.29509,18.61766],[-92.2937,18.61747],[-92.29369,18.61756],[-92.29357,18.61885],[-92.2935,18.61972],[-92.2935,18.61978],[-92.29346,18.61976],[-92.29191,18.61955],[-92.29182,18.62063],[-92.29168,18.62219],[-92.29157,18.62331],[-92.29157,18.62337],[-92.29146,18.62452],[-92.29139,18.62536],[-92.29133,18.62685],[-92.29132,18.62689],[-92.2918,18.62695],[-92.29204,18.62699],[-92.29279,18.62709],[-92.2942,18.62724],[-92.29511,18.62733]]]}},{"type":"Feature","properties":{"cvegeo":"040030199290A","cve_ent":"04","fuente":"INEGI — Marco Geoestadístico 2024","fecha_corte":"2024-08","cve_mun":"04003","cve_ageb":"290A","cve_loc":"0199"},"geometry":{"type":"Polygon","coordinates":[[[-91.48729,18.79071],[-91.48768,18.79074],[-91.48808,18.79081],[-91.48814,18.79087],[-91.48844,18.79103],[-91.48885,18.79125],[-91.48946,18.79161],[-91.48944,18.79174],[-91.48949,18.79232],[-91.48949,18.79232],[-91.48969,18.79216],[-91.49043,18.7916],[-91.4905,18.79155],[-91.49046,18.7914],[-91.49045,18.79118],[-91.49047,18.79085],[-91.49056,18.79022],[-91.49063,18.78941],[-91.49074,18.78858],[-91.49076,18.78851],[-91.49086,18.78774],[-91.49096,18.78691],[-91.49106,18.78602],[-91.49118,18.78523],[-91.49125,18.78445],[-91.49127,18.78427],[-91.49136,18.78342],[-91.49144,18.78259],[-91.49112,18.78237],[-91.49062,18.78202],[-91.49054,18.78198],[-91.49039,18.78193],[-91.49017,18.78193],[-91.48986,18.78193],[-91.48969,18.78197],[-91.48951,18.78202],[-91.48918,18.78206],[-91.48887,18.78205],[-91.48823,18.78199],[-91.48795,18.78198],[-91.48758,18.78202],[-91.48712,18.78203],[-91.4867,18.782],[-91.48665,18.78315],[-91.48658,18.78432],[-91.48614,18.78429],[-91.4859,18.78428],[-91.48572,18.78431],[-91.48572,18.78437],[-91.48555,18.78453],[-91.48547,18.78465],[-91.48478,18.78549],[-91.48435,18.78617],[-91.48411,18.78656],[-91.48237,18.78922],[-91.48226,18.78943],[-91.48176,18.79017],[-91.48489,18.79048],[-91.48529,18.79052],[-91.48607,18.7906],[-91.4865,18.79065],[-91.48689,18.79067],[-91.48729,18.79071]]]}},{"type":"Feature","properties":{"cvegeo":"0400301992971","cve_ent":"04","fuente":"INEGI — Marco Geoestadístico 2024","fecha_corte":"2024-08","cve_mun":"04003","cve_ageb":"2971","cve_loc":"0199"},"geometry":{"type":"Polygon","coordinates":[[[-91.48737,18.79388],[-91.48686,18.79428],[-91.48633,18.79471],[-91.48557,18.79535],[-91.4856,18.79538],[-91.48595,18.79581],[-91.48624,18.7962],[-91.48637,18.79635],[-91.48639,18.79637],[-91.4864,18.79636],[-91.48726,18.79565],[-91.48751,18.79545],[-91.48811,18.79494],[-91.48881,18.79439],[-91.48877,18.79437],[-91.48868,18.79428],[-91.48834,18.79393],[-91.4879,18.7935],[-91.48737,18.79388]]]}},{"type":"Feature","properties":{"cvegeo":"0400306142420","cve_ent":"04","fuente":"INEGI — Marco Geoestadístico 2024","fecha_corte":"2024-08","cve_mun":"04003","cve_ageb":"2420","cve_loc":"0614"},"geometry":{"type":"Polygon","coordinates":[[[-91.17827,18.97235],[-91.17866,18.97306],[-91.1793,18.97417],[-91.17953,18.97459],[-91.17963,18.9747],[-91.17978,18.97498],[-91.1798,18.97502],[-91.17977,18.97504],[-91.17986,18.97522],[-91.18013,18.97515],[-91.18029,18.97517],[-91.18045,18.9752],[-91.18058,18.97525],[-91.18063,18.97525],[-91.18066,18.97531],[-91.18089,18.97496],[-91.18119,18.97478],[-91.18132,18.97477],[-91.18137,18.97473],[-91.18142,18.97468],[-91.18145,18.97461],[-91.18172,18.97444],[-91.18181,18.97436],[-91.1819,18.97425],[-91.18195,18.97418],[-91.18237,18.97399],[-91.18268,18.97388],[-91.18267,18.97369],[-91.18359,18.97323],[-91.18498,18.97254],[-91.18502,18.97258],[-91.1859,18.97217],[-91.18659,18.97175],[-91.18682,18.97167],[-91.18786,18.9712],[-91.18847,18.97097],[-91.18854,18.97102],[-91.18878,18.97091],[-91.18913,18.97074],[-91.18913,18.97067],[-91.18984,18.97032],[-91.19041,18.96997],[-91.19097,18.96969],[-91.19097,18.96966],[-91.19139,18.96941],[-91.19158,18.96935],[-91.19276,18.96875],[-91.19267,18.96862],[-91.19225,18.9682],[-91.1922,18.96822],[-91.19114,18.96875],[-91.18962,18.96947],[-91.18835,18.97008],[-91.18831,18.9701],[-91.18747,18.97051],[-91.18742,18.97051],[-91.18627,18.97104],[-91.1857,18.97131],[-91.18551,18.97096],[-91.18533,18.97063],[-91.18505,18.97009],[-91.18416,18.97038],[-91.18321,18.97073],[-91.1826,18.97093],[-91.18197,18.97114],[-91.18152,18.97127],[-91.18039,18.9715],[-91.17976,18.97165],[-91.17916,18.97195],[-91.17827,18.97235]]]}},{"type":"Feature","properties":{"cvegeo":"0400306142115","cve_ent":"04","fuente":"INEGI — Marco Geoestadístico 2024","fecha_corte":"2024-08","cve_mun":"04003","cve_ageb":"2115","cve_loc":"0614"},"geometry":{"type":"Polygon","coordinates":[[[-91.18505,18.97009],[-91.18533,18.97063],[-91.18551,18.97096],[-91.1857,18.97131],[-91.18627,18.97104],[-91.18742,18.97051],[-91.18747,18.97051],[-91.18831,18.9701],[-91.18835,18.97008],[-91.18962,18.96947],[-91.19114,18.96875],[-91.1922,18.96822],[-91.1922,18.96822],[-91.18685,18.96236],[-91.18589,18.96298],[-91.18452,18.96382],[-91.18481,18.9643],[-91.18503,18.96468],[-91.18424,18.96494],[-91.18424,18.96495],[-91.18476,18.96614],[-91.18503,18.96657],[-91.18538,18.96707],[-91.18538,18.96707],[-91.18401,18.96783],[-91.18454,18.96902],[-91.18505,18.97009]]]}},{"type":"Feature","properties":{"cvegeo":"040030614237A","cve_ent":"04","fuente":"INEGI — Marco Geoestadístico 2024","fecha_corte":"2024-08","cve_mun":"04003","cve_ageb":"237A","cve_loc":"0614"},"geometry":{"type":"Polygon","coordinates":[[[-91.16952,18.97891],[-91.16973,18.97944],[-91.16898,18.97995],[-91.16908,18.98016],[-91.169,18.98022],[-91.16907,18.98031],[-91.1694,18.98009],[-91.16958,18.98003],[-91.16969,18.97996],[-91.16973,18.98],[-91.17002,18.97982],[-91.17031,18.97967],[-91.17061,18.97952],[-91.17059,18.97949],[-91.17068,18.97945],[-91.17071,18.9795],[-91.17108,18.97929],[-91.17114,18.97937],[-91.17128,18.97931],[-91.17165,18.97917],[-91.17189,18.97905],[-91.17218,18.97891],[-91.17215,18.97881],[-91.17226,18.97876],[-91.17277,18.97852],[-91.17282,18.97845],[-91.17331,18.9782],[-91.17368,18.97801],[-91.17445,18.97764],[-91.17493,18.97737],[-91.17562,18.97704],[-91.17561,18.97703],[-91.17555,18.97696],[-91.17541,18.97701],[-91.17485,18.97634],[-91.17402,18.97537],[-91.17465,18.97507],[-91.17387,18.97369],[-91.17365,18.97335],[-91.17349,18.9731],[-91.17311,18.97252],[-91.17306,18.97247],[-91.17266,18.97181],[-91.17244,18.97143],[-91.17238,18.97134],[-91.17206,18.97085],[-91.1673,18.97343],[-91.16714,18.97322],[-91.16697,18.97328],[-91.16708,18.97342],[-91.16644,18.97375],[-91.16629,18.97353],[-91.16588,18.97371],[-91.16592,18.97378],[-91.16557,18.97402],[-91.16559,18.97405],[-91.16525,18.97435],[-91.16529,18.97441],[-91.16491,18.97466],[-91.16491,18.97468],[-91.16502,18.97471],[-91.16516,18.97486],[-91.16513,18.97488],[-91.16555,18.97523],[-91.16585,18.9753],[-91.16659,18.97554],[-91.16669,18.97569],[-91.1666,18.97573],[-91.16725,18.97631],[-91.16785,18.97594],[-91.16831,18.97567],[-91.16842,18.97562],[-91.16849,18.97563],[-91.16857,18.9758],[-91.16864,18.97607],[-91.16875,18.97635],[-91.16904,18.97686],[-91.16904,18.97693],[-91.16945,18.97802],[-91.16946,18.97807],[-91.16974,18.9788],[-91.16952,18.97891]]]}},{"type":"Feature","properties":{"cvegeo":"0400300012967","cve_ent":"04","fuente":"INEGI — Marco Geoestadístico 2024","fecha_corte":"2024-08","cve_mun":"04003","cve_ageb":"2967","cve_loc":"0001"},"geometry":{"type":"Polygon","coordinates":[[[-91.75915,18.65132],[-91.75904,18.65158],[-91.75906,18.65159],[-91.75916,18.65174],[-91.75924,18.65186],[-91.76024,18.65326],[-91.76065,18.65386],[-91.76091,18.65426],[-91.76121,18.65479],[-91.76157,18.65526],[-91.76225,18.65621],[-91.76262,18.65675],[-91.7632,18.65749],[-91.76396,18.65854],[-91.76435,18.6591],[-91.76482,18.65973],[-91.76557,18.66075],[-91.76602,18.66137],[-91.76645,18.66196],[-91.7666,18.66221],[-91.76661,18.66221],[-91.76699,18.66207],[-91.76835,18.66148],[-91.76849,18.66143],[-91.76949,18.66102],[-91.77024,18.66072],[-91.77121,18.66034],[-91.77165,18.66018],[-91.77084,18.65884],[-91.77024,18.65793],[-91.76965,18.657],[-91.76875,18.65556],[-91.76777,18.65402],[-91.76724,18.65325],[-91.76694,18.65279],[-91.7673,18.65259],[-91.76848,18.6519],[-91.76865,18.65221],[-91.76881,18.65223],[-91.76893,18.65217],[-91.76965,18.65112],[-91.76979,18.65093],[-91.76995,18.65069],[-91.77005,18.65054],[-91.77021,18.65033],[-91.7707,18.64967],[-91.77102,18.64988],[-91.77134,18.65009],[-91.77166,18.6503],[-91.77198,18.6505],[-91.77231,18.65069],[-91.77269,18.65091],[-91.77351,18.64973],[-91.77406,18.64893],[-91.77411,18.64889],[-91.77435,18.64851],[-91.77447,18.64832],[-91.77465,18.64805],[-91.77481,18.64783],[-91.77495,18.6477],[-91.77507,18.64762],[-91.77541,18.64752],[-91.77566,18.64747],[-91.77595,18.64739],[-91.77618,18.64734],[-91.77648,18.64723],[-91.77952,18.64608],[-91.77943,18.64587],[-91.77941,18.64583],[-91.77941,18.64582],[-91.7794,18.64582],[-91.77926,18.64553],[-91.77923,18.64546],[-91.77918,18.64535],[-91.77904,18.64503],[-91.77886,18.64463],[-91.77868,18.64422],[-91.77853,18.64386],[-91.7785,18.64378],[-91.77846,18.64371],[-91.77804,18.64277],[-91.7776,18.64179],[-91.77756,18.64169],[-91.77751,18.64156],[-91.77747,18.64146],[-91.77735,18.64119],[-91.77719,18.64083],[-91.77717,18.64078],[-91.77699,18.64036],[-91.77694,18.64026],[-91.77682,18.63997],[-91.77681,18.63996],[-91.77679,18.63992],[-91.77663,18.63953],[-91.77658,18.63941],[-91.77643,18.6391],[-91.77626,18.6387],[-91.77608,18.63829],[-91.77604,18.63821],[-91.77698,18.63787],[-91.77793,18.63753],[-91.77849,18.63738],[-91.77838,18.63718],[-91.77773,18.63618],[-91.77747,18.63581],[-91.77744,18.63558],[-91.77738,18.63561],[-91.77727,18.63561],[-91.77687,18.63565],[-91.77637,18.63563],[-91.77607,18.63569],[-91.77589,18.63574],[-91.77574,18.63577],[-91.77529,18.63596],[-91.77529,18.63596],[-91.77519,18.63607],[-91.77519,18.63608],[-91.77486,18.63612],[-91.77435,18.63618],[-91.77337,18.63661],[-91.77249,18.63691],[-91.77222,18.63711],[-91.77222,18.63711],[-91.7722,18.63715],[-91.77218,18.6372],[-91.77184,18.63748],[-91.77184,18.63748],[-91.77143,18.63782],[-91.77143,18.63782],[-91.77119,18.63807],[-91.77112,18.63819],[-91.77105,18.63831],[-91.77088,18.63847],[-91.77088,18.63847],[-91.77067,18.63864],[-91.77067,18.63864],[-91.77064,18.63867],[-91.77051,18.6403],[-91.77051,18.6403],[-91.77028,18.64058],[-91.76986,18.64099],[-91.76932,18.64145],[-91.76932,18.64145],[-91.76915,18.64162],[-91.76915,18.64162],[-91.76895,18.64178],[-91.76809,18.64212],[-91.76809,18.64212],[-91.76766,18.64269],[-91.76726,18.64331],[-91.76726,18.64331],[-91.76705,18.64345],[-91.76705,18.64345],[-91.76696,18.64379],[-91.76684,18.6439],[-91.76679,18.64402],[-91.76673,18.64435],[-91.76673,18.64435],[-91.76649,18.64472],[-91.7663,18.64491],[-91.76611,18.64529],[-91.76606,18.64553],[-91.76606,18.64553],[-91.76597,18.64568],[-91.76591,18.6458],[-91.76583,18.6464],[-91.76583,18.6464],[-91.76583,18.6464],[-91.76558,18.64656],[-91.76539,18.6467],[-91.76539,18.6467],[-91.76532,18.64686],[-91.76523,18.64694],[-91.76523,18.64694],[-91.76515,18.64694],[-91.76494,18.64683],[-91.76485,18.64681],[-91.76475,18.64683],[-91.76461,18.64688],[-91.76443,18.64698],[-91.76443,18.64698],[-91.76438,18.64703],[-91.76435,18.64709],[-91.76431,18.64723],[-91.76423,18.64733],[-91.7642,18.64737],[-91.7642,18.64737],[-91.76405,18.64745],[-91.76385,18.64748],[-91.76366,18.64752],[-91.76348,18.6476],[-91.76348,18.6476],[-91.76345,18.64763],[-91.76341,18.64772],[-91.76338,18.6479],[-91.76338,18.6479],[-91.76331,18.64798],[-91.76325,18.64805],[-91.76325,18.64805],[-91.76297,18.64821],[-91.76297,18.64821],[-91.76289,18.64828],[-91.76279,18.64845],[-91.76279,18.64854],[-91.76279,18.64854],[-91.76281,18.64862],[-91.76295,18.64881],[-91.76299,18.64891],[-91.76299,18.64904],[-91.76299,18.64904],[-91.76293,18.64913],[-91.76293,18.64913],[-91.76287,18.64917],[-91.7623,18.64942],[-91.76215,18.64955],[-91.76215,18.64955],[-91.76207,18.64959],[-91.76207,18.64959],[-91.762,18.6497],[-91.76191,18.64989],[-91.76185,18.64994],[-91.76185,18.64994],[-91.76177,18.64996],[-91.76166,18.64996],[-91.76154,18.64996],[-91.76134,18.64996],[-91.76124,18.64998],[-91.76114,18.65004],[-91.76105,18.65011],[-91.76095,18.65017],[-91.76076,18.65029],[-91.76076,18.65029],[-91.76059,18.65043],[-91.76059,18.65043],[-91.7605,18.65049],[-91.76016,18.65057],[-91.76016,18.65057],[-91.76012,18.65063],[-91.76012,18.65063],[-91.75997,18.65067],[-91.75986,18.65068],[-91.75976,18.65069],[-91.75967,18.65073],[-91.75957,18.6508],[-91.75957,18.6508],[-91.75947,18.65088],[-91.75939,18.65096],[-91.75931,18.65104],[-91.75924,18.65113],[-91.75918,18.65122],[-91.75915,18.65132]]]}},{"type":"Feature","properties":{"cvegeo":"0400300013113","cve_ent":"04","fuente":"INEGI — Marco Geoestadístico 2024","fecha_corte":"2024-08","cve_mun":"04003","cve_ageb":"3113","cve_loc":"0001"},"geometry":{"type":"Polygon","coordinates":[[[-91.76087,18.66768],[-91.75925,18.66878],[-91.75953,18.66916],[-91.75983,18.66954],[-91.76024,18.67007],[-91.76265,18.67312],[-91.76233,18.67329],[-91.76244,18.67377],[-91.76271,18.67378],[-91.76275,18.67378],[-91.76275,18.67378],[-91.76275,18.67378],[-91.76278,18.67379],[-91.76279,18.67379],[-91.76279,18.67379],[-91.76326,18.67368],[-91.76376,18.67359],[-91.76414,18.6735],[-91.76462,18.67339],[-91.76533,18.67321],[-91.76561,18.67317],[-91.76574,18.67315],[-91.76609,18.67307],[-91.76609,18.67307],[-91.76608,18.67307],[-91.76608,18.67305],[-91.76607,18.67305],[-91.76555,18.6722],[-91.76256,18.66819],[-91.76229,18.66783],[-91.76173,18.6671],[-91.76087,18.66768]]]}},{"type":"Feature","properties":{"cvegeo":"0400306143096","cve_ent":"04","fuente":"INEGI — Marco Geoestadístico 2024","fecha_corte":"2024-08","cve_mun":"04003","cve_ageb":"3096","cve_loc":"0614"},"geometry":{"type":"Polygon","coordinates":[[[-91.16629,18.97353],[-91.16644,18.97375],[-91.16708,18.97342],[-91.16697,18.97328],[-91.16684,18.97333],[-91.16668,18.97328],[-91.16629,18.97353]]]}},{"type":"Feature","properties":{"cvegeo":"0400301993058","cve_ent":"04","fuente":"INEGI — Marco Geoestadístico 2024","fecha_corte":"2024-08","cve_mun":"04003","cve_ageb":"3058","cve_loc":"0199"},"geometry":{"type":"Polygon","coordinates":[[[-91.48726,18.79565],[-91.48753,18.79598],[-91.48753,18.79598],[-91.48779,18.79578],[-91.48801,18.79611],[-91.48803,18.79614],[-91.48804,18.79613],[-91.48876,18.79559],[-91.48924,18.79522],[-91.48941,18.79504],[-91.48934,18.79496],[-91.48934,18.79489],[-91.48912,18.7947],[-91.48881,18.79439],[-91.48811,18.79494],[-91.48751,18.79545],[-91.48726,18.79565]]]}},{"type":"Feature","properties":{"cvegeo":"0400301992897","cve_ent":"04","fuente":"INEGI — Marco Geoestadístico 2024","fecha_corte":"2024-08","cve_mun":"04003","cve_ageb":"2897","cve_loc":"0199"},"geometry":{"type":"Polygon","coordinates":[[[-91.47689,18.78991],[-91.4767,18.79019],[-91.47657,18.79032],[-91.47613,18.79085],[-91.47612,18.79184],[-91.47626,18.79216],[-91.4762,18.79251],[-91.4761,18.7926],[-91.47589,18.79297],[-91.47572,18.79331],[-91.47498,18.79438],[-91.47487,18.79474],[-91.47457,18.79507],[-91.47322,18.79691],[-91.47222,18.79871],[-91.47157,18.79975],[-91.47022,18.80172],[-91.47063,18.80209],[-91.47037,18.80232],[-91.47079,18.80265],[-91.47245,18.80068],[-91.47255,18.80057],[-91.47319,18.79991],[-91.47432,18.79874],[-91.47693,18.79601],[-91.47837,18.79459],[-91.47893,18.79398],[-91.47938,18.79352],[-91.48046,18.79225],[-91.48111,18.79122],[-91.48176,18.79017],[-91.48226,18.78943],[-91.48237,18.78922],[-91.48411,18.78656],[-91.48435,18.78617],[-91.48478,18.78549],[-91.48547,18.78465],[-91.48555,18.78453],[-91.48572,18.78437],[-91.48572,18.78431],[-91.4859,18.78428],[-91.48614,18.78429],[-91.48658,18.78432],[-91.48665,18.78315],[-91.4867,18.782],[-91.48712,18.78203],[-91.48758,18.78202],[-91.48795,18.78198],[-91.48823,18.78199],[-91.48887,18.78205],[-91.48918,18.78206],[-91.48951,18.78202],[-91.48969,18.78197],[-91.48986,18.78193],[-91.49017,18.78193],[-91.49039,18.78193],[-91.49054,18.78198],[-91.49062,18.78202],[-91.49112,18.78237],[-91.49144,18.78259],[-91.49153,18.78184],[-91.49153,18.78162],[-91.49103,18.78175],[-91.49072,18.78177],[-91.49056,18.7817],[-91.49028,18.78178],[-91.49013,18.78178],[-91.48983,18.7818],[-91.48968,18.7818],[-91.48951,18.78182],[-91.48908,18.78185],[-91.48828,18.78186],[-91.48789,18.78191],[-91.48755,18.78195],[-91.48711,18.78194],[-91.48712,18.78163],[-91.48709,18.78163],[-91.48707,18.78193],[-91.48695,18.78193],[-91.48654,18.78187],[-91.48628,18.78187],[-91.48608,18.78186],[-91.48571,18.78182],[-91.4855,18.78179],[-91.48529,18.78175],[-91.48513,18.78173],[-91.48498,18.7817],[-91.48505,18.78128],[-91.48513,18.78129],[-91.48514,18.78126],[-91.48494,18.78125],[-91.48494,18.78127],[-91.48501,18.78128],[-91.48495,18.78169],[-91.48439,18.78161],[-91.48396,18.78159],[-91.48396,18.7812],[-91.48392,18.78119],[-91.48392,18.7816],[-91.48362,18.78161],[-91.4834,18.78167],[-91.48327,18.7817],[-91.48296,18.78176],[-91.48275,18.78173],[-91.48261,18.78175],[-91.48223,18.7818],[-91.48202,18.78182],[-91.48185,18.78186],[-91.48146,18.7819],[-91.48142,18.78164],[-91.48138,18.78165],[-91.48141,18.7819],[-91.48137,18.78191],[-91.48134,18.78168],[-91.48125,18.7817],[-91.48128,18.78192],[-91.48104,18.78197],[-91.48076,18.78203],[-91.48059,18.78206],[-91.48019,18.7821],[-91.48018,18.78223],[-91.47998,18.78226],[-91.47973,18.78231],[-91.47936,18.7823],[-91.47924,18.78231],[-91.47923,18.78234],[-91.47906,18.78236],[-91.47898,18.78237],[-91.47885,18.78237],[-91.47868,18.78236],[-91.47836,18.78236],[-91.47812,18.78236],[-91.47784,18.78237],[-91.47756,18.78237],[-91.47748,18.78235],[-91.47732,18.78234],[-91.47728,18.78233],[-91.47716,18.78232],[-91.47698,18.7823],[-91.47686,18.7823],[-91.47641,18.78218],[-91.4764,18.78212],[-91.47617,18.78212],[-91.47617,18.78214],[-91.47551,18.78218],[-91.47535,18.78224],[-91.4751,18.78229],[-91.47482,18.78232],[-91.47455,18.78236],[-91.47429,18.78238],[-91.47395,18.78241],[-91.47375,18.78244],[-91.47377,18.78312],[-91.474,18.78317],[-91.47408,18.78316],[-91.47444,18.7832],[-91.47465,18.78316],[-91.47468,18.78306],[-91.47468,18.78298],[-91.47492,18.78288],[-91.47525,18.7828],[-91.47572,18.78273],[-91.47586,18.78277],[-91.47591,18.78291],[-91.47606,18.78295],[-91.47612,18.78292],[-91.47617,18.78291],[-91.47648,18.78272],[-91.47662,18.78271],[-91.4768,18.78264],[-91.47712,18.78274],[-91.47755,18.78276],[-91.47778,18.78276],[-91.47798,18.78279],[-91.47825,18.78309],[-91.47854,18.78336],[-91.47855,18.78343],[-91.47864,18.78354],[-91.47862,18.78366],[-91.47881,18.78388],[-91.47878,18.78403],[-91.4787,18.78423],[-91.47851,18.7845],[-91.47825,18.78471],[-91.47814,18.78476],[-91.47796,18.7849],[-91.47776,18.78506],[-91.47729,18.78542],[-91.47723,18.78538],[-91.47706,18.78542],[-91.47695,18.78552],[-91.4769,18.78561],[-91.47686,18.7857],[-91.47682,18.78572],[-91.47672,18.78567],[-91.47667,18.78563],[-91.47656,18.78556],[-91.47626,18.78549],[-91.47596,18.78552],[-91.47589,18.78554],[-91.47568,18.78559],[-91.47553,18.78566],[-91.47553,18.78574],[-91.47553,18.78578],[-91.47559,18.78584],[-91.47573,18.78587],[-91.4759,18.78587],[-91.47597,18.78586],[-91.47608,18.7859],[-91.4762,18.78593],[-91.47631,18.78593],[-91.47645,18.78598],[-91.47645,18.78598],[-91.47636,18.78604],[-91.47613,18.78619],[-91.476,18.78624],[-91.4757,18.78624],[-91.4756,18.78617],[-91.47551,18.78602],[-91.47551,18.78602],[-91.47534,18.78596],[-91.47533,18.78597],[-91.47524,18.78608],[-91.47525,18.78621],[-91.47533,18.78667],[-91.47549,18.78658],[-91.47592,18.7865],[-91.47592,18.78646],[-91.47595,18.78644],[-91.47601,18.78647],[-91.47644,18.78637],[-91.47684,18.78611],[-91.47672,18.78603],[-91.4771,18.78585],[-91.4772,18.78598],[-91.47787,18.78578],[-91.47803,18.78584],[-91.47837,18.78579],[-91.47839,18.78571],[-91.47845,18.78571],[-91.47854,18.78573],[-91.47881,18.7856],[-91.47889,18.78565],[-91.47911,18.78563],[-91.47923,18.78562],[-91.4793,18.7857],[-91.47912,18.78624],[-91.47883,18.7867],[-91.4786,18.78694],[-91.47847,18.78715],[-91.47839,18.78745],[-91.47836,18.78756],[-91.47824,18.78763],[-91.47819,18.78782],[-91.47774,18.7881],[-91.47775,18.7889],[-91.47737,18.78955],[-91.47707,18.78973],[-91.47689,18.78991]]]}},{"type":"Feature","properties":{"cvegeo":"0400301992350","cve_ent":"04","fuente":"INEGI — Marco Geoestadístico 2024","fecha_corte":"2024-08","cve_mun":"04003","cve_ageb":"2350","cve_loc":"0199"},"geometry":{"type":"Polygon","coordinates":[[[-91.49538,18.78816],[-91.4961,18.78822],[-91.49684,18.78831],[-91.49759,18.78837],[-91.49841,18.78848],[-91.49889,18.78854],[-91.49943,18.78865],[-91.49943,18.78865],[-91.49944,18.78865],[-91.49955,18.78825],[-91.50043,18.78656],[-91.50055,18.78631],[-91.50071,18.78586],[-91.50071,18.78584],[-91.50066,18.78551],[-91.50062,18.78527],[-91.50024,18.78487],[-91.49987,18.78412],[-91.49976,18.78375],[-91.49976,18.78375],[-91.4995,18.78361],[-91.49901,18.78345],[-91.49901,18.78345],[-91.49891,18.78323],[-91.49865,18.78241],[-91.49849,18.78183],[-91.4983,18.78164],[-91.4983,18.78164],[-91.4983,18.78164],[-91.49826,18.78164],[-91.49826,18.78164],[-91.49805,18.78178],[-91.49782,18.7817],[-91.49773,18.78168],[-91.49744,18.78163],[-91.49662,18.78163],[-91.49643,18.78164],[-91.49621,18.78166],[-91.496,18.78173],[-91.49563,18.78178],[-91.49518,18.78187],[-91.49507,18.78187],[-91.49488,18.78188],[-91.49472,18.78186],[-91.49427,18.78178],[-91.49407,18.78177],[-91.49357,18.78175],[-91.49315,18.78174],[-91.49299,18.78172],[-91.49256,18.7817],[-91.49259,18.78156],[-91.49242,18.78144],[-91.49275,18.78122],[-91.49271,18.78117],[-91.49266,18.7812],[-91.49265,18.78118],[-91.4927,18.78116],[-91.49266,18.78111],[-91.4923,18.78133],[-91.49217,18.78142],[-91.49215,18.78141],[-91.49211,18.78142],[-91.492,18.78147],[-91.49197,18.78134],[-91.49201,18.78133],[-91.49201,18.7813],[-91.49189,18.78132],[-91.4919,18.78135],[-91.49193,18.78134],[-91.49196,18.78148],[-91.49158,18.7816],[-91.49153,18.78162],[-91.49153,18.78184],[-91.49144,18.78259],[-91.49136,18.78342],[-91.49127,18.78427],[-91.49125,18.78445],[-91.49118,18.78523],[-91.49106,18.78602],[-91.49096,18.78691],[-91.49086,18.78774],[-91.49176,18.78779],[-91.49236,18.78786],[-91.49236,18.78786],[-91.49281,18.78789],[-91.49447,18.78805],[-91.49462,18.78809],[-91.49471,18.78812],[-91.4948,18.7881],[-91.49538,18.78816]]]}},{"type":"Feature","properties":{"cvegeo":"0400300013132","cve_ent":"04","fuente":"INEGI — Marco Geoestadístico 2024","fecha_corte":"2024-08","cve_mun":"04003","cve_ageb":"3132","cve_loc":"0001"},"geometry":{"type":"Polygon","coordinates":[[[-91.78763,18.66499],[-91.78778,18.66526],[-91.78781,18.6653],[-91.78785,18.66537],[-91.78793,18.66551],[-91.78831,18.66537],[-91.7887,18.66524],[-91.78908,18.6651],[-91.78946,18.66496],[-91.78977,18.66486],[-91.78978,18.66486],[-91.78991,18.66487],[-91.79042,18.66536],[-91.7908,18.665],[-91.791,18.6648],[-91.79122,18.66481],[-91.79194,18.66488],[-91.79208,18.66489],[-91.79264,18.66494],[-91.79292,18.66497],[-91.79321,18.665],[-91.79374,18.66494],[-91.79445,18.66487],[-91.79455,18.66486],[-91.79498,18.66484],[-91.79514,18.66483],[-91.79532,18.66481],[-91.79543,18.66479],[-91.79575,18.66473],[-91.79606,18.66462],[-91.79603,18.6646],[-91.79592,18.66451],[-91.79554,18.66419],[-91.79537,18.66406],[-91.7952,18.66392],[-91.79502,18.66377],[-91.795,18.66375],[-91.79474,18.66352],[-91.79457,18.66338],[-91.79448,18.6633],[-91.79428,18.66314],[-91.79407,18.66296],[-91.7937,18.66266],[-91.79319,18.66224],[-91.79285,18.66196],[-91.79246,18.66163],[-91.79209,18.66131],[-91.79195,18.66119],[-91.79177,18.66103],[-91.7912,18.6606],[-91.7911,18.6605],[-91.78654,18.66191],[-91.78594,18.6621],[-91.78596,18.66214],[-91.78596,18.66215],[-91.78616,18.66248],[-91.78627,18.66267],[-91.78637,18.66284],[-91.78647,18.663],[-91.78657,18.66318],[-91.78659,18.6632],[-91.7866,18.66322],[-91.78661,18.66324],[-91.78698,18.66389],[-91.78702,18.66396],[-91.78718,18.66423],[-91.78739,18.66458],[-91.78763,18.66499]]]}},{"type":"Feature","properties":{"cvegeo":"0400300013128","cve_ent":"04","fuente":"INEGI — Marco Geoestadístico 2024","fecha_corte":"2024-08","cve_mun":"04003","cve_ageb":"3128","cve_loc":"0001"},"geometry":{"type":"Polygon","coordinates":[[[-91.78831,18.66537],[-91.78793,18.66551],[-91.78798,18.6656],[-91.78801,18.66564],[-91.78838,18.66626],[-91.78841,18.66632],[-91.78845,18.66638],[-91.78879,18.66697],[-91.78889,18.66715],[-91.78899,18.66732],[-91.78901,18.66735],[-91.78855,18.66744],[-91.7869,18.66777],[-91.78649,18.66789],[-91.78661,18.6681],[-91.78668,18.66821],[-91.78672,18.66825],[-91.78689,18.66842],[-91.78689,18.66842],[-91.7872,18.66874],[-91.78722,18.66876],[-91.78723,18.66877],[-91.7887,18.66861],[-91.7894,18.66855],[-91.79178,18.66815],[-91.79269,18.66765],[-91.79271,18.66763],[-91.79271,18.66763],[-91.79273,18.66761],[-91.79279,18.66749],[-91.79292,18.66737],[-91.79293,18.66737],[-91.7932,18.66722],[-91.79328,18.6672],[-91.7937,18.66711],[-91.79387,18.66708],[-91.79462,18.66699],[-91.79502,18.66694],[-91.79536,18.6669],[-91.79721,18.66673],[-91.7973,18.66672],[-91.7973,18.66672],[-91.7973,18.66672],[-91.7973,18.66672],[-91.7973,18.6667],[-91.79726,18.6666],[-91.79718,18.66633],[-91.79668,18.66544],[-91.79634,18.66486],[-91.79611,18.66467],[-91.79606,18.66462],[-91.79575,18.66473],[-91.79543,18.66479],[-91.79532,18.66481],[-91.79514,18.66483],[-91.79498,18.66484],[-91.79455,18.66486],[-91.79445,18.66487],[-91.79374,18.66494],[-91.79321,18.665],[-91.79292,18.66497],[-91.79264,18.66494],[-91.79208,18.66489],[-91.79194,18.66488],[-91.79122,18.66481],[-91.791,18.6648],[-91.7908,18.665],[-91.79042,18.66536],[-91.78991,18.66487],[-91.78978,18.66486],[-91.78977,18.66486],[-91.78946,18.66496],[-91.78908,18.6651],[-91.7887,18.66524],[-91.78831,18.66537]]]}},{"type":"Feature","properties":{"cvegeo":"0400300012863","cve_ent":"04","fuente":"INEGI — Marco Geoestadístico 2024","fecha_corte":"2024-08","cve_mun":"04003","cve_ageb":"2863","cve_loc":"0001"},"geometry":{"type":"Polygon","coordinates":[[[-91.78869,18.64122],[-91.78913,18.64166],[-91.78916,18.6417],[-91.78917,18.64172],[-91.78918,18.64173],[-91.7895,18.64152],[-91.78981,18.64132],[-91.78999,18.64121],[-91.79016,18.64114],[-91.79024,18.64111],[-91.79033,18.64109],[-91.79042,18.64111],[-91.79045,18.64113],[-91.79068,18.64111],[-91.79112,18.64104],[-91.79132,18.64101],[-91.79163,18.64096],[-91.79193,18.64094],[-91.79204,18.64094],[-91.79239,18.64097],[-91.79256,18.64099],[-91.793,18.64104],[-91.79334,18.64107],[-91.79342,18.64053],[-91.79353,18.63968],[-91.79374,18.6394],[-91.79374,18.6394],[-91.79385,18.63926],[-91.79385,18.63926],[-91.79285,18.63863],[-91.79285,18.63863],[-91.79289,18.63859],[-91.79294,18.63854],[-91.79294,18.63854],[-91.79301,18.6385],[-91.79306,18.63847],[-91.79314,18.63844],[-91.79323,18.63843],[-91.79333,18.63843],[-91.79347,18.63847],[-91.79361,18.63856],[-91.79387,18.63878],[-91.794,18.63892],[-91.79413,18.63909],[-91.79424,18.63929],[-91.79431,18.63933],[-91.79449,18.63939],[-91.79458,18.63943],[-91.79464,18.63949],[-91.79472,18.63974],[-91.79476,18.63991],[-91.79481,18.63999],[-91.79482,18.64004],[-91.79481,18.6401],[-91.79481,18.6401],[-91.7948,18.64013],[-91.7948,18.64013],[-91.79483,18.64023],[-91.79493,18.64047],[-91.79498,18.64057],[-91.79502,18.64057],[-91.79502,18.64056],[-91.79504,18.64052],[-91.79506,18.64049],[-91.79506,18.64049],[-91.79509,18.64049],[-91.79513,18.64052],[-91.7952,18.64052],[-91.7952,18.64052],[-91.7952,18.6405],[-91.7952,18.6405],[-91.79521,18.64043],[-91.79521,18.64043],[-91.79521,18.64033],[-91.79524,18.64027],[-91.79524,18.64026],[-91.79529,18.64023],[-91.79529,18.64023],[-91.79531,18.6402],[-91.79532,18.64018],[-91.79532,18.64018],[-91.79533,18.64013],[-91.79533,18.64013],[-91.79533,18.64011],[-91.79532,18.64009],[-91.79532,18.64009],[-91.79533,18.64005],[-91.79533,18.64005],[-91.79533,18.64001],[-91.79532,18.63996],[-91.79532,18.63996],[-91.79533,18.63992],[-91.79532,18.63988],[-91.79532,18.63988],[-91.79532,18.63983],[-91.7953,18.63979],[-91.79527,18.63976],[-91.79526,18.63971],[-91.79524,18.63966],[-91.79518,18.63965],[-91.79516,18.6396],[-91.79514,18.63954],[-91.79506,18.63944],[-91.79494,18.63931],[-91.7946,18.63897],[-91.79418,18.63864],[-91.79375,18.63822],[-91.79351,18.638],[-91.79322,18.63775],[-91.79295,18.63754],[-91.79258,18.63729],[-91.79232,18.63713],[-91.79182,18.63682],[-91.7915,18.6366],[-91.79098,18.63631],[-91.79025,18.63599],[-91.78987,18.63581],[-91.7893,18.63565],[-91.78896,18.63556],[-91.7887,18.63546],[-91.7886,18.6354],[-91.78838,18.63529],[-91.7882,18.63522],[-91.78793,18.63513],[-91.78784,18.6351],[-91.78764,18.63507],[-91.78753,18.635],[-91.7874,18.6349],[-91.78718,18.63484],[-91.787,18.63483],[-91.78692,18.63482],[-91.78683,18.63479],[-91.78667,18.63474],[-91.78642,18.63467],[-91.78638,18.63463],[-91.78631,18.63455],[-91.78621,18.63446],[-91.78604,18.63441],[-91.78578,18.63434],[-91.78532,18.63429],[-91.78504,18.63423],[-91.78475,18.63415],[-91.78469,18.63415],[-91.78461,18.63417],[-91.78448,18.63428],[-91.78428,18.63436],[-91.78407,18.63439],[-91.78371,18.63459],[-91.78354,18.63473],[-91.78354,18.63473],[-91.78336,18.63481],[-91.78311,18.63492],[-91.78285,18.63505],[-91.78259,18.63514],[-91.78245,18.63505],[-91.78245,18.63505],[-91.78251,18.63495],[-91.78251,18.63495],[-91.78242,18.63488],[-91.78236,18.63484],[-91.78231,18.63483],[-91.78213,18.63487],[-91.78205,18.63487],[-91.78197,18.63485],[-91.78188,18.63486],[-91.78181,18.6349],[-91.78181,18.6349],[-91.78176,18.63495],[-91.78176,18.63495],[-91.78171,18.63499],[-91.78165,18.63499],[-91.7816,18.63499],[-91.78155,18.63498],[-91.78149,18.63496],[-91.7814,18.63493],[-91.78128,18.63491],[-91.78121,18.6349],[-91.78104,18.63489],[-91.7808,18.63492],[-91.7806,18.63502],[-91.78022,18.63515],[-91.77998,18.63514],[-91.7798,18.63517],[-91.77946,18.63515],[-91.77924,18.63519],[-91.77905,18.63512],[-91.77905,18.63512],[-91.77899,18.63518],[-91.77899,18.63518],[-91.77876,18.6352],[-91.77876,18.6352],[-91.77848,18.63544],[-91.77848,18.63544],[-91.77826,18.63557],[-91.77819,18.63554],[-91.77809,18.63552],[-91.77797,18.63549],[-91.77785,18.63552],[-91.77768,18.63548],[-91.77757,18.63544],[-91.77757,18.63544],[-91.77748,18.63554],[-91.77744,18.63558],[-91.77744,18.63558],[-91.77747,18.63581],[-91.77773,18.63618],[-91.77838,18.63718],[-91.77849,18.63738],[-91.77872,18.63775],[-91.77953,18.63739],[-91.7795,18.63721],[-91.78109,18.63737],[-91.78136,18.63739],[-91.78267,18.63751],[-91.78313,18.63754],[-91.78321,18.63754],[-91.78396,18.63753],[-91.78461,18.63756],[-91.78485,18.63812],[-91.78486,18.63815],[-91.78507,18.63872],[-91.78623,18.63803],[-91.78634,18.63823],[-91.78635,18.63831],[-91.78637,18.6389],[-91.78639,18.63894],[-91.78684,18.6394],[-91.7873,18.63983],[-91.78732,18.63987],[-91.78735,18.6399],[-91.78777,18.6403],[-91.78824,18.64075],[-91.78869,18.64122]]]}},{"type":"Feature","properties":{"cvegeo":"0400306142435","cve_ent":"04","fuente":"INEGI — Marco Geoestadístico 2024","fecha_corte":"2024-08","cve_mun":"04003","cve_ageb":"2435","cve_loc":"0614"},"geometry":{"type":"Polygon","coordinates":[[[-91.17613,18.96848],[-91.17665,18.96942],[-91.17719,18.97035],[-91.1777,18.97129],[-91.17827,18.97235],[-91.17916,18.97195],[-91.17976,18.97165],[-91.18039,18.9715],[-91.18152,18.97127],[-91.18197,18.97114],[-91.1826,18.97093],[-91.18321,18.97073],[-91.18416,18.97038],[-91.18505,18.97009],[-91.18454,18.96902],[-91.18401,18.96783],[-91.18538,18.96707],[-91.18538,18.96707],[-91.18503,18.96657],[-91.18476,18.96614],[-91.18424,18.96495],[-91.18424,18.96494],[-91.18503,18.96468],[-91.18481,18.9643],[-91.18452,18.96382],[-91.18389,18.96419],[-91.1837,18.96374],[-91.17994,18.96485],[-91.17712,18.96627],[-91.17631,18.96667],[-91.17597,18.96685],[-91.17481,18.9675],[-91.17571,18.96806],[-91.17624,18.96843],[-91.17613,18.96848]]]}},{"type":"Feature","properties":{"cvegeo":"0400300012562","cve_ent":"04","fuente":"INEGI — Marco Geoestadístico 2024","fecha_corte":"2024-08","cve_mun":"04003","cve_ageb":"2562","cve_loc":"0001"},"geometry":{"type":"Polygon","coordinates":[[[-91.80416,18.66419],[-91.80371,18.66419],[-91.80374,18.6644],[-91.80389,18.66527],[-91.80385,18.66537],[-91.80391,18.66571],[-91.80392,18.66599],[-91.80394,18.66627],[-91.80394,18.6663],[-91.80394,18.6663],[-91.80826,18.66609],[-91.81311,18.66564],[-91.81836,18.66539],[-91.81836,18.66539],[-91.81836,18.66537],[-91.81833,18.66498],[-91.81837,18.66475],[-91.81833,18.66455],[-91.81794,18.66456],[-91.81776,18.66409],[-91.81755,18.66349],[-91.81745,18.6632],[-91.81727,18.66261],[-91.8173,18.6626],[-91.81732,18.66259],[-91.81846,18.66225],[-91.81868,18.66217],[-91.81865,18.66207],[-91.81856,18.66178],[-91.81852,18.66166],[-91.81835,18.66112],[-91.81834,18.6611],[-91.81832,18.66103],[-91.81819,18.66057],[-91.81816,18.66049],[-91.81815,18.66044],[-91.81796,18.65987],[-91.81792,18.65988],[-91.81782,18.65992],[-91.81743,18.66008],[-91.81652,18.66047],[-91.81661,18.66072],[-91.81569,18.66119],[-91.81471,18.66171],[-91.81417,18.66191],[-91.81349,18.66215],[-91.81261,18.66245],[-91.81151,18.66281],[-91.81059,18.66311],[-91.81006,18.6633],[-91.80971,18.66342],[-91.80929,18.66355],[-91.80884,18.66361],[-91.80793,18.66378],[-91.80792,18.66379],[-91.80739,18.6639],[-91.80633,18.6642],[-91.80606,18.66426],[-91.80599,18.66425],[-91.80595,18.66424],[-91.8059,18.66421],[-91.80586,18.66417],[-91.80539,18.66418],[-91.80416,18.66419]]]}},{"type":"Feature","properties":{"cvegeo":"0400300012384","cve_ent":"04","fuente":"INEGI — Marco Geoestadístico 2024","fecha_corte":"2024-08","cve_mun":"04003","cve_ageb":"2384","cve_loc":"0001"},"geometry":{"type":"Polygon","coordinates":[[[-91.81837,18.66475],[-91.81833,18.66498],[-91.81836,18.66537],[-91.81836,18.66539],[-91.81836,18.66539],[-91.81889,18.66537],[-91.82039,18.66534],[-91.82592,18.66518],[-91.83286,18.66524],[-91.83286,18.66524],[-91.83287,18.66522],[-91.83299,18.66471],[-91.83304,18.66411],[-91.83313,18.6638],[-91.83324,18.66333],[-91.83339,18.66301],[-91.83342,18.66282],[-91.83324,18.66251],[-91.83321,18.66242],[-91.83283,18.66174],[-91.83264,18.6614],[-91.83264,18.66132],[-91.83263,18.66132],[-91.83261,18.66132],[-91.8326,18.66131],[-91.83259,18.66131],[-91.83258,18.6613],[-91.83257,18.6613],[-91.83256,18.66129],[-91.83255,18.66128],[-91.83254,18.66127],[-91.83254,18.66126],[-91.83253,18.66125],[-91.83253,18.66124],[-91.83252,18.66123],[-91.83252,18.66121],[-91.83252,18.6612],[-91.83252,18.66119],[-91.83252,18.66118],[-91.83253,18.66117],[-91.83253,18.66116],[-91.83254,18.66115],[-91.83254,18.66114],[-91.83255,18.66113],[-91.83256,18.66112],[-91.83257,18.66111],[-91.83258,18.6611],[-91.83255,18.66105],[-91.83255,18.66105],[-91.83207,18.66023],[-91.83205,18.66019],[-91.832,18.66012],[-91.83195,18.66003],[-91.83167,18.65955],[-91.83167,18.65954],[-91.83161,18.65944],[-91.83158,18.65937],[-91.83157,18.65937],[-91.83117,18.65866],[-91.83111,18.65856],[-91.8311,18.65857],[-91.83109,18.65857],[-91.83108,18.65858],[-91.83107,18.65858],[-91.83106,18.65857],[-91.83105,18.65857],[-91.83104,18.65857],[-91.83104,18.65856],[-91.83103,18.65856],[-91.83103,18.65855],[-91.83102,18.65854],[-91.83089,18.65858],[-91.83047,18.65871],[-91.83039,18.65873],[-91.83009,18.65882],[-91.83003,18.65883],[-91.82992,18.65887],[-91.82849,18.65927],[-91.82843,18.65929],[-91.82828,18.65934],[-91.8275,18.65956],[-91.82748,18.65957],[-91.82739,18.65959],[-91.8269,18.65972],[-91.82689,18.65973],[-91.82678,18.65976],[-91.82669,18.65979],[-91.82586,18.66006],[-91.82583,18.66007],[-91.82582,18.66008],[-91.82571,18.66011],[-91.82449,18.6605],[-91.82445,18.66051],[-91.82427,18.66057],[-91.82416,18.6606],[-91.8234,18.66084],[-91.82339,18.66085],[-91.82331,18.66088],[-91.82247,18.66115],[-91.82206,18.66128],[-91.82205,18.66128],[-91.822,18.6613],[-91.82196,18.66131],[-91.82177,18.66135],[-91.82099,18.66154],[-91.81979,18.66183],[-91.81972,18.66185],[-91.81957,18.6619],[-91.81925,18.662],[-91.81876,18.66215],[-91.81875,18.66216],[-91.81868,18.66217],[-91.81846,18.66225],[-91.81732,18.66259],[-91.8173,18.6626],[-91.81727,18.66261],[-91.81745,18.6632],[-91.81755,18.66349],[-91.81776,18.66409],[-91.81794,18.66456],[-91.81833,18.66455],[-91.81837,18.66475]]]}},{"type":"Feature","properties":{"cvegeo":"0400300012882","cve_ent":"04","fuente":"INEGI — Marco Geoestadístico 2024","fecha_corte":"2024-08","cve_mun":"04003","cve_ageb":"2882","cve_loc":"0001"},"geometry":{"type":"Polygon","coordinates":[[[-91.79829,18.6431],[-91.79844,18.64316],[-91.79854,18.64321],[-91.79863,18.64326],[-91.79873,18.6433],[-91.79876,18.64331],[-91.79883,18.64334],[-91.79894,18.64339],[-91.79906,18.64344],[-91.79919,18.6435],[-91.7993,18.64354],[-91.79937,18.64357],[-91.79946,18.64361],[-91.79952,18.64364],[-91.79961,18.64368],[-91.79968,18.64371],[-91.79974,18.64374],[-91.79981,18.64377],[-91.79988,18.64381],[-91.79999,18.64386],[-91.80007,18.6439],[-91.80018,18.64395],[-91.80025,18.64399],[-91.8004,18.64406],[-91.80048,18.6441],[-91.80056,18.64414],[-91.80063,18.64418],[-91.80068,18.6442],[-91.80074,18.64423],[-91.80077,18.64425],[-91.8008,18.64426],[-91.80084,18.64429],[-91.80095,18.64424],[-91.80119,18.64415],[-91.80139,18.64402],[-91.80162,18.64383],[-91.80182,18.64368],[-91.80192,18.64361],[-91.80204,18.64354],[-91.80211,18.6435],[-91.8022,18.64347],[-91.80225,18.64345],[-91.80237,18.64342],[-91.80248,18.6434],[-91.80265,18.64339],[-91.80275,18.6434],[-91.80298,18.64344],[-91.80303,18.64345],[-91.80308,18.64346],[-91.80314,18.64347],[-91.80325,18.64349],[-91.80334,18.6435],[-91.80336,18.6435],[-91.80353,18.64354],[-91.80364,18.64356],[-91.80379,18.64359],[-91.80383,18.6436],[-91.80388,18.64361],[-91.8039,18.64361],[-91.80447,18.64371],[-91.80449,18.64371],[-91.80456,18.64372],[-91.80458,18.64373],[-91.80588,18.64396],[-91.80666,18.64411],[-91.8068,18.64413],[-91.80684,18.64414],[-91.80688,18.64415],[-91.80733,18.64423],[-91.80742,18.64424],[-91.80743,18.64424],[-91.80764,18.64428],[-91.80768,18.64428],[-91.80776,18.6443],[-91.80777,18.6443],[-91.80778,18.6443],[-91.80846,18.64442],[-91.8085,18.64443],[-91.80866,18.64446],[-91.8088,18.64449],[-91.80905,18.64454],[-91.80922,18.64457],[-91.80926,18.64458],[-91.80926,18.64458],[-91.81033,18.64477],[-91.81072,18.64482],[-91.81083,18.64486],[-91.81083,18.64485],[-91.81083,18.64484],[-91.81082,18.64484],[-91.81082,18.64483],[-91.81082,18.64483],[-91.81082,18.64482],[-91.81082,18.64481],[-91.81082,18.64481],[-91.81082,18.6448],[-91.81082,18.64479],[-91.81083,18.64479],[-91.81083,18.64478],[-91.81083,18.64478],[-91.81083,18.64477],[-91.81083,18.64476],[-91.81084,18.64476],[-91.81084,18.64475],[-91.81084,18.64475],[-91.81085,18.64474],[-91.81085,18.64474],[-91.81086,18.64473],[-91.81086,18.64473],[-91.81087,18.64472],[-91.81087,18.64472],[-91.81088,18.64471],[-91.81088,18.64471],[-91.81089,18.64471],[-91.81089,18.6447],[-91.8109,18.6447],[-91.81091,18.6447],[-91.81091,18.6447],[-91.81092,18.6447],[-91.81092,18.64469],[-91.81093,18.64469],[-91.81094,18.64469],[-91.81094,18.64469],[-91.81095,18.64469],[-91.81096,18.64469],[-91.81096,18.64469],[-91.81097,18.64469],[-91.81098,18.6447],[-91.811,18.6447],[-91.81114,18.64454],[-91.81115,18.64453],[-91.81148,18.64421],[-91.81149,18.6442],[-91.81158,18.64412],[-91.81192,18.64379],[-91.81223,18.64344],[-91.8123,18.64337],[-91.81233,18.64333],[-91.81235,18.64332],[-91.81286,18.64277],[-91.81292,18.64271],[-91.81292,18.6427],[-91.81372,18.64184],[-91.8138,18.64176],[-91.81381,18.64175],[-91.81384,18.64172],[-91.81385,18.64171],[-91.81395,18.6416],[-91.81408,18.64145],[-91.81415,18.64138],[-91.81361,18.64118],[-91.81189,18.64056],[-91.81139,18.64038],[-91.81105,18.6403],[-91.81089,18.6402],[-91.81074,18.64007],[-91.81039,18.63971],[-91.81034,18.63965],[-91.81006,18.63938],[-91.81003,18.63936],[-91.80999,18.63935],[-91.80995,18.63933],[-91.80984,18.63929],[-91.80978,18.63928],[-91.80973,18.63927],[-91.8093,18.63909],[-91.80859,18.63871],[-91.80864,18.63859],[-91.8087,18.63842],[-91.8089,18.6375],[-91.80897,18.63732],[-91.80864,18.63728],[-91.80798,18.63725],[-91.80735,18.63733],[-91.80718,18.63735],[-91.80706,18.63736],[-91.8067,18.63736],[-91.80622,18.63735],[-91.80576,18.63734],[-91.8053,18.63731],[-91.80483,18.63728],[-91.8048,18.63728],[-91.80445,18.63725],[-91.8041,18.63724],[-91.804,18.63723],[-91.80401,18.63748],[-91.80412,18.63772],[-91.80417,18.63779],[-91.80414,18.63799],[-91.80414,18.63799],[-91.8041,18.63819],[-91.8041,18.63819],[-91.8041,18.63819],[-91.8041,18.63819],[-91.80369,18.63832],[-91.8028,18.63852],[-91.80257,18.63869],[-91.80257,18.63869],[-91.80245,18.63881],[-91.80236,18.63893],[-91.80229,18.63906],[-91.80218,18.63918],[-91.80206,18.63932],[-91.80194,18.63946],[-91.80191,18.63954],[-91.80186,18.63973],[-91.80178,18.63988],[-91.80163,18.64001],[-91.80157,18.64014],[-91.80155,18.64029],[-91.80155,18.64029],[-91.80155,18.64041],[-91.80155,18.64041],[-91.80157,18.64055],[-91.80166,18.64074],[-91.80173,18.6408],[-91.80176,18.64089],[-91.80181,18.641],[-91.80185,18.64109],[-91.8019,18.64119],[-91.80198,18.6413],[-91.80205,18.64138],[-91.80212,18.64144],[-91.80219,18.64149],[-91.80229,18.64157],[-91.80239,18.64166],[-91.80248,18.6417],[-91.80257,18.64176],[-91.80269,18.64187],[-91.80277,18.64194],[-91.80284,18.64199],[-91.80292,18.64203],[-91.80323,18.64197],[-91.80377,18.64197],[-91.80375,18.64209],[-91.80375,18.64209],[-91.80366,18.64225],[-91.80359,18.64235],[-91.80355,18.64241],[-91.80354,18.64246],[-91.80354,18.64246],[-91.80359,18.64252],[-91.80359,18.64252],[-91.80358,18.64253],[-91.80358,18.64253],[-91.80351,18.64251],[-91.80351,18.64251],[-91.80346,18.64258],[-91.80341,18.64264],[-91.80338,18.64269],[-91.80334,18.64274],[-91.80334,18.64274],[-91.80331,18.64276],[-91.80326,18.64278],[-91.80322,18.6428],[-91.80319,18.64282],[-91.80315,18.64283],[-91.80311,18.64284],[-91.80306,18.64285],[-91.80302,18.64286],[-91.80297,18.64286],[-91.8029,18.64285],[-91.80272,18.64278],[-91.80219,18.64253],[-91.80219,18.64253],[-91.8021,18.64267],[-91.8021,18.64267],[-91.80205,18.64269],[-91.80197,18.64269],[-91.80192,18.64263],[-91.80189,18.64239],[-91.80162,18.64196],[-91.80128,18.64165],[-91.80102,18.64146],[-91.80066,18.6411],[-91.80035,18.64075],[-91.80019,18.64055],[-91.79999,18.64046],[-91.79989,18.64045],[-91.79972,18.64049],[-91.79956,18.64051],[-91.79943,18.6405],[-91.79934,18.64038],[-91.79922,18.64039],[-91.79905,18.64039],[-91.79896,18.6404],[-91.79878,18.64041],[-91.79862,18.64051],[-91.79831,18.64048],[-91.7982,18.64045],[-91.79809,18.64052],[-91.79808,18.64069],[-91.79805,18.64073],[-91.79781,18.64099],[-91.79773,18.64108],[-91.79755,18.64124],[-91.79716,18.64143],[-91.79713,18.64145],[-91.7971,18.64145],[-91.79683,18.64144],[-91.79681,18.64135],[-91.79658,18.6413],[-91.79648,18.64136],[-91.79625,18.64133],[-91.79609,18.6413],[-91.79593,18.64123],[-91.79588,18.64121],[-91.79562,18.64099],[-91.79543,18.641],[-91.79535,18.64095],[-91.79533,18.64094],[-91.79512,18.64084],[-91.79508,18.64095],[-91.79499,18.64086],[-91.79492,18.64079],[-91.79477,18.64069],[-91.7945,18.64036],[-91.7944,18.64003],[-91.79438,18.63996],[-91.79437,18.6399],[-91.79419,18.63973],[-91.79418,18.63969],[-91.79417,18.63966],[-91.79415,18.6396],[-91.79399,18.63939],[-91.79386,18.6395],[-91.79374,18.6394],[-91.79353,18.63968],[-91.79342,18.64053],[-91.79334,18.64107],[-91.79414,18.64116],[-91.79434,18.64118],[-91.79461,18.64122],[-91.79479,18.64125],[-91.79479,18.64126],[-91.79497,18.64131],[-91.79508,18.64135],[-91.7952,18.64139],[-91.79532,18.64146],[-91.79549,18.64155],[-91.79579,18.64174],[-91.79649,18.64214],[-91.79672,18.64226],[-91.79683,18.64233],[-91.79687,18.64236],[-91.79699,18.64244],[-91.79719,18.64256],[-91.79721,18.64257],[-91.79747,18.64271],[-91.79779,18.64287],[-91.79782,18.64288],[-91.798,18.64297],[-91.79817,18.64305],[-91.79829,18.6431]]]}},{"type":"Feature","properties":{"cvegeo":"0400300013005","cve_ent":"04","fuente":"INEGI — Marco Geoestadístico 2024","fecha_corte":"2024-08","cve_mun":"04003","cve_ageb":"3005","cve_loc":"0001"},"geometry":{"type":"Polygon","coordinates":[[[-91.83264,18.6614],[-91.83283,18.66174],[-91.83321,18.66242],[-91.83324,18.66251],[-91.83342,18.66282],[-91.83339,18.66301],[-91.83324,18.66333],[-91.83313,18.6638],[-91.83304,18.66411],[-91.83299,18.66471],[-91.83287,18.66522],[-91.83286,18.66524],[-91.83286,18.66524],[-91.83465,18.66525],[-91.83558,18.66528],[-91.83706,18.66521],[-91.83824,18.6651],[-91.83899,18.66497],[-91.83937,18.66485],[-91.84047,18.66454],[-91.84134,18.66426],[-91.84164,18.66409],[-91.84188,18.6639],[-91.84188,18.6639],[-91.8421,18.66368],[-91.84222,18.6634],[-91.84423,18.6616],[-91.84422,18.6616],[-91.84422,18.66159],[-91.84387,18.66099],[-91.8437,18.6607],[-91.8436,18.66052],[-91.84361,18.66029],[-91.84356,18.66012],[-91.84344,18.65983],[-91.84322,18.65928],[-91.84317,18.65918],[-91.8431,18.659],[-91.84309,18.65898],[-91.84284,18.65833],[-91.84281,18.65826],[-91.8428,18.65826],[-91.84279,18.65826],[-91.84279,18.65826],[-91.84278,18.65826],[-91.84277,18.65826],[-91.84277,18.65826],[-91.84277,18.65826],[-91.84276,18.65826],[-91.84275,18.65826],[-91.84275,18.65826],[-91.84274,18.65826],[-91.84273,18.65826],[-91.84273,18.65825],[-91.84272,18.65825],[-91.84272,18.65825],[-91.84271,18.65825],[-91.84271,18.65824],[-91.8427,18.65824],[-91.8427,18.65824],[-91.84269,18.65823],[-91.84269,18.65823],[-91.84269,18.65823],[-91.84268,18.65822],[-91.84268,18.65822],[-91.84267,18.65821],[-91.84267,18.65821],[-91.84267,18.6582],[-91.84267,18.6582],[-91.84266,18.65819],[-91.84266,18.65819],[-91.84266,18.65817],[-91.84266,18.65817],[-91.84266,18.65816],[-91.84266,18.65815],[-91.84266,18.65815],[-91.84266,18.65814],[-91.84266,18.65814],[-91.84266,18.65813],[-91.84266,18.65813],[-91.84266,18.65812],[-91.84266,18.65812],[-91.84267,18.65811],[-91.84267,18.6581],[-91.84267,18.6581],[-91.84268,18.6581],[-91.84268,18.65809],[-91.84268,18.65809],[-91.84268,18.65808],[-91.84269,18.65808],[-91.84269,18.65807],[-91.8427,18.65807],[-91.8427,18.65807],[-91.84271,18.65806],[-91.84271,18.65806],[-91.84272,18.65806],[-91.84273,18.65805],[-91.8427,18.65798],[-91.84259,18.6577],[-91.84258,18.65767],[-91.84254,18.65757],[-91.84253,18.65754],[-91.8423,18.65697],[-91.84227,18.65688],[-91.84222,18.65677],[-91.84208,18.65641],[-91.84206,18.65636],[-91.84203,18.65628],[-91.84199,18.65617],[-91.84181,18.65572],[-91.84179,18.65566],[-91.8416,18.65518],[-91.84155,18.65505],[-91.84146,18.65508],[-91.84114,18.65518],[-91.84081,18.65529],[-91.84034,18.65545],[-91.83971,18.65566],[-91.83958,18.65571],[-91.83955,18.65572],[-91.83948,18.65574],[-91.8392,18.65583],[-91.83912,18.65586],[-91.83905,18.65588],[-91.83858,18.65604],[-91.83854,18.65605],[-91.83849,18.65606],[-91.83809,18.65619],[-91.83771,18.65632],[-91.83763,18.65634],[-91.83759,18.65636],[-91.83669,18.65666],[-91.83656,18.6567],[-91.83619,18.65682],[-91.83577,18.65696],[-91.83401,18.65755],[-91.83398,18.65756],[-91.83395,18.65757],[-91.83387,18.6576],[-91.83271,18.65798],[-91.83257,18.65803],[-91.83254,18.65804],[-91.83171,18.65832],[-91.83119,18.65849],[-91.83113,18.65851],[-91.83113,18.65852],[-91.83113,18.65853],[-91.83113,18.65854],[-91.83112,18.65855],[-91.83111,18.65856],[-91.83117,18.65866],[-91.83157,18.65937],[-91.83158,18.65937],[-91.83161,18.65944],[-91.83167,18.65954],[-91.83167,18.65955],[-91.83195,18.66003],[-91.832,18.66012],[-91.83205,18.66019],[-91.83207,18.66023],[-91.83255,18.66105],[-91.83255,18.66105],[-91.83258,18.6611],[-91.83257,18.66111],[-91.83256,18.66112],[-91.83255,18.66113],[-91.83254,18.66114],[-91.83254,18.66115],[-91.83253,18.66116],[-91.83253,18.66117],[-91.83252,18.66118],[-91.83252,18.66119],[-91.83252,18.6612],[-91.83252,18.66121],[-91.83252,18.66123],[-91.83253,18.66124],[-91.83253,18.66125],[-91.83254,18.66126],[-91.83254,18.66127],[-91.83255,18.66128],[-91.83256,18.66129],[-91.83257,18.6613],[-91.83258,18.6613],[-91.83259,18.66131],[-91.8326,18.66131],[-91.83261,18.66132],[-91.83263,18.66132],[-91.83264,18.66132],[-91.83264,18.6614]]]}},{"type":"Feature","properties":{"cvegeo":"0400301992346","cve_ent":"04","fuente":"INEGI — Marco Geoestadístico 2024","fecha_corte":"2024-08","cve_mun":"04003","cve_ageb":"2346","cve_loc":"0199"},"geometry":{"type":"Polygon","coordinates":[[[-91.49037,18.79505],[-91.49031,18.79536],[-91.49025,18.79577],[-91.49025,18.796],[-91.49027,18.79615],[-91.49031,18.79636],[-91.4904,18.79666],[-91.49046,18.79683],[-91.49053,18.79698],[-91.49053,18.797],[-91.49053,18.797],[-91.49066,18.79692],[-91.49124,18.79652],[-91.49148,18.79634],[-91.49259,18.79556],[-91.49378,18.79465],[-91.49402,18.79447],[-91.49433,18.79424],[-91.49518,18.79363],[-91.49625,18.79279],[-91.49645,18.79267],[-91.4966,18.7926],[-91.49674,18.79251],[-91.49734,18.79209],[-91.49747,18.79196],[-91.49765,18.79174],[-91.4977,18.79165],[-91.49796,18.7911],[-91.49805,18.79098],[-91.49824,18.7907],[-91.49844,18.79043],[-91.49868,18.79007],[-91.49881,18.78987],[-91.49923,18.78917],[-91.49932,18.78898],[-91.49938,18.78884],[-91.49944,18.78865],[-91.49943,18.78865],[-91.49943,18.78865],[-91.49889,18.78854],[-91.49841,18.78848],[-91.49759,18.78837],[-91.49684,18.78831],[-91.4961,18.78822],[-91.49538,18.78816],[-91.4948,18.7881],[-91.49471,18.78812],[-91.49462,18.78809],[-91.49447,18.78805],[-91.49281,18.78789],[-91.49236,18.78786],[-91.49236,18.78786],[-91.49176,18.78779],[-91.49086,18.78774],[-91.49076,18.78851],[-91.49074,18.78858],[-91.49063,18.78941],[-91.49056,18.79022],[-91.49047,18.79085],[-91.49045,18.79118],[-91.49046,18.7914],[-91.4905,18.79155],[-91.49043,18.7916],[-91.48969,18.79216],[-91.48949,18.79232],[-91.48949,18.79232],[-91.48869,18.79292],[-91.4879,18.7935],[-91.48834,18.79393],[-91.48868,18.79428],[-91.48877,18.79437],[-91.48881,18.79439],[-91.48912,18.7947],[-91.48934,18.79489],[-91.48947,18.79486],[-91.49032,18.79486],[-91.4904,18.79485],[-91.49037,18.79505]]]}},{"type":"Feature","properties":{"cvegeo":"0400301993043","cve_ent":"04","fuente":"INEGI — Marco Geoestadístico 2024","fecha_corte":"2024-08","cve_mun":"04003","cve_ageb":"3043","cve_loc":"0199"},"geometry":{"type":"Polygon","coordinates":[[[-91.48941,18.79504],[-91.48988,18.79552],[-91.4901,18.79571],[-91.48901,18.79656],[-91.48922,18.79692],[-91.48882,18.79725],[-91.48882,18.79726],[-91.48916,18.79801],[-91.48916,18.79802],[-91.48916,18.79803],[-91.4897,18.79761],[-91.48972,18.7976],[-91.4901,18.79731],[-91.49018,18.79725],[-91.49047,18.79704],[-91.49053,18.797],[-91.49053,18.797],[-91.49053,18.79698],[-91.49046,18.79683],[-91.4904,18.79666],[-91.49031,18.79636],[-91.49027,18.79615],[-91.49025,18.796],[-91.49025,18.79577],[-91.49031,18.79536],[-91.49037,18.79505],[-91.4904,18.79485],[-91.49032,18.79486],[-91.48947,18.79486],[-91.48934,18.79489],[-91.48934,18.79496],[-91.48941,18.79504]]]}},{"type":"Feature","properties":{"cvegeo":"0400306142986","cve_ent":"04","fuente":"INEGI — Marco Geoestadístico 2024","fecha_corte":"2024-08","cve_mun":"04003","cve_ageb":"2986","cve_loc":"0614"},"geometry":{"type":"Polygon","coordinates":[[[-91.18362,18.9634],[-91.18366,18.96365],[-91.1837,18.96374],[-91.18389,18.96419],[-91.18452,18.96382],[-91.18589,18.96298],[-91.18685,18.96236],[-91.18685,18.96236],[-91.18594,18.96148],[-91.185,18.96258],[-91.18478,18.96191],[-91.18392,18.96204],[-91.18351,18.9621],[-91.18362,18.9634]]]}},{"type":"Feature","properties":{"cvegeo":"0400300011210","cve_ent":"04","fuente":"INEGI — Marco Geoestadístico 2024","fecha_corte":"2024-08","cve_mun":"04003","cve_ageb":"1210","cve_loc":"0001"},"geometry":{"type":"Polygon","coordinates":[[[-91.84284,18.65833],[-91.84309,18.65898],[-91.8431,18.659],[-91.84317,18.65918],[-91.84322,18.65928],[-91.84344,18.65983],[-91.84356,18.66012],[-91.84361,18.66029],[-91.8436,18.66052],[-91.8437,18.6607],[-91.84387,18.66099],[-91.84422,18.66159],[-91.84422,18.6616],[-91.84423,18.6616],[-91.84514,18.66078],[-91.84706,18.65866],[-91.8503,18.65533],[-91.85144,18.65414],[-91.85144,18.65414],[-91.85144,18.65414],[-91.85228,18.65469],[-91.85228,18.65469],[-91.85228,18.65469],[-91.85228,18.65469],[-91.85321,18.65352],[-91.85386,18.6527],[-91.85395,18.6526],[-91.85455,18.65191],[-91.85487,18.65148],[-91.85495,18.65138],[-91.85502,18.65127],[-91.8551,18.65116],[-91.8551,18.65116],[-91.85509,18.65115],[-91.85504,18.65108],[-91.85504,18.65108],[-91.85498,18.65102],[-91.85498,18.65102],[-91.85498,18.65102],[-91.85489,18.65101],[-91.85489,18.65101],[-91.85489,18.65101],[-91.85475,18.65118],[-91.85458,18.65138],[-91.85425,18.65179],[-91.85365,18.65254],[-91.85305,18.65329],[-91.85287,18.65351],[-91.85287,18.65351],[-91.85287,18.65351],[-91.85287,18.65351],[-91.85158,18.65257],[-91.85158,18.65257],[-91.85158,18.65257],[-91.85159,18.65256],[-91.85179,18.65231],[-91.85269,18.65117],[-91.85271,18.65115],[-91.85271,18.65115],[-91.8527,18.65114],[-91.85236,18.65065],[-91.85214,18.65033],[-91.85209,18.65026],[-91.85041,18.64788],[-91.85041,18.64788],[-91.85041,18.64788],[-91.85041,18.64788],[-91.8501,18.64801],[-91.85,18.64804],[-91.84947,18.64822],[-91.84947,18.64822],[-91.84947,18.64822],[-91.84945,18.64821],[-91.84943,18.64819],[-91.84918,18.64803],[-91.84877,18.64777],[-91.84876,18.64776],[-91.84836,18.6475],[-91.84816,18.64737],[-91.84816,18.64737],[-91.84816,18.64737],[-91.84816,18.64736],[-91.84817,18.64735],[-91.84818,18.64735],[-91.84828,18.64718],[-91.84828,18.64718],[-91.8484,18.64712],[-91.84844,18.6471],[-91.84886,18.64691],[-91.8502,18.64627],[-91.8502,18.64627],[-91.85075,18.64647],[-91.85092,18.64653],[-91.85142,18.64669],[-91.85257,18.64706],[-91.8537,18.64743],[-91.8537,18.64743],[-91.8537,18.64743],[-91.85371,18.64746],[-91.85371,18.64746],[-91.85371,18.64746],[-91.85394,18.64753],[-91.85394,18.64753],[-91.854,18.64749],[-91.854,18.64749],[-91.85406,18.64743],[-91.85406,18.64743],[-91.85407,18.64735],[-91.85407,18.64734],[-91.85404,18.64728],[-91.85404,18.64728],[-91.85404,18.64728],[-91.85381,18.64718],[-91.85381,18.64718],[-91.85379,18.64719],[-91.85378,18.6472],[-91.85378,18.6472],[-91.85378,18.6472],[-91.85144,18.64645],[-91.85092,18.6463],[-91.85034,18.64609],[-91.85031,18.64608],[-91.85027,18.64607],[-91.8502,18.64605],[-91.8502,18.64605],[-91.85009,18.64608],[-91.84955,18.64634],[-91.84946,18.64638],[-91.84872,18.64674],[-91.84831,18.64692],[-91.84831,18.64692],[-91.84829,18.64696],[-91.84828,18.64699],[-91.84826,18.64707],[-91.84826,18.64707],[-91.84801,18.64725],[-91.84801,18.64725],[-91.84801,18.64724],[-91.848,18.64724],[-91.84703,18.6465],[-91.84703,18.6465],[-91.84703,18.6465],[-91.84703,18.6465],[-91.84704,18.64648],[-91.84738,18.64599],[-91.8474,18.64596],[-91.8474,18.64596],[-91.8474,18.64596],[-91.84739,18.64596],[-91.84705,18.64575],[-91.84704,18.64574],[-91.84704,18.64574],[-91.84704,18.64574],[-91.84705,18.64573],[-91.84752,18.64504],[-91.84752,18.64504],[-91.84752,18.64504],[-91.84751,18.64503],[-91.8475,18.64503],[-91.84711,18.6448],[-91.84711,18.6448],[-91.84711,18.6448],[-91.8471,18.64481],[-91.84708,18.64482],[-91.84708,18.64482],[-91.84708,18.64482],[-91.84707,18.64482],[-91.84628,18.64433],[-91.84628,18.64433],[-91.84628,18.64433],[-91.84628,18.64433],[-91.84604,18.64466],[-91.84584,18.64494],[-91.84583,18.64495],[-91.84582,18.64497],[-91.84582,18.64497],[-91.84582,18.64497],[-91.84582,18.64497],[-91.8459,18.64503],[-91.84591,18.64503],[-91.84591,18.64503],[-91.84591,18.64503],[-91.8459,18.64505],[-91.84586,18.64512],[-91.84535,18.64587],[-91.84535,18.64587],[-91.84535,18.64588],[-91.84535,18.64588],[-91.84535,18.64593],[-91.84535,18.64599],[-91.84535,18.64599],[-91.84534,18.64599],[-91.84534,18.646],[-91.84534,18.646],[-91.84534,18.64601],[-91.84534,18.64602],[-91.84534,18.64602],[-91.84525,18.64614],[-91.84525,18.64614],[-91.84474,18.64653],[-91.84455,18.64667],[-91.8444,18.64678],[-91.84427,18.64687],[-91.844,18.64707],[-91.844,18.64707],[-91.844,18.64707],[-91.844,18.64707],[-91.844,18.64707],[-91.84399,18.64706],[-91.84385,18.6469],[-91.84373,18.64678],[-91.84373,18.64678],[-91.84373,18.64678],[-91.8437,18.64683],[-91.84368,18.64685],[-91.84232,18.64769],[-91.84175,18.64804],[-91.84077,18.64842],[-91.83971,18.64882],[-91.83936,18.64893],[-91.8392,18.64899],[-91.83844,18.64926],[-91.83822,18.64945],[-91.83804,18.64957],[-91.83776,18.64974],[-91.83752,18.64983],[-91.83718,18.64986],[-91.83696,18.64991],[-91.83678,18.64999],[-91.83646,18.65009],[-91.83614,18.65019],[-91.83573,18.65028],[-91.83547,18.65032],[-91.83553,18.65049],[-91.83561,18.65081],[-91.83566,18.65101],[-91.83571,18.65119],[-91.83579,18.65144],[-91.83593,18.65185],[-91.83603,18.6521],[-91.83622,18.65258],[-91.83625,18.65265],[-91.83635,18.6529],[-91.83645,18.65316],[-91.83647,18.6532],[-91.83654,18.6534],[-91.83678,18.65406],[-91.83693,18.65443],[-91.83705,18.65477],[-91.83706,18.65479],[-91.83719,18.65509],[-91.83741,18.65573],[-91.83763,18.65634],[-91.83771,18.65632],[-91.83809,18.65619],[-91.83849,18.65606],[-91.83854,18.65605],[-91.83858,18.65604],[-91.83905,18.65588],[-91.83912,18.65586],[-91.8392,18.65583],[-91.83948,18.65574],[-91.83955,18.65572],[-91.83958,18.65571],[-91.83971,18.65566],[-91.84034,18.65545],[-91.84081,18.65529],[-91.84114,18.65518],[-91.84146,18.65508],[-91.84155,18.65505],[-91.8416,18.65518],[-91.84179,18.65566],[-91.84181,18.65572],[-91.84199,18.65617],[-91.84203,18.65628],[-91.84206,18.65636],[-91.84208,18.65641],[-91.84222,18.65677],[-91.84227,18.65688],[-91.8423,18.65697],[-91.84253,18.65754],[-91.84254,18.65757],[-91.84258,18.65767],[-91.84259,18.6577],[-91.8427,18.65798],[-91.84273,18.65805],[-91.84272,18.65806],[-91.84271,18.65806],[-91.84271,18.65806],[-91.8427,18.65807],[-91.8427,18.65807],[-91.84269,18.65807],[-91.84269,18.65808],[-91.84268,18.65808],[-91.84268,18.65809],[-91.84268,18.65809],[-91.84268,18.6581],[-91.84267,18.6581],[-91.84267,18.6581],[-91.84267,18.65811],[-91.84266,18.65812],[-91.84266,18.65812],[-91.84266,18.65813],[-91.84266,18.65813],[-91.84266,18.65814],[-91.84266,18.65814],[-91.84266,18.65815],[-91.84266,18.65815],[-91.84266,18.65816],[-91.84266,18.65817],[-91.84266,18.65817],[-91.84266,18.65819],[-91.84266,18.65819],[-91.84267,18.6582],[-91.84267,18.6582],[-91.84267,18.65821],[-91.84267,18.65821],[-91.84268,18.65822],[-91.84268,18.65822],[-91.84269,18.65823],[-91.84269,18.65823],[-91.84269,18.65823],[-91.8427,18.65824],[-91.8427,18.65824],[-91.84271,18.65824],[-91.84271,18.65825],[-91.84272,18.65825],[-91.84272,18.65825],[-91.84273,18.65825],[-91.84273,18.65826],[-91.84274,18.65826],[-91.84275,18.65826],[-91.84275,18.65826],[-91.84276,18.65826],[-91.84277,18.65826],[-91.84277,18.65826],[-91.84277,18.65826],[-91.84278,18.65826],[-91.84279,18.65826],[-91.84279,18.65826],[-91.8428,18.65826],[-91.84281,18.65826],[-91.84284,18.65833]]]}},{"type":"Feature","properties":{"cvegeo":"0400300063109","cve_ent":"04","fuente":"INEGI — Marco Geoestadístico 2024","fecha_corte":"2024-08","cve_mun":"04003","cve_ageb":"3109","cve_loc":"0006"},"geometry":{"type":"Polygon","coordinates":[[[-92.05065,18.62295],[-92.05084,18.62297],[-92.05092,18.62302],[-92.05109,18.62301],[-92.05121,18.62293],[-92.05144,18.62286],[-92.05162,18.6227],[-92.0519,18.62263],[-92.0522,18.62276],[-92.0526,18.62281],[-92.05291,18.62278],[-92.05323,18.62277],[-92.0536,18.62272],[-92.05392,18.62275],[-92.05435,18.62281],[-92.05494,18.62272],[-92.0555,18.62271],[-92.05645,18.62265],[-92.05877,18.62248],[-92.0609,18.62238],[-92.06113,18.62247],[-92.06314,18.62231],[-92.06358,18.62224],[-92.06425,18.62226],[-92.06492,18.62214],[-92.06539,18.62221],[-92.06563,18.6223],[-92.06589,18.62226],[-92.06626,18.62211],[-92.0675,18.62207],[-92.06963,18.62203],[-92.07059,18.62193],[-92.07199,18.62193],[-92.07648,18.62173],[-92.07696,18.6217],[-92.07743,18.62173],[-92.07767,18.62179],[-92.07803,18.62189],[-92.07895,18.62183],[-92.07978,18.62189],[-92.08211,18.62186],[-92.08322,18.62182],[-92.08387,18.62184],[-92.08518,18.62173],[-92.08904,18.62143],[-92.09022,18.62139],[-92.09375,18.62128],[-92.09623,18.62114],[-92.09631,18.62124],[-92.09634,18.62127],[-92.09665,18.62131],[-92.09679,18.62128],[-92.09693,18.62127],[-92.09703,18.62125],[-92.09729,18.62127],[-92.09746,18.62125],[-92.09784,18.62126],[-92.09809,18.62124],[-92.09818,18.62122],[-92.09826,18.62124],[-92.0986,18.62119],[-92.09869,18.6212],[-92.09874,18.62119],[-92.09879,18.62118],[-92.09891,18.62118],[-92.09899,18.62118],[-92.09937,18.62118],[-92.0996,18.62115],[-92.09983,18.62116],[-92.09992,18.62117],[-92.10001,18.62115],[-92.10026,18.62112],[-92.10067,18.62111],[-92.10091,18.62112],[-92.10149,18.62111],[-92.10169,18.62114],[-92.10178,18.62112],[-92.10186,18.62113],[-92.10193,18.62114],[-92.10197,18.62113],[-92.10206,18.62116],[-92.10202,18.6211],[-92.10203,18.62109],[-92.10202,18.62108],[-92.10203,18.62105],[-92.10202,18.62103],[-92.10203,18.62101],[-92.102,18.62084],[-92.102,18.62029],[-92.10251,18.62027],[-92.10255,18.62081],[-92.10332,18.6208],[-92.10445,18.62072],[-92.10548,18.62065],[-92.10783,18.62047],[-92.10839,18.62042],[-92.10855,18.62069],[-92.10968,18.62062],[-92.11053,18.62055],[-92.11141,18.62059],[-92.11308,18.62068],[-92.11416,18.62075],[-92.11656,18.62077],[-92.11964,18.62072],[-92.12225,18.62054],[-92.12459,18.62044],[-92.12718,18.62036],[-92.13004,18.62028],[-92.13117,18.62035],[-92.13349,18.6203],[-92.13637,18.62025],[-92.14525,18.61993],[-92.14961,18.61999],[-92.15706,18.61992],[-92.16033,18.61955],[-92.16033,18.61953],[-92.16031,18.61926],[-92.16027,18.61891],[-92.16025,18.61869],[-92.16023,18.61855],[-92.16011,18.61775],[-92.16006,18.61672],[-92.16005,18.61667],[-92.15998,18.61558],[-92.15988,18.6156],[-92.15819,18.61601],[-92.15698,18.6163],[-92.1555,18.61647],[-92.1541,18.61647],[-92.15317,18.61669],[-92.15188,18.61691],[-92.15105,18.61703],[-92.15025,18.61713],[-92.14912,18.61724],[-92.14858,18.61725],[-92.14834,18.61709],[-92.14794,18.61712],[-92.14758,18.61723],[-92.14727,18.61735],[-92.147,18.61745],[-92.14687,18.61751],[-92.14643,18.61739],[-92.14611,18.61731],[-92.14607,18.61731],[-92.14571,18.61729],[-92.1445,18.61732],[-92.14349,18.61737],[-92.14332,18.61738],[-92.14314,18.61739],[-92.14298,18.6174],[-92.14095,18.61739],[-92.13953,18.61746],[-92.13954,18.61742],[-92.13895,18.61745],[-92.13899,18.61757],[-92.13845,18.61759],[-92.13791,18.6176],[-92.1373,18.61755],[-92.13691,18.61752],[-92.13645,18.61752],[-92.13645,18.61748],[-92.13597,18.6175],[-92.13583,18.6175],[-92.13574,18.61752],[-92.13562,18.61753],[-92.1355,18.61754],[-92.13541,18.61755],[-92.13516,18.61758],[-92.13465,18.61765],[-92.13431,18.61764],[-92.13393,18.61765],[-92.13354,18.61768],[-92.13246,18.6178],[-92.1299,18.61782],[-92.12943,18.61781],[-92.12836,18.61781],[-92.12836,18.61778],[-92.12818,18.6178],[-92.128,18.6178],[-92.12641,18.61789],[-92.12536,18.61801],[-92.12461,18.61812],[-92.12424,18.61818],[-92.12384,18.61826],[-92.12382,18.61812],[-92.12316,18.61804],[-92.12316,18.61807],[-92.12269,18.61801],[-92.12268,18.61819],[-92.12248,18.61818],[-92.12215,18.61818],[-92.12182,18.61819],[-92.12149,18.61826],[-92.12117,18.61832],[-92.12066,18.6184],[-92.11523,18.61851],[-92.11121,18.61883],[-92.1111,18.61761],[-92.11013,18.61812],[-92.10835,18.61852],[-92.10835,18.61849],[-92.10693,18.61887],[-92.10638,18.61887],[-92.10522,18.61886],[-92.10446,18.61897],[-92.10444,18.61889],[-92.10427,18.61898],[-92.1041,18.61902],[-92.10408,18.6189],[-92.10371,18.61892],[-92.10364,18.61908],[-92.10321,18.61906],[-92.10321,18.61894],[-92.1031,18.61894],[-92.10307,18.61903],[-92.10283,18.61903],[-92.10286,18.61887],[-92.10271,18.61887],[-92.10267,18.61905],[-92.1023,18.61914],[-92.10203,18.61912],[-92.10202,18.61885],[-92.10046,18.61884],[-92.10047,18.61927],[-92.09881,18.61907],[-92.09872,18.61918],[-92.09748,18.61933],[-92.09746,18.61921],[-92.09727,18.61924],[-92.09716,18.61938],[-92.09326,18.61956],[-92.09326,18.61935],[-92.09304,18.61937],[-92.09304,18.61946],[-92.09309,18.61948],[-92.09309,18.61957],[-92.09228,18.61962],[-92.09231,18.61943],[-92.09176,18.61938],[-92.09176,18.6195],[-92.09128,18.61944],[-92.09128,18.61962],[-92.0901,18.61967],[-92.09008,18.61949],[-92.08895,18.6195],[-92.08894,18.61959],[-92.08894,18.61966],[-92.08866,18.61967],[-92.08844,18.61968],[-92.08846,18.61955],[-92.08845,18.61953],[-92.08843,18.61949],[-92.08817,18.61952],[-92.08808,18.61956],[-92.08805,18.6197],[-92.08767,18.61967],[-92.08748,18.61964],[-92.08652,18.61957],[-92.08597,18.61975],[-92.08487,18.61965],[-92.08486,18.61983],[-92.08358,18.61991],[-92.08135,18.62],[-92.08099,18.61999],[-92.08051,18.61996],[-92.07951,18.61992],[-92.07843,18.62002],[-92.07727,18.62011],[-92.07727,18.62025],[-92.07664,18.62032],[-92.07653,18.62013],[-92.07567,18.62022],[-92.07535,18.62026],[-92.07465,18.62024],[-92.07403,18.62023],[-92.07256,18.62038],[-92.07175,18.62038],[-92.0713,18.62043],[-92.07056,18.62042],[-92.06946,18.62031],[-92.06842,18.62031],[-92.06834,18.62042],[-92.06792,18.62046],[-92.06776,18.62049],[-92.06596,18.62064],[-92.06589,18.62079],[-92.06542,18.62081],[-92.06535,18.62071],[-92.06473,18.62079],[-92.06467,18.62075],[-92.0641,18.62075],[-92.06407,18.62075],[-92.06404,18.62075],[-92.06147,18.62066],[-92.04994,18.62081],[-92.04996,18.62084],[-92.04997,18.62088],[-92.05033,18.62158],[-92.04996,18.62176],[-92.05017,18.62291],[-92.05027,18.62291],[-92.05041,18.62291],[-92.05052,18.62291],[-92.05065,18.62295]]]}},{"type":"Feature","properties":{"cvegeo":"0400300010034","cve_ent":"04","fuente":"INEGI — Marco Geoestadístico 2024","fecha_corte":"2024-08","cve_mun":"04003","cve_ageb":"0034","cve_loc":"0001"},"geometry":{"type":"Polygon","coordinates":[[[-91.83104,18.64552],[-91.83155,18.64594],[-91.83182,18.6462],[-91.83186,18.64624],[-91.83209,18.64645],[-91.83288,18.64716],[-91.83204,18.64745],[-91.83107,18.64778],[-91.83191,18.64838],[-91.83197,18.64836],[-91.83308,18.64798],[-91.83314,18.64796],[-91.83317,18.64795],[-91.83433,18.64756],[-91.83441,18.64753],[-91.83447,18.64751],[-91.83587,18.64705],[-91.83597,18.64701],[-91.83603,18.647],[-91.83668,18.64678],[-91.83685,18.64672],[-91.838,18.64633],[-91.83801,18.64633],[-91.83822,18.64631],[-91.83839,18.64625],[-91.8384,18.64624],[-91.84009,18.64533],[-91.84017,18.64529],[-91.8402,18.64527],[-91.84028,18.64523],[-91.8403,18.64522],[-91.84036,18.64518],[-91.84043,18.64515],[-91.8406,18.64506],[-91.84116,18.64476],[-91.84121,18.64473],[-91.84126,18.64471],[-91.84127,18.6447],[-91.8415,18.64458],[-91.84155,18.64456],[-91.84197,18.64433],[-91.84205,18.64429],[-91.84252,18.64404],[-91.84259,18.644],[-91.84281,18.64388],[-91.84296,18.6438],[-91.84308,18.64374],[-91.8434,18.64357],[-91.84343,18.64357],[-91.84346,18.64356],[-91.84349,18.64355],[-91.84361,18.64349],[-91.84375,18.64342],[-91.84392,18.64332],[-91.84433,18.64309],[-91.8444,18.64305],[-91.84434,18.64299],[-91.84434,18.64299],[-91.84432,18.64302],[-91.84429,18.64304],[-91.84428,18.64305],[-91.84422,18.64312],[-91.84422,18.64312],[-91.84393,18.64329],[-91.84393,18.64329],[-91.84392,18.64328],[-91.84391,18.64324],[-91.84391,18.64324],[-91.84397,18.64313],[-91.84397,18.64313],[-91.8439,18.643],[-91.8439,18.643],[-91.8439,18.643],[-91.84402,18.64287],[-91.84402,18.64287],[-91.84403,18.64286],[-91.84403,18.64286],[-91.84403,18.64286],[-91.84404,18.64287],[-91.84405,18.64288],[-91.84406,18.64289],[-91.84406,18.64289],[-91.84407,18.64289],[-91.84408,18.64288],[-91.84413,18.64283],[-91.84413,18.64283],[-91.84412,18.64283],[-91.84412,18.64283],[-91.84401,18.64271],[-91.84401,18.64271],[-91.84401,18.64271],[-91.84401,18.64271],[-91.84369,18.64299],[-91.84369,18.64299],[-91.84368,18.64299],[-91.84368,18.64299],[-91.84366,18.64299],[-91.84365,18.64299],[-91.84364,18.64299],[-91.84364,18.64299],[-91.84359,18.64299],[-91.84359,18.64299],[-91.84359,18.64299],[-91.84357,18.643],[-91.84357,18.643],[-91.84357,18.643],[-91.84356,18.64302],[-91.84355,18.64302],[-91.84353,18.64305],[-91.84326,18.64337],[-91.84325,18.64337],[-91.84317,18.64329],[-91.84344,18.64301],[-91.84345,18.643],[-91.84352,18.64293],[-91.84347,18.6429],[-91.84347,18.64289],[-91.84341,18.64295],[-91.84323,18.64314],[-91.8431,18.64328],[-91.8431,18.64328],[-91.84302,18.64319],[-91.84312,18.64305],[-91.84325,18.64289],[-91.8433,18.64281],[-91.84332,18.64279],[-91.8435,18.64251],[-91.84361,18.64236],[-91.84362,18.64235],[-91.84362,18.64235],[-91.84363,18.64234],[-91.84373,18.64227],[-91.84376,18.64225],[-91.84382,18.6422],[-91.84382,18.6422],[-91.84392,18.64212],[-91.84392,18.64212],[-91.84392,18.64212],[-91.84391,18.64211],[-91.84391,18.64211],[-91.84391,18.64211],[-91.84391,18.64211],[-91.84389,18.64208],[-91.84389,18.64208],[-91.84389,18.64208],[-91.84374,18.6422],[-91.84366,18.64226],[-91.84365,18.64226],[-91.84364,18.64227],[-91.84361,18.64229],[-91.84361,18.64229],[-91.84356,18.64234],[-91.84318,18.64288],[-91.84318,18.64288],[-91.84318,18.64288],[-91.84307,18.64287],[-91.84305,18.64287],[-91.84293,18.64285],[-91.84292,18.64284],[-91.84282,18.64276],[-91.84276,18.64275],[-91.84275,18.64275],[-91.84275,18.64275],[-91.84257,18.64263],[-91.84257,18.64263],[-91.84257,18.64263],[-91.84257,18.64263],[-91.84287,18.64224],[-91.8429,18.64219],[-91.8429,18.64219],[-91.8429,18.64219],[-91.8429,18.64219],[-91.84291,18.64219],[-91.84291,18.64219],[-91.84297,18.64223],[-91.84297,18.64223],[-91.84297,18.64223],[-91.84298,18.64223],[-91.84298,18.64222],[-91.84307,18.64206],[-91.84307,18.64206],[-91.84302,18.64203],[-91.84301,18.64202],[-91.84301,18.64202],[-91.84301,18.64202],[-91.84302,18.64201],[-91.84317,18.64182],[-91.8433,18.64165],[-91.8433,18.64165],[-91.8433,18.64165],[-91.84331,18.64165],[-91.84332,18.64165],[-91.84336,18.64165],[-91.84338,18.64164],[-91.84339,18.64164],[-91.84339,18.64164],[-91.84349,18.64172],[-91.84356,18.64177],[-91.84363,18.64183],[-91.84363,18.64183],[-91.84363,18.64183],[-91.84363,18.64183],[-91.84367,18.64177],[-91.84367,18.64177],[-91.84366,18.64176],[-91.84366,18.64176],[-91.84365,18.64176],[-91.84305,18.64135],[-91.84305,18.64135],[-91.84305,18.64135],[-91.84304,18.64135],[-91.84301,18.64138],[-91.843,18.64139],[-91.843,18.64139],[-91.843,18.64139],[-91.84304,18.64142],[-91.84324,18.64157],[-91.84324,18.64157],[-91.84324,18.64157],[-91.84325,18.64159],[-91.84327,18.64163],[-91.84327,18.64163],[-91.84298,18.642],[-91.84298,18.642],[-91.84298,18.642],[-91.8429,18.64196],[-91.8429,18.64196],[-91.8429,18.64196],[-91.84279,18.64209],[-91.84278,18.64209],[-91.84278,18.64209],[-91.84278,18.64209],[-91.84278,18.64209],[-91.84284,18.64214],[-91.84285,18.64215],[-91.84286,18.64216],[-91.84286,18.64216],[-91.84249,18.64264],[-91.84249,18.64264],[-91.84249,18.64264],[-91.84236,18.64259],[-91.84236,18.64259],[-91.84235,18.64259],[-91.84234,18.64259],[-91.84232,18.6426],[-91.84227,18.6426],[-91.84225,18.64261],[-91.84217,18.64262],[-91.84217,18.64262],[-91.84207,18.6426],[-91.84207,18.6426],[-91.84207,18.6426],[-91.84207,18.64262],[-91.84204,18.64265],[-91.84204,18.64265],[-91.84204,18.64265],[-91.84178,18.64252],[-91.84178,18.64252],[-91.84178,18.64252],[-91.8418,18.64246],[-91.84181,18.64243],[-91.84181,18.64242],[-91.84182,18.6424],[-91.84182,18.6424],[-91.8418,18.64239],[-91.84179,18.64239],[-91.84177,18.64238],[-91.84177,18.64238],[-91.84177,18.64238],[-91.84183,18.64225],[-91.84183,18.64225],[-91.84183,18.64225],[-91.8418,18.64225],[-91.8418,18.64225],[-91.8418,18.64225],[-91.84175,18.64237],[-91.84174,18.64238],[-91.84174,18.64238],[-91.84173,18.64238],[-91.8417,18.64242],[-91.8417,18.64242],[-91.8417,18.64242],[-91.84133,18.6422],[-91.84133,18.6422],[-91.84133,18.6422],[-91.84137,18.64213],[-91.8416,18.64179],[-91.84175,18.64158],[-91.84176,18.64157],[-91.84176,18.64157],[-91.84176,18.64157],[-91.84176,18.64157],[-91.8417,18.64154],[-91.8417,18.64154],[-91.8417,18.64154],[-91.84164,18.6416],[-91.84164,18.6416],[-91.84164,18.6416],[-91.84167,18.64162],[-91.84167,18.64162],[-91.84135,18.64211],[-91.84132,18.64215],[-91.84131,18.64216],[-91.84131,18.64216],[-91.84131,18.64216],[-91.84127,18.64214],[-91.84122,18.64212],[-91.84098,18.64188],[-91.84098,18.64188],[-91.84098,18.64188],[-91.84098,18.64186],[-91.84098,18.64186],[-91.84098,18.64184],[-91.84098,18.64184],[-91.84098,18.64181],[-91.84102,18.64176],[-91.84102,18.64175],[-91.84102,18.64175],[-91.84102,18.64175],[-91.84102,18.64175],[-91.84102,18.64175],[-91.84102,18.64175],[-91.84102,18.64175],[-91.84099,18.64172],[-91.84099,18.64172],[-91.84099,18.64172],[-91.84117,18.64155],[-91.84143,18.6413],[-91.84152,18.64121],[-91.84155,18.64119],[-91.84155,18.64119],[-91.84154,18.64118],[-91.84151,18.64115],[-91.84151,18.64115],[-91.84151,18.64115],[-91.84151,18.64115],[-91.84152,18.64113],[-91.84152,18.64113],[-91.84149,18.64111],[-91.84149,18.64111],[-91.84149,18.64111],[-91.84136,18.64125],[-91.84099,18.6416],[-91.84099,18.6416],[-91.84099,18.6416],[-91.84083,18.64145],[-91.84083,18.64145],[-91.84076,18.64138],[-91.84076,18.64138],[-91.84076,18.64138],[-91.84071,18.64143],[-91.8407,18.64143],[-91.84069,18.64144],[-91.84069,18.64144],[-91.84055,18.64128],[-91.84055,18.64128],[-91.84049,18.64124],[-91.84043,18.64121],[-91.84043,18.64121],[-91.84043,18.64121],[-91.84036,18.64125],[-91.8403,18.64128],[-91.8403,18.64128],[-91.84023,18.64124],[-91.84023,18.64124],[-91.84023,18.64124],[-91.84026,18.64122],[-91.84027,18.64122],[-91.8403,18.6412],[-91.84063,18.64099],[-91.84063,18.64099],[-91.84063,18.64099],[-91.8406,18.64097],[-91.8406,18.64097],[-91.84026,18.64117],[-91.84024,18.64118],[-91.84022,18.64119],[-91.8402,18.6412],[-91.8402,18.6412],[-91.84005,18.64107],[-91.84005,18.64107],[-91.84005,18.64107],[-91.84006,18.64105],[-91.84008,18.64104],[-91.8401,18.64101],[-91.84017,18.64092],[-91.84017,18.64092],[-91.84015,18.64084],[-91.84015,18.64084],[-91.83991,18.64077],[-91.83989,18.64076],[-91.83974,18.64066],[-91.83972,18.64065],[-91.83972,18.64065],[-91.83972,18.64065],[-91.83972,18.64065],[-91.83974,18.64063],[-91.83978,18.64054],[-91.83978,18.64054],[-91.83978,18.64054],[-91.83975,18.64053],[-91.83975,18.64053],[-91.83968,18.64049],[-91.83968,18.64049],[-91.83968,18.64049],[-91.83969,18.64048],[-91.8397,18.64047],[-91.83979,18.64036],[-91.83979,18.64036],[-91.83971,18.64029],[-91.83971,18.64029],[-91.83971,18.64029],[-91.83971,18.64029],[-91.83968,18.64032],[-91.83968,18.64032],[-91.83968,18.64032],[-91.83974,18.64038],[-91.83974,18.64038],[-91.83963,18.6405],[-91.83963,18.64051],[-91.83961,18.64052],[-91.8396,18.64053],[-91.8396,18.64053],[-91.8396,18.64053],[-91.83952,18.64049],[-91.83908,18.64025],[-91.83907,18.64024],[-91.83907,18.64024],[-91.83892,18.64007],[-91.83892,18.64007],[-91.83888,18.64006],[-91.83886,18.64006],[-91.83885,18.64006],[-91.83878,18.63997],[-91.83878,18.63997],[-91.83864,18.63978],[-91.83864,18.63978],[-91.83855,18.63967],[-91.83855,18.63967],[-91.83855,18.63966],[-91.83855,18.63966],[-91.83855,18.63966],[-91.83855,18.6396],[-91.83855,18.63959],[-91.83855,18.63959],[-91.83847,18.63953],[-91.83847,18.63953],[-91.83847,18.63944],[-91.83844,18.63927],[-91.83844,18.63924],[-91.83842,18.63918],[-91.83828,18.63924],[-91.83786,18.6395],[-91.83774,18.6396],[-91.83778,18.63965],[-91.83797,18.63989],[-91.83803,18.63997],[-91.83813,18.64012],[-91.83816,18.64017],[-91.83825,18.6403],[-91.83809,18.64039],[-91.83776,18.64057],[-91.83737,18.64077],[-91.8363,18.64132],[-91.83586,18.64155],[-91.83551,18.64172],[-91.83525,18.64187],[-91.83508,18.64196],[-91.83482,18.64209],[-91.83422,18.64239],[-91.83418,18.64236],[-91.83363,18.64201],[-91.83314,18.64266],[-91.83316,18.64267],[-91.83267,18.64332],[-91.83257,18.64345],[-91.83251,18.64353],[-91.83246,18.6436],[-91.83219,18.64396],[-91.83212,18.64406],[-91.83206,18.64414],[-91.83203,18.64417],[-91.83197,18.64427],[-91.83191,18.64435],[-91.83177,18.64455],[-91.83155,18.64485],[-91.83144,18.645],[-91.83138,18.64507],[-91.83136,18.64511],[-91.8313,18.64516],[-91.83124,18.64525],[-91.83104,18.64552]]]}},{"type":"Feature","properties":{"cvegeo":"040030001251A","cve_ent":"04","fuente":"INEGI — Marco Geoestadístico 2024","fecha_corte":"2024-08","cve_mun":"04003","cve_ageb":"251A","cve_loc":"0001"},"geometry":{"type":"Polygon","coordinates":[[[-91.81311,18.64976],[-91.81319,18.64985],[-91.81323,18.64991],[-91.81336,18.65006],[-91.81357,18.65031],[-91.81388,18.65064],[-91.81391,18.65067],[-91.81397,18.65073],[-91.81401,18.65078],[-91.81416,18.65094],[-91.8145,18.65131],[-91.8149,18.65171],[-91.81493,18.65174],[-91.81506,18.65171],[-91.8157,18.6516],[-91.81616,18.6515],[-91.81641,18.65144],[-91.81673,18.65137],[-91.81695,18.65133],[-91.8173,18.65126],[-91.81749,18.65123],[-91.81788,18.65114],[-91.81814,18.65109],[-91.81884,18.65095],[-91.81937,18.65085],[-91.81937,18.65085],[-91.81923,18.65027],[-91.81909,18.64964],[-91.81895,18.64899],[-91.81895,18.64899],[-91.81918,18.64894],[-91.81959,18.64885],[-91.82017,18.64874],[-91.82028,18.64871],[-91.82112,18.64854],[-91.82134,18.64846],[-91.82168,18.64835],[-91.82169,18.64836],[-91.82211,18.64878],[-91.82213,18.64879],[-91.82218,18.64884],[-91.82227,18.64888],[-91.82229,18.64891],[-91.82234,18.64895],[-91.82235,18.64895],[-91.82242,18.64892],[-91.82262,18.64881],[-91.82324,18.64849],[-91.82383,18.64819],[-91.82442,18.64791],[-91.82504,18.64761],[-91.82565,18.6473],[-91.82628,18.64695],[-91.82686,18.64655],[-91.82736,18.64618],[-91.82736,18.64618],[-91.82728,18.64611],[-91.82626,18.64538],[-91.82609,18.64526],[-91.82607,18.64525],[-91.82547,18.64481],[-91.82597,18.64424],[-91.82655,18.64357],[-91.82711,18.6429],[-91.82764,18.64228],[-91.82727,18.64205],[-91.82671,18.64168],[-91.82632,18.64143],[-91.82604,18.64125],[-91.82596,18.6412],[-91.82593,18.64123],[-91.8253,18.64162],[-91.82509,18.64175],[-91.82506,18.64177],[-91.82491,18.64187],[-91.82459,18.64207],[-91.82452,18.64212],[-91.82422,18.64231],[-91.82419,18.64233],[-91.82414,18.64236],[-91.82409,18.64239],[-91.82405,18.64241],[-91.82402,18.64244],[-91.8233,18.64289],[-91.82327,18.64291],[-91.82321,18.64295],[-91.82321,18.64296],[-91.823,18.64309],[-91.82297,18.64311],[-91.82288,18.64315],[-91.82286,18.64316],[-91.82264,18.6433],[-91.82262,18.64331],[-91.82256,18.64334],[-91.8224,18.64342],[-91.82222,18.64351],[-91.82222,18.64352],[-91.82213,18.64356],[-91.82198,18.64362],[-91.82179,18.64369],[-91.82178,18.64369],[-91.82169,18.64373],[-91.82164,18.64375],[-91.8215,18.6438],[-91.82124,18.64391],[-91.82123,18.64392],[-91.82089,18.64405],[-91.82036,18.64426],[-91.81912,18.64477],[-91.81905,18.64479],[-91.81904,18.64479],[-91.819,18.64481],[-91.81898,18.64482],[-91.81853,18.64502],[-91.81848,18.64504],[-91.81848,18.64504],[-91.81848,18.64503],[-91.81847,18.64503],[-91.81847,18.64503],[-91.81846,18.64503],[-91.81846,18.64503],[-91.81845,18.64503],[-91.81845,18.64503],[-91.81845,18.64503],[-91.81844,18.64502],[-91.81844,18.64502],[-91.81843,18.64502],[-91.81843,18.64502],[-91.81843,18.64502],[-91.81842,18.64502],[-91.81842,18.64502],[-91.81841,18.64503],[-91.81841,18.64503],[-91.8184,18.64503],[-91.8184,18.64503],[-91.81839,18.64503],[-91.81837,18.64503],[-91.81824,18.64509],[-91.81818,18.64511],[-91.81817,18.64512],[-91.81817,18.64512],[-91.81816,18.64513],[-91.81816,18.64514],[-91.81815,18.64515],[-91.81815,18.64516],[-91.81815,18.64516],[-91.81815,18.64517],[-91.81815,18.64517],[-91.81815,18.64518],[-91.81815,18.64518],[-91.81815,18.64518],[-91.81804,18.6452],[-91.81803,18.64521],[-91.81704,18.64561],[-91.81674,18.64573],[-91.81603,18.64602],[-91.81598,18.64604],[-91.81592,18.64606],[-91.81493,18.64647],[-91.81446,18.64666],[-91.81436,18.64671],[-91.81415,18.64679],[-91.81412,18.6468],[-91.81406,18.64683],[-91.8139,18.64689],[-91.81381,18.64692],[-91.81372,18.64696],[-91.81321,18.64719],[-91.81315,18.64722],[-91.81286,18.64735],[-91.81286,18.64735],[-91.81274,18.64741],[-91.81273,18.64741],[-91.81263,18.64746],[-91.81263,18.64746],[-91.81252,18.6475],[-91.81247,18.64753],[-91.8124,18.64756],[-91.8124,18.64756],[-91.81198,18.64775],[-91.81188,18.64779],[-91.81179,18.64783],[-91.81179,18.64783],[-91.81167,18.64786],[-91.81167,18.64786],[-91.81182,18.64806],[-91.81185,18.6481],[-91.81225,18.64864],[-91.81228,18.64868],[-91.81257,18.64905],[-91.81265,18.64916],[-91.81298,18.64959],[-91.81302,18.64964],[-91.81311,18.64976]]]}},{"type":"Feature","properties":{"cvegeo":"0400301013077","cve_ent":"04","fuente":"INEGI — Marco Geoestadístico 2024","fecha_corte":"2024-08","cve_mun":"04003","cve_ageb":"3077","cve_loc":"0101"},"geometry":{"type":"Polygon","coordinates":[[[-92.21652,18.61682],[-92.21448,18.61679],[-92.21442,18.61759],[-92.2163,18.61759],[-92.21645,18.61759],[-92.21648,18.6171],[-92.21652,18.61682]]]}},{"type":"Feature","properties":{"cvegeo":"0400300052204","cve_ent":"04","fuente":"INEGI — Marco Geoestadístico 2024","fecha_corte":"2024-08","cve_mun":"04003","cve_ageb":"2204","cve_loc":"0005"},"geometry":{"type":"Polygon","coordinates":[[[-92.28906,18.62938],[-92.28907,18.62938],[-92.28908,18.62925],[-92.2891,18.62909],[-92.28998,18.6292],[-92.29012,18.62922],[-92.29016,18.62923],[-92.29018,18.62908],[-92.2902,18.62905],[-92.29118,18.62919],[-92.29121,18.62875],[-92.29121,18.62871],[-92.29122,18.62854],[-92.29307,18.62887],[-92.29374,18.629],[-92.29486,18.62921],[-92.29504,18.62779],[-92.29509,18.62737],[-92.29511,18.62733],[-92.2942,18.62724],[-92.29279,18.62709],[-92.29204,18.62699],[-92.2918,18.62695],[-92.29132,18.62689],[-92.29133,18.62685],[-92.29139,18.62536],[-92.29146,18.62452],[-92.29157,18.62337],[-92.29157,18.62331],[-92.29168,18.62219],[-92.29182,18.62063],[-92.29191,18.61955],[-92.29346,18.61976],[-92.2935,18.61978],[-92.2935,18.61972],[-92.29357,18.61885],[-92.29369,18.61756],[-92.2937,18.61747],[-92.29356,18.61745],[-92.2915,18.61717],[-92.29026,18.61699],[-92.28447,18.61618],[-92.28412,18.61616],[-92.28372,18.61616],[-92.28324,18.61619],[-92.28275,18.61627],[-92.28196,18.61649],[-92.28145,18.61671],[-92.28113,18.61688],[-92.28063,18.6172],[-92.27999,18.6177],[-92.27764,18.61981],[-92.27726,18.62002],[-92.27709,18.62011],[-92.2769,18.62019],[-92.27667,18.62028],[-92.27647,18.62035],[-92.27774,18.62048],[-92.27781,18.62049],[-92.27754,18.62287],[-92.28003,18.62318],[-92.27992,18.62423],[-92.28114,18.62438],[-92.28079,18.62676],[-92.28392,18.62724],[-92.28567,18.62743],[-92.28586,18.62649],[-92.28751,18.62674],[-92.28733,18.62896],[-92.28867,18.62929],[-92.28906,18.62938]]]}},{"type":"Feature","properties":{"cvegeo":"0400301012613","cve_ent":"04","fuente":"INEGI — Marco Geoestadístico 2024","fecha_corte":"2024-08","cve_mun":"04003","cve_ageb":"2613","cve_loc":"0101"},"geometry":{"type":"Polygon","coordinates":[[[-92.21442,18.61759],[-92.21453,18.61765],[-92.21487,18.61777],[-92.2151,18.61786],[-92.21529,18.61797],[-92.21548,18.61811],[-92.21571,18.61833],[-92.21615,18.61884],[-92.21696,18.61973],[-92.21781,18.62075],[-92.2183,18.62118],[-92.2186,18.62141],[-92.21922,18.62181],[-92.21983,18.62215],[-92.22011,18.62227],[-92.2204,18.62239],[-92.22067,18.62246],[-92.22093,18.6225],[-92.22122,18.62257],[-92.22164,18.62262],[-92.22196,18.62265],[-92.22237,18.62265],[-92.22276,18.62263],[-92.22612,18.62233],[-92.22965,18.622],[-92.23214,18.62177],[-92.23303,18.62166],[-92.23356,18.62156],[-92.23407,18.62143],[-92.23407,18.62143],[-92.23415,18.62136],[-92.23434,18.62128],[-92.23479,18.62104],[-92.23517,18.62082],[-92.23517,18.62082],[-92.2354,18.62064],[-92.2354,18.62064],[-92.23648,18.6196],[-92.23648,18.6196],[-92.23731,18.61879],[-92.23731,18.61879],[-92.23751,18.61863],[-92.23771,18.6185],[-92.23785,18.61843],[-92.23795,18.61839],[-92.23812,18.61834],[-92.23833,18.61828],[-92.23915,18.61832],[-92.2404,18.61838],[-92.24239,18.6185],[-92.24239,18.6185],[-92.24266,18.61852],[-92.24281,18.61712],[-92.24281,18.61712],[-92.2429,18.61537],[-92.24291,18.61531],[-92.24293,18.61463],[-92.24293,18.61463],[-92.243,18.61347],[-92.24314,18.6117],[-92.24287,18.61169],[-92.24287,18.61164],[-92.24286,18.61051],[-92.24165,18.61045],[-92.24042,18.61048],[-92.23911,18.61048],[-92.2385,18.61048],[-92.2381,18.61043],[-92.23769,18.61017],[-92.23728,18.61016],[-92.23702,18.61026],[-92.23675,18.61035],[-92.23641,18.61034],[-92.23594,18.61026],[-92.2355,18.61022],[-92.23515,18.61019],[-92.23476,18.61019],[-92.23424,18.61026],[-92.23424,18.61026],[-92.23422,18.61053],[-92.23422,18.61053],[-92.23097,18.61081],[-92.23097,18.61081],[-92.23096,18.611],[-92.23096,18.611],[-92.23024,18.61112],[-92.22961,18.61118],[-92.22931,18.61114],[-92.22912,18.61107],[-92.22878,18.61108],[-92.22859,18.61117],[-92.22859,18.61117],[-92.22856,18.61136],[-92.22852,18.61148],[-92.22852,18.61148],[-92.22823,18.61157],[-92.22825,18.61047],[-92.22718,18.61048],[-92.22721,18.60929],[-92.22691,18.60929],[-92.22663,18.60936],[-92.22663,18.60936],[-92.22663,18.60947],[-92.22663,18.60947],[-92.22491,18.60965],[-92.22431,18.60949],[-92.22352,18.60958],[-92.22351,18.60937],[-92.22225,18.60952],[-92.22129,18.60957],[-92.22122,18.60868],[-92.21986,18.60887],[-92.21986,18.60887],[-92.21983,18.60854],[-92.21951,18.6086],[-92.21936,18.60804],[-92.21907,18.60808],[-92.21877,18.60807],[-92.21878,18.60826],[-92.21889,18.60829],[-92.21894,18.60838],[-92.21885,18.60853],[-92.21885,18.60853],[-92.21864,18.60858],[-92.21769,18.60849],[-92.21769,18.60849],[-92.21727,18.61122],[-92.21716,18.61215],[-92.21708,18.61265],[-92.21696,18.61341],[-92.21696,18.61341],[-92.21692,18.61342],[-92.21692,18.61342],[-92.21681,18.61468],[-92.21678,18.61498],[-92.21652,18.61682],[-92.21648,18.6171],[-92.21645,18.61759],[-92.2163,18.61759],[-92.21442,18.61759]]]}},{"type":"Feature","properties":{"cvegeo":"0400400010972","cve_ent":"04","fuente":"INEGI — Marco Geoestadístico 2024","fecha_corte":"2024-08","cve_mun":"04004","cve_ageb":"0972","cve_loc":"0001"},"geometry":{"type":"Polygon","coordinates":[[[-90.72497,19.34462],[-90.72607,19.34487],[-90.72729,19.34514],[-90.72829,19.34537],[-90.72944,19.34565],[-90.73109,19.34611],[-90.73159,19.34502],[-90.73174,19.34472],[-90.73191,19.3448],[-90.73197,19.34481],[-90.73197,19.3448],[-90.73201,19.34474],[-90.73206,19.34468],[-90.73216,19.34447],[-90.73226,19.34451],[-90.73229,19.34443],[-90.7323,19.3444],[-90.7323,19.34437],[-90.73229,19.34434],[-90.73226,19.34432],[-90.73222,19.3443],[-90.73224,19.34424],[-90.73225,19.3442],[-90.73228,19.34414],[-90.73232,19.34408],[-90.73235,19.34399],[-90.7324,19.34386],[-90.73245,19.34379],[-90.73251,19.34364],[-90.7326,19.34347],[-90.73264,19.34333],[-90.73271,19.34325],[-90.73277,19.34312],[-90.73287,19.34297],[-90.73298,19.34279],[-90.73301,19.34275],[-90.73305,19.34269],[-90.73306,19.34264],[-90.73308,19.34256],[-90.73311,19.34247],[-90.73316,19.34243],[-90.73315,19.34235],[-90.73318,19.3423],[-90.73324,19.34216],[-90.73333,19.34198],[-90.73339,19.34186],[-90.73345,19.34175],[-90.73356,19.34155],[-90.73365,19.34138],[-90.73372,19.34125],[-90.7338,19.34115],[-90.73389,19.34101],[-90.73394,19.34093],[-90.734,19.34083],[-90.73405,19.34075],[-90.73408,19.3407],[-90.7341,19.34067],[-90.73411,19.34066],[-90.73431,19.34074],[-90.73432,19.34072],[-90.73413,19.34063],[-90.73418,19.34052],[-90.73423,19.34041],[-90.73432,19.34025],[-90.73436,19.34021],[-90.73433,19.34018],[-90.73437,19.34009],[-90.73442,19.33999],[-90.73448,19.33986],[-90.73454,19.33973],[-90.73471,19.3394],[-90.73486,19.33906],[-90.73506,19.33872],[-90.73509,19.3386],[-90.73521,19.33838],[-90.7353,19.33824],[-90.73513,19.33817],[-90.73509,19.33815],[-90.73488,19.33857],[-90.7345,19.33929],[-90.73425,19.33976],[-90.73406,19.33965],[-90.73355,19.33941],[-90.73265,19.33899],[-90.73224,19.3388],[-90.73222,19.33879],[-90.73143,19.33861],[-90.73081,19.33849],[-90.73012,19.33835],[-90.72959,19.33824],[-90.7292,19.33818],[-90.72755,19.33784],[-90.72634,19.33759],[-90.72621,19.33855],[-90.7262,19.3386],[-90.72608,19.3395],[-90.72591,19.34069],[-90.72579,19.34127],[-90.72574,19.34156],[-90.72546,19.34267],[-90.7254,19.3429],[-90.72521,19.34369],[-90.7251,19.34407],[-90.72497,19.3446],[-90.72497,19.34462]]]}},{"type":"Feature","properties":{"cvegeo":"0400400010968","cve_ent":"04","fuente":"INEGI — Marco Geoestadístico 2024","fecha_corte":"2024-08","cve_mun":"04004","cve_ageb":"0968","cve_loc":"0001"},"geometry":{"type":"Polygon","coordinates":[[[-90.72763,19.35347],[-90.72781,19.35356],[-90.72781,19.35355],[-90.72784,19.3535],[-90.7279,19.35339],[-90.72804,19.35315],[-90.72804,19.35314],[-90.72812,19.35318],[-90.7283,19.35326],[-90.72829,19.35331],[-90.72834,19.35333],[-90.72835,19.35333],[-90.72836,19.35329],[-90.72836,19.35329],[-90.72855,19.35336],[-90.72854,19.35338],[-90.72857,19.35339],[-90.72857,19.35339],[-90.7286,19.35333],[-90.72856,19.35332],[-90.72856,19.35332],[-90.72855,19.35333],[-90.72855,19.35333],[-90.72855,19.35333],[-90.72838,19.35326],[-90.7284,19.35321],[-90.72834,19.35318],[-90.72834,19.35319],[-90.72831,19.35323],[-90.72831,19.35323],[-90.72822,19.35319],[-90.72824,19.35315],[-90.7282,19.35313],[-90.7282,19.35313],[-90.72818,19.35317],[-90.72817,19.35317],[-90.72813,19.35316],[-90.72812,19.35315],[-90.72813,19.35311],[-90.72806,19.35308],[-90.72813,19.35291],[-90.72823,19.35275],[-90.7283,19.35261],[-90.72835,19.35249],[-90.7284,19.35242],[-90.72845,19.35232],[-90.72853,19.35221],[-90.72853,19.3522],[-90.72861,19.35225],[-90.72861,19.35225],[-90.72862,19.35222],[-90.72855,19.35217],[-90.72858,19.35205],[-90.72858,19.35205],[-90.72864,19.35206],[-90.72865,19.35206],[-90.72865,19.35204],[-90.72859,19.35203],[-90.72859,19.35198],[-90.72866,19.35189],[-90.72871,19.35179],[-90.7287,19.35175],[-90.72882,19.35154],[-90.72884,19.35146],[-90.72893,19.35133],[-90.72901,19.35111],[-90.72907,19.35102],[-90.7291,19.35095],[-90.72917,19.35081],[-90.72923,19.35069],[-90.72927,19.35061],[-90.72932,19.35051],[-90.72938,19.35039],[-90.72943,19.3503],[-90.72948,19.35021],[-90.72956,19.35005],[-90.7296,19.34997],[-90.72966,19.34988],[-90.72969,19.34984],[-90.72972,19.34972],[-90.72979,19.34961],[-90.72984,19.3495],[-90.72992,19.34937],[-90.73001,19.34925],[-90.73007,19.34911],[-90.73008,19.349],[-90.73013,19.34888],[-90.7302,19.34872],[-90.73023,19.34863],[-90.73026,19.3486],[-90.73029,19.34855],[-90.73029,19.34855],[-90.73031,19.34855],[-90.73042,19.3486],[-90.73042,19.3486],[-90.73043,19.34858],[-90.73032,19.34853],[-90.73059,19.34791],[-90.73065,19.34777],[-90.73069,19.34774],[-90.73078,19.34762],[-90.73074,19.34757],[-90.73077,19.34752],[-90.73077,19.3475],[-90.73083,19.34737],[-90.73088,19.34726],[-90.73088,19.34726],[-90.73094,19.34719],[-90.73099,19.3471],[-90.73101,19.34701],[-90.73102,19.34696],[-90.73111,19.34677],[-90.73116,19.34663],[-90.7312,19.34651],[-90.73125,19.34642],[-90.73128,19.34633],[-90.7313,19.34626],[-90.73131,19.34623],[-90.73131,19.34621],[-90.73135,19.34611],[-90.73142,19.3459],[-90.73146,19.34583],[-90.73149,19.34575],[-90.73157,19.34552],[-90.7316,19.3455],[-90.7317,19.34526],[-90.7317,19.34525],[-90.73172,19.34526],[-90.73172,19.34526],[-90.7318,19.34508],[-90.7318,19.34508],[-90.73182,19.34509],[-90.73183,19.34509],[-90.7319,19.34492],[-90.73197,19.34481],[-90.73191,19.3448],[-90.73174,19.34472],[-90.73159,19.34502],[-90.73109,19.34611],[-90.72944,19.34565],[-90.72829,19.34537],[-90.72729,19.34514],[-90.72607,19.34487],[-90.72497,19.34462],[-90.72496,19.34463],[-90.72476,19.34547],[-90.72471,19.34566],[-90.72441,19.34678],[-90.72437,19.34693],[-90.72406,19.34805],[-90.72334,19.3478],[-90.72223,19.34738],[-90.72124,19.34705],[-90.72058,19.34829],[-90.72057,19.34831],[-90.72081,19.34837],[-90.72148,19.34864],[-90.72153,19.34866],[-90.72125,19.34917],[-90.72125,19.34918],[-90.72255,19.34979],[-90.72259,19.34981],[-90.72258,19.34984],[-90.72258,19.34984],[-90.72288,19.35003],[-90.72284,19.35026],[-90.72352,19.35032],[-90.72358,19.35031],[-90.72351,19.35123],[-90.72383,19.35155],[-90.72392,19.35162],[-90.72394,19.35163],[-90.72456,19.35195],[-90.72468,19.35203],[-90.72475,19.35207],[-90.72554,19.35245],[-90.72606,19.3527],[-90.72616,19.35275],[-90.72669,19.353],[-90.72763,19.35347]]]}},{"type":"Feature","properties":{"cvegeo":"0400400011025","cve_ent":"04","fuente":"INEGI — Marco Geoestadístico 2024","fecha_corte":"2024-08","cve_mun":"04004","cve_ageb":"1025","cve_loc":"0001"},"geometry":{"type":"Polygon","coordinates":[[[-90.71885,19.36323],[-90.71984,19.36401],[-90.71992,19.36408],[-90.72086,19.3648],[-90.72121,19.36513],[-90.72148,19.36551],[-90.72174,19.36636],[-90.72185,19.36593],[-90.72187,19.36554],[-90.72183,19.36504],[-90.72173,19.36442],[-90.72161,19.36403],[-90.72145,19.36349],[-90.7218,19.36336],[-90.72188,19.36354],[-90.72217,19.36369],[-90.72218,19.3637],[-90.72219,19.3636],[-90.72222,19.36347],[-90.72226,19.36335],[-90.72226,19.36327],[-90.72228,19.36318],[-90.72233,19.36302],[-90.72235,19.36284],[-90.72235,19.36269],[-90.72238,19.36249],[-90.72238,19.36234],[-90.72239,19.36228],[-90.72239,19.36211],[-90.72244,19.36208],[-90.72245,19.36194],[-90.72246,19.36184],[-90.72247,19.3618],[-90.72246,19.3617],[-90.72247,19.36159],[-90.72248,19.36145],[-90.7225,19.36132],[-90.72251,19.36123],[-90.72253,19.36109],[-90.72253,19.36097],[-90.72253,19.36086],[-90.72253,19.36079],[-90.72253,19.36063],[-90.72255,19.36051],[-90.72255,19.36041],[-90.72257,19.36025],[-90.72256,19.36012],[-90.72256,19.35996],[-90.72256,19.35993],[-90.72256,19.35991],[-90.72257,19.35982],[-90.72258,19.35969],[-90.72259,19.35961],[-90.72259,19.35946],[-90.72262,19.35941],[-90.72266,19.35935],[-90.72268,19.35932],[-90.72271,19.35922],[-90.72272,19.35907],[-90.72272,19.35907],[-90.72272,19.35905],[-90.72266,19.35891],[-90.7229,19.35867],[-90.72256,19.35852],[-90.72209,19.35836],[-90.7216,19.35829],[-90.72107,19.3583],[-90.72106,19.3583],[-90.72091,19.35837],[-90.72075,19.35848],[-90.72053,19.35865],[-90.72033,19.35884],[-90.72014,19.35904],[-90.7199,19.35938],[-90.71974,19.3596],[-90.71959,19.35983],[-90.71944,19.36007],[-90.71929,19.36029],[-90.71914,19.36053],[-90.71907,19.36064],[-90.71891,19.36087],[-90.71878,19.36111],[-90.71863,19.36134],[-90.71847,19.36156],[-90.71839,19.36168],[-90.71825,19.36191],[-90.71812,19.36215],[-90.71797,19.36238],[-90.71788,19.36248],[-90.71885,19.36323]]]}},{"type":"Feature","properties":{"cvegeo":"0400400011576","cve_ent":"04","fuente":"INEGI — Marco Geoestadístico 2024","fecha_corte":"2024-08","cve_mun":"04004","cve_ageb":"1576","cve_loc":"0001"},"geometry":{"type":"Polygon","coordinates":[[[-90.71598,19.36965],[-90.71598,19.36968],[-90.71604,19.37096],[-90.716,19.37196],[-90.71603,19.3726],[-90.71609,19.37272],[-90.71616,19.37283],[-90.71848,19.37159],[-90.71892,19.37144],[-90.71924,19.37138],[-90.71948,19.37136],[-90.72008,19.37137],[-90.72156,19.37139],[-90.72171,19.36784],[-90.72174,19.36636],[-90.72148,19.36551],[-90.72121,19.36513],[-90.72086,19.3648],[-90.71992,19.36408],[-90.71984,19.36401],[-90.71885,19.36323],[-90.71788,19.36248],[-90.71779,19.3626],[-90.7177,19.3627],[-90.7175,19.36289],[-90.71728,19.36306],[-90.71703,19.3632],[-90.71679,19.36335],[-90.71655,19.36346],[-90.71642,19.36352],[-90.71689,19.36397],[-90.71799,19.36499],[-90.71721,19.36639],[-90.71598,19.36965]]]}},{"type":"Feature","properties":{"cvegeo":"0400400911970","cve_ent":"04","fuente":"INEGI — Marco Geoestadístico 2024","fecha_corte":"2024-08","cve_mun":"04004","cve_ageb":"1970","cve_loc":"0091"},"geometry":{"type":"Polygon","coordinates":[[[-90.80792,19.07068],[-90.8081,19.07077],[-90.81011,19.07084],[-90.81017,19.07043],[-90.81045,19.07024],[-90.81132,19.06983],[-90.81171,19.06975],[-90.81185,19.06971],[-90.81209,19.06959],[-90.81221,19.06939],[-90.8123,19.06929],[-90.81233,19.06917],[-90.81226,19.06818],[-90.81221,19.06721],[-90.81221,19.06617],[-90.81321,19.06615],[-90.81322,19.06516],[-90.81221,19.06516],[-90.81221,19.06416],[-90.81219,19.06363],[-90.81209,19.06303],[-90.81217,19.06201],[-90.81103,19.06204],[-90.80993,19.06207],[-90.80887,19.06209],[-90.80774,19.06211],[-90.80775,19.06281],[-90.80776,19.06296],[-90.80777,19.06322],[-90.80778,19.06422],[-90.8078,19.06528],[-90.80781,19.06626],[-90.80784,19.06729],[-90.80785,19.06828],[-90.8079,19.0693],[-90.80794,19.07028],[-90.80792,19.0706],[-90.80792,19.07068]]]}},{"type":"Feature","properties":{"cvegeo":"0400400911985","cve_ent":"04","fuente":"INEGI — Marco Geoestadístico 2024","fecha_corte":"2024-08","cve_mun":"04004","cve_ageb":"1985","cve_loc":"0091"},"geometry":{"type":"Polygon","coordinates":[[[-90.80255,19.07145],[-90.80256,19.07229],[-90.80367,19.0723],[-90.80369,19.07204],[-90.80362,19.07144],[-90.80359,19.07139],[-90.80474,19.07135],[-90.80474,19.07042],[-90.8047,19.07034],[-90.80482,19.07037],[-90.80512,19.07034],[-90.80544,19.07032],[-90.80562,19.07016],[-90.80578,19.07007],[-90.80588,19.07002],[-90.80609,19.07001],[-90.80626,19.07007],[-90.80645,19.07021],[-90.80681,19.07023],[-90.80685,19.07023],[-90.80711,19.0703],[-90.80732,19.07044],[-90.80754,19.07053],[-90.80778,19.07062],[-90.80792,19.07068],[-90.80792,19.0706],[-90.80794,19.07028],[-90.8079,19.0693],[-90.80785,19.06828],[-90.80784,19.06729],[-90.80781,19.06626],[-90.8078,19.06528],[-90.80778,19.06422],[-90.80777,19.06322],[-90.80776,19.06296],[-90.80775,19.06281],[-90.80774,19.06211],[-90.80664,19.06214],[-90.80556,19.06217],[-90.80447,19.0622],[-90.80345,19.06221],[-90.80236,19.06223],[-90.80242,19.06331],[-90.80242,19.06438],[-90.80244,19.06537],[-90.80248,19.06638],[-90.8025,19.06741],[-90.80256,19.0684],[-90.80257,19.0694],[-90.80257,19.06979],[-90.80257,19.06986],[-90.80257,19.07038],[-90.80255,19.07044],[-90.80255,19.07145]]]}},{"type":"Feature","properties":{"cvegeo":"0400400912324","cve_ent":"04","fuente":"INEGI — Marco Geoestadístico 2024","fecha_corte":"2024-08","cve_mun":"04004","cve_ageb":"2324","cve_loc":"0091"},"geometry":{"type":"Polygon","coordinates":[[[-90.80625,19.0541],[-90.80746,19.05405],[-90.80865,19.054],[-90.80971,19.05396],[-90.81034,19.05393],[-90.81078,19.05394],[-90.81083,19.05495],[-90.81194,19.05492],[-90.81194,19.05395],[-90.81199,19.05232],[-90.81075,19.0523],[-90.80858,19.05226],[-90.80731,19.05226],[-90.80556,19.05224],[-90.80567,19.05252],[-90.8059,19.05318],[-90.80606,19.05365],[-90.80625,19.0541]]]}},{"type":"Feature","properties":{"cvegeo":"0400404321646","cve_ent":"04","fuente":"INEGI — Marco Geoestadístico 2024","fecha_corte":"2024-08","cve_mun":"04004","cve_ageb":"1646","cve_loc":"0432"},"geometry":{"type":"Polygon","coordinates":[[[-90.51548,19.09457],[-90.51605,19.09511],[-90.51629,19.0954],[-90.51649,19.0955],[-90.51678,19.0958],[-90.51772,19.09537],[-90.51848,19.095],[-90.51931,19.09461],[-90.52019,19.09419],[-90.52104,19.09378],[-90.5211,19.09375],[-90.52126,19.09367],[-90.52136,19.09362],[-90.52149,19.09356],[-90.52163,19.0935],[-90.52187,19.09339],[-90.52275,19.09297],[-90.52237,19.09254],[-90.52207,19.09189],[-90.52168,19.09114],[-90.52098,19.08977],[-90.52059,19.08902],[-90.5202,19.08829],[-90.51982,19.08754],[-90.5194,19.08676],[-90.519,19.08597],[-90.51779,19.08515],[-90.51777,19.08518],[-90.51751,19.08551],[-90.51707,19.08608],[-90.51661,19.08648],[-90.51625,19.087],[-90.51587,19.08766],[-90.51581,19.08777],[-90.51574,19.08783],[-90.51566,19.08786],[-90.51553,19.08786],[-90.51543,19.08788],[-90.5153,19.08793],[-90.51512,19.08801],[-90.51485,19.08821],[-90.51474,19.08837],[-90.51458,19.0886],[-90.51448,19.08874],[-90.5147,19.08889],[-90.51553,19.08946],[-90.51633,19.08997],[-90.51568,19.09033],[-90.51491,19.0907],[-90.51419,19.09105],[-90.51412,19.09108],[-90.51461,19.09173],[-90.51462,19.09175],[-90.51505,19.09237],[-90.51393,19.09305],[-90.51458,19.09371],[-90.51548,19.09457]]]}},{"type":"Feature","properties":{"cvegeo":"0400404322019","cve_ent":"04","fuente":"INEGI — Marco Geoestadístico 2024","fecha_corte":"2024-08","cve_mun":"04004","cve_ageb":"2019","cve_loc":"0432"},"geometry":{"type":"Polygon","coordinates":[[[-90.51444,19.09005],[-90.51491,19.0907],[-90.51568,19.09033],[-90.51633,19.08997],[-90.51553,19.08946],[-90.5147,19.08889],[-90.51448,19.08874],[-90.51315,19.08781],[-90.51288,19.0882],[-90.51361,19.08897],[-90.51396,19.08938],[-90.51444,19.09005]]]}},{"type":"Feature","properties":{"cvegeo":"0400400912362","cve_ent":"04","fuente":"INEGI — Marco Geoestadístico 2024","fecha_corte":"2024-08","cve_mun":"04004","cve_ageb":"2362","cve_loc":"0091"},"geometry":{"type":"Polygon","coordinates":[[[-90.8015,19.06334],[-90.80242,19.06331],[-90.80236,19.06223],[-90.80144,19.06227],[-90.8015,19.06334]]]}},{"type":"Feature","properties":{"cvegeo":"0400405642235","cve_ent":"04","fuente":"INEGI — Marco Geoestadístico 2024","fecha_corte":"2024-08","cve_mun":"04004","cve_ageb":"2235","cve_loc":"0564"},"geometry":{"type":"Polygon","coordinates":[[[-90.51677,19.50162],[-90.51705,19.50237],[-90.5183,19.50197],[-90.51894,19.50176],[-90.51866,19.50106],[-90.5184,19.50047],[-90.51839,19.50043],[-90.51839,19.50042],[-90.51813,19.49971],[-90.51791,19.49908],[-90.51765,19.4984],[-90.5174,19.49772],[-90.51728,19.49742],[-90.51715,19.49707],[-90.51687,19.49636],[-90.5168,19.49619],[-90.51673,19.49601],[-90.5166,19.4957],[-90.51635,19.49504],[-90.51527,19.4954],[-90.51464,19.49564],[-90.51487,19.49632],[-90.51511,19.49696],[-90.51537,19.49765],[-90.51561,19.49831],[-90.51585,19.49899],[-90.51609,19.49966],[-90.51632,19.5003],[-90.51656,19.50095],[-90.51655,19.50098],[-90.51677,19.50162]]]}},{"type":"Feature","properties":{"cvegeo":"0400405642220","cve_ent":"04","fuente":"INEGI — Marco Geoestadístico 2024","fecha_corte":"2024-08","cve_mun":"04004","cve_ageb":"2220","cve_loc":"0564"},"geometry":{"type":"Polygon","coordinates":[[[-90.50764,19.50526],[-90.5079,19.5056],[-90.50791,19.5056],[-90.5081,19.50555],[-90.50867,19.50539],[-90.50916,19.50526],[-90.50991,19.50507],[-90.50993,19.50506],[-90.50976,19.50466],[-90.50856,19.50499],[-90.50764,19.50526]]]}},{"type":"Feature","properties":{"cvegeo":"0400400012199","cve_ent":"04","fuente":"INEGI — Marco Geoestadístico 2024","fecha_corte":"2024-08","cve_mun":"04004","cve_ageb":"2199","cve_loc":"0001"},"geometry":{"type":"Polygon","coordinates":[[[-90.71267,19.36109],[-90.71298,19.36137],[-90.71344,19.36066],[-90.71361,19.36044],[-90.71267,19.36109]]]}},{"type":"Feature","properties":{"cvegeo":"0400404322038","cve_ent":"04","fuente":"INEGI — Marco Geoestadístico 2024","fecha_corte":"2024-08","cve_mun":"04004","cve_ageb":"2038","cve_loc":"0432"},"geometry":{"type":"Polygon","coordinates":[[[-90.52036,19.10057],[-90.52055,19.10087],[-90.52056,19.10086],[-90.52132,19.10045],[-90.52132,19.10044],[-90.52134,19.10044],[-90.52127,19.10033],[-90.52107,19.09999],[-90.52089,19.09969],[-90.52011,19.10012],[-90.52036,19.10057]]]}},{"type":"Feature","properties":{"cvegeo":"0400404322216","cve_ent":"04","fuente":"INEGI — Marco Geoestadístico 2024","fecha_corte":"2024-08","cve_mun":"04004","cve_ageb":"2216","cve_loc":"0432"},"geometry":{"type":"Polygon","coordinates":[[[-90.52805,19.09904],[-90.52721,19.09942],[-90.52759,19.10008],[-90.52845,19.09969],[-90.52904,19.09941],[-90.52864,19.09873],[-90.52803,19.09901],[-90.52805,19.09904]]]}},{"type":"Feature","properties":{"cvegeo":"0400400011824","cve_ent":"04","fuente":"INEGI — Marco Geoestadístico 2024","fecha_corte":"2024-08","cve_mun":"04004","cve_ageb":"1824","cve_loc":"0001"},"geometry":{"type":"Polygon","coordinates":[[[-90.7321,19.32894],[-90.73211,19.32891],[-90.73311,19.32953],[-90.73403,19.33017],[-90.73533,19.33106],[-90.73619,19.33164],[-90.73583,19.33219],[-90.73562,19.33249],[-90.73641,19.333],[-90.73752,19.33371],[-90.73815,19.33276],[-90.73868,19.33193],[-90.73768,19.33135],[-90.73765,19.33133],[-90.73676,19.33076],[-90.73588,19.33018],[-90.73434,19.32915],[-90.73338,19.32852],[-90.73273,19.32815],[-90.73235,19.32802],[-90.73208,19.32795],[-90.73156,19.32887],[-90.7321,19.32894]]]}},{"type":"Feature","properties":{"cvegeo":"0400404322023","cve_ent":"04","fuente":"INEGI — Marco Geoestadístico 2024","fecha_corte":"2024-08","cve_mun":"04004","cve_ageb":"2023","cve_loc":"0432"},"geometry":{"type":"Polygon","coordinates":[[[-90.519,19.08597],[-90.5194,19.08676],[-90.52018,19.08637],[-90.52062,19.08615],[-90.51987,19.08441],[-90.51986,19.08444],[-90.51946,19.08516],[-90.51904,19.08591],[-90.519,19.08597]]]}},{"type":"Feature","properties":{"cvegeo":"0400400011951","cve_ent":"04","fuente":"INEGI — Marco Geoestadístico 2024","fecha_corte":"2024-08","cve_mun":"04004","cve_ageb":"1951","cve_loc":"0001"},"geometry":{"type":"Polygon","coordinates":[[[-90.72091,19.35837],[-90.72106,19.3583],[-90.72107,19.3583],[-90.7216,19.35829],[-90.72209,19.35836],[-90.72256,19.35852],[-90.7229,19.35867],[-90.72306,19.35847],[-90.72326,19.35824],[-90.7234,19.35823],[-90.72358,19.35821],[-90.72381,19.35822],[-90.72422,19.3583],[-90.7244,19.35834],[-90.72456,19.35835],[-90.72463,19.35832],[-90.72463,19.35833],[-90.72464,19.35833],[-90.72464,19.35833],[-90.72464,19.35833],[-90.72468,19.3583],[-90.72469,19.3583],[-90.72473,19.35823],[-90.72482,19.35814],[-90.72494,19.35808],[-90.72494,19.35808],[-90.72504,19.35811],[-90.72504,19.35811],[-90.72512,19.3581],[-90.72518,19.35808],[-90.72523,19.35805],[-90.72524,19.35804],[-90.72526,19.35803],[-90.72528,19.35802],[-90.7253,19.35801],[-90.72534,19.35793],[-90.72531,19.35788],[-90.7253,19.35779],[-90.7253,19.35778],[-90.72525,19.35776],[-90.72521,19.35773],[-90.72524,19.35764],[-90.72529,19.35755],[-90.72533,19.35748],[-90.72538,19.35744],[-90.72542,19.3574],[-90.7255,19.35729],[-90.7256,19.35716],[-90.72569,19.35699],[-90.72571,19.35696],[-90.72577,19.35686],[-90.72588,19.35678],[-90.72612,19.35692],[-90.72632,19.35664],[-90.72642,19.35654],[-90.7264,19.35653],[-90.72631,19.35662],[-90.72612,19.35689],[-90.7259,19.35676],[-90.72598,19.35664],[-90.72599,19.3565],[-90.72604,19.35641],[-90.72606,19.35638],[-90.72612,19.35634],[-90.72636,19.35644],[-90.72638,19.35642],[-90.72613,19.35631],[-90.72622,19.35614],[-90.72622,19.35613],[-90.72617,19.35609],[-90.72625,19.35596],[-90.72638,19.35573],[-90.7265,19.35552],[-90.7266,19.35538],[-90.72675,19.35517],[-90.72689,19.35496],[-90.72694,19.35493],[-90.72723,19.35513],[-90.72731,19.35502],[-90.72729,19.355],[-90.72722,19.35507],[-90.72695,19.3549],[-90.72724,19.35443],[-90.72724,19.35443],[-90.72727,19.3544],[-90.72727,19.3544],[-90.72727,19.35439],[-90.7273,19.35436],[-90.72758,19.35454],[-90.72732,19.35494],[-90.72734,19.35495],[-90.72761,19.35453],[-90.72732,19.35435],[-90.72735,19.3543],[-90.72743,19.35415],[-90.72753,19.35401],[-90.7276,19.35389],[-90.72767,19.35381],[-90.72771,19.35371],[-90.72779,19.35359],[-90.7278,19.35356],[-90.72781,19.35356],[-90.72781,19.35356],[-90.72763,19.35347],[-90.72669,19.353],[-90.72616,19.35275],[-90.72493,19.3534],[-90.72488,19.35341],[-90.72478,19.35344],[-90.72451,19.35358],[-90.72387,19.35391],[-90.72346,19.3541],[-90.72331,19.35417],[-90.72307,19.35468],[-90.72303,19.35477],[-90.72277,19.35544],[-90.72158,19.35507],[-90.72117,19.35591],[-90.72078,19.35666],[-90.7203,19.3575],[-90.72014,19.3578],[-90.72059,19.35809],[-90.72091,19.35837]]]}},{"type":"Feature","properties":{"cvegeo":"0400400011966","cve_ent":"04","fuente":"INEGI — Marco Geoestadístico 2024","fecha_corte":"2024-08","cve_mun":"04004","cve_ageb":"1966","cve_loc":"0001"},"geometry":{"type":"Polygon","coordinates":[[[-90.72034,19.34663],[-90.7203,19.34669],[-90.71956,19.34801],[-90.71864,19.34964],[-90.7181,19.35059],[-90.7177,19.3513],[-90.71704,19.35248],[-90.71799,19.35294],[-90.71894,19.35342],[-90.72058,19.35431],[-90.7216,19.35503],[-90.72158,19.35507],[-90.72277,19.35544],[-90.72303,19.35477],[-90.72307,19.35468],[-90.72331,19.35417],[-90.72346,19.3541],[-90.72387,19.35391],[-90.72451,19.35358],[-90.72478,19.35344],[-90.72488,19.35341],[-90.72493,19.3534],[-90.72616,19.35275],[-90.72606,19.3527],[-90.72554,19.35245],[-90.72475,19.35207],[-90.72468,19.35203],[-90.72456,19.35195],[-90.72394,19.35163],[-90.72392,19.35162],[-90.72383,19.35155],[-90.72351,19.35123],[-90.72358,19.35031],[-90.72352,19.35032],[-90.72284,19.35026],[-90.72288,19.35003],[-90.72258,19.34984],[-90.72258,19.34984],[-90.72259,19.34981],[-90.72255,19.34979],[-90.72125,19.34918],[-90.72125,19.34917],[-90.72153,19.34866],[-90.72148,19.34864],[-90.72081,19.34837],[-90.72057,19.34831],[-90.72058,19.34829],[-90.72124,19.34705],[-90.72125,19.34704],[-90.72142,19.34671],[-90.72034,19.34663]]]}},{"type":"Feature","properties":{"cvegeo":"0400404321631","cve_ent":"04","fuente":"INEGI — Marco Geoestadístico 2024","fecha_corte":"2024-08","cve_mun":"04004","cve_ageb":"1631","cve_loc":"0432"},"geometry":{"type":"Polygon","coordinates":[[[-90.52168,19.09114],[-90.52207,19.09189],[-90.52237,19.09254],[-90.52275,19.09297],[-90.52312,19.09279],[-90.5235,19.09261],[-90.5239,19.09242],[-90.52401,19.09236],[-90.52484,19.09197],[-90.52494,19.09192],[-90.52515,19.09182],[-90.52669,19.09107],[-90.52753,19.09068],[-90.52782,19.09083],[-90.52812,19.09069],[-90.52798,19.09047],[-90.52789,19.09032],[-90.52743,19.08958],[-90.52664,19.08831],[-90.52586,19.08861],[-90.52429,19.0865],[-90.52064,19.08619],[-90.52062,19.08615],[-90.52018,19.08637],[-90.5194,19.08676],[-90.51982,19.08754],[-90.5202,19.08829],[-90.52059,19.08902],[-90.52098,19.08977],[-90.52168,19.09114]]]}},{"type":"Feature","properties":{"cvegeo":"0400400012061","cve_ent":"04","fuente":"INEGI — Marco Geoestadístico 2024","fecha_corte":"2024-08","cve_mun":"04004","cve_ageb":"2061","cve_loc":"0001"},"geometry":{"type":"Polygon","coordinates":[[[-90.72174,19.36636],[-90.72171,19.36784],[-90.72156,19.37139],[-90.72283,19.37142],[-90.72282,19.37129],[-90.72282,19.37122],[-90.72284,19.37104],[-90.72285,19.37078],[-90.72277,19.37038],[-90.72275,19.37013],[-90.72274,19.3699],[-90.72268,19.3698],[-90.72262,19.36969],[-90.72258,19.36961],[-90.72255,19.36948],[-90.72256,19.36934],[-90.72256,19.36923],[-90.72257,19.36914],[-90.72255,19.369],[-90.72256,19.36885],[-90.72256,19.36875],[-90.72254,19.36869],[-90.72253,19.3686],[-90.72253,19.36845],[-90.72253,19.36839],[-90.72253,19.36839],[-90.72252,19.36822],[-90.72251,19.36817],[-90.72251,19.36812],[-90.7225,19.36811],[-90.7225,19.36807],[-90.7225,19.36802],[-90.72249,19.36795],[-90.72247,19.36783],[-90.72246,19.36773],[-90.72242,19.36764],[-90.72242,19.36758],[-90.72239,19.36748],[-90.72238,19.36739],[-90.72238,19.36738],[-90.72237,19.36735],[-90.72237,19.36734],[-90.72238,19.36728],[-90.72236,19.36708],[-90.72237,19.36678],[-90.72236,19.3667],[-90.72236,19.36648],[-90.72236,19.36645],[-90.72236,19.36642],[-90.72236,19.36616],[-90.72237,19.36596],[-90.72237,19.3659],[-90.72236,19.36574],[-90.72227,19.36565],[-90.72217,19.36562],[-90.72215,19.36559],[-90.72211,19.36554],[-90.72206,19.36543],[-90.72204,19.3653],[-90.72203,19.36518],[-90.72203,19.36509],[-90.72203,19.36506],[-90.72203,19.3649],[-90.72203,19.36475],[-90.72203,19.36464],[-90.72204,19.36455],[-90.72204,19.36451],[-90.72205,19.36437],[-90.72207,19.36425],[-90.7221,19.36409],[-90.72213,19.36396],[-90.72217,19.36383],[-90.72218,19.36373],[-90.72218,19.3637],[-90.72217,19.36369],[-90.72188,19.36354],[-90.7218,19.36336],[-90.72145,19.36349],[-90.72161,19.36403],[-90.72173,19.36442],[-90.72183,19.36504],[-90.72187,19.36554],[-90.72185,19.36593],[-90.72174,19.36636]]]}},{"type":"Feature","properties":{"cvegeo":"0400400011006","cve_ent":"04","fuente":"INEGI — Marco Geoestadístico 2024","fecha_corte":"2024-08","cve_mun":"04004","cve_ageb":"1006","cve_loc":"0001"},"geometry":{"type":"Polygon","coordinates":[[[-90.72125,19.34704],[-90.72124,19.34705],[-90.72223,19.34738],[-90.72334,19.3478],[-90.72406,19.34805],[-90.72437,19.34693],[-90.72441,19.34678],[-90.72471,19.34566],[-90.72476,19.34547],[-90.72496,19.34463],[-90.72497,19.34462],[-90.72497,19.3446],[-90.7251,19.34407],[-90.72521,19.34369],[-90.7254,19.3429],[-90.72546,19.34267],[-90.72574,19.34156],[-90.72579,19.34127],[-90.72591,19.34069],[-90.72608,19.3395],[-90.7262,19.3386],[-90.72621,19.33855],[-90.72634,19.33759],[-90.72648,19.33659],[-90.7266,19.33569],[-90.72669,19.33508],[-90.72617,19.33497],[-90.72557,19.33484],[-90.72521,19.33477],[-90.72496,19.33477],[-90.72446,19.33477],[-90.72401,19.33483],[-90.72394,19.33484],[-90.72382,19.33486],[-90.7237,19.3349],[-90.72364,19.33493],[-90.72354,19.33485],[-90.72332,19.33474],[-90.72243,19.33451],[-90.72243,19.33461],[-90.72238,19.33479],[-90.72216,19.33556],[-90.72186,19.33658],[-90.72184,19.33669],[-90.72169,19.33723],[-90.72155,19.33775],[-90.72127,19.33874],[-90.72098,19.33979],[-90.7207,19.34093],[-90.72042,19.34202],[-90.72029,19.34236],[-90.72015,19.34266],[-90.71977,19.34337],[-90.7194,19.34399],[-90.71895,19.34477],[-90.7182,19.34593],[-90.71887,19.34617],[-90.71928,19.34632],[-90.7203,19.34669],[-90.72034,19.34663],[-90.72142,19.34671],[-90.72125,19.34704]]]}},{"type":"Feature","properties":{"cvegeo":"0400400011769","cve_ent":"04","fuente":"INEGI — Marco Geoestadístico 2024","fecha_corte":"2024-08","cve_mun":"04004","cve_ageb":"1769","cve_loc":"0001"},"geometry":{"type":"Polygon","coordinates":[[[-90.7291,19.33329],[-90.72956,19.33349],[-90.72961,19.33359],[-90.72954,19.33388],[-90.7303,19.3341],[-90.73125,19.33432],[-90.73165,19.33441],[-90.73166,19.33438],[-90.73268,19.3346],[-90.73281,19.33416],[-90.73298,19.33362],[-90.73403,19.33382],[-90.73391,19.33428],[-90.73384,19.33451],[-90.73532,19.33505],[-90.73642,19.33547],[-90.73669,19.335],[-90.73698,19.33455],[-90.73752,19.33371],[-90.73641,19.333],[-90.73562,19.33249],[-90.73583,19.33219],[-90.73619,19.33164],[-90.73533,19.33106],[-90.73403,19.33017],[-90.73311,19.32953],[-90.73211,19.32891],[-90.7321,19.32894],[-90.73156,19.32887],[-90.73093,19.32999],[-90.7305,19.33075],[-90.73038,19.33095],[-90.73001,19.33158],[-90.72991,19.33177],[-90.72957,19.33242],[-90.72936,19.33279],[-90.7291,19.33329]]]}},{"type":"Feature","properties":{"cvegeo":"0400400011932","cve_ent":"04","fuente":"INEGI — Marco Geoestadístico 2024","fecha_corte":"2024-08","cve_mun":"04004","cve_ageb":"1932","cve_loc":"0001"},"geometry":{"type":"Polygon","coordinates":[[[-90.71298,19.36137],[-90.71324,19.36169],[-90.71347,19.36206],[-90.7141,19.36101],[-90.71447,19.36038],[-90.71414,19.36024],[-90.71393,19.36015],[-90.71382,19.36009],[-90.71361,19.36044],[-90.71344,19.36066],[-90.71298,19.36137]]]}},{"type":"Feature","properties":{"cvegeo":"0400400912004","cve_ent":"04","fuente":"INEGI — Marco Geoestadístico 2024","fecha_corte":"2024-08","cve_mun":"04004","cve_ageb":"2004","cve_loc":"0091"},"geometry":{"type":"Polygon","coordinates":[[[-90.80625,19.0541],[-90.8064,19.05456],[-90.80644,19.0551],[-90.80648,19.0551],[-90.80648,19.05609],[-90.80651,19.0571],[-90.80653,19.05809],[-90.80655,19.05911],[-90.80658,19.06013],[-90.80661,19.06113],[-90.80664,19.06214],[-90.80774,19.06211],[-90.80887,19.06209],[-90.80993,19.06207],[-90.81103,19.06204],[-90.81217,19.06201],[-90.81219,19.06099],[-90.81198,19.061],[-90.81201,19.06002],[-90.81201,19.05897],[-90.81205,19.05855],[-90.81206,19.05794],[-90.81206,19.05762],[-90.81205,19.05699],[-90.81196,19.05597],[-90.81194,19.05492],[-90.81083,19.05495],[-90.81078,19.05394],[-90.81034,19.05393],[-90.80971,19.05396],[-90.80865,19.054],[-90.80746,19.05405],[-90.80625,19.0541]]]}},{"type":"Feature","properties":{"cvegeo":"0400404321627","cve_ent":"04","fuente":"INEGI — Marco Geoestadístico 2024","fecha_corte":"2024-08","cve_mun":"04004","cve_ageb":"1627","cve_loc":"0432"},"geometry":{"type":"Polygon","coordinates":[[[-90.51704,19.10093],[-90.51734,19.10122],[-90.51769,19.10167],[-90.5186,19.10106],[-90.51904,19.10168],[-90.51978,19.10126],[-90.51979,19.10125],[-90.51961,19.10098],[-90.51936,19.10058],[-90.52011,19.10012],[-90.52089,19.09969],[-90.52181,19.09925],[-90.52259,19.09887],[-90.52344,19.09845],[-90.52331,19.0982],[-90.52501,19.09741],[-90.52473,19.09681],[-90.52438,19.09608],[-90.52399,19.09531],[-90.52362,19.09458],[-90.52325,19.09383],[-90.52283,19.09306],[-90.52275,19.09297],[-90.52187,19.09339],[-90.52163,19.0935],[-90.52149,19.09356],[-90.52136,19.09362],[-90.52126,19.09367],[-90.5211,19.09375],[-90.52104,19.09378],[-90.52019,19.09419],[-90.51931,19.09461],[-90.51848,19.095],[-90.51772,19.09537],[-90.51678,19.0958],[-90.51424,19.09703],[-90.51511,19.09843],[-90.51567,19.09917],[-90.5157,19.09922],[-90.51624,19.09977],[-90.51687,19.10036],[-90.51718,19.10067],[-90.51699,19.10089],[-90.51704,19.10093]]]}},{"type":"Feature","properties":{"cvegeo":"0400400012184","cve_ent":"04","fuente":"INEGI — Marco Geoestadístico 2024","fecha_corte":"2024-08","cve_mun":"04004","cve_ageb":"2184","cve_loc":"0001"},"geometry":{"type":"Polygon","coordinates":[[[-90.73963,19.32551],[-90.74004,19.32573],[-90.74008,19.32575],[-90.74045,19.32594],[-90.74093,19.32621],[-90.74098,19.32623],[-90.74118,19.32634],[-90.74152,19.32652],[-90.74223,19.3269],[-90.74305,19.32592],[-90.74342,19.32546],[-90.74389,19.32489],[-90.74454,19.32407],[-90.74362,19.32339],[-90.7438,19.32291],[-90.74392,19.3229],[-90.74416,19.32271],[-90.7442,19.32238],[-90.74358,19.3223],[-90.74355,19.32257],[-90.74281,19.32258],[-90.74253,19.32271],[-90.7424,19.32386],[-90.74196,19.32459],[-90.74153,19.32432],[-90.74113,19.32407],[-90.7409,19.32443],[-90.74045,19.32418],[-90.73963,19.32551]]]}},{"type":"Feature","properties":{"cvegeo":"0400405642131","cve_ent":"04","fuente":"INEGI — Marco Geoestadístico 2024","fecha_corte":"2024-08","cve_mun":"04004","cve_ageb":"2131","cve_loc":"0564"},"geometry":{"type":"Polygon","coordinates":[[[-90.50619,19.49839],[-90.50641,19.49906],[-90.50665,19.49973],[-90.50689,19.50041],[-90.50714,19.50106],[-90.50737,19.50172],[-90.50762,19.50241],[-90.50785,19.50307],[-90.50809,19.50373],[-90.50834,19.50437],[-90.50856,19.50499],[-90.50976,19.50466],[-90.50981,19.50464],[-90.51049,19.50443],[-90.51062,19.50438],[-90.51065,19.50438],[-90.51098,19.50427],[-90.51207,19.5039],[-90.51284,19.50371],[-90.51271,19.50342],[-90.51256,19.50301],[-90.51233,19.50235],[-90.51209,19.50169],[-90.51185,19.50103],[-90.51161,19.50036],[-90.51114,19.50052],[-90.5102,19.50082],[-90.50996,19.50015],[-90.50973,19.49948],[-90.50949,19.49881],[-90.51043,19.4985],[-90.51089,19.49835],[-90.51065,19.49768],[-90.51041,19.49704],[-90.51018,19.49638],[-90.50876,19.49683],[-90.50736,19.49729],[-90.50711,19.49737],[-90.50596,19.49772],[-90.5061,19.49812],[-90.50619,19.49839]]]}},{"type":"Feature","properties":{"cvegeo":"040040001181A","cve_ent":"04","fuente":"INEGI — Marco Geoestadístico 2024","fecha_corte":"2024-08","cve_mun":"04004","cve_ageb":"181A","cve_loc":"0001"},"geometry":{"type":"Polygon","coordinates":[[[-90.72513,19.32789],[-90.72622,19.32804],[-90.72764,19.32822],[-90.72762,19.32837],[-90.72749,19.32929],[-90.72736,19.33029],[-90.72719,19.33147],[-90.72718,19.33155],[-90.7271,19.33209],[-90.727,19.33282],[-90.72688,19.33368],[-90.72679,19.33428],[-90.72669,19.33508],[-90.72789,19.33535],[-90.72796,19.33536],[-90.72847,19.33448],[-90.72891,19.33364],[-90.7291,19.33329],[-90.72936,19.33279],[-90.72957,19.33242],[-90.72991,19.33177],[-90.73001,19.33158],[-90.73038,19.33095],[-90.7305,19.33075],[-90.73093,19.32999],[-90.73156,19.32887],[-90.73208,19.32795],[-90.73173,19.3279],[-90.73112,19.32781],[-90.7306,19.32774],[-90.73034,19.3277],[-90.73005,19.32767],[-90.72902,19.32752],[-90.72776,19.32735],[-90.72778,19.32721],[-90.72778,19.32721],[-90.72632,19.32702],[-90.72523,19.32689],[-90.72513,19.32789]]]}},{"type":"Feature","properties":{"cvegeo":"0400404322042","cve_ent":"04","fuente":"INEGI — Marco Geoestadístico 2024","fecha_corte":"2024-08","cve_mun":"04004","cve_ageb":"2042","cve_loc":"0432"},"geometry":{"type":"Polygon","coordinates":[[[-90.51511,19.09843],[-90.51423,19.0988],[-90.51462,19.09932],[-90.51482,19.09959],[-90.51488,19.09957],[-90.51525,19.09994],[-90.51565,19.10036],[-90.51666,19.10133],[-90.51699,19.10089],[-90.51718,19.10067],[-90.51687,19.10036],[-90.51624,19.09977],[-90.5157,19.09922],[-90.51567,19.09917],[-90.51511,19.09843]]]}},{"type":"Feature","properties":{"cvegeo":"0400404321612","cve_ent":"04","fuente":"INEGI — Marco Geoestadístico 2024","fecha_corte":"2024-08","cve_mun":"04004","cve_ageb":"1612","cve_loc":"0432"},"geometry":{"type":"Polygon","coordinates":[[[-90.52501,19.09741],[-90.52508,19.09755],[-90.52543,19.09823],[-90.52583,19.09901],[-90.52623,19.09974],[-90.52704,19.09937],[-90.52705,19.09937],[-90.52709,19.09946],[-90.52721,19.09942],[-90.52805,19.09904],[-90.52803,19.09901],[-90.52864,19.09873],[-90.52881,19.09865],[-90.53059,19.09785],[-90.52979,19.09609],[-90.52905,19.09603],[-90.52866,19.09528],[-90.529,19.09513],[-90.52976,19.09478],[-90.52959,19.09447],[-90.52929,19.09392],[-90.52853,19.09229],[-90.52901,19.09207],[-90.52865,19.09139],[-90.52887,19.09128],[-90.52871,19.09098],[-90.52841,19.09055],[-90.52812,19.09069],[-90.52782,19.09083],[-90.52753,19.09068],[-90.52669,19.09107],[-90.52515,19.09182],[-90.52494,19.09192],[-90.52484,19.09197],[-90.52401,19.09236],[-90.5239,19.09242],[-90.5235,19.09261],[-90.52312,19.09279],[-90.52275,19.09297],[-90.52283,19.09306],[-90.52325,19.09383],[-90.52362,19.09458],[-90.52399,19.09531],[-90.52438,19.09608],[-90.52473,19.09681],[-90.52501,19.09741]]]}},{"type":"Feature","properties":{"cvegeo":"0400404322076","cve_ent":"04","fuente":"INEGI — Marco Geoestadístico 2024","fecha_corte":"2024-08","cve_mun":"04004","cve_ageb":"2076","cve_loc":"0432"},"geometry":{"type":"Polygon","coordinates":[[[-90.51936,19.10058],[-90.51961,19.10098],[-90.51979,19.10125],[-90.51979,19.10125],[-90.52055,19.10087],[-90.52036,19.10057],[-90.52011,19.10012],[-90.51936,19.10058]]]}},{"type":"Feature","properties":{"cvegeo":"0400400012540","cve_ent":"04","fuente":"INEGI — Marco Geoestadístico 2024","fecha_corte":"2024-08","cve_mun":"04004","cve_ageb":"2540","cve_loc":"0001"},"geometry":{"type":"Polygon","coordinates":[[[-90.71044,19.34357],[-90.71063,19.34368],[-90.7109,19.34302],[-90.7118,19.34341],[-90.71216,19.34257],[-90.71259,19.34164],[-90.71219,19.34143],[-90.71145,19.34103],[-90.71072,19.34183],[-90.71051,19.34206],[-90.71029,19.34236],[-90.71025,19.3424],[-90.70994,19.34211],[-90.70957,19.34179],[-90.7091,19.34139],[-90.70885,19.34143],[-90.70874,19.34158],[-90.70877,19.34161],[-90.70853,19.34188],[-90.7086,19.34201],[-90.70903,19.34242],[-90.7097,19.34307],[-90.70989,19.34327],[-90.71015,19.34346],[-90.71035,19.34356],[-90.71044,19.34357]]]}},{"type":"Feature","properties":{"cvegeo":"0400400362470","cve_ent":"04","fuente":"INEGI — Marco Geoestadístico 2024","fecha_corte":"2024-08","cve_mun":"04004","cve_ageb":"2470","cve_loc":"0036"},"geometry":{"type":"Polygon","coordinates":[[[-90.57796,19.50532],[-90.57754,19.50625],[-90.57881,19.50643],[-90.58035,19.50658],[-90.58034,19.50649],[-90.58031,19.50594],[-90.58034,19.50579],[-90.5804,19.50566],[-90.58049,19.50557],[-90.58049,19.50557],[-90.58022,19.50528],[-90.58,19.50519],[-90.57943,19.50507],[-90.57872,19.50501],[-90.57842,19.50517],[-90.57796,19.50532]]]}},{"type":"Feature","properties":{"cvegeo":"0400405642127","cve_ent":"04","fuente":"INEGI — Marco Geoestadístico 2024","fecha_corte":"2024-08","cve_mun":"04004","cve_ageb":"2127","cve_loc":"0564"},"geometry":{"type":"Polygon","coordinates":[[[-90.51244,19.50538],[-90.51248,19.50551],[-90.51264,19.50614],[-90.51363,19.50594],[-90.51357,19.50575],[-90.51339,19.50527],[-90.51317,19.50465],[-90.51304,19.50424],[-90.51404,19.5042],[-90.51389,19.50381],[-90.51457,19.5038],[-90.51493,19.5038],[-90.51688,19.50377],[-90.51681,19.50354],[-90.51745,19.50337],[-90.51868,19.50304],[-90.51931,19.50282],[-90.51894,19.50176],[-90.5183,19.50197],[-90.51705,19.50237],[-90.51677,19.50162],[-90.51655,19.50098],[-90.51656,19.50095],[-90.51632,19.5003],[-90.51609,19.49966],[-90.51585,19.49899],[-90.51561,19.49831],[-90.51537,19.49765],[-90.51511,19.49696],[-90.51487,19.49632],[-90.51464,19.49564],[-90.51451,19.49526],[-90.5144,19.49497],[-90.513,19.49545],[-90.51161,19.49592],[-90.51018,19.49638],[-90.51041,19.49704],[-90.51065,19.49768],[-90.51089,19.49835],[-90.51043,19.4985],[-90.50949,19.49881],[-90.50973,19.49948],[-90.50996,19.50015],[-90.5102,19.50082],[-90.51114,19.50052],[-90.51161,19.50036],[-90.51185,19.50103],[-90.51209,19.50169],[-90.51233,19.50235],[-90.51256,19.50301],[-90.51271,19.50342],[-90.51284,19.50371],[-90.51207,19.5039],[-90.51207,19.50394],[-90.51237,19.50491],[-90.51233,19.50493],[-90.51236,19.50505],[-90.51244,19.50538]]]}},{"type":"Feature","properties":{"cvegeo":"040040564217A","cve_ent":"04","fuente":"INEGI — Marco Geoestadístico 2024","fecha_corte":"2024-08","cve_mun":"04004","cve_ageb":"217A","cve_loc":"0564"},"geometry":{"type":"Polygon","coordinates":[[[-90.50449,19.49323],[-90.50326,19.49359],[-90.50355,19.49441],[-90.50271,19.49466],[-90.50303,19.49671],[-90.50388,19.4971],[-90.50404,19.49721],[-90.5042,19.49727],[-90.50432,19.4973],[-90.50437,19.49732],[-90.50454,19.49739],[-90.50332,19.49781],[-90.50362,19.49845],[-90.50394,19.49912],[-90.50423,19.49975],[-90.50435,19.50007],[-90.50448,19.50042],[-90.50449,19.50043],[-90.50474,19.50108],[-90.50474,19.50109],[-90.50612,19.50067],[-90.50646,19.50162],[-90.50658,19.50198],[-90.50683,19.50267],[-90.50707,19.50332],[-90.50753,19.50462],[-90.50764,19.50526],[-90.50856,19.50499],[-90.50834,19.50437],[-90.50809,19.50373],[-90.50785,19.50307],[-90.50762,19.50241],[-90.50737,19.50172],[-90.50714,19.50106],[-90.50689,19.50041],[-90.50665,19.49973],[-90.50641,19.49906],[-90.50619,19.49839],[-90.5061,19.49812],[-90.50596,19.49772],[-90.50589,19.49751],[-90.50581,19.49726],[-90.50565,19.49672],[-90.50552,19.49629],[-90.50542,19.49602],[-90.50532,19.49566],[-90.5051,19.495],[-90.50498,19.4947],[-90.50487,19.49437],[-90.50449,19.49323]]]}},{"type":"Feature","properties":{"cvegeo":"0400400362409","cve_ent":"04","fuente":"INEGI — Marco Geoestadístico 2024","fecha_corte":"2024-08","cve_mun":"04004","cve_ageb":"2409","cve_loc":"0036"},"geometry":{"type":"Polygon","coordinates":[[[-90.5753,19.50328],[-90.57587,19.5035],[-90.57638,19.50362],[-90.57643,19.50362],[-90.57724,19.50389],[-90.57749,19.50335],[-90.57715,19.50322],[-90.57664,19.50302],[-90.57611,19.50285],[-90.57555,19.50264],[-90.5753,19.50328]]]}},{"type":"Feature","properties":{"cvegeo":"0400400011947","cve_ent":"04","fuente":"INEGI — Marco Geoestadístico 2024","fecha_corte":"2024-08","cve_mun":"04004","cve_ageb":"1947","cve_loc":"0001"},"geometry":{"type":"Polygon","coordinates":[[[-90.72867,19.32054],[-90.72865,19.32054],[-90.72864,19.32055],[-90.72863,19.32056],[-90.72862,19.32057],[-90.72861,19.32058],[-90.72861,19.32059],[-90.72861,19.3206],[-90.72861,19.32062],[-90.72862,19.32063],[-90.72862,19.32064],[-90.72863,19.32065],[-90.72864,19.32066],[-90.72866,19.32067],[-90.72867,19.32067],[-90.72843,19.32242],[-90.72841,19.32253],[-90.72813,19.32427],[-90.728,19.32527],[-90.72789,19.32615],[-90.72778,19.32721],[-90.72778,19.32721],[-90.72776,19.32735],[-90.72902,19.32752],[-90.73005,19.32767],[-90.73034,19.3277],[-90.7306,19.32774],[-90.73112,19.32781],[-90.73173,19.3279],[-90.73208,19.32795],[-90.73235,19.32802],[-90.73273,19.32815],[-90.73338,19.32852],[-90.73434,19.32915],[-90.73588,19.33018],[-90.73676,19.33076],[-90.73765,19.33133],[-90.73768,19.33135],[-90.73868,19.33193],[-90.7392,19.33113],[-90.7395,19.33068],[-90.74008,19.32979],[-90.74066,19.32891],[-90.74093,19.32855],[-90.74128,19.32809],[-90.74223,19.3269],[-90.74152,19.32652],[-90.74118,19.32634],[-90.74098,19.32623],[-90.74093,19.32621],[-90.74045,19.32594],[-90.74008,19.32575],[-90.74004,19.32573],[-90.73963,19.32551],[-90.73912,19.32524],[-90.73818,19.3248],[-90.7357,19.32356],[-90.73466,19.32306],[-90.7334,19.32235],[-90.73319,19.32223],[-90.73286,19.32205],[-90.73257,19.32188],[-90.73243,19.3218],[-90.73168,19.32143],[-90.73128,19.32121],[-90.73076,19.32097],[-90.73035,19.32086],[-90.7296,19.32072],[-90.72875,19.32061],[-90.72875,19.32059],[-90.72874,19.32058],[-90.72874,19.32057],[-90.72873,19.32056],[-90.72871,19.32055],[-90.7287,19.32054],[-90.72869,19.32054],[-90.72868,19.32054],[-90.72867,19.32054]]]}},{"type":"Feature","properties":{"cvegeo":"0400400011805","cve_ent":"04","fuente":"INEGI — Marco Geoestadístico 2024","fecha_corte":"2024-08","cve_mun":"04004","cve_ageb":"1805","cve_loc":"0001"},"geometry":{"type":"Polygon","coordinates":[[[-90.72634,19.33759],[-90.72755,19.33784],[-90.7292,19.33818],[-90.72959,19.33824],[-90.73012,19.33835],[-90.73081,19.33849],[-90.73143,19.33861],[-90.73222,19.33879],[-90.73224,19.3388],[-90.73265,19.33899],[-90.73355,19.33941],[-90.73406,19.33965],[-90.73425,19.33976],[-90.7345,19.33929],[-90.73488,19.33857],[-90.73509,19.33815],[-90.73513,19.33817],[-90.7353,19.33824],[-90.7353,19.33824],[-90.73537,19.33813],[-90.73552,19.33789],[-90.73583,19.33744],[-90.73592,19.3373],[-90.73598,19.33713],[-90.73603,19.33698],[-90.73605,19.33692],[-90.73612,19.33676],[-90.73619,19.33661],[-90.73628,19.33645],[-90.73634,19.33632],[-90.73641,19.3362],[-90.73649,19.33603],[-90.73653,19.33597],[-90.73661,19.33588],[-90.73665,19.33582],[-90.73674,19.33571],[-90.73682,19.33552],[-90.73694,19.33539],[-90.73704,19.33532],[-90.73708,19.33523],[-90.73715,19.33504],[-90.73722,19.33491],[-90.7373,19.33482],[-90.73738,19.33467],[-90.73749,19.33451],[-90.73753,19.33439],[-90.73777,19.33397],[-90.7379,19.3338],[-90.73844,19.33299],[-90.7385,19.33284],[-90.73853,19.33278],[-90.73862,19.33263],[-90.73865,19.33251],[-90.73872,19.33239],[-90.73878,19.33228],[-90.73887,19.3322],[-90.73894,19.33207],[-90.739,19.33194],[-90.73914,19.33178],[-90.73915,19.33178],[-90.7392,19.33171],[-90.73932,19.33151],[-90.73938,19.33142],[-90.73941,19.3314],[-90.7395,19.33126],[-90.73959,19.33115],[-90.73969,19.33099],[-90.73977,19.33085],[-90.73986,19.3307],[-90.74,19.33049],[-90.74009,19.33034],[-90.74019,19.33015],[-90.7403,19.32995],[-90.74034,19.32983],[-90.74041,19.32972],[-90.7405,19.32958],[-90.74062,19.32946],[-90.74077,19.32931],[-90.74104,19.32898],[-90.74115,19.32883],[-90.74121,19.32875],[-90.74093,19.32855],[-90.74066,19.32891],[-90.74008,19.32979],[-90.7395,19.33068],[-90.7392,19.33113],[-90.73868,19.33193],[-90.73815,19.33276],[-90.73752,19.33371],[-90.73698,19.33455],[-90.73669,19.335],[-90.73642,19.33547],[-90.73532,19.33505],[-90.73384,19.33451],[-90.73391,19.33428],[-90.73403,19.33382],[-90.73298,19.33362],[-90.73281,19.33416],[-90.73268,19.3346],[-90.73166,19.33438],[-90.73165,19.33441],[-90.73125,19.33432],[-90.7303,19.3341],[-90.72954,19.33388],[-90.72961,19.33359],[-90.72956,19.33349],[-90.7291,19.33329],[-90.72891,19.33364],[-90.72847,19.33448],[-90.72796,19.33536],[-90.72789,19.33535],[-90.72669,19.33508],[-90.7266,19.33569],[-90.72648,19.33659],[-90.72634,19.33759]]]}},{"type":"Feature","properties":{"cvegeo":"0400400012146","cve_ent":"04","fuente":"INEGI — Marco Geoestadístico 2024","fecha_corte":"2024-08","cve_mun":"04004","cve_ageb":"2146","cve_loc":"0001"},"geometry":{"type":"Polygon","coordinates":[[[-90.71527,19.34665],[-90.71631,19.34698],[-90.71651,19.3466],[-90.71679,19.34607],[-90.71708,19.34552],[-90.71708,19.34552],[-90.7182,19.34593],[-90.71895,19.34477],[-90.7194,19.34399],[-90.71977,19.34337],[-90.72015,19.34266],[-90.72029,19.34236],[-90.72042,19.34202],[-90.7207,19.34093],[-90.71964,19.34075],[-90.71852,19.3406],[-90.71795,19.34051],[-90.71738,19.34042],[-90.71636,19.34024],[-90.71509,19.34005],[-90.715,19.34005],[-90.71383,19.33948],[-90.71341,19.33991],[-90.71219,19.34143],[-90.71259,19.34164],[-90.71315,19.34191],[-90.71362,19.34215],[-90.71318,19.3431],[-90.71281,19.34389],[-90.71346,19.34415],[-90.71441,19.34456],[-90.71586,19.34509],[-90.71563,19.34569],[-90.71527,19.34665]]]}},{"type":"Feature","properties":{"cvegeo":"0400400012396","cve_ent":"04","fuente":"INEGI — Marco Geoestadístico 2024","fecha_corte":"2024-08","cve_mun":"04004","cve_ageb":"2396","cve_loc":"0001"},"geometry":{"type":"Polygon","coordinates":[[[-90.71391,19.33856],[-90.71429,19.33875],[-90.71437,19.33889],[-90.71463,19.33852],[-90.71648,19.33623],[-90.71698,19.33566],[-90.71732,19.33525],[-90.71728,19.3352],[-90.71732,19.33514],[-90.71687,19.33474],[-90.71638,19.33436],[-90.71585,19.33365],[-90.71364,19.33586],[-90.71405,19.33586],[-90.71545,19.3366],[-90.71391,19.33856]]]}},{"type":"Feature","properties":{"cvegeo":"0400400012150","cve_ent":"04","fuente":"INEGI — Marco Geoestadístico 2024","fecha_corte":"2024-08","cve_mun":"04004","cve_ageb":"2150","cve_loc":"0001"},"geometry":{"type":"Polygon","coordinates":[[[-90.71636,19.34024],[-90.71738,19.34042],[-90.71795,19.34051],[-90.71852,19.3406],[-90.71964,19.34075],[-90.7207,19.34093],[-90.72098,19.33979],[-90.72127,19.33874],[-90.72155,19.33775],[-90.72169,19.33723],[-90.72184,19.33669],[-90.72186,19.33658],[-90.72216,19.33556],[-90.72238,19.33479],[-90.72243,19.33461],[-90.72243,19.33451],[-90.72194,19.3344],[-90.72135,19.33426],[-90.72081,19.33414],[-90.72075,19.33417],[-90.72046,19.33413],[-90.72018,19.3341],[-90.71976,19.33401],[-90.71929,19.33394],[-90.71918,19.33438],[-90.71912,19.33458],[-90.71903,19.33487],[-90.71884,19.33547],[-90.71869,19.33607],[-90.7186,19.33608],[-90.71802,19.33597],[-90.71785,19.33586],[-90.71732,19.33525],[-90.71698,19.33566],[-90.71648,19.33623],[-90.71463,19.33852],[-90.71437,19.33889],[-90.71464,19.33906],[-90.715,19.34005],[-90.71509,19.34005],[-90.71636,19.34024]]]}},{"type":"Feature","properties":{"cvegeo":"040040001231A","cve_ent":"04","fuente":"INEGI — Marco Geoestadístico 2024","fecha_corte":"2024-08","cve_mun":"04004","cve_ageb":"231A","cve_loc":"0001"},"geometry":{"type":"Polygon","coordinates":[[[-90.73243,19.3218],[-90.73257,19.32188],[-90.73286,19.32205],[-90.73319,19.32223],[-90.73396,19.32118],[-90.73398,19.321],[-90.73437,19.32054],[-90.73447,19.32028],[-90.73493,19.32004],[-90.73505,19.31985],[-90.73525,19.31965],[-90.73542,19.3194],[-90.7357,19.31891],[-90.73565,19.31881],[-90.7357,19.31856],[-90.73576,19.31835],[-90.73576,19.3182],[-90.73576,19.31808],[-90.73578,19.31799],[-90.73584,19.31787],[-90.73605,19.31786],[-90.73616,19.31739],[-90.73618,19.3173],[-90.73628,19.31681],[-90.73635,19.31632],[-90.73635,19.31627],[-90.73496,19.31584],[-90.73487,19.31635],[-90.73481,19.31688],[-90.73468,19.31745],[-90.73383,19.31714],[-90.73378,19.31708],[-90.73192,19.31651],[-90.72929,19.31608],[-90.72868,19.32054],[-90.72869,19.32054],[-90.7287,19.32054],[-90.72871,19.32055],[-90.72873,19.32056],[-90.72874,19.32057],[-90.72874,19.32058],[-90.72875,19.32059],[-90.72875,19.32061],[-90.7296,19.32072],[-90.73035,19.32086],[-90.73076,19.32097],[-90.73128,19.32121],[-90.73168,19.32143],[-90.73243,19.3218]]]}},{"type":"Feature","properties":{"cvegeo":"0400400362292","cve_ent":"04","fuente":"INEGI — Marco Geoestadístico 2024","fecha_corte":"2024-08","cve_mun":"04004","cve_ageb":"2292","cve_loc":"0036"},"geometry":{"type":"Polygon","coordinates":[[[-90.57555,19.50264],[-90.57611,19.50285],[-90.57664,19.50302],[-90.57715,19.50322],[-90.57749,19.50335],[-90.57782,19.50268],[-90.57702,19.50225],[-90.57705,19.50217],[-90.57745,19.50135],[-90.57726,19.50126],[-90.57698,19.50115],[-90.57669,19.50109],[-90.57643,19.50108],[-90.57631,19.5011],[-90.57595,19.50119],[-90.57546,19.50139],[-90.57555,19.5017],[-90.57554,19.50178],[-90.5756,19.50196],[-90.57562,19.50201],[-90.57562,19.50231],[-90.57555,19.50263],[-90.57555,19.50264]]]}},{"type":"Feature","properties":{"cvegeo":"0400400011010","cve_ent":"04","fuente":"INEGI — Marco Geoestadístico 2024","fecha_corte":"2024-08","cve_mun":"04004","cve_ageb":"1010","cve_loc":"0001"},"geometry":{"type":"Polygon","coordinates":[[[-90.71238,19.35772],[-90.71245,19.35774],[-90.71252,19.35776],[-90.71278,19.35788],[-90.71335,19.35685],[-90.71362,19.35635],[-90.71387,19.35596],[-90.71465,19.35456],[-90.71473,19.35442],[-90.71503,19.35389],[-90.71554,19.35299],[-90.71571,19.35269],[-90.71609,19.35202],[-90.71683,19.35238],[-90.71704,19.35248],[-90.7177,19.3513],[-90.7181,19.35059],[-90.71864,19.34964],[-90.71956,19.34801],[-90.7203,19.34669],[-90.71928,19.34632],[-90.71887,19.34617],[-90.7182,19.34593],[-90.71708,19.34552],[-90.71708,19.34552],[-90.71679,19.34607],[-90.71651,19.3466],[-90.71631,19.34698],[-90.71527,19.34665],[-90.71481,19.34777],[-90.71436,19.34865],[-90.71395,19.34944],[-90.71394,19.34947],[-90.71321,19.35061],[-90.71316,19.3507],[-90.71267,19.35165],[-90.71216,19.3525],[-90.71181,19.3531],[-90.7117,19.35304],[-90.7113,19.3537],[-90.71087,19.35443],[-90.71066,19.35472],[-90.7106,19.35482],[-90.71051,19.35505],[-90.71046,19.3552],[-90.71042,19.35541],[-90.71039,19.35561],[-90.71041,19.35573],[-90.71046,19.35582],[-90.71061,19.35593],[-90.71066,19.35595],[-90.7106,19.35617],[-90.71052,19.35651],[-90.7098,19.35632],[-90.70941,19.35622],[-90.70941,19.35645],[-90.70943,19.35685],[-90.70944,19.35719],[-90.70985,19.35728],[-90.7103,19.35739],[-90.71073,19.35751],[-90.71129,19.35766],[-90.7113,19.35764],[-90.71162,19.35766],[-90.7122,19.3577],[-90.71238,19.35772]]]}},{"type":"Feature","properties":{"cvegeo":"0400405642502","cve_ent":"04","fuente":"INEGI — Marco Geoestadístico 2024","fecha_corte":"2024-08","cve_mun":"04004","cve_ageb":"2502","cve_loc":"0564"},"geometry":{"type":"Polygon","coordinates":[[[-90.50487,19.49437],[-90.50498,19.4947],[-90.5051,19.495],[-90.50532,19.49566],[-90.50542,19.49602],[-90.50552,19.49629],[-90.50565,19.49672],[-90.50581,19.49726],[-90.50589,19.49751],[-90.50596,19.49772],[-90.50711,19.49737],[-90.50736,19.49729],[-90.50876,19.49683],[-90.51018,19.49638],[-90.51161,19.49592],[-90.513,19.49545],[-90.5144,19.49497],[-90.51451,19.49526],[-90.51464,19.49564],[-90.51527,19.4954],[-90.51635,19.49504],[-90.51634,19.49503],[-90.51627,19.49477],[-90.51616,19.49437],[-90.51589,19.4937],[-90.51574,19.49306],[-90.51564,19.49285],[-90.51533,19.49219],[-90.5135,19.49273],[-90.51371,19.49327],[-90.51227,19.49364],[-90.51244,19.49411],[-90.51108,19.49455],[-90.51093,19.49413],[-90.50993,19.49442],[-90.50974,19.49352],[-90.50943,19.49166],[-90.50868,19.4893],[-90.50778,19.48956],[-90.50801,19.49024],[-90.50832,19.49115],[-90.50841,19.49143],[-90.50774,19.4916],[-90.50754,19.49166],[-90.50772,19.49227],[-90.50715,19.49244],[-90.50449,19.49323],[-90.50487,19.49437]]]}},{"type":"Feature","properties":{"cvegeo":"0400400012466","cve_ent":"04","fuente":"INEGI — Marco Geoestadístico 2024","fecha_corte":"2024-08","cve_mun":"04004","cve_ageb":"2466","cve_loc":"0001"},"geometry":{"type":"Polygon","coordinates":[[[-90.7122,19.36111],[-90.71237,19.36127],[-90.71261,19.36114],[-90.7124,19.36099],[-90.71229,19.36094],[-90.7125,19.3606],[-90.71276,19.36022],[-90.71311,19.35957],[-90.71206,19.35913],[-90.71223,19.35877],[-90.71227,19.35873],[-90.71273,19.35794],[-90.71278,19.35788],[-90.71252,19.35776],[-90.71245,19.35774],[-90.71238,19.35772],[-90.7122,19.3577],[-90.71162,19.35766],[-90.7113,19.35764],[-90.71129,19.35766],[-90.71073,19.35751],[-90.7103,19.35739],[-90.70985,19.35728],[-90.70944,19.35719],[-90.70943,19.35685],[-90.70941,19.35645],[-90.70941,19.35622],[-90.7098,19.35632],[-90.71052,19.35651],[-90.7106,19.35617],[-90.71066,19.35595],[-90.71061,19.35593],[-90.71046,19.35582],[-90.71041,19.35573],[-90.71039,19.35561],[-90.71042,19.35541],[-90.71046,19.3552],[-90.71051,19.35505],[-90.7106,19.35482],[-90.71066,19.35472],[-90.71087,19.35443],[-90.7113,19.3537],[-90.7117,19.35304],[-90.71181,19.3531],[-90.71216,19.3525],[-90.71149,19.35217],[-90.71108,19.35197],[-90.71066,19.35243],[-90.71052,19.35231],[-90.71041,19.35244],[-90.70983,19.35344],[-90.70968,19.35329],[-90.70922,19.35457],[-90.70919,19.35471],[-90.70894,19.35465],[-90.7086,19.35574],[-90.70841,19.35569],[-90.70838,19.3559],[-90.70799,19.35583],[-90.70757,19.35575],[-90.70743,19.35635],[-90.70452,19.35832],[-90.70839,19.35975],[-90.71013,19.36037],[-90.71033,19.36045],[-90.71049,19.36046],[-90.71056,19.36048],[-90.7105,19.36064],[-90.71065,19.36075],[-90.71117,19.36091],[-90.71122,19.36092],[-90.71205,19.36118],[-90.7122,19.36111]]]}},{"type":"Feature","properties":{"cvegeo":"0400400010012","cve_ent":"04","fuente":"INEGI — Marco Geoestadístico 2024","fecha_corte":"2024-08","cve_mun":"04004","cve_ageb":"0012","cve_loc":"0001"},"geometry":{"type":"Polygon","coordinates":[[[-90.71745,19.36217],[-90.71788,19.36248],[-90.71797,19.36238],[-90.71812,19.36215],[-90.71825,19.36191],[-90.71839,19.36168],[-90.71847,19.36156],[-90.71863,19.36134],[-90.71878,19.36111],[-90.71891,19.36087],[-90.71907,19.36064],[-90.71914,19.36053],[-90.71929,19.36029],[-90.71944,19.36007],[-90.71959,19.35983],[-90.71974,19.3596],[-90.7199,19.35938],[-90.72014,19.35904],[-90.72033,19.35884],[-90.72053,19.35865],[-90.72075,19.35848],[-90.72091,19.35837],[-90.72059,19.35809],[-90.72014,19.3578],[-90.7203,19.3575],[-90.72078,19.35666],[-90.72117,19.35591],[-90.72158,19.35507],[-90.7216,19.35503],[-90.72058,19.35431],[-90.71894,19.35342],[-90.71799,19.35294],[-90.71704,19.35248],[-90.71683,19.35238],[-90.71609,19.35202],[-90.71571,19.35269],[-90.71554,19.35299],[-90.71503,19.35389],[-90.71473,19.35442],[-90.71465,19.35456],[-90.71387,19.35596],[-90.71362,19.35635],[-90.71335,19.35685],[-90.71278,19.35788],[-90.71273,19.35794],[-90.71227,19.35873],[-90.71223,19.35877],[-90.71206,19.35913],[-90.71311,19.35957],[-90.71276,19.36022],[-90.7125,19.3606],[-90.71229,19.36094],[-90.7124,19.36099],[-90.71261,19.36114],[-90.71267,19.36109],[-90.71361,19.36044],[-90.71382,19.36009],[-90.71393,19.36015],[-90.71414,19.36024],[-90.71447,19.36038],[-90.71667,19.36118],[-90.71709,19.36135],[-90.71714,19.36136],[-90.71711,19.36144],[-90.71708,19.36155],[-90.71708,19.36165],[-90.7171,19.36177],[-90.71714,19.36187],[-90.71727,19.36202],[-90.71745,19.36217]]]}},{"type":"Feature","properties":{"cvegeo":"0400400362536","cve_ent":"04","fuente":"INEGI — Marco Geoestadístico 2024","fecha_corte":"2024-08","cve_mun":"04004","cve_ageb":"2536","cve_loc":"0036"},"geometry":{"type":"Polygon","coordinates":[[[-90.58035,19.50658],[-90.58038,19.50692],[-90.58141,19.50715],[-90.58158,19.50606],[-90.58157,19.50602],[-90.58156,19.50595],[-90.58161,19.50551],[-90.5816,19.50524],[-90.58185,19.50511],[-90.58271,19.50468],[-90.58309,19.50453],[-90.58326,19.50443],[-90.58345,19.50431],[-90.58359,19.50416],[-90.58384,19.50372],[-90.58392,19.50364],[-90.58405,19.50339],[-90.58424,19.50297],[-90.58427,19.50291],[-90.58441,19.50244],[-90.58442,19.50233],[-90.58441,19.50205],[-90.58435,19.5012],[-90.58435,19.50106],[-90.58447,19.50055],[-90.58451,19.50039],[-90.5848,19.4995],[-90.58478,19.49945],[-90.5849,19.49893],[-90.58502,19.49822],[-90.58516,19.49777],[-90.58521,19.49769],[-90.58551,19.49666],[-90.58566,19.49625],[-90.58592,19.49534],[-90.58592,19.49534],[-90.58542,19.49545],[-90.58442,19.49514],[-90.58442,19.49514],[-90.58456,19.49473],[-90.58456,19.49473],[-90.58198,19.4945],[-90.58184,19.4946],[-90.58152,19.49527],[-90.58122,19.4959],[-90.58032,19.49547],[-90.57938,19.49563],[-90.57948,19.49672],[-90.57993,19.4968],[-90.57945,19.49913],[-90.57773,19.49956],[-90.57775,19.49948],[-90.57786,19.49931],[-90.57765,19.49919],[-90.57631,19.5011],[-90.57643,19.50108],[-90.57669,19.50109],[-90.57698,19.50115],[-90.57726,19.50126],[-90.57745,19.50135],[-90.57705,19.50217],[-90.57702,19.50225],[-90.57782,19.50268],[-90.57749,19.50335],[-90.57724,19.50389],[-90.57729,19.50389],[-90.57771,19.50411],[-90.57768,19.5054],[-90.57768,19.5054],[-90.57796,19.50532],[-90.57842,19.50517],[-90.57872,19.50501],[-90.57943,19.50507],[-90.58,19.50519],[-90.58022,19.50528],[-90.58049,19.50557],[-90.58049,19.50557],[-90.5804,19.50566],[-90.58034,19.50579],[-90.58031,19.50594],[-90.58034,19.50649],[-90.58035,19.50658]]]}},{"type":"Feature","properties":{"cvegeo":"0400400362447","cve_ent":"04","fuente":"INEGI — Marco Geoestadístico 2024","fecha_corte":"2024-08","cve_mun":"04004","cve_ageb":"2447","cve_loc":"0036"},"geometry":{"type":"Polygon","coordinates":[[[-90.59075,19.49984],[-90.59074,19.49999],[-90.59069,19.50035],[-90.5914,19.50022],[-90.59133,19.49985],[-90.59133,19.49985],[-90.59076,19.49984],[-90.59075,19.49984],[-90.59075,19.49984]]]}},{"type":"Feature","properties":{"cvegeo":"0400400362288","cve_ent":"04","fuente":"INEGI — Marco Geoestadístico 2024","fecha_corte":"2024-08","cve_mun":"04004","cve_ageb":"2288","cve_loc":"0036"},"geometry":{"type":"Polygon","coordinates":[[[-90.5899,19.50262],[-90.59002,19.50279],[-90.5902,19.50289],[-90.59098,19.50216],[-90.59064,19.50194],[-90.59057,19.502],[-90.59015,19.50239],[-90.5899,19.50262]]]}},{"type":"Feature","properties":{"cvegeo":"0400400362521","cve_ent":"04","fuente":"INEGI — Marco Geoestadístico 2024","fecha_corte":"2024-08","cve_mun":"04004","cve_ageb":"2521","cve_loc":"0036"},"geometry":{"type":"Polygon","coordinates":[[[-90.58141,19.50715],[-90.58254,19.50747],[-90.58317,19.50753],[-90.58324,19.50732],[-90.58557,19.50732],[-90.58565,19.50742],[-90.58594,19.5077],[-90.58664,19.50649],[-90.58747,19.50521],[-90.58817,19.50468],[-90.5884,19.50449],[-90.58862,19.50427],[-90.58877,19.5041],[-90.58861,19.50379],[-90.58888,19.50354],[-90.5899,19.50262],[-90.59015,19.50239],[-90.59057,19.502],[-90.59064,19.50194],[-90.5916,19.50106],[-90.59244,19.50033],[-90.59256,19.50026],[-90.59274,19.50014],[-90.59297,19.50002],[-90.59283,19.49998],[-90.5914,19.50022],[-90.59069,19.50035],[-90.59074,19.49999],[-90.59075,19.49984],[-90.59079,19.4992],[-90.59074,19.4991],[-90.58985,19.49918],[-90.58885,19.49917],[-90.58904,19.49817],[-90.58874,19.49803],[-90.58825,19.49798],[-90.5884,19.49669],[-90.58608,19.49666],[-90.58551,19.49666],[-90.58521,19.49769],[-90.58516,19.49777],[-90.58502,19.49822],[-90.5849,19.49893],[-90.58478,19.49945],[-90.5848,19.4995],[-90.58451,19.50039],[-90.58447,19.50055],[-90.58435,19.50106],[-90.58435,19.5012],[-90.58441,19.50205],[-90.58442,19.50233],[-90.58441,19.50244],[-90.58427,19.50291],[-90.58424,19.50297],[-90.58405,19.50339],[-90.58392,19.50364],[-90.58384,19.50372],[-90.58359,19.50416],[-90.58345,19.50431],[-90.58326,19.50443],[-90.58309,19.50453],[-90.58271,19.50468],[-90.58185,19.50511],[-90.5816,19.50524],[-90.58161,19.50551],[-90.58156,19.50595],[-90.58157,19.50602],[-90.58158,19.50606],[-90.58141,19.50715]]]}},{"type":"Feature","properties":{"cvegeo":"0400400011699","cve_ent":"04","fuente":"INEGI — Marco Geoestadístico 2024","fecha_corte":"2024-08","cve_mun":"04004","cve_ageb":"1699","cve_loc":"0001"},"geometry":{"type":"Polygon","coordinates":[[[-90.72299,19.32756],[-90.72355,19.32765],[-90.72389,19.32771],[-90.724,19.32775],[-90.72513,19.32789],[-90.72523,19.32689],[-90.72632,19.32702],[-90.72778,19.32721],[-90.72789,19.32615],[-90.728,19.32527],[-90.728,19.32527],[-90.72648,19.32503],[-90.72558,19.32484],[-90.72442,19.32466],[-90.72432,19.32571],[-90.72427,19.32619],[-90.72328,19.32596],[-90.72334,19.3257],[-90.72317,19.32565],[-90.72295,19.32574],[-90.72283,19.32545],[-90.72273,19.32537],[-90.72257,19.32534],[-90.72247,19.32534],[-90.72148,19.32523],[-90.72172,19.32465],[-90.7219,19.32425],[-90.72197,19.32408],[-90.72222,19.32368],[-90.72238,19.32349],[-90.72255,19.32334],[-90.72277,19.32304],[-90.72305,19.32266],[-90.72311,19.3226],[-90.72295,19.32247],[-90.72206,19.3233],[-90.72193,19.32327],[-90.72161,19.32355],[-90.72103,19.32327],[-90.72093,19.32339],[-90.72068,19.32372],[-90.72067,19.32372],[-90.72063,19.32374],[-90.72063,19.32374],[-90.72059,19.32376],[-90.72019,19.32451],[-90.71982,19.32523],[-90.71976,19.32545],[-90.71976,19.32555],[-90.72037,19.3256],[-90.72036,19.3262],[-90.72035,19.32672],[-90.72037,19.32719],[-90.72043,19.32726],[-90.72134,19.32743],[-90.72234,19.32754],[-90.7224,19.32752],[-90.72299,19.32756]]]}},{"type":"Feature","properties":{"cvegeo":"040040091199A","cve_ent":"04","fuente":"INEGI — Marco Geoestadístico 2024","fecha_corte":"2024-08","cve_mun":"04004","cve_ageb":"199A","cve_loc":"0091"},"geometry":{"type":"Polygon","coordinates":[[[-90.80236,19.06127],[-90.80236,19.06223],[-90.80345,19.06221],[-90.80447,19.0622],[-90.80556,19.06217],[-90.80664,19.06214],[-90.80661,19.06113],[-90.80658,19.06013],[-90.80655,19.05911],[-90.80653,19.05809],[-90.80651,19.0571],[-90.80648,19.05609],[-90.80648,19.0551],[-90.80644,19.0551],[-90.8064,19.05456],[-90.80625,19.0541],[-90.80606,19.05365],[-90.8059,19.05318],[-90.80567,19.05252],[-90.80556,19.05224],[-90.8055,19.05213],[-90.8042,19.05216],[-90.8032,19.05216],[-90.80199,19.05217],[-90.80206,19.05342],[-90.80212,19.05415],[-90.80219,19.05415],[-90.80221,19.05515],[-90.80225,19.05616],[-90.80226,19.05717],[-90.80232,19.05822],[-90.80231,19.05922],[-90.80234,19.06019],[-90.80236,19.06127]]]}},{"type":"Feature","properties":{"cvegeo":"0400400012269","cve_ent":"04","fuente":"INEGI — Marco Geoestadístico 2024","fecha_corte":"2024-08","cve_mun":"04004","cve_ageb":"2269","cve_loc":"0001"},"geometry":{"type":"Polygon","coordinates":[[[-90.71108,19.35197],[-90.71149,19.35217],[-90.71216,19.3525],[-90.71267,19.35165],[-90.71316,19.3507],[-90.71321,19.35061],[-90.71394,19.34947],[-90.71395,19.34944],[-90.71436,19.34865],[-90.71481,19.34777],[-90.71527,19.34665],[-90.71563,19.34569],[-90.71586,19.34509],[-90.71441,19.34456],[-90.71346,19.34415],[-90.71281,19.34389],[-90.71318,19.3431],[-90.71362,19.34215],[-90.71315,19.34191],[-90.71259,19.34164],[-90.71216,19.34257],[-90.7118,19.34341],[-90.7109,19.34302],[-90.71063,19.34368],[-90.71044,19.34357],[-90.70981,19.34437],[-90.70948,19.34482],[-90.70948,19.34483],[-90.7091,19.34528],[-90.70886,19.34581],[-90.70867,19.34623],[-90.70866,19.34623],[-90.70865,19.34626],[-90.70907,19.34651],[-90.70864,19.34726],[-90.70937,19.34746],[-90.70917,19.34794],[-90.709,19.3484],[-90.70882,19.34888],[-90.70857,19.34938],[-90.70957,19.34963],[-90.7095,19.34974],[-90.70979,19.34989],[-90.71001,19.34948],[-90.71168,19.35034],[-90.71115,19.35196],[-90.71108,19.35197]]]}},{"type":"Feature","properties":{"cvegeo":"0400400012273","cve_ent":"04","fuente":"INEGI — Marco Geoestadístico 2024","fecha_corte":"2024-08","cve_mun":"04004","cve_ageb":"2273","cve_loc":"0001"},"geometry":{"type":"Polygon","coordinates":[[[-90.71748,19.33397],[-90.71802,19.33419],[-90.71732,19.33514],[-90.71728,19.3352],[-90.71732,19.33525],[-90.71785,19.33586],[-90.71802,19.33597],[-90.7186,19.33608],[-90.71869,19.33607],[-90.71884,19.33547],[-90.71903,19.33487],[-90.71912,19.33458],[-90.71918,19.33438],[-90.71929,19.33394],[-90.71976,19.33401],[-90.72018,19.3341],[-90.72046,19.33413],[-90.72075,19.33417],[-90.72081,19.33414],[-90.72135,19.33426],[-90.72194,19.3344],[-90.72243,19.33451],[-90.72332,19.33474],[-90.72354,19.33485],[-90.72364,19.33493],[-90.7237,19.3349],[-90.72382,19.33486],[-90.72394,19.33484],[-90.72401,19.33483],[-90.72446,19.33477],[-90.72496,19.33477],[-90.72521,19.33477],[-90.72557,19.33484],[-90.72617,19.33497],[-90.72669,19.33508],[-90.72679,19.33428],[-90.72688,19.33368],[-90.727,19.33282],[-90.7271,19.33209],[-90.72718,19.33155],[-90.72719,19.33147],[-90.72736,19.33029],[-90.72749,19.32929],[-90.72762,19.32837],[-90.72764,19.32822],[-90.72622,19.32804],[-90.72513,19.32789],[-90.724,19.32775],[-90.72389,19.32771],[-90.72355,19.32765],[-90.72299,19.32756],[-90.7224,19.32752],[-90.72234,19.32754],[-90.72134,19.32743],[-90.72043,19.32726],[-90.72042,19.32735],[-90.72036,19.32747],[-90.72029,19.32759],[-90.72021,19.32778],[-90.72014,19.32803],[-90.72001,19.32837],[-90.71997,19.32849],[-90.71991,19.32906],[-90.71985,19.3293],[-90.71985,19.32932],[-90.71981,19.32943],[-90.71979,19.32936],[-90.71978,19.32923],[-90.71972,19.32916],[-90.71966,19.32914],[-90.71941,19.32914],[-90.71918,19.32911],[-90.71903,19.32911],[-90.71888,19.32907],[-90.71868,19.32906],[-90.71847,19.3291],[-90.71829,19.32911],[-90.71822,19.32908],[-90.71809,19.32905],[-90.71799,19.32904],[-90.71761,19.32903],[-90.71743,19.32899],[-90.7172,19.32887],[-90.71707,19.32905],[-90.71649,19.32972],[-90.71617,19.33006],[-90.71613,19.33009],[-90.7161,19.33013],[-90.7161,19.33013],[-90.7159,19.33045],[-90.71716,19.33168],[-90.71756,19.33207],[-90.71696,19.33295],[-90.71738,19.33307],[-90.71742,19.33308],[-90.71689,19.33373],[-90.71748,19.33397]]]}},{"type":"Feature","properties":{"cvegeo":"0400400012517","cve_ent":"04","fuente":"INEGI — Marco Geoestadístico 2024","fecha_corte":"2024-08","cve_mun":"04004","cve_ageb":"2517","cve_loc":"0001"},"geometry":{"type":"Polygon","coordinates":[[[-90.71509,19.32898],[-90.71503,19.32918],[-90.71487,19.32948],[-90.715,19.32958],[-90.71513,19.32964],[-90.71521,19.32966],[-90.71537,19.32994],[-90.71544,19.33006],[-90.71566,19.33015],[-90.71593,19.33019],[-90.7161,19.33013],[-90.7161,19.33013],[-90.71613,19.33009],[-90.71617,19.33006],[-90.71649,19.32972],[-90.71707,19.32905],[-90.7172,19.32887],[-90.71743,19.32899],[-90.71761,19.32903],[-90.71799,19.32904],[-90.71809,19.32905],[-90.71822,19.32908],[-90.71829,19.32911],[-90.71847,19.3291],[-90.71868,19.32906],[-90.71888,19.32907],[-90.71903,19.32911],[-90.71918,19.32911],[-90.71941,19.32914],[-90.71966,19.32914],[-90.71972,19.32916],[-90.71978,19.32923],[-90.71979,19.32936],[-90.71981,19.32943],[-90.71985,19.32932],[-90.71985,19.3293],[-90.71991,19.32906],[-90.71997,19.32849],[-90.72001,19.32837],[-90.72014,19.32803],[-90.72021,19.32778],[-90.72029,19.32759],[-90.72036,19.32747],[-90.72042,19.32735],[-90.72043,19.32726],[-90.72037,19.32719],[-90.72035,19.32672],[-90.72036,19.3262],[-90.72037,19.3256],[-90.71976,19.32555],[-90.7196,19.3259],[-90.71946,19.3262],[-90.71935,19.3261],[-90.71924,19.32603],[-90.71909,19.32595],[-90.71891,19.32588],[-90.71861,19.32586],[-90.7184,19.32581],[-90.71825,19.32557],[-90.71793,19.32501],[-90.71791,19.32495],[-90.71788,19.32496],[-90.71735,19.32517],[-90.71708,19.32524],[-90.71697,19.32524],[-90.71672,19.32516],[-90.71626,19.32508],[-90.71562,19.32496],[-90.71511,19.32486],[-90.71446,19.32472],[-90.71421,19.32522],[-90.71364,19.32502],[-90.71343,19.32555],[-90.71395,19.32575],[-90.7138,19.32599],[-90.7137,19.32617],[-90.7135,19.32654],[-90.71347,19.32656],[-90.7139,19.32678],[-90.71439,19.32705],[-90.71491,19.32734],[-90.71528,19.32754],[-90.71546,19.32764],[-90.71545,19.32778],[-90.71542,19.32792],[-90.71541,19.32805],[-90.71548,19.32816],[-90.71553,19.3282],[-90.71549,19.32827],[-90.71531,19.32844],[-90.71509,19.32898]]]}},{"type":"Feature","properties":{"cvegeo":"0400600010977","cve_ent":"04","fuente":"INEGI — Marco Geoestadístico 2024","fecha_corte":"2024-08","cve_mun":"04006","cve_ageb":"0977","cve_loc":"0001"},"geometry":{"type":"Polygon","coordinates":[[[-89.84279,19.74185],[-89.84395,19.74232],[-89.84454,19.74256],[-89.84432,19.7429],[-89.84425,19.74307],[-89.84423,19.7432],[-89.84422,19.74328],[-89.84454,19.74346],[-89.8445,19.74427],[-89.845,19.74438],[-89.84502,19.74431],[-89.84509,19.74413],[-89.84523,19.74376],[-89.84535,19.74341],[-89.84548,19.74298],[-89.84572,19.74202],[-89.84678,19.74218],[-89.84679,19.7418],[-89.84704,19.74159],[-89.84719,19.74143],[-89.84723,19.74133],[-89.84728,19.74114],[-89.84731,19.74108],[-89.84761,19.74086],[-89.84792,19.74075],[-89.84829,19.74068],[-89.84846,19.74064],[-89.84875,19.74062],[-89.84868,19.74078],[-89.84857,19.74113],[-89.84866,19.74147],[-89.84863,19.74161],[-89.8486,19.74166],[-89.84855,19.74171],[-89.84839,19.7418],[-89.84828,19.74183],[-89.84801,19.74191],[-89.84784,19.74199],[-89.84729,19.74233],[-89.84727,19.74236],[-89.84726,19.74237],[-89.84725,19.74238],[-89.84724,19.7424],[-89.84676,19.74325],[-89.84731,19.74342],[-89.84782,19.7435],[-89.84809,19.74353],[-89.84836,19.74359],[-89.84868,19.74374],[-89.84925,19.74406],[-89.84935,19.74411],[-89.8495,19.74415],[-89.85112,19.74443],[-89.85115,19.74444],[-89.8517,19.74456],[-89.85224,19.74469],[-89.85289,19.74495],[-89.85336,19.74435],[-89.85335,19.74432],[-89.85336,19.74429],[-89.85396,19.74359],[-89.85451,19.74389],[-89.85514,19.74426],[-89.85533,19.74437],[-89.85588,19.74468],[-89.85598,19.74449],[-89.85612,19.74422],[-89.85682,19.74291],[-89.85805,19.74],[-89.85819,19.73957],[-89.8582,19.73953],[-89.85819,19.7395],[-89.85813,19.73902],[-89.85791,19.73848],[-89.85761,19.73807],[-89.85709,19.73769],[-89.85245,19.73625],[-89.8493,19.73528],[-89.84698,19.73456],[-89.84653,19.73445],[-89.84614,19.7344],[-89.84534,19.73442],[-89.84489,19.73442],[-89.84462,19.73438],[-89.84433,19.73428],[-89.84286,19.73345],[-89.84196,19.733],[-89.83783,19.73165],[-89.83697,19.73125],[-89.83698,19.73133],[-89.83743,19.73338],[-89.8377,19.7346],[-89.83784,19.73527],[-89.83799,19.73593],[-89.83814,19.73631],[-89.83877,19.73736],[-89.83879,19.7374],[-89.83929,19.73833],[-89.84006,19.73975],[-89.84055,19.73942],[-89.84088,19.74001],[-89.84108,19.74049],[-89.84127,19.74078],[-89.84186,19.74143],[-89.84187,19.74142],[-89.84239,19.74166],[-89.84279,19.74185]]]}},{"type":"Feature","properties":{"cvegeo":"0400600231176","cve_ent":"04","fuente":"INEGI — Marco Geoestadístico 2024","fecha_corte":"2024-08","cve_mun":"04006","cve_ageb":"1176","cve_loc":"0023"},"geometry":{"type":"Polygon","coordinates":[[[-89.59631,19.5767],[-89.59738,19.5771],[-89.59692,19.57755],[-89.59659,19.57805],[-89.59637,19.57867],[-89.59622,19.57948],[-89.59647,19.57957],[-89.59766,19.57986],[-89.59888,19.58018],[-89.60011,19.58049],[-89.60115,19.58079],[-89.60232,19.58113],[-89.60351,19.58145],[-89.60469,19.58176],[-89.60593,19.58209],[-89.60724,19.5824],[-89.60746,19.58145],[-89.60768,19.58066],[-89.60798,19.57967],[-89.60857,19.57749],[-89.60749,19.57728],[-89.60752,19.57718],[-89.60763,19.5768],[-89.60771,19.57655],[-89.60772,19.57653],[-89.60662,19.57626],[-89.60636,19.57706],[-89.605,19.57682],[-89.60387,19.57662],[-89.6026,19.57637],[-89.60162,19.57605],[-89.60054,19.57568],[-89.60085,19.57481],[-89.59968,19.5746],[-89.59887,19.57444],[-89.59873,19.5744],[-89.59838,19.57502],[-89.59756,19.57477],[-89.59695,19.57562],[-89.59679,19.57557],[-89.59631,19.5767]]]}},{"type":"Feature","properties":{"cvegeo":"0400600231227","cve_ent":"04","fuente":"INEGI — Marco Geoestadístico 2024","fecha_corte":"2024-08","cve_mun":"04006","cve_ageb":"1227","cve_loc":"0023"},"geometry":{"type":"Polygon","coordinates":[[[-89.59802,19.57306],[-89.59811,19.57308],[-89.59903,19.57332],[-89.59935,19.57214],[-89.59808,19.57179],[-89.59802,19.57306]]]}},{"type":"Feature","properties":{"cvegeo":"0400600231265","cve_ent":"04","fuente":"INEGI — Marco Geoestadístico 2024","fecha_corte":"2024-08","cve_mun":"04006","cve_ageb":"1265","cve_loc":"0023"},"geometry":{"type":"Polygon","coordinates":[[[-89.59756,19.57477],[-89.59838,19.57502],[-89.59873,19.5744],[-89.59872,19.57435],[-89.59867,19.57428],[-89.59881,19.57411],[-89.59903,19.57332],[-89.59811,19.57308],[-89.59783,19.57412],[-89.59778,19.57429],[-89.59773,19.57428],[-89.59756,19.57425],[-89.59738,19.57471],[-89.59738,19.57471],[-89.59756,19.57477]]]}},{"type":"Feature","properties":{"cvegeo":"0400600011000","cve_ent":"04","fuente":"INEGI — Marco Geoestadístico 2024","fecha_corte":"2024-08","cve_mun":"04006","cve_ageb":"1000","cve_loc":"0001"},"geometry":{"type":"Polygon","coordinates":[[[-89.83603,19.75345],[-89.83551,19.7545],[-89.83703,19.75524],[-89.83703,19.75524],[-89.83702,19.75531],[-89.8369,19.75606],[-89.83689,19.75612],[-89.83689,19.75613],[-89.83761,19.75652],[-89.83768,19.75834],[-89.83826,19.75859],[-89.83827,19.75859],[-89.83828,19.75853],[-89.83904,19.75618],[-89.83932,19.75532],[-89.83962,19.75449],[-89.83853,19.75418],[-89.83732,19.75385],[-89.83604,19.75344],[-89.83603,19.75345]]]}},{"type":"Feature","properties":{"cvegeo":"0400600010981","cve_ent":"04","fuente":"INEGI — Marco Geoestadístico 2024","fecha_corte":"2024-08","cve_mun":"04006","cve_ageb":"0981","cve_loc":"0001"},"geometry":{"type":"Polygon","coordinates":[[[-89.85225,19.74774],[-89.8523,19.74778],[-89.85259,19.748],[-89.85278,19.74813],[-89.85299,19.74827],[-89.85308,19.74833],[-89.85327,19.74845],[-89.85373,19.74878],[-89.85413,19.74921],[-89.8542,19.74935],[-89.85421,19.74931],[-89.85435,19.74838],[-89.85435,19.74833],[-89.85441,19.74798],[-89.85443,19.74782],[-89.85445,19.74771],[-89.85467,19.74698],[-89.85523,19.74591],[-89.85535,19.74567],[-89.85588,19.74468],[-89.85533,19.74437],[-89.85514,19.74426],[-89.85451,19.74389],[-89.85396,19.74359],[-89.85336,19.74429],[-89.85335,19.74432],[-89.85336,19.74435],[-89.85289,19.74495],[-89.85212,19.74596],[-89.85183,19.74633],[-89.85131,19.74696],[-89.85129,19.74699],[-89.85133,19.74701],[-89.85216,19.74767],[-89.85225,19.74774]]]}},{"type":"Feature","properties":{"cvegeo":"0400600011104","cve_ent":"04","fuente":"INEGI — Marco Geoestadístico 2024","fecha_corte":"2024-08","cve_mun":"04006","cve_ageb":"1104","cve_loc":"0001"},"geometry":{"type":"Polygon","coordinates":[[[-89.84375,19.74798],[-89.84395,19.74804],[-89.84451,19.74826],[-89.84495,19.74846],[-89.84547,19.7487],[-89.84622,19.74897],[-89.84664,19.74912],[-89.84725,19.74928],[-89.84766,19.74937],[-89.84917,19.74969],[-89.85039,19.75011],[-89.85044,19.75001],[-89.8505,19.74988],[-89.85061,19.74974],[-89.85076,19.74954],[-89.85096,19.74929],[-89.85101,19.74922],[-89.85107,19.74915],[-89.85129,19.74889],[-89.85158,19.74853],[-89.85198,19.74805],[-89.85219,19.7478],[-89.85225,19.74774],[-89.85216,19.74767],[-89.85133,19.74701],[-89.85129,19.74699],[-89.85131,19.74696],[-89.85183,19.74633],[-89.85212,19.74596],[-89.85289,19.74495],[-89.85224,19.74469],[-89.8517,19.74456],[-89.85115,19.74444],[-89.85112,19.74443],[-89.8495,19.74415],[-89.84935,19.74411],[-89.84925,19.74406],[-89.84868,19.74374],[-89.84836,19.74359],[-89.84809,19.74353],[-89.84782,19.7435],[-89.84731,19.74342],[-89.84676,19.74325],[-89.84724,19.7424],[-89.84725,19.74238],[-89.84726,19.74237],[-89.84727,19.74236],[-89.84729,19.74233],[-89.84784,19.74199],[-89.84801,19.74191],[-89.84828,19.74183],[-89.84839,19.7418],[-89.84855,19.74171],[-89.8486,19.74166],[-89.84863,19.74161],[-89.84866,19.74147],[-89.84857,19.74113],[-89.84868,19.74078],[-89.84875,19.74062],[-89.84846,19.74064],[-89.84829,19.74068],[-89.84792,19.74075],[-89.84761,19.74086],[-89.84731,19.74108],[-89.84728,19.74114],[-89.84723,19.74133],[-89.84719,19.74143],[-89.84704,19.74159],[-89.84679,19.7418],[-89.84678,19.74218],[-89.84572,19.74202],[-89.84548,19.74298],[-89.84535,19.74341],[-89.84523,19.74376],[-89.84509,19.74413],[-89.84502,19.74431],[-89.845,19.74438],[-89.84518,19.74445],[-89.84513,19.74461],[-89.84505,19.74483],[-89.84505,19.74503],[-89.84479,19.74574],[-89.84481,19.74574],[-89.84464,19.74608],[-89.84453,19.74632],[-89.84446,19.74647],[-89.84434,19.7467],[-89.84425,19.74688],[-89.84413,19.74714],[-89.84402,19.74736],[-89.84388,19.74767],[-89.84375,19.74798]]]}},{"type":"Feature","properties":{"cvegeo":"0400600231212","cve_ent":"04","fuente":"INEGI — Marco Geoestadístico 2024","fecha_corte":"2024-08","cve_mun":"04006","cve_ageb":"1212","cve_loc":"0023"},"geometry":{"type":"Polygon","coordinates":[[[-89.60025,19.58771],[-89.60157,19.58817],[-89.60256,19.58843],[-89.60319,19.5865],[-89.60364,19.58525],[-89.60252,19.58489],[-89.60214,19.58615],[-89.60089,19.58568],[-89.60055,19.58671],[-89.60025,19.58771]]]}},{"type":"Feature","properties":{"cvegeo":"0400600031142","cve_ent":"04","fuente":"INEGI — Marco Geoestadístico 2024","fecha_corte":"2024-08","cve_mun":"04006","cve_ageb":"1142","cve_loc":"0003"},"geometry":{"type":"Polygon","coordinates":[[[-89.75413,20.0002],[-89.75298,20.00075],[-89.75314,20.00113],[-89.75355,20.00202],[-89.75372,20.00238],[-89.75387,20.00274],[-89.75386,20.00315],[-89.75394,20.0033],[-89.75509,20.00372],[-89.75565,20.00278],[-89.75604,20.00174],[-89.75619,20.00151],[-89.75629,20.00129],[-89.75634,20.0012],[-89.75667,20.0005],[-89.75676,20.00023],[-89.75662,20.0001],[-89.75694,19.99971],[-89.75697,19.99966],[-89.75719,19.99927],[-89.75636,19.99874],[-89.75585,19.99903],[-89.75567,19.99929],[-89.75563,19.99935],[-89.75268,19.99696],[-89.75232,19.99669],[-89.75116,19.99572],[-89.75014,19.99551],[-89.74996,19.99611],[-89.74958,19.99745],[-89.74985,19.99749],[-89.75021,19.99759],[-89.75038,19.99769],[-89.75052,19.99781],[-89.75107,19.99848],[-89.75133,19.99878],[-89.7519,19.99927],[-89.75203,19.99941],[-89.75212,19.99953],[-89.75218,19.9998],[-89.75228,20.00049],[-89.75313,20.00022],[-89.75395,19.99992],[-89.75413,20.0002]]]}},{"type":"Feature","properties":{"cvegeo":"0400600031195","cve_ent":"04","fuente":"INEGI — Marco Geoestadístico 2024","fecha_corte":"2024-08","cve_mun":"04006","cve_ageb":"1195","cve_loc":"0003"},"geometry":{"type":"Polygon","coordinates":[[[-89.74941,19.99591],[-89.74913,19.99734],[-89.74958,19.99745],[-89.74996,19.99611],[-89.74941,19.99591]]]}},{"type":"Feature","properties":{"cvegeo":"0400600031231","cve_ent":"04","fuente":"INEGI — Marco Geoestadístico 2024","fecha_corte":"2024-08","cve_mun":"04006","cve_ageb":"1231","cve_loc":"0003"},"geometry":{"type":"Polygon","coordinates":[[[-89.75411,20.00408],[-89.75413,20.00451],[-89.75414,20.00453],[-89.75358,20.00495],[-89.75353,20.00506],[-89.75347,20.00545],[-89.75336,20.00592],[-89.75334,20.00627],[-89.7532,20.00671],[-89.75339,20.00726],[-89.75342,20.00732],[-89.75509,20.00505],[-89.75556,20.0044],[-89.75579,20.00396],[-89.75593,20.00401],[-89.75652,20.00438],[-89.75677,20.00436],[-89.75703,20.00122],[-89.75706,20.00085],[-89.75706,20.00079],[-89.75707,20.00023],[-89.75708,20.00019],[-89.75737,19.99944],[-89.75719,19.99927],[-89.75697,19.99966],[-89.75694,19.99971],[-89.75662,20.0001],[-89.75676,20.00023],[-89.75667,20.0005],[-89.75634,20.0012],[-89.75629,20.00129],[-89.75619,20.00151],[-89.75604,20.00174],[-89.75565,20.00278],[-89.75509,20.00372],[-89.75394,20.0033],[-89.75411,20.00408]]]}},{"type":"Feature","properties":{"cvegeo":"0400600011091","cve_ent":"04","fuente":"INEGI — Marco Geoestadístico 2024","fecha_corte":"2024-08","cve_mun":"04006","cve_ageb":"1091","cve_loc":"0001"},"geometry":{"type":"Polygon","coordinates":[[[-89.84041,19.75287],[-89.84012,19.75319],[-89.83998,19.75352],[-89.83962,19.75449],[-89.83932,19.75532],[-89.83904,19.75618],[-89.83995,19.75654],[-89.84002,19.7565],[-89.84007,19.75642],[-89.84051,19.75568],[-89.84092,19.75497],[-89.84131,19.75434],[-89.84132,19.75432],[-89.84148,19.75406],[-89.84155,19.75394],[-89.84191,19.7534],[-89.84195,19.75339],[-89.84204,19.75338],[-89.84211,19.75337],[-89.84212,19.75337],[-89.84223,19.75336],[-89.84314,19.75323],[-89.8432,19.75322],[-89.84321,19.75322],[-89.84323,19.75322],[-89.84332,19.75321],[-89.84339,19.7532],[-89.84461,19.75303],[-89.84532,19.75294],[-89.84553,19.75292],[-89.84563,19.75292],[-89.84574,19.75293],[-89.84588,19.75294],[-89.84596,19.75296],[-89.84646,19.75314],[-89.84655,19.75317],[-89.84663,19.7532],[-89.84755,19.75353],[-89.8481,19.75373],[-89.84819,19.75376],[-89.84826,19.75379],[-89.84838,19.75383],[-89.84849,19.75386],[-89.84856,19.75387],[-89.84862,19.75388],[-89.8487,19.75388],[-89.84889,19.75386],[-89.84897,19.75384],[-89.84903,19.75383],[-89.84909,19.75381],[-89.84919,19.75376],[-89.84927,19.75372],[-89.84936,19.75363],[-89.84946,19.75352],[-89.84948,19.75349],[-89.84955,19.75338],[-89.8496,19.75326],[-89.84962,19.75317],[-89.84984,19.75227],[-89.84984,19.75225],[-89.84985,19.75222],[-89.84988,19.7521],[-89.85011,19.75114],[-89.85014,19.75104],[-89.85032,19.75029],[-89.85037,19.75017],[-89.85039,19.75011],[-89.84917,19.74969],[-89.84766,19.74937],[-89.84725,19.74928],[-89.84664,19.74912],[-89.84622,19.74897],[-89.84547,19.7487],[-89.84495,19.74846],[-89.84451,19.74826],[-89.84395,19.74804],[-89.84375,19.74798],[-89.8431,19.74942],[-89.8425,19.75074],[-89.84239,19.75097],[-89.84225,19.75117],[-89.84206,19.75139],[-89.84171,19.75172],[-89.84041,19.75287]]]}},{"type":"Feature","properties":{"cvegeo":"0400600010996","cve_ent":"04","fuente":"INEGI — Marco Geoestadístico 2024","fecha_corte":"2024-08","cve_mun":"04006","cve_ageb":"0996","cve_loc":"0001"},"geometry":{"type":"Polygon","coordinates":[[[-89.83833,19.75855],[-89.8394,19.75895],[-89.83958,19.75857],[-89.84003,19.75888],[-89.84037,19.75792],[-89.84043,19.75795],[-89.84065,19.75805],[-89.84098,19.75819],[-89.84167,19.75854],[-89.84175,19.75859],[-89.84175,19.75857],[-89.84215,19.75763],[-89.84218,19.75756],[-89.84274,19.7578],[-89.84276,19.75781],[-89.84394,19.75832],[-89.84409,19.7579],[-89.84684,19.75811],[-89.84924,19.7583],[-89.8499,19.75611],[-89.85188,19.7558],[-89.85469,19.75535],[-89.8547,19.75535],[-89.8547,19.75528],[-89.85462,19.75443],[-89.85462,19.75436],[-89.8546,19.75412],[-89.85442,19.75209],[-89.85441,19.75199],[-89.85438,19.75162],[-89.85429,19.75054],[-89.85429,19.75054],[-89.85428,19.75034],[-89.85426,19.75018],[-89.85423,19.74976],[-89.8542,19.74956],[-89.8542,19.74938],[-89.8542,19.74935],[-89.85413,19.74921],[-89.85373,19.74878],[-89.85327,19.74845],[-89.85308,19.74833],[-89.85299,19.74827],[-89.85278,19.74813],[-89.85259,19.748],[-89.8523,19.74778],[-89.85225,19.74774],[-89.85219,19.7478],[-89.85198,19.74805],[-89.85158,19.74853],[-89.85129,19.74889],[-89.85107,19.74915],[-89.85101,19.74922],[-89.85096,19.74929],[-89.85076,19.74954],[-89.85061,19.74974],[-89.8505,19.74988],[-89.85044,19.75001],[-89.85039,19.75011],[-89.85037,19.75017],[-89.85032,19.75029],[-89.85014,19.75104],[-89.85011,19.75114],[-89.84988,19.7521],[-89.84985,19.75222],[-89.84984,19.75225],[-89.84984,19.75227],[-89.84962,19.75317],[-89.8496,19.75326],[-89.84955,19.75338],[-89.84948,19.75349],[-89.84946,19.75352],[-89.84936,19.75363],[-89.84927,19.75372],[-89.84919,19.75376],[-89.84909,19.75381],[-89.84903,19.75383],[-89.84897,19.75384],[-89.84889,19.75386],[-89.8487,19.75388],[-89.84862,19.75388],[-89.84856,19.75387],[-89.84849,19.75386],[-89.84838,19.75383],[-89.84826,19.75379],[-89.84819,19.75376],[-89.8481,19.75373],[-89.84755,19.75353],[-89.84663,19.7532],[-89.84655,19.75317],[-89.84646,19.75314],[-89.84596,19.75296],[-89.84588,19.75294],[-89.84574,19.75293],[-89.84563,19.75292],[-89.84553,19.75292],[-89.84532,19.75294],[-89.84461,19.75303],[-89.84339,19.7532],[-89.84332,19.75321],[-89.84323,19.75322],[-89.84321,19.75322],[-89.8432,19.75322],[-89.84314,19.75323],[-89.84223,19.75336],[-89.84212,19.75337],[-89.84211,19.75337],[-89.84204,19.75338],[-89.84195,19.75339],[-89.84191,19.7534],[-89.84155,19.75394],[-89.84148,19.75406],[-89.84132,19.75432],[-89.84131,19.75434],[-89.84092,19.75497],[-89.84051,19.75568],[-89.84007,19.75642],[-89.84002,19.7565],[-89.83995,19.75654],[-89.83904,19.75618],[-89.83828,19.75853],[-89.83833,19.75855]]]}},{"type":"Feature","properties":{"cvegeo":"0400600011208","cve_ent":"04","fuente":"INEGI — Marco Geoestadístico 2024","fecha_corte":"2024-08","cve_mun":"04006","cve_ageb":"1208","cve_loc":"0001"},"geometry":{"type":"Polygon","coordinates":[[[-89.83454,19.7509],[-89.83454,19.75092],[-89.83432,19.75142],[-89.83314,19.75097],[-89.83289,19.75155],[-89.83336,19.75173],[-89.83312,19.75245],[-89.83387,19.75269],[-89.83339,19.75392],[-89.83379,19.75422],[-89.83489,19.75304],[-89.83528,19.7532],[-89.83603,19.75345],[-89.83604,19.75344],[-89.83608,19.75339],[-89.83686,19.75249],[-89.83718,19.75213],[-89.83789,19.75127],[-89.83661,19.75067],[-89.8353,19.75008],[-89.8348,19.75101],[-89.83479,19.75101],[-89.83479,19.75101],[-89.83454,19.7509]]]}},{"type":"Feature","properties":{"cvegeo":"0400600031015","cve_ent":"04","fuente":"INEGI — Marco Geoestadístico 2024","fecha_corte":"2024-08","cve_mun":"04006","cve_ageb":"1015","cve_loc":"0003"},"geometry":{"type":"Polygon","coordinates":[[[-89.73404,20.0095],[-89.73446,20.0095],[-89.73469,20.00906],[-89.73469,20.00906],[-89.73482,20.00901],[-89.73542,20.00776],[-89.73579,20.0073],[-89.73588,20.00719],[-89.736,20.00703],[-89.73641,20.00675],[-89.73656,20.00665],[-89.73745,20.00613],[-89.7378,20.00601],[-89.7376,20.00548],[-89.73758,20.00543],[-89.73757,20.00534],[-89.73757,20.00483],[-89.73776,20.00344],[-89.73808,20.00182],[-89.73917,20.00212],[-89.74045,20.00244],[-89.74099,20.00258],[-89.74098,20.0017],[-89.74101,20.00159],[-89.74119,20.00131],[-89.74184,20.00046],[-89.74194,20.00034],[-89.74248,19.99998],[-89.7432,19.99929],[-89.74316,19.99925],[-89.7426,19.99868],[-89.74193,19.99935],[-89.74184,19.99943],[-89.74037,20.00152],[-89.73808,20.00131],[-89.73837,20.0004],[-89.73583,19.99985],[-89.73583,19.99985],[-89.73561,20.00102],[-89.73558,20.00119],[-89.73557,20.00127],[-89.73518,20.00144],[-89.73404,20.0095]]]}},{"type":"Feature","properties":{"cvegeo":"0400600031157","cve_ent":"04","fuente":"INEGI — Marco Geoestadístico 2024","fecha_corte":"2024-08","cve_mun":"04006","cve_ageb":"1157","cve_loc":"0003"},"geometry":{"type":"Polygon","coordinates":[[[-89.74248,19.99998],[-89.74369,20.00099],[-89.74406,20.0012],[-89.74466,20.00161],[-89.74531,20.00222],[-89.74544,20.00231],[-89.74545,20.00218],[-89.74538,20.00107],[-89.74528,20.00058],[-89.74531,20.00043],[-89.74546,20.00022],[-89.74568,19.99967],[-89.74576,19.99952],[-89.74581,19.99937],[-89.74579,19.99929],[-89.74523,19.99899],[-89.74391,19.99862],[-89.74353,19.99898],[-89.74353,19.99898],[-89.74341,19.9991],[-89.74341,19.9991],[-89.7434,19.99911],[-89.74326,19.99923],[-89.74325,19.99923],[-89.74324,19.99925],[-89.7432,19.99929],[-89.74248,19.99998]]]}},{"type":"Feature","properties":{"cvegeo":"0400600231180","cve_ent":"04","fuente":"INEGI — Marco Geoestadístico 2024","fecha_corte":"2024-08","cve_mun":"04006","cve_ageb":"1180","cve_loc":"0023"},"geometry":{"type":"Polygon","coordinates":[[[-89.59873,19.5744],[-89.59887,19.57444],[-89.59968,19.5746],[-89.60085,19.57481],[-89.60054,19.57568],[-89.60162,19.57605],[-89.6026,19.57637],[-89.60387,19.57662],[-89.605,19.57682],[-89.60636,19.57706],[-89.60662,19.57626],[-89.60694,19.57525],[-89.60722,19.57441],[-89.60836,19.57468],[-89.60865,19.57382],[-89.60755,19.57347],[-89.6076,19.5733],[-89.60768,19.57307],[-89.6079,19.57238],[-89.60653,19.57196],[-89.60687,19.57096],[-89.60596,19.57065],[-89.60504,19.57032],[-89.60592,19.56922],[-89.6064,19.56872],[-89.60698,19.56814],[-89.60745,19.56766],[-89.60613,19.56702],[-89.60468,19.56656],[-89.60433,19.56779],[-89.60309,19.5667],[-89.60237,19.5693],[-89.60223,19.56983],[-89.6012,19.56943],[-89.6009,19.57038],[-89.60063,19.57149],[-89.60058,19.57148],[-89.59962,19.5712],[-89.59935,19.57214],[-89.59903,19.57332],[-89.59881,19.57411],[-89.59867,19.57428],[-89.59872,19.57435],[-89.59873,19.5744]]]}},{"type":"Feature","properties":{"cvegeo":"0400600231246","cve_ent":"04","fuente":"INEGI — Marco Geoestadístico 2024","fecha_corte":"2024-08","cve_mun":"04006","cve_ageb":"1246","cve_loc":"0023"},"geometry":{"type":"Polygon","coordinates":[[[-89.60749,19.57728],[-89.60857,19.57749],[-89.60877,19.57678],[-89.60918,19.5753],[-89.60863,19.57539],[-89.60807,19.5755],[-89.60694,19.57525],[-89.60662,19.57626],[-89.60772,19.57653],[-89.60771,19.57655],[-89.60763,19.5768],[-89.60752,19.57718],[-89.60749,19.57728]]]}},{"type":"Feature","properties":{"cvegeo":"0400600030021","cve_ent":"04","fuente":"INEGI — Marco Geoestadístico 2024","fecha_corte":"2024-08","cve_mun":"04006","cve_ageb":"0021","cve_loc":"0003"},"geometry":{"type":"Polygon","coordinates":[[[-89.73457,20.00957],[-89.73436,20.01021],[-89.73422,20.01072],[-89.73819,20.01064],[-89.73821,20.01064],[-89.73823,20.01064],[-89.7383,20.01064],[-89.73897,20.01057],[-89.73898,20.01057],[-89.7399,20.01048],[-89.74089,20.01039],[-89.74091,20.01018],[-89.74091,20.01016],[-89.74092,20.01016],[-89.74254,20.01027],[-89.74254,20.01027],[-89.74281,20.00934],[-89.74281,20.00933],[-89.74353,20.00954],[-89.74395,20.00966],[-89.74406,20.00968],[-89.74437,20.00973],[-89.74481,20.00978],[-89.74481,20.00978],[-89.74501,20.00959],[-89.74502,20.00958],[-89.74509,20.00979],[-89.7451,20.00998],[-89.74508,20.01011],[-89.74506,20.0102],[-89.74511,20.01033],[-89.7452,20.01044],[-89.7455,20.01053],[-89.74559,20.0109],[-89.74567,20.01099],[-89.74578,20.01102],[-89.74606,20.01099],[-89.74664,20.01123],[-89.74667,20.01123],[-89.74669,20.01123],[-89.74668,20.01131],[-89.74996,20.00964],[-89.75009,20.00958],[-89.75121,20.00908],[-89.75321,20.00818],[-89.75321,20.00818],[-89.75327,20.00782],[-89.75342,20.00732],[-89.75339,20.00726],[-89.7532,20.00671],[-89.75334,20.00627],[-89.75336,20.00592],[-89.75347,20.00545],[-89.75353,20.00506],[-89.75358,20.00495],[-89.75414,20.00453],[-89.75413,20.00451],[-89.75411,20.00408],[-89.75394,20.0033],[-89.75386,20.00315],[-89.75387,20.00274],[-89.75372,20.00238],[-89.75355,20.00202],[-89.75314,20.00113],[-89.75298,20.00075],[-89.75413,20.0002],[-89.75395,19.99992],[-89.75313,20.00022],[-89.75228,20.00049],[-89.75218,19.9998],[-89.75212,19.99953],[-89.75203,19.99941],[-89.7519,19.99927],[-89.75133,19.99878],[-89.75107,19.99848],[-89.75052,19.99781],[-89.75038,19.99769],[-89.75021,19.99759],[-89.74985,19.99749],[-89.74958,19.99745],[-89.74913,19.99734],[-89.74815,19.99701],[-89.74706,19.99667],[-89.74703,19.99666],[-89.74697,19.9979],[-89.74707,19.99815],[-89.74716,19.99833],[-89.74705,19.99904],[-89.7466,19.99946],[-89.74637,19.99954],[-89.74614,19.99955],[-89.74608,19.99951],[-89.74602,19.99946],[-89.74586,19.99948],[-89.74584,19.99948],[-89.74576,19.99952],[-89.74568,19.99967],[-89.74546,20.00022],[-89.74531,20.00043],[-89.74528,20.00058],[-89.74538,20.00107],[-89.74545,20.00218],[-89.74544,20.00231],[-89.74531,20.00222],[-89.74466,20.00161],[-89.74406,20.0012],[-89.74369,20.00099],[-89.74248,19.99998],[-89.74194,20.00034],[-89.74184,20.00046],[-89.74119,20.00131],[-89.74101,20.00159],[-89.74098,20.0017],[-89.74099,20.00258],[-89.74045,20.00244],[-89.73917,20.00212],[-89.73808,20.00182],[-89.73776,20.00344],[-89.73757,20.00483],[-89.73757,20.00534],[-89.73758,20.00543],[-89.7376,20.00548],[-89.7378,20.00601],[-89.73745,20.00613],[-89.73656,20.00665],[-89.73641,20.00675],[-89.736,20.00703],[-89.73588,20.00719],[-89.73579,20.0073],[-89.73542,20.00776],[-89.73482,20.00901],[-89.73457,20.00957]]]}},{"type":"Feature","properties":{"cvegeo":"040060001127A","cve_ent":"04","fuente":"INEGI — Marco Geoestadístico 2024","fecha_corte":"2024-08","cve_mun":"04006","cve_ageb":"127A","cve_loc":"0001"},"geometry":{"type":"Polygon","coordinates":[[[-89.8321,19.74531],[-89.8316,19.74545],[-89.83159,19.74548],[-89.83153,19.74562],[-89.8315,19.74571],[-89.8315,19.74571],[-89.83195,19.74587],[-89.83233,19.74598],[-89.83234,19.74598],[-89.83231,19.74605],[-89.83221,19.74629],[-89.83221,19.74629],[-89.83221,19.74629],[-89.83253,19.74641],[-89.83254,19.74641],[-89.83141,19.7485],[-89.83141,19.74851],[-89.83324,19.7493],[-89.83387,19.74848],[-89.83443,19.74773],[-89.83391,19.74741],[-89.8335,19.74718],[-89.834,19.74624],[-89.83402,19.7462],[-89.83429,19.74562],[-89.83478,19.74471],[-89.83489,19.7445],[-89.835,19.74426],[-89.835,19.74424],[-89.8353,19.74364],[-89.83556,19.74313],[-89.83603,19.74233],[-89.83604,19.74222],[-89.83614,19.74193],[-89.83643,19.74148],[-89.8368,19.74092],[-89.83695,19.74068],[-89.83707,19.74038],[-89.83726,19.74006],[-89.83764,19.73928],[-89.83796,19.73876],[-89.83804,19.73862],[-89.83825,19.73829],[-89.83824,19.73828],[-89.83686,19.73743],[-89.8358,19.7393],[-89.83548,19.73998],[-89.83488,19.74139],[-89.83398,19.74216],[-89.83342,19.74323],[-89.83316,19.74385],[-89.83277,19.74422],[-89.83341,19.74505],[-89.83341,19.74505],[-89.83356,19.74514],[-89.83357,19.74514],[-89.83349,19.74521],[-89.83343,19.74528],[-89.83335,19.74536],[-89.83324,19.74538],[-89.83244,19.74526],[-89.83219,19.74528],[-89.8321,19.74531]]]}},{"type":"Feature","properties":{"cvegeo":"0400600011119","cve_ent":"04","fuente":"INEGI — Marco Geoestadístico 2024","fecha_corte":"2024-08","cve_mun":"04006","cve_ageb":"1119","cve_loc":"0001"},"geometry":{"type":"Polygon","coordinates":[[[-89.8418,19.74725],[-89.8427,19.74762],[-89.84375,19.74798],[-89.84388,19.74767],[-89.84402,19.74736],[-89.84413,19.74714],[-89.84425,19.74688],[-89.84434,19.7467],[-89.84446,19.74647],[-89.84453,19.74632],[-89.84464,19.74608],[-89.84481,19.74574],[-89.84479,19.74574],[-89.84505,19.74503],[-89.84505,19.74483],[-89.84513,19.74461],[-89.84518,19.74445],[-89.845,19.74438],[-89.8445,19.74427],[-89.84454,19.74346],[-89.84422,19.74328],[-89.84423,19.7432],[-89.84425,19.74307],[-89.84432,19.7429],[-89.84454,19.74256],[-89.84395,19.74232],[-89.84279,19.74185],[-89.84239,19.74166],[-89.84187,19.74142],[-89.84186,19.74143],[-89.84127,19.74078],[-89.84108,19.74049],[-89.84088,19.74001],[-89.84055,19.73942],[-89.84006,19.73975],[-89.83929,19.73833],[-89.83879,19.7374],[-89.83825,19.73829],[-89.83804,19.73862],[-89.83796,19.73876],[-89.83764,19.73928],[-89.83726,19.74006],[-89.83707,19.74038],[-89.83695,19.74068],[-89.8368,19.74092],[-89.83643,19.74148],[-89.83614,19.74193],[-89.83604,19.74222],[-89.83603,19.74233],[-89.83556,19.74313],[-89.8353,19.74364],[-89.835,19.74424],[-89.835,19.74426],[-89.83489,19.7445],[-89.83478,19.74471],[-89.83429,19.74562],[-89.83492,19.74582],[-89.83555,19.74593],[-89.83631,19.74607],[-89.83762,19.74634],[-89.83887,19.74659],[-89.839,19.74662],[-89.8399,19.74686],[-89.84094,19.74713],[-89.84136,19.74719],[-89.8418,19.74725]]]}},{"type":"Feature","properties":{"cvegeo":"0400600011123","cve_ent":"04","fuente":"INEGI — Marco Geoestadístico 2024","fecha_corte":"2024-08","cve_mun":"04006","cve_ageb":"1123","cve_loc":"0001"},"geometry":{"type":"Polygon","coordinates":[[[-89.83402,19.7462],[-89.834,19.74624],[-89.8335,19.74718],[-89.83391,19.74741],[-89.83443,19.74773],[-89.83387,19.74848],[-89.83479,19.74894],[-89.83404,19.74949],[-89.8353,19.75008],[-89.83661,19.75067],[-89.83789,19.75127],[-89.83718,19.75213],[-89.83686,19.75249],[-89.83608,19.75339],[-89.83604,19.75344],[-89.83732,19.75385],[-89.83853,19.75418],[-89.83962,19.75449],[-89.83998,19.75352],[-89.84012,19.75319],[-89.84041,19.75287],[-89.84171,19.75172],[-89.84206,19.75139],[-89.84225,19.75117],[-89.84239,19.75097],[-89.8425,19.75074],[-89.8431,19.74942],[-89.84375,19.74798],[-89.8427,19.74762],[-89.8418,19.74725],[-89.84136,19.74719],[-89.84094,19.74713],[-89.8399,19.74686],[-89.839,19.74662],[-89.83887,19.74659],[-89.83762,19.74634],[-89.83631,19.74607],[-89.83555,19.74593],[-89.83492,19.74582],[-89.83429,19.74562],[-89.83402,19.7462]]]}},{"type":"Feature","properties":{"cvegeo":"0400600231161","cve_ent":"04","fuente":"INEGI — Marco Geoestadístico 2024","fecha_corte":"2024-08","cve_mun":"04006","cve_ageb":"1161","cve_loc":"0023"},"geometry":{"type":"Polygon","coordinates":[[[-89.59695,19.58558],[-89.59683,19.58592],[-89.59681,19.58599],[-89.59686,19.58608],[-89.59704,19.5863],[-89.59706,19.58632],[-89.5969,19.58651],[-89.59768,19.58681],[-89.59908,19.58729],[-89.60025,19.58771],[-89.60055,19.58671],[-89.60089,19.58568],[-89.60214,19.58615],[-89.60252,19.58489],[-89.60364,19.58525],[-89.60478,19.58563],[-89.60517,19.58458],[-89.60542,19.58372],[-89.60678,19.58397],[-89.60724,19.5824],[-89.60593,19.58209],[-89.60469,19.58176],[-89.60351,19.58145],[-89.60232,19.58113],[-89.60115,19.58079],[-89.60011,19.58049],[-89.59888,19.58018],[-89.59766,19.57986],[-89.59647,19.57957],[-89.59622,19.57948],[-89.59607,19.57943],[-89.59534,19.58021],[-89.59459,19.58115],[-89.59438,19.58152],[-89.59418,19.58221],[-89.59289,19.5818],[-89.59249,19.58316],[-89.5923,19.58367],[-89.59219,19.58394],[-89.59205,19.58433],[-89.59189,19.58478],[-89.59196,19.5848],[-89.59318,19.58516],[-89.59317,19.5852],[-89.59433,19.58555],[-89.59553,19.58589],[-89.59558,19.58588],[-89.59653,19.58613],[-89.59687,19.58523],[-89.59709,19.58536],[-89.59695,19.58558]]]}},{"type":"Feature","properties":{"cvegeo":"0400600231250","cve_ent":"04","fuente":"INEGI — Marco Geoestadístico 2024","fecha_corte":"2024-08","cve_mun":"04006","cve_ageb":"1250","cve_loc":"0023"},"geometry":{"type":"Polygon","coordinates":[[[-89.60653,19.57196],[-89.6079,19.57238],[-89.60823,19.57143],[-89.60687,19.57096],[-89.60653,19.57196]]]}},{"type":"Feature","properties":{"cvegeo":"0400700010372","cve_ent":"04","fuente":"INEGI — Marco Geoestadístico 2024","fecha_corte":"2024-08","cve_mun":"04007","cve_ageb":"0372","cve_loc":"0001"},"geometry":{"type":"Polygon","coordinates":[[[-92.08736,18.26328],[-92.08736,18.26328],[-92.08734,18.26334],[-92.08709,18.26359],[-92.08686,18.26382],[-92.08686,18.26382],[-92.0875,18.26449],[-92.0909,18.26803],[-92.09093,18.26801],[-92.09142,18.26757],[-92.09143,18.26756],[-92.09144,18.26756],[-92.08887,18.26478],[-92.08743,18.26343],[-92.09021,18.26097],[-92.09021,18.26097],[-92.09231,18.26182],[-92.09198,18.26094],[-92.09161,18.25974],[-92.09206,18.25936],[-92.09337,18.25827],[-92.09405,18.25772],[-92.09458,18.25747],[-92.09961,18.25781],[-92.09961,18.25781],[-92.09961,18.25781],[-92.09961,18.25781],[-92.0998,18.25782],[-92.0998,18.25782],[-92.09981,18.25782],[-92.09981,18.25782],[-92.10001,18.25784],[-92.10001,18.25784],[-92.10001,18.25784],[-92.10004,18.25783],[-92.10024,18.25778],[-92.10041,18.25773],[-92.10049,18.2577],[-92.10061,18.25756],[-92.1009,18.25717],[-92.1009,18.25717],[-92.1009,18.25717],[-92.10152,18.25732],[-92.10152,18.25732],[-92.10152,18.25732],[-92.10204,18.25723],[-92.10335,18.25727],[-92.10335,18.25727],[-92.10335,18.25727],[-92.10335,18.25727],[-92.10511,18.25783],[-92.10511,18.25783],[-92.10511,18.25783],[-92.10511,18.25782],[-92.1053,18.25671],[-92.10339,18.25642],[-92.10166,18.25615],[-92.10133,18.25609],[-92.10085,18.25602],[-92.10054,18.25597],[-92.10086,18.25432],[-92.10086,18.25432],[-92.09959,18.2542],[-92.09825,18.25397],[-92.09786,18.2539],[-92.09633,18.2535],[-92.09531,18.25317],[-92.09421,18.2529],[-92.09421,18.2529],[-92.0938,18.25286],[-92.0938,18.25286],[-92.0938,18.25286],[-92.0938,18.25286],[-92.0938,18.25286],[-92.09356,18.25285],[-92.09356,18.25285],[-92.09333,18.25285],[-92.09304,18.25291],[-92.09289,18.25295],[-92.09257,18.25304],[-92.09203,18.25315],[-92.09152,18.25322],[-92.09087,18.25327],[-92.09087,18.25327],[-92.09084,18.25328],[-92.09084,18.25328],[-92.09083,18.25328],[-92.09043,18.25325],[-92.09043,18.25325],[-92.09008,18.25321],[-92.09008,18.25321],[-92.09001,18.25332],[-92.08995,18.2536],[-92.08992,18.25373],[-92.09002,18.25374],[-92.08999,18.2543],[-92.08998,18.25436],[-92.08987,18.25499],[-92.08979,18.25546],[-92.08974,18.25591],[-92.08963,18.25693],[-92.08942,18.25883],[-92.08938,18.25921],[-92.08938,18.25926],[-92.08936,18.25943],[-92.08933,18.25964],[-92.08922,18.26057],[-92.08915,18.26153],[-92.08908,18.26189],[-92.08875,18.26218],[-92.08841,18.26249],[-92.08808,18.26278],[-92.08791,18.26293],[-92.08736,18.26328]]]}},{"type":"Feature","properties":{"cvegeo":"0400700010387","cve_ent":"04","fuente":"INEGI — Marco Geoestadístico 2024","fecha_corte":"2024-08","cve_mun":"04007","cve_ageb":"0387","cve_loc":"0001"},"geometry":{"type":"Polygon","coordinates":[[[-92.08513,18.26454],[-92.08513,18.26454],[-92.08556,18.26583],[-92.08556,18.26583],[-92.08556,18.26584],[-92.08556,18.26584],[-92.08556,18.26584],[-92.08564,18.26582],[-92.08624,18.26569],[-92.08635,18.26566],[-92.08636,18.26566],[-92.08629,18.26432],[-92.08636,18.26428],[-92.0864,18.26425],[-92.08655,18.26427],[-92.08662,18.26428],[-92.08662,18.26417],[-92.08665,18.26371],[-92.08666,18.26365],[-92.08667,18.26351],[-92.0867,18.26342],[-92.08674,18.26335],[-92.08679,18.2633],[-92.08688,18.26326],[-92.08703,18.26323],[-92.08717,18.26322],[-92.08717,18.26322],[-92.08717,18.26322],[-92.08728,18.26324],[-92.08735,18.26327],[-92.08736,18.26328],[-92.08736,18.26328],[-92.08791,18.26293],[-92.08808,18.26278],[-92.08841,18.26249],[-92.08875,18.26218],[-92.08908,18.26189],[-92.08915,18.26153],[-92.08922,18.26057],[-92.08933,18.25964],[-92.08936,18.25943],[-92.08938,18.25926],[-92.08938,18.25921],[-92.08942,18.25883],[-92.08963,18.25693],[-92.08974,18.25591],[-92.08979,18.25546],[-92.08987,18.25499],[-92.08998,18.25436],[-92.08999,18.2543],[-92.09002,18.25374],[-92.08992,18.25373],[-92.08995,18.2536],[-92.09001,18.25332],[-92.09008,18.25321],[-92.09008,18.25321],[-92.09008,18.25321],[-92.09008,18.25321],[-92.09008,18.25321],[-92.08979,18.25314],[-92.08979,18.25314],[-92.08948,18.2531],[-92.08948,18.2531],[-92.08925,18.25304],[-92.08925,18.25304],[-92.08901,18.25298],[-92.08901,18.25298],[-92.0889,18.25297],[-92.0889,18.25297],[-92.0889,18.25297],[-92.0889,18.25297],[-92.08833,18.253],[-92.08833,18.253],[-92.08791,18.25309],[-92.08772,18.25316],[-92.08675,18.25355],[-92.08694,18.25433],[-92.08694,18.25433],[-92.0868,18.25433],[-92.0868,18.25433],[-92.0868,18.25433],[-92.0868,18.25433],[-92.08677,18.25406],[-92.08677,18.25406],[-92.0867,18.25386],[-92.08657,18.25368],[-92.08603,18.25376],[-92.08561,18.2538],[-92.08527,18.25379],[-92.08506,18.25376],[-92.08471,18.25362],[-92.0845,18.25352],[-92.08431,18.25339],[-92.08411,18.25324],[-92.08399,18.25311],[-92.08399,18.25311],[-92.08399,18.25311],[-92.08375,18.25281],[-92.08374,18.25281],[-92.08372,18.25278],[-92.08355,18.25257],[-92.08355,18.25256],[-92.08324,18.25233],[-92.08323,18.25233],[-92.08302,18.25226],[-92.08298,18.25226],[-92.0824,18.25216],[-92.0824,18.25216],[-92.08247,18.25317],[-92.08235,18.25356],[-92.08203,18.25417],[-92.08203,18.25417],[-92.08203,18.25417],[-92.08203,18.25417],[-92.08252,18.25406],[-92.0828,18.254],[-92.08307,18.2539],[-92.08314,18.25387],[-92.08336,18.25387],[-92.08336,18.25387],[-92.08336,18.25387],[-92.08336,18.25387],[-92.08336,18.25388],[-92.08329,18.25407],[-92.08326,18.25575],[-92.08331,18.25713],[-92.08332,18.25719],[-92.08332,18.25719],[-92.08417,18.25767],[-92.08417,18.25768],[-92.08417,18.25768],[-92.08439,18.25866],[-92.08307,18.25904],[-92.08307,18.25904],[-92.08388,18.2608],[-92.08377,18.26086],[-92.08379,18.26118],[-92.08379,18.26118],[-92.08379,18.26118],[-92.08379,18.26118],[-92.0843,18.26119],[-92.0843,18.26119],[-92.08484,18.26138],[-92.08484,18.26138],[-92.0852,18.26159],[-92.0852,18.26159],[-92.08474,18.26255],[-92.08482,18.26356],[-92.08482,18.26356],[-92.08513,18.26454]]]}},{"type":"Feature","properties":{"cvegeo":"0400800010242","cve_ent":"04","fuente":"INEGI — Marco Geoestadístico 2024","fecha_corte":"2024-08","cve_mun":"04008","cve_ageb":"0242","cve_loc":"0001"},"geometry":{"type":"Polygon","coordinates":[[[-90.22555,20.03053],[-90.22492,20.03082],[-90.22349,20.03183],[-90.2206,20.03372],[-90.21745,20.03577],[-90.21716,20.03608],[-90.2171,20.03616],[-90.21694,20.03637],[-90.2167,20.03684],[-90.21676,20.03687],[-90.21772,20.03723],[-90.21779,20.03726],[-90.21821,20.03747],[-90.21859,20.03775],[-90.21927,20.0383],[-90.22,20.03874],[-90.22049,20.03899],[-90.22077,20.03914],[-90.22106,20.03923],[-90.22121,20.03926],[-90.2217,20.0394],[-90.22289,20.03973],[-90.22292,20.03974],[-90.22332,20.03984],[-90.22365,20.03992],[-90.22418,20.04006],[-90.22453,20.04012],[-90.22485,20.04019],[-90.2253,20.04029],[-90.22548,20.03976],[-90.22567,20.03917],[-90.22579,20.03884],[-90.22597,20.03832],[-90.22614,20.03784],[-90.22635,20.03722],[-90.22643,20.03685],[-90.22645,20.03667],[-90.22649,20.03476],[-90.22649,20.03476],[-90.22649,20.03471],[-90.22653,20.03364],[-90.22656,20.03257],[-90.22656,20.03162],[-90.22656,20.03142],[-90.22655,20.03098],[-90.22653,20.03035],[-90.22652,20.03015],[-90.22555,20.03053]]]}},{"type":"Feature","properties":{"cvegeo":"0400800010280","cve_ent":"04","fuente":"INEGI — Marco Geoestadístico 2024","fecha_corte":"2024-08","cve_mun":"04008","cve_ageb":"0280","cve_loc":"0001"},"geometry":{"type":"Polygon","coordinates":[[[-90.23667,20.03643],[-90.23683,20.03646],[-90.23744,20.0361],[-90.23761,20.03606],[-90.23796,20.03602],[-90.23818,20.03603],[-90.23827,20.03602],[-90.23824,20.036],[-90.23797,20.03578],[-90.23779,20.03569],[-90.23742,20.03553],[-90.23735,20.03551],[-90.2373,20.03553],[-90.23702,20.0356],[-90.2365,20.03575],[-90.2365,20.03582],[-90.23651,20.03604],[-90.2366,20.03632],[-90.23667,20.03643]]]}},{"type":"Feature","properties":{"cvegeo":"0400800010295","cve_ent":"04","fuente":"INEGI — Marco Geoestadístico 2024","fecha_corte":"2024-08","cve_mun":"04008","cve_ageb":"0295","cve_loc":"0001"},"geometry":{"type":"Polygon","coordinates":[[[-90.23445,20.03233],[-90.23469,20.03283],[-90.2347,20.03289],[-90.23469,20.03294],[-90.23428,20.03334],[-90.23379,20.03384],[-90.23408,20.03418],[-90.23456,20.03477],[-90.23475,20.03467],[-90.23642,20.03371],[-90.23667,20.03357],[-90.23702,20.03335],[-90.23707,20.03333],[-90.23756,20.0331],[-90.23792,20.03289],[-90.23821,20.03269],[-90.23825,20.03263],[-90.2383,20.03247],[-90.2383,20.03235],[-90.2383,20.03219],[-90.23827,20.03202],[-90.23817,20.0318],[-90.23765,20.03106],[-90.23643,20.03181],[-90.23596,20.03205],[-90.2357,20.03215],[-90.23537,20.03223],[-90.23484,20.03232],[-90.23445,20.03233]]]}},{"type":"Feature","properties":{"cvegeo":"0400800010308","cve_ent":"04","fuente":"INEGI — Marco Geoestadístico 2024","fecha_corte":"2024-08","cve_mun":"04008","cve_ageb":"0308","cve_loc":"0001"},"geometry":{"type":"Polygon","coordinates":[[[-90.2383,20.03247],[-90.23825,20.03263],[-90.2383,20.0326],[-90.23842,20.03258],[-90.23879,20.03236],[-90.23905,20.03219],[-90.23961,20.03178],[-90.23902,20.03123],[-90.23836,20.03062],[-90.23827,20.03054],[-90.23765,20.03106],[-90.23817,20.0318],[-90.23827,20.03202],[-90.2383,20.03219],[-90.2383,20.03235],[-90.2383,20.03247]]]}},{"type":"Feature","properties":{"cvegeo":"0400800010204","cve_ent":"04","fuente":"INEGI — Marco Geoestadístico 2024","fecha_corte":"2024-08","cve_mun":"04008","cve_ageb":"0204","cve_loc":"0001"},"geometry":{"type":"Polygon","coordinates":[[[-90.23187,20.04884],[-90.23289,20.04934],[-90.23389,20.04983],[-90.2347,20.04881],[-90.23538,20.04907],[-90.23576,20.0482],[-90.23594,20.04796],[-90.23611,20.0478],[-90.23615,20.04778],[-90.23632,20.0477],[-90.23742,20.04654],[-90.23753,20.04527],[-90.23781,20.04501],[-90.23767,20.04415],[-90.23717,20.04374],[-90.23665,20.04328],[-90.23577,20.04301],[-90.2354,20.04295],[-90.23456,20.04289],[-90.23449,20.04289],[-90.23408,20.04268],[-90.2336,20.04241],[-90.23316,20.0422],[-90.23305,20.04217],[-90.2328,20.04273],[-90.23222,20.04416],[-90.23173,20.04513],[-90.23216,20.04548],[-90.23195,20.04775],[-90.23187,20.04884]]]}},{"type":"Feature","properties":{"cvegeo":"0400800010327","cve_ent":"04","fuente":"INEGI — Marco Geoestadístico 2024","fecha_corte":"2024-08","cve_mun":"04008","cve_ageb":"0327","cve_loc":"0001"},"geometry":{"type":"Polygon","coordinates":[[[-90.23403,20.0499],[-90.23505,20.05037],[-90.23592,20.04936],[-90.23538,20.04907],[-90.2347,20.04881],[-90.23389,20.04983],[-90.23403,20.0499]]]}},{"type":"Feature","properties":{"cvegeo":"0400800010331","cve_ent":"04","fuente":"INEGI — Marco Geoestadístico 2024","fecha_corte":"2024-08","cve_mun":"04008","cve_ageb":"0331","cve_loc":"0001"},"geometry":{"type":"Polygon","coordinates":[[[-90.2302,20.05234],[-90.23088,20.05313],[-90.23284,20.05388],[-90.23366,20.05338],[-90.23409,20.05311],[-90.23425,20.053],[-90.23501,20.05244],[-90.23524,20.05227],[-90.23536,20.05218],[-90.23538,20.05216],[-90.23552,20.05204],[-90.23652,20.05113],[-90.23605,20.05089],[-90.23505,20.05037],[-90.23403,20.0499],[-90.23337,20.0508],[-90.23248,20.05039],[-90.23202,20.0513],[-90.23106,20.05087],[-90.23054,20.05177],[-90.2302,20.05234]]]}},{"type":"Feature","properties":{"cvegeo":"0400800010261","cve_ent":"04","fuente":"INEGI — Marco Geoestadístico 2024","fecha_corte":"2024-08","cve_mun":"04008","cve_ageb":"0261","cve_loc":"0001"},"geometry":{"type":"Polygon","coordinates":[[[-90.23012,20.05225],[-90.2302,20.05234],[-90.23054,20.05177],[-90.23106,20.05087],[-90.23202,20.0513],[-90.23248,20.05039],[-90.23337,20.0508],[-90.23403,20.0499],[-90.23389,20.04983],[-90.23289,20.04934],[-90.23187,20.04884],[-90.2299,20.04784],[-90.22946,20.04874],[-90.22918,20.0493],[-90.2289,20.04983],[-90.22859,20.05041],[-90.22898,20.05087],[-90.22963,20.05165],[-90.23012,20.05225]]]}},{"type":"Feature","properties":{"cvegeo":"0400800010276","cve_ent":"04","fuente":"INEGI — Marco Geoestadístico 2024","fecha_corte":"2024-08","cve_mun":"04008","cve_ageb":"0276","cve_loc":"0001"},"geometry":{"type":"Polygon","coordinates":[[[-90.21986,20.05302],[-90.22111,20.05319],[-90.22393,20.05349],[-90.22421,20.05352],[-90.22492,20.0536],[-90.22483,20.05379],[-90.22467,20.05413],[-90.22467,20.05414],[-90.22462,20.05453],[-90.22584,20.05504],[-90.22586,20.055],[-90.22616,20.05459],[-90.22609,20.05452],[-90.22584,20.05421],[-90.22517,20.05338],[-90.22511,20.05331],[-90.22511,20.05331],[-90.22509,20.05324],[-90.22486,20.05295],[-90.22461,20.05261],[-90.22417,20.05207],[-90.22378,20.05155],[-90.22378,20.05148],[-90.22376,20.05124],[-90.22378,20.05106],[-90.22375,20.0509],[-90.22351,20.05073],[-90.22332,20.0506],[-90.22307,20.0505],[-90.22299,20.05046],[-90.22255,20.05018],[-90.22222,20.04998],[-90.22216,20.05006],[-90.22124,20.05127],[-90.22114,20.05139],[-90.2207,20.05196],[-90.21986,20.05302]]]}},{"type":"Feature","properties":{"cvegeo":"0400800010257","cve_ent":"04","fuente":"INEGI — Marco Geoestadístico 2024","fecha_corte":"2024-08","cve_mun":"04008","cve_ageb":"0257","cve_loc":"0001"},"geometry":{"type":"Polygon","coordinates":[[[-90.22831,20.04207],[-90.22893,20.04253],[-90.22964,20.04299],[-90.22982,20.04314],[-90.22993,20.04343],[-90.22994,20.04363],[-90.23094,20.04412],[-90.23106,20.04423],[-90.23113,20.04446],[-90.23133,20.04471],[-90.23173,20.04513],[-90.23222,20.04416],[-90.2328,20.04273],[-90.23305,20.04217],[-90.23316,20.0422],[-90.2336,20.04241],[-90.23408,20.04268],[-90.23449,20.04289],[-90.23456,20.04289],[-90.2354,20.04295],[-90.23577,20.04301],[-90.23665,20.04328],[-90.23717,20.04374],[-90.23767,20.04415],[-90.23835,20.04472],[-90.23857,20.04487],[-90.2387,20.04477],[-90.23881,20.04461],[-90.23895,20.04433],[-90.23926,20.04385],[-90.23974,20.04218],[-90.24005,20.04046],[-90.23903,20.04045],[-90.23802,20.04042],[-90.23769,20.04041],[-90.2367,20.04035],[-90.23594,20.04033],[-90.23649,20.03938],[-90.23695,20.03856],[-90.23696,20.03856],[-90.23686,20.03857],[-90.23686,20.03857],[-90.23621,20.03839],[-90.2361,20.0391],[-90.23593,20.03952],[-90.23542,20.04031],[-90.2341,20.04029],[-90.23419,20.03995],[-90.23345,20.03966],[-90.23361,20.03901],[-90.2341,20.03917],[-90.23437,20.03916],[-90.23462,20.03913],[-90.23486,20.03905],[-90.23534,20.03876],[-90.23571,20.03833],[-90.23576,20.03828],[-90.23609,20.03789],[-90.23619,20.03783],[-90.23646,20.03698],[-90.23655,20.03675],[-90.23667,20.03643],[-90.2366,20.03632],[-90.23651,20.03604],[-90.2365,20.03582],[-90.2365,20.03575],[-90.23702,20.0356],[-90.23703,20.03541],[-90.23703,20.03522],[-90.23719,20.03499],[-90.23802,20.03445],[-90.23768,20.03404],[-90.2373,20.03357],[-90.23659,20.03399],[-90.23656,20.03401],[-90.23642,20.03371],[-90.23475,20.03467],[-90.23456,20.03477],[-90.23408,20.03418],[-90.23379,20.03384],[-90.23428,20.03334],[-90.23469,20.03294],[-90.2347,20.03289],[-90.23469,20.03283],[-90.23445,20.03233],[-90.23436,20.03232],[-90.23402,20.03228],[-90.23369,20.03221],[-90.23361,20.03219],[-90.23334,20.03213],[-90.23294,20.03199],[-90.23184,20.03141],[-90.23059,20.03072],[-90.22976,20.03025],[-90.22899,20.02991],[-90.22854,20.02978],[-90.22821,20.02973],[-90.22793,20.02974],[-90.22728,20.0299],[-90.22682,20.03005],[-90.22652,20.03015],[-90.22653,20.03035],[-90.22655,20.03098],[-90.22656,20.03142],[-90.22656,20.03162],[-90.22656,20.03257],[-90.22653,20.03364],[-90.22649,20.03471],[-90.22649,20.03476],[-90.22649,20.03476],[-90.22645,20.03667],[-90.22643,20.03685],[-90.22635,20.03722],[-90.22614,20.03784],[-90.22597,20.03832],[-90.22579,20.03884],[-90.22567,20.03917],[-90.22548,20.03976],[-90.2253,20.04029],[-90.22528,20.04037],[-90.2258,20.0405],[-90.22578,20.04056],[-90.22581,20.04059],[-90.22621,20.04071],[-90.22652,20.04082],[-90.22677,20.04089],[-90.22714,20.041],[-90.22773,20.04118],[-90.22766,20.04167],[-90.22785,20.04176],[-90.22831,20.04207]]]}},{"type":"Feature","properties":{"cvegeo":"0400800010312","cve_ent":"04","fuente":"INEGI — Marco Geoestadístico 2024","fecha_corte":"2024-08","cve_mun":"04008","cve_ageb":"0312","cve_loc":"0001"},"geometry":{"type":"Polygon","coordinates":[[[-90.23345,20.03966],[-90.23419,20.03995],[-90.2341,20.04029],[-90.23542,20.04031],[-90.23593,20.03952],[-90.2361,20.0391],[-90.23621,20.03839],[-90.23686,20.03857],[-90.23686,20.03857],[-90.23741,20.03711],[-90.2382,20.03608],[-90.23827,20.03602],[-90.23827,20.03602],[-90.23818,20.03603],[-90.23796,20.03602],[-90.23761,20.03606],[-90.23744,20.0361],[-90.23683,20.03646],[-90.23667,20.03643],[-90.23655,20.03675],[-90.23646,20.03698],[-90.23619,20.03783],[-90.23609,20.03789],[-90.23576,20.03828],[-90.23571,20.03833],[-90.23534,20.03876],[-90.23486,20.03905],[-90.23462,20.03913],[-90.23437,20.03916],[-90.2341,20.03917],[-90.23361,20.03901],[-90.23345,20.03966]]]}},{"type":"Feature","properties":{"cvegeo":"0400800010223","cve_ent":"04","fuente":"INEGI — Marco Geoestadístico 2024","fecha_corte":"2024-08","cve_mun":"04008","cve_ageb":"0223","cve_loc":"0001"},"geometry":{"type":"Polygon","coordinates":[[[-90.2165,20.03733],[-90.21645,20.03772],[-90.21644,20.03785],[-90.2165,20.03863],[-90.21698,20.04087],[-90.21745,20.0431],[-90.21748,20.04324],[-90.21758,20.04404],[-90.21759,20.04458],[-90.21741,20.04528],[-90.21703,20.04607],[-90.21672,20.04666],[-90.21564,20.0488],[-90.21422,20.05167],[-90.21407,20.05233],[-90.21396,20.05374],[-90.21353,20.05847],[-90.21333,20.06061],[-90.2133,20.061],[-90.21318,20.0624],[-90.21307,20.06316],[-90.21304,20.0634],[-90.21317,20.06321],[-90.21389,20.06173],[-90.21389,20.06173],[-90.21413,20.06127],[-90.21417,20.06118],[-90.21431,20.06085],[-90.21459,20.06027],[-90.21538,20.05867],[-90.21543,20.05859],[-90.21578,20.05785],[-90.21612,20.05714],[-90.21632,20.05674],[-90.21647,20.05642],[-90.21653,20.05632],[-90.21698,20.05539],[-90.21701,20.05532],[-90.21758,20.05416],[-90.21796,20.05347],[-90.21843,20.05266],[-90.21849,20.05255],[-90.21852,20.05252],[-90.21905,20.05169],[-90.21959,20.05077],[-90.22046,20.0493],[-90.22093,20.04851],[-90.22164,20.04732],[-90.22165,20.0473],[-90.22225,20.04626],[-90.22244,20.04591],[-90.22287,20.04517],[-90.22334,20.04435],[-90.2234,20.04428],[-90.22384,20.04352],[-90.22427,20.04285],[-90.2247,20.0421],[-90.22483,20.04175],[-90.22492,20.04142],[-90.225,20.04118],[-90.22515,20.04072],[-90.22528,20.04037],[-90.2253,20.04029],[-90.22485,20.04019],[-90.22453,20.04012],[-90.22418,20.04006],[-90.22365,20.03992],[-90.22332,20.03984],[-90.22292,20.03974],[-90.22289,20.03973],[-90.2217,20.0394],[-90.22121,20.03926],[-90.22106,20.03923],[-90.22077,20.03914],[-90.22049,20.03899],[-90.22,20.03874],[-90.21927,20.0383],[-90.21859,20.03775],[-90.21821,20.03747],[-90.21779,20.03726],[-90.21772,20.03723],[-90.21676,20.03687],[-90.2167,20.03684],[-90.2165,20.03733]]]}},{"type":"Feature","properties":{"cvegeo":"0400800010219","cve_ent":"04","fuente":"INEGI — Marco Geoestadístico 2024","fecha_corte":"2024-08","cve_mun":"04008","cve_ageb":"0219","cve_loc":"0001"},"geometry":{"type":"Polygon","coordinates":[[[-90.21389,20.06173],[-90.2153,20.06234],[-90.21682,20.05888],[-90.21916,20.05396],[-90.21973,20.0532],[-90.21986,20.05302],[-90.2207,20.05196],[-90.22114,20.05139],[-90.22124,20.05127],[-90.22216,20.05006],[-90.22222,20.04998],[-90.22255,20.05018],[-90.22299,20.05046],[-90.22307,20.0505],[-90.22332,20.0506],[-90.22351,20.05073],[-90.22375,20.0509],[-90.22378,20.05106],[-90.22376,20.05124],[-90.22378,20.05148],[-90.22378,20.05155],[-90.22417,20.05207],[-90.22461,20.05261],[-90.22486,20.05295],[-90.22509,20.05324],[-90.22511,20.05331],[-90.22511,20.05331],[-90.22517,20.05338],[-90.22584,20.05421],[-90.22609,20.05452],[-90.22616,20.05459],[-90.22665,20.05491],[-90.22665,20.05491],[-90.22716,20.05515],[-90.22751,20.05535],[-90.22791,20.05567],[-90.22886,20.05448],[-90.22968,20.05328],[-90.23012,20.05225],[-90.23012,20.05225],[-90.22963,20.05165],[-90.22898,20.05087],[-90.22859,20.05041],[-90.2289,20.04983],[-90.22918,20.0493],[-90.22946,20.04874],[-90.2299,20.04784],[-90.23187,20.04884],[-90.23195,20.04775],[-90.23216,20.04548],[-90.23173,20.04513],[-90.23133,20.04471],[-90.23113,20.04446],[-90.23106,20.04423],[-90.23094,20.04412],[-90.22994,20.04363],[-90.22993,20.04343],[-90.22982,20.04314],[-90.22964,20.04299],[-90.22893,20.04253],[-90.22831,20.04207],[-90.22785,20.04176],[-90.22766,20.04167],[-90.22773,20.04118],[-90.22714,20.041],[-90.22677,20.04089],[-90.22652,20.04082],[-90.22621,20.04071],[-90.22581,20.04059],[-90.22578,20.04056],[-90.2258,20.0405],[-90.22528,20.04037],[-90.22515,20.04072],[-90.225,20.04118],[-90.22492,20.04142],[-90.22483,20.04175],[-90.2247,20.0421],[-90.22427,20.04285],[-90.22384,20.04352],[-90.2234,20.04428],[-90.22334,20.04435],[-90.22287,20.04517],[-90.22244,20.04591],[-90.22225,20.04626],[-90.22165,20.0473],[-90.22164,20.04732],[-90.22093,20.04851],[-90.22046,20.0493],[-90.21959,20.05077],[-90.21905,20.05169],[-90.21852,20.05252],[-90.21849,20.05255],[-90.21843,20.05266],[-90.21796,20.05347],[-90.21758,20.05416],[-90.21701,20.05532],[-90.21698,20.05539],[-90.21653,20.05632],[-90.21647,20.05642],[-90.21632,20.05674],[-90.21612,20.05714],[-90.21578,20.05785],[-90.21543,20.05859],[-90.21538,20.05867],[-90.21459,20.06027],[-90.21431,20.06085],[-90.21417,20.06118],[-90.21413,20.06127],[-90.21389,20.06173],[-90.21389,20.06173]]]}},{"type":"Feature","properties":{"cvegeo":"040100001058A","cve_ent":"04","fuente":"INEGI — Marco Geoestadístico 2024","fecha_corte":"2024-08","cve_mun":"04010","cve_ageb":"058A","cve_loc":"0001"},"geometry":{"type":"Polygon","coordinates":[[[-89.38829,18.50431],[-89.38838,18.50433],[-89.38898,18.50438],[-89.38912,18.50317],[-89.38842,18.50314],[-89.38838,18.50428],[-89.38829,18.50431]]]}},{"type":"Feature","properties":{"cvegeo":"0401000010556","cve_ent":"04","fuente":"INEGI — Marco Geoestadístico 2024","fecha_corte":"2024-08","cve_mun":"04010","cve_ageb":"0556","cve_loc":"0001"},"geometry":{"type":"Polygon","coordinates":[[[-89.39543,18.50344],[-89.39641,18.50349],[-89.39704,18.50353],[-89.39723,18.50355],[-89.39788,18.50359],[-89.39828,18.50361],[-89.39838,18.50451],[-89.39939,18.50443],[-89.4,18.50438],[-89.40002,18.5037],[-89.39983,18.50368],[-89.39989,18.50355],[-89.40001,18.5033],[-89.40005,18.50314],[-89.40008,18.5028],[-89.40009,18.50268],[-89.40015,18.50181],[-89.40016,18.50177],[-89.40018,18.50095],[-89.40022,18.50036],[-89.40024,18.50009],[-89.40027,18.49929],[-89.39953,18.49924],[-89.39915,18.49921],[-89.39883,18.4992],[-89.39931,18.49888],[-89.39955,18.49865],[-89.39853,18.49854],[-89.39834,18.49853],[-89.39744,18.49849],[-89.39698,18.49847],[-89.39652,18.49846],[-89.39555,18.49839],[-89.39553,18.49917],[-89.39548,18.50008],[-89.39462,18.50004],[-89.3938,18.49999],[-89.39374,18.50077],[-89.39368,18.50166],[-89.39364,18.50253],[-89.39357,18.5033],[-89.39447,18.50335],[-89.39488,18.50337],[-89.39543,18.50344]]]}},{"type":"Feature","properties":{"cvegeo":"0401000010518","cve_ent":"04","fuente":"INEGI — Marco Geoestadístico 2024","fecha_corte":"2024-08","cve_mun":"04010","cve_ageb":"0518","cve_loc":"0001"},"geometry":{"type":"Polygon","coordinates":[[[-89.38779,18.50068],[-89.38782,18.50143],[-89.38852,18.50144],[-89.38876,18.50144],[-89.39023,18.50149],[-89.39027,18.50096],[-89.39028,18.50069],[-89.38926,18.50056],[-89.38831,18.50047],[-89.3878,18.50044],[-89.38778,18.50044],[-89.38779,18.50068]]]}},{"type":"Feature","properties":{"cvegeo":"0401000010560","cve_ent":"04","fuente":"INEGI — Marco Geoestadístico 2024","fecha_corte":"2024-08","cve_mun":"04010","cve_ageb":"0560","cve_loc":"0001"},"geometry":{"type":"Polygon","coordinates":[[[-89.38898,18.50438],[-89.3892,18.5044],[-89.38984,18.50448],[-89.39003,18.50451],[-89.39076,18.50456],[-89.3908,18.50457],[-89.39146,18.50462],[-89.39235,18.50467],[-89.39229,18.50401],[-89.39297,18.50399],[-89.39361,18.50398],[-89.39491,18.50395],[-89.39504,18.50398],[-89.39543,18.50344],[-89.39488,18.50337],[-89.39447,18.50335],[-89.39357,18.5033],[-89.39364,18.50253],[-89.39368,18.50166],[-89.39374,18.50077],[-89.3938,18.49999],[-89.39462,18.50004],[-89.39548,18.50008],[-89.39553,18.49917],[-89.39555,18.49839],[-89.39525,18.49837],[-89.3947,18.49834],[-89.39456,18.49832],[-89.39392,18.4983],[-89.39384,18.49829],[-89.39311,18.49825],[-89.39309,18.49824],[-89.39242,18.4982],[-89.39223,18.49819],[-89.39128,18.49811],[-89.39104,18.49808],[-89.39084,18.49806],[-89.39072,18.49805],[-89.39041,18.49801],[-89.39036,18.49879],[-89.39034,18.49903],[-89.39033,18.49967],[-89.39032,18.49984],[-89.39031,18.50069],[-89.39028,18.50069],[-89.39027,18.50096],[-89.39023,18.50149],[-89.38876,18.50144],[-89.38852,18.50144],[-89.38782,18.50143],[-89.38774,18.50223],[-89.38763,18.50309],[-89.38842,18.50314],[-89.38912,18.50317],[-89.38898,18.50438]]]}},{"type":"Feature","properties":{"cvegeo":"0401000010664","cve_ent":"04","fuente":"INEGI — Marco Geoestadístico 2024","fecha_corte":"2024-08","cve_mun":"04010","cve_ageb":"0664","cve_loc":"0001"},"geometry":{"type":"Polygon","coordinates":[[[-89.38719,18.50303],[-89.38763,18.50309],[-89.38774,18.50223],[-89.38782,18.50143],[-89.38706,18.50141],[-89.3865,18.50138],[-89.3864,18.50138],[-89.38618,18.50288],[-89.38719,18.50303]]]}},{"type":"Feature","properties":{"cvegeo":"0401000010700","cve_ent":"04","fuente":"INEGI — Marco Geoestadístico 2024","fecha_corte":"2024-08","cve_mun":"04010","cve_ageb":"0700","cve_loc":"0001"},"geometry":{"type":"Polygon","coordinates":[[[-89.38675,18.50035],[-89.38674,18.50039],[-89.3865,18.50137],[-89.3865,18.50138],[-89.38706,18.50141],[-89.38782,18.50143],[-89.38779,18.50068],[-89.38778,18.50044],[-89.38736,18.50042],[-89.38691,18.50039],[-89.38675,18.50035]]]}},{"type":"Feature","properties":{"cvegeo":"0401000010734","cve_ent":"04","fuente":"INEGI — Marco Geoestadístico 2024","fecha_corte":"2024-08","cve_mun":"04010","cve_ageb":"0734","cve_loc":"0001"},"geometry":{"type":"Polygon","coordinates":[[[-89.39966,18.49475],[-89.39958,18.49676],[-89.39958,18.49679],[-89.40055,18.4973],[-89.40067,18.49714],[-89.4012,18.49646],[-89.40162,18.49591],[-89.402,18.4954],[-89.40229,18.49498],[-89.39975,18.4936],[-89.39966,18.49469],[-89.39966,18.49472],[-89.39966,18.49475]]]}},{"type":"Feature","properties":{"cvegeo":"040100001072A","cve_ent":"04","fuente":"INEGI — Marco Geoestadístico 2024","fecha_corte":"2024-08","cve_mun":"04010","cve_ageb":"072A","cve_loc":"0001"},"geometry":{"type":"Polygon","coordinates":[[[-89.3931,18.48977],[-89.39273,18.49028],[-89.39222,18.49107],[-89.39222,18.49107],[-89.39279,18.49137],[-89.3927,18.49172],[-89.39267,18.49235],[-89.39244,18.49497],[-89.39241,18.49537],[-89.3924,18.49541],[-89.39333,18.49546],[-89.39337,18.4949],[-89.39344,18.49401],[-89.39366,18.49182],[-89.39366,18.49182],[-89.3936,18.49179],[-89.39357,18.49177],[-89.39398,18.4911],[-89.39432,18.49055],[-89.39432,18.49055],[-89.39381,18.49025],[-89.39381,18.49025],[-89.39391,18.4901],[-89.39363,18.48978],[-89.39323,18.48958],[-89.3931,18.48977]]]}},{"type":"Feature","properties":{"cvegeo":"0401000010698","cve_ent":"04","fuente":"INEGI — Marco Geoestadístico 2024","fecha_corte":"2024-08","cve_mun":"04010","cve_ageb":"0698","cve_loc":"0001"},"geometry":{"type":"Polygon","coordinates":[[[-89.3863,18.50744],[-89.38755,18.50774],[-89.38763,18.50776],[-89.38764,18.50775],[-89.38755,18.50763],[-89.38758,18.50714],[-89.38764,18.50691],[-89.38779,18.50627],[-89.38785,18.50602],[-89.38792,18.50569],[-89.38802,18.50519],[-89.38821,18.50434],[-89.38829,18.50431],[-89.38838,18.50428],[-89.38842,18.50314],[-89.38763,18.50309],[-89.38719,18.50303],[-89.38721,18.50404],[-89.38712,18.50504],[-89.38704,18.50537],[-89.38691,18.50586],[-89.38679,18.50627],[-89.38673,18.50652],[-89.38667,18.50673],[-89.3865,18.5067],[-89.3863,18.50744]]]}},{"type":"Feature","properties":{"cvegeo":"0401000010715","cve_ent":"04","fuente":"INEGI — Marco Geoestadístico 2024","fecha_corte":"2024-08","cve_mun":"04010","cve_ageb":"0715","cve_loc":"0001"},"geometry":{"type":"Polygon","coordinates":[[[-89.39028,18.50069],[-89.39031,18.50069],[-89.39032,18.49984],[-89.39033,18.49967],[-89.39034,18.49903],[-89.39036,18.49879],[-89.39041,18.49801],[-89.39072,18.49805],[-89.39084,18.49806],[-89.39104,18.49808],[-89.39128,18.49811],[-89.39223,18.49819],[-89.39221,18.49812],[-89.39223,18.49749],[-89.39225,18.4974],[-89.39228,18.49681],[-89.39232,18.49631],[-89.39234,18.49611],[-89.3924,18.49541],[-89.39212,18.49538],[-89.39123,18.49527],[-89.39033,18.49518],[-89.38884,18.49501],[-89.38884,18.49501],[-89.38855,18.49638],[-89.38826,18.49786],[-89.38838,18.49865],[-89.38835,18.49956],[-89.38815,18.49956],[-89.38793,18.49956],[-89.38759,18.49942],[-89.38706,18.49921],[-89.38658,18.49949],[-89.38652,18.50035],[-89.38675,18.50035],[-89.38691,18.50039],[-89.38736,18.50042],[-89.38778,18.50044],[-89.3878,18.50044],[-89.38831,18.50047],[-89.38926,18.50056],[-89.39028,18.50069]]]}},{"type":"Feature","properties":{"cvegeo":"040100001065A","cve_ent":"04","fuente":"INEGI — Marco Geoestadístico 2024","fecha_corte":"2024-08","cve_mun":"04010","cve_ageb":"065A","cve_loc":"0001"},"geometry":{"type":"Polygon","coordinates":[[[-89.4,18.50438],[-89.4,18.50448],[-89.39999,18.50469],[-89.39995,18.50535],[-89.39996,18.5054],[-89.39996,18.50543],[-89.39994,18.50626],[-89.39992,18.5064],[-89.39991,18.50662],[-89.39985,18.50713],[-89.39981,18.50745],[-89.39979,18.50766],[-89.39978,18.50772],[-89.39975,18.50805],[-89.39969,18.50858],[-89.39987,18.50859],[-89.40063,18.50861],[-89.40072,18.50861],[-89.40072,18.50861],[-89.40074,18.50861],[-89.40087,18.50862],[-89.40105,18.50863],[-89.40105,18.50863],[-89.40109,18.50863],[-89.40224,18.5087],[-89.40227,18.5087],[-89.40335,18.5088],[-89.40343,18.5088],[-89.40344,18.5088],[-89.40345,18.5088],[-89.40345,18.5088],[-89.40346,18.5088],[-89.40346,18.5088],[-89.40359,18.50652],[-89.40359,18.50647],[-89.40356,18.50647],[-89.40296,18.50642],[-89.40192,18.50633],[-89.40192,18.50534],[-89.40192,18.50528],[-89.40196,18.50487],[-89.40205,18.50445],[-89.40208,18.50432],[-89.40222,18.5038],[-89.40285,18.50385],[-89.40317,18.50387],[-89.4032,18.50344],[-89.40329,18.50294],[-89.40335,18.50234],[-89.40337,18.50205],[-89.40341,18.50128],[-89.40223,18.50103],[-89.40221,18.50103],[-89.40237,18.50031],[-89.40239,18.50024],[-89.40241,18.50019],[-89.40251,18.49992],[-89.40264,18.49962],[-89.40295,18.49907],[-89.40297,18.49905],[-89.40288,18.49904],[-89.4031,18.49834],[-89.40311,18.49832],[-89.40067,18.49714],[-89.40055,18.4973],[-89.39972,18.49846],[-89.39955,18.49865],[-89.39931,18.49888],[-89.39883,18.4992],[-89.39915,18.49921],[-89.39953,18.49924],[-89.40027,18.49929],[-89.40024,18.50009],[-89.40022,18.50036],[-89.40018,18.50095],[-89.40016,18.50177],[-89.40015,18.50181],[-89.40009,18.50268],[-89.40008,18.5028],[-89.40005,18.50314],[-89.40001,18.5033],[-89.39989,18.50355],[-89.39983,18.50368],[-89.40002,18.5037],[-89.4,18.50438]]]}},{"type":"Feature","properties":{"cvegeo":"0401000010753","cve_ent":"04","fuente":"INEGI — Marco Geoestadístico 2024","fecha_corte":"2024-08","cve_mun":"04010","cve_ageb":"0753","cve_loc":"0001"},"geometry":{"type":"Polygon","coordinates":[[[-89.40208,18.50432],[-89.40205,18.50445],[-89.40196,18.50487],[-89.40192,18.50528],[-89.40192,18.50534],[-89.40192,18.50633],[-89.40296,18.50642],[-89.40356,18.50647],[-89.40359,18.50647],[-89.40374,18.50392],[-89.40389,18.50138],[-89.40341,18.50128],[-89.40337,18.50205],[-89.40335,18.50234],[-89.40329,18.50294],[-89.4032,18.50344],[-89.40317,18.50387],[-89.40285,18.50385],[-89.40222,18.5038],[-89.40208,18.50432]]]}},{"type":"Feature","properties":{"cvegeo":"0401000010683","cve_ent":"04","fuente":"INEGI — Marco Geoestadístico 2024","fecha_corte":"2024-08","cve_mun":"04010","cve_ageb":"0683","cve_loc":"0001"},"geometry":{"type":"Polygon","coordinates":[[[-89.39221,18.49812],[-89.39223,18.49819],[-89.39242,18.4982],[-89.39309,18.49824],[-89.39311,18.49825],[-89.39384,18.49829],[-89.39392,18.4983],[-89.39456,18.49832],[-89.3947,18.49834],[-89.39525,18.49837],[-89.39555,18.49839],[-89.39652,18.49846],[-89.39698,18.49847],[-89.39744,18.49849],[-89.39834,18.49853],[-89.39853,18.49854],[-89.39955,18.49865],[-89.39972,18.49846],[-89.40055,18.4973],[-89.39958,18.49679],[-89.39958,18.49676],[-89.39966,18.49475],[-89.39894,18.49442],[-89.39894,18.49442],[-89.39893,18.49435],[-89.39893,18.49433],[-89.39889,18.49327],[-89.39806,18.4928],[-89.39749,18.49255],[-89.39742,18.49252],[-89.39743,18.49271],[-89.39727,18.49265],[-89.39672,18.49244],[-89.39663,18.49335],[-89.39648,18.49331],[-89.39533,18.49307],[-89.39532,18.49307],[-89.39533,18.49263],[-89.39533,18.49263],[-89.39533,18.4926],[-89.39533,18.4926],[-89.39506,18.49246],[-89.39502,18.49243],[-89.39431,18.49209],[-89.39368,18.49183],[-89.39366,18.49182],[-89.39344,18.49401],[-89.39337,18.4949],[-89.39333,18.49546],[-89.3924,18.49541],[-89.39234,18.49611],[-89.39232,18.49631],[-89.39228,18.49681],[-89.39225,18.4974],[-89.39223,18.49749],[-89.39221,18.49812]]]}},{"type":"Feature","properties":{"cvegeo":"0401000010240","cve_ent":"04","fuente":"INEGI — Marco Geoestadístico 2024","fecha_corte":"2024-08","cve_mun":"04010","cve_ageb":"0240","cve_loc":"0001"},"geometry":{"type":"Polygon","coordinates":[[[-89.40449,18.49549],[-89.40441,18.49561],[-89.40431,18.49571],[-89.40419,18.49584],[-89.4042,18.49585],[-89.40465,18.49622],[-89.40503,18.49618],[-89.40661,18.49613],[-89.40662,18.4958],[-89.40667,18.49555],[-89.40634,18.4955],[-89.40587,18.49543],[-89.40595,18.49494],[-89.40542,18.49487],[-89.40533,18.49533],[-89.40472,18.49515],[-89.40469,18.49514],[-89.40449,18.49549]]]}},{"type":"Feature","properties":{"cvegeo":"0401000010537","cve_ent":"04","fuente":"INEGI — Marco Geoestadístico 2024","fecha_corte":"2024-08","cve_mun":"04010","cve_ageb":"0537","cve_loc":"0001"},"geometry":{"type":"Polygon","coordinates":[[[-89.39494,18.50886],[-89.39503,18.50915],[-89.3952,18.51009],[-89.39528,18.51006],[-89.39536,18.51004],[-89.39551,18.50999],[-89.39551,18.50999],[-89.39551,18.50999],[-89.3953,18.5091],[-89.3953,18.5091],[-89.39519,18.50864],[-89.39519,18.50863],[-89.39519,18.50862],[-89.39518,18.5086],[-89.39518,18.5086],[-89.39519,18.50861],[-89.3952,18.50861],[-89.3952,18.50861],[-89.39557,18.50875],[-89.39563,18.50877],[-89.39579,18.50883],[-89.39608,18.50894],[-89.39632,18.50897],[-89.39676,18.50914],[-89.39696,18.50919],[-89.39874,18.50963],[-89.39937,18.50982],[-89.39995,18.50999],[-89.40038,18.5101],[-89.4006,18.50919],[-89.40072,18.50861],[-89.40063,18.50861],[-89.39987,18.50859],[-89.39969,18.50858],[-89.39975,18.50805],[-89.39978,18.50772],[-89.39979,18.50766],[-89.39981,18.50745],[-89.39985,18.50713],[-89.39991,18.50662],[-89.39992,18.5064],[-89.39994,18.50626],[-89.39996,18.50543],[-89.39996,18.5054],[-89.39995,18.50535],[-89.39999,18.50469],[-89.4,18.50448],[-89.4,18.50438],[-89.39939,18.50443],[-89.39838,18.50451],[-89.39828,18.50361],[-89.39788,18.50359],[-89.39723,18.50355],[-89.39704,18.50353],[-89.39641,18.50349],[-89.39543,18.50344],[-89.39504,18.50398],[-89.39469,18.50442],[-89.39441,18.5048],[-89.39439,18.50484],[-89.39408,18.50524],[-89.394,18.50544],[-89.39401,18.50556],[-89.39401,18.50558],[-89.39403,18.50564],[-89.39428,18.50645],[-89.39429,18.50647],[-89.39442,18.50703],[-89.39448,18.50724],[-89.3945,18.50729],[-89.39469,18.50801],[-89.39478,18.50827],[-89.3948,18.50835],[-89.39487,18.50855],[-89.39494,18.50886]]]}},{"type":"Feature","properties":{"cvegeo":"0401000010749","cve_ent":"04","fuente":"INEGI — Marco Geoestadístico 2024","fecha_corte":"2024-08","cve_mun":"04010","cve_ageb":"0749","cve_loc":"0001"},"geometry":{"type":"Polygon","coordinates":[[[-89.40341,18.50128],[-89.40389,18.50138],[-89.40392,18.50052],[-89.40396,18.50012],[-89.40437,18.50015],[-89.4044,18.49975],[-89.40562,18.49991],[-89.40566,18.49942],[-89.40512,18.49935],[-89.40461,18.4993],[-89.40404,18.49924],[-89.40297,18.49905],[-89.40295,18.49907],[-89.40264,18.49962],[-89.40251,18.49992],[-89.40241,18.50019],[-89.40239,18.50024],[-89.40237,18.50031],[-89.40221,18.50103],[-89.40223,18.50103],[-89.40341,18.50128]]]}},{"type":"Feature","properties":{"cvegeo":"0401000010541","cve_ent":"04","fuente":"INEGI — Marco Geoestadístico 2024","fecha_corte":"2024-08","cve_mun":"04010","cve_ageb":"0541","cve_loc":"0001"},"geometry":{"type":"Polygon","coordinates":[[[-89.39698,18.51771],[-89.39719,18.5186],[-89.3993,18.51847],[-89.40161,18.51835],[-89.40141,18.51748],[-89.40153,18.51748],[-89.40656,18.51767],[-89.40633,18.51682],[-89.40613,18.51603],[-89.40329,18.5159],[-89.4008,18.51581],[-89.3985,18.51569],[-89.3965,18.51562],[-89.39618,18.51428],[-89.3952,18.51009],[-89.39503,18.50915],[-89.39494,18.50886],[-89.39487,18.50855],[-89.3948,18.50835],[-89.39478,18.50827],[-89.39469,18.50801],[-89.3945,18.50729],[-89.39448,18.50724],[-89.39442,18.50703],[-89.39429,18.50647],[-89.39428,18.50645],[-89.39403,18.50564],[-89.39401,18.50558],[-89.39401,18.50556],[-89.394,18.50544],[-89.39408,18.50524],[-89.39439,18.50484],[-89.39441,18.5048],[-89.39469,18.50442],[-89.39504,18.50398],[-89.39491,18.50395],[-89.39361,18.50398],[-89.39297,18.50399],[-89.39229,18.50401],[-89.39235,18.50467],[-89.39146,18.50462],[-89.3908,18.50457],[-89.39076,18.50456],[-89.39003,18.50451],[-89.38984,18.50448],[-89.3892,18.5044],[-89.38898,18.50438],[-89.38838,18.50433],[-89.38829,18.50431],[-89.38821,18.50434],[-89.38802,18.50519],[-89.38792,18.50569],[-89.38785,18.50602],[-89.38779,18.50627],[-89.38764,18.50691],[-89.38758,18.50714],[-89.38755,18.50763],[-89.38764,18.50775],[-89.38897,18.5079],[-89.38939,18.50793],[-89.38953,18.50794],[-89.38952,18.50806],[-89.38947,18.50835],[-89.38942,18.50866],[-89.38938,18.50889],[-89.38929,18.50914],[-89.38942,18.50972],[-89.38895,18.51012],[-89.38849,18.51055],[-89.38819,18.51084],[-89.38754,18.51143],[-89.38907,18.51113],[-89.38952,18.51102],[-89.3898,18.51099],[-89.39077,18.51124],[-89.39136,18.51143],[-89.39138,18.51158],[-89.39147,18.51159],[-89.39197,18.51145],[-89.39243,18.51133],[-89.39275,18.51123],[-89.39297,18.51114],[-89.39305,18.51042],[-89.39307,18.50993],[-89.3937,18.51006],[-89.39473,18.51446],[-89.39545,18.51751],[-89.39686,18.51717],[-89.39698,18.51771]]]}},{"type":"Feature","properties":{"cvegeo":"0401000010255","cve_ent":"04","fuente":"INEGI — Marco Geoestadístico 2024","fecha_corte":"2024-08","cve_mun":"04010","cve_ageb":"0255","cve_loc":"0001"},"geometry":{"type":"Polygon","coordinates":[[[-89.38942,18.50972],[-89.38929,18.50914],[-89.38877,18.50941],[-89.38836,18.50942],[-89.38822,18.50955],[-89.3878,18.50985],[-89.38774,18.50979],[-89.38662,18.51084],[-89.38735,18.51156],[-89.38754,18.51143],[-89.38819,18.51084],[-89.38849,18.51055],[-89.38895,18.51012],[-89.38942,18.50972]]]}},{"type":"Feature","properties":{"cvegeo":"0401100010318","cve_ent":"04","fuente":"INEGI — Marco Geoestadístico 2024","fecha_corte":"2024-08","cve_mun":"04011","cve_ageb":"0318","cve_loc":"0001"},"geometry":{"type":"Polygon","coordinates":[[[-91.04072,18.17938],[-91.04076,18.17945],[-91.04158,18.17928],[-91.04133,18.17875],[-91.04061,18.17908],[-91.04071,18.17936],[-91.04072,18.17938]]]}},{"type":"Feature","properties":{"cvegeo":"0401100010375","cve_ent":"04","fuente":"INEGI — Marco Geoestadístico 2024","fecha_corte":"2024-08","cve_mun":"04011","cve_ageb":"0375","cve_loc":"0001"},"geometry":{"type":"Polygon","coordinates":[[[-91.03822,18.17777],[-91.03854,18.17829],[-91.03956,18.17999],[-91.03993,18.17988],[-91.03993,18.17988],[-91.03993,18.17988],[-91.03984,18.17974],[-91.03927,18.17881],[-91.03848,18.17754],[-91.03848,18.17754],[-91.03848,18.17755],[-91.03848,18.17755],[-91.03822,18.17777]]]}},{"type":"Feature","properties":{"cvegeo":"0401100010055","cve_ent":"04","fuente":"INEGI — Marco Geoestadístico 2024","fecha_corte":"2024-08","cve_mun":"04011","cve_ageb":"0055","cve_loc":"0001"},"geometry":{"type":"Polygon","coordinates":[[[-91.0439,18.18466],[-91.04403,18.18501],[-91.04427,18.18556],[-91.04464,18.18651],[-91.04465,18.18653],[-91.04503,18.18747],[-91.0454,18.18828],[-91.04663,18.18799],[-91.0471,18.18787],[-91.04712,18.18787],[-91.04725,18.18784],[-91.04803,18.18762],[-91.04907,18.18735],[-91.04952,18.18724],[-91.0499,18.18717],[-91.05012,18.1871],[-91.05053,18.187],[-91.05075,18.18694],[-91.05113,18.18674],[-91.05137,18.18654],[-91.05147,18.18644],[-91.05156,18.18634],[-91.0516,18.18625],[-91.05165,18.18614],[-91.05174,18.18593],[-91.05181,18.18568],[-91.05183,18.18557],[-91.05206,18.18412],[-91.05216,18.18342],[-91.05216,18.18341],[-91.05216,18.18341],[-91.05236,18.18214],[-91.05235,18.18214],[-91.05088,18.18258],[-91.05058,18.18266],[-91.05025,18.18275],[-91.04995,18.18283],[-91.04965,18.18291],[-91.04957,18.18293],[-91.04957,18.18293],[-91.04958,18.183],[-91.0496,18.1831],[-91.04911,18.18323],[-91.04857,18.1833],[-91.04816,18.1834],[-91.04728,18.18369],[-91.04714,18.18374],[-91.04659,18.18391],[-91.04613,18.18402],[-91.04579,18.18412],[-91.04578,18.18412],[-91.04396,18.18464],[-91.0439,18.18466]]]}},{"type":"Feature","properties":{"cvegeo":"0401100010093","cve_ent":"04","fuente":"INEGI — Marco Geoestadístico 2024","fecha_corte":"2024-08","cve_mun":"04011","cve_ageb":"0093","cve_loc":"0001"},"geometry":{"type":"Polygon","coordinates":[[[-91.0432,18.20032],[-91.04352,18.20123],[-91.04354,18.20135],[-91.04397,18.20116],[-91.04419,18.20097],[-91.04445,18.20092],[-91.04412,18.20008],[-91.04411,18.20005],[-91.0436,18.20022],[-91.0432,18.20032]]]}},{"type":"Feature","properties":{"cvegeo":"0401100010036","cve_ent":"04","fuente":"INEGI — Marco Geoestadístico 2024","fecha_corte":"2024-08","cve_mun":"04011","cve_ageb":"0036","cve_loc":"0001"},"geometry":{"type":"Polygon","coordinates":[[[-91.03586,18.19183],[-91.03586,18.19183],[-91.03625,18.19298],[-91.03687,18.19421],[-91.03727,18.1952],[-91.03755,18.19592],[-91.03729,18.19607],[-91.03745,18.19642],[-91.0367,18.19672],[-91.0367,18.19672],[-91.03684,18.19698],[-91.03721,18.19768],[-91.03722,18.1977],[-91.03763,18.19754],[-91.03807,18.19734],[-91.03826,18.19723],[-91.03844,18.19706],[-91.03935,18.19664],[-91.03935,18.19664],[-91.03898,18.19572],[-91.03856,18.19469],[-91.03815,18.19373],[-91.0376,18.19242],[-91.03719,18.19146],[-91.03623,18.19173],[-91.03604,18.19178],[-91.03586,18.19183]]]}},{"type":"Feature","properties":{"cvegeo":"0401100010303","cve_ent":"04","fuente":"INEGI — Marco Geoestadístico 2024","fecha_corte":"2024-08","cve_mun":"04011","cve_ageb":"0303","cve_loc":"0001"},"geometry":{"type":"Polygon","coordinates":[[[-91.03428,18.1855],[-91.03485,18.18673],[-91.03529,18.18661],[-91.03572,18.18649],[-91.03512,18.18518],[-91.03511,18.18515],[-91.03511,18.18515],[-91.03508,18.18509],[-91.03452,18.18412],[-91.03409,18.18432],[-91.03349,18.18339],[-91.0334,18.18325],[-91.03339,18.18322],[-91.03334,18.18325],[-91.03324,18.1833],[-91.033,18.18345],[-91.033,18.18345],[-91.03385,18.1847],[-91.03423,18.18541],[-91.03428,18.1855]]]}},{"type":"Feature","properties":{"cvegeo":"0401100010360","cve_ent":"04","fuente":"INEGI — Marco Geoestadístico 2024","fecha_corte":"2024-08","cve_mun":"04011","cve_ageb":"0360","cve_loc":"0001"},"geometry":{"type":"Polygon","coordinates":[[[-91.02903,18.18719],[-91.02914,18.18746],[-91.02956,18.18728],[-91.02998,18.18711],[-91.03041,18.18701],[-91.03084,18.18688],[-91.03127,18.18674],[-91.03169,18.18657],[-91.0317,18.18657],[-91.0326,18.18618],[-91.03262,18.18617],[-91.03301,18.18602],[-91.03345,18.18585],[-91.03341,18.18573],[-91.03305,18.18497],[-91.03272,18.1842],[-91.03261,18.18397],[-91.03219,18.18413],[-91.03175,18.18436],[-91.03175,18.18436],[-91.03179,18.18444],[-91.03179,18.18444],[-91.03088,18.18479],[-91.03088,18.18478],[-91.03066,18.1843],[-91.03065,18.1843],[-91.03024,18.18443],[-91.02981,18.1846],[-91.02981,18.1846],[-91.02963,18.18418],[-91.02962,18.18418],[-91.02914,18.18428],[-91.02876,18.18453],[-91.02876,18.18453],[-91.02959,18.18651],[-91.02959,18.18651],[-91.02888,18.18681],[-91.02888,18.18681],[-91.02903,18.18718],[-91.02903,18.18719]]]}},{"type":"Feature","properties":{"cvegeo":"0401100010337","cve_ent":"04","fuente":"INEGI — Marco Geoestadístico 2024","fecha_corte":"2024-08","cve_mun":"04011","cve_ageb":"0337","cve_loc":"0001"},"geometry":{"type":"Polygon","coordinates":[[[-91.04608,18.19912],[-91.04607,18.20004],[-91.04607,18.20054],[-91.04609,18.20284],[-91.04604,18.20471],[-91.04624,18.20471],[-91.04668,18.20463],[-91.04727,18.20454],[-91.04727,18.20454],[-91.04724,18.20262],[-91.04709,18.19913],[-91.04709,18.19913],[-91.04689,18.19912],[-91.0467,18.19912],[-91.04608,18.19912]]]}},{"type":"Feature","properties":{"cvegeo":"0401100010017","cve_ent":"04","fuente":"INEGI — Marco Geoestadístico 2024","fecha_corte":"2024-08","cve_mun":"04011","cve_ageb":"0017","cve_loc":"0001"},"geometry":{"type":"Polygon","coordinates":[[[-91.04609,18.19899],[-91.04608,18.19912],[-91.0467,18.19912],[-91.04689,18.19912],[-91.04709,18.19913],[-91.04709,18.19913],[-91.04753,18.19809],[-91.04753,18.19795],[-91.0476,18.19788],[-91.04805,18.19725],[-91.04805,18.19725],[-91.0485,18.19703],[-91.0485,18.19703],[-91.04854,18.19694],[-91.04854,18.19694],[-91.04854,18.19694],[-91.04862,18.19696],[-91.04888,18.19703],[-91.04891,18.19703],[-91.04892,18.19703],[-91.04904,18.19663],[-91.04907,18.19653],[-91.04749,18.19545],[-91.04723,18.19528],[-91.04717,18.19514],[-91.04683,18.19438],[-91.04679,18.1943],[-91.04679,18.1943],[-91.04702,18.1942],[-91.04654,18.19315],[-91.04619,18.19328],[-91.04554,18.19187],[-91.04745,18.19105],[-91.04823,18.19119],[-91.04831,18.1913],[-91.0484,18.19141],[-91.04849,18.19151],[-91.04861,18.19158],[-91.04875,18.19163],[-91.04888,18.19167],[-91.04902,18.19171],[-91.04916,18.19174],[-91.04929,18.19177],[-91.04929,18.19177],[-91.04943,18.19178],[-91.04958,18.19177],[-91.04971,18.19174],[-91.04985,18.19171],[-91.04998,18.19167],[-91.0501,18.19159],[-91.05022,18.19152],[-91.05035,18.19144],[-91.05035,18.19144],[-91.05044,18.19136],[-91.05053,18.19126],[-91.05063,18.19116],[-91.05073,18.19106],[-91.05084,18.19097],[-91.05092,18.19086],[-91.05102,18.19076],[-91.05111,18.19066],[-91.05111,18.19066],[-91.05123,18.19058],[-91.05136,18.19055],[-91.05151,18.19051],[-91.05165,18.19049],[-91.05178,18.19047],[-91.05192,18.19044],[-91.05206,18.19042],[-91.05219,18.1904],[-91.05234,18.19037],[-91.05247,18.19034],[-91.05261,18.19032],[-91.05275,18.1903],[-91.05289,18.19029],[-91.05303,18.19029],[-91.05317,18.19029],[-91.05331,18.19029],[-91.05332,18.19029],[-91.05346,18.19031],[-91.05359,18.19034],[-91.05373,18.19036],[-91.05387,18.19041],[-91.054,18.19046],[-91.05413,18.19051],[-91.05426,18.19056],[-91.05439,18.19062],[-91.0545,18.1907],[-91.05463,18.19076],[-91.05476,18.19082],[-91.05489,18.19087],[-91.05501,18.19094],[-91.05514,18.191],[-91.0552,18.19103],[-91.0552,18.19103],[-91.05521,18.19103],[-91.0555,18.19037],[-91.05545,18.19015],[-91.05545,18.19015],[-91.05567,18.19002],[-91.05567,18.19002],[-91.05542,18.18972],[-91.05542,18.18972],[-91.05608,18.18928],[-91.05608,18.18928],[-91.05606,18.18926],[-91.05583,18.18899],[-91.05592,18.1889],[-91.05606,18.1887],[-91.05604,18.18865],[-91.05577,18.18804],[-91.05585,18.18733],[-91.05524,18.18722],[-91.05399,18.18694],[-91.05404,18.18526],[-91.05404,18.18525],[-91.05403,18.18525],[-91.054,18.18526],[-91.05399,18.18526],[-91.05383,18.18519],[-91.05399,18.1849],[-91.05399,18.1849],[-91.05399,18.1849],[-91.05406,18.18492],[-91.05407,18.18492],[-91.05429,18.18474],[-91.05429,18.18474],[-91.05447,18.18415],[-91.05448,18.18413],[-91.05316,18.18348],[-91.05316,18.18348],[-91.05316,18.18348],[-91.05307,18.1837],[-91.05307,18.1837],[-91.05306,18.1837],[-91.05216,18.18341],[-91.05216,18.18341],[-91.05216,18.18342],[-91.05206,18.18412],[-91.05183,18.18557],[-91.05181,18.18568],[-91.05174,18.18593],[-91.05165,18.18614],[-91.0516,18.18625],[-91.05156,18.18634],[-91.05147,18.18644],[-91.05137,18.18654],[-91.05113,18.18674],[-91.05075,18.18694],[-91.05053,18.187],[-91.05012,18.1871],[-91.0499,18.18717],[-91.04952,18.18724],[-91.04907,18.18735],[-91.04803,18.18762],[-91.04725,18.18784],[-91.04712,18.18787],[-91.0471,18.18787],[-91.04663,18.18799],[-91.0454,18.18828],[-91.04505,18.18842],[-91.0448,18.18856],[-91.04447,18.18883],[-91.04424,18.18928],[-91.04416,18.18954],[-91.04412,18.18982],[-91.04384,18.18993],[-91.04284,18.19032],[-91.04324,18.19131],[-91.04367,18.19226],[-91.04406,18.19322],[-91.04426,18.19369],[-91.04447,18.19416],[-91.04484,18.19516],[-91.04519,18.1961],[-91.04557,18.19707],[-91.0456,18.19706],[-91.04568,18.19709],[-91.04585,18.19757],[-91.04598,18.19786],[-91.04603,18.19815],[-91.04609,18.19813],[-91.04609,18.19899]]]}},{"type":"Feature","properties":{"cvegeo":"040110001006A","cve_ent":"04","fuente":"INEGI — Marco Geoestadístico 2024","fecha_corte":"2024-08","cve_mun":"04011","cve_ageb":"006A","cve_loc":"0001"},"geometry":{"type":"Polygon","coordinates":[[[-91.03485,18.18673],[-91.0344,18.18685],[-91.03449,18.18717],[-91.03679,18.18653],[-91.03814,18.18617],[-91.03876,18.18599],[-91.03959,18.18575],[-91.03963,18.18585],[-91.04073,18.18551],[-91.04285,18.1849],[-91.0439,18.18466],[-91.04396,18.18464],[-91.04578,18.18412],[-91.04579,18.18412],[-91.04613,18.18402],[-91.04659,18.18391],[-91.04714,18.18374],[-91.04728,18.18369],[-91.04816,18.1834],[-91.04857,18.1833],[-91.04911,18.18323],[-91.0496,18.1831],[-91.04958,18.183],[-91.04957,18.18293],[-91.04957,18.18293],[-91.04957,18.18293],[-91.04948,18.1827],[-91.04897,18.18167],[-91.0489,18.18152],[-91.04893,18.18144],[-91.04899,18.18073],[-91.04585,18.17927],[-91.0455,18.17797],[-91.04472,18.17711],[-91.04444,18.1772],[-91.04435,18.17711],[-91.04405,18.1772],[-91.04393,18.1771],[-91.04334,18.17735],[-91.04329,18.17738],[-91.04304,18.17758],[-91.04291,18.1777],[-91.04286,18.17778],[-91.04283,18.17781],[-91.04271,18.1779],[-91.04233,18.17815],[-91.04133,18.17875],[-91.04158,18.17928],[-91.04076,18.17945],[-91.04072,18.17938],[-91.04039,18.17952],[-91.03984,18.17974],[-91.03993,18.17988],[-91.03993,18.17988],[-91.03993,18.17988],[-91.03956,18.17999],[-91.03854,18.17829],[-91.03822,18.17777],[-91.03762,18.17806],[-91.03757,18.17809],[-91.03757,18.17809],[-91.03785,18.17882],[-91.03793,18.17905],[-91.03832,18.17957],[-91.03832,18.17957],[-91.0375,18.17988],[-91.03747,18.17989],[-91.03743,18.17991],[-91.03743,18.17991],[-91.03757,18.1801],[-91.03757,18.1801],[-91.03652,18.18065],[-91.03648,18.18068],[-91.03648,18.18068],[-91.0366,18.18078],[-91.03676,18.18095],[-91.03745,18.18173],[-91.03821,18.18258],[-91.039,18.18346],[-91.03903,18.18349],[-91.03938,18.18387],[-91.03952,18.18404],[-91.03957,18.18422],[-91.03954,18.18438],[-91.03939,18.18488],[-91.03935,18.18508],[-91.03937,18.18515],[-91.0395,18.18548],[-91.03944,18.18548],[-91.03801,18.18588],[-91.03798,18.1859],[-91.03794,18.18591],[-91.03697,18.18613],[-91.03697,18.18614],[-91.03696,18.18615],[-91.03696,18.18616],[-91.03695,18.18617],[-91.03694,18.18618],[-91.03692,18.18618],[-91.0369,18.18618],[-91.03689,18.18616],[-91.03572,18.18649],[-91.03529,18.18661],[-91.03485,18.18673]]]}},{"type":"Feature","properties":{"cvegeo":"0401100010074","cve_ent":"04","fuente":"INEGI — Marco Geoestadístico 2024","fecha_corte":"2024-08","cve_mun":"04011","cve_ageb":"0074","cve_loc":"0001"},"geometry":{"type":"Polygon","coordinates":[[[-91.03903,18.19011],[-91.03931,18.19085],[-91.04031,18.19052],[-91.04003,18.18985],[-91.03903,18.19011]]]}},{"type":"Feature","properties":{"cvegeo":"0401100010040","cve_ent":"04","fuente":"INEGI — Marco Geoestadístico 2024","fecha_corte":"2024-08","cve_mun":"04011","cve_ageb":"0040","cve_loc":"0001"},"geometry":{"type":"Polygon","coordinates":[[[-91.04031,18.19052],[-91.04058,18.19124],[-91.04156,18.19084],[-91.04284,18.19032],[-91.04384,18.18993],[-91.04412,18.18982],[-91.04416,18.18954],[-91.04424,18.18928],[-91.04447,18.18883],[-91.0448,18.18856],[-91.04505,18.18842],[-91.0454,18.18828],[-91.04503,18.18747],[-91.04465,18.18653],[-91.04464,18.18651],[-91.04427,18.18556],[-91.04403,18.18501],[-91.0439,18.18466],[-91.04285,18.1849],[-91.04073,18.18551],[-91.03963,18.18585],[-91.03958,18.18588],[-91.03921,18.18602],[-91.03886,18.18614],[-91.03873,18.18619],[-91.03866,18.18628],[-91.03858,18.18634],[-91.03693,18.1868],[-91.03649,18.18693],[-91.03604,18.18708],[-91.03555,18.18722],[-91.03567,18.18755],[-91.03586,18.18808],[-91.03606,18.1886],[-91.03626,18.18913],[-91.03737,18.1888],[-91.03765,18.18871],[-91.03842,18.18844],[-91.03938,18.18814],[-91.03974,18.18908],[-91.04003,18.18985],[-91.04031,18.19052]]]}},{"type":"Feature","properties":{"cvegeo":"0401100010341","cve_ent":"04","fuente":"INEGI — Marco Geoestadístico 2024","fecha_corte":"2024-08","cve_mun":"04011","cve_ageb":"0341","cve_loc":"0001"},"geometry":{"type":"Polygon","coordinates":[[[-91.03177,18.18893],[-91.03185,18.18925],[-91.03186,18.18932],[-91.03199,18.18979],[-91.03211,18.19034],[-91.03232,18.19119],[-91.03235,18.19133],[-91.03246,18.19176],[-91.03252,18.19196],[-91.03268,18.1928],[-91.03446,18.19226],[-91.03585,18.19183],[-91.03586,18.19183],[-91.03604,18.19178],[-91.03623,18.19173],[-91.03719,18.19146],[-91.0383,18.19116],[-91.03931,18.19085],[-91.03903,18.19011],[-91.04003,18.18985],[-91.03974,18.18908],[-91.03938,18.18814],[-91.03842,18.18844],[-91.03765,18.18871],[-91.03737,18.1888],[-91.03626,18.18913],[-91.03606,18.1886],[-91.03586,18.18808],[-91.03567,18.18755],[-91.03555,18.18722],[-91.03604,18.18708],[-91.03649,18.18693],[-91.03693,18.1868],[-91.03858,18.18634],[-91.03866,18.18628],[-91.03873,18.18619],[-91.03886,18.18614],[-91.03921,18.18602],[-91.03958,18.18588],[-91.03963,18.18585],[-91.03959,18.18575],[-91.03876,18.18599],[-91.03814,18.18617],[-91.03679,18.18653],[-91.03449,18.18717],[-91.03435,18.18721],[-91.03288,18.18763],[-91.0315,18.18802],[-91.03165,18.18844],[-91.03173,18.18871],[-91.03176,18.18888],[-91.03177,18.18893]]]}},{"type":"Feature","properties":{"cvegeo":"0401100010089","cve_ent":"04","fuente":"INEGI — Marco Geoestadístico 2024","fecha_corte":"2024-08","cve_mun":"04011","cve_ageb":"0089","cve_loc":"0001"},"geometry":{"type":"Polygon","coordinates":[[[-91.03572,18.18649],[-91.03689,18.18616],[-91.0369,18.18618],[-91.03692,18.18618],[-91.03694,18.18618],[-91.03695,18.18617],[-91.03696,18.18616],[-91.03696,18.18615],[-91.03697,18.18614],[-91.03697,18.18613],[-91.03794,18.18591],[-91.03798,18.1859],[-91.03801,18.18588],[-91.03944,18.18548],[-91.0395,18.18548],[-91.03937,18.18515],[-91.03935,18.18508],[-91.03939,18.18488],[-91.03954,18.18438],[-91.03957,18.18422],[-91.03952,18.18404],[-91.03938,18.18387],[-91.03903,18.18349],[-91.039,18.18346],[-91.03821,18.18258],[-91.03745,18.18173],[-91.03676,18.18095],[-91.0366,18.18078],[-91.0366,18.18079],[-91.0361,18.18102],[-91.0361,18.18102],[-91.03677,18.18194],[-91.03691,18.18191],[-91.03707,18.18188],[-91.03811,18.18339],[-91.03811,18.18339],[-91.03712,18.18398],[-91.03704,18.18402],[-91.03691,18.18386],[-91.03693,18.18378],[-91.0366,18.18322],[-91.03659,18.1832],[-91.03563,18.18357],[-91.03626,18.18468],[-91.03511,18.18515],[-91.03511,18.18515],[-91.03512,18.18518],[-91.03572,18.18649]]]}},{"type":"Feature","properties":{"cvegeo":"0401100010021","cve_ent":"04","fuente":"INEGI — Marco Geoestadístico 2024","fecha_corte":"2024-08","cve_mun":"04011","cve_ageb":"0021","cve_loc":"0001"},"geometry":{"type":"Polygon","coordinates":[[[-91.04354,18.20135],[-91.04261,18.20158],[-91.04261,18.20158],[-91.04249,18.20227],[-91.04197,18.20353],[-91.04327,18.20321],[-91.04391,18.20523],[-91.0459,18.20471],[-91.0459,18.20471],[-91.04604,18.20471],[-91.04609,18.20284],[-91.04607,18.20054],[-91.04607,18.20004],[-91.04608,18.19912],[-91.04609,18.19899],[-91.04609,18.19813],[-91.04603,18.19815],[-91.04598,18.19786],[-91.04585,18.19757],[-91.04568,18.19709],[-91.0456,18.19706],[-91.04557,18.19707],[-91.04519,18.1961],[-91.04484,18.19516],[-91.04447,18.19416],[-91.04426,18.19369],[-91.04406,18.19322],[-91.04367,18.19226],[-91.04324,18.19131],[-91.04284,18.19032],[-91.04156,18.19084],[-91.04058,18.19124],[-91.04031,18.19052],[-91.03931,18.19085],[-91.0383,18.19116],[-91.03719,18.19146],[-91.0376,18.19242],[-91.03815,18.19373],[-91.03856,18.19469],[-91.03898,18.19572],[-91.03935,18.19664],[-91.03935,18.19664],[-91.03844,18.19706],[-91.03826,18.19723],[-91.0383,18.19737],[-91.03836,18.19759],[-91.03874,18.19865],[-91.03874,18.19865],[-91.03895,18.19858],[-91.03897,18.19857],[-91.03914,18.19907],[-91.03935,18.19972],[-91.03941,18.19989],[-91.03941,18.1999],[-91.03943,18.19989],[-91.03985,18.1997],[-91.04025,18.19952],[-91.04036,18.19947],[-91.04157,18.19893],[-91.04185,18.19975],[-91.04189,18.19986],[-91.04233,18.19968],[-91.04262,18.19956],[-91.04268,18.19953],[-91.04276,18.1995],[-91.04276,18.19952],[-91.04303,18.20035],[-91.0432,18.20032],[-91.0436,18.20022],[-91.04411,18.20005],[-91.04412,18.20008],[-91.04445,18.20092],[-91.04419,18.20097],[-91.04397,18.20116],[-91.04354,18.20135]]]}},{"type":"Feature","properties":{"cvegeo":"0401100010356","cve_ent":"04","fuente":"INEGI — Marco Geoestadístico 2024","fecha_corte":"2024-08","cve_mun":"04011","cve_ageb":"0356","cve_loc":"0001"},"geometry":{"type":"Polygon","coordinates":[[[-91.02838,18.1889],[-91.02847,18.18915],[-91.02853,18.18929],[-91.03,18.18889],[-91.03165,18.18844],[-91.0315,18.18802],[-91.03106,18.18815],[-91.02862,18.18883],[-91.02838,18.1889]]]}},{"type":"Feature","properties":{"cvegeo":"040110001038A","cve_ent":"04","fuente":"INEGI — Marco Geoestadístico 2024","fecha_corte":"2024-08","cve_mun":"04011","cve_ageb":"038A","cve_loc":"0001"},"geometry":{"type":"Polygon","coordinates":[[[-91.03074,18.18916],[-91.03075,18.1892],[-91.03086,18.18948],[-91.0309,18.18961],[-91.0309,18.18961],[-91.03113,18.19056],[-91.03113,18.19056],[-91.03137,18.19155],[-91.03148,18.19197],[-91.03161,18.19237],[-91.03184,18.19301],[-91.03193,18.19314],[-91.03219,18.19309],[-91.03261,18.19298],[-91.03269,18.1929],[-91.03268,18.1928],[-91.03252,18.19196],[-91.03246,18.19176],[-91.03235,18.19133],[-91.03232,18.19119],[-91.03211,18.19034],[-91.03199,18.18979],[-91.03186,18.18932],[-91.03185,18.18925],[-91.03177,18.18893],[-91.03176,18.18888],[-91.03173,18.18871],[-91.03165,18.18844],[-91.03,18.18889],[-91.02853,18.18929],[-91.0287,18.18971],[-91.02871,18.18971],[-91.02871,18.18971],[-91.03074,18.18916]]]}},{"type":"Feature","properties":{"cvegeo":"0401100010407","cve_ent":"04","fuente":"INEGI — Marco Geoestadístico 2024","fecha_corte":"2024-08","cve_mun":"04011","cve_ageb":"0407","cve_loc":"0001"},"geometry":{"type":"Polygon","coordinates":[[[-91.02751,18.19164],[-91.02771,18.1916],[-91.02772,18.19159],[-91.0285,18.19141],[-91.02851,18.19143],[-91.02861,18.19169],[-91.02863,18.19169],[-91.02942,18.19149],[-91.02932,18.19119],[-91.02921,18.19093],[-91.0291,18.19067],[-91.029,18.19041],[-91.02889,18.19014],[-91.0287,18.18971],[-91.02853,18.18929],[-91.02847,18.18915],[-91.02838,18.1889],[-91.02758,18.18912],[-91.02658,18.18938],[-91.0267,18.18974],[-91.02713,18.18966],[-91.02717,18.18978],[-91.02727,18.18976],[-91.02743,18.19023],[-91.02702,18.19034],[-91.02751,18.19164]]]}},{"type":"Feature","properties":{"cvegeo":"0401100010322","cve_ent":"04","fuente":"INEGI — Marco Geoestadístico 2024","fecha_corte":"2024-08","cve_mun":"04011","cve_ageb":"0322","cve_loc":"0001"},"geometry":{"type":"Polygon","coordinates":[[[-91.02848,18.18741],[-91.02796,18.18766],[-91.02795,18.18766],[-91.02796,18.18769],[-91.0282,18.18841],[-91.02826,18.18856],[-91.02826,18.18856],[-91.02809,18.18861],[-91.02742,18.18881],[-91.02758,18.1891],[-91.02758,18.18912],[-91.02838,18.1889],[-91.02862,18.18883],[-91.03106,18.18815],[-91.0315,18.18802],[-91.03288,18.18763],[-91.03435,18.18721],[-91.03449,18.18717],[-91.0344,18.18685],[-91.03485,18.18673],[-91.03428,18.1855],[-91.03387,18.18569],[-91.03345,18.18585],[-91.03301,18.18602],[-91.03262,18.18617],[-91.0326,18.18618],[-91.0317,18.18657],[-91.03169,18.18657],[-91.03127,18.18674],[-91.03084,18.18688],[-91.03041,18.18701],[-91.02998,18.18711],[-91.02956,18.18728],[-91.02914,18.18746],[-91.02903,18.18719],[-91.02903,18.18718],[-91.02848,18.18741]]]}},{"type":"Feature","properties":{"cvegeo":"0401100010394","cve_ent":"04","fuente":"INEGI — Marco Geoestadístico 2024","fecha_corte":"2024-08","cve_mun":"04011","cve_ageb":"0394","cve_loc":"0001"},"geometry":{"type":"Polygon","coordinates":[[[-91.0224,18.18936],[-91.0224,18.18936],[-91.0228,18.18938],[-91.02339,18.1894],[-91.02384,18.18941],[-91.02425,18.18941],[-91.02463,18.1894],[-91.02463,18.1894],[-91.02472,18.18941],[-91.02482,18.18942],[-91.02483,18.18942],[-91.02496,18.18942],[-91.02513,18.18938],[-91.02527,18.18939],[-91.02562,18.18929],[-91.02608,18.18918],[-91.02608,18.18918],[-91.02584,18.18851],[-91.0257,18.18821],[-91.02528,18.18837],[-91.02524,18.18839],[-91.02483,18.18853],[-91.02466,18.18802],[-91.0245,18.18756],[-91.02352,18.18496],[-91.02303,18.18509],[-91.02284,18.18458],[-91.02252,18.18367],[-91.02251,18.18367],[-91.02216,18.18374],[-91.02181,18.18382],[-91.0214,18.18393],[-91.0214,18.18393],[-91.02146,18.18411],[-91.02146,18.18411],[-91.02121,18.18418],[-91.02121,18.18418],[-91.02116,18.18402],[-91.02095,18.18406],[-91.02099,18.1842],[-91.02099,18.1842],[-91.02181,18.18723],[-91.0224,18.18936]]]}},{"type":"Feature","properties":{"cvegeo":"0401200010048","cve_ent":"04","fuente":"INEGI — Marco Geoestadístico 2024","fecha_corte":"2024-08","cve_mun":"04012","cve_ageb":"0048","cve_loc":"0001"},"geometry":{"type":"Polygon","coordinates":[[[-90.6869,19.64129],[-90.68717,19.64196],[-90.68733,19.64237],[-90.68833,19.64214],[-90.68942,19.64188],[-90.68946,19.64188],[-90.69042,19.64164],[-90.69054,19.6416],[-90.6908,19.64155],[-90.69078,19.64153],[-90.69069,19.64136],[-90.69055,19.6411],[-90.69049,19.64094],[-90.69047,19.6408],[-90.69042,19.64071],[-90.69051,19.64062],[-90.69061,19.64052],[-90.69063,19.6404],[-90.69068,19.64038],[-90.69098,19.64026],[-90.69477,19.63857],[-90.69507,19.63844],[-90.69574,19.63673],[-90.69533,19.63592],[-90.69533,19.63592],[-90.69515,19.63598],[-90.69511,19.63599],[-90.69552,19.63677],[-90.69555,19.63682],[-90.69528,19.63745],[-90.69528,19.63745],[-90.6947,19.63729],[-90.6947,19.63729],[-90.69467,19.63742],[-90.69465,19.63748],[-90.69516,19.63767],[-90.6952,19.63768],[-90.69495,19.63832],[-90.69205,19.63962],[-90.69087,19.64014],[-90.69087,19.64014],[-90.6907,19.63986],[-90.69073,19.63977],[-90.69074,19.63974],[-90.69073,19.63964],[-90.69069,19.63958],[-90.69066,19.63955],[-90.69051,19.63949],[-90.69051,19.63949],[-90.69009,19.63956],[-90.68986,19.63964],[-90.68974,19.63964],[-90.68974,19.63964],[-90.68966,19.63961],[-90.68959,19.63953],[-90.68953,19.63939],[-90.6891,19.63851],[-90.68898,19.63831],[-90.68873,19.63794],[-90.68857,19.63766],[-90.68844,19.6373],[-90.6884,19.63722],[-90.68841,19.63721],[-90.68846,19.63716],[-90.68891,19.63698],[-90.6889,19.63693],[-90.6884,19.63712],[-90.6882,19.63676],[-90.68796,19.63628],[-90.68786,19.63609],[-90.68786,19.63609],[-90.6877,19.63571],[-90.68765,19.63569],[-90.68757,19.63564],[-90.68743,19.63531],[-90.68734,19.63503],[-90.68734,19.63502],[-90.68724,19.63474],[-90.68713,19.6345],[-90.68712,19.6345],[-90.68709,19.63451],[-90.68705,19.63443],[-90.68677,19.63361],[-90.68663,19.63358],[-90.68661,19.63359],[-90.68646,19.63367],[-90.68633,19.63361],[-90.68625,19.63363],[-90.68587,19.63366],[-90.68568,19.63367],[-90.68469,19.63371],[-90.68481,19.63438],[-90.685,19.63544],[-90.68433,19.63544],[-90.6837,19.63545],[-90.68366,19.63584],[-90.68355,19.63673],[-90.68354,19.63682],[-90.68368,19.6369],[-90.68445,19.63731],[-90.68529,19.63795],[-90.68525,19.6385],[-90.68394,19.6388],[-90.68382,19.63947],[-90.68369,19.64022],[-90.68507,19.64028],[-90.68575,19.64031],[-90.68595,19.6403],[-90.68649,19.64021],[-90.6869,19.64129]]]}},{"type":"Feature","properties":{"cvegeo":"0401200550071","cve_ent":"04","fuente":"INEGI — Marco Geoestadístico 2024","fecha_corte":"2024-08","cve_mun":"04012","cve_ageb":"0071","cve_loc":"0055"},"geometry":{"type":"Polygon","coordinates":[[[-90.69723,19.53377],[-90.69723,19.53377],[-90.69776,19.53386],[-90.69821,19.53394],[-90.69837,19.53323],[-90.69903,19.53336],[-90.69905,19.53302],[-90.6997,19.53308],[-90.6997,19.53308],[-90.69971,19.53315],[-90.69971,19.53316],[-90.70031,19.53332],[-90.70071,19.5334],[-90.70153,19.5337],[-90.70216,19.53394],[-90.70249,19.53253],[-90.70261,19.53184],[-90.70286,19.53093],[-90.70299,19.53045],[-90.70309,19.5301],[-90.70321,19.5297],[-90.70426,19.52993],[-90.70454,19.52873],[-90.70349,19.5286],[-90.70245,19.52848],[-90.70147,19.52835],[-90.70032,19.52822],[-90.70042,19.52744],[-90.6992,19.52722],[-90.69911,19.52723],[-90.69814,19.52704],[-90.69751,19.52695],[-90.69658,19.5268],[-90.69576,19.5267],[-90.69485,19.52657],[-90.69485,19.52657],[-90.69458,19.52816],[-90.69403,19.53121],[-90.69384,19.53221],[-90.69373,19.53271],[-90.6936,19.5333],[-90.6936,19.53331],[-90.69405,19.53342],[-90.69483,19.53287],[-90.69485,19.53279],[-90.69539,19.53261],[-90.6956,19.53252],[-90.69592,19.53285],[-90.69613,19.53309],[-90.69614,19.53309],[-90.6957,19.53342],[-90.6957,19.53342],[-90.69615,19.53362],[-90.6962,19.53337],[-90.6965,19.53342],[-90.69664,19.5327],[-90.69694,19.53275],[-90.69695,19.53275],[-90.69691,19.53297],[-90.6969,19.53298],[-90.69736,19.53304],[-90.69737,19.53304],[-90.69723,19.53377]]]}},{"type":"Feature","properties":{"cvegeo":"0401200010014","cve_ent":"04","fuente":"INEGI — Marco Geoestadístico 2024","fecha_corte":"2024-08","cve_mun":"04012","cve_ageb":"0014","cve_loc":"0001"},"geometry":{"type":"Polygon","coordinates":[[[-90.68742,19.65075],[-90.68729,19.65112],[-90.6873,19.65121],[-90.68733,19.6513],[-90.68733,19.65142],[-90.68731,19.65146],[-90.68724,19.65157],[-90.68719,19.65161],[-90.6875,19.65196],[-90.68779,19.65207],[-90.68808,19.65224],[-90.68825,19.65221],[-90.68896,19.6519],[-90.68929,19.65177],[-90.68963,19.65167],[-90.69022,19.65159],[-90.69051,19.65154],[-90.69087,19.65146],[-90.69114,19.65133],[-90.69135,19.65118],[-90.69147,19.65108],[-90.69178,19.65093],[-90.692,19.65093],[-90.69199,19.65084],[-90.69196,19.65067],[-90.6919,19.65052],[-90.69184,19.65029],[-90.69183,19.64996],[-90.69186,19.64994],[-90.69188,19.64992],[-90.69189,19.64991],[-90.69189,19.64986],[-90.6919,19.64979],[-90.6919,19.64973],[-90.69198,19.64952],[-90.69207,19.64944],[-90.69216,19.64936],[-90.69218,19.64926],[-90.69217,19.64911],[-90.69215,19.64906],[-90.69206,19.64907],[-90.69178,19.64904],[-90.69145,19.64899],[-90.69143,19.64894],[-90.69131,19.64878],[-90.69116,19.64885],[-90.69109,19.64888],[-90.69096,19.64884],[-90.69087,19.64882],[-90.69074,19.6488],[-90.6907,19.64883],[-90.69068,19.6488],[-90.69039,19.64874],[-90.69005,19.64867],[-90.69005,19.6488],[-90.69002,19.64891],[-90.69001,19.64915],[-90.68996,19.64943],[-90.68994,19.64947],[-90.6892,19.64926],[-90.68918,19.64969],[-90.68914,19.65003],[-90.68911,19.6502],[-90.68845,19.65009],[-90.6877,19.64996],[-90.68742,19.65075]]]}},{"type":"Feature","properties":{"cvegeo":"0401200550086","cve_ent":"04","fuente":"INEGI — Marco Geoestadístico 2024","fecha_corte":"2024-08","cve_mun":"04012","cve_ageb":"0086","cve_loc":"0055"},"geometry":{"type":"Polygon","coordinates":[[[-90.70309,19.5301],[-90.70414,19.53035],[-90.70415,19.53035],[-90.704,19.53091],[-90.704,19.53091],[-90.70405,19.53092],[-90.70445,19.53099],[-90.70451,19.531],[-90.70454,19.531],[-90.70505,19.53112],[-90.70507,19.53113],[-90.70527,19.53034],[-90.70531,19.5302],[-90.70582,19.5303],[-90.70616,19.53038],[-90.70641,19.53044],[-90.70667,19.5305],[-90.70669,19.5305],[-90.70676,19.53015],[-90.70676,19.53015],[-90.70649,19.53011],[-90.70649,19.53011],[-90.70667,19.52953],[-90.70678,19.52908],[-90.70713,19.52801],[-90.70725,19.52765],[-90.70724,19.52765],[-90.70645,19.52742],[-90.70574,19.52722],[-90.70553,19.52716],[-90.70526,19.52782],[-90.70508,19.52881],[-90.70454,19.52873],[-90.70426,19.52993],[-90.70321,19.5297],[-90.70309,19.5301]]]}},{"type":"Feature","properties":{"cvegeo":"0401200010067","cve_ent":"04","fuente":"INEGI — Marco Geoestadístico 2024","fecha_corte":"2024-08","cve_mun":"04012","cve_ageb":"0067","cve_loc":"0001"},"geometry":{"type":"Polygon","coordinates":[[[-90.67978,19.62778],[-90.6799,19.62783],[-90.67991,19.62784],[-90.68014,19.62823],[-90.68102,19.62834],[-90.68119,19.62836],[-90.68101,19.62798],[-90.68099,19.62781],[-90.68106,19.62746],[-90.68111,19.62748],[-90.68158,19.62763],[-90.6819,19.6279],[-90.6819,19.62795],[-90.68187,19.62832],[-90.68209,19.62837],[-90.68226,19.62843],[-90.68244,19.62845],[-90.68255,19.62844],[-90.68265,19.6281],[-90.68295,19.62689],[-90.68319,19.62594],[-90.68349,19.62497],[-90.68283,19.62478],[-90.68304,19.62412],[-90.68307,19.62403],[-90.68326,19.62307],[-90.68393,19.62323],[-90.68463,19.6233],[-90.68511,19.62342],[-90.68524,19.62351],[-90.68524,19.62341],[-90.68526,19.62328],[-90.6854,19.62257],[-90.68554,19.62199],[-90.68557,19.62186],[-90.68532,19.62177],[-90.68476,19.62168],[-90.68352,19.62157],[-90.6825,19.62155],[-90.68135,19.62156],[-90.68046,19.62166],[-90.68034,19.62265],[-90.68023,19.62359],[-90.68022,19.62362],[-90.6802,19.6237],[-90.68005,19.62506],[-90.68002,19.62512],[-90.67952,19.62504],[-90.67872,19.62494],[-90.67871,19.62494],[-90.67868,19.62524],[-90.67865,19.6256],[-90.67997,19.6258],[-90.67995,19.62624],[-90.67981,19.6273],[-90.67978,19.62778]]]}},{"type":"Feature","properties":{"cvegeo":"0401200010052","cve_ent":"04","fuente":"INEGI — Marco Geoestadístico 2024","fecha_corte":"2024-08","cve_mun":"04012","cve_ageb":"0052","cve_loc":"0001"},"geometry":{"type":"Polygon","coordinates":[[[-90.67875,19.63367],[-90.67786,19.63371],[-90.6778,19.63462],[-90.67781,19.63464],[-90.67782,19.63468],[-90.67777,19.63506],[-90.67784,19.63663],[-90.6778,19.63813],[-90.67762,19.63858],[-90.67751,19.6391],[-90.67764,19.63916],[-90.67783,19.63924],[-90.67797,19.63934],[-90.67803,19.63938],[-90.67825,19.63957],[-90.67844,19.63976],[-90.67864,19.63987],[-90.67896,19.63994],[-90.6793,19.6399],[-90.6801,19.63979],[-90.68058,19.63971],[-90.6807,19.63965],[-90.68077,19.63954],[-90.68089,19.63845],[-90.68098,19.63809],[-90.68101,19.63801],[-90.68116,19.6375],[-90.68132,19.63691],[-90.68153,19.63604],[-90.68053,19.63571],[-90.68055,19.63533],[-90.68065,19.63465],[-90.68196,19.63459],[-90.68201,19.63456],[-90.68373,19.63445],[-90.68376,19.63445],[-90.68481,19.63438],[-90.68469,19.63371],[-90.68568,19.63367],[-90.68587,19.63366],[-90.68625,19.63363],[-90.68633,19.63361],[-90.68646,19.63367],[-90.68661,19.63359],[-90.68663,19.63358],[-90.68677,19.63361],[-90.68643,19.63253],[-90.68642,19.6324],[-90.68634,19.63218],[-90.68629,19.63206],[-90.68623,19.63191],[-90.68617,19.63169],[-90.6861,19.63144],[-90.68603,19.63115],[-90.68595,19.63081],[-90.68589,19.63057],[-90.68584,19.63028],[-90.6858,19.62998],[-90.68575,19.62964],[-90.6857,19.62923],[-90.68567,19.62885],[-90.68562,19.62835],[-90.6856,19.62793],[-90.6856,19.62768],[-90.68559,19.62725],[-90.68558,19.62689],[-90.68557,19.62654],[-90.68557,19.62651],[-90.68558,19.62608],[-90.68561,19.62569],[-90.68556,19.62536],[-90.6856,19.62488],[-90.68568,19.62462],[-90.68568,19.6244],[-90.68569,19.6241],[-90.6857,19.62382],[-90.6857,19.62381],[-90.68571,19.6237],[-90.68574,19.62349],[-90.68559,19.62347],[-90.68524,19.62351],[-90.68511,19.62342],[-90.68463,19.6233],[-90.68393,19.62323],[-90.68326,19.62307],[-90.68307,19.62403],[-90.68304,19.62412],[-90.68283,19.62478],[-90.68349,19.62497],[-90.68319,19.62594],[-90.68295,19.62689],[-90.68265,19.6281],[-90.68255,19.62844],[-90.68244,19.62845],[-90.68226,19.62843],[-90.68209,19.62837],[-90.68187,19.62832],[-90.68176,19.62848],[-90.6817,19.62864],[-90.68168,19.62912],[-90.68163,19.6292],[-90.68144,19.62924],[-90.68138,19.62937],[-90.68134,19.62947],[-90.68132,19.62963],[-90.68063,19.62953],[-90.68053,19.63107],[-90.68024,19.63094],[-90.68022,19.63099],[-90.67997,19.63199],[-90.67994,19.6321],[-90.67991,19.63258],[-90.67877,19.63261],[-90.6788,19.63292],[-90.67881,19.63296],[-90.67875,19.63367]]]}},{"type":"Feature","properties":{"cvegeo":"0401200010033","cve_ent":"04","fuente":"INEGI — Marco Geoestadístico 2024","fecha_corte":"2024-08","cve_mun":"04012","cve_ageb":"0033","cve_loc":"0001"},"geometry":{"type":"Polygon","coordinates":[[[-90.68517,19.64929],[-90.68671,19.65103],[-90.6867,19.65095],[-90.68671,19.65065],[-90.68671,19.65055],[-90.68677,19.65025],[-90.68699,19.64984],[-90.68705,19.64956],[-90.68704,19.64925],[-90.68701,19.64907],[-90.68701,19.64905],[-90.68696,19.64874],[-90.68692,19.64854],[-90.6869,19.64825],[-90.68696,19.64807],[-90.687,19.648],[-90.68708,19.64793],[-90.68722,19.64784],[-90.68739,19.6478],[-90.68755,19.64778],[-90.68757,19.64767],[-90.68767,19.64734],[-90.68775,19.64711],[-90.68779,19.64696],[-90.68787,19.64672],[-90.68798,19.64651],[-90.6882,19.64605],[-90.68821,19.64539],[-90.6882,19.64509],[-90.68811,19.64467],[-90.68809,19.64459],[-90.68777,19.64365],[-90.68744,19.6427],[-90.68733,19.64237],[-90.68717,19.64196],[-90.6869,19.64129],[-90.68649,19.64021],[-90.68595,19.6403],[-90.68575,19.64031],[-90.68507,19.64028],[-90.68369,19.64022],[-90.68382,19.63947],[-90.68394,19.6388],[-90.68525,19.6385],[-90.68529,19.63795],[-90.68445,19.63731],[-90.68368,19.6369],[-90.68354,19.63682],[-90.68355,19.63673],[-90.68366,19.63584],[-90.6837,19.63545],[-90.68433,19.63544],[-90.685,19.63544],[-90.68481,19.63438],[-90.68376,19.63445],[-90.68373,19.63445],[-90.68201,19.63456],[-90.68196,19.63459],[-90.68065,19.63465],[-90.68055,19.63533],[-90.68053,19.63571],[-90.68153,19.63604],[-90.68132,19.63691],[-90.68116,19.6375],[-90.68101,19.63801],[-90.68098,19.63809],[-90.68089,19.63845],[-90.68077,19.63954],[-90.6807,19.63965],[-90.68056,19.64137],[-90.68052,19.64208],[-90.68054,19.6424],[-90.68056,19.64257],[-90.68072,19.64337],[-90.6809,19.64386],[-90.6811,19.6443],[-90.68142,19.64486],[-90.68168,19.64519],[-90.68214,19.64573],[-90.68272,19.6464],[-90.68322,19.64699],[-90.68329,19.64707],[-90.68352,19.64734],[-90.68517,19.64929]]]}},{"type":"Feature","properties":{"cvegeo":"0401200010029","cve_ent":"04","fuente":"INEGI — Marco Geoestadístico 2024","fecha_corte":"2024-08","cve_mun":"04012","cve_ageb":"0029","cve_loc":"0001"},"geometry":{"type":"Polygon","coordinates":[[[-90.68671,19.65103],[-90.68719,19.65161],[-90.68724,19.65157],[-90.68731,19.65146],[-90.68733,19.65142],[-90.68733,19.6513],[-90.6873,19.65121],[-90.68729,19.65112],[-90.68742,19.65075],[-90.6877,19.64996],[-90.68845,19.65009],[-90.68911,19.6502],[-90.68914,19.65003],[-90.68918,19.64969],[-90.6892,19.64926],[-90.68994,19.64947],[-90.68996,19.64943],[-90.69001,19.64915],[-90.69002,19.64891],[-90.69005,19.6488],[-90.69005,19.64867],[-90.69039,19.64874],[-90.69068,19.6488],[-90.6907,19.64883],[-90.69074,19.6488],[-90.69087,19.64882],[-90.69096,19.64884],[-90.69109,19.64888],[-90.69116,19.64885],[-90.69131,19.64878],[-90.69143,19.64894],[-90.69145,19.64899],[-90.69178,19.64904],[-90.69206,19.64907],[-90.69192,19.64845],[-90.69212,19.64835],[-90.69219,19.64832],[-90.69239,19.64829],[-90.69244,19.64823],[-90.69247,19.64815],[-90.69243,19.64787],[-90.69241,19.64776],[-90.69235,19.64756],[-90.69231,19.64734],[-90.69218,19.64704],[-90.69217,19.64687],[-90.69211,19.64673],[-90.69207,19.64656],[-90.69309,19.64554],[-90.6933,19.64532],[-90.69335,19.64526],[-90.69338,19.64526],[-90.6934,19.64525],[-90.69347,19.64522],[-90.69338,19.64515],[-90.693,19.64472],[-90.69283,19.64445],[-90.69276,19.64432],[-90.69265,19.64421],[-90.69263,19.64419],[-90.6926,19.64416],[-90.69248,19.64401],[-90.69235,19.64386],[-90.69222,19.64367],[-90.69196,19.64335],[-90.69166,19.64292],[-90.69152,19.64274],[-90.69144,19.64252],[-90.69112,19.64214],[-90.69097,19.64186],[-90.69096,19.64184],[-90.6908,19.64155],[-90.69054,19.6416],[-90.69042,19.64164],[-90.68946,19.64188],[-90.68942,19.64188],[-90.68833,19.64214],[-90.68733,19.64237],[-90.68744,19.6427],[-90.68777,19.64365],[-90.68809,19.64459],[-90.68811,19.64467],[-90.6882,19.64509],[-90.68821,19.64539],[-90.6882,19.64605],[-90.68798,19.64651],[-90.68787,19.64672],[-90.68779,19.64696],[-90.68775,19.64711],[-90.68767,19.64734],[-90.68757,19.64767],[-90.68755,19.64778],[-90.68739,19.6478],[-90.68722,19.64784],[-90.68708,19.64793],[-90.687,19.648],[-90.68696,19.64807],[-90.6869,19.64825],[-90.68692,19.64854],[-90.68696,19.64874],[-90.68701,19.64905],[-90.68701,19.64907],[-90.68704,19.64925],[-90.68705,19.64956],[-90.68699,19.64984],[-90.68677,19.65025],[-90.68671,19.65055],[-90.68671,19.65065],[-90.6867,19.65095],[-90.68671,19.65103]]]}},{"type":"Feature","properties":{"cvegeo":"0401200550090","cve_ent":"04","fuente":"INEGI — Marco Geoestadístico 2024","fecha_corte":"2024-08","cve_mun":"04012","cve_ageb":"0090","cve_loc":"0055"},"geometry":{"type":"Polygon","coordinates":[[[-90.70454,19.52873],[-90.70508,19.52881],[-90.70526,19.52782],[-90.70553,19.52716],[-90.70574,19.52722],[-90.7058,19.5269],[-90.70542,19.52684],[-90.70542,19.52684],[-90.70486,19.52672],[-90.70398,19.52654],[-90.70398,19.52654],[-90.70394,19.52634],[-90.70381,19.5257],[-90.70371,19.52519],[-90.70376,19.52519],[-90.70386,19.52451],[-90.70386,19.52451],[-90.70386,19.52451],[-90.70332,19.52448],[-90.70323,19.52479],[-90.70317,19.5251],[-90.70316,19.5251],[-90.70314,19.5251],[-90.70314,19.5251],[-90.70282,19.52507],[-90.70282,19.52507],[-90.70265,19.52508],[-90.70258,19.52512],[-90.70254,19.52516],[-90.7025,19.52519],[-90.70246,19.5252],[-90.70192,19.52506],[-90.70192,19.52506],[-90.70296,19.52248],[-90.70296,19.52248],[-90.70227,19.52207],[-90.70251,19.51934],[-90.7025,19.51934],[-90.70148,19.51919],[-90.70148,19.51919],[-90.70148,19.51913],[-90.70153,19.51848],[-90.70155,19.51825],[-90.70154,19.51825],[-90.7009,19.51826],[-90.70081,19.51842],[-90.70008,19.51831],[-90.69933,19.51828],[-90.69967,19.51896],[-90.6992,19.51888],[-90.69893,19.51979],[-90.69789,19.5195],[-90.69775,19.52013],[-90.69808,19.52025],[-90.69875,19.52048],[-90.69866,19.52086],[-90.69851,19.52144],[-90.69782,19.52128],[-90.69777,19.52161],[-90.69728,19.52158],[-90.6973,19.52179],[-90.69728,19.5222],[-90.69713,19.52206],[-90.69685,19.52196],[-90.69628,19.52127],[-90.6962,19.52125],[-90.69571,19.52117],[-90.69539,19.52324],[-90.69503,19.52553],[-90.69485,19.52657],[-90.69576,19.5267],[-90.69658,19.5268],[-90.69751,19.52695],[-90.69814,19.52704],[-90.69911,19.52723],[-90.6992,19.52722],[-90.70042,19.52744],[-90.70032,19.52822],[-90.70147,19.52835],[-90.70245,19.52848],[-90.70349,19.5286],[-90.70454,19.52873]]]}},{"type":"Feature","properties":{"cvegeo":"040130001005A","cve_ent":"04","fuente":"INEGI — Marco Geoestadístico 2024","fecha_corte":"2024-08","cve_mun":"04013","cve_ageb":"005A","cve_loc":"0001"},"geometry":{"type":"Polygon","coordinates":[[[-90.0575,20.34078],[-90.05741,20.34143],[-90.05785,20.34149],[-90.05832,20.34155],[-90.05879,20.34161],[-90.05926,20.34165],[-90.05942,20.3405],[-90.05896,20.34045],[-90.05848,20.34039],[-90.05802,20.34034],[-90.05757,20.34028],[-90.0575,20.34078]]]}},{"type":"Feature","properties":{"cvegeo":"0401300030064","cve_ent":"04","fuente":"INEGI — Marco Geoestadístico 2024","fecha_corte":"2024-08","cve_mun":"04013","cve_ageb":"0064","cve_loc":"0003"},"geometry":{"type":"Polygon","coordinates":[[[-90.05493,20.29155],[-90.05499,20.29212],[-90.05529,20.29287],[-90.05564,20.29362],[-90.05619,20.29488],[-90.05625,20.29517],[-90.05626,20.2952],[-90.05631,20.29546],[-90.05632,20.29549],[-90.05639,20.29602],[-90.05641,20.29622],[-90.05644,20.29648],[-90.05644,20.29652],[-90.05648,20.29703],[-90.05651,20.297],[-90.05654,20.29698],[-90.05657,20.29694],[-90.05677,20.29661],[-90.05719,20.29584],[-90.05724,20.29574],[-90.05727,20.29557],[-90.05732,20.29549],[-90.05744,20.29544],[-90.05757,20.29523],[-90.05757,20.29523],[-90.05778,20.29491],[-90.05785,20.29483],[-90.05794,20.29473],[-90.05799,20.29465],[-90.05811,20.29447],[-90.05827,20.29412],[-90.05844,20.29388],[-90.05853,20.29367],[-90.05854,20.29362],[-90.05855,20.29349],[-90.05856,20.29343],[-90.05858,20.29336],[-90.05862,20.29329],[-90.05871,20.29325],[-90.05876,20.29324],[-90.05882,20.29323],[-90.05887,20.29318],[-90.05888,20.29309],[-90.05887,20.29294],[-90.05886,20.2929],[-90.05889,20.29282],[-90.05892,20.29272],[-90.05895,20.29266],[-90.05902,20.29252],[-90.05906,20.29226],[-90.05907,20.29224],[-90.05912,20.29198],[-90.05913,20.2919],[-90.05918,20.29176],[-90.05919,20.29176],[-90.05926,20.29176],[-90.05947,20.29176],[-90.0597,20.29177],[-90.05994,20.29178],[-90.06009,20.29178],[-90.06023,20.2918],[-90.06024,20.2918],[-90.0604,20.29182],[-90.06048,20.29183],[-90.06082,20.29188],[-90.06087,20.29188],[-90.0611,20.29191],[-90.06139,20.29195],[-90.06139,20.29196],[-90.06133,20.29215],[-90.06129,20.29232],[-90.06121,20.29256],[-90.06124,20.29257],[-90.06229,20.29288],[-90.0623,20.29288],[-90.06254,20.29296],[-90.06287,20.29306],[-90.06288,20.29306],[-90.06288,20.29306],[-90.06362,20.29328],[-90.06372,20.2929],[-90.06384,20.29293],[-90.06392,20.29295],[-90.06436,20.29305],[-90.06443,20.29307],[-90.06452,20.29309],[-90.06502,20.29321],[-90.06503,20.29319],[-90.06513,20.29293],[-90.06517,20.29284],[-90.06518,20.29282],[-90.06523,20.29283],[-90.06572,20.29292],[-90.0658,20.29294],[-90.06601,20.29298],[-90.06618,20.29298],[-90.06623,20.29298],[-90.06624,20.29298],[-90.06624,20.29298],[-90.06642,20.29245],[-90.06743,20.29267],[-90.06762,20.29232],[-90.06828,20.29032],[-90.06723,20.28996],[-90.06698,20.2907],[-90.06657,20.2906],[-90.06637,20.29055],[-90.06636,20.29055],[-90.06533,20.29031],[-90.06515,20.29026],[-90.06495,20.2902],[-90.06432,20.29],[-90.06361,20.2898],[-90.06343,20.28975],[-90.0635,20.28961],[-90.0636,20.28942],[-90.06384,20.28894],[-90.06388,20.28887],[-90.06392,20.28879],[-90.06439,20.2879],[-90.06446,20.28775],[-90.06452,20.28765],[-90.06452,20.28764],[-90.06479,20.28712],[-90.0649,20.28637],[-90.06494,20.28606],[-90.06512,20.28485],[-90.06517,20.28455],[-90.06518,20.28444],[-90.06518,20.28441],[-90.0652,20.28428],[-90.0652,20.28426],[-90.0652,20.28426],[-90.06521,20.28413],[-90.06521,20.28413],[-90.06521,20.28407],[-90.06521,20.28407],[-90.06522,20.28405],[-90.06522,20.28399],[-90.06522,20.28398],[-90.06523,20.28394],[-90.06523,20.28394],[-90.06523,20.28389],[-90.06494,20.28377],[-90.06485,20.28374],[-90.06456,20.28362],[-90.06454,20.28361],[-90.06414,20.28346],[-90.06413,20.28345],[-90.06413,20.28345],[-90.06417,20.28337],[-90.06418,20.28335],[-90.06424,20.28323],[-90.0643,20.28312],[-90.0643,20.2831],[-90.06437,20.28298],[-90.06437,20.28297],[-90.06438,20.28296],[-90.06442,20.28288],[-90.06459,20.28254],[-90.06463,20.28245],[-90.06492,20.28188],[-90.06481,20.28183],[-90.06455,20.28171],[-90.06447,20.28167],[-90.06413,20.28152],[-90.0638,20.28137],[-90.06368,20.28131],[-90.06358,20.28147],[-90.06346,20.2817],[-90.0633,20.28199],[-90.06312,20.2823],[-90.06311,20.2823],[-90.06311,20.28229],[-90.06288,20.28221],[-90.06285,20.28219],[-90.06262,20.2821],[-90.06258,20.28209],[-90.06237,20.28201],[-90.06232,20.28198],[-90.06221,20.28194],[-90.06218,20.28193],[-90.06214,20.28191],[-90.06213,20.28191],[-90.06205,20.28188],[-90.06202,20.28187],[-90.06196,20.28184],[-90.06164,20.28238],[-90.06238,20.28268],[-90.0619,20.28373],[-90.06171,20.28409],[-90.06156,20.28434],[-90.06132,20.28463],[-90.06108,20.285],[-90.06104,20.28512],[-90.06085,20.2858],[-90.06052,20.28703],[-90.06052,20.28713],[-90.06045,20.28733],[-90.0603,20.28786],[-90.05969,20.28786],[-90.05951,20.28796],[-90.0592,20.28812],[-90.05895,20.28811],[-90.0585,20.28822],[-90.05785,20.28819],[-90.05772,20.28816],[-90.05714,20.28866],[-90.05688,20.28852],[-90.05631,20.28826],[-90.05611,20.28842],[-90.05599,20.28848],[-90.05595,20.2888],[-90.05591,20.28896],[-90.05594,20.28905],[-90.05591,20.28911],[-90.05586,20.2895],[-90.05584,20.2896],[-90.05556,20.28956],[-90.0551,20.28952],[-90.0547,20.28952],[-90.05455,20.28955],[-90.05428,20.2896],[-90.0541,20.28962],[-90.05437,20.29075],[-90.05447,20.29092],[-90.05452,20.29095],[-90.05474,20.29126],[-90.05493,20.29155]]]}},{"type":"Feature","properties":{"cvegeo":"0401300010030","cve_ent":"04","fuente":"INEGI — Marco Geoestadístico 2024","fecha_corte":"2024-08","cve_mun":"04013","cve_ageb":"0030","cve_loc":"0001"},"geometry":{"type":"Polygon","coordinates":[[[-90.04426,20.3276],[-90.04419,20.32832],[-90.04414,20.3288],[-90.04409,20.3294],[-90.04438,20.32935],[-90.04455,20.32932],[-90.04469,20.32929],[-90.04489,20.3292],[-90.04509,20.32907],[-90.04512,20.32905],[-90.04541,20.32883],[-90.04554,20.32871],[-90.04563,20.32865],[-90.04581,20.32854],[-90.04596,20.32852],[-90.04614,20.32848],[-90.04634,20.32849],[-90.04647,20.32847],[-90.04668,20.32838],[-90.04693,20.32825],[-90.04724,20.32806],[-90.04752,20.32783],[-90.04763,20.32774],[-90.04771,20.3277],[-90.04778,20.32768],[-90.0479,20.32767],[-90.04849,20.32766],[-90.04872,20.32767],[-90.04893,20.32766],[-90.04898,20.32765],[-90.04909,20.32757],[-90.04917,20.3275],[-90.04942,20.32735],[-90.04955,20.32729],[-90.04971,20.32723],[-90.04987,20.3272],[-90.0501,20.32721],[-90.0502,20.32723],[-90.05055,20.32728],[-90.05114,20.32739],[-90.05143,20.32742],[-90.05217,20.32739],[-90.05287,20.32733],[-90.05373,20.32725],[-90.05403,20.32726],[-90.05425,20.3273],[-90.0543,20.32734],[-90.0544,20.32737],[-90.0546,20.32741],[-90.05482,20.32746],[-90.05672,20.32784],[-90.05667,20.32846],[-90.05793,20.32865],[-90.05821,20.32868],[-90.0585,20.32878],[-90.05872,20.32886],[-90.05908,20.32892],[-90.05929,20.32896],[-90.05982,20.32905],[-90.06033,20.32914],[-90.06234,20.32948],[-90.06182,20.32804],[-90.06163,20.32752],[-90.06153,20.32716],[-90.06146,20.32685],[-90.06142,20.32661],[-90.0614,20.32629],[-90.06139,20.32609],[-90.06138,20.32583],[-90.06143,20.32545],[-90.06149,20.3249],[-90.06149,20.32477],[-90.06161,20.32411],[-90.06169,20.32327],[-90.06177,20.32235],[-90.0619,20.32113],[-90.06197,20.32057],[-90.06172,20.32053],[-90.06035,20.32015],[-90.05924,20.31981],[-90.05873,20.31965],[-90.05821,20.31945],[-90.05732,20.31911],[-90.05676,20.31894],[-90.05628,20.31879],[-90.05583,20.31863],[-90.05536,20.31853],[-90.0542,20.31817],[-90.05369,20.31803],[-90.05343,20.31794],[-90.05334,20.31792],[-90.05192,20.31747],[-90.05138,20.31727],[-90.05112,20.31718],[-90.05058,20.317],[-90.05001,20.31681],[-90.04941,20.31663],[-90.04914,20.31652],[-90.04841,20.31623],[-90.04825,20.31618],[-90.04719,20.31583],[-90.04674,20.31568],[-90.04672,20.31572],[-90.04653,20.31604],[-90.04645,20.31619],[-90.04638,20.31635],[-90.04631,20.31651],[-90.04627,20.31663],[-90.04623,20.31673],[-90.04619,20.31687],[-90.04614,20.31709],[-90.04595,20.31802],[-90.04586,20.31843],[-90.04578,20.31873],[-90.0457,20.31906],[-90.04561,20.31942],[-90.04542,20.32015],[-90.04531,20.3206],[-90.04528,20.32073],[-90.04514,20.32118],[-90.045,20.32178],[-90.04488,20.32246],[-90.04477,20.3229],[-90.04468,20.32342],[-90.04464,20.32373],[-90.04454,20.32465],[-90.04452,20.32497],[-90.04444,20.32575],[-90.04435,20.32672],[-90.04426,20.3276]]]}},{"type":"Feature","properties":{"cvegeo":"0401300010011","cve_ent":"04","fuente":"INEGI — Marco Geoestadístico 2024","fecha_corte":"2024-08","cve_mun":"04013","cve_ageb":"0011","cve_loc":"0001"},"geometry":{"type":"Polygon","coordinates":[[[-90.04501,20.33405],[-90.04501,20.33408],[-90.04572,20.33416],[-90.04572,20.33412],[-90.04644,20.33416],[-90.04988,20.33433],[-90.05085,20.33436],[-90.0521,20.3344],[-90.05394,20.33456],[-90.05433,20.33458],[-90.05483,20.3346],[-90.0559,20.33465],[-90.05594,20.33427],[-90.0565,20.3343],[-90.06421,20.3348],[-90.06441,20.3341],[-90.0646,20.33345],[-90.06476,20.33288],[-90.06493,20.33228],[-90.06511,20.33166],[-90.06535,20.33081],[-90.06548,20.33032],[-90.06573,20.32967],[-90.06582,20.3294],[-90.0659,20.32913],[-90.06595,20.32884],[-90.06612,20.32831],[-90.06624,20.32796],[-90.06634,20.32775],[-90.06635,20.32765],[-90.06637,20.32752],[-90.06643,20.3272],[-90.06648,20.32689],[-90.06652,20.32663],[-90.0666,20.32625],[-90.06668,20.32586],[-90.06673,20.32559],[-90.06675,20.32554],[-90.06691,20.32531],[-90.06706,20.32512],[-90.06734,20.32475],[-90.06745,20.32454],[-90.06749,20.32445],[-90.0675,20.32436],[-90.06753,20.32412],[-90.06748,20.32397],[-90.06739,20.32374],[-90.06739,20.32369],[-90.06738,20.32358],[-90.06738,20.32349],[-90.06738,20.32343],[-90.06738,20.32343],[-90.06738,20.32341],[-90.06739,20.32339],[-90.06742,20.32335],[-90.06756,20.32322],[-90.06764,20.32313],[-90.06766,20.32311],[-90.06769,20.32306],[-90.0677,20.3228],[-90.0677,20.32277],[-90.0677,20.32275],[-90.06777,20.32249],[-90.06781,20.32227],[-90.06778,20.32145],[-90.06757,20.32129],[-90.06735,20.32114],[-90.06707,20.321],[-90.06698,20.32097],[-90.06692,20.32096],[-90.06663,20.32088],[-90.06642,20.32083],[-90.06621,20.32081],[-90.06601,20.32079],[-90.06572,20.32077],[-90.06463,20.32074],[-90.06346,20.32072],[-90.06329,20.32071],[-90.06302,20.32068],[-90.06206,20.32058],[-90.06197,20.32057],[-90.0619,20.32113],[-90.06177,20.32235],[-90.06169,20.32327],[-90.06161,20.32411],[-90.06149,20.32477],[-90.06149,20.3249],[-90.06143,20.32545],[-90.06138,20.32583],[-90.06139,20.32609],[-90.0614,20.32629],[-90.06142,20.32661],[-90.06146,20.32685],[-90.06153,20.32716],[-90.06163,20.32752],[-90.06182,20.32804],[-90.06234,20.32948],[-90.06033,20.32914],[-90.05982,20.32905],[-90.05929,20.32896],[-90.05908,20.32892],[-90.05872,20.32886],[-90.0585,20.32878],[-90.05821,20.32868],[-90.05793,20.32865],[-90.05667,20.32846],[-90.05672,20.32784],[-90.05482,20.32746],[-90.0546,20.32741],[-90.0544,20.32737],[-90.0543,20.32734],[-90.05425,20.3273],[-90.05403,20.32726],[-90.05373,20.32725],[-90.05287,20.32733],[-90.05217,20.32739],[-90.05143,20.32742],[-90.05114,20.32739],[-90.05055,20.32728],[-90.0502,20.32723],[-90.0501,20.32721],[-90.04987,20.3272],[-90.04971,20.32723],[-90.04955,20.32729],[-90.04942,20.32735],[-90.04917,20.3275],[-90.04909,20.32757],[-90.04898,20.32765],[-90.04893,20.32766],[-90.04872,20.32767],[-90.04849,20.32766],[-90.0479,20.32767],[-90.04778,20.32768],[-90.04771,20.3277],[-90.04763,20.32774],[-90.04752,20.32783],[-90.04724,20.32806],[-90.04693,20.32825],[-90.04668,20.32838],[-90.04647,20.32847],[-90.04634,20.32849],[-90.04614,20.32848],[-90.04596,20.32852],[-90.04581,20.32854],[-90.04563,20.32865],[-90.04554,20.32871],[-90.04541,20.32883],[-90.04512,20.32905],[-90.04496,20.3304],[-90.04514,20.33044],[-90.04542,20.33048],[-90.04592,20.33054],[-90.04587,20.33066],[-90.04571,20.33113],[-90.04544,20.33185],[-90.04532,20.33205],[-90.0452,20.33227],[-90.04513,20.33246],[-90.04505,20.33292],[-90.04504,20.33324],[-90.04502,20.33341],[-90.04451,20.3333],[-90.04446,20.33357],[-90.04364,20.33359],[-90.0436,20.33399],[-90.04438,20.33399],[-90.04501,20.33405]]]}},{"type":"Feature","properties":{"cvegeo":"0401300030026","cve_ent":"04","fuente":"INEGI — Marco Geoestadístico 2024","fecha_corte":"2024-08","cve_mun":"04013","cve_ageb":"0026","cve_loc":"0003"},"geometry":{"type":"Polygon","coordinates":[[[-90.05102,20.28758],[-90.05234,20.28795],[-90.05191,20.28899],[-90.05164,20.28959],[-90.05089,20.29153],[-90.05151,20.29177],[-90.05098,20.2931],[-90.05219,20.29365],[-90.05235,20.29371],[-90.05246,20.29372],[-90.05257,20.29372],[-90.05269,20.29377],[-90.05269,20.29378],[-90.05265,20.29386],[-90.05356,20.29421],[-90.05378,20.29429],[-90.05439,20.29453],[-90.05512,20.29483],[-90.05532,20.29491],[-90.05561,20.29503],[-90.05615,20.29518],[-90.05621,20.29517],[-90.05625,20.29517],[-90.05619,20.29488],[-90.05564,20.29362],[-90.05529,20.29287],[-90.05499,20.29212],[-90.05493,20.29155],[-90.05474,20.29126],[-90.05452,20.29095],[-90.05447,20.29092],[-90.05437,20.29075],[-90.0541,20.28962],[-90.05428,20.2896],[-90.05455,20.28955],[-90.0547,20.28952],[-90.0551,20.28952],[-90.05556,20.28956],[-90.05584,20.2896],[-90.05586,20.2895],[-90.05591,20.28911],[-90.05594,20.28905],[-90.05591,20.28896],[-90.05595,20.2888],[-90.05599,20.28848],[-90.05611,20.28842],[-90.05631,20.28826],[-90.05688,20.28852],[-90.05714,20.28866],[-90.05772,20.28816],[-90.05785,20.28819],[-90.0585,20.28822],[-90.05895,20.28811],[-90.0592,20.28812],[-90.05951,20.28796],[-90.05969,20.28786],[-90.0603,20.28786],[-90.06045,20.28733],[-90.06052,20.28713],[-90.06052,20.28703],[-90.06085,20.2858],[-90.06104,20.28512],[-90.06108,20.285],[-90.06132,20.28463],[-90.06156,20.28434],[-90.06171,20.28409],[-90.0619,20.28373],[-90.06238,20.28268],[-90.06164,20.28238],[-90.06196,20.28184],[-90.06062,20.2817],[-90.0606,20.28169],[-90.06039,20.28202],[-90.05943,20.28175],[-90.05925,20.2817],[-90.05862,20.28217],[-90.05863,20.28206],[-90.05864,20.28195],[-90.05864,20.28194],[-90.05847,20.28187],[-90.05819,20.28154],[-90.05819,20.28154],[-90.05814,20.28148],[-90.05804,20.28139],[-90.05775,20.28129],[-90.05768,20.28127],[-90.05766,20.28127],[-90.05746,20.28122],[-90.05724,20.28117],[-90.05716,20.28111],[-90.05704,20.28095],[-90.05695,20.28083],[-90.05675,20.28058],[-90.05665,20.28058],[-90.05652,20.28059],[-90.05639,20.2806],[-90.05607,20.28063],[-90.05588,20.28064],[-90.05582,20.28065],[-90.05554,20.28069],[-90.05533,20.28072],[-90.05513,20.28076],[-90.05507,20.28077],[-90.05475,20.28082],[-90.05465,20.28107],[-90.0546,20.2812],[-90.05451,20.28142],[-90.05444,20.28159],[-90.05438,20.28175],[-90.05436,20.28174],[-90.05436,20.28174],[-90.05427,20.28174],[-90.05424,20.28173],[-90.05423,20.28173],[-90.05216,20.28156],[-90.05151,20.28258],[-90.05136,20.28283],[-90.05135,20.2832],[-90.05141,20.28385],[-90.05095,20.28385],[-90.05102,20.28472],[-90.05115,20.28523],[-90.05137,20.2861],[-90.05133,20.28635],[-90.05132,20.28638],[-90.05126,20.2867],[-90.05102,20.28758]]]}},{"type":"Feature","properties":{"cvegeo":"0401300010045","cve_ent":"04","fuente":"INEGI — Marco Geoestadístico 2024","fecha_corte":"2024-08","cve_mun":"04013","cve_ageb":"0045","cve_loc":"0001"},"geometry":{"type":"Polygon","coordinates":[[[-90.06197,20.32057],[-90.06206,20.32058],[-90.06302,20.32068],[-90.06329,20.32071],[-90.06346,20.32072],[-90.06463,20.32074],[-90.06572,20.32077],[-90.06601,20.32079],[-90.06621,20.32081],[-90.06642,20.32083],[-90.06663,20.32088],[-90.06692,20.32096],[-90.06714,20.31963],[-90.06724,20.31917],[-90.06719,20.31916],[-90.0673,20.31877],[-90.06736,20.31854],[-90.06745,20.31816],[-90.06663,20.31732],[-90.06585,20.31628],[-90.06583,20.31619],[-90.06578,20.31595],[-90.0657,20.31543],[-90.06553,20.31466],[-90.06549,20.3142],[-90.06546,20.31402],[-90.06544,20.31383],[-90.06539,20.31347],[-90.06539,20.31338],[-90.06539,20.31333],[-90.06538,20.3133],[-90.06537,20.31328],[-90.06535,20.31324],[-90.06534,20.31322],[-90.0653,20.31317],[-90.06528,20.31312],[-90.06527,20.31305],[-90.06527,20.313],[-90.06526,20.31294],[-90.06526,20.31294],[-90.06525,20.31289],[-90.06522,20.31287],[-90.06522,20.31286],[-90.06517,20.31282],[-90.06503,20.3128],[-90.06517,20.31239],[-90.06524,20.31221],[-90.06493,20.31135],[-90.06478,20.31136],[-90.06471,20.31134],[-90.06464,20.31133],[-90.06455,20.31132],[-90.06447,20.31137],[-90.0645,20.31128],[-90.06475,20.31064],[-90.06475,20.31064],[-90.06479,20.31055],[-90.06252,20.31004],[-90.06266,20.30957],[-90.06282,20.30902],[-90.06331,20.30774],[-90.06453,20.30444],[-90.06308,20.30404],[-90.06288,20.30445],[-90.06283,20.3045],[-90.06276,20.30454],[-90.06269,20.30456],[-90.06258,20.30456],[-90.06248,20.30452],[-90.06235,20.30484],[-90.06194,20.30597],[-90.06175,20.30677],[-90.06163,20.30694],[-90.06152,20.30671],[-90.06147,20.30663],[-90.06143,20.30658],[-90.0614,20.30653],[-90.06132,20.30647],[-90.06126,20.30643],[-90.06118,20.30638],[-90.06108,20.30635],[-90.06095,20.30635],[-90.06085,20.30637],[-90.06072,20.30641],[-90.06072,20.30641],[-90.06072,20.30641],[-90.06046,20.30659],[-90.06022,20.30675],[-90.05999,20.30688],[-90.05962,20.30706],[-90.05937,20.30717],[-90.05755,20.30799],[-90.05461,20.30937],[-90.054,20.30964],[-90.05363,20.30982],[-90.05313,20.31005],[-90.05248,20.31035],[-90.05216,20.31051],[-90.0519,20.31066],[-90.05115,20.31099],[-90.05058,20.31125],[-90.05029,20.31139],[-90.05012,20.31148],[-90.04996,20.31159],[-90.0497,20.31177],[-90.04947,20.31195],[-90.04927,20.31214],[-90.04901,20.31239],[-90.04886,20.31256],[-90.04872,20.31273],[-90.04854,20.31297],[-90.04819,20.31348],[-90.0476,20.31438],[-90.04712,20.31509],[-90.04674,20.31568],[-90.04719,20.31583],[-90.04825,20.31618],[-90.04841,20.31623],[-90.04914,20.31652],[-90.04941,20.31663],[-90.05001,20.31681],[-90.05058,20.317],[-90.05112,20.31718],[-90.05138,20.31727],[-90.05192,20.31747],[-90.05334,20.31792],[-90.05343,20.31794],[-90.05369,20.31803],[-90.0542,20.31817],[-90.05536,20.31853],[-90.05583,20.31863],[-90.05628,20.31879],[-90.05676,20.31894],[-90.05732,20.31911],[-90.05821,20.31945],[-90.05873,20.31965],[-90.05924,20.31981],[-90.06035,20.32015],[-90.06172,20.32053],[-90.06197,20.32057]]]}},{"type":"Feature","properties":{"cvegeo":"0400500070397","cve_ent":"04","fuente":"INEGI — Marco Geoestadístico 2024","fecha_corte":"2024-08","cve_mun":"04005","cve_ageb":"0397","cve_loc":"0007"},"geometry":{"type":"Polygon","coordinates":[[[-90.1832,20.13606],[-90.18305,20.13638],[-90.18382,20.13667],[-90.18452,20.13694],[-90.1846,20.13685],[-90.18468,20.13678],[-90.18486,20.13671],[-90.18512,20.13669],[-90.18534,20.13668],[-90.18564,20.13563],[-90.1857,20.13559],[-90.18498,20.13527],[-90.18452,20.13508],[-90.18381,20.13478],[-90.1832,20.13606]]]}},{"type":"Feature","properties":{"cvegeo":"0400500070378","cve_ent":"04","fuente":"INEGI — Marco Geoestadístico 2024","fecha_corte":"2024-08","cve_mun":"04005","cve_ageb":"0378","cve_loc":"0007"},"geometry":{"type":"Polygon","coordinates":[[[-90.1834,20.13349],[-90.18287,20.13434],[-90.18333,20.13456],[-90.18381,20.13478],[-90.18452,20.13508],[-90.18498,20.13527],[-90.1857,20.13559],[-90.18611,20.1345],[-90.18648,20.13365],[-90.18582,20.1333],[-90.18473,20.13287],[-90.18397,20.13258],[-90.1834,20.13349]]]}},{"type":"Feature","properties":{"cvegeo":"0400500070486","cve_ent":"04","fuente":"INEGI — Marco Geoestadístico 2024","fecha_corte":"2024-08","cve_mun":"04005","cve_ageb":"0486","cve_loc":"0007"},"geometry":{"type":"Polygon","coordinates":[[[-90.16604,20.13212],[-90.16694,20.13249],[-90.16738,20.13264],[-90.16791,20.13285],[-90.16871,20.13135],[-90.16873,20.1313],[-90.16873,20.1313],[-90.16863,20.13121],[-90.16847,20.13117],[-90.16818,20.13116],[-90.16767,20.13108],[-90.16731,20.13104],[-90.16677,20.13096],[-90.16647,20.1309],[-90.16625,20.13086],[-90.16591,20.13084],[-90.16561,20.1308],[-90.16519,20.13059],[-90.16499,20.13043],[-90.16438,20.1309],[-90.16384,20.13136],[-90.16353,20.13159],[-90.16353,20.13159],[-90.16376,20.13166],[-90.16404,20.13172],[-90.16458,20.13187],[-90.16521,20.13205],[-90.16527,20.13197],[-90.16537,20.13193],[-90.16556,20.13194],[-90.16604,20.13212]]]}},{"type":"Feature","properties":{"cvegeo":"0400500070490","cve_ent":"04","fuente":"INEGI — Marco Geoestadístico 2024","fecha_corte":"2024-08","cve_mun":"04005","cve_ageb":"0490","cve_loc":"0007"},"geometry":{"type":"Polygon","coordinates":[[[-90.1865,20.12905],[-90.18546,20.13087],[-90.18562,20.13091],[-90.18619,20.13108],[-90.18636,20.13113],[-90.18719,20.12932],[-90.18718,20.12931],[-90.18652,20.12906],[-90.1865,20.12905],[-90.1865,20.12905]]]}},{"type":"Feature","properties":{"cvegeo":"0400500070382","cve_ent":"04","fuente":"INEGI — Marco Geoestadístico 2024","fecha_corte":"2024-08","cve_mun":"04005","cve_ageb":"0382","cve_loc":"0007"},"geometry":{"type":"Polygon","coordinates":[[[-90.18379,20.12439],[-90.18351,20.12516],[-90.18332,20.12592],[-90.18311,20.12653],[-90.18415,20.12693],[-90.18483,20.12721],[-90.18575,20.12757],[-90.18602,20.12699],[-90.18686,20.12513],[-90.18611,20.12469],[-90.18585,20.12451],[-90.18575,20.12445],[-90.18563,20.1244],[-90.18545,20.12435],[-90.18541,20.12435],[-90.18465,20.12418],[-90.18392,20.12401],[-90.18379,20.12439]]]}},{"type":"Feature","properties":{"cvegeo":"0400500070503","cve_ent":"04","fuente":"INEGI — Marco Geoestadístico 2024","fecha_corte":"2024-08","cve_mun":"04005","cve_ageb":"0503","cve_loc":"0007"},"geometry":{"type":"Polygon","coordinates":[[[-90.18803,20.14745],[-90.18871,20.14762],[-90.18945,20.14782],[-90.18911,20.14833],[-90.1898,20.14873],[-90.19081,20.1474],[-90.19031,20.14699],[-90.19028,20.14697],[-90.19028,20.14697],[-90.19013,20.14685],[-90.18993,20.14668],[-90.1898,20.14658],[-90.18942,20.14626],[-90.19023,20.14507],[-90.18893,20.14435],[-90.18893,20.14435],[-90.1882,20.14526],[-90.18902,20.14591],[-90.18833,20.14699],[-90.18803,20.14745]]]}},{"type":"Feature","properties":{"cvegeo":"0400500070306","cve_ent":"04","fuente":"INEGI — Marco Geoestadístico 2024","fecha_corte":"2024-08","cve_mun":"04005","cve_ageb":"0306","cve_loc":"0007"},"geometry":{"type":"Polygon","coordinates":[[[-90.16312,20.14252],[-90.16393,20.14302],[-90.16472,20.14349],[-90.16523,20.1437],[-90.16589,20.14406],[-90.16599,20.14281],[-90.16603,20.14188],[-90.16603,20.14179],[-90.16609,20.14081],[-90.16514,20.14011],[-90.16561,20.13938],[-90.16617,20.13982],[-90.16621,20.13912],[-90.16626,20.13825],[-90.16631,20.13752],[-90.16633,20.1371],[-90.16637,20.13667],[-90.1664,20.13636],[-90.16646,20.13604],[-90.1665,20.13586],[-90.16655,20.1357],[-90.16662,20.13549],[-90.16668,20.13531],[-90.16674,20.13514],[-90.16752,20.13362],[-90.16791,20.13285],[-90.16738,20.13264],[-90.16694,20.13249],[-90.16604,20.13212],[-90.16556,20.13194],[-90.16537,20.13193],[-90.16527,20.13197],[-90.16521,20.13205],[-90.16458,20.13187],[-90.16404,20.13172],[-90.16376,20.13166],[-90.16353,20.13159],[-90.16353,20.13159],[-90.16326,20.1318],[-90.16296,20.13205],[-90.16242,20.13251],[-90.16208,20.13284],[-90.16176,20.13314],[-90.16083,20.13387],[-90.16066,20.13397],[-90.16043,20.13418],[-90.15994,20.13459],[-90.15966,20.13483],[-90.15966,20.13483],[-90.1607,20.13562],[-90.16078,20.13568],[-90.16102,20.13585],[-90.16138,20.13612],[-90.15953,20.13832],[-90.16015,20.13882],[-90.16253,20.14061],[-90.16295,20.14091],[-90.16209,20.14195],[-90.16312,20.14252]]]}},{"type":"Feature","properties":{"cvegeo":"040050001026A","cve_ent":"04","fuente":"INEGI — Marco Geoestadístico 2024","fecha_corte":"2024-08","cve_mun":"04005","cve_ageb":"026A","cve_loc":"0001"},"geometry":{"type":"Polygon","coordinates":[[[-90.1433,20.17324],[-90.14323,20.17372],[-90.14316,20.17404],[-90.14295,20.17468],[-90.14514,20.1752],[-90.14619,20.17545],[-90.14671,20.17418],[-90.14685,20.17387],[-90.14711,20.17346],[-90.14803,20.17121],[-90.14905,20.17136],[-90.14943,20.17142],[-90.14945,20.17142],[-90.14927,20.17012],[-90.14927,20.17011],[-90.14874,20.16615],[-90.14776,20.16658],[-90.14723,20.16685],[-90.14706,20.16695],[-90.14212,20.17045],[-90.14222,20.17051],[-90.14196,20.17074],[-90.14183,20.1709],[-90.14311,20.1716],[-90.14321,20.17168],[-90.14317,20.17199],[-90.1431,20.17288],[-90.14335,20.17288],[-90.1433,20.17324]]]}},{"type":"Feature","properties":{"cvegeo":"0400500070363","cve_ent":"04","fuente":"INEGI — Marco Geoestadístico 2024","fecha_corte":"2024-08","cve_mun":"04005","cve_ageb":"0363","cve_loc":"0007"},"geometry":{"type":"Polygon","coordinates":[[[-90.1729,20.14988],[-90.17293,20.14989],[-90.17381,20.15032],[-90.17432,20.14928],[-90.17469,20.14866],[-90.17512,20.14778],[-90.17565,20.14687],[-90.17619,20.14596],[-90.17652,20.1453],[-90.17531,20.14491],[-90.17466,20.14624],[-90.17421,20.14712],[-90.17415,20.14719],[-90.17373,20.14807],[-90.17339,20.14878],[-90.17335,20.14887],[-90.1729,20.14988]]]}},{"type":"Feature","properties":{"cvegeo":"0400500070325","cve_ent":"04","fuente":"INEGI — Marco Geoestadístico 2024","fecha_corte":"2024-08","cve_mun":"04005","cve_ageb":"0325","cve_loc":"0007"},"geometry":{"type":"Polygon","coordinates":[[[-90.17697,20.13682],[-90.17791,20.13721],[-90.17884,20.13755],[-90.17885,20.13756],[-90.17991,20.13794],[-90.18047,20.13815],[-90.18095,20.13833],[-90.18115,20.13795],[-90.1814,20.13747],[-90.1816,20.13705],[-90.18259,20.13729],[-90.1828,20.13735],[-90.18312,20.13748],[-90.18326,20.13758],[-90.18343,20.13775],[-90.18375,20.13823],[-90.18421,20.13791],[-90.18456,20.13803],[-90.18493,20.13817],[-90.18558,20.13818],[-90.18566,20.13689],[-90.18554,20.13676],[-90.18534,20.13668],[-90.18512,20.13669],[-90.18486,20.13671],[-90.18468,20.13678],[-90.1846,20.13685],[-90.18452,20.13694],[-90.18382,20.13667],[-90.18305,20.13638],[-90.1832,20.13606],[-90.18381,20.13478],[-90.18333,20.13456],[-90.18287,20.13434],[-90.1834,20.13349],[-90.18397,20.13258],[-90.18473,20.13287],[-90.18518,20.13195],[-90.186,20.13232],[-90.18636,20.13113],[-90.18619,20.13108],[-90.18562,20.13091],[-90.18546,20.13087],[-90.1865,20.12905],[-90.1865,20.12905],[-90.18511,20.12862],[-90.18376,20.12816],[-90.18397,20.12767],[-90.18547,20.12816],[-90.18575,20.12757],[-90.18483,20.12721],[-90.18415,20.12693],[-90.18311,20.12653],[-90.18332,20.12592],[-90.18351,20.12516],[-90.18379,20.12439],[-90.18392,20.12401],[-90.18465,20.1219],[-90.18495,20.12131],[-90.1853,20.12061],[-90.18556,20.12012],[-90.18507,20.11986],[-90.18507,20.11986],[-90.18486,20.12027],[-90.18453,20.12094],[-90.18411,20.12181],[-90.18393,20.12215],[-90.18384,20.12231],[-90.18374,20.12247],[-90.18359,20.12268],[-90.18339,20.12297],[-90.1832,20.12324],[-90.18273,20.12392],[-90.18234,20.12448],[-90.18187,20.12519],[-90.1814,20.12588],[-90.18103,20.1264],[-90.18088,20.12664],[-90.18046,20.12725],[-90.18017,20.12767],[-90.18013,20.12772],[-90.17947,20.12882],[-90.17856,20.13028],[-90.17821,20.1309],[-90.17778,20.13168],[-90.17768,20.13189],[-90.17749,20.13222],[-90.17733,20.13252],[-90.17714,20.13287],[-90.17706,20.13302],[-90.17686,20.13339],[-90.17661,20.13381],[-90.17647,20.13407],[-90.17622,20.13448],[-90.17616,20.13458],[-90.17521,20.13617],[-90.17579,20.13641],[-90.17697,20.13682]]]}},{"type":"Feature","properties":{"cvegeo":"0400500010471","cve_ent":"04","fuente":"INEGI — Marco Geoestadístico 2024","fecha_corte":"2024-08","cve_mun":"04005","cve_ageb":"0471","cve_loc":"0001"},"geometry":{"type":"Polygon","coordinates":[[[-90.1203,20.18723],[-90.12121,20.1877],[-90.12216,20.18812],[-90.12261,20.1871],[-90.12289,20.18649],[-90.12119,20.18595],[-90.12077,20.1865],[-90.12051,20.18687],[-90.1203,20.18723]]]}},{"type":"Feature","properties":{"cvegeo":"0400500010448","cve_ent":"04","fuente":"INEGI — Marco Geoestadístico 2024","fecha_corte":"2024-08","cve_mun":"04005","cve_ageb":"0448","cve_loc":"0001"},"geometry":{"type":"Polygon","coordinates":[[[-90.12512,20.18275],[-90.12529,20.18282],[-90.12539,20.18295],[-90.12571,20.18316],[-90.1259,20.18323],[-90.12651,20.18339],[-90.12809,20.18377],[-90.12853,20.18387],[-90.12928,20.18405],[-90.13075,20.18441],[-90.13138,20.18455],[-90.13171,20.18355],[-90.13236,20.18146],[-90.13287,20.17973],[-90.13325,20.17855],[-90.1333,20.17848],[-90.13341,20.1782],[-90.13377,20.17742],[-90.13387,20.1773],[-90.13409,20.17697],[-90.1343,20.17656],[-90.13423,20.17654],[-90.13344,20.1764],[-90.13197,20.17616],[-90.13073,20.17596],[-90.1306,20.17593],[-90.12972,20.17523],[-90.12948,20.17508],[-90.1294,20.17507],[-90.12886,20.17482],[-90.12848,20.17462],[-90.12824,20.17462],[-90.12803,20.17456],[-90.12786,20.17457],[-90.12755,20.17435],[-90.12737,20.17494],[-90.12678,20.17613],[-90.12599,20.17742],[-90.12537,20.17839],[-90.12494,20.17933],[-90.12449,20.18034],[-90.12418,20.18097],[-90.12365,20.18168],[-90.12284,20.18317],[-90.12306,20.1831],[-90.12325,20.18303],[-90.12407,20.18287],[-90.12479,20.18268],[-90.12488,20.18268],[-90.12512,20.18275]]]}},{"type":"Feature","properties":{"cvegeo":"040050007033A","cve_ent":"04","fuente":"INEGI — Marco Geoestadístico 2024","fecha_corte":"2024-08","cve_mun":"04005","cve_ageb":"033A","cve_loc":"0007"},"geometry":{"type":"Polygon","coordinates":[[[-90.17128,20.1345],[-90.17142,20.13456],[-90.17162,20.13468],[-90.17185,20.13479],[-90.17198,20.13486],[-90.17212,20.13492],[-90.17222,20.13496],[-90.17238,20.13502],[-90.17267,20.13515],[-90.173,20.13531],[-90.17334,20.13544],[-90.17411,20.13574],[-90.17476,20.13599],[-90.17521,20.13617],[-90.17616,20.13458],[-90.17622,20.13448],[-90.17647,20.13407],[-90.17661,20.13381],[-90.17686,20.13339],[-90.17706,20.13302],[-90.17714,20.13287],[-90.17733,20.13252],[-90.17749,20.13222],[-90.17768,20.13189],[-90.17778,20.13168],[-90.17821,20.1309],[-90.17856,20.13028],[-90.17947,20.12882],[-90.18013,20.12772],[-90.18017,20.12767],[-90.18046,20.12725],[-90.18088,20.12664],[-90.18103,20.1264],[-90.1814,20.12588],[-90.18187,20.12519],[-90.18234,20.12448],[-90.18273,20.12392],[-90.1832,20.12324],[-90.18339,20.12297],[-90.18359,20.12268],[-90.18374,20.12247],[-90.18384,20.12231],[-90.18393,20.12215],[-90.18411,20.12181],[-90.18453,20.12094],[-90.18486,20.12027],[-90.18507,20.11986],[-90.18507,20.11986],[-90.18473,20.12018],[-90.18459,20.12031],[-90.18442,20.12044],[-90.18414,20.1206],[-90.18398,20.12068],[-90.18385,20.12074],[-90.18368,20.12079],[-90.18269,20.121],[-90.17699,20.12234],[-90.17562,20.12263],[-90.17449,20.12301],[-90.17414,20.12315],[-90.17388,20.12329],[-90.17359,20.12346],[-90.1729,20.12398],[-90.17253,20.12434],[-90.17235,20.12456],[-90.17217,20.12477],[-90.17174,20.12547],[-90.16988,20.12907],[-90.16949,20.12982],[-90.16949,20.12983],[-90.16911,20.13056],[-90.16873,20.1313],[-90.16873,20.1313],[-90.16871,20.13135],[-90.16791,20.13285],[-90.16752,20.13362],[-90.16805,20.13372],[-90.16823,20.13375],[-90.16857,20.13391],[-90.16909,20.13423],[-90.16945,20.13441],[-90.16975,20.13454],[-90.16995,20.13461],[-90.17019,20.13474],[-90.17026,20.13477],[-90.17051,20.13487],[-90.17063,20.13458],[-90.17069,20.13449],[-90.17076,20.13448],[-90.17088,20.13447],[-90.17101,20.13448],[-90.17128,20.1345]]]}},{"type":"Feature","properties":{"cvegeo":"0400500070293","cve_ent":"04","fuente":"INEGI — Marco Geoestadístico 2024","fecha_corte":"2024-08","cve_mun":"04005","cve_ageb":"0293","cve_loc":"0007"},"geometry":{"type":"Polygon","coordinates":[[[-90.17107,20.1487],[-90.1719,20.14911],[-90.1719,20.14911],[-90.17183,20.14947],[-90.1729,20.14988],[-90.17335,20.14887],[-90.17339,20.14878],[-90.17373,20.14807],[-90.17415,20.14719],[-90.17406,20.14716],[-90.17263,20.14632],[-90.17204,20.14724],[-90.17094,20.14665],[-90.1703,20.14627],[-90.16989,20.14596],[-90.16962,20.14575],[-90.16911,20.14539],[-90.16767,20.14443],[-90.16711,20.14507],[-90.16697,20.14523],[-90.16913,20.14671],[-90.16981,20.14713],[-90.1691,20.14854],[-90.16985,20.14878],[-90.17012,20.14825],[-90.17107,20.1487]]]}},{"type":"Feature","properties":{"cvegeo":"0400500010255","cve_ent":"04","fuente":"INEGI — Marco Geoestadístico 2024","fecha_corte":"2024-08","cve_mun":"04005","cve_ageb":"0255","cve_loc":"0001"},"geometry":{"type":"Polygon","coordinates":[[[-90.14134,20.1639],[-90.141,20.16413],[-90.1405,20.16439],[-90.13975,20.1646],[-90.13616,20.16714],[-90.13509,20.16828],[-90.13369,20.16916],[-90.13372,20.16985],[-90.1346,20.16969],[-90.13474,20.16966],[-90.13517,20.16957],[-90.13556,20.16951],[-90.13605,20.1694],[-90.13622,20.16936],[-90.1363,20.16934],[-90.13638,20.16931],[-90.13681,20.16915],[-90.13691,20.16907],[-90.13778,20.16851],[-90.13834,20.16812],[-90.13851,20.16801],[-90.13887,20.16775],[-90.13921,20.16753],[-90.13995,20.16705],[-90.14062,20.16655],[-90.14237,20.16534],[-90.14237,20.16533],[-90.14135,20.1639],[-90.14134,20.1639]]]}},{"type":"Feature","properties":{"cvegeo":"0400500010274","cve_ent":"04","fuente":"INEGI — Marco Geoestadístico 2024","fecha_corte":"2024-08","cve_mun":"04005","cve_ageb":"0274","cve_loc":"0001"},"geometry":{"type":"Polygon","coordinates":[[[-90.14101,20.18002],[-90.14103,20.18004],[-90.14166,20.18082],[-90.14196,20.18119],[-90.14292,20.18239],[-90.14369,20.18335],[-90.14436,20.18429],[-90.14441,20.18434],[-90.14442,20.18435],[-90.14524,20.18313],[-90.14724,20.18004],[-90.14724,20.18004],[-90.14859,20.18016],[-90.1486,20.18016],[-90.14857,20.18011],[-90.14828,20.17961],[-90.14823,20.17952],[-90.14782,20.17881],[-90.14777,20.17872],[-90.14777,20.17871],[-90.14789,20.17875],[-90.14861,20.17891],[-90.14889,20.17896],[-90.1489,20.17896],[-90.14906,20.17803],[-90.14911,20.17775],[-90.14911,20.17775],[-90.15045,20.17804],[-90.15046,20.17805],[-90.1513,20.17658],[-90.15068,20.17651],[-90.15046,20.17647],[-90.15016,20.1764],[-90.15015,20.1764],[-90.15013,20.1764],[-90.15012,20.17639],[-90.14964,20.17628],[-90.14817,20.17591],[-90.14802,20.17701],[-90.14714,20.17694],[-90.1468,20.17693],[-90.14659,20.17694],[-90.14622,20.177],[-90.14572,20.17713],[-90.14494,20.17733],[-90.1449,20.17734],[-90.14426,20.17738],[-90.14409,20.17748],[-90.14373,20.17771],[-90.14313,20.17808],[-90.1418,20.17756],[-90.14135,20.17735],[-90.14116,20.17796],[-90.14101,20.17832],[-90.14094,20.17846],[-90.14081,20.17874],[-90.14076,20.17883],[-90.14045,20.1794],[-90.14101,20.18002]]]}},{"type":"Feature","properties":{"cvegeo":"0400500070310","cve_ent":"04","fuente":"INEGI — Marco Geoestadístico 2024","fecha_corte":"2024-08","cve_mun":"04005","cve_ageb":"0310","cve_loc":"0007"},"geometry":{"type":"Polygon","coordinates":[[[-90.17959,20.14386],[-90.18049,20.14417],[-90.1818,20.14479],[-90.18257,20.14512],[-90.18321,20.14542],[-90.18337,20.14549],[-90.18381,20.14568],[-90.18409,20.14582],[-90.18506,20.14632],[-90.18573,20.14677],[-90.18609,20.14702],[-90.18758,20.14805],[-90.18803,20.14745],[-90.18833,20.14699],[-90.18709,20.14631],[-90.18641,20.14595],[-90.18604,20.14574],[-90.18561,20.14548],[-90.18497,20.1449],[-90.18439,20.14458],[-90.18369,20.14428],[-90.18381,20.14405],[-90.18311,20.14366],[-90.18311,20.14366],[-90.18234,20.14323],[-90.18208,20.14311],[-90.18174,20.14293],[-90.18127,20.14265],[-90.18045,20.14212],[-90.18008,20.14184],[-90.17975,20.14238],[-90.17949,20.14304],[-90.17868,20.14274],[-90.17854,20.14308],[-90.17839,20.14349],[-90.1782,20.14411],[-90.17803,20.14482],[-90.17843,20.14498],[-90.17877,20.14508],[-90.17893,20.14513],[-90.17893,20.14513],[-90.17906,20.14472],[-90.17935,20.14379],[-90.17959,20.14386]]]}},{"type":"Feature","properties":{"cvegeo":"0400500070359","cve_ent":"04","fuente":"INEGI — Marco Geoestadístico 2024","fecha_corte":"2024-08","cve_mun":"04005","cve_ageb":"0359","cve_loc":"0007"},"geometry":{"type":"Polygon","coordinates":[[[-90.1703,20.14627],[-90.17094,20.14665],[-90.17204,20.14724],[-90.17263,20.14632],[-90.17406,20.14716],[-90.17415,20.14719],[-90.17421,20.14712],[-90.17466,20.14624],[-90.17531,20.14491],[-90.17652,20.1453],[-90.1776,20.14567],[-90.17771,20.14544],[-90.17799,20.14485],[-90.17803,20.14482],[-90.17803,20.14482],[-90.17729,20.14441],[-90.17699,20.14425],[-90.17578,20.14378],[-90.17573,20.14376],[-90.17457,20.14329],[-90.17464,20.14317],[-90.17455,20.14311],[-90.17444,20.14303],[-90.17438,20.143],[-90.17427,20.14297],[-90.17415,20.14296],[-90.17398,20.14298],[-90.17383,20.143],[-90.17368,20.14303],[-90.17359,20.14285],[-90.17346,20.14274],[-90.17334,20.14263],[-90.17332,20.14258],[-90.17333,20.14252],[-90.17333,20.14251],[-90.17333,20.1425],[-90.17332,20.14245],[-90.17331,20.14241],[-90.17324,20.14235],[-90.17304,20.1422],[-90.17285,20.14209],[-90.17248,20.14191],[-90.17232,20.14221],[-90.1718,20.14205],[-90.17153,20.14151],[-90.17129,20.14103],[-90.17107,20.14061],[-90.17115,20.14051],[-90.17181,20.13991],[-90.17184,20.13988],[-90.17238,20.13936],[-90.17305,20.13875],[-90.17366,20.13818],[-90.17371,20.13813],[-90.17434,20.13748],[-90.17458,20.13711],[-90.17521,20.13617],[-90.17476,20.13599],[-90.17411,20.13574],[-90.17334,20.13544],[-90.173,20.13531],[-90.17267,20.13515],[-90.17238,20.13502],[-90.17222,20.13496],[-90.17212,20.13492],[-90.17198,20.13486],[-90.17185,20.13479],[-90.17162,20.13468],[-90.17142,20.13456],[-90.17128,20.1345],[-90.17101,20.13448],[-90.17088,20.13447],[-90.17076,20.13448],[-90.17069,20.13449],[-90.17063,20.13458],[-90.17051,20.13487],[-90.17026,20.13477],[-90.17019,20.13474],[-90.16995,20.13461],[-90.16975,20.13454],[-90.16945,20.13441],[-90.16909,20.13423],[-90.16857,20.13391],[-90.16823,20.13375],[-90.16805,20.13372],[-90.16752,20.13362],[-90.16674,20.13514],[-90.16668,20.13531],[-90.16662,20.13549],[-90.16655,20.1357],[-90.1665,20.13586],[-90.16646,20.13604],[-90.1664,20.13636],[-90.16637,20.13667],[-90.16633,20.1371],[-90.16631,20.13752],[-90.16626,20.13825],[-90.16621,20.13912],[-90.16617,20.13982],[-90.16561,20.13938],[-90.16514,20.14011],[-90.16609,20.14081],[-90.16603,20.14179],[-90.16603,20.14188],[-90.16599,20.14281],[-90.16589,20.14406],[-90.16523,20.1437],[-90.16472,20.14349],[-90.16393,20.14302],[-90.16312,20.14252],[-90.16253,20.14331],[-90.1634,20.14379],[-90.16389,20.14403],[-90.16367,20.14423],[-90.16347,20.14443],[-90.16336,20.14453],[-90.16311,20.14478],[-90.16277,20.14509],[-90.16251,20.14535],[-90.1637,20.14609],[-90.16445,20.1456],[-90.16474,20.14581],[-90.16499,20.14595],[-90.16566,20.14631],[-90.16572,20.14594],[-90.16581,20.14603],[-90.16588,20.14609],[-90.16595,20.1461],[-90.16603,20.14611],[-90.1661,20.14611],[-90.16617,20.1461],[-90.16625,20.14607],[-90.16697,20.14523],[-90.16711,20.14507],[-90.16767,20.14443],[-90.16911,20.14539],[-90.16962,20.14575],[-90.16989,20.14596],[-90.1703,20.14627]]]}},{"type":"Feature","properties":{"cvegeo":"0400500010414","cve_ent":"04","fuente":"INEGI — Marco Geoestadístico 2024","fecha_corte":"2024-08","cve_mun":"04005","cve_ageb":"0414","cve_loc":"0001"},"geometry":{"type":"Polygon","coordinates":[[[-90.13159,20.19136],[-90.1323,20.19184],[-90.13252,20.19165],[-90.133,20.19123],[-90.13322,20.19104],[-90.13331,20.19084],[-90.13335,20.19063],[-90.13336,20.19017],[-90.13333,20.18862],[-90.13327,20.18532],[-90.13325,20.1852],[-90.13254,20.18651],[-90.13069,20.19015],[-90.13073,20.19023],[-90.13089,20.19085],[-90.13159,20.19136]]]}},{"type":"Feature","properties":{"cvegeo":"0400500010429","cve_ent":"04","fuente":"INEGI — Marco Geoestadístico 2024","fecha_corte":"2024-08","cve_mun":"04005","cve_ageb":"0429","cve_loc":"0001"},"geometry":{"type":"Polygon","coordinates":[[[-90.1343,20.17656],[-90.13436,20.17657],[-90.13458,20.17643],[-90.13477,20.17622],[-90.13494,20.17609],[-90.13536,20.17554],[-90.13569,20.17506],[-90.1358,20.17489],[-90.13587,20.17478],[-90.13607,20.17447],[-90.13639,20.17409],[-90.13762,20.17293],[-90.13945,20.17139],[-90.14086,20.17012],[-90.14122,20.16981],[-90.14668,20.16517],[-90.14717,20.16475],[-90.14727,20.16467],[-90.14742,20.16441],[-90.14755,20.16419],[-90.14764,20.16398],[-90.14779,20.16351],[-90.1476,20.16353],[-90.14655,20.16362],[-90.14558,20.16371],[-90.14506,20.1638],[-90.14442,20.16405],[-90.14376,20.16443],[-90.14237,20.16534],[-90.14062,20.16655],[-90.13995,20.16705],[-90.13921,20.16753],[-90.13887,20.16775],[-90.13851,20.16801],[-90.13834,20.16812],[-90.13778,20.16851],[-90.13691,20.16907],[-90.13681,20.16915],[-90.13638,20.16931],[-90.1363,20.16934],[-90.13622,20.16936],[-90.13605,20.1694],[-90.13556,20.16951],[-90.13517,20.16957],[-90.13474,20.16966],[-90.1346,20.16969],[-90.13372,20.16985],[-90.13265,20.17005],[-90.13124,20.17031],[-90.12965,20.17061],[-90.1292,20.17075],[-90.12898,20.17084],[-90.12882,20.17095],[-90.12857,20.17118],[-90.12847,20.17135],[-90.12813,20.17214],[-90.12782,20.17321],[-90.12764,20.17381],[-90.12755,20.17433],[-90.12755,20.17435],[-90.12786,20.17457],[-90.12803,20.17456],[-90.12824,20.17462],[-90.12848,20.17462],[-90.12886,20.17482],[-90.1294,20.17507],[-90.12948,20.17508],[-90.12972,20.17523],[-90.1306,20.17593],[-90.13073,20.17596],[-90.13197,20.17616],[-90.13344,20.1764],[-90.13423,20.17654],[-90.1343,20.17656]]]}},{"type":"Feature","properties":{"cvegeo":"0400500010433","cve_ent":"04","fuente":"INEGI — Marco Geoestadístico 2024","fecha_corte":"2024-08","cve_mun":"04005","cve_ageb":"0433","cve_loc":"0001"},"geometry":{"type":"Polygon","coordinates":[[[-90.13409,20.17697],[-90.13387,20.1773],[-90.13422,20.17739],[-90.13504,20.17761],[-90.1358,20.17786],[-90.13674,20.17817],[-90.13685,20.17819],[-90.13721,20.1783],[-90.13771,20.17845],[-90.13835,20.17865],[-90.13867,20.17874],[-90.13935,20.17896],[-90.13999,20.17916],[-90.14029,20.1793],[-90.14039,20.17936],[-90.14045,20.1794],[-90.14076,20.17883],[-90.14081,20.17874],[-90.14094,20.17846],[-90.14101,20.17832],[-90.14116,20.17796],[-90.14135,20.17735],[-90.1418,20.17756],[-90.14313,20.17808],[-90.14373,20.17771],[-90.14409,20.17748],[-90.14426,20.17738],[-90.1449,20.17734],[-90.14494,20.17733],[-90.14572,20.17713],[-90.14622,20.177],[-90.14659,20.17694],[-90.1468,20.17693],[-90.14714,20.17694],[-90.14802,20.17701],[-90.14817,20.17591],[-90.14964,20.17628],[-90.15012,20.17639],[-90.15013,20.1764],[-90.15025,20.17594],[-90.15028,20.1758],[-90.15047,20.17504],[-90.14977,20.17493],[-90.14925,20.17484],[-90.14885,20.172],[-90.14905,20.17136],[-90.14905,20.17136],[-90.14803,20.17121],[-90.14711,20.17346],[-90.14685,20.17387],[-90.14671,20.17418],[-90.14619,20.17545],[-90.14514,20.1752],[-90.14295,20.17468],[-90.14316,20.17404],[-90.14323,20.17372],[-90.1433,20.17324],[-90.14335,20.17288],[-90.1431,20.17288],[-90.14317,20.17199],[-90.14321,20.17168],[-90.14311,20.1716],[-90.14183,20.1709],[-90.14196,20.17074],[-90.14222,20.17051],[-90.14212,20.17045],[-90.14706,20.16695],[-90.14723,20.16685],[-90.14776,20.16658],[-90.14874,20.16615],[-90.14846,20.16577],[-90.14944,20.1651],[-90.14841,20.16381],[-90.14814,20.16399],[-90.1475,20.16452],[-90.14727,20.16467],[-90.14717,20.16475],[-90.14668,20.16517],[-90.14122,20.16981],[-90.14086,20.17012],[-90.13945,20.17139],[-90.13762,20.17293],[-90.13639,20.17409],[-90.13607,20.17447],[-90.13587,20.17478],[-90.1358,20.17489],[-90.13569,20.17506],[-90.13536,20.17554],[-90.13494,20.17609],[-90.13477,20.17622],[-90.13458,20.17643],[-90.13436,20.17657],[-90.1343,20.17656],[-90.13409,20.17697]]]}},{"type":"Feature","properties":{"cvegeo":"0400500010452","cve_ent":"04","fuente":"INEGI — Marco Geoestadístico 2024","fecha_corte":"2024-08","cve_mun":"04005","cve_ageb":"0452","cve_loc":"0001"},"geometry":{"type":"Polygon","coordinates":[[[-90.12487,20.18484],[-90.12527,20.1859],[-90.12578,20.18725],[-90.1258,20.18732],[-90.12599,20.18782],[-90.12628,20.18854],[-90.12652,20.18921],[-90.12664,20.18955],[-90.12673,20.18982],[-90.12676,20.18996],[-90.12682,20.19019],[-90.12683,20.1904],[-90.12683,20.19045],[-90.12683,20.19051],[-90.12682,20.19068],[-90.12681,20.19085],[-90.12675,20.19108],[-90.12669,20.19131],[-90.12648,20.19161],[-90.12646,20.19169],[-90.12843,20.19281],[-90.12909,20.1932],[-90.12911,20.1932],[-90.12973,20.19197],[-90.13068,20.19016],[-90.13069,20.19015],[-90.13254,20.18651],[-90.13325,20.1852],[-90.13456,20.18586],[-90.13619,20.18688],[-90.1365,20.18653],[-90.13667,20.18632],[-90.13684,20.18607],[-90.13686,20.18603],[-90.13715,20.18561],[-90.13749,20.18514],[-90.13848,20.18573],[-90.13939,20.18627],[-90.13987,20.18656],[-90.14067,20.18703],[-90.14173,20.18766],[-90.14173,20.18766],[-90.14188,20.18774],[-90.14198,20.18764],[-90.14249,20.18665],[-90.14251,20.18655],[-90.14261,20.18635],[-90.14261,20.18635],[-90.14439,20.18678],[-90.1444,20.18679],[-90.1444,20.18619],[-90.1444,20.18569],[-90.1444,20.18552],[-90.14435,20.18544],[-90.14435,20.18544],[-90.14435,20.18544],[-90.14499,20.18515],[-90.14457,20.18455],[-90.14442,20.18435],[-90.14441,20.18434],[-90.14436,20.18429],[-90.14369,20.18335],[-90.14292,20.18239],[-90.14196,20.18119],[-90.14166,20.18082],[-90.14103,20.18004],[-90.14101,20.18002],[-90.14045,20.1794],[-90.14039,20.17936],[-90.14029,20.1793],[-90.13999,20.17916],[-90.13935,20.17896],[-90.13867,20.17874],[-90.13835,20.17865],[-90.13771,20.17845],[-90.13721,20.1783],[-90.13685,20.17819],[-90.13674,20.17817],[-90.1358,20.17786],[-90.13504,20.17761],[-90.13422,20.17739],[-90.13387,20.1773],[-90.13377,20.17742],[-90.13341,20.1782],[-90.1333,20.17848],[-90.13325,20.17855],[-90.13287,20.17973],[-90.13236,20.18146],[-90.13171,20.18355],[-90.13138,20.18455],[-90.13075,20.18441],[-90.12928,20.18405],[-90.12853,20.18387],[-90.12809,20.18377],[-90.12651,20.18339],[-90.1259,20.18323],[-90.12571,20.18316],[-90.12539,20.18295],[-90.12529,20.18282],[-90.12512,20.18275],[-90.12488,20.18268],[-90.12479,20.18268],[-90.12407,20.18287],[-90.12435,20.18361],[-90.12444,20.18385],[-90.12446,20.18391],[-90.12456,20.18405],[-90.12487,20.18484]]]}},{"type":"Feature","properties":{"cvegeo":"0400500010467","cve_ent":"04","fuente":"INEGI — Marco Geoestadístico 2024","fecha_corte":"2024-08","cve_mun":"04005","cve_ageb":"0467","cve_loc":"0001"},"geometry":{"type":"Polygon","coordinates":[[[-90.12283,20.18844],[-90.12638,20.19135],[-90.12648,20.19161],[-90.12669,20.19131],[-90.12675,20.19108],[-90.12681,20.19085],[-90.12682,20.19068],[-90.12683,20.19051],[-90.12683,20.19045],[-90.12683,20.1904],[-90.12682,20.19019],[-90.12676,20.18996],[-90.12673,20.18982],[-90.12664,20.18955],[-90.12652,20.18921],[-90.12628,20.18854],[-90.12599,20.18782],[-90.1258,20.18732],[-90.12578,20.18725],[-90.12527,20.1859],[-90.12487,20.18484],[-90.12456,20.18405],[-90.12446,20.18391],[-90.12444,20.18385],[-90.12435,20.18361],[-90.12407,20.18287],[-90.12325,20.18303],[-90.12306,20.1831],[-90.12284,20.18317],[-90.1227,20.18351],[-90.12261,20.1838],[-90.1225,20.18405],[-90.12235,20.18436],[-90.12201,20.18493],[-90.12159,20.18542],[-90.12119,20.18595],[-90.12289,20.18649],[-90.12261,20.1871],[-90.12216,20.18812],[-90.12214,20.18818],[-90.12283,20.18844]]]}},{"type":"Feature","properties":{"cvegeo":"0400500010289","cve_ent":"04","fuente":"INEGI — Marco Geoestadístico 2024","fecha_corte":"2024-08","cve_mun":"04005","cve_ageb":"0289","cve_loc":"0001"},"geometry":{"type":"Polygon","coordinates":[[[-90.13333,20.18862],[-90.13336,20.19017],[-90.13335,20.19063],[-90.13331,20.19084],[-90.13322,20.19104],[-90.133,20.19123],[-90.13252,20.19165],[-90.1323,20.19184],[-90.13227,20.19191],[-90.13221,20.19211],[-90.13221,20.19211],[-90.13238,20.19224],[-90.13309,20.19278],[-90.13419,20.19231],[-90.13533,20.19192],[-90.1372,20.19142],[-90.13875,20.19013],[-90.14032,20.18886],[-90.14081,20.18845],[-90.14127,20.18807],[-90.14173,20.18766],[-90.14173,20.18766],[-90.14067,20.18703],[-90.13987,20.18656],[-90.13939,20.18627],[-90.13848,20.18573],[-90.13749,20.18514],[-90.13715,20.18561],[-90.13686,20.18603],[-90.13684,20.18607],[-90.13667,20.18632],[-90.1365,20.18653],[-90.13619,20.18688],[-90.13456,20.18586],[-90.13325,20.1852],[-90.13327,20.18532],[-90.13333,20.18862]]]}},{"type":"Feature","properties":{"cvegeo":"040050007040A","cve_ent":"04","fuente":"INEGI — Marco Geoestadístico 2024","fecha_corte":"2024-08","cve_mun":"04005","cve_ageb":"040A","cve_loc":"0007"},"geometry":{"type":"Polygon","coordinates":[[[-90.18117,20.14019],[-90.18206,20.1407],[-90.18232,20.14041],[-90.18152,20.13988],[-90.18152,20.13988],[-90.18117,20.14019]]]}},{"type":"Feature","properties":{"cvegeo":"0400500070344","cve_ent":"04","fuente":"INEGI — Marco Geoestadístico 2024","fecha_corte":"2024-08","cve_mun":"04005","cve_ageb":"0344","cve_loc":"0007"},"geometry":{"type":"Polygon","coordinates":[[[-90.18381,20.14405],[-90.18369,20.14428],[-90.18439,20.14458],[-90.18497,20.1449],[-90.18561,20.14548],[-90.18604,20.14574],[-90.18641,20.14595],[-90.18709,20.14631],[-90.18833,20.14699],[-90.18902,20.14591],[-90.1882,20.14526],[-90.18893,20.14435],[-90.18893,20.14435],[-90.18956,20.14356],[-90.18956,20.14356],[-90.18864,20.14305],[-90.18864,20.14306],[-90.188,20.14384],[-90.18716,20.14345],[-90.18559,20.1426],[-90.18206,20.1407],[-90.18117,20.14019],[-90.18152,20.13988],[-90.18272,20.13898],[-90.18329,20.13855],[-90.18375,20.13823],[-90.18343,20.13775],[-90.18326,20.13758],[-90.18312,20.13748],[-90.1828,20.13735],[-90.18259,20.13729],[-90.1816,20.13705],[-90.1814,20.13747],[-90.18115,20.13795],[-90.18095,20.13833],[-90.18047,20.13815],[-90.17991,20.13794],[-90.17885,20.13756],[-90.17884,20.13755],[-90.17791,20.13721],[-90.17697,20.13682],[-90.17579,20.13641],[-90.17521,20.13617],[-90.17458,20.13711],[-90.17434,20.13748],[-90.17371,20.13813],[-90.17366,20.13818],[-90.17305,20.13875],[-90.17238,20.13936],[-90.17184,20.13988],[-90.17181,20.13991],[-90.17115,20.14051],[-90.17107,20.14061],[-90.17129,20.14103],[-90.17153,20.14151],[-90.1718,20.14205],[-90.17232,20.14221],[-90.17248,20.14191],[-90.17285,20.14209],[-90.17304,20.1422],[-90.17324,20.14235],[-90.17331,20.14241],[-90.17332,20.14245],[-90.17333,20.1425],[-90.17333,20.14251],[-90.17333,20.14252],[-90.17332,20.14258],[-90.17334,20.14263],[-90.17346,20.14274],[-90.17359,20.14285],[-90.17368,20.14303],[-90.17383,20.143],[-90.17398,20.14298],[-90.17415,20.14296],[-90.17427,20.14297],[-90.17438,20.143],[-90.17444,20.14303],[-90.17455,20.14311],[-90.17464,20.14317],[-90.17457,20.14329],[-90.17573,20.14376],[-90.17578,20.14378],[-90.17699,20.14425],[-90.17729,20.14441],[-90.17803,20.14482],[-90.1782,20.14411],[-90.17839,20.14349],[-90.17854,20.14308],[-90.17868,20.14274],[-90.17949,20.14304],[-90.17975,20.14238],[-90.18008,20.14184],[-90.18045,20.14212],[-90.18127,20.14265],[-90.18174,20.14293],[-90.18208,20.14311],[-90.18234,20.14323],[-90.18311,20.14366],[-90.18311,20.14366],[-90.18381,20.14405]]]}},{"type":"Feature","properties":{"cvegeo":"0400900010540","cve_ent":"04","fuente":"INEGI — Marco Geoestadístico 2024","fecha_corte":"2024-08","cve_mun":"04009","cve_ageb":"0540","cve_loc":"0001"},"geometry":{"type":"Polygon","coordinates":[[[-90.73259,18.61926],[-90.73355,18.61946],[-90.73479,18.61974],[-90.73586,18.61992],[-90.73586,18.61992],[-90.73591,18.61946],[-90.73666,18.61949],[-90.73674,18.6188],[-90.73676,18.61865],[-90.73673,18.61865],[-90.73602,18.61862],[-90.73558,18.61858],[-90.73492,18.61856],[-90.73373,18.61845],[-90.73365,18.61892],[-90.73265,18.61873],[-90.73259,18.61926],[-90.73259,18.61926]]]}},{"type":"Feature","properties":{"cvegeo":"0400900010771","cve_ent":"04","fuente":"INEGI — Marco Geoestadístico 2024","fecha_corte":"2024-08","cve_mun":"04009","cve_ageb":"0771","cve_loc":"0001"},"geometry":{"type":"Polygon","coordinates":[[[-90.74067,18.61899],[-90.74063,18.62023],[-90.74063,18.62023],[-90.74063,18.62023],[-90.74146,18.62028],[-90.74223,18.61906],[-90.7409,18.619],[-90.74067,18.61899],[-90.74067,18.61899]]]}},{"type":"Feature","properties":{"cvegeo":"0400900010112","cve_ent":"04","fuente":"INEGI — Marco Geoestadístico 2024","fecha_corte":"2024-08","cve_mun":"04009","cve_ageb":"0112","cve_loc":"0001"},"geometry":{"type":"Polygon","coordinates":[[[-90.73774,18.60589],[-90.73877,18.60601],[-90.73906,18.60604],[-90.74014,18.60617],[-90.74115,18.60629],[-90.74217,18.60641],[-90.74325,18.60654],[-90.74396,18.60663],[-90.74433,18.60667],[-90.7458,18.60685],[-90.74678,18.60698],[-90.74804,18.60714],[-90.74856,18.6072],[-90.74981,18.60735],[-90.75012,18.60741],[-90.75086,18.60754],[-90.75187,18.60768],[-90.75213,18.60771],[-90.75318,18.60783],[-90.75334,18.60667],[-90.75334,18.60655],[-90.7533,18.60565],[-90.75207,18.60545],[-90.75102,18.60525],[-90.75096,18.60636],[-90.75096,18.6064],[-90.74992,18.60629],[-90.74992,18.60605],[-90.74996,18.60514],[-90.74836,18.605],[-90.74855,18.60402],[-90.74863,18.60357],[-90.74753,18.60341],[-90.74772,18.6024],[-90.74672,18.6023],[-90.74492,18.60212],[-90.74386,18.602],[-90.74297,18.6019],[-90.74202,18.60178],[-90.7408,18.60163],[-90.73971,18.6015],[-90.73826,18.60134],[-90.73719,18.60121],[-90.73711,18.60225],[-90.73606,18.60212],[-90.73587,18.60366],[-90.73691,18.6038],[-90.73683,18.6045],[-90.7379,18.60463],[-90.73774,18.60589]]]}},{"type":"Feature","properties":{"cvegeo":"0400900010150","cve_ent":"04","fuente":"INEGI — Marco Geoestadístico 2024","fecha_corte":"2024-08","cve_mun":"04009","cve_ageb":"0150","cve_loc":"0001"},"geometry":{"type":"Polygon","coordinates":[[[-90.73719,18.60121],[-90.73826,18.60134],[-90.73971,18.6015],[-90.73986,18.60048],[-90.74001,18.59948],[-90.7401,18.59895],[-90.74017,18.59849],[-90.74018,18.5984],[-90.7407,18.59826],[-90.74136,18.59801],[-90.74153,18.59795],[-90.7419,18.59792],[-90.74264,18.59797],[-90.74281,18.5971],[-90.74298,18.5961],[-90.74317,18.59504],[-90.74336,18.59398],[-90.74224,18.59381],[-90.74118,18.59366],[-90.74138,18.59271],[-90.74062,18.59257],[-90.73956,18.5924],[-90.73942,18.5934],[-90.73722,18.59263],[-90.73718,18.59263],[-90.73699,18.59286],[-90.7366,18.59261],[-90.73658,18.5926],[-90.73499,18.59676],[-90.73539,18.59686],[-90.73463,18.59909],[-90.73463,18.59909],[-90.73458,18.59921],[-90.73456,18.59925],[-90.73391,18.60082],[-90.73426,18.60086],[-90.73516,18.60096],[-90.7357,18.60103],[-90.73619,18.6011],[-90.73719,18.60121]]]}},{"type":"Feature","properties":{"cvegeo":"0400900010470","cve_ent":"04","fuente":"INEGI — Marco Geoestadístico 2024","fecha_corte":"2024-08","cve_mun":"04009","cve_ageb":"0470","cve_loc":"0001"},"geometry":{"type":"Polygon","coordinates":[[[-90.73653,18.61448],[-90.7376,18.61473],[-90.73836,18.6149],[-90.73866,18.61506],[-90.73892,18.6149],[-90.73901,18.61485],[-90.73985,18.61435],[-90.74078,18.6138],[-90.74165,18.61323],[-90.74253,18.61266],[-90.74178,18.61173],[-90.74113,18.61092],[-90.7405,18.61011],[-90.73984,18.6093],[-90.73921,18.60847],[-90.73855,18.60765],[-90.73771,18.60825],[-90.73684,18.60888],[-90.73598,18.60949],[-90.7351,18.6101],[-90.73576,18.61094],[-90.7364,18.61174],[-90.73698,18.61247],[-90.73697,18.61256],[-90.73674,18.6136],[-90.73653,18.61448]]]}},{"type":"Feature","properties":{"cvegeo":"0400900010536","cve_ent":"04","fuente":"INEGI — Marco Geoestadístico 2024","fecha_corte":"2024-08","cve_mun":"04009","cve_ageb":"0536","cve_loc":"0001"},"geometry":{"type":"Polygon","coordinates":[[[-90.73235,18.61445],[-90.73329,18.61484],[-90.73431,18.61504],[-90.73526,18.61523],[-90.7363,18.61545],[-90.73653,18.61448],[-90.73674,18.6136],[-90.73697,18.61256],[-90.73698,18.61247],[-90.7364,18.61174],[-90.73576,18.61094],[-90.7351,18.6101],[-90.73443,18.60925],[-90.73338,18.60998],[-90.73335,18.61001],[-90.73325,18.60996],[-90.73294,18.60981],[-90.7326,18.60965],[-90.7325,18.60948],[-90.73204,18.60912],[-90.73191,18.61049],[-90.73184,18.61104],[-90.73178,18.61153],[-90.73174,18.61193],[-90.7317,18.61245],[-90.73145,18.61433],[-90.73158,18.61434],[-90.73225,18.61442],[-90.73227,18.61442],[-90.73235,18.61445]]]}},{"type":"Feature","properties":{"cvegeo":"0400900010860","cve_ent":"04","fuente":"INEGI — Marco Geoestadístico 2024","fecha_corte":"2024-08","cve_mun":"04009","cve_ageb":"0860","cve_loc":"0001"},"geometry":{"type":"Polygon","coordinates":[[[-90.73996,18.59012],[-90.73974,18.59112],[-90.74077,18.59134],[-90.74162,18.59152],[-90.74267,18.59175],[-90.7437,18.59197],[-90.74401,18.5901],[-90.74014,18.58926],[-90.74012,18.58926],[-90.73996,18.59012]]]}},{"type":"Feature","properties":{"cvegeo":"0400900010076","cve_ent":"04","fuente":"INEGI — Marco Geoestadístico 2024","fecha_corte":"2024-08","cve_mun":"04009","cve_ageb":"0076","cve_loc":"0001"},"geometry":{"type":"Polygon","coordinates":[[[-90.73524,18.60853],[-90.73531,18.60862],[-90.73598,18.60949],[-90.73684,18.60888],[-90.73771,18.60825],[-90.73855,18.60765],[-90.73788,18.60676],[-90.7379,18.60675],[-90.73797,18.60668],[-90.73793,18.60664],[-90.73788,18.60661],[-90.73775,18.60638],[-90.73768,18.60637],[-90.73774,18.60589],[-90.7379,18.60463],[-90.73683,18.6045],[-90.73691,18.6038],[-90.73587,18.60366],[-90.73606,18.60212],[-90.73711,18.60225],[-90.73719,18.60121],[-90.73619,18.6011],[-90.7357,18.60103],[-90.73516,18.60096],[-90.73426,18.60086],[-90.73391,18.60082],[-90.73357,18.60164],[-90.7335,18.60179],[-90.73342,18.60197],[-90.73326,18.60244],[-90.73322,18.60256],[-90.73298,18.60329],[-90.73269,18.60429],[-90.73263,18.6044],[-90.73275,18.60443],[-90.73258,18.6053],[-90.73252,18.60587],[-90.73241,18.6064],[-90.73247,18.60698],[-90.73268,18.60711],[-90.73293,18.60739],[-90.73324,18.60764],[-90.73323,18.60766],[-90.7332,18.60806],[-90.73353,18.60809],[-90.73493,18.60815],[-90.73524,18.60853]]]}},{"type":"Feature","properties":{"cvegeo":"0400900010019","cve_ent":"04","fuente":"INEGI — Marco Geoestadístico 2024","fecha_corte":"2024-08","cve_mun":"04009","cve_ageb":"0019","cve_loc":"0001"},"geometry":{"type":"Polygon","coordinates":[[[-90.74487,18.61421],[-90.74476,18.61522],[-90.74468,18.61626],[-90.74467,18.61632],[-90.74457,18.61719],[-90.74454,18.61723],[-90.74443,18.61824],[-90.74508,18.61829],[-90.74549,18.6183],[-90.74657,18.61834],[-90.74764,18.61843],[-90.74874,18.61852],[-90.7496,18.61857],[-90.75065,18.61865],[-90.75247,18.61884],[-90.75266,18.61886],[-90.75266,18.61886],[-90.75271,18.61809],[-90.75271,18.61809],[-90.75101,18.61795],[-90.75101,18.61795],[-90.75101,18.61795],[-90.75103,18.6179],[-90.7511,18.61698],[-90.7511,18.61698],[-90.7511,18.61698],[-90.75118,18.61697],[-90.75274,18.61707],[-90.75274,18.61707],[-90.75277,18.61613],[-90.75277,18.61613],[-90.75277,18.61613],[-90.75277,18.61613],[-90.75315,18.61619],[-90.75338,18.6162],[-90.75338,18.6162],[-90.75338,18.6162],[-90.7527,18.61544],[-90.75242,18.61513],[-90.75242,18.61513],[-90.75242,18.61513],[-90.75274,18.61361],[-90.75236,18.61323],[-90.7516,18.61247],[-90.75096,18.61183],[-90.75024,18.61111],[-90.74943,18.61188],[-90.74908,18.61228],[-90.7486,18.61335],[-90.74829,18.61397],[-90.74817,18.61421],[-90.74808,18.61459],[-90.74703,18.61444],[-90.74595,18.6143],[-90.74487,18.61421]]]}},{"type":"Feature","properties":{"cvegeo":"0400900010729","cve_ent":"04","fuente":"INEGI — Marco Geoestadístico 2024","fecha_corte":"2024-08","cve_mun":"04009","cve_ageb":"0729","cve_loc":"0001"},"geometry":{"type":"Polygon","coordinates":[[[-90.72382,18.61622],[-90.72382,18.61622],[-90.72462,18.61631],[-90.72479,18.61534],[-90.72462,18.61532],[-90.72389,18.61525],[-90.72389,18.61525],[-90.72382,18.61622]]]}},{"type":"Feature","properties":{"cvegeo":"0400900010767","cve_ent":"04","fuente":"INEGI — Marco Geoestadístico 2024","fecha_corte":"2024-08","cve_mun":"04009","cve_ageb":"0767","cve_loc":"0001"},"geometry":{"type":"Polygon","coordinates":[[[-90.72157,18.61395],[-90.72266,18.61405],[-90.72281,18.61296],[-90.72174,18.61283],[-90.72173,18.6129],[-90.72157,18.61395],[-90.72157,18.61395]]]}},{"type":"Feature","properties":{"cvegeo":"0400900010714","cve_ent":"04","fuente":"INEGI — Marco Geoestadístico 2024","fecha_corte":"2024-08","cve_mun":"04009","cve_ageb":"0714","cve_loc":"0001"},"geometry":{"type":"Polygon","coordinates":[[[-90.71992,18.61377],[-90.72157,18.61395],[-90.72157,18.61395],[-90.72173,18.6129],[-90.72116,18.61289],[-90.72003,18.61277],[-90.72003,18.61277],[-90.71992,18.61377]]]}},{"type":"Feature","properties":{"cvegeo":"0400900010080","cve_ent":"04","fuente":"INEGI — Marco Geoestadístico 2024","fecha_corte":"2024-08","cve_mun":"04009","cve_ageb":"0080","cve_loc":"0001"},"geometry":{"type":"Polygon","coordinates":[[[-90.73204,18.60912],[-90.7325,18.60948],[-90.7326,18.60965],[-90.73294,18.60981],[-90.73325,18.60996],[-90.73335,18.61001],[-90.73338,18.60998],[-90.73443,18.60925],[-90.7351,18.6101],[-90.73598,18.60949],[-90.73531,18.60862],[-90.73524,18.60853],[-90.73493,18.60815],[-90.73353,18.60809],[-90.7332,18.60806],[-90.73323,18.60766],[-90.73324,18.60764],[-90.73293,18.60739],[-90.73268,18.60711],[-90.73247,18.60698],[-90.73241,18.6064],[-90.73252,18.60587],[-90.73258,18.6053],[-90.73275,18.60443],[-90.73263,18.6044],[-90.73269,18.60429],[-90.73298,18.60329],[-90.73322,18.60256],[-90.73326,18.60244],[-90.7322,18.60202],[-90.73118,18.60166],[-90.73073,18.60152],[-90.73019,18.60132],[-90.72989,18.6012],[-90.72986,18.60126],[-90.72963,18.60186],[-90.72924,18.60281],[-90.72885,18.60381],[-90.72847,18.60481],[-90.72863,18.60482],[-90.72848,18.60536],[-90.72856,18.60537],[-90.72847,18.60647],[-90.72833,18.6076],[-90.72936,18.60771],[-90.73035,18.60782],[-90.73021,18.60884],[-90.73179,18.60903],[-90.73204,18.60912]]]}},{"type":"Feature","properties":{"cvegeo":"0400900010555","cve_ent":"04","fuente":"INEGI — Marco Geoestadístico 2024","fecha_corte":"2024-08","cve_mun":"04009","cve_ageb":"0555","cve_loc":"0001"},"geometry":{"type":"Polygon","coordinates":[[[-90.7601,18.59701],[-90.76139,18.5971],[-90.76204,18.59716],[-90.76216,18.59634],[-90.76449,18.59668],[-90.76449,18.59668],[-90.76449,18.5963],[-90.76235,18.59573],[-90.76012,18.59516],[-90.76011,18.59516],[-90.75995,18.59648],[-90.76015,18.59652],[-90.7601,18.59701]]]}},{"type":"Feature","properties":{"cvegeo":"0400900010095","cve_ent":"04","fuente":"INEGI — Marco Geoestadístico 2024","fecha_corte":"2024-08","cve_mun":"04009","cve_ageb":"0095","cve_loc":"0001"},"geometry":{"type":"Polygon","coordinates":[[[-90.77104,18.60951],[-90.77107,18.60951],[-90.77129,18.60836],[-90.77129,18.60836],[-90.76583,18.60777],[-90.76597,18.60603],[-90.76334,18.60582],[-90.7635,18.60482],[-90.76358,18.60432],[-90.76359,18.60419],[-90.76353,18.60387],[-90.76352,18.60382],[-90.76341,18.60354],[-90.76319,18.60314],[-90.76319,18.60314],[-90.76306,18.60292],[-90.76302,18.60275],[-90.76304,18.60252],[-90.76317,18.60224],[-90.76373,18.6015],[-90.76443,18.6006],[-90.76288,18.6003],[-90.76163,18.60005],[-90.76178,18.59909],[-90.76181,18.59884],[-90.76187,18.59845],[-90.76195,18.59787],[-90.76001,18.59781],[-90.75981,18.59782],[-90.75975,18.59798],[-90.75895,18.5979],[-90.75881,18.59878],[-90.75776,18.59867],[-90.75679,18.59864],[-90.75668,18.59994],[-90.75663,18.60056],[-90.75654,18.60163],[-90.75645,18.60266],[-90.7564,18.60369],[-90.75636,18.604],[-90.75717,18.60404],[-90.75842,18.60417],[-90.75896,18.60423],[-90.75847,18.60656],[-90.75831,18.60729],[-90.75824,18.60761],[-90.75814,18.60795],[-90.75799,18.60838],[-90.75963,18.60853],[-90.76013,18.60857],[-90.76042,18.6086],[-90.76042,18.6086],[-90.76129,18.60867],[-90.76272,18.60881],[-90.76272,18.60881],[-90.76272,18.60881],[-90.76272,18.60881],[-90.76509,18.60901],[-90.77104,18.60951],[-90.77104,18.60951]]]}},{"type":"Feature","properties":{"cvegeo":"0400900010127","cve_ent":"04","fuente":"INEGI — Marco Geoestadístico 2024","fecha_corte":"2024-08","cve_mun":"04009","cve_ageb":"0127","cve_loc":"0001"},"geometry":{"type":"Polygon","coordinates":[[[-90.72117,18.60384],[-90.72117,18.60384],[-90.72301,18.60417],[-90.72318,18.6042],[-90.72407,18.60432],[-90.72513,18.60444],[-90.72623,18.60458],[-90.72634,18.60341],[-90.72745,18.6036],[-90.72756,18.6036],[-90.72885,18.60381],[-90.72924,18.60281],[-90.72963,18.60186],[-90.72986,18.60126],[-90.72989,18.6012],[-90.73019,18.60132],[-90.73073,18.60152],[-90.73118,18.60166],[-90.7322,18.60202],[-90.73326,18.60244],[-90.73342,18.60197],[-90.7335,18.60179],[-90.73357,18.60164],[-90.73391,18.60082],[-90.73456,18.59925],[-90.73458,18.59921],[-90.73463,18.59909],[-90.73209,18.59867],[-90.73252,18.59762],[-90.73294,18.59664],[-90.73407,18.59375],[-90.7333,18.59361],[-90.73306,18.59356],[-90.73253,18.59481],[-90.73171,18.59445],[-90.73152,18.59487],[-90.73087,18.59468],[-90.73071,18.59497],[-90.73074,18.59499],[-90.7308,18.59503],[-90.73058,18.59542],[-90.73058,18.59542],[-90.73035,18.59583],[-90.72999,18.5969],[-90.72956,18.5968],[-90.72943,18.59731],[-90.72924,18.59805],[-90.72922,18.59812],[-90.7282,18.59794],[-90.7271,18.59776],[-90.72694,18.59774],[-90.72668,18.5977],[-90.7266,18.59766],[-90.72651,18.59766],[-90.7263,18.59765],[-90.72614,18.59768],[-90.72592,18.59774],[-90.72575,18.59788],[-90.72561,18.59806],[-90.72531,18.59853],[-90.72489,18.59937],[-90.72467,18.59969],[-90.72421,18.60034],[-90.7224,18.60243],[-90.72197,18.60293],[-90.72194,18.60296],[-90.72193,18.60296],[-90.72158,18.60337],[-90.72117,18.60384]]]}},{"type":"Feature","properties":{"cvegeo":"0400900010061","cve_ent":"04","fuente":"INEGI — Marco Geoestadístico 2024","fecha_corte":"2024-08","cve_mun":"04009","cve_ageb":"0061","cve_loc":"0001"},"geometry":{"type":"Polygon","coordinates":[[[-90.74487,18.61421],[-90.74595,18.6143],[-90.74703,18.61444],[-90.74808,18.61459],[-90.74817,18.61421],[-90.74829,18.61397],[-90.7486,18.61335],[-90.74908,18.61228],[-90.74943,18.61188],[-90.75024,18.61111],[-90.75096,18.61183],[-90.7516,18.61247],[-90.75236,18.61323],[-90.75274,18.61361],[-90.7528,18.61116],[-90.75285,18.61013],[-90.75285,18.61011],[-90.75289,18.60908],[-90.75289,18.60908],[-90.75379,18.60916],[-90.7547,18.60924],[-90.75475,18.60955],[-90.75475,18.60955],[-90.75656,18.60966],[-90.76015,18.60988],[-90.76042,18.6086],[-90.76013,18.60857],[-90.75963,18.60853],[-90.75799,18.60838],[-90.75682,18.60826],[-90.75569,18.60813],[-90.75318,18.60783],[-90.75213,18.60771],[-90.75187,18.60768],[-90.75086,18.60754],[-90.75012,18.60741],[-90.74981,18.60735],[-90.74856,18.6072],[-90.74804,18.60714],[-90.74678,18.60698],[-90.7458,18.60685],[-90.74433,18.60667],[-90.74396,18.60663],[-90.74325,18.60654],[-90.74217,18.60641],[-90.74115,18.60629],[-90.74014,18.60617],[-90.73906,18.60604],[-90.73877,18.60601],[-90.73774,18.60589],[-90.73768,18.60637],[-90.73775,18.60638],[-90.73788,18.60661],[-90.73793,18.60664],[-90.73797,18.60668],[-90.7379,18.60675],[-90.73788,18.60676],[-90.73855,18.60765],[-90.73921,18.60847],[-90.73984,18.6093],[-90.7405,18.61011],[-90.74113,18.61092],[-90.74178,18.61173],[-90.74253,18.61266],[-90.74285,18.61304],[-90.74277,18.61404],[-90.74393,18.61413],[-90.74487,18.61421]]]}},{"type":"Feature","properties":{"cvegeo":"0400900010502","cve_ent":"04","fuente":"INEGI — Marco Geoestadístico 2024","fecha_corte":"2024-08","cve_mun":"04009","cve_ageb":"0502","cve_loc":"0001"},"geometry":{"type":"Polygon","coordinates":[[[-90.7282,18.59794],[-90.72922,18.59812],[-90.72924,18.59805],[-90.72943,18.59731],[-90.72956,18.5968],[-90.72999,18.5969],[-90.73035,18.59583],[-90.73058,18.59542],[-90.72974,18.59515],[-90.72974,18.59514],[-90.72974,18.59515],[-90.72937,18.59604],[-90.72937,18.59604],[-90.72937,18.59604],[-90.72916,18.59598],[-90.72916,18.59598],[-90.72916,18.59598],[-90.72912,18.59611],[-90.72912,18.59611],[-90.72911,18.5961],[-90.72862,18.59599],[-90.72861,18.59599],[-90.72861,18.59599],[-90.72838,18.59709],[-90.72838,18.59709],[-90.72821,18.59706],[-90.72814,18.5976],[-90.72826,18.59762],[-90.7282,18.59794]]]}},{"type":"Feature","properties":{"cvegeo":"040090001070A","cve_ent":"04","fuente":"INEGI — Marco Geoestadístico 2024","fecha_corte":"2024-08","cve_mun":"04009","cve_ageb":"070A","cve_loc":"0001"},"geometry":{"type":"Polygon","coordinates":[[[-90.7266,18.59766],[-90.72668,18.5977],[-90.72694,18.59774],[-90.7271,18.59776],[-90.7282,18.59794],[-90.72826,18.59762],[-90.72814,18.5976],[-90.72821,18.59706],[-90.72766,18.59694],[-90.72703,18.59682],[-90.72638,18.59668],[-90.72638,18.59668],[-90.72628,18.59722],[-90.7266,18.59729],[-90.7266,18.59766]]]}},{"type":"Feature","properties":{"cvegeo":"0400900010663","cve_ent":"04","fuente":"INEGI — Marco Geoestadístico 2024","fecha_corte":"2024-08","cve_mun":"04009","cve_ageb":"0663","cve_loc":"0001"},"geometry":{"type":"Polygon","coordinates":[[[-90.72455,18.61777],[-90.72437,18.61784],[-90.72478,18.61813],[-90.72514,18.61835],[-90.72566,18.6175],[-90.72546,18.61736],[-90.7257,18.6164],[-90.72462,18.61631],[-90.72382,18.61622],[-90.72382,18.61622],[-90.72382,18.61625],[-90.72382,18.61649],[-90.72381,18.61667],[-90.7245,18.61688],[-90.72444,18.61714],[-90.72444,18.6172],[-90.72446,18.61726],[-90.72463,18.6173],[-90.72469,18.6173],[-90.72455,18.61777]]]}},{"type":"Feature","properties":{"cvegeo":"0400900010057","cve_ent":"04","fuente":"INEGI — Marco Geoestadístico 2024","fecha_corte":"2024-08","cve_mun":"04009","cve_ageb":"0057","cve_loc":"0001"},"geometry":{"type":"Polygon","coordinates":[[[-90.72281,18.61296],[-90.72383,18.61308],[-90.72491,18.61322],[-90.72504,18.61221],[-90.72518,18.61119],[-90.7253,18.61024],[-90.72542,18.60938],[-90.72543,18.60932],[-90.72547,18.60911],[-90.72553,18.6087],[-90.72557,18.6083],[-90.72594,18.60835],[-90.72602,18.60739],[-90.72603,18.60736],[-90.72608,18.6062],[-90.72617,18.60511],[-90.72623,18.60458],[-90.72513,18.60444],[-90.72407,18.60432],[-90.72318,18.6042],[-90.72301,18.60417],[-90.72117,18.60384],[-90.72117,18.60384],[-90.72094,18.60415],[-90.72084,18.60448],[-90.72128,18.60455],[-90.72114,18.60562],[-90.72096,18.60682],[-90.72081,18.60784],[-90.7208,18.60787],[-90.7208,18.60787],[-90.72066,18.60884],[-90.72053,18.60956],[-90.72037,18.61059],[-90.72021,18.61166],[-90.72003,18.61277],[-90.72003,18.61277],[-90.72116,18.61289],[-90.72173,18.6129],[-90.72174,18.61283],[-90.72281,18.61296]]]}},{"type":"Feature","properties":{"cvegeo":"0400900010521","cve_ent":"04","fuente":"INEGI — Marco Geoestadístico 2024","fecha_corte":"2024-08","cve_mun":"04009","cve_ageb":"0521","cve_loc":"0001"},"geometry":{"type":"Polygon","coordinates":[[[-90.73187,18.61913],[-90.73187,18.61913],[-90.73259,18.61926],[-90.73259,18.61926],[-90.73265,18.61873],[-90.73365,18.61892],[-90.73373,18.61845],[-90.73492,18.61856],[-90.73558,18.61858],[-90.73564,18.61829],[-90.73586,18.61734],[-90.73613,18.61617],[-90.7363,18.61545],[-90.73526,18.61523],[-90.73431,18.61504],[-90.73329,18.61484],[-90.73235,18.61445],[-90.73227,18.61442],[-90.73225,18.61442],[-90.73158,18.61434],[-90.73145,18.61433],[-90.73132,18.61533],[-90.73117,18.61642],[-90.73112,18.61669],[-90.73106,18.61695],[-90.73098,18.6172],[-90.73089,18.61744],[-90.73078,18.61768],[-90.73067,18.61792],[-90.73053,18.61814],[-90.73047,18.61825],[-90.7306,18.61828],[-90.73085,18.61834],[-90.73077,18.6189],[-90.73187,18.61913]]]}},{"type":"Feature","properties":{"cvegeo":"0400900010818","cve_ent":"04","fuente":"INEGI — Marco Geoestadístico 2024","fecha_corte":"2024-08","cve_mun":"04009","cve_ageb":"0818","cve_loc":"0001"},"geometry":{"type":"Polygon","coordinates":[[[-90.76195,18.59787],[-90.76187,18.59845],[-90.76181,18.59884],[-90.76178,18.59909],[-90.76163,18.60005],[-90.76288,18.6003],[-90.76443,18.6006],[-90.76455,18.60034],[-90.76475,18.59982],[-90.76478,18.59944],[-90.76479,18.59908],[-90.76479,18.59907],[-90.76467,18.59814],[-90.76466,18.59809],[-90.76463,18.59799],[-90.7632,18.5979],[-90.76195,18.59787]]]}},{"type":"Feature","properties":{"cvegeo":"0400900010108","cve_ent":"04","fuente":"INEGI — Marco Geoestadístico 2024","fecha_corte":"2024-08","cve_mun":"04009","cve_ageb":"0108","cve_loc":"0001"},"geometry":{"type":"Polygon","coordinates":[[[-90.75847,18.60656],[-90.75896,18.60423],[-90.75842,18.60417],[-90.75717,18.60404],[-90.75636,18.604],[-90.7564,18.60369],[-90.75645,18.60266],[-90.75654,18.60163],[-90.75663,18.60056],[-90.75668,18.59994],[-90.75513,18.59965],[-90.75518,18.59849],[-90.75406,18.59831],[-90.75302,18.59815],[-90.75233,18.59805],[-90.75224,18.59908],[-90.75213,18.6],[-90.75123,18.59987],[-90.7512,18.60083],[-90.75116,18.60179],[-90.75112,18.60283],[-90.75106,18.60423],[-90.75102,18.60525],[-90.75207,18.60545],[-90.7533,18.60565],[-90.75334,18.60655],[-90.75334,18.60667],[-90.75318,18.60783],[-90.75569,18.60813],[-90.75682,18.60826],[-90.75799,18.60838],[-90.75814,18.60795],[-90.75824,18.60761],[-90.75831,18.60729],[-90.75847,18.60656]]]}},{"type":"Feature","properties":{"cvegeo":"0400900010146","cve_ent":"04","fuente":"INEGI — Marco Geoestadístico 2024","fecha_corte":"2024-08","cve_mun":"04009","cve_ageb":"0146","cve_loc":"0001"},"geometry":{"type":"Polygon","coordinates":[[[-90.74062,18.59257],[-90.74138,18.59271],[-90.74118,18.59366],[-90.74224,18.59381],[-90.74336,18.59398],[-90.74345,18.59345],[-90.74352,18.59305],[-90.7437,18.59197],[-90.74267,18.59175],[-90.74162,18.59152],[-90.74077,18.59134],[-90.73974,18.59112],[-90.73996,18.59012],[-90.74012,18.58926],[-90.74011,18.58906],[-90.74011,18.58895],[-90.73957,18.58942],[-90.73888,18.59015],[-90.7384,18.59071],[-90.73772,18.59173],[-90.73767,18.5918],[-90.73767,18.59181],[-90.73718,18.59263],[-90.73718,18.59263],[-90.73722,18.59263],[-90.73942,18.5934],[-90.73956,18.5924],[-90.74062,18.59257]]]}},{"type":"Feature","properties":{"cvegeo":"040090001049A","cve_ent":"04","fuente":"INEGI — Marco Geoestadístico 2024","fecha_corte":"2024-08","cve_mun":"04009","cve_ageb":"049A","cve_loc":"0001"},"geometry":{"type":"Polygon","coordinates":[[[-90.7601,18.59701],[-90.76001,18.59781],[-90.76195,18.59787],[-90.76204,18.59716],[-90.76139,18.5971],[-90.7601,18.59701]]]}},{"type":"Feature","properties":{"cvegeo":"0400900010517","cve_ent":"04","fuente":"INEGI — Marco Geoestadístico 2024","fecha_corte":"2024-08","cve_mun":"04009","cve_ageb":"0517","cve_loc":"0001"},"geometry":{"type":"Polygon","coordinates":[[[-90.7257,18.6164],[-90.72673,18.61653],[-90.72691,18.61556],[-90.72586,18.61545],[-90.72609,18.61443],[-90.72632,18.61339],[-90.72491,18.61322],[-90.72383,18.61308],[-90.72281,18.61296],[-90.72266,18.61405],[-90.72266,18.61405],[-90.72368,18.61415],[-90.72475,18.61433],[-90.72462,18.61532],[-90.72479,18.61534],[-90.72462,18.61631],[-90.7257,18.6164]]]}},{"type":"Feature","properties":{"cvegeo":"0400900010697","cve_ent":"04","fuente":"INEGI — Marco Geoestadístico 2024","fecha_corte":"2024-08","cve_mun":"04009","cve_ageb":"0697","cve_loc":"0001"},"geometry":{"type":"Polygon","coordinates":[[[-90.76204,18.59716],[-90.76195,18.59787],[-90.7632,18.5979],[-90.76463,18.59799],[-90.76463,18.59799],[-90.76465,18.59793],[-90.76449,18.59668],[-90.76449,18.59668],[-90.76216,18.59634],[-90.76204,18.59716]]]}},{"type":"Feature","properties":{"cvegeo":"0400900010485","cve_ent":"04","fuente":"INEGI — Marco Geoestadístico 2024","fecha_corte":"2024-08","cve_mun":"04009","cve_ageb":"0485","cve_loc":"0001"},"geometry":{"type":"Polygon","coordinates":[[[-90.75123,18.59987],[-90.75213,18.6],[-90.75224,18.59908],[-90.75233,18.59805],[-90.75302,18.59815],[-90.75406,18.59831],[-90.75518,18.59849],[-90.75513,18.59965],[-90.75668,18.59994],[-90.75679,18.59864],[-90.75776,18.59867],[-90.75881,18.59878],[-90.75895,18.5979],[-90.75975,18.59798],[-90.75981,18.59782],[-90.76001,18.59781],[-90.7601,18.59701],[-90.76015,18.59652],[-90.75995,18.59648],[-90.76011,18.59516],[-90.7583,18.59494],[-90.75671,18.59459],[-90.75664,18.59554],[-90.7566,18.59561],[-90.75538,18.59547],[-90.75423,18.59537],[-90.75423,18.59517],[-90.75279,18.59501],[-90.75246,18.59546],[-90.75234,18.59544],[-90.7516,18.59549],[-90.75173,18.59625],[-90.75162,18.59625],[-90.75171,18.59724],[-90.74992,18.59691],[-90.7485,18.59661],[-90.75141,18.59352],[-90.7437,18.59197],[-90.74352,18.59305],[-90.74345,18.59345],[-90.74336,18.59398],[-90.74317,18.59504],[-90.74298,18.5961],[-90.74281,18.5971],[-90.74264,18.59797],[-90.74314,18.59777],[-90.7437,18.59783],[-90.74445,18.59796],[-90.74545,18.59814],[-90.74734,18.59852],[-90.74841,18.59872],[-90.74888,18.5988],[-90.74951,18.59892],[-90.75024,18.59905],[-90.75019,18.59972],[-90.75123,18.59987]]]}},{"type":"Feature","properties":{"cvegeo":"0400900010042","cve_ent":"04","fuente":"INEGI — Marco Geoestadístico 2024","fecha_corte":"2024-08","cve_mun":"04009","cve_ageb":"0042","cve_loc":"0001"},"geometry":{"type":"Polygon","coordinates":[[[-90.7268,18.61888],[-90.72698,18.61908],[-90.72873,18.61982],[-90.72892,18.61987],[-90.72934,18.61953],[-90.72957,18.61934],[-90.72974,18.61916],[-90.73002,18.61887],[-90.73043,18.61832],[-90.73047,18.61825],[-90.73053,18.61814],[-90.73067,18.61792],[-90.73078,18.61768],[-90.73089,18.61744],[-90.73098,18.6172],[-90.73106,18.61695],[-90.73112,18.61669],[-90.73117,18.61642],[-90.73132,18.61533],[-90.73145,18.61433],[-90.7317,18.61245],[-90.73174,18.61193],[-90.73178,18.61153],[-90.73184,18.61104],[-90.73191,18.61049],[-90.73204,18.60912],[-90.73179,18.60903],[-90.73021,18.60884],[-90.73035,18.60782],[-90.72936,18.60771],[-90.72833,18.6076],[-90.72847,18.60647],[-90.72856,18.60537],[-90.72848,18.60536],[-90.72863,18.60482],[-90.72847,18.60481],[-90.72885,18.60381],[-90.72756,18.6036],[-90.72745,18.6036],[-90.72634,18.60341],[-90.72623,18.60458],[-90.72617,18.60511],[-90.72608,18.6062],[-90.72603,18.60736],[-90.72602,18.60739],[-90.72594,18.60835],[-90.72557,18.6083],[-90.72553,18.6087],[-90.72547,18.60911],[-90.72543,18.60932],[-90.72542,18.60938],[-90.7253,18.61024],[-90.72518,18.61119],[-90.72504,18.61221],[-90.72491,18.61322],[-90.72632,18.61339],[-90.72609,18.61443],[-90.72586,18.61545],[-90.72691,18.61556],[-90.72673,18.61653],[-90.7257,18.6164],[-90.72546,18.61736],[-90.72566,18.6175],[-90.72514,18.61835],[-90.72553,18.61859],[-90.72592,18.61884],[-90.72636,18.61914],[-90.72665,18.61874],[-90.7268,18.61888]]]}},{"type":"Feature","properties":{"cvegeo":"0400900010131","cve_ent":"04","fuente":"INEGI — Marco Geoestadístico 2024","fecha_corte":"2024-08","cve_mun":"04009","cve_ageb":"0131","cve_loc":"0001"},"geometry":{"type":"Polygon","coordinates":[[[-90.73986,18.60048],[-90.73971,18.6015],[-90.7408,18.60163],[-90.74202,18.60178],[-90.74297,18.6019],[-90.74386,18.602],[-90.74492,18.60212],[-90.74672,18.6023],[-90.74772,18.6024],[-90.74753,18.60341],[-90.74863,18.60357],[-90.74855,18.60402],[-90.74836,18.605],[-90.74996,18.60514],[-90.74992,18.60605],[-90.74992,18.60629],[-90.75096,18.6064],[-90.75096,18.60636],[-90.75102,18.60525],[-90.75106,18.60423],[-90.75112,18.60283],[-90.75116,18.60179],[-90.7512,18.60083],[-90.75123,18.59987],[-90.75019,18.59972],[-90.75024,18.59905],[-90.74951,18.59892],[-90.74888,18.5988],[-90.74841,18.59872],[-90.74734,18.59852],[-90.74545,18.59814],[-90.74445,18.59796],[-90.7437,18.59783],[-90.74314,18.59777],[-90.74264,18.59797],[-90.7419,18.59792],[-90.74153,18.59795],[-90.74136,18.59801],[-90.7407,18.59826],[-90.74018,18.5984],[-90.74017,18.59849],[-90.7401,18.59895],[-90.74001,18.59948],[-90.73986,18.60048]]]}},{"type":"Feature","properties":{"cvegeo":"0400900010856","cve_ent":"04","fuente":"INEGI — Marco Geoestadístico 2024","fecha_corte":"2024-08","cve_mun":"04009","cve_ageb":"0856","cve_loc":"0001"},"geometry":{"type":"Polygon","coordinates":[[[-90.72901,18.61989],[-90.73072,18.62112],[-90.73062,18.6213],[-90.73108,18.62153],[-90.73108,18.62153],[-90.73137,18.62103],[-90.73187,18.61913],[-90.73077,18.6189],[-90.73085,18.61834],[-90.7306,18.61828],[-90.73047,18.61825],[-90.73043,18.61832],[-90.73002,18.61887],[-90.72974,18.61916],[-90.72957,18.61934],[-90.72934,18.61953],[-90.72892,18.61987],[-90.72901,18.61989]]]}},{"type":"Feature","properties":{"cvegeo":"0400900010907","cve_ent":"04","fuente":"INEGI — Marco Geoestadístico 2024","fecha_corte":"2024-08","cve_mun":"04009","cve_ageb":"0907","cve_loc":"0001"},"geometry":{"type":"Polygon","coordinates":[[[-90.75686,18.61577],[-90.75674,18.6166],[-90.75712,18.61659],[-90.75749,18.6166],[-90.75787,18.61659],[-90.75823,18.61657],[-90.75835,18.61602],[-90.75837,18.61591],[-90.75828,18.6159],[-90.758,18.61585],[-90.75762,18.61581],[-90.75734,18.6158],[-90.75723,18.61579],[-90.75687,18.61577],[-90.75686,18.61577]]]}},{"type":"Feature","properties":{"cvegeo":"040090002088A","cve_ent":"04","fuente":"INEGI — Marco Geoestadístico 2024","fecha_corte":"2024-08","cve_mun":"04009","cve_ageb":"088A","cve_loc":"0002"},"geometry":{"type":"Polygon","coordinates":[[[-90.75854,18.53056],[-90.75886,18.53069],[-90.75916,18.5299],[-90.75883,18.52978],[-90.75854,18.53056]]]}},{"type":"Feature","properties":{"cvegeo":"0400900020875","cve_ent":"04","fuente":"INEGI — Marco Geoestadístico 2024","fecha_corte":"2024-08","cve_mun":"04009","cve_ageb":"0875","cve_loc":"0002"},"geometry":{"type":"Polygon","coordinates":[[[-90.75767,18.5329],[-90.75796,18.53302],[-90.75827,18.53225],[-90.75795,18.53212],[-90.75767,18.5329]]]}},{"type":"Feature","properties":{"cvegeo":"040090002056A","cve_ent":"04","fuente":"INEGI — Marco Geoestadístico 2024","fecha_corte":"2024-08","cve_mun":"04009","cve_ageb":"056A","cve_loc":"0002"},"geometry":{"type":"Polygon","coordinates":[[[-90.76625,18.53566],[-90.76597,18.53642],[-90.76676,18.53676],[-90.76704,18.53601],[-90.76625,18.53566]]]}},{"type":"Feature","properties":{"cvegeo":"0400900020589","cve_ent":"04","fuente":"INEGI — Marco Geoestadístico 2024","fecha_corte":"2024-08","cve_mun":"04009","cve_ageb":"0589","cve_loc":"0002"},"geometry":{"type":"Polygon","coordinates":[[[-90.77156,18.53144],[-90.7719,18.53068],[-90.7722,18.5299],[-90.77255,18.52912],[-90.77288,18.52831],[-90.77337,18.5285],[-90.77367,18.52773],[-90.7748,18.52818],[-90.77542,18.5265],[-90.77522,18.52656],[-90.7751,18.52654],[-90.77498,18.52664],[-90.77487,18.5267],[-90.77457,18.52691],[-90.77436,18.52707],[-90.77427,18.52716],[-90.77415,18.52729],[-90.77398,18.52743],[-90.77372,18.52759],[-90.77356,18.52767],[-90.77345,18.52763],[-90.77317,18.52753],[-90.77234,18.5272],[-90.77152,18.52686],[-90.77071,18.5265],[-90.77039,18.52728],[-90.7701,18.52809],[-90.76981,18.5289],[-90.76953,18.52965],[-90.76923,18.53045],[-90.77001,18.53077],[-90.76967,18.53158],[-90.77049,18.53191],[-90.77128,18.53224],[-90.77156,18.53144]]]}},{"type":"Feature","properties":{"cvegeo":"0400900020409","cve_ent":"04","fuente":"INEGI — Marco Geoestadístico 2024","fecha_corte":"2024-08","cve_mun":"04009","cve_ageb":"0409","cve_loc":"0002"},"geometry":{"type":"Polygon","coordinates":[[[-90.75944,18.52819],[-90.75912,18.52901],[-90.75883,18.52978],[-90.75916,18.5299],[-90.75998,18.53025],[-90.76077,18.53058],[-90.76156,18.53093],[-90.76236,18.53127],[-90.76274,18.53142],[-90.76315,18.5316],[-90.76395,18.53195],[-90.76473,18.53229],[-90.76551,18.53264],[-90.76583,18.53185],[-90.76615,18.53107],[-90.76649,18.53023],[-90.76678,18.5294],[-90.76708,18.52863],[-90.76627,18.5283],[-90.76547,18.52797],[-90.76468,18.52764],[-90.76389,18.5273],[-90.76308,18.52697],[-90.76229,18.52664],[-90.76151,18.52631],[-90.76071,18.52598],[-90.76041,18.52675],[-90.76009,18.52755],[-90.75976,18.5274],[-90.75944,18.52819]]]}},{"type":"Feature","properties":{"cvegeo":"0400900020428","cve_ent":"04","fuente":"INEGI — Marco Geoestadístico 2024","fecha_corte":"2024-08","cve_mun":"04009","cve_ageb":"0428","cve_loc":"0002"},"geometry":{"type":"Polygon","coordinates":[[[-90.75924,18.53673],[-90.76009,18.53702],[-90.76091,18.53731],[-90.76177,18.53755],[-90.76381,18.53834],[-90.76394,18.53825],[-90.76394,18.53825],[-90.76354,18.53669],[-90.76343,18.53618],[-90.76317,18.53521],[-90.7635,18.53538],[-90.76437,18.53575],[-90.76466,18.53496],[-90.76494,18.53422],[-90.76525,18.53339],[-90.76551,18.53264],[-90.76473,18.53229],[-90.76395,18.53195],[-90.76315,18.5316],[-90.76274,18.53142],[-90.76236,18.53127],[-90.76206,18.53204],[-90.76176,18.53283],[-90.76147,18.5336],[-90.76115,18.53438],[-90.76082,18.53518],[-90.76052,18.53595],[-90.75969,18.53562],[-90.75948,18.53601],[-90.75924,18.53673]]]}},{"type":"Feature","properties":{"cvegeo":"0400900020574","cve_ent":"04","fuente":"INEGI — Marco Geoestadístico 2024","fecha_corte":"2024-08","cve_mun":"04009","cve_ageb":"0574","cve_loc":"0002"},"geometry":{"type":"Polygon","coordinates":[[[-90.76394,18.53825],[-90.77009,18.54035],[-90.77081,18.53849],[-90.77076,18.53847],[-90.77134,18.53695],[-90.77168,18.53611],[-90.77196,18.53543],[-90.77233,18.53456],[-90.77233,18.53455],[-90.7727,18.53368],[-90.77301,18.53294],[-90.77212,18.53258],[-90.77136,18.53228],[-90.77128,18.53224],[-90.77049,18.53191],[-90.77035,18.53235],[-90.77021,18.53274],[-90.76936,18.53238],[-90.76858,18.53205],[-90.76776,18.53174],[-90.76742,18.53252],[-90.76711,18.5333],[-90.76793,18.53368],[-90.76874,18.53406],[-90.76844,18.53478],[-90.76764,18.53443],[-90.76732,18.53526],[-90.76704,18.53601],[-90.76676,18.53676],[-90.76597,18.53642],[-90.76517,18.53609],[-90.76437,18.53575],[-90.7635,18.53538],[-90.76317,18.53521],[-90.76343,18.53618],[-90.76354,18.53669],[-90.76394,18.53825]]]}},{"type":"Feature","properties":{"cvegeo":"0400900020894","cve_ent":"04","fuente":"INEGI — Marco Geoestadístico 2024","fecha_corte":"2024-08","cve_mun":"04009","cve_ageb":"0894","cve_loc":"0002"},"geometry":{"type":"Polygon","coordinates":[[[-90.7607,18.52507],[-90.76042,18.52581],[-90.76042,18.52581],[-90.76071,18.52598],[-90.76097,18.52526],[-90.76104,18.52519],[-90.76134,18.52441],[-90.76162,18.52363],[-90.76128,18.52348],[-90.7607,18.52507]]]}},{"type":"Feature","properties":{"cvegeo":"0400900020432","cve_ent":"04","fuente":"INEGI — Marco Geoestadístico 2024","fecha_corte":"2024-08","cve_mun":"04009","cve_ageb":"0432","cve_loc":"0002"},"geometry":{"type":"Polygon","coordinates":[[[-90.75803,18.53637],[-90.75848,18.53651],[-90.75924,18.53673],[-90.75948,18.53601],[-90.75969,18.53562],[-90.76052,18.53595],[-90.76082,18.53518],[-90.76115,18.53438],[-90.76147,18.5336],[-90.76176,18.53283],[-90.76206,18.53204],[-90.76236,18.53127],[-90.76156,18.53093],[-90.76077,18.53058],[-90.75998,18.53025],[-90.75916,18.5299],[-90.75886,18.53069],[-90.75854,18.53056],[-90.75795,18.53212],[-90.75827,18.53225],[-90.75796,18.53302],[-90.75794,18.53307],[-90.75779,18.53345],[-90.75779,18.53346],[-90.75773,18.5336],[-90.75759,18.53355],[-90.75719,18.5346],[-90.75733,18.53465],[-90.75703,18.53543],[-90.7568,18.53602],[-90.7578,18.53634],[-90.75803,18.53637]]]}},{"type":"Feature","properties":{"cvegeo":"0400900010466","cve_ent":"04","fuente":"INEGI — Marco Geoestadístico 2024","fecha_corte":"2024-08","cve_mun":"04009","cve_ageb":"0466","cve_loc":"0001"},"geometry":{"type":"Polygon","coordinates":[[[-90.74228,18.61906],[-90.7421,18.62165],[-90.74562,18.62214],[-90.74562,18.62214],[-90.74499,18.62006],[-90.74508,18.61829],[-90.74443,18.61824],[-90.74454,18.61723],[-90.74457,18.61719],[-90.74467,18.61632],[-90.74468,18.61626],[-90.74476,18.61522],[-90.74487,18.61421],[-90.74393,18.61413],[-90.74277,18.61404],[-90.74285,18.61304],[-90.74253,18.61266],[-90.74165,18.61323],[-90.74078,18.6138],[-90.73985,18.61435],[-90.73901,18.61485],[-90.73892,18.6149],[-90.73866,18.61506],[-90.73836,18.6149],[-90.7376,18.61473],[-90.73653,18.61448],[-90.7363,18.61545],[-90.73613,18.61617],[-90.73586,18.61734],[-90.73564,18.61829],[-90.73558,18.61858],[-90.73602,18.61862],[-90.73673,18.61865],[-90.73673,18.61865],[-90.73675,18.61852],[-90.73675,18.61852],[-90.73778,18.61863],[-90.73781,18.61863],[-90.73898,18.6188],[-90.73981,18.61889],[-90.74067,18.61899],[-90.74067,18.61899],[-90.7409,18.619],[-90.74223,18.61906],[-90.74228,18.61906],[-90.74228,18.61906]]]}},{"type":"Feature","properties":{"cvegeo":"0400900020678","cve_ent":"04","fuente":"INEGI — Marco Geoestadístico 2024","fecha_corte":"2024-08","cve_mun":"04009","cve_ageb":"0678","cve_loc":"0002"},"geometry":{"type":"Polygon","coordinates":[[[-90.76128,18.52348],[-90.76162,18.52363],[-90.76192,18.52286],[-90.76222,18.52207],[-90.76252,18.52131],[-90.76283,18.52049],[-90.76313,18.51974],[-90.76282,18.5196],[-90.76251,18.52035],[-90.7622,18.52114],[-90.76192,18.52194],[-90.76162,18.52274],[-90.76128,18.52348]]]}},{"type":"Feature","properties":{"cvegeo":"0400900020451","cve_ent":"04","fuente":"INEGI — Marco Geoestadístico 2024","fecha_corte":"2024-08","cve_mun":"04009","cve_ageb":"0451","cve_loc":"0002"},"geometry":{"type":"Polygon","coordinates":[[[-90.76282,18.5196],[-90.76313,18.51974],[-90.76283,18.52049],[-90.76252,18.52131],[-90.76222,18.52207],[-90.76192,18.52286],[-90.76271,18.52318],[-90.76351,18.52351],[-90.76432,18.52386],[-90.7651,18.52418],[-90.7659,18.52452],[-90.76621,18.52372],[-90.76653,18.52291],[-90.76683,18.52213],[-90.76713,18.52135],[-90.76745,18.52054],[-90.76745,18.52054],[-90.76661,18.52023],[-90.76582,18.51995],[-90.765,18.51972],[-90.76446,18.51949],[-90.76417,18.51939],[-90.76303,18.51901],[-90.76282,18.5196]]]}},{"type":"Feature","properties":{"cvegeo":"0400900020447","cve_ent":"04","fuente":"INEGI — Marco Geoestadístico 2024","fecha_corte":"2024-08","cve_mun":"04009","cve_ageb":"0447","cve_loc":"0002"},"geometry":{"type":"Polygon","coordinates":[[[-90.76653,18.52291],[-90.76621,18.52372],[-90.7659,18.52452],[-90.7667,18.52484],[-90.76747,18.52516],[-90.7683,18.5255],[-90.76913,18.52586],[-90.76991,18.52619],[-90.77071,18.5265],[-90.77152,18.52686],[-90.77234,18.5272],[-90.77317,18.52753],[-90.77345,18.52763],[-90.77356,18.52767],[-90.77372,18.52759],[-90.77398,18.52743],[-90.77415,18.52729],[-90.77427,18.52716],[-90.77436,18.52707],[-90.77457,18.52691],[-90.77487,18.5267],[-90.77498,18.52664],[-90.7751,18.52654],[-90.77522,18.52656],[-90.77542,18.5265],[-90.77567,18.52577],[-90.77601,18.52493],[-90.77645,18.52379],[-90.77645,18.52379],[-90.77645,18.52379],[-90.77562,18.52349],[-90.77518,18.52332],[-90.77493,18.52326],[-90.77474,18.5234],[-90.77311,18.5228],[-90.77233,18.52248],[-90.77146,18.52215],[-90.77064,18.52183],[-90.77031,18.52171],[-90.76984,18.52154],[-90.76907,18.52122],[-90.76866,18.52104],[-90.76824,18.52089],[-90.768,18.52077],[-90.76745,18.52054],[-90.76713,18.52135],[-90.76683,18.52213],[-90.76653,18.52291]]]}},{"type":"Feature","properties":{"cvegeo":"040090002017A","cve_ent":"04","fuente":"INEGI — Marco Geoestadístico 2024","fecha_corte":"2024-08","cve_mun":"04009","cve_ageb":"017A","cve_loc":"0002"},"geometry":{"type":"Polygon","coordinates":[[[-90.76437,18.53575],[-90.76517,18.53609],[-90.76597,18.53642],[-90.76625,18.53566],[-90.76704,18.53601],[-90.76732,18.53526],[-90.76764,18.53443],[-90.76844,18.53478],[-90.76874,18.53406],[-90.76793,18.53368],[-90.76711,18.5333],[-90.76742,18.53252],[-90.76776,18.53174],[-90.76858,18.53205],[-90.76936,18.53238],[-90.77021,18.53274],[-90.77035,18.53235],[-90.77049,18.53191],[-90.76967,18.53158],[-90.77001,18.53077],[-90.76923,18.53045],[-90.76953,18.52965],[-90.76981,18.5289],[-90.7701,18.52809],[-90.77039,18.52728],[-90.77071,18.5265],[-90.76991,18.52619],[-90.76913,18.52586],[-90.7683,18.5255],[-90.76797,18.52627],[-90.76769,18.52709],[-90.76738,18.52788],[-90.76708,18.52863],[-90.76678,18.5294],[-90.76649,18.53023],[-90.76615,18.53107],[-90.76583,18.53185],[-90.76551,18.53264],[-90.76525,18.53339],[-90.76494,18.53422],[-90.76466,18.53496],[-90.76437,18.53575]]]}},{"type":"Feature","properties":{"cvegeo":"0400900010841","cve_ent":"04","fuente":"INEGI — Marco Geoestadístico 2024","fecha_corte":"2024-08","cve_mun":"04009","cve_ageb":"0841","cve_loc":"0001"},"geometry":{"type":"Polygon","coordinates":[[[-90.75815,18.62566],[-90.75856,18.62569],[-90.75856,18.62567],[-90.75862,18.62534],[-90.75862,18.62533],[-90.75872,18.62509],[-90.75879,18.62493],[-90.75894,18.62453],[-90.75894,18.62453],[-90.75894,18.62453],[-90.75888,18.62441],[-90.75889,18.62421],[-90.75891,18.62404],[-90.75896,18.6239],[-90.75905,18.62325],[-90.75905,18.62325],[-90.75905,18.62322],[-90.75911,18.62275],[-90.75911,18.62275],[-90.75921,18.62231],[-90.75921,18.62231],[-90.75972,18.6202],[-90.75972,18.6202],[-90.75986,18.61936],[-90.75986,18.61936],[-90.75992,18.61894],[-90.75996,18.61864],[-90.75997,18.6185],[-90.76004,18.61804],[-90.76014,18.61766],[-90.76117,18.61767],[-90.76133,18.61679],[-90.76136,18.61671],[-90.76238,18.61672],[-90.76247,18.61624],[-90.76144,18.61626],[-90.7614,18.61628],[-90.76038,18.61626],[-90.76031,18.61635],[-90.76024,18.61633],[-90.75993,18.61628],[-90.75989,18.61627],[-90.75952,18.61621],[-90.75914,18.61615],[-90.75875,18.61608],[-90.75867,18.61607],[-90.75838,18.61602],[-90.75835,18.61602],[-90.75823,18.61657],[-90.75787,18.61659],[-90.75749,18.6166],[-90.75712,18.61659],[-90.75674,18.6166],[-90.75627,18.61658],[-90.755,18.61642],[-90.75499,18.61642],[-90.75499,18.61642],[-90.75594,18.61577],[-90.75594,18.61577],[-90.75594,18.61577],[-90.75589,18.61559],[-90.75345,18.61531],[-90.75271,18.61511],[-90.75271,18.61511],[-90.75242,18.61513],[-90.75242,18.61513],[-90.75242,18.61513],[-90.75242,18.61513],[-90.7527,18.61544],[-90.75338,18.6162],[-90.75338,18.6162],[-90.75338,18.6162],[-90.75315,18.61619],[-90.75277,18.61613],[-90.75277,18.61613],[-90.75277,18.61613],[-90.75277,18.61613],[-90.75274,18.61707],[-90.75274,18.61707],[-90.75118,18.61697],[-90.7511,18.61698],[-90.7511,18.61698],[-90.7511,18.61698],[-90.75103,18.6179],[-90.75101,18.61795],[-90.75101,18.61795],[-90.75101,18.61795],[-90.75271,18.61809],[-90.75271,18.61809],[-90.75266,18.61886],[-90.75307,18.61892],[-90.75408,18.61901],[-90.75511,18.61911],[-90.75575,18.61916],[-90.75595,18.6191],[-90.75601,18.61917],[-90.75607,18.61925],[-90.75607,18.61925],[-90.75607,18.61951],[-90.75607,18.61951],[-90.75607,18.61951],[-90.75607,18.61951],[-90.75607,18.61951],[-90.75607,18.61951],[-90.75606,18.61967],[-90.75606,18.61967],[-90.75606,18.61967],[-90.75606,18.61967],[-90.75604,18.61996],[-90.75604,18.61996],[-90.75603,18.62019],[-90.75603,18.62019],[-90.75602,18.62039],[-90.75602,18.62039],[-90.75602,18.62039],[-90.75602,18.62039],[-90.75598,18.62069],[-90.75598,18.62069],[-90.75595,18.62085],[-90.75591,18.62122],[-90.75582,18.62158],[-90.75582,18.62158],[-90.75582,18.62158],[-90.75579,18.62203],[-90.75579,18.62203],[-90.75579,18.62203],[-90.75579,18.62203],[-90.75576,18.62248],[-90.75576,18.62248],[-90.75576,18.62248],[-90.75573,18.62288],[-90.75573,18.62288],[-90.75573,18.62288],[-90.75568,18.62359],[-90.75568,18.62359],[-90.75559,18.625],[-90.75559,18.625],[-90.75556,18.62542],[-90.75569,18.62543],[-90.75584,18.62545],[-90.75815,18.62566]]]}},{"type":"Feature","properties":{"cvegeo":"0400900020413","cve_ent":"04","fuente":"INEGI — Marco Geoestadístico 2024","fecha_corte":"2024-08","cve_mun":"04009","cve_ageb":"0413","cve_loc":"0002"},"geometry":{"type":"Polygon","coordinates":[[[-90.76151,18.52631],[-90.76229,18.52664],[-90.76308,18.52697],[-90.76389,18.5273],[-90.76468,18.52764],[-90.76547,18.52797],[-90.76627,18.5283],[-90.76708,18.52863],[-90.76738,18.52788],[-90.76769,18.52709],[-90.76797,18.52627],[-90.7683,18.5255],[-90.76747,18.52516],[-90.7667,18.52484],[-90.7659,18.52452],[-90.7651,18.52418],[-90.76432,18.52386],[-90.76351,18.52351],[-90.76271,18.52318],[-90.76192,18.52286],[-90.76162,18.52363],[-90.76134,18.52441],[-90.76104,18.52519],[-90.76097,18.52526],[-90.76071,18.52598],[-90.76151,18.52631]]]}},{"type":"Feature","properties":{"cvegeo":"0400900010911","cve_ent":"04","fuente":"INEGI — Marco Geoestadístico 2024","fecha_corte":"2024-08","cve_mun":"04009","cve_ageb":"0911","cve_loc":"0001"},"geometry":{"type":"Polygon","coordinates":[[[-90.76238,18.61672],[-90.76136,18.61671],[-90.76133,18.61679],[-90.76117,18.61767],[-90.76014,18.61766],[-90.76004,18.61804],[-90.75997,18.6185],[-90.75996,18.61864],[-90.762,18.61866],[-90.76219,18.61768],[-90.76323,18.61766],[-90.76335,18.61765],[-90.76417,18.61764],[-90.76366,18.61711],[-90.76348,18.61692],[-90.76344,18.61684],[-90.7635,18.61672],[-90.76352,18.61669],[-90.76353,18.61667],[-90.76352,18.61667],[-90.76238,18.61672]]]}},{"type":"Feature","properties":{"cvegeo":"0400900010837","cve_ent":"04","fuente":"INEGI — Marco Geoestadístico 2024","fecha_corte":"2024-08","cve_mun":"04009","cve_ageb":"0837","cve_loc":"0001"},"geometry":{"type":"Polygon","coordinates":[[[-90.74604,18.62293],[-90.74604,18.62293],[-90.74604,18.62293],[-90.74687,18.62298],[-90.74687,18.62284],[-90.74727,18.6229],[-90.74747,18.62291],[-90.74753,18.6225],[-90.74754,18.62247],[-90.74754,18.62247],[-90.74786,18.62247],[-90.74809,18.62247],[-90.74826,18.62247],[-90.74852,18.62247],[-90.74854,18.62247],[-90.74867,18.62202],[-90.74868,18.62166],[-90.74868,18.62155],[-90.74868,18.62153],[-90.7495,18.6217],[-90.74945,18.62244],[-90.74884,18.62309],[-90.74884,18.62309],[-90.74884,18.62309],[-90.75568,18.62359],[-90.75573,18.62288],[-90.75573,18.62288],[-90.75573,18.62288],[-90.75576,18.62248],[-90.75576,18.62248],[-90.75576,18.62248],[-90.75579,18.62203],[-90.75579,18.62203],[-90.75579,18.62203],[-90.75579,18.62203],[-90.75582,18.62158],[-90.75582,18.62158],[-90.75582,18.62158],[-90.75591,18.62122],[-90.75595,18.62085],[-90.75598,18.62069],[-90.75598,18.62069],[-90.75602,18.62039],[-90.75602,18.62039],[-90.75602,18.62039],[-90.75602,18.62039],[-90.75603,18.62019],[-90.75603,18.62019],[-90.75604,18.61996],[-90.75604,18.61996],[-90.75606,18.61967],[-90.75606,18.61967],[-90.75606,18.61967],[-90.75606,18.61967],[-90.75607,18.61951],[-90.75607,18.61951],[-90.75607,18.61951],[-90.75607,18.61951],[-90.75607,18.61951],[-90.75607,18.61951],[-90.75607,18.61925],[-90.75607,18.61925],[-90.75601,18.61917],[-90.75595,18.6191],[-90.75575,18.61916],[-90.75511,18.61911],[-90.75408,18.61901],[-90.75307,18.61892],[-90.75266,18.61886],[-90.75266,18.61886],[-90.75247,18.61884],[-90.75065,18.61865],[-90.7496,18.61857],[-90.74874,18.61852],[-90.74764,18.61843],[-90.74657,18.61834],[-90.74549,18.6183],[-90.74508,18.61829],[-90.74499,18.62006],[-90.74499,18.62006],[-90.74613,18.6202],[-90.7461,18.62083],[-90.74604,18.62293]]]}}]}