{"type": "FeatureCollection", "metadata": {"fuente": "INE — Encarte del Proceso Electoral Federal 2023-2024", "fecha_corte": "2024-06", "casillas_instaladas": 1230, "sitios_totales": 585, "sitios_geolocalizados": 415, "sitios_sin_coordenada": 170, "metodologia": "El encarte no publica coordenadas. Se cruza el nombre del inmueble contra el catálogo CCT de la SEP; el sitio que no cruza se queda sin geometría.", "advertencia": "Ubicaciones del proceso 2024. NO son las casillas de 2027: ésas dependen de acuerdos del INE que aún no existen.", "generado_por": "frontend/data/electoral/build_electoral.py"}, "features": [{"type": "Feature", "geometry": {"type": "Point", "coordinates": [-90.50336, 19.86748]}, "properties": {"seccion": "3", "cve_mun": "04002", "nombre_municipio": "CAMPECHE", "nombre_localidad": "SAN FRANCISCO DE CAMPECHE", "distrito_local": 1, "distrito_local_cabecera": "SAN FRANCISCO DE CAMPECHE", "distrito_federal": "SAN FRANCISCO DE CAMPECHE", "casillas": "B1", "n_casillas": 1, "tipos": "B", "ubicacion": "PRIMARIA MAESTROS CAMPECHANOS, CALLE CALETA, MANZANA A, SIN NÚMERO, UNIDAD HABITACIONAL PALMAS TERCERA, SAN FRANCISCO DE CAMPECHE, CÓDIGO POSTAL 24027, CAMPECHE, CAMPECHE, AVENIDA PEDRO SAINZ DE BARANDA Y CENTRAL DE TELMEX", "inmueble": "PRIMARIA MAESTROS CAMPECHANOS", "estatus_ubicacion": "historica", "fuente": "INE — Encarte del Proceso Electoral Federal 2023-2024", "fecha_corte": "2024-06", "cct": "04DPR0010Z", "nombre_cct": "MAESTROS CAMPECHANOS", "metodo_geo": "cruce nominal contra catálogo CCT de la SEP", "similitud_cruce": 1.0}}, {"type": "Feature", "geometry": {"type": "Point", "coordinates": [-90.496845, 19.8654]}, "properties": {"seccion": "4", "cve_mun": "04002", "nombre_municipio": "CAMPECHE", "nombre_localidad": "SAN FRANCISCO DE CAMPECHE", "distrito_local": 1, "distrito_local_cabecera": "SAN FRANCISCO DE CAMPECHE", "distrito_federal": "SAN FRANCISCO DE CAMPECHE", "casillas": "B1, C1, C2, C3, C4", "n_casillas": 5, "tipos": "B, C", "ubicacion": "PRIMARIA SEPTIMIO PÉREZ PALACIOS, CALLE DOLOMITA, SIN NÚMERO, COLONIA MINAS, SAN FRANCISCO DE CAMPECHE, CÓDIGO POSTAL 24025, CAMPECHE, CAMPECHE, ENTRE CALLE JADE Y CALLE CORALINA, A UN COSTADO DEL JARDÍN DE NIÑOS", "inmueble": "PRIMARIA SEPTIMIO PÉREZ PALACIOS", "estatus_ubicacion": "historica", "fuente": "INE — Encarte del Proceso Electoral Federal 2023-2024", "fecha_corte": "2024-06", "cct": "04DPR0737Z", "nombre_cct": "SEPTIMIO PEREZ PALACIOS", "metodo_geo": "cruce nominal contra catálogo CCT de la SEP", "similitud_cruce": 1.0}}, {"type": "Feature", "geometry": {"type": "Point", "coordinates": [-90.50228, 19.8593]}, "properties": {"seccion": "4", "cve_mun": "04002", "nombre_municipio": "CAMPECHE", "nombre_localidad": "SAN FRANCISCO DE CAMPECHE", "distrito_local": 1, "distrito_local_cabecera": "SAN FRANCISCO DE CAMPECHE", "distrito_federal": "SAN FRANCISCO DE CAMPECHE", "casillas": "E2, E2C1, E2C2, E2C3, E2C4", "n_casillas": 5, "tipos": "E", "ubicacion": "JARDÍN DE NIÑOS LOS DERECHOS DEL NIÑO, PROLONGACIÓN TUMBO, SIN NÚMERO, COLONIA MORELOS SEGUNDA, SAN FRANCISCO DE CAMPECHE, CÓDIGO POSTAL 24026, CAMPECHE, CAMPECHE, ENTRE CALLE 5 Y CALLE SAN VICENTE", "inmueble": "JARDÍN DE NIÑOS LOS DERECHOS DEL NIÑO", "estatus_ubicacion": "historica", "fuente": "INE — Encarte del Proceso Electoral Federal 2023-2024", "fecha_corte": "2024-06", "cct": "04DJN0246W", "nombre_cct": "LOS DERECHOS DEL NINO", "metodo_geo": "cruce nominal contra catálogo CCT de la SEP", "similitud_cruce": 1.0}}, {"type": "Feature", "geometry": {"type": "Point", "coordinates": [-90.491013, 19.871126]}, "properties": {"seccion": "5", "cve_mun": "04002", "nombre_municipio": "CAMPECHE", "nombre_localidad": "SAN FRANCISCO DE CAMPECHE", "distrito_local": 7, "distrito_local_cabecera": "TENABO", "distrito_federal": "SAN FRANCISCO DE CAMPECHE", "casillas": "B1, C1", "n_casillas": 2, "tipos": "B, C", "ubicacion": "PRIMARIA FEDERAL FIDEL VELÁZQUEZ SÁNCHEZ, CALLE QUINTANA ROO, SIN NÚMERO, UNIDAD HABITACIONAL FIDEL VELÁZQUEZ, SAN FRANCISCO DE CAMPECHE, CÓDIGO POSTAL 24023, CAMPECHE, CAMPECHE, ENTRE ANDADOR TAMAULIPAS Y CALLE TABASCO", "inmueble": "PRIMARIA FEDERAL FIDEL VELÁZQUEZ SÁNCHEZ", "estatus_ubicacion": "historica", "fuente": "INE — Encarte del Proceso Electoral Federal 2023-2024", "fecha_corte": "2024-06", "cct": "04DPR0418O", "nombre_cct": "FIDEL VELAZQUEZ SANCHEZ", "metodo_geo": "cruce nominal contra catálogo CCT de la SEP", "similitud_cruce": 1.0}}, {"type": "Feature", "geometry": {"type": "Point", "coordinates": [-90.50453, 19.86735]}, "properties": {"seccion": "7", "cve_mun": "04002", "nombre_municipio": "CAMPECHE", "nombre_localidad": "SAN FRANCISCO DE CAMPECHE", "distrito_local": 1, "distrito_local_cabecera": "SAN FRANCISCO DE CAMPECHE", "distrito_federal": "SAN FRANCISCO DE CAMPECHE", "casillas": "B1, C1", "n_casillas": 2, "tipos": "B, C", "ubicacion": "JARDÍN DE NIÑOS CARMEN RAMOS DEL RÍO, CALLE 11, MANZANA A, SIN NÚMERO, UNIDAD HABITACIONAL PALMAS SEGUNDA, SAN FRANCISCO DE CAMPECHE, CÓDIGO POSTAL 24027, CAMPECHE, CAMPECHE, FRENTE A LA CANCHA DE USOS MÚLTIPLES", "inmueble": "JARDÍN DE NIÑOS CARMEN RAMOS DEL RÍO", "estatus_ubicacion": "historica", "fuente": "INE — Encarte del Proceso Electoral Federal 2023-2024", "fecha_corte": "2024-06", "cct": "04DJN0120P", "nombre_cct": "CARMEN RAMOS DEL RIO", "metodo_geo": "cruce nominal contra catálogo CCT de la SEP", "similitud_cruce": 1.0}}, {"type": "Feature", "geometry": {"type": "Point", "coordinates": [-90.49128, 19.86366]}, "properties": {"seccion": "9", "cve_mun": "04002", "nombre_municipio": "CAMPECHE", "nombre_localidad": "SAN FRANCISCO DE CAMPECHE", "distrito_local": 7, "distrito_local_cabecera": "TENABO", "distrito_federal": "SAN FRANCISCO DE CAMPECHE", "casillas": "B1, C1, C2, C3, C4, C5, C6", "n_casillas": 7, "tipos": "B, C", "ubicacion": "ESCUELA SECUNDARIA TÉCNICA NÚMERO 27, AVENIDA CTM, SIN NÚMERO, COLONIA FIDEL VELÁZQUEZ, SAN FRANCISCO DE CAMPECHE, CÓDIGO POSTAL 24023, CAMPECHE, CAMPECHE, POR AVENIDA LÁZARO CÁRDENAS Y CALLE LEO", "inmueble": "ESCUELA SECUNDARIA TÉCNICA NÚMERO 27", "estatus_ubicacion": "historica", "fuente": "INE — Encarte del Proceso Electoral Federal 2023-2024", "fecha_corte": "2024-06", "cct": "04DST0027L", "nombre_cct": "ESCUELA SECUNDARIA TECNICA NUM 27", "metodo_geo": "cruce nominal contra catálogo CCT de la SEP", "similitud_cruce": 1.0}}, {"type": "Feature", "geometry": {"type": "Point", "coordinates": [-90.516768, 19.860362]}, "properties": {"seccion": "11", "cve_mun": "04002", "nombre_municipio": "CAMPECHE", "nombre_localidad": "SAN FRANCISCO DE CAMPECHE", "distrito_local": 1, "distrito_local_cabecera": "SAN FRANCISCO DE CAMPECHE", "distrito_federal": "SAN FRANCISCO DE CAMPECHE", "casillas": "B1, C1", "n_casillas": 2, "tipos": "B, C", "ubicacion": "JARDÍN DE NIÑOS GABRIELA MISTRAL, PRIVADA GABRIELA MISTRAL, SIN NÚMERO, COLONIA CAMINO REAL, SAN FRANCISCO DE CAMPECHE, CÓDIGO POSTAL 24020, CAMPECHE, CAMPECHE, ENTRE AVENIDA GUSTAVO DÍAZ ORDAZ Y CALLE 10 B, FRENTE A LA CRUZ ROJA", "inmueble": "JARDÍN DE NIÑOS GABRIELA MISTRAL", "estatus_ubicacion": "historica", "fuente": "INE — Encarte del Proceso Electoral Federal 2023-2024", "fecha_corte": "2024-06", "cct": "04DJN0058C", "nombre_cct": "GABRIELA MISTRAL", "metodo_geo": "cruce nominal contra catálogo CCT de la SEP", "similitud_cruce": 1.0}}, {"type": "Feature", "geometry": {"type": "Point", "coordinates": [-90.518972, 19.85563]}, "properties": {"seccion": "12", "cve_mun": "04002", "nombre_municipio": "CAMPECHE", "nombre_localidad": "SAN FRANCISCO DE CAMPECHE", "distrito_local": 4, "distrito_local_cabecera": "SAN FRANCISCO DE CAMPECHE", "distrito_federal": "SAN FRANCISCO DE CAMPECHE", "casillas": "B1, C1, C2", "n_casillas": 3, "tipos": "B, C", "ubicacion": "PRIMARIA FELIPE CARRILLO PUERTO SEGUNDA SECCIÓN, CALLE 10, NÚMERO 2 B, BARRIO LA ERMITA, SAN FRANCISCO DE CAMPECHE, CÓDIGO POSTAL 24020, CAMPECHE, CAMPECHE, ENTRE CALLE DÁRSENA Y CALLE CANTERA, FRENTE AL PARQUE", "inmueble": "PRIMARIA FELIPE CARRILLO PUERTO SEGUNDA SECCIÓN", "estatus_ubicacion": "historica", "fuente": "INE — Encarte del Proceso Electoral Federal 2023-2024", "fecha_corte": "2024-06", "cct": "04DPR0026A", "nombre_cct": "FELIPE CARRILLO PUERTO", "metodo_geo": "cruce nominal contra catálogo CCT de la SEP", "similitud_cruce": 0.75}}, {"type": "Feature", "geometry": {"type": "Point", "coordinates": [-90.514038, 19.849859]}, "properties": {"seccion": "13", "cve_mun": "04002", "nombre_municipio": "CAMPECHE", "nombre_localidad": "SAN FRANCISCO DE CAMPECHE", "distrito_local": 1, "distrito_local_cabecera": "SAN FRANCISCO DE CAMPECHE", "distrito_federal": "SAN FRANCISCO DE CAMPECHE", "casillas": "B1, C1", "n_casillas": 2, "tipos": "B, C", "ubicacion": "PRIMARIA LÁZARO CÁRDENAS DEL RÍO, PROLONGACIÓN DE LA CALLE 104 POR 106, SIN NÚMERO, COLONIA BELLAVISTA, SAN FRANCISCO DE CAMPECHE, CÓDIGO POSTAL 24020, CAMPECHE, CAMPECHE, ENTRE CALLE 6 Y CALLE 106, FRENTE A LA CANCHA", "inmueble": "PRIMARIA LÁZARO CÁRDENAS DEL RÍO", "estatus_ubicacion": "historica", "fuente": "INE — Encarte del Proceso Electoral Federal 2023-2024", "fecha_corte": "2024-06", "cct": "04DPR0110Z", "nombre_cct": "LAZARO CARDENAS DEL RIO", "metodo_geo": "cruce nominal contra catálogo CCT de la SEP", "similitud_cruce": 1.0}}, {"type": "Feature", "geometry": {"type": "Point", "coordinates": [-90.512776, 19.855809]}, "properties": {"seccion": "14", "cve_mun": "04002", "nombre_municipio": "CAMPECHE", "nombre_localidad": "SAN FRANCISCO DE CAMPECHE", "distrito_local": 1, "distrito_local_cabecera": "SAN FRANCISCO DE CAMPECHE", "distrito_federal": "SAN FRANCISCO DE CAMPECHE", "casillas": "B1, C1", "n_casillas": 2, "tipos": "B, C", "ubicacion": "JARDÍN DE NIÑOS ANA MARÍA FARÍAS, CALLE 104, SIN NÚMERO, COLONIA BELLAVISTA, SAN FRANCISCO DE CAMPECHE, CÓDIGO POSTAL 24020, CAMPECHE, CAMPECHE, ENTRE CALLE 107 Y CALLE 105, FRENTE AL PARQUE", "inmueble": "JARDÍN DE NIÑOS ANA MARÍA FARÍAS", "estatus_ubicacion": "historica", "fuente": "INE — Encarte del Proceso Electoral Federal 2023-2024", "fecha_corte": "2024-06", "cct": "04DJN0089W", "nombre_cct": "ANA MARIA FARIAS", "metodo_geo": "cruce nominal contra catálogo CCT de la SEP", "similitud_cruce": 1.0}}, {"type": "Feature", "geometry": {"type": "Point", "coordinates": [-90.503416, 19.857379]}, "properties": {"seccion": "16", "cve_mun": "04002", "nombre_municipio": "CAMPECHE", "nombre_localidad": "SAN FRANCISCO DE CAMPECHE", "distrito_local": 1, "distrito_local_cabecera": "SAN FRANCISCO DE CAMPECHE", "distrito_federal": "SAN FRANCISCO DE CAMPECHE", "casillas": "B1, C1", "n_casillas": 2, "tipos": "B, C", "ubicacion": "PRIMARIA PARTICIPACIÓN CIUDADANA, CALLE PROSPERIDAD, SIN NÚMERO, COLONIA MORELOS SEGUNDA, SAN FRANCISCO DE CAMPECHE, CÓDIGO POSTAL 24026, CAMPECHE, CAMPECHE, CALLE 3 DE MAYO POR CALLE REFORMA, ATRÁS DEL TANQUE DE AGUA", "inmueble": "PRIMARIA PARTICIPACIÓN CIUDADANA", "estatus_ubicacion": "historica", "fuente": "INE — Encarte del Proceso Electoral Federal 2023-2024", "fecha_corte": "2024-06", "cct": "04DPR0179E", "nombre_cct": "PARTICIPACION CIUDADANA", "metodo_geo": "cruce nominal contra catálogo CCT de la SEP", "similitud_cruce": 1.0}}, {"type": "Feature", "geometry": {"type": "Point", "coordinates": [-90.536, 19.845]}, "properties": {"seccion": "17", "cve_mun": "04002", "nombre_municipio": "CAMPECHE", "nombre_localidad": "SAN FRANCISCO DE CAMPECHE", "distrito_local": 7, "distrito_local_cabecera": "TENABO", "distrito_federal": "SAN FRANCISCO DE CAMPECHE", "casillas": "B1, C1, C2, C3, C4, C5, C6, C7, C8", "n_casillas": 9, "tipos": "B, C", "ubicacion": "ESCUELA PRIMARIA FIDENCIO POOT CHABLE, AVENIDA GENERAL PORFIRIO DÍAZ, SIN NÚMERO, FRACCIONAMIENTO QUINTA HERMOSA, SAN FRANCISCO DE CAMPECHE, CÓDIGO POSTAL 24023, CAMPECHE, CAMPECHE, POR LA CALLE CAIMITO", "inmueble": "ESCUELA PRIMARIA FIDENCIO POOT CHABLE", "estatus_ubicacion": "historica", "fuente": "INE — Encarte del Proceso Electoral Federal 2023-2024", "fecha_corte": "2024-06", "cct": "04DPR0751T", "nombre_cct": "FIDENCIO POOT CHABLE", "metodo_geo": "cruce nominal contra catálogo CCT de la SEP", "similitud_cruce": 1.0}}, {"type": "Feature", "geometry": {"type": "Point", "coordinates": [-90.532495, 19.846247]}, "properties": {"seccion": "18", "cve_mun": "04002", "nombre_municipio": "CAMPECHE", "nombre_localidad": "SAN FRANCISCO DE CAMPECHE", "distrito_local": 7, "distrito_local_cabecera": "TENABO", "distrito_federal": "SAN FRANCISCO DE CAMPECHE", "casillas": "B1", "n_casillas": 1, "tipos": "B", "ubicacion": "JARDÍN DE NIÑOS JUSTO SIERRA MÉNDEZ, ANDADOR HORMIGUERO, SIN NÚMERO, COLONIA PLAN CHAC, SEGUNDA SECCIÓN, SAN FRANCISCO DE CAMPECHE, CÓDIGO POSTAL 24088, CAMPECHE, CAMPECHE, ENTRE CALLE KAKABCHÉN Y CALLE LABNÁ", "inmueble": "JARDÍN DE NIÑOS JUSTO SIERRA MÉNDEZ", "estatus_ubicacion": "historica", "fuente": "INE — Encarte del Proceso Electoral Federal 2023-2024", "fecha_corte": "2024-06", "cct": "04DPR0210Y", "nombre_cct": "JUSTO SIERRA MENDEZ", "metodo_geo": "cruce nominal contra catálogo CCT de la SEP", "similitud_cruce": 1.0}}, {"type": "Feature", "geometry": {"type": "Point", "coordinates": [-90.50154, 19.85267]}, "properties": {"seccion": "19", "cve_mun": "04002", "nombre_municipio": "CAMPECHE", "nombre_localidad": "SAN FRANCISCO DE CAMPECHE", "distrito_local": 1, "distrito_local_cabecera": "SAN FRANCISCO DE CAMPECHE", "distrito_federal": "SAN FRANCISCO DE CAMPECHE", "casillas": "B1, C1", "n_casillas": 2, "tipos": "B, C", "ubicacion": "PRIMARIA JUAN DE LA CABADA VERA, CALLE DOLORES, SIN NÚMERO, COLONIA AMPLIACIÓN REVOLUCIÓN, SAN FRANCISCO DE CAMPECHE, CÓDIGO POSTAL 24080, CAMPECHE, CAMPECHE, ENTRE PRIVADA DE LA CALLE TRES Y CAMPO DEPORTIVO", "inmueble": "PRIMARIA JUAN DE LA CABADA VERA", "estatus_ubicacion": "historica", "fuente": "INE — Encarte del Proceso Electoral Federal 2023-2024", "fecha_corte": "2024-06", "cct": "04DPR0256T", "nombre_cct": "JUAN DE LA CABADA VERA", "metodo_geo": "cruce nominal contra catálogo CCT de la SEP", "similitud_cruce": 1.0}}, {"type": "Feature", "geometry": {"type": "Point", "coordinates": [-90.496845, 19.8654]}, "properties": {"seccion": "21", "cve_mun": "04002", "nombre_municipio": "CAMPECHE", "nombre_localidad": "SAN FRANCISCO DE CAMPECHE", "distrito_local": 1, "distrito_local_cabecera": "SAN FRANCISCO DE CAMPECHE", "distrito_federal": "SAN FRANCISCO DE CAMPECHE", "casillas": "B1, C1, C2", "n_casillas": 3, "tipos": "B, C", "ubicacion": "PRIMARIA SEPTIMIO PÉREZ PALACIOS, CALLE CARLOS PÉREZ CÁMARA, SIN NÚMERO, COLONIA EMILIANO ZAPATA, SAN FRANCISCO DE CAMPECHE, CÓDIGO POSTAL 24020, CAMPECHE, CAMPECHE, ENTRE CALLE BENITO JUÁREZ Y CIRCUITO COLONIAS, FRENTE A LAS CANCHAS", "inmueble": "PRIMARIA SEPTIMIO PÉREZ PALACIOS", "estatus_ubicacion": "historica", "fuente": "INE — Encarte del Proceso Electoral Federal 2023-2024", "fecha_corte": "2024-06", "cct": "04DPR0737Z", "nombre_cct": "SEPTIMIO PEREZ PALACIOS", "metodo_geo": "cruce nominal contra catálogo CCT de la SEP", "similitud_cruce": 1.0}}, {"type": "Feature", "geometry": {"type": "Point", "coordinates": [-90.51418, 19.85078]}, "properties": {"seccion": "22", "cve_mun": "04002", "nombre_municipio": "CAMPECHE", "nombre_localidad": "SAN FRANCISCO DE CAMPECHE", "distrito_local": 1, "distrito_local_cabecera": "SAN FRANCISCO DE CAMPECHE", "distrito_federal": "SAN FRANCISCO DE CAMPECHE", "casillas": "B1, C1", "n_casillas": 2, "tipos": "B, C", "ubicacion": "PRIMARIA LICENCIADO CARLOS SANSORES PÉREZ, RETORNO DE LA CALLE 108, SIN NÚMERO, FRACCIONAMIENTO MÁRTIRES DE RÍO BLANCO, COLONIA SANTA LUCIA, CÓDIGO POSTAL 24024 CAMPECHE, CAMPECHE, ENTRE CALLE VILLACABRA Y PRIVADA 3 DE LA 104, CERCA DEL TANQUE DE AGUA", "inmueble": "PRIMARIA LICENCIADO CARLOS SANSORES PÉREZ", "estatus_ubicacion": "historica", "fuente": "INE — Encarte del Proceso Electoral Federal 2023-2024", "fecha_corte": "2024-06", "cct": "04DPR0395U", "nombre_cct": "LIC CARLOS SANSORES PEREZ", "metodo_geo": "cruce nominal contra catálogo CCT de la SEP", "similitud_cruce": 1.0}}, {"type": "Feature", "geometry": {"type": "Point", "coordinates": [-90.526323, 19.848082]}, "properties": {"seccion": "27", "cve_mun": "04002", "nombre_municipio": "CAMPECHE", "nombre_localidad": "SAN FRANCISCO DE CAMPECHE", "distrito_local": 4, "distrito_local_cabecera": "SAN FRANCISCO DE CAMPECHE", "distrito_federal": "SAN FRANCISCO DE CAMPECHE", "casillas": "B1, C1", "n_casillas": 2, "tipos": "B, C", "ubicacion": "PRIMARIA HÉCTOR PÉREZ MARTÍNEZ, CALLE RIVAPALACIO CON CALLE 14, SIN NÚMERO, BARRIO DE SAN FRANCISCO, SAN FRANCISCO DE CAMPECHE, CÓDIGO POSTAL 24010, CAMPECHE, CAMPECHE, ENTRE CALLE RIVA PALACIOS Y CALLE 45 CHILE, FRENTE AL VIVERO MUNICIPAL", "inmueble": "PRIMARIA HÉCTOR PÉREZ MARTÍNEZ", "estatus_ubicacion": "historica", "fuente": "INE — Encarte del Proceso Electoral Federal 2023-2024", "fecha_corte": "2024-06", "cct": "04DPR0340R", "nombre_cct": "DR HECTOR PEREZ MARTINEZ", "metodo_geo": "cruce nominal contra catálogo CCT de la SEP", "similitud_cruce": 0.9}}, {"type": "Feature", "geometry": {"type": "Point", "coordinates": [-90.51491, 19.86074]}, "properties": {"seccion": "28", "cve_mun": "04002", "nombre_municipio": "CAMPECHE", "nombre_localidad": "SAN FRANCISCO DE CAMPECHE", "distrito_local": 4, "distrito_local_cabecera": "SAN FRANCISCO DE CAMPECHE", "distrito_federal": "SAN FRANCISCO DE CAMPECHE", "casillas": "B1", "n_casillas": 1, "tipos": "B", "ubicacion": "INSTITUTO CAMPECHANO, CALLE 10, NÚMERO 357, COLONIA CENTRO, SAN FRANCISCO DE CAMPECHE, CÓDIGO POSTAL 24000, CAMPECHE, CAMPECHE, ENTRE CALLE 63 Y CALLE 65, A UN COSTADO DEL EX TEMPLO SAN JOSÉ", "inmueble": "INSTITUTO CAMPECHANO", "estatus_ubicacion": "historica", "fuente": "INE — Encarte del Proceso Electoral Federal 2023-2024", "fecha_corte": "2024-06", "cct": "04DES0003J", "nombre_cct": "INSTITUTO CAMPECHANO", "metodo_geo": "cruce nominal contra catálogo CCT de la SEP", "similitud_cruce": 1.0}}, {"type": "Feature", "geometry": {"type": "Point", "coordinates": [-90.51401, 19.84968]}, "properties": {"seccion": "32", "cve_mun": "04002", "nombre_municipio": "CAMPECHE", "nombre_localidad": "SAN FRANCISCO DE CAMPECHE", "distrito_local": 1, "distrito_local_cabecera": "SAN FRANCISCO DE CAMPECHE", "distrito_federal": "SAN FRANCISCO DE CAMPECHE", "casillas": "B1, C1", "n_casillas": 2, "tipos": "B, C", "ubicacion": "JARDÍN DE NIÑOS JULIA ESTHER PÉREZ , RETORNO DE LA CALLE 108, NÚMERO 1, FRACCIONAMIENTO MÁRTIRES DE RÍO BLANCO, COLONIA SANTA LUCIA, CÓDIGO POSTAL 24024 CAMPECHE, CAMPECHE., CALLE CARLOS SANSORES PÉREZ, FRENTE AL PARQUE", "inmueble": "JARDÍN DE NIÑOS JULIA ESTHER PÉREZ", "estatus_ubicacion": "historica", "fuente": "INE — Encarte del Proceso Electoral Federal 2023-2024", "fecha_corte": "2024-06", "cct": "04DJN0070Y", "nombre_cct": "JULIA ESTHER PEREZ", "metodo_geo": "cruce nominal contra catálogo CCT de la SEP", "similitud_cruce": 1.0}}, {"type": "Feature", "geometry": {"type": "Point", "coordinates": [-90.504499, 19.84663]}, "properties": {"seccion": "34", "cve_mun": "04002", "nombre_municipio": "CAMPECHE", "nombre_localidad": "SAN FRANCISCO DE CAMPECHE", "distrito_local": 1, "distrito_local_cabecera": "SAN FRANCISCO DE CAMPECHE", "distrito_federal": "SAN FRANCISCO DE CAMPECHE", "casillas": "B1, C1", "n_casillas": 2, "tipos": "B, C", "ubicacion": "PRIMARIA VENUSTIANO CARRANZA, CALLE 10, SIN NÚMERO, COLONIA PABLO GARCÍA, SAN FRANCISCO DE CAMPECHE, CÓDIGO POSTAL 24080, CAMPECHE, CAMPECHE, ENTRE CALLE 27 Y CALLE 25, FRENTE A LA SASTRERÍA EL CARDENAL", "inmueble": "PRIMARIA VENUSTIANO CARRANZA", "estatus_ubicacion": "historica", "fuente": "INE — Encarte del Proceso Electoral Federal 2023-2024", "fecha_corte": "2024-06", "cct": "04DPR0481Q", "nombre_cct": "VENUSTIANO CARRANZA", "metodo_geo": "cruce nominal contra catálogo CCT de la SEP", "similitud_cruce": 1.0}}, {"type": "Feature", "geometry": {"type": "Point", "coordinates": [-90.503057, 19.850603]}, "properties": {"seccion": "35", "cve_mun": "04002", "nombre_municipio": "CAMPECHE", "nombre_localidad": "SAN FRANCISCO DE CAMPECHE", "distrito_local": 1, "distrito_local_cabecera": "SAN FRANCISCO DE CAMPECHE", "distrito_federal": "SAN FRANCISCO DE CAMPECHE", "casillas": "B1, C1", "n_casillas": 2, "tipos": "B, C", "ubicacion": "CAIC SOLIDARIDAD, CALLE 19, SIN NÚMERO, COLONIA REVOLUCIÓN, SAN FRANCISCO DE CAMPECHE, CÓDIGO POSTAL 24080, CAMPECHE, CAMPECHE, ENTRE CALLE 12 Y PRIVADA DE LA 19, A UNA CUADRA DEL CAMPO DE SOF BOL", "inmueble": "CAIC SOLIDARIDAD", "estatus_ubicacion": "historica", "fuente": "INE — Encarte del Proceso Electoral Federal 2023-2024", "fecha_corte": "2024-06", "cct": "04OJN0039U", "nombre_cct": "SOLIDARIDAD", "metodo_geo": "cruce nominal contra catálogo CCT de la SEP", "similitud_cruce": 0.65}}, {"type": "Feature", "geometry": {"type": "Point", "coordinates": [-90.50096, 19.85116]}, "properties": {"seccion": "36", "cve_mun": "04002", "nombre_municipio": "CAMPECHE", "nombre_localidad": "SAN FRANCISCO DE CAMPECHE", "distrito_local": 1, "distrito_local_cabecera": "SAN FRANCISCO DE CAMPECHE", "distrito_federal": "SAN FRANCISCO DE CAMPECHE", "casillas": "B1, C1", "n_casillas": 2, "tipos": "B, C", "ubicacion": "JARDÍN DE NIÑOS NIÑO ARTILLERO, AVENIDA CIRCUITO CONSTITUCIÓN, SIN NÚMERO, COLONIA REVOLUCIÓN, SAN FRANCISCO DE CAMPECHE, CÓDIGO POSTAL 24080, CAMPECHE, CAMPECHE, ENTRE CALLE DOLORES Y CALLE JULIANCITO, CERCA DEL CAMPO DEPORTIVO", "inmueble": "JARDÍN DE NIÑOS NIÑO ARTILLERO", "estatus_ubicacion": "historica", "fuente": "INE — Encarte del Proceso Electoral Federal 2023-2024", "fecha_corte": "2024-06", "cct": "04DJN0092J", "nombre_cct": "NINO ARTILLERO", "metodo_geo": "cruce nominal contra catálogo CCT de la SEP", "similitud_cruce": 1.0}}, {"type": "Feature", "geometry": {"type": "Point", "coordinates": [-90.497036, 19.849436]}, "properties": {"seccion": "38", "cve_mun": "04002", "nombre_municipio": "CAMPECHE", "nombre_localidad": "SAN FRANCISCO DE CAMPECHE", "distrito_local": 7, "distrito_local_cabecera": "TENABO", "distrito_federal": "SAN FRANCISCO DE CAMPECHE", "casillas": "B1", "n_casillas": 1, "tipos": "B", "ubicacion": "JARDÍN DE NIÑOS CÍRCULO INFANTIL, AVENIDA CIRCUITO CONSTITUCIÓN, SIN NÚMERO, COLONIA MORELOS, SAN FRANCISCO DE CAMPECHE, CÓDIGO POSTAL 24087, CAMPECHE, CAMPECHE, ENTRE CALLE 27 Y CALLE CIRCUITO COLONIAS, A UN COSTADO DEL RESTAURANTE LA JARRADA", "inmueble": "JARDÍN DE NIÑOS CÍRCULO INFANTIL", "estatus_ubicacion": "historica", "fuente": "INE — Encarte del Proceso Electoral Federal 2023-2024", "fecha_corte": "2024-06", "cct": "04DJN0223L", "nombre_cct": "CIRCULO INFANTIL", "metodo_geo": "cruce nominal contra catálogo CCT de la SEP", "similitud_cruce": 1.0}}, {"type": "Feature", "geometry": {"type": "Point", "coordinates": [-90.491792, 19.841953]}, "properties": {"seccion": "39", "cve_mun": "04002", "nombre_municipio": "CAMPECHE", "nombre_localidad": "SAN FRANCISCO DE CAMPECHE", "distrito_local": 3, "distrito_local_cabecera": "SAN FRANCISCO DE CAMPECHE", "distrito_federal": "SAN FRANCISCO DE CAMPECHE", "casillas": "B1, C1, C2", "n_casillas": 3, "tipos": "B, C", "ubicacion": "INSTITUTO DE ESTUDIOS SUPERIORES SOR JUANA INES DE LA CRUZ CAMPUS CAMPECHE, CALLE KABAH, NÚMERO 27, COLONIA KALÁ, SAN FRANCISCO DE CAMPECHE, CÓDIGO POSTAL 24085, CAMPECHE, CAMPECHE, POR CALLE PALENQUE Y CALLE LUBNÁ, A ESPALDAS DEL CAMPO DE LA ARMADA", "inmueble": "INSTITUTO DE ESTUDIOS SUPERIORES SOR JUANA INES DE LA CRUZ CAMPUS CAMPECHE", "estatus_ubicacion": "historica", "fuente": "INE — Encarte del Proceso Electoral Federal 2023-2024", "fecha_corte": "2024-06", "cct": "04PSU0033Z", "nombre_cct": "UNIVERSIDAD SOR JUANA INES DE LA CRUZ", "metodo_geo": "cruce nominal contra catálogo CCT de la SEP", "similitud_cruce": 0.594}}, {"type": "Feature", "geometry": {"type": "Point", "coordinates": [-90.502359, 19.846968]}, "properties": {"seccion": "41", "cve_mun": "04002", "nombre_municipio": "CAMPECHE", "nombre_localidad": "SAN FRANCISCO DE CAMPECHE", "distrito_local": 3, "distrito_local_cabecera": "SAN FRANCISCO DE CAMPECHE", "distrito_federal": "SAN FRANCISCO DE CAMPECHE", "casillas": "B1, C1", "n_casillas": 2, "tipos": "B, C", "ubicacion": "PRIMARIA ANTONIA DÍAZ, CALLE 12, SIN NÚMERO, COLONIA REVOLUCIÓN, SAN FRANCISCO DE CAMPECHE, CÓDIGO POSTAL 24080, CAMPECHE, CAMPECHE, ENTRE CALLE 27 Y CALLE 29", "inmueble": "PRIMARIA ANTONIA DÍAZ", "estatus_ubicacion": "historica", "fuente": "INE — Encarte del Proceso Electoral Federal 2023-2024", "fecha_corte": "2024-06", "cct": "04DPR0153X", "nombre_cct": "ANTONIA DIAZ", "metodo_geo": "cruce nominal contra catálogo CCT de la SEP", "similitud_cruce": 1.0}}, {"type": "Feature", "geometry": {"type": "Point", "coordinates": [-90.511155, 19.842543]}, "properties": {"seccion": "42", "cve_mun": "04002", "nombre_municipio": "CAMPECHE", "nombre_localidad": "SAN FRANCISCO DE CAMPECHE", "distrito_local": 3, "distrito_local_cabecera": "SAN FRANCISCO DE CAMPECHE", "distrito_federal": "SAN FRANCISCO DE CAMPECHE", "casillas": "B1, C1", "n_casillas": 2, "tipos": "B, C", "ubicacion": "COLEGIO MAESTRO DE AMÉRICA, AVENIDA GOBERNADORES, NÚMERO 172, SAN FRANCISCO DE CAMPECHE, CÓDIGO POSTAL 24020, CAMPECHE, CAMPECHE, ENTRE CALLE 112 Y CALLE 114 COLONIA SANTA LUCIA", "inmueble": "COLEGIO MAESTRO DE AMÉRICA", "estatus_ubicacion": "historica", "fuente": "INE — Encarte del Proceso Electoral Federal 2023-2024", "fecha_corte": "2024-06", "cct": "04PBH0016P", "nombre_cct": "MAESTRO DE AMERICA", "metodo_geo": "cruce nominal contra catálogo CCT de la SEP", "similitud_cruce": 1.0}}, {"type": "Feature", "geometry": {"type": "Point", "coordinates": [-90.50802, 19.846867]}, "properties": {"seccion": "43", "cve_mun": "04002", "nombre_municipio": "CAMPECHE", "nombre_localidad": "SAN FRANCISCO DE CAMPECHE", "distrito_local": 3, "distrito_local_cabecera": "SAN FRANCISCO DE CAMPECHE", "distrito_federal": "SAN FRANCISCO DE CAMPECHE", "casillas": "B1, C1", "n_casillas": 2, "tipos": "B, C", "ubicacion": "JARDÍN DE NIÑOS ROSAS DE LA INFANCIA, CALLE 116, SIN NÚMERO, COLONIA SAN JOAQUÍN, SAN FRANCISCO DE CAMPECHE, CÓDIGO POSTAL 24020, CAMPECHE, CAMPECHE, ENTRE CALLE 14 Y CALLE 14 A", "inmueble": "JARDÍN DE NIÑOS ROSAS DE LA INFANCIA", "estatus_ubicacion": "historica", "fuente": "INE — Encarte del Proceso Electoral Federal 2023-2024", "fecha_corte": "2024-06", "cct": "04DJN0007W", "nombre_cct": "ROSAS DE LA INFANCIA", "metodo_geo": "cruce nominal contra catálogo CCT de la SEP", "similitud_cruce": 1.0}}, {"type": "Feature", "geometry": {"type": "Point", "coordinates": [-90.51548, 19.848197]}, "properties": {"seccion": "45", "cve_mun": "04002", "nombre_municipio": "CAMPECHE", "nombre_localidad": "SAN FRANCISCO DE CAMPECHE", "distrito_local": 3, "distrito_local_cabecera": "SAN FRANCISCO DE CAMPECHE", "distrito_federal": "SAN FRANCISCO DE CAMPECHE", "casillas": "B1, C1", "n_casillas": 2, "tipos": "B, C", "ubicacion": "PRIMARIA PRESIDENTE MANUEL ÁVILA CAMACHO, CALLE 104, SIN NÚMERO, BARRIO DE SANTA LUCÍA, SAN FRANCISCO DE CAMPECHE, CÓDIGO POSTAL 24020, CAMPECHE, CAMPECHE, ENTRE CALLE 14 Y CALLE 16, FRENTE AL PARQUE", "inmueble": "PRIMARIA PRESIDENTE MANUEL ÁVILA CAMACHO", "estatus_ubicacion": "historica", "fuente": "INE — Encarte del Proceso Electoral Federal 2023-2024", "fecha_corte": "2024-06", "cct": "04DPR0360E", "nombre_cct": "CENTRO ESCOLAR PRESIDENTE AVILA CAMACHO", "metodo_geo": "cruce nominal contra catálogo CCT de la SEP", "similitud_cruce": 0.9}}, {"type": "Feature", "geometry": {"type": "Point", "coordinates": [-90.517638, 19.846418]}, "properties": {"seccion": "46", "cve_mun": "04002", "nombre_municipio": "CAMPECHE", "nombre_localidad": "SAN FRANCISCO DE CAMPECHE", "distrito_local": 4, "distrito_local_cabecera": "SAN FRANCISCO DE CAMPECHE", "distrito_federal": "SAN FRANCISCO DE CAMPECHE", "casillas": "B1, C1", "n_casillas": 2, "tipos": "B, C", "ubicacion": "JARDÍN DE NIÑOS MARÍA DOLORES RAMÍREZ REGIL, CALLE 16, NÚMERO 117, FRACCIONAMIENTO VILLAS DEL RÍO, SAN FRANCISCO DE CAMPECHE, CÓDIGO POSTAL 24020, CAMPECHE, CAMPECHE, ENTRE AVENIDA FRANCISCO I MADERO Y CALLE JESÚS GARCÍA CORONA, ENFRENTE DEL INSTITUTO MENDOZA", "inmueble": "JARDÍN DE NIÑOS MARÍA DOLORES RAMÍREZ REGIL", "estatus_ubicacion": "historica", "fuente": "INE — Encarte del Proceso Electoral Federal 2023-2024", "fecha_corte": "2024-06", "cct": "04DJN0040D", "nombre_cct": "MARIA DOLORES RAMIREZ REGIL", "metodo_geo": "cruce nominal contra catálogo CCT de la SEP", "similitud_cruce": 1.0}}, {"type": "Feature", "geometry": {"type": "Point", "coordinates": [-90.52168, 19.8444]}, "properties": {"seccion": "47", "cve_mun": "04002", "nombre_municipio": "CAMPECHE", "nombre_localidad": "SAN FRANCISCO DE CAMPECHE", "distrito_local": 4, "distrito_local_cabecera": "SAN FRANCISCO DE CAMPECHE", "distrito_federal": "SAN FRANCISCO DE CAMPECHE", "casillas": "B1, C1", "n_casillas": 2, "tipos": "B, C", "ubicacion": "ESCUELA PRIMARIA LICENCIADO PABLO GARCÍA, ANDADOR SIN NOMBRE, SIN NÚMERO, FOVISSSTE PABLO GARCÍA, SAN FRANCISCO DE CAMPECHE, CÓDIGO POSTAL 24010, CAMPECHE, CAMPECHE, ENTRE URUGUAY Y ANDADOR SIN NOMBRE", "inmueble": "ESCUELA PRIMARIA LICENCIADO PABLO GARCÍA", "estatus_ubicacion": "historica", "fuente": "INE — Encarte del Proceso Electoral Federal 2023-2024", "fecha_corte": "2024-06", "cct": "04DPR0106M", "nombre_cct": "LIC PABLO GARCIA", "metodo_geo": "cruce nominal contra catálogo CCT de la SEP", "similitud_cruce": 1.0}}, {"type": "Feature", "geometry": {"type": "Point", "coordinates": [-90.519643, 19.838579]}, "properties": {"seccion": "48", "cve_mun": "04002", "nombre_municipio": "CAMPECHE", "nombre_localidad": "SAN FRANCISCO DE CAMPECHE", "distrito_local": 4, "distrito_local_cabecera": "SAN FRANCISCO DE CAMPECHE", "distrito_federal": "SAN FRANCISCO DE CAMPECHE", "casillas": "B1, C1", "n_casillas": 2, "tipos": "B, C", "ubicacion": "CENTRO ESCOLAR PRESIDENTE ADOLFO RUIZ CORTÍNEZ, PRIVADA SIN NOMBRE, SIN NÚMERO, BARRIO SANTA ANA, SAN FRANCISCO DE CAMPECHE, CÓDIGO POSTAL 24050, CAMPECHE, CAMPECHE, ENTRE CALLE CHILE Y CALLE ARGENTINA, FRENTE AL PARQUE DE SANTA ANA", "inmueble": "CENTRO ESCOLAR PRESIDENTE ADOLFO RUIZ CORTÍNEZ", "estatus_ubicacion": "historica", "fuente": "INE — Encarte del Proceso Electoral Federal 2023-2024", "fecha_corte": "2024-06", "cct": "04DPR0338C", "nombre_cct": "CENTRO ESCOLAR PRESIDENTE RUIZ CORTINES", "metodo_geo": "cruce nominal contra catálogo CCT de la SEP", "similitud_cruce": 0.55}}, {"type": "Feature", "geometry": {"type": "Point", "coordinates": [-90.54125, 19.8421]}, "properties": {"seccion": "51", "cve_mun": "04002", "nombre_municipio": "CAMPECHE", "nombre_localidad": "SAN FRANCISCO DE CAMPECHE", "distrito_local": 4, "distrito_local_cabecera": "SAN FRANCISCO DE CAMPECHE", "distrito_federal": "SAN FRANCISCO DE CAMPECHE", "casillas": "B1, C1", "n_casillas": 2, "tipos": "B, C", "ubicacion": "CENTRO ESCOLAR ADOLFO LÓPEZ MATEOS SECCIÓN 1, CALLE 67 C, SIN NÚMERO, BARRIO DE SAN ROMÁN, SAN FRANCISCO DE CAMPECHE, CÓDIGO POSTAL 24040, CAMPECHE, CAMPECHE, ENTRE CALLE 12 Y CIRCUITO BALUARTES, A UN COSTADO DE LA CONCHA ACÚSTICA", "inmueble": "CENTRO ESCOLAR ADOLFO LÓPEZ MATEOS SECCIÓN 1", "estatus_ubicacion": "historica", "fuente": "INE — Encarte del Proceso Electoral Federal 2023-2024", "fecha_corte": "2024-06", "cct": "04DPR0355T", "nombre_cct": "CENTRO ESCOLAR ADOLFO LOPEZ MATEOS", "metodo_geo": "cruce nominal contra catálogo CCT de la SEP", "similitud_cruce": 0.75}}, {"type": "Feature", "geometry": {"type": "Point", "coordinates": [-90.54125, 19.8421]}, "properties": {"seccion": "51", "cve_mun": "04002", "nombre_municipio": "CAMPECHE", "nombre_localidad": "SAN FRANCISCO DE CAMPECHE", "distrito_local": 4, "distrito_local_cabecera": "SAN FRANCISCO DE CAMPECHE", "distrito_federal": "SAN FRANCISCO DE CAMPECHE", "casillas": "S1", "n_casillas": 1, "tipos": "S", "ubicacion": "CENTRO ESCOLAR ADOLFO LOPEZ MATEOS SECCIÓN 2, CALLE 67 C, SIN NÚMERO, BARRIO DE SAN ROMÁN, SAN FRANCISCO DE CAMPECHE, CÓDIGO POSTAL 24040, CAMPECHE, CAMPECHE, ENFRENTE A LA CONCHA ACUSTICA", "inmueble": "CENTRO ESCOLAR ADOLFO LOPEZ MATEOS SECCIÓN 2", "estatus_ubicacion": "historica", "fuente": "INE — Encarte del Proceso Electoral Federal 2023-2024", "fecha_corte": "2024-06", "cct": "04DPR0355T", "nombre_cct": "CENTRO ESCOLAR ADOLFO LOPEZ MATEOS", "metodo_geo": "cruce nominal contra catálogo CCT de la SEP", "similitud_cruce": 0.75}}, {"type": "Feature", "geometry": {"type": "Point", "coordinates": [-90.543418, 19.837729]}, "properties": {"seccion": "52", "cve_mun": "04002", "nombre_municipio": "CAMPECHE", "nombre_localidad": "SAN FRANCISCO DE CAMPECHE", "distrito_local": 4, "distrito_local_cabecera": "SAN FRANCISCO DE CAMPECHE", "distrito_federal": "SAN FRANCISCO DE CAMPECHE", "casillas": "B1", "n_casillas": 1, "tipos": "B", "ubicacion": "JARDÍN DE NIÑOS ARTEMIA RICOY DE LÓPEZ, CALLE 16, SIN NÚMERO, BARRIO DE SAN ROMÁN, SAN FRANCISCO DE CAMPECHE, CÓDIGO POSTAL 24040, CAMPECHE, CAMPECHE, ENTRE CALLE BRAVO Y CALLE ALLENDE, CERCA DEL MERCADO DE SAN ROMÁN", "inmueble": "JARDÍN DE NIÑOS ARTEMIA RICOY DE LÓPEZ", "estatus_ubicacion": "historica", "fuente": "INE — Encarte del Proceso Electoral Federal 2023-2024", "fecha_corte": "2024-06", "cct": "04DJN0026K", "nombre_cct": "ARTEMIA RICOY DE LOPEZ", "metodo_geo": "cruce nominal contra catálogo CCT de la SEP", "similitud_cruce": 1.0}}, {"type": "Feature", "geometry": {"type": "Point", "coordinates": [-90.550049, 19.836306]}, "properties": {"seccion": "54", "cve_mun": "04002", "nombre_municipio": "CAMPECHE", "nombre_localidad": "SAN FRANCISCO DE CAMPECHE", "distrito_local": 5, "distrito_local_cabecera": "SAN FRANCISCO DE CAMPECHE", "distrito_federal": "SAN FRANCISCO DE CAMPECHE", "casillas": "B1, C1", "n_casillas": 2, "tipos": "B, C", "ubicacion": "PRIMARIA IGNACIO ZARAGOZA, CALLE MONTECRISTO, SIN NÚMERO, BARRIO DE SAN ROMÁN, SAN FRANCISCO DE CAMPECHE, CÓDIGO POSTAL 24040, CAMPECHE, CAMPECHE, ENTRE CALLE PÍPILA Y CALLE MONTECRISTO, FRENTE A LA EX COOPERATIVA ESPERANZA", "inmueble": "PRIMARIA IGNACIO ZARAGOZA", "estatus_ubicacion": "historica", "fuente": "INE — Encarte del Proceso Electoral Federal 2023-2024", "fecha_corte": "2024-06", "cct": "04DPR0339B", "nombre_cct": "CENTRO ESCOLAR IGNACIO ZARAGOZA", "metodo_geo": "cruce nominal contra catálogo CCT de la SEP", "similitud_cruce": 1.0}}, {"type": "Feature", "geometry": {"type": "Point", "coordinates": [-90.534011, 19.836601]}, "properties": {"seccion": "56", "cve_mun": "04002", "nombre_municipio": "CAMPECHE", "nombre_localidad": "SAN FRANCISCO DE CAMPECHE", "distrito_local": 4, "distrito_local_cabecera": "SAN FRANCISCO DE CAMPECHE", "distrito_federal": "SAN FRANCISCO DE CAMPECHE", "casillas": "B1, C1", "n_casillas": 2, "tipos": "B, C", "ubicacion": "JARDÍN DE NIÑOS LUZ ALBA LORÍA PÉREZ, CALLE REPÚBLICA DEL SALVADOR, SIN NÚMERO, BARRIO DE SANTA ANA, SAN FRANCISCO DE CAMPECHE, CÓDIGO POSTAL 24050, CAMPECHE, CAMPECHE, ENTRE CALLE QUERÉTARO Y PRIVADA SIN NOMBRE, FRENTE AL VIVERO", "inmueble": "JARDÍN DE NIÑOS LUZ ALBA LORÍA PÉREZ", "estatus_ubicacion": "historica", "fuente": "INE — Encarte del Proceso Electoral Federal 2023-2024", "fecha_corte": "2024-06", "cct": "04DJN0027J", "nombre_cct": "LUZ ALBA LORIA PEREZ", "metodo_geo": "cruce nominal contra catálogo CCT de la SEP", "similitud_cruce": 1.0}}, {"type": "Feature", "geometry": {"type": "Point", "coordinates": [-90.528136, 19.839155]}, "properties": {"seccion": "57", "cve_mun": "04002", "nombre_municipio": "CAMPECHE", "nombre_localidad": "SAN FRANCISCO DE CAMPECHE", "distrito_local": 4, "distrito_local_cabecera": "SAN FRANCISCO DE CAMPECHE", "distrito_federal": "SAN FRANCISCO DE CAMPECHE", "casillas": "B1, C1", "n_casillas": 2, "tipos": "B, C", "ubicacion": "JARDÍN DE NIÑOS FRANCISCA VASTO LARA, CALLE COAHUILA, SIN NÚMERO, BARRIO DE SANTA ANA, SAN FRANCISCO DE CAMPECHE, CÓDIGO POSTAL 24050, CAMPECHE, CAMPECHE, ENTRE CALLE BRASIL Y CALLE NICARAGUA, FRENTE A LA CANCHA DE USOS MÚLTIPLES", "inmueble": "JARDÍN DE NIÑOS FRANCISCA VASTO LARA", "estatus_ubicacion": "historica", "fuente": "INE — Encarte del Proceso Electoral Federal 2023-2024", "fecha_corte": "2024-06", "cct": "04DJN0011I", "nombre_cct": "FRANCISCA VASTO LARA", "metodo_geo": "cruce nominal contra catálogo CCT de la SEP", "similitud_cruce": 1.0}}, {"type": "Feature", "geometry": {"type": "Point", "coordinates": [-90.501145, 19.84295]}, "properties": {"seccion": "62", "cve_mun": "04002", "nombre_municipio": "CAMPECHE", "nombre_localidad": "SAN FRANCISCO DE CAMPECHE", "distrito_local": 3, "distrito_local_cabecera": "SAN FRANCISCO DE CAMPECHE", "distrito_federal": "SAN FRANCISCO DE CAMPECHE", "casillas": "B1, C1", "n_casillas": 2, "tipos": "B, C", "ubicacion": "PRIMARIA MANUEL GUAL VIDAL, CALLE 20 DE NOVIEMBRE, NÚMERO 38, COLONIA ESPERANZA, SAN FRANCISCO DE CAMPECHE, CÓDIGO POSTAL 24080, CAMPECHE, CAMPECHE, ENTRE CALLE 1 A Y CALLE 1", "inmueble": "PRIMARIA MANUEL GUAL VIDAL", "estatus_ubicacion": "historica", "fuente": "INE — Encarte del Proceso Electoral Federal 2023-2024", "fecha_corte": "2024-06", "cct": "04DPR0424Z", "nombre_cct": "LIC MANUEL GUAL VIDAL", "metodo_geo": "cruce nominal contra catálogo CCT de la SEP", "similitud_cruce": 0.9}}, {"type": "Feature", "geometry": {"type": "Point", "coordinates": [-90.497354, 19.844331]}, "properties": {"seccion": "65", "cve_mun": "04002", "nombre_municipio": "CAMPECHE", "nombre_localidad": "SAN FRANCISCO DE CAMPECHE", "distrito_local": 3, "distrito_local_cabecera": "SAN FRANCISCO DE CAMPECHE", "distrito_federal": "SAN FRANCISCO DE CAMPECHE", "casillas": "B1, C1, C2", "n_casillas": 3, "tipos": "B, C", "ubicacion": "PRIMARIA PEDRO SAINZ DE BARANDA, CALLE 9, SIN NÚMERO, COLONIA AMPLIACIÓN ESPERANZA, SAN FRANCISCO DE CAMPECHE, CÓDIGO POSTAL 24080, CAMPECHE, CAMPECHE, ENTRE CALLE 10 Y CALLE PAPAYA, CERCA DEL KINDER", "inmueble": "PRIMARIA PEDRO SAINZ DE BARANDA", "estatus_ubicacion": "historica", "fuente": "INE — Encarte del Proceso Electoral Federal 2023-2024", "fecha_corte": "2024-06", "cct": "04DPR0255U", "nombre_cct": "PEDRO SAINZ DE BARANDA", "metodo_geo": "cruce nominal contra catálogo CCT de la SEP", "similitud_cruce": 1.0}}, {"type": "Feature", "geometry": {"type": "Point", "coordinates": [-90.504499, 19.84663]}, "properties": {"seccion": "67", "cve_mun": "04002", "nombre_municipio": "CAMPECHE", "nombre_localidad": "SAN FRANCISCO DE CAMPECHE", "distrito_local": 3, "distrito_local_cabecera": "SAN FRANCISCO DE CAMPECHE", "distrito_federal": "SAN FRANCISCO DE CAMPECHE", "casillas": "B1, C1", "n_casillas": 2, "tipos": "B, C", "ubicacion": "ESCUELA PRIMARIA VENUSTIANO CARRANZA, CALLE 105, NÚMERO 24, COLONIA AVIACIÓN, SAN FRANCISCO DE CAMPECHE, CÓDIGO POSTAL 24070, CAMPECHE, CAMPECHE, ENTRE AVENIDA AVIACIÓN Y PRIVADA DE LA 105", "inmueble": "ESCUELA PRIMARIA VENUSTIANO CARRANZA", "estatus_ubicacion": "historica", "fuente": "INE — Encarte del Proceso Electoral Federal 2023-2024", "fecha_corte": "2024-06", "cct": "04DPR0481Q", "nombre_cct": "VENUSTIANO CARRANZA", "metodo_geo": "cruce nominal contra catálogo CCT de la SEP", "similitud_cruce": 1.0}}, {"type": "Feature", "geometry": {"type": "Point", "coordinates": [-90.51478, 19.83647]}, "properties": {"seccion": "68", "cve_mun": "04002", "nombre_municipio": "CAMPECHE", "nombre_localidad": "SAN FRANCISCO DE CAMPECHE", "distrito_local": 4, "distrito_local_cabecera": "SAN FRANCISCO DE CAMPECHE", "distrito_federal": "SAN FRANCISCO DE CAMPECHE", "casillas": "B1, C1", "n_casillas": 2, "tipos": "B, C", "ubicacion": "JARDÍN DE NIÑOS NUEVO AMANECER, CALLE MANUEL GORDILLO, NÚMERO 3, COLONIA LOMAS DEL SURESTE, SAN FRANCISCO DE CAMPECHE, CÓDIGO POSTAL 24070, CAMPECHE, CAMPECHE, ENTRE CALLE VERACRUZ Y PRIVADA DE LAS LOMAS, ATRÁS DEL CENTRO DE CAPACITACIÓN CEDECA", "inmueble": "JARDÍN DE NIÑOS NUEVO AMANECER", "estatus_ubicacion": "historica", "fuente": "INE — Encarte del Proceso Electoral Federal 2023-2024", "fecha_corte": "2024-06", "cct": "04DJN0225J", "nombre_cct": "NUEVO AMANECER", "metodo_geo": "cruce nominal contra catálogo CCT de la SEP", "similitud_cruce": 1.0}}, {"type": "Feature", "geometry": {"type": "Point", "coordinates": [-90.555813, 19.829242]}, "properties": {"seccion": "72", "cve_mun": "04002", "nombre_municipio": "CAMPECHE", "nombre_localidad": "SAN FRANCISCO DE CAMPECHE", "distrito_local": 5, "distrito_local_cabecera": "SAN FRANCISCO DE CAMPECHE", "distrito_federal": "SAN FRANCISCO DE CAMPECHE", "casillas": "B1, C1", "n_casillas": 2, "tipos": "B, C", "ubicacion": "UNIVERSIDAD AUTÓNOMA DE CAMPECHE FACULTAD DE CIENCIAS SOCIALES, AVENIDA AGUSTÍN MELGAR, SIN NÚMERO, COLONIA PRADO, SAN FRANCISCO DE CAMPECHE, CÓDIGO POSTAL 24039, CAMPECHE, CAMPECHE, ENTRE CALLE JUÁN DE LA BARRERA Y CALLE 20", "inmueble": "UNIVERSIDAD AUTÓNOMA DE CAMPECHE FACULTAD DE CIENCIAS SOCIALES", "estatus_ubicacion": "historica", "fuente": "INE — Encarte del Proceso Electoral Federal 2023-2024", "fecha_corte": "2024-06", "cct": "04USU0012Z", "nombre_cct": "FACULTAD DE CIENCIAS SOCIALES", "metodo_geo": "cruce nominal contra catálogo CCT de la SEP", "similitud_cruce": 0.65}}, {"type": "Feature", "geometry": {"type": "Point", "coordinates": [-90.55585, 19.828932]}, "properties": {"seccion": "73", "cve_mun": "04002", "nombre_municipio": "CAMPECHE", "nombre_localidad": "SAN FRANCISCO DE CAMPECHE", "distrito_local": 5, "distrito_local_cabecera": "SAN FRANCISCO DE CAMPECHE", "distrito_federal": "SAN FRANCISCO DE CAMPECHE", "casillas": "B1, C1", "n_casillas": 2, "tipos": "B, C", "ubicacion": "UNIVERSIDAD AUTÓNOMA DE CAMPECHE FACULTAD DE DERECHO, AVENIDA AGUSTÍN MELGAR, SIN NÚMERO, COLONIA BUENAVISTA, SAN FRANCISCO DE CAMPECHE, CÓDIGO POSTAL 24039, CAMPECHE, CAMPECHE, ENTRE AVENIDA JUAN DE LA BARRERA Y CALLE 20, CERCA DEL CAMPO DE FÚTBOL", "inmueble": "UNIVERSIDAD AUTÓNOMA DE CAMPECHE FACULTAD DE DERECHO", "estatus_ubicacion": "historica", "fuente": "INE — Encarte del Proceso Electoral Federal 2023-2024", "fecha_corte": "2024-06", "cct": "04USU0007N", "nombre_cct": "FACULTAD DE DERECHO", "metodo_geo": "cruce nominal contra catálogo CCT de la SEP", "similitud_cruce": 0.55}}, {"type": "Feature", "geometry": {"type": "Point", "coordinates": [-90.547023, 19.832784]}, "properties": {"seccion": "74", "cve_mun": "04002", "nombre_municipio": "CAMPECHE", "nombre_localidad": "SAN FRANCISCO DE CAMPECHE", "distrito_local": 5, "distrito_local_cabecera": "SAN FRANCISCO DE CAMPECHE", "distrito_federal": "SAN FRANCISCO DE CAMPECHE", "casillas": "B1, C1", "n_casillas": 2, "tipos": "B, C", "ubicacion": "JARDÍN DE NIÑOS MARGARITA MAZA DE JUÁREZ, CALLE 18, SIN NÚMERO, COLONIA VICENTE GUERRERO, SAN FRANCISCO DE CAMPECHE, CÓDIGO POSTAL 24035, CAMPECHE, CAMPECHE, ENTRE AVENIDA LUIS DONALDO COLOSIO Y PRIMERA PRIVADA DE CALLE 18, A UN COSTADO DE LA SERCRETARÍA DE SALUD", "inmueble": "JARDÍN DE NIÑOS MARGARITA MAZA DE JUÁREZ", "estatus_ubicacion": "historica", "fuente": "INE — Encarte del Proceso Electoral Federal 2023-2024", "fecha_corte": "2024-06", "cct": "04DJN0002A", "nombre_cct": "MARGARITA MAZA DE JUAREZ", "metodo_geo": "cruce nominal contra catálogo CCT de la SEP", "similitud_cruce": 1.0}}, {"type": "Feature", "geometry": {"type": "Point", "coordinates": [-90.54306, 19.827828]}, "properties": {"seccion": "75", "cve_mun": "04002", "nombre_municipio": "CAMPECHE", "nombre_localidad": "SAN FRANCISCO DE CAMPECHE", "distrito_local": 5, "distrito_local_cabecera": "SAN FRANCISCO DE CAMPECHE", "distrito_federal": "SAN FRANCISCO DE CAMPECHE", "casillas": "B1, C1, C2", "n_casillas": 3, "tipos": "B, C", "ubicacion": "JARDÍN DE NIÑOS 2010 BICENTENARIO DEL INICIO DE LA INDEPENDENCIA, AVENIDA DEL DUQUE, SIN NÚMERO, COLONIA SAN ARTURO, SAN FRANCISCO DE CAMPECHE, CÓDIGO POSTAL 24035, CAMPECHE, CAMPECHE, CONTRAESQUINA CON LA SECUNDARIA Y PREPARATORIA MESOAMERICANA", "inmueble": "JARDÍN DE NIÑOS 2010 BICENTENARIO DEL INICIO DE LA INDEPENDENCIA", "estatus_ubicacion": "historica", "fuente": "INE — Encarte del Proceso Electoral Federal 2023-2024", "fecha_corte": "2024-06", "cct": "04DJN0337N", "nombre_cct": "2010 BICENTENARIO DEL INICIO DE LA INDEPENDENCIA Y CENTENARIO DEL INICIO DE LA R", "metodo_geo": "cruce nominal contra catálogo CCT de la SEP", "similitud_cruce": 0.817}}, {"type": "Feature", "geometry": {"type": "Point", "coordinates": [-90.536711, 19.835756]}, "properties": {"seccion": "76", "cve_mun": "04002", "nombre_municipio": "CAMPECHE", "nombre_localidad": "SAN FRANCISCO DE CAMPECHE", "distrito_local": 4, "distrito_local_cabecera": "SAN FRANCISCO DE CAMPECHE", "distrito_federal": "SAN FRANCISCO DE CAMPECHE", "casillas": "B1, C1", "n_casillas": 2, "tipos": "B, C", "ubicacion": "PRIMARIA JAIME TORRES BODET, CALLE MARIANO RODRÍGUEZ, SIN NÚMERO, COLONIA SAN JOSÉ, SAN FRANCISCO DE CAMPECHE, CÓDIGO POSTAL 24040, CAMPECHE, CAMPECHE, ENTRE CALLE PEDRO MORENO Y CALLE IGNACIO AYALA, FRENTE A LA FÁBRICA DE CHARRITOS RICHAUD", "inmueble": "PRIMARIA JAIME TORRES BODET", "estatus_ubicacion": "historica", "fuente": "INE — Encarte del Proceso Electoral Federal 2023-2024", "fecha_corte": "2024-06", "cct": "04DPR0380S", "nombre_cct": "DR JAIME TORRES BODET", "metodo_geo": "cruce nominal contra catálogo CCT de la SEP", "similitud_cruce": 0.9}}, {"type": "Feature", "geometry": {"type": "Point", "coordinates": [-90.53318, 19.83376]}, "properties": {"seccion": "77", "cve_mun": "04002", "nombre_municipio": "CAMPECHE", "nombre_localidad": "SAN FRANCISCO DE CAMPECHE", "distrito_local": 4, "distrito_local_cabecera": "SAN FRANCISCO DE CAMPECHE", "distrito_federal": "SAN FRANCISCO DE CAMPECHE", "casillas": "B1, C1", "n_casillas": 2, "tipos": "B, C", "ubicacion": "JARDÍN DE NIÑOS JARDÍN DEL ARTE, CIRCUITO BELÉN NORTE, SIN NÚMERO, FOVISSSTE EX QUINTA BELÉN, SAN FRANCISCO DE CAMPECHE, CÓDIGO POSTAL 24050, CAMPECHE, CAMPECHE, ENTRE CIRCUITO BELÉN OESTE Y ANDADOR MAMEYES, FRENTE A LA PRIMARIA", "inmueble": "JARDÍN DE NIÑOS JARDÍN DEL ARTE", "estatus_ubicacion": "historica", "fuente": "INE — Encarte del Proceso Electoral Federal 2023-2024", "fecha_corte": "2024-06", "cct": "04DJN0112G", "nombre_cct": "JARDIN DEL ARTE", "metodo_geo": "cruce nominal contra catálogo CCT de la SEP", "similitud_cruce": 1.0}}, {"type": "Feature", "geometry": {"type": "Point", "coordinates": [-90.52518, 19.83225]}, "properties": {"seccion": "78", "cve_mun": "04002", "nombre_municipio": "CAMPECHE", "nombre_localidad": "SAN FRANCISCO DE CAMPECHE", "distrito_local": 4, "distrito_local_cabecera": "SAN FRANCISCO DE CAMPECHE", "distrito_federal": "SAN FRANCISCO DE CAMPECHE", "casillas": "B1, C1", "n_casillas": 2, "tipos": "B, C", "ubicacion": "JARDÍN DE NIÑOS JOSEFA PASCUAL DE MONTALVO, SEGUNDA PRIVADA DE CIRICOTE, NÚMERO 2, FRACCIONAMIENTO FLOR DE LIMÓN, SAN FRANCISCO DE CAMPECHE, CÓDIGO POSTAL 24060, CAMPECHE, CAMPECHE, ENTRE CALLE PERÚ Y CALLE FLOR DE LIMÓN", "inmueble": "JARDÍN DE NIÑOS JOSEFA PASCUAL DE MONTALVO", "estatus_ubicacion": "historica", "fuente": "INE — Encarte del Proceso Electoral Federal 2023-2024", "fecha_corte": "2024-06", "cct": "04DJN0054G", "nombre_cct": "JOSEFA PASCUAL DE MONTALVO", "metodo_geo": "cruce nominal contra catálogo CCT de la SEP", "similitud_cruce": 1.0}}, {"type": "Feature", "geometry": {"type": "Point", "coordinates": [-90.531667, 19.842222]}, "properties": {"seccion": "79", "cve_mun": "04002", "nombre_municipio": "CAMPECHE", "nombre_localidad": "SAN FRANCISCO DE CAMPECHE", "distrito_local": 3, "distrito_local_cabecera": "SAN FRANCISCO DE CAMPECHE", "distrito_federal": "SAN FRANCISCO DE CAMPECHE", "casillas": "B1, C1, C2, C3, C4, C5, C6, C7", "n_casillas": 8, "tipos": "B, C", "ubicacion": "ESCUELA SECUNDARIA NÚMERO 10, CALLE DECIMOSEXTA 2, SIN NÚMERO, COLONIA SIGLO VEINTIUNO, SAN FRANCISCO DE CAMPECHE, CÓDIGO POSTAL 24070, CAMPECHE, CAMPECHE, ENTRE CALLE DÉCIMO SEXTA Y DÉCIMA, FRENTE AL PARQUE PÚBLICO", "inmueble": "ESCUELA SECUNDARIA NÚMERO 10", "estatus_ubicacion": "historica", "fuente": "INE — Encarte del Proceso Electoral Federal 2023-2024", "fecha_corte": "2024-06", "cct": "04DES0010T", "nombre_cct": "ESCUELA SECUNDARIA GENERAL NUM 10", "metodo_geo": "cruce nominal contra catálogo CCT de la SEP", "similitud_cruce": 0.817}}, {"type": "Feature", "geometry": {"type": "Point", "coordinates": [-90.51023, 19.83403]}, "properties": {"seccion": "79", "cve_mun": "04002", "nombre_municipio": "CAMPECHE", "nombre_localidad": "SAN FRANCISCO DE CAMPECHE", "distrito_local": 3, "distrito_local_cabecera": "SAN FRANCISCO DE CAMPECHE", "distrito_federal": "SAN FRANCISCO DE CAMPECHE", "casillas": "E1, E1C1, E1C2", "n_casillas": 3, "tipos": "E", "ubicacion": "ESCUELA PRIMARIA HÉROE DE NACOZARI, PRIVADA AVIACIÓN, NÚMERO 1, COLONIA CUATRO CAMINOS, SAN FRANCISCO DE CAMPECHE, CÓDIGO POSTAL 24070, CAMPECHE, CAMPECHE. , POR LA ZANJA", "inmueble": "ESCUELA PRIMARIA HÉROE DE NACOZARI", "estatus_ubicacion": "historica", "fuente": "INE — Encarte del Proceso Electoral Federal 2023-2024", "fecha_corte": "2024-06", "cct": "04DPR0027Z", "nombre_cct": "HEROE DE NACOZARI", "metodo_geo": "cruce nominal contra catálogo CCT de la SEP", "similitud_cruce": 1.0}}, {"type": "Feature", "geometry": {"type": "Point", "coordinates": [-90.494178, 19.833812]}, "properties": {"seccion": "82", "cve_mun": "04002", "nombre_municipio": "CAMPECHE", "nombre_localidad": "SAN FRANCISCO DE CAMPECHE", "distrito_local": 3, "distrito_local_cabecera": "SAN FRANCISCO DE CAMPECHE", "distrito_federal": "SAN FRANCISCO DE CAMPECHE", "casillas": "B1, C1", "n_casillas": 2, "tipos": "B, C", "ubicacion": "PRIMARIA MÁRTIRES DE LA REVOLUCIÓN, CALLE EDUARDO MENA, SIN NÚMERO, COLONIA CIUDAD CONCORDIA, SAN FRANCISCO DE CAMPECHE, CÓDIGO POSTAL 24085, CAMPECHE, CAMPECHE, ENTRE AVENIDA CIRCUITO PABLO GARCÍA OESTE Y CALLE ALBERTO TRUEBA URBINA", "inmueble": "PRIMARIA MÁRTIRES DE LA REVOLUCIÓN", "estatus_ubicacion": "historica", "fuente": "INE — Encarte del Proceso Electoral Federal 2023-2024", "fecha_corte": "2024-06", "cct": "04DPR0400P", "nombre_cct": "MARTIRES DE LA REVOLUCION", "metodo_geo": "cruce nominal contra catálogo CCT de la SEP", "similitud_cruce": 1.0}}, {"type": "Feature", "geometry": {"type": "Point", "coordinates": [-90.502669, 19.837684]}, "properties": {"seccion": "83", "cve_mun": "04002", "nombre_municipio": "CAMPECHE", "nombre_localidad": "SAN FRANCISCO DE CAMPECHE", "distrito_local": 3, "distrito_local_cabecera": "SAN FRANCISCO DE CAMPECHE", "distrito_federal": "SAN FRANCISCO DE CAMPECHE", "casillas": "B1, C1, C2, C3, C4, C5, C6", "n_casillas": 7, "tipos": "B, C", "ubicacion": "PRIMARIA ULISES SANSORES, CALLE 5, SIN NÚMERO, COLONIA CARMELO, SAN FRANCISCO DE CAMPECHE, CÓDIGO POSTAL 24075, CAMPECHE, CAMPECHE, ENTRE CALLE 14 Y CALLE 8, A UN COSTADO DE LA AVENIDA CONCORDIA", "inmueble": "PRIMARIA ULISES SANSORES", "estatus_ubicacion": "historica", "fuente": "INE — Encarte del Proceso Electoral Federal 2023-2024", "fecha_corte": "2024-06", "cct": "04DPR0105N", "nombre_cct": "ULISES SANSORES", "metodo_geo": "cruce nominal contra catálogo CCT de la SEP", "similitud_cruce": 1.0}}, {"type": "Feature", "geometry": {"type": "Point", "coordinates": [-90.52098, 19.834452]}, "properties": {"seccion": "85", "cve_mun": "04002", "nombre_municipio": "CAMPECHE", "nombre_localidad": "SAN FRANCISCO DE CAMPECHE", "distrito_local": 4, "distrito_local_cabecera": "SAN FRANCISCO DE CAMPECHE", "distrito_federal": "SAN FRANCISCO DE CAMPECHE", "casillas": "B1, C1", "n_casillas": 2, "tipos": "B, C", "ubicacion": "PRIMARIA BENITO JUÁREZ, CALLE LIMONAR, SIN NÚMERO, COLONIA TOMÁS AZNAR BARBACHANO, SAN FRANCISCO DE CAMPECHE, CÓDIGO POSTAL 24060, CAMPECHE, CAMPECHE, ENTRE CALLE JALISCO Y CALLE AZTECA, CERCA DEL PARQUE", "inmueble": "PRIMARIA BENITO JUÁREZ", "estatus_ubicacion": "historica", "fuente": "INE — Encarte del Proceso Electoral Federal 2023-2024", "fecha_corte": "2024-06", "cct": "04DPR0349I", "nombre_cct": "BENITO JUAREZ", "metodo_geo": "cruce nominal contra catálogo CCT de la SEP", "similitud_cruce": 1.0}}, {"type": "Feature", "geometry": {"type": "Point", "coordinates": [-90.56154, 19.82868]}, "properties": {"seccion": "89", "cve_mun": "04002", "nombre_municipio": "CAMPECHE", "nombre_localidad": "SAN FRANCISCO DE CAMPECHE", "distrito_local": 6, "distrito_local_cabecera": "SAN FRANCISCO DE CAMPECHE", "distrito_federal": "SAN FRANCISCO DE CAMPECHE", "casillas": "B1, C1", "n_casillas": 2, "tipos": "B, C", "ubicacion": "PRIMARIA JUAN ESCUTIA, AVENIDA FERNANDO MONTES DE OCA, SIN NÚMERO, UNIDAD HABITACIONAL HÉROES DE CHAPULTEPEC FOVI, SAN FRANCISCO DE CAMPECHE, CÓDIGO POSTAL 24030, CAMPECHE, CAMPECHE, ENTRE CALLE 3 Y CALLE 5", "inmueble": "PRIMARIA JUAN ESCUTIA", "estatus_ubicacion": "historica", "fuente": "INE — Encarte del Proceso Electoral Federal 2023-2024", "fecha_corte": "2024-06", "cct": "04DPR0341Q", "nombre_cct": "JUAN ESCUTIA", "metodo_geo": "cruce nominal contra catálogo CCT de la SEP", "similitud_cruce": 1.0}}, {"type": "Feature", "geometry": {"type": "Point", "coordinates": [-90.493521, 19.811749]}, "properties": {"seccion": "90", "cve_mun": "04002", "nombre_municipio": "CAMPECHE", "nombre_localidad": "SAN FRANCISCO DE CAMPECHE", "distrito_local": 5, "distrito_local_cabecera": "SAN FRANCISCO DE CAMPECHE", "distrito_federal": "SAN FRANCISCO DE CAMPECHE", "casillas": "B1, C1, C2", "n_casillas": 3, "tipos": "B, C", "ubicacion": "SECUNDARIA GENERAL NÚMERO 8 MARÍA LAVALLE URBINA, CALLE 5, SIN NÚMERO, COLONIA SAMULÁ, SAN FRANCISCO DE CAMPECHE, CÓDIGO POSTAL 24090, CAMPECHE, CAMPECHE, ENTRE CALLE 14 Y CALLE 10", "inmueble": "SECUNDARIA GENERAL NÚMERO 8 MARÍA LAVALLE URBINA", "estatus_ubicacion": "historica", "fuente": "INE — Encarte del Proceso Electoral Federal 2023-2024", "fecha_corte": "2024-06", "cct": "04DPR0748F", "nombre_cct": "MARIA LAVALLE URBINA", "metodo_geo": "cruce nominal contra catálogo CCT de la SEP", "similitud_cruce": 0.65}}, {"type": "Feature", "geometry": {"type": "Point", "coordinates": [-90.531106, 19.825726]}, "properties": {"seccion": "92", "cve_mun": "04002", "nombre_municipio": "CAMPECHE", "nombre_localidad": "SAN FRANCISCO DE CAMPECHE", "distrito_local": 4, "distrito_local_cabecera": "SAN FRANCISCO DE CAMPECHE", "distrito_federal": "SAN FRANCISCO DE CAMPECHE", "casillas": "B1, C1", "n_casillas": 2, "tipos": "B, C", "ubicacion": "ESCUELA SECUNDARIA ESTATAL FERNANDO ANGLI LARA, AVENIDA TORMENTA, SIN NÚMERO, FRACCIONAMIENTO FRACCIORAMA 2000, SAN FRANCISCO DE CAMPECHE, CÓDIGO POSTAL 24090, CAMPECHE, CAMPECHE, ENTRE CALLE GRANIZO Y PRIVADA TORMENTA", "inmueble": "ESCUELA SECUNDARIA ESTATAL FERNANDO ANGLI LARA", "estatus_ubicacion": "historica", "fuente": "INE — Encarte del Proceso Electoral Federal 2023-2024", "fecha_corte": "2024-06", "cct": "04EES0003I", "nombre_cct": "FERNANDO E ANGLI LARA", "metodo_geo": "cruce nominal contra catálogo CCT de la SEP", "similitud_cruce": 0.9}}, {"type": "Feature", "geometry": {"type": "Point", "coordinates": [-90.521917, 19.842648]}, "properties": {"seccion": "94", "cve_mun": "04002", "nombre_municipio": "CAMPECHE", "nombre_localidad": "SAN FRANCISCO DE CAMPECHE", "distrito_local": 4, "distrito_local_cabecera": "SAN FRANCISCO DE CAMPECHE", "distrito_federal": "SAN FRANCISCO DE CAMPECHE", "casillas": "B1, C1", "n_casillas": 2, "tipos": "B, C", "ubicacion": "PRIMARIA PLAN DE AYUTLA, CALLE ECUADOR, SIN NÚMERO, COLONIA EL POLVORÍN, SAN FRANCISCO DE CAMPECHE, CÓDIGO POSTAL 24060, CAMPECHE, CAMPECHE, ENTRE PRIVADA DE LA CALLE ECUADOR Y CALLE PLAN DE AYALA, CERCA DEL PARQUE", "inmueble": "PRIMARIA PLAN DE AYUTLA", "estatus_ubicacion": "historica", "fuente": "INE — Encarte del Proceso Electoral Federal 2023-2024", "fecha_corte": "2024-06", "cct": "04DPR0658N", "nombre_cct": "PLAN DE AYUTLA", "metodo_geo": "cruce nominal contra catálogo CCT de la SEP", "similitud_cruce": 1.0}}, {"type": "Feature", "geometry": {"type": "Point", "coordinates": [-90.518061, 19.83087]}, "properties": {"seccion": "95", "cve_mun": "04002", "nombre_municipio": "CAMPECHE", "nombre_localidad": "SAN FRANCISCO DE CAMPECHE", "distrito_local": 4, "distrito_local_cabecera": "SAN FRANCISCO DE CAMPECHE", "distrito_federal": "SAN FRANCISCO DE CAMPECHE", "casillas": "B1, C1, C2", "n_casillas": 3, "tipos": "B, C", "ubicacion": "SECUNDARIA TÉCNICA NÚMERO 28, CALLE GIRASOL, SIN NÚMERO, COLONIA JARDINES, SAN FRANCISCO DE CAMPECHE, CÓDIGO POSTAL 24060, CAMPECHE, CAMPECHE, ENTRE CALLE MARGARITAS Y CALLE AZUCENA, FRENTE AL PARQUE DEPORTIVO", "inmueble": "SECUNDARIA TÉCNICA NÚMERO 28", "estatus_ubicacion": "historica", "fuente": "INE — Encarte del Proceso Electoral Federal 2023-2024", "fecha_corte": "2024-06", "cct": "04DST0028K", "nombre_cct": "ESCUELA SECUNDARIA TECNICA NUM 28", "metodo_geo": "cruce nominal contra catálogo CCT de la SEP", "similitud_cruce": 1.0}}, {"type": "Feature", "geometry": {"type": "Point", "coordinates": [-90.548488, 19.821934]}, "properties": {"seccion": "101", "cve_mun": "04002", "nombre_municipio": "CAMPECHE", "nombre_localidad": "SAMULA", "distrito_local": 5, "distrito_local_cabecera": "SAN FRANCISCO DE CAMPECHE", "distrito_federal": "SAN FRANCISCO DE CAMPECHE", "casillas": "B1, C1, C2, C3", "n_casillas": 4, "tipos": "B, C", "ubicacion": "JARDÍN DE NIÑOS EVA SAMANO DE LÓPEZ MATEOS, CALLE 9 POR 12, SIN NÚMERO, COLONIA INFONAVIT SAMULÁ, LOCALIDAD SAMULÁ, CÓDIGO POSTAL 24090, CAMPECHE, CAMPECHE, ENTRE CALLE 9 Y CALLE 11 A, ENTRADA POR LA CALLE 9", "inmueble": "JARDÍN DE NIÑOS EVA SAMANO DE LÓPEZ MATEOS", "estatus_ubicacion": "historica", "fuente": "INE — Encarte del Proceso Electoral Federal 2023-2024", "fecha_corte": "2024-06", "cct": "04DJN0095G", "nombre_cct": "EVA ZAMANO DE LOPEZ MATEOS", "metodo_geo": "cruce nominal contra catálogo CCT de la SEP", "similitud_cruce": 0.6}}, {"type": "Feature", "geometry": {"type": "Point", "coordinates": [-90.520981, 19.814819]}, "properties": {"seccion": "105", "cve_mun": "04002", "nombre_municipio": "CAMPECHE", "nombre_localidad": "SAN FRANCISCO DE CAMPECHE", "distrito_local": 6, "distrito_local_cabecera": "SAN FRANCISCO DE CAMPECHE", "distrito_federal": "SAN FRANCISCO DE CAMPECHE", "casillas": "B1, C1, C2, C3, C4", "n_casillas": 5, "tipos": "B, C", "ubicacion": "PREPARATORIA FRAY ANGÉLICO, A C, AVENIDA JOSÉ LÓPEZ PORTILLO, SIN NÚMERO, FRACCIONAMIENTO LOMAS DE LAS FLORES, SAN FRANCISCO DE CAMPECHE, CÓDIGO POSTAL 24060, CAMPECHE, CAMPECHE, ENTRE AVENIDA LÁZARO CÁRDENAS Y AVENIDA HÉROES DE NACOZARI", "inmueble": "PREPARATORIA FRAY ANGÉLICO", "estatus_ubicacion": "historica", "fuente": "INE — Encarte del Proceso Electoral Federal 2023-2024", "fecha_corte": "2024-06", "cct": "04PBH0042N", "nombre_cct": "PREPARATORIA FRAY ANGELICO", "metodo_geo": "cruce nominal contra catálogo CCT de la SEP", "similitud_cruce": 1.0}}, {"type": "Feature", "geometry": {"type": "Point", "coordinates": [-90.519344, 19.824829]}, "properties": {"seccion": "105", "cve_mun": "04002", "nombre_municipio": "CAMPECHE", "nombre_localidad": "SAN FRANCISCO DE CAMPECHE", "distrito_local": 6, "distrito_local_cabecera": "SAN FRANCISCO DE CAMPECHE", "distrito_federal": "SAN FRANCISCO DE CAMPECHE", "casillas": "E1, E1C1, E1C2, E1C3, E1C4", "n_casillas": 5, "tipos": "E", "ubicacion": "ESCUELA PRIMARIA JOSE VASCONCELOS, CALLE DEL BATALLÓN, SIN NÚMERO, COLONIA AMPLIACIÓN POLVORÍN, SAN FRANCISCO DE CAMPECHE, CÓDIGO POSTAL 24060, CAMPECHE, CAMPECHE, ENTRE LA CALLE CONVENTO Y LA CALLE CAUDILLO", "inmueble": "ESCUELA PRIMARIA JOSE VASCONCELOS", "estatus_ubicacion": "historica", "fuente": "INE — Encarte del Proceso Electoral Federal 2023-2024", "fecha_corte": "2024-06", "cct": "04DPR0258R", "nombre_cct": "JOSE VASCONCELOS", "metodo_geo": "cruce nominal contra catálogo CCT de la SEP", "similitud_cruce": 1.0}}, {"type": "Feature", "geometry": {"type": "Point", "coordinates": [-90.533022, 19.817322]}, "properties": {"seccion": "107", "cve_mun": "04002", "nombre_municipio": "CAMPECHE", "nombre_localidad": "SAN FRANCISCO DE CAMPECHE", "distrito_local": 5, "distrito_local_cabecera": "SAN FRANCISCO DE CAMPECHE", "distrito_federal": "SAN FRANCISCO DE CAMPECHE", "casillas": "B1, C1", "n_casillas": 2, "tipos": "B, C", "ubicacion": "PRIMARIA PEDRO SAINZ DE BARANDA Y BORREYRO, CALLE ENREDADORA POR CALLE VERA, SIN NÚMERO, COLONIA SASCALUM, SAN FRANCISCO DE CAMPECHE, CÓDIGO POSTAL 24095, CAMPECHE, CAMPECHE, ENTRE CALLE CERRO DE TEPEYAC Y CALLE ENREDADORA", "inmueble": "PRIMARIA PEDRO SAINZ DE BARANDA Y BORREYRO", "estatus_ubicacion": "historica", "fuente": "INE — Encarte del Proceso Electoral Federal 2023-2024", "fecha_corte": "2024-06", "cct": "04DPR0169Y", "nombre_cct": "PEDRO SAINZ DE BARANDA Y BORREYRO", "metodo_geo": "cruce nominal contra catálogo CCT de la SEP", "similitud_cruce": 1.0}}, {"type": "Feature", "geometry": {"type": "Point", "coordinates": [-90.555264, 19.815841]}, "properties": {"seccion": "109", "cve_mun": "04002", "nombre_municipio": "CAMPECHE", "nombre_localidad": "SAMULA", "distrito_local": 5, "distrito_local_cabecera": "SAN FRANCISCO DE CAMPECHE", "distrito_federal": "SAN FRANCISCO DE CAMPECHE", "casillas": "B1, C1, C2, C3", "n_casillas": 4, "tipos": "B, C", "ubicacion": "ESCUELA PRIMARIA GUADALUPE CHAN PERERA, CALLE 20, SIN NÚMERO, COLONIA KANISTÉ, LOCALIDAD SAMULÁ, CÓDIGO POSTAL 24038, CAMPECHE, CAMPECHE, ENTRE CALLE 25 Y CALLE 27", "inmueble": "ESCUELA PRIMARIA GUADALUPE CHAN PERERA", "estatus_ubicacion": "historica", "fuente": "INE — Encarte del Proceso Electoral Federal 2023-2024", "fecha_corte": "2024-06", "cct": "04DPR0624X", "nombre_cct": "GUADALUPE CHAN PERERA", "metodo_geo": "cruce nominal contra catálogo CCT de la SEP", "similitud_cruce": 1.0}}, {"type": "Feature", "geometry": {"type": "Point", "coordinates": [-90.548913, 19.815894]}, "properties": {"seccion": "111", "cve_mun": "04002", "nombre_municipio": "CAMPECHE", "nombre_localidad": "SAMULA", "distrito_local": 5, "distrito_local_cabecera": "SAN FRANCISCO DE CAMPECHE", "distrito_federal": "SAN FRANCISCO DE CAMPECHE", "casillas": "B1, C1, C2", "n_casillas": 3, "tipos": "B, C", "ubicacion": "JARDÍN DE NIÑOS ADELAIDA MARTÍNEZ DE VARGAS, CALLE 21, SIN NÚMERO, BARRIO DE SAMULÁ, LOCALIDAD SAMULA, CÓDIGO POSTAL 24090, CAMPECHE, CAMPECHE, ENTRE CALLE 8 Y CALLE 10, JUNTO AL PARQUE", "inmueble": "JARDÍN DE NIÑOS ADELAIDA MARTÍNEZ DE VARGAS", "estatus_ubicacion": "historica", "fuente": "INE — Encarte del Proceso Electoral Federal 2023-2024", "fecha_corte": "2024-06", "cct": "04DJN0061Q", "nombre_cct": "ADELAIDA MARTINEZ DE VARGAS", "metodo_geo": "cruce nominal contra catálogo CCT de la SEP", "similitud_cruce": 1.0}}, {"type": "Feature", "geometry": {"type": "Point", "coordinates": [-90.529577, 19.808385]}, "properties": {"seccion": "112", "cve_mun": "04002", "nombre_municipio": "CAMPECHE", "nombre_localidad": "SAN FRANCISCO DE CAMPECHE", "distrito_local": 6, "distrito_local_cabecera": "SAN FRANCISCO DE CAMPECHE", "distrito_federal": "SAN FRANCISCO DE CAMPECHE", "casillas": "S1", "n_casillas": 1, "tipos": "S", "ubicacion": "COLEGIO FÓRUM DE LAS AMERICAS, AVENIDA MAESTROS CAMPECHANOS, NÚMERO 566, COLONIA LÁZARO CÁRDENAS, SAN FRANCISCO DE CAMPECHE, CÓDIGO POSTAL 24095, CAMPECHE, CAMPECHE, A UN COSTADO DE CONCESIONARIA KIA BAHÍA", "inmueble": "COLEGIO FÓRUM DE LAS AMERICAS", "estatus_ubicacion": "historica", "fuente": "INE — Encarte del Proceso Electoral Federal 2023-2024", "fecha_corte": "2024-06", "cct": "04PPR0014A", "nombre_cct": "FORUM DE LAS AMERICAS", "metodo_geo": "cruce nominal contra catálogo CCT de la SEP", "similitud_cruce": 1.0}}, {"type": "Feature", "geometry": {"type": "Point", "coordinates": [-90.603636, 19.804347]}, "properties": {"seccion": "113", "cve_mun": "04002", "nombre_municipio": "CAMPECHE", "nombre_localidad": "LERMA", "distrito_local": 6, "distrito_local_cabecera": "SAN FRANCISCO DE CAMPECHE", "distrito_federal": "SAN FRANCISCO DE CAMPECHE", "casillas": "B1, C1", "n_casillas": 2, "tipos": "B, C", "ubicacion": "SECUNDARIA TÉCNICA NÚMERO 8, CALLE 22, SIN NÚMERO , COLONIA CENTRO, LOCALIDAD LERMA, CÓDIGO POSTAL 24500, CAMPECHE, CAMPECHE, ENTRE CALLE 20 Y CALLE 22", "inmueble": "SECUNDARIA TÉCNICA NÚMERO 8", "estatus_ubicacion": "historica", "fuente": "INE — Encarte del Proceso Electoral Federal 2023-2024", "fecha_corte": "2024-06", "cct": "04DST0008X", "nombre_cct": "ESCUELA SECUNDARIA TECNICA NUM 8", "metodo_geo": "cruce nominal contra catálogo CCT de la SEP", "similitud_cruce": 1.0}}, {"type": "Feature", "geometry": {"type": "Point", "coordinates": [-90.59586, 19.809921]}, "properties": {"seccion": "114", "cve_mun": "04002", "nombre_municipio": "CAMPECHE", "nombre_localidad": "LERMA", "distrito_local": 6, "distrito_local_cabecera": "SAN FRANCISCO DE CAMPECHE", "distrito_federal": "SAN FRANCISCO DE CAMPECHE", "casillas": "B1, C1", "n_casillas": 2, "tipos": "B, C", "ubicacion": "PRIMARIA MARÍA DEL CARMEN POBLACIONES, CALLE 20, NÚMERO 37, COLONIA CENTRO, LOCALIDAD LERMA, CÓDIGO POSTAL 24500, CAMPECHE, CAMPECHE, ENTRE CALLE 17 Y CALLE 19, CERCA DEL PARQUE", "inmueble": "PRIMARIA MARÍA DEL CARMEN POBLACIONES", "estatus_ubicacion": "historica", "fuente": "INE — Encarte del Proceso Electoral Federal 2023-2024", "fecha_corte": "2024-06", "cct": "04DPR0452V", "nombre_cct": "MARIA DEL CARMEN POBLACIONES", "metodo_geo": "cruce nominal contra catálogo CCT de la SEP", "similitud_cruce": 1.0}}, {"type": "Feature", "geometry": {"type": "Point", "coordinates": [-90.610555, 19.799148]}, "properties": {"seccion": "116", "cve_mun": "04002", "nombre_municipio": "CAMPECHE", "nombre_localidad": "LERMA", "distrito_local": 6, "distrito_local_cabecera": "SAN FRANCISCO DE CAMPECHE", "distrito_federal": "SAN FRANCISCO DE CAMPECHE", "casillas": "B1, C1", "n_casillas": 2, "tipos": "B, C", "ubicacion": "JARDÍN DE NIÑOS ALMA INFANTIL, PRIVADA DE LA CALLE 22, SIN NÚMERO, BARRIO KILA, LOCALIDAD LERMA, CÓDIGO POSTAL 24500, CAMPECHE, CAMPECHE, ENTRE CALLE 22 Y PRIVADA SIN NOMBRE, A UN COSTADO DE LA COMISARIA", "inmueble": "JARDÍN DE NIÑOS ALMA INFANTIL", "estatus_ubicacion": "historica", "fuente": "INE — Encarte del Proceso Electoral Federal 2023-2024", "fecha_corte": "2024-06", "cct": "04DJN0111H", "nombre_cct": "ALMA INFANTIL", "metodo_geo": "cruce nominal contra catálogo CCT de la SEP", "similitud_cruce": 1.0}}, {"type": "Feature", "geometry": {"type": "Point", "coordinates": [-90.606877, 19.80113]}, "properties": {"seccion": "117", "cve_mun": "04002", "nombre_municipio": "CAMPECHE", "nombre_localidad": "LERMA", "distrito_local": 6, "distrito_local_cabecera": "SAN FRANCISCO DE CAMPECHE", "distrito_federal": "SAN FRANCISCO DE CAMPECHE", "casillas": "B1, C1, C2", "n_casillas": 3, "tipos": "B, C", "ubicacion": "PRIMARIA 21 DE MARZO, CALLE 20, NÚMERO 20, BARRIO KILA, LOCALIDAD LERMA, CÓDIGO POSTAL 24500, CAMPECHE, CAMPECHE, ENTRE CALLE 22 Y PRIVADA HERMANOS VÁZQUEZ", "inmueble": "PRIMARIA 21 DE MARZO", "estatus_ubicacion": "historica", "fuente": "INE — Encarte del Proceso Electoral Federal 2023-2024", "fecha_corte": "2024-06", "cct": "04DPR0333H", "nombre_cct": "21 DE MARZO", "metodo_geo": "cruce nominal contra catálogo CCT de la SEP", "similitud_cruce": 1.0}}, {"type": "Feature", "geometry": {"type": "Point", "coordinates": [-90.387778, 19.926944]}, "properties": {"seccion": "118", "cve_mun": "04002", "nombre_municipio": "CAMPECHE", "nombre_localidad": "HAMPOLOL", "distrito_local": 7, "distrito_local_cabecera": "TENABO", "distrito_federal": "SAN FRANCISCO DE CAMPECHE", "casillas": "B1, C1", "n_casillas": 2, "tipos": "B, C", "ubicacion": "PRIMARIA MIGUEL HIDALGO Y COSTILLA, CALLE 7, SIN NÚMERO, LOCALIDAD HAMPOLOL, CÓDIGO POSTAL 24560, CAMPECHE, CAMPECHE, FRENTE A LA PLAZA PRINCIPAL", "inmueble": "PRIMARIA MIGUEL HIDALGO Y COSTILLA", "estatus_ubicacion": "historica", "fuente": "INE — Encarte del Proceso Electoral Federal 2023-2024", "fecha_corte": "2024-06", "cct": "04DPR0331J", "nombre_cct": "MIGUEL HIDALGO Y COSTILLA", "metodo_geo": "cruce nominal contra catálogo CCT de la SEP", "similitud_cruce": 1.0}}, {"type": "Feature", "geometry": {"type": "Point", "coordinates": [-90.3562, 19.9202]}, "properties": {"seccion": "119", "cve_mun": "04002", "nombre_municipio": "CAMPECHE", "nombre_localidad": "CHEMBLAS", "distrito_local": 7, "distrito_local_cabecera": "TENABO", "distrito_federal": "SAN FRANCISCO DE CAMPECHE", "casillas": "B1", "n_casillas": 1, "tipos": "B", "ubicacion": "JARDÍN DE NIÑOS LEONA VICARIO, DOMICILIO CONOCIDO, SIN NÚMERO, LOCALIDAD CHEMBLÁS, CÓDIGO POSTAL 24564, CAMPECHE, CAMPECHE, FRENTE A LA PLAZA PRINCIPAL", "inmueble": "JARDÍN DE NIÑOS LEONA VICARIO", "estatus_ubicacion": "historica", "fuente": "INE — Encarte del Proceso Electoral Federal 2023-2024", "fecha_corte": "2024-06", "cct": "04DCC0040O", "nombre_cct": "LEONA VICARIO", "metodo_geo": "cruce nominal contra catálogo CCT de la SEP", "similitud_cruce": 1.0}}, {"type": "Feature", "geometry": {"type": "Point", "coordinates": [-90.365833, 19.908889]}, "properties": {"seccion": "120", "cve_mun": "04002", "nombre_municipio": "CAMPECHE", "nombre_localidad": "BETHANIA", "distrito_local": 7, "distrito_local_cabecera": "TENABO", "distrito_federal": "SAN FRANCISCO DE CAMPECHE", "casillas": "B1, C1", "n_casillas": 2, "tipos": "B, C", "ubicacion": "PRIMARIA CLAUDIO CORTÉS CASTRO, DOMICILIO CONOCIDO, SIN NÚMERO, LOCALIDAD BETHANIA, CÓDIGO POSTAL 24562, CAMPECHE, CAMPECHE, FRENTE A LA PLAZA PRINCIPAL, A LADO DE LA COCINA ESCOLAR Y CALLE PRINCIPAL", "inmueble": "PRIMARIA CLAUDIO CORTÉS CASTRO", "estatus_ubicacion": "historica", "fuente": "INE — Encarte del Proceso Electoral Federal 2023-2024", "fecha_corte": "2024-06", "cct": "04DPR0345M", "nombre_cct": "CLAUDIO CORTES CASTRO", "metodo_geo": "cruce nominal contra catálogo CCT de la SEP", "similitud_cruce": 1.0}}, {"type": "Feature", "geometry": {"type": "Point", "coordinates": [-90.415844, 19.916173]}, "properties": {"seccion": "121", "cve_mun": "04002", "nombre_municipio": "CAMPECHE", "nombre_localidad": "SAN FRANCISCO KOBEN", "distrito_local": 7, "distrito_local_cabecera": "TENABO", "distrito_federal": "SAN FRANCISCO DE CAMPECHE", "casillas": "B1, C1", "n_casillas": 2, "tipos": "B, C", "ubicacion": "PRIMARIA FRANCISCO I MADERO, CALLE 8, SIN NÚMERO, LOCALIDAD SAN FRANCISCO KOBÉN, CÓDIGO POSTAL 24560, CAMPECHE, CAMPECHE, ENTRE CALLE 3 Y CALLE 5, FRENTE A LA PLAZA", "inmueble": "PRIMARIA FRANCISCO I MADERO", "estatus_ubicacion": "historica", "fuente": "INE — Encarte del Proceso Electoral Federal 2023-2024", "fecha_corte": "2024-06", "cct": "04DPR0154W", "nombre_cct": "FRANCISCO I MADERO", "metodo_geo": "cruce nominal contra catálogo CCT de la SEP", "similitud_cruce": 1.0}}, {"type": "Feature", "geometry": {"type": "Point", "coordinates": [-90.4736, 19.8757]}, "properties": {"seccion": "122", "cve_mun": "04002", "nombre_municipio": "CAMPECHE", "nombre_localidad": "IMI", "distrito_local": 7, "distrito_local_cabecera": "TENABO", "distrito_federal": "SAN FRANCISCO DE CAMPECHE", "casillas": "B1, C1", "n_casillas": 2, "tipos": "B, C", "ubicacion": "PRIMARIA REVOLUCIÓN MEXICANA, CALLE 15 A, SIN NÚMERO, LOCALIDAD IMÍ, CÓDIGO POSTAL 24560, CAMPECHE, CAMPECHE, A UN COSTADO DE LA CANCHA", "inmueble": "PRIMARIA REVOLUCIÓN MEXICANA", "estatus_ubicacion": "historica", "fuente": "INE — Encarte del Proceso Electoral Federal 2023-2024", "fecha_corte": "2024-06", "cct": "04DPR0366Z", "nombre_cct": "REVOLUCION MEXICANA", "metodo_geo": "cruce nominal contra catálogo CCT de la SEP", "similitud_cruce": 1.0}}, {"type": "Feature", "geometry": {"type": "Point", "coordinates": [-90.478116, 19.881073]}, "properties": {"seccion": "122", "cve_mun": "04002", "nombre_municipio": "CAMPECHE", "nombre_localidad": "IMI", "distrito_local": 7, "distrito_local_cabecera": "TENABO", "distrito_federal": "SAN FRANCISCO DE CAMPECHE", "casillas": "S1", "n_casillas": 1, "tipos": "S", "ubicacion": "UNIVERSIDAD MUNDO MAYA, CALLE 10, NUMERO 17, LOCALIDAD IMI, CP 24560, CAMPECHE, CAMPECHE, A UN COSTADO DE LA VÍA DE FERROCARRIL", "inmueble": "UNIVERSIDAD MUNDO MAYA", "estatus_ubicacion": "historica", "fuente": "INE — Encarte del Proceso Electoral Federal 2023-2024", "fecha_corte": "2024-06", "cct": "04PCB0010Z", "nombre_cct": "COLEGIO MUNDO MAYA", "metodo_geo": "cruce nominal contra catálogo CCT de la SEP", "similitud_cruce": 0.667}}, {"type": "Feature", "geometry": {"type": "Point", "coordinates": [-90.271667, 19.845278]}, "properties": {"seccion": "123", "cve_mun": "04002", "nombre_municipio": "CAMPECHE", "nombre_localidad": "NILCHI", "distrito_local": 2, "distrito_local_cabecera": "SAN FRANCISCO DE CAMPECHE", "distrito_federal": "SAN FRANCISCO DE CAMPECHE", "casillas": "B1, C1", "n_casillas": 2, "tipos": "B, C", "ubicacion": "PRIMARIA BENITO JUÁREZ, DOMICILIO CONOCIDO, SIN NÚMERO, LOCALIDAD NILCHÍ, CÓDIGO POSTAL 24552, CAMPECHE, CAMPECHE, FRENTE A LA PLAZA PRINCIPAL", "inmueble": "PRIMARIA BENITO JUÁREZ", "estatus_ubicacion": "historica", "fuente": "INE — Encarte del Proceso Electoral Federal 2023-2024", "fecha_corte": "2024-06", "cct": "04DPR0368X", "nombre_cct": "BENITO JUAREZ", "metodo_geo": "cruce nominal contra catálogo CCT de la SEP", "similitud_cruce": 1.0}}, {"type": "Feature", "geometry": {"type": "Point", "coordinates": [-90.430556, 19.838611]}, "properties": {"seccion": "124", "cve_mun": "04002", "nombre_municipio": "CAMPECHE", "nombre_localidad": "CASTAMAY", "distrito_local": 2, "distrito_local_cabecera": "SAN FRANCISCO DE CAMPECHE", "distrito_federal": "SAN FRANCISCO DE CAMPECHE", "casillas": "E1, E1C1", "n_casillas": 2, "tipos": "E", "ubicacion": "PRIMARIA AQUÍLES SERDÁN, PLAZA PRINCIPAL, SIN NÚMERO, LOCALIDAD CASTAMAY, CÓDIGO POSTAL 24517, CAMPECHE, CAMPECHE, A UN COSTADO DE LA COMISARÍA MUNICIPAL", "inmueble": "PRIMARIA AQUÍLES SERDÁN", "estatus_ubicacion": "historica", "fuente": "INE — Encarte del Proceso Electoral Federal 2023-2024", "fecha_corte": "2024-06", "cct": "04DPR0344N", "nombre_cct": "AQUILES SERDAN", "metodo_geo": "cruce nominal contra catálogo CCT de la SEP", "similitud_cruce": 1.0}}, {"type": "Feature", "geometry": {"type": "Point", "coordinates": [-90.501964, 19.770803]}, "properties": {"seccion": "125", "cve_mun": "04002", "nombre_municipio": "CAMPECHE", "nombre_localidad": "CHINA", "distrito_local": 3, "distrito_local_cabecera": "SAN FRANCISCO DE CAMPECHE", "distrito_federal": "SAN FRANCISCO DE CAMPECHE", "casillas": "B1, C1, C2", "n_casillas": 3, "tipos": "B, C", "ubicacion": "INSTITUTO TECNOLÓGICO DE CHINÁ, CALLE 11, SIN NÚMERO, LOCALIDAD CHINÁ, CÓDIGO POSTAL 24520, CAMPECHE, CAMPECHE, A UN COSTADO DEL PANTEÓN, ENTRE CALLE 22 Y CALLE 28", "inmueble": "INSTITUTO TECNOLÓGICO DE CHINÁ", "estatus_ubicacion": "historica", "fuente": "INE — Encarte del Proceso Electoral Federal 2023-2024", "fecha_corte": "2024-06", "cct": "04DIT0002W", "nombre_cct": "INSTITUTO TECNOLÓGICO DE CHINA", "metodo_geo": "cruce nominal contra catálogo CCT de la SEP", "similitud_cruce": 1.0}}, {"type": "Feature", "geometry": {"type": "Point", "coordinates": [-90.495463, 19.769529]}, "properties": {"seccion": "126", "cve_mun": "04002", "nombre_municipio": "CAMPECHE", "nombre_localidad": "CHINA", "distrito_local": 6, "distrito_local_cabecera": "SAN FRANCISCO DE CAMPECHE", "distrito_federal": "SAN FRANCISCO DE CAMPECHE", "casillas": "B1, C1, C2", "n_casillas": 3, "tipos": "B, C", "ubicacion": "PRIMARIA ENRIQUE  F CANABAL CORREA, CALLE 13, SIN NÚMERO, LOCALIDAD CHINÁ, CÓDIGO POSTAL 24520, CAMPECHE, CAMPECHE, ENTRE CALLE 13 Y CALLE 11, FRENTE AL PARQUE", "inmueble": "PRIMARIA ENRIQUE  F CANABAL CORREA", "estatus_ubicacion": "historica", "fuente": "INE — Encarte del Proceso Electoral Federal 2023-2024", "fecha_corte": "2024-06", "cct": "04DPR0537B", "nombre_cct": "ENRIQUE F CANABAL", "metodo_geo": "cruce nominal contra catálogo CCT de la SEP", "similitud_cruce": 0.9}}, {"type": "Feature", "geometry": {"type": "Point", "coordinates": [-90.49284, 19.761917]}, "properties": {"seccion": "127", "cve_mun": "04002", "nombre_municipio": "CAMPECHE", "nombre_localidad": "CHINA", "distrito_local": 6, "distrito_local_cabecera": "SAN FRANCISCO DE CAMPECHE", "distrito_federal": "SAN FRANCISCO DE CAMPECHE", "casillas": "B1, C1", "n_casillas": 2, "tipos": "B, C", "ubicacion": "PRIMARIA LUÍS ÁLVAREZ BARRET, CALLE 25 A, BARRIO DE LA CRUZ, LOCALIDAD CHINÁ, CÓDIGO POSTAL 24550, CAMPECHE, CAMPECHE, ENTRE CALLE 22 Y CALLE 18", "inmueble": "PRIMARIA LUÍS ÁLVAREZ BARRET", "estatus_ubicacion": "historica", "fuente": "INE — Encarte del Proceso Electoral Federal 2023-2024", "fecha_corte": "2024-06", "cct": "04DPR0162E", "nombre_cct": "LUIS ALVAREZ BARRET", "metodo_geo": "cruce nominal contra catálogo CCT de la SEP", "similitud_cruce": 1.0}}, {"type": "Feature", "geometry": {"type": "Point", "coordinates": [-90.223056, 19.766111]}, "properties": {"seccion": "129", "cve_mun": "04002", "nombre_municipio": "CAMPECHE", "nombre_localidad": "TIKINMUL", "distrito_local": 2, "distrito_local_cabecera": "SAN FRANCISCO DE CAMPECHE", "distrito_federal": "SAN FRANCISCO DE CAMPECHE", "casillas": "B1, C1, C2", "n_casillas": 3, "tipos": "B, C", "ubicacion": "PRIMARIA NIÑO CAMPESINO, DOMICILIO CONOCIDO DETRÁS DE LA TELESECUNDARIA, SIN NÚMERO, LOCALIDAD TIKINMUL, CÓDIGO POSTAL 24550, CAMPECHE, CAMPECHE, CERCA DE LA CARRETERA", "inmueble": "PRIMARIA NIÑO CAMPESINO", "estatus_ubicacion": "historica", "fuente": "INE — Encarte del Proceso Electoral Federal 2023-2024", "fecha_corte": "2024-06", "cct": "04DPR0695R", "nombre_cct": "EL NINO CAMPESINO", "metodo_geo": "cruce nominal contra catálogo CCT de la SEP", "similitud_cruce": 1.0}}, {"type": "Feature", "geometry": {"type": "Point", "coordinates": [-90.1225, 19.746667]}, "properties": {"seccion": "131", "cve_mun": "04002", "nombre_municipio": "CAMPECHE", "nombre_localidad": "PUEBLO NUEVO", "distrito_local": 2, "distrito_local_cabecera": "SAN FRANCISCO DE CAMPECHE", "distrito_federal": "SAN FRANCISCO DE CAMPECHE", "casillas": "B1", "n_casillas": 1, "tipos": "B", "ubicacion": "PRIMARIA VENUSTIANO CARRANZA, DOMICILIO CONOCIDO, SIN NÚMERO, LOCALIDAD PUEBLO NUEVO DE CAYAL, CÓDIGO POSTAL 24540, CAMPECHE, CAMPECHE, FRENTE A LA PLAZA PRINCIPAL", "inmueble": "PRIMARIA VENUSTIANO CARRANZA", "estatus_ubicacion": "historica", "fuente": "INE — Encarte del Proceso Electoral Federal 2023-2024", "fecha_corte": "2024-06", "cct": "04DPR0374H", "nombre_cct": "VENUSTIANO CARRANZA", "metodo_geo": "cruce nominal contra catálogo CCT de la SEP", "similitud_cruce": 1.0}}, {"type": "Feature", "geometry": {"type": "Point", "coordinates": [-90.0773, 19.7279]}, "properties": {"seccion": "132", "cve_mun": "04002", "nombre_municipio": "CAMPECHE", "nombre_localidad": "CRUCERO OXA", "distrito_local": 2, "distrito_local_cabecera": "SAN FRANCISCO DE CAMPECHE", "distrito_federal": "SAN FRANCISCO DE CAMPECHE", "casillas": "B1", "n_casillas": 1, "tipos": "B", "ubicacion": "PRIMARIA PRESIDENTE JUÁREZ, CALLE CHABACANO, SIN NÚMERO, LOCALIDAD CRUCERO OXÁ, CÓDIGO POSTAL 24557, CAMPECHE, CAMPECHE, ENTRE CALLE FRESA Y CALLE FRAMBUESA, FRENTE A LA PLAZA PRINCIPAL", "inmueble": "PRIMARIA PRESIDENTE JUÁREZ", "estatus_ubicacion": "historica", "fuente": "INE — Encarte del Proceso Electoral Federal 2023-2024", "fecha_corte": "2024-06", "cct": "04DPR0144P", "nombre_cct": "PRESIDENTE JUAREZ", "metodo_geo": "cruce nominal contra catálogo CCT de la SEP", "similitud_cruce": 1.0}}, {"type": "Feature", "geometry": {"type": "Point", "coordinates": [-90.504499, 19.84663]}, "properties": {"seccion": "133", "cve_mun": "04002", "nombre_municipio": "CAMPECHE", "nombre_localidad": "POCYAXUM", "distrito_local": 6, "distrito_local_cabecera": "SAN FRANCISCO DE CAMPECHE", "distrito_federal": "SAN FRANCISCO DE CAMPECHE", "casillas": "B1", "n_casillas": 1, "tipos": "B", "ubicacion": "PRIMARIA VENUSTIANO CARRANZA, CALLE 10, SIN NÚMERO, LOCALIDAD POCYAXUM, CÓDIGO POSTAL 24532, CAMPECHE, CAMPECHE, ENTRE CALLE 13 Y CALLE 15, FRENTE A LA PLAZA PRINCIPAL", "inmueble": "PRIMARIA VENUSTIANO CARRANZA", "estatus_ubicacion": "historica", "fuente": "INE — Encarte del Proceso Electoral Federal 2023-2024", "fecha_corte": "2024-06", "cct": "04DPR0481Q", "nombre_cct": "VENUSTIANO CARRANZA", "metodo_geo": "cruce nominal contra catálogo CCT de la SEP", "similitud_cruce": 1.0}}, {"type": "Feature", "geometry": {"type": "Point", "coordinates": [-90.4207, 19.6584]}, "properties": {"seccion": "134", "cve_mun": "04002", "nombre_municipio": "CAMPECHE", "nombre_localidad": "UAYAMON", "distrito_local": 6, "distrito_local_cabecera": "SAN FRANCISCO DE CAMPECHE", "distrito_federal": "SAN FRANCISCO DE CAMPECHE", "casillas": "B1", "n_casillas": 1, "tipos": "B", "ubicacion": "PRIMARIA REDENCIÓN CAMPESINA, CALLE 8, SIN NÚMERO, LOCALIDAD UAYAMÓN, CÓDIGO POSTAL 24530, CAMPECHE, CAMPECHE, FRENTE A LA PLAZA PRINCIPAL", "inmueble": "PRIMARIA REDENCIÓN CAMPESINA", "estatus_ubicacion": "historica", "fuente": "INE — Encarte del Proceso Electoral Federal 2023-2024", "fecha_corte": "2024-06", "cct": "04DPR0332I", "nombre_cct": "REDENCION CAMPESINA", "metodo_geo": "cruce nominal contra catálogo CCT de la SEP", "similitud_cruce": 1.0}}, {"type": "Feature", "geometry": {"type": "Point", "coordinates": [-90.335417, 19.653777]}, "properties": {"seccion": "135", "cve_mun": "04002", "nombre_municipio": "CAMPECHE", "nombre_localidad": "NOHACAL", "distrito_local": 6, "distrito_local_cabecera": "SAN FRANCISCO DE CAMPECHE", "distrito_federal": "SAN FRANCISCO DE CAMPECHE", "casillas": "B1, C1", "n_casillas": 2, "tipos": "B, C", "ubicacion": "PRIMARIA FRANCISCO SARABIA, DOMICILIO CONOCIDO, SIN NÚMERO, LOCALIDAD NOHACAL, CÓDIGO POSTAL 24537, CAMPECHE, CAMPECHE, FRENTE A LA PLAZA PRINCIPAL, FRENTE A LA CANCHA DE USOS MÚLTIPLES", "inmueble": "PRIMARIA FRANCISCO SARABIA", "estatus_ubicacion": "historica", "fuente": "INE — Encarte del Proceso Electoral Federal 2023-2024", "fecha_corte": "2024-06", "cct": "04DPR0367Y", "nombre_cct": "FRANCISCO SARABIA", "metodo_geo": "cruce nominal contra catálogo CCT de la SEP", "similitud_cruce": 1.0}}, {"type": "Feature", "geometry": {"type": "Point", "coordinates": [-90.415844, 19.916173]}, "properties": {"seccion": "136", "cve_mun": "04002", "nombre_municipio": "CAMPECHE", "nombre_localidad": "NOH YAXCHE (UZAHSIL EDZNA)", "distrito_local": 2, "distrito_local_cabecera": "SAN FRANCISCO DE CAMPECHE", "distrito_federal": "SAN FRANCISCO DE CAMPECHE", "casillas": "B1", "n_casillas": 1, "tipos": "B", "ubicacion": "PRIMARIA FRANCISCO I MADERO, DOMICILIO CONOCIDO, SIN NÚMERO, LOCALIDAD NOH YAXCHÉ, CÓDIGO POSTAL 24536, CAMPECHE, CAMPECHE, ENTRE 2 Y 4, FRENTE A LA CANCHA DE USO MÚLTIPLE", "inmueble": "PRIMARIA FRANCISCO I MADERO", "estatus_ubicacion": "historica", "fuente": "INE — Encarte del Proceso Electoral Federal 2023-2024", "fecha_corte": "2024-06", "cct": "04DPR0154W", "nombre_cct": "FRANCISCO I MADERO", "metodo_geo": "cruce nominal contra catálogo CCT de la SEP", "similitud_cruce": 1.0}}, {"type": "Feature", "geometry": {"type": "Point", "coordinates": [-90.4905, 19.609]}, "properties": {"seccion": "137", "cve_mun": "04002", "nombre_municipio": "CAMPECHE", "nombre_localidad": "HOBOMO", "distrito_local": 6, "distrito_local_cabecera": "SAN FRANCISCO DE CAMPECHE", "distrito_federal": "SAN FRANCISCO DE CAMPECHE", "casillas": "B1", "n_casillas": 1, "tipos": "B", "ubicacion": "PRIMARIA MIGUEL HIDALGO, DOMICILIO CONOCIDO, SIN NÚMERO, LOCALIDAD HOBOMÓ, CÓDIGO POSTAL 24520, CAMPECHE, CAMPECHE, FRENTE A LA PLAZA PRINCIPAL", "inmueble": "PRIMARIA MIGUEL HIDALGO", "estatus_ubicacion": "historica", "fuente": "INE — Encarte del Proceso Electoral Federal 2023-2024", "fecha_corte": "2024-06", "cct": "04DPR0101R", "nombre_cct": "MIGUEL HIDALGO", "metodo_geo": "cruce nominal contra catálogo CCT de la SEP", "similitud_cruce": 1.0}}, {"type": "Feature", "geometry": {"type": "Point", "coordinates": [-90.3171, 19.5823]}, "properties": {"seccion": "138", "cve_mun": "04002", "nombre_municipio": "CAMPECHE", "nombre_localidad": "TIXMUCUY", "distrito_local": 6, "distrito_local_cabecera": "SAN FRANCISCO DE CAMPECHE", "distrito_federal": "SAN FRANCISCO DE CAMPECHE", "casillas": "B1", "n_casillas": 1, "tipos": "B", "ubicacion": "PRIMARIA AQUILES SERDÁN, CALLE 9, SIN NÚMERO, LOCALIDAD TIXMUCUY, CÓDIGO POSTAL 24571, CAMPECHE, CAMPECHE, FRENTE A LA PLAZA PRINCIPAL", "inmueble": "PRIMARIA AQUILES SERDÁN", "estatus_ubicacion": "historica", "fuente": "INE — Encarte del Proceso Electoral Federal 2023-2024", "fecha_corte": "2024-06", "cct": "04DPR0428V", "nombre_cct": "AQUILES SERDAN", "metodo_geo": "cruce nominal contra catálogo CCT de la SEP", "similitud_cruce": 1.0}}, {"type": "Feature", "geometry": {"type": "Point", "coordinates": [-89.994444, 19.487778]}, "properties": {"seccion": "139", "cve_mun": "04002", "nombre_municipio": "CAMPECHE", "nombre_localidad": "LOS LAURELES", "distrito_local": 2, "distrito_local_cabecera": "SAN FRANCISCO DE CAMPECHE", "distrito_federal": "SAN FRANCISCO DE CAMPECHE", "casillas": "B1, C1, C2, C3, C4", "n_casillas": 5, "tipos": "B, C", "ubicacion": "PRIMARIA JOSEFA ORTÍZ DE DOMÍNGUEZ, NUEVO PROGRESO, SIN NÚMERO, LOCALIDAD LOS LAURELES, CÓDIGO POSTAL 24572, CAMPECHE, CAMPECHE, CERCA DEL CENTRO DE SALUD", "inmueble": "PRIMARIA JOSEFA ORTÍZ DE DOMÍNGUEZ", "estatus_ubicacion": "historica", "fuente": "INE — Encarte del Proceso Electoral Federal 2023-2024", "fecha_corte": "2024-06", "cct": "04DPR0723X", "nombre_cct": "JOSEFA ORTIZ DE DOMINGUEZ", "metodo_geo": "cruce nominal contra catálogo CCT de la SEP", "similitud_cruce": 1.0}}, {"type": "Feature", "geometry": {"type": "Point", "coordinates": [-90.182525, 19.529851]}, "properties": {"seccion": "140", "cve_mun": "04002", "nombre_municipio": "CAMPECHE", "nombre_localidad": "ALFREDO V. BONFIL", "distrito_local": 2, "distrito_local_cabecera": "SAN FRANCISCO DE CAMPECHE", "distrito_federal": "SAN FRANCISCO DE CAMPECHE", "casillas": "B1, C1", "n_casillas": 2, "tipos": "B, C", "ubicacion": "ESCUELA PRIMARIA  LIC AUGUSTO GÓMEZ VILLANUEVA, CALLE 22, SIN NÚMERO, COLONIA CENTRO, LOCALIDAD ALFREDO V BONFIL, CÓDIGO POSTAL 24570, CAMPECHE, CAMPECHE, ENTRE CALLE 11 Y CALLE 9 FRENTE A LA PLAZA PRINCIPAL", "inmueble": "ESCUELA PRIMARIA  LIC AUGUSTO GÓMEZ VILLANUEVA", "estatus_ubicacion": "historica", "fuente": "INE — Encarte del Proceso Electoral Federal 2023-2024", "fecha_corte": "2024-06", "cct": "04DPR0391Y", "nombre_cct": "LIC AUGUSTO GOMEZ VILLANUEVA", "metodo_geo": "cruce nominal contra catálogo CCT de la SEP", "similitud_cruce": 1.0}}, {"type": "Feature", "geometry": {"type": "Point", "coordinates": [-90.182638, 19.529224]}, "properties": {"seccion": "141", "cve_mun": "04002", "nombre_municipio": "CAMPECHE", "nombre_localidad": "ALFREDO V. BONFIL", "distrito_local": 2, "distrito_local_cabecera": "SAN FRANCISCO DE CAMPECHE", "distrito_federal": "SAN FRANCISCO DE CAMPECHE", "casillas": "B1, C1", "n_casillas": 2, "tipos": "B, C", "ubicacion": "JARDÍN DE NIÑOS SUEÑOS INFANTILES, CALLE 11, SIN NÚMERO, COLONIA CENTRO, LOCALIDAD ALFREDO V BONFIL, CÓDIGO POSTAL 24570, CAMPECHE, CAMPECHE, ENTRE CALLE 18 Y CALLE 20, FRENTE A LA PLAZA PRINCIPAL", "inmueble": "JARDÍN DE NIÑOS SUEÑOS INFANTILES", "estatus_ubicacion": "historica", "fuente": "INE — Encarte del Proceso Electoral Federal 2023-2024", "fecha_corte": "2024-06", "cct": "04DJN0049V", "nombre_cct": "SUENOS INFANTILES", "metodo_geo": "cruce nominal contra catálogo CCT de la SEP", "similitud_cruce": 1.0}}, {"type": "Feature", "geometry": {"type": "Point", "coordinates": [-90.118056, 19.486389]}, "properties": {"seccion": "142", "cve_mun": "04002", "nombre_municipio": "CAMPECHE", "nombre_localidad": "PICH", "distrito_local": 2, "distrito_local_cabecera": "SAN FRANCISCO DE CAMPECHE", "distrito_federal": "SAN FRANCISCO DE CAMPECHE", "casillas": "B1, C1, C2, C3", "n_casillas": 4, "tipos": "B, C", "ubicacion": "PRIMARIA BENITO JUÁREZ, AVENIDA 20 DE NOVIEMBRE, SIN NÚMERO, LOCALIDAD PICH, CÓDIGO POSTAL 24572, CAMPECHE, CAMPECHE, ENTRE BENITO JUÁREZ, FRENTE A LA PLAZA PRINCIPAL", "inmueble": "PRIMARIA BENITO JUÁREZ", "estatus_ubicacion": "historica", "fuente": "INE — Encarte del Proceso Electoral Federal 2023-2024", "fecha_corte": "2024-06", "cct": "04DPR0372J", "nombre_cct": "BENITO JUAREZ", "metodo_geo": "cruce nominal contra catálogo CCT de la SEP", "similitud_cruce": 1.0}}, {"type": "Feature", "geometry": {"type": "Point", "coordinates": [-90.359046, 19.476606]}, "properties": {"seccion": "143", "cve_mun": "04002", "nombre_municipio": "CAMPECHE", "nombre_localidad": "ADOLFO RUIZ CORTINEZ", "distrito_local": 6, "distrito_local_cabecera": "SAN FRANCISCO DE CAMPECHE", "distrito_federal": "SAN FRANCISCO DE CAMPECHE", "casillas": "B1", "n_casillas": 1, "tipos": "B", "ubicacion": "PRIMARIA BENITO JUÁREZ, DOMICILIO CONOCIDO, SIN NÚMERO, LOCALIDAD ADOLFO RUIZ CORTÍNEZ, CÓDIGO POSTAL 24575, CAMPECHE, CAMPECHE, CERCA DE LAS VÍAS, FRENTE A LA IGLESIA CATÓLICA", "inmueble": "PRIMARIA BENITO JUÁREZ", "estatus_ubicacion": "historica", "fuente": "INE — Encarte del Proceso Electoral Federal 2023-2024", "fecha_corte": "2024-06", "cct": "04DPR0133J", "nombre_cct": "BENITO JUAREZ", "metodo_geo": "cruce nominal contra catálogo CCT de la SEP", "similitud_cruce": 1.0}}, {"type": "Feature", "geometry": {"type": "Point", "coordinates": [-90.2055, 19.4424]}, "properties": {"seccion": "144", "cve_mun": "04002", "nombre_municipio": "CAMPECHE", "nombre_localidad": "BOLONCHEN CAHUICH", "distrito_local": 2, "distrito_local_cabecera": "SAN FRANCISCO DE CAMPECHE", "distrito_federal": "SAN FRANCISCO DE CAMPECHE", "casillas": "B1", "n_casillas": 1, "tipos": "B", "ubicacion": "PRIMARIA NICOLÁS CANABAL BARRERA, BENITO JUÁREZ, SIN NÚMERO, LOCALIDAD BOLONCHÉN CAHUICH, CÓDIGO POSTAL 24576, CAMPECHE, CAMPECHE, FRENTE A LA PLAZA PRINCIPAL", "inmueble": "PRIMARIA NICOLÁS CANABAL BARRERA", "estatus_ubicacion": "historica", "fuente": "INE — Encarte del Proceso Electoral Federal 2023-2024", "fecha_corte": "2024-06", "cct": "04DPR0438B", "nombre_cct": "NICOLAS CANABAL BARRERA", "metodo_geo": "cruce nominal contra catálogo CCT de la SEP", "similitud_cruce": 1.0}}, {"type": "Feature", "geometry": {"type": "Point", "coordinates": [-90.227222, 19.374444]}, "properties": {"seccion": "145", "cve_mun": "04002", "nombre_municipio": "CAMPECHE", "nombre_localidad": "MELCHOR OCAMPO", "distrito_local": 2, "distrito_local_cabecera": "SAN FRANCISCO DE CAMPECHE", "distrito_federal": "SAN FRANCISCO DE CAMPECHE", "casillas": "B1, C1", "n_casillas": 2, "tipos": "B, C", "ubicacion": "PRIMARIA FEDERAL MELCHOR OCAMPO, CALLE VICENTE GUERREO, SIN NÚMERO, LOCALIDAD MELCHOR OCAMPO, CÓDIGO POSTAL 24570, CAMPECHE, CAMPECHE, ENTRE CALLE EUGENIO ECHEVERRÍA Y CALLE PRINCIPAL, CERCA DE LA PLAZA PRINCIPAL", "inmueble": "PRIMARIA FEDERAL MELCHOR OCAMPO", "estatus_ubicacion": "historica", "fuente": "INE — Encarte del Proceso Electoral Federal 2023-2024", "fecha_corte": "2024-06", "cct": "04DPR0019R", "nombre_cct": "MELCHOR OCAMPO", "metodo_geo": "cruce nominal contra catálogo CCT de la SEP", "similitud_cruce": 1.0}}, {"type": "Feature", "geometry": {"type": "Point", "coordinates": [-90.532495, 19.846247]}, "properties": {"seccion": "146", "cve_mun": "04002", "nombre_municipio": "CAMPECHE", "nombre_localidad": "KIKAB", "distrito_local": 2, "distrito_local_cabecera": "SAN FRANCISCO DE CAMPECHE", "distrito_federal": "SAN FRANCISCO DE CAMPECHE", "casillas": "B1", "n_casillas": 1, "tipos": "B", "ubicacion": "PRIMARIA JUSTO SIERRA MÉNDEZ, CALLE 18, NÚMERO 55, LOCALIDAD KIKAB, CÓDIGO POSTAL 24534, CAMPECHE, CAMPECHE, ENTRE CALLE TAMARINDO Y CALLE ZAPOTE", "inmueble": "PRIMARIA JUSTO SIERRA MÉNDEZ", "estatus_ubicacion": "historica", "fuente": "INE — Encarte del Proceso Electoral Federal 2023-2024", "fecha_corte": "2024-06", "cct": "04DPR0210Y", "nombre_cct": "JUSTO SIERRA MENDEZ", "metodo_geo": "cruce nominal contra catálogo CCT de la SEP", "similitud_cruce": 1.0}}, {"type": "Feature", "geometry": {"type": "Point", "coordinates": [-90.052328, 20.379976]}, "properties": {"seccion": "147", "cve_mun": "04001", "nombre_municipio": "CALKINI", "nombre_localidad": "CALKINI", "distrito_local": 17, "distrito_local_cabecera": "CALKINI", "distrito_federal": "SAN FRANCISCO DE CAMPECHE", "casillas": "B1, C1, C2", "n_casillas": 3, "tipos": "B, C", "ubicacion": "PRIMARIA BENITO JUÁREZ, CALLE 5, NÚMERO 108, COLONIA FÁTIMA, CALKINÍ, CÓDIGO POSTAL 24902, CALKINÍ, CAMPECHE, ENTRE CALLE 22 A Y CALLE 22 C, FRENTE A LA PLAZA PRINCIPAL", "inmueble": "PRIMARIA BENITO JUÁREZ", "estatus_ubicacion": "historica", "fuente": "INE — Encarte del Proceso Electoral Federal 2023-2024", "fecha_corte": "2024-06", "cct": "04DPR0446K", "nombre_cct": "BENITO JUAREZ", "metodo_geo": "cruce nominal contra catálogo CCT de la SEP", "similitud_cruce": 1.0}}, {"type": "Feature", "geometry": {"type": "Point", "coordinates": [-90.0507, 20.3712]}, "properties": {"seccion": "149", "cve_mun": "04001", "nombre_municipio": "CALKINI", "nombre_localidad": "CALKINI", "distrito_local": 17, "distrito_local_cabecera": "CALKINI", "distrito_federal": "SAN FRANCISCO DE CAMPECHE", "casillas": "B1, C1", "n_casillas": 2, "tipos": "B, C", "ubicacion": "ESCUELA PRIMARIA PEDRO PABLO ARCILA, CALLE 16, NÚMERO 92, BARRIO DE LA CONCEPCIÓN, CALKINÍ, CÓDIGO POSTAL 24903, CALKINÍ, CAMPECHE, ENTRE CALLE 17 Y CALLE 19, CERCA DE LA CANCHA DE USOS MÚLTIPLES", "inmueble": "ESCUELA PRIMARIA PEDRO PABLO ARCILA", "estatus_ubicacion": "historica", "fuente": "INE — Encarte del Proceso Electoral Federal 2023-2024", "fecha_corte": "2024-06", "cct": "04DPR0450X", "nombre_cct": "PEDRO PABLO ARCILA", "metodo_geo": "cruce nominal contra catálogo CCT de la SEP", "similitud_cruce": 1.0}}, {"type": "Feature", "geometry": {"type": "Point", "coordinates": [-90.0507, 20.3712]}, "properties": {"seccion": "151", "cve_mun": "04001", "nombre_municipio": "CALKINI", "nombre_localidad": "CALKINI", "distrito_local": 17, "distrito_local_cabecera": "CALKINI", "distrito_federal": "SAN FRANCISCO DE CAMPECHE", "casillas": "B1, C1", "n_casillas": 2, "tipos": "B, C", "ubicacion": "PRIMARIA MATEO REYES, CALLE 20, NÚMERO 101, COLONIA CENTRO, CALKINÍ, CÓDIGO POSTAL 24900, CALKINÍ, CAMPECHE, ENTRE CALLE 19 Y CALLE 21, FRENTE AL PARQUE", "inmueble": "PRIMARIA MATEO REYES", "estatus_ubicacion": "historica", "fuente": "INE — Encarte del Proceso Electoral Federal 2023-2024", "fecha_corte": "2024-06", "cct": "04DPR0447J", "nombre_cct": "MATEO REYES", "metodo_geo": "cruce nominal contra catálogo CCT de la SEP", "similitud_cruce": 1.0}}, {"type": "Feature", "geometry": {"type": "Point", "coordinates": [-90.049381, 20.365367]}, "properties": {"seccion": "154", "cve_mun": "04001", "nombre_municipio": "CALKINI", "nombre_localidad": "CALKINI", "distrito_local": 17, "distrito_local_cabecera": "CALKINI", "distrito_federal": "SAN FRANCISCO DE CAMPECHE", "casillas": "B1, C1, C2", "n_casillas": 3, "tipos": "B, C", "ubicacion": "PRIMARIA CARMEN MENESES, CALLE 18, NÚMERO 142, BARRIO DE SAN LUISITO, CALKINÍ, CÓDIGO POSTAL 24900, CALKINÍ, CAMPECHE, ENTRE CALLE 27 Y CALLE 25", "inmueble": "PRIMARIA CARMEN MENESES", "estatus_ubicacion": "historica", "fuente": "INE — Encarte del Proceso Electoral Federal 2023-2024", "fecha_corte": "2024-06", "cct": "04DPR0356S", "nombre_cct": "CARMEN MENESES", "metodo_geo": "cruce nominal contra catálogo CCT de la SEP", "similitud_cruce": 1.0}}, {"type": "Feature", "geometry": {"type": "Point", "coordinates": [-90.051584, 20.374667]}, "properties": {"seccion": "154", "cve_mun": "04001", "nombre_municipio": "CALKINI", "nombre_localidad": "CALKINI", "distrito_local": 17, "distrito_local_cabecera": "CALKINI", "distrito_federal": "SAN FRANCISCO DE CAMPECHE", "casillas": "S1", "n_casillas": 1, "tipos": "S", "ubicacion": "INSTITUTO TECNOLÓGICO SUPERIOR DE CALKINÍ , AVENIDA AH CANUN, SIN NÚMERO, COLONIA SAN FELIPE, CÓDIGO POSTAL 24900, CALKINÍ, CAMPECHE, ENTRE CALLE 18 Y CARRETERA MÉRIDA CAMPECHE", "inmueble": "INSTITUTO TECNOLÓGICO SUPERIOR DE CALKINÍ", "estatus_ubicacion": "historica", "fuente": "INE — Encarte del Proceso Electoral Federal 2023-2024", "fecha_corte": "2024-06", "cct": "04EIT0001W", "nombre_cct": "INSTITUTO TECNOLOGICO SUPERIOR DE CALKINI EN EL ESTADO DE CAMPECHE", "metodo_geo": "cruce nominal contra catálogo CCT de la SEP", "similitud_cruce": 0.75}}, {"type": "Feature", "geometry": {"type": "Point", "coordinates": [-90.0507, 20.3712]}, "properties": {"seccion": "155", "cve_mun": "04001", "nombre_municipio": "CALKINI", "nombre_localidad": "CALKINI", "distrito_local": 17, "distrito_local_cabecera": "CALKINI", "distrito_federal": "SAN FRANCISCO DE CAMPECHE", "casillas": "B1, C1", "n_casillas": 2, "tipos": "B, C", "ubicacion": "PRIMARIA FRANCISCO G TORRES, CALLE 22, NÚMERO 130, BARRIO DE KILAKÁN, CALKINÍ, CÓDIGO POSTAL 24900, CALKINÍ, CAMPECHE, ENTRE CALLE 25 Y CALLE 27, FRENTE AL PARQUE", "inmueble": "PRIMARIA FRANCISCO G TORRES", "estatus_ubicacion": "historica", "fuente": "INE — Encarte del Proceso Electoral Federal 2023-2024", "fecha_corte": "2024-06", "cct": "04DPR0738Z", "nombre_cct": "FRANCISCO G TORRES", "metodo_geo": "cruce nominal contra catálogo CCT de la SEP", "similitud_cruce": 1.0}}, {"type": "Feature", "geometry": {"type": "Point", "coordinates": [-90.052893, 20.360308]}, "properties": {"seccion": "156", "cve_mun": "04001", "nombre_municipio": "CALKINI", "nombre_localidad": "CALKINI", "distrito_local": 17, "distrito_local_cabecera": "CALKINI", "distrito_federal": "SAN FRANCISCO DE CAMPECHE", "casillas": "B1, C1", "n_casillas": 2, "tipos": "B, C", "ubicacion": "SECUNDARIA TÉCNICA NÚMERO 3, JULIO MACOSSAY NEGRIN, CALLE 20, NÚMERO 181, BARRIO DE KILAKÁN, CALKINÍ, CÓDIGO POSTAL 24900, CALKINÍ, CAMPECHE, ENTRE CALLE 33 Y CALLE 29", "inmueble": "SECUNDARIA TÉCNICA NÚMERO 3", "estatus_ubicacion": "historica", "fuente": "INE — Encarte del Proceso Electoral Federal 2023-2024", "fecha_corte": "2024-06", "cct": "04DST0003B", "nombre_cct": "ESCUELA SECUNDARIA TECNICA NUM 3", "metodo_geo": "cruce nominal contra catálogo CCT de la SEP", "similitud_cruce": 1.0}}, {"type": "Feature", "geometry": {"type": "Point", "coordinates": [-90.4525, 20.691111]}, "properties": {"seccion": "157", "cve_mun": "04001", "nombre_municipio": "CALKINI", "nombre_localidad": "ISLA ARENA", "distrito_local": 17, "distrito_local_cabecera": "CALKINI", "distrito_federal": "SAN FRANCISCO DE CAMPECHE", "casillas": "B1, C1", "n_casillas": 2, "tipos": "B, C", "ubicacion": "PRIMARIA VALENTIN FOMEZ FARIAS , DOMICILIO CONOCIDO, SIN NÚMERO, LOCALIDAD ISLA ARENA, CÓDIGO POSTAL 24919, CALKINÍ, CAMPECHE, A UN LADO DE LA TELESECUNDARIA", "inmueble": "PRIMARIA VALENTIN FOMEZ FARIAS", "estatus_ubicacion": "historica", "fuente": "INE — Encarte del Proceso Electoral Federal 2023-2024", "fecha_corte": "2024-06", "cct": "04DPR0202P", "nombre_cct": "VALENTIN GOMEZ FARIAS", "metodo_geo": "cruce nominal contra catálogo CCT de la SEP", "similitud_cruce": 0.65}}, {"type": "Feature", "geometry": {"type": "Point", "coordinates": [-90.2428, 20.5079]}, "properties": {"seccion": "158", "cve_mun": "04001", "nombre_municipio": "CALKINI", "nombre_localidad": "TANKUCHE (HDA)", "distrito_local": 17, "distrito_local_cabecera": "CALKINI", "distrito_federal": "SAN FRANCISCO DE CAMPECHE", "casillas": "B1, C1", "n_casillas": 2, "tipos": "B, C", "ubicacion": "ESCUELA SECUNDARIA TÉCNICA NÚMERO 37, CALLE 4, SIN NÚMERO, LOCALIDAD TANKUCHE, CÓDIGO POSTAL 24914, CALKINÍ, CAMPECHE, POR CALLE 1, FRENTE A LA CLÍNICA DEL IMSS", "inmueble": "ESCUELA SECUNDARIA TÉCNICA NÚMERO 37", "estatus_ubicacion": "historica", "fuente": "INE — Encarte del Proceso Electoral Federal 2023-2024", "fecha_corte": "2024-06", "cct": "04DST0037S", "nombre_cct": "ESCUELA SECUNDARIA TECNICA NUM 37", "metodo_geo": "cruce nominal contra catálogo CCT de la SEP", "similitud_cruce": 1.0}}, {"type": "Feature", "geometry": {"type": "Point", "coordinates": [-90.0281, 20.4425]}, "properties": {"seccion": "160", "cve_mun": "04001", "nombre_municipio": "CALKINI", "nombre_localidad": "BECAL", "distrito_local": 17, "distrito_local_cabecera": "CALKINI", "distrito_federal": "SAN FRANCISCO DE CAMPECHE", "casillas": "B1, C1", "n_casillas": 2, "tipos": "B, C", "ubicacion": "PRIMARIA CARLOS RIVAS, CALLE 30, NÚMERO 136, LOCALIDAD BÉCAL, CÓDIGO POSTAL 24930, CALKINÍ, CAMPECHE, ENTRE CALLE 23 Y CALLE 21", "inmueble": "PRIMARIA CARLOS RIVAS", "estatus_ubicacion": "historica", "fuente": "INE — Encarte del Proceso Electoral Federal 2023-2024", "fecha_corte": "2024-06", "cct": "04DPR0449H", "nombre_cct": "CARLOS RIVAS", "metodo_geo": "cruce nominal contra catálogo CCT de la SEP", "similitud_cruce": 1.0}}, {"type": "Feature", "geometry": {"type": "Point", "coordinates": [-90.027545, 20.445757]}, "properties": {"seccion": "161", "cve_mun": "04001", "nombre_municipio": "CALKINI", "nombre_localidad": "BECAL", "distrito_local": 17, "distrito_local_cabecera": "CALKINI", "distrito_federal": "SAN FRANCISCO DE CAMPECHE", "casillas": "B1, C1", "n_casillas": 2, "tipos": "B, C", "ubicacion": "CENTRO DE BACHILLERATO TECNOLÓGICO AGROPECUARIO NÚMERO 169, CALLE 30, NÚMERO 176, BARRIO NORTE, LOCALIDAD BÉCAL, CÓDIGO POSTAL 24930, CALKINÍ, CAMPECHE, ENTRE CALLE 27 Y CALLE 29, CERCA DEL PARQUE PRINCIPAL", "inmueble": "CENTRO DE BACHILLERATO TECNOLÓGICO AGROPECUARIO NÚMERO 169", "estatus_ubicacion": "historica", "fuente": "INE — Encarte del Proceso Electoral Federal 2023-2024", "fecha_corte": "2024-06", "cct": "04XTA0169Y", "nombre_cct": "CENTRO DE BACHILLERATO TECNOLOGICO AGROPECUARIO NUM 169", "metodo_geo": "cruce nominal contra catálogo CCT de la SEP", "similitud_cruce": 1.0}}, {"type": "Feature", "geometry": {"type": "Point", "coordinates": [-90.0281, 20.4425]}, "properties": {"seccion": "162", "cve_mun": "04001", "nombre_municipio": "CALKINI", "nombre_localidad": "BECAL", "distrito_local": 17, "distrito_local_cabecera": "CALKINI", "distrito_federal": "SAN FRANCISCO DE CAMPECHE", "casillas": "B1, C1", "n_casillas": 2, "tipos": "B, C", "ubicacion": "PRIMARIA VICENTE CASTRO BACALLAO, CALLE 28, NÚMERO 207 A, LOCALIDAD BÉCAL, CÓDIGO POSTAL 24930, CALKINÍ, CAMPECHE, ENTRE CALLE 31 Y CALLE 33, FRENTE AL PARQUE PRINCIPAL", "inmueble": "PRIMARIA VICENTE CASTRO BACALLAO", "estatus_ubicacion": "historica", "fuente": "INE — Encarte del Proceso Electoral Federal 2023-2024", "fecha_corte": "2024-06", "cct": "04DPR0223B", "nombre_cct": "VICENTE CASTRO BACALLAO", "metodo_geo": "cruce nominal contra catálogo CCT de la SEP", "similitud_cruce": 1.0}}, {"type": "Feature", "geometry": {"type": "Point", "coordinates": [-90.0281, 20.4425]}, "properties": {"seccion": "163", "cve_mun": "04001", "nombre_municipio": "CALKINI", "nombre_localidad": "BECAL", "distrito_local": 17, "distrito_local_cabecera": "CALKINI", "distrito_federal": "SAN FRANCISCO DE CAMPECHE", "casillas": "B1, C1", "n_casillas": 2, "tipos": "B, C", "ubicacion": "PRIMARIA ÁLVARO OBREGÓN, CALLE 37, SIN NÚMERO, LOCALIDAD BÉCAL, CÓDIGO POSTAL 24930, CALKINÍ, CAMPECHE, ENTRE CALLE 30 Y CALLE 24", "inmueble": "PRIMARIA ÁLVARO OBREGÓN", "estatus_ubicacion": "historica", "fuente": "INE — Encarte del Proceso Electoral Federal 2023-2024", "fecha_corte": "2024-06", "cct": "04DPR0508G", "nombre_cct": "ALVARO OBREGON", "metodo_geo": "cruce nominal contra catálogo CCT de la SEP", "similitud_cruce": 1.0}}, {"type": "Feature", "geometry": {"type": "Point", "coordinates": [-90.235, 20.437778]}, "properties": {"seccion": "165", "cve_mun": "04001", "nombre_municipio": "CALKINI", "nombre_localidad": "SAN NICOLAS", "distrito_local": 17, "distrito_local_cabecera": "CALKINI", "distrito_federal": "SAN FRANCISCO DE CAMPECHE", "casillas": "B1", "n_casillas": 1, "tipos": "B", "ubicacion": "PRIMARIA JOSEFA HURTADO TRUJEQUE, CALLE 7, NÚMERO 14, LOCALIDAD SAN NICOLÁS, CÓDIGO POSTAL 24917, CALKINÍ, CAMPECHE, FRENTE AL CAMPO, JUNTO AL MOLINO", "inmueble": "PRIMARIA JOSEFA HURTADO TRUJEQUE", "estatus_ubicacion": "historica", "fuente": "INE — Encarte del Proceso Electoral Federal 2023-2024", "fecha_corte": "2024-06", "cct": "04DPR0322B", "nombre_cct": "JOSEFA HURTADO TRUJEQUE", "metodo_geo": "cruce nominal contra catálogo CCT de la SEP", "similitud_cruce": 1.0}}, {"type": "Feature", "geometry": {"type": "Point", "coordinates": [-90.149559, 20.401897]}, "properties": {"seccion": "166", "cve_mun": "04001", "nombre_municipio": "CALKINI", "nombre_localidad": "NUNKINI", "distrito_local": 17, "distrito_local_cabecera": "CALKINI", "distrito_federal": "SAN FRANCISCO DE CAMPECHE", "casillas": "B1, C1, C2", "n_casillas": 3, "tipos": "B, C", "ubicacion": "ESCUELA PRIMARIA MIGUEL HIDALGO Y COSTILLA, CALLE 17, NÚMERO 17, COLONIA CENTRO, LOCALIDAD NUNKINÍ, CÓDIGO POSTAL 24910, CALKINÍ, CAMPECHE, A UN COSTADO DEL PALACIO", "inmueble": "ESCUELA PRIMARIA MIGUEL HIDALGO Y COSTILLA", "estatus_ubicacion": "historica", "fuente": "INE — Encarte del Proceso Electoral Federal 2023-2024", "fecha_corte": "2024-06", "cct": "04DPR0403M", "nombre_cct": "MIGUEL HIDALGO Y COSTILLA", "metodo_geo": "cruce nominal contra catálogo CCT de la SEP", "similitud_cruce": 1.0}}, {"type": "Feature", "geometry": {"type": "Point", "coordinates": [-90.1495, 20.4016]}, "properties": {"seccion": "167", "cve_mun": "04001", "nombre_municipio": "CALKINI", "nombre_localidad": "NUNKINI", "distrito_local": 17, "distrito_local_cabecera": "CALKINI", "distrito_federal": "SAN FRANCISCO DE CAMPECHE", "casillas": "B1, C1", "n_casillas": 2, "tipos": "B, C", "ubicacion": "PRIMARIA FELIPE CARRILLO PUERTO, CALLE 16, SIN NÚMERO, COLONIA SAN ROMÁN, LOCALIDAD NUNKINÍ, CÓDIGO POSTAL 24910, CALKINÍ, CAMPECHE, ENTRE CALLE 19 Y CALLE 17", "inmueble": "PRIMARIA FELIPE CARRILLO PUERTO", "estatus_ubicacion": "historica", "fuente": "INE — Encarte del Proceso Electoral Federal 2023-2024", "fecha_corte": "2024-06", "cct": "04DPR0448I", "nombre_cct": "FELIPE CARRILLO PUERTO", "metodo_geo": "cruce nominal contra catálogo CCT de la SEP", "similitud_cruce": 1.0}}, {"type": "Feature", "geometry": {"type": "Point", "coordinates": [-90.146154, 20.395949]}, "properties": {"seccion": "168", "cve_mun": "04001", "nombre_municipio": "CALKINI", "nombre_localidad": "NUNKINI", "distrito_local": 17, "distrito_local_cabecera": "CALKINI", "distrito_federal": "SAN FRANCISCO DE CAMPECHE", "casillas": "B1, C1", "n_casillas": 2, "tipos": "B, C", "ubicacion": "PRIMARIA BENITO JUÁREZ, CALLE 25, SIN NÚMERO, BARRIO EL GATO NEGRO, LOCALIDAD NUNKINÍ, CÓDIGO POSTAL 24910, CALKINÍ, CAMPECHE, ENTRE CALLE 14 Y CALLE 16", "inmueble": "PRIMARIA BENITO JUÁREZ", "estatus_ubicacion": "historica", "fuente": "INE — Encarte del Proceso Electoral Federal 2023-2024", "fecha_corte": "2024-06", "cct": "04DPR0326Y", "nombre_cct": "BENITO JUAREZ", "metodo_geo": "cruce nominal contra catálogo CCT de la SEP", "similitud_cruce": 1.0}}, {"type": "Feature", "geometry": {"type": "Point", "coordinates": [-90.040318, 20.39785]}, "properties": {"seccion": "169", "cve_mun": "04001", "nombre_municipio": "CALKINI", "nombre_localidad": "TEPAKAN", "distrito_local": 17, "distrito_local_cabecera": "CALKINI", "distrito_federal": "SAN FRANCISCO DE CAMPECHE", "casillas": "B1, C1, C2", "n_casillas": 3, "tipos": "B, C", "ubicacion": "PRIMARIA BASILIO VADILLO, CALLE 7, NÚMERO 102, LOCALIDAD TEPAKÁN, CÓDIGO POSTAL 24905, CALKINÍ, CAMPECHE, ENTRE CALLE 8 Y CALLE 6", "inmueble": "PRIMARIA BASILIO VADILLO", "estatus_ubicacion": "historica", "fuente": "INE — Encarte del Proceso Electoral Federal 2023-2024", "fecha_corte": "2024-06", "cct": "04DPR0363B", "nombre_cct": "BASILIO VADILLO", "metodo_geo": "cruce nominal contra catálogo CCT de la SEP", "similitud_cruce": 1.0}}, {"type": "Feature", "geometry": {"type": "Point", "coordinates": [-90.239722, 20.398333]}, "properties": {"seccion": "170", "cve_mun": "04001", "nombre_municipio": "CALKINI", "nombre_localidad": "SANTA CRUZ (EX-HDA)", "distrito_local": 17, "distrito_local_cabecera": "CALKINI", "distrito_federal": "SAN FRANCISCO DE CAMPECHE", "casillas": "B1, C1", "n_casillas": 2, "tipos": "B, C", "ubicacion": "PRIMARIA HÉCTOR PÉREZ MARTÍNEZ, CALLE 19, SIN NÚMERO, COLONIA CENTRO, LOCALIDAD SANTA CRUZ EX HACIENDA, CÓDIGO POSTAL 24910, CALKINÍ, CAMPECHE, ENTRE CALLE 15 Y CALLE 17, FRENTE AL PARQUE PRINCIPAL", "inmueble": "PRIMARIA HÉCTOR PÉREZ MARTÍNEZ", "estatus_ubicacion": "historica", "fuente": "INE — Encarte del Proceso Electoral Federal 2023-2024", "fecha_corte": "2024-06", "cct": "04DPR0359P", "nombre_cct": "HECTOR PEREZ MARTINEZ", "metodo_geo": "cruce nominal contra catálogo CCT de la SEP", "similitud_cruce": 1.0}}, {"type": "Feature", "geometry": {"type": "Point", "coordinates": [-90.221509, 20.364778]}, "properties": {"seccion": "171", "cve_mun": "04001", "nombre_municipio": "CALKINI", "nombre_localidad": "PUCNACHEN", "distrito_local": 17, "distrito_local_cabecera": "CALKINI", "distrito_federal": "SAN FRANCISCO DE CAMPECHE", "casillas": "B1", "n_casillas": 1, "tipos": "B", "ubicacion": "PRIMARIA NICOLÁS BRAVO, DOMICILIO CONOCIDO, SIN NÚMERO, LOCALIDAD PUCNACHÉN, CÓDIGO POSTAL 24915, CALKINÍ, CAMPECHE, CERCA DE LA COMISARÍA MUNICIPAL", "inmueble": "PRIMARIA NICOLÁS BRAVO", "estatus_ubicacion": "historica", "fuente": "INE — Encarte del Proceso Electoral Federal 2023-2024", "fecha_corte": "2024-06", "cct": "04DPR0310X", "nombre_cct": "NICOLAS BRAVO", "metodo_geo": "cruce nominal contra catálogo CCT de la SEP", "similitud_cruce": 1.0}}, {"type": "Feature", "geometry": {"type": "Point", "coordinates": [-90.104167, 20.334167]}, "properties": {"seccion": "172", "cve_mun": "04001", "nombre_municipio": "CALKINI", "nombre_localidad": "SANTA CRUZ PUEBLO", "distrito_local": 17, "distrito_local_cabecera": "CALKINI", "distrito_federal": "SAN FRANCISCO DE CAMPECHE", "casillas": "B1, C1, C2", "n_casillas": 3, "tipos": "B, C", "ubicacion": "PRIMARIA JOAQUÍN R SOLÍS, CALLE 12, NÚMERO 65, LOCALIDAD SANTA CRUZ PUEBLO, CÓDIGO POSTAL 24921, CALKINÍ, CAMPECHE, ENTRE CALLE 9 Y CALLE 7, FRENTE AL PARQUE PRINCIPAL", "inmueble": "PRIMARIA JOAQUÍN R SOLÍS", "estatus_ubicacion": "historica", "fuente": "INE — Encarte del Proceso Electoral Federal 2023-2024", "fecha_corte": "2024-06", "cct": "04DPR0319O", "nombre_cct": "JOAQUIN R SOLIS", "metodo_geo": "cruce nominal contra catálogo CCT de la SEP", "similitud_cruce": 1.0}}, {"type": "Feature", "geometry": {"type": "Point", "coordinates": [-90.054148, 20.326591]}, "properties": {"seccion": "173", "cve_mun": "04013", "nombre_municipio": "DZITBALCHE", "nombre_localidad": "DZITBALCHE", "distrito_local": 19, "distrito_local_cabecera": "HECELCHAKAN", "distrito_federal": "SAN FRANCISCO DE CAMPECHE", "casillas": "B1, C1, C2", "n_casillas": 3, "tipos": "B, C", "ubicacion": "PRIMARIA FELIPE CARRILLO PUERTO, CALLE 20, SIN NÚMERO, LOCALIDAD DZITBALCHÉ, CÓDIGO POSTAL 24920, DZITBALCHÉ, CAMPECHE, ENTRE CALLE 31 Y CALLE 24, FRENTE AL PARQUE PRINCIPAL", "inmueble": "PRIMARIA FELIPE CARRILLO PUERTO", "estatus_ubicacion": "historica", "fuente": "INE — Encarte del Proceso Electoral Federal 2023-2024", "fecha_corte": "2024-06", "cct": "04DPR0148L", "nombre_cct": "FELIPE CARRILLO PUERTO", "metodo_geo": "cruce nominal contra catálogo CCT de la SEP", "similitud_cruce": 1.0}}, {"type": "Feature", "geometry": {"type": "Point", "coordinates": [-90.058782, 20.321144]}, "properties": {"seccion": "174", "cve_mun": "04013", "nombre_municipio": "DZITBALCHE", "nombre_localidad": "DZITBALCHE", "distrito_local": 19, "distrito_local_cabecera": "HECELCHAKAN", "distrito_federal": "SAN FRANCISCO DE CAMPECHE", "casillas": "B1, C1", "n_casillas": 2, "tipos": "B, C", "ubicacion": "JARDÍN DE NIÑOS JUSTO SIERRA MÉNDEZ , CALLE 25, SIN NÚMERO, BARRIO DE SAN PEDRO, LOCALIDAD DZITBALCHÉ, CÓDIGO POSTAL 24920, DZITBALCHÉ CAMPECHE, A UN COSTADO DEL BAZAR ARTESANAL", "inmueble": "JARDÍN DE NIÑOS JUSTO SIERRA MÉNDEZ", "estatus_ubicacion": "historica", "fuente": "INE — Encarte del Proceso Electoral Federal 2023-2024", "fecha_corte": "2024-06", "cct": "04DJN0028I", "nombre_cct": "JUSTO SIERRA MENDEZ", "metodo_geo": "cruce nominal contra catálogo CCT de la SEP", "similitud_cruce": 1.0}}, {"type": "Feature", "geometry": {"type": "Point", "coordinates": [-90.055748, 20.320408]}, "properties": {"seccion": "175", "cve_mun": "04013", "nombre_municipio": "DZITBALCHE", "nombre_localidad": "DZITBALCHE", "distrito_local": 19, "distrito_local_cabecera": "HECELCHAKAN", "distrito_federal": "SAN FRANCISCO DE CAMPECHE", "casillas": "B1, C1, C2", "n_casillas": 3, "tipos": "B, C", "ubicacion": "PRIMARIA ÁNGEL CASTILLO LANZ, CALLE 25 NÚMERO 199, LOCALIDAD DIZTBALCHÉ, CÓDIGO POSTAL 24920, DZITBALCHÉ, CAMPECHE, ENTRE CALLE 20 Y CALLE 22, CERCA DEL MERCADO PÚBLICO", "inmueble": "PRIMARIA ÁNGEL CASTILLO LANZ", "estatus_ubicacion": "historica", "fuente": "INE — Encarte del Proceso Electoral Federal 2023-2024", "fecha_corte": "2024-06", "cct": "04DPR0617N", "nombre_cct": "ANGEL CASTILLO LANZ", "metodo_geo": "cruce nominal contra catálogo CCT de la SEP", "similitud_cruce": 1.0}}, {"type": "Feature", "geometry": {"type": "Point", "coordinates": [-90.053593, 20.316081]}, "properties": {"seccion": "176", "cve_mun": "04013", "nombre_municipio": "DZITBALCHE", "nombre_localidad": "DZITBALCHE", "distrito_local": 19, "distrito_local_cabecera": "HECELCHAKAN", "distrito_federal": "SAN FRANCISCO DE CAMPECHE", "casillas": "B1, C1, C2, C3", "n_casillas": 4, "tipos": "B, C", "ubicacion": "PRIMARIA INDÍGENA LA REVOLUCIÓN, CALLE 24, SIN NÚMERO, LOCALIDAD DZITBALCHÉ, CÓDIGO POSTAL 24920, DZITBALCHÉ, CAMPECHE, ENTRE CALLE  19 Y CALLE 26", "inmueble": "PRIMARIA INDÍGENA LA REVOLUCIÓN", "estatus_ubicacion": "historica", "fuente": "INE — Encarte del Proceso Electoral Federal 2023-2024", "fecha_corte": "2024-06", "cct": "04DPB0012X", "nombre_cct": "LA REVOLUCION", "metodo_geo": "cruce nominal contra catálogo CCT de la SEP", "similitud_cruce": 0.65}}, {"type": "Feature", "geometry": {"type": "Point", "coordinates": [-90.058585, 20.313978]}, "properties": {"seccion": "177", "cve_mun": "04013", "nombre_municipio": "DZITBALCHE", "nombre_localidad": "DZITBALCHE", "distrito_local": 19, "distrito_local_cabecera": "HECELCHAKAN", "distrito_federal": "SAN FRANCISCO DE CAMPECHE", "casillas": "B1, C1, C2", "n_casillas": 3, "tipos": "B, C", "ubicacion": "PRIMARIA MIGUEL HIDALGO, CALLE 20, SIN NÚMERO, LOCALIDAD DZITBALCHÉ, CÓDIGO POSTAL 24920, DZITBALCHÉ, CAMPECHE, ENTRE CALLE 15 Y CALLE 17, SALIDA POR LA CARRETERA A HECELCHAKÁN", "inmueble": "PRIMARIA MIGUEL HIDALGO", "estatus_ubicacion": "historica", "fuente": "INE — Encarte del Proceso Electoral Federal 2023-2024", "fecha_corte": "2024-06", "cct": "04DPR0526W", "nombre_cct": "MIGUEL HIDALGO", "metodo_geo": "cruce nominal contra catálogo CCT de la SEP", "similitud_cruce": 1.0}}, {"type": "Feature", "geometry": {"type": "Point", "coordinates": [-90.183274, 20.316705]}, "properties": {"seccion": "178", "cve_mun": "04001", "nombre_municipio": "CALKINI", "nombre_localidad": "CONCEPCION", "distrito_local": 17, "distrito_local_cabecera": "CALKINI", "distrito_federal": "SAN FRANCISCO DE CAMPECHE", "casillas": "B1", "n_casillas": 1, "tipos": "B", "ubicacion": "PRIMARIA CUAUHTÉMOC, CALLE 21, SIN NÚMERO, LOCALIDAD CONCEPCIÓN, CÓDIGO POSTAL 24929, CALKINÍ, CAMPECHE, FRENTE AL PARQUE", "inmueble": "PRIMARIA CUAUHTÉMOC", "estatus_ubicacion": "historica", "fuente": "INE — Encarte del Proceso Electoral Federal 2023-2024", "fecha_corte": "2024-06", "cct": "04DPR0201Q", "nombre_cct": "CUAUHTEMOC", "metodo_geo": "cruce nominal contra catálogo CCT de la SEP", "similitud_cruce": 1.0}}, {"type": "Feature", "geometry": {"type": "Point", "coordinates": [-90.138106, 20.307965]}, "properties": {"seccion": "179", "cve_mun": "04001", "nombre_municipio": "CALKINI", "nombre_localidad": "SAN ANTONIO SAHCABCHEN", "distrito_local": 17, "distrito_local_cabecera": "CALKINI", "distrito_federal": "SAN FRANCISCO DE CAMPECHE", "casillas": "B1, C1, C2", "n_casillas": 3, "tipos": "B, C", "ubicacion": "PRIMARIA ANTONIO NOH, CALLE 25, SIN NÚMERO, LOCALIDAD SAN ANTONIO SAHCABCHÉN, CÓDIGO POSTAL 24922, CALKINÍ, CAMPECHE, ENTRE CALLE 21 Y CALLE 25", "inmueble": "PRIMARIA ANTONIO NOH", "estatus_ubicacion": "historica", "fuente": "INE — Encarte del Proceso Electoral Federal 2023-2024", "fecha_corte": "2024-06", "cct": "04DPR0323A", "nombre_cct": "ANTONIO NOH", "metodo_geo": "cruce nominal contra catálogo CCT de la SEP", "similitud_cruce": 1.0}}, {"type": "Feature", "geometry": {"type": "Point", "coordinates": [-90.057613, 20.287418]}, "properties": {"seccion": "180", "cve_mun": "04013", "nombre_municipio": "DZITBALCHE", "nombre_localidad": "BACABCHEN", "distrito_local": 19, "distrito_local_cabecera": "HECELCHAKAN", "distrito_federal": "SAN FRANCISCO DE CAMPECHE", "casillas": "B1, C1, C2", "n_casillas": 3, "tipos": "B, C", "ubicacion": "ESCUELA PRIMARIA PEDRO BARANDA QUIJANO, CALLE 20, SIN NÚMERO, LOCALIDAD BACABCHÉN, CÓDIGO POSTAL 24925, DZITBALCHÉ, CAMPECHE, ENTRE CALLE 3 Y CALLE 5, FRENTE A LA PLAZA PRINCIPAL", "inmueble": "ESCUELA PRIMARIA PEDRO BARANDA QUIJANO", "estatus_ubicacion": "historica", "fuente": "INE — Encarte del Proceso Electoral Federal 2023-2024", "fecha_corte": "2024-06", "cct": "04DPR0203O", "nombre_cct": "PEDRO BARANDA QUIJANO", "metodo_geo": "cruce nominal contra catálogo CCT de la SEP", "similitud_cruce": 1.0}}, {"type": "Feature", "geometry": {"type": "Point", "coordinates": [-90.1784, 20.2665]}, "properties": {"seccion": "181", "cve_mun": "04001", "nombre_municipio": "CALKINI", "nombre_localidad": "SAN AGUSTIN CHUNHUAS", "distrito_local": 17, "distrito_local_cabecera": "CALKINI", "distrito_federal": "SAN FRANCISCO DE CAMPECHE", "casillas": "B1", "n_casillas": 1, "tipos": "B", "ubicacion": "PRIMARIA JOSEFA ORTÍZ DE DOMÍNGUEZ, DOMICILIO CONOCIDO, SIN NÚMERO, LOCALIDAD SAN AGUSTÍN CHUNHUAS, CÓDIGO POSTAL 24900, CALKINÍ, CAMPECHE, ENTRE CALLE 2 Y CALLE 4, FRENTE A LA PLAZA PRINCIPAL", "inmueble": "PRIMARIA JOSEFA ORTÍZ DE DOMÍNGUEZ", "estatus_ubicacion": "historica", "fuente": "INE — Encarte del Proceso Electoral Federal 2023-2024", "fecha_corte": "2024-06", "cct": "04DPR0200R", "nombre_cct": "JOSEFA ORTIZ DE DOMINGUEZ", "metodo_geo": "cruce nominal contra catálogo CCT de la SEP", "similitud_cruce": 1.0}}, {"type": "Feature", "geometry": {"type": "Point", "coordinates": [-90.1689, 20.2356]}, "properties": {"seccion": "181", "cve_mun": "04001", "nombre_municipio": "CALKINI", "nombre_localidad": "XCACOCH", "distrito_local": 17, "distrito_local_cabecera": "CALKINI", "distrito_federal": "SAN FRANCISCO DE CAMPECHE", "casillas": "E1", "n_casillas": 1, "tipos": "E", "ubicacion": "ESCUELA INDIGENISTA JAIME NUNÓ, DOMICILIO CONOCIDO, SIN NÚMERO, LOCALIDAD XCACOCH, CÓDIGO POSTAL 24900, CALKINÍ, CAMPECHE, FRENTE A LA CANCHA DEPORTIVA", "inmueble": "ESCUELA INDIGENISTA JAIME NUNÓ", "estatus_ubicacion": "historica", "fuente": "INE — Encarte del Proceso Electoral Federal 2023-2024", "fecha_corte": "2024-06", "cct": "04DPB0079E", "nombre_cct": "JAIME NUNO", "metodo_geo": "cruce nominal contra catálogo CCT de la SEP", "similitud_cruce": 0.667}}, {"type": "Feature", "geometry": {"type": "Point", "coordinates": [-90.245278, 20.372222]}, "properties": {"seccion": "182", "cve_mun": "04001", "nombre_municipio": "CALKINI", "nombre_localidad": "SANTA MARIA", "distrito_local": 17, "distrito_local_cabecera": "CALKINI", "distrito_federal": "SAN FRANCISCO DE CAMPECHE", "casillas": "B1", "n_casillas": 1, "tipos": "B", "ubicacion": "PRIMARIA MARGARITA MAZA DE JUÁREZ, DOMICILIO CONOCIDO, SIN NÚMERO, LOCALIDAD SANTA MARÍA, CÓDIGO POSTAL 24900, CALKINÍ, CAMPECHE, FRENTE A LA COCINA ESCOLAR", "inmueble": "PRIMARIA MARGARITA MAZA DE JUÁREZ", "estatus_ubicacion": "historica", "fuente": "INE — Encarte del Proceso Electoral Federal 2023-2024", "fecha_corte": "2024-06", "cct": "04DPB0006M", "nombre_cct": "MARGARITA MAZA DE JUAREZ", "metodo_geo": "cruce nominal contra catálogo CCT de la SEP", "similitud_cruce": 1.0}}, {"type": "Feature", "geometry": {"type": "Point", "coordinates": [-90.1398, 18.6208]}, "properties": {"seccion": "359", "cve_mun": "04010", "nombre_municipio": "CALAKMUL", "nombre_localidad": "PABLO GARCIA", "distrito_local": 21, "distrito_local_cabecera": "XPUJIL", "distrito_federal": "SAN FRANCISCO DE CAMPECHE", "casillas": "B1, C1", "n_casillas": 2, "tipos": "B, C", "ubicacion": "ESCUELA PRIMARIA NIÑOS HÉROES DE CHAPULTEPEC, CALLE SIN NOMBRE, SIN NÚMERO, LOCALIDAD PABLO GARCÍA, CÓDIGO POSTAL 24658, CALAKMUL, CAMPECHE, FRENTE AL TANQUE DE AGUA POTABLE", "inmueble": "ESCUELA PRIMARIA NIÑOS HÉROES DE CHAPULTEPEC", "estatus_ubicacion": "historica", "fuente": "INE — Encarte del Proceso Electoral Federal 2023-2024", "fecha_corte": "2024-06", "cct": "04DPR0615P", "nombre_cct": "NINOS HEROES DE CHAPULTEPEC", "metodo_geo": "cruce nominal contra catálogo CCT de la SEP", "similitud_cruce": 1.0}}, {"type": "Feature", "geometry": {"type": "Point", "coordinates": [-90.136485, 18.624633]}, "properties": {"seccion": "360", "cve_mun": "04010", "nombre_municipio": "CALAKMUL", "nombre_localidad": "CONSTITUCION", "distrito_local": 21, "distrito_local_cabecera": "XPUJIL", "distrito_federal": "SAN FRANCISCO DE CAMPECHE", "casillas": "B1, C1, C2", "n_casillas": 3, "tipos": "B, C", "ubicacion": "ESCUELA PRIMARIA VENUSTIANO CARRANZA, CARRETERA FEDERAL KILOMETRO 70, SIN NÚMERO, LOCALIDAD CONSTITUCIÓN, CÓDIGO POSTAL 24658, CALAKMUL, CAMPECHE, SOBRE LA CARRETERA", "inmueble": "ESCUELA PRIMARIA VENUSTIANO CARRANZA", "estatus_ubicacion": "historica", "fuente": "INE — Encarte del Proceso Electoral Federal 2023-2024", "fecha_corte": "2024-06", "cct": "04DPR0266Z", "nombre_cct": "VENUSTIANO CARRANZA", "metodo_geo": "cruce nominal contra catálogo CCT de la SEP", "similitud_cruce": 1.0}}, {"type": "Feature", "geometry": {"type": "Point", "coordinates": [-89.453582, 18.230874]}, "properties": {"seccion": "362", "cve_mun": "04010", "nombre_municipio": "CALAKMUL", "nombre_localidad": "PUEBLA DE MORELIA", "distrito_local": 21, "distrito_local_cabecera": "XPUJIL", "distrito_federal": "SAN FRANCISCO DE CAMPECHE", "casillas": "E1", "n_casillas": 1, "tipos": "E", "ubicacion": "ESCUELA PRIMARIA MIGUEL HIDALGO, CALLE SIN NOMBRE, SIN NÚMERO, LOCALIDAD PUEBLA DE MORELIA, CÓDIGO POSTAL 24654, CALAKMUL, CAMPECHE, FRENTE A LA PRIMARIA DE CONAFE", "inmueble": "ESCUELA PRIMARIA MIGUEL HIDALGO", "estatus_ubicacion": "historica", "fuente": "INE — Encarte del Proceso Electoral Federal 2023-2024", "fecha_corte": "2024-06", "cct": "04DPR0197U", "nombre_cct": "MIGUEL HIDALGO Y COSTILLA", "metodo_geo": "cruce nominal contra catálogo CCT de la SEP", "similitud_cruce": 0.667}}, {"type": "Feature", "geometry": {"type": "Point", "coordinates": [-90.1345, 20.177]}, "properties": {"seccion": "363", "cve_mun": "04005", "nombre_municipio": "HECELCHAKAN", "nombre_localidad": "HECELCHAKAN", "distrito_local": 19, "distrito_local_cabecera": "HECELCHAKAN", "distrito_federal": "SAN FRANCISCO DE CAMPECHE", "casillas": "B1, C1, C2", "n_casillas": 3, "tipos": "B, C", "ubicacion": "PRIMARIA ESTADO DE TABASCO, CALLE 19, NÚMERO 501, BARRIO LA QUINTA, HECELCHAKÁN, CÓDIGO POSTAL 24800, HECELCHAKÁN, CAMPECHE, ENTRE CALLE 28 Y CALLE 26 A, FRENTE AL PARQUE PRINCIPAL", "inmueble": "PRIMARIA ESTADO DE TABASCO", "estatus_ubicacion": "historica", "fuente": "INE — Encarte del Proceso Electoral Federal 2023-2024", "fecha_corte": "2024-06", "cct": "04DPR0613R", "nombre_cct": "ESTADO DE TABASCO", "metodo_geo": "cruce nominal contra catálogo CCT de la SEP", "similitud_cruce": 1.0}}, {"type": "Feature", "geometry": {"type": "Point", "coordinates": [-90.132848, 20.178135]}, "properties": {"seccion": "364", "cve_mun": "04005", "nombre_municipio": "HECELCHAKAN", "nombre_localidad": "HECELCHAKAN", "distrito_local": 19, "distrito_local_cabecera": "HECELCHAKAN", "distrito_federal": "SAN FRANCISCO DE CAMPECHE", "casillas": "B1, C1, C2", "n_casillas": 3, "tipos": "B, C", "ubicacion": "ESCUELA PRIMARIA CARLOS R. MENÉNDEZ, CALLE 20, SIN NÚMERO , COLONIA CENTRO, HECELCHAKÁN, CÓDIGO POSTAL 24800, HECELCHAKÁN, CAMPECHE, ENTRE CALLE 19 Y CALLE 21, FRENTE AL PARQUE PRINCIPAL", "inmueble": "ESCUELA PRIMARIA CARLOS R. MENÉNDEZ", "estatus_ubicacion": "historica", "fuente": "INE — Encarte del Proceso Electoral Federal 2023-2024", "fecha_corte": "2024-06", "cct": "04DPR0182S", "nombre_cct": "CARLOS R MENENDEZ", "metodo_geo": "cruce nominal contra catálogo CCT de la SEP", "similitud_cruce": 1.0}}, {"type": "Feature", "geometry": {"type": "Point", "coordinates": [-90.1345, 20.177]}, "properties": {"seccion": "365", "cve_mun": "04005", "nombre_municipio": "HECELCHAKAN", "nombre_localidad": "HECELCHAKAN", "distrito_local": 19, "distrito_local_cabecera": "HECELCHAKAN", "distrito_federal": "SAN FRANCISCO DE CAMPECHE", "casillas": "B1, C1", "n_casillas": 2, "tipos": "B, C", "ubicacion": "PRIMARIA ESTADO DE CHIAPAS, CALLE 14, SIN NÚMERO, BARRIO DE SAN ANTONIO, HECELCHAKÁN, CÓDIGO POSTAL 24800, HECELCHAKÁN, CAMPECHE, ENTRE CALLE 23, AL FINAL DE LA CALLE 14", "inmueble": "PRIMARIA ESTADO DE CHIAPAS", "estatus_ubicacion": "historica", "fuente": "INE — Encarte del Proceso Electoral Federal 2023-2024", "fecha_corte": "2024-06", "cct": "04DPR0158S", "nombre_cct": "ESTADO DE CHIAPAS", "metodo_geo": "cruce nominal contra catálogo CCT de la SEP", "similitud_cruce": 1.0}}, {"type": "Feature", "geometry": {"type": "Point", "coordinates": [-90.141009, 20.174286]}, "properties": {"seccion": "367", "cve_mun": "04005", "nombre_municipio": "HECELCHAKAN", "nombre_localidad": "HECELCHAKAN", "distrito_local": 19, "distrito_local_cabecera": "HECELCHAKAN", "distrito_federal": "SAN FRANCISCO DE CAMPECHE", "casillas": "B1, C1", "n_casillas": 2, "tipos": "B, C", "ubicacion": "PRIMARIA ESTADO DE YUCATÁN, CALLE 27, NÚMERO 98, BARRIO DE SAN FRANCISCO, HECELCHAKÁN, CÓDIGO POSTAL 24800, HECELCHAKÁN, CAMPECHE, ENTRE CALLE 20 Y CALLE 24", "inmueble": "PRIMARIA ESTADO DE YUCATÁN", "estatus_ubicacion": "historica", "fuente": "INE — Encarte del Proceso Electoral Federal 2023-2024", "fecha_corte": "2024-06", "cct": "04DPR0188M", "nombre_cct": "ESTADO DE YUCATAN", "metodo_geo": "cruce nominal contra catálogo CCT de la SEP", "similitud_cruce": 1.0}}, {"type": "Feature", "geometry": {"type": "Point", "coordinates": [-90.13809, 20.173142]}, "properties": {"seccion": "368", "cve_mun": "04005", "nombre_municipio": "HECELCHAKAN", "nombre_localidad": "HECELCHAKAN", "distrito_local": 19, "distrito_local_cabecera": "HECELCHAKAN", "distrito_federal": "SAN FRANCISCO DE CAMPECHE", "casillas": "B1, C1", "n_casillas": 2, "tipos": "B, C", "ubicacion": "ESCUELA NORMAL RURAL JUSTO SIERRA MÉNDEZ, AVENIDA JUAN PACHECO TORRES, SIN NÚMERO, BARRIO DE SAN ANTONIO, HECELCHAKÁN, CÓDIGO POSTAL 24800, HECELCHAKÁN, CAMPECHE, A UN COSTADO DEL CEMENTERIO Y DEL IMSS", "inmueble": "ESCUELA NORMAL RURAL JUSTO SIERRA MÉNDEZ", "estatus_ubicacion": "historica", "fuente": "INE — Encarte del Proceso Electoral Federal 2023-2024", "fecha_corte": "2024-06", "cct": "04DNP0002V", "nombre_cct": "ESCUELA NORMAL RURAL JUSTO SIERRA MENDEZ", "metodo_geo": "cruce nominal contra catálogo CCT de la SEP", "similitud_cruce": 1.0}}, {"type": "Feature", "geometry": {"type": "Point", "coordinates": [-90.2424, 20.2461]}, "properties": {"seccion": "369", "cve_mun": "04005", "nombre_municipio": "HECELCHAKAN", "nombre_localidad": "CHUNKANAN", "distrito_local": 19, "distrito_local_cabecera": "HECELCHAKAN", "distrito_federal": "SAN FRANCISCO DE CAMPECHE", "casillas": "B1, C1", "n_casillas": 2, "tipos": "B, C", "ubicacion": "PRIMARIA SANTIAGO ORTEGA, DOMICILIO CONOCIDO, SIN NÚMERO, LOCALIDAD CHUNKANÁN, CÓDIGO POSTAL 24831, HECELCHAKÁN, CAMPECHE, FRENTE AL CENTRO COMUNITARIO DIGITAL", "inmueble": "PRIMARIA SANTIAGO ORTEGA", "estatus_ubicacion": "historica", "fuente": "INE — Encarte del Proceso Electoral Federal 2023-2024", "fecha_corte": "2024-06", "cct": "04DPR0090B", "nombre_cct": "SANTIAGO ORTEGA", "metodo_geo": "cruce nominal contra catálogo CCT de la SEP", "similitud_cruce": 1.0}}, {"type": "Feature", "geometry": {"type": "Point", "coordinates": [-90.1028, 20.2378]}, "properties": {"seccion": "370", "cve_mun": "04005", "nombre_municipio": "HECELCHAKAN", "nombre_localidad": "POCBOC", "distrito_local": 19, "distrito_local_cabecera": "HECELCHAKAN", "distrito_federal": "SAN FRANCISCO DE CAMPECHE", "casillas": "B1, C1", "n_casillas": 2, "tipos": "B, C", "ubicacion": "PRIMARIA LEOPOLDO ARANA CABRERA, CALLE 20, SIN NÚMERO, COLONIA CENTRO, LOCALIDAD POC BOC, CÓDIGO POSTAL 24830, HECELCHAKÁN, CAMPECHE, FRENTE A LA CALLE PRINCIPAL", "inmueble": "PRIMARIA LEOPOLDO ARANA CABRERA", "estatus_ubicacion": "historica", "fuente": "INE — Encarte del Proceso Electoral Federal 2023-2024", "fecha_corte": "2024-06", "cct": "04DPR0085Q", "nombre_cct": "LEOPOLDO ARANA CABRERA", "metodo_geo": "cruce nominal contra catálogo CCT de la SEP", "similitud_cruce": 1.0}}, {"type": "Feature", "geometry": {"type": "Point", "coordinates": [-90.1175, 20.204444]}, "properties": {"seccion": "371", "cve_mun": "04005", "nombre_municipio": "HECELCHAKAN", "nombre_localidad": "SANTA CRUZ", "distrito_local": 19, "distrito_local_cabecera": "HECELCHAKAN", "distrito_federal": "SAN FRANCISCO DE CAMPECHE", "casillas": "B1, C1", "n_casillas": 2, "tipos": "B, C", "ubicacion": "PRIMARIA JUSTO SIERRA MÉNDEZ, CALLE 20, SIN NÚMERO, COLONIA CENTRO, LOCALIDAD SANTA CRUZ, CÓDIGO POSTAL 24837, HECELCHAKÁN, CAMPECHE, ENTRE CALLE 9 Y CALLE 20, FRENTE A LA PLAZA PRINCIPAL", "inmueble": "PRIMARIA JUSTO SIERRA MÉNDEZ", "estatus_ubicacion": "historica", "fuente": "INE — Encarte del Proceso Electoral Federal 2023-2024", "fecha_corte": "2024-06", "cct": "04DPR0406J", "nombre_cct": "JUSTO SIERRA MENDEZ", "metodo_geo": "cruce nominal contra catálogo CCT de la SEP", "similitud_cruce": 1.0}}, {"type": "Feature", "geometry": {"type": "Point", "coordinates": [-89.970244, 20.187049]}, "properties": {"seccion": "372", "cve_mun": "04005", "nombre_municipio": "HECELCHAKAN", "nombre_localidad": "SAN VICENTE CUMPICH", "distrito_local": 19, "distrito_local_cabecera": "HECELCHAKAN", "distrito_federal": "SAN FRANCISCO DE CAMPECHE", "casillas": "B1, C1, C2", "n_casillas": 3, "tipos": "B, C", "ubicacion": "PRIMARIA RURAL FEDERAL EMILIANO ZAPATA, DOMICILIO CONOCIDO, SIN NÚMERO, LOCALIDAD SAN VICENTE CUMPICH, CÓDIGO POSTAL 24838, HECELCHAKÁN, CAMPECHE, FRENTE AL PARQUE", "inmueble": "PRIMARIA RURAL FEDERAL EMILIANO ZAPATA", "estatus_ubicacion": "historica", "fuente": "INE — Encarte del Proceso Electoral Federal 2023-2024", "fecha_corte": "2024-06", "cct": "04DPR0086P", "nombre_cct": "EMILIANO ZAPATA", "metodo_geo": "cruce nominal contra catálogo CCT de la SEP", "similitud_cruce": 0.667}}, {"type": "Feature", "geometry": {"type": "Point", "coordinates": [-90.107778, 20.186944]}, "properties": {"seccion": "373", "cve_mun": "04005", "nombre_municipio": "HECELCHAKAN", "nombre_localidad": "DZITNUP", "distrito_local": 19, "distrito_local_cabecera": "HECELCHAKAN", "distrito_federal": "SAN FRANCISCO DE CAMPECHE", "casillas": "B1, C1", "n_casillas": 2, "tipos": "B, C", "ubicacion": "PRIMARIA EMILIANO ZAPATA, DOMICILIO CONOCIDO, SIN NÚMERO, LOCALIDAD DZITNUP, CÓDIGO POSTAL 24839, HECELCHAKÁN, CAMPECHE, PLAZA CENTRO", "inmueble": "PRIMARIA EMILIANO ZAPATA", "estatus_ubicacion": "historica", "fuente": "INE — Encarte del Proceso Electoral Federal 2023-2024", "fecha_corte": "2024-06", "cct": "04DPR0365Z", "nombre_cct": "EMILIANO ZAPATA", "metodo_geo": "cruce nominal contra catálogo CCT de la SEP", "similitud_cruce": 1.0}}, {"type": "Feature", "geometry": {"type": "Point", "coordinates": [-90.2288, 20.1676]}, "properties": {"seccion": "374", "cve_mun": "04005", "nombre_municipio": "HECELCHAKAN", "nombre_localidad": "SODZIL", "distrito_local": 19, "distrito_local_cabecera": "HECELCHAKAN", "distrito_federal": "SAN FRANCISCO DE CAMPECHE", "casillas": "B1", "n_casillas": 1, "tipos": "B", "ubicacion": "PRIMARIA U ZAZIL MAYAB, DOMICILIO CONOCIDO, SIN NÚMERO, LOCALIDAD SODZIL, CÓDIGO POSTAL 24811, HECELCHAKÁN, CAMPECHE, PLAZA PRINCIPAL", "inmueble": "PRIMARIA U ZAZIL MAYAB", "estatus_ubicacion": "historica", "fuente": "INE — Encarte del Proceso Electoral Federal 2023-2024", "fecha_corte": "2024-06", "cct": "04DPR0088N", "nombre_cct": "U-ZAZIL-MAYAB", "metodo_geo": "cruce nominal contra catálogo CCT de la SEP", "similitud_cruce": 1.0}}, {"type": "Feature", "geometry": {"type": "Point", "coordinates": [-90.174262, 20.143547]}, "properties": {"seccion": "375", "cve_mun": "04005", "nombre_municipio": "HECELCHAKAN", "nombre_localidad": "POMUCH", "distrito_local": 19, "distrito_local_cabecera": "HECELCHAKAN", "distrito_federal": "SAN FRANCISCO DE CAMPECHE", "casillas": "B1, C1, C2", "n_casillas": 3, "tipos": "B, C", "ubicacion": "JARDÍN DE NIÑOS INDÍGENA JOSEFA ORTÍZ DE DOMÍNGUEZ, CALLE 7 POR CALLE 16, SIN NÚMERO, BARRIO DE LA SOLEDAD, LOCALIDAD POMUCH, CÓDIGO POSTAL 24810, HECELCHAKÁN, CAMPECHE, ENTRE CALLE 9 Y CALLE SIN NÚMERO, A UN COSTADO DE LA PRIMARIA VICENTE GUERRERO", "inmueble": "JARDÍN DE NIÑOS INDÍGENA JOSEFA ORTÍZ DE DOMÍNGUEZ", "estatus_ubicacion": "historica", "fuente": "INE — Encarte del Proceso Electoral Federal 2023-2024", "fecha_corte": "2024-06", "cct": "04DCC0047H", "nombre_cct": "JOSEFA ORTIZ DE DOMINGUEZ", "metodo_geo": "cruce nominal contra catálogo CCT de la SEP", "similitud_cruce": 0.9}}, {"type": "Feature", "geometry": {"type": "Point", "coordinates": [-90.1752, 20.1377]}, "properties": {"seccion": "376", "cve_mun": "04005", "nombre_municipio": "HECELCHAKAN", "nombre_localidad": "POMUCH", "distrito_local": 19, "distrito_local_cabecera": "HECELCHAKAN", "distrito_federal": "SAN FRANCISCO DE CAMPECHE", "casillas": "B1, C1, C2", "n_casillas": 3, "tipos": "B, C", "ubicacion": "JARDÍN DE NIÑOS ROSAURA ZAPATA, CALLE 12, SIN NÚMERO, BARRIO DE VILLA LUCRECIA, LOCALIDAD POMUCH, CÓDIGO POSTAL 24810, HECELCHAKÁN, CAMPECHE, ENTRE CALLE 1 A Y CALLE 10", "inmueble": "JARDÍN DE NIÑOS ROSAURA ZAPATA", "estatus_ubicacion": "historica", "fuente": "INE — Encarte del Proceso Electoral Federal 2023-2024", "fecha_corte": "2024-06", "cct": "04DJN0151I", "nombre_cct": "ROSAURA ZAPATA", "metodo_geo": "cruce nominal contra catálogo CCT de la SEP", "similitud_cruce": 1.0}}, {"type": "Feature", "geometry": {"type": "Point", "coordinates": [-90.1752, 20.1377]}, "properties": {"seccion": "377", "cve_mun": "04005", "nombre_municipio": "HECELCHAKAN", "nombre_localidad": "POMUCH", "distrito_local": 19, "distrito_local_cabecera": "HECELCHAKAN", "distrito_federal": "SAN FRANCISCO DE CAMPECHE", "casillas": "B1, C1", "n_casillas": 2, "tipos": "B, C", "ubicacion": "PRIMARIA EMILIANO ZAPATA, CALLE 19, NÚMERO 45, BARRIO DE SAN GERÓNIMO, LOCALIDAD POMUCH, CÓDIGO POSTAL 24810, HECELCHAKÁN, CAMPECHE, ENTRE CALLE 14 Y CALLE 12", "inmueble": "PRIMARIA EMILIANO ZAPATA", "estatus_ubicacion": "historica", "fuente": "INE — Encarte del Proceso Electoral Federal 2023-2024", "fecha_corte": "2024-06", "cct": "04DPR0087O", "nombre_cct": "EMILIANO ZAPATA", "metodo_geo": "cruce nominal contra catálogo CCT de la SEP", "similitud_cruce": 1.0}}, {"type": "Feature", "geometry": {"type": "Point", "coordinates": [-90.178689, 20.131015]}, "properties": {"seccion": "378", "cve_mun": "04005", "nombre_municipio": "HECELCHAKAN", "nombre_localidad": "POMUCH", "distrito_local": 19, "distrito_local_cabecera": "HECELCHAKAN", "distrito_federal": "SAN FRANCISCO DE CAMPECHE", "casillas": "B1, C1, C2", "n_casillas": 3, "tipos": "B, C", "ubicacion": "PRIMARIA PABLO GARCÍA, CALLE 12, NÚMERO 60, COLONIA CENTRO, LOCALIDAD POMUCH, CÓDIGO POSTAL24810, HECELCHAKÁN, CAMPECHE, ENTRE CALLE 15 Y CALLE 17, POR LA IGLESIA", "inmueble": "PRIMARIA PABLO GARCÍA", "estatus_ubicacion": "historica", "fuente": "INE — Encarte del Proceso Electoral Federal 2023-2024", "fecha_corte": "2024-06", "cct": "04DPR0166A", "nombre_cct": "PABLO GARCIA", "metodo_geo": "cruce nominal contra catálogo CCT de la SEP", "similitud_cruce": 1.0}}, {"type": "Feature", "geometry": {"type": "Point", "coordinates": [-90.177513, 20.134043]}, "properties": {"seccion": "379", "cve_mun": "04005", "nombre_municipio": "HECELCHAKAN", "nombre_localidad": "POMUCH", "distrito_local": 19, "distrito_local_cabecera": "HECELCHAKAN", "distrito_federal": "SAN FRANCISCO DE CAMPECHE", "casillas": "B1, C1", "n_casillas": 2, "tipos": "B, C", "ubicacion": "PRIMARIA BENITO PABLO JUÁREZ GARCÍA, CALLE 29, SIN NÚMERO, BARRIO BENITO JUÁREZ, LOCALIDAD POMUCH, CÓDIGO POSTAL 24810, HECELCHAKÁN, CAMPECHE, ENTRE CALLE 12 Y CALLE 14, A UN COSTADO DE LA CANCHA DE FÚTBOL", "inmueble": "PRIMARIA BENITO PABLO JUÁREZ GARCÍA", "estatus_ubicacion": "historica", "fuente": "INE — Encarte del Proceso Electoral Federal 2023-2024", "fecha_corte": "2024-06", "cct": "04DPR0004P", "nombre_cct": "BENITO PABLO JUAREZ GARCIA", "metodo_geo": "cruce nominal contra catálogo CCT de la SEP", "similitud_cruce": 1.0}}, {"type": "Feature", "geometry": {"type": "Point", "coordinates": [-89.905, 20.106389]}, "properties": {"seccion": "380", "cve_mun": "04005", "nombre_municipio": "HECELCHAKAN", "nombre_localidad": "NOHALAL", "distrito_local": 19, "distrito_local_cabecera": "HECELCHAKAN", "distrito_federal": "SAN FRANCISCO DE CAMPECHE", "casillas": "B1, C1, C2", "n_casillas": 3, "tipos": "B, C", "ubicacion": "PRIMARIA FRANCISCO GONZÁLEZ BOCANEGRA, CALLE 9, SIN NÚMERO, LOCALIDAD NOHALAL, CÓDIGO POSTAL 24800, HECELCHAKÁN, CAMPECHE, FRENTE AL PARQUE PRINCIPAL", "inmueble": "PRIMARIA FRANCISCO GONZÁLEZ BOCANEGRA", "estatus_ubicacion": "historica", "fuente": "INE — Encarte del Proceso Electoral Federal 2023-2024", "fecha_corte": "2024-06", "cct": "04DPR0651U", "nombre_cct": "FRANCISCO GONZALEZ BOCANEGRA", "metodo_geo": "cruce nominal contra catálogo CCT de la SEP", "similitud_cruce": 1.0}}, {"type": "Feature", "geometry": {"type": "Point", "coordinates": [-89.845, 19.7455]}, "properties": {"seccion": "381", "cve_mun": "04006", "nombre_municipio": "HOPELCHEN", "nombre_localidad": "HOPELCHEN", "distrito_local": 18, "distrito_local_cabecera": "HOPELCHEN", "distrito_federal": "SAN FRANCISCO DE CAMPECHE", "casillas": "B1, C1, C2", "n_casillas": 3, "tipos": "B, C", "ubicacion": "ESCUELA PRIMARIA JOSEFA HURTADO TRUJEQUE, CALLE 13, NÚMERO 58, BARRIO NORTE, HOPELCHÉN, CÓDIGO POSTAL 24600, HOPELCHÉN, CAMPECHE, ENTRE CALLE 22 Y CALLE 11", "inmueble": "ESCUELA PRIMARIA JOSEFA HURTADO TRUJEQUE", "estatus_ubicacion": "historica", "fuente": "INE — Encarte del Proceso Electoral Federal 2023-2024", "fecha_corte": "2024-06", "cct": "04DPR0302O", "nombre_cct": "JOSEFA HURTADO TRUJEQUE", "metodo_geo": "cruce nominal contra catálogo CCT de la SEP", "similitud_cruce": 1.0}}, {"type": "Feature", "geometry": {"type": "Point", "coordinates": [-89.844046, 19.745186]}, "properties": {"seccion": "382", "cve_mun": "04006", "nombre_municipio": "HOPELCHEN", "nombre_localidad": "HOPELCHEN", "distrito_local": 18, "distrito_local_cabecera": "HOPELCHEN", "distrito_federal": "SAN FRANCISCO DE CAMPECHE", "casillas": "B1, C1, C2, C3, C4", "n_casillas": 5, "tipos": "B, C", "ubicacion": "PRIMARIA PRESIDENTE LÁZARO CÁRDENAS, CALLE 18, SIN NÚMERO, COLONIA CENTRO, HOPELCHÉN, CÓDIGO POSTAL 24600, HOPELCHÉN, CAMPECHE, ENTRE CALLE 19 Y CALLE 21, FRENTE AL PARQUE", "inmueble": "PRIMARIA PRESIDENTE LÁZARO CÁRDENAS", "estatus_ubicacion": "historica", "fuente": "INE — Encarte del Proceso Electoral Federal 2023-2024", "fecha_corte": "2024-06", "cct": "04DPR0320D", "nombre_cct": "PRESIDENTE LAZARO CARDENAS", "metodo_geo": "cruce nominal contra catálogo CCT de la SEP", "similitud_cruce": 1.0}}, {"type": "Feature", "geometry": {"type": "Point", "coordinates": [-89.82825, 20.187305]}, "properties": {"seccion": "385", "cve_mun": "04006", "nombre_municipio": "HOPELCHEN", "nombre_localidad": "XCULOC", "distrito_local": 18, "distrito_local_cabecera": "HOPELCHEN", "distrito_federal": "SAN FRANCISCO DE CAMPECHE", "casillas": "B1", "n_casillas": 1, "tipos": "B", "ubicacion": "PRIMARIA JOSÉ MARÍA MORELOS Y PAVÓN, DOMICILIO CONOCIDO, SIN NÚMERO, LOCALIDAD XCULOC, CÓDIGO POSTAL 24600, HOPELCHÉN, CAMPECHE, FRENTE A LA PLAZA PRINCIPAL", "inmueble": "PRIMARIA JOSÉ MARÍA MORELOS Y PAVÓN", "estatus_ubicacion": "historica", "fuente": "INE — Encarte del Proceso Electoral Federal 2023-2024", "fecha_corte": "2024-06", "cct": "04DPR0297T", "nombre_cct": "JOSE MARIA MORELOS Y PAVON", "metodo_geo": "cruce nominal contra catálogo CCT de la SEP", "similitud_cruce": 1.0}}, {"type": "Feature", "geometry": {"type": "Point", "coordinates": [-89.7325, 20.1133]}, "properties": {"seccion": "386", "cve_mun": "04006", "nombre_municipio": "HOPELCHEN", "nombre_localidad": "SAN ANTONIO YAXCHE", "distrito_local": 18, "distrito_local_cabecera": "HOPELCHEN", "distrito_federal": "SAN FRANCISCO DE CAMPECHE", "casillas": "B1", "n_casillas": 1, "tipos": "B", "ubicacion": "PRIMARIA BILINGUE MIGUEL HIDALGO Y COSTILLA, CALLE 7, SIN NÚMERO, LOCALIDAD SAN ANTONIO YAXCHÉ, CÓDIGO POSTAL 24622, HOPELCHÉN, CAMPECHE, CERCA DE LA PLAZA PRINCIPAL", "inmueble": "PRIMARIA BILINGUE MIGUEL HIDALGO Y COSTILLA", "estatus_ubicacion": "historica", "fuente": "INE — Encarte del Proceso Electoral Federal 2023-2024", "fecha_corte": "2024-06", "cct": "04DPR0281S", "nombre_cct": "MIGUEL HIDALGO Y COSTILLA", "metodo_geo": "cruce nominal contra catálogo CCT de la SEP", "similitud_cruce": 0.9}}, {"type": "Feature", "geometry": {"type": "Point", "coordinates": [-89.808611, 20.078333]}, "properties": {"seccion": "387", "cve_mun": "04006", "nombre_municipio": "HOPELCHEN", "nombre_localidad": "CHUNYAXNIC", "distrito_local": 18, "distrito_local_cabecera": "HOPELCHEN", "distrito_federal": "SAN FRANCISCO DE CAMPECHE", "casillas": "B1", "n_casillas": 1, "tipos": "B", "ubicacion": "PRIMARIA 21 DE MARZO, DOMICILIO CONOCIDO, SIN NÚMERO, LOCALIDAD CHUNYAXNIC, CÓDIGO POSTAL 24600, HOPELCHÉN, CAMPECHE, CERCA DE LA PLAZA PRINCIPAL", "inmueble": "PRIMARIA 21 DE MARZO", "estatus_ubicacion": "historica", "fuente": "INE — Encarte del Proceso Electoral Federal 2023-2024", "fecha_corte": "2024-06", "cct": "04DPR0191Z", "nombre_cct": "21 DE MARZO", "metodo_geo": "cruce nominal contra catálogo CCT de la SEP", "similitud_cruce": 1.0}}, {"type": "Feature", "geometry": {"type": "Point", "coordinates": [-89.747066, 20.004728]}, "properties": {"seccion": "388", "cve_mun": "04006", "nombre_municipio": "HOPELCHEN", "nombre_localidad": "BOLONCHEN DE REJON", "distrito_local": 18, "distrito_local_cabecera": "HOPELCHEN", "distrito_federal": "SAN FRANCISCO DE CAMPECHE", "casillas": "B1, C1, C2, C3", "n_casillas": 4, "tipos": "B, C", "ubicacion": "PRIMARIA MIGUEL HIDALGO, CALLE OLEGARIO MOLINA, SIN NÚMERO, VILLA DE BOLONCHÉN DE REJÓN, CÓDIGO POSTAL 24620, HOPELCHÉN, CAMPECHE, ENTRE CALLE 13 Y CALLE FRANCISCO I MADERO, CERCA DEL PALACIO MUNICIPAL", "inmueble": "PRIMARIA MIGUEL HIDALGO", "estatus_ubicacion": "historica", "fuente": "INE — Encarte del Proceso Electoral Federal 2023-2024", "fecha_corte": "2024-06", "cct": "04DPR0286N", "nombre_cct": "MIGUEL HIDALGO", "metodo_geo": "cruce nominal contra catálogo CCT de la SEP", "similitud_cruce": 1.0}}, {"type": "Feature", "geometry": {"type": "Point", "coordinates": [-89.842222, 19.910278]}, "properties": {"seccion": "390", "cve_mun": "04006", "nombre_municipio": "HOPELCHEN", "nombre_localidad": "KATAB", "distrito_local": 18, "distrito_local_cabecera": "HOPELCHEN", "distrito_federal": "SAN FRANCISCO DE CAMPECHE", "casillas": "B1", "n_casillas": 1, "tipos": "B", "ubicacion": "PRIMARIA BILINGUE NIÑOS HÉROES DE CHAPULTEPEC, DOMICILIO CONOCIDO, SIN NÚMERO, LOCALIDAD KATAB, CÓDIGO POSTAL 24600, HOPELCHÉN, CAMPECHE, CERCA DE LA PLAZA PRINCIPAL", "inmueble": "PRIMARIA BILINGUE NIÑOS HÉROES DE CHAPULTEPEC", "estatus_ubicacion": "historica", "fuente": "INE — Encarte del Proceso Electoral Federal 2023-2024", "fecha_corte": "2024-06", "cct": "04DPB0047M", "nombre_cct": "NINOS HEROES DE CHAPULTEPEC", "metodo_geo": "cruce nominal contra catálogo CCT de la SEP", "similitud_cruce": 0.817}}, {"type": "Feature", "geometry": {"type": "Point", "coordinates": [-89.9267, 19.8742]}, "properties": {"seccion": "391", "cve_mun": "04006", "nombre_municipio": "HOPELCHEN", "nombre_localidad": "SAN JUAN BAUTISTA (SAHCABCHEN)", "distrito_local": 18, "distrito_local_cabecera": "HOPELCHEN", "distrito_federal": "SAN FRANCISCO DE CAMPECHE", "casillas": "B1", "n_casillas": 1, "tipos": "B", "ubicacion": "PRIMARIA JOAQUÍN SOLÍS MOGUEL, DOMICILIO CONOCIDO, SIN NÚMERO, LOCALIDAD PUEBLO DE SAN JUAN BAUTISTA SAHCABCHÉN, CÓDIGO POSTAL 24601, HOPELCHÉN, CAMPECHE, FRENTE A LA PLAZA PRINCIPAL", "inmueble": "PRIMARIA JOAQUÍN SOLÍS MOGUEL", "estatus_ubicacion": "historica", "fuente": "INE — Encarte del Proceso Electoral Federal 2023-2024", "fecha_corte": "2024-06", "cct": "04DPR0301P", "nombre_cct": "JOAQUIN SOLIS MOGUEL", "metodo_geo": "cruce nominal contra catálogo CCT de la SEP", "similitud_cruce": 1.0}}, {"type": "Feature", "geometry": {"type": "Point", "coordinates": [-89.8282, 19.8602]}, "properties": {"seccion": "392", "cve_mun": "04006", "nombre_municipio": "HOPELCHEN", "nombre_localidad": "EL POSTE", "distrito_local": 18, "distrito_local_cabecera": "HOPELCHEN", "distrito_federal": "SAN FRANCISCO DE CAMPECHE", "casillas": "B1", "n_casillas": 1, "tipos": "B", "ubicacion": "PRIMARIA BILINGUE BENITO JUÁREZ, DOMICILIO CONOCIDO, SIN NÚMERO, LOCALIDAD EL POSTE, CÓDIGO POSTAL 24601, HOPELCHÉN, CAMPECHE, CERCA DE LA PLAZA PRINCIPAL", "inmueble": "PRIMARIA BILINGUE BENITO JUÁREZ", "estatus_ubicacion": "historica", "fuente": "INE — Encarte del Proceso Electoral Federal 2023-2024", "fecha_corte": "2024-06", "cct": "04DPB0037F", "nombre_cct": "BENITO JUAREZ", "metodo_geo": "cruce nominal contra catálogo CCT de la SEP", "similitud_cruce": 0.817}}, {"type": "Feature", "geometry": {"type": "Point", "coordinates": [-89.7042, 19.8181]}, "properties": {"seccion": "393", "cve_mun": "04006", "nombre_municipio": "HOPELCHEN", "nombre_localidad": "YAXCHE AKAL", "distrito_local": 18, "distrito_local_cabecera": "HOPELCHEN", "distrito_federal": "SAN FRANCISCO DE CAMPECHE", "casillas": "B1", "n_casillas": 1, "tipos": "B", "ubicacion": "PRIMARIA BILINGUE JOSÉ ISABEL PUC CANUL, DOMICILIO CONOCIDO, SIN NÚMERO, LOCALIDAD YAXCHÉ AKAL, CÓDIGO POSTAL 24600, HOPELCHÉN, CAMPECHE, CERCA DEL PARQUE PRINCIPAL", "inmueble": "PRIMARIA BILINGUE JOSÉ ISABEL PUC CANUL", "estatus_ubicacion": "historica", "fuente": "INE — Encarte del Proceso Electoral Federal 2023-2024", "fecha_corte": "2024-06", "cct": "04DPB0045O", "nombre_cct": "JOSE ISABEL PUC CANUL", "metodo_geo": "cruce nominal contra catálogo CCT de la SEP", "similitud_cruce": 0.95}}, {"type": "Feature", "geometry": {"type": "Point", "coordinates": [-89.9667, 19.7324]}, "properties": {"seccion": "394", "cve_mun": "04006", "nombre_municipio": "HOPELCHEN", "nombre_localidad": "ICH-EK", "distrito_local": 18, "distrito_local_cabecera": "HOPELCHEN", "distrito_federal": "SAN FRANCISCO DE CAMPECHE", "casillas": "B1, C1", "n_casillas": 2, "tipos": "B, C", "ubicacion": "PRIMARIA JUSTO SIERRA MÉNDEZ, DOMICILIO CONOCIDO, SIN NÚMERO, LOCALIDAD ICH EK, HOPELCHÉN, CÓDIGO POSTAL 24603, HOPELCHÉN, CAMPECHE, CERCA DE LA COMISARÍA EJIDAL", "inmueble": "PRIMARIA JUSTO SIERRA MÉNDEZ", "estatus_ubicacion": "historica", "fuente": "INE — Encarte del Proceso Electoral Federal 2023-2024", "fecha_corte": "2024-06", "cct": "04DPR0290Z", "nombre_cct": "JUSTO SIERRA MENDEZ", "metodo_geo": "cruce nominal contra catálogo CCT de la SEP", "similitud_cruce": 1.0}}, {"type": "Feature", "geometry": {"type": "Point", "coordinates": [-90.0365, 19.7124]}, "properties": {"seccion": "395", "cve_mun": "04006", "nombre_municipio": "HOPELCHEN", "nombre_localidad": "SUCTUC", "distrito_local": 18, "distrito_local_cabecera": "HOPELCHEN", "distrito_federal": "SAN FRANCISCO DE CAMPECHE", "casillas": "B1, C1", "n_casillas": 2, "tipos": "B, C", "ubicacion": "PRIMARIA CLAUDIO CORTÉS CASTRO, DOMICILIO CONOCIDO, SIN NÚMERO, LOCALIDAD SUC TUC, HOPELCHÉN, CÓDIGO POSTAL 24604, HOPELCHÉN, CAMPECHE, ENTRE CALLE 5 Y CALLE 3, FRENTE A LA PLAZA PRINCIPAL", "inmueble": "PRIMARIA CLAUDIO CORTÉS CASTRO", "estatus_ubicacion": "historica", "fuente": "INE — Encarte del Proceso Electoral Federal 2023-2024", "fecha_corte": "2024-06", "cct": "04DPR0287M", "nombre_cct": "CLAUDIO CORTES CASTRO", "metodo_geo": "cruce nominal contra catálogo CCT de la SEP", "similitud_cruce": 1.0}}, {"type": "Feature", "geometry": {"type": "Point", "coordinates": [-89.9902, 19.6994]}, "properties": {"seccion": "396", "cve_mun": "04006", "nombre_municipio": "HOPELCHEN", "nombre_localidad": "CRUCERO SAN LUIS", "distrito_local": 18, "distrito_local_cabecera": "HOPELCHEN", "distrito_federal": "SAN FRANCISCO DE CAMPECHE", "casillas": "B1", "n_casillas": 1, "tipos": "B", "ubicacion": "PRIMARIA RICARDO FLORES MAGÓN, DOMICILIO CONOCIDO, SIN NÚMERO, LOCALIDAD CRUCERO SAN LUÍS, HOPELCHÉN, CÓDIGO POSTAL 24600, HOPELCHÉN, CAMPECHE, FRENTE A LA PLAZA PRINCIPAL", "inmueble": "PRIMARIA RICARDO FLORES MAGÓN", "estatus_ubicacion": "historica", "fuente": "INE — Encarte del Proceso Electoral Federal 2023-2024", "fecha_corte": "2024-06", "cct": "04DPR0285O", "nombre_cct": "RICARDO FLORES MAGON", "metodo_geo": "cruce nominal contra catálogo CCT de la SEP", "similitud_cruce": 1.0}}, {"type": "Feature", "geometry": {"type": "Point", "coordinates": [-89.8597, 19.6664]}, "properties": {"seccion": "397", "cve_mun": "04006", "nombre_municipio": "HOPELCHEN", "nombre_localidad": "XCUPIL", "distrito_local": 18, "distrito_local_cabecera": "HOPELCHEN", "distrito_federal": "SAN FRANCISCO DE CAMPECHE", "casillas": "B1", "n_casillas": 1, "tipos": "B", "ubicacion": "PRIMARIA EMILIANO ZAPATA, DOMICILIO CONOCIDO, SIN NÚMERO, LOCALIDAD XCUPIL CACAB, HOPELCHÉN, CÓDIGO POSTAL 24605, HOPELCHÉN, CAMPECHE, CERCA DE LA PLAZA PRINCIPAL, A UN COSTADO DE LA CANCHA DE USOS MÚLTIPLES", "inmueble": "PRIMARIA EMILIANO ZAPATA", "estatus_ubicacion": "historica", "fuente": "INE — Encarte del Proceso Electoral Federal 2023-2024", "fecha_corte": "2024-06", "cct": "04DPR0296U", "nombre_cct": "EMILIANO ZAPATA", "metodo_geo": "cruce nominal contra catálogo CCT de la SEP", "similitud_cruce": 1.0}}, {"type": "Feature", "geometry": {"type": "Point", "coordinates": [-89.8714, 19.6513]}, "properties": {"seccion": "398", "cve_mun": "04006", "nombre_municipio": "HOPELCHEN", "nombre_localidad": "BECANCHE (SANTA RITA)", "distrito_local": 18, "distrito_local_cabecera": "HOPELCHEN", "distrito_federal": "SAN FRANCISCO DE CAMPECHE", "casillas": "B1, C1", "n_casillas": 2, "tipos": "B, C", "ubicacion": "ESCUELA PRIMARIA BENITO JUÁREZ, DOMICILIO CONOCIDO, SIN NÚMERO, LOCALIDAD SANTA RITA BECANCHÉ, CÓDIGO POSTAL 24606, HOPELCHÉN, CAMPECHE, ESCUELA DE LA LOCALIDAD", "inmueble": "ESCUELA PRIMARIA BENITO JUÁREZ", "estatus_ubicacion": "historica", "fuente": "INE — Encarte del Proceso Electoral Federal 2023-2024", "fecha_corte": "2024-06", "cct": "04DPR0283Q", "nombre_cct": "BENITO JUAREZ", "metodo_geo": "cruce nominal contra catálogo CCT de la SEP", "similitud_cruce": 1.0}}, {"type": "Feature", "geometry": {"type": "Point", "coordinates": [-89.8519, 19.5941]}, "properties": {"seccion": "399", "cve_mun": "04006", "nombre_municipio": "HOPELCHEN", "nombre_localidad": "KONCHEN", "distrito_local": 18, "distrito_local_cabecera": "HOPELCHEN", "distrito_federal": "SAN FRANCISCO DE CAMPECHE", "casillas": "B1", "n_casillas": 1, "tipos": "B", "ubicacion": "ESCUELA PRIMARIA PABLO GARCÍA, CALLE 22, SIN NÚMERO, LOCALIDAD KONCHÉN, CÓDIGO POSTAL 24607, HOPELCHÉN, CAMPECHE, ENTRE CALLE 21 Y CALLE 19, A UNA CUADRA DE LA PLAZA PRINCIPAL", "inmueble": "ESCUELA PRIMARIA PABLO GARCÍA", "estatus_ubicacion": "historica", "fuente": "INE — Encarte del Proceso Electoral Federal 2023-2024", "fecha_corte": "2024-06", "cct": "04DPR0292Y", "nombre_cct": "PABLO GARCIA", "metodo_geo": "cruce nominal contra catálogo CCT de la SEP", "similitud_cruce": 1.0}}, {"type": "Feature", "geometry": {"type": "Point", "coordinates": [-89.6015, 19.5802]}, "properties": {"seccion": "400", "cve_mun": "04006", "nombre_municipio": "HOPELCHEN", "nombre_localidad": "VICENTE GUERRERO (ITURBIDE)", "distrito_local": 18, "distrito_local_cabecera": "HOPELCHEN", "distrito_federal": "SAN FRANCISCO DE CAMPECHE", "casillas": "B1, C1", "n_casillas": 2, "tipos": "B, C", "ubicacion": "PRIMARA HÉCTOR PÉREZ MARTÍNEZ, CALLE 8, NÚMERO 43, COLONIA VILLA DE ITURBIDE, LOCALIDAD VICENTE GUERRERO, CÓDIGO POSTAL 24660, HOPELCHÉN, CAMPECHE, ENTRE CALLE 11 Y CALLE 13, CERCA DE LA COMISARÍA, A LADO DE TORTILLERIA LIGIA", "inmueble": "PRIMARA HÉCTOR PÉREZ MARTÍNEZ", "estatus_ubicacion": "historica", "fuente": "INE — Encarte del Proceso Electoral Federal 2023-2024", "fecha_corte": "2024-06", "cct": "04DPR0422A", "nombre_cct": "HECTOR PEREZ MARTINEZ", "metodo_geo": "cruce nominal contra catálogo CCT de la SEP", "similitud_cruce": 0.75}}, {"type": "Feature", "geometry": {"type": "Point", "coordinates": [-89.601413, 19.577373]}, "properties": {"seccion": "401", "cve_mun": "04006", "nombre_municipio": "HOPELCHEN", "nombre_localidad": "VICENTE GUERRERO (ITURBIDE)", "distrito_local": 18, "distrito_local_cabecera": "HOPELCHEN", "distrito_federal": "SAN FRANCISCO DE CAMPECHE", "casillas": "B1, C1", "n_casillas": 2, "tipos": "B, C", "ubicacion": "JARDÍN DE NIÑOS SOR JUANA INÉS DE LA CRUZ, CALLE 13, SIN NÚMERO, COLONIA VILLA DE ITURBIDE, LOCALIDAD VICENTE GUERRERO, CÓDIGO POSTAL 24660, HOPELCHÉN, CAMPECHE, ENTRE CALLE 6 Y CALLE 4, FRENTE AL TANQUE DE AGUA, ATRAS DE LA COMISARIA EJIDAL", "inmueble": "JARDÍN DE NIÑOS SOR JUANA INÉS DE LA CRUZ", "estatus_ubicacion": "historica", "fuente": "INE — Encarte del Proceso Electoral Federal 2023-2024", "fecha_corte": "2024-06", "cct": "04DJN0082C", "nombre_cct": "SOR JUANA INES DE LA CRUZ", "metodo_geo": "cruce nominal contra catálogo CCT de la SEP", "similitud_cruce": 1.0}}, {"type": "Feature", "geometry": {"type": "Point", "coordinates": [-89.7924, 19.5286]}, "properties": {"seccion": "402", "cve_mun": "04006", "nombre_municipio": "HOPELCHEN", "nombre_localidad": "PAC-CHEN", "distrito_local": 18, "distrito_local_cabecera": "HOPELCHEN", "distrito_federal": "SAN FRANCISCO DE CAMPECHE", "casillas": "B1, C1", "n_casillas": 2, "tipos": "B, C", "ubicacion": "PRIMARIA LICENCIADO MANUEL J LÓPEZ HERNÁNDEZ, DOMICILIO CONOCIDO, SIN NÚMERO, LOCALIDAD PAKCHÉN, CÓDIGO POSTAL 24609, HOPELCHÉN, CAMPECHE, ENTRE CALLE 3 Y CALLE 6, CERCA DE LA PLAZA PRINCIPAL", "inmueble": "PRIMARIA LICENCIADO MANUEL J LÓPEZ HERNÁNDEZ", "estatus_ubicacion": "historica", "fuente": "INE — Encarte del Proceso Electoral Federal 2023-2024", "fecha_corte": "2024-06", "cct": "04DPR0289K", "nombre_cct": "MANUEL J LOPEZ HERNANDEZ", "metodo_geo": "cruce nominal contra catálogo CCT de la SEP", "similitud_cruce": 0.8}}, {"type": "Feature", "geometry": {"type": "Point", "coordinates": [-89.731594, 19.459235]}, "properties": {"seccion": "404", "cve_mun": "04006", "nombre_municipio": "HOPELCHEN", "nombre_localidad": "DZIBALCHEN", "distrito_local": 18, "distrito_local_cabecera": "HOPELCHEN", "distrito_federal": "SAN FRANCISCO DE CAMPECHE", "casillas": "B1, C1", "n_casillas": 2, "tipos": "B, C", "ubicacion": "PRIMARIA MIGUEL HIDALGO Y COSTILLA, CALLE 28 B, SIN NÚMERO, COLONIA CENTRO, LOCALIDAD DZIBALCHÉN, CÓDIGO POSTAL 24611, HOPELCHÉN, CAMPECHE, ENTRE CALLE 33 Y CALLE 31, FRENTE AL PARQUE PRINCIPAL", "inmueble": "PRIMARIA MIGUEL HIDALGO Y COSTILLA", "estatus_ubicacion": "historica", "fuente": "INE — Encarte del Proceso Electoral Federal 2023-2024", "fecha_corte": "2024-06", "cct": "04DPR0091A", "nombre_cct": "MIGUEL HIDALGO Y COSTILLA", "metodo_geo": "cruce nominal contra catálogo CCT de la SEP", "similitud_cruce": 1.0}}, {"type": "Feature", "geometry": {"type": "Point", "coordinates": [-89.4611, 19.45]}, "properties": {"seccion": "405", "cve_mun": "04006", "nombre_municipio": "HOPELCHEN", "nombre_localidad": "RAMON CORONA", "distrito_local": 18, "distrito_local_cabecera": "HOPELCHEN", "distrito_federal": "SAN FRANCISCO DE CAMPECHE", "casillas": "B1, C1", "n_casillas": 2, "tipos": "B, C", "ubicacion": "PRIMARIA EMILIANO ZAPATA, DOMICILIO CONOCIDO, SIN NÚMERO, LOCALIDAD RAMÓN CORONA, CÓDIGO POSTAL 24660, HOPELCHÉN, CAMPECHE, A UN COSTADO DEL CAMPO DE FÚTBOL, A UNA CUADRA DE LA PLAZA", "inmueble": "PRIMARIA EMILIANO ZAPATA", "estatus_ubicacion": "historica", "fuente": "INE — Encarte del Proceso Electoral Federal 2023-2024", "fecha_corte": "2024-06", "cct": "04DPR0288L", "nombre_cct": "EMILIANO ZAPATA", "metodo_geo": "cruce nominal contra catálogo CCT de la SEP", "similitud_cruce": 1.0}}, {"type": "Feature", "geometry": {"type": "Point", "coordinates": [-89.807222, 19.423333]}, "properties": {"seccion": "406", "cve_mun": "04006", "nombre_municipio": "HOPELCHEN", "nombre_localidad": "CHENCOH", "distrito_local": 18, "distrito_local_cabecera": "HOPELCHEN", "distrito_federal": "SAN FRANCISCO DE CAMPECHE", "casillas": "B1", "n_casillas": 1, "tipos": "B", "ubicacion": "PRIMARIA FRANCISCO I MADERO, DOMICILIO CONOCIDO, SIN NÚMERO, LOCALIDAD CHENCOH, CÓDIGO POSTAL 24610, HOPELCHÉN, CAMPECHE, CERCA DE LA IGLESIA, FRENTE A LA PLAZA", "inmueble": "PRIMARIA FRANCISCO I MADERO", "estatus_ubicacion": "historica", "fuente": "INE — Encarte del Proceso Electoral Federal 2023-2024", "fecha_corte": "2024-06", "cct": "04DPR0300Q", "nombre_cct": "FRANCISCO I MADERO", "metodo_geo": "cruce nominal contra catálogo CCT de la SEP", "similitud_cruce": 1.0}}, {"type": "Feature", "geometry": {"type": "Point", "coordinates": [-89.580833, 19.360278]}, "properties": {"seccion": "407", "cve_mun": "04006", "nombre_municipio": "HOPELCHEN", "nombre_localidad": "CHUNCHINTOK", "distrito_local": 18, "distrito_local_cabecera": "HOPELCHEN", "distrito_federal": "SAN FRANCISCO DE CAMPECHE", "casillas": "B1, C1", "n_casillas": 2, "tipos": "B, C", "ubicacion": "PRIMARIA EMILIANO ZAPATA, CALLE 21, NÚMERO 50, LOCALIDAD CHUNCHINTOK, CÓDIGO POSTAL 24613, HOPELCHÉN, CAMPECHE, FRENTE A LA PLAZA PRINCIPAL", "inmueble": "PRIMARIA EMILIANO ZAPATA", "estatus_ubicacion": "historica", "fuente": "INE — Encarte del Proceso Electoral Federal 2023-2024", "fecha_corte": "2024-06", "cct": "04DPR0299R", "nombre_cct": "EMILIANO ZAPATA", "metodo_geo": "cruce nominal contra catálogo CCT de la SEP", "similitud_cruce": 1.0}}, {"type": "Feature", "geometry": {"type": "Point", "coordinates": [-89.6344, 19.3056]}, "properties": {"seccion": "408", "cve_mun": "04006", "nombre_municipio": "HOPELCHEN", "nombre_localidad": "CANCABCHEN", "distrito_local": 18, "distrito_local_cabecera": "HOPELCHEN", "distrito_federal": "SAN FRANCISCO DE CAMPECHE", "casillas": "B1", "n_casillas": 1, "tipos": "B", "ubicacion": "TELESECUNDARIA NÚMERO 104, DOMICILIO CONOCIDO, SIN NÚMERO, LOCALIDAD KANCABCHÉN, CÓDIGO POSTAL 24612, HOPELCHÉN, CAMPECHE, A LA ENTRADA DE LA LOCALIDAD", "inmueble": "TELESECUNDARIA NÚMERO 104", "estatus_ubicacion": "historica", "fuente": "INE — Encarte del Proceso Electoral Federal 2023-2024", "fecha_corte": "2024-06", "cct": "04DTV0104N", "nombre_cct": "TELESECUNDARIA NUM 104", "metodo_geo": "cruce nominal contra catálogo CCT de la SEP", "similitud_cruce": 1.0}}, {"type": "Feature", "geometry": {"type": "Point", "coordinates": [-89.3146, 19.2348]}, "properties": {"seccion": "409", "cve_mun": "04006", "nombre_municipio": "HOPELCHEN", "nombre_localidad": "XMABEN", "distrito_local": 18, "distrito_local_cabecera": "HOPELCHEN", "distrito_federal": "SAN FRANCISCO DE CAMPECHE", "casillas": "B1, C1", "n_casillas": 2, "tipos": "B, C", "ubicacion": "PRIMARIA MIGUEL HIDALGO , DOMICILIO CONOCIDO, SIN NÚMERO, LOCALIDAD XMABEN, CÓDIGO POSTAL 24670, HOPELCHÉN, CAMPECHE, FRENTE A LA COMISARÍA EJIDAL, A UN COSTADO DE CANCHA DE USOS MÚLTIPLES", "inmueble": "PRIMARIA MIGUEL HIDALGO", "estatus_ubicacion": "historica", "fuente": "INE — Encarte del Proceso Electoral Federal 2023-2024", "fecha_corte": "2024-06", "cct": "04DPR0294W", "nombre_cct": "MIGUEL HIDALGO", "metodo_geo": "cruce nominal contra catálogo CCT de la SEP", "similitud_cruce": 1.0}}, {"type": "Feature", "geometry": {"type": "Point", "coordinates": [-89.334312, 19.242503]}, "properties": {"seccion": "410", "cve_mun": "04006", "nombre_municipio": "HOPELCHEN", "nombre_localidad": "UKUM", "distrito_local": 18, "distrito_local_cabecera": "HOPELCHEN", "distrito_federal": "SAN FRANCISCO DE CAMPECHE", "casillas": "B1, C1, C2", "n_casillas": 3, "tipos": "B, C", "ubicacion": "PRIMARIA JUSTO SIERRA MÉNDEZ, DOMICILIO CONOCIDO, SIN NÚMERO, LOCALIDAD UKUM, CÓDIGO POSTAL 24615, HOPELCHÉN, CAMPECHE, FRENTE A LA IGLESIA, A UN COSTADO DE LA CANCHA DE USOS MÚLTIPLES", "inmueble": "PRIMARIA JUSTO SIERRA MÉNDEZ", "estatus_ubicacion": "historica", "fuente": "INE — Encarte del Proceso Electoral Federal 2023-2024", "fecha_corte": "2024-06", "cct": "04DPR0674E", "nombre_cct": "JUSTO SIERRA MENDEZ", "metodo_geo": "cruce nominal contra catálogo CCT de la SEP", "similitud_cruce": 1.0}}, {"type": "Feature", "geometry": {"type": "Point", "coordinates": [-89.3339, 19.1006]}, "properties": {"seccion": "411", "cve_mun": "04006", "nombre_municipio": "HOPELCHEN", "nombre_localidad": "XKANHA", "distrito_local": 18, "distrito_local_cabecera": "HOPELCHEN", "distrito_federal": "SAN FRANCISCO DE CAMPECHE", "casillas": "B1", "n_casillas": 1, "tipos": "B", "ubicacion": "PRIMARIA JOAQUÍN GARCÍA I, DOMICILIO CONOCIDO, SIN NÚMERO, LOCALIDAD XKANHA, CÓDIGO POSTAL 24667, HOPELCHÉN, CAMPECHE, FRENTE A LA PLAZA", "inmueble": "PRIMARIA JOAQUÍN GARCÍA I", "estatus_ubicacion": "historica", "fuente": "INE — Encarte del Proceso Electoral Federal 2023-2024", "fecha_corte": "2024-06", "cct": "04DPR0295V", "nombre_cct": "JOAQUIN GARCIA I", "metodo_geo": "cruce nominal contra catálogo CCT de la SEP", "similitud_cruce": 1.0}}, {"type": "Feature", "geometry": {"type": "Point", "coordinates": [-89.1915, 19.1851]}, "properties": {"seccion": "411", "cve_mun": "04006", "nombre_municipio": "HOPELCHEN", "nombre_localidad": "CHANCHEN", "distrito_local": 18, "distrito_local_cabecera": "HOPELCHEN", "distrito_federal": "SAN FRANCISCO DE CAMPECHE", "casillas": "E1", "n_casillas": 1, "tipos": "E", "ubicacion": "PRIMARIA FRANCISCO I MADERO, CARRETERA RUMBO A PACHUITZ, SIN NÚMERO, LOCALIDAD CHANCHÉN, CÓDIGO POSTAL 24638, HOPELCHÉN, CAMPECHE, CARRETERA RUMBO A PACHUITZ", "inmueble": "PRIMARIA FRANCISCO I MADERO", "estatus_ubicacion": "historica", "fuente": "INE — Encarte del Proceso Electoral Federal 2023-2024", "fecha_corte": "2024-06", "cct": "04DPB0027Z", "nombre_cct": "FRANCISCO I MADERO", "metodo_geo": "cruce nominal contra catálogo CCT de la SEP", "similitud_cruce": 1.0}}, {"type": "Feature", "geometry": {"type": "Point", "coordinates": [-89.3761, 19.2297]}, "properties": {"seccion": "412", "cve_mun": "04006", "nombre_municipio": "HOPELCHEN", "nombre_localidad": "XMEJIA", "distrito_local": 18, "distrito_local_cabecera": "HOPELCHEN", "distrito_federal": "SAN FRANCISCO DE CAMPECHE", "casillas": "B1", "n_casillas": 1, "tipos": "B", "ubicacion": "PRIMARIA EMILIANO ZAPATA, DOMICILIO CONOCIDO, SIN NÚMERO, LOCALIDAD XMEJIA, CÓDIGO POSTAL 24678, HOPELCHÉN, CAMPECHE, FRENTE A LA PLAZA PRINCIPAL, A UN COSTADO DE LA CANCHA DE USOS MÚLTIPLES", "inmueble": "PRIMARIA EMILIANO ZAPATA", "estatus_ubicacion": "historica", "fuente": "INE — Encarte del Proceso Electoral Federal 2023-2024", "fecha_corte": "2024-06", "cct": "04DPR0280T", "nombre_cct": "EMILIANO ZAPATA", "metodo_geo": "cruce nominal contra catálogo CCT de la SEP", "similitud_cruce": 1.0}}, {"type": "Feature", "geometry": {"type": "Point", "coordinates": [-89.3236, 18.9303]}, "properties": {"seccion": "413", "cve_mun": "04010", "nombre_municipio": "CALAKMUL", "nombre_localidad": "BEL-HA", "distrito_local": 21, "distrito_local_cabecera": "XPUJIL", "distrito_federal": "SAN FRANCISCO DE CAMPECHE", "casillas": "B1", "n_casillas": 1, "tipos": "B", "ubicacion": "ESCUELA PRIMARIA JUSTO SIERRA MÉNDEZ, DOMICILIO CONOCIDO, SIN NÚMERO, LOCALIDAD BEL HA, CÓDIGO POSTAL 24667, CALAKMUL, CAMPECHE, A LA VUELTA DEL JARDÍN DE NIÑOS", "inmueble": "ESCUELA PRIMARIA JUSTO SIERRA MÉNDEZ", "estatus_ubicacion": "historica", "fuente": "INE — Encarte del Proceso Electoral Federal 2023-2024", "fecha_corte": "2024-06", "cct": "04DPR0677B", "nombre_cct": "JUSTO SIERRA MENDEZ", "metodo_geo": "cruce nominal contra catálogo CCT de la SEP", "similitud_cruce": 1.0}}, {"type": "Feature", "geometry": {"type": "Point", "coordinates": [-89.303254, 18.610742]}, "properties": {"seccion": "414", "cve_mun": "04010", "nombre_municipio": "CALAKMUL", "nombre_localidad": "NUEVO BECAL", "distrito_local": 21, "distrito_local_cabecera": "XPUJIL", "distrito_federal": "SAN FRANCISCO DE CAMPECHE", "casillas": "B1", "n_casillas": 1, "tipos": "B", "ubicacion": "PRIMARIA MANUEL C GARCÍA REJÓN, DOMICILIO CONOCIDO, SIN NÚMERO, LOCALIDAD NUEVO BECAL, CÓDIGO POSTAL 24645, CALAKMUL, CAMPECHE, FRENTE AL PARQUE PRINCIPAL", "inmueble": "PRIMARIA MANUEL C GARCÍA REJÓN", "estatus_ubicacion": "historica", "fuente": "INE — Encarte del Proceso Electoral Federal 2023-2024", "fecha_corte": "2024-06", "cct": "04DPR0022E", "nombre_cct": "MANUEL C GARCIA REJON", "metodo_geo": "cruce nominal contra catálogo CCT de la SEP", "similitud_cruce": 1.0}}, {"type": "Feature", "geometry": {"type": "Point", "coordinates": [-89.418036, 18.59347]}, "properties": {"seccion": "415", "cve_mun": "04010", "nombre_municipio": "CALAKMUL", "nombre_localidad": "ZOH-LAGUNA", "distrito_local": 21, "distrito_local_cabecera": "XPUJIL", "distrito_federal": "SAN FRANCISCO DE CAMPECHE", "casillas": "B1, C1", "n_casillas": 2, "tipos": "B, C", "ubicacion": "PRIMARIA HÉCTOR PÉREZ MARTINEZ, CALLE PUCTE, SIN NÚMERO, LOCALIDAD ZOOH LAGUNA, CÓDIGO POSTAL 24640, CALAKMUL, CAMPECHE, ENTRE CALLE CARACOLILLO Y CALLE SELVA", "inmueble": "PRIMARIA HÉCTOR PÉREZ MARTINEZ", "estatus_ubicacion": "historica", "fuente": "INE — Encarte del Proceso Electoral Federal 2023-2024", "fecha_corte": "2024-06", "cct": "04DPR0161F", "nombre_cct": "HECTOR PEREZ MARTINEZ", "metodo_geo": "cruce nominal contra catálogo CCT de la SEP", "similitud_cruce": 1.0}}, {"type": "Feature", "geometry": {"type": "Point", "coordinates": [-89.367778, 18.803056]}, "properties": {"seccion": "415", "cve_mun": "04010", "nombre_municipio": "CALAKMUL", "nombre_localidad": "NUEVA VIDA", "distrito_local": 21, "distrito_local_cabecera": "XPUJIL", "distrito_federal": "SAN FRANCISCO DE CAMPECHE", "casillas": "E1, E1C1", "n_casillas": 2, "tipos": "E", "ubicacion": "ESCUELA PRIMARIA MANUEL ACUÑA, CALLE ROBLES, SIN NÚMERO, LOCALIDAD NUEVA VIDA, CÓDIGO POSTAL 24644, CALAKMUL, CAMPECHE, ENTRE CALLE SIN NOMBRE Y CALLE LOS ROBLES, POR CARRETERA PRINCIPAL A MANCOLONA", "inmueble": "ESCUELA PRIMARIA MANUEL ACUÑA", "estatus_ubicacion": "historica", "fuente": "INE — Encarte del Proceso Electoral Federal 2023-2024", "fecha_corte": "2024-06", "cct": "04DPB0017S", "nombre_cct": "MANUEL ACUNA", "metodo_geo": "cruce nominal contra catálogo CCT de la SEP", "similitud_cruce": 1.0}}, {"type": "Feature", "geometry": {"type": "Point", "coordinates": [-89.462848, 18.511902]}, "properties": {"seccion": "416", "cve_mun": "04010", "nombre_municipio": "CALAKMUL", "nombre_localidad": "BECAN", "distrito_local": 21, "distrito_local_cabecera": "XPUJIL", "distrito_federal": "SAN FRANCISCO DE CAMPECHE", "casillas": "B1", "n_casillas": 1, "tipos": "B", "ubicacion": "PRIMARIA CINCO DE FEBRERO, CALLE SAN JUAN, SIN NÚMERO, LOCALIDAD BECAN, CÓDIGO POSTAL 24643, CALAKMUL, CAMPECHE, ENTRE CARRETERA FEDERAL Y CALLE NIÑOS HEROES", "inmueble": "PRIMARIA CINCO DE FEBRERO", "estatus_ubicacion": "historica", "fuente": "INE — Encarte del Proceso Electoral Federal 2023-2024", "fecha_corte": "2024-06", "cct": "04DPB0008K", "nombre_cct": "CINCO DE FEBRERO", "metodo_geo": "cruce nominal contra catálogo CCT de la SEP", "similitud_cruce": 1.0}}, {"type": "Feature", "geometry": {"type": "Point", "coordinates": [-89.39446, 18.507842]}, "properties": {"seccion": "417", "cve_mun": "04010", "nombre_municipio": "CALAKMUL", "nombre_localidad": "XPUJIL", "distrito_local": 21, "distrito_local_cabecera": "XPUJIL", "distrito_federal": "SAN FRANCISCO DE CAMPECHE", "casillas": "B1, C1, C2, C3, C4, C5, C6", "n_casillas": 7, "tipos": "B, C", "ubicacion": "PRIMARIA URBANA FEDERAL EMILIANO ZAPATA, CALLE CHICANÁ, SIN NÚMERO, LOCALIDAD XPUJIL, CÓDIGO POSTAL 24600, CALAKMUL, CAMPECHE, ENTRE AVENIDA CALAKMUL Y CALLE SILVITUK", "inmueble": "PRIMARIA URBANA FEDERAL EMILIANO ZAPATA", "estatus_ubicacion": "historica", "fuente": "INE — Encarte del Proceso Electoral Federal 2023-2024", "fecha_corte": "2024-06", "cct": "04DPR0141S", "nombre_cct": "EMILIANO ZAPATA", "metodo_geo": "cruce nominal contra catálogo CCT de la SEP", "similitud_cruce": 0.817}}, {"type": "Feature", "geometry": {"type": "Point", "coordinates": [-89.4434, 18.513]}, "properties": {"seccion": "417", "cve_mun": "04010", "nombre_municipio": "CALAKMUL", "nombre_localidad": "VALENTIN GOMEZ FARIAS", "distrito_local": 21, "distrito_local_cabecera": "XPUJIL", "distrito_federal": "SAN FRANCISCO DE CAMPECHE", "casillas": "E1", "n_casillas": 1, "tipos": "E", "ubicacion": "PRIMARIA ESTADO DE CAMPECHE, CALLE MACULLIS, SIN NÚMERO, LOCALIDAD VALENTÍN GÓMEZ FARIAS, CÓDIGO POSTAL 24600, CALAKMUL, CAMPECHE, POR CALLE CAOBA", "inmueble": "PRIMARIA ESTADO DE CAMPECHE", "estatus_ubicacion": "historica", "fuente": "INE — Encarte del Proceso Electoral Federal 2023-2024", "fecha_corte": "2024-06", "cct": "04DPR0038F", "nombre_cct": "ESTADO DE CAMPECHE", "metodo_geo": "cruce nominal contra catálogo CCT de la SEP", "similitud_cruce": 1.0}}, {"type": "Feature", "geometry": {"type": "Point", "coordinates": [-89.399384, 18.527142]}, "properties": {"seccion": "417", "cve_mun": "04010", "nombre_municipio": "CALAKMUL", "nombre_localidad": "XPUJIL", "distrito_local": 21, "distrito_local_cabecera": "XPUJIL", "distrito_federal": "SAN FRANCISCO DE CAMPECHE", "casillas": "S1", "n_casillas": 1, "tipos": "S", "ubicacion": "UNIVERSIDAD TECNOLÓGICA DE CALAKMUL, CARRETERA ESTATAL XPUJIL DZIBALCHÉN, KILÓMETRO 2 MÁS 260, XPUJIL, CALAKMUL, CÓDIGO POSTAL 24640, CAMPECHE, CARRETERA ZOH LAGUNA", "inmueble": "UNIVERSIDAD TECNOLÓGICA DE CALAKMUL", "estatus_ubicacion": "historica", "fuente": "INE — Encarte del Proceso Electoral Federal 2023-2024", "fecha_corte": "2024-06", "cct": "04EUT0003P", "nombre_cct": "UNIVERSIDAD TECNOLOGICA DE CALAKMUL", "metodo_geo": "cruce nominal contra catálogo CCT de la SEP", "similitud_cruce": 1.0}}, {"type": "Feature", "geometry": {"type": "Point", "coordinates": [-89.453731, 18.221296]}, "properties": {"seccion": "418", "cve_mun": "04010", "nombre_municipio": "CALAKMUL", "nombre_localidad": "LA MOZA", "distrito_local": 21, "distrito_local_cabecera": "XPUJIL", "distrito_federal": "SAN FRANCISCO DE CAMPECHE", "casillas": "B1", "n_casillas": 1, "tipos": "B", "ubicacion": "PRIMARIA CRISTÓBAL COLÓN, DOMICILIO CONOCIDO, SIN NÚMERO, LOCALIDAD  LA MOZA, CÓDIGO POSTAL 24600, CALAKMUL, CAMPECHE, CERCA DE LA COMISARIA EJIDAL, CARRETERA XPUJIL CHETUMAL", "inmueble": "PRIMARIA CRISTÓBAL COLÓN", "estatus_ubicacion": "historica", "fuente": "INE — Encarte del Proceso Electoral Federal 2023-2024", "fecha_corte": "2024-06", "cct": "04DPB0071M", "nombre_cct": "CRISTOBAL COLON", "metodo_geo": "cruce nominal contra catálogo CCT de la SEP", "similitud_cruce": 1.0}}, {"type": "Feature", "geometry": {"type": "Point", "coordinates": [-89.3069, 18.452]}, "properties": {"seccion": "419", "cve_mun": "04010", "nombre_municipio": "CALAKMUL", "nombre_localidad": "VEINTE DE NOVIEMBRE", "distrito_local": 21, "distrito_local_cabecera": "XPUJIL", "distrito_federal": "SAN FRANCISCO DE CAMPECHE", "casillas": "B1", "n_casillas": 1, "tipos": "B", "ubicacion": "PRIMARIA FRANCISCO I MADERO, DOMICILIO CONOCIDO, SIN NÚMERO, LOCALIDAD VEINTE DE NOVIEMBRE, CÓDIGO POSTAL 24600, CALAKMUL, CAMPECHE, ENTRE CALLE 10 Y CALLE 11, FRENTE A LA PLAZA", "inmueble": "PRIMARIA FRANCISCO I MADERO", "estatus_ubicacion": "historica", "fuente": "INE — Encarte del Proceso Electoral Federal 2023-2024", "fecha_corte": "2024-06", "cct": "04DPR0408H", "nombre_cct": "FRANCISCO I MADERO", "metodo_geo": "cruce nominal contra catálogo CCT de la SEP", "similitud_cruce": 1.0}}, {"type": "Feature", "geometry": {"type": "Point", "coordinates": [-89.453582, 18.230874]}, "properties": {"seccion": "420", "cve_mun": "04010", "nombre_municipio": "CALAKMUL", "nombre_localidad": "GUSTAVO DIAZ ORDAZ", "distrito_local": 21, "distrito_local_cabecera": "XPUJIL", "distrito_federal": "SAN FRANCISCO DE CAMPECHE", "casillas": "B1", "n_casillas": 1, "tipos": "B", "ubicacion": "PRIMARIA MIGUEL HIDALGO Y COSTILLA, DOMICILIO CONOCIDO, SIN NÚMERO, LOCALIDAD GUSTAVO DÍAZ ORDAZ, CÓDIGO POSTAL 24645, CALAKMUL, CAMPECHE, A UN COSTADO DEL TANQUE DE AGUA", "inmueble": "PRIMARIA MIGUEL HIDALGO Y COSTILLA", "estatus_ubicacion": "historica", "fuente": "INE — Encarte del Proceso Electoral Federal 2023-2024", "fecha_corte": "2024-06", "cct": "04DPR0197U", "nombre_cct": "MIGUEL HIDALGO Y COSTILLA", "metodo_geo": "cruce nominal contra catálogo CCT de la SEP", "similitud_cruce": 1.0}}, {"type": "Feature", "geometry": {"type": "Point", "coordinates": [-89.442225, 18.359493]}, "properties": {"seccion": "421", "cve_mun": "04010", "nombre_municipio": "CALAKMUL", "nombre_localidad": "MANUEL CASTILLA BRITO", "distrito_local": 21, "distrito_local_cabecera": "XPUJIL", "distrito_federal": "SAN FRANCISCO DE CAMPECHE", "casillas": "B1, C1, C2", "n_casillas": 3, "tipos": "B, C", "ubicacion": "TELESECUNDARIA NÚMERO 132, CALLE CENOTE, SIN NÚMERO, LOCALIDAD MANUEL CASTILLA BRITO, CÓDIGO POSTAL 24640, CALAKMUL, CAMPECHE, CALLE AL FINAL DE LA LOCALIDAD", "inmueble": "TELESECUNDARIA NÚMERO 132", "estatus_ubicacion": "historica", "fuente": "INE — Encarte del Proceso Electoral Federal 2023-2024", "fecha_corte": "2024-06", "cct": "04DTV0132J", "nombre_cct": "TELESECUNDARIA NUM 132", "metodo_geo": "cruce nominal contra catálogo CCT de la SEP", "similitud_cruce": 1.0}}, {"type": "Feature", "geometry": {"type": "Point", "coordinates": [-90.136485, 18.624633]}, "properties": {"seccion": "422", "cve_mun": "04010", "nombre_municipio": "CALAKMUL", "nombre_localidad": "POLO NORTE (RICARDO PAYRO)", "distrito_local": 21, "distrito_local_cabecera": "XPUJIL", "distrito_federal": "SAN FRANCISCO DE CAMPECHE", "casillas": "B1, C1", "n_casillas": 2, "tipos": "B, C", "ubicacion": "PRIMARIA VENUSTIANO CARRANZA, CALLE LIBERTAD, SIN NÚMERO, LOCALIDAD RICARDO PAYRÓ, CÓDIGO POSTAL 24648, CALAKMUL, CAMPECHE, A UN COSTADO DE LA CARRETERA FEDERAL Y A LADO DE LA COMISARIA EJIDAL", "inmueble": "PRIMARIA VENUSTIANO CARRANZA", "estatus_ubicacion": "historica", "fuente": "INE — Encarte del Proceso Electoral Federal 2023-2024", "fecha_corte": "2024-06", "cct": "04DPR0266Z", "nombre_cct": "VENUSTIANO CARRANZA", "metodo_geo": "cruce nominal contra catálogo CCT de la SEP", "similitud_cruce": 1.0}}, {"type": "Feature", "geometry": {"type": "Point", "coordinates": [-89.453582, 18.230874]}, "properties": {"seccion": "423", "cve_mun": "04010", "nombre_municipio": "CALAKMUL", "nombre_localidad": "NARCISO MENDOZA", "distrito_local": 21, "distrito_local_cabecera": "XPUJIL", "distrito_federal": "SAN FRANCISCO DE CAMPECHE", "casillas": "B1", "n_casillas": 1, "tipos": "B", "ubicacion": "PRIMARIA MIGUEL HIDALGO Y COSTILLA, CALLE JUSTO SIERRA MENDEZ, NÚMERO 20, LOCALIDAD NARCISO MENDOZA, CÓDIGO POSTAL 24645, CALAKMUL, CAMPECHE, FRENTE A LA PLAZA PRINCIPAL, ENTRE LA CALLE NARCISO MENDOZA Y CALLE EMILIANO ZAPATA", "inmueble": "PRIMARIA MIGUEL HIDALGO Y COSTILLA", "estatus_ubicacion": "historica", "fuente": "INE — Encarte del Proceso Electoral Federal 2023-2024", "fecha_corte": "2024-06", "cct": "04DPR0197U", "nombre_cct": "MIGUEL HIDALGO Y COSTILLA", "metodo_geo": "cruce nominal contra catálogo CCT de la SEP", "similitud_cruce": 1.0}}, {"type": "Feature", "geometry": {"type": "Point", "coordinates": [-89.453731, 18.221296]}, "properties": {"seccion": "424", "cve_mun": "04010", "nombre_municipio": "CALAKMUL", "nombre_localidad": "CRISTOBAL COLON", "distrito_local": 21, "distrito_local_cabecera": "XPUJIL", "distrito_federal": "SAN FRANCISCO DE CAMPECHE", "casillas": "B1", "n_casillas": 1, "tipos": "B", "ubicacion": "PRIMARIA CRISTÓBAL COLÓN, DOMICILIO CONOCIDO, SIN NÚMERO, LOCALIDAD CRISTÓBAL COLÓN, CÓDIGO POSTAL 24645, CALAKMUL, CAMPECHE, CERCA DE LA ESCUELA 24 DE FEBRERO Y DE LA IGLESIA CATÓLICA", "inmueble": "PRIMARIA CRISTÓBAL COLÓN", "estatus_ubicacion": "historica", "fuente": "INE — Encarte del Proceso Electoral Federal 2023-2024", "fecha_corte": "2024-06", "cct": "04DPB0071M", "nombre_cct": "CRISTOBAL COLON", "metodo_geo": "cruce nominal contra catálogo CCT de la SEP", "similitud_cruce": 1.0}}, {"type": "Feature", "geometry": {"type": "Point", "coordinates": [-89.1796, 18.2145]}, "properties": {"seccion": "425", "cve_mun": "04010", "nombre_municipio": "CALAKMUL", "nombre_localidad": "LOS ANGELES", "distrito_local": 21, "distrito_local_cabecera": "XPUJIL", "distrito_federal": "SAN FRANCISCO DE CAMPECHE", "casillas": "B1, C1", "n_casillas": 2, "tipos": "B, C", "ubicacion": "TELESECUNDARIA NÚMERO 78, DOMICILIO CONOCIDO, SIN NÚMERO, LOCALIDAD LOS ANGELES, CÓDIGO POSTAL 24600, CALAKMUL, CAMPECHE, A UN COSTADO DE LA CARRETERA PRINCIPAL", "inmueble": "TELESECUNDARIA NÚMERO 78", "estatus_ubicacion": "historica", "fuente": "INE — Encarte del Proceso Electoral Federal 2023-2024", "fecha_corte": "2024-06", "cct": "04DTV0078F", "nombre_cct": "TELESECUNDARIA NUM 78", "metodo_geo": "cruce nominal contra catálogo CCT de la SEP", "similitud_cruce": 1.0}}, {"type": "Feature", "geometry": {"type": "Point", "coordinates": [-89.41338, 18.157142]}, "properties": {"seccion": "426", "cve_mun": "04010", "nombre_municipio": "CALAKMUL", "nombre_localidad": "EL CARMEN II", "distrito_local": 21, "distrito_local_cabecera": "XPUJIL", "distrito_federal": "SAN FRANCISCO DE CAMPECHE", "casillas": "B1", "n_casillas": 1, "tipos": "B", "ubicacion": "TELESECUNDARIA NÚMERO 41, PROLONGACIÓN PORFIRIO DÍAZ, SIN NÚMERO, LOCALIDAD EL CARMEN DOS, CÓDIGO POSTAL 24600, CALAKMUL, CAMPECHE, SOBRE LA CALLE PRINCIPAL CENTENARIO", "inmueble": "TELESECUNDARIA NÚMERO 41", "estatus_ubicacion": "historica", "fuente": "INE — Encarte del Proceso Electoral Federal 2023-2024", "fecha_corte": "2024-06", "cct": "04DTV0041S", "nombre_cct": "TELESECUNDARIA NUM 41", "metodo_geo": "cruce nominal contra catálogo CCT de la SEP", "similitud_cruce": 1.0}}, {"type": "Feature", "geometry": {"type": "Point", "coordinates": [-89.453582, 18.230874]}, "properties": {"seccion": "426", "cve_mun": "04010", "nombre_municipio": "CALAKMUL", "nombre_localidad": "LEY DEL FOMENTO AGROPECUARIO", "distrito_local": 21, "distrito_local_cabecera": "XPUJIL", "distrito_federal": "SAN FRANCISCO DE CAMPECHE", "casillas": "E1, E1C1, E1C2", "n_casillas": 3, "tipos": "E", "ubicacion": "ESCUELA PRIMARIA INDÍGENA MIGUEL HIDALGO Y COSTILLA, CALLE JORGE SALOMÓN AZAR GARCÍA, SIN NÚMERO, LOCALIDAD LEY DE FOMENTO AGROPECUARIO, CÓDIGO POSTAL 24600, CALAKMUL, CAMPECHE, ENTRE CALLE EMILIANO ZAPATA Y CALLE VENUSTIANO CARRANZA", "inmueble": "ESCUELA PRIMARIA INDÍGENA MIGUEL HIDALGO Y COSTILLA", "estatus_ubicacion": "historica", "fuente": "INE — Encarte del Proceso Electoral Federal 2023-2024", "fecha_corte": "2024-06", "cct": "04DPR0197U", "nombre_cct": "MIGUEL HIDALGO Y COSTILLA", "metodo_geo": "cruce nominal contra catálogo CCT de la SEP", "similitud_cruce": 0.75}}, {"type": "Feature", "geometry": {"type": "Point", "coordinates": [-89.22518, 17.960176]}, "properties": {"seccion": "427", "cve_mun": "04010", "nombre_municipio": "CALAKMUL", "nombre_localidad": "LAZARO CARDENAS (OJO DE AGUA)", "distrito_local": 21, "distrito_local_cabecera": "XPUJIL", "distrito_federal": "SAN FRANCISCO DE CAMPECHE", "casillas": "B1, C1, C2", "n_casillas": 3, "tipos": "B, C", "ubicacion": "PRIMARIA JUAN DE LA BARRERA, DOMICILIO CONOCIDO, SIN NÚMERO, LOCALIDAD LÁZARO CARDENAS, CÓDIGO POSTAL 24600, CALAKMUL, CAMPECHE, A UN COSTADO DE LA CARRETERA PRINCIPAL", "inmueble": "PRIMARIA JUAN DE LA BARRERA", "estatus_ubicacion": "historica", "fuente": "INE — Encarte del Proceso Electoral Federal 2023-2024", "fecha_corte": "2024-06", "cct": "04DPR0712R", "nombre_cct": "JUAN DE LA BARRERA", "metodo_geo": "cruce nominal contra catálogo CCT de la SEP", "similitud_cruce": 1.0}}, {"type": "Feature", "geometry": {"type": "Point", "coordinates": [-90.2258, 20.0397]}, "properties": {"seccion": "440", "cve_mun": "04008", "nombre_municipio": "TENABO", "nombre_localidad": "TENABO", "distrito_local": 7, "distrito_local_cabecera": "TENABO", "distrito_federal": "SAN FRANCISCO DE CAMPECHE", "casillas": "B1, C1, C2", "n_casillas": 3, "tipos": "B, C", "ubicacion": "JARDÍN DE NIÑOS ALVARO MUÑOZ QUERO, CALLE 2, SIN NÚMERO, COLONIA LA ESPERANZA, TENABO, CÓDIGO POSTAL 24706, TENABO, CAMPECHE, ENTRE LA AVENIDA JACINTO CANEK", "inmueble": "JARDÍN DE NIÑOS ALVARO MUÑOZ QUERO", "estatus_ubicacion": "historica", "fuente": "INE — Encarte del Proceso Electoral Federal 2023-2024", "fecha_corte": "2024-06", "cct": "04DJN0218Z", "nombre_cct": "ALVARO MUNOZ QUERO", "metodo_geo": "cruce nominal contra catálogo CCT de la SEP", "similitud_cruce": 1.0}}, {"type": "Feature", "geometry": {"type": "Point", "coordinates": [-90.222351, 20.045474]}, "properties": {"seccion": "441", "cve_mun": "04008", "nombre_municipio": "TENABO", "nombre_localidad": "TENABO", "distrito_local": 7, "distrito_local_cabecera": "TENABO", "distrito_federal": "SAN FRANCISCO DE CAMPECHE", "casillas": "B1, C1, C2", "n_casillas": 3, "tipos": "B, C", "ubicacion": "PRIMARIA URBANA UNESCO, CALLE 10, SIN NÚMERO, BARRIO JACINTO CANEK, TENABO, CÓDIGO POSTAL 24700, TENABO, CAMPECHE, ENTRE CALLE 9 Y CALLE 11", "inmueble": "PRIMARIA URBANA UNESCO", "estatus_ubicacion": "historica", "fuente": "INE — Encarte del Proceso Electoral Federal 2023-2024", "fecha_corte": "2024-06", "cct": "04DPR0470K", "nombre_cct": "UNESCO", "metodo_geo": "cruce nominal contra catálogo CCT de la SEP", "similitud_cruce": 0.65}}, {"type": "Feature", "geometry": {"type": "Point", "coordinates": [-90.2258, 20.0397]}, "properties": {"seccion": "442", "cve_mun": "04008", "nombre_municipio": "TENABO", "nombre_localidad": "TENABO", "distrito_local": 7, "distrito_local_cabecera": "TENABO", "distrito_federal": "SAN FRANCISCO DE CAMPECHE", "casillas": "B1, C1, C2", "n_casillas": 3, "tipos": "B, C", "ubicacion": "ESCUELA SECUNDARIA TÉCNICA NÚMERO 5, CALLE 10, SIN NÚMERO, COLONIA PROCESADORA, TENABO, CÓDIGO POSTAL 24700, TENABO, CAMPECHE, ENTRE CALLE 23 Y CALLE 29", "inmueble": "ESCUELA SECUNDARIA TÉCNICA NÚMERO 5", "estatus_ubicacion": "historica", "fuente": "INE — Encarte del Proceso Electoral Federal 2023-2024", "fecha_corte": "2024-06", "cct": "04DST0005Z", "nombre_cct": "ESCUELA SECUNDARIA TECNICA NUM 5", "metodo_geo": "cruce nominal contra catálogo CCT de la SEP", "similitud_cruce": 1.0}}, {"type": "Feature", "geometry": {"type": "Point", "coordinates": [-90.2258, 20.0397]}, "properties": {"seccion": "443", "cve_mun": "04008", "nombre_municipio": "TENABO", "nombre_localidad": "TENABO", "distrito_local": 7, "distrito_local_cabecera": "TENABO", "distrito_federal": "SAN FRANCISCO DE CAMPECHE", "casillas": "B1, C1, C2", "n_casillas": 3, "tipos": "B, C", "ubicacion": "PRIMARIA ANA MARÍA FARÍAS, CALLE 4 SIN NÚMERO, BARRIO ANA MARÍA FARÍAS, TENABO, CÓDIGO POSTAL 24700, TENABO, CAMPECHE, POR CALLE 25, FRENTE A LA VÍA FÉRREA", "inmueble": "PRIMARIA ANA MARÍA FARÍAS", "estatus_ubicacion": "historica", "fuente": "INE — Encarte del Proceso Electoral Federal 2023-2024", "fecha_corte": "2024-06", "cct": "04DPR0127Z", "nombre_cct": "ANA MARIA FARIAS", "metodo_geo": "cruce nominal contra catálogo CCT de la SEP", "similitud_cruce": 1.0}}, {"type": "Feature", "geometry": {"type": "Point", "coordinates": [-90.1181, 19.9889]}, "properties": {"seccion": "444", "cve_mun": "04008", "nombre_municipio": "TENABO", "nombre_localidad": "KANKI", "distrito_local": 7, "distrito_local_cabecera": "TENABO", "distrito_federal": "SAN FRANCISCO DE CAMPECHE", "casillas": "B1", "n_casillas": 1, "tipos": "B", "ubicacion": "PRIMARIA BENITO JUÁREZ, DOMICILIO CONOCIDO, SIN NÚMERO, LOCALIDAD KANKI, CÓDIGO POSTAL 24700, TENABO, CAMPECHE, CERCA DEL PARQUE PRINCIPAL", "inmueble": "PRIMARIA BENITO JUÁREZ", "estatus_ubicacion": "historica", "fuente": "INE — Encarte del Proceso Electoral Federal 2023-2024", "fecha_corte": "2024-06", "cct": "04DPR0018S", "nombre_cct": "BENITO JUAREZ", "metodo_geo": "cruce nominal contra catálogo CCT de la SEP", "similitud_cruce": 1.0}}, {"type": "Feature", "geometry": {"type": "Point", "coordinates": [-90.2258, 20.0397]}, "properties": {"seccion": "446", "cve_mun": "04008", "nombre_municipio": "TENABO", "nombre_localidad": "XKUNCHEIL UNO", "distrito_local": 7, "distrito_local_cabecera": "TENABO", "distrito_federal": "SAN FRANCISCO DE CAMPECHE", "casillas": "B1", "n_casillas": 1, "tipos": "B", "ubicacion": "PRIMARIA ÁLVARO MUÑOZ QUERO, DOMICILIO CONOCIDO, SIN NÚMERO, LOCALIDAD XKUNCHEIL, CP 24700, TENABO, CAMPECHE, ENTRE CALLE EMILIANO ZAPATA Y CALLE JALISCO, FRENTE AL PARQUE", "inmueble": "PRIMARIA ÁLVARO MUÑOZ QUERO", "estatus_ubicacion": "historica", "fuente": "INE — Encarte del Proceso Electoral Federal 2023-2024", "fecha_corte": "2024-06", "cct": "04DJN0218Z", "nombre_cct": "ALVARO MUNOZ QUERO", "metodo_geo": "cruce nominal contra catálogo CCT de la SEP", "similitud_cruce": 1.0}}, {"type": "Feature", "geometry": {"type": "Point", "coordinates": [-90.154167, 19.824444]}, "properties": {"seccion": "447", "cve_mun": "04008", "nombre_municipio": "TENABO", "nombre_localidad": "EMILIANO ZAPATA", "distrito_local": 7, "distrito_local_cabecera": "TENABO", "distrito_federal": "SAN FRANCISCO DE CAMPECHE", "casillas": "B1", "n_casillas": 1, "tipos": "B", "ubicacion": "PRIMARIA MELCHOR OCAMPO, DOMICILIO CONOCIDO, SIN NÚMERO, LOCALIDAD EMILIANO ZAPATA, CÓDIGO POSTAL 24700, TENABO, CAMPECHE, FRENTE A LA PLAZA PRINCIPAL, CONTRA ESQUINA DE LA CANCHA, POR CALLE 3", "inmueble": "PRIMARIA MELCHOR OCAMPO", "estatus_ubicacion": "historica", "fuente": "INE — Encarte del Proceso Electoral Federal 2023-2024", "fecha_corte": "2024-06", "cct": "04DPR0472I", "nombre_cct": "MELCHOR OCAMPO", "metodo_geo": "cruce nominal contra catálogo CCT de la SEP", "similitud_cruce": 1.0}}, {"type": "Feature", "geometry": {"type": "Point", "coordinates": [-90.53989, 19.81793]}, "properties": {"seccion": "540", "cve_mun": "04002", "nombre_municipio": "CAMPECHE", "nombre_localidad": "SAN FRANCISCO DE CAMPECHE", "distrito_local": 5, "distrito_local_cabecera": "SAN FRANCISCO DE CAMPECHE", "distrito_federal": "SAN FRANCISCO DE CAMPECHE", "casillas": "B1, C1", "n_casillas": 2, "tipos": "B, C", "ubicacion": "JARDÍN DE NIÑOS MARÍA ENRIQUETA CAMARILLO, CALLE BENITO JUÁREZ, SIN NÚMERO, COLONIA IGNACIO ZARAGOZA, CÓDIGO POSTAL 24098, CAMPECHE, CAMPECHE, ENTRE LA CALLE EMILIANO ZAPATA Y LA CALLE ITURBIDE, ATRÁS DEL HOTEL HOTEL U XUL KA", "inmueble": "JARDÍN DE NIÑOS MARÍA ENRIQUETA CAMARILLO", "estatus_ubicacion": "historica", "fuente": "INE — Encarte del Proceso Electoral Federal 2023-2024", "fecha_corte": "2024-06", "cct": "04DJN0148V", "nombre_cct": "MARIA ENRIQUETA CAMARILLO", "metodo_geo": "cruce nominal contra catálogo CCT de la SEP", "similitud_cruce": 1.0}}, {"type": "Feature", "geometry": {"type": "Point", "coordinates": [-90.540459, 19.820307]}, "properties": {"seccion": "541", "cve_mun": "04002", "nombre_municipio": "CAMPECHE", "nombre_localidad": "SAN FRANCISCO DE CAMPECHE", "distrito_local": 5, "distrito_local_cabecera": "SAN FRANCISCO DE CAMPECHE", "distrito_federal": "SAN FRANCISCO DE CAMPECHE", "casillas": "B1, C1, C2", "n_casillas": 3, "tipos": "B, C", "ubicacion": "ESCUELA PRIMARIA JOAQUIN CLAUSELL, CALLE SAN ANTONIO, SIN NÚMERO, COLONIA MIGUEL HIDALGO, CÓDIGO POSTAL 24094, CAMPECHE, CAMPECHE, ENTRE CALLE FRANCISCO I. MADERO Y CALLE JABÍN", "inmueble": "ESCUELA PRIMARIA JOAQUIN CLAUSELL", "estatus_ubicacion": "historica", "fuente": "INE — Encarte del Proceso Electoral Federal 2023-2024", "fecha_corte": "2024-06", "cct": "04PES0041R", "nombre_cct": "JOAQUIN CLAUSELL", "metodo_geo": "cruce nominal contra catálogo CCT de la SEP", "similitud_cruce": 1.0}}, {"type": "Feature", "geometry": {"type": "Point", "coordinates": [-90.489629, 19.843661]}, "properties": {"seccion": "549", "cve_mun": "04002", "nombre_municipio": "CAMPECHE", "nombre_localidad": "SAN FRANCISCO DE CAMPECHE", "distrito_local": 2, "distrito_local_cabecera": "SAN FRANCISCO DE CAMPECHE", "distrito_federal": "SAN FRANCISCO DE CAMPECHE", "casillas": "B1, C1, C2, C3", "n_casillas": 4, "tipos": "B, C", "ubicacion": "ESCUELA PRIMARIA NIÑOS HÉROES, CALLE TULUM, SIN NUMERO, COLONIA SEGUNDA AMPLIACION KALA I, LOCALIDAD SAN FRANCISCO DE CAMPECHE, CODIGO POSTAL 24087, CAMPECHE, A LADO DE LA CISTERNA DE AGUA POTABLE", "inmueble": "ESCUELA PRIMARIA NIÑOS HÉROES", "estatus_ubicacion": "historica", "fuente": "INE — Encarte del Proceso Electoral Federal 2023-2024", "fecha_corte": "2024-06", "cct": "04DPR0693T", "nombre_cct": "NINOS HEROES", "metodo_geo": "cruce nominal contra catálogo CCT de la SEP", "similitud_cruce": 1.0}}, {"type": "Feature", "geometry": {"type": "Point", "coordinates": [-90.48918, 19.8458]}, "properties": {"seccion": "550", "cve_mun": "04002", "nombre_municipio": "CAMPECHE", "nombre_localidad": "SAN FRANCISCO DE CAMPECHE", "distrito_local": 2, "distrito_local_cabecera": "SAN FRANCISCO DE CAMPECHE", "distrito_federal": "SAN FRANCISCO DE CAMPECHE", "casillas": "B1, C1", "n_casillas": 2, "tipos": "B, C", "ubicacion": "JARDIN DE NIÑOS EDELMIRA TORAYA DE ESPINOLA, CALLE COBA, NUMERO 1, COLONIA AMPLIACION KALA 1, LOCALIDAD SAN FRANCISCO DE CAMPECHE, CODIGO POSTAL 24087, CAMPECHE, A UNA CUADRA DE LA CANCHA TECHADA DE COLONIAL CAMPECHE", "inmueble": "JARDIN DE NIÑOS EDELMIRA TORAYA DE ESPINOLA", "estatus_ubicacion": "historica", "fuente": "INE — Encarte del Proceso Electoral Federal 2023-2024", "fecha_corte": "2024-06", "cct": "04DJN0230V", "nombre_cct": "EDELMIRA TORAYA DE ESPINOLA", "metodo_geo": "cruce nominal contra catálogo CCT de la SEP", "similitud_cruce": 1.0}}, {"type": "Feature", "geometry": {"type": "Point", "coordinates": [-90.48964, 19.83671]}, "properties": {"seccion": "553", "cve_mun": "04002", "nombre_municipio": "CAMPECHE", "nombre_localidad": "SAN FRANCISCO DE CAMPECHE", "distrito_local": 2, "distrito_local_cabecera": "SAN FRANCISCO DE CAMPECHE", "distrito_federal": "SAN FRANCISCO DE CAMPECHE", "casillas": "B1, C1, C2, C3, C4", "n_casillas": 5, "tipos": "B, C", "ubicacion": "ESCUELA SECUNDARIA TECNICA NUMERO 23, AVENIDA CIRCUITO PABLO GARCÍA ESTE, NUMERO 69, COLONIA CIUDAD CONCORDIA, SAN FRANCISCO DE CAMPECHE, CODIGO POSTAL 24085, CAMPECHE, FRENTE AL CENTRO DEPORTIVO CIUDAD CONCORDIA", "inmueble": "ESCUELA SECUNDARIA TECNICA NUMERO 23", "estatus_ubicacion": "historica", "fuente": "INE — Encarte del Proceso Electoral Federal 2023-2024", "fecha_corte": "2024-06", "cct": "04DST0023P", "nombre_cct": "ESCUELA SECUNDARIA TECNICA NUM 23", "metodo_geo": "cruce nominal contra catálogo CCT de la SEP", "similitud_cruce": 1.0}}, {"type": "Feature", "geometry": {"type": "Point", "coordinates": [-91.81676, 18.661917]}, "properties": {"seccion": "188", "cve_mun": "04003", "nombre_municipio": "CARMEN", "nombre_localidad": "CIUDAD DEL CARMEN", "distrito_local": 9, "distrito_local_cabecera": "CIUDAD DEL CARMEN", "distrito_federal": "CIUDAD DEL CARMEN", "casillas": "B1, C1, C2", "n_casillas": 3, "tipos": "B, C", "ubicacion": "ESCUELA PRIMARIA ALICIA MARÍA CALDERÓN DE AVILÉS, CALLE 55, SIN NÚMERO, COLONIA ELECTRICISTAS, CIUDAD DEL CARMEN, CÓDIGO POSTAL 24120, CARMEN, CAMPECHE., ENTRE LAS CALLES 38 Y 38 A", "inmueble": "ESCUELA PRIMARIA ALICIA MARÍA CALDERÓN DE AVILÉS", "estatus_ubicacion": "historica", "fuente": "INE — Encarte del Proceso Electoral Federal 2023-2024", "fecha_corte": "2024-06", "cct": "04DPR0377E", "nombre_cct": "ALICIA MARIA CALDERON DE AVILES", "metodo_geo": "cruce nominal contra catálogo CCT de la SEP", "similitud_cruce": 1.0}}, {"type": "Feature", "geometry": {"type": "Point", "coordinates": [-91.827314, 18.659873]}, "properties": {"seccion": "189", "cve_mun": "04003", "nombre_municipio": "CARMEN", "nombre_localidad": "CIUDAD DEL CARMEN", "distrito_local": 9, "distrito_local_cabecera": "CIUDAD DEL CARMEN", "distrito_federal": "CIUDAD DEL CARMEN", "casillas": "B1, C1", "n_casillas": 2, "tipos": "B, C", "ubicacion": "ESCUELA PRIMARIA ING. RICARDO MONJES LÓPEZ , AVENIDA CAMARON, SIN NÚMERO, COLONIA JUSTO SIERRA, CIUDAD DEL CARMEN, CÓDIGO POSTAL 24114, CARMEN, CAMPECHE., ENTRE LAS CALLES MOJARRA Y ROBALO", "inmueble": "ESCUELA PRIMARIA ING. RICARDO MONJES LÓPEZ", "estatus_ubicacion": "historica", "fuente": "INE — Encarte del Proceso Electoral Federal 2023-2024", "fecha_corte": "2024-06", "cct": "04DPR0663Z", "nombre_cct": "ING RICARDO MONJES LOPEZ", "metodo_geo": "cruce nominal contra catálogo CCT de la SEP", "similitud_cruce": 1.0}}, {"type": "Feature", "geometry": {"type": "Point", "coordinates": [-91.81759, 18.65937]}, "properties": {"seccion": "190", "cve_mun": "04003", "nombre_municipio": "CARMEN", "nombre_localidad": "CIUDAD DEL CARMEN", "distrito_local": 9, "distrito_local_cabecera": "CIUDAD DEL CARMEN", "distrito_federal": "CIUDAD DEL CARMEN", "casillas": "B1, C1", "n_casillas": 2, "tipos": "B, C", "ubicacion": "ESCUELA PRIMARIA PÚBLICA LUCILA ALAYOLA LAURA, AVENIDA PERIFÉRICA NORTE, SIN NÚMERO, COLONIA SAN CARLOS, CIUDAD DEL CARMEN, CÓDIGO POSTAL 24116, CARMEN, CAMPECHE., ENTRE MALECÓN DE LA CALETA Y LA CALLE 53 A", "inmueble": "ESCUELA PRIMARIA PÚBLICA LUCILA ALAYOLA LAURA", "estatus_ubicacion": "historica", "fuente": "INE — Encarte del Proceso Electoral Federal 2023-2024", "fecha_corte": "2024-06", "cct": "04DPR0089M", "nombre_cct": "LUCILA ALAYOLA LAURA", "metodo_geo": "cruce nominal contra catálogo CCT de la SEP", "similitud_cruce": 0.9}}, {"type": "Feature", "geometry": {"type": "Point", "coordinates": [-91.817204, 18.662043]}, "properties": {"seccion": "191", "cve_mun": "04003", "nombre_municipio": "CARMEN", "nombre_localidad": "CIUDAD DEL CARMEN", "distrito_local": 9, "distrito_local_cabecera": "CIUDAD DEL CARMEN", "distrito_federal": "CIUDAD DEL CARMEN", "casillas": "B1, C1, C2", "n_casillas": 3, "tipos": "B, C", "ubicacion": "JARDIN DE NIÑOS ESTHER RODRIGUEZ MEZA, CALLE 74, SIN NÚMERO, COLONIA OBRERA, CIUDAD DEL CARMEN, CÓDIGO POSTAL 24117, CARMEN, CAMPECHE., ENTRE CALLE 55 Y AVENIDA CAMARÓN", "inmueble": "JARDIN DE NIÑOS ESTHER RODRIGUEZ MEZA", "estatus_ubicacion": "historica", "fuente": "INE — Encarte del Proceso Electoral Federal 2023-2024", "fecha_corte": "2024-06", "cct": "04DJN0060R", "nombre_cct": "ESTHER RODRIGUEZ MEZA", "metodo_geo": "cruce nominal contra catálogo CCT de la SEP", "similitud_cruce": 1.0}}, {"type": "Feature", "geometry": {"type": "Point", "coordinates": [-91.827435, 18.657435]}, "properties": {"seccion": "195", "cve_mun": "04003", "nombre_municipio": "CARMEN", "nombre_localidad": "CIUDAD DEL CARMEN", "distrito_local": 9, "distrito_local_cabecera": "CIUDAD DEL CARMEN", "distrito_federal": "CIUDAD DEL CARMEN", "casillas": "B1, C1", "n_casillas": 2, "tipos": "B, C", "ubicacion": "JARDÍN DE NIÑOS OLGA MARÍA MORALES DE MACOSSAY, CALLE 57, SIN NÚMERO, COLONIA MORELOS, CIUDAD DEL CARMEN, CÓDIGO POSTAL 24115, CARMEN, CAMPECHE., ENTRE LAS CALLES 60 Y 62 CONTRA ESQUINA DEL MERCADO MORELOS", "inmueble": "JARDÍN DE NIÑOS OLGA MARÍA MORALES DE MACOSSAY", "estatus_ubicacion": "historica", "fuente": "INE — Encarte del Proceso Electoral Federal 2023-2024", "fecha_corte": "2024-06", "cct": "04DJN0114E", "nombre_cct": "OLGA MA MORALES DE MACOSSAY", "metodo_geo": "cruce nominal contra catálogo CCT de la SEP", "similitud_cruce": 0.75}}, {"type": "Feature", "geometry": {"type": "Point", "coordinates": [-91.838581, 18.642232]}, "properties": {"seccion": "199", "cve_mun": "04003", "nombre_municipio": "CARMEN", "nombre_localidad": "CIUDAD DEL CARMEN", "distrito_local": 20, "distrito_local_cabecera": "PALIZADA", "distrito_federal": "CIUDAD DEL CARMEN", "casillas": "B1, C1, C2", "n_casillas": 3, "tipos": "B, C", "ubicacion": "ESCUELA PRIMARIA MARÍA PACHECO BLANCO, CALLE 41 A, NUMERO 206, COLONIA CENTRO, CIUDAD DEL CARMEN, CÓDIGO POSTAL 24100, CARMEN, CAMPECHE., ENTRE LAS CALLES 41 B Y 41, FRENTE AL MUSEO VICTORIANO NIEVES", "inmueble": "ESCUELA PRIMARIA MARÍA PACHECO BLANCO", "estatus_ubicacion": "historica", "fuente": "INE — Encarte del Proceso Electoral Federal 2023-2024", "fecha_corte": "2024-06", "cct": "04DPR0468W", "nombre_cct": "MARIA PACHECO BLANCO", "metodo_geo": "cruce nominal contra catálogo CCT de la SEP", "similitud_cruce": 1.0}}, {"type": "Feature", "geometry": {"type": "Point", "coordinates": [-91.836403, 18.647757]}, "properties": {"seccion": "200", "cve_mun": "04003", "nombre_municipio": "CARMEN", "nombre_localidad": "CIUDAD DEL CARMEN", "distrito_local": 20, "distrito_local_cabecera": "PALIZADA", "distrito_federal": "CIUDAD DEL CARMEN", "casillas": "B1, C1", "n_casillas": 2, "tipos": "B, C", "ubicacion": "ESCUELA PRIMARIA BENITO JUÁREZ GARCÍA, CALLE 49, NÚMERO 289, COLONIA SANTA MARGARITA, CIUDAD DEL CARMEN, CÓDIGO POSTAL 24120, CARMEN, CAMPECHE., ENTRE LAS CALLES 26 Y 36", "inmueble": "ESCUELA PRIMARIA BENITO JUÁREZ GARCÍA", "estatus_ubicacion": "historica", "fuente": "INE — Encarte del Proceso Electoral Federal 2023-2024", "fecha_corte": "2024-06", "cct": "04DPR0218Q", "nombre_cct": "BENITO JUAREZ GARCIA", "metodo_geo": "cruce nominal contra catálogo CCT de la SEP", "similitud_cruce": 1.0}}, {"type": "Feature", "geometry": {"type": "Point", "coordinates": [-91.822231, 18.654274]}, "properties": {"seccion": "203", "cve_mun": "04003", "nombre_municipio": "CARMEN", "nombre_localidad": "CIUDAD DEL CARMEN", "distrito_local": 9, "distrito_local_cabecera": "CIUDAD DEL CARMEN", "distrito_federal": "CIUDAD DEL CARMEN", "casillas": "B1, C1", "n_casillas": 2, "tipos": "B, C", "ubicacion": "INSTITUTO SOR JUANA INES DE LA CRUZ, CALLE 35, NÚMERO 273, COLONIA FÁTIMA, CIUDAD DEL CARMEN, CÓDIGO POSTAL 24110, CARMEN, CAMPECHE., ESQUINA CON CALLE 64", "inmueble": "INSTITUTO SOR JUANA INES DE LA CRUZ", "estatus_ubicacion": "historica", "fuente": "INE — Encarte del Proceso Electoral Federal 2023-2024", "fecha_corte": "2024-06", "cct": "04PES0019P", "nombre_cct": "INSTITUTO SOR JUANA INES DE LA CRUZ", "metodo_geo": "cruce nominal contra catálogo CCT de la SEP", "similitud_cruce": 1.0}}, {"type": "Feature", "geometry": {"type": "Point", "coordinates": [-91.816337, 18.657222]}, "properties": {"seccion": "205", "cve_mun": "04003", "nombre_municipio": "CARMEN", "nombre_localidad": "CIUDAD DEL CARMEN", "distrito_local": 8, "distrito_local_cabecera": "CIUDAD DEL CARMEN", "distrito_federal": "CIUDAD DEL CARMEN", "casillas": "B1, C1, C2, C3, C4, C5, C6", "n_casillas": 7, "tipos": "B, C", "ubicacion": "JARDÍN DE NIÑOS ADAMANTINA ANDRADE HEREDIA, CALLE VICENTE GUERRERO, SIN NÚMERO, COLONIA INSURGENTES, CIUDAD DEL CARMEN, CÓDIGO POSTAL 24197, CARMEN, CAMPECHE., JUNTO A LA CANCHA TECHADA", "inmueble": "JARDÍN DE NIÑOS ADAMANTINA ANDRADE HEREDIA", "estatus_ubicacion": "historica", "fuente": "INE — Encarte del Proceso Electoral Federal 2023-2024", "fecha_corte": "2024-06", "cct": "04DJN0238N", "nombre_cct": "ADAMANTINA ANDRADE HEREDIA", "metodo_geo": "cruce nominal contra catálogo CCT de la SEP", "similitud_cruce": 1.0}}, {"type": "Feature", "geometry": {"type": "Point", "coordinates": [-91.800328, 18.659976]}, "properties": {"seccion": "206", "cve_mun": "04003", "nombre_municipio": "CARMEN", "nombre_localidad": "CIUDAD DEL CARMEN", "distrito_local": 10, "distrito_local_cabecera": "CIUDAD DEL CARMEN", "distrito_federal": "CIUDAD DEL CARMEN", "casillas": "B1, C1, C2, C3, C4", "n_casillas": 5, "tipos": "B, C", "ubicacion": "JARDÍN DE NIÑOS ARTURO SHIELDS CÁRDENAS, ANDADOR DE LAS ROSAS, NÚMERO 203 A, FRACCIONAMIENTO PUENTE DE LA UNIDAD, CIUDAD DEL CARMEN, CÓDIGO POSTAL 24154, CARMEN, CAMPECHE., ATRAS DE LA IGLESIA SAN NICOLAS", "inmueble": "JARDÍN DE NIÑOS ARTURO SHIELDS CÁRDENAS", "estatus_ubicacion": "historica", "fuente": "INE — Encarte del Proceso Electoral Federal 2023-2024", "fecha_corte": "2024-06", "cct": "04DJN0143Z", "nombre_cct": "ARTURO SHIELDS CARDENAS", "metodo_geo": "cruce nominal contra catálogo CCT de la SEP", "similitud_cruce": 1.0}}, {"type": "Feature", "geometry": {"type": "Point", "coordinates": [-91.818905, 18.656177]}, "properties": {"seccion": "207", "cve_mun": "04003", "nombre_municipio": "CARMEN", "nombre_localidad": "CIUDAD DEL CARMEN", "distrito_local": 9, "distrito_local_cabecera": "CIUDAD DEL CARMEN", "distrito_federal": "CIUDAD DEL CARMEN", "casillas": "B1, C1, C2", "n_casillas": 3, "tipos": "B, C", "ubicacion": "UNIVERSIDAD MUNDO MAYA, CALLE 35, NÚMERO 282, COLONIA SAN AGUSTÍN DEL PALMAR, CIUDAD DEL CARMEN, CÓDIGO POSTAL 24110, CARMEN, CAMPECHE., ENTRE LAS CALLES 70 Y 72", "inmueble": "UNIVERSIDAD MUNDO MAYA", "estatus_ubicacion": "historica", "fuente": "INE — Encarte del Proceso Electoral Federal 2023-2024", "fecha_corte": "2024-06", "cct": "04PSU0024S", "nombre_cct": "UNIVERSIDAD MUNDO MAYA CAMPUS CARMEN", "metodo_geo": "cruce nominal contra catálogo CCT de la SEP", "similitud_cruce": 0.75}}, {"type": "Feature", "geometry": {"type": "Point", "coordinates": [-91.821716, 18.652521]}, "properties": {"seccion": "208", "cve_mun": "04003", "nombre_municipio": "CARMEN", "nombre_localidad": "CIUDAD DEL CARMEN", "distrito_local": 8, "distrito_local_cabecera": "CIUDAD DEL CARMEN", "distrito_federal": "CIUDAD DEL CARMEN", "casillas": "B1, C1, C2", "n_casillas": 3, "tipos": "B, C", "ubicacion": "ESCUELA PRIMARIA JUSTO SIERRA MÉNDEZ, CALLE 35 B, SIN NÚMERO, COLONIA FÁTIMA, CIUDAD DEL CARMEN, CÓDIGO POSTAL 24110, CARMEN, CAMPECHE., ENTRE LAS CALLES 62 Y 64", "inmueble": "ESCUELA PRIMARIA JUSTO SIERRA MÉNDEZ", "estatus_ubicacion": "historica", "fuente": "INE — Encarte del Proceso Electoral Federal 2023-2024", "fecha_corte": "2024-06", "cct": "04DPR0501N", "nombre_cct": "JUSTO SIERRA MENDEZ", "metodo_geo": "cruce nominal contra catálogo CCT de la SEP", "similitud_cruce": 1.0}}, {"type": "Feature", "geometry": {"type": "Point", "coordinates": [-91.82754, 18.648956]}, "properties": {"seccion": "209", "cve_mun": "04003", "nombre_municipio": "CARMEN", "nombre_localidad": "CIUDAD DEL CARMEN", "distrito_local": 9, "distrito_local_cabecera": "CIUDAD DEL CARMEN", "distrito_federal": "CIUDAD DEL CARMEN", "casillas": "B1, C1", "n_casillas": 2, "tipos": "B, C", "ubicacion": "ESCUELA PRIMARIA HÉCTOR PÉREZ MARTÍNEZ, CALLE 35, NÚMERO 140, COLONIA HÉCTOR PÉREZ MARTÍNEZ, CIUDAD DEL CARMEN, CÓDIGO POSTAL 24110, CARMEN, CAMPECHE., A UN COSTADO DEL DIF MUNICIPAL", "inmueble": "ESCUELA PRIMARIA HÉCTOR PÉREZ MARTÍNEZ", "estatus_ubicacion": "historica", "fuente": "INE — Encarte del Proceso Electoral Federal 2023-2024", "fecha_corte": "2024-06", "cct": "04DPR0456R", "nombre_cct": "CENTRO ESCOLAR HECTOR PEREZ MARTINEZ", "metodo_geo": "cruce nominal contra catálogo CCT de la SEP", "similitud_cruce": 1.0}}, {"type": "Feature", "geometry": {"type": "Point", "coordinates": [-91.830377, 18.649877]}, "properties": {"seccion": "210", "cve_mun": "04003", "nombre_municipio": "CARMEN", "nombre_localidad": "CIUDAD DEL CARMEN", "distrito_local": 9, "distrito_local_cabecera": "CIUDAD DEL CARMEN", "distrito_federal": "CIUDAD DEL CARMEN", "casillas": "B1, C1, C2", "n_casillas": 3, "tipos": "B, C", "ubicacion": "COLEGIO PEDRO SAINZ DE BARANDA, CALLE 49, SIN NÚMERO, COLONIA SANTA MARGARITA, CIUDAD DEL CARMEN, CÓDIGO POSTAL 24120, CARMEN, CAMPECHE., ENTRE LAS CALLES 50 Y 50 A", "inmueble": "COLEGIO PEDRO SAINZ DE BARANDA", "estatus_ubicacion": "historica", "fuente": "INE — Encarte del Proceso Electoral Federal 2023-2024", "fecha_corte": "2024-06", "cct": "04PPR0013B", "nombre_cct": "PEDRO SAINZ DE BARANDA", "metodo_geo": "cruce nominal contra catálogo CCT de la SEP", "similitud_cruce": 1.0}}, {"type": "Feature", "geometry": {"type": "Point", "coordinates": [-91.832133, 18.645485]}, "properties": {"seccion": "212", "cve_mun": "04003", "nombre_municipio": "CARMEN", "nombre_localidad": "CIUDAD DEL CARMEN", "distrito_local": 9, "distrito_local_cabecera": "CIUDAD DEL CARMEN", "distrito_federal": "CIUDAD DEL CARMEN", "casillas": "B1, C1", "n_casillas": 2, "tipos": "B, C", "ubicacion": "JARDÍN DE NIÑOS FEDERICO FROEBEL, CALLE 41, SIN NÚMERO, COLONIA TECOLUTLA, CIUDAD DEL CARMEN, CÓDIGO POSTAL 24178, CARMEN, CAMPECHE., ENTRE LAS CALLES 40 Y 44", "inmueble": "JARDÍN DE NIÑOS FEDERICO FROEBEL", "estatus_ubicacion": "historica", "fuente": "INE — Encarte del Proceso Electoral Federal 2023-2024", "fecha_corte": "2024-06", "cct": "04DJN0181C", "nombre_cct": "FEDERICO FROEBEL", "metodo_geo": "cruce nominal contra catálogo CCT de la SEP", "similitud_cruce": 1.0}}, {"type": "Feature", "geometry": {"type": "Point", "coordinates": [-91.831562, 18.64326]}, "properties": {"seccion": "213", "cve_mun": "04003", "nombre_municipio": "CARMEN", "nombre_localidad": "CIUDAD DEL CARMEN", "distrito_local": 9, "distrito_local_cabecera": "CIUDAD DEL CARMEN", "distrito_federal": "CIUDAD DEL CARMEN", "casillas": "B1, C1", "n_casillas": 2, "tipos": "B, C", "ubicacion": "ESCUELA PREPARATORIA PARTICULAR LAFAYETTE, CALLE 35, NÚMERO 80, COLONIA CUAUHTÉMOC, CIUDAD DEL CARMEN, CÓDIGO POSTAL 24170, CARMEN, CAMPECHE., ENTRE LAS CALLES 38 Y 40", "inmueble": "ESCUELA PREPARATORIA PARTICULAR LAFAYETTE", "estatus_ubicacion": "historica", "fuente": "INE — Encarte del Proceso Electoral Federal 2023-2024", "fecha_corte": "2024-06", "cct": "04PBH0011U", "nombre_cct": "ESCUELA PREPARATORIA COLEGIO LAFAYETTE AC", "metodo_geo": "cruce nominal contra catálogo CCT de la SEP", "similitud_cruce": 0.65}}, {"type": "Feature", "geometry": {"type": "Point", "coordinates": [-91.835741, 18.662116]}, "properties": {"seccion": "214", "cve_mun": "04003", "nombre_municipio": "CARMEN", "nombre_localidad": "CIUDAD DEL CARMEN", "distrito_local": 9, "distrito_local_cabecera": "CIUDAD DEL CARMEN", "distrito_federal": "CIUDAD DEL CARMEN", "casillas": "B1, C1", "n_casillas": 2, "tipos": "B, C", "ubicacion": "CENTRO DE ATENCIÓN Y DESARROLLO INFANTIL (CADI), CALLE 34, SIN NÚMERO, COLONIA TECOLUTLA, CIUDAD DEL CARMEN, CÓDIGO POSTAL 24178, CARMEN, CAMPECHE., ENTRE LAS CALLES 41 Y 39", "inmueble": "CENTRO DE ATENCIÓN Y DESARROLLO INFANTIL (CADI)", "estatus_ubicacion": "historica", "fuente": "INE — Encarte del Proceso Electoral Federal 2023-2024", "fecha_corte": "2024-06", "cct": "04PJN0107Z", "nombre_cct": "CENTRO INTERNACIONAL DE DESARROLLO INFANTIL", "metodo_geo": "cruce nominal contra catálogo CCT de la SEP", "similitud_cruce": 0.55}}, {"type": "Feature", "geometry": {"type": "Point", "coordinates": [-91.821718, 18.647144]}, "properties": {"seccion": "218", "cve_mun": "04003", "nombre_municipio": "CARMEN", "nombre_localidad": "CIUDAD DEL CARMEN", "distrito_local": 9, "distrito_local_cabecera": "CIUDAD DEL CARMEN", "distrito_federal": "CIUDAD DEL CARMEN", "casillas": "S1", "n_casillas": 1, "tipos": "S", "ubicacion": "ESCUELA SECUNDARIA TÉCNICA NÚMERO 25, CALLE 56, SIN NÚMERO, COLONIA PETROLERA, CIUDAD DEL CARMEN, CÓDIGO POSTAL 24160, CARMEN, CAMPECHE., ENTRE LA AVENIDA JUÁREZ Y FRENTE DEL HOSPITAL DEL ISSSTE Y CRUZ ROJA", "inmueble": "ESCUELA SECUNDARIA TÉCNICA NÚMERO 25", "estatus_ubicacion": "historica", "fuente": "INE — Encarte del Proceso Electoral Federal 2023-2024", "fecha_corte": "2024-06", "cct": "04DST0025N", "nombre_cct": "ESCUELA SECUNDARIA TECNICA NUM 25", "metodo_geo": "cruce nominal contra catálogo CCT de la SEP", "similitud_cruce": 1.0}}, {"type": "Feature", "geometry": {"type": "Point", "coordinates": [-91.827826, 18.64047]}, "properties": {"seccion": "220", "cve_mun": "04003", "nombre_municipio": "CARMEN", "nombre_localidad": "CIUDAD DEL CARMEN", "distrito_local": 8, "distrito_local_cabecera": "CIUDAD DEL CARMEN", "distrito_federal": "CIUDAD DEL CARMEN", "casillas": "B1", "n_casillas": 1, "tipos": "B", "ubicacion": "ESCUELA PRIMARIA SEPTIMIO PÉREZ PALACIOS, AVENIDA 31, SIN NÚMERO, UNIDAD HABITACIONAL FOVISSSTE, CIUDAD DEL CARMEN, CÓDIGO POSTAL 24199, CARMEN, CAMPECHE., FRENTE A LA AGENCIA CHRYSLER", "inmueble": "ESCUELA PRIMARIA SEPTIMIO PÉREZ PALACIOS", "estatus_ubicacion": "historica", "fuente": "INE — Encarte del Proceso Electoral Federal 2023-2024", "fecha_corte": "2024-06", "cct": "04DPR0627U", "nombre_cct": "SEPTIMIO PEREZ PALACIOS", "metodo_geo": "cruce nominal contra catálogo CCT de la SEP", "similitud_cruce": 1.0}}, {"type": "Feature", "geometry": {"type": "Point", "coordinates": [-91.83172, 18.636214]}, "properties": {"seccion": "224", "cve_mun": "04003", "nombre_municipio": "CARMEN", "nombre_localidad": "CIUDAD DEL CARMEN", "distrito_local": 20, "distrito_local_cabecera": "PALIZADA", "distrito_federal": "CIUDAD DEL CARMEN", "casillas": "B1, C1", "n_casillas": 2, "tipos": "B, C", "ubicacion": "ESCUELA PRIMARIA JUAN BAUTISTA CALDERA, CALLE 25, NÚMERO 15, COLONIA GUANAL, CIUDAD DEL CARMEN, CÓDIGO POSTAL 24139, CARMEN, CAMPECHE., ENTRE LAS CALLES 30 Y 28 A", "inmueble": "ESCUELA PRIMARIA JUAN BAUTISTA CALDERA", "estatus_ubicacion": "historica", "fuente": "INE — Encarte del Proceso Electoral Federal 2023-2024", "fecha_corte": "2024-06", "cct": "04DPR0440Q", "nombre_cct": "JUAN B CALDERA", "metodo_geo": "cruce nominal contra catálogo CCT de la SEP", "similitud_cruce": 0.65}}, {"type": "Feature", "geometry": {"type": "Point", "coordinates": [-91.823855, 18.637654]}, "properties": {"seccion": "226", "cve_mun": "04003", "nombre_municipio": "CARMEN", "nombre_localidad": "CIUDAD DEL CARMEN", "distrito_local": 9, "distrito_local_cabecera": "CIUDAD DEL CARMEN", "distrito_federal": "CIUDAD DEL CARMEN", "casillas": "B1, C1", "n_casillas": 2, "tipos": "B, C", "ubicacion": "ESCUELA PRIMARIA PÚBLICA REPÚBLICA DE HONDURAS, CALLE 19, NÚMERO 782, COLONIA LIMONAR, CIUDAD DEL CARMEN, CÓDIGO POSTAL 24180, CARMEN, CAMPECHE., ENTRE LAS CALLES 38 Y 40", "inmueble": "ESCUELA PRIMARIA PÚBLICA REPÚBLICA DE HONDURAS", "estatus_ubicacion": "historica", "fuente": "INE — Encarte del Proceso Electoral Federal 2023-2024", "fecha_corte": "2024-06", "cct": "04DPR0006N", "nombre_cct": "REPUBLICA DE HONDURAS", "metodo_geo": "cruce nominal contra catálogo CCT de la SEP", "similitud_cruce": 0.817}}, {"type": "Feature", "geometry": {"type": "Point", "coordinates": [-91.831562, 18.64326]}, "properties": {"seccion": "227", "cve_mun": "04003", "nombre_municipio": "CARMEN", "nombre_localidad": "CIUDAD DEL CARMEN", "distrito_local": 8, "distrito_local_cabecera": "CIUDAD DEL CARMEN", "distrito_federal": "CIUDAD DEL CARMEN", "casillas": "B1, C1", "n_casillas": 2, "tipos": "B, C", "ubicacion": "COLEGIO PARTICULAR LAFAYETTE, CALLE 42 B, NÚMERO 36, COLONIA TACUBAYA, CIUDAD DEL CARMEN, CÓDIGO POSTAL 24180, CARMEN, CAMPECHE., ENTRE LAS CALLES 31 Y 19", "inmueble": "COLEGIO PARTICULAR LAFAYETTE", "estatus_ubicacion": "historica", "fuente": "INE — Encarte del Proceso Electoral Federal 2023-2024", "fecha_corte": "2024-06", "cct": "04PES0013V", "nombre_cct": "COLEGIO LAFAYETTE", "metodo_geo": "cruce nominal contra catálogo CCT de la SEP", "similitud_cruce": 0.65}}, {"type": "Feature", "geometry": {"type": "Point", "coordinates": [-91.78546, 18.645569]}, "properties": {"seccion": "230", "cve_mun": "04003", "nombre_municipio": "CARMEN", "nombre_localidad": "CIUDAD DEL CARMEN", "distrito_local": 11, "distrito_local_cabecera": "CIUDAD DEL CARMEN", "distrito_federal": "CIUDAD DEL CARMEN", "casillas": "B1, C1, C2, C3, C4, C5, C6, C7, C8, C9", "n_casillas": 10, "tipos": "B, C", "ubicacion": "ESCUELA PRIMARIA IGNACIO MANUEL ALTAMIRANO, CALLE FUEGO DE COLIMA, SIN NÚMERO, COLONIA VOLCANES, CIUDAD DEL CARMEN, CÓDIGO POSTAL 24150, CARMEN, CAMPECHE., ENTRE LAS CALLES CERRO DE LAS CAMPANAS Y LA MALINCHE", "inmueble": "ESCUELA PRIMARIA IGNACIO MANUEL ALTAMIRANO", "estatus_ubicacion": "historica", "fuente": "INE — Encarte del Proceso Electoral Federal 2023-2024", "fecha_corte": "2024-06", "cct": "04DPR0690W", "nombre_cct": "IGNACIO MANUEL ALTAMIRANO", "metodo_geo": "cruce nominal contra catálogo CCT de la SEP", "similitud_cruce": 1.0}}, {"type": "Feature", "geometry": {"type": "Point", "coordinates": [-91.790243, 18.650606]}, "properties": {"seccion": "231", "cve_mun": "04003", "nombre_municipio": "CARMEN", "nombre_localidad": "CIUDAD DEL CARMEN", "distrito_local": 11, "distrito_local_cabecera": "CIUDAD DEL CARMEN", "distrito_federal": "CIUDAD DEL CARMEN", "casillas": "B1, C1, C2, C3", "n_casillas": 4, "tipos": "B, C", "ubicacion": "ESCUELA PRIMARIA EZEQUIEL RODRÍGUEZ ARCOS, CALLE CALKINI, NÚMERO 47, COLONIA BELISARIO DOMÍNGUEZ, CIUDAD DEL CARMEN, CÓDIGO POSTAL 24150, CARMEN, CAMPECHE., ENTRE CALLE CAMPECHE Y AVENIDA BELISARIO DOMÍNGUEZ", "inmueble": "ESCUELA PRIMARIA EZEQUIEL RODRÍGUEZ ARCOS", "estatus_ubicacion": "historica", "fuente": "INE — Encarte del Proceso Electoral Federal 2023-2024", "fecha_corte": "2024-06", "cct": "04DPR0270M", "nombre_cct": "EZEQUIEL RODRIGUEZ ARCOS", "metodo_geo": "cruce nominal contra catálogo CCT de la SEP", "similitud_cruce": 1.0}}, {"type": "Feature", "geometry": {"type": "Point", "coordinates": [-91.804512, 18.645518]}, "properties": {"seccion": "232", "cve_mun": "04003", "nombre_municipio": "CARMEN", "nombre_localidad": "CIUDAD DEL CARMEN", "distrito_local": 8, "distrito_local_cabecera": "CIUDAD DEL CARMEN", "distrito_federal": "CIUDAD DEL CARMEN", "casillas": "B1, C1, C2", "n_casillas": 3, "tipos": "B, C", "ubicacion": "ESCUELA PRIMARIA PARTICULAR IGNACIO RODRÍGUEZ GALVÁN, AVENIDA DE LAS AMÉRICAS, NÚMERO 73, COLONIA FRANCISCO I. MADERO, CIUDAD DEL CARMEN, CÓDIGO POSTAL 24190, CARMEN, CAMPECHE., ENTRE LAS CALLES BENITO JUÁREZ Y 5 DE MAYO", "inmueble": "ESCUELA PRIMARIA PARTICULAR IGNACIO RODRÍGUEZ GALVÁN", "estatus_ubicacion": "historica", "fuente": "INE — Encarte del Proceso Electoral Federal 2023-2024", "fecha_corte": "2024-06", "cct": "04PJN0079U", "nombre_cct": "IGNACIO RODRIGUEZ GALVAN", "metodo_geo": "cruce nominal contra catálogo CCT de la SEP", "similitud_cruce": 0.9}}, {"type": "Feature", "geometry": {"type": "Point", "coordinates": [-91.806373, 18.646208]}, "properties": {"seccion": "233", "cve_mun": "04003", "nombre_municipio": "CARMEN", "nombre_localidad": "CIUDAD DEL CARMEN", "distrito_local": 8, "distrito_local_cabecera": "CIUDAD DEL CARMEN", "distrito_federal": "CIUDAD DEL CARMEN", "casillas": "B1, C1, C2", "n_casillas": 3, "tipos": "B, C", "ubicacion": "JARDIN DE NIÑOS MARIA ENRIQUETA GONZÁLEZ, AVENIDA LAS AMÉRICAS, SIN NÚMERO, COLONIA FRANCISCO I. MADERO, CIUDAD DEL CARMEN, CÓDIGO POSTAL 24190, CARMEN, CAMPECHE., ENTRE LAS CALLES FRANCISCO VILLA Y 20 DE NOVIEMBRE, ATRAS DEL ADO", "inmueble": "JARDIN DE NIÑOS MARIA ENRIQUETA GONZÁLEZ", "estatus_ubicacion": "historica", "fuente": "INE — Encarte del Proceso Electoral Federal 2023-2024", "fecha_corte": "2024-06", "cct": "04DJN0130W", "nombre_cct": "MARIA ENRIQUETA GONZALEZ CASTILLO", "metodo_geo": "cruce nominal contra catálogo CCT de la SEP", "similitud_cruce": 0.9}}, {"type": "Feature", "geometry": {"type": "Point", "coordinates": [-91.822626, 18.638417]}, "properties": {"seccion": "235", "cve_mun": "04003", "nombre_municipio": "CARMEN", "nombre_localidad": "CIUDAD DEL CARMEN", "distrito_local": 8, "distrito_local_cabecera": "CIUDAD DEL CARMEN", "distrito_federal": "CIUDAD DEL CARMEN", "casillas": "B1, C1", "n_casillas": 2, "tipos": "B, C", "ubicacion": "ESCUELA PRIMARIA FRANCISCO DE LA CABADA VERA, CALLE 17 A, NÚMERO 1201, COLONIA BENITO JUÁREZ, CIUDAD DEL CARMEN, CÓDIGO POSTAL 24180, CARMEN, CAMPECHE., ENTRE LAS CALLES 42 E Y 44", "inmueble": "ESCUELA PRIMARIA FRANCISCO DE LA CABADA VERA", "estatus_ubicacion": "historica", "fuente": "INE — Encarte del Proceso Electoral Federal 2023-2024", "fecha_corte": "2024-06", "cct": "04DPR0381R", "nombre_cct": "FRANCISCO DE LA CABADA VERA", "metodo_geo": "cruce nominal contra catálogo CCT de la SEP", "similitud_cruce": 1.0}}, {"type": "Feature", "geometry": {"type": "Point", "coordinates": [-91.82703, 18.635031]}, "properties": {"seccion": "237", "cve_mun": "04003", "nombre_municipio": "CARMEN", "nombre_localidad": "CIUDAD DEL CARMEN", "distrito_local": 20, "distrito_local_cabecera": "PALIZADA", "distrito_federal": "CIUDAD DEL CARMEN", "casillas": "B1, C1", "n_casillas": 2, "tipos": "B, C", "ubicacion": "ESCUELA PRIMARIA PARTICULAR JAIME NUNO, CALLE 36 B, NÚMERO 62, COLONIA GUANAL, CIUDAD DEL CARMEN, CÓDIGO POSTAL 24139, CARMEN, CAMPECHE., ENTRE LAS CALLES 19 Y 17", "inmueble": "ESCUELA PRIMARIA PARTICULAR JAIME NUNO", "estatus_ubicacion": "historica", "fuente": "INE — Encarte del Proceso Electoral Federal 2023-2024", "fecha_corte": "2024-06", "cct": "04PPR0061L", "nombre_cct": "JAIME NUNO", "metodo_geo": "cruce nominal contra catálogo CCT de la SEP", "similitud_cruce": 0.817}}, {"type": "Feature", "geometry": {"type": "Point", "coordinates": [-91.829533, 18.631557]}, "properties": {"seccion": "239", "cve_mun": "04003", "nombre_municipio": "CARMEN", "nombre_localidad": "CIUDAD DEL CARMEN", "distrito_local": 20, "distrito_local_cabecera": "PALIZADA", "distrito_federal": "CIUDAD DEL CARMEN", "casillas": "B1, C1", "n_casillas": 2, "tipos": "B, C", "ubicacion": "ESCUELA PRIMARIA AÑO DE LA PATRIA, CALLE 15, NÚMERO 6, COLONIA GUANAL, CIUDAD DEL CARMEN, CÓDIGO POSTAL 24139, CARMEN, CAMPECHE., ENTRE LAS CALLES 28 Y 28 A", "inmueble": "ESCUELA PRIMARIA AÑO DE LA PATRIA", "estatus_ubicacion": "historica", "fuente": "INE — Encarte del Proceso Electoral Federal 2023-2024", "fecha_corte": "2024-06", "cct": "04DPR0234H", "nombre_cct": "ANO DE LA PATRIA", "metodo_geo": "cruce nominal contra catálogo CCT de la SEP", "similitud_cruce": 1.0}}, {"type": "Feature", "geometry": {"type": "Point", "coordinates": [-91.82324, 18.63588]}, "properties": {"seccion": "240", "cve_mun": "04003", "nombre_municipio": "CARMEN", "nombre_localidad": "CIUDAD DEL CARMEN", "distrito_local": 8, "distrito_local_cabecera": "CIUDAD DEL CARMEN", "distrito_federal": "CIUDAD DEL CARMEN", "casillas": "B1, C1, C2", "n_casillas": 3, "tipos": "B, C", "ubicacion": "ESCUELA SECUNDARIA TÉCNICA NÚMERO 21, AVENIDA 10 DE JULIO, SIN NÚMERO, COLONIA LIMONAR, CIUDAD DEL CARMEN, CÓDIGO POSTAL 24130, CARMEN, CAMPECHE., EN CONTRAESQUINA DE LA SUBESTACIÓN DE LA COMISIÓN FEDERAL DE ELECTRICIDAD POR CALLE TORONJA", "inmueble": "ESCUELA SECUNDARIA TÉCNICA NÚMERO 21", "estatus_ubicacion": "historica", "fuente": "INE — Encarte del Proceso Electoral Federal 2023-2024", "fecha_corte": "2024-06", "cct": "04DST0021R", "nombre_cct": "ESCUELA SECUNDARIA TECNICA NUM 21", "metodo_geo": "cruce nominal contra catálogo CCT de la SEP", "similitud_cruce": 1.0}}, {"type": "Feature", "geometry": {"type": "Point", "coordinates": [-91.817824, 18.64099]}, "properties": {"seccion": "241", "cve_mun": "04003", "nombre_municipio": "CARMEN", "nombre_localidad": "CIUDAD DEL CARMEN", "distrito_local": 8, "distrito_local_cabecera": "CIUDAD DEL CARMEN", "distrito_federal": "CIUDAD DEL CARMEN", "casillas": "B1, C1, C2", "n_casillas": 3, "tipos": "B, C", "ubicacion": "COLEGIO NUEVA GENERACIÓN, CALLE 17 A, NÚMERO 170, COLONIA BENITO JUÁREZ, CIUDAD DEL CARMEN, CÓDIGO POSTAL 24180, CARMEN, CAMPECHE., ENTRE LAS CALLE 44 Y 46", "inmueble": "COLEGIO NUEVA GENERACIÓN", "estatus_ubicacion": "historica", "fuente": "INE — Encarte del Proceso Electoral Federal 2023-2024", "fecha_corte": "2024-06", "cct": "04PPR0073Q", "nombre_cct": "NUEVA GENERACION", "metodo_geo": "cruce nominal contra catálogo CCT de la SEP", "similitud_cruce": 1.0}}, {"type": "Feature", "geometry": {"type": "Point", "coordinates": [-91.799044, 18.640904]}, "properties": {"seccion": "243", "cve_mun": "04003", "nombre_municipio": "CARMEN", "nombre_localidad": "CIUDAD DEL CARMEN", "distrito_local": 8, "distrito_local_cabecera": "CIUDAD DEL CARMEN", "distrito_federal": "CIUDAD DEL CARMEN", "casillas": "B1, C1, C2, C3", "n_casillas": 4, "tipos": "B, C", "ubicacion": "JARDÍN DE NIÑOS JULIETA RUBIO DOMÍNGUEZ, CALLE BELLAVISTA, SIN NÚMERO, COLONIA PEDRO SAINZ DE BARANDA, CIUDAD DEL CARMEN, CÓDIGO POSTAL 24195, CARMEN, CAMPECHE., ENTRE LAS CALLES ÁNGELA PERALTA Y SOLIDARIDAD", "inmueble": "JARDÍN DE NIÑOS JULIETA RUBIO DOMÍNGUEZ", "estatus_ubicacion": "historica", "fuente": "INE — Encarte del Proceso Electoral Federal 2023-2024", "fecha_corte": "2024-06", "cct": "04DJN0262N", "nombre_cct": "JULIETA RUBIO DOMINGUEZ", "metodo_geo": "cruce nominal contra catálogo CCT de la SEP", "similitud_cruce": 1.0}}, {"type": "Feature", "geometry": {"type": "Point", "coordinates": [-91.81345, 18.638019]}, "properties": {"seccion": "245", "cve_mun": "04003", "nombre_municipio": "CARMEN", "nombre_localidad": "CIUDAD DEL CARMEN", "distrito_local": 8, "distrito_local_cabecera": "CIUDAD DEL CARMEN", "distrito_federal": "CIUDAD DEL CARMEN", "casillas": "B1, C1, C2", "n_casillas": 3, "tipos": "B, C", "ubicacion": "ESCUELA PRIMARIA JUAN DE LA CABADA VERA, CALLE 16 DE SEPTIEMBRE, SIN NÚMERO, COLONIA MIGUEL DE LA MADRID, CIUDAD DEL CARMEN, CÓDIGO POSTAL 24198, CARMEN, CAMPECHE., ENTRE CALLE ABEJON Y AVENIDA SATELITE", "inmueble": "ESCUELA PRIMARIA JUAN DE LA CABADA VERA", "estatus_ubicacion": "historica", "fuente": "INE — Encarte del Proceso Electoral Federal 2023-2024", "fecha_corte": "2024-06", "cct": "04DPR0467X", "nombre_cct": "JUAN DE LA CABADA VERA", "metodo_geo": "cruce nominal contra catálogo CCT de la SEP", "similitud_cruce": 1.0}}, {"type": "Feature", "geometry": {"type": "Point", "coordinates": [-91.817775, 18.634943]}, "properties": {"seccion": "246", "cve_mun": "04003", "nombre_municipio": "CARMEN", "nombre_localidad": "CIUDAD DEL CARMEN", "distrito_local": 8, "distrito_local_cabecera": "CIUDAD DEL CARMEN", "distrito_federal": "CIUDAD DEL CARMEN", "casillas": "B1, C1", "n_casillas": 2, "tipos": "B, C", "ubicacion": "ESCUELA PRIMARIA PÚBLICA NIÑO ARTILLERO, AVENIDA 5 DE MAYO, NÚMERO 62, COLONIA MANIGUA, CIUDAD DEL CARMEN, CÓDIGO POSTAL 24187, CARMEN, CAMPECHE., ENTRE LAS CALLES AGUSTÍN MELGAR Y FRANCISCO MONTES DE OCA", "inmueble": "ESCUELA PRIMARIA PÚBLICA NIÑO ARTILLERO", "estatus_ubicacion": "historica", "fuente": "INE — Encarte del Proceso Electoral Federal 2023-2024", "fecha_corte": "2024-06", "cct": "04DPR0321C", "nombre_cct": "NINO ARTILLERO", "metodo_geo": "cruce nominal contra catálogo CCT de la SEP", "similitud_cruce": 0.817}}, {"type": "Feature", "geometry": {"type": "Point", "coordinates": [-91.173392, 18.97683]}, "properties": {"seccion": "250", "cve_mun": "04003", "nombre_municipio": "CARMEN", "nombre_localidad": "SABANCUY", "distrito_local": 12, "distrito_local_cabecera": "SABANCUY", "distrito_federal": "CIUDAD DEL CARMEN", "casillas": "B1, C1, C2", "n_casillas": 3, "tipos": "B, C", "ubicacion": "ESCUELA PRIMARIA LÁZARO CÁRDENAS, CALLE MIGUEL HIDALGO Y COSTILLA, SIN NÚMERO, COLONIA PÉNJAMO, LOCALIDAD SABANCUY, CÓDIGO POSTAL 24300, CARMEN, CAMPECHE., ENTRE LAS CALLES PEDRO SAINZ DE BARANDA Y BENITO JUÁREZ", "inmueble": "ESCUELA PRIMARIA LÁZARO CÁRDENAS", "estatus_ubicacion": "historica", "fuente": "INE — Encarte del Proceso Electoral Federal 2023-2024", "fecha_corte": "2024-06", "cct": "04DPR0024C", "nombre_cct": "LAZARO CARDENAS", "metodo_geo": "cruce nominal contra catálogo CCT de la SEP", "similitud_cruce": 1.0}}, {"type": "Feature", "geometry": {"type": "Point", "coordinates": [-91.178374, 18.968447]}, "properties": {"seccion": "252", "cve_mun": "04003", "nombre_municipio": "CARMEN", "nombre_localidad": "SABANCUY", "distrito_local": 12, "distrito_local_cabecera": "SABANCUY", "distrito_federal": "CIUDAD DEL CARMEN", "casillas": "B1, C1", "n_casillas": 2, "tipos": "B, C", "ubicacion": "ESCUELA SECUNDARIA GENERAL NÚMERO 14, PRIVADA DE GUERRERO, SIN NÚMERO, COLONIA BENITO JUÁREZ, LOCALIDAD SABANCUY, CÓDIGO POSTAL 24300, CARMEN, CAMPECHE., FRENTE AL JARDÍN DE NIÑOS", "inmueble": "ESCUELA SECUNDARIA GENERAL NÚMERO 14", "estatus_ubicacion": "historica", "fuente": "INE — Encarte del Proceso Electoral Federal 2023-2024", "fecha_corte": "2024-06", "cct": "04DES0014P", "nombre_cct": "ESCUELA SECUNDARIA GENERAL NUM 14", "metodo_geo": "cruce nominal contra catálogo CCT de la SEP", "similitud_cruce": 1.0}}, {"type": "Feature", "geometry": {"type": "Point", "coordinates": [-91.0894, 18.525]}, "properties": {"seccion": "254", "cve_mun": "04003", "nombre_municipio": "CARMEN", "nombre_localidad": "GENERAL IGNACIO GUTIERREZ", "distrito_local": 12, "distrito_local_cabecera": "SABANCUY", "distrito_federal": "CIUDAD DEL CARMEN", "casillas": "B1", "n_casillas": 1, "tipos": "B", "ubicacion": "ESCUELA PRIMARIA RURAL FEDERAL EMILIANO ZAPATA, CALLE EMILIANO ZAPATA, SIN NÚMERO, LOCALIDAD GENERAL IGNACIO GUTIÉRREZ, CÓDIGO POSTAL 24310, CARMEN, CAMPECHE., ENTRE LAS CALLES MELCHOR OCAMPO Y NIÑOS HÉROES", "inmueble": "ESCUELA PRIMARIA RURAL FEDERAL EMILIANO ZAPATA", "estatus_ubicacion": "historica", "fuente": "INE — Encarte del Proceso Electoral Federal 2023-2024", "fecha_corte": "2024-06", "cct": "04DPR0142R", "nombre_cct": "EMILIANO ZAPATA", "metodo_geo": "cruce nominal contra catálogo CCT de la SEP", "similitud_cruce": 0.667}}, {"type": "Feature", "geometry": {"type": "Point", "coordinates": [-90.966667, 18.863889]}, "properties": {"seccion": "255", "cve_mun": "04003", "nombre_municipio": "CARMEN", "nombre_localidad": "OXCABAL", "distrito_local": 12, "distrito_local_cabecera": "SABANCUY", "distrito_federal": "CIUDAD DEL CARMEN", "casillas": "B1", "n_casillas": 1, "tipos": "B", "ubicacion": "ESCUELA PRIMARIA RICARDO FLORES MAGÓN, CALLE REVOLUCIÓN, SIN NÚMERO, LOCALIDAD OXCABAL, CÓDIGO POSTAL 24310, CARMEN, CAMPECHE., A UN COSTADO DE LA CASA DE SALUD", "inmueble": "ESCUELA PRIMARIA RICARDO FLORES MAGÓN", "estatus_ubicacion": "historica", "fuente": "INE — Encarte del Proceso Electoral Federal 2023-2024", "fecha_corte": "2024-06", "cct": "04DPR0225Z", "nombre_cct": "RICARDO FLORES MAGON", "metodo_geo": "cruce nominal contra catálogo CCT de la SEP", "similitud_cruce": 1.0}}, {"type": "Feature", "geometry": {"type": "Point", "coordinates": [-91.4928, 18.78531]}, "properties": {"seccion": "256", "cve_mun": "04003", "nombre_municipio": "CARMEN", "nombre_localidad": "ISLA AGUADA", "distrito_local": 12, "distrito_local_cabecera": "SABANCUY", "distrito_federal": "CIUDAD DEL CARMEN", "casillas": "B1, C1, C2, C3", "n_casillas": 4, "tipos": "B, C", "ubicacion": "ESCUELA PRIMARIA VENUSTIANO CARRANZA, CALLE FRANCISCO I. MADERO, SIN NÚMERO, COLONIA REVOLUCIÓN, LOCALIDAD ISLA AGUADA, CÓDIGO POSTAL 24327, CARMEN, CAMPECHE., ESQUINA CON AVENIDA CAMPECHE, A UN COSTADO DEL FARO", "inmueble": "ESCUELA PRIMARIA VENUSTIANO CARRANZA", "estatus_ubicacion": "historica", "fuente": "INE — Encarte del Proceso Electoral Federal 2023-2024", "fecha_corte": "2024-06", "cct": "04DPR0235G", "nombre_cct": "VENUSTIANO CARRANZA", "metodo_geo": "cruce nominal contra catálogo CCT de la SEP", "similitud_cruce": 1.0}}, {"type": "Feature", "geometry": {"type": "Point", "coordinates": [-91.483978, 18.783496]}, "properties": {"seccion": "257", "cve_mun": "04003", "nombre_municipio": "CARMEN", "nombre_localidad": "ISLA AGUADA", "distrito_local": 12, "distrito_local_cabecera": "SABANCUY", "distrito_federal": "CIUDAD DEL CARMEN", "casillas": "B1, C1, C2, C3, C4", "n_casillas": 5, "tipos": "B, C", "ubicacion": "ESCUELA PRIMARIA CLAUDIO CORTEZ CASTRO, CALLE BENITO JUÁREZ, SIN NÚMERO, COLONIA CENTRO, LOCALIDAD ISLA AGUADA, CÓDIGO POSTAL 24327, CARMEN, CAMPECHE., ENTRE LAS CALLES HIDALGO Y FRANCISCO I. MADERO, FRENTE AL PARQUE BENITO JUAREZ", "inmueble": "ESCUELA PRIMARIA CLAUDIO CORTEZ CASTRO", "estatus_ubicacion": "historica", "fuente": "INE — Encarte del Proceso Electoral Federal 2023-2024", "fecha_corte": "2024-06", "cct": "04DPR0466Y", "nombre_cct": "CLAUDIO CORTES CASTRO", "metodo_geo": "cruce nominal contra catálogo CCT de la SEP", "similitud_cruce": 0.65}}, {"type": "Feature", "geometry": {"type": "Point", "coordinates": [-91.011667, 18.823333]}, "properties": {"seccion": "258", "cve_mun": "04003", "nombre_municipio": "CARMEN", "nombre_localidad": "CHEKUBUL", "distrito_local": 12, "distrito_local_cabecera": "SABANCUY", "distrito_federal": "CIUDAD DEL CARMEN", "casillas": "B1, C1, C2", "n_casillas": 3, "tipos": "B, C", "ubicacion": "ESCUELA PRIMARIA BENITO JUÁREZ, CALLE ÚLTIMO PASEO, SIN NÚMERO, LOCALIDAD CHEKUBUL, CÓDIGO POSTAL 24313, CARMEN, CAMPECHE., ENTRE LAS CALLES EL RAMONAL Y TULIPAN", "inmueble": "ESCUELA PRIMARIA BENITO JUÁREZ", "estatus_ubicacion": "historica", "fuente": "INE — Encarte del Proceso Electoral Federal 2023-2024", "fecha_corte": "2024-06", "cct": "04DPR0325Z", "nombre_cct": "BENITO JUAREZ", "metodo_geo": "cruce nominal contra catálogo CCT de la SEP", "similitud_cruce": 1.0}}, {"type": "Feature", "geometry": {"type": "Point", "coordinates": [-90.923148, 18.777424]}, "properties": {"seccion": "259", "cve_mun": "04003", "nombre_municipio": "CARMEN", "nombre_localidad": "CHICBUL", "distrito_local": 12, "distrito_local_cabecera": "SABANCUY", "distrito_federal": "CIUDAD DEL CARMEN", "casillas": "B1, C1", "n_casillas": 2, "tipos": "B, C", "ubicacion": "ESCUELA PRIMARIA MELCHOR OCAMPO, CALLE MELCHOR OCAMPO, SIN NÚMERO, LOCALIDAD CHICBUL, CÓDIGO POSTAL 24313, CARMEN, CAMPECHE., FRENTE AL PARQUE PRINCIPAL", "inmueble": "ESCUELA PRIMARIA MELCHOR OCAMPO", "estatus_ubicacion": "historica", "fuente": "INE — Encarte del Proceso Electoral Federal 2023-2024", "fecha_corte": "2024-06", "cct": "04DPR0506I", "nombre_cct": "MELCHOR OCAMPO", "metodo_geo": "cruce nominal contra catálogo CCT de la SEP", "similitud_cruce": 1.0}}, {"type": "Feature", "geometry": {"type": "Point", "coordinates": [-90.929167, 18.776667]}, "properties": {"seccion": "260", "cve_mun": "04003", "nombre_municipio": "CARMEN", "nombre_localidad": "PLAN DE AYALA", "distrito_local": 12, "distrito_local_cabecera": "SABANCUY", "distrito_federal": "CIUDAD DEL CARMEN", "casillas": "B1, C1", "n_casillas": 2, "tipos": "B, C", "ubicacion": "ESCUELA PRIMARIA GENERAL FRANCISCO VILLA, CALLE 14, SIN NÚMERO, LOCALIDAD PLAN DE AYALA, CÓDIGO POSTAL 24372, CARMEN, CAMPECHE., A UN COSTADO DE LA COMISARIA EJIDAL", "inmueble": "ESCUELA PRIMARIA GENERAL FRANCISCO VILLA", "estatus_ubicacion": "historica", "fuente": "INE — Encarte del Proceso Electoral Federal 2023-2024", "fecha_corte": "2024-06", "cct": "04DPR0155V", "nombre_cct": "GENERAL FRANCISCO VILLA", "metodo_geo": "cruce nominal contra catálogo CCT de la SEP", "similitud_cruce": 1.0}}, {"type": "Feature", "geometry": {"type": "Point", "coordinates": [-90.9052, 18.7283]}, "properties": {"seccion": "261", "cve_mun": "04003", "nombre_municipio": "CARMEN", "nombre_localidad": "ABELARDO L. RODRIGUEZ", "distrito_local": 12, "distrito_local_cabecera": "SABANCUY", "distrito_federal": "CIUDAD DEL CARMEN", "casillas": "B1, C1", "n_casillas": 2, "tipos": "B, C", "ubicacion": "ESCUELA PRIMARIA JUSTO SIERRA MÉNDEZ, CALLE 8, SIN NÚMERO, LOCALIDAD ABELARDO L. RODRÍGUEZ, CÓDIGO POSTAL 24313, CARMEN, CAMPECHE., ENTRE LAS CALLES 7 Y 5 FRENTE A LA CANCHA DE USO MÚLTIPLES", "inmueble": "ESCUELA PRIMARIA JUSTO SIERRA MÉNDEZ", "estatus_ubicacion": "historica", "fuente": "INE — Encarte del Proceso Electoral Federal 2023-2024", "fecha_corte": "2024-06", "cct": "04DPR0519M", "nombre_cct": "JUSTO SIERRA MENDEZ", "metodo_geo": "cruce nominal contra catálogo CCT de la SEP", "similitud_cruce": 1.0}}, {"type": "Feature", "geometry": {"type": "Point", "coordinates": [-90.976111, 18.696667]}, "properties": {"seccion": "262", "cve_mun": "04003", "nombre_municipio": "CARMEN", "nombre_localidad": "INDEPENDENCIA", "distrito_local": 12, "distrito_local_cabecera": "SABANCUY", "distrito_federal": "CIUDAD DEL CARMEN", "casillas": "B1, C1", "n_casillas": 2, "tipos": "B, C", "ubicacion": "ESCUELA PRIMARIA RURAL MIGUEL HIDALGO Y COSTILLA, CALLE MIGUEL HIDALGO, SIN NÚMERO, LOCALIDAD INDEPENDENCIA, CÓDIGO POSTAL 24313, CARMEN, CAMPECHE., FRENTE AL TEMPLO RELIGIOSO Y A UN COSTADO DE LA CANCHA DE USOS MÚLTIPLES", "inmueble": "ESCUELA PRIMARIA RURAL MIGUEL HIDALGO Y COSTILLA", "estatus_ubicacion": "historica", "fuente": "INE — Encarte del Proceso Electoral Federal 2023-2024", "fecha_corte": "2024-06", "cct": "04DPR0525X", "nombre_cct": "MIGUEL HIDALGO Y COSTILLA", "metodo_geo": "cruce nominal contra catálogo CCT de la SEP", "similitud_cruce": 0.9}}, {"type": "Feature", "geometry": {"type": "Point", "coordinates": [-91.056389, 18.730833]}, "properties": {"seccion": "262", "cve_mun": "04003", "nombre_municipio": "CARMEN", "nombre_localidad": "LA CRISTALINA", "distrito_local": 12, "distrito_local_cabecera": "SABANCUY", "distrito_federal": "CIUDAD DEL CARMEN", "casillas": "E1", "n_casillas": 1, "tipos": "E", "ubicacion": "ESCUELA PRIMARIA RURAL BENITO JUAREZ, CALLE MIGUEL HIDALGO, SIN NÚMERO, LOCALIDAD LA CRISTALINA, CÓDIGO POSTAL 24313, CARMEN, CAMPECHE., FRENTE AL KIOSKO Y CANCHA DE USOS MÚLTIPLES", "inmueble": "ESCUELA PRIMARIA RURAL BENITO JUAREZ", "estatus_ubicacion": "historica", "fuente": "INE — Encarte del Proceso Electoral Federal 2023-2024", "fecha_corte": "2024-06", "cct": "04DPR0209I", "nombre_cct": "BENITO JUAREZ", "metodo_geo": "cruce nominal contra catálogo CCT de la SEP", "similitud_cruce": 0.817}}, {"type": "Feature", "geometry": {"type": "Point", "coordinates": [-90.9052, 18.7283]}, "properties": {"seccion": "263", "cve_mun": "04003", "nombre_municipio": "CARMEN", "nombre_localidad": "EMILIANO ZAPATA", "distrito_local": 20, "distrito_local_cabecera": "PALIZADA", "distrito_federal": "CIUDAD DEL CARMEN", "casillas": "B1, C1", "n_casillas": 2, "tipos": "B, C", "ubicacion": "ESCUELA PRIMARIA JUSTO SIERRA MÉNDEZ, CALLE JUSTO SIERRA MÉNDEZ, SIN NÚMERO, COLONIA CENTRO, LOCALIDAD EMILIANO ZAPATA, CÓDIGO POSTAL 24325, CARMEN, CAMPECHE., FRENTE A LA CANCHA TECHADA DE BASQUETBOL", "inmueble": "ESCUELA PRIMARIA JUSTO SIERRA MÉNDEZ", "estatus_ubicacion": "historica", "fuente": "INE — Encarte del Proceso Electoral Federal 2023-2024", "fecha_corte": "2024-06", "cct": "04DPR0519M", "nombre_cct": "JUSTO SIERRA MENDEZ", "metodo_geo": "cruce nominal contra catálogo CCT de la SEP", "similitud_cruce": 1.0}}, {"type": "Feature", "geometry": {"type": "Point", "coordinates": [-92.465, 18.645556]}, "properties": {"seccion": "264", "cve_mun": "04003", "nombre_municipio": "CARMEN", "nombre_localidad": "NUEVO CAMPECHITO", "distrito_local": 20, "distrito_local_cabecera": "PALIZADA", "distrito_federal": "CIUDAD DEL CARMEN", "casillas": "B1", "n_casillas": 1, "tipos": "B", "ubicacion": "ESCUELA PRIMARIA MIGUEL HIDALGO, CALLE GLORIA ROMERO DE CASTRO, SIN NÚMERO, LOCALIDAD NUEVO CAMPECHITO, CÓDIGO POSTAL 24325, CARMEN, CAMPECHE., A UN COSTADO DE LA CASA DE SALUD", "inmueble": "ESCUELA PRIMARIA MIGUEL HIDALGO", "estatus_ubicacion": "historica", "fuente": "INE — Encarte del Proceso Electoral Federal 2023-2024", "fecha_corte": "2024-06", "cct": "04DPR0346L", "nombre_cct": "MIGUEL HIDALGO", "metodo_geo": "cruce nominal contra catálogo CCT de la SEP", "similitud_cruce": 1.0}}, {"type": "Feature", "geometry": {"type": "Point", "coordinates": [-92.299237, 18.625727]}, "properties": {"seccion": "265", "cve_mun": "04003", "nombre_municipio": "CARMEN", "nombre_localidad": "NUEVO PROGRESO", "distrito_local": 20, "distrito_local_cabecera": "PALIZADA", "distrito_federal": "CIUDAD DEL CARMEN", "casillas": "B1, C1, C2, C3", "n_casillas": 4, "tipos": "B, C", "ubicacion": "SECUNDARIA TÉCNICA NÚMERO 41, CALLE JOSÉ R MAGAÑA, SIN NÚMERO, LOCALIDAD NUEVO PROGRESO, CÓDIGO POSTAL 24325, CARMEN, CAMPECHE., FRENTE A LA IGLESIA LA PIEDRA ANGULAR", "inmueble": "SECUNDARIA TÉCNICA NÚMERO 41", "estatus_ubicacion": "historica", "fuente": "INE — Encarte del Proceso Electoral Federal 2023-2024", "fecha_corte": "2024-06", "cct": "04DST0041E", "nombre_cct": "ESCUELA SECUNDARIA TECNICA NUM 41", "metodo_geo": "cruce nominal contra catálogo CCT de la SEP", "similitud_cruce": 1.0}}, {"type": "Feature", "geometry": {"type": "Point", "coordinates": [-92.291454, 18.621634]}, "properties": {"seccion": "266", "cve_mun": "04003", "nombre_municipio": "CARMEN", "nombre_localidad": "NUEVO PROGRESO", "distrito_local": 20, "distrito_local_cabecera": "PALIZADA", "distrito_federal": "CIUDAD DEL CARMEN", "casillas": "B1, C1, C2", "n_casillas": 3, "tipos": "B, C", "ubicacion": "ESCUELA PRIMARIA EMILIANO ZAPATA, CALLE CONSTITUCIÓN, SIN NÚMERO, LOCALIDAD NUEVO PROGRESO, CÓDIGO POSTAL 24325, CARMEN, CAMPECHE., FRENTE A LA IGLESIA Y AL MERCADO MUNICIPAL", "inmueble": "ESCUELA PRIMARIA EMILIANO ZAPATA", "estatus_ubicacion": "historica", "fuente": "INE — Encarte del Proceso Electoral Federal 2023-2024", "fecha_corte": "2024-06", "cct": "04DPR0384O", "nombre_cct": "EMILIANO ZAPATA", "metodo_geo": "cruce nominal contra catálogo CCT de la SEP", "similitud_cruce": 1.0}}, {"type": "Feature", "geometry": {"type": "Point", "coordinates": [-92.2244, 18.6178]}, "properties": {"seccion": "267", "cve_mun": "04003", "nombre_municipio": "CARMEN", "nombre_localidad": "SAN ANTONIO CARDENAS", "distrito_local": 20, "distrito_local_cabecera": "PALIZADA", "distrito_federal": "CIUDAD DEL CARMEN", "casillas": "B1, C1, C2, C3, C4", "n_casillas": 5, "tipos": "B, C", "ubicacion": "ESCUELA PRIMARIA PABLO GARCÍA, CARRETERA DEL GOLFO, SIN NÚMERO, LOCALIDAD SAN ANTONIO CÁRDENAS, CÓDIGO POSTAL 24325, CARMEN, CAMPECHE., A UN COSTADO DE LA UNIVERSIDAD TECNOLÓGICA DE CAMPECHE", "inmueble": "ESCUELA PRIMARIA PABLO GARCÍA", "estatus_ubicacion": "historica", "fuente": "INE — Encarte del Proceso Electoral Federal 2023-2024", "fecha_corte": "2024-06", "cct": "04DPR0093Z", "nombre_cct": "PABLO GARCIA", "metodo_geo": "cruce nominal contra catálogo CCT de la SEP", "similitud_cruce": 1.0}}, {"type": "Feature", "geometry": {"type": "Point", "coordinates": [-92.1038, 18.6192]}, "properties": {"seccion": "268", "cve_mun": "04003", "nombre_municipio": "CARMEN", "nombre_localidad": "ATASTA", "distrito_local": 20, "distrito_local_cabecera": "PALIZADA", "distrito_federal": "CIUDAD DEL CARMEN", "casillas": "B1, C1, C2, C3", "n_casillas": 4, "tipos": "B, C", "ubicacion": "ESCUELA PRIMARIA RURAL FEDERAL CLAUDIO MORALES MONTES DE OCA, CALLE CARRETERA DEL GOLFO, SIN NÚMERO, LOCALIDAD ATASTA, CÓDIGO POSTAL 24326, CARMEN, CAMPECHE., FRENTE A LA BASE DE LA CRUZ ROJA MEXICANA Y A UN COSTADO DE TELECOM", "inmueble": "ESCUELA PRIMARIA RURAL FEDERAL CLAUDIO MORALES MONTES DE OCA", "estatus_ubicacion": "historica", "fuente": "INE — Encarte del Proceso Electoral Federal 2023-2024", "fecha_corte": "2024-06", "cct": "04DPR0460D", "nombre_cct": "CLAUDIO MORALES", "metodo_geo": "cruce nominal contra catálogo CCT de la SEP", "similitud_cruce": 0.55}}, {"type": "Feature", "geometry": {"type": "Point", "coordinates": [-91.937133, 18.621314]}, "properties": {"seccion": "269", "cve_mun": "04003", "nombre_municipio": "CARMEN", "nombre_localidad": "PUERTO RICO", "distrito_local": 20, "distrito_local_cabecera": "PALIZADA", "distrito_federal": "CIUDAD DEL CARMEN", "casillas": "B1, C1", "n_casillas": 2, "tipos": "B, C", "ubicacion": "ESCUELA PRIMARIA GENERAL IGNACIO ZARAGOZA, CALLE CANDELARIA, SIN NÚMERO, LOCALIDAD PUERTO RICO, CÓDIGO POSTAL 24326, CARMEN, CAMPECHE., A UN COSTADO DEL ESPACIO DE ALIMENTACIÓN ENCUENTRO Y DESARROLLO COMUNITARIO", "inmueble": "ESCUELA PRIMARIA GENERAL IGNACIO ZARAGOZA", "estatus_ubicacion": "historica", "fuente": "INE — Encarte del Proceso Electoral Federal 2023-2024", "fecha_corte": "2024-06", "cct": "04DPR0096W", "nombre_cct": "GENERAL IGNACIO ZARAGOZA", "metodo_geo": "cruce nominal contra catálogo CCT de la SEP", "similitud_cruce": 1.0}}, {"type": "Feature", "geometry": {"type": "Point", "coordinates": [-91.1204, 18.4873]}, "properties": {"seccion": "270", "cve_mun": "04003", "nombre_municipio": "CARMEN", "nombre_localidad": "LA NUEVA ESPERANZA", "distrito_local": 12, "distrito_local_cabecera": "SABANCUY", "distrito_federal": "CIUDAD DEL CARMEN", "casillas": "B1", "n_casillas": 1, "tipos": "B", "ubicacion": "ESCUELA PRIMARIA AMADO NERVO, CALLE JOSEFA ORTIZ, SIN NÚMERO, LOCALIDAD LA NUEVA ESPERANZA, CÓDIGO POSTAL 24370, CARMEN, CAMPECHE., FRENTE A LA CANCHA EJIDAL, ENTRANDO POR LA CARRETERA FEDERAL", "inmueble": "ESCUELA PRIMARIA AMADO NERVO", "estatus_ubicacion": "historica", "fuente": "INE — Encarte del Proceso Electoral Federal 2023-2024", "fecha_corte": "2024-06", "cct": "04DPR0687I", "nombre_cct": "AMADO NERVO", "metodo_geo": "cruce nominal contra catálogo CCT de la SEP", "similitud_cruce": 1.0}}, {"type": "Feature", "geometry": {"type": "Point", "coordinates": [-91.5834, 18.3361]}, "properties": {"seccion": "271", "cve_mun": "04003", "nombre_municipio": "CARMEN", "nombre_localidad": "MURALLAS DE CAMPECHE", "distrito_local": 20, "distrito_local_cabecera": "PALIZADA", "distrito_federal": "CIUDAD DEL CARMEN", "casillas": "B1, C1", "n_casillas": 2, "tipos": "B, C", "ubicacion": "ESCUELA PRIMARIA RURAL FEDERAL LIBERTADORES DE AMÉRICA, CALLE SIN NOMBRE, SIN NÚMERO, LOCALIDAD MURALLAS DE CAMPECHE, CÓDIGO POSTAL 24323, CARMEN, CAMPECHE., FRENTE A LA COCINA DEL DIF EL NIÑO FELIZ", "inmueble": "ESCUELA PRIMARIA RURAL FEDERAL LIBERTADORES DE AMÉRICA", "estatus_ubicacion": "historica", "fuente": "INE — Encarte del Proceso Electoral Federal 2023-2024", "fecha_corte": "2024-06", "cct": "04DPR0543M", "nombre_cct": "LIBERTADORES DE AMERICA", "metodo_geo": "cruce nominal contra catálogo CCT de la SEP", "similitud_cruce": 0.817}}, {"type": "Feature", "geometry": {"type": "Point", "coordinates": [-91.8014, 18.2174]}, "properties": {"seccion": "272", "cve_mun": "04003", "nombre_municipio": "CARMEN", "nombre_localidad": "EL ZAPOTE", "distrito_local": 20, "distrito_local_cabecera": "PALIZADA", "distrito_federal": "CIUDAD DEL CARMEN", "casillas": "B1", "n_casillas": 1, "tipos": "B", "ubicacion": "PRIMARIA RURAL FEDERAL EMILIANO ZAPATA, CALLE PRINCIPAL, SIN NÚMERO, LOCALIDAD EL ZAPOTE, CÓDIGO POSTAL 24249, CARMEN, CAMPECHE., EN CERCANIA DE LA TELESECUNDARIA 159", "inmueble": "PRIMARIA RURAL FEDERAL EMILIANO ZAPATA", "estatus_ubicacion": "historica", "fuente": "INE — Encarte del Proceso Electoral Federal 2023-2024", "fecha_corte": "2024-06", "cct": "04DPR0378D", "nombre_cct": "EMILIANO ZAPATA", "metodo_geo": "cruce nominal contra catálogo CCT de la SEP", "similitud_cruce": 0.817}}, {"type": "Feature", "geometry": {"type": "Point", "coordinates": [-91.100443, 18.276083]}, "properties": {"seccion": "274", "cve_mun": "04011", "nombre_municipio": "CANDELARIA", "nombre_localidad": "BENITO JUAREZ NO. 1", "distrito_local": 14, "distrito_local_cabecera": "CANDELARIA", "distrito_federal": "CIUDAD DEL CARMEN", "casillas": "B1, C1", "n_casillas": 2, "tipos": "B, C", "ubicacion": "ESCUELA PRIMARIA ADOLFO LÓPEZ MATEOS, CALLE 20, SIN NÚMERO, LOCALIDAD BENITO JUÁREZ, CANDELARIA, CÓDIGO POSTAL 24338, CANDELARIA, CAMPECHE., ENTRE LAS CALLES INGENIERO ROLANDO DOMÍNGUEZ Y SAN JOSÉ", "inmueble": "ESCUELA PRIMARIA ADOLFO LÓPEZ MATEOS", "estatus_ubicacion": "historica", "fuente": "INE — Encarte del Proceso Electoral Federal 2023-2024", "fecha_corte": "2024-06", "cct": "04DPR0459O", "nombre_cct": "ADOLFO LOPEZ MATEOS", "metodo_geo": "cruce nominal contra catálogo CCT de la SEP", "similitud_cruce": 1.0}}, {"type": "Feature", "geometry": {"type": "Point", "coordinates": [-91.166389, 18.266667]}, "properties": {"seccion": "275", "cve_mun": "04011", "nombre_municipio": "CANDELARIA", "nombre_localidad": "PRIMER PRESIDENTE DE MEXICO (GUADALUPE VICTORIA)", "distrito_local": 14, "distrito_local_cabecera": "CANDELARIA", "distrito_federal": "CIUDAD DEL CARMEN", "casillas": "B1", "n_casillas": 1, "tipos": "B", "ubicacion": "ESCUELA PRIMARIA RURAL FEDERAL GUADALUPE VICTORIA, CALLE BENITO JUÁREZ, SIN NÚMERO, LOCALIDAD PRIMER PRESIDENTE DE MÉXICO GUADALUPE VICTORIA, CÓDIGO POSTAL 24338, CANDELARIA, CAMPECHE., JUNTO A LA CANCHA TECHADA Y FRENTE AL COMEDOR COMUNITARIO", "inmueble": "ESCUELA PRIMARIA RURAL FEDERAL GUADALUPE VICTORIA", "estatus_ubicacion": "historica", "fuente": "INE — Encarte del Proceso Electoral Federal 2023-2024", "fecha_corte": "2024-06", "cct": "04DPR0517O", "nombre_cct": "GUADALUPE VICTORIA", "metodo_geo": "cruce nominal contra catálogo CCT de la SEP", "similitud_cruce": 0.817}}, {"type": "Feature", "geometry": {"type": "Point", "coordinates": [-90.5183, 18.4345]}, "properties": {"seccion": "276", "cve_mun": "04011", "nombre_municipio": "CANDELARIA", "nombre_localidad": "FRANCISCO J. MUJICA", "distrito_local": 14, "distrito_local_cabecera": "CANDELARIA", "distrito_federal": "CIUDAD DEL CARMEN", "casillas": "B1", "n_casillas": 1, "tipos": "B", "ubicacion": "ESCUELA PRIMARIA RURAL FEDERAL FRANCISCO I. MADERO, CALLE SIN NOMBRE, SIN NÚMERO, LOCALIDAD GENERAL FRANCISCO J. MÚJICA, CÓDIGO POSTAL 24653, CANDELARIA, CAMPECHE., CALLE PRINCIPAL, A UN COSTADO DE LA CANCHA TECHADA", "inmueble": "ESCUELA PRIMARIA RURAL FEDERAL FRANCISCO I. MADERO", "estatus_ubicacion": "historica", "fuente": "INE — Encarte del Proceso Electoral Federal 2023-2024", "fecha_corte": "2024-06", "cct": "04DPR0736A", "nombre_cct": "FRANCISCO I MADERO", "metodo_geo": "cruce nominal contra catálogo CCT de la SEP", "similitud_cruce": 0.75}}, {"type": "Feature", "geometry": {"type": "Point", "coordinates": [-90.954167, 18.241111]}, "properties": {"seccion": "277", "cve_mun": "04011", "nombre_municipio": "CANDELARIA", "nombre_localidad": "MIGUEL ALEMAN", "distrito_local": 14, "distrito_local_cabecera": "CANDELARIA", "distrito_federal": "CIUDAD DEL CARMEN", "casillas": "B1, C1, C2", "n_casillas": 3, "tipos": "B, C", "ubicacion": "ESCUELA PRIMARIA RURAL FEDERAL JUSTO SIERRA MÉNDEZ, CALLE SIN NOMBRE, SIN NÚMERO, LOCALIDAD MIGUEL ALEMÁN, CÓDIGO POSTAL 24325, CANDELARIA, CAMPECHE., A UN COSTADO DEL PARQUE PRINCIPAL Y COMISARIA", "inmueble": "ESCUELA PRIMARIA RURAL FEDERAL JUSTO SIERRA MÉNDEZ", "estatus_ubicacion": "historica", "fuente": "INE — Encarte del Proceso Electoral Federal 2023-2024", "fecha_corte": "2024-06", "cct": "04DPR0487K", "nombre_cct": "JUSTO SIERRA MENDEZ", "metodo_geo": "cruce nominal contra catálogo CCT de la SEP", "similitud_cruce": 0.9}}, {"type": "Feature", "geometry": {"type": "Point", "coordinates": [-91.040736, 18.194492]}, "properties": {"seccion": "279", "cve_mun": "04011", "nombre_municipio": "CANDELARIA", "nombre_localidad": "CANDELARIA", "distrito_local": 14, "distrito_local_cabecera": "CANDELARIA", "distrito_federal": "CIUDAD DEL CARMEN", "casillas": "B1, C1, C2, C3", "n_casillas": 4, "tipos": "B, C", "ubicacion": "ESCUELA PRIMARIA JOSEFA ORTIZ DE DOMÍNGUEZ, CALLE 2, SIN NÚMERO, COLONIA SAN MARTÍN, CANDELARIA, CÓDIGO POSTAL 24330, CANDELARIA, CAMPECHE., ENTRE LAS CALLES 29 Y 31", "inmueble": "ESCUELA PRIMARIA JOSEFA ORTIZ DE DOMÍNGUEZ", "estatus_ubicacion": "historica", "fuente": "INE — Encarte del Proceso Electoral Federal 2023-2024", "fecha_corte": "2024-06", "cct": "04DPR0239C", "nombre_cct": "JOSEFA ORTIZ DE DOMINGUEZ", "metodo_geo": "cruce nominal contra catálogo CCT de la SEP", "similitud_cruce": 1.0}}, {"type": "Feature", "geometry": {"type": "Point", "coordinates": [-91.0463, 18.1835]}, "properties": {"seccion": "280", "cve_mun": "04011", "nombre_municipio": "CANDELARIA", "nombre_localidad": "CANDELARIA", "distrito_local": 14, "distrito_local_cabecera": "CANDELARIA", "distrito_federal": "CIUDAD DEL CARMEN", "casillas": "B1, C1, C2", "n_casillas": 3, "tipos": "B, C", "ubicacion": "ESCUELA SECUNDARIA TÉCNICA AGROPECUARIA NÚMERO 10, CALLE 29, NÚMERO 73, COLONIA GUANAJUATO, CANDELARIA, CÓDIGO POSTAL 24330, CANDELARIA, CAMPECHE., ENTRE LAS CALLES 14 Y 16", "inmueble": "ESCUELA SECUNDARIA TÉCNICA AGROPECUARIA NÚMERO 10", "estatus_ubicacion": "historica", "fuente": "INE — Encarte del Proceso Electoral Federal 2023-2024", "fecha_corte": "2024-06", "cct": "04DST0010L", "nombre_cct": "ESCUELA SECUNDARIA TECNICA NUM 10", "metodo_geo": "cruce nominal contra catálogo CCT de la SEP", "similitud_cruce": 0.817}}, {"type": "Feature", "geometry": {"type": "Point", "coordinates": [-91.0463, 18.1835]}, "properties": {"seccion": "281", "cve_mun": "04011", "nombre_municipio": "CANDELARIA", "nombre_localidad": "CANDELARIA", "distrito_local": 14, "distrito_local_cabecera": "CANDELARIA", "distrito_federal": "CIUDAD DEL CARMEN", "casillas": "B1, C1", "n_casillas": 2, "tipos": "B, C", "ubicacion": "ESCUELA PRIMARIA BENITO JUÁREZ, CALLE 19, NÚMERO 19, COLONIA CENTRO, CANDELARIA, CÓDIGO POSTAL 24330, CANDELARIA, CAMPECHE., ENTRE LAS CALLES 16 Y 18 FRENTE AL PARQUE PRINCIPAL", "inmueble": "ESCUELA PRIMARIA BENITO JUÁREZ", "estatus_ubicacion": "historica", "fuente": "INE — Encarte del Proceso Electoral Federal 2023-2024", "fecha_corte": "2024-06", "cct": "04DPR0457Q", "nombre_cct": "BENITO JUAREZ", "metodo_geo": "cruce nominal contra catálogo CCT de la SEP", "similitud_cruce": 1.0}}, {"type": "Feature", "geometry": {"type": "Point", "coordinates": [-91.051954, 18.188467]}, "properties": {"seccion": "282", "cve_mun": "04011", "nombre_municipio": "CANDELARIA", "nombre_localidad": "CANDELARIA", "distrito_local": 14, "distrito_local_cabecera": "CANDELARIA", "distrito_federal": "CIUDAD DEL CARMEN", "casillas": "B1, C1", "n_casillas": 2, "tipos": "B, C", "ubicacion": "ESCUELA PRIMARIA MARIANO MATAMOROS, CALLE 8, SIN NÚMERO, COLONIA SAN ISIDRO, CANDELARIA, CÓDIGO POSTAL 24330, CANDELARIA, CAMPECHE., ENTRE LAS CALLES 3 Y 5", "inmueble": "ESCUELA PRIMARIA MARIANO MATAMOROS", "estatus_ubicacion": "historica", "fuente": "INE — Encarte del Proceso Electoral Federal 2023-2024", "fecha_corte": "2024-06", "cct": "04DPR0561B", "nombre_cct": "MARIANO MATAMOROS", "metodo_geo": "cruce nominal contra catálogo CCT de la SEP", "similitud_cruce": 1.0}}, {"type": "Feature", "geometry": {"type": "Point", "coordinates": [-91.042361, 18.183361]}, "properties": {"seccion": "283", "cve_mun": "04011", "nombre_municipio": "CANDELARIA", "nombre_localidad": "CANDELARIA", "distrito_local": 14, "distrito_local_cabecera": "CANDELARIA", "distrito_federal": "CIUDAD DEL CARMEN", "casillas": "B1, C1, C2, C3", "n_casillas": 4, "tipos": "B, C", "ubicacion": "ESCUELA PRIMARIA DOCTOR HÉCTOR PÉREZ MARTÍNEZ, CALLE 23, SIN NÚMERO, COLONIA INDEPENDENCIA, CANDELARIA, CÓDIGO POSTAL 24330, CANDELARIA, CAMPECHE., ENTRE LA CALLE 22 Y AVENIDA PRIMERO DE JULIO", "inmueble": "ESCUELA PRIMARIA DOCTOR HÉCTOR PÉREZ MARTÍNEZ", "estatus_ubicacion": "historica", "fuente": "INE — Encarte del Proceso Electoral Federal 2023-2024", "fecha_corte": "2024-06", "cct": "04DPR0497R", "nombre_cct": "DR HECTOR PEREZ MARTINEZ", "metodo_geo": "cruce nominal contra catálogo CCT de la SEP", "similitud_cruce": 1.0}}, {"type": "Feature", "geometry": {"type": "Point", "coordinates": [-91.6599, 18.0423]}, "properties": {"seccion": "284", "cve_mun": "04003", "nombre_municipio": "CARMEN", "nombre_localidad": "VISTA ALEGRE", "distrito_local": 20, "distrito_local_cabecera": "PALIZADA", "distrito_federal": "CIUDAD DEL CARMEN", "casillas": "B1", "n_casillas": 1, "tipos": "B", "ubicacion": "ESCUELA PRIMARIA RURAL JUSTO SIERRA MÉNDEZ, CALLE REVOLUCIÓN, SIN NÚMERO, LOCALIDAD VISTA ALEGRE, CÓDIGO POSTAL 24324, CARMEN, CAMPECHE., ESQUINA CON CALLE 12 DE DICIEMBRE, FRENTE A LA CANCHA", "inmueble": "ESCUELA PRIMARIA RURAL JUSTO SIERRA MÉNDEZ", "estatus_ubicacion": "historica", "fuente": "INE — Encarte del Proceso Electoral Federal 2023-2024", "fecha_corte": "2024-06", "cct": "04DPR0251Y", "nombre_cct": "JUSTO SIERRA MENDEZ", "metodo_geo": "cruce nominal contra catálogo CCT de la SEP", "similitud_cruce": 0.9}}, {"type": "Feature", "geometry": {"type": "Point", "coordinates": [-90.5183, 18.4345]}, "properties": {"seccion": "285", "cve_mun": "04011", "nombre_municipio": "CANDELARIA", "nombre_localidad": "COL. VENUSTIANO CARRANZA", "distrito_local": 14, "distrito_local_cabecera": "CANDELARIA", "distrito_federal": "CIUDAD DEL CARMEN", "casillas": "B1", "n_casillas": 1, "tipos": "B", "ubicacion": "ESCUELA PRIMARIA RURAL FEDERAL FRANCISCO I. MADERO, CALLE SIN NOMBRE, SIN NÚMERO, LOCALIDAD VENUSTIANO CARRANZA, CÓDIGO POSTAL 24330, CANDELARIA, CAMPECHE., A UN COSTADO DE LA CASA DE SALUD", "inmueble": "ESCUELA PRIMARIA RURAL FEDERAL FRANCISCO I. MADERO", "estatus_ubicacion": "historica", "fuente": "INE — Encarte del Proceso Electoral Federal 2023-2024", "fecha_corte": "2024-06", "cct": "04DPR0736A", "nombre_cct": "FRANCISCO I MADERO", "metodo_geo": "cruce nominal contra catálogo CCT de la SEP", "similitud_cruce": 0.75}}, {"type": "Feature", "geometry": {"type": "Point", "coordinates": [-90.9443, 18.1004]}, "properties": {"seccion": "285", "cve_mun": "04011", "nombre_municipio": "CANDELARIA", "nombre_localidad": "LAS DELICIAS", "distrito_local": 14, "distrito_local_cabecera": "CANDELARIA", "distrito_federal": "CIUDAD DEL CARMEN", "casillas": "E1", "n_casillas": 1, "tipos": "E", "ubicacion": "ESCUELA PRIMARIA RURAL FEDERAL CINCO DE MAYO, CALLE SIN NOMBRE, SIN NÚMERO, LOCALIDAD LAS DELICIAS, CÓDIGO POSTAL 24343, CANDELARIA, CAMPECHE., A UN COSTADO DE LA CANCHA TECHADA DE USOS MÚLTIPLES", "inmueble": "ESCUELA PRIMARIA RURAL FEDERAL CINCO DE MAYO", "estatus_ubicacion": "historica", "fuente": "INE — Encarte del Proceso Electoral Federal 2023-2024", "fecha_corte": "2024-06", "cct": "04DPR0208J", "nombre_cct": "CINCO DE MAYO", "metodo_geo": "cruce nominal contra catálogo CCT de la SEP", "similitud_cruce": 0.817}}, {"type": "Feature", "geometry": {"type": "Point", "coordinates": [-90.5183, 18.4345]}, "properties": {"seccion": "286", "cve_mun": "04011", "nombre_municipio": "CANDELARIA", "nombre_localidad": "PAJARAL CORTE", "distrito_local": 14, "distrito_local_cabecera": "CANDELARIA", "distrito_federal": "CIUDAD DEL CARMEN", "casillas": "B1", "n_casillas": 1, "tipos": "B", "ubicacion": "ESCUELA PRIMARIA RURAL FEDERAL FRANCISCO I. MADERO, CALLE TABASCO, SIN NÚMERO, LOCALIDAD CORTE PAJARAL, CÓDIGO POSTAL 24330, CANDELARIA, CAMPECHE., FRENTE A LA COMISARIA EJIDAL", "inmueble": "ESCUELA PRIMARIA RURAL FEDERAL FRANCISCO I. MADERO", "estatus_ubicacion": "historica", "fuente": "INE — Encarte del Proceso Electoral Federal 2023-2024", "fecha_corte": "2024-06", "cct": "04DPR0736A", "nombre_cct": "FRANCISCO I MADERO", "metodo_geo": "cruce nominal contra catálogo CCT de la SEP", "similitud_cruce": 0.75}}, {"type": "Feature", "geometry": {"type": "Point", "coordinates": [-91.105278, 18.071667]}, "properties": {"seccion": "287", "cve_mun": "04011", "nombre_municipio": "CANDELARIA", "nombre_localidad": "PARAISO NUEVO", "distrito_local": 14, "distrito_local_cabecera": "CANDELARIA", "distrito_federal": "CIUDAD DEL CARMEN", "casillas": "B1", "n_casillas": 1, "tipos": "B", "ubicacion": "ESCUELA PRIMARIA RURAL EMILIANO ZAPATA, CALLE SIN NOMBRE, SIN NÚMERO, LOCALIDAD  PARAÍSO NUEVO, CÓDIGO POSTAL 24340, CANDELARIA, CAMPECHE., FRENTE AL CAMPO DE FUTBOL Y A LA CANCHA TECHADA DE BASQUETBOL", "inmueble": "ESCUELA PRIMARIA RURAL EMILIANO ZAPATA", "estatus_ubicacion": "historica", "fuente": "INE — Encarte del Proceso Electoral Federal 2023-2024", "fecha_corte": "2024-06", "cct": "04DPR0529T", "nombre_cct": "EMILIANO ZAPATA", "metodo_geo": "cruce nominal contra catálogo CCT de la SEP", "similitud_cruce": 0.817}}, {"type": "Feature", "geometry": {"type": "Point", "coordinates": [-90.925672, 18.07717]}, "properties": {"seccion": "288", "cve_mun": "04011", "nombre_municipio": "CANDELARIA", "nombre_localidad": "PABLO GARCIA", "distrito_local": 14, "distrito_local_cabecera": "CANDELARIA", "distrito_federal": "CIUDAD DEL CARMEN", "casillas": "B1", "n_casillas": 1, "tipos": "B", "ubicacion": "ESCUELA PRIMARIA RURAL FEDERAL JUSTO SIERRA MÉNDEZ, CALLE SIN NOMBRE, SIN NÚMERO, LOCALIDAD PABLO GARCÍA, CÓDIGO POSTAL 24333, CANDELARIA, CAMPECHE., FRENTE A LA COMISARÍA EJIDAL", "inmueble": "ESCUELA PRIMARIA RURAL FEDERAL JUSTO SIERRA MÉNDEZ", "estatus_ubicacion": "historica", "fuente": "INE — Encarte del Proceso Electoral Federal 2023-2024", "fecha_corte": "2024-06", "cct": "04DPR0163D", "nombre_cct": "JUSTO SIERRA MENDEZ", "metodo_geo": "cruce nominal contra catálogo CCT de la SEP", "similitud_cruce": 0.9}}, {"type": "Feature", "geometry": {"type": "Point", "coordinates": [-90.823, 18.0559]}, "properties": {"seccion": "289", "cve_mun": "04011", "nombre_municipio": "CANDELARIA", "nombre_localidad": "MONCLOVA", "distrito_local": 14, "distrito_local_cabecera": "CANDELARIA", "distrito_federal": "CIUDAD DEL CARMEN", "casillas": "B1", "n_casillas": 1, "tipos": "B", "ubicacion": "ESCUELA PRIMARIA RURAL FEDERAL TIERRA Y LIBERTAD, CALLE SIN NOMBRE, SIN NÚMERO, LOCALIDAD MONCLOVA, CÓDIGO POSTAL 24333, CANDELARIA, CAMPECHE., ENTRE LA CANCHA TECHADA Y EL TANQUE ELEVADO", "inmueble": "ESCUELA PRIMARIA RURAL FEDERAL TIERRA Y LIBERTAD", "estatus_ubicacion": "historica", "fuente": "INE — Encarte del Proceso Electoral Federal 2023-2024", "fecha_corte": "2024-06", "cct": "04DPR0490Y", "nombre_cct": "TIERRA Y LIBERTAD", "metodo_geo": "cruce nominal contra catálogo CCT de la SEP", "similitud_cruce": 0.817}}, {"type": "Feature", "geometry": {"type": "Point", "coordinates": [-91.0463, 18.1835]}, "properties": {"seccion": "289", "cve_mun": "04011", "nombre_municipio": "CANDELARIA", "nombre_localidad": "NUEVO RELAMPAGO", "distrito_local": 14, "distrito_local_cabecera": "CANDELARIA", "distrito_federal": "CIUDAD DEL CARMEN", "casillas": "E1", "n_casillas": 1, "tipos": "E", "ubicacion": "ESCUELA PRIMARIA CONAFE BENITO JUÁREZ, CALLE SAN EDUARDO, SIN NÚMERO, LOCALIDAD NUEVO RELÁMPAGO, CÓDIGO POSTAL 24347, CANDELARIA, CAMPECHE., FRENTE A LA IGLESIA EVANGÉLICA NUEVA JERUSALEN", "inmueble": "ESCUELA PRIMARIA CONAFE BENITO JUÁREZ", "estatus_ubicacion": "historica", "fuente": "INE — Encarte del Proceso Electoral Federal 2023-2024", "fecha_corte": "2024-06", "cct": "04DPR0457Q", "nombre_cct": "BENITO JUAREZ", "metodo_geo": "cruce nominal contra catálogo CCT de la SEP", "similitud_cruce": 0.667}}, {"type": "Feature", "geometry": {"type": "Point", "coordinates": [-90.879444, 18.019444]}, "properties": {"seccion": "290", "cve_mun": "04011", "nombre_municipio": "CANDELARIA", "nombre_localidad": "LA ESPERANZA", "distrito_local": 14, "distrito_local_cabecera": "CANDELARIA", "distrito_federal": "CIUDAD DEL CARMEN", "casillas": "B1", "n_casillas": 1, "tipos": "B", "ubicacion": "ESCUELA PRIMARIA RURAL FEDERAL VICENTE GUERRERO, CALLE SIN NOMBRE, SIN NÚMERO, LOCALIDAD LA ESPERANZA, CÓDIGO POSTAL 24334, CANDELARIA, CAMPECHE., FRENTE A LA COMISARIA EJIDAL", "inmueble": "ESCUELA PRIMARIA RURAL FEDERAL VICENTE GUERRERO", "estatus_ubicacion": "historica", "fuente": "INE — Encarte del Proceso Electoral Federal 2023-2024", "fecha_corte": "2024-06", "cct": "04DPR0513S", "nombre_cct": "VICENTE GUERRERO", "metodo_geo": "cruce nominal contra catálogo CCT de la SEP", "similitud_cruce": 0.667}}, {"type": "Feature", "geometry": {"type": "Point", "coordinates": [-91.128056, 18.021389]}, "properties": {"seccion": "291", "cve_mun": "04011", "nombre_municipio": "CANDELARIA", "nombre_localidad": "EL NARANJO", "distrito_local": 14, "distrito_local_cabecera": "CANDELARIA", "distrito_federal": "CIUDAD DEL CARMEN", "casillas": "B1, C1", "n_casillas": 2, "tipos": "B, C", "ubicacion": "ESCUELA PRIMARIA FERNANDO BERRON RAMOS, CALLE INDEPENDENCIA, SIN NÚMERO, LOCALIDAD EL NARANJO, CÓDIGO POSTAL 24336, CANDELARIA, CAMPECHE., ENTRE LAS CALLES PRIMERO DE MAYO Y BENITO JUÁREZ", "inmueble": "ESCUELA PRIMARIA FERNANDO BERRON RAMOS", "estatus_ubicacion": "historica", "fuente": "INE — Encarte del Proceso Electoral Federal 2023-2024", "fecha_corte": "2024-06", "cct": "04DPR0612S", "nombre_cct": "FERNANDO BERRON RAMOS", "metodo_geo": "cruce nominal contra catálogo CCT de la SEP", "similitud_cruce": 1.0}}, {"type": "Feature", "geometry": {"type": "Point", "coordinates": [-91.274444, 18.045]}, "properties": {"seccion": "292", "cve_mun": "04011", "nombre_municipio": "CANDELARIA", "nombre_localidad": "CUAUHTEMOC", "distrito_local": 14, "distrito_local_cabecera": "CANDELARIA", "distrito_federal": "CIUDAD DEL CARMEN", "casillas": "B1", "n_casillas": 1, "tipos": "B", "ubicacion": "ESCUELA PRIMARIA GENERAL LÁZARO CÁRDENAS, CALLE CUAUHTÉMOC, SIN NÚMERO, LOCALIDAD CUAUHTÉMOC, CÓDIGO POSTAL 24345, CANDELARIA, CAMPECHE., ENTRE LAS CALLES CARLOS SALINAS DE GORTARI Y MIGUEL DE LA MADRID", "inmueble": "ESCUELA PRIMARIA GENERAL LÁZARO CÁRDENAS", "estatus_ubicacion": "historica", "fuente": "INE — Encarte del Proceso Electoral Federal 2023-2024", "fecha_corte": "2024-06", "cct": "04DPR0306K", "nombre_cct": "GENERAL LAZARO CARDENAS", "metodo_geo": "cruce nominal contra catálogo CCT de la SEP", "similitud_cruce": 1.0}}, {"type": "Feature", "geometry": {"type": "Point", "coordinates": [-90.879444, 18.019444]}, "properties": {"seccion": "293", "cve_mun": "04011", "nombre_municipio": "CANDELARIA", "nombre_localidad": "ESTADO DE MEXICO", "distrito_local": 14, "distrito_local_cabecera": "CANDELARIA", "distrito_federal": "CIUDAD DEL CARMEN", "casillas": "B1", "n_casillas": 1, "tipos": "B", "ubicacion": "ESCUELA PRIMARIA RURAL VICENTE GUERRERO, CALLE SIN NOMBRE, SIN NÚMERO, LOCALIDAD ESTADO DE MÉXICO, CÓDIGO POSTAL 24339, CANDELARIA, CAMPECHE., CALLE PRINCIPAL, A UN COSTADO DE LA CANCHA DE USU MÚLTIPLES", "inmueble": "ESCUELA PRIMARIA RURAL VICENTE GUERRERO", "estatus_ubicacion": "historica", "fuente": "INE — Encarte del Proceso Electoral Federal 2023-2024", "fecha_corte": "2024-06", "cct": "04DPR0513S", "nombre_cct": "VICENTE GUERRERO", "metodo_geo": "cruce nominal contra catálogo CCT de la SEP", "similitud_cruce": 0.817}}, {"type": "Feature", "geometry": {"type": "Point", "coordinates": [-90.458889, 18.486389]}, "properties": {"seccion": "293", "cve_mun": "04011", "nombre_municipio": "CANDELARIA", "nombre_localidad": "PEDRO SAINZ DE BARANDA", "distrito_local": 14, "distrito_local_cabecera": "CANDELARIA", "distrito_federal": "CIUDAD DEL CARMEN", "casillas": "E1", "n_casillas": 1, "tipos": "E", "ubicacion": "ESCUELA PRIMARIA RURAL FEDERAL EMILIANO ZAPATA, CALLE ADOLFO LÓPEZ MATEOS, SIN NÚMERO, LOCALIDAD PEDRO SAÍNZ DE BARANDA, CÓDIGO POSTAL 24344, CANDELARIA, CAMPECHE., A UN COSTADO DE LA CONASUPO Y FRENTE A LA PANADERÍA SOLÍS", "inmueble": "ESCUELA PRIMARIA RURAL FEDERAL EMILIANO ZAPATA", "estatus_ubicacion": "historica", "fuente": "INE — Encarte del Proceso Electoral Federal 2023-2024", "fecha_corte": "2024-06", "cct": "04DPR0666W", "nombre_cct": "EMILIANO ZAPATA", "metodo_geo": "cruce nominal contra catálogo CCT de la SEP", "similitud_cruce": 0.667}}, {"type": "Feature", "geometry": {"type": "Point", "coordinates": [-90.649, 17.9733]}, "properties": {"seccion": "294", "cve_mun": "04011", "nombre_municipio": "CANDELARIA", "nombre_localidad": "TENANCINGO", "distrito_local": 14, "distrito_local_cabecera": "CANDELARIA", "distrito_federal": "CIUDAD DEL CARMEN", "casillas": "B1", "n_casillas": 1, "tipos": "B", "ubicacion": "ESCUELA PRIMARIA RURAL FEDERAL IGNACIO ZARAGOZA, CALLE SIN NOMBRE, SIN NÚMERO, LOCALIDAD TENANCINGO, CÓDIGO POSTAL 24348, CANDELARIA, CAMPECHE., FRENTE A LA CLINICA DE SALUD", "inmueble": "ESCUELA PRIMARIA RURAL FEDERAL IGNACIO ZARAGOZA", "estatus_ubicacion": "historica", "fuente": "INE — Encarte del Proceso Electoral Federal 2023-2024", "fecha_corte": "2024-06", "cct": "04DPR0147M", "nombre_cct": "IGNACIO ZARAGOZA", "metodo_geo": "cruce nominal contra catálogo CCT de la SEP", "similitud_cruce": 0.817}}, {"type": "Feature", "geometry": {"type": "Point", "coordinates": [-90.4679, 17.965]}, "properties": {"seccion": "295", "cve_mun": "04011", "nombre_municipio": "CANDELARIA", "nombre_localidad": "EMILIANO ZAPATA", "distrito_local": 14, "distrito_local_cabecera": "CANDELARIA", "distrito_federal": "CIUDAD DEL CARMEN", "casillas": "B1", "n_casillas": 1, "tipos": "B", "ubicacion": "ESCUELA PRIMARIA RURAL FEDERAL PLAN DE AYALA, CALLE SIN NOMBRE, SIN NÚMERO, LOCALIDAD EMILIANO ZAPATA, CÓDIGO POSTAL 24390, CANDELARIA, CAMPECHE., A UN COSTADO DEL COMEDOR ESCOLAR DIF CANDELARIA", "inmueble": "ESCUELA PRIMARIA RURAL FEDERAL PLAN DE AYALA", "estatus_ubicacion": "historica", "fuente": "INE — Encarte del Proceso Electoral Federal 2023-2024", "fecha_corte": "2024-06", "cct": "04DPR0669T", "nombre_cct": "PLAN DE AYALA", "metodo_geo": "cruce nominal contra catálogo CCT de la SEP", "similitud_cruce": 0.817}}, {"type": "Feature", "geometry": {"type": "Point", "coordinates": [-90.406849, 17.99515]}, "properties": {"seccion": "295", "cve_mun": "04011", "nombre_municipio": "CANDELARIA", "nombre_localidad": "MIGUEL DE LA MADRID", "distrito_local": 14, "distrito_local_cabecera": "CANDELARIA", "distrito_federal": "CIUDAD DEL CARMEN", "casillas": "E1, E1C1, E1C2", "n_casillas": 3, "tipos": "E", "ubicacion": "ESCUELA TELESECUNDARIA NÚMERO 150, CALLE PRINCIPAL, SIN NÚMERO, LOCALIDAD MIGUEL DE LA MADRID (EL PAÑUELO), CÓDIGO POSTAL 24300, CANDELARIA, CAMPECHE., FRENTE AL JARDIN DE NIÑOS", "inmueble": "ESCUELA TELESECUNDARIA NÚMERO 150", "estatus_ubicacion": "historica", "fuente": "INE — Encarte del Proceso Electoral Federal 2023-2024", "fecha_corte": "2024-06", "cct": "04DTV0150Z", "nombre_cct": "TELESECUNDARIA NUM 150", "metodo_geo": "cruce nominal contra catálogo CCT de la SEP", "similitud_cruce": 1.0}}, {"type": "Feature", "geometry": {"type": "Point", "coordinates": [-90.8127, 17.916]}, "properties": {"seccion": "296", "cve_mun": "04011", "nombre_municipio": "CANDELARIA", "nombre_localidad": "LAZARO CARDENAS", "distrito_local": 14, "distrito_local_cabecera": "CANDELARIA", "distrito_federal": "CIUDAD DEL CARMEN", "casillas": "B1, C1", "n_casillas": 2, "tipos": "B, C", "ubicacion": "ESCUELA PRIMARIA LEYES DE REFORMA, CALLE SIN NOMBRE, SIN NÚMERO, LOCALIDAD LÁZARO CÁRDENAS, CÓDIGO POSTAL 24334, CANDELARIA, CAMPECHE., FRENTE A LA CANCHA DE BASQUETBOL", "inmueble": "ESCUELA PRIMARIA LEYES DE REFORMA", "estatus_ubicacion": "historica", "fuente": "INE — Encarte del Proceso Electoral Federal 2023-2024", "fecha_corte": "2024-06", "cct": "04DPR0099T", "nombre_cct": "LEYES DE REFORMA", "metodo_geo": "cruce nominal contra catálogo CCT de la SEP", "similitud_cruce": 1.0}}, {"type": "Feature", "geometry": {"type": "Point", "coordinates": [-90.5453, 17.9143]}, "properties": {"seccion": "297", "cve_mun": "04011", "nombre_municipio": "CANDELARIA", "nombre_localidad": "SAN MIGUEL", "distrito_local": 14, "distrito_local_cabecera": "CANDELARIA", "distrito_federal": "CIUDAD DEL CARMEN", "casillas": "B1", "n_casillas": 1, "tipos": "B", "ubicacion": "ESCUELA PRIMARIA RURAL FEDERAL RICARDO FLORES MAGÓN, SIN NOMBRE, SIN NÚMERO, LOCALIDAD SAN MIGUEL, CÓDIGO POSTAL 24347, CANDELARIA, CAMPECHE., A UN COSTADO DE LA CLÍNICA", "inmueble": "ESCUELA PRIMARIA RURAL FEDERAL RICARDO FLORES MAGÓN", "estatus_ubicacion": "historica", "fuente": "INE — Encarte del Proceso Electoral Federal 2023-2024", "fecha_corte": "2024-06", "cct": "04DPR0421B", "nombre_cct": "RICARDO FLORES MAGON", "metodo_geo": "cruce nominal contra catálogo CCT de la SEP", "similitud_cruce": 0.9}}, {"type": "Feature", "geometry": {"type": "Point", "coordinates": [-90.813889, 17.888889]}, "properties": {"seccion": "298", "cve_mun": "04011", "nombre_municipio": "CANDELARIA", "nombre_localidad": "LAS GOLONDRINAS", "distrito_local": 14, "distrito_local_cabecera": "CANDELARIA", "distrito_federal": "CIUDAD DEL CARMEN", "casillas": "B1, C1", "n_casillas": 2, "tipos": "B, C", "ubicacion": "ESCUELA PRIMARIA RURAL FEDERAL JOSÉ MARÍA MORELOS Y PAVÓN, CARRETERA LÁZARO CÁRDENAS, SIN NÚMERO, LOCALIDAD LAS GOLONDRINAS, CÓDIGO POSTAL 24345, CANDELARIA, CAMPECHE., CRUZAMIENTO CARRETERA NUEVO COAHUILA", "inmueble": "ESCUELA PRIMARIA RURAL FEDERAL JOSÉ MARÍA MORELOS Y PAVÓN", "estatus_ubicacion": "historica", "fuente": "INE — Encarte del Proceso Electoral Federal 2023-2024", "fecha_corte": "2024-06", "cct": "04DPR0187N", "nombre_cct": "JOSE MARIA MORELOS Y PAVON", "metodo_geo": "cruce nominal contra catálogo CCT de la SEP", "similitud_cruce": 0.95}}, {"type": "Feature", "geometry": {"type": "Point", "coordinates": [-90.847222, 17.887778]}, "properties": {"seccion": "299", "cve_mun": "04011", "nombre_municipio": "CANDELARIA", "nombre_localidad": "COL. MIGUEL HIDALGO Y COSTILLA", "distrito_local": 14, "distrito_local_cabecera": "CANDELARIA", "distrito_federal": "CIUDAD DEL CARMEN", "casillas": "B1, C1", "n_casillas": 2, "tipos": "B, C", "ubicacion": "ESCUELA PRIMARIA RURAL FEDERAL REFORMA AGRARIA, CALLE SIN NOMBRE, SIN NÚMERO, LOCALIDAD MIGUEL HIDALGO Y COSTILLA, CÓDIGO POSTAL 24334, CANDELARIA, CAMPECHE., FRENTE A LA CARNICERIA HERNÁN CORTEZ Y SOBRE LA CURVA", "inmueble": "ESCUELA PRIMARIA RURAL FEDERAL REFORMA AGRARIA", "estatus_ubicacion": "historica", "fuente": "INE — Encarte del Proceso Electoral Federal 2023-2024", "fecha_corte": "2024-06", "cct": "04DPR0496S", "nombre_cct": "REFORMA AGRARIA", "metodo_geo": "cruce nominal contra catálogo CCT de la SEP", "similitud_cruce": 0.667}}, {"type": "Feature", "geometry": {"type": "Point", "coordinates": [-90.605, 17.886667]}, "properties": {"seccion": "300", "cve_mun": "04011", "nombre_municipio": "CANDELARIA", "nombre_localidad": "FLOR DE CHIAPAS", "distrito_local": 14, "distrito_local_cabecera": "CANDELARIA", "distrito_federal": "CIUDAD DEL CARMEN", "casillas": "B1", "n_casillas": 1, "tipos": "B", "ubicacion": "ESCUELA PRIMARIA RURAL FEDERAL 16 DE SEPTIEMBRE, CALLE CONSTITUCIÓN, SIN NÚMERO, LOCALIDAD FLOR DE CHIAPAS, CÓDIGO POSTAL 24340, CANDELARIA, CAMPECHE., ENTRE LAS CALLES CUAUHTÉMOC Y ZARAGOZA", "inmueble": "ESCUELA PRIMARIA RURAL FEDERAL 16 DE SEPTIEMBRE", "estatus_ubicacion": "historica", "fuente": "INE — Encarte del Proceso Electoral Federal 2023-2024", "fecha_corte": "2024-06", "cct": "04DPR0554S", "nombre_cct": "16 DE SEPTIEMBRE", "metodo_geo": "cruce nominal contra catálogo CCT de la SEP", "similitud_cruce": 0.817}}, {"type": "Feature", "geometry": {"type": "Point", "coordinates": [-90.448333, 17.867778]}, "properties": {"seccion": "301", "cve_mun": "04011", "nombre_municipio": "CANDELARIA", "nombre_localidad": "EL DESENGAÑO", "distrito_local": 14, "distrito_local_cabecera": "CANDELARIA", "distrito_federal": "CIUDAD DEL CARMEN", "casillas": "B1, C1, C2", "n_casillas": 3, "tipos": "B, C", "ubicacion": "ESCUELA PRIMARIA RURAL FEDERAL NETZAHUALCOYOTL, CALLE REVOLUCIÓN, SIN NÚMERO, LOCALIDAD EL DESENGAÑO, CÓDIGO POSTAL 24346, CANDELARIA, CAMPECHE., ENTRE LAS CALLES IGNACIO ZARAGOZA Y LÁZARO CÁRDENAS", "inmueble": "ESCUELA PRIMARIA RURAL FEDERAL NETZAHUALCOYOTL", "estatus_ubicacion": "historica", "fuente": "INE — Encarte del Proceso Electoral Federal 2023-2024", "fecha_corte": "2024-06", "cct": "04DPR0228X", "nombre_cct": "NETZAHUALCOYOTL", "metodo_geo": "cruce nominal contra catálogo CCT de la SEP", "similitud_cruce": 0.65}}, {"type": "Feature", "geometry": {"type": "Point", "coordinates": [-90.458889, 18.486389]}, "properties": {"seccion": "302", "cve_mun": "04011", "nombre_municipio": "CANDELARIA", "nombre_localidad": "RAMONAL", "distrito_local": 14, "distrito_local_cabecera": "CANDELARIA", "distrito_federal": "CIUDAD DEL CARMEN", "casillas": "B1", "n_casillas": 1, "tipos": "B", "ubicacion": "ESCUELA PRIMARIA RURAL FEDERAL EMILIANO ZAPATA, CALLE PRINCIPAL, SIN NÚMERO, LOCALIDAD RAMONAL, CÓDIGO POSTAL 24347, CANDELARIA, CAMPECHE., A UN COSTADO DE LA COMISARIA EJIDAL", "inmueble": "ESCUELA PRIMARIA RURAL FEDERAL EMILIANO ZAPATA", "estatus_ubicacion": "historica", "fuente": "INE — Encarte del Proceso Electoral Federal 2023-2024", "fecha_corte": "2024-06", "cct": "04DPR0666W", "nombre_cct": "EMILIANO ZAPATA", "metodo_geo": "cruce nominal contra catálogo CCT de la SEP", "similitud_cruce": 0.667}}, {"type": "Feature", "geometry": {"type": "Point", "coordinates": [-90.721345, 19.363849]}, "properties": {"seccion": "303", "cve_mun": "04004", "nombre_municipio": "CHAMPOTON", "nombre_localidad": "CHAMPOTON", "distrito_local": 15, "distrito_local_cabecera": "CHAMPOTON", "distrito_federal": "CIUDAD DEL CARMEN", "casillas": "B1, C1", "n_casillas": 2, "tipos": "B, C", "ubicacion": "ESCUELA PRIMARIA JUSTO SIERRA MÉNDEZ, CALLE 3, SIN NÚMERO, COLONIA PARAÍSO, CHAMPOTÓN, CÓDIGO POSTAL 24400, CHAMPOTÓN, CAMPECHE., ENTRE LA PRIVADA 3 Y CALLE 10", "inmueble": "ESCUELA PRIMARIA JUSTO SIERRA MÉNDEZ", "estatus_ubicacion": "historica", "fuente": "INE — Encarte del Proceso Electoral Federal 2023-2024", "fecha_corte": "2024-06", "cct": "04DPR0370L", "nombre_cct": "JUSTO SIERRA MENDEZ", "metodo_geo": "cruce nominal contra catálogo CCT de la SEP", "similitud_cruce": 1.0}}, {"type": "Feature", "geometry": {"type": "Point", "coordinates": [-90.7239, 19.3562]}, "properties": {"seccion": "305", "cve_mun": "04004", "nombre_municipio": "CHAMPOTON", "nombre_localidad": "CHAMPOTON", "distrito_local": 15, "distrito_local_cabecera": "CHAMPOTON", "distrito_federal": "CIUDAD DEL CARMEN", "casillas": "B1, C1", "n_casillas": 2, "tipos": "B, C", "ubicacion": "ESCUELA PRIMARIA CUAUHTÉMOC, CALLE 23, SIN NÚMERO, COLONIA POZO DEL MONTE, CHAMPOTÓN, CÓDIGO POSTAL 24400, CHAMPOTÓN, CAMPECHE., ENTRE LAS CALLES 20 Y 22", "inmueble": "ESCUELA PRIMARIA CUAUHTÉMOC", "estatus_ubicacion": "historica", "fuente": "INE — Encarte del Proceso Electoral Federal 2023-2024", "fecha_corte": "2024-06", "cct": "04DPR0431I", "nombre_cct": "CUAUHTEMOC", "metodo_geo": "cruce nominal contra catálogo CCT de la SEP", "similitud_cruce": 1.0}}, {"type": "Feature", "geometry": {"type": "Point", "coordinates": [-90.711096, 19.357131]}, "properties": {"seccion": "306", "cve_mun": "04004", "nombre_municipio": "CHAMPOTON", "nombre_localidad": "CHAMPOTON", "distrito_local": 15, "distrito_local_cabecera": "CHAMPOTON", "distrito_federal": "CIUDAD DEL CARMEN", "casillas": "B1, C1, C2", "n_casillas": 3, "tipos": "B, C", "ubicacion": "ESCUELA PRIMARIA NICOLÁS BRAVO, CALLE 16, SIN NÚMERO, FRACCIONAMIENTO INFONAVIT MOCH COHUO, CHAMPOTÓN, CÓDIGO POSTAL 24400, CHAMPOTÓN, CAMPECHE., ENTRE LAS CALLES 15 Y 17", "inmueble": "ESCUELA PRIMARIA NICOLÁS BRAVO", "estatus_ubicacion": "historica", "fuente": "INE — Encarte del Proceso Electoral Federal 2023-2024", "fecha_corte": "2024-06", "cct": "04DPR0238D", "nombre_cct": "NICOLAS BRAVO", "metodo_geo": "cruce nominal contra catálogo CCT de la SEP", "similitud_cruce": 1.0}}, {"type": "Feature", "geometry": {"type": "Point", "coordinates": [-90.719068, 19.355279]}, "properties": {"seccion": "307", "cve_mun": "04004", "nombre_municipio": "CHAMPOTON", "nombre_localidad": "CHAMPOTON", "distrito_local": 15, "distrito_local_cabecera": "CHAMPOTON", "distrito_federal": "CIUDAD DEL CARMEN", "casillas": "B1, C1", "n_casillas": 2, "tipos": "B, C", "ubicacion": "JARDÍN DE NIÑOS CONCEPCIÓN DURÁN LANZ, CALLE 25, SIN NÚMERO, COLONIA POZO DEL MONTE, CHAMPOTÓN, CÓDIGO POSTAL 24400, CHAMPOTÓN, CAMPECHE., ENTRE LAS CALLES 24 Y 26", "inmueble": "JARDÍN DE NIÑOS CONCEPCIÓN DURÁN LANZ", "estatus_ubicacion": "historica", "fuente": "INE — Encarte del Proceso Electoral Federal 2023-2024", "fecha_corte": "2024-06", "cct": "04DJN0029H", "nombre_cct": "PROFA CONCEPCION DURAN LANZ", "metodo_geo": "cruce nominal contra catálogo CCT de la SEP", "similitud_cruce": 0.9}}, {"type": "Feature", "geometry": {"type": "Point", "coordinates": [-90.723191, 19.356435]}, "properties": {"seccion": "308", "cve_mun": "04004", "nombre_municipio": "CHAMPOTON", "nombre_localidad": "CHAMPOTON", "distrito_local": 15, "distrito_local_cabecera": "CHAMPOTON", "distrito_federal": "CIUDAD DEL CARMEN", "casillas": "B1", "n_casillas": 1, "tipos": "B", "ubicacion": "JARDIN DE NIÑOS VIRGINIA PAVON GONGORA, CALLE 32, SIN NÚMERO, COLONIA CENTRO, CHAMPOTÓN, CÓDIGO POSTAL 24400, CHAMPOTÓN, CAMPECHE., FRENTE AL PARQUE PRINCIPAL, A UN COSTADO DEL TEATRO PRINCIPAL", "inmueble": "JARDIN DE NIÑOS VIRGINIA PAVON GONGORA", "estatus_ubicacion": "historica", "fuente": "INE — Encarte del Proceso Electoral Federal 2023-2024", "fecha_corte": "2024-06", "cct": "04DJN0033U", "nombre_cct": "VIRGINIA PAVON GONGORA", "metodo_geo": "cruce nominal contra catálogo CCT de la SEP", "similitud_cruce": 1.0}}, {"type": "Feature", "geometry": {"type": "Point", "coordinates": [-90.7239, 19.3562]}, "properties": {"seccion": "312", "cve_mun": "04004", "nombre_municipio": "CHAMPOTON", "nombre_localidad": "CHAMPOTON", "distrito_local": 15, "distrito_local_cabecera": "CHAMPOTON", "distrito_federal": "CIUDAD DEL CARMEN", "casillas": "B1, C1, C2, C3", "n_casillas": 4, "tipos": "B, C", "ubicacion": "JARDÍN DE NIÑOS SHIRLEY PÉREZ GONZÁLEZ, CALLE 33, SIN NÚMERO, COLONIA TAJONAL, CHAMPOTÓN, CÓDIGO POSTAL 24400, CHAMPOTÓN, CAMPECHE., ENTRE LAS CALLES 8 Y 6", "inmueble": "JARDÍN DE NIÑOS SHIRLEY PÉREZ GONZÁLEZ", "estatus_ubicacion": "historica", "fuente": "INE — Encarte del Proceso Electoral Federal 2023-2024", "fecha_corte": "2024-06", "cct": "04DJN0324J", "nombre_cct": "SHIRLEY PEREZ GONZALEZ", "metodo_geo": "cruce nominal contra catálogo CCT de la SEP", "similitud_cruce": 1.0}}, {"type": "Feature", "geometry": {"type": "Point", "coordinates": [-90.727054, 19.349053]}, "properties": {"seccion": "314", "cve_mun": "04004", "nombre_municipio": "CHAMPOTON", "nombre_localidad": "CHAMPOTON", "distrito_local": 15, "distrito_local_cabecera": "CHAMPOTON", "distrito_federal": "CIUDAD DEL CARMEN", "casillas": "B1, C1", "n_casillas": 2, "tipos": "B, C", "ubicacion": "ESCUELA PRIMARIA GUADALUPE VICTORIA, CALLE 16, SIN NÚMERO, COLONIA GUADALUPE VICTORIA, CHAMPOTÓN, CÓDIGO POSTAL 24400, CHAMPOTÓN, CAMPECHE., ENTRE LAS CALLES 37 Y 39", "inmueble": "ESCUELA PRIMARIA GUADALUPE VICTORIA", "estatus_ubicacion": "historica", "fuente": "INE — Encarte del Proceso Electoral Federal 2023-2024", "fecha_corte": "2024-06", "cct": "04DPR0309H", "nombre_cct": "GUADALUPE VICTORIA", "metodo_geo": "cruce nominal contra catálogo CCT de la SEP", "similitud_cruce": 1.0}}, {"type": "Feature", "geometry": {"type": "Point", "coordinates": [-90.730522, 19.341173]}, "properties": {"seccion": "318", "cve_mun": "04004", "nombre_municipio": "CHAMPOTON", "nombre_localidad": "CHAMPOTON", "distrito_local": 15, "distrito_local_cabecera": "CHAMPOTON", "distrito_federal": "CIUDAD DEL CARMEN", "casillas": "B1, C1, C2", "n_casillas": 3, "tipos": "B, C", "ubicacion": "JARDÍN DE NIÑOS PARAÍSO INFANTIL, CALLE 18, SIN NÚMERO, COLONIA VENUSTIANO CARRANZA, CHAMPOTÓN, CÓDIGO POSTAL 24400, CHAMPOTÓN, CAMPECHE., ENTRE LAS CALLES 11 Y 13.", "inmueble": "JARDÍN DE NIÑOS PARAÍSO INFANTIL", "estatus_ubicacion": "historica", "fuente": "INE — Encarte del Proceso Electoral Federal 2023-2024", "fecha_corte": "2024-06", "cct": "04DJN0121O", "nombre_cct": "PARAISO INFANTIL", "metodo_geo": "cruce nominal contra catálogo CCT de la SEP", "similitud_cruce": 1.0}}, {"type": "Feature", "geometry": {"type": "Point", "coordinates": [-90.732078, 19.338731]}, "properties": {"seccion": "319", "cve_mun": "04004", "nombre_municipio": "CHAMPOTON", "nombre_localidad": "CHAMPOTON", "distrito_local": 15, "distrito_local_cabecera": "CHAMPOTON", "distrito_federal": "CIUDAD DEL CARMEN", "casillas": "B1, C1, C2, C3, C4, C5, C6, C7, C8", "n_casillas": 9, "tipos": "B, C", "ubicacion": "ESCUELA PRIMARIA MAESTROS ILUSTRES, CALLE 17, SIN NÚMERO, COLONIA PLAN CHAC, CHAMPOTÓN, CÓDIGO POSTAL 24400, CHAMPOTÓN, CAMPECHE., ENTRE LAS CALLES 18 Y 20", "inmueble": "ESCUELA PRIMARIA MAESTROS ILUSTRES", "estatus_ubicacion": "historica", "fuente": "INE — Encarte del Proceso Electoral Federal 2023-2024", "fecha_corte": "2024-06", "cct": "04DPR0064D", "nombre_cct": "MAESTROS ILUSTRES", "metodo_geo": "cruce nominal contra catálogo CCT de la SEP", "similitud_cruce": 1.0}}, {"type": "Feature", "geometry": {"type": "Point", "coordinates": [-90.772778, 19.290833]}, "properties": {"seccion": "319", "cve_mun": "04004", "nombre_municipio": "CHAMPOTON", "nombre_localidad": "VILLA MAR", "distrito_local": 15, "distrito_local_cabecera": "CHAMPOTON", "distrito_federal": "CIUDAD DEL CARMEN", "casillas": "E1", "n_casillas": 1, "tipos": "E", "ubicacion": "ESCUELA PRIMARIA EMILIANO ZAPATA, CALLE 13, SIN NÚMERO, LOCALIDAD VILLA MAR, CÓDIGO POSTAL 24410, CHAMPOTÓN, CAMPECHE., POR CALLE 2", "inmueble": "ESCUELA PRIMARIA EMILIANO ZAPATA", "estatus_ubicacion": "historica", "fuente": "INE — Encarte del Proceso Electoral Federal 2023-2024", "fecha_corte": "2024-06", "cct": "04DPR0484N", "nombre_cct": "EMILIANO ZAPATA", "metodo_geo": "cruce nominal contra catálogo CCT de la SEP", "similitud_cruce": 1.0}}, {"type": "Feature", "geometry": {"type": "Point", "coordinates": [-90.690863, 19.646478]}, "properties": {"seccion": "320", "cve_mun": "04012", "nombre_municipio": "SEYBAPLAYA", "nombre_localidad": "SEYBAPLAYA", "distrito_local": 16, "distrito_local_cabecera": "SEYBAPLAYA", "distrito_federal": "CIUDAD DEL CARMEN", "casillas": "B1, C1, C2", "n_casillas": 3, "tipos": "B, C", "ubicacion": "ESCUELA PRIMARIA LICENCIADO PABLO GARCÍA., AVENIDA MALECÓN, SIN NÚMERO, COLONIA BARRIO DE TIZIMÍN, SEYBAPLAYA, CÓDIGO POSTAL 24460, SEYBAPLAYA, CAMPECHE., ENTRE LAS CALLES 16 Y 16 A", "inmueble": "ESCUELA PRIMARIA LICENCIADO PABLO GARCÍA.", "estatus_ubicacion": "historica", "fuente": "INE — Encarte del Proceso Electoral Federal 2023-2024", "fecha_corte": "2024-06", "cct": "04DPR0254V", "nombre_cct": "LIC PABLO GARCIA", "metodo_geo": "cruce nominal contra catálogo CCT de la SEP", "similitud_cruce": 1.0}}, {"type": "Feature", "geometry": {"type": "Point", "coordinates": [-90.688301, 19.639197]}, "properties": {"seccion": "321", "cve_mun": "04012", "nombre_municipio": "SEYBAPLAYA", "nombre_localidad": "SEYBAPLAYA", "distrito_local": 16, "distrito_local_cabecera": "SEYBAPLAYA", "distrito_federal": "CIUDAD DEL CARMEN", "casillas": "B1, C1", "n_casillas": 2, "tipos": "B, C", "ubicacion": "JARDÍN DE NIÑOS GUADALUPE VICTORIA, AVENIDA MALECÓN, SIN NÚMERO, COLONIA TIZIMÍN, SEYBAPLAYA, CÓDIGO POSTAL 24460, SEYBAPLAYA, CAMPECHE., ENTRE LAS CALLES 18 Y 20", "inmueble": "JARDÍN DE NIÑOS GUADALUPE VICTORIA", "estatus_ubicacion": "historica", "fuente": "INE — Encarte del Proceso Electoral Federal 2023-2024", "fecha_corte": "2024-06", "cct": "04DJN0147W", "nombre_cct": "GUADALUPE VICTORIA", "metodo_geo": "cruce nominal contra catálogo CCT de la SEP", "similitud_cruce": 1.0}}, {"type": "Feature", "geometry": {"type": "Point", "coordinates": [-90.685406, 19.642037]}, "properties": {"seccion": "322", "cve_mun": "04012", "nombre_municipio": "SEYBAPLAYA", "nombre_localidad": "SEYBAPLAYA", "distrito_local": 16, "distrito_local_cabecera": "SEYBAPLAYA", "distrito_federal": "CIUDAD DEL CARMEN", "casillas": "B1, C1", "n_casillas": 2, "tipos": "B, C", "ubicacion": "JARDÍN DE NIÑOS FRANCISCO PACHECO SEGOVIA, CALLE 14, SIN NÚMERO, COLONIA FÁTIMA, SEYBAPLAYA, CÓDIGO POSTAL 24460, SEYBAPLAYA, CAMPECHE., ENTRE LAS CALLES 11 A Y 16", "inmueble": "JARDÍN DE NIÑOS FRANCISCO PACHECO SEGOVIA", "estatus_ubicacion": "historica", "fuente": "INE — Encarte del Proceso Electoral Federal 2023-2024", "fecha_corte": "2024-06", "cct": "04DJN0231U", "nombre_cct": "FRANCISCO PACHECO SEGOVIA", "metodo_geo": "cruce nominal contra catálogo CCT de la SEP", "similitud_cruce": 1.0}}, {"type": "Feature", "geometry": {"type": "Point", "coordinates": [-90.687997, 19.639859]}, "properties": {"seccion": "323", "cve_mun": "04012", "nombre_municipio": "SEYBAPLAYA", "nombre_localidad": "SEYBAPLAYA", "distrito_local": 16, "distrito_local_cabecera": "SEYBAPLAYA", "distrito_federal": "CIUDAD DEL CARMEN", "casillas": "B1, C1", "n_casillas": 2, "tipos": "B, C", "ubicacion": "ESCUELA PRIMARIA GENERAL LICENCIADO RICARDO CONTRERAS, CALLE 21, SIN NÚMERO, COLONIA CENTRO, SEYBAPLAYA, CÓDIGO POSTAL 24460, SEYBAPLAYA, CAMPECHE., FRENTE AL PARQUE PRINCIPAL", "inmueble": "ESCUELA PRIMARIA GENERAL LICENCIADO RICARDO CONTRERAS", "estatus_ubicacion": "historica", "fuente": "INE — Encarte del Proceso Electoral Federal 2023-2024", "fecha_corte": "2024-06", "cct": "04DPR0530I", "nombre_cct": "LIC RICARDO CONTRERAS", "metodo_geo": "cruce nominal contra catálogo CCT de la SEP", "similitud_cruce": 0.9}}, {"type": "Feature", "geometry": {"type": "Point", "coordinates": [-90.685153, 19.635423]}, "properties": {"seccion": "324", "cve_mun": "04012", "nombre_municipio": "SEYBAPLAYA", "nombre_localidad": "SEYBAPLAYA", "distrito_local": 16, "distrito_local_cabecera": "SEYBAPLAYA", "distrito_federal": "CIUDAD DEL CARMEN", "casillas": "B1, C1", "n_casillas": 2, "tipos": "B, C", "ubicacion": "ESCUELA PRIMARIA LÁZARO CÁRDENAS, CALLE 31, SIN NÚMERO, BARRIO DE GUADALUPE, SEYBAPLAYA, CÓDIGO POSTAL 24460, SEYBAPLAYA, CAMPECHE., ENTRE LAS CALLES 10 Y 14", "inmueble": "ESCUELA PRIMARIA LÁZARO CÁRDENAS", "estatus_ubicacion": "historica", "fuente": "INE — Encarte del Proceso Electoral Federal 2023-2024", "fecha_corte": "2024-06", "cct": "04DPR0549G", "nombre_cct": "LAZARO CARDENAS", "metodo_geo": "cruce nominal contra catálogo CCT de la SEP", "similitud_cruce": 1.0}}, {"type": "Feature", "geometry": {"type": "Point", "coordinates": [-90.684587, 19.630241]}, "properties": {"seccion": "325", "cve_mun": "04012", "nombre_municipio": "SEYBAPLAYA", "nombre_localidad": "SEYBAPLAYA", "distrito_local": 16, "distrito_local_cabecera": "SEYBAPLAYA", "distrito_federal": "CIUDAD DEL CARMEN", "casillas": "B1, C1, C2", "n_casillas": 3, "tipos": "B, C", "ubicacion": "ESCUELA SECUNDARIA TÉCNICA NÚMERO 11, CALLE 43, SIN NÚMERO, COLONIA SAN RAFAEL, SEYBAPLAYA, CÓDIGO POSTAL 24460, SEYBAPLAYA, CAMPECHE., ENTRE LAS CALLES 8 Y 18", "inmueble": "ESCUELA SECUNDARIA TÉCNICA NÚMERO 11", "estatus_ubicacion": "historica", "fuente": "INE — Encarte del Proceso Electoral Federal 2023-2024", "fecha_corte": "2024-06", "cct": "04DST0011K", "nombre_cct": "ESCUELA SECUNDARIA TECNICA NUM 11", "metodo_geo": "cruce nominal contra catálogo CCT de la SEP", "similitud_cruce": 1.0}}, {"type": "Feature", "geometry": {"type": "Point", "coordinates": [-90.630836, 19.627915]}, "properties": {"seccion": "326", "cve_mun": "04012", "nombre_municipio": "SEYBAPLAYA", "nombre_localidad": "XKEULIL", "distrito_local": 16, "distrito_local_cabecera": "SEYBAPLAYA", "distrito_federal": "CIUDAD DEL CARMEN", "casillas": "B1, C1", "n_casillas": 2, "tipos": "B, C", "ubicacion": "ESCUELA TELESECUNDARIA NÚMERO 57, CALLE 9, SIN NÚMERO, LOCALIDAD XKEULIL, CÓDIGO POSTAL 24464, SEYBAPLAYA, CAMPECHE., ENTRE LAS CALLES 3 Y 4", "inmueble": "ESCUELA TELESECUNDARIA NÚMERO 57", "estatus_ubicacion": "historica", "fuente": "INE — Encarte del Proceso Electoral Federal 2023-2024", "fecha_corte": "2024-06", "cct": "04DTV0057T", "nombre_cct": "TELESECUNDARIA NUM 57", "metodo_geo": "cruce nominal contra catálogo CCT de la SEP", "similitud_cruce": 1.0}}, {"type": "Feature", "geometry": {"type": "Point", "coordinates": [-90.4451, 19.5137]}, "properties": {"seccion": "329", "cve_mun": "04004", "nombre_municipio": "CHAMPOTON", "nombre_localidad": "HOOL", "distrito_local": 16, "distrito_local_cabecera": "SEYBAPLAYA", "distrito_federal": "CIUDAD DEL CARMEN", "casillas": "B1, C1", "n_casillas": 2, "tipos": "B, C", "ubicacion": "ESCUELA PRIMARIA JOSÉ IGNACIO RIVAS, CALLE ARTÍCULO 123, SIN NÚMERO, COLONIA CENTRO, LOCALIDAD HOOL, CÓDIGO POSTAL 24440, CHAMPOTÓN, CAMPECHE., FRENTE AL PARQUE PRINCIPAL", "inmueble": "ESCUELA PRIMARIA JOSÉ IGNACIO RIVAS", "estatus_ubicacion": "historica", "fuente": "INE — Encarte del Proceso Electoral Federal 2023-2024", "fecha_corte": "2024-06", "cct": "04DPR0329V", "nombre_cct": "JOSE IGNACIO RIVAS", "metodo_geo": "cruce nominal contra catálogo CCT de la SEP", "similitud_cruce": 1.0}}, {"type": "Feature", "geometry": {"type": "Point", "coordinates": [-90.7027, 19.4783]}, "properties": {"seccion": "332", "cve_mun": "04004", "nombre_municipio": "CHAMPOTON", "nombre_localidad": "CIUDAD DEL SOL", "distrito_local": 16, "distrito_local_cabecera": "SEYBAPLAYA", "distrito_federal": "CIUDAD DEL CARMEN", "casillas": "B1", "n_casillas": 1, "tipos": "B", "ubicacion": "ESCUELA PRIMARIA LA CIUDAD DEL SOL, CALLE SIN NOMBRE, SIN NÚMERO, LOCALIDAD CIUDAD DEL SOL, CÓDIGO POSTAL 24459, CHAMPOTÓN, CAMPECHE., FRENTE AL TANQUE ELEVADO DE AGUA POTABLE", "inmueble": "ESCUELA PRIMARIA LA CIUDAD DEL SOL", "estatus_ubicacion": "historica", "fuente": "INE — Encarte del Proceso Electoral Federal 2023-2024", "fecha_corte": "2024-06", "cct": "04DPR0555R", "nombre_cct": "LA CIUDAD DEL SOL", "metodo_geo": "cruce nominal contra catálogo CCT de la SEP", "similitud_cruce": 1.0}}, {"type": "Feature", "geometry": {"type": "Point", "coordinates": [-90.673333, 19.480278]}, "properties": {"seccion": "333", "cve_mun": "04004", "nombre_municipio": "CHAMPOTON", "nombre_localidad": "LA JOYA", "distrito_local": 16, "distrito_local_cabecera": "SEYBAPLAYA", "distrito_federal": "CIUDAD DEL CARMEN", "casillas": "B1, C1", "n_casillas": 2, "tipos": "B, C", "ubicacion": "ESCUELA PRIMARIA RURAL FEDERAL LA JOYA, CALLE 9, SIN NÚMERO, LOCALIDAD LA JOYA, CÓDIGO POSTAL 24451, CHAMPOTÓN, CAMPECHE., A UN COSTADO DEL KINDER", "inmueble": "ESCUELA PRIMARIA RURAL FEDERAL LA JOYA", "estatus_ubicacion": "historica", "fuente": "INE — Encarte del Proceso Electoral Federal 2023-2024", "fecha_corte": "2024-06", "cct": "04DPR0441P", "nombre_cct": "LA JOYA", "metodo_geo": "cruce nominal contra catálogo CCT de la SEP", "similitud_cruce": 0.65}}, {"type": "Feature", "geometry": {"type": "Point", "coordinates": [-90.462778, 19.376944]}, "properties": {"seccion": "334", "cve_mun": "04004", "nombre_municipio": "CHAMPOTON", "nombre_localidad": "ARELLANO", "distrito_local": 16, "distrito_local_cabecera": "SEYBAPLAYA", "distrito_federal": "CIUDAD DEL CARMEN", "casillas": "B1, C1", "n_casillas": 2, "tipos": "B, C", "ubicacion": "ESCUELA PRIMARIA FRANCISCO I MADERO, CALLE 7, SIN NÚMERO, LOCALIDAD ARELLANO, CÓDIGO POSTAL 24420, CHAMPOTÓN, CAMPECHE., ENTRE LAS CALLES 8 Y 10", "inmueble": "ESCUELA PRIMARIA FRANCISCO I MADERO", "estatus_ubicacion": "historica", "fuente": "INE — Encarte del Proceso Electoral Federal 2023-2024", "fecha_corte": "2024-06", "cct": "04DPR0196V", "nombre_cct": "FRANCISCO I MADERO", "metodo_geo": "cruce nominal contra catálogo CCT de la SEP", "similitud_cruce": 1.0}}, {"type": "Feature", "geometry": {"type": "Point", "coordinates": [-90.5542, 19.3219]}, "properties": {"seccion": "334", "cve_mun": "04004", "nombre_municipio": "CHAMPOTON", "nombre_localidad": "SAN ANTONIO DEL RIO", "distrito_local": 16, "distrito_local_cabecera": "SEYBAPLAYA", "distrito_federal": "CIUDAD DEL CARMEN", "casillas": "E1", "n_casillas": 1, "tipos": "E", "ubicacion": "ESCUELA PRIMARIA RURAL LÁZARO CÁRDENAS, CALLE PRINCIPAL, SIN NÚMERO, LOCALIDAD SAN ANTONIO DEL RÍO, CÓDIGO POSTAL 24420, CHAMPOTÓN, CAMPECHE., A UN COSTADO DE LA EX CONASUPO", "inmueble": "ESCUELA PRIMARIA RURAL LÁZARO CÁRDENAS", "estatus_ubicacion": "historica", "fuente": "INE — Encarte del Proceso Electoral Federal 2023-2024", "fecha_corte": "2024-06", "cct": "04DPR0050A", "nombre_cct": "LAZARO CARDENAS", "metodo_geo": "cruce nominal contra catálogo CCT de la SEP", "similitud_cruce": 0.817}}, {"type": "Feature", "geometry": {"type": "Point", "coordinates": [-90.6737, 19.3529]}, "properties": {"seccion": "335", "cve_mun": "04004", "nombre_municipio": "CHAMPOTON", "nombre_localidad": "MOQUEL", "distrito_local": 15, "distrito_local_cabecera": "CHAMPOTON", "distrito_federal": "CIUDAD DEL CARMEN", "casillas": "B1, C1", "n_casillas": 2, "tipos": "B, C", "ubicacion": "ESCUELA PRIMARIA GENERAL JOSEFA ORTIZ DE DOMÍNGUEZ, CALLE PRINCIPAL, SIN NÚMERO, COLONIA MOQUEL, CÓDIGO POSTAL 24402, CHAMPOTÓN, CAMPECHE., FRENTE AL CAMPO DEPORTIVO", "inmueble": "ESCUELA PRIMARIA GENERAL JOSEFA ORTIZ DE DOMÍNGUEZ", "estatus_ubicacion": "historica", "fuente": "INE — Encarte del Proceso Electoral Federal 2023-2024", "fecha_corte": "2024-06", "cct": "04DPR0371K", "nombre_cct": "JOSEFA ORTIZ DE DOMINGUEZ", "metodo_geo": "cruce nominal contra catálogo CCT de la SEP", "similitud_cruce": 0.9}}, {"type": "Feature", "geometry": {"type": "Point", "coordinates": [-90.461111, 19.271667]}, "properties": {"seccion": "336", "cve_mun": "04004", "nombre_municipio": "CHAMPOTON", "nombre_localidad": "VILLA DE GUADALUPE", "distrito_local": 16, "distrito_local_cabecera": "SEYBAPLAYA", "distrito_federal": "CIUDAD DEL CARMEN", "casillas": "B1, C1", "n_casillas": 2, "tipos": "B, C", "ubicacion": "ESCUELA PRIMARIA MERCEDES VASTO LARA, CALLE SIN NOMBRE, SIN NÚMERO, COLONIA CENTRO, LOCALIDAD VILLA DE GUADALUPE, CÓDIGO POSTAL 24421, CHAMPOTÓN, CAMPECHE., ENTRE LAS CALLES 4 Y 5, FRENTE AL PARQUE PRINCIPAL", "inmueble": "ESCUELA PRIMARIA MERCEDES VASTO LARA", "estatus_ubicacion": "historica", "fuente": "INE — Encarte del Proceso Electoral Federal 2023-2024", "fecha_corte": "2024-06", "cct": "04DPR0601M", "nombre_cct": "MERCEDES VASTO LARA", "metodo_geo": "cruce nominal contra catálogo CCT de la SEP", "similitud_cruce": 1.0}}, {"type": "Feature", "geometry": {"type": "Point", "coordinates": [-90.623, 19.273]}, "properties": {"seccion": "337", "cve_mun": "04004", "nombre_municipio": "CHAMPOTON", "nombre_localidad": "ULUMAL", "distrito_local": 15, "distrito_local_cabecera": "CHAMPOTON", "distrito_federal": "CIUDAD DEL CARMEN", "casillas": "B1, C1", "n_casillas": 2, "tipos": "B, C", "ubicacion": "ESCUELA TELESECUNDARIA NUMERO 35, CALLE PRINCIPAL, SIN NÚMERO, LOCALIDAD ULUMAL, CÓDIGO POSTAL 24402, CHAMPOTÓN, CAMPECHE., A UNA CUADRA DEL CAMPOSANTO", "inmueble": "ESCUELA TELESECUNDARIA NUMERO 35", "estatus_ubicacion": "historica", "fuente": "INE — Encarte del Proceso Electoral Federal 2023-2024", "fecha_corte": "2024-06", "cct": "04DTV0035H", "nombre_cct": "TELESECUNDARIA NUM 35", "metodo_geo": "cruce nominal contra catálogo CCT de la SEP", "similitud_cruce": 1.0}}, {"type": "Feature", "geometry": {"type": "Point", "coordinates": [-90.731667, 19.219722]}, "properties": {"seccion": "338", "cve_mun": "04004", "nombre_municipio": "CHAMPOTON", "nombre_localidad": "VICENTE GUERRERO", "distrito_local": 15, "distrito_local_cabecera": "CHAMPOTON", "distrito_federal": "CIUDAD DEL CARMEN", "casillas": "B1", "n_casillas": 1, "tipos": "B", "ubicacion": "ESCUELA PRIMARIA VICENTE GUERRERO, CARRETERA CHAMPOTÓN ESCÁRCEGA, SIN NÚMERO, LOCALIDAD VICENTE GUERRERO, CÓDIGO POSTAL 24410, CHAMPOTÓN, CAMPECHE., SOBRE LA CARRETERA CHAMPOTÓN ESCÁRCEGA, FRENTE AL PUENTE PEATONAL", "inmueble": "ESCUELA PRIMARIA VICENTE GUERRERO", "estatus_ubicacion": "historica", "fuente": "INE — Encarte del Proceso Electoral Federal 2023-2024", "fecha_corte": "2024-06", "cct": "04DPR0536C", "nombre_cct": "VICENTE GUERRERO", "metodo_geo": "cruce nominal contra catálogo CCT de la SEP", "similitud_cruce": 1.0}}, {"type": "Feature", "geometry": {"type": "Point", "coordinates": [-90.25026, 19.224965]}, "properties": {"seccion": "339", "cve_mun": "04004", "nombre_municipio": "CHAMPOTON", "nombre_localidad": "NAYARIT DE CASTELLOT", "distrito_local": 16, "distrito_local_cabecera": "SEYBAPLAYA", "distrito_federal": "CIUDAD DEL CARMEN", "casillas": "B1", "n_casillas": 1, "tipos": "B", "ubicacion": "ESCUELA TELESECUNDARIA NÚMERO 36, CALLE ÁLVARO OBREGÓN, SIN NÚMERO, LOCALIDAD NAYARIT DE CASTELLOT, CÓDIGO POSTAL 24435, CHAMPOTÓN, CAMPECHE., ENTRE LAS CALLES BRAULIO SOBERANIS Y BENJAMÍN GRANADOS", "inmueble": "ESCUELA TELESECUNDARIA NÚMERO 36", "estatus_ubicacion": "historica", "fuente": "INE — Encarte del Proceso Electoral Federal 2023-2024", "fecha_corte": "2024-06", "cct": "04DTV0036G", "nombre_cct": "TELESECUNDARIA NUM 36", "metodo_geo": "cruce nominal contra catálogo CCT de la SEP", "similitud_cruce": 1.0}}, {"type": "Feature", "geometry": {"type": "Point", "coordinates": [-90.5061, 19.1531]}, "properties": {"seccion": "340", "cve_mun": "04004", "nombre_municipio": "CHAMPOTON", "nombre_localidad": "MAYA TECUN I", "distrito_local": 16, "distrito_local_cabecera": "SEYBAPLAYA", "distrito_federal": "CIUDAD DEL CARMEN", "casillas": "B1, C1, C2", "n_casillas": 3, "tipos": "B, C", "ubicacion": "ESCUELA PRIMARIA RURAL FEDERAL JOSÉ LÓPEZ PORTILLO, CALLE PRINCIPAL NÚMERO UNO, SIN NÚMERO, COLONIA NUEVA ESPERANZA, LOCALIDAD MAYA TECUN I, CÓDIGO POSTAL 24495, CHAMPOTÓN, CAMPECHE., ATRAS DE LA IGLESIA", "inmueble": "ESCUELA PRIMARIA RURAL FEDERAL JOSÉ LÓPEZ PORTILLO", "estatus_ubicacion": "historica", "fuente": "INE — Encarte del Proceso Electoral Federal 2023-2024", "fecha_corte": "2024-06", "cct": "04DPR0725V", "nombre_cct": "JOSE LOPEZ PORTILLO", "metodo_geo": "cruce nominal contra catálogo CCT de la SEP", "similitud_cruce": 0.9}}, {"type": "Feature", "geometry": {"type": "Point", "coordinates": [-90.4066, 19.4084]}, "properties": {"seccion": "340", "cve_mun": "04004", "nombre_municipio": "CHAMPOTON", "nombre_localidad": "EL CAÑAVERAL", "distrito_local": 16, "distrito_local_cabecera": "SEYBAPLAYA", "distrito_federal": "CIUDAD DEL CARMEN", "casillas": "E1", "n_casillas": 1, "tipos": "E", "ubicacion": "ESCUELA PRIMARIA PÚBLICA GENERAL JUSTO SIERRA MÉNDEZ, CALLE SIN NOMBRE, SIN NÚMERO, LOCALIDAD CAÑAVERAL, CÓDIGO POSTAL 24410, CHAMPOTÓN, CAMPECHE., FRENTE AL JARDÍN DE NIÑOS PEQUEÑOS TRAVIESOS", "inmueble": "ESCUELA PRIMARIA PÚBLICA GENERAL JUSTO SIERRA MÉNDEZ", "estatus_ubicacion": "historica", "fuente": "INE — Encarte del Proceso Electoral Federal 2023-2024", "fecha_corte": "2024-06", "cct": "04DPR0017T", "nombre_cct": "JUSTO SIERRA MENDEZ", "metodo_geo": "cruce nominal contra catálogo CCT de la SEP", "similitud_cruce": 0.6}}, {"type": "Feature", "geometry": {"type": "Point", "coordinates": [-90.731944, 19.133611]}, "properties": {"seccion": "341", "cve_mun": "04004", "nombre_municipio": "CHAMPOTON", "nombre_localidad": "SAN PABLO PIXTUN", "distrito_local": 15, "distrito_local_cabecera": "CHAMPOTON", "distrito_federal": "CIUDAD DEL CARMEN", "casillas": "B1, C1", "n_casillas": 2, "tipos": "B, C", "ubicacion": "ESCUELA PRIMARIA MIGUEL HIDALGO Y COSTILLA, CALLE SIN NOMBRE, SIN NÚMERO, COLONIA CENTRO, LOCALIDAD SAN PABLO PIXTUN, CÓDIGO POSTAL 24413, CHAMPOTÓN, CAMPECHE., FRENTE AL PARQUE PRINCIPAL Y LA CANCHA TECHADA", "inmueble": "ESCUELA PRIMARIA MIGUEL HIDALGO Y COSTILLA", "estatus_ubicacion": "historica", "fuente": "INE — Encarte del Proceso Electoral Federal 2023-2024", "fecha_corte": "2024-06", "cct": "04DPR0069Z", "nombre_cct": "MIGUEL HIDALGO Y COSTILLA", "metodo_geo": "cruce nominal contra catálogo CCT de la SEP", "similitud_cruce": 1.0}}, {"type": "Feature", "geometry": {"type": "Point", "coordinates": [-90.523429, 19.093447]}, "properties": {"seccion": "342", "cve_mun": "04004", "nombre_municipio": "CHAMPOTON", "nombre_localidad": "FELIPE CARRILLO PUERTO", "distrito_local": 16, "distrito_local_cabecera": "SEYBAPLAYA", "distrito_federal": "CIUDAD DEL CARMEN", "casillas": "B1, C1", "n_casillas": 2, "tipos": "B, C", "ubicacion": "ESCUELA PRIMARIA MANUEL J. LÓPEZ HERNÁNDEZ, CALLE 23, SIN NÚMERO, LOCALIDAD FELIPE CARRILLO PUERTO, CÓDIGO POSTAL 24415, CHAMPOTÓN, CAMPECHE., ENTRE LAS CALLES 18 Y 20, A UN COSTADO DEL CENTRO DE SALUD", "inmueble": "ESCUELA PRIMARIA MANUEL J. LÓPEZ HERNÁNDEZ", "estatus_ubicacion": "historica", "fuente": "INE — Encarte del Proceso Electoral Federal 2023-2024", "fecha_corte": "2024-06", "cct": "04DPR0659M", "nombre_cct": "MANUEL J LOPEZ HERNANDEZ", "metodo_geo": "cruce nominal contra catálogo CCT de la SEP", "similitud_cruce": 1.0}}, {"type": "Feature", "geometry": {"type": "Point", "coordinates": [-90.517939, 19.090933]}, "properties": {"seccion": "343", "cve_mun": "04004", "nombre_municipio": "CHAMPOTON", "nombre_localidad": "FELIPE CARRILLO PUERTO", "distrito_local": 16, "distrito_local_cabecera": "SEYBAPLAYA", "distrito_federal": "CIUDAD DEL CARMEN", "casillas": "B1, C1", "n_casillas": 2, "tipos": "B, C", "ubicacion": "ESCUELA SECUNDARIA TÉCNICA NÚMERO 20, CALLE 35, SIN NÚMERO, BARRIO SAN PEDRO, LOCALIDAD FELIPE CARRILLO PUERTO, CÓDIGO POSTAL 24415, CHAMPOTÓN, CAMPECHE., ENTRE LAS CALLES 22 Y 28", "inmueble": "ESCUELA SECUNDARIA TÉCNICA NÚMERO 20", "estatus_ubicacion": "historica", "fuente": "INE — Encarte del Proceso Electoral Federal 2023-2024", "fecha_corte": "2024-06", "cct": "04DST0020S", "nombre_cct": "ESCUELA SECUNDARIA TECNICA NUM 20", "metodo_geo": "cruce nominal contra catálogo CCT de la SEP", "similitud_cruce": 1.0}}, {"type": "Feature", "geometry": {"type": "Point", "coordinates": [-90.722222, 19.0925]}, "properties": {"seccion": "344", "cve_mun": "04004", "nombre_municipio": "CHAMPOTON", "nombre_localidad": "JOSE MARIA MORELOS Y PAVON (POCITO)", "distrito_local": 15, "distrito_local_cabecera": "CHAMPOTON", "distrito_federal": "CIUDAD DEL CARMEN", "casillas": "B1", "n_casillas": 1, "tipos": "B", "ubicacion": "ESCUELA PRIMARIA  VENUSTIANO CARRANZA, CALLE CARLOS SALINAS DE GORTARI, SIN NÚMERO, LOCALIDAD JÓSE MARÍA MORELOS Y PAVÓN, CÓDIGO POSTAL 24414, CHAMPOTÓN, CAMPECHE., ENTRE LA CALLE LICENCIADO CARLOS SALINAS DE GORTARI Y LA AVENIDA INGENIERO SALOMÓN A. GARCÍA", "inmueble": "ESCUELA PRIMARIA  VENUSTIANO CARRANZA", "estatus_ubicacion": "historica", "fuente": "INE — Encarte del Proceso Electoral Federal 2023-2024", "fecha_corte": "2024-06", "cct": "04DPR0405K", "nombre_cct": "VENUSTIANO CARRANZA", "metodo_geo": "cruce nominal contra catálogo CCT de la SEP", "similitud_cruce": 1.0}}, {"type": "Feature", "geometry": {"type": "Point", "coordinates": [-90.8073, 19.0632]}, "properties": {"seccion": "345", "cve_mun": "04004", "nombre_municipio": "CHAMPOTON", "nombre_localidad": "LEY FEDERAL DE LA REFORMA AGRARIA", "distrito_local": 15, "distrito_local_cabecera": "CHAMPOTON", "distrito_federal": "CIUDAD DEL CARMEN", "casillas": "B1, C1", "n_casillas": 2, "tipos": "B, C", "ubicacion": "ESCUELA PRIMARIA URBANA FEDERAL MARÍA ESTHER ZUNO DE ECHEVERRÍA, CALLE PARCELA ESCOLAR, SIN NÚMERO, LOCALIDAD LEY FEDERAL DE LA REFORMA AGRARIA, CÓDIGO POSTAL 24410, CHAMPOTÓN, CAMPECHE., ENTRE LAS CALLES LÁZARO CÁRDENAS Y EMILIANO ZAPATA", "inmueble": "ESCUELA PRIMARIA URBANA FEDERAL MARÍA ESTHER ZUNO DE ECHEVERRÍA", "estatus_ubicacion": "historica", "fuente": "INE — Encarte del Proceso Electoral Federal 2023-2024", "fecha_corte": "2024-06", "cct": "04DPR0314T", "nombre_cct": "MARIA ESTHER ZUNO DE ECHEVERRIA", "metodo_geo": "cruce nominal contra catálogo CCT de la SEP", "similitud_cruce": 0.8}}, {"type": "Feature", "geometry": {"type": "Point", "coordinates": [-90.314703, 19.012009]}, "properties": {"seccion": "347", "cve_mun": "04004", "nombre_municipio": "CHAMPOTON", "nombre_localidad": "YOHALTUN", "distrito_local": 16, "distrito_local_cabecera": "SEYBAPLAYA", "distrito_federal": "CIUDAD DEL CARMEN", "casillas": "B1, C1", "n_casillas": 2, "tipos": "B, C", "ubicacion": "ESCUELA PRIMARIA RURAL FEDERAL BENITO JUAREZ, CALLE SIN NOMBRE, SIN NÚMERO, LOCALIDAD YOHALTUN, CÓDIGO POSTAL 24425, CHAMPOTÓN, CAMPECHE., FRENTE A LA CLINICA DE SALUD Y A UN COSTADO DE LA CANCHA TECHADA", "inmueble": "ESCUELA PRIMARIA RURAL FEDERAL BENITO JUAREZ", "estatus_ubicacion": "historica", "fuente": "INE — Encarte del Proceso Electoral Federal 2023-2024", "fecha_corte": "2024-06", "cct": "04DPR0462B", "nombre_cct": "BENITO JUAREZ", "metodo_geo": "cruce nominal contra catálogo CCT de la SEP", "similitud_cruce": 0.817}}, {"type": "Feature", "geometry": {"type": "Point", "coordinates": [-90.247778, 19.003056]}, "properties": {"seccion": "347", "cve_mun": "04004", "nombre_municipio": "CHAMPOTON", "nombre_localidad": "CHILAN BALAN", "distrito_local": 16, "distrito_local_cabecera": "SEYBAPLAYA", "distrito_federal": "CIUDAD DEL CARMEN", "casillas": "E1", "n_casillas": 1, "tipos": "E", "ubicacion": "ESCUELA PRIMARIA RURAL ADOLFO LÓPEZ MATEOS, CALLE SIN NOMBRE, SIN NÚMERO, LOCALIDAD CHILAN BALAN, CÓDIGO POSTAL 24425, CHAMPOTÓN, CAMPECHE., A UN COSTADO DE LA COCINA COMUNITARIA", "inmueble": "ESCUELA PRIMARIA RURAL ADOLFO LÓPEZ MATEOS", "estatus_ubicacion": "historica", "fuente": "INE — Encarte del Proceso Electoral Federal 2023-2024", "fecha_corte": "2024-06", "cct": "04DPR0243P", "nombre_cct": "ADOLFO LOPEZ MATEOS", "metodo_geo": "cruce nominal contra catálogo CCT de la SEP", "similitud_cruce": 0.75}}, {"type": "Feature", "geometry": {"type": "Point", "coordinates": [-90.598889, 18.935]}, "properties": {"seccion": "348", "cve_mun": "04004", "nombre_municipio": "CHAMPOTON", "nombre_localidad": "PIXOYAL", "distrito_local": 16, "distrito_local_cabecera": "SEYBAPLAYA", "distrito_federal": "CIUDAD DEL CARMEN", "casillas": "B1, C1", "n_casillas": 2, "tipos": "B, C", "ubicacion": "ESCUELA PRIMARIA GREGORIO TORRES QUINTERO, CALLE SIN NOMBRE, SIN NÚMERO, LOCALIDAD PIXOYAL, CÓDIGO POSTAL 24414, CHAMPOTÓN, CAMPECHE., FRENTE AL CENTRO DE SALUD", "inmueble": "ESCUELA PRIMARIA GREGORIO TORRES QUINTERO", "estatus_ubicacion": "historica", "fuente": "INE — Encarte del Proceso Electoral Federal 2023-2024", "fecha_corte": "2024-06", "cct": "04DPR0072M", "nombre_cct": "GREGORIO TORRES QUINTERO", "metodo_geo": "cruce nominal contra catálogo CCT de la SEP", "similitud_cruce": 1.0}}, {"type": "Feature", "geometry": {"type": "Point", "coordinates": [-90.7134, 18.9635]}, "properties": {"seccion": "349", "cve_mun": "04004", "nombre_municipio": "CHAMPOTON", "nombre_localidad": "AQUILES SERDAN (CHUINA)", "distrito_local": 15, "distrito_local_cabecera": "CHAMPOTON", "distrito_federal": "CIUDAD DEL CARMEN", "casillas": "B1, C1", "n_casillas": 2, "tipos": "B, C", "ubicacion": "ESCUELA PRIMARIA RURAL FEDERAL AQUILES SERDÁN, CALLE 10 DE MAYO, SIN NÚMERO, LOCALIDAD AQUILES SERDÁN CHUINA, CÓDIGO POSTAL 24414, CHAMPOTÓN, CAMPECHE., FRENTE AL PARQUE PRINCIPAL", "inmueble": "ESCUELA PRIMARIA RURAL FEDERAL AQUILES SERDÁN", "estatus_ubicacion": "historica", "fuente": "INE — Encarte del Proceso Electoral Federal 2023-2024", "fecha_corte": "2024-06", "cct": "04DPR0510V", "nombre_cct": "AQUILES SERDAN", "metodo_geo": "cruce nominal contra catálogo CCT de la SEP", "similitud_cruce": 0.817}}, {"type": "Feature", "geometry": {"type": "Point", "coordinates": [-90.722948, 18.940166]}, "properties": {"seccion": "350", "cve_mun": "04004", "nombre_municipio": "CHAMPOTON", "nombre_localidad": "XBACAB", "distrito_local": 16, "distrito_local_cabecera": "SEYBAPLAYA", "distrito_federal": "CIUDAD DEL CARMEN", "casillas": "B1, C1, C2", "n_casillas": 3, "tipos": "B, C", "ubicacion": "ESCUELA PRIMARIA RURAL FEDERAL JOSÉ MARÍA MORELOS Y PAVÓN, CALLE SIN NOMBRE, SIN NÚMERO, LOCALIDAD XBACAB, CÓDIGO POSTAL 24416, CHAMPOTÓN, CAMPECHE., FRENTE AL PARQUE PRINCIPAL", "inmueble": "ESCUELA PRIMARIA RURAL FEDERAL JOSÉ MARÍA MORELOS Y PAVÓN", "estatus_ubicacion": "historica", "fuente": "INE — Encarte del Proceso Electoral Federal 2023-2024", "fecha_corte": "2024-06", "cct": "04DPR0134I", "nombre_cct": "JOSE MARIA MORELOS Y PAVON", "metodo_geo": "cruce nominal contra catálogo CCT de la SEP", "similitud_cruce": 0.95}}, {"type": "Feature", "geometry": {"type": "Point", "coordinates": [-90.7318, 18.9054]}, "properties": {"seccion": "351", "cve_mun": "04004", "nombre_municipio": "CHAMPOTON", "nombre_localidad": "REVOLUCION", "distrito_local": 16, "distrito_local_cabecera": "SEYBAPLAYA", "distrito_federal": "CIUDAD DEL CARMEN", "casillas": "B1", "n_casillas": 1, "tipos": "B", "ubicacion": "ESCUELA PRIMARIA 20 DE NOVIEMBRE, CALLE SIN NOMBRE, SIN NÚMERO, LOCALIDAD REVOLUCIÓN, CÓDIGO POSTAL 24414, CHAMPOTÓN, CAMPECHE., CARRETERA CHAMPOTÓN ESCARCEGA, FRENTE A LA CANCHA TECHADA DE USOS MÚLTIPLES", "inmueble": "ESCUELA PRIMARIA 20 DE NOVIEMBRE", "estatus_ubicacion": "historica", "fuente": "INE — Encarte del Proceso Electoral Federal 2023-2024", "fecha_corte": "2024-06", "cct": "04DPR0130M", "nombre_cct": "20 DE NOVIEMBRE", "metodo_geo": "cruce nominal contra catálogo CCT de la SEP", "similitud_cruce": 1.0}}, {"type": "Feature", "geometry": {"type": "Point", "coordinates": [-90.631944, 18.856389]}, "properties": {"seccion": "352", "cve_mun": "04004", "nombre_municipio": "CHAMPOTON", "nombre_localidad": "CINCO DE FEBRERO", "distrito_local": 16, "distrito_local_cabecera": "SEYBAPLAYA", "distrito_federal": "CIUDAD DEL CARMEN", "casillas": "B1", "n_casillas": 1, "tipos": "B", "ubicacion": "ESCUELA TELESECUNDARIA NÚMERO 12, CALLE SIN NOMBRE, SIN NÚMERO, LOCALIDAD CINCO DE FEBRERO, CÓDIGO POSTAL 24418, CHAMPOTÓN, CAMPECHE., ENFRENTE DE LA CANCHA TECHADA", "inmueble": "ESCUELA TELESECUNDARIA NÚMERO 12", "estatus_ubicacion": "historica", "fuente": "INE — Encarte del Proceso Electoral Federal 2023-2024", "fecha_corte": "2024-06", "cct": "04DTV0012X", "nombre_cct": "TELESECUNDARIA NUM 12", "metodo_geo": "cruce nominal contra catálogo CCT de la SEP", "similitud_cruce": 1.0}}, {"type": "Feature", "geometry": {"type": "Point", "coordinates": [-90.7426, 18.8047]}, "properties": {"seccion": "353", "cve_mun": "04004", "nombre_municipio": "CHAMPOTON", "nombre_localidad": "CANTEMO (GRACIANO SANCHEZ)", "distrito_local": 16, "distrito_local_cabecera": "SEYBAPLAYA", "distrito_federal": "CIUDAD DEL CARMEN", "casillas": "B1", "n_casillas": 1, "tipos": "B", "ubicacion": "ESCUELA PRIMARIA RURAL FEDERAL 18 DE MARZO, CALLE SIN NOMBRE, SIN NÚMERO, LOCALIDAD GRACIANO SÁNCHEZ (CANTEMÓ), CÓDIGO POSTAL 24419, CHAMPOTÓN, CAMPECHE., ENTRE JARDIN DE NIÑOS MIGUEL HIDALGO Y LA TELESECUNDARIA", "inmueble": "ESCUELA PRIMARIA RURAL FEDERAL 18 DE MARZO", "estatus_ubicacion": "historica", "fuente": "INE — Encarte del Proceso Electoral Federal 2023-2024", "fecha_corte": "2024-06", "cct": "04DPR0307J", "nombre_cct": "18 DE MARZO", "metodo_geo": "cruce nominal contra catálogo CCT de la SEP", "similitud_cruce": 0.667}}, {"type": "Feature", "geometry": {"type": "Point", "coordinates": [-90.655278, 18.784722]}, "properties": {"seccion": "354", "cve_mun": "04004", "nombre_municipio": "CHAMPOTON", "nombre_localidad": "MIGUEL COLORADO", "distrito_local": 16, "distrito_local_cabecera": "SEYBAPLAYA", "distrito_federal": "CIUDAD DEL CARMEN", "casillas": "B1, C1", "n_casillas": 2, "tipos": "B, C", "ubicacion": "ESCUELA PRIMARIA RURAL FEDERAL MIGUEL HIDALGO Y COSTILLA, CALLE AGUA AZUL, SIN NÚMERO, LOCALIDAD MIGUEL COLORADO, CÓDIGO POSTAL 24418, CHAMPOTÓN, CAMPECHE., A UN COSTADO DE LA CANCHA TECHADA", "inmueble": "ESCUELA PRIMARIA RURAL FEDERAL MIGUEL HIDALGO Y COSTILLA", "estatus_ubicacion": "historica", "fuente": "INE — Encarte del Proceso Electoral Federal 2023-2024", "fecha_corte": "2024-06", "cct": "04DPR0071N", "nombre_cct": "MIGUEL HIDALGO Y COSTILLA", "metodo_geo": "cruce nominal contra catálogo CCT de la SEP", "similitud_cruce": 0.9}}, {"type": "Feature", "geometry": {"type": "Point", "coordinates": [-90.585844, 19.499151]}, "properties": {"seccion": "355", "cve_mun": "04004", "nombre_municipio": "CHAMPOTON", "nombre_localidad": "COL. VENUSTIANO CARRANZA (KILOMETRO 67)", "distrito_local": 16, "distrito_local_cabecera": "SEYBAPLAYA", "distrito_federal": "CIUDAD DEL CARMEN", "casillas": "B1", "n_casillas": 1, "tipos": "B", "ubicacion": "ESCUELA PRIMARIA RURAL FEDERAL BENITO JUÁREZ, CALLE BENITO JUÁREZ, SIN NÚMERO, LOCALIDAD VENUSTIANO CARRANZA, CÓDIGO POSTAL 24418, CHAMPOTÓN, CAMPECHE., FRENTE A LA COCINA ESCOLAR PARAISO DE LOS NIÑOS", "inmueble": "ESCUELA PRIMARIA RURAL FEDERAL BENITO JUÁREZ", "estatus_ubicacion": "historica", "fuente": "INE — Encarte del Proceso Electoral Federal 2023-2024", "fecha_corte": "2024-06", "cct": "04DPR0514R", "nombre_cct": "BENITO JUAREZ", "metodo_geo": "cruce nominal contra catálogo CCT de la SEP", "similitud_cruce": 0.667}}, {"type": "Feature", "geometry": {"type": "Point", "coordinates": [-90.283333, 18.650833]}, "properties": {"seccion": "356", "cve_mun": "04009", "nombre_municipio": "ESCARCEGA", "nombre_localidad": "CENTENARIO", "distrito_local": 21, "distrito_local_cabecera": "XPUJIL", "distrito_federal": "CIUDAD DEL CARMEN", "casillas": "B1, C1, C2, C3", "n_casillas": 4, "tipos": "B, C", "ubicacion": "ESCUELA PRIMARIA RURAL FEDERAL BENITO JUÁREZ, CALLE 17, SIN NÚMERO, LOCALIDAD CENTENARIO, CÓDIGO POSTAL 24370, ESCÁRCEGA, CAMPECHE., A 60 METROS DE LA CANCHA TECHADA DE USOS MULTIPLES", "inmueble": "ESCUELA PRIMARIA RURAL FEDERAL BENITO JUÁREZ", "estatus_ubicacion": "historica", "fuente": "INE — Encarte del Proceso Electoral Federal 2023-2024", "fecha_corte": "2024-06", "cct": "04DPR0139D", "nombre_cct": "BENITO JUAREZ", "metodo_geo": "cruce nominal contra catálogo CCT de la SEP", "similitud_cruce": 0.817}}, {"type": "Feature", "geometry": {"type": "Point", "coordinates": [-90.271944, 18.641944]}, "properties": {"seccion": "357", "cve_mun": "04009", "nombre_municipio": "ESCARCEGA", "nombre_localidad": "SILVITUC", "distrito_local": 21, "distrito_local_cabecera": "XPUJIL", "distrito_federal": "CIUDAD DEL CARMEN", "casillas": "B1", "n_casillas": 1, "tipos": "B", "ubicacion": "ESCUELA PRIMARIA RURAL FEDERAL MOCTEZUMA, CALLE SIN NOMBRE, SIN NÚMERO, LOCALIDAD SILVITUC, CÓDIGO POSTAL 24370, ESCÁRCEGA, CAMPECHE., FRENTE A LA CANCHA DE BÁSQUETBOL, ENTRE LAS CALLES TULIPÁN Y AZUCENA", "inmueble": "ESCUELA PRIMARIA RURAL FEDERAL MOCTEZUMA", "estatus_ubicacion": "historica", "fuente": "INE — Encarte del Proceso Electoral Federal 2023-2024", "fecha_corte": "2024-06", "cct": "04DPR0533F", "nombre_cct": "MOCTEZUMA", "metodo_geo": "cruce nominal contra catálogo CCT de la SEP", "similitud_cruce": 0.65}}, {"type": "Feature", "geometry": {"type": "Point", "coordinates": [-90.7615, 18.5292]}, "properties": {"seccion": "358", "cve_mun": "04009", "nombre_municipio": "ESCARCEGA", "nombre_localidad": "COL. ADOLFO LOPEZ MATEOS", "distrito_local": 21, "distrito_local_cabecera": "XPUJIL", "distrito_federal": "CIUDAD DEL CARMEN", "casillas": "B1", "n_casillas": 1, "tipos": "B", "ubicacion": "ESCUELA PRIMARIA RURAL FEDERAL FRANCISCO I. MADERO, CALLE SIN NOMBRE, SIN NÚMERO, LOCALIDAD ADOLFO LÓPEZ  MATEOS, CÓDIGO POSTAL 24374, ESCÁRCEGA, CAMPECHE., FRENTE A LA CANCHA TECHADA", "inmueble": "ESCUELA PRIMARIA RURAL FEDERAL FRANCISCO I. MADERO", "estatus_ubicacion": "historica", "fuente": "INE — Encarte del Proceso Electoral Federal 2023-2024", "fecha_corte": "2024-06", "cct": "04DPR0511U", "nombre_cct": "FRANCISCO I MADERO", "metodo_geo": "cruce nominal contra catálogo CCT de la SEP", "similitud_cruce": 0.75}}, {"type": "Feature", "geometry": {"type": "Point", "coordinates": [-90.2575, 18.5813]}, "properties": {"seccion": "361", "cve_mun": "04009", "nombre_municipio": "ESCARCEGA", "nombre_localidad": "ALTAMIRA DE ZINAPARO", "distrito_local": 21, "distrito_local_cabecera": "XPUJIL", "distrito_federal": "CIUDAD DEL CARMEN", "casillas": "B1, C1, C2", "n_casillas": 3, "tipos": "B, C", "ubicacion": "ESCUELA PRIMARIA MIGUEL HIDALGO Y COSTILLA, CALLE SIN NOMBRE, SIN NÚMERO, LOCALIDAD ALTAMIRA DE ZINÁPARO, CÓDIGO POSTAL 24370, ESCÁRCEGA, CAMPECHE., A UN COSTADO DE LA TELESECUNDARIA", "inmueble": "ESCUELA PRIMARIA MIGUEL HIDALGO Y COSTILLA", "estatus_ubicacion": "historica", "fuente": "INE — Encarte del Proceso Electoral Federal 2023-2024", "fecha_corte": "2024-06", "cct": "04DPR0396T", "nombre_cct": "MIGUEL HIDALGO Y COSTILLA", "metodo_geo": "cruce nominal contra catálogo CCT de la SEP", "similitud_cruce": 1.0}}, {"type": "Feature", "geometry": {"type": "Point", "coordinates": [-92.093699, 18.254705]}, "properties": {"seccion": "428", "cve_mun": "04007", "nombre_municipio": "PALIZADA", "nombre_localidad": "PALIZADA", "distrito_local": 20, "distrito_local_cabecera": "PALIZADA", "distrito_federal": "CIUDAD DEL CARMEN", "casillas": "B1, C1", "n_casillas": 2, "tipos": "B, C", "ubicacion": "ESCUELA PRIMARIA URBANA FEDERAL GREGORIO TORRES QUINTERO, CALLE IGNACIO RAMÍREZ, NÚMERO 76, COLONIA CENTRO, PALIZADA, CÓDIGO POSTAL 24200, PALIZADA, CAMPECHE., ENTRE LAS CALLES MANUEL DOBLADO Y FRANCISCO DEGOLLADO", "inmueble": "ESCUELA PRIMARIA URBANA FEDERAL GREGORIO TORRES QUINTERO", "estatus_ubicacion": "historica", "fuente": "INE — Encarte del Proceso Electoral Federal 2023-2024", "fecha_corte": "2024-06", "cct": "04DPR0498Q", "nombre_cct": "GREGORIO TORRES QUINTERO", "metodo_geo": "cruce nominal contra catálogo CCT de la SEP", "similitud_cruce": 0.9}}, {"type": "Feature", "geometry": {"type": "Point", "coordinates": [-92.133004, 18.170932]}, "properties": {"seccion": "429", "cve_mun": "04007", "nombre_municipio": "PALIZADA", "nombre_localidad": "PALIZADA", "distrito_local": 20, "distrito_local_cabecera": "PALIZADA", "distrito_federal": "CIUDAD DEL CARMEN", "casillas": "B1, C1, C2", "n_casillas": 3, "tipos": "B, C", "ubicacion": "ESCUELA PRIMARIA RURAL FEDERAL VENUSTIANO CARRANZA, CALLE GUILLERMO PRIETO, NÚMERO 2, COLONIA COMUNIDAD SAN ISIDRO, PALIZADA, CÓDIGO POSTAL 24205, PALIZADA, CAMPECHE., ENTRE LA CALLE FRANCISCO VILLA Y AVENIDA VICENTE CASTELLANOS", "inmueble": "ESCUELA PRIMARIA RURAL FEDERAL VENUSTIANO CARRANZA", "estatus_ubicacion": "historica", "fuente": "INE — Encarte del Proceso Electoral Federal 2023-2024", "fecha_corte": "2024-06", "cct": "04DPR0413T", "nombre_cct": "VENUSTIANO CARRANZA", "metodo_geo": "cruce nominal contra catálogo CCT de la SEP", "similitud_cruce": 0.667}}, {"type": "Feature", "geometry": {"type": "Point", "coordinates": [-91.9186, 18.332]}, "properties": {"seccion": "430", "cve_mun": "04007", "nombre_municipio": "PALIZADA", "nombre_localidad": "LAGON DULCE", "distrito_local": 20, "distrito_local_cabecera": "PALIZADA", "distrito_federal": "CIUDAD DEL CARMEN", "casillas": "B1", "n_casillas": 1, "tipos": "B", "ubicacion": "ESCUELA RURAL FEDERAL TELESECUNDARIA NÚMERO 107 , CALLE SIN NOMBRE, SIN NÚMERO, LOCALIDAD LAGÓN DULCE, CÓDIGO POSTAL 24203, PALIZADA, CAMPECHE., A UN COSTADO DE LA ESCUELA PRIMARIA MIGUEL HIDALGO", "inmueble": "ESCUELA RURAL FEDERAL TELESECUNDARIA NÚMERO 107", "estatus_ubicacion": "historica", "fuente": "INE — Encarte del Proceso Electoral Federal 2023-2024", "fecha_corte": "2024-06", "cct": "04DTV0107K", "nombre_cct": "TELESECUNDARIA NUM 107", "metodo_geo": "cruce nominal contra catálogo CCT de la SEP", "similitud_cruce": 0.817}}, {"type": "Feature", "geometry": {"type": "Point", "coordinates": [-92.095, 18.335]}, "properties": {"seccion": "431", "cve_mun": "04007", "nombre_municipio": "PALIZADA", "nombre_localidad": "SANTA ISABEL", "distrito_local": 20, "distrito_local_cabecera": "PALIZADA", "distrito_federal": "CIUDAD DEL CARMEN", "casillas": "B1", "n_casillas": 1, "tipos": "B", "ubicacion": "ESCUELA PRIMARIA RURAL FEDERAL EMILIANO ZAPATA, CARRETERA PALIZADA  PLAN DEL CARMEN, KM 10, LOCALIDAD RIBERA SANTA ISABEL, CÓDIGO POSTAL 24205, PALIZADA, CAMPECHE., A UN COSTADO DE LA COMISARIA EJIDAL Y FRENTE DE LA CANCHA TECHADA DE USOS MULTIPLES", "inmueble": "ESCUELA PRIMARIA RURAL FEDERAL EMILIANO ZAPATA", "estatus_ubicacion": "historica", "fuente": "INE — Encarte del Proceso Electoral Federal 2023-2024", "fecha_corte": "2024-06", "cct": "04DPR0412U", "nombre_cct": "EMILIANO ZAPATA", "metodo_geo": "cruce nominal contra catálogo CCT de la SEP", "similitud_cruce": 0.817}}, {"type": "Feature", "geometry": {"type": "Point", "coordinates": [-91.787496, 18.182897]}, "properties": {"seccion": "432", "cve_mun": "04007", "nombre_municipio": "PALIZADA", "nombre_localidad": "SAN FELIPE ALAMILLA", "distrito_local": 20, "distrito_local_cabecera": "PALIZADA", "distrito_federal": "CIUDAD DEL CARMEN", "casillas": "B1", "n_casillas": 1, "tipos": "B", "ubicacion": "ESCUELA PRIMARIA RURAL FEDERAL MELCHOR OCAMPO, CALLE SIN NOMBRE, SIN NÚMERO, LOCALIDAD SAN FELIPE ALAMILLA, CÓDIGO POSTAL 24201, PALIZADA, CAMPECHE., ENTRE LOS TANQUES ELEVADOS DE AGUA", "inmueble": "ESCUELA PRIMARIA RURAL FEDERAL MELCHOR OCAMPO", "estatus_ubicacion": "historica", "fuente": "INE — Encarte del Proceso Electoral Federal 2023-2024", "fecha_corte": "2024-06", "cct": "04DPR0385N", "nombre_cct": "MELCHOR OCAMPO", "metodo_geo": "cruce nominal contra catálogo CCT de la SEP", "similitud_cruce": 0.667}}, {"type": "Feature", "geometry": {"type": "Point", "coordinates": [-92.037246, 18.237732]}, "properties": {"seccion": "433", "cve_mun": "04007", "nombre_municipio": "PALIZADA", "nombre_localidad": "LA CORRIENTE", "distrito_local": 20, "distrito_local_cabecera": "PALIZADA", "distrito_federal": "CIUDAD DEL CARMEN", "casillas": "B1", "n_casillas": 1, "tipos": "B", "ubicacion": "ESCUELA PRIMARIA BENITO JUÁREZ, CALLE SIN NOMBRE, SIN NÚMERO, LOCALIDAD LA CORRIENTE, CÓDIGO POSTAL 24204, PALIZADA, CAMPECHE., FRENTE A LA CASA DE SALUD Y LA PURIFICADORA DE AGUA", "inmueble": "ESCUELA PRIMARIA BENITO JUÁREZ", "estatus_ubicacion": "historica", "fuente": "INE — Encarte del Proceso Electoral Federal 2023-2024", "fecha_corte": "2024-06", "cct": "04DPR0425Y", "nombre_cct": "BENITO JUAREZ", "metodo_geo": "cruce nominal contra catálogo CCT de la SEP", "similitud_cruce": 1.0}}, {"type": "Feature", "geometry": {"type": "Point", "coordinates": [-91.787496, 18.182897]}, "properties": {"seccion": "434", "cve_mun": "04007", "nombre_municipio": "PALIZADA", "nombre_localidad": "TUMBO DE LA MONTAÑA II", "distrito_local": 20, "distrito_local_cabecera": "PALIZADA", "distrito_federal": "CIUDAD DEL CARMEN", "casillas": "B1", "n_casillas": 1, "tipos": "B", "ubicacion": "ESCUELA PRIMARIA MELCHOR OCAMPO, CALLE SIN NOMBRE, SIN NÚMERO, LOCALIDAD TUMBO DE LA MONTAÑA, CÓDIGO POSTAL 24207, PALIZADA, CAMPECHE., CARRETERA SANTA ADELAIDA AL POPISTAL KM 19", "inmueble": "ESCUELA PRIMARIA MELCHOR OCAMPO", "estatus_ubicacion": "historica", "fuente": "INE — Encarte del Proceso Electoral Federal 2023-2024", "fecha_corte": "2024-06", "cct": "04DPR0385N", "nombre_cct": "MELCHOR OCAMPO", "metodo_geo": "cruce nominal contra catálogo CCT de la SEP", "similitud_cruce": 1.0}}, {"type": "Feature", "geometry": {"type": "Point", "coordinates": [-92.118915, 18.236113]}, "properties": {"seccion": "435", "cve_mun": "04007", "nombre_municipio": "PALIZADA", "nombre_localidad": "PARAISO", "distrito_local": 20, "distrito_local_cabecera": "PALIZADA", "distrito_federal": "CIUDAD DEL CARMEN", "casillas": "B1", "n_casillas": 1, "tipos": "B", "ubicacion": "ESCUELA PRIMARIA RURAL FEDERAL MANUEL GARCÍA JURADO, CALLE SIN NOMBRE, SIN NUMERO, LOCALIDAD RIBERA EL PARAÍSO, CÓDIGO POSTAL 24205, PALIZADA, CAMPECHE., ENTRADA FRENTE A LA CANCHA TECHADA", "inmueble": "ESCUELA PRIMARIA RURAL FEDERAL MANUEL GARCÍA JURADO", "estatus_ubicacion": "historica", "fuente": "INE — Encarte del Proceso Electoral Federal 2023-2024", "fecha_corte": "2024-06", "cct": "04DPR0094Y", "nombre_cct": "MANUEL GARCIA JURADO", "metodo_geo": "cruce nominal contra catálogo CCT de la SEP", "similitud_cruce": 0.75}}, {"type": "Feature", "geometry": {"type": "Point", "coordinates": [-92.037246, 18.237732]}, "properties": {"seccion": "439", "cve_mun": "04007", "nombre_municipio": "PALIZADA", "nombre_localidad": "JUNCAL", "distrito_local": 20, "distrito_local_cabecera": "PALIZADA", "distrito_federal": "CIUDAD DEL CARMEN", "casillas": "B1, C1", "n_casillas": 2, "tipos": "B, C", "ubicacion": "ESCUELA PRIMARIA RURAL BENITO JUÁREZ, CARRETERA FEDERAL SANTA ADELAIDA, SIN NÚMERO, LOCALIDAD JUNCAL, CÓDIGO POSTAL 24207, PALIZADA, CAMPECHE., A UN COSTADO DEL TANQUE ELEVADO", "inmueble": "ESCUELA PRIMARIA RURAL BENITO JUÁREZ", "estatus_ubicacion": "historica", "fuente": "INE — Encarte del Proceso Electoral Federal 2023-2024", "fecha_corte": "2024-06", "cct": "04DPR0425Y", "nombre_cct": "BENITO JUAREZ", "metodo_geo": "cruce nominal contra catálogo CCT de la SEP", "similitud_cruce": 0.667}}, {"type": "Feature", "geometry": {"type": "Point", "coordinates": [-90.741216, 18.613441]}, "properties": {"seccion": "448", "cve_mun": "04009", "nombre_municipio": "ESCARCEGA", "nombre_localidad": "ESCARCEGA", "distrito_local": 13, "distrito_local_cabecera": "ESCARCEGA", "distrito_federal": "CIUDAD DEL CARMEN", "casillas": "B1, C1, C2, C3, C4", "n_casillas": 5, "tipos": "B, C", "ubicacion": "ESCUELA PRIMARIA URBANA FEDERAL SOLIDARIDAD, CALLE 55 A, SIN NÚMERO, COLONIA REVOLUCIÓN, ESCARCEGA, CÓDIGO POSTAL 24350, ESCÁRCEGA, CAMPECHE., ENTRE LAS CALLES 30 Y 30 A", "inmueble": "ESCUELA PRIMARIA URBANA FEDERAL SOLIDARIDAD", "estatus_ubicacion": "historica", "fuente": "INE — Encarte del Proceso Electoral Federal 2023-2024", "fecha_corte": "2024-06", "cct": "04DPR0734C", "nombre_cct": "SOLIDARIDAD", "metodo_geo": "cruce nominal contra catálogo CCT de la SEP", "similitud_cruce": 0.65}}, {"type": "Feature", "geometry": {"type": "Point", "coordinates": [-90.733322, 18.611579]}, "properties": {"seccion": "449", "cve_mun": "04009", "nombre_municipio": "ESCARCEGA", "nombre_localidad": "ESCARCEGA", "distrito_local": 13, "distrito_local_cabecera": "ESCARCEGA", "distrito_federal": "CIUDAD DEL CARMEN", "casillas": "B1, C1", "n_casillas": 2, "tipos": "B, C", "ubicacion": "ESCUELA PRIMARIA FEDERAL EDUARDO MENA CÓRDOVA, CALLE 43 A, SIN NÚMERO, COLONIA 10 DE MAYO, ESCARCEGA, CÓDIGO POSTAL 24350, ESCÁRCEGA, CAMPECHE., ENTRE LAS CALLES 38 Y 36 A", "inmueble": "ESCUELA PRIMARIA FEDERAL EDUARDO MENA CÓRDOVA", "estatus_ubicacion": "historica", "fuente": "INE — Encarte del Proceso Electoral Federal 2023-2024", "fecha_corte": "2024-06", "cct": "04DPR0433G", "nombre_cct": "EDUARDO R MENA CORDOVA", "metodo_geo": "cruce nominal contra catálogo CCT de la SEP", "similitud_cruce": 0.9}}, {"type": "Feature", "geometry": {"type": "Point", "coordinates": [-90.732, 18.6043]}, "properties": {"seccion": "451", "cve_mun": "04009", "nombre_municipio": "ESCARCEGA", "nombre_localidad": "ESCARCEGA", "distrito_local": 13, "distrito_local_cabecera": "ESCARCEGA", "distrito_federal": "CIUDAD DEL CARMEN", "casillas": "B1, C1, C2", "n_casillas": 3, "tipos": "B, C", "ubicacion": "ESCUELA PRIMARIA BENITO JUÁREZ, CALLE 19, SIN NÚMERO, COLONIA BENITO JUÁREZ, ESCÁRCEGA, CÓDIGO POSTAL 24350, ESCÁRCEGA, CAMPECHE., ENTRE LAS CALLES 38 Y 38 A", "inmueble": "ESCUELA PRIMARIA BENITO JUÁREZ", "estatus_ubicacion": "historica", "fuente": "INE — Encarte del Proceso Electoral Federal 2023-2024", "fecha_corte": "2024-06", "cct": "04DPR0473H", "nombre_cct": "BENITO JUAREZ", "metodo_geo": "cruce nominal contra catálogo CCT de la SEP", "similitud_cruce": 1.0}}, {"type": "Feature", "geometry": {"type": "Point", "coordinates": [-90.732, 18.6043]}, "properties": {"seccion": "454", "cve_mun": "04009", "nombre_municipio": "ESCARCEGA", "nombre_localidad": "ESCARCEGA", "distrito_local": 13, "distrito_local_cabecera": "ESCARCEGA", "distrito_federal": "CIUDAD DEL CARMEN", "casillas": "B1, C1, C2", "n_casillas": 3, "tipos": "B, C", "ubicacion": "ESCUELA SECUNDARIA TÉCNICA NÚMERO 2, AVENIDA SOLIDARIDAD, SIN NÚMERO, COLONIA SALINAS DE GORTARI, ESCÁRCEGA, CÓDIGO POSTAL 24350, ESCÁRCEGA, CAMPECHE., FRENTE A LA TERMINAL DE AUTOBUSES ADO", "inmueble": "ESCUELA SECUNDARIA TÉCNICA NÚMERO 2", "estatus_ubicacion": "historica", "fuente": "INE — Encarte del Proceso Electoral Federal 2023-2024", "fecha_corte": "2024-06", "cct": "04DST0002C", "nombre_cct": "ESCUELA SECUNDARIA TECNICA NUM 2", "metodo_geo": "cruce nominal contra catálogo CCT de la SEP", "similitud_cruce": 1.0}}, {"type": "Feature", "geometry": {"type": "Point", "coordinates": [-90.732, 18.6043]}, "properties": {"seccion": "456", "cve_mun": "04009", "nombre_municipio": "ESCARCEGA", "nombre_localidad": "ESCARCEGA", "distrito_local": 13, "distrito_local_cabecera": "ESCARCEGA", "distrito_federal": "CIUDAD DEL CARMEN", "casillas": "B1, C1", "n_casillas": 2, "tipos": "B, C", "ubicacion": "JARDÍN DE NIÑOS GREGORIO TORRES QUINTERO, CALLE 24, SIN NÚMERO, COLONIA UNIDAD ESFUERZO Y TRABAJO 1, ESCÁRCEGA, CÓDIGO POSTAL 24350, ESCÁRCEGA, CAMPECHE., ENTRE LAS CALLES 63 Y 65", "inmueble": "JARDÍN DE NIÑOS GREGORIO TORRES QUINTERO", "estatus_ubicacion": "historica", "fuente": "INE — Encarte del Proceso Electoral Federal 2023-2024", "fecha_corte": "2024-06", "cct": "04DJN0174T", "nombre_cct": "GREGORIO TORRES QUINTERO", "metodo_geo": "cruce nominal contra catálogo CCT de la SEP", "similitud_cruce": 1.0}}, {"type": "Feature", "geometry": {"type": "Point", "coordinates": [-90.729884, 18.601006]}, "properties": {"seccion": "461", "cve_mun": "04009", "nombre_municipio": "ESCARCEGA", "nombre_localidad": "ESCARCEGA", "distrito_local": 13, "distrito_local_cabecera": "ESCARCEGA", "distrito_federal": "CIUDAD DEL CARMEN", "casillas": "B1, C1", "n_casillas": 2, "tipos": "B, C", "ubicacion": "ESCUELA SECUNDARIA GENERAL NÚMERO 13 JOSÉ VASCONCELOS CALDERÓN, CALLE 23, SIN NÚMERO, COLONIA FÁTIMA, ESCÁRCEGA, CÓDIGO POSTAL 24350, ESCÁRCEGA, CAMPECHE., ENTRE LAS CALLE 24 Y 24 A FRENTE A PRIMARIA JUAN PACHECO", "inmueble": "ESCUELA SECUNDARIA GENERAL NÚMERO 13 JOSÉ VASCONCELOS CALDERÓN", "estatus_ubicacion": "historica", "fuente": "INE — Encarte del Proceso Electoral Federal 2023-2024", "fecha_corte": "2024-06", "cct": "04DES0013Q", "nombre_cct": "JOSE VASCONCELOS CALDERON", "metodo_geo": "cruce nominal contra catálogo CCT de la SEP", "similitud_cruce": 0.65}}, {"type": "Feature", "geometry": {"type": "Point", "coordinates": [-90.728556, 18.600718]}, "properties": {"seccion": "462", "cve_mun": "04009", "nombre_municipio": "ESCARCEGA", "nombre_localidad": "ESCARCEGA", "distrito_local": 13, "distrito_local_cabecera": "ESCARCEGA", "distrito_federal": "CIUDAD DEL CARMEN", "casillas": "B1, C1", "n_casillas": 2, "tipos": "B, C", "ubicacion": "ESCUELA PRIMARIA PROFESOR JUAN PACHECO TORRES, CALLE 23, SIN NÚMERO, COLONIA FÁTIMA, ESCÁRCEGA, CÓDIGO POSTAL 24350, ESCÁRCEGA, CAMPECHE., ENTRE LAS CALLES 24 Y 24 A", "inmueble": "ESCUELA PRIMARIA PROFESOR JUAN PACHECO TORRES", "estatus_ubicacion": "historica", "fuente": "INE — Encarte del Proceso Electoral Federal 2023-2024", "fecha_corte": "2024-06", "cct": "04DPR0489I", "nombre_cct": "PROF JUAN PACHECO TORRES", "metodo_geo": "cruce nominal contra catálogo CCT de la SEP", "similitud_cruce": 1.0}}, {"type": "Feature", "geometry": {"type": "Point", "coordinates": [-90.740867, 18.595384]}, "properties": {"seccion": "464", "cve_mun": "04009", "nombre_municipio": "ESCARCEGA", "nombre_localidad": "ESCARCEGA", "distrito_local": 13, "distrito_local_cabecera": "ESCARCEGA", "distrito_federal": "CIUDAD DEL CARMEN", "casillas": "B1, C1, C2", "n_casillas": 3, "tipos": "B, C", "ubicacion": "ESCUELA PRIMARIA FRANCISCO ESCÁRCEGA MÁRQUEZ, CALLE 45, SIN NÚMERO, COLONIA FERTIMEX, ESCÁRCEGA, CÓDIGO POSTAL 24350, ESCÁRCEGA, CAMPECHE., ENTRE LAS CALLES 10 Y 12", "inmueble": "ESCUELA PRIMARIA FRANCISCO ESCÁRCEGA MÁRQUEZ", "estatus_ubicacion": "historica", "fuente": "INE — Encarte del Proceso Electoral Federal 2023-2024", "fecha_corte": "2024-06", "cct": "04DPR0062F", "nombre_cct": "FRANCISCO ESCARCEGA MARQUEZ", "metodo_geo": "cruce nominal contra catálogo CCT de la SEP", "similitud_cruce": 1.0}}, {"type": "Feature", "geometry": {"type": "Point", "coordinates": [-90.812, 18.793]}, "properties": {"seccion": "465", "cve_mun": "04009", "nombre_municipio": "ESCARCEGA", "nombre_localidad": "SAN JOSE", "distrito_local": 13, "distrito_local_cabecera": "ESCARCEGA", "distrito_federal": "CIUDAD DEL CARMEN", "casillas": "B1", "n_casillas": 1, "tipos": "B", "ubicacion": "ESCUELA PRIMARIA RURAL FEDERAL HORTENCIA ALAYOLA, CALLE SIN NOMBRE, SIN NÚMERO, LOCALIDAD SAN JOSÉ, CÓDIGO POSTAL 24445, ESCÁRCEGA, CAMPECHE., A ESPALDAS DEL CENTRO DE SALUD Y SOBRE LA CALLE PRINCIPAL", "inmueble": "ESCUELA PRIMARIA RURAL FEDERAL HORTENCIA ALAYOLA", "estatus_ubicacion": "historica", "fuente": "INE — Encarte del Proceso Electoral Federal 2023-2024", "fecha_corte": "2024-06", "cct": "04DPR0443N", "nombre_cct": "HORTENCIA ALAYOLA", "metodo_geo": "cruce nominal contra catálogo CCT de la SEP", "similitud_cruce": 0.817}}, {"type": "Feature", "geometry": {"type": "Point", "coordinates": [-90.283333, 18.650833]}, "properties": {"seccion": "466", "cve_mun": "04009", "nombre_municipio": "ESCARCEGA", "nombre_localidad": "KILOMETRO 74", "distrito_local": 13, "distrito_local_cabecera": "ESCARCEGA", "distrito_federal": "CIUDAD DEL CARMEN", "casillas": "B1", "n_casillas": 1, "tipos": "B", "ubicacion": "ESCUELA PRIMARIA RURAL FEDERAL BENITO JUÁREZ, CALLE SIN NOMBRE, SIN NÚMERO, LOCALIDAD KILÓMETRO 74, CÓDIGO POSTAL 24364, ESCÁRCEGA, CAMPECHE., FRENTE AL COMEDOR COMUNITARIO", "inmueble": "ESCUELA PRIMARIA RURAL FEDERAL BENITO JUÁREZ", "estatus_ubicacion": "historica", "fuente": "INE — Encarte del Proceso Electoral Federal 2023-2024", "fecha_corte": "2024-06", "cct": "04DPR0139D", "nombre_cct": "BENITO JUAREZ", "metodo_geo": "cruce nominal contra catálogo CCT de la SEP", "similitud_cruce": 0.667}}, {"type": "Feature", "geometry": {"type": "Point", "coordinates": [-90.8208, 18.6892]}, "properties": {"seccion": "466", "cve_mun": "04009", "nombre_municipio": "ESCARCEGA", "nombre_localidad": "LA ASUNCION", "distrito_local": 13, "distrito_local_cabecera": "ESCARCEGA", "distrito_federal": "CIUDAD DEL CARMEN", "casillas": "E1", "n_casillas": 1, "tipos": "E", "ubicacion": "ESCUELA PRIMARIA RURAL FEDERAL JUAN DE LA BARRERA, CALLE SIN NOMBRE, SIN NÚMERO, LOCALIDAD LA ASUNCIÓN, CÓDIGO POSTAL 24368, ESCÁRCEGA, CAMPECHE., FRENTE AL CAMPO DE FUTBOL", "inmueble": "ESCUELA PRIMARIA RURAL FEDERAL JUAN DE LA BARRERA", "estatus_ubicacion": "historica", "fuente": "INE — Encarte del Proceso Electoral Federal 2023-2024", "fecha_corte": "2024-06", "cct": "04DPR0035I", "nombre_cct": "JUAN DE LA BARRERA", "metodo_geo": "cruce nominal contra catálogo CCT de la SEP", "similitud_cruce": 0.817}}, {"type": "Feature", "geometry": {"type": "Point", "coordinates": [-90.3875, 18.621111]}, "properties": {"seccion": "467", "cve_mun": "04009", "nombre_municipio": "ESCARCEGA", "nombre_localidad": "JUSTICIA SOCIAL", "distrito_local": 21, "distrito_local_cabecera": "XPUJIL", "distrito_federal": "CIUDAD DEL CARMEN", "casillas": "B1", "n_casillas": 1, "tipos": "B", "ubicacion": "ESCUELA PRIMARIA RURAL FEDERAL MANUEL CASTILLA BRITO, CALLE SIN NOMBRE, SIN NÚMERO, LOCALIDAD JUSTICIA SOCIAL, CÓDIGO POSTAL 24374, ESCÁRCEGA, CAMPECHE., A UN COSTADO DEL CENTRO DE SALUD Y DEL COMEDOR COMUNITARIO", "inmueble": "ESCUELA PRIMARIA RURAL FEDERAL MANUEL CASTILLA BRITO", "estatus_ubicacion": "historica", "fuente": "INE — Encarte del Proceso Electoral Federal 2023-2024", "fecha_corte": "2024-06", "cct": "04DPR0193Y", "nombre_cct": "MANUEL CASTILLA BRITO", "metodo_geo": "cruce nominal contra catálogo CCT de la SEP", "similitud_cruce": 0.9}}, {"type": "Feature", "geometry": {"type": "Point", "coordinates": [-90.5125, 18.571111]}, "properties": {"seccion": "468", "cve_mun": "04009", "nombre_municipio": "ESCARCEGA", "nombre_localidad": "LA LIBERTAD", "distrito_local": 21, "distrito_local_cabecera": "XPUJIL", "distrito_federal": "CIUDAD DEL CARMEN", "casillas": "B1, C1, C2, C3", "n_casillas": 4, "tipos": "B, C", "ubicacion": "ESCUELA PRIMARIA RURAL FEDERAL JOSÉ MARÍA PINO SUÁREZ, CALLE SIN NOMBRE, SIN NÚMERO, LOCALIDAD LA LIBERTAD, CÓDIGO POSTAL 24316, ESCÁRCEGA, CAMPECHE., FRENTE AL CAMPO DE FÚTBOL Y A UN COSTADO DE LA TELESECUNDARIA NO. 18", "inmueble": "ESCUELA PRIMARIA RURAL FEDERAL JOSÉ MARÍA PINO SUÁREZ", "estatus_ubicacion": "historica", "fuente": "INE — Encarte del Proceso Electoral Federal 2023-2024", "fecha_corte": "2024-06", "cct": "04DPR0504K", "nombre_cct": "JOSE MARIA PINO SUAREZ", "metodo_geo": "cruce nominal contra catálogo CCT de la SEP", "similitud_cruce": 0.95}}, {"type": "Feature", "geometry": {"type": "Point", "coordinates": [-90.5763, 18.5733]}, "properties": {"seccion": "469", "cve_mun": "04009", "nombre_municipio": "ESCARCEGA", "nombre_localidad": "BELEN", "distrito_local": 13, "distrito_local_cabecera": "ESCARCEGA", "distrito_federal": "CIUDAD DEL CARMEN", "casillas": "B1", "n_casillas": 1, "tipos": "B", "ubicacion": "ESCUELA PRIMARIA RURAL FEDERAL AGUSTÍN MELGAR, CALLE SIN NOMBRE, SIN NÚMERO, LOCALIDAD BELÉN, CÓDIGO POSTAL 24353, ESCÁRCEGA, CAMPECHE., FRENTE A LA CANCHA TECHADA", "inmueble": "ESCUELA PRIMARIA RURAL FEDERAL AGUSTÍN MELGAR", "estatus_ubicacion": "historica", "fuente": "INE — Encarte del Proceso Electoral Federal 2023-2024", "fecha_corte": "2024-06", "cct": "04DPR0388K", "nombre_cct": "AGUSTIN MELGAR", "metodo_geo": "cruce nominal contra catálogo CCT de la SEP", "similitud_cruce": 0.817}}, {"type": "Feature", "geometry": {"type": "Point", "coordinates": [-90.6674, 18.5444]}, "properties": {"seccion": "469", "cve_mun": "04009", "nombre_municipio": "ESCARCEGA", "nombre_localidad": "MIGUEL HIDALGO", "distrito_local": 13, "distrito_local_cabecera": "ESCARCEGA", "distrito_federal": "CIUDAD DEL CARMEN", "casillas": "E1", "n_casillas": 1, "tipos": "E", "ubicacion": "ESCUELA PRIMARIA RURAL FEDERAL DON BENITO JUÁREZ, CALLE SIN NOMBRE, SIN NÚMERO, LOCALIDAD MIGUEL HIDALGO, CÓDIGO POSTAL 24253, ESCÁRCEGA, CAMPECHE., FRENTE AL COMEDOR COMUNITARIO", "inmueble": "ESCUELA PRIMARIA RURAL FEDERAL DON BENITO JUÁREZ", "estatus_ubicacion": "historica", "fuente": "INE — Encarte del Proceso Electoral Federal 2023-2024", "fecha_corte": "2024-06", "cct": "04DPR0233I", "nombre_cct": "DON BENITO JUAREZ", "metodo_geo": "cruce nominal contra catálogo CCT de la SEP", "similitud_cruce": 0.75}}, {"type": "Feature", "geometry": {"type": "Point", "coordinates": [-90.648611, 18.584167]}, "properties": {"seccion": "470", "cve_mun": "04009", "nombre_municipio": "ESCARCEGA", "nombre_localidad": "MATAMOROS", "distrito_local": 21, "distrito_local_cabecera": "XPUJIL", "distrito_federal": "CIUDAD DEL CARMEN", "casillas": "B1, C1", "n_casillas": 2, "tipos": "B, C", "ubicacion": "ESCUELA PRIMARIA RURAL FEDERAL MIGUEL HIDALGO Y COSTILLA, CALLE SIN NOMBRE, SIN NÚMERO, LOCALIDAD MATAMOROS, CÓDIGO POSTAL 24353, ESCÁRCEGA, CAMPECHE., FRENTE AL COMEDOR COMUNITARIO LA SONRISA DE LOS NIÑOS", "inmueble": "ESCUELA PRIMARIA RURAL FEDERAL MIGUEL HIDALGO Y COSTILLA", "estatus_ubicacion": "historica", "fuente": "INE — Encarte del Proceso Electoral Federal 2023-2024", "fecha_corte": "2024-06", "cct": "04DPR0488J", "nombre_cct": "MIGUEL HIDALGO Y COSTILLA", "metodo_geo": "cruce nominal contra catálogo CCT de la SEP", "similitud_cruce": 0.9}}, {"type": "Feature", "geometry": {"type": "Point", "coordinates": [-90.9157, 18.6217]}, "properties": {"seccion": "471", "cve_mun": "04009", "nombre_municipio": "ESCARCEGA", "nombre_localidad": "NUEVO PROGRESO 2", "distrito_local": 13, "distrito_local_cabecera": "ESCARCEGA", "distrito_federal": "CIUDAD DEL CARMEN", "casillas": "B1", "n_casillas": 1, "tipos": "B", "ubicacion": "ESCUELA PRIMARIA RURAL FEDERAL JOSEFA ORTÍZ DE DOMÍNGUEZ, CALLE HIDALGO, SIN NÚMERO, LOCALIDAD NUEVO PROGRESO 2, CÓDIGO POSTAL 24367, ESCARCÉGA, CAMPECHE., FRENTE A LA COMISARIA EJIDAL", "inmueble": "ESCUELA PRIMARIA RURAL FEDERAL JOSEFA ORTÍZ DE DOMÍNGUEZ", "estatus_ubicacion": "historica", "fuente": "INE — Encarte del Proceso Electoral Federal 2023-2024", "fecha_corte": "2024-06", "cct": "04DPR0379C", "nombre_cct": "JOSEFA ORTIZ DE DOMINGUEZ", "metodo_geo": "cruce nominal contra catálogo CCT de la SEP", "similitud_cruce": 0.75}}, {"type": "Feature", "geometry": {"type": "Point", "coordinates": [-90.924444, 18.491111]}, "properties": {"seccion": "471", "cve_mun": "04009", "nombre_municipio": "ESCARCEGA", "nombre_localidad": "LA VICTORIA", "distrito_local": 13, "distrito_local_cabecera": "ESCARCEGA", "distrito_federal": "CIUDAD DEL CARMEN", "casillas": "E1", "n_casillas": 1, "tipos": "E", "ubicacion": "ESCUELA RURAL FEDERAL JOSÉ MARÍA PINO SUÁREZ, CALLE SIN NOMBRE, SIN NÚMERO, LOCALIDAD LA VICTORIA, CÓDIGO POSTAL 24354, ESCÁRCEGA, CAMPECHE., FRENTE A LA BOMBA DE AGUA POTABLE", "inmueble": "ESCUELA RURAL FEDERAL JOSÉ MARÍA PINO SUÁREZ", "estatus_ubicacion": "historica", "fuente": "INE — Encarte del Proceso Electoral Federal 2023-2024", "fecha_corte": "2024-06", "cct": "04DPR0098U", "nombre_cct": "JOSE MARIA PINO SUAREZ", "metodo_geo": "cruce nominal contra catálogo CCT de la SEP", "similitud_cruce": 0.95}}, {"type": "Feature", "geometry": {"type": "Point", "coordinates": [-91.0017, 18.6311]}, "properties": {"seccion": "472", "cve_mun": "04003", "nombre_municipio": "CARMEN", "nombre_localidad": "18 DE MARZO", "distrito_local": 12, "distrito_local_cabecera": "SABANCUY", "distrito_federal": "CIUDAD DEL CARMEN", "casillas": "B1, C1", "n_casillas": 2, "tipos": "B, C", "ubicacion": "ESCUELA PRIMARIA JAIME TORRES BODET, CALLE 10 DE MAYO, SIN NÚMERO, LOCALIDAD 18 DE MARZO, CÓDIGO POSTAL 24814, CARMEN, CAMPECHE., ENTRE LAS CALLES GUSTAVO DÍAZ ORDAZ Y 12 DE OCTUBRE", "inmueble": "ESCUELA PRIMARIA JAIME TORRES BODET", "estatus_ubicacion": "historica", "fuente": "INE — Encarte del Proceso Electoral Federal 2023-2024", "fecha_corte": "2024-06", "cct": "04DPR0512T", "nombre_cct": "JAIME TORRES BODET", "metodo_geo": "cruce nominal contra catálogo CCT de la SEP", "similitud_cruce": 1.0}}, {"type": "Feature", "geometry": {"type": "Point", "coordinates": [-91.049444, 18.633611]}, "properties": {"seccion": "473", "cve_mun": "04003", "nombre_municipio": "CARMEN", "nombre_localidad": "SAN ISIDRO", "distrito_local": 12, "distrito_local_cabecera": "SABANCUY", "distrito_federal": "CIUDAD DEL CARMEN", "casillas": "B1, C1", "n_casillas": 2, "tipos": "B, C", "ubicacion": "ESCUELA PRIMARIA EMILIANO ZAPATA, AVENIDA PASEO DE LA MUJER, SIN NÚMERO, COLONIA CENTRO, LOCALIDAD SAN ISIDRO, CÓDIGO POSTAL 24335, CARMEN, CAMPECHE., FRENTE AL PARQUE PRINCIPAL", "inmueble": "ESCUELA PRIMARIA EMILIANO ZAPATA", "estatus_ubicacion": "historica", "fuente": "INE — Encarte del Proceso Electoral Federal 2023-2024", "fecha_corte": "2024-06", "cct": "04DPR0185P", "nombre_cct": "EMILIANO ZAPATA", "metodo_geo": "cruce nominal contra catálogo CCT de la SEP", "similitud_cruce": 1.0}}, {"type": "Feature", "geometry": {"type": "Point", "coordinates": [-91.1247, 18.5504]}, "properties": {"seccion": "474", "cve_mun": "04003", "nombre_municipio": "CARMEN", "nombre_localidad": "PITAL VIEJO", "distrito_local": 12, "distrito_local_cabecera": "SABANCUY", "distrito_federal": "CIUDAD DEL CARMEN", "casillas": "B1", "n_casillas": 1, "tipos": "B", "ubicacion": "ESCUELA PRIMARIA LEONA VICARIO, CALLE SIN NOMBRE, SIN NÚMERO, LOCALIDAD PITAL VIEJO, CÓDIGO POSTAL 24355, CARMEN, CAMPECHE., FRENTE A LA CANCHA DE USOS MÚLTIPLES", "inmueble": "ESCUELA PRIMARIA LEONA VICARIO", "estatus_ubicacion": "historica", "fuente": "INE — Encarte del Proceso Electoral Federal 2023-2024", "fecha_corte": "2024-06", "cct": "04DPR0034J", "nombre_cct": "LEONA VICARIO", "metodo_geo": "cruce nominal contra catálogo CCT de la SEP", "similitud_cruce": 1.0}}, {"type": "Feature", "geometry": {"type": "Point", "coordinates": [-90.7615, 18.5292]}, "properties": {"seccion": "475", "cve_mun": "04009", "nombre_municipio": "ESCARCEGA", "nombre_localidad": "DIVISION DEL NORTE", "distrito_local": 13, "distrito_local_cabecera": "ESCARCEGA", "distrito_federal": "CIUDAD DEL CARMEN", "casillas": "B1, C1", "n_casillas": 2, "tipos": "B, C", "ubicacion": "ESCUELA SECUNDARIA TÉCNICA NÚMERO 29, CALLE BENITO JUÁREZ, SIN NÚMERO,  LOCALIDAD DIVISIÓN DEL NORTE, CÓDIGO POSTAL 24351, ESCÁRCEGA, CAMPECHE., A UN COSTADO DEL CAMPO DE BEISBOL", "inmueble": "ESCUELA SECUNDARIA TÉCNICA NÚMERO 29", "estatus_ubicacion": "historica", "fuente": "INE — Encarte del Proceso Electoral Federal 2023-2024", "fecha_corte": "2024-06", "cct": "04DST0029J", "nombre_cct": "ESCUELA SECUNDARIA TECNICA NUM 29", "metodo_geo": "cruce nominal contra catálogo CCT de la SEP", "similitud_cruce": 1.0}}, {"type": "Feature", "geometry": {"type": "Point", "coordinates": [-90.7615, 18.5292]}, "properties": {"seccion": "476", "cve_mun": "04009", "nombre_municipio": "ESCARCEGA", "nombre_localidad": "DIVISION DEL NORTE", "distrito_local": 13, "distrito_local_cabecera": "ESCARCEGA", "distrito_federal": "CIUDAD DEL CARMEN", "casillas": "B1, C1", "n_casillas": 2, "tipos": "B, C", "ubicacion": "ESCUELA PRIMARIA RURAL FEDERAL FRANCISCO I. MADERO, CALLE 12, SIN NÚMERO, LOCALIDAD DIVISIÓN DEL NORTE, CÓDIGO POSTAL 24354, ESCÁRCEGA, CAMPECHE., ENTRE LAS CALLES 26 Y 27", "inmueble": "ESCUELA PRIMARIA RURAL FEDERAL FRANCISCO I. MADERO", "estatus_ubicacion": "historica", "fuente": "INE — Encarte del Proceso Electoral Federal 2023-2024", "fecha_corte": "2024-06", "cct": "04DPR0511U", "nombre_cct": "FRANCISCO I MADERO", "metodo_geo": "cruce nominal contra catálogo CCT de la SEP", "similitud_cruce": 0.9}}, {"type": "Feature", "geometry": {"type": "Point", "coordinates": [-90.7615, 18.5292]}, "properties": {"seccion": "477", "cve_mun": "04009", "nombre_municipio": "ESCARCEGA", "nombre_localidad": "DIVISION DEL NORTE", "distrito_local": 13, "distrito_local_cabecera": "ESCARCEGA", "distrito_federal": "CIUDAD DEL CARMEN", "casillas": "B1, C1", "n_casillas": 2, "tipos": "B, C", "ubicacion": "JARDÍN DE NIÑOS JUAN DE LA BARRERA, CALLE 8, NÚMERO 26, BARRIO TABASCO, LOCALIDAD DIVISIÓN DEL NORTE, CÓDIGO POSTAL 24351, ESCÁRCEGA, CAMPECHE., ENTRE LAS CALLES 26 Y 25", "inmueble": "JARDÍN DE NIÑOS JUAN DE LA BARRERA", "estatus_ubicacion": "historica", "fuente": "INE — Encarte del Proceso Electoral Federal 2023-2024", "fecha_corte": "2024-06", "cct": "04DJN0047X", "nombre_cct": "JUAN DE LA BARRERA", "metodo_geo": "cruce nominal contra catálogo CCT de la SEP", "similitud_cruce": 1.0}}, {"type": "Feature", "geometry": {"type": "Point", "coordinates": [-91.0894, 18.525]}, "properties": {"seccion": "478", "cve_mun": "04003", "nombre_municipio": "CARMEN", "nombre_localidad": "FRANCISCO VILLA (MAMANTEL)", "distrito_local": 12, "distrito_local_cabecera": "SABANCUY", "distrito_federal": "CIUDAD DEL CARMEN", "casillas": "B1, C1", "n_casillas": 2, "tipos": "B, C", "ubicacion": "ESCUELA PRIMARIA RURAL FEDERAL EMILIANO ZAPATA, CALLE FRANCISCO VILLA, SIN NÚMERO, LOCALIDAD MAMANTEL, CÓDIGO POSTAL 24352, CARMEN, CAMPECHE., ENTRE LAS CALLES FRANCISCO I. MADERO Y NIÑOS HEROES", "inmueble": "ESCUELA PRIMARIA RURAL FEDERAL EMILIANO ZAPATA", "estatus_ubicacion": "historica", "fuente": "INE — Encarte del Proceso Electoral Federal 2023-2024", "fecha_corte": "2024-06", "cct": "04DPR0142R", "nombre_cct": "EMILIANO ZAPATA", "metodo_geo": "cruce nominal contra catálogo CCT de la SEP", "similitud_cruce": 0.667}}, {"type": "Feature", "geometry": {"type": "Point", "coordinates": [-91.0938, 18.4776]}, "properties": {"seccion": "479", "cve_mun": "04003", "nombre_municipio": "CARMEN", "nombre_localidad": "NUEVA CHONTALPA", "distrito_local": 12, "distrito_local_cabecera": "SABANCUY", "distrito_federal": "CIUDAD DEL CARMEN", "casillas": "B1", "n_casillas": 1, "tipos": "B", "ubicacion": "ESCUELA PRIMARIA BENITO JUÁREZ, CALLE BENITO JUÁREZ, SIN NÚMERO, LOCALIDAD NUEVA CHONTALPA, CÓDIGO POSTAL 24311, CARMEN, CAMPECHE., ENTRE LAS CALLES 21 DE MARZO Y VENUSTIANO CARRANZA", "inmueble": "ESCUELA PRIMARIA BENITO JUÁREZ", "estatus_ubicacion": "historica", "fuente": "INE — Encarte del Proceso Electoral Federal 2023-2024", "fecha_corte": "2024-06", "cct": "04DPR0264B", "nombre_cct": "BENITO JUAREZ", "metodo_geo": "cruce nominal contra catálogo CCT de la SEP", "similitud_cruce": 1.0}}, {"type": "Feature", "geometry": {"type": "Point", "coordinates": [-90.791667, 18.444444]}, "properties": {"seccion": "480", "cve_mun": "04009", "nombre_municipio": "ESCARCEGA", "nombre_localidad": "HARO", "distrito_local": 13, "distrito_local_cabecera": "ESCARCEGA", "distrito_federal": "CIUDAD DEL CARMEN", "casillas": "B1, C1", "n_casillas": 2, "tipos": "B, C", "ubicacion": "ESCUELA TELESECUNDARIA TÉCNICA NÚMERO 64, CALLE PRINCIPAL, SIN NÚMERO, LOCALIDAD HARO, CÓDIGO POSTAL 24354, ESCÁRCEGA, CAMPECHE., JUNTO A LA COMISARÍA MUNICIPAL", "inmueble": "ESCUELA TELESECUNDARIA TÉCNICA NÚMERO 64", "estatus_ubicacion": "historica", "fuente": "INE — Encarte del Proceso Electoral Federal 2023-2024", "fecha_corte": "2024-06", "cct": "04DTV0064C", "nombre_cct": "TELESECUNDARIA NUM 64", "metodo_geo": "cruce nominal contra catálogo CCT de la SEP", "similitud_cruce": 1.0}}, {"type": "Feature", "geometry": {"type": "Point", "coordinates": [-90.857222, 18.36]}, "properties": {"seccion": "481", "cve_mun": "04009", "nombre_municipio": "ESCARCEGA", "nombre_localidad": "DON SAMUEL", "distrito_local": 13, "distrito_local_cabecera": "ESCARCEGA", "distrito_federal": "CIUDAD DEL CARMEN", "casillas": "B1, C1", "n_casillas": 2, "tipos": "B, C", "ubicacion": "ESCUELA PRIMARIA RURAL FEDERAL EMILIANO ZAPATA, CALLE 17, SIN NÚMERO, LOCALIDAD DON SAMUEL, CÓDIGO POSTAL 24357, ESCÁRCEGA, CAMPECHE., ENTRE LAS CALLES 14 Y 16", "inmueble": "ESCUELA PRIMARIA RURAL FEDERAL EMILIANO ZAPATA", "estatus_ubicacion": "historica", "fuente": "INE — Encarte del Proceso Electoral Federal 2023-2024", "fecha_corte": "2024-06", "cct": "04DPR0165B", "nombre_cct": "EMILIANO ZAPATA", "metodo_geo": "cruce nominal contra catálogo CCT de la SEP", "similitud_cruce": 0.817}}, {"type": "Feature", "geometry": {"type": "Point", "coordinates": [-90.9749, 18.3781]}, "properties": {"seccion": "482", "cve_mun": "04009", "nombre_municipio": "ESCARCEGA", "nombre_localidad": "BENITO JUAREZ NO.2", "distrito_local": 13, "distrito_local_cabecera": "ESCARCEGA", "distrito_federal": "CIUDAD DEL CARMEN", "casillas": "B1", "n_casillas": 1, "tipos": "B", "ubicacion": "ESCUELA PRIMARIA RURAL FEDERAL AÑO DE JUÁREZ, CALLE SIN NOMBRE, SIN NÚMERO, LOCALIDAD BENITO JUÁREZ 2, CÓDIGO POSTAL 24315, ESCÁRCEGA, CAMPECHE., A UN COSTADO DEL CENTRO DE SALUD", "inmueble": "ESCUELA PRIMARIA RURAL FEDERAL AÑO DE JUÁREZ", "estatus_ubicacion": "historica", "fuente": "INE — Encarte del Proceso Electoral Federal 2023-2024", "fecha_corte": "2024-06", "cct": "04DPR0520B", "nombre_cct": "AÑO DE JUAREZ", "metodo_geo": "cruce nominal contra catálogo CCT de la SEP", "similitud_cruce": 0.667}}, {"type": "Feature", "geometry": {"type": "Point", "coordinates": [-91.0256, 18.3947]}, "properties": {"seccion": "483", "cve_mun": "04003", "nombre_municipio": "CARMEN", "nombre_localidad": "FELIPE ANGELES", "distrito_local": 12, "distrito_local_cabecera": "SABANCUY", "distrito_federal": "CIUDAD DEL CARMEN", "casillas": "B1", "n_casillas": 1, "tipos": "B", "ubicacion": "ESCUELA PRIMARIA RURAL GENERAL LÁZARO CÁRDENAS, CALLE LÁZARO CÁRDENAS, SIN NÚMERO, LOCALIDAD FELIPE ÁNGELES, CÓDIGO POSTAL 24316, CARMEN, CAMPECHE., ENTRE LAS CALLES FELIPE ÁNGELES Y SAN JUAN", "inmueble": "ESCUELA PRIMARIA RURAL GENERAL LÁZARO CÁRDENAS", "estatus_ubicacion": "historica", "fuente": "INE — Encarte del Proceso Electoral Federal 2023-2024", "fecha_corte": "2024-06", "cct": "04DPR0164C", "nombre_cct": "GENERAL LAZARO CARDENAS", "metodo_geo": "cruce nominal contra catálogo CCT de la SEP", "similitud_cruce": 0.9}}, {"type": "Feature", "geometry": {"type": "Point", "coordinates": [-91.217778, 18.342222]}, "properties": {"seccion": "484", "cve_mun": "04003", "nombre_municipio": "CARMEN", "nombre_localidad": "OJO DE AGUA", "distrito_local": 12, "distrito_local_cabecera": "SABANCUY", "distrito_federal": "CIUDAD DEL CARMEN", "casillas": "B1, C1", "n_casillas": 2, "tipos": "B, C", "ubicacion": "ESCUELA PRIMARIA RURAL FEDERAL IGNACIO ZARAGOZA, CALLE SIN NOMBRE, SIN NÚMERO, LOCALIDAD OJO DE AGUA, CÓDIGO POSTAL 24316, CARMEN, CAMPECHE., POR LA CALLE PRINCIPAL A UN COSTADO DE LA CARRETERA FEDERAL", "inmueble": "ESCUELA PRIMARIA RURAL FEDERAL IGNACIO ZARAGOZA", "estatus_ubicacion": "historica", "fuente": "INE — Encarte del Proceso Electoral Federal 2023-2024", "fecha_corte": "2024-06", "cct": "04DPR0527V", "nombre_cct": "IGNACIO ZARAGOZA", "metodo_geo": "cruce nominal contra catálogo CCT de la SEP", "similitud_cruce": 0.817}}, {"type": "Feature", "geometry": {"type": "Point", "coordinates": [-90.9, 18.296111]}, "properties": {"seccion": "485", "cve_mun": "04009", "nombre_municipio": "ESCARCEGA", "nombre_localidad": "LUNA", "distrito_local": 13, "distrito_local_cabecera": "ESCARCEGA", "distrito_federal": "CIUDAD DEL CARMEN", "casillas": "B1, C1", "n_casillas": 2, "tipos": "B, C", "ubicacion": "ESCUELA TELESECUNDARIA NÚMERO 89, CALLE PRINCIPAL, SIN NÚMERO, LOCALIDAD LUNA, CÓDIGO POSTAL 24354, ESCÁRCEGA, CAMPECHE., A UN COSTADO DEL TANQUE ELEVADO", "inmueble": "ESCUELA TELESECUNDARIA NÚMERO 89", "estatus_ubicacion": "historica", "fuente": "INE — Encarte del Proceso Electoral Federal 2023-2024", "fecha_corte": "2024-06", "cct": "04DTV0089L", "nombre_cct": "TELESECUNDARIA NUM 89", "metodo_geo": "cruce nominal contra catálogo CCT de la SEP", "similitud_cruce": 1.0}}, {"type": "Feature", "geometry": {"type": "Point", "coordinates": [-91.5115, 18.2117]}, "properties": {"seccion": "486", "cve_mun": "04003", "nombre_municipio": "CARMEN", "nombre_localidad": "EL AGUACATAL", "distrito_local": 20, "distrito_local_cabecera": "PALIZADA", "distrito_federal": "CIUDAD DEL CARMEN", "casillas": "B1, C1, C2", "n_casillas": 3, "tipos": "B, C", "ubicacion": "ESCUELA PRIMARIA RURAL FEDERAL LICENCIADO BENITO JUÁREZ, CALLE CARMEN, SIN NÚMERO, LOCALIDAD EL AGUACATAL, CÓDIGO POSTAL 24317, CARMEN, CAMPECHE., FRENTE A LA IGLESIA CATOLICA Y LA CARRETERA", "inmueble": "ESCUELA PRIMARIA RURAL FEDERAL LICENCIADO BENITO JUÁREZ", "estatus_ubicacion": "historica", "fuente": "INE — Encarte del Proceso Electoral Federal 2023-2024", "fecha_corte": "2024-06", "cct": "04DPR0454T", "nombre_cct": "BENITO JUAREZ", "metodo_geo": "cruce nominal contra catálogo CCT de la SEP", "similitud_cruce": 0.65}}, {"type": "Feature", "geometry": {"type": "Point", "coordinates": [-91.287267, 18.178821]}, "properties": {"seccion": "487", "cve_mun": "04003", "nombre_municipio": "CARMEN", "nombre_localidad": "CONQUISTA CAMPESINA", "distrito_local": 12, "distrito_local_cabecera": "SABANCUY", "distrito_federal": "CIUDAD DEL CARMEN", "casillas": "B1, C1", "n_casillas": 2, "tipos": "B, C", "ubicacion": "ESCUELA PRIMARIA RURAL VICENTE GUERRERO, CALLE TABASCO, SIN NÚMERO, LOCALIDAD CONQUISTA CAMPESINA, CÓDIGO POSTAL 24317, CARMEN, CAMPECHE., JUNTO A LA PURIFICADORA DE AGUA", "inmueble": "ESCUELA PRIMARIA RURAL VICENTE GUERRERO", "estatus_ubicacion": "historica", "fuente": "INE — Encarte del Proceso Electoral Federal 2023-2024", "fecha_corte": "2024-06", "cct": "04DPR0268Y", "nombre_cct": "VICENTE GUERRERO", "metodo_geo": "cruce nominal contra catálogo CCT de la SEP", "similitud_cruce": 0.817}}, {"type": "Feature", "geometry": {"type": "Point", "coordinates": [-91.35, 18.1812]}, "properties": {"seccion": "488", "cve_mun": "04003", "nombre_municipio": "CARMEN", "nombre_localidad": "VENUSTIANO CARRANZA NO. 2", "distrito_local": 20, "distrito_local_cabecera": "PALIZADA", "distrito_federal": "CIUDAD DEL CARMEN", "casillas": "B1", "n_casillas": 1, "tipos": "B", "ubicacion": "ESCUELA PRIMARIA LÁZARO CÁRDENAS DEL RÍO, CALLE PRINCIPAL, SIN NÚMERO, LOCALIDAD VENUSTIANO CARRANZA, CÓDIGO POSTAL 24317, CARMEN, CAMPECHE., A UN COSTADO DE LA CASA DE SALUD Y LA CANCHA TECHADA; Y DEL COMEDOR COMUNITARIO LOS NIÑOS DEL MILENIO", "inmueble": "ESCUELA PRIMARIA LÁZARO CÁRDENAS DEL RÍO", "estatus_ubicacion": "historica", "fuente": "INE — Encarte del Proceso Electoral Federal 2023-2024", "fecha_corte": "2024-06", "cct": "04DPR0222C", "nombre_cct": "LAZARO CARDENAS DEL RIO", "metodo_geo": "cruce nominal contra catálogo CCT de la SEP", "similitud_cruce": 1.0}}, {"type": "Feature", "geometry": {"type": "Point", "coordinates": [-90.749067, 18.601697]}, "properties": {"seccion": "489", "cve_mun": "04009", "nombre_municipio": "ESCARCEGA", "nombre_localidad": "ESCARCEGA", "distrito_local": 13, "distrito_local_cabecera": "ESCARCEGA", "distrito_federal": "CIUDAD DEL CARMEN", "casillas": "B1, C1, C2, C3", "n_casillas": 4, "tipos": "B, C", "ubicacion": "ESCUELA PRIMARIA URBANA FEDERAL JUAN ESCUTIA, CALLE 59, SIN NÚMERO, COLONIA UNIDAD ESFUERZO Y TRABAJO 2, CÓDIGO POSTAL 24350, ESCÁRCEGA, CAMPECHE., ENTRE LAS CALLES 20 Y 22", "inmueble": "ESCUELA PRIMARIA URBANA FEDERAL JUAN ESCUTIA", "estatus_ubicacion": "historica", "fuente": "INE — Encarte del Proceso Electoral Federal 2023-2024", "fecha_corte": "2024-06", "cct": "04DPR0056V", "nombre_cct": "JUAN ESCUTIA", "metodo_geo": "cruce nominal contra catálogo CCT de la SEP", "similitud_cruce": 0.817}}, {"type": "Feature", "geometry": {"type": "Point", "coordinates": [-90.9934, 18.3336]}, "properties": {"seccion": "490", "cve_mun": "04011", "nombre_municipio": "CANDELARIA", "nombre_localidad": "VICENTE LOMBARDO TOLEDANO", "distrito_local": 14, "distrito_local_cabecera": "CANDELARIA", "distrito_federal": "CIUDAD DEL CARMEN", "casillas": "B1", "n_casillas": 1, "tipos": "B", "ubicacion": "ESCUELA PRIMARIA RURAL FEDERAL JOSEFA ORTIZ DE DOMÍNGUEZ, CALLE SIN NOMBRE, SIN NÚMERO, LOCALIDAD VICENTE LOMBARDO TOLEDANO, CÓDIGO POSTAL 24338, CANDELARIA, CAMPECHE., CARRETERA PRINCIPAL A LA ENTRADA DE LA LOCALIDAD", "inmueble": "ESCUELA PRIMARIA RURAL FEDERAL JOSEFA ORTIZ DE DOMÍNGUEZ", "estatus_ubicacion": "historica", "fuente": "INE — Encarte del Proceso Electoral Federal 2023-2024", "fecha_corte": "2024-06", "cct": "04DPR0204N", "nombre_cct": "JOSEFA ORTIZ DE DOMINGUEZ", "metodo_geo": "cruce nominal contra catálogo CCT de la SEP", "similitud_cruce": 0.9}}, {"type": "Feature", "geometry": {"type": "Point", "coordinates": [-90.813889, 17.888889]}, "properties": {"seccion": "490", "cve_mun": "04011", "nombre_municipio": "CANDELARIA", "nombre_localidad": "NUEVA LUCHA", "distrito_local": 14, "distrito_local_cabecera": "CANDELARIA", "distrito_federal": "CIUDAD DEL CARMEN", "casillas": "E1", "n_casillas": 1, "tipos": "E", "ubicacion": "ESCUELA PRIMARIA RURAL FEDERAL JOSÉ MARÍA MORELOS Y PAVÓN, CALLE SIN NOMBRE, SIN NÚMERO, LOCALIDAD NUEVA LUCHA, CÓDIGO POSTAL 24338, CANDELARIA, CAMPECHE., JUNTO AL TANQUE ELEVADO DE AGUA Y LA CASA DE SALUD", "inmueble": "ESCUELA PRIMARIA RURAL FEDERAL JOSÉ MARÍA MORELOS Y PAVÓN", "estatus_ubicacion": "historica", "fuente": "INE — Encarte del Proceso Electoral Federal 2023-2024", "fecha_corte": "2024-06", "cct": "04DPR0187N", "nombre_cct": "JOSE MARIA MORELOS Y PAVON", "metodo_geo": "cruce nominal contra catálogo CCT de la SEP", "similitud_cruce": 0.8}}, {"type": "Feature", "geometry": {"type": "Point", "coordinates": [-91.835, 18.638]}, "properties": {"seccion": "502", "cve_mun": "04003", "nombre_municipio": "CARMEN", "nombre_localidad": "CIUDAD DEL CARMEN", "distrito_local": 10, "distrito_local_cabecera": "CIUDAD DEL CARMEN", "distrito_federal": "CIUDAD DEL CARMEN", "casillas": "B1, C1", "n_casillas": 2, "tipos": "B, C", "ubicacion": "ESCUELA PRIMARIA Y SECUNDARIA GARDNER, AVENIDA CENTRAL NÚMERO 2, FRACCIONAMIENTO HÉROE DE NACOZARI, CIUDAD DEL CARMEN, CÓDIGO POSTAL 24158, CARMEN, CAMPECHE., POR LA AVENIDA CENTRAL Y ESQUINA 20 DE NOVIEMBRE", "inmueble": "ESCUELA PRIMARIA Y SECUNDARIA GARDNER", "estatus_ubicacion": "historica", "fuente": "INE — Encarte del Proceso Electoral Federal 2023-2024", "fecha_corte": "2024-06", "cct": "04PPR0070T", "nombre_cct": "INSTITUTO GARDNER", "metodo_geo": "cruce nominal contra catálogo CCT de la SEP", "similitud_cruce": 1.0}}, {"type": "Feature", "geometry": {"type": "Point", "coordinates": [-91.835, 18.638]}, "properties": {"seccion": "503", "cve_mun": "04003", "nombre_municipio": "CARMEN", "nombre_localidad": "CIUDAD DEL CARMEN", "distrito_local": 10, "distrito_local_cabecera": "CIUDAD DEL CARMEN", "distrito_federal": "CIUDAD DEL CARMEN", "casillas": "B1, C1", "n_casillas": 2, "tipos": "B, C", "ubicacion": "JARDIN DE NIÑOS GARDNER, AVENIDA LIBERTAD, NUMERO 7, FRACCIONAMIENTO LA ESPERANZA, CIUDAD DEL CARMEN, CODIGO POSTAL 24157, CARMEN, CAMPECHE., FRENTE AL FRACCIONAMIENTO RAICES", "inmueble": "JARDIN DE NIÑOS GARDNER", "estatus_ubicacion": "historica", "fuente": "INE — Encarte del Proceso Electoral Federal 2023-2024", "fecha_corte": "2024-06", "cct": "04PPR0070T", "nombre_cct": "INSTITUTO GARDNER", "metodo_geo": "cruce nominal contra catálogo CCT de la SEP", "similitud_cruce": 1.0}}, {"type": "Feature", "geometry": {"type": "Point", "coordinates": [-91.774279, 18.643544]}, "properties": {"seccion": "509", "cve_mun": "04003", "nombre_municipio": "CARMEN", "nombre_localidad": "CIUDAD DEL CARMEN", "distrito_local": 11, "distrito_local_cabecera": "CIUDAD DEL CARMEN", "distrito_federal": "CIUDAD DEL CARMEN", "casillas": "B1, C1, C2, C3", "n_casillas": 4, "tipos": "B, C", "ubicacion": "ESCUELA SECUNDARIA GENERAL NÚMERO 5, AVENIDA TEOTIHUACAN, SIN NÚMERO, FRACCIONAMIENTO VILLAS DE SANTA ANA, CIUDAD DEL CARMEN, CÓDIGO POSTAL 24325, CARMEN, CAMPECHE., ENTRE AVENIDA PERIFÉRICA Y AVENIDA CENTRAL", "inmueble": "ESCUELA SECUNDARIA GENERAL NÚMERO 5", "estatus_ubicacion": "historica", "fuente": "INE — Encarte del Proceso Electoral Federal 2023-2024", "fecha_corte": "2024-06", "cct": "04DES0005H", "nombre_cct": "ESCUELA SECUNDARIA GENERAL NUM 5", "metodo_geo": "cruce nominal contra catálogo CCT de la SEP", "similitud_cruce": 1.0}}, {"type": "Feature", "geometry": {"type": "Point", "coordinates": [-91.78213, 18.640854]}, "properties": {"seccion": "513", "cve_mun": "04003", "nombre_municipio": "CARMEN", "nombre_localidad": "CIUDAD DEL CARMEN", "distrito_local": 11, "distrito_local_cabecera": "CIUDAD DEL CARMEN", "distrito_federal": "CIUDAD DEL CARMEN", "casillas": "B1", "n_casillas": 1, "tipos": "B", "ubicacion": "ESCUELA PRIMARIA PUBLICA RAFAEL RAMÍREZ, AVENIDA PUERTO DEL CARMEN, SIN NÚMERO, RENOVACIÓN 1, CIUDAD DEL CARMEN, CÓDIGO POSTAL 24155, CARMEN, CAMPECHE., POR PUERTO DE CAMPECHE FRENTE AL CADI ARCOIRIS", "inmueble": "ESCUELA PRIMARIA PUBLICA RAFAEL RAMÍREZ", "estatus_ubicacion": "historica", "fuente": "INE — Encarte del Proceso Electoral Federal 2023-2024", "fecha_corte": "2024-06", "cct": "04DPR0271L", "nombre_cct": "RAFAEL RAMIREZ", "metodo_geo": "cruce nominal contra catálogo CCT de la SEP", "similitud_cruce": 0.817}}, {"type": "Feature", "geometry": {"type": "Point", "coordinates": [-91.778943, 18.641628]}, "properties": {"seccion": "514", "cve_mun": "04003", "nombre_municipio": "CARMEN", "nombre_localidad": "CIUDAD DEL CARMEN", "distrito_local": 11, "distrito_local_cabecera": "CIUDAD DEL CARMEN", "distrito_federal": "CIUDAD DEL CARMEN", "casillas": "B1", "n_casillas": 1, "tipos": "B", "ubicacion": "C.A.I.C. MUNDO INFANTIL, CALLE DIPLOMÁTICOS, MANZANA 8 LOTE 2, COLONIA SOLIDARIDAD URBANA, CIUDAD DEL CARMEN, CÓDIGO POSTAL 24155, CARMEN, CAMPECHE., ENTRE LAS CALLES NAVENGANTES Y GEÓGRAFOS", "inmueble": "C.A.I.C. MUNDO INFANTIL", "estatus_ubicacion": "historica", "fuente": "INE — Encarte del Proceso Electoral Federal 2023-2024", "fecha_corte": "2024-06", "cct": "04OJN0027P", "nombre_cct": "MUNDO INFANTIL", "metodo_geo": "cruce nominal contra catálogo CCT de la SEP", "similitud_cruce": 0.65}}, {"type": "Feature", "geometry": {"type": "Point", "coordinates": [-91.778264, 18.641782]}, "properties": {"seccion": "516", "cve_mun": "04003", "nombre_municipio": "CARMEN", "nombre_localidad": "CIUDAD DEL CARMEN", "distrito_local": 11, "distrito_local_cabecera": "CIUDAD DEL CARMEN", "distrito_federal": "CIUDAD DEL CARMEN", "casillas": "B1", "n_casillas": 1, "tipos": "B", "ubicacion": "ESCUELA PRIMARIA JOSEFA ORTIZ DE DOMÍNGUEZ, AVENIDA PUERTO DEL CARMEN, SIN NÚMERO, COLONIA SOLIDARIDAD URBANA, CIUDAD DEL CARMEN, CÓDIGO POSTAL 24155, CARMEN, CAMPECHE., ENTRE AVENIDA CONTADORES Y CALLE GEÓGRAFOS", "inmueble": "ESCUELA PRIMARIA JOSEFA ORTIZ DE DOMÍNGUEZ", "estatus_ubicacion": "historica", "fuente": "INE — Encarte del Proceso Electoral Federal 2023-2024", "fecha_corte": "2024-06", "cct": "04DPR0747G", "nombre_cct": "JOSEFA ORTIZ DE DOMINGUEZ", "metodo_geo": "cruce nominal contra catálogo CCT de la SEP", "similitud_cruce": 1.0}}, {"type": "Feature", "geometry": {"type": "Point", "coordinates": [-90.268554, 19.151125]}, "properties": {"seccion": "528", "cve_mun": "04004", "nombre_municipio": "CHAMPOTON", "nombre_localidad": "LIC. SALINAS DE GORTARI", "distrito_local": 16, "distrito_local_cabecera": "SEYBAPLAYA", "distrito_federal": "CIUDAD DEL CARMEN", "casillas": "B1", "n_casillas": 1, "tipos": "B", "ubicacion": "ESCUELA TELESECUNDARIA NÚMERO 59, CALLE 1, SIN NÚMERO, LOCALIDAD CARLOS SALINAS DE GORTARI, CÓDIGO POSTAL 24441, CHAMPOTÓN, CAMPECHE., ENTRE LAS CALLES 4 Y 6", "inmueble": "ESCUELA TELESECUNDARIA NÚMERO 59", "estatus_ubicacion": "historica", "fuente": "INE — Encarte del Proceso Electoral Federal 2023-2024", "fecha_corte": "2024-06", "cct": "04DTV0059R", "nombre_cct": "TELESECUNDARIA NUM 59", "metodo_geo": "cruce nominal contra catálogo CCT de la SEP", "similitud_cruce": 1.0}}, {"type": "Feature", "geometry": {"type": "Point", "coordinates": [-90.478611, 19.144444]}, "properties": {"seccion": "529", "cve_mun": "04004", "nombre_municipio": "CHAMPOTON", "nombre_localidad": "PUSTUNICH", "distrito_local": 16, "distrito_local_cabecera": "SEYBAPLAYA", "distrito_federal": "CIUDAD DEL CARMEN", "casillas": "B1, C1", "n_casillas": 2, "tipos": "B, C", "ubicacion": "ESCUELA PRIMARIA BENITO JUÁREZ, AVENIDA PASEO DE LOS LEONES, SIN NÚMERO, LOCALIDAD PUSTUNICH, CÓDIGO POSTAL 24411, CHAMPOTÓN, CAMPECHE., FRENTE A LA COMISARIA EJIDAL, A UN COSTADO DE COCINA ESCOLAR LOS ANGELITOS", "inmueble": "ESCUELA PRIMARIA BENITO JUÁREZ", "estatus_ubicacion": "historica", "fuente": "INE — Encarte del Proceso Electoral Federal 2023-2024", "fecha_corte": "2024-06", "cct": "04DPR0195W", "nombre_cct": "BENITO JUAREZ", "metodo_geo": "cruce nominal contra catálogo CCT de la SEP", "similitud_cruce": 1.0}}, {"type": "Feature", "geometry": {"type": "Point", "coordinates": [-90.466, 19.3028]}, "properties": {"seccion": "530", "cve_mun": "04004", "nombre_municipio": "CHAMPOTON", "nombre_localidad": "CHACCHEITO", "distrito_local": 16, "distrito_local_cabecera": "SEYBAPLAYA", "distrito_federal": "CIUDAD DEL CARMEN", "casillas": "B1", "n_casillas": 1, "tipos": "B", "ubicacion": "ESCUELA PRIMARIA MIGUEL HIDALGO Y COSTILLA, CALLE SIN NOMBRE, SIN NÚMERO, LOCALIDAD CHACCHEITO, CÓDIGO POSTAL 24425, CHAMPOTÓN, CAMPECHE., FRENTE AL PARQUE PRINCIPAL", "inmueble": "ESCUELA PRIMARIA MIGUEL HIDALGO Y COSTILLA", "estatus_ubicacion": "historica", "fuente": "INE — Encarte del Proceso Electoral Federal 2023-2024", "fecha_corte": "2024-06", "cct": "04DPR0429U", "nombre_cct": "MIGUEL HIDALGO Y COSTILLA", "metodo_geo": "cruce nominal contra catálogo CCT de la SEP", "similitud_cruce": 1.0}}, {"type": "Feature", "geometry": {"type": "Point", "coordinates": [-90.5183, 18.4345]}, "properties": {"seccion": "531", "cve_mun": "04011", "nombre_municipio": "CANDELARIA", "nombre_localidad": "AGUA AZUL", "distrito_local": 14, "distrito_local_cabecera": "CANDELARIA", "distrito_federal": "CIUDAD DEL CARMEN", "casillas": "B1, C1", "n_casillas": 2, "tipos": "B, C", "ubicacion": "ESCUELA PRIMARIA RURAL FEDERAL FRANCISCO I. MADERO , CALLE FRANCISCO I MADERO, SIN NÚMERO, LOCALIDAD AGUA AZUL, CÓDIGO POSTAL 24323, CANDELARIA, CAMPECHE. , ENTRE LAS CALLES MIGUEL HIDALGO Y FRANCISCO RAMIREZ FELIX", "inmueble": "ESCUELA PRIMARIA RURAL FEDERAL FRANCISCO I. MADERO", "estatus_ubicacion": "historica", "fuente": "INE — Encarte del Proceso Electoral Federal 2023-2024", "fecha_corte": "2024-06", "cct": "04DPR0736A", "nombre_cct": "FRANCISCO I MADERO", "metodo_geo": "cruce nominal contra catálogo CCT de la SEP", "similitud_cruce": 0.9}}, {"type": "Feature", "geometry": {"type": "Point", "coordinates": [-90.652011, 18.373018]}, "properties": {"seccion": "532", "cve_mun": "04011", "nombre_municipio": "CANDELARIA", "nombre_localidad": "SAN JOSE DE LA MONTAÑA", "distrito_local": 14, "distrito_local_cabecera": "CANDELARIA", "distrito_federal": "CIUDAD DEL CARMEN", "casillas": "B1, C1, C2", "n_casillas": 3, "tipos": "B, C", "ubicacion": "ESCUELA PRIMARIA RURAL FEDERAL 12 DE OCTUBRE, CALLE SIN NOMBRE, SIN NÚMERO, LOCALIDAD SAN JOSÉ DE LA MONTAÑA, CÓDIGO POSTAL 24319, CANDELARIA, CAMPECHE., A UN COSTADO DEL TANQUE DE AGUA ELEVADO", "inmueble": "ESCUELA PRIMARIA RURAL FEDERAL 12 DE OCTUBRE", "estatus_ubicacion": "historica", "fuente": "INE — Encarte del Proceso Electoral Federal 2023-2024", "fecha_corte": "2024-06", "cct": "04DPR0638Z", "nombre_cct": "12 DE OCTUBRE", "metodo_geo": "cruce nominal contra catálogo CCT de la SEP", "similitud_cruce": 0.667}}, {"type": "Feature", "geometry": {"type": "Point", "coordinates": [-90.697013, 18.29718]}, "properties": {"seccion": "533", "cve_mun": "04011", "nombre_municipio": "CANDELARIA", "nombre_localidad": "PABLO TORRES BURGOS", "distrito_local": 14, "distrito_local_cabecera": "CANDELARIA", "distrito_federal": "CIUDAD DEL CARMEN", "casillas": "B1, C1", "n_casillas": 2, "tipos": "B, C", "ubicacion": "ESCUELA PRIMARIA RURAL FEDERAL JOSÉ MARÍA MORELOS, CALLE SIN NOMBRE, SIN NÚMERO, LOCALIDAD PABLO TORRES BURGOS, CÓDIGO POSTAL 24343, CANDELARIA, CAMPECHE., FRENTE AL PARQUE PRINCIPAL", "inmueble": "ESCUELA PRIMARIA RURAL FEDERAL JOSÉ MARÍA MORELOS", "estatus_ubicacion": "historica", "fuente": "INE — Encarte del Proceso Electoral Federal 2023-2024", "fecha_corte": "2024-06", "cct": "04DPR0237E", "nombre_cct": "JOSE MARIA MORELOS", "metodo_geo": "cruce nominal contra catálogo CCT de la SEP", "similitud_cruce": 0.9}}, {"type": "Feature", "geometry": {"type": "Point", "coordinates": [-90.546, 18.1897]}, "properties": {"seccion": "533", "cve_mun": "04011", "nombre_municipio": "CANDELARIA", "nombre_localidad": "RIO CARIBE", "distrito_local": 14, "distrito_local_cabecera": "CANDELARIA", "distrito_federal": "CIUDAD DEL CARMEN", "casillas": "E1", "n_casillas": 1, "tipos": "E", "ubicacion": "ESCUELA PRIMARIA RURAL FEDERAL DOCTOR ROMÁN PIÑA CHAN, CALLE SIN NOMBRE, SIN NÚMERO, LOCALIDAD RÍO CARIBE, CÓDIGO POSTAL 24343, CANDELARIA, CAMPECHE., A UN COSTADO DEL COMEDOR COMUNITARIO", "inmueble": "ESCUELA PRIMARIA RURAL FEDERAL DOCTOR ROMÁN PIÑA CHAN", "estatus_ubicacion": "historica", "fuente": "INE — Encarte del Proceso Electoral Federal 2023-2024", "fecha_corte": "2024-06", "cct": "04DPR0739Y", "nombre_cct": "ROMAN PINA CHAN", "metodo_geo": "cruce nominal contra catálogo CCT de la SEP", "similitud_cruce": 0.6}}, {"type": "Feature", "geometry": {"type": "Point", "coordinates": [-91.0463, 18.1835]}, "properties": {"seccion": "534", "cve_mun": "04011", "nombre_municipio": "CANDELARIA", "nombre_localidad": "NUEVA ESPERANZA 2", "distrito_local": 14, "distrito_local_cabecera": "CANDELARIA", "distrito_federal": "CIUDAD DEL CARMEN", "casillas": "B1", "n_casillas": 1, "tipos": "B", "ubicacion": "ESCUELA PRIMARIA RURAL FEDERAL BENITO JUAREZ, CALLE PRINCIPAL, SIN NUMERO, LOCALIDAD NUEVA ESPERANZA, CÓDIGO POSTAL 24319, CANDELARIA, CAMPECHE., A UN COSTADO DE LA CASA DE SALUD", "inmueble": "ESCUELA PRIMARIA RURAL FEDERAL BENITO JUAREZ", "estatus_ubicacion": "historica", "fuente": "INE — Encarte del Proceso Electoral Federal 2023-2024", "fecha_corte": "2024-06", "cct": "04DPR0457Q", "nombre_cct": "BENITO JUAREZ", "metodo_geo": "cruce nominal contra catálogo CCT de la SEP", "similitud_cruce": 0.667}}, {"type": "Feature", "geometry": {"type": "Point", "coordinates": [-90.823056, 18.216667]}, "properties": {"seccion": "535", "cve_mun": "04011", "nombre_municipio": "CANDELARIA", "nombre_localidad": "EL POCITO", "distrito_local": 14, "distrito_local_cabecera": "CANDELARIA", "distrito_federal": "CIUDAD DEL CARMEN", "casillas": "B1", "n_casillas": 1, "tipos": "B", "ubicacion": "ESCUELA PRIMARIA RURAL FEDERAL HÉROE DE NACOZARI, CALLE PRINCIPAL, SIN NÚMERO, LOCALIDAD EL POCITO, CÓDIGO POSTAL 24333, CANDELARIA,CAMPECHE., ENTRE LAS CALLES GUSTAVO DÍAZ ORDAZ Y HERMENEGILDO GALEANA", "inmueble": "ESCUELA PRIMARIA RURAL FEDERAL HÉROE DE NACOZARI", "estatus_ubicacion": "historica", "fuente": "INE — Encarte del Proceso Electoral Federal 2023-2024", "fecha_corte": "2024-06", "cct": "04DPR0653S", "nombre_cct": "HEROE DE NACOZARI", "metodo_geo": "cruce nominal contra catálogo CCT de la SEP", "similitud_cruce": 0.817}}, {"type": "Feature", "geometry": {"type": "Point", "coordinates": [-90.5183, 18.4345]}, "properties": {"seccion": "536", "cve_mun": "04011", "nombre_municipio": "CANDELARIA", "nombre_localidad": "ESMERALDA NUEVA", "distrito_local": 14, "distrito_local_cabecera": "CANDELARIA", "distrito_federal": "CIUDAD DEL CARMEN", "casillas": "B1, C1, C2, C3", "n_casillas": 4, "tipos": "B, C", "ubicacion": "ESCUELA PRIMARIA RURAL FEDERAL FRANCISCO I MADERO, CALLE 5, SIN NÚMERO, LOCALIDAD ESMERALDA NUEVA, CÓDIGO POSTAL 24343, CANDELARIA CAMPECHE., FRENTE A LA CLINICA", "inmueble": "ESCUELA PRIMARIA RURAL FEDERAL FRANCISCO I MADERO", "estatus_ubicacion": "historica", "fuente": "INE — Encarte del Proceso Electoral Federal 2023-2024", "fecha_corte": "2024-06", "cct": "04DPR0736A", "nombre_cct": "FRANCISCO I MADERO", "metodo_geo": "cruce nominal contra catálogo CCT de la SEP", "similitud_cruce": 0.75}}, {"type": "Feature", "geometry": {"type": "Point", "coordinates": [-90.736, 18.1728]}, "properties": {"seccion": "537", "cve_mun": "04011", "nombre_municipio": "CANDELARIA", "nombre_localidad": "EL PEDREGAL", "distrito_local": 14, "distrito_local_cabecera": "CANDELARIA", "distrito_federal": "CIUDAD DEL CARMEN", "casillas": "B1", "n_casillas": 1, "tipos": "B", "ubicacion": "ESCUELA PRIMARIA RURAL FEDERAL FRANCISCO I MADERO, CALLE 15, SIN NÚMERO, LOCALIDAD EL PEDREGAL, CÓDIGO POSTAL 24343, CANDELARIA, CAMPECHE., FRENTE A LA CANCHA TECHADA", "inmueble": "ESCUELA PRIMARIA RURAL FEDERAL FRANCISCO I MADERO", "estatus_ubicacion": "historica", "fuente": "INE — Encarte del Proceso Electoral Federal 2023-2024", "fecha_corte": "2024-06", "cct": "04DPR0132K", "nombre_cct": "FRANCISCO I MADERO", "metodo_geo": "cruce nominal contra catálogo CCT de la SEP", "similitud_cruce": 0.9}}, {"type": "Feature", "geometry": {"type": "Point", "coordinates": [-90.5122, 19.4998]}, "properties": {"seccion": "538", "cve_mun": "04004", "nombre_municipio": "CHAMPOTON", "nombre_localidad": "SANTO DOMINGO KESTE", "distrito_local": 16, "distrito_local_cabecera": "SEYBAPLAYA", "distrito_federal": "CIUDAD DEL CARMEN", "casillas": "B1, C1, C2, C3, C4", "n_casillas": 5, "tipos": "B, C", "ubicacion": "ESCUELA PRIMARIA URBANA FEDERAL EL QUETZAL, CALLE INDEPENDENCIA, SIN NÚMERO, LOCALIDAD SANTO DOMINGO KESTÉ, CÓDIGO POSTAL 24440, CHAMPOTÓN, CAMPECHE., FRENTE AL PARQUE PRINCIPAL ENTRE CALLE FRANCISCO Y CALLE CARDENAS", "inmueble": "ESCUELA PRIMARIA URBANA FEDERAL EL QUETZAL", "estatus_ubicacion": "historica", "fuente": "INE — Encarte del Proceso Electoral Federal 2023-2024", "fecha_corte": "2024-06", "cct": "04DPR0729R", "nombre_cct": "EL QUETZAL", "metodo_geo": "cruce nominal contra catálogo CCT de la SEP", "similitud_cruce": 0.65}}, {"type": "Feature", "geometry": {"type": "Point", "coordinates": [-90.585844, 19.499151]}, "properties": {"seccion": "539", "cve_mun": "04004", "nombre_municipio": "CHAMPOTON", "nombre_localidad": "SIHOCHAC", "distrito_local": 16, "distrito_local_cabecera": "SEYBAPLAYA", "distrito_federal": "CIUDAD DEL CARMEN", "casillas": "B1, C1", "n_casillas": 2, "tipos": "B, C", "ubicacion": "ESCUELA PRIMARIA BENITO JUÁREZ, CALLE IGNACIO ALLENDE, SIN NÚMERO, LOCALIDAD SIHOCHAC, CÓDIGO POSTAL 24450, CHAMPOTÓN, CAMPECHE., ENTRE LAS CALLES ERMITA Y ADOLFO LÓPEZ MATEOS", "inmueble": "ESCUELA PRIMARIA BENITO JUÁREZ", "estatus_ubicacion": "historica", "fuente": "INE — Encarte del Proceso Electoral Federal 2023-2024", "fecha_corte": "2024-06", "cct": "04DPR0514R", "nombre_cct": "BENITO JUAREZ", "metodo_geo": "cruce nominal contra catálogo CCT de la SEP", "similitud_cruce": 1.0}}, {"type": "Feature", "geometry": {"type": "Point", "coordinates": [-91.781025, 18.66179]}, "properties": {"seccion": "542", "cve_mun": "04003", "nombre_municipio": "CARMEN", "nombre_localidad": "CIUDAD DEL CARMEN", "distrito_local": 10, "distrito_local_cabecera": "CIUDAD DEL CARMEN", "distrito_federal": "CIUDAD DEL CARMEN", "casillas": "B1, C1, C2", "n_casillas": 3, "tipos": "B, C", "ubicacion": "ESCUELA PRIMARIA RAMÓN G. BONFIL, CALLE JOSE GUILLERMO LLITERAS, NÚMERO 97, COLONIA ORTÍZ ÁVILA, CIUDAD DEL CARMEN, CÓDIGO POSTAL 24157, CARMEN, CAMPECHE., ENTRE PRIVADA MANUEL GÓMEZ MORFÍN Y CIRCUITO DE LOS MARES", "inmueble": "ESCUELA PRIMARIA RAMÓN G. BONFIL", "estatus_ubicacion": "historica", "fuente": "INE — Encarte del Proceso Electoral Federal 2023-2024", "fecha_corte": "2024-06", "cct": "04DPR0744J", "nombre_cct": "RAMON G BONFIL", "metodo_geo": "cruce nominal contra catálogo CCT de la SEP", "similitud_cruce": 1.0}}, {"type": "Feature", "geometry": {"type": "Point", "coordinates": [-91.77902, 18.658026]}, "properties": {"seccion": "544", "cve_mun": "04003", "nombre_municipio": "CARMEN", "nombre_localidad": "CIUDAD DEL CARMEN", "distrito_local": 10, "distrito_local_cabecera": "CIUDAD DEL CARMEN", "distrito_federal": "CIUDAD DEL CARMEN", "casillas": "B1, C1, C2", "n_casillas": 3, "tipos": "B, C", "ubicacion": "JARDÍN DE NIÑOS OMEP, AVENIDA PUESTA DEL SOL, NÚMERO 97, FRACCIONAMIENTO PUESTA DEL SOL, CIUDAD DEL CARMEN, CÓDIGO POSTAL 24157, CARMEN, CAMPECHE., ENTRE CARRETERA CARMEN PUERTO REAL Y CALLE MAR MEDITERRANEO", "inmueble": "JARDÍN DE NIÑOS OMEP", "estatus_ubicacion": "historica", "fuente": "INE — Encarte del Proceso Electoral Federal 2023-2024", "fecha_corte": "2024-06", "cct": "04DJN0193H", "nombre_cct": "OMEP", "metodo_geo": "cruce nominal contra catálogo CCT de la SEP", "similitud_cruce": 1.0}}, {"type": "Feature", "geometry": {"type": "Point", "coordinates": [-91.79386, 18.662787]}, "properties": {"seccion": "546", "cve_mun": "04003", "nombre_municipio": "CARMEN", "nombre_localidad": "CIUDAD DEL CARMEN", "distrito_local": 10, "distrito_local_cabecera": "CIUDAD DEL CARMEN", "distrito_federal": "CIUDAD DEL CARMEN", "casillas": "B1, C1, C2, C3", "n_casillas": 4, "tipos": "B, C", "ubicacion": "CENTRO EDUCATIVO CONTINENTAL, CALLE AMADO NERVO, NÚMERO 4, COLONIA EL POTRERO, CIUDAD DEL CARMEN, CÓDIGO POSTAL 24158, CARMEN, CAMPECHE., JUNTO AL INE", "inmueble": "CENTRO EDUCATIVO CONTINENTAL", "estatus_ubicacion": "historica", "fuente": "INE — Encarte del Proceso Electoral Federal 2023-2024", "fecha_corte": "2024-06", "cct": "04PPR0060M", "nombre_cct": "CENTRO EDUCATIVO CONTINENTAL", "metodo_geo": "cruce nominal contra catálogo CCT de la SEP", "similitud_cruce": 1.0}}, {"type": "Feature", "geometry": {"type": "Point", "coordinates": [-91.795781, 18.661639]}, "properties": {"seccion": "547", "cve_mun": "04003", "nombre_municipio": "CARMEN", "nombre_localidad": "CIUDAD DEL CARMEN", "distrito_local": 10, "distrito_local_cabecera": "CIUDAD DEL CARMEN", "distrito_federal": "CIUDAD DEL CARMEN", "casillas": "B1, C1", "n_casillas": 2, "tipos": "B, C", "ubicacion": "JARDÍN DE NIÑOS ERNESTO CERVERA BERRÓN, CALLE FEDERICO GARCÍA LORCA, SIN NÚMERO, FRACCIONAMIENTO SAN MANUEL, CIUDAD DEL CARMEN, CÓDIGO POSTAL 24154, CARMEN, CAMPECHE., A UN COSTADO DE LA CANCHA TECHADA", "inmueble": "JARDÍN DE NIÑOS ERNESTO CERVERA BERRÓN", "estatus_ubicacion": "historica", "fuente": "INE — Encarte del Proceso Electoral Federal 2023-2024", "fecha_corte": "2024-06", "cct": "04DJN0274S", "nombre_cct": "ERNESTO CERVERA BERRON", "metodo_geo": "cruce nominal contra catálogo CCT de la SEP", "similitud_cruce": 1.0}}]}