{"type": "FeatureCollection", "metadata": {"fuente": "INE — Sistema de Consulta de Cartografía Electoral (SIGE8)", "fecha_corte": "2026-02", "metodologia": "Polígonos obtenidos del endpoint público getConoceTuNuevoDistrito, una petición por combinación de distrito y municipio. El polígono de un distrito es idéntico se pida desde la sección que se pida, lo que se verifica al consolidar. Coordenadas redondeadas a 6 decimales (~11 cm), el mismo corte que build_geo.py.", "secciones_consultadas": 26, "generado_por": "backend/datalab/pipeline/build_ine_cartografia.py", "capa": "Distrito local", "total": 21}, "features": [{"type": "Feature", "geometry": {"type": "MultiPolygon", "coordinates": [[[[-90.508255, 19.847143], [-90.508674, 19.847292], [-90.509207, 19.847375], [-90.510195, 19.84752], [-90.510936, 19.847629], [-90.511229, 19.847672], [-90.511499, 19.847707], [-90.51216, 19.847794], [-90.513101, 19.847918], [-90.514067, 19.848039], [-90.514122, 19.848046], [-90.514569, 19.848099], [-90.514646, 19.848106], [-90.515527, 19.84819], [-90.516173, 19.848307], [-90.516906, 19.848402], [-90.51719, 19.849256], [-90.517329, 19.849672], [-90.517738, 19.850914], [-90.517912, 19.85144], [-90.518079, 19.851933], [-90.518349, 19.8529], [-90.518319, 19.853986], [-90.518189, 19.854394], [-90.517959, 19.854872], [-90.517789, 19.855224], [-90.517616, 19.855505], [-90.517263, 19.856248], [-90.516504, 19.857126], [-90.51656, 19.857191], [-90.517507, 19.858292], [-90.516572, 19.858999], [-90.516501, 19.859053], [-90.516816, 19.859436], [-90.517775, 19.860687], [-90.517979, 19.860958], [-90.517515, 19.861303], [-90.51695, 19.861624], [-90.516767, 19.861659], [-90.516616, 19.861747], [-90.516418, 19.861781], [-90.516322, 19.86184], [-90.516148, 19.86186], [-90.515901, 19.861998], [-90.515735, 19.862048], [-90.515327, 19.862319], [-90.514794, 19.862618], [-90.514808, 19.86273], [-90.514585, 19.862854], [-90.514329, 19.86303], [-90.514146, 19.863102], [-90.51398, 19.863152], [-90.513757, 19.863268], [-90.513159, 19.863626], [-90.512951, 19.863788], [-90.512258, 19.864266], [-90.512112, 19.864381], [-90.511921, 19.864506], [-90.511737, 19.864615], [-90.511617, 19.864703], [-90.511443, 19.864761], [-90.511284, 19.864803], [-90.511127, 19.864857], [-90.51106, 19.864892], [-90.510792, 19.865032], [-90.51053, 19.865169], [-90.510041, 19.865425], [-90.509703, 19.865601], [-90.509152, 19.865889], [-90.508761, 19.866093], [-90.508532, 19.866213], [-90.506889, 19.866844], [-90.506237, 19.867113], [-90.505645, 19.867358], [-90.505238, 19.867519], [-90.503923, 19.868041], [-90.500899, 19.869348], [-90.499686, 19.869873], [-90.499664, 19.869842], [-90.499591, 19.869718], [-90.499392, 19.869835], [-90.499297, 19.869706], [-90.499067, 19.869394], [-90.498764, 19.86959], [-90.498452, 19.869793], [-90.498312, 19.869884], [-90.497791, 19.869793], [-90.497598, 19.869759], [-90.497434, 19.869566], [-90.497282, 19.869387], [-90.497258, 19.869358], [-90.496027, 19.870164], [-90.495829, 19.870294], [-90.49582, 19.8703], [-90.495287, 19.870649], [-90.495201, 19.870705], [-90.495197, 19.870708], [-90.495061, 19.870796], [-90.494019, 19.871479], [-90.493787, 19.871157], [-90.493339, 19.870535], [-90.492882, 19.869901], [-90.492421, 19.869251], [-90.492034, 19.868705], [-90.492119, 19.86865], [-90.492192, 19.868603], [-90.492785, 19.868211], [-90.493378, 19.867819], [-90.493733, 19.867585], [-90.494238, 19.867252], [-90.494347, 19.86718], [-90.494223, 19.866995], [-90.493941, 19.867177], [-90.493602, 19.867397], [-90.493363, 19.867055], [-90.493139, 19.866735], [-90.493476, 19.866527], [-90.493822, 19.866297], [-90.49379, 19.866243], [-90.493386, 19.865672], [-90.493297, 19.865546], [-90.492874, 19.865024], [-90.493267, 19.86481], [-90.49331, 19.864787], [-90.493633, 19.864569], [-90.493893, 19.864393], [-90.494073, 19.864272], [-90.493813, 19.863989], [-90.493199, 19.864404], [-90.493047, 19.864507], [-90.492989, 19.864427], [-90.492798, 19.864165], [-90.492582, 19.863868], [-90.492523, 19.863788], [-90.492338, 19.863534], [-90.492092, 19.863195], [-90.492059, 19.863151], [-90.492029, 19.863109], [-90.492141, 19.862965], [-90.492169, 19.862927], [-90.492319, 19.862733], [-90.492387, 19.862644], [-90.492458, 19.862553], [-90.492535, 19.862453], [-90.492614, 19.862199], [-90.492699, 19.861928], [-90.492935, 19.861159], [-90.493208, 19.860269], [-90.493208, 19.860269], [-90.493214, 19.860248], [-90.493215, 19.860246], [-90.493225, 19.860214], [-90.493225, 19.860214], [-90.493225, 19.860031], [-90.493225, 19.860031], [-90.493225, 19.860007], [-90.493225, 19.859934], [-90.493225, 19.859866], [-90.493225, 19.859864], [-90.49307, 19.859337], [-90.49307, 19.859336], [-90.493005, 19.85912], [-90.493004, 19.859117], [-90.493004, 19.859116], [-90.492984, 19.859009], [-90.492984, 19.859008], [-90.492983, 19.859002], [-90.492983, 19.859002], [-90.492982, 19.859001], [-90.492944, 19.858855], [-90.492944, 19.858854], [-90.492893, 19.858658], [-90.492892, 19.858657], [-90.492892, 19.858656], [-90.492855, 19.858548], [-90.492854, 19.858548], [-90.492823, 19.858458], [-90.492813, 19.85843], [-90.492802, 19.858398], [-90.4928, 19.858393], [-90.49279, 19.858364], [-90.492718, 19.858155], [-90.492717, 19.858154], [-90.492704, 19.858098], [-90.492673, 19.857968], [-90.492669, 19.857909], [-90.492665, 19.857849], [-90.492665, 19.857848], [-90.492657, 19.857721], [-90.492682, 19.857492], [-90.492796, 19.856968], [-90.492798, 19.856956], [-90.49293, 19.856354], [-90.492969, 19.856146], [-90.493021, 19.855774], [-90.493055, 19.855641], [-90.493154, 19.855261], [-90.493239, 19.854949], [-90.493277, 19.854807], [-90.493321, 19.854646], [-90.493415, 19.854301], [-90.493513, 19.853939], [-90.493595, 19.853634], [-90.493611, 19.853577], [-90.493691, 19.853282], [-90.493721, 19.85317], [-90.493798, 19.852886], [-90.493814, 19.85283], [-90.493871, 19.852618], [-90.49389, 19.852549], [-90.493964, 19.852276], [-90.494053, 19.851948], [-90.494138, 19.851635], [-90.494355, 19.851027], [-90.495157, 19.850114], [-90.495513, 19.850185], [-90.495893, 19.850261], [-90.495956, 19.850274], [-90.496468, 19.850376], [-90.496665, 19.850312], [-90.496814, 19.850064], [-90.497007, 19.849673], [-90.497586, 19.848165], [-90.497924, 19.848187], [-90.49835, 19.848193], [-90.498961, 19.848019], [-90.499572, 19.847863], [-90.500187, 19.847655], [-90.500656, 19.847494], [-90.500974, 19.847356], [-90.501704, 19.847108], [-90.502239, 19.846976], [-90.502542, 19.846901], [-90.502648, 19.846875], [-90.503572, 19.846575], [-90.504268, 19.846342], [-90.505338, 19.84584], [-90.50589, 19.845575], [-90.506288, 19.846194], [-90.506844, 19.845766], [-90.507063, 19.845597], [-90.50774, 19.84646], [-90.507834, 19.84658], [-90.508202, 19.847049], [-90.508255, 19.847143]]]]}, "properties": {"numero": 1, "etiqueta": "Distrito local 1"}}, {"type": "Feature", "geometry": {"type": "MultiPolygon", "coordinates": [[[[-90.257193, 19.445612], [-90.255904, 19.450015], [-90.254867, 19.458029], [-90.262192, 19.462332], [-90.267775, 19.466881], [-90.271967, 19.47399], [-90.267676, 19.480596], [-90.268723, 19.481753], [-90.271048, 19.482168], [-90.271885, 19.50175], [-90.271912, 19.523397], [-90.271937, 19.545044], [-90.268683, 19.546033], [-90.267524, 19.548758], [-90.266366, 19.552723], [-90.267183, 19.555946], [-90.268697, 19.557848], [-90.271722, 19.55942], [-90.271846, 19.567603], [-90.272073, 19.584207], [-90.272356, 19.604862], [-90.264448, 19.605433], [-90.25747, 19.605592], [-90.249794, 19.605171], [-90.24982, 19.631163], [-90.249823, 19.634335], [-90.249846, 19.639508], [-90.249971, 19.667631], [-90.249972, 19.667717], [-90.250513, 19.750829], [-90.266021, 19.750826], [-90.347827, 19.751053], [-90.363375, 19.751084], [-90.365842, 19.793306], [-90.366899, 19.811406], [-90.377696, 19.812665], [-90.380296, 19.81447], [-90.38083, 19.814704], [-90.385322, 19.816675], [-90.386706, 19.817283], [-90.424555, 19.817401], [-90.43434, 19.817431], [-90.469698, 19.82241], [-90.471391, 19.822738], [-90.477173, 19.823855], [-90.484657, 19.827607], [-90.489007, 19.829788], [-90.491349, 19.832184], [-90.490906, 19.832317], [-90.490814, 19.832133], [-90.490354, 19.832367], [-90.49019, 19.832501], [-90.489853, 19.833113], [-90.489524, 19.83382], [-90.489071, 19.834602], [-90.489823, 19.834976], [-90.490231, 19.835178], [-90.490635, 19.835379], [-90.491028, 19.835574], [-90.49157, 19.835843], [-90.491166, 19.836417], [-90.491108, 19.836483], [-90.49044, 19.837192], [-90.489712, 19.837956], [-90.49002, 19.838184], [-90.49042, 19.838481], [-90.490893, 19.838833], [-90.490951, 19.838875], [-90.491393, 19.839204], [-90.491635, 19.839384], [-90.491314, 19.839806], [-90.491677, 19.840079], [-90.492038, 19.84035], [-90.492401, 19.840623], [-90.492742, 19.840879], [-90.493153, 19.841233], [-90.493145, 19.841254], [-90.493054, 19.841453], [-90.492623, 19.841266], [-90.4926, 19.84129], [-90.492424, 19.841172], [-90.492386, 19.841143], [-90.491077, 19.84247], [-90.490218, 19.843316], [-90.490486, 19.843567], [-90.490749, 19.84381], [-90.490899, 19.843944], [-90.490848, 19.843991], [-90.489758, 19.845065], [-90.489693, 19.845163], [-90.490774, 19.845992], [-90.490849, 19.846049], [-90.49115, 19.846265], [-90.491216, 19.846311], [-90.490784, 19.84681], [-90.491013, 19.847], [-90.49106, 19.847058], [-90.491065, 19.847126], [-90.490987, 19.847553], [-90.490937, 19.847807], [-90.490789, 19.847965], [-90.490966, 19.848095], [-90.491171, 19.848244], [-90.491386, 19.8484], [-90.491432, 19.848433], [-90.491561, 19.848527], [-90.491652, 19.848593], [-90.491957, 19.849091], [-90.492208, 19.849478], [-90.492462, 19.849892], [-90.492118, 19.850121], [-90.491736, 19.850376], [-90.491627, 19.850448], [-90.49151, 19.850525], [-90.491263, 19.850691], [-90.49091, 19.850925], [-90.490769, 19.851015], [-90.490158, 19.851407], [-90.489843, 19.85161], [-90.488771, 19.852297], [-90.488614, 19.852345], [-90.488354, 19.852408], [-90.488158, 19.852432], [-90.487959, 19.852417], [-90.48777, 19.852391], [-90.487653, 19.852351], [-90.487319, 19.852254], [-90.487098, 19.852175], [-90.486692, 19.852032], [-90.486222, 19.851856], [-90.486052, 19.851824], [-90.485882, 19.851792], [-90.485723, 19.851762], [-90.485307, 19.851706], [-90.485043, 19.851707], [-90.484119, 19.851708], [-90.483943, 19.851709], [-90.483435, 19.851778], [-90.48318, 19.851804], [-90.48292, 19.851801], [-90.482592, 19.851771], [-90.482275, 19.851742], [-90.482175, 19.851713], [-90.481898, 19.85163], [-90.481808, 19.851579], [-90.481606, 19.851466], [-90.481409, 19.851338], [-90.481362, 19.851308], [-90.481148, 19.851169], [-90.481091, 19.851131], [-90.481048, 19.851105], [-90.480744, 19.850917], [-90.480669, 19.850871], [-90.480632, 19.850848], [-90.480327, 19.85066], [-90.480219, 19.850594], [-90.479972, 19.850442], [-90.479696, 19.850239], [-90.479385, 19.850102], [-90.479061, 19.850027], [-90.478861, 19.850038], [-90.478559, 19.850159], [-90.478152, 19.850393], [-90.477987, 19.850447], [-90.477805, 19.85046], [-90.477595, 19.850417], [-90.477066, 19.850192], [-90.47654, 19.849822], [-90.475757, 19.849535], [-90.475227, 19.849371], [-90.474888, 19.849244], [-90.474559, 19.849195], [-90.473873, 19.849191], [-90.472575, 19.849188], [-90.471418, 19.84918], [-90.471199, 19.849188], [-90.471079, 19.849213], [-90.470949, 19.849275], [-90.470839, 19.849367], [-90.470763, 19.849486], [-90.470647, 19.849855], [-90.470578, 19.850162], [-90.470501, 19.850433], [-90.470423, 19.85067], [-90.470301, 19.850843], [-90.470178, 19.850955], [-90.470023, 19.851007], [-90.469862, 19.851033], [-90.4697, 19.851019], [-90.469542, 19.850979], [-90.469195, 19.850865], [-90.468553, 19.850645], [-90.468106, 19.850479], [-90.467776, 19.851353], [-90.467449, 19.851977], [-90.466699, 19.852858], [-90.465202, 19.854715], [-90.465165, 19.854761], [-90.462445, 19.858048], [-90.461867, 19.858733], [-90.459459, 19.861678], [-90.458897, 19.86238], [-90.458324, 19.86309], [-90.458234, 19.863203], [-90.45722, 19.864504], [-90.456514, 19.865627], [-90.456351, 19.865885], [-90.455312, 19.867982], [-90.4504, 19.867786], [-90.434106, 19.867405], [-90.432574, 19.867369], [-90.432568, 19.864147], [-90.433959, 19.860842], [-90.436167, 19.858033], [-90.437212, 19.856216], [-90.442444, 19.850928], [-90.383501, 19.85124], [-90.355427, 19.850398], [-90.328326, 19.851056], [-90.324502, 19.839565], [-90.286743, 19.835662], [-90.285596, 19.838695], [-90.283623, 19.843911], [-90.28317, 19.845106], [-90.282689, 19.84638], [-90.28251, 19.846851], [-90.276813, 19.861908], [-90.269899, 19.880178], [-90.261943, 19.87573], [-90.240958, 19.863994], [-90.210248, 19.846813], [-90.163825, 19.820824], [-90.163418, 19.820596], [-90.142168, 19.808693], [-90.141141, 19.808118], [-90.133358, 19.803757], [-90.131066, 19.802473], [-90.106845, 19.788899], [-90.098875, 19.784432], [-90.057828, 19.72988], [-90.050991, 19.713626], [-90.031651, 19.667634], [-90.004586, 19.620831], [-89.998941, 19.611066], [-89.982527, 19.5827], [-89.979623, 19.577681], [-89.9716, 19.56381], [-89.948252, 19.523434], [-89.945164, 19.518092], [-89.935151, 19.500769], [-89.931247, 19.493995], [-89.927343, 19.487221], [-89.894063, 19.429449], [-89.88882, 19.417234], [-89.888616, 19.416759], [-89.871812, 19.387305], [-89.871756, 19.387208], [-89.870219, 19.384514], [-89.866025, 19.377159], [-89.865629, 19.376465], [-89.865574, 19.37637], [-89.865519, 19.376273], [-89.865083, 19.375591], [-89.844876, 19.343989], [-89.839282, 19.334264], [-89.820791, 19.302113], [-89.820154, 19.301002], [-89.813183, 19.288878], [-89.799632, 19.265302], [-89.791256, 19.250721], [-89.773985, 19.220929], [-89.773379, 19.219885], [-89.769946, 19.213959], [-89.762552, 19.201199], [-89.922672, 19.201175], [-89.996681, 19.201117], [-90.016633, 19.201096], [-90.099775, 19.205795], [-90.166153, 19.209519], [-90.194463, 19.2111], [-90.194828, 19.22779], [-90.212812, 19.230433], [-90.255002, 19.236626], [-90.259931, 19.237349], [-90.263032, 19.283887], [-90.266328, 19.333362], [-90.272872, 19.418101], [-90.265246, 19.418087], [-90.257193, 19.445612]]]]}, "properties": {"numero": 2, "etiqueta": "Distrito local 2"}}, {"type": "Feature", "geometry": {"type": "MultiPolygon", "coordinates": [[[[-90.506597, 19.814256], [-90.507469, 19.817556], [-90.507974, 19.819493], [-90.509254, 19.824158], [-90.510092, 19.827315], [-90.510518, 19.828699], [-90.510719, 19.829301], [-90.510867, 19.82984], [-90.511273, 19.831323], [-90.512056, 19.8337], [-90.512594, 19.835327], [-90.513556, 19.838239], [-90.51388, 19.839339], [-90.514138, 19.840199], [-90.51457, 19.841462], [-90.514974, 19.842726], [-90.515765, 19.845062], [-90.515864, 19.845351], [-90.516455, 19.84708], [-90.516498, 19.847207], [-90.516906, 19.848402], [-90.516173, 19.848307], [-90.515527, 19.84819], [-90.514646, 19.848106], [-90.514569, 19.848099], [-90.514122, 19.848046], [-90.514067, 19.848039], [-90.513101, 19.847918], [-90.51216, 19.847794], [-90.511499, 19.847707], [-90.511229, 19.847672], [-90.510936, 19.847629], [-90.510195, 19.84752], [-90.509207, 19.847375], [-90.508674, 19.847292], [-90.508255, 19.847143], [-90.508202, 19.847049], [-90.507834, 19.84658], [-90.50774, 19.84646], [-90.507063, 19.845597], [-90.506844, 19.845766], [-90.506288, 19.846194], [-90.50589, 19.845575], [-90.505338, 19.84584], [-90.504268, 19.846342], [-90.503572, 19.846575], [-90.502648, 19.846875], [-90.502542, 19.846901], [-90.502239, 19.846976], [-90.501704, 19.847108], [-90.500974, 19.847356], [-90.500656, 19.847494], [-90.500187, 19.847655], [-90.499572, 19.847863], [-90.498961, 19.848019], [-90.49835, 19.848193], [-90.497924, 19.848187], [-90.497976, 19.847786], [-90.498818, 19.847583], [-90.498641, 19.847009], [-90.498468, 19.846446], [-90.498235, 19.84648], [-90.497371, 19.846467], [-90.497206, 19.846462], [-90.497003, 19.846459], [-90.496869, 19.84645], [-90.496754, 19.846467], [-90.496675, 19.846492], [-90.496464, 19.84659], [-90.495936, 19.846903], [-90.49583, 19.846966], [-90.495376, 19.847233], [-90.495062, 19.847418], [-90.494679, 19.847643], [-90.494245, 19.847899], [-90.493989, 19.84805], [-90.493889, 19.848127], [-90.493853, 19.848162], [-90.493817, 19.848197], [-90.493752, 19.848278], [-90.49372, 19.848341], [-90.4937, 19.848376], [-90.493679, 19.848411], [-90.493595, 19.848677], [-90.493542, 19.848844], [-90.493505, 19.848963], [-90.493467, 19.849081], [-90.493423, 19.849163], [-90.49338, 19.849231], [-90.493328, 19.849309], [-90.493201, 19.849421], [-90.49293, 19.849594], [-90.492462, 19.849892], [-90.492208, 19.849478], [-90.491957, 19.849091], [-90.491652, 19.848593], [-90.491561, 19.848527], [-90.491432, 19.848433], [-90.491386, 19.8484], [-90.491171, 19.848244], [-90.490966, 19.848095], [-90.490789, 19.847965], [-90.490937, 19.847807], [-90.490987, 19.847553], [-90.491065, 19.847126], [-90.49106, 19.847058], [-90.491013, 19.847], [-90.490784, 19.84681], [-90.491216, 19.846311], [-90.49115, 19.846265], [-90.490849, 19.846049], [-90.490774, 19.845992], [-90.489693, 19.845163], [-90.489758, 19.845065], [-90.490848, 19.843991], [-90.490899, 19.843944], [-90.490749, 19.84381], [-90.490486, 19.843567], [-90.490218, 19.843316], [-90.491077, 19.84247], [-90.492386, 19.841143], [-90.492424, 19.841172], [-90.4926, 19.84129], [-90.492623, 19.841266], [-90.493054, 19.841453], [-90.493145, 19.841254], [-90.493153, 19.841233], [-90.492742, 19.840879], [-90.492401, 19.840623], [-90.492038, 19.84035], [-90.491677, 19.840079], [-90.491314, 19.839806], [-90.491635, 19.839384], [-90.491393, 19.839204], [-90.490951, 19.838875], [-90.490893, 19.838833], [-90.49042, 19.838481], [-90.49002, 19.838184], [-90.489712, 19.837956], [-90.49044, 19.837192], [-90.491108, 19.836483], [-90.491166, 19.836417], [-90.49157, 19.835843], [-90.491028, 19.835574], [-90.490635, 19.835379], [-90.490231, 19.835178], [-90.489823, 19.834976], [-90.489071, 19.834602], [-90.489524, 19.83382], [-90.489853, 19.833113], [-90.49019, 19.832501], [-90.490354, 19.832367], [-90.490814, 19.832133], [-90.490906, 19.832317], [-90.491349, 19.832184], [-90.489007, 19.829788], [-90.484657, 19.827607], [-90.477173, 19.823855], [-90.471391, 19.822738], [-90.469698, 19.82241], [-90.43434, 19.817431], [-90.434212, 19.80321], [-90.434101, 19.790936], [-90.433898, 19.768381], [-90.481608, 19.768238], [-90.489456, 19.768142], [-90.490029, 19.769932], [-90.490473, 19.77187], [-90.491578, 19.771492], [-90.491826, 19.772719], [-90.492595, 19.772452], [-90.493316, 19.772242], [-90.493917, 19.772045], [-90.494271, 19.772117], [-90.49413, 19.771229], [-90.495537, 19.770797], [-90.496293, 19.770565], [-90.497372, 19.770454], [-90.498337, 19.770484], [-90.4992, 19.77079], [-90.499464, 19.770878], [-90.499731, 19.771116], [-90.499942, 19.771152], [-90.500163, 19.771123], [-90.500545, 19.771057], [-90.500767, 19.771023], [-90.500811, 19.770786], [-90.501133, 19.770458], [-90.50188, 19.770205], [-90.502541, 19.769921], [-90.504423, 19.769786], [-90.507042, 19.769865], [-90.506072, 19.779561], [-90.50223, 19.792513], [-90.502386, 19.79315], [-90.501509, 19.79297], [-90.502439, 19.796849], [-90.503041, 19.799158], [-90.50428, 19.804877], [-90.50592, 19.811516], [-90.506584, 19.814205], [-90.506597, 19.814256]]]]}, "properties": {"numero": 3, "etiqueta": "Distrito local 3"}}, {"type": "Feature", "geometry": {"type": "MultiPolygon", "coordinates": [[[[-90.534744, 19.826378], [-90.534783, 19.826595], [-90.534819, 19.82673], [-90.534838, 19.826824], [-90.534845, 19.826923], [-90.534848, 19.827071], [-90.534855, 19.827192], [-90.534843, 19.827409], [-90.534822, 19.828041], [-90.534805, 19.828555], [-90.534809, 19.828677], [-90.53482, 19.82906], [-90.534838, 19.829214], [-90.534929, 19.829754], [-90.53498, 19.830059], [-90.535589, 19.830108], [-90.535818, 19.830712], [-90.535919, 19.830894], [-90.535968, 19.831094], [-90.536019, 19.831351], [-90.536125, 19.831984], [-90.536207, 19.832473], [-90.536243, 19.832572], [-90.536395, 19.832678], [-90.536859, 19.832555], [-90.53723, 19.83255], [-90.537503, 19.832579], [-90.537761, 19.832536], [-90.537939, 19.832802], [-90.538247, 19.83326], [-90.538551, 19.833078], [-90.538635, 19.833028], [-90.538746, 19.832961], [-90.538813, 19.832921], [-90.539425, 19.832554], [-90.539607, 19.832454], [-90.540611, 19.831901], [-90.54125, 19.833012], [-90.541943, 19.834147], [-90.542635, 19.835215], [-90.54302, 19.835824], [-90.543329, 19.836353], [-90.543544, 19.836687], [-90.543723, 19.836965], [-90.544022, 19.837431], [-90.544708, 19.838523], [-90.5447, 19.838621], [-90.545135, 19.83972], [-90.54558, 19.840423], [-90.545875, 19.840916], [-90.54611, 19.841283], [-90.545965, 19.841394], [-90.546249, 19.841711], [-90.546375, 19.841851], [-90.546327, 19.841984], [-90.546253, 19.842099], [-90.546169, 19.842185], [-90.546055, 19.84227], [-90.54595, 19.842324], [-90.545736, 19.842408], [-90.545378, 19.842586], [-90.545169, 19.84274], [-90.544969, 19.842943], [-90.544729, 19.843135], [-90.544329, 19.843541], [-90.544067, 19.843782], [-90.54395, 19.843976], [-90.543906, 19.844146], [-90.543858, 19.844278], [-90.543794, 19.844365], [-90.54371, 19.844462], [-90.543626, 19.844529], [-90.543465, 19.84461], [-90.543371, 19.844643], [-90.543127, 19.844708], [-90.543044, 19.844751], [-90.542918, 19.844852], [-90.542661, 19.845098], [-90.542257, 19.845489], [-90.541805, 19.845921], [-90.541752, 19.846003], [-90.541684, 19.846295], [-90.541616, 19.846427], [-90.54149, 19.846557], [-90.541385, 19.846649], [-90.54125, 19.846711], [-90.541125, 19.846743], [-90.541006, 19.846761], [-90.540887, 19.846808], [-90.54074, 19.846914], [-90.540472, 19.847204], [-90.540152, 19.847503], [-90.54001, 19.847618], [-90.539884, 19.847783], [-90.539741, 19.847996], [-90.539631, 19.848107], [-90.539515, 19.848243], [-90.53932, 19.84845], [-90.539111, 19.848624], [-90.539041, 19.848745], [-90.538984, 19.848808], [-90.538847, 19.848928], [-90.538592, 19.849118], [-90.538575, 19.84913], [-90.538559, 19.849189], [-90.538516, 19.849256], [-90.538407, 19.849333], [-90.538302, 19.849381], [-90.538183, 19.849443], [-90.538021, 19.849538], [-90.537376, 19.850126], [-90.537307, 19.850209], [-90.537259, 19.850296], [-90.537129, 19.850671], [-90.537082, 19.850739], [-90.537024, 19.850763], [-90.536946, 19.850796], [-90.5368, 19.850877], [-90.536633, 19.850977], [-90.536424, 19.851111], [-90.536076, 19.85143], [-90.535357, 19.85209], [-90.535114, 19.852321], [-90.534813, 19.852608], [-90.534697, 19.852708], [-90.534697, 19.852738], [-90.534734, 19.852808], [-90.534755, 19.852867], [-90.534757, 19.852931], [-90.534729, 19.853028], [-90.534671, 19.85309], [-90.534615, 19.853132], [-90.534563, 19.853152], [-90.5345, 19.853157], [-90.534456, 19.853154], [-90.5344, 19.853143], [-90.534353, 19.853117], [-90.534335, 19.853104], [-90.534308, 19.853083], [-90.534278, 19.85308], [-90.534259, 19.853107], [-90.533935, 19.853345], [-90.533866, 19.853411], [-90.533751, 19.853522], [-90.533584, 19.853651], [-90.533275, 19.853875], [-90.533042, 19.854018], [-90.532808, 19.854153], [-90.532449, 19.854338], [-90.532122, 19.854517], [-90.531694, 19.854708], [-90.531437, 19.854836], [-90.530754, 19.85509], [-90.530218, 19.855272], [-90.529526, 19.855526], [-90.529293, 19.855625], [-90.529185, 19.855645], [-90.529138, 19.855645], [-90.529045, 19.855702], [-90.528882, 19.855722], [-90.52861, 19.855828], [-90.528478, 19.85587], [-90.528368, 19.85597], [-90.52833, 19.855984], [-90.528213, 19.856012], [-90.528058, 19.856061], [-90.527871, 19.856161], [-90.52784, 19.856175], [-90.527661, 19.856253], [-90.527513, 19.856324], [-90.52742, 19.856367], [-90.527279, 19.856474], [-90.527159, 19.856516], [-90.527102, 19.85651], [-90.527039, 19.856504], [-90.526931, 19.856495], [-90.526785, 19.856478], [-90.5267, 19.856473], [-90.526615, 19.856465], [-90.52656, 19.856493], [-90.526476, 19.856481], [-90.526467, 19.856532], [-90.526412, 19.856565], [-90.526358, 19.856578], [-90.526327, 19.856582], [-90.52625, 19.856602], [-90.526196, 19.856605], [-90.526176, 19.856609], [-90.526133, 19.856663], [-90.526071, 19.856673], [-90.525991, 19.856617], [-90.525952, 19.856624], [-90.525921, 19.856634], [-90.525867, 19.85663], [-90.525793, 19.856594], [-90.525752, 19.856583], [-90.525741, 19.856531], [-90.525658, 19.856551], [-90.525621, 19.856643], [-90.525581, 19.856663], [-90.52554, 19.856684], [-90.524609, 19.856975], [-90.52397, 19.857272], [-90.522522, 19.858047], [-90.521889, 19.858421], [-90.521897, 19.858483], [-90.521905, 19.858546], [-90.522356, 19.85899], [-90.522622, 19.859252], [-90.522716, 19.859451], [-90.525745, 19.862349], [-90.526422, 19.861837], [-90.526641, 19.862104], [-90.526535, 19.862201], [-90.526399, 19.862008], [-90.525841, 19.862449], [-90.526095, 19.862749], [-90.52673, 19.862217], [-90.526798, 19.862324], [-90.526071, 19.862927], [-90.522177, 19.859084], [-90.521725, 19.858646], [-90.521517, 19.858617], [-90.521197, 19.858811], [-90.518744, 19.860306], [-90.518354, 19.86068], [-90.517979, 19.860958], [-90.517775, 19.860687], [-90.516816, 19.859436], [-90.516501, 19.859053], [-90.516572, 19.858999], [-90.517507, 19.858292], [-90.51656, 19.857191], [-90.516504, 19.857126], [-90.517263, 19.856248], [-90.517616, 19.855505], [-90.517789, 19.855224], [-90.517959, 19.854872], [-90.518189, 19.854394], [-90.518319, 19.853986], [-90.518349, 19.8529], [-90.518079, 19.851933], [-90.517912, 19.85144], [-90.517738, 19.850914], [-90.517329, 19.849672], [-90.51719, 19.849256], [-90.516906, 19.848402], [-90.516498, 19.847207], [-90.516455, 19.84708], [-90.515864, 19.845351], [-90.515765, 19.845062], [-90.514974, 19.842726], [-90.51457, 19.841462], [-90.514138, 19.840199], [-90.51388, 19.839339], [-90.513556, 19.838239], [-90.512594, 19.835327], [-90.512056, 19.8337], [-90.511273, 19.831323], [-90.511484, 19.831358], [-90.511815, 19.831446], [-90.512326, 19.831541], [-90.513143, 19.831737], [-90.513282, 19.83177], [-90.51351, 19.831879], [-90.51392, 19.832074], [-90.514246, 19.831428], [-90.514576, 19.830905], [-90.514205, 19.830672], [-90.514554, 19.830121], [-90.514913, 19.829613], [-90.515294, 19.829838], [-90.515636, 19.829315], [-90.515421, 19.829197], [-90.515321, 19.829141], [-90.515165, 19.829056], [-90.515114, 19.829006], [-90.51478, 19.828279], [-90.514776, 19.828029], [-90.514812, 19.827629], [-90.514848, 19.827261], [-90.514859, 19.827143], [-90.514878, 19.827046], [-90.514947, 19.826812], [-90.515074, 19.826584], [-90.515154, 19.826414], [-90.515205, 19.826245], [-90.515269, 19.826084], [-90.515304, 19.825995], [-90.515525, 19.826056], [-90.515682, 19.826106], [-90.516041, 19.826111], [-90.516173, 19.82611], [-90.516265, 19.826078], [-90.516337, 19.825633], [-90.517021, 19.825568], [-90.518039, 19.825442], [-90.517998, 19.825326], [-90.518095, 19.825264], [-90.518197, 19.825195], [-90.518344, 19.825088], [-90.518402, 19.825041], [-90.518453, 19.825036], [-90.518848, 19.825012], [-90.519255, 19.82503], [-90.519292, 19.82532], [-90.520093, 19.825299], [-90.52005, 19.825963], [-90.520334, 19.826084], [-90.520728, 19.826263], [-90.520778, 19.826285], [-90.521253, 19.826436], [-90.521587, 19.826565], [-90.522152, 19.82668], [-90.522449, 19.826731], [-90.522539, 19.826746], [-90.52265, 19.826801], [-90.522968, 19.827065], [-90.52292, 19.827171], [-90.522904, 19.827297], [-90.522946, 19.827368], [-90.523004, 19.827464], [-90.523226, 19.827641], [-90.523573, 19.827442], [-90.523802, 19.82742], [-90.524012, 19.827423], [-90.524123, 19.827342], [-90.524623, 19.827004], [-90.524748, 19.826717], [-90.525385, 19.826834], [-90.525523, 19.826408], [-90.525592, 19.826225], [-90.52562, 19.82615], [-90.525685, 19.826046], [-90.525757, 19.825984], [-90.525851, 19.825943], [-90.525896, 19.825919], [-90.525963, 19.825882], [-90.526068, 19.825777], [-90.526101, 19.825697], [-90.526136, 19.825588], [-90.526141, 19.825466], [-90.526159, 19.825292], [-90.526173, 19.825108], [-90.526198, 19.825002], [-90.526207, 19.824964], [-90.526224, 19.824931], [-90.526242, 19.824897], [-90.526304, 19.824797], [-90.526348, 19.824746], [-90.526423, 19.824698], [-90.526614, 19.82462], [-90.526671, 19.824616], [-90.526805, 19.824606], [-90.526825, 19.824604], [-90.526838, 19.824913], [-90.526835, 19.824952], [-90.526833, 19.82499], [-90.526824, 19.825134], [-90.5268, 19.825525], [-90.526788, 19.825712], [-90.52677, 19.825983], [-90.526765, 19.826043], [-90.526755, 19.826199], [-90.529044, 19.826284], [-90.529029, 19.825783], [-90.529016, 19.825345], [-90.529002, 19.824911], [-90.528989, 19.824479], [-90.529558, 19.824411], [-90.530153, 19.82434], [-90.530701, 19.824292], [-90.531367, 19.824201], [-90.531839, 19.824068], [-90.532164, 19.823923], [-90.532728, 19.823634], [-90.532944, 19.823541], [-90.533497, 19.824396], [-90.53435, 19.825717], [-90.534561, 19.826041], [-90.534708, 19.826297], [-90.534744, 19.826378]]]]}, "properties": {"numero": 4, "etiqueta": "Distrito local 4"}}, {"type": "Feature", "geometry": {"type": "MultiPolygon", "coordinates": [[[[-90.54472, 19.810749], [-90.544801, 19.81054], [-90.544896, 19.809763], [-90.544765, 19.80931], [-90.544584, 19.808833], [-90.547244, 19.80914], [-90.54808, 19.809255], [-90.54993, 19.809621], [-90.550195, 19.808872], [-90.550995, 19.808749], [-90.553816, 19.809749], [-90.55268, 19.812741], [-90.552494, 19.813232], [-90.55341, 19.813846], [-90.554182, 19.814212], [-90.554461, 19.814345], [-90.554854, 19.814461], [-90.55528, 19.813075], [-90.556268, 19.813324], [-90.555835, 19.814711], [-90.556416, 19.814845], [-90.557245, 19.81499], [-90.557751, 19.813966], [-90.558059, 19.814107], [-90.558371, 19.814014], [-90.558497, 19.814002], [-90.559013, 19.813957], [-90.559982, 19.813961], [-90.560747, 19.813946], [-90.560791, 19.814345], [-90.56081, 19.814482], [-90.560756, 19.81457], [-90.560733, 19.814741], [-90.560757, 19.814849], [-90.560782, 19.814913], [-90.56078, 19.815064], [-90.560825, 19.815713], [-90.560935, 19.816065], [-90.561016, 19.816173], [-90.561004, 19.816296], [-90.560867, 19.816499], [-90.560855, 19.816592], [-90.56087, 19.816631], [-90.560914, 19.816784], [-90.560912, 19.816935], [-90.560852, 19.817125], [-90.560822, 19.817379], [-90.560756, 19.817672], [-90.560774, 19.817819], [-90.560742, 19.817907], [-90.560718, 19.818078], [-90.560785, 19.81848], [-90.560701, 19.819546], [-90.560647, 19.820073], [-90.560603, 19.820224], [-90.560477, 19.820369], [-90.56037, 19.820564], [-90.560348, 19.820686], [-90.5603, 19.820744], [-90.560267, 19.820866], [-90.560204, 19.820982], [-90.560093, 19.821118], [-90.559871, 19.821443], [-90.559654, 19.821772], [-90.559457, 19.822161], [-90.55905, 19.823036], [-90.558951, 19.82319], [-90.558876, 19.823293], [-90.558806, 19.823449], [-90.55882, 19.823567], [-90.558844, 19.823655], [-90.558945, 19.823842], [-90.558994, 19.823927], [-90.559131, 19.824163], [-90.559184, 19.824271], [-90.559236, 19.824379], [-90.559268, 19.824522], [-90.559286, 19.824717], [-90.559272, 19.824925], [-90.559266, 19.825116], [-90.559269, 19.825329], [-90.559274, 19.825436], [-90.559578, 19.826658], [-90.559664, 19.826624], [-90.559657, 19.826315], [-90.560144, 19.82601], [-90.560423, 19.825971], [-90.561368, 19.825838], [-90.562573, 19.825209], [-90.562857, 19.82567], [-90.562943, 19.825811], [-90.562991, 19.82589], [-90.562897, 19.825946], [-90.562714, 19.826054], [-90.562401, 19.826239], [-90.562108, 19.826411], [-90.561665, 19.82666], [-90.56137, 19.826826], [-90.56116, 19.826944], [-90.560597, 19.827261], [-90.560383, 19.827381], [-90.560055, 19.827565], [-90.559671, 19.827782], [-90.559696, 19.828046], [-90.559722, 19.828585], [-90.559738, 19.828797], [-90.559749, 19.829004], [-90.559864, 19.829651], [-90.560231, 19.829453], [-90.560597, 19.829254], [-90.560912, 19.829083], [-90.561562, 19.8302], [-90.561354, 19.83031], [-90.56054, 19.830794], [-90.559581, 19.83134], [-90.558813, 19.831774], [-90.558268, 19.832095], [-90.557489, 19.832565], [-90.557496, 19.832582], [-90.557733, 19.832873], [-90.556551, 19.833488], [-90.556354, 19.83318], [-90.556179, 19.833295], [-90.556194, 19.83333], [-90.556245, 19.833369], [-90.556275, 19.833419], [-90.556299, 19.833512], [-90.556297, 19.833649], [-90.556201, 19.833834], [-90.556426, 19.834042], [-90.556482, 19.834063], [-90.556602, 19.833991], [-90.556658, 19.834041], [-90.5565, 19.834229], [-90.556087, 19.833876], [-90.555752, 19.834126], [-90.555711, 19.834121], [-90.555503, 19.834201], [-90.555294, 19.834335], [-90.555298, 19.834379], [-90.555089, 19.834528], [-90.555017, 19.834503], [-90.554902, 19.834604], [-90.554906, 19.834653], [-90.554791, 19.834754], [-90.554661, 19.834796], [-90.554574, 19.83478], [-90.554449, 19.834823], [-90.554204, 19.834932], [-90.554037, 19.835037], [-90.553082, 19.835934], [-90.552613, 19.836273], [-90.552384, 19.836407], [-90.551953, 19.836731], [-90.551814, 19.836993], [-90.551783, 19.837052], [-90.551538, 19.837459], [-90.551369, 19.837711], [-90.551211, 19.837876], [-90.551055, 19.837971], [-90.550808, 19.838078], [-90.550568, 19.838192], [-90.550526, 19.838192], [-90.550506, 19.838169], [-90.550482, 19.838166], [-90.550442, 19.838187], [-90.550292, 19.838307], [-90.550227, 19.838369], [-90.549985, 19.83852], [-90.549884, 19.838591], [-90.549824, 19.838655], [-90.549821, 19.838724], [-90.54984, 19.838768], [-90.549726, 19.838979], [-90.54975, 19.839028], [-90.549896, 19.839095], [-90.549913, 19.83907], [-90.550219, 19.839201], [-90.55049, 19.838946], [-90.550586, 19.839014], [-90.550219, 19.839379], [-90.549937, 19.839255], [-90.54969, 19.839136], [-90.549417, 19.839063], [-90.549265, 19.839079], [-90.549132, 19.839152], [-90.548974, 19.839288], [-90.54882, 19.839393], [-90.548697, 19.839514], [-90.548644, 19.839589], [-90.548552, 19.839883], [-90.548462, 19.840025], [-90.548348, 19.840143], [-90.548224, 19.840231], [-90.548036, 19.840311], [-90.547783, 19.840377], [-90.547688, 19.840416], [-90.547461, 19.840589], [-90.54735, 19.84069], [-90.547265, 19.840785], [-90.54719, 19.84087], [-90.547101, 19.840955], [-90.546902, 19.841118], [-90.546681, 19.841351], [-90.546592, 19.841436], [-90.54652, 19.841541], [-90.546405, 19.841749], [-90.546375, 19.841851], [-90.546249, 19.841711], [-90.545965, 19.841394], [-90.54611, 19.841283], [-90.545875, 19.840916], [-90.54558, 19.840423], [-90.545135, 19.83972], [-90.5447, 19.838621], [-90.544708, 19.838523], [-90.544022, 19.837431], [-90.543723, 19.836965], [-90.543544, 19.836687], [-90.543329, 19.836353], [-90.54302, 19.835824], [-90.542635, 19.835215], [-90.541943, 19.834147], [-90.54125, 19.833012], [-90.540611, 19.831901], [-90.539607, 19.832454], [-90.539425, 19.832554], [-90.538813, 19.832921], [-90.538746, 19.832961], [-90.538635, 19.833028], [-90.538551, 19.833078], [-90.538247, 19.83326], [-90.537939, 19.832802], [-90.537761, 19.832536], [-90.537503, 19.832579], [-90.53723, 19.83255], [-90.536859, 19.832555], [-90.536395, 19.832678], [-90.536243, 19.832572], [-90.536207, 19.832473], [-90.536125, 19.831984], [-90.536019, 19.831351], [-90.535968, 19.831094], [-90.535919, 19.830894], [-90.535818, 19.830712], [-90.535589, 19.830108], [-90.53498, 19.830059], [-90.534929, 19.829754], [-90.534838, 19.829214], [-90.53482, 19.82906], [-90.534809, 19.828677], [-90.534805, 19.828555], [-90.534822, 19.828041], [-90.534843, 19.827409], [-90.534855, 19.827192], [-90.534848, 19.827071], [-90.534845, 19.826923], [-90.534838, 19.826824], [-90.534819, 19.82673], [-90.534783, 19.826595], [-90.534744, 19.826378], [-90.534708, 19.826297], [-90.534561, 19.826041], [-90.53435, 19.825717], [-90.533497, 19.824396], [-90.532944, 19.823541], [-90.532288, 19.822532], [-90.531738, 19.821678], [-90.531459, 19.821246], [-90.531397, 19.821149], [-90.531197, 19.82084], [-90.530979, 19.820504], [-90.530703, 19.820081], [-90.530526, 19.819825], [-90.530424, 19.819678], [-90.530193, 19.819342], [-90.53001, 19.819026], [-90.529894, 19.818778], [-90.529771, 19.81847], [-90.529652, 19.818185], [-90.529577, 19.817877], [-90.529509, 19.817604], [-90.52947, 19.817293], [-90.529439, 19.816922], [-90.5295, 19.815043], [-90.529527, 19.814934], [-90.529581, 19.814847], [-90.529596, 19.814806], [-90.529598, 19.814757], [-90.529778, 19.814674], [-90.529924, 19.814623], [-90.53003, 19.814627], [-90.530062, 19.814628], [-90.530511, 19.814646], [-90.530542, 19.814647], [-90.530777, 19.814656], [-90.531086, 19.81467], [-90.532378, 19.814728], [-90.533379, 19.814774], [-90.534201, 19.814844], [-90.534286, 19.814852], [-90.534941, 19.814875], [-90.535408, 19.815051], [-90.535755, 19.815238], [-90.53625, 19.814904], [-90.536418, 19.81479], [-90.537312, 19.81466], [-90.537787, 19.814597], [-90.538339, 19.814524], [-90.538958, 19.814443], [-90.538875, 19.813851], [-90.538617, 19.813248], [-90.53849, 19.812603], [-90.53855, 19.812015], [-90.538674, 19.812074], [-90.538948, 19.812133], [-90.539032, 19.812133], [-90.539562, 19.812135], [-90.539766, 19.81213], [-90.539995, 19.812125], [-90.540522, 19.812112], [-90.540779, 19.812044], [-90.54124, 19.812175], [-90.54169, 19.8123], [-90.542566, 19.812578], [-90.543157, 19.812799], [-90.543683, 19.812997], [-90.543945, 19.813095], [-90.544065, 19.812715], [-90.544178, 19.812357], [-90.544382, 19.811708], [-90.544527, 19.81125], [-90.54472, 19.810749]]]]}, "properties": {"numero": 5, "etiqueta": "Distrito local 5"}}, {"type": "Feature", "geometry": {"type": "MultiPolygon", "coordinates": [[[[-90.481608, 19.768238], [-90.433898, 19.768381], [-90.434101, 19.790936], [-90.434212, 19.80321], [-90.43434, 19.817431], [-90.424555, 19.817401], [-90.386706, 19.817283], [-90.385322, 19.816675], [-90.38083, 19.814704], [-90.380296, 19.81447], [-90.377696, 19.812665], [-90.366899, 19.811406], [-90.365842, 19.793306], [-90.363375, 19.751084], [-90.347827, 19.751053], [-90.266021, 19.750826], [-90.250513, 19.750829], [-90.249972, 19.667717], [-90.249971, 19.667631], [-90.249846, 19.639508], [-90.249823, 19.634335], [-90.24982, 19.631163], [-90.249794, 19.605171], [-90.25747, 19.605592], [-90.264448, 19.605433], [-90.272356, 19.604862], [-90.272073, 19.584207], [-90.271846, 19.567603], [-90.271722, 19.55942], [-90.268697, 19.557848], [-90.267183, 19.555946], [-90.266366, 19.552723], [-90.267524, 19.548758], [-90.268683, 19.546033], [-90.271937, 19.545044], [-90.271912, 19.523397], [-90.271885, 19.50175], [-90.271048, 19.482168], [-90.268723, 19.481753], [-90.267676, 19.480596], [-90.271967, 19.47399], [-90.267775, 19.466881], [-90.262192, 19.462332], [-90.254867, 19.458029], [-90.255904, 19.450015], [-90.257193, 19.445612], [-90.265246, 19.418087], [-90.272872, 19.418101], [-90.273381, 19.424684], [-90.274417, 19.438075], [-90.274907, 19.444416], [-90.275897, 19.45722], [-90.276457, 19.457217], [-90.319934, 19.45692], [-90.32402, 19.444982], [-90.326295, 19.438332], [-90.355135, 19.44261], [-90.355638, 19.442685], [-90.360928, 19.443469], [-90.362006, 19.461317], [-90.404885, 19.46116], [-90.413536, 19.477172], [-90.415779, 19.481323], [-90.426676, 19.501485], [-90.427683, 19.503348], [-90.429567, 19.506834], [-90.430405, 19.508384], [-90.430899, 19.509298], [-90.431028, 19.509535], [-90.431123, 19.509711], [-90.433827, 19.514715], [-90.43384, 19.514737], [-90.434041, 19.51511], [-90.435515, 19.517837], [-90.437566, 19.52163], [-90.442868, 19.531436], [-90.44363, 19.532845], [-90.445951, 19.537137], [-90.459761, 19.562671], [-90.460044, 19.563194], [-90.47154, 19.584443], [-90.483336, 19.60485], [-90.500087, 19.605341], [-90.513698, 19.605903], [-90.540336, 19.607001], [-90.551622, 19.607465], [-90.551609, 19.608547], [-90.550952, 19.608946], [-90.510963, 19.617455], [-90.509476, 19.629915], [-90.509064, 19.638504], [-90.509033, 19.639151], [-90.533432, 19.637314], [-90.542642, 19.645768], [-90.54396, 19.646978], [-90.544983, 19.647917], [-90.552765, 19.654411], [-90.553816, 19.656164], [-90.557139, 19.648856], [-90.566036, 19.650733], [-90.561232, 19.659454], [-90.578547, 19.657372], [-90.579664, 19.660449], [-90.621547, 19.68038], [-90.621543, 19.680423], [-90.621109, 19.685604], [-90.617865, 19.689723], [-90.617711, 19.695683], [-90.614658, 19.716719], [-90.621654, 19.71202], [-90.623507, 19.710626], [-90.623737, 19.710445], [-90.631594, 19.704246], [-90.640522, 19.708113], [-90.648496, 19.711565], [-90.667265, 19.718979], [-90.66736, 19.719016], [-90.669116, 19.719837], [-90.669262, 19.71991], [-90.669548, 19.719953], [-90.66962, 19.719964], [-90.668128, 19.723549], [-90.666857, 19.726196], [-90.666633, 19.728758], [-90.666645, 19.732063], [-90.667465, 19.733633], [-90.669681, 19.734622], [-90.670152, 19.736274], [-90.669578, 19.738423], [-90.668535, 19.73983], [-90.667029, 19.74198], [-90.666342, 19.745287], [-90.666352, 19.748344], [-90.666595, 19.751319], [-90.664853, 19.752478], [-90.663996, 19.752828], [-90.663225, 19.753141], [-90.663113, 19.754546], [-90.66347, 19.756694], [-90.661848, 19.759093], [-90.659177, 19.760997], [-90.65627, 19.762157], [-90.650409, 19.766433], [-90.650229, 19.766544], [-90.649534, 19.767453], [-90.648142, 19.76919], [-90.645096, 19.771653], [-90.642452, 19.773989], [-90.640362, 19.775727], [-90.639086, 19.777216], [-90.636646, 19.779036], [-90.63328, 19.782263], [-90.63061, 19.785158], [-90.629392, 19.786605], [-90.628701, 19.787417], [-90.628667, 19.787454], [-90.628612, 19.787514], [-90.628567, 19.787562], [-90.628353, 19.787794], [-90.628139, 19.788026], [-90.627065, 19.787227], [-90.625876, 19.786809], [-90.62305, 19.787974], [-90.621195, 19.789897], [-90.620496, 19.790621], [-90.621558, 19.792056], [-90.621767, 19.792338], [-90.621034, 19.79274], [-90.620748, 19.792908], [-90.620618, 19.792985], [-90.620315, 19.793124], [-90.619851, 19.793338], [-90.619532, 19.793444], [-90.619259, 19.793534], [-90.619003, 19.793618], [-90.618909, 19.793649], [-90.61852, 19.793794], [-90.61839, 19.793843], [-90.618156, 19.79395], [-90.617914, 19.79406], [-90.617593, 19.794207], [-90.617481, 19.794258], [-90.617312, 19.794349], [-90.616423, 19.794828], [-90.616353, 19.794866], [-90.6163, 19.794898], [-90.615823, 19.795195], [-90.615588, 19.795342], [-90.615982, 19.796012], [-90.615921, 19.796066], [-90.615404, 19.795448], [-90.614608, 19.795809], [-90.61406, 19.796144], [-90.613662, 19.796439], [-90.613474, 19.796523], [-90.613453, 19.796738], [-90.613426, 19.797092], [-90.613407, 19.797351], [-90.613392, 19.797549], [-90.613374, 19.79775], [-90.613427, 19.797894], [-90.613498, 19.79804], [-90.613679, 19.798265], [-90.613575, 19.798259], [-90.613433, 19.798224], [-90.613354, 19.798146], [-90.613313, 19.798057], [-90.613256, 19.797947], [-90.613325, 19.796607], [-90.61243, 19.797101], [-90.612307, 19.797212], [-90.612199, 19.797266], [-90.61213, 19.797107], [-90.611338, 19.798247], [-90.61122, 19.798478], [-90.611132, 19.798852], [-90.61106, 19.799152], [-90.610862, 19.799379], [-90.610782, 19.799452], [-90.610611, 19.799697], [-90.609638, 19.80046], [-90.609508, 19.800558], [-90.609269, 19.800779], [-90.609245, 19.800816], [-90.60888, 19.801129], [-90.608768, 19.801225], [-90.608728, 19.801247], [-90.608513, 19.801369], [-90.60814, 19.801521], [-90.608019, 19.801545], [-90.607805, 19.801661], [-90.607538, 19.801976], [-90.606968, 19.802359], [-90.605823, 19.803129], [-90.605121, 19.803601], [-90.604793, 19.803931], [-90.604703, 19.804141], [-90.604667, 19.804191], [-90.604589, 19.804242], [-90.604451, 19.804341], [-90.604255, 19.804466], [-90.604125, 19.804525], [-90.603979, 19.804586], [-90.60394, 19.804928], [-90.60435, 19.805338], [-90.604403, 19.805403], [-90.604083, 19.805575], [-90.603614, 19.804882], [-90.60314, 19.805082], [-90.603013, 19.805269], [-90.602777, 19.805468], [-90.602649, 19.805498], [-90.60258, 19.805549], [-90.602519, 19.805596], [-90.602363, 19.805838], [-90.602249, 19.805973], [-90.60217, 19.806022], [-90.602116, 19.806055], [-90.601989, 19.806096], [-90.601578, 19.806326], [-90.601511, 19.806538], [-90.601347, 19.806625], [-90.601209, 19.806758], [-90.601106, 19.806762], [-90.60109, 19.806798], [-90.601001, 19.806789], [-90.600927, 19.80679], [-90.600503, 19.807099], [-90.60043, 19.807239], [-90.600363, 19.80726], [-90.600214, 19.807535], [-90.600007, 19.807527], [-90.599735, 19.807669], [-90.599649, 19.807676], [-90.599534, 19.807654], [-90.599451, 19.807707], [-90.59939, 19.80776], [-90.59933, 19.807814], [-90.5993, 19.807936], [-90.59901, 19.807952], [-90.598622, 19.808257], [-90.599064, 19.809082], [-90.598438, 19.809541], [-90.599165, 19.810515], [-90.598938, 19.810717], [-90.598826, 19.810829], [-90.598399, 19.811213], [-90.598237, 19.81131], [-90.598126, 19.811383], [-90.597463, 19.810562], [-90.596385, 19.811431], [-90.596951, 19.812092], [-90.598069, 19.811981], [-90.598109, 19.812328], [-90.598194, 19.812506], [-90.598372, 19.813054], [-90.596903, 19.813086], [-90.5958, 19.812405], [-90.594507, 19.813211], [-90.593744, 19.812327], [-90.593645, 19.812196], [-90.592766, 19.812917], [-90.592513, 19.813033], [-90.589373, 19.815796], [-90.58879, 19.816531], [-90.585356, 19.817472], [-90.580126, 19.820465], [-90.575864, 19.822904], [-90.575983, 19.823094], [-90.575544, 19.823321], [-90.575491, 19.823219], [-90.575093, 19.823409], [-90.575119, 19.823496], [-90.574877, 19.823612], [-90.574699, 19.823362], [-90.57404, 19.823611], [-90.57327, 19.823973], [-90.573311, 19.824038], [-90.572278, 19.824648], [-90.571729, 19.824917], [-90.572148, 19.825681], [-90.571696, 19.825922], [-90.571404, 19.825494], [-90.571025, 19.825842], [-90.571605, 19.827017], [-90.571981, 19.826845], [-90.572164, 19.827095], [-90.571447, 19.827545], [-90.570646, 19.826155], [-90.565596, 19.829091], [-90.55961, 19.832085], [-90.559541, 19.832114], [-90.557733, 19.832873], [-90.557496, 19.832582], [-90.557489, 19.832565], [-90.558268, 19.832095], [-90.558813, 19.831774], [-90.559581, 19.83134], [-90.56054, 19.830794], [-90.561354, 19.83031], [-90.561562, 19.8302], [-90.560912, 19.829083], [-90.560597, 19.829254], [-90.560231, 19.829453], [-90.559864, 19.829651], [-90.559749, 19.829004], [-90.559738, 19.828797], [-90.559722, 19.828585], [-90.559696, 19.828046], [-90.559671, 19.827782], [-90.560055, 19.827565], [-90.560383, 19.827381], [-90.560597, 19.827261], [-90.56116, 19.826944], [-90.56137, 19.826826], [-90.561665, 19.82666], [-90.562108, 19.826411], [-90.562401, 19.826239], [-90.562714, 19.826054], [-90.562897, 19.825946], [-90.562991, 19.82589], [-90.562943, 19.825811], [-90.562857, 19.82567], [-90.562573, 19.825209], [-90.561368, 19.825838], [-90.560423, 19.825971], [-90.560144, 19.82601], [-90.559657, 19.826315], [-90.559664, 19.826624], [-90.559578, 19.826658], [-90.559274, 19.825436], [-90.559269, 19.825329], [-90.559266, 19.825116], [-90.559272, 19.824925], [-90.559286, 19.824717], [-90.559268, 19.824522], [-90.559236, 19.824379], [-90.559184, 19.824271], [-90.559131, 19.824163], [-90.558994, 19.823927], [-90.558945, 19.823842], [-90.558844, 19.823655], [-90.55882, 19.823567], [-90.558806, 19.823449], [-90.558876, 19.823293], [-90.558951, 19.82319], [-90.55905, 19.823036], [-90.559457, 19.822161], [-90.559654, 19.821772], [-90.559871, 19.821443], [-90.560093, 19.821118], [-90.560204, 19.820982], [-90.560267, 19.820866], [-90.5603, 19.820744], [-90.560348, 19.820686], [-90.56037, 19.820564], [-90.560477, 19.820369], [-90.560603, 19.820224], [-90.560647, 19.820073], [-90.560701, 19.819546], [-90.560785, 19.81848], [-90.560718, 19.818078], [-90.560742, 19.817907], [-90.560774, 19.817819], [-90.560756, 19.817672], [-90.560822, 19.817379], [-90.560852, 19.817125], [-90.560912, 19.816935], [-90.560914, 19.816784], [-90.56087, 19.816631], [-90.560855, 19.816592], [-90.560867, 19.816499], [-90.561004, 19.816296], [-90.561016, 19.816173], [-90.560935, 19.816065], [-90.560825, 19.815713], [-90.56078, 19.815064], [-90.560782, 19.814913], [-90.560757, 19.814849], [-90.560733, 19.814741], [-90.560756, 19.81457], [-90.56081, 19.814482], [-90.560791, 19.814345], [-90.560747, 19.813946], [-90.559982, 19.813961], [-90.559013, 19.813957], [-90.558497, 19.814002], [-90.558371, 19.814014], [-90.558059, 19.814107], [-90.557751, 19.813966], [-90.557245, 19.81499], [-90.556416, 19.814845], [-90.555835, 19.814711], [-90.556268, 19.813324], [-90.55528, 19.813075], [-90.554854, 19.814461], [-90.554461, 19.814345], [-90.554182, 19.814212], [-90.55341, 19.813846], [-90.552494, 19.813232], [-90.55268, 19.812741], [-90.553816, 19.809749], [-90.550995, 19.808749], [-90.550195, 19.808872], [-90.54993, 19.809621], [-90.54808, 19.809255], [-90.547244, 19.80914], [-90.544584, 19.808833], [-90.544765, 19.80931], [-90.544896, 19.809763], [-90.544801, 19.81054], [-90.54472, 19.810749], [-90.544527, 19.81125], [-90.544382, 19.811708], [-90.544178, 19.812357], [-90.544065, 19.812715], [-90.543945, 19.813095], [-90.543683, 19.812997], [-90.543157, 19.812799], [-90.542566, 19.812578], [-90.54169, 19.8123], [-90.54124, 19.812175], [-90.540779, 19.812044], [-90.540522, 19.812112], [-90.539995, 19.812125], [-90.539766, 19.81213], [-90.539562, 19.812135], [-90.539032, 19.812133], [-90.538948, 19.812133], [-90.538674, 19.812074], [-90.53855, 19.812015], [-90.53849, 19.812603], [-90.538617, 19.813248], [-90.538875, 19.813851], [-90.538958, 19.814443], [-90.538339, 19.814524], [-90.537787, 19.814597], [-90.537312, 19.81466], [-90.536418, 19.81479], [-90.53625, 19.814904], [-90.535755, 19.815238], [-90.535408, 19.815051], [-90.534941, 19.814875], [-90.534286, 19.814852], [-90.534201, 19.814844], [-90.533379, 19.814774], [-90.532378, 19.814728], [-90.531086, 19.81467], [-90.530777, 19.814656], [-90.530542, 19.814647], [-90.530511, 19.814646], [-90.530062, 19.814628], [-90.53003, 19.814627], [-90.529924, 19.814623], [-90.529778, 19.814674], [-90.529598, 19.814757], [-90.529596, 19.814806], [-90.529581, 19.814847], [-90.529527, 19.814934], [-90.5295, 19.815043], [-90.529439, 19.816922], [-90.52947, 19.817293], [-90.529509, 19.817604], [-90.529577, 19.817877], [-90.529652, 19.818185], [-90.529771, 19.81847], [-90.529894, 19.818778], [-90.53001, 19.819026], [-90.530193, 19.819342], [-90.530424, 19.819678], [-90.530526, 19.819825], [-90.530703, 19.820081], [-90.530979, 19.820504], [-90.531197, 19.82084], [-90.531397, 19.821149], [-90.531459, 19.821246], [-90.531738, 19.821678], [-90.532288, 19.822532], [-90.532944, 19.823541], [-90.532728, 19.823634], [-90.532164, 19.823923], [-90.531839, 19.824068], [-90.531367, 19.824201], [-90.530701, 19.824292], [-90.530153, 19.82434], [-90.529558, 19.824411], [-90.528989, 19.824479], [-90.529002, 19.824911], [-90.529016, 19.825345], [-90.529029, 19.825783], [-90.529044, 19.826284], [-90.526755, 19.826199], [-90.526765, 19.826043], [-90.52677, 19.825983], [-90.526788, 19.825712], [-90.5268, 19.825525], [-90.526824, 19.825134], [-90.526833, 19.82499], [-90.526835, 19.824952], [-90.526838, 19.824913], [-90.526825, 19.824604], [-90.526805, 19.824606], [-90.526671, 19.824616], [-90.526614, 19.82462], [-90.526423, 19.824698], [-90.526348, 19.824746], [-90.526304, 19.824797], [-90.526242, 19.824897], [-90.526224, 19.824931], [-90.526207, 19.824964], [-90.526198, 19.825002], [-90.526173, 19.825108], [-90.526159, 19.825292], [-90.526141, 19.825466], [-90.526136, 19.825588], [-90.526101, 19.825697], [-90.526068, 19.825777], [-90.525963, 19.825882], [-90.525896, 19.825919], [-90.525851, 19.825943], [-90.525757, 19.825984], [-90.525685, 19.826046], [-90.52562, 19.82615], [-90.525592, 19.826225], [-90.525523, 19.826408], [-90.525385, 19.826834], [-90.524748, 19.826717], [-90.524623, 19.827004], [-90.524123, 19.827342], [-90.524012, 19.827423], [-90.523802, 19.82742], [-90.523573, 19.827442], [-90.523226, 19.827641], [-90.523004, 19.827464], [-90.522946, 19.827368], [-90.522904, 19.827297], [-90.52292, 19.827171], [-90.522968, 19.827065], [-90.52265, 19.826801], [-90.522539, 19.826746], [-90.522449, 19.826731], [-90.522152, 19.82668], [-90.521587, 19.826565], [-90.521253, 19.826436], [-90.520778, 19.826285], [-90.520728, 19.826263], [-90.520334, 19.826084], [-90.52005, 19.825963], [-90.520093, 19.825299], [-90.519292, 19.82532], [-90.519255, 19.82503], [-90.518848, 19.825012], [-90.518453, 19.825036], [-90.518402, 19.825041], [-90.518344, 19.825088], [-90.518197, 19.825195], [-90.518095, 19.825264], [-90.517998, 19.825326], [-90.518039, 19.825442], [-90.517021, 19.825568], [-90.516337, 19.825633], [-90.516265, 19.826078], [-90.516173, 19.82611], [-90.516041, 19.826111], [-90.515682, 19.826106], [-90.515525, 19.826056], [-90.515304, 19.825995], [-90.515269, 19.826084], [-90.515205, 19.826245], [-90.515154, 19.826414], [-90.515074, 19.826584], [-90.514947, 19.826812], [-90.514878, 19.827046], [-90.514859, 19.827143], [-90.514848, 19.827261], [-90.514812, 19.827629], [-90.514776, 19.828029], [-90.51478, 19.828279], [-90.515114, 19.829006], [-90.515165, 19.829056], [-90.515321, 19.829141], [-90.515421, 19.829197], [-90.515636, 19.829315], [-90.515294, 19.829838], [-90.514913, 19.829613], [-90.514554, 19.830121], [-90.514205, 19.830672], [-90.514576, 19.830905], [-90.514246, 19.831428], [-90.51392, 19.832074], [-90.51351, 19.831879], [-90.513282, 19.83177], [-90.513143, 19.831737], [-90.512326, 19.831541], [-90.511815, 19.831446], [-90.511484, 19.831358], [-90.511273, 19.831323], [-90.510867, 19.82984], [-90.510719, 19.829301], [-90.510518, 19.828699], [-90.510092, 19.827315], [-90.509254, 19.824158], [-90.507974, 19.819493], [-90.507469, 19.817556], [-90.506597, 19.814256], [-90.506584, 19.814205], [-90.50592, 19.811516], [-90.50428, 19.804877], [-90.503041, 19.799158], [-90.502439, 19.796849], [-90.501509, 19.79297], [-90.502386, 19.79315], [-90.50223, 19.792513], [-90.506072, 19.779561], [-90.507042, 19.769865], [-90.504423, 19.769786], [-90.502541, 19.769921], [-90.50188, 19.770205], [-90.501133, 19.770458], [-90.500811, 19.770786], [-90.500767, 19.771023], [-90.500545, 19.771057], [-90.500163, 19.771123], [-90.499942, 19.771152], [-90.499731, 19.771116], [-90.499464, 19.770878], [-90.4992, 19.77079], [-90.498337, 19.770484], [-90.497372, 19.770454], [-90.496293, 19.770565], [-90.495537, 19.770797], [-90.49413, 19.771229], [-90.494271, 19.772117], [-90.493917, 19.772045], [-90.493316, 19.772242], [-90.492595, 19.772452], [-90.491826, 19.772719], [-90.491578, 19.771492], [-90.490473, 19.77187], [-90.490029, 19.769932], [-90.489456, 19.768142], [-90.481608, 19.768238]]], [[[-91.939024, 21.003281], [-91.939388, 20.951653], [-92.001887, 20.95203], [-92.001544, 21.003659], [-91.939024, 21.003281]]], [[[-91.938637, 21.236213], [-91.939006, 21.184586], [-92.001602, 21.184968], [-92.001255, 21.236595], [-91.938637, 21.236213]]]]}, "properties": {"numero": 6, "etiqueta": "Distrito local 6"}}, {"type": "Feature", "geometry": {"type": "MultiPolygon", "coordinates": [[[[-90.493611, 19.853577], [-90.493595, 19.853634], [-90.493513, 19.853939], [-90.493415, 19.854301], [-90.493321, 19.854646], [-90.493277, 19.854807], [-90.493239, 19.854949], [-90.493154, 19.855261], [-90.493055, 19.855641], [-90.493021, 19.855774], [-90.492969, 19.856146], [-90.49293, 19.856354], [-90.492798, 19.856956], [-90.492796, 19.856968], [-90.492682, 19.857492], [-90.492657, 19.857721], [-90.492665, 19.857848], [-90.492665, 19.857849], [-90.492669, 19.857909], [-90.492673, 19.857968], [-90.492704, 19.858098], [-90.492717, 19.858154], [-90.492718, 19.858155], [-90.49279, 19.858364], [-90.4928, 19.858393], [-90.492802, 19.858398], [-90.492813, 19.85843], [-90.492823, 19.858458], [-90.492854, 19.858548], [-90.492855, 19.858548], [-90.492892, 19.858656], [-90.492892, 19.858657], [-90.492893, 19.858658], [-90.492944, 19.858854], [-90.492944, 19.858855], [-90.492982, 19.859001], [-90.492983, 19.859002], [-90.492983, 19.859002], [-90.492984, 19.859008], [-90.492984, 19.859009], [-90.493004, 19.859116], [-90.493004, 19.859117], [-90.493005, 19.85912], [-90.49307, 19.859336], [-90.49307, 19.859337], [-90.493225, 19.859864], [-90.493225, 19.859866], [-90.493225, 19.859934], [-90.493225, 19.860007], [-90.493225, 19.860031], [-90.493225, 19.860031], [-90.493225, 19.860214], [-90.493225, 19.860214], [-90.493215, 19.860246], [-90.493214, 19.860248], [-90.493208, 19.860269], [-90.493208, 19.860269], [-90.492935, 19.861159], [-90.492699, 19.861928], [-90.492614, 19.862199], [-90.492535, 19.862453], [-90.492458, 19.862553], [-90.492387, 19.862644], [-90.492319, 19.862733], [-90.492169, 19.862927], [-90.492141, 19.862965], [-90.492029, 19.863109], [-90.492059, 19.863151], [-90.492092, 19.863195], [-90.492338, 19.863534], [-90.492523, 19.863788], [-90.492582, 19.863868], [-90.492798, 19.864165], [-90.492989, 19.864427], [-90.493047, 19.864507], [-90.493199, 19.864404], [-90.493813, 19.863989], [-90.494073, 19.864272], [-90.493893, 19.864393], [-90.493633, 19.864569], [-90.49331, 19.864787], [-90.493267, 19.86481], [-90.492874, 19.865024], [-90.493297, 19.865546], [-90.493386, 19.865672], [-90.49379, 19.866243], [-90.493822, 19.866297], [-90.493476, 19.866527], [-90.493139, 19.866735], [-90.493363, 19.867055], [-90.493602, 19.867397], [-90.493941, 19.867177], [-90.494223, 19.866995], [-90.494347, 19.86718], [-90.494238, 19.867252], [-90.493733, 19.867585], [-90.493378, 19.867819], [-90.492785, 19.868211], [-90.492192, 19.868603], [-90.492119, 19.86865], [-90.492034, 19.868705], [-90.492421, 19.869251], [-90.492882, 19.869901], [-90.493339, 19.870535], [-90.493787, 19.871157], [-90.494019, 19.871479], [-90.495061, 19.870796], [-90.495197, 19.870708], [-90.495201, 19.870705], [-90.495287, 19.870649], [-90.49582, 19.8703], [-90.495829, 19.870294], [-90.496027, 19.870164], [-90.497258, 19.869358], [-90.497282, 19.869387], [-90.497434, 19.869566], [-90.497598, 19.869759], [-90.497791, 19.869793], [-90.498312, 19.869884], [-90.498452, 19.869793], [-90.498764, 19.86959], [-90.499067, 19.869394], [-90.499297, 19.869706], [-90.499392, 19.869835], [-90.499591, 19.869718], [-90.499664, 19.869842], [-90.499686, 19.869873], [-90.499525, 19.869974], [-90.499319, 19.870094], [-90.499041, 19.87027], [-90.498402, 19.870688], [-90.497543, 19.871238], [-90.497068, 19.871557], [-90.496086, 19.87222], [-90.495838, 19.872541], [-90.495479, 19.872924], [-90.49536, 19.873032], [-90.495164, 19.873169], [-90.495034, 19.873232], [-90.494905, 19.873296], [-90.49447, 19.873456], [-90.494051, 19.873578], [-90.493868, 19.873645], [-90.492764, 19.874394], [-90.492054, 19.874842], [-90.491656, 19.875061], [-90.491311, 19.875214], [-90.49091, 19.875366], [-90.490261, 19.875563], [-90.489654, 19.87573], [-90.489096, 19.875897], [-90.488684, 19.87608], [-90.488282, 19.876286], [-90.488174, 19.876352], [-90.488066, 19.876418], [-90.488405, 19.876742], [-90.48862, 19.877451], [-90.489069, 19.877649], [-90.489291, 19.877866], [-90.489628, 19.878021], [-90.489693, 19.878193], [-90.48978, 19.878407], [-90.489846, 19.878494], [-90.48998, 19.878581], [-90.490228, 19.878628], [-90.490362, 19.878715], [-90.490314, 19.878885], [-90.490427, 19.878887], [-90.490563, 19.87891], [-90.490717, 19.879126], [-90.490671, 19.879211], [-90.490805, 19.87932], [-90.490915, 19.879514], [-90.490753, 19.879746], [-90.490639, 19.879809], [-90.490592, 19.879915], [-90.490591, 19.879958], [-90.490749, 19.880003], [-90.490975, 19.880006], [-90.491245, 19.880053], [-90.491334, 19.880118], [-90.491376, 19.880354], [-90.491216, 19.880437], [-90.491036, 19.880392], [-90.490901, 19.880368], [-90.490765, 19.880388], [-90.490718, 19.880515], [-90.490784, 19.880623], [-90.490782, 19.880773], [-90.490691, 19.880793], [-90.490622, 19.880877], [-90.490621, 19.880963], [-90.490618, 19.881134], [-90.490729, 19.881264], [-90.490863, 19.881372], [-90.490771, 19.881435], [-90.490658, 19.881476], [-90.490522, 19.881496], [-90.490431, 19.881537], [-90.490294, 19.881642], [-90.490203, 19.881684], [-90.490089, 19.881704], [-90.490043, 19.881767], [-90.489973, 19.881937], [-90.489947, 19.882129], [-90.48972, 19.88219], [-90.489587, 19.88206], [-90.489271, 19.882013], [-90.48891, 19.882008], [-90.488725, 19.882261], [-90.488543, 19.882302], [-90.488448, 19.882642], [-90.488442, 19.883027], [-90.487988, 19.883106], [-90.48803, 19.883363], [-90.488117, 19.883578], [-90.488201, 19.883964], [-90.488108, 19.884134], [-90.487921, 19.884516], [-90.488189, 19.886213], [-90.488074, 19.886956], [-90.487146, 19.888857], [-90.485986, 19.891088], [-90.484942, 19.893071], [-90.484013, 19.894559], [-90.482733, 19.89522], [-90.481803, 19.896377], [-90.481279, 19.896666], [-90.480756, 19.896955], [-90.480057, 19.89712], [-90.479359, 19.897781], [-90.478778, 19.898525], [-90.478079, 19.898773], [-90.477881, 19.899232], [-90.477152, 19.900921], [-90.474937, 19.905333], [-90.476228, 19.90464], [-90.477273, 19.902905], [-90.477624, 19.903483], [-90.477974, 19.904061], [-90.477395, 19.905301], [-90.4767, 19.907449], [-90.476005, 19.909267], [-90.475776, 19.911168], [-90.476477, 19.911994], [-90.476245, 19.912779], [-90.476014, 19.913564], [-90.475781, 19.914061], [-90.475202, 19.915299], [-90.474332, 19.916972], [-90.474041, 19.91753], [-90.473345, 19.918852], [-90.472066, 19.920257], [-90.472651, 19.921248], [-90.472306, 19.923645], [-90.471377, 19.925215], [-90.470682, 19.927115], [-90.469636, 19.928272], [-90.468705, 19.929263], [-90.467658, 19.929924], [-90.466494, 19.930668], [-90.465329, 19.931246], [-90.464164, 19.931246], [-90.462533, 19.931411], [-90.461484, 19.931494], [-90.461369, 19.932155], [-90.461953, 19.933147], [-90.461256, 19.934303], [-90.460444, 19.935791], [-90.459514, 19.937195], [-90.459052, 19.939096], [-90.458704, 19.940087], [-90.457104, 19.942525], [-90.457091, 19.943765], [-90.457076, 19.945088], [-90.456599, 19.946075], [-90.456473, 19.9469], [-90.455412, 19.948045], [-90.454936, 19.948867], [-90.454111, 19.949684], [-90.453401, 19.950668], [-90.452693, 19.951486], [-90.452101, 19.952306], [-90.452095, 19.952885], [-90.452201, 19.953796], [-90.452192, 19.954622], [-90.451589, 19.956434], [-90.45158, 19.957261], [-90.451219, 19.958249], [-90.45086, 19.959155], [-90.450503, 19.959812], [-90.450034, 19.960054], [-90.449212, 19.960541], [-90.44863, 19.960534], [-90.448163, 19.960611], [-90.447465, 19.960437], [-90.447118, 19.960268], [-90.44642, 19.960094], [-90.446069, 19.960255], [-90.44595, 19.960419], [-90.445943, 19.961081], [-90.446287, 19.961581], [-90.447103, 19.961591], [-90.447801, 19.961682], [-90.448268, 19.961605], [-90.448855, 19.961281], [-90.449204, 19.961285], [-90.449675, 19.960877], [-90.450142, 19.9608], [-90.450725, 19.960807], [-90.450957, 19.960892], [-90.451537, 19.961147], [-90.45223, 19.961652], [-90.452919, 19.962652], [-90.453142, 19.963564], [-90.453366, 19.964394], [-90.453352, 19.965634], [-90.453332, 19.967453], [-90.453208, 19.968113], [-90.452971, 19.968441], [-90.4525, 19.968849], [-90.452261, 19.969425], [-90.451906, 19.969917], [-90.451436, 19.970242], [-90.451199, 19.97057], [-90.450842, 19.971227], [-90.451188, 19.971562], [-90.451651, 19.971816], [-90.452118, 19.971739], [-90.451993, 19.972564], [-90.451402, 19.973301], [-90.451044, 19.974041], [-90.450923, 19.974371], [-90.45033, 19.975356], [-90.450555, 19.976103], [-90.45126, 19.975532], [-90.451847, 19.975209], [-90.452432, 19.974967], [-90.453364, 19.975061], [-90.453831, 19.974984], [-90.454302, 19.974494], [-90.455699, 19.974676], [-90.456746, 19.974853], [-90.457212, 19.974942], [-90.45803, 19.974703], [-90.458614, 19.974628], [-90.459665, 19.974475], [-90.459552, 19.974142], [-90.459556, 19.973729], [-90.459791, 19.973566], [-90.46014, 19.973653], [-90.46049, 19.973657], [-90.461297, 19.974411], [-90.461641, 19.974912], [-90.461866, 19.975658], [-90.461862, 19.976072], [-90.462561, 19.97608], [-90.462439, 19.976575], [-90.46243, 19.977402], [-90.463465, 19.978654], [-90.463573, 19.9794], [-90.465193, 19.980494], [-90.465304, 19.980991], [-90.465529, 19.981738], [-90.465294, 19.981901], [-90.465177, 19.981982], [-90.464938, 19.982476], [-90.464818, 19.982805], [-90.465048, 19.983056], [-90.465166, 19.982974], [-90.466449, 19.982907], [-90.466907, 19.983657], [-90.467826, 19.984908], [-90.467703, 19.985485], [-90.467347, 19.98606], [-90.467225, 19.986472], [-90.466639, 19.986796], [-90.466172, 19.986873], [-90.465469, 19.987195], [-90.464651, 19.987351], [-90.464184, 19.987428], [-90.463363, 19.987915], [-90.462771, 19.988734], [-90.462881, 19.989315], [-90.46405, 19.988998], [-90.464755, 19.98851], [-90.465808, 19.988192], [-90.466744, 19.987872], [-90.467796, 19.987554], [-90.468035, 19.98706], [-90.468394, 19.986238], [-90.468633, 19.985662], [-90.468986, 19.985418], [-90.469327, 19.986166], [-90.469313, 19.987406], [-90.469302, 19.988481], [-90.469289, 19.989639], [-90.46928, 19.990465], [-90.469507, 19.990964], [-90.469266, 19.991706], [-90.469028, 19.992199], [-90.469376, 19.992286], [-90.47042, 19.992794], [-90.471229, 19.993465], [-90.471683, 19.994546], [-90.471557, 19.995371], [-90.471091, 19.995366], [-90.470033, 19.99618], [-90.468746, 19.996578], [-90.467807, 19.997146], [-90.465932, 19.998033], [-90.464992, 19.998684], [-90.463817, 19.999497], [-90.463225, 20.000317], [-90.462638, 20.000723], [-90.462512, 20.001549], [-90.462394, 20.001713], [-90.461696, 20.001539], [-90.461348, 20.001369], [-90.461109, 20.001945], [-90.461224, 20.002112], [-90.46157, 20.002447], [-90.461801, 20.002615], [-90.461909, 20.003361], [-90.461894, 20.004766], [-90.46247, 20.005352], [-90.46257, 20.006842], [-90.462675, 20.007918], [-90.463017, 20.008583], [-90.463013, 20.008997], [-90.462891, 20.009492], [-90.462416, 20.01023], [-90.462412, 20.010644], [-90.462991, 20.010981], [-90.46239, 20.012545], [-90.462148, 20.013369], [-90.462021, 20.01436], [-90.463303, 20.014375], [-90.463765, 20.014794], [-90.464112, 20.015046], [-90.465386, 20.015806], [-90.467411, 20.018328], [-90.467571, 20.018561], [-90.467681, 20.019099], [-90.467792, 20.019638], [-90.467898, 20.020549], [-90.468011, 20.020881], [-90.467542, 20.021124], [-90.467071, 20.021532], [-90.467185, 20.021781], [-90.467533, 20.02195], [-90.468, 20.021873], [-90.468351, 20.021795], [-90.469622, 20.022885], [-90.470314, 20.023555], [-90.470885, 20.024636], [-90.471573, 20.025637], [-90.472615, 20.026311], [-90.473773, 20.027069], [-90.473768, 20.027565], [-90.47434, 20.028481], [-90.474445, 20.029557], [-90.475378, 20.029568], [-90.475842, 20.029739], [-90.476073, 20.02999], [-90.475599, 20.030646], [-90.475125, 20.031385], [-90.475468, 20.031967], [-90.475705, 20.031639], [-90.476414, 20.030821], [-90.477113, 20.030829], [-90.477344, 20.030997], [-90.477689, 20.031497], [-90.478146, 20.03233], [-90.478488, 20.033078], [-90.479062, 20.033912], [-90.478934, 20.034903], [-90.479032, 20.03664], [-90.478785, 20.037878], [-90.479006, 20.038955], [-90.479464, 20.039705], [-90.479574, 20.040368], [-90.479452, 20.04078], [-90.479331, 20.041192], [-90.478978, 20.041518], [-90.478626, 20.04168], [-90.478506, 20.042009], [-90.478385, 20.042421], [-90.478735, 20.042425], [-90.479203, 20.042265], [-90.479789, 20.042024], [-90.480139, 20.041946], [-90.480598, 20.042613], [-90.481525, 20.043202], [-90.482098, 20.044119], [-90.484738, 20.047954], [-90.484958, 20.049197], [-90.484725, 20.049111], [-90.484141, 20.049187], [-90.484135, 20.049766], [-90.484484, 20.049853], [-90.484949, 20.049941], [-90.484826, 20.050601], [-90.48482, 20.051097], [-90.485171, 20.051018], [-90.48529, 20.050772], [-90.48564, 20.050776], [-90.485873, 20.050779], [-90.486101, 20.051277], [-90.487579, 20.054768], [-90.488499, 20.055936], [-90.489411, 20.057849], [-90.489859, 20.059591], [-90.489852, 20.06017], [-90.489378, 20.060826], [-90.489142, 20.061154], [-90.489488, 20.061488], [-90.489605, 20.061407], [-90.48984, 20.061245], [-90.490309, 20.061085], [-90.490655, 20.06142], [-90.490763, 20.062165], [-90.490872, 20.062911], [-90.490279, 20.063813], [-90.488865, 20.06512], [-90.488391, 20.065776], [-90.487443, 20.06717], [-90.48649, 20.068978], [-90.486239, 20.070546], [-90.486107, 20.071951], [-90.485855, 20.073684], [-90.485953, 20.075422], [-90.485701, 20.077073], [-90.485462, 20.077566], [-90.485212, 20.079134], [-90.485199, 20.080292], [-90.485484, 20.080916], [-90.485769, 20.081539], [-90.486112, 20.082122], [-90.485873, 20.082698], [-90.485462, 20.082941], [-90.485051, 20.083184], [-90.48447, 20.08293], [-90.484356, 20.082721], [-90.484242, 20.082513], [-90.48366, 20.082382], [-90.483078, 20.082252], [-90.482905, 20.082043], [-90.482733, 20.081834], [-90.482376, 20.082409], [-90.482607, 20.082659], [-90.482837, 20.08291], [-90.483182, 20.08341], [-90.483995, 20.083751], [-90.484518, 20.083881], [-90.485042, 20.084011], [-90.485509, 20.083934], [-90.485911, 20.084518], [-90.486313, 20.085101], [-90.486413, 20.086591], [-90.48623, 20.087292], [-90.486048, 20.087992], [-90.486149, 20.089399], [-90.485907, 20.090141], [-90.4859, 20.090844], [-90.485892, 20.091546], [-90.48565, 20.09237], [-90.485176, 20.093026], [-90.484702, 20.093682], [-90.484232, 20.094007], [-90.483761, 20.094333], [-90.483172, 20.094863], [-90.482583, 20.095394], [-90.481647, 20.095631], [-90.480831, 20.095621], [-90.480234, 20.096854], [-90.480114, 20.097184], [-90.479635, 20.098253], [-90.480332, 20.09851], [-90.480909, 20.099095], [-90.480846, 20.099508], [-90.480783, 20.099921], [-90.480486, 20.100413], [-90.480189, 20.100906], [-90.479477, 20.102055], [-90.479118, 20.102795], [-90.478869, 20.104281], [-90.479442, 20.105197], [-90.479897, 20.106277], [-90.480067, 20.106693], [-90.480237, 20.107108], [-90.479996, 20.10785], [-90.47964, 20.108342], [-90.479053, 20.108748], [-90.478854, 20.11097], [-90.333525, 20.106307], [-90.327076, 20.106145], [-90.296574, 20.105376], [-90.28673, 20.105126], [-90.286969, 20.098487], [-90.287438, 20.085457], [-90.231832, 20.072576], [-90.216656, 20.069057], [-90.212299, 20.068045], [-90.210415, 20.067608], [-90.166905, 20.057463], [-90.146632, 20.052745], [-90.14718, 20.028777], [-90.117623, 20.025437], [-90.117024, 20.025375], [-90.116425, 20.025313], [-90.115228, 20.025189], [-90.106773, 20.024317], [-90.105877, 19.996129], [-90.101501, 19.990961], [-90.067483, 19.950769], [-90.036331, 19.913942], [-90.023682, 19.898982], [-90.066499, 19.833781], [-90.094066, 19.791765], [-90.098875, 19.784432], [-90.106845, 19.788899], [-90.131066, 19.802473], [-90.133358, 19.803757], [-90.141141, 19.808118], [-90.142168, 19.808693], [-90.163418, 19.820596], [-90.163825, 19.820824], [-90.210248, 19.846813], [-90.240958, 19.863994], [-90.261943, 19.87573], [-90.269899, 19.880178], [-90.276813, 19.861908], [-90.28251, 19.846851], [-90.282689, 19.84638], [-90.28317, 19.845106], [-90.283623, 19.843911], [-90.285596, 19.838695], [-90.286743, 19.835662], [-90.324502, 19.839565], [-90.328326, 19.851056], [-90.355427, 19.850398], [-90.383501, 19.85124], [-90.442444, 19.850928], [-90.437212, 19.856216], [-90.436167, 19.858033], [-90.433959, 19.860842], [-90.432568, 19.864147], [-90.432574, 19.867369], [-90.434106, 19.867405], [-90.4504, 19.867786], [-90.455312, 19.867982], [-90.456351, 19.865885], [-90.456514, 19.865627], [-90.45722, 19.864504], [-90.458234, 19.863203], [-90.458324, 19.86309], [-90.458897, 19.86238], [-90.459459, 19.861678], [-90.461867, 19.858733], [-90.462445, 19.858048], [-90.465165, 19.854761], [-90.465202, 19.854715], [-90.466699, 19.852858], [-90.467449, 19.851977], [-90.467776, 19.851353], [-90.468106, 19.850479], [-90.468553, 19.850645], [-90.469195, 19.850865], [-90.469542, 19.850979], [-90.4697, 19.851019], [-90.469862, 19.851033], [-90.470023, 19.851007], [-90.470178, 19.850955], [-90.470301, 19.850843], [-90.470423, 19.85067], [-90.470501, 19.850433], [-90.470578, 19.850162], [-90.470647, 19.849855], [-90.470763, 19.849486], [-90.470839, 19.849367], [-90.470949, 19.849275], [-90.471079, 19.849213], [-90.471199, 19.849188], [-90.471418, 19.84918], [-90.472575, 19.849188], [-90.473873, 19.849191], [-90.474559, 19.849195], [-90.474888, 19.849244], [-90.475227, 19.849371], [-90.475757, 19.849535], [-90.47654, 19.849822], [-90.477066, 19.850192], [-90.477595, 19.850417], [-90.477805, 19.85046], [-90.477987, 19.850447], [-90.478152, 19.850393], [-90.478559, 19.850159], [-90.478861, 19.850038], [-90.479061, 19.850027], [-90.479385, 19.850102], [-90.479696, 19.850239], [-90.479972, 19.850442], [-90.480219, 19.850594], [-90.480327, 19.85066], [-90.480632, 19.850848], [-90.480669, 19.850871], [-90.480744, 19.850917], [-90.481048, 19.851105], [-90.481091, 19.851131], [-90.481148, 19.851169], [-90.481362, 19.851308], [-90.481409, 19.851338], [-90.481606, 19.851466], [-90.481808, 19.851579], [-90.481898, 19.85163], [-90.482175, 19.851713], [-90.482275, 19.851742], [-90.482592, 19.851771], [-90.48292, 19.851801], [-90.48318, 19.851804], [-90.483435, 19.851778], [-90.483943, 19.851709], [-90.484119, 19.851708], [-90.485043, 19.851707], [-90.485307, 19.851706], [-90.485723, 19.851762], [-90.485882, 19.851792], [-90.486052, 19.851824], [-90.486222, 19.851856], [-90.486692, 19.852032], [-90.487098, 19.852175], [-90.487319, 19.852254], [-90.487653, 19.852351], [-90.48777, 19.852391], [-90.487959, 19.852417], [-90.488158, 19.852432], [-90.488354, 19.852408], [-90.488614, 19.852345], [-90.488771, 19.852297], [-90.489843, 19.85161], [-90.490158, 19.851407], [-90.490769, 19.851015], [-90.49091, 19.850925], [-90.491263, 19.850691], [-90.49151, 19.850525], [-90.491627, 19.850448], [-90.491736, 19.850376], [-90.492118, 19.850121], [-90.492462, 19.849892], [-90.49293, 19.849594], [-90.493201, 19.849421], [-90.493328, 19.849309], [-90.49338, 19.849231], [-90.493423, 19.849163], [-90.493467, 19.849081], [-90.493505, 19.848963], [-90.493542, 19.848844], [-90.493595, 19.848677], [-90.493679, 19.848411], [-90.4937, 19.848376], [-90.49372, 19.848341], [-90.493752, 19.848278], [-90.493817, 19.848197], [-90.493853, 19.848162], [-90.493889, 19.848127], [-90.493989, 19.84805], [-90.494245, 19.847899], [-90.494679, 19.847643], [-90.495062, 19.847418], [-90.495376, 19.847233], [-90.49583, 19.846966], [-90.495936, 19.846903], [-90.496464, 19.84659], [-90.496675, 19.846492], [-90.496754, 19.846467], [-90.496869, 19.84645], [-90.497003, 19.846459], [-90.497206, 19.846462], [-90.497371, 19.846467], [-90.498235, 19.84648], [-90.498468, 19.846446], [-90.498641, 19.847009], [-90.498818, 19.847583], [-90.497976, 19.847786], [-90.497924, 19.848187], [-90.497586, 19.848165], [-90.497007, 19.849673], [-90.496814, 19.850064], [-90.496665, 19.850312], [-90.496468, 19.850376], [-90.495956, 19.850274], [-90.495893, 19.850261], [-90.495513, 19.850185], [-90.495157, 19.850114], [-90.494355, 19.851027], [-90.494138, 19.851635], [-90.494053, 19.851948], [-90.493964, 19.852276], [-90.49389, 19.852549], [-90.493871, 19.852618], [-90.493814, 19.85283], [-90.493798, 19.852886], [-90.493721, 19.85317], [-90.493691, 19.853282], [-90.493611, 19.853577]]]]}, "properties": {"numero": 7, "etiqueta": "Distrito local 7"}}, {"type": "Feature", "geometry": {"type": "MultiPolygon", "coordinates": [[[[-91.818515, 18.629715], [-91.818934, 18.629411], [-91.819248, 18.629171], [-91.819614, 18.628962], [-91.819768, 18.62894], [-91.820025, 18.629148], [-91.820011, 18.629171], [-91.820078, 18.629217], [-91.820159, 18.629249], [-91.820202, 18.62925], [-91.820255, 18.629332], [-91.820264, 18.629406], [-91.820253, 18.629506], [-91.820301, 18.629525], [-91.820359, 18.629507], [-91.820406, 18.629591], [-91.820557, 18.629678], [-91.820712, 18.629779], [-91.820856, 18.629849], [-91.820916, 18.629906], [-91.821013, 18.629978], [-91.821152, 18.630018], [-91.821301, 18.630062], [-91.821368, 18.630085], [-91.821521, 18.630159], [-91.821589, 18.630172], [-91.821743, 18.630253], [-91.821944, 18.630291], [-91.822144, 18.630348], [-91.822365, 18.630478], [-91.82241, 18.63051], [-91.82251, 18.630542], [-91.822513, 18.630622], [-91.822502, 18.630721], [-91.822502, 18.630769], [-91.822624, 18.630904], [-91.822715, 18.631026], [-91.822802, 18.63115], [-91.822845, 18.631271], [-91.822733, 18.631366], [-91.822695, 18.631442], [-91.822683, 18.631496], [-91.822711, 18.631498], [-91.82272, 18.631525], [-91.82269, 18.631528], [-91.822681, 18.631547], [-91.822733, 18.631543], [-91.822736, 18.631571], [-91.822676, 18.631573], [-91.82269, 18.631614], [-91.822693, 18.631658], [-91.822701, 18.631697], [-91.822711, 18.63172], [-91.822693, 18.631776], [-91.822671, 18.631794], [-91.822665, 18.631848], [-91.822637, 18.63188], [-91.822512, 18.631937], [-91.822497, 18.63196], [-91.822429, 18.632012], [-91.822369, 18.632047], [-91.822299, 18.632063], [-91.822232, 18.632074], [-91.822106, 18.632125], [-91.821981, 18.632163], [-91.821821, 18.632205], [-91.821645, 18.632258], [-91.82147, 18.632526], [-91.821675, 18.632871], [-91.821645, 18.632983], [-91.821602, 18.633076], [-91.821545, 18.633174], [-91.821493, 18.633235], [-91.821405, 18.63332], [-91.821261, 18.633279], [-91.821153, 18.633428], [-91.821404, 18.633492], [-91.821353, 18.633643], [-91.821174, 18.633795], [-91.821109, 18.634048], [-91.821062, 18.634283], [-91.821032, 18.634374], [-91.820999, 18.634494], [-91.820962, 18.634605], [-91.820931, 18.634716], [-91.820907, 18.634895], [-91.820892, 18.634964], [-91.82088, 18.635071], [-91.82087, 18.635157], [-91.820861, 18.635257], [-91.820847, 18.635353], [-91.820855, 18.635441], [-91.820864, 18.63551], [-91.82088, 18.635595], [-91.820899, 18.635657], [-91.820926, 18.635716], [-91.820875, 18.636009], [-91.820754, 18.63625], [-91.82052, 18.636272], [-91.820508, 18.636634], [-91.820464, 18.636683], [-91.820533, 18.636732], [-91.820695, 18.636601], [-91.820658, 18.636573], [-91.820664, 18.636461], [-91.820747, 18.636334], [-91.82078, 18.636337], [-91.820849, 18.6363], [-91.820828, 18.636271], [-91.820868, 18.63614], [-91.820942, 18.63618], [-91.821006, 18.636124], [-91.820956, 18.636093], [-91.82107, 18.635896], [-91.821148, 18.635724], [-91.821249, 18.635793], [-91.821247, 18.635703], [-91.821325, 18.635564], [-91.821493, 18.635621], [-91.821496, 18.6356], [-91.821402, 18.635569], [-91.821417, 18.63553], [-91.821414, 18.635495], [-91.821381, 18.635461], [-91.82133, 18.635414], [-91.821401, 18.635226], [-91.821445, 18.635265], [-91.821501, 18.635298], [-91.82153, 18.635326], [-91.821595, 18.635377], [-91.82187, 18.635568], [-91.821928, 18.635522], [-91.821897, 18.635158], [-91.822076, 18.635161], [-91.822454, 18.635169], [-91.822818, 18.635176], [-91.82394, 18.635199], [-91.823277, 18.636405], [-91.823111, 18.63669], [-91.822962, 18.63693], [-91.822822, 18.637122], [-91.822662, 18.637344], [-91.822522, 18.637533], [-91.822402, 18.637678], [-91.822236, 18.63788], [-91.822648, 18.638144], [-91.822408, 18.63837], [-91.823209, 18.639016], [-91.825949, 18.641227], [-91.825085, 18.641773], [-91.824197, 18.642333], [-91.823297, 18.642901], [-91.822956, 18.643117], [-91.822672, 18.643274], [-91.822405, 18.64342], [-91.822022, 18.643592], [-91.821527, 18.643799], [-91.821277, 18.643904], [-91.820909, 18.644051], [-91.820225, 18.644323], [-91.819067, 18.644785], [-91.818577, 18.64498], [-91.818499, 18.645214], [-91.819183, 18.645866], [-91.820461, 18.647103], [-91.820932, 18.647567], [-91.821438, 18.648046], [-91.821695, 18.648288], [-91.822257, 18.648821], [-91.823287, 18.649792], [-91.824038, 18.650505], [-91.824101, 18.650565], [-91.824444, 18.650893], [-91.824659, 18.6511], [-91.824892, 18.651323], [-91.825139, 18.65156], [-91.82442, 18.65229], [-91.82376, 18.652932], [-91.823164, 18.65351], [-91.822523, 18.652928], [-91.82176, 18.653619], [-91.820952, 18.654325], [-91.820302, 18.653702], [-91.82006, 18.653883], [-91.819398, 18.65392], [-91.818371, 18.654222], [-91.817393, 18.654509], [-91.816359, 18.654813], [-91.816589, 18.655527], [-91.816683, 18.655822], [-91.816986, 18.656764], [-91.817115, 18.65715], [-91.817256, 18.657569], [-91.81731, 18.657729], [-91.817408, 18.658198], [-91.817503, 18.658527], [-91.817531, 18.658619], [-91.817401, 18.658661], [-91.817166, 18.658768], [-91.816914, 18.658913], [-91.81665, 18.659016], [-91.816451, 18.6591], [-91.816111, 18.659123], [-91.815436, 18.659192], [-91.814941, 18.659293], [-91.814391, 18.659496], [-91.814372, 18.659515], [-91.814195, 18.659612], [-91.813955, 18.659714], [-91.813743, 18.659829], [-91.813428, 18.659972], [-91.813246, 18.660074], [-91.813014, 18.660157], [-91.812832, 18.660246], [-91.812543, 18.660358], [-91.812507, 18.660366], [-91.812433, 18.660384], [-91.812294, 18.660439], [-91.8122, 18.660484], [-91.812143, 18.660512], [-91.811983, 18.66058], [-91.81176, 18.660677], [-91.811348, 18.660838], [-91.811087, 18.660941], [-91.810962, 18.661021], [-91.810835, 18.661092], [-91.810745, 18.661158], [-91.810697, 18.661192], [-91.810651, 18.661225], [-91.810557, 18.661273], [-91.810477, 18.66131], [-91.810122, 18.661546], [-91.809592, 18.661961], [-91.808906, 18.662535], [-91.808555, 18.662631], [-91.808167, 18.662686], [-91.807896, 18.662733], [-91.807559, 18.662834], [-91.807484, 18.662872], [-91.807189, 18.663023], [-91.807165, 18.663036], [-91.806626, 18.663322], [-91.80634, 18.663449], [-91.806102, 18.663537], [-91.805929, 18.66354], [-91.805771, 18.663419], [-91.805618, 18.663262], [-91.805474, 18.663083], [-91.805377, 18.662922], [-91.805248, 18.662721], [-91.805165, 18.662556], [-91.805142, 18.662471], [-91.805017, 18.662332], [-91.8049, 18.662323], [-91.803813, 18.662588], [-91.803676, 18.662605], [-91.803626, 18.662611], [-91.803497, 18.662595], [-91.803447, 18.662607], [-91.803386, 18.662171], [-91.803363, 18.662009], [-91.803225, 18.661234], [-91.803018, 18.660111], [-91.802922, 18.659683], [-91.802785, 18.658796], [-91.802725, 18.658406], [-91.802632, 18.657801], [-91.802605, 18.657581], [-91.802227, 18.657144], [-91.802211, 18.657125], [-91.802195, 18.657106], [-91.801693, 18.656525], [-91.80147, 18.656266], [-91.801192, 18.655945], [-91.800895, 18.6556], [-91.800624, 18.655287], [-91.799099, 18.65352], [-91.798454, 18.652773], [-91.797701, 18.651871], [-91.796477, 18.650405], [-91.796244, 18.650209], [-91.796124, 18.650097], [-91.796035, 18.650164], [-91.795993, 18.650196], [-91.795919, 18.650061], [-91.795716, 18.649782], [-91.795127, 18.649145], [-91.794731, 18.648716], [-91.793013, 18.646761], [-91.792475, 18.646157], [-91.791661, 18.645244], [-91.790618, 18.644074], [-91.790269, 18.643682], [-91.790093, 18.643493], [-91.789921, 18.643277], [-91.789669, 18.642969], [-91.789518, 18.642661], [-91.789472, 18.642345], [-91.789528, 18.641916], [-91.789775, 18.641556], [-91.789811, 18.641532], [-91.790151, 18.641311], [-91.790613, 18.641177], [-91.791367, 18.641072], [-91.792202, 18.641036], [-91.793041, 18.641081], [-91.79475, 18.641291], [-91.794802, 18.641256], [-91.794836, 18.641233], [-91.795008, 18.641117], [-91.795131, 18.641026], [-91.795155, 18.641008], [-91.795319, 18.640894], [-91.795472, 18.640922], [-91.795563, 18.640978], [-91.795683, 18.641057], [-91.795807, 18.641167], [-91.795865, 18.641269], [-91.795941, 18.641296], [-91.79606, 18.641291], [-91.796182, 18.641329], [-91.796324, 18.641374], [-91.79644, 18.64141], [-91.796569, 18.641356], [-91.796633, 18.641344], [-91.7967, 18.641301], [-91.796708, 18.641276], [-91.796729, 18.641207], [-91.796787, 18.641215], [-91.796814, 18.641254], [-91.796844, 18.641298], [-91.796852, 18.641318], [-91.796878, 18.641385], [-91.796883, 18.641447], [-91.796949, 18.641463], [-91.796993, 18.641445], [-91.797065, 18.641414], [-91.797027, 18.641377], [-91.797075, 18.641354], [-91.797097, 18.641349], [-91.797171, 18.641332], [-91.797287, 18.641291], [-91.797301, 18.641266], [-91.797326, 18.641223], [-91.797289, 18.641167], [-91.79725, 18.641108], [-91.797277, 18.641097], [-91.797341, 18.641072], [-91.79737, 18.641141], [-91.797399, 18.641209], [-91.797449, 18.641213], [-91.797518, 18.64122], [-91.797532, 18.641199], [-91.797567, 18.641151], [-91.797572, 18.64113], [-91.797582, 18.641087], [-91.797577, 18.641023], [-91.797602, 18.640954], [-91.797669, 18.640913], [-91.797732, 18.640946], [-91.79777, 18.641015], [-91.797837, 18.641015], [-91.797954, 18.640862], [-91.798007, 18.640792], [-91.798082, 18.640674], [-91.798196, 18.640638], [-91.798218, 18.640614], [-91.798259, 18.640568], [-91.798349, 18.640467], [-91.798382, 18.640443], [-91.798521, 18.640342], [-91.7986, 18.640279], [-91.798645, 18.640243], [-91.798657, 18.640413], [-91.798688, 18.640408], [-91.798749, 18.640397], [-91.798761, 18.640323], [-91.798777, 18.640219], [-91.798817, 18.640211], [-91.798912, 18.64019], [-91.799101, 18.640354], [-91.799234, 18.640265], [-91.799414, 18.640365], [-91.799583, 18.640438], [-91.799739, 18.640418], [-91.799812, 18.640408], [-91.799842, 18.640404], [-91.800012, 18.640442], [-91.800221, 18.640488], [-91.800235, 18.640514], [-91.800325, 18.640675], [-91.800399, 18.640843], [-91.800485, 18.640929], [-91.80059, 18.641036], [-91.800607, 18.641052], [-91.800662, 18.641106], [-91.800708, 18.641149], [-91.800739, 18.641179], [-91.800888, 18.641321], [-91.800942, 18.641417], [-91.800987, 18.641466], [-91.801057, 18.641482], [-91.801115, 18.64152], [-91.801166, 18.64158], [-91.801221, 18.641629], [-91.801269, 18.641683], [-91.801325, 18.641757], [-91.801436, 18.641816], [-91.801482, 18.641853], [-91.801504, 18.641881], [-91.801552, 18.641907], [-91.801593, 18.641983], [-91.801607, 18.642027], [-91.801672, 18.642111], [-91.801713, 18.642125], [-91.801759, 18.642202], [-91.801795, 18.64223], [-91.80193, 18.64233], [-91.802128, 18.642461], [-91.802181, 18.642545], [-91.802137, 18.642558], [-91.802098, 18.642591], [-91.802127, 18.642605], [-91.802409, 18.642639], [-91.802452, 18.642736], [-91.80252, 18.642732], [-91.802593, 18.642728], [-91.802631, 18.642728], [-91.802704, 18.642812], [-91.802767, 18.642826], [-91.802796, 18.642826], [-91.802888, 18.64285], [-91.802961, 18.64286], [-91.803223, 18.642871], [-91.803302, 18.64269], [-91.803357, 18.642469], [-91.803182, 18.642061], [-91.803111, 18.642027], [-91.803058, 18.641959], [-91.802791, 18.64194], [-91.80265, 18.641837], [-91.802349, 18.641615], [-91.802207, 18.641529], [-91.802083, 18.641427], [-91.801801, 18.641018], [-91.801625, 18.640728], [-91.801521, 18.640388], [-91.801559, 18.640033], [-91.80172, 18.639864], [-91.801846, 18.639712], [-91.801919, 18.639509], [-91.802062, 18.63934], [-91.802241, 18.639138], [-91.802403, 18.638901], [-91.802601, 18.638665], [-91.802869, 18.638497], [-91.802976, 18.63843], [-91.8031, 18.638431], [-91.803225, 18.638398], [-91.80351, 18.638332], [-91.803635, 18.638299], [-91.803867, 18.638249], [-91.804117, 18.638132], [-91.804313, 18.638116], [-91.804509, 18.638033], [-91.804847, 18.638086], [-91.805096, 18.638037], [-91.805417, 18.638005], [-91.805737, 18.63799], [-91.805773, 18.637922], [-91.805987, 18.637907], [-91.806307, 18.637909], [-91.806645, 18.637911], [-91.806929, 18.63798], [-91.807302, 18.638034], [-91.80757, 18.637951], [-91.80762, 18.63846], [-91.807705, 18.638986], [-91.807739, 18.639241], [-91.807826, 18.63953], [-91.807878, 18.639716], [-91.807876, 18.640039], [-91.807909, 18.640344], [-91.80805, 18.6406], [-91.808138, 18.640634], [-91.80828, 18.640686], [-91.80844, 18.640755], [-91.808599, 18.640858], [-91.808741, 18.64096], [-91.808865, 18.641063], [-91.80906, 18.641115], [-91.80922, 18.64115], [-91.809398, 18.641219], [-91.809593, 18.641237], [-91.809842, 18.641306], [-91.810055, 18.641325], [-91.810144, 18.641342], [-91.810304, 18.641343], [-91.810411, 18.641361], [-91.810392, 18.641446], [-91.810374, 18.641564], [-91.810373, 18.641666], [-91.810372, 18.641768], [-91.810407, 18.64187], [-91.810585, 18.641922], [-91.810745, 18.64194], [-91.810796, 18.642245], [-91.810618, 18.642278], [-91.810529, 18.642311], [-91.810528, 18.642447], [-91.810545, 18.642583], [-91.810544, 18.642685], [-91.810632, 18.642804], [-91.810738, 18.642906], [-91.810809, 18.642941], [-91.810897, 18.643026], [-91.81095, 18.643094], [-91.811056, 18.643231], [-91.81102, 18.643349], [-91.810984, 18.643434], [-91.810965, 18.643535], [-91.810929, 18.64362], [-91.810893, 18.643671], [-91.810821, 18.643721], [-91.810732, 18.643738], [-91.810643, 18.643856], [-91.810746, 18.644002], [-91.8108, 18.643988], [-91.811279, 18.643422], [-91.811372, 18.643344], [-91.811397, 18.643298], [-91.811407, 18.643219], [-91.811407, 18.643173], [-91.811378, 18.64314], [-91.811349, 18.643103], [-91.811301, 18.643056], [-91.811229, 18.643028], [-91.811219, 18.643009], [-91.811185, 18.643005], [-91.811132, 18.64299], [-91.811108, 18.642944], [-91.811094, 18.64287], [-91.811153, 18.642792], [-91.811231, 18.642713], [-91.811319, 18.642654], [-91.811353, 18.64258], [-91.811402, 18.642488], [-91.811413, 18.642381], [-91.811325, 18.642371], [-91.81119, 18.642324], [-91.811078, 18.6423], [-91.81101, 18.642277], [-91.81104, 18.642226], [-91.81108, 18.642092], [-91.8111, 18.642018], [-91.81111, 18.641926], [-91.81112, 18.641866], [-91.811087, 18.64181], [-91.811005, 18.641735], [-91.810922, 18.641744], [-91.810825, 18.641757], [-91.810752, 18.641771], [-91.810679, 18.641747], [-91.81066, 18.641678], [-91.810646, 18.641594], [-91.810627, 18.641529], [-91.810628, 18.64146], [-91.810628, 18.641376], [-91.8106, 18.641302], [-91.810542, 18.641191], [-91.810465, 18.641139], [-91.810179, 18.641105], [-91.809941, 18.641062], [-91.809674, 18.641028], [-91.809388, 18.640984], [-91.809184, 18.640969], [-91.809024, 18.640917], [-91.808889, 18.640838], [-91.808768, 18.640744], [-91.808628, 18.640637], [-91.80843, 18.640548], [-91.808265, 18.640482], [-91.808139, 18.640403], [-91.808126, 18.640287], [-91.808146, 18.640213], [-91.808137, 18.640009], [-91.808118, 18.639912], [-91.808148, 18.639824], [-91.80811, 18.639666], [-91.808116, 18.639546], [-91.808083, 18.639495], [-91.808068, 18.639449], [-91.808059, 18.63937], [-91.808035, 18.63931], [-91.808021, 18.639268], [-91.80805, 18.63924], [-91.808036, 18.639138], [-91.808037, 18.639018], [-91.808067, 18.638935], [-91.808068, 18.638791], [-91.808054, 18.638685], [-91.80806, 18.638578], [-91.808134, 18.638394], [-91.808208, 18.638283], [-91.808305, 18.638182], [-91.80834, 18.638039], [-91.808405, 18.637886], [-91.808435, 18.637743], [-91.808382, 18.637669], [-91.808253, 18.637662], [-91.8081, 18.637676], [-91.807911, 18.637698], [-91.807731, 18.637729], [-91.807561, 18.637723], [-91.807396, 18.637736], [-91.80725, 18.637768], [-91.807085, 18.637758], [-91.80675, 18.637732], [-91.806483, 18.63774], [-91.806259, 18.637734], [-91.806133, 18.637747], [-91.805827, 18.637782], [-91.805516, 18.637831], [-91.805268, 18.637852], [-91.805016, 18.637823], [-91.804899, 18.637836], [-91.804797, 18.637826], [-91.804666, 18.637825], [-91.80436, 18.637884], [-91.804243, 18.637915], [-91.804131, 18.637929], [-91.804089, 18.637776], [-91.804109, 18.637725], [-91.804089, 18.637678], [-91.804066, 18.637623], [-91.803998, 18.637553], [-91.803965, 18.637418], [-91.804, 18.63734], [-91.803991, 18.637219], [-91.804002, 18.637094], [-91.80399, 18.636968], [-91.804, 18.636896], [-91.803999, 18.636751], [-91.803983, 18.636672], [-91.80402, 18.636661], [-91.804164, 18.636685], [-91.804333, 18.636673], [-91.804395, 18.636675], [-91.804452, 18.636679], [-91.804522, 18.636668], [-91.80456, 18.636597], [-91.804578, 18.636339], [-91.8046, 18.636092], [-91.804621, 18.636041], [-91.8047, 18.635994], [-91.804786, 18.636022], [-91.804901, 18.636047], [-91.805098, 18.636048], [-91.805176, 18.63608], [-91.805464, 18.636081], [-91.805695, 18.636083], [-91.805851, 18.636119], [-91.805994, 18.636179], [-91.806235, 18.636502], [-91.806358, 18.636581], [-91.806399, 18.636566], [-91.806432, 18.636535], [-91.806454, 18.636398], [-91.806401, 18.636299], [-91.806303, 18.636212], [-91.806275, 18.636094], [-91.806214, 18.635957], [-91.806327, 18.635687], [-91.806372, 18.63566], [-91.806405, 18.635664], [-91.806438, 18.635664], [-91.80655, 18.635618], [-91.806607, 18.635618], [-91.806632, 18.635646], [-91.806697, 18.63567], [-91.806796, 18.635741], [-91.806754, 18.635772], [-91.806742, 18.635827], [-91.806713, 18.63585], [-91.806646, 18.635909], [-91.806654, 18.635999], [-91.806715, 18.636031], [-91.806744, 18.636082], [-91.806723, 18.636125], [-91.806714, 18.636176], [-91.806665, 18.636222], [-91.806627, 18.636261], [-91.806619, 18.636308], [-91.806549, 18.636339], [-91.806507, 18.636414], [-91.806535, 18.6365], [-91.806588, 18.636547], [-91.806609, 18.636559], [-91.806708, 18.636564], [-91.806736, 18.63656], [-91.806765, 18.63656], [-91.806827, 18.636576], [-91.806877, 18.636526], [-91.806917, 18.636569], [-91.806954, 18.636597], [-91.807004, 18.636593], [-91.807057, 18.63657], [-91.807078, 18.636527], [-91.807099, 18.636488], [-91.807116, 18.636406], [-91.807133, 18.63632], [-91.807175, 18.636194], [-91.807188, 18.636136], [-91.807192, 18.636077], [-91.807225, 18.636046], [-91.807296, 18.636007], [-91.807374, 18.635992], [-91.807444, 18.636004], [-91.807452, 18.636051], [-91.807497, 18.63609], [-91.807542, 18.636134], [-91.807562, 18.636185], [-91.807683, 18.636464], [-91.807736, 18.636594], [-91.807846, 18.636752], [-91.807908, 18.636744], [-91.808015, 18.636729], [-91.8082, 18.636738], [-91.808278, 18.636735], [-91.808336, 18.6367], [-91.808406, 18.636696], [-91.808517, 18.636701], [-91.808599, 18.636709], [-91.80862, 18.636717], [-91.808759, 18.636718], [-91.808788, 18.636691], [-91.809274, 18.636631], [-91.809715, 18.636599], [-91.809933, 18.636592], [-91.810234, 18.636531], [-91.810406, 18.636525], [-91.810773, 18.636515], [-91.811188, 18.636533], [-91.81157, 18.636567], [-91.811702, 18.636588], [-91.812006, 18.636594], [-91.812089, 18.63659], [-91.81213, 18.636492], [-91.812148, 18.636343], [-91.812091, 18.636237], [-91.812005, 18.636127], [-91.811837, 18.636118], [-91.811623, 18.636081], [-91.811348, 18.636029], [-91.810768, 18.636009], [-91.810443, 18.635972], [-91.810024, 18.635867], [-91.809289, 18.635678], [-91.808365, 18.635394], [-91.807549, 18.635099], [-91.807151, 18.634935], [-91.806794, 18.634756], [-91.806578, 18.634535], [-91.806229, 18.634412], [-91.805966, 18.634398], [-91.805871, 18.634362], [-91.805744, 18.634334], [-91.805686, 18.634353], [-91.805612, 18.634388], [-91.805554, 18.634396], [-91.805497, 18.634391], [-91.805447, 18.634426], [-91.80545, 18.63454], [-91.805499, 18.634634], [-91.805519, 18.634682], [-91.805565, 18.634682], [-91.805618, 18.634671], [-91.805643, 18.634612], [-91.805701, 18.634608], [-91.805726, 18.634581], [-91.805755, 18.634558], [-91.805783, 18.634577], [-91.805825, 18.634558], [-91.805845, 18.634531], [-91.805907, 18.634551], [-91.805968, 18.634606], [-91.805976, 18.634665], [-91.80591, 18.634731], [-91.805832, 18.634762], [-91.805732, 18.634801], [-91.805695, 18.634863], [-91.805666, 18.634906], [-91.805624, 18.634953], [-91.805522, 18.634968], [-91.805456, 18.634964], [-91.805501, 18.634901], [-91.805518, 18.634831], [-91.805502, 18.634787], [-91.805449, 18.634779], [-91.8054, 18.634751], [-91.80533, 18.634731], [-91.805285, 18.634704], [-91.805244, 18.63466], [-91.805236, 18.634605], [-91.805233, 18.634499], [-91.805233, 18.63446], [-91.805287, 18.634386], [-91.805287, 18.634343], [-91.805329, 18.634288], [-91.80535, 18.63423], [-91.805371, 18.634187], [-91.805408, 18.634136], [-91.805363, 18.634077], [-91.805331, 18.634037], [-91.805331, 18.63399], [-91.805364, 18.634018], [-91.805392, 18.634049], [-91.805466, 18.634026], [-91.805508, 18.633968], [-91.805587, 18.633898], [-91.805616, 18.633855], [-91.80562, 18.633823], [-91.805608, 18.633796], [-91.805678, 18.633765], [-91.805686, 18.633785], [-91.805661, 18.63382], [-91.805694, 18.633847], [-91.805723, 18.633844], [-91.805789, 18.633809], [-91.805667, 18.633584], [-91.805688, 18.633581], [-91.805814, 18.633793], [-91.805896, 18.633743], [-91.805999, 18.633692], [-91.806082, 18.633646], [-91.806148, 18.633576], [-91.80621, 18.633533], [-91.806264, 18.633553], [-91.8063, 18.633592], [-91.806483, 18.633437], [-91.806536, 18.633386], [-91.80666, 18.633263], [-91.806839, 18.632993], [-91.807108, 18.632808], [-91.80718, 18.63269], [-91.807323, 18.632572], [-91.807465, 18.632539], [-91.807573, 18.632472], [-91.80768, 18.632405], [-91.807876, 18.632389], [-91.808196, 18.632374], [-91.808427, 18.632376], [-91.808623, 18.632343], [-91.808873, 18.63226], [-91.809051, 18.632159], [-91.809266, 18.632042], [-91.809551, 18.631993], [-91.809783, 18.631875], [-91.810122, 18.631742], [-91.810426, 18.631523], [-91.810819, 18.631322], [-91.811139, 18.631341], [-91.811476, 18.631428], [-91.811725, 18.631413], [-91.81217, 18.631398], [-91.812402, 18.631298], [-91.81258, 18.631282], [-91.812758, 18.631385], [-91.813007, 18.631404], [-91.813185, 18.631354], [-91.813452, 18.631271], [-91.813773, 18.631222], [-91.813844, 18.631273], [-91.813897, 18.631325], [-91.814092, 18.631411], [-91.814323, 18.63148], [-91.814625, 18.631533], [-91.814892, 18.631551], [-91.815194, 18.631502], [-91.815426, 18.631436], [-91.815605, 18.631335], [-91.815676, 18.631251], [-91.815695, 18.631132], [-91.81582, 18.631133], [-91.815996, 18.631254], [-91.816334, 18.631105], [-91.816612, 18.630982], [-91.816986, 18.63079], [-91.817516, 18.630422], [-91.818134, 18.629951], [-91.818515, 18.629715]]]]}, "properties": {"numero": 8, "etiqueta": "Distrito local 8"}}, {"type": "Feature", "geometry": {"type": "MultiPolygon", "coordinates": [[[[-91.833136, 18.641029], [-91.833313, 18.640778], [-91.833811, 18.640072], [-91.833904, 18.63994], [-91.834277, 18.639827], [-91.834647, 18.639716], [-91.835069, 18.639588], [-91.835585, 18.639433], [-91.835999, 18.640528], [-91.836296, 18.641311], [-91.836707, 18.642394], [-91.836951, 18.643015], [-91.837313, 18.643938], [-91.837594, 18.644652], [-91.837658, 18.644692], [-91.837945, 18.645447], [-91.838253, 18.646259], [-91.835953, 18.647022], [-91.834403, 18.647537], [-91.834703, 18.64834], [-91.834996, 18.649125], [-91.83526, 18.649832], [-91.835352, 18.65004], [-91.835437, 18.650235], [-91.835444, 18.650254], [-91.835453, 18.650279], [-91.835467, 18.650316], [-91.8355, 18.650406], [-91.835521, 18.650475], [-91.835601, 18.650761], [-91.83578, 18.651398], [-91.835793, 18.651444], [-91.836656, 18.650972], [-91.836991, 18.650788], [-91.83752, 18.650567], [-91.838549, 18.650116], [-91.839525, 18.649689], [-91.839757, 18.650291], [-91.839775, 18.650339], [-91.840003, 18.650935], [-91.840148, 18.651312], [-91.84081, 18.653037], [-91.840891, 18.653209], [-91.841219, 18.654063], [-91.841579, 18.654999], [-91.841611, 18.655082], [-91.84191, 18.655835], [-91.842315, 18.656854], [-91.842777, 18.658029], [-91.84287, 18.65807], [-91.842897, 18.65819], [-91.84285, 18.658254], [-91.842827, 18.658304], [-91.843158, 18.659118], [-91.843467, 18.659879], [-91.843702, 18.660457], [-91.844112, 18.661467], [-91.844251, 18.661808], [-91.843065, 18.662715], [-91.841267, 18.663348], [-91.839691, 18.663783], [-91.839554, 18.663809], [-91.837957, 18.664112], [-91.835719, 18.664367], [-91.834122, 18.664381], [-91.833687, 18.664378], [-91.83255, 18.664371], [-91.829897, 18.664238], [-91.829293, 18.664192], [-91.828105, 18.664091], [-91.826094, 18.664207], [-91.824887, 18.664199], [-91.823488, 18.664263], [-91.823437, 18.664265], [-91.822133, 18.664246], [-91.820523, 18.664363], [-91.819218, 18.664512], [-91.817826, 18.664635], [-91.81694, 18.664676], [-91.816247, 18.664718], [-91.815196, 18.664806], [-91.814683, 18.664843], [-91.814282, 18.664897], [-91.813969, 18.664928], [-91.813687, 18.664954], [-91.812777, 18.665021], [-91.812158, 18.665061], [-91.811914, 18.665082], [-91.81175, 18.665095], [-91.811393, 18.665135], [-91.810895, 18.665189], [-91.810657, 18.665216], [-91.810469, 18.665234], [-91.810017, 18.665279], [-91.809303, 18.665344], [-91.807485, 18.665514], [-91.80655, 18.665568], [-91.805031, 18.665733], [-91.804275, 18.665822], [-91.803927, 18.665847], [-91.803899, 18.665644], [-91.80385, 18.66529], [-91.803867, 18.665228], [-91.803857, 18.664967], [-91.803708, 18.66417], [-91.803548, 18.663315], [-91.803461, 18.662709], [-91.803454, 18.662658], [-91.803447, 18.662607], [-91.803497, 18.662595], [-91.803626, 18.662611], [-91.803676, 18.662605], [-91.803813, 18.662588], [-91.8049, 18.662323], [-91.805017, 18.662332], [-91.805142, 18.662471], [-91.805165, 18.662556], [-91.805248, 18.662721], [-91.805377, 18.662922], [-91.805474, 18.663083], [-91.805618, 18.663262], [-91.805771, 18.663419], [-91.805929, 18.66354], [-91.806102, 18.663537], [-91.80634, 18.663449], [-91.806626, 18.663322], [-91.807165, 18.663036], [-91.807189, 18.663023], [-91.807484, 18.662872], [-91.807559, 18.662834], [-91.807896, 18.662733], [-91.808167, 18.662686], [-91.808555, 18.662631], [-91.808906, 18.662535], [-91.809592, 18.661961], [-91.810122, 18.661546], [-91.810477, 18.66131], [-91.810557, 18.661273], [-91.810651, 18.661225], [-91.810697, 18.661192], [-91.810745, 18.661158], [-91.810835, 18.661092], [-91.810962, 18.661021], [-91.811087, 18.660941], [-91.811348, 18.660838], [-91.81176, 18.660677], [-91.811983, 18.66058], [-91.812143, 18.660512], [-91.8122, 18.660484], [-91.812294, 18.660439], [-91.812433, 18.660384], [-91.812507, 18.660366], [-91.812543, 18.660358], [-91.812832, 18.660246], [-91.813014, 18.660157], [-91.813246, 18.660074], [-91.813428, 18.659972], [-91.813743, 18.659829], [-91.813955, 18.659714], [-91.814195, 18.659612], [-91.814372, 18.659515], [-91.814391, 18.659496], [-91.814941, 18.659293], [-91.815436, 18.659192], [-91.816111, 18.659123], [-91.816451, 18.6591], [-91.81665, 18.659016], [-91.816914, 18.658913], [-91.817166, 18.658768], [-91.817401, 18.658661], [-91.817531, 18.658619], [-91.817503, 18.658527], [-91.817408, 18.658198], [-91.81731, 18.657729], [-91.817256, 18.657569], [-91.817115, 18.65715], [-91.816986, 18.656764], [-91.816683, 18.655822], [-91.816589, 18.655527], [-91.816359, 18.654813], [-91.817393, 18.654509], [-91.818371, 18.654222], [-91.819398, 18.65392], [-91.82006, 18.653883], [-91.820302, 18.653702], [-91.820952, 18.654325], [-91.82176, 18.653619], [-91.822523, 18.652928], [-91.823164, 18.65351], [-91.82376, 18.652932], [-91.82442, 18.65229], [-91.825139, 18.65156], [-91.824892, 18.651323], [-91.824659, 18.6511], [-91.824444, 18.650893], [-91.824101, 18.650565], [-91.824038, 18.650505], [-91.823287, 18.649792], [-91.822257, 18.648821], [-91.821695, 18.648288], [-91.821438, 18.648046], [-91.820932, 18.647567], [-91.820461, 18.647103], [-91.819183, 18.645866], [-91.818499, 18.645214], [-91.818577, 18.64498], [-91.819067, 18.644785], [-91.820225, 18.644323], [-91.820909, 18.644051], [-91.821277, 18.643904], [-91.821527, 18.643799], [-91.822022, 18.643592], [-91.822405, 18.64342], [-91.822672, 18.643274], [-91.822956, 18.643117], [-91.823297, 18.642901], [-91.824197, 18.642333], [-91.825085, 18.641773], [-91.825949, 18.641227], [-91.823209, 18.639016], [-91.822408, 18.63837], [-91.822648, 18.638144], [-91.822236, 18.63788], [-91.822402, 18.637678], [-91.822522, 18.637533], [-91.822662, 18.637344], [-91.822822, 18.637122], [-91.822962, 18.63693], [-91.823111, 18.63669], [-91.823277, 18.636405], [-91.823953, 18.636903], [-91.824008, 18.636945], [-91.824091, 18.637006], [-91.825428, 18.637997], [-91.825948, 18.638402], [-91.827098, 18.639282], [-91.82734, 18.639467], [-91.827876, 18.639876], [-91.828427, 18.640295], [-91.829428, 18.641063], [-91.831096, 18.642343], [-91.831824, 18.642889], [-91.832325, 18.642178], [-91.832815, 18.641484], [-91.833136, 18.641029]]]]}, "properties": {"numero": 9, "etiqueta": "Distrito local 9"}}, {"type": "Feature", "geometry": {"type": "MultiPolygon", "coordinates": [[[[-91.78597, 18.653397], [-91.78642, 18.654412], [-91.786753, 18.655163], [-91.787083, 18.655053], [-91.788733, 18.654519], [-91.789308, 18.654334], [-91.790657, 18.653895], [-91.791064, 18.653766], [-91.791326, 18.65368], [-91.791795, 18.653553], [-91.792042, 18.653478], [-91.792099, 18.653461], [-91.792935, 18.653211], [-91.793508, 18.653076], [-91.793674, 18.65305], [-91.793937, 18.653008], [-91.794442, 18.652868], [-91.794526, 18.652849], [-91.79485, 18.652778], [-91.795205, 18.652648], [-91.795343, 18.652574], [-91.7955, 18.652476], [-91.795695, 18.652354], [-91.79574, 18.652313], [-91.795926, 18.652138], [-91.796077, 18.651912], [-91.796194, 18.651519], [-91.796205, 18.651342], [-91.796214, 18.651201], [-91.796198, 18.650865], [-91.796147, 18.650613], [-91.79607, 18.650361], [-91.795993, 18.650196], [-91.796035, 18.650164], [-91.796124, 18.650097], [-91.796244, 18.650209], [-91.796477, 18.650405], [-91.797701, 18.651871], [-91.798454, 18.652773], [-91.799099, 18.65352], [-91.800624, 18.655287], [-91.800895, 18.6556], [-91.801192, 18.655945], [-91.80147, 18.656266], [-91.801693, 18.656525], [-91.802195, 18.657106], [-91.802211, 18.657125], [-91.802227, 18.657144], [-91.802605, 18.657581], [-91.802632, 18.657801], [-91.802725, 18.658406], [-91.802785, 18.658796], [-91.802922, 18.659683], [-91.803018, 18.660111], [-91.803225, 18.661234], [-91.803363, 18.662009], [-91.803386, 18.662171], [-91.803447, 18.662607], [-91.803454, 18.662658], [-91.803461, 18.662709], [-91.803548, 18.663315], [-91.803708, 18.66417], [-91.803857, 18.664967], [-91.803867, 18.665228], [-91.80385, 18.66529], [-91.803899, 18.665644], [-91.803927, 18.665847], [-91.797306, 18.666646], [-91.794857, 18.667002], [-91.792386, 18.667362], [-91.792281, 18.667377], [-91.791318, 18.667534], [-91.789942, 18.667758], [-91.789289, 18.667864], [-91.7892, 18.667878], [-91.788978, 18.667921], [-91.788691, 18.667949], [-91.78866, 18.667952], [-91.788505, 18.667992], [-91.788287, 18.668048], [-91.788065, 18.668114], [-91.787949, 18.668148], [-91.787872, 18.668171], [-91.787712, 18.668209], [-91.787659, 18.668223], [-91.787615, 18.668234], [-91.787554, 18.66825], [-91.787512, 18.66826], [-91.787416, 18.668266], [-91.787353, 18.668312], [-91.787337, 18.668326], [-91.787268, 18.668387], [-91.787249, 18.668403], [-91.787079, 18.668419], [-91.787049, 18.668422], [-91.787021, 18.668426], [-91.786876, 18.668447], [-91.786779, 18.668486], [-91.786718, 18.668495], [-91.786509, 18.668524], [-91.785937, 18.668605], [-91.785225, 18.668712], [-91.784867, 18.668828], [-91.784525, 18.668938], [-91.78429, 18.669014], [-91.783904, 18.669138], [-91.783635, 18.669176], [-91.783328, 18.66922], [-91.783146, 18.669246], [-91.783039, 18.669262], [-91.782937, 18.669276], [-91.782734, 18.669324], [-91.782671, 18.669339], [-91.781188, 18.669686], [-91.781055, 18.6697], [-91.781016, 18.669705], [-91.780972, 18.669717], [-91.778146, 18.670488], [-91.776785, 18.67069], [-91.770379, 18.671996], [-91.770083, 18.671585], [-91.767547, 18.668071], [-91.766341, 18.6664], [-91.765705, 18.665656], [-91.764903, 18.664578], [-91.764775, 18.664407], [-91.7638, 18.663158], [-91.763685, 18.66301], [-91.7643, 18.662848], [-91.763455, 18.661641], [-91.760579, 18.657532], [-91.764453, 18.650381], [-91.764824, 18.649547], [-91.764914, 18.649673], [-91.765157, 18.650001], [-91.765363, 18.650313], [-91.76549, 18.650506], [-91.76582, 18.651005], [-91.76695, 18.652718], [-91.767265, 18.652519], [-91.76749, 18.65286], [-91.767682, 18.653189], [-91.767879, 18.653501], [-91.768073, 18.653815], [-91.768278, 18.654137], [-91.769402, 18.653462], [-91.769206, 18.65314], [-91.769021, 18.652824], [-91.768837, 18.652528], [-91.768663, 18.652202], [-91.768411, 18.65182], [-91.767746, 18.649588], [-91.767648, 18.649271], [-91.767425, 18.64855], [-91.767297, 18.648401], [-91.766973, 18.648584], [-91.766845, 18.64839], [-91.766717, 18.648179], [-91.766574, 18.647996], [-91.766611, 18.647886], [-91.766689, 18.647755], [-91.766768, 18.647649], [-91.766786, 18.647534], [-91.766692, 18.64741], [-91.766971, 18.646919], [-91.768639, 18.646469], [-91.768649, 18.646371], [-91.768741, 18.646298], [-91.769214, 18.64617], [-91.769357, 18.64612], [-91.769444, 18.646043], [-91.769996, 18.645246], [-91.770028, 18.645201], [-91.770336, 18.644756], [-91.771201, 18.643509], [-91.771328, 18.643425], [-91.77145, 18.64345], [-91.772126, 18.643896], [-91.772612, 18.644218], [-91.7727, 18.644366], [-91.772721, 18.644439], [-91.773207, 18.646088], [-91.773239, 18.646187], [-91.77338, 18.646633], [-91.773523, 18.647084], [-91.773625, 18.647407], [-91.774883, 18.647095], [-91.774956, 18.647309], [-91.775088, 18.647698], [-91.775306, 18.647639], [-91.775667, 18.647555], [-91.775889, 18.6475], [-91.776209, 18.647411], [-91.779142, 18.646264], [-91.779417, 18.646222], [-91.779583, 18.646278], [-91.779746, 18.646725], [-91.779936, 18.647247], [-91.780068, 18.647194], [-91.78122, 18.646731], [-91.781931, 18.646446], [-91.782155, 18.646356], [-91.782353, 18.646805], [-91.78287, 18.647978], [-91.783055, 18.648398], [-91.783241, 18.648819], [-91.783426, 18.649239], [-91.78361, 18.649657], [-91.784233, 18.651016], [-91.78425, 18.651052], [-91.784526, 18.650952], [-91.784584, 18.650931], [-91.784872, 18.650828], [-91.785248, 18.651707], [-91.78597, 18.653397]]]]}, "properties": {"numero": 10, "etiqueta": "Distrito local 10"}}, {"type": "Feature", "geometry": {"type": "MultiPolygon", "coordinates": [[[[-91.777673, 18.635921], [-91.777762, 18.635907], [-91.78046, 18.635389], [-91.785097, 18.635158], [-91.786741, 18.634721], [-91.786827, 18.634804], [-91.786914, 18.634861], [-91.787119, 18.63482], [-91.787323, 18.634822], [-91.787526, 18.634934], [-91.787554, 18.635059], [-91.78767, 18.635115], [-91.787758, 18.635102], [-91.787932, 18.635131], [-91.788166, 18.635283], [-91.788397, 18.635245], [-91.788528, 18.635357], [-91.788571, 18.635454], [-91.788614, 18.635469], [-91.788746, 18.635428], [-91.788833, 18.635512], [-91.789029, 18.635618], [-91.789886, 18.635831], [-91.789925, 18.635935], [-91.789924, 18.636019], [-91.790032, 18.636086], [-91.790151, 18.636068], [-91.790151, 18.63603], [-91.790102, 18.635936], [-91.79024, 18.635946], [-91.790614, 18.636118], [-91.790948, 18.636299], [-91.791351, 18.636518], [-91.791754, 18.636765], [-91.79199, 18.636879], [-91.792167, 18.637078], [-91.792353, 18.637192], [-91.792522, 18.637265], [-91.792619, 18.637307], [-91.792913, 18.637525], [-91.793149, 18.637686], [-91.793355, 18.637847], [-91.793438, 18.637894], [-91.793784, 18.638259], [-91.793951, 18.638396], [-91.794092, 18.63854], [-91.794192, 18.638618], [-91.794254, 18.638688], [-91.794321, 18.638728], [-91.794331, 18.638777], [-91.794487, 18.638833], [-91.79461, 18.638997], [-91.794704, 18.639052], [-91.794708, 18.639127], [-91.794791, 18.639167], [-91.794889, 18.639272], [-91.794992, 18.639411], [-91.795111, 18.639516], [-91.795192, 18.639618], [-91.795286, 18.63971], [-91.795281, 18.639799], [-91.795337, 18.639948], [-91.795357, 18.640028], [-91.795319, 18.640181], [-91.795267, 18.640245], [-91.795241, 18.640324], [-91.795208, 18.640443], [-91.795156, 18.640527], [-91.795135, 18.640537], [-91.795056, 18.640655], [-91.794977, 18.640897], [-91.795106, 18.640963], [-91.795155, 18.641008], [-91.795131, 18.641026], [-91.795008, 18.641117], [-91.794836, 18.641233], [-91.794802, 18.641256], [-91.79475, 18.641291], [-91.793041, 18.641081], [-91.792202, 18.641036], [-91.791367, 18.641072], [-91.790613, 18.641177], [-91.790151, 18.641311], [-91.789811, 18.641532], [-91.789775, 18.641556], [-91.789528, 18.641916], [-91.789472, 18.642345], [-91.789518, 18.642661], [-91.789669, 18.642969], [-91.789921, 18.643277], [-91.790093, 18.643493], [-91.790269, 18.643682], [-91.790618, 18.644074], [-91.791661, 18.645244], [-91.792475, 18.646157], [-91.793013, 18.646761], [-91.794731, 18.648716], [-91.795127, 18.649145], [-91.795716, 18.649782], [-91.795919, 18.650061], [-91.795993, 18.650196], [-91.79607, 18.650361], [-91.796147, 18.650613], [-91.796198, 18.650865], [-91.796214, 18.651201], [-91.796205, 18.651342], [-91.796194, 18.651519], [-91.796077, 18.651912], [-91.795926, 18.652138], [-91.79574, 18.652313], [-91.795695, 18.652354], [-91.7955, 18.652476], [-91.795343, 18.652574], [-91.795205, 18.652648], [-91.79485, 18.652778], [-91.794526, 18.652849], [-91.794442, 18.652868], [-91.793937, 18.653008], [-91.793674, 18.65305], [-91.793508, 18.653076], [-91.792935, 18.653211], [-91.792099, 18.653461], [-91.792042, 18.653478], [-91.791795, 18.653553], [-91.791326, 18.65368], [-91.791064, 18.653766], [-91.790657, 18.653895], [-91.789308, 18.654334], [-91.788733, 18.654519], [-91.787083, 18.655053], [-91.786753, 18.655163], [-91.78642, 18.654412], [-91.78597, 18.653397], [-91.785248, 18.651707], [-91.784872, 18.650828], [-91.784584, 18.650931], [-91.784526, 18.650952], [-91.78425, 18.651052], [-91.784233, 18.651016], [-91.78361, 18.649657], [-91.783426, 18.649239], [-91.783241, 18.648819], [-91.783055, 18.648398], [-91.78287, 18.647978], [-91.782353, 18.646805], [-91.782155, 18.646356], [-91.781931, 18.646446], [-91.78122, 18.646731], [-91.780068, 18.647194], [-91.779936, 18.647247], [-91.779746, 18.646725], [-91.779583, 18.646278], [-91.779417, 18.646222], [-91.779142, 18.646264], [-91.776209, 18.647411], [-91.775889, 18.6475], [-91.775667, 18.647555], [-91.775306, 18.647639], [-91.775088, 18.647698], [-91.774956, 18.647309], [-91.774883, 18.647095], [-91.774831, 18.64694], [-91.774625, 18.646331], [-91.774465, 18.645862], [-91.774415, 18.645715], [-91.774332, 18.645499], [-91.774217, 18.645198], [-91.773577, 18.643533], [-91.774675, 18.643008], [-91.77503, 18.642835], [-91.775163, 18.642765], [-91.775316, 18.642684], [-91.775404, 18.642638], [-91.775619, 18.642537], [-91.774091, 18.639014], [-91.774375, 18.638886], [-91.774613, 18.638773], [-91.77492, 18.638624], [-91.775208, 18.6385], [-91.775437, 18.638402], [-91.775748, 18.638252], [-91.775873, 18.638201], [-91.775939, 18.638174], [-91.775979, 18.638251], [-91.776001, 18.638301], [-91.77605, 18.638276], [-91.777034, 18.637919], [-91.77798, 18.637577], [-91.778511, 18.637385], [-91.777673, 18.635921]]]]}, "properties": {"numero": 11, "etiqueta": "Distrito local 11"}}, {"type": "Feature", "geometry": {"type": "MultiPolygon", "coordinates": [[[[-91.340263, 18.218435], [-91.333872, 18.214071], [-91.333498, 18.246094], [-91.333444, 18.250687], [-91.333905, 18.258649], [-91.32802, 18.254641], [-91.322562, 18.255578], [-91.306129, 18.264791], [-91.305777, 18.264989], [-91.306228, 18.265372], [-91.306856, 18.265677], [-91.307314, 18.265812], [-91.307833, 18.265867], [-91.30858, 18.266009], [-91.309326, 18.266193], [-91.30978, 18.266494], [-91.310003, 18.266789], [-91.309933, 18.267242], [-91.309861, 18.267736], [-91.309907, 18.268191], [-91.309953, 18.268605], [-91.310407, 18.268906], [-91.310867, 18.269], [-91.311209, 18.269174], [-91.311725, 18.269311], [-91.312362, 18.269245], [-91.31277, 18.269131], [-91.31301, 18.268806], [-91.313198, 18.268274], [-91.313387, 18.2677], [-91.313577, 18.267127], [-91.313818, 18.266761], [-91.313941, 18.266475], [-91.314125, 18.266108], [-91.314479, 18.265827], [-91.314946, 18.265674], [-91.315464, 18.265728], [-91.315981, 18.265865], [-91.31649, 18.26625], [-91.316884, 18.266632], [-91.317223, 18.266929], [-91.317677, 18.26723], [-91.318189, 18.267491], [-91.3187, 18.267834], [-91.31892, 18.268253], [-91.318789, 18.268787], [-91.318601, 18.269319], [-91.318418, 18.269686], [-91.318687, 18.270395], [-91.318734, 18.27081], [-91.318833, 18.27139], [-91.318937, 18.271806], [-91.318814, 18.272092], [-91.318577, 18.272293], [-91.318281, 18.272575], [-91.318326, 18.27303], [-91.318775, 18.273496], [-91.319454, 18.27405], [-91.320307, 18.274526], [-91.320762, 18.274785], [-91.321096, 18.275248], [-91.32137, 18.275792], [-91.321587, 18.276335], [-91.321685, 18.276957], [-91.321616, 18.277368], [-91.32143, 18.277818], [-91.321131, 18.278182], [-91.320881, 18.278878], [-91.320685, 18.2797], [-91.321225, 18.279689], [-91.333695, 18.279448], [-91.367931, 18.278439], [-91.367511, 18.285548], [-91.367379, 18.312973], [-91.36736, 18.316814], [-91.384276, 18.316392], [-91.384034, 18.351284], [-91.333582, 18.350736], [-91.333503, 18.500636], [-91.333306, 18.546816], [-91.333299, 18.548473], [-91.332667, 18.548333], [-91.332029, 18.548441], [-91.331449, 18.548509], [-91.330868, 18.548618], [-91.330171, 18.548766], [-91.329697, 18.54921], [-91.328994, 18.549565], [-91.328465, 18.549884], [-91.32788, 18.550159], [-91.327416, 18.55023], [-91.326832, 18.550422], [-91.326299, 18.550906], [-91.325706, 18.551471], [-91.325056, 18.551994], [-91.32435, 18.552473], [-91.323819, 18.552874], [-91.323235, 18.553108], [-91.322651, 18.553342], [-91.321432, 18.553518], [-91.320676, 18.553706], [-91.319691, 18.553805], [-91.319169, 18.553874], [-91.318473, 18.553981], [-91.318127, 18.553972], [-91.317487, 18.554122], [-91.317021, 18.554275], [-91.316319, 18.554589], [-91.315504, 18.554817], [-91.314865, 18.554925], [-91.314348, 18.554829], [-91.313768, 18.554897], [-91.313414, 18.555178], [-91.313122, 18.555295], [-91.312487, 18.555279], [-91.311966, 18.555307], [-91.311547, 18.555835], [-91.311186, 18.556364], [-91.310596, 18.556805], [-91.310184, 18.557085], [-91.30966, 18.557237], [-91.309013, 18.557635], [-91.308656, 18.557999], [-91.308411, 18.558532], [-91.308218, 18.559232], [-91.308028, 18.559849], [-91.308014, 18.560346], [-91.308, 18.560885], [-91.307983, 18.561506], [-91.308086, 18.561965], [-91.308006, 18.56275], [-91.307926, 18.563577], [-91.307788, 18.564403], [-91.30771, 18.565147], [-91.30769, 18.565851], [-91.30761, 18.566679], [-91.30747, 18.567546], [-91.307156, 18.568491], [-91.306783, 18.569435], [-91.306412, 18.570337], [-91.306216, 18.571162], [-91.306082, 18.571821], [-91.30582, 18.572934], [-91.305563, 18.573881], [-91.305256, 18.574536], [-91.304774, 18.57527], [-91.304176, 18.576001], [-91.303406, 18.576686], [-91.302992, 18.577049], [-91.302568, 18.577742], [-91.302189, 18.578935], [-91.302051, 18.579761], [-91.301975, 18.580422], [-91.301962, 18.580878], [-91.302063, 18.581419], [-91.302104, 18.582042], [-91.301912, 18.5827], [-91.301665, 18.583275], [-91.301422, 18.583724], [-91.301251, 18.584277], [-91.301168, 18.584547], [-91.300979, 18.585122], [-91.300792, 18.585615], [-91.300658, 18.586275], [-91.30047, 18.586809], [-91.300116, 18.58709], [-91.299876, 18.587416], [-91.299748, 18.587868], [-91.299337, 18.588107], [-91.298979, 18.588512], [-91.29862, 18.588959], [-91.298495, 18.589287], [-91.298018, 18.589814], [-91.297543, 18.590299], [-91.297006, 18.590907], [-91.296818, 18.591441], [-91.296692, 18.591811], [-91.296624, 18.592183], [-91.296614, 18.592555], [-91.296486, 18.593008], [-91.296185, 18.593456], [-91.29594, 18.593948], [-91.295811, 18.594442], [-91.295622, 18.595017], [-91.295376, 18.59555], [-91.295191, 18.59596], [-91.295005, 18.596411], [-91.294761, 18.596902], [-91.294398, 18.597473], [-91.294036, 18.598044], [-91.293733, 18.598534], [-91.293485, 18.599149], [-91.293418, 18.599479], [-91.293347, 18.599975], [-91.293393, 18.600391], [-91.293554, 18.600851], [-91.293598, 18.60135], [-91.293877, 18.60173], [-91.294153, 18.602193], [-91.294316, 18.60257], [-91.294538, 18.602908], [-91.294762, 18.603162], [-91.295102, 18.60342], [-91.295736, 18.603477], [-91.296138, 18.603571], [-91.296483, 18.603621], [-91.296764, 18.603918], [-91.296926, 18.604337], [-91.296687, 18.604621], [-91.296443, 18.605071], [-91.296196, 18.605645], [-91.296185, 18.606059], [-91.29612, 18.606306], [-91.295834, 18.606216], [-91.295669, 18.605922], [-91.295619, 18.60563], [-91.2958, 18.605345], [-91.295984, 18.604976], [-91.296105, 18.604772], [-91.296227, 18.604527], [-91.296234, 18.604278], [-91.295889, 18.604228], [-91.295428, 18.604174], [-91.295139, 18.604167], [-91.294791, 18.604199], [-91.294551, 18.604525], [-91.294483, 18.604896], [-91.294416, 18.605226], [-91.294352, 18.605473], [-91.294459, 18.605766], [-91.29457, 18.605935], [-91.2948, 18.605982], [-91.295029, 18.606071], [-91.295082, 18.606238], [-91.295077, 18.606404], [-91.295129, 18.606613], [-91.295178, 18.606945], [-91.295417, 18.606661], [-91.29565, 18.606585], [-91.295758, 18.606877], [-91.295696, 18.607042], [-91.295633, 18.607206], [-91.295685, 18.607415], [-91.295848, 18.607792], [-91.295892, 18.60829], [-91.296001, 18.608542], [-91.296168, 18.608795], [-91.296273, 18.609171], [-91.296382, 18.609422], [-91.296487, 18.609798], [-91.296537, 18.61009], [-91.296414, 18.610335], [-91.296232, 18.610662], [-91.295941, 18.610738], [-91.295761, 18.610982], [-91.295812, 18.611232], [-91.295518, 18.61139], [-91.29534, 18.611551], [-91.295218, 18.611797], [-91.295092, 18.612167], [-91.295125, 18.61308], [-91.295229, 18.613497], [-91.295274, 18.613954], [-91.295318, 18.614453], [-91.295484, 18.614747], [-91.295826, 18.614922], [-91.296112, 18.615012], [-91.296685, 18.615193], [-91.296452, 18.61527], [-91.296049, 18.615218], [-91.295706, 18.615085], [-91.295359, 18.615076], [-91.295295, 18.615323], [-91.295288, 18.615571], [-91.295456, 18.615742], [-91.295565, 18.615993], [-91.295361, 18.617107], [-91.295233, 18.61756], [-91.294994, 18.617844], [-91.294755, 18.618128], [-91.294747, 18.618418], [-91.294625, 18.618664], [-91.294445, 18.618908], [-91.294319, 18.619278], [-91.294254, 18.619525], [-91.294245, 18.619856], [-91.294235, 18.620229], [-91.294401, 18.620482], [-91.294219, 18.620809], [-91.293979, 18.621134], [-91.293692, 18.621044], [-91.293581, 18.620875], [-91.29341, 18.620788], [-91.293124, 18.620698], [-91.292895, 18.620609], [-91.292777, 18.620689], [-91.292656, 18.620893], [-91.292538, 18.620973], [-91.291725, 18.621118], [-91.291719, 18.621325], [-91.291886, 18.621578], [-91.291476, 18.621775], [-91.291246, 18.621727], [-91.291134, 18.6216], [-91.290788, 18.62155], [-91.290608, 18.621794], [-91.29032, 18.621745], [-91.289916, 18.621734], [-91.289909, 18.621983], [-91.290078, 18.622153], [-91.29001, 18.622524], [-91.290238, 18.622655], [-91.290404, 18.622908], [-91.290516, 18.623035], [-91.290339, 18.623155], [-91.289994, 18.623104], [-91.289817, 18.623224], [-91.289866, 18.623557], [-91.289975, 18.623809], [-91.289738, 18.62401], [-91.28957, 18.623798], [-91.289461, 18.623588], [-91.289293, 18.623377], [-91.289063, 18.623329], [-91.288878, 18.623739], [-91.288769, 18.623529], [-91.288599, 18.6234], [-91.288423, 18.623479], [-91.288303, 18.623641], [-91.288069, 18.62376], [-91.287721, 18.623792], [-91.287467, 18.624615], [-91.287343, 18.624902], [-91.287396, 18.62511], [-91.287449, 18.625277], [-91.287676, 18.625408], [-91.287443, 18.625485], [-91.287159, 18.625311], [-91.286932, 18.62514], [-91.286761, 18.625052], [-91.286641, 18.625215], [-91.286462, 18.625418], [-91.286236, 18.625246], [-91.286183, 18.625079], [-91.285837, 18.625029], [-91.285546, 18.625104], [-91.285423, 18.625391], [-91.285359, 18.625597], [-91.285294, 18.625844], [-91.285066, 18.625755], [-91.285013, 18.625588], [-91.285019, 18.625339], [-91.284968, 18.625089], [-91.284859, 18.624879], [-91.28469, 18.624709], [-91.284517, 18.624704], [-91.284455, 18.624827], [-91.284279, 18.624947], [-91.284048, 18.624941], [-91.283814, 18.625018], [-91.283642, 18.624972], [-91.283578, 18.625219], [-91.283513, 18.625466], [-91.283624, 18.625635], [-91.283617, 18.625883], [-91.283784, 18.626136], [-91.283893, 18.626347], [-91.284118, 18.626601], [-91.283709, 18.626756], [-91.283483, 18.626543], [-91.283257, 18.626372], [-91.283085, 18.626326], [-91.282908, 18.626445], [-91.282845, 18.626651], [-91.28267, 18.626688], [-91.282493, 18.626808], [-91.282317, 18.626928], [-91.282365, 18.627261], [-91.282242, 18.627548], [-91.282177, 18.627795], [-91.282169, 18.628085], [-91.282047, 18.62833], [-91.282213, 18.628583], [-91.282149, 18.62883], [-91.281918, 18.628824], [-91.281511, 18.628897], [-91.281331, 18.629141], [-91.28104, 18.629216], [-91.280864, 18.629295], [-91.280742, 18.62954], [-91.280621, 18.629744], [-91.280558, 18.629909], [-91.280552, 18.630116], [-91.280431, 18.63032], [-91.280365, 18.630608], [-91.280416, 18.630858], [-91.280526, 18.631069], [-91.280749, 18.631364], [-91.280913, 18.6317], [-91.281253, 18.631958], [-91.281652, 18.632175], [-91.281944, 18.632059], [-91.281879, 18.632306], [-91.281759, 18.632468], [-91.281809, 18.63276], [-91.281513, 18.633001], [-91.281446, 18.633331], [-91.281495, 18.633664], [-91.281659, 18.634], [-91.281818, 18.634543], [-91.281859, 18.635124], [-91.281905, 18.635581], [-91.281952, 18.635956], [-91.281998, 18.636372], [-91.282042, 18.63687], [-91.281973, 18.637283], [-91.281731, 18.637691], [-91.281317, 18.638012], [-91.281201, 18.638051], [-91.280905, 18.638292], [-91.280607, 18.638616], [-91.280363, 18.639065], [-91.280064, 18.639431], [-91.279767, 18.639713], [-91.279645, 18.639959], [-91.279579, 18.640247], [-91.279684, 18.640623], [-91.279838, 18.641332], [-91.279768, 18.641786], [-91.279753, 18.642325], [-91.279617, 18.643067], [-91.279601, 18.643647], [-91.279639, 18.644353], [-91.279791, 18.645145], [-91.279888, 18.645811], [-91.280103, 18.646397], [-91.280436, 18.646903], [-91.280713, 18.647324], [-91.280761, 18.647699], [-91.280864, 18.648157], [-91.280909, 18.648615], [-91.280893, 18.649195], [-91.280424, 18.649431], [-91.280125, 18.649797], [-91.279706, 18.650325], [-91.279405, 18.650732], [-91.27906, 18.650681], [-91.278876, 18.651049], [-91.278631, 18.651541], [-91.278274, 18.651905], [-91.277804, 18.652183], [-91.277509, 18.652424], [-91.277095, 18.652745], [-91.276684, 18.652983], [-91.276269, 18.653345], [-91.275906, 18.653916], [-91.275488, 18.654403], [-91.275308, 18.654647], [-91.275068, 18.654972], [-91.274652, 18.655376], [-91.274352, 18.655783], [-91.274045, 18.656438], [-91.273741, 18.656969], [-91.273553, 18.657503], [-91.273309, 18.657953], [-91.273121, 18.658487], [-91.272991, 18.658981], [-91.27292, 18.659477], [-91.272962, 18.660058], [-91.27324, 18.660439], [-91.273513, 18.661026], [-91.273613, 18.661609], [-91.274123, 18.661954], [-91.27446, 18.662336], [-91.275026, 18.662765], [-91.275478, 18.66315], [-91.27581, 18.663697], [-91.27597, 18.664158], [-91.276301, 18.664746], [-91.276456, 18.665414], [-91.276559, 18.665872], [-91.276552, 18.666121], [-91.276291, 18.667192], [-91.27598, 18.667972], [-91.275623, 18.668336], [-91.275265, 18.668741], [-91.274904, 18.669271], [-91.274428, 18.669756], [-91.274005, 18.670408], [-91.273586, 18.670936], [-91.273055, 18.671296], [-91.272523, 18.671738], [-91.272161, 18.672267], [-91.271629, 18.67271], [-91.271094, 18.673235], [-91.270562, 18.673635], [-91.269742, 18.674029], [-91.269102, 18.674178], [-91.268397, 18.674574], [-91.267399, 18.675129], [-91.266695, 18.675484], [-91.266054, 18.675674], [-91.265235, 18.676026], [-91.264414, 18.676419], [-91.263307, 18.676722], [-91.261905, 18.677266], [-91.260798, 18.677569], [-91.259981, 18.677838], [-91.259396, 18.678072], [-91.258639, 18.678259], [-91.258115, 18.678412], [-91.257471, 18.678685], [-91.256488, 18.678701], [-91.25521, 18.678917], [-91.25439, 18.679268], [-91.253455, 18.679659], [-91.252576, 18.68005], [-91.251698, 18.680442], [-91.250933, 18.68092], [-91.250171, 18.681314], [-91.249698, 18.681675], [-91.249281, 18.68212], [-91.24909, 18.682737], [-91.248671, 18.683265], [-91.248599, 18.683761], [-91.248649, 18.684052], [-91.248116, 18.684494], [-91.247868, 18.68511], [-91.247789, 18.685854], [-91.247659, 18.68639], [-91.247581, 18.687092], [-91.247566, 18.687631], [-91.247613, 18.688047], [-91.247594, 18.688709], [-91.247462, 18.689286], [-91.247268, 18.690028], [-91.246669, 18.6908], [-91.246252, 18.691245], [-91.245775, 18.69173], [-91.245302, 18.692132], [-91.244696, 18.693111], [-91.244445, 18.693809], [-91.24425, 18.694592], [-91.243994, 18.695497], [-91.243799, 18.696239], [-91.24366, 18.697105], [-91.243348, 18.697926], [-91.243152, 18.698709], [-91.242892, 18.699739], [-91.242701, 18.700397], [-91.242389, 18.701218], [-91.24208, 18.701915], [-91.24183, 18.702571], [-91.241344, 18.703429], [-91.240796, 18.70441], [-91.2406, 18.705234], [-91.240407, 18.705934], [-91.240378, 18.706969], [-91.239664, 18.707697], [-91.239357, 18.708311], [-91.238872, 18.709127], [-91.238799, 18.709664], [-91.239204, 18.709675], [-91.239553, 18.709601], [-91.239776, 18.709897], [-91.239999, 18.710193], [-91.240447, 18.710702], [-91.240781, 18.711167], [-91.241062, 18.711464], [-91.241164, 18.711965], [-91.241089, 18.712584], [-91.240779, 18.713323], [-91.240525, 18.714145], [-91.240388, 18.714888], [-91.240136, 18.715627], [-91.240003, 18.716246], [-91.239813, 18.716863], [-91.239622, 18.717479], [-91.239484, 18.718264], [-91.239353, 18.71884], [-91.238976, 18.719908], [-91.238542, 18.720934], [-91.238523, 18.721638], [-91.238271, 18.722377], [-91.237956, 18.723281], [-91.237761, 18.724064], [-91.237682, 18.724808], [-91.237552, 18.725343], [-91.237302, 18.726], [-91.237225, 18.726703], [-91.237034, 18.72732], [-91.23696, 18.727898], [-91.237, 18.728521], [-91.237096, 18.729228], [-91.237074, 18.730016], [-91.237214, 18.731221], [-91.237351, 18.732552], [-91.237608, 18.733678], [-91.237875, 18.734472], [-91.238144, 18.735225], [-91.238407, 18.736144], [-91.238734, 18.736858], [-91.239004, 18.737569], [-91.239333, 18.7382], [-91.239777, 18.738875], [-91.240048, 18.739504], [-91.24003, 18.740166], [-91.239951, 18.740911], [-91.239697, 18.741733], [-91.239565, 18.74231], [-91.239197, 18.743088], [-91.238831, 18.743742], [-91.238409, 18.744353], [-91.238221, 18.744887], [-91.238212, 18.745218], [-91.2382, 18.745632], [-91.238027, 18.745628], [-91.237862, 18.745292], [-91.237701, 18.744873], [-91.237538, 18.744496], [-91.237466, 18.744991], [-91.237395, 18.745445], [-91.237094, 18.745894], [-91.23674, 18.746133], [-91.236091, 18.746572], [-91.235389, 18.746885], [-91.236148, 18.74817], [-91.23781, 18.748505], [-91.238503, 18.748598], [-91.239309, 18.748857], [-91.239886, 18.74903], [-91.240578, 18.749205], [-91.241382, 18.74963], [-91.241839, 18.75005], [-91.242412, 18.750388], [-91.243103, 18.750646], [-91.24391, 18.750905], [-91.244485, 18.751161], [-91.24471, 18.751578], [-91.244473, 18.751988], [-91.244353, 18.752317], [-91.244348, 18.752647], [-91.244226, 18.753141], [-91.24445, 18.753641], [-91.244784, 18.754554], [-91.245004, 18.755384], [-91.245343, 18.755968], [-91.245565, 18.756632], [-91.24625, 18.757303], [-91.246816, 18.75822], [-91.247379, 18.759385], [-91.247601, 18.760049], [-91.247941, 18.76055], [-91.24851, 18.761219], [-91.249082, 18.761723], [-91.249656, 18.762062], [-91.250226, 18.762648], [-91.2508, 18.762987], [-91.251374, 18.763326], [-91.251948, 18.763664], [-91.25264, 18.763839], [-91.253099, 18.764094], [-91.253789, 18.764434], [-91.254482, 18.764526], [-91.255056, 18.764865], [-91.255397, 18.765283], [-91.255854, 18.765703], [-91.256084, 18.765871], [-91.256891, 18.766048], [-91.257466, 18.766304], [-91.258156, 18.766644], [-91.258497, 18.767062], [-91.258838, 18.767563], [-91.259178, 18.768063], [-91.259517, 18.768647], [-91.259972, 18.769231], [-91.260425, 18.769899], [-91.260764, 18.770482], [-91.261333, 18.771234], [-91.261901, 18.771986], [-91.26224, 18.772569], [-91.262696, 18.773072], [-91.263032, 18.773903], [-91.263717, 18.774574], [-91.264405, 18.774997], [-91.265092, 18.775585], [-91.265544, 18.776335], [-91.266111, 18.777169], [-91.266335, 18.777751], [-91.266675, 18.778252], [-91.267129, 18.778919], [-91.267467, 18.779585], [-91.267809, 18.779921], [-91.268034, 18.78042], [-91.268489, 18.781005], [-91.269287, 18.781842], [-91.270319, 18.782601], [-91.271008, 18.782941], [-91.271696, 18.783446], [-91.272728, 18.784122], [-91.273536, 18.784298], [-91.274229, 18.784391], [-91.274805, 18.784564], [-91.275612, 18.784823], [-91.276534, 18.785084], [-91.277689, 18.785265], [-91.278261, 18.785769], [-91.278604, 18.786104], [-91.279293, 18.786444], [-91.28044, 18.787204], [-91.281127, 18.787792], [-91.281585, 18.788129], [-91.281809, 18.788711], [-91.282725, 18.789385], [-91.283183, 18.789804], [-91.283869, 18.790392], [-91.284554, 18.791063], [-91.285123, 18.791815], [-91.285926, 18.792322], [-91.286497, 18.792908], [-91.287067, 18.793495], [-91.287985, 18.794086], [-91.289015, 18.794927], [-91.289934, 18.795435], [-91.29074, 18.795777], [-91.291433, 18.795869], [-91.292244, 18.795798], [-91.293285, 18.795895], [-91.294094, 18.795989], [-91.294793, 18.795667], [-91.295609, 18.795265], [-91.296308, 18.794944], [-91.297123, 18.794542], [-91.297823, 18.794138], [-91.298523, 18.793735], [-91.299223, 18.793331], [-91.300039, 18.792929], [-91.300851, 18.792774], [-91.301785, 18.792209], [-91.302371, 18.791721], [-91.302841, 18.791148], [-91.303657, 18.790746], [-91.304476, 18.790096], [-91.305293, 18.789611], [-91.30611, 18.789126], [-91.307161, 18.788479], [-91.307982, 18.787664], [-91.309152, 18.786771], [-91.310087, 18.786039], [-91.310908, 18.785307], [-91.311499, 18.784405], [-91.312088, 18.783587], [-91.312906, 18.783019], [-91.313727, 18.782286], [-91.314317, 18.781385], [-91.314561, 18.780479], [-91.314922, 18.779492], [-91.315512, 18.778674], [-91.316099, 18.77802], [-91.316685, 18.777532], [-91.317278, 18.776466], [-91.317752, 18.775645], [-91.318225, 18.774908], [-91.318808, 18.774585], [-91.319158, 18.774342], [-91.319743, 18.773936], [-91.320442, 18.773533], [-91.321026, 18.77321], [-91.321496, 18.772638], [-91.321733, 18.772227], [-91.321974, 18.771569], [-91.321983, 18.770908], [-91.322336, 18.770417], [-91.322688, 18.770091], [-91.323272, 18.769686], [-91.323627, 18.769112], [-91.323978, 18.768869], [-91.324794, 18.768384], [-91.325264, 18.767894], [-91.325501, 18.767484], [-91.325627, 18.766742], [-91.325861, 18.766497], [-91.326098, 18.766087], [-91.326565, 18.765845], [-91.327141, 18.766018], [-91.327483, 18.766436], [-91.32759, 18.767016], [-91.327697, 18.767679], [-91.327805, 18.768259], [-91.327912, 18.768922], [-91.328137, 18.769421], [-91.32836, 18.770003], [-91.328465, 18.770831], [-91.328456, 18.771492], [-91.328795, 18.772075], [-91.32925, 18.77266], [-91.329355, 18.773488], [-91.329115, 18.774146], [-91.328875, 18.774721], [-91.329212, 18.77547], [-91.329315, 18.776463], [-91.329655, 18.776964], [-91.32999, 18.777878], [-91.330794, 18.778384], [-91.331599, 18.778726], [-91.33264, 18.778823], [-91.333682, 18.778754], [-91.334494, 18.7786], [-91.335424, 18.778364], [-91.336467, 18.778213], [-91.337399, 18.777812], [-91.338447, 18.77733], [-91.339377, 18.777012], [-91.34019, 18.776775], [-91.341004, 18.776538], [-91.342398, 18.776143], [-91.343329, 18.775743], [-91.34403, 18.775256], [-91.344957, 18.775186], [-91.345529, 18.77569], [-91.345754, 18.776189], [-91.346209, 18.776773], [-91.346662, 18.777523], [-91.34723, 18.778275], [-91.347795, 18.779357], [-91.348484, 18.77978], [-91.349517, 18.780372], [-91.350096, 18.78038], [-91.3509, 18.780804], [-91.351247, 18.780891], [-91.351703, 18.781393], [-91.352047, 18.781646], [-91.352154, 18.782309], [-91.352035, 18.782555], [-91.351682, 18.782964], [-91.35133, 18.78329], [-91.351213, 18.783371], [-91.351095, 18.783535], [-91.351091, 18.783865], [-91.351317, 18.784282], [-91.351543, 18.784698], [-91.351656, 18.784865], [-91.352118, 18.784954], [-91.352471, 18.784545], [-91.352591, 18.784216], [-91.352711, 18.783887], [-91.352831, 18.783558], [-91.35284, 18.782897], [-91.352848, 18.782318], [-91.353088, 18.78166], [-91.353667, 18.781668], [-91.35459, 18.781845], [-91.355166, 18.782101], [-91.356435, 18.782366], [-91.35713, 18.782375], [-91.358171, 18.782389], [-91.359331, 18.782239], [-91.360608, 18.781926], [-91.361652, 18.781774], [-91.362924, 18.781874], [-91.364428, 18.781894], [-91.365808, 18.782574], [-91.36672, 18.783661], [-91.367631, 18.784747], [-91.367738, 18.78541], [-91.367729, 18.786071], [-91.367614, 18.78607], [-91.366817, 18.785067], [-91.366591, 18.784651], [-91.366486, 18.783823], [-91.365567, 18.783315], [-91.364641, 18.783302], [-91.363832, 18.783209], [-91.362789, 18.783278], [-91.362324, 18.783437], [-91.361973, 18.783763], [-91.36208, 18.784425], [-91.362534, 18.785093], [-91.362983, 18.786091], [-91.363321, 18.786839], [-91.363891, 18.787508], [-91.364231, 18.788009], [-91.364689, 18.788428], [-91.365493, 18.788852], [-91.366294, 18.789607], [-91.366867, 18.790028], [-91.367903, 18.790455], [-91.368357, 18.791122], [-91.368237, 18.791451], [-91.367654, 18.791774], [-91.366955, 18.792095], [-91.366258, 18.792252], [-91.365676, 18.792492], [-91.365556, 18.792821], [-91.365552, 18.793151], [-91.365317, 18.793396], [-91.364974, 18.793061], [-91.364866, 18.792481], [-91.364874, 18.791902], [-91.364883, 18.791241], [-91.364072, 18.791313], [-91.363604, 18.791638], [-91.362908, 18.791794], [-91.362443, 18.791953], [-91.362432, 18.792779], [-91.362666, 18.792534], [-91.363135, 18.792127], [-91.363713, 18.792135], [-91.364057, 18.792388], [-91.364054, 18.792635], [-91.364047, 18.793131], [-91.364154, 18.793794], [-91.36438, 18.79421], [-91.364607, 18.794544], [-91.365303, 18.794471], [-91.365541, 18.793978], [-91.366127, 18.793407], [-91.366714, 18.792836], [-91.367526, 18.792682], [-91.368452, 18.792694], [-91.369147, 18.792621], [-91.369961, 18.792383], [-91.370547, 18.791813], [-91.371481, 18.791246], [-91.371937, 18.791748], [-91.372043, 18.792494], [-91.372376, 18.793573], [-91.372592, 18.794733], [-91.372698, 18.795478], [-91.372801, 18.796472], [-91.372906, 18.797217], [-91.373125, 18.798212], [-91.373458, 18.799291], [-91.373564, 18.800036], [-91.374363, 18.800874], [-91.374934, 18.80146], [-91.375846, 18.802547], [-91.376301, 18.803131], [-91.376872, 18.803718], [-91.377439, 18.804634], [-91.377544, 18.805463], [-91.377417, 18.806287], [-91.377176, 18.807028], [-91.376822, 18.80752], [-91.37612, 18.808089], [-91.375071, 18.808571], [-91.374374, 18.80881], [-91.374018, 18.809466], [-91.37389, 18.810374], [-91.37388, 18.811118], [-91.373989, 18.811615], [-91.374102, 18.811865], [-91.374335, 18.811702], [-91.375039, 18.81105], [-91.375741, 18.810481], [-91.376674, 18.809915], [-91.377842, 18.809186], [-91.379236, 18.808792], [-91.380516, 18.808313], [-91.381793, 18.807999], [-91.383308, 18.807275], [-91.384595, 18.806217], [-91.385875, 18.805738], [-91.387386, 18.805262], [-91.388667, 18.8047], [-91.38983, 18.804302], [-91.391328, 18.804818], [-91.391549, 18.805565], [-91.391307, 18.806388], [-91.39095, 18.807128], [-91.390592, 18.80795], [-91.390119, 18.808687], [-91.389762, 18.809427], [-91.389285, 18.810495], [-91.388927, 18.811317], [-91.388687, 18.811975], [-91.388324, 18.813128], [-91.388201, 18.813705], [-91.387958, 18.814611], [-91.387366, 18.815595], [-91.386779, 18.816166], [-91.386073, 18.817066], [-91.385364, 18.818131], [-91.384777, 18.818785], [-91.384075, 18.819354], [-91.383376, 18.819675], [-91.382664, 18.820989], [-91.382421, 18.821812], [-91.382525, 18.822723], [-91.38263, 18.823551], [-91.382501, 18.824541], [-91.382373, 18.825449], [-91.382134, 18.826024], [-91.38201, 18.826684], [-91.381539, 18.827256], [-91.381298, 18.827997], [-91.380943, 18.828571], [-91.380589, 18.829062], [-91.380232, 18.829802], [-91.379649, 18.830125], [-91.378722, 18.830195], [-91.377793, 18.830348], [-91.377097, 18.830504], [-91.376409, 18.829999], [-91.375834, 18.829661], [-91.375607, 18.829327], [-91.375037, 18.828658], [-91.374694, 18.828323], [-91.374237, 18.827903], [-91.373547, 18.827481], [-91.372744, 18.826974], [-91.372282, 18.826885], [-91.371474, 18.826709], [-91.371005, 18.827117], [-91.370996, 18.827778], [-91.370983, 18.82877], [-91.371089, 18.829515], [-91.37143, 18.830015], [-91.37131, 18.830344], [-91.370842, 18.830669], [-91.370376, 18.830911], [-91.370141, 18.831156], [-91.369904, 18.831566], [-91.369666, 18.832059], [-91.369315, 18.832302], [-91.368737, 18.832294], [-91.368395, 18.831876], [-91.367932, 18.83187], [-91.367696, 18.832198], [-91.36723, 18.832439], [-91.366883, 18.832352], [-91.366538, 18.832182], [-91.365843, 18.832256], [-91.366295, 18.833088], [-91.367103, 18.833264], [-91.367679, 18.833437], [-91.36826, 18.83328], [-91.369305, 18.833128], [-91.369887, 18.832888], [-91.370706, 18.832238], [-91.371062, 18.831581], [-91.371531, 18.831091], [-91.371996, 18.831015], [-91.372236, 18.830357], [-91.37213, 18.829611], [-91.371905, 18.829112], [-91.371335, 18.828444], [-91.371456, 18.828032], [-91.372268, 18.82796], [-91.372495, 18.828294], [-91.372837, 18.828711], [-91.373293, 18.829214], [-91.373749, 18.829716], [-91.374439, 18.830138], [-91.375013, 18.830476], [-91.375473, 18.83073], [-91.375928, 18.831315], [-91.376264, 18.832146], [-91.37649, 18.832563], [-91.376602, 18.832895], [-91.377178, 18.833068], [-91.377759, 18.83291], [-91.378462, 18.832341], [-91.379282, 18.831608], [-91.380216, 18.831041], [-91.381265, 18.830477], [-91.381973, 18.829494], [-91.38233, 18.828755], [-91.382574, 18.827766], [-91.382822, 18.826529], [-91.383067, 18.825541], [-91.383078, 18.824714], [-91.38321, 18.823476], [-91.383456, 18.822404], [-91.383933, 18.821336], [-91.384409, 18.82035], [-91.384988, 18.820358], [-91.385095, 18.821021], [-91.384971, 18.821598], [-91.384847, 18.822258], [-91.384725, 18.822752], [-91.384601, 18.823329], [-91.384474, 18.824154], [-91.384694, 18.825066], [-91.384684, 18.82581], [-91.384554, 18.826883], [-91.38431, 18.827872], [-91.384298, 18.828781], [-91.384055, 18.829604], [-91.383581, 18.830425], [-91.382876, 18.831242], [-91.382177, 18.831563], [-91.381364, 18.831718], [-91.380549, 18.83212], [-91.379846, 18.83269], [-91.37868, 18.833336], [-91.377862, 18.833903], [-91.377159, 18.834555], [-91.376341, 18.835123], [-91.375527, 18.83536], [-91.374825, 18.83593], [-91.374007, 18.836498], [-91.373195, 18.836569], [-91.37144, 18.837951], [-91.371204, 18.838279], [-91.371309, 18.839107], [-91.371189, 18.839436], [-91.371184, 18.839849], [-91.371061, 18.840344], [-91.370591, 18.840916], [-91.370121, 18.841406], [-91.369765, 18.842062], [-91.369776, 18.841236], [-91.369178, 18.842633], [-91.368821, 18.843372], [-91.368356, 18.843531], [-91.367549, 18.843273], [-91.36662, 18.843426], [-91.366155, 18.843585], [-91.365339, 18.843987], [-91.364526, 18.844224], [-91.363828, 18.844463], [-91.363128, 18.844867], [-91.362544, 18.84519], [-91.362078, 18.845432], [-91.361495, 18.845755], [-91.361145, 18.845915], [-91.360563, 18.846155], [-91.35998, 18.846478], [-91.359514, 18.846637], [-91.359167, 18.846633], [-91.358696, 18.847205], [-91.358574, 18.847699], [-91.358568, 18.848113], [-91.358445, 18.84869], [-91.357977, 18.849014], [-91.357748, 18.848846], [-91.35752, 18.848595], [-91.357407, 18.848345], [-91.357179, 18.848094], [-91.35695, 18.847926], [-91.356486, 18.848002], [-91.356137, 18.84808], [-91.356016, 18.848492], [-91.35636, 18.848744], [-91.356589, 18.848913], [-91.357048, 18.84925], [-91.357278, 18.849335], [-91.358084, 18.849677], [-91.35855, 18.849518], [-91.358903, 18.849109], [-91.35926, 18.84837], [-91.359382, 18.847876], [-91.359965, 18.847553], [-91.360311, 18.847723], [-91.360305, 18.848136], [-91.360302, 18.848384], [-91.360064, 18.848877], [-91.359944, 18.849123], [-91.359706, 18.849616], [-91.359585, 18.850028], [-91.359346, 18.850603], [-91.359222, 18.85118], [-91.358866, 18.851837], [-91.358859, 18.852332], [-91.35874, 18.852579], [-91.358625, 18.852577], [-91.358502, 18.853072], [-91.358497, 18.853485], [-91.358377, 18.853814], [-91.357907, 18.854304], [-91.357559, 18.854299], [-91.357329, 18.854213], [-91.357439, 18.854628], [-91.357201, 18.855121], [-91.357082, 18.855367], [-91.35673, 18.855693], [-91.356503, 18.855359], [-91.356392, 18.855027], [-91.356276, 18.855026], [-91.355928, 18.855104], [-91.35569, 18.855514], [-91.355575, 18.855512], [-91.355915, 18.856013], [-91.356141, 18.856429], [-91.356369, 18.856763], [-91.356717, 18.856685], [-91.357301, 18.856279], [-91.357418, 18.856198], [-91.357777, 18.855377], [-91.358358, 18.855219], [-91.358818, 18.855473], [-91.35916, 18.855808], [-91.359619, 18.856145], [-91.360423, 18.856652], [-91.361114, 18.856909], [-91.361458, 18.857162], [-91.362152, 18.857254], [-91.362721, 18.858005], [-91.362829, 18.858585], [-91.36317, 18.859086], [-91.363506, 18.859917], [-91.36396, 18.860584], [-91.364418, 18.861004], [-91.364879, 18.861175], [-91.365342, 18.861181], [-91.366039, 18.861025], [-91.366386, 18.86103], [-91.366842, 18.861615], [-91.366481, 18.862602], [-91.366006, 18.863505], [-91.365421, 18.86391], [-91.364948, 18.864648], [-91.36425, 18.864887], [-91.363669, 18.865044], [-91.362387, 18.865688], [-91.361805, 18.865929], [-91.36122, 18.866334], [-91.360285, 18.866983], [-91.359354, 18.867301], [-91.359122, 18.867381], [-91.357266, 18.867604], [-91.356806, 18.86735], [-91.356348, 18.86693], [-91.356123, 18.866431], [-91.355899, 18.865932], [-91.35579, 18.865352], [-91.355678, 18.865103], [-91.355337, 18.864602], [-91.354998, 18.864019], [-91.354654, 18.863766], [-91.354307, 18.863679], [-91.353495, 18.863834], [-91.353032, 18.863827], [-91.351993, 18.863565], [-91.351649, 18.863313], [-91.351307, 18.862895], [-91.350619, 18.86239], [-91.349928, 18.862132], [-91.349351, 18.861959], [-91.349006, 18.861789], [-91.348311, 18.86178], [-91.347731, 18.861855], [-91.347038, 18.861763], [-91.346236, 18.861091], [-91.345894, 18.860673], [-91.345322, 18.860169], [-91.344745, 18.859996], [-91.344054, 18.859739], [-91.343237, 18.860224], [-91.342424, 18.860378], [-91.341726, 18.860617], [-91.340679, 18.861016], [-91.340098, 18.861173], [-91.339518, 18.861248], [-91.338934, 18.861571], [-91.338353, 18.861729], [-91.337886, 18.862053], [-91.337188, 18.862292], [-91.336722, 18.862451], [-91.336138, 18.862856], [-91.335323, 18.863176], [-91.334972, 18.863419], [-91.33462, 18.863745], [-91.333921, 18.864066], [-91.332852, 18.864388], [-91.332186, 18.864796], [-91.331687, 18.865102], [-91.3308, 18.865552], [-91.330653, 18.866006], [-91.329835, 18.866491], [-91.329482, 18.866899], [-91.329476, 18.867395], [-91.32947, 18.867808], [-91.329933, 18.867815], [-91.330631, 18.867576], [-91.332148, 18.86677], [-91.332856, 18.866533], [-91.333898, 18.865802], [-91.334949, 18.865155], [-91.33565, 18.864668], [-91.336001, 18.864425], [-91.336701, 18.864021], [-91.337635, 18.863455], [-91.338447, 18.863383], [-91.338801, 18.862892], [-91.339151, 18.862649], [-91.33985, 18.862327], [-91.340664, 18.86209], [-91.34101, 18.862178], [-91.34147, 18.862432], [-91.342049, 18.86244], [-91.342517, 18.862115], [-91.342754, 18.861705], [-91.343453, 18.861384], [-91.343918, 18.861225], [-91.344265, 18.861312], [-91.344489, 18.861811], [-91.344717, 18.862145], [-91.344945, 18.862396], [-91.345408, 18.862402], [-91.345873, 18.862243], [-91.346104, 18.862329], [-91.346332, 18.86258], [-91.346444, 18.86283], [-91.346671, 18.863163], [-91.347015, 18.863416], [-91.347245, 18.863584], [-91.347237, 18.864163], [-91.347114, 18.86474], [-91.34699, 18.865317], [-91.347095, 18.866145], [-91.347205, 18.86656], [-91.347431, 18.866976], [-91.347772, 18.867477], [-91.348117, 18.867647], [-91.348354, 18.867236], [-91.348359, 18.866823], [-91.34836, 18.86674], [-91.348251, 18.866243], [-91.348138, 18.866076], [-91.348492, 18.865585], [-91.349074, 18.865345], [-91.34954, 18.865103], [-91.350008, 18.864779], [-91.350817, 18.864872], [-91.35175, 18.864389], [-91.35221, 18.864643], [-91.35255, 18.865226], [-91.352892, 18.865644], [-91.353004, 18.865894], [-91.353, 18.866224], [-91.352994, 18.866637], [-91.35333, 18.867469], [-91.353557, 18.867802], [-91.353551, 18.868298], [-91.353897, 18.868385], [-91.354356, 18.868722], [-91.354705, 18.868562], [-91.355401, 18.868488], [-91.35528, 18.8689], [-91.355733, 18.86965], [-91.355959, 18.870066], [-91.356186, 18.8704], [-91.356644, 18.870819], [-91.356987, 18.871155], [-91.357444, 18.871574], [-91.357904, 18.871828], [-91.35848, 18.872084], [-91.358941, 18.872256], [-91.359406, 18.872096], [-91.360102, 18.872023], [-91.360915, 18.871869], [-91.360779, 18.873355], [-91.360427, 18.873681], [-91.359612, 18.874], [-91.35903, 18.874241], [-91.358217, 18.874395], [-91.357403, 18.874632], [-91.35659, 18.874869], [-91.355895, 18.87486], [-91.354966, 18.875013], [-91.354501, 18.875172], [-91.354262, 18.875747], [-91.354952, 18.876087], [-91.355649, 18.875931], [-91.356345, 18.875858], [-91.357274, 18.875622], [-91.357972, 18.875384], [-91.358785, 18.875229], [-91.359714, 18.875076], [-91.360293, 18.875084], [-91.3611, 18.875343], [-91.361324, 18.875925], [-91.361668, 18.876177], [-91.36178, 18.876427], [-91.362127, 18.876514], [-91.362473, 18.876601], [-91.362821, 18.876523], [-91.36293, 18.877021], [-91.362807, 18.877598], [-91.362332, 18.878501], [-91.361625, 18.879401], [-91.360687, 18.880215], [-91.359983, 18.880949], [-91.359166, 18.881434], [-91.358461, 18.882169], [-91.35764, 18.882902], [-91.356823, 18.883387], [-91.35577, 18.884199], [-91.355071, 18.884521], [-91.354253, 18.885006], [-91.353207, 18.885322], [-91.352392, 18.885642], [-91.35204, 18.885968], [-91.351454, 18.886456], [-91.350524, 18.886774], [-91.34982, 18.887426], [-91.348999, 18.888159], [-91.348416, 18.888482], [-91.347712, 18.889134], [-91.347009, 18.889785], [-91.34642, 18.890521], [-91.345833, 18.891092], [-91.345021, 18.891164], [-91.344091, 18.891399], [-91.343625, 18.891641], [-91.342806, 18.892209], [-91.342338, 18.892616], [-91.341867, 18.893188], [-91.341166, 18.893592], [-91.340351, 18.893912], [-91.339534, 18.894396], [-91.338713, 18.895129], [-91.337898, 18.895449], [-91.337317, 18.895607], [-91.33662, 18.895762], [-91.335455, 18.896243], [-91.3351, 18.896816], [-91.332907, 18.897698], [-91.332333, 18.897924], [-91.331291, 18.898261], [-91.330301, 18.898713], [-91.329483, 18.89915], [-91.328442, 18.89947], [-91.327487, 18.899775], [-91.327014, 18.900347], [-91.326473, 18.900915], [-91.324607, 18.901882], [-91.322861, 18.90252], [-91.32123, 18.903241], [-91.319597, 18.904046], [-91.318781, 18.904448], [-91.318194, 18.905019], [-91.316793, 18.905826], [-91.314811, 18.906791], [-91.312945, 18.907675], [-91.31143, 18.908398], [-91.310379, 18.908963], [-91.308862, 18.909851], [-91.307579, 18.910495], [-91.306292, 18.911387], [-91.305357, 18.912035], [-91.304653, 18.912687], [-91.303714, 18.913583], [-91.301614, 18.914629], [-91.300329, 18.915438], [-91.299281, 18.915837], [-91.297883, 18.916396], [-91.296826, 18.917456], [-91.296118, 18.918439], [-91.29518, 18.919252], [-91.293775, 18.920308], [-91.291562, 18.921186], [-91.289817, 18.921741], [-91.288074, 18.92213], [-91.286321, 18.923263], [-91.284103, 18.924473], [-91.282239, 18.925274], [-91.280024, 18.926235], [-91.278972, 18.926964], [-91.277566, 18.928102], [-91.276162, 18.929075], [-91.273946, 18.930119], [-91.2722, 18.930756], [-91.270334, 18.931639], [-91.268585, 18.932441], [-91.266839, 18.933078], [-91.264628, 18.933791], [-91.262645, 18.934756], [-91.260898, 18.935393], [-91.259737, 18.935625], [-91.257986, 18.936509], [-91.255538, 18.937632], [-91.25309, 18.938673], [-91.251343, 18.939392], [-91.250058, 18.940118], [-91.24726, 18.941402], [-91.245163, 18.942199], [-91.243413, 18.943084], [-91.24143, 18.944048], [-91.239798, 18.944769], [-91.2384, 18.945328], [-91.237233, 18.94589], [-91.235372, 18.946442], [-91.23374, 18.947163], [-91.23199, 18.947965], [-91.23024, 18.94885], [-91.229305, 18.949415], [-91.228253, 18.950062], [-91.226971, 18.950622], [-91.225804, 18.951184], [-91.224289, 18.951824], [-91.222891, 18.952383], [-91.222191, 18.952704], [-91.220555, 18.953672], [-91.219505, 18.954236], [-91.218688, 18.954638], [-91.217523, 18.955117], [-91.217051, 18.955689], [-91.215769, 18.95625], [-91.21461, 18.956233], [-91.214265, 18.956063], [-91.214386, 18.955734], [-91.214508, 18.95524], [-91.214514, 18.954827], [-91.214286, 18.954575], [-91.213819, 18.954817], [-91.212883, 18.955465], [-91.212062, 18.956197], [-91.210769, 18.957501], [-91.209825, 18.958645], [-91.209003, 18.95946], [-91.207945, 18.960519], [-91.207123, 18.961252], [-91.206192, 18.961569], [-91.204674, 18.962374], [-91.203392, 18.962934], [-91.201756, 18.963903], [-91.199653, 18.965113], [-91.19802, 18.965833], [-91.197085, 18.966399], [-91.195333, 18.967365], [-91.19393, 18.968255], [-91.193197, 18.968827], [-91.192955, 18.968957], [-91.192912, 18.96898], [-91.192458, 18.969203], [-91.191315, 18.969644], [-91.190192, 18.97035], [-91.189259, 18.97075], [-91.187529, 18.971482], [-91.186342, 18.972196], [-91.185054, 18.973087], [-91.183082, 18.973888], [-91.182542, 18.974029], [-91.181589, 18.974533], [-91.179817, 18.975476], [-91.17865, 18.976118], [-91.177816, 18.976868], [-91.176418, 18.977343], [-91.175134, 18.977986], [-91.173503, 18.978624], [-91.171873, 18.979179], [-91.170123, 18.97998], [-91.168904, 18.980844], [-91.168424, 18.981254], [-91.168117, 18.98154], [-91.16773, 18.981719], [-91.167151, 18.981925], [-91.166795, 18.982076], [-91.166306, 18.982312], [-91.165757, 18.982451], [-91.165208, 18.982667], [-91.164627, 18.983027], [-91.164075, 18.983513], [-91.163454, 18.983796], [-91.162975, 18.98408], [-91.16272, 18.984261], [-91.162423, 18.984547], [-91.162015, 18.984822], [-91.161475, 18.985125], [-91.160309, 18.985459], [-91.159025, 18.986101], [-91.15809, 18.986666], [-91.156921, 18.987393], [-91.155868, 18.988039], [-91.154348, 18.989009], [-91.153653, 18.988999], [-91.152598, 18.98981], [-91.152009, 18.990463], [-91.151187, 18.991195], [-91.149786, 18.991918], [-91.148737, 18.992316], [-91.147802, 18.992881], [-91.14663, 18.993774], [-91.145576, 18.994502], [-91.144405, 18.995312], [-91.143703, 18.995797], [-91.14253, 18.996772], [-91.140661, 18.997737], [-91.140186, 18.998556], [-91.139944, 18.999214], [-91.139588, 18.999787], [-91.139345, 19.000528], [-91.138868, 19.00143], [-91.138395, 19.002084], [-91.137692, 19.002653], [-91.136873, 19.003136], [-91.136173, 19.003457], [-91.135239, 19.003939], [-91.134535, 19.004507], [-91.133599, 19.005155], [-91.132778, 19.005804], [-91.131376, 19.006527], [-91.129977, 19.007086], [-91.128578, 19.007644], [-91.127294, 19.008286], [-91.125891, 19.009092], [-91.124377, 19.009648], [-91.123444, 19.010048], [-91.122164, 19.01036], [-91.121124, 19.010179], [-91.119966, 19.010079], [-91.119039, 19.010066], [-91.117884, 19.009801], [-91.117188, 19.009873], [-91.116257, 19.010107], [-91.114977, 19.010502], [-91.114159, 19.010903], [-91.113228, 19.01122], [-91.112642, 19.011624], [-91.112175, 19.011865], [-91.111356, 19.012349], [-91.110421, 19.012914], [-91.109948, 19.013568], [-91.109938, 19.014229], [-91.11016, 19.014894], [-91.110495, 19.015725], [-91.110601, 19.016388], [-91.110819, 19.017301], [-91.110925, 19.017963], [-91.110338, 19.018451], [-91.109755, 19.01869], [-91.109175, 19.018764], [-91.108477, 19.018919], [-91.107313, 19.019232], [-91.106502, 19.01922], [-91.105814, 19.018714], [-91.105935, 19.018385], [-91.106057, 19.017974], [-91.106067, 19.017313], [-91.10619, 19.016819], [-91.105848, 19.016483], [-91.105501, 19.016395], [-91.105035, 19.016554], [-91.104222, 19.016707], [-91.103639, 19.016946], [-91.103054, 19.017268], [-91.10282, 19.01743], [-91.10247, 19.01759], [-91.101649, 19.018239], [-91.101177, 19.018811], [-91.100705, 19.019382], [-91.100466, 19.019875], [-91.100458, 19.020371], [-91.100337, 19.020699], [-91.099869, 19.021023], [-91.09952, 19.021101], [-91.099057, 19.021094], [-91.098827, 19.020925], [-91.098365, 19.020836], [-91.098021, 19.020582], [-91.097441, 19.020656], [-91.097094, 19.020569], [-91.097313, 19.021398], [-91.097889, 19.021655], [-91.098348, 19.021992], [-91.098925, 19.022166], [-91.099729, 19.022592], [-91.100534, 19.023017], [-91.101225, 19.023358], [-91.101794, 19.024027], [-91.102134, 19.024528], [-91.102124, 19.025189], [-91.101766, 19.025928], [-91.101055, 19.026909], [-91.100466, 19.027562], [-91.099878, 19.028132], [-91.099636, 19.028789], [-91.099506, 19.029779], [-91.099841, 19.030611], [-91.100068, 19.030945], [-91.100645, 19.031118], [-91.101342, 19.030964], [-91.102392, 19.030566], [-91.103556, 19.03017], [-91.104487, 19.029936], [-91.105533, 19.029786], [-91.106694, 19.029638], [-91.108207, 19.029247], [-91.109249, 19.029262], [-91.110762, 19.028871], [-91.111693, 19.028637], [-91.112975, 19.02816], [-91.114147, 19.027268], [-91.115207, 19.026127], [-91.115916, 19.025228], [-91.116634, 19.023751], [-91.116762, 19.022926], [-91.117357, 19.02186], [-91.1183, 19.0208], [-91.1189, 19.019404], [-91.11973, 19.018176], [-91.120217, 19.016613], [-91.120582, 19.015461], [-91.121407, 19.014481], [-91.122808, 19.013841], [-91.124438, 19.013286], [-91.125253, 19.01305], [-91.1263, 19.012817], [-91.128044, 19.01243], [-91.12944, 19.012037], [-91.131069, 19.011648], [-91.132001, 19.011331], [-91.133398, 19.010855], [-91.134678, 19.010543], [-91.136193, 19.009987], [-91.137471, 19.009758], [-91.138745, 19.009776], [-91.13991, 19.00938], [-91.139808, 19.008469], [-91.139586, 19.007805], [-91.139593, 19.007309], [-91.139494, 19.00615], [-91.139154, 19.00565], [-91.139171, 19.004493], [-91.139545, 19.00268], [-91.140137, 19.001862], [-91.140841, 19.001293], [-91.141315, 19.000556], [-91.142021, 18.999823], [-91.143188, 18.999261], [-91.144238, 18.998781], [-91.145168, 18.998629], [-91.145743, 18.998885], [-91.147251, 18.998825], [-91.148421, 18.998015], [-91.149246, 18.997118], [-91.150414, 18.996474], [-91.151587, 18.995499], [-91.152182, 18.994433], [-91.153821, 18.9933], [-91.15522, 18.992741], [-91.156852, 18.992104], [-91.159051, 18.992301], [-91.160092, 18.992399], [-91.161937, 18.993004], [-91.162972, 18.993598], [-91.163545, 18.994019], [-91.16353, 18.995011], [-91.163402, 18.995836], [-91.163044, 18.996574], [-91.163031, 18.997483], [-91.162906, 18.99806], [-91.163363, 18.998563], [-91.164288, 18.998659], [-91.165115, 18.997596], [-91.166282, 18.997035], [-91.1671, 18.996551], [-91.168384, 18.995908], [-91.169542, 18.996007], [-91.170469, 18.996021], [-91.171507, 18.996366], [-91.172546, 18.996629], [-91.173468, 18.996973], [-91.17428, 18.996902], [-91.175324, 18.996835], [-91.176136, 18.996764], [-91.176957, 18.996114], [-91.177885, 18.996045], [-91.178939, 18.995316], [-91.179874, 18.994751], [-91.180455, 18.994594], [-91.181275, 18.994027], [-91.181865, 18.993292], [-91.182565, 18.992971], [-91.183141, 18.993228], [-91.183485, 18.993481], [-91.18371, 18.993897], [-91.184217, 18.994721], [-91.184753, 18.993912], [-91.184644, 18.993415], [-91.184415, 18.993246], [-91.184187, 18.992995], [-91.183842, 18.992824], [-91.183611, 18.992738], [-91.183384, 18.992405], [-91.183271, 18.992238], [-91.183278, 18.991742], [-91.183515, 18.991415], [-91.183985, 18.990925], [-91.184341, 18.990352], [-91.18459, 18.989198], [-91.184948, 18.988459], [-91.185194, 18.987471], [-91.185676, 18.986156], [-91.186147, 18.985666], [-91.186274, 18.984924], [-91.186049, 18.984425], [-91.186184, 18.983696], [-91.186418, 18.982943], [-91.187119, 18.982539], [-91.188064, 18.981313], [-91.188538, 18.980576], [-91.189238, 18.980255], [-91.189937, 18.980017], [-91.19075, 18.979864], [-91.1918, 18.979383], [-91.192034, 18.979221], [-91.192625, 18.978403], [-91.192863, 18.977993], [-91.193217, 18.977502], [-91.19404, 18.976687], [-91.194623, 18.976448], [-91.194975, 18.976122], [-91.197071, 18.975408], [-91.198581, 18.975182], [-91.199161, 18.975107], [-91.199865, 18.974539], [-91.200685, 18.973889], [-91.201622, 18.973241], [-91.20197, 18.973164], [-91.202905, 18.972598], [-91.203727, 18.971866], [-91.204312, 18.971461], [-91.204894, 18.971304], [-91.205937, 18.971236], [-91.206049, 18.971569], [-91.205696, 18.971894], [-91.205117, 18.971886], [-91.204648, 18.972293], [-91.204413, 18.972537], [-91.204295, 18.972618], [-91.204294, 18.972701], [-91.204402, 18.973281], [-91.204631, 18.973449], [-91.20556, 18.973297], [-91.206144, 18.972975], [-91.206848, 18.972407], [-91.207438, 18.971671], [-91.207798, 18.970767], [-91.208156, 18.970028], [-91.208628, 18.969456], [-91.209218, 18.968721], [-91.209925, 18.967904], [-91.210639, 18.966592], [-91.211464, 18.965612], [-91.212984, 18.964641], [-91.213922, 18.963828], [-91.215089, 18.963266], [-91.215796, 18.962449], [-91.215801, 18.962119], [-91.216389, 18.961466], [-91.217098, 18.960484], [-91.217575, 18.959582], [-91.217931, 18.959008], [-91.217936, 18.958595], [-91.218406, 18.958188], [-91.218988, 18.957948], [-91.219686, 18.957793], [-91.220385, 18.957472], [-91.221192, 18.957814], [-91.221654, 18.957904], [-91.222227, 18.958325], [-91.222802, 18.958664], [-91.223144, 18.958999], [-91.223494, 18.958839], [-91.223505, 18.958095], [-91.223396, 18.957598], [-91.223288, 18.957017], [-91.223063, 18.956601], [-91.222837, 18.956184], [-91.22273, 18.955522], [-91.222624, 18.954859], [-91.222866, 18.954118], [-91.22345, 18.953796], [-91.224608, 18.953812], [-91.22601, 18.953006], [-91.227293, 18.952445], [-91.229392, 18.951483], [-91.231607, 18.950522], [-91.234281, 18.949816], [-91.236968, 18.948283], [-91.238138, 18.947473], [-91.239769, 18.946835], [-91.240231, 18.946924], [-91.239993, 18.947334], [-91.2401, 18.947997], [-91.240443, 18.948332], [-91.240901, 18.948669], [-91.241131, 18.948838], [-91.241252, 18.948426], [-91.241374, 18.948015], [-91.241492, 18.947851], [-91.242069, 18.948024], [-91.242412, 18.94836], [-91.242869, 18.948779], [-91.24367, 18.949535], [-91.244358, 18.95004], [-91.245047, 18.950463], [-91.245505, 18.9508], [-91.246196, 18.951141], [-91.246771, 18.951397], [-91.247812, 18.951577], [-91.248741, 18.951424], [-91.249667, 18.951437], [-91.250474, 18.951779], [-91.251177, 18.95121], [-91.250952, 18.950711], [-91.250491, 18.95054], [-91.249797, 18.950447], [-91.249218, 18.950439], [-91.248525, 18.950264], [-91.247833, 18.950089], [-91.247136, 18.950162], [-91.246444, 18.949987], [-91.245869, 18.949648], [-91.245179, 18.949308], [-91.244604, 18.948969], [-91.244262, 18.948634], [-91.244155, 18.947971], [-91.244279, 18.947394], [-91.244402, 18.9469], [-91.24476, 18.946161], [-91.24512, 18.945257], [-91.2456, 18.944106], [-91.246297, 18.943951], [-91.247114, 18.943549], [-91.248047, 18.943066], [-91.24898, 18.942666], [-91.249909, 18.942513], [-91.250963, 18.941702], [-91.251895, 18.941301], [-91.25212, 18.9418], [-91.252466, 18.941888], [-91.253051, 18.941483], [-91.253868, 18.941081], [-91.254684, 18.940679], [-91.255503, 18.940112], [-91.256319, 18.939793], [-91.256672, 18.939384], [-91.25702, 18.939306], [-91.257835, 18.93907], [-91.258421, 18.938582], [-91.25924, 18.938015], [-91.259825, 18.93761], [-91.260287, 18.937699], [-91.260395, 18.938279], [-91.260619, 18.938778], [-91.260732, 18.939027], [-91.260843, 18.93936], [-91.261066, 18.939941], [-91.261179, 18.940191], [-91.260481, 18.940347], [-91.260015, 18.940588], [-91.259781, 18.94075], [-91.259316, 18.940826], [-91.258851, 18.940985], [-91.258386, 18.941061], [-91.258037, 18.941139], [-91.257688, 18.9413], [-91.257336, 18.941625], [-91.25698, 18.942199], [-91.257321, 18.9427], [-91.257665, 18.942952], [-91.258007, 18.943288], [-91.258236, 18.943539], [-91.258578, 18.943874], [-91.258688, 18.944289], [-91.259153, 18.944213], [-91.259504, 18.94397], [-91.259855, 18.943727], [-91.260324, 18.94332], [-91.260684, 18.942416], [-91.260922, 18.942006], [-91.261515, 18.941022], [-91.261861, 18.94111], [-91.262088, 18.941444], [-91.262328, 18.940868], [-91.262683, 18.940295], [-91.262806, 18.9398], [-91.263277, 18.939228], [-91.26375, 18.938574], [-91.264216, 18.938415], [-91.264678, 18.938504], [-91.265259, 18.938347], [-91.265615, 18.937773], [-91.265975, 18.936869], [-91.266444, 18.936462], [-91.26691, 18.936303], [-91.267372, 18.936392], [-91.267718, 18.93648], [-91.268069, 18.936236], [-91.268537, 18.935912], [-91.268884, 18.935917], [-91.26853, 18.936408], [-91.268178, 18.936734], [-91.267822, 18.937308], [-91.267586, 18.937635], [-91.267351, 18.93788], [-91.26711, 18.938538], [-91.267221, 18.93887], [-91.267682, 18.939042], [-91.268034, 18.938716], [-91.268622, 18.938145], [-91.268973, 18.937902], [-91.269329, 18.937246], [-91.269801, 18.936674], [-91.270032, 18.936677], [-91.270025, 18.937173], [-91.269903, 18.937667], [-91.269779, 18.938244], [-91.269655, 18.938821], [-91.269417, 18.939231], [-91.269181, 18.939558], [-91.269167, 18.94055], [-91.269392, 18.941049], [-91.269386, 18.941462], [-91.269264, 18.941957], [-91.269258, 18.94237], [-91.269134, 18.942947], [-91.269475, 18.943447], [-91.269821, 18.943535], [-91.269942, 18.943123], [-91.270068, 18.942464], [-91.270072, 18.942133], [-91.270314, 18.941393], [-91.270205, 18.940895], [-91.270329, 18.940318], [-91.270679, 18.940158], [-91.270907, 18.940409], [-91.271021, 18.940576], [-91.271366, 18.940746], [-91.271602, 18.940419], [-91.271493, 18.939921], [-91.271504, 18.939177], [-91.271279, 18.938678], [-91.27117, 18.938181], [-91.271176, 18.937768], [-91.271646, 18.937278], [-91.272109, 18.937285], [-91.272809, 18.936964], [-91.273391, 18.936724], [-91.274204, 18.93657], [-91.274906, 18.936083], [-91.275718, 18.936012], [-91.276528, 18.936106], [-91.277575, 18.93579], [-91.279407, 18.937303], [-91.279398, 18.937964], [-91.279037, 18.938951], [-91.279378, 18.939452], [-91.279718, 18.939952], [-91.279595, 18.940447], [-91.279472, 18.941024], [-91.280163, 18.941281], [-91.280628, 18.941205], [-91.280632, 18.940874], [-91.281098, 18.940715], [-91.281328, 18.940801], [-91.281789, 18.940973], [-91.282137, 18.940978], [-91.282261, 18.940401], [-91.281919, 18.939983], [-91.28146, 18.939646], [-91.280879, 18.939803], [-91.280652, 18.939469], [-91.28031, 18.939051], [-91.280316, 18.938638], [-91.280556, 18.93798], [-91.281262, 18.937246], [-91.281966, 18.936594], [-91.28267, 18.935943], [-91.283262, 18.935042], [-91.283968, 18.934225], [-91.284665, 18.934069], [-91.285355, 18.934492], [-91.285115, 18.935067], [-91.285223, 18.935647], [-91.285564, 18.936065], [-91.285095, 18.936472], [-91.285087, 18.937051], [-91.285429, 18.937469], [-91.28589, 18.937641], [-91.286483, 18.936657], [-91.286842, 18.935835], [-91.286972, 18.934845], [-91.286983, 18.934019], [-91.287114, 18.932946], [-91.287356, 18.932205], [-91.287369, 18.931213], [-91.287847, 18.930145], [-91.287972, 18.929486], [-91.288334, 18.928499], [-91.288694, 18.927595], [-91.288704, 18.926851], [-91.288943, 18.926275], [-91.289412, 18.925869], [-91.290118, 18.925134], [-91.290706, 18.924481], [-91.29152, 18.924244], [-91.292453, 18.923761], [-91.29292, 18.92352], [-91.292919, 18.923602], [-91.29362, 18.923199], [-91.294318, 18.92296], [-91.294899, 18.922803], [-91.295369, 18.922313], [-91.296179, 18.922407], [-91.296626, 18.923571], [-91.296617, 18.924232], [-91.297308, 18.924572], [-91.297884, 18.924745], [-91.297645, 18.925321], [-91.297291, 18.925812], [-91.296937, 18.92622], [-91.296582, 18.926794], [-91.296113, 18.927201], [-91.296564, 18.928116], [-91.296787, 18.928698], [-91.296665, 18.929192], [-91.296314, 18.929435], [-91.29654, 18.929852], [-91.297111, 18.930438], [-91.297453, 18.930856], [-91.297793, 18.931357], [-91.298151, 18.930618], [-91.297927, 18.930036], [-91.297698, 18.929868], [-91.297707, 18.929206], [-91.297831, 18.92863], [-91.297956, 18.92797], [-91.298194, 18.927477], [-91.298549, 18.926986], [-91.298674, 18.926327], [-91.298448, 18.92591], [-91.298685, 18.9255], [-91.29892, 18.925255], [-91.299618, 18.925017], [-91.29985, 18.92502], [-91.300536, 18.925691], [-91.300762, 18.926107], [-91.301217, 18.926692], [-91.301562, 18.926862], [-91.302022, 18.927116], [-91.302829, 18.927376], [-91.30295, 18.927047], [-91.303536, 18.926559], [-91.303194, 18.926141], [-91.302739, 18.925556], [-91.302625, 18.925389], [-91.302172, 18.924639], [-91.302065, 18.923976], [-91.302306, 18.923318], [-91.303005, 18.922997], [-91.303816, 18.923008], [-91.304393, 18.923181], [-91.305086, 18.923356], [-91.30566, 18.923695], [-91.306239, 18.923702], [-91.306826, 18.923132], [-91.307053, 18.923466], [-91.30752, 18.923224], [-91.308214, 18.923316], [-91.309139, 18.923411], [-91.30949, 18.923168], [-91.309383, 18.922506], [-91.309277, 18.921843], [-91.30917, 18.92118], [-91.309638, 18.920856], [-91.310107, 18.920449], [-91.310807, 18.920045], [-91.311278, 18.919473], [-91.311517, 18.91898], [-91.311988, 18.918408], [-91.312578, 18.917589], [-91.313164, 18.917101], [-91.313388, 18.917683], [-91.313377, 18.91851], [-91.313367, 18.919171], [-91.313356, 18.919997], [-91.313349, 18.920493], [-91.31369, 18.920994], [-91.314496, 18.921335], [-91.314952, 18.92192], [-91.315635, 18.922756], [-91.316325, 18.923179], [-91.317138, 18.923025], [-91.317714, 18.923198], [-91.318183, 18.922791], [-91.318189, 18.922378], [-91.317728, 18.922206], [-91.317266, 18.922117], [-91.316923, 18.921782], [-91.316462, 18.92161], [-91.315887, 18.921272], [-91.315428, 18.920935], [-91.315084, 18.920682], [-91.314861, 18.9201], [-91.315567, 18.919283], [-91.315341, 18.918867], [-91.31511, 18.918781], [-91.314881, 18.918613], [-91.314654, 18.918279], [-91.31466, 18.917866], [-91.314899, 18.91729], [-91.314675, 18.916709], [-91.31468, 18.916378], [-91.314688, 18.9158], [-91.314928, 18.915142], [-91.31517, 18.914401], [-91.315411, 18.913743], [-91.315999, 18.91309], [-91.316477, 18.912022], [-91.317415, 18.911208], [-91.318235, 18.910475], [-91.319406, 18.909582], [-91.319993, 18.909011], [-91.321045, 18.908281], [-91.321864, 18.907714], [-91.322798, 18.907148], [-91.323618, 18.906498], [-91.324437, 18.905848], [-91.32514, 18.905278], [-91.32561, 18.904789], [-91.326544, 18.904223], [-91.327362, 18.903738], [-91.328175, 18.903584], [-91.328989, 18.903347], [-91.32957, 18.903189], [-91.329916, 18.903277], [-91.3305, 18.902954], [-91.331473, 18.902643], [-91.332914, 18.901832], [-91.333527, 18.901755], [-91.33411, 18.901515], [-91.334691, 18.901357], [-91.33516, 18.90095], [-91.335748, 18.900297], [-91.336677, 18.900144], [-91.337487, 18.900155], [-91.33819, 18.899586], [-91.340405, 18.898541], [-91.340867, 18.89863], [-91.341099, 18.898551], [-91.341911, 18.898479], [-91.342617, 18.897662], [-91.343321, 18.89701], [-91.34391, 18.896274], [-91.344379, 18.895867], [-91.345082, 18.895215], [-91.345902, 18.894565], [-91.34672, 18.893997], [-91.347541, 18.893264], [-91.348824, 18.89262], [-91.34964, 18.892218], [-91.350219, 18.892226], [-91.350799, 18.892151], [-91.351152, 18.891742], [-91.351164, 18.890833], [-91.351173, 18.890172], [-91.351761, 18.889519], [-91.352462, 18.889032], [-91.353163, 18.888628], [-91.353978, 18.888308], [-91.354796, 18.887741], [-91.355497, 18.887254], [-91.356084, 18.886683], [-91.356788, 18.886032], [-91.357489, 18.885545], [-91.358309, 18.884895], [-91.359128, 18.884244], [-91.359946, 18.883677], [-91.360873, 18.883689], [-91.361916, 18.88362], [-91.362612, 18.883547], [-91.363078, 18.883305], [-91.363438, 18.882401], [-91.363908, 18.881911], [-91.364382, 18.881091], [-91.364972, 18.880272], [-91.365675, 18.87962], [-91.36661, 18.878971], [-91.3672, 18.878152], [-91.367903, 18.877583], [-91.368492, 18.876847], [-91.369652, 18.876697], [-91.369877, 18.877196], [-91.369752, 18.877856], [-91.369285, 18.87818], [-91.368819, 18.878339], [-91.368238, 18.878497], [-91.367771, 18.878821], [-91.367649, 18.879233], [-91.367993, 18.879486], [-91.368457, 18.879492], [-91.368922, 18.879333], [-91.369506, 18.878927], [-91.369975, 18.87852], [-91.370671, 18.878447], [-91.371366, 18.878456], [-91.371831, 18.878297], [-91.372522, 18.878554], [-91.373227, 18.877819], [-91.373697, 18.87733], [-91.374057, 18.876342], [-91.374299, 18.875602], [-91.37454, 18.874861], [-91.37478, 18.874285], [-91.375141, 18.873216], [-91.375498, 18.872476], [-91.376311, 18.872322], [-91.376538, 18.872656], [-91.376532, 18.873151], [-91.376524, 18.87373], [-91.376401, 18.874307], [-91.375926, 18.875127], [-91.376385, 18.875464], [-91.376737, 18.875138], [-91.37721, 18.8744], [-91.377566, 18.873744], [-91.377919, 18.873335], [-91.377908, 18.874162], [-91.378014, 18.874907], [-91.378006, 18.875486], [-91.377996, 18.876229], [-91.37764, 18.876886], [-91.377402, 18.877379], [-91.377279, 18.877956], [-91.377042, 18.878366], [-91.376799, 18.879189], [-91.376447, 18.879515], [-91.375986, 18.879344], [-91.37621, 18.879926], [-91.376442, 18.879929], [-91.376901, 18.880265], [-91.376778, 18.88076], [-91.376539, 18.881335], [-91.376185, 18.881827], [-91.375945, 18.882485], [-91.375825, 18.882814], [-91.375816, 18.883475], [-91.375809, 18.883971], [-91.375574, 18.884216], [-91.37557, 18.884546], [-91.375912, 18.884964], [-91.375438, 18.885785], [-91.37486, 18.885694], [-91.374511, 18.885772], [-91.373931, 18.885847], [-91.373468, 18.885841], [-91.372891, 18.885668], [-91.372436, 18.885083], [-91.37221, 18.884667], [-91.371753, 18.884165], [-91.37129, 18.884159], [-91.370712, 18.884068], [-91.370357, 18.884642], [-91.369997, 18.885547], [-91.369526, 18.886119], [-91.369166, 18.887106], [-91.368584, 18.887347], [-91.368125, 18.88701], [-91.368235, 18.887425], [-91.368809, 18.887846], [-91.369382, 18.888266], [-91.369722, 18.88885], [-91.369713, 18.889511], [-91.369702, 18.890337], [-91.369575, 18.891162], [-91.369797, 18.891909], [-91.369901, 18.89282], [-91.370003, 18.893813], [-91.370112, 18.894311], [-91.369872, 18.894969], [-91.369405, 18.895211], [-91.368824, 18.895368], [-91.368356, 18.895775], [-91.367768, 18.896429], [-91.367296, 18.897084], [-91.366592, 18.897736], [-91.366121, 18.898308], [-91.365652, 18.898715], [-91.365183, 18.899205], [-91.364715, 18.899529], [-91.364247, 18.899854], [-91.364124, 18.900431], [-91.364585, 18.900602], [-91.365164, 18.90061], [-91.365632, 18.900203], [-91.366334, 18.899716], [-91.366921, 18.899145], [-91.367392, 18.898573], [-91.367981, 18.897837], [-91.368451, 18.897264], [-91.369153, 18.896778], [-91.36951, 18.896039], [-91.369863, 18.89563], [-91.370449, 18.895142], [-91.370689, 18.894484], [-91.371044, 18.89391], [-91.371052, 18.893331], [-91.371061, 18.89267], [-91.371072, 18.891844], [-91.370849, 18.891179], [-91.370972, 18.890602], [-91.370978, 18.890189], [-91.370867, 18.889857], [-91.370755, 18.889525], [-91.370994, 18.888949], [-91.371225, 18.889035], [-91.37157, 18.889205], [-91.371804, 18.889043], [-91.371578, 18.888626], [-91.371234, 18.888374], [-91.371008, 18.887957], [-91.370782, 18.887541], [-91.370555, 18.887125], [-91.370566, 18.886298], [-91.370692, 18.885556], [-91.371388, 18.885483], [-91.371962, 18.885904], [-91.372416, 18.886571], [-91.37287, 18.887238], [-91.373452, 18.887081], [-91.374033, 18.886923], [-91.3745, 18.886599], [-91.374848, 18.886603], [-91.375314, 18.886362], [-91.375775, 18.886533], [-91.376356, 18.886375], [-91.376935, 18.886383], [-91.377058, 18.885889], [-91.376836, 18.885142], [-91.376726, 18.884727], [-91.376624, 18.883651], [-91.376746, 18.883157], [-91.376982, 18.882829], [-91.377335, 18.882421], [-91.377456, 18.882091], [-91.377696, 18.881433], [-91.377936, 18.880775], [-91.378291, 18.880201], [-91.378416, 18.879542], [-91.378769, 18.879133], [-91.378893, 18.878473], [-91.378901, 18.877895], [-91.379029, 18.876987], [-91.379035, 18.876491], [-91.378929, 18.875746], [-91.378938, 18.875085], [-91.378719, 18.874172], [-91.379194, 18.873269], [-91.379657, 18.873276], [-91.380117, 18.87353], [-91.38046, 18.873865], [-91.380687, 18.874199], [-91.380911, 18.87478], [-91.381133, 18.875527], [-91.381241, 18.876107], [-91.381465, 18.876689], [-91.381451, 18.877763], [-91.381442, 18.878424], [-91.381781, 18.879008], [-91.38189, 18.879588], [-91.382229, 18.880171], [-91.382796, 18.881088], [-91.383252, 18.881672], [-91.383014, 18.882165], [-91.382541, 18.882903], [-91.38242, 18.883232], [-91.382068, 18.883641], [-91.381832, 18.883968], [-91.381594, 18.884461], [-91.381355, 18.884954], [-91.38135, 18.885367], [-91.381574, 18.885949], [-91.381336, 18.886442], [-91.381789, 18.887192], [-91.38236, 18.887778], [-91.382818, 18.888197], [-91.383277, 18.888534], [-91.383622, 18.888704], [-91.384425, 18.889293], [-91.384769, 18.889546], [-91.385457, 18.890051], [-91.385914, 18.890553], [-91.386271, 18.889814], [-91.386164, 18.889151], [-91.385938, 18.888734], [-91.385829, 18.888237], [-91.386065, 18.88791], [-91.386188, 18.887332], [-91.385607, 18.88749], [-91.38491, 18.887646], [-91.384447, 18.88764], [-91.383983, 18.887717], [-91.383406, 18.887544], [-91.383062, 18.887291], [-91.383072, 18.886547], [-91.383079, 18.885969], [-91.383203, 18.885392], [-91.383442, 18.884816], [-91.383798, 18.88416], [-91.384037, 18.883584], [-91.384163, 18.882842], [-91.384287, 18.882182], [-91.384296, 18.881521], [-91.384191, 18.880693], [-91.384202, 18.879866], [-91.384326, 18.879289], [-91.384447, 18.878878], [-91.384687, 18.87822], [-91.385614, 18.878232], [-91.386305, 18.878489], [-91.386998, 18.878663], [-91.387338, 18.879164], [-91.388019, 18.880248], [-91.388589, 18.880916], [-91.388933, 18.881169], [-91.389626, 18.881343], [-91.389735, 18.881841], [-91.389496, 18.882416], [-91.389836, 18.883], [-91.390292, 18.883502], [-91.390745, 18.884334], [-91.390982, 18.883924], [-91.391105, 18.883347], [-91.391346, 18.882689], [-91.391467, 18.882277], [-91.391708, 18.881536], [-91.391832, 18.880959], [-91.392178, 18.881047], [-91.392986, 18.881223], [-91.393563, 18.881395], [-91.39403, 18.881154], [-91.394381, 18.880828], [-91.394388, 18.880332], [-91.394043, 18.880162], [-91.393579, 18.880156], [-91.393, 18.880148], [-91.392537, 18.880142], [-91.39219, 18.880137], [-91.391964, 18.879721], [-91.391624, 18.879138], [-91.391284, 18.878555], [-91.39187, 18.878067], [-91.392332, 18.878155], [-91.393024, 18.87833], [-91.393604, 18.878255], [-91.394071, 18.878013], [-91.394888, 18.877528], [-91.395704, 18.877125], [-91.396514, 18.877136], [-91.397212, 18.876897], [-91.398021, 18.877073], [-91.398601, 18.876998], [-91.399643, 18.877012], [-91.400336, 18.877186], [-91.401028, 18.877361], [-91.401487, 18.877697], [-91.401719, 18.8777], [-91.402181, 18.877789], [-91.402637, 18.878291], [-91.403095, 18.87871], [-91.403439, 18.878963], [-91.403673, 18.878801], [-91.403681, 18.878222], [-91.403341, 18.877639], [-91.403235, 18.876894], [-91.402661, 18.876473], [-91.402083, 18.876383], [-91.401738, 18.876213], [-91.400812, 18.8762], [-91.4, 18.876272], [-91.399309, 18.876015], [-91.398731, 18.875925], [-91.398154, 18.875752], [-91.397809, 18.875582], [-91.397347, 18.875493], [-91.39665, 18.87565], [-91.396064, 18.876138], [-91.395482, 18.876378], [-91.395017, 18.876537], [-91.394438, 18.87653], [-91.393854, 18.876853], [-91.393508, 18.876766], [-91.393282, 18.876349], [-91.393635, 18.875941], [-91.394099, 18.875864], [-91.394446, 18.875869], [-91.394799, 18.87546], [-91.394805, 18.875047], [-91.394579, 18.87463], [-91.394121, 18.874211], [-91.393895, 18.873795], [-91.393557, 18.873046], [-91.393446, 18.872714], [-91.393339, 18.872051], [-91.393347, 18.87139], [-91.393581, 18.871269], [-91.393814, 18.871148], [-91.394625, 18.871076], [-91.395317, 18.871333], [-91.39601, 18.871425], [-91.396943, 18.870942], [-91.397532, 18.870205], [-91.397883, 18.869962], [-91.397998, 18.869964], [-91.398235, 18.869553], [-91.398715, 18.86832], [-91.39907, 18.867746], [-91.399892, 18.866847], [-91.400711, 18.866197], [-91.401758, 18.86588], [-91.40234, 18.865639], [-91.403045, 18.864822], [-91.403977, 18.864421], [-91.404907, 18.864185], [-91.405364, 18.864605], [-91.40524, 18.865264], [-91.405119, 18.865676], [-91.405112, 18.866172], [-91.404875, 18.866582], [-91.404744, 18.867738], [-91.405321, 18.867911], [-91.406018, 18.867754], [-91.40614, 18.86726], [-91.406145, 18.866929], [-91.406155, 18.866103], [-91.406161, 18.86569], [-91.406172, 18.864863], [-91.406179, 18.864285], [-91.406534, 18.863711], [-91.406998, 18.863634], [-91.407345, 18.863721], [-91.40769, 18.863891], [-91.407916, 18.864307], [-91.408143, 18.864641], [-91.408253, 18.865138], [-91.408246, 18.865634], [-91.408242, 18.865965], [-91.408122, 18.866294], [-91.40823, 18.866874], [-91.408226, 18.867205], [-91.407753, 18.867942], [-91.407629, 18.86852], [-91.407857, 18.868853], [-91.40785, 18.869349], [-91.408308, 18.869768], [-91.408886, 18.869859], [-91.409352, 18.869617], [-91.409822, 18.869127], [-91.410178, 18.86847], [-91.410537, 18.867566], [-91.410779, 18.866742], [-91.410789, 18.865998], [-91.411382, 18.864931], [-91.411743, 18.863861], [-91.41233, 18.863291], [-91.412924, 18.862141], [-91.413401, 18.861073], [-91.413643, 18.860249], [-91.413769, 18.859507], [-91.414012, 18.858601], [-91.414369, 18.857861], [-91.415192, 18.856963], [-91.415661, 18.856473], [-91.416942, 18.855911], [-91.418105, 18.855513], [-91.41939, 18.854703], [-91.419972, 18.854463], [-91.421022, 18.853815], [-91.421725, 18.853245], [-91.422312, 18.852592], [-91.422901, 18.851855], [-91.423723, 18.850957], [-91.424314, 18.850055], [-91.424902, 18.849319], [-91.42526, 18.848497], [-91.42585, 18.847678], [-91.425978, 18.846688], [-91.426219, 18.845947], [-91.426696, 18.844878], [-91.426825, 18.843888], [-91.427071, 18.842816], [-91.427433, 18.841664], [-91.427794, 18.840594], [-91.428037, 18.839688], [-91.428624, 18.839117], [-91.429328, 18.838382], [-91.430265, 18.837567], [-91.43085, 18.837079], [-91.431671, 18.836263], [-91.432606, 18.835614], [-91.432957, 18.835288], [-91.433195, 18.834795], [-91.433669, 18.833974], [-91.434031, 18.832822], [-91.434155, 18.832162], [-91.434168, 18.83117], [-91.434529, 18.8301], [-91.434769, 18.829442], [-91.43558, 18.829452], [-91.436154, 18.82979], [-91.436729, 18.830128], [-91.436842, 18.830295], [-91.437992, 18.830972], [-91.438457, 18.830812], [-91.439153, 18.830656], [-91.440078, 18.830751], [-91.440769, 18.83109], [-91.441339, 18.831759], [-91.441101, 18.832252], [-91.440978, 18.832829], [-91.441324, 18.832916], [-91.442026, 18.832346], [-91.442609, 18.832023], [-91.443317, 18.83104], [-91.443328, 18.830131], [-91.443222, 18.829386], [-91.443117, 18.828558], [-91.44301, 18.827895], [-91.44279, 18.826983], [-91.442687, 18.82599], [-91.442577, 18.825492], [-91.442239, 18.824826], [-91.441657, 18.825067], [-91.441535, 18.825561], [-91.441407, 18.826469], [-91.44175, 18.826804], [-91.441623, 18.827712], [-91.441849, 18.828128], [-91.442071, 18.828875], [-91.442063, 18.829454], [-91.441479, 18.829859], [-91.441016, 18.829853], [-91.440439, 18.829763], [-91.439858, 18.829921], [-91.439281, 18.829748], [-91.438824, 18.829246], [-91.438245, 18.829239], [-91.437899, 18.829152], [-91.437208, 18.828895], [-91.436748, 18.828641], [-91.436289, 18.828304], [-91.435711, 18.828214], [-91.435246, 18.828373], [-91.434665, 18.828531], [-91.434314, 18.828857], [-91.433964, 18.829018], [-91.433388, 18.828845], [-91.433045, 18.82851], [-91.432817, 18.828176], [-91.43259, 18.827843], [-91.43225, 18.82726], [-91.432141, 18.826762], [-91.432151, 18.826018], [-91.432387, 18.825608], [-91.432627, 18.82495], [-91.432984, 18.824211], [-91.433222, 18.823718], [-91.433577, 18.823144], [-91.433932, 18.82257], [-91.434171, 18.821994], [-91.434177, 18.821498], [-91.433828, 18.821659], [-91.433593, 18.821904], [-91.433355, 18.822397], [-91.433004, 18.822723], [-91.432766, 18.823216], [-91.432526, 18.823874], [-91.432404, 18.824286], [-91.431932, 18.825024], [-91.431698, 18.825186], [-91.431344, 18.825677], [-91.430768, 18.825505], [-91.43054, 18.825254], [-91.430549, 18.82451], [-91.430671, 18.824015], [-91.43091, 18.82344], [-91.431147, 18.823029], [-91.431502, 18.822455], [-91.431856, 18.821964], [-91.432441, 18.821476], [-91.433026, 18.820987], [-91.43338, 18.820496], [-91.43327, 18.819998], [-91.432803, 18.820323], [-91.432568, 18.820568], [-91.431865, 18.82122], [-91.431628, 18.82163], [-91.431159, 18.82212], [-91.431038, 18.822532], [-91.430568, 18.823022], [-91.430098, 18.823595], [-91.429525, 18.823091], [-91.429418, 18.822428], [-91.42931, 18.821848], [-91.429202, 18.821268], [-91.429208, 18.820772], [-91.429217, 18.820111], [-91.429342, 18.819369], [-91.429467, 18.818626], [-91.429472, 18.818296], [-91.429478, 18.8178], [-91.429601, 18.817223], [-91.429731, 18.81615], [-91.429974, 18.815244], [-91.43021, 18.814916], [-91.430447, 18.814506], [-91.430571, 18.813846], [-91.430465, 18.813101], [-91.430359, 18.812355], [-91.430369, 18.811529], [-91.430029, 18.811028], [-91.429688, 18.810528], [-91.429381, 18.810213], [-91.429116, 18.809942], [-91.428314, 18.809353], [-91.427738, 18.809097], [-91.427163, 18.808842], [-91.426817, 18.808672], [-91.425897, 18.808247], [-91.425555, 18.807829], [-91.425099, 18.807244], [-91.424528, 18.806658], [-91.424303, 18.806159], [-91.423618, 18.805406], [-91.423164, 18.804739], [-91.42248, 18.803904], [-91.421908, 18.8034], [-91.421335, 18.802897], [-91.420415, 18.802471], [-91.41972, 18.802462], [-91.419257, 18.802456], [-91.418911, 18.802369], [-91.418331, 18.802444], [-91.41787, 18.802356], [-91.417641, 18.802105], [-91.41765, 18.801443], [-91.418118, 18.801036], [-91.418701, 18.800713], [-91.419404, 18.800061], [-91.419989, 18.799572], [-91.420686, 18.799416], [-91.421157, 18.798761], [-91.421617, 18.799015], [-91.421849, 18.799018], [-91.422545, 18.798862], [-91.423477, 18.798461], [-91.424514, 18.798805], [-91.425094, 18.79873], [-91.425788, 18.798739], [-91.426828, 18.798917], [-91.427755, 18.798847], [-91.428565, 18.798857], [-91.429722, 18.798872], [-91.430418, 18.798799], [-91.431115, 18.79856], [-91.431928, 18.798405], [-91.432624, 18.798249], [-91.433086, 18.798337], [-91.434126, 18.798516], [-91.43482, 18.798525], [-91.435864, 18.798373], [-91.436791, 18.798303], [-91.437603, 18.798148], [-91.438301, 18.797909], [-91.43877, 18.797419], [-91.439123, 18.79701], [-91.439707, 18.796604], [-91.440171, 18.796528], [-91.44052, 18.796367], [-91.44087, 18.796206], [-91.441099, 18.796374], [-91.44086, 18.79695], [-91.440509, 18.797276], [-91.44016, 18.797354], [-91.439693, 18.797679], [-91.439344, 18.79784], [-91.438994, 18.798], [-91.438989, 18.798414], [-91.439102, 18.798663], [-91.439795, 18.798755], [-91.440145, 18.798511], [-91.440727, 18.798271], [-91.440963, 18.797943], [-91.44155, 18.797289], [-91.441902, 18.796963], [-91.44237, 18.796556], [-91.443067, 18.7964], [-91.443645, 18.796407], [-91.44399, 18.796577], [-91.444451, 18.796748], [-91.445146, 18.796757], [-91.445494, 18.796679], [-91.44619, 18.796523], [-91.446887, 18.796366], [-91.447353, 18.796124], [-91.448048, 18.796133], [-91.448628, 18.795975], [-91.448393, 18.796303], [-91.448157, 18.796631], [-91.44734, 18.797116], [-91.44699, 18.79736], [-91.446408, 18.7976], [-91.446058, 18.797844], [-91.445477, 18.798001], [-91.445012, 18.798161], [-91.444545, 18.798485], [-91.443962, 18.798809], [-91.44338, 18.799049], [-91.442915, 18.799208], [-91.442218, 18.799365], [-91.441753, 18.799524], [-91.441289, 18.799601], [-91.44071, 18.799593], [-91.439899, 18.799666], [-91.439321, 18.799575], [-91.438628, 18.799484], [-91.43828, 18.799562], [-91.437926, 18.800053], [-91.43746, 18.800295], [-91.436767, 18.800204], [-91.435611, 18.800023], [-91.435145, 18.800265], [-91.434681, 18.800342], [-91.43433, 18.800668], [-91.433979, 18.800912], [-91.433974, 18.801325], [-91.433969, 18.801738], [-91.434079, 18.802153], [-91.4343, 18.802982], [-91.434409, 18.80348], [-91.434515, 18.804225], [-91.434509, 18.804721], [-91.434385, 18.805381], [-91.434262, 18.805958], [-91.433903, 18.806863], [-91.433778, 18.807522], [-91.433999, 18.808352], [-91.433987, 18.809261], [-91.434211, 18.809843], [-91.434322, 18.810257], [-91.434775, 18.811007], [-91.435461, 18.811677], [-91.435918, 18.812179], [-91.436372, 18.812847], [-91.436836, 18.81277], [-91.437418, 18.812529], [-91.437767, 18.812451], [-91.438694, 18.812381], [-91.438927, 18.812218], [-91.439281, 18.811727], [-91.439403, 18.811232], [-91.439872, 18.810825], [-91.440449, 18.810915], [-91.440909, 18.811169], [-91.441253, 18.811422], [-91.441713, 18.811676], [-91.442174, 18.811847], [-91.442407, 18.811685], [-91.443103, 18.811611], [-91.443682, 18.811618], [-91.444493, 18.811546], [-91.444956, 18.811552], [-91.445534, 18.811642], [-91.446458, 18.81182], [-91.447731, 18.811836], [-91.448541, 18.811846], [-91.448778, 18.811436], [-91.448553, 18.810937], [-91.448208, 18.810767], [-91.447745, 18.810761], [-91.447283, 18.810673], [-91.446589, 18.810581], [-91.446009, 18.810656], [-91.445546, 18.81065], [-91.444852, 18.810641], [-91.444507, 18.810472], [-91.44358, 18.810542], [-91.442999, 18.8107], [-91.442304, 18.810691], [-91.441957, 18.810687], [-91.441496, 18.810515], [-91.441152, 18.810263], [-91.440575, 18.810173], [-91.439996, 18.810165], [-91.439645, 18.810409], [-91.43906, 18.810897], [-91.438592, 18.811305], [-91.438356, 18.811632], [-91.437082, 18.811698], [-91.436507, 18.81136], [-91.435821, 18.81069], [-91.435716, 18.809862], [-91.435257, 18.809525], [-91.435154, 18.808532], [-91.435049, 18.807704], [-91.435176, 18.806879], [-91.435183, 18.806301], [-91.435423, 18.805642], [-91.435662, 18.805067], [-91.435673, 18.80424], [-91.435565, 18.80366], [-91.435455, 18.803163], [-91.435007, 18.802], [-91.435705, 18.801761], [-91.436287, 18.80152], [-91.437212, 18.801615], [-91.438137, 18.801627], [-91.438719, 18.801386], [-91.439528, 18.801479], [-91.440684, 18.80166], [-91.441148, 18.801583], [-91.441494, 18.80167], [-91.44231, 18.801267], [-91.443815, 18.801204], [-91.444392, 18.801377], [-91.444974, 18.801136], [-91.445671, 18.800897], [-91.446143, 18.800242], [-91.446843, 18.799838], [-91.447197, 18.799264], [-91.446971, 18.798847], [-91.446506, 18.799007], [-91.446157, 18.799168], [-91.445806, 18.799411], [-91.445458, 18.799489], [-91.444878, 18.799564], [-91.445233, 18.79899], [-91.445583, 18.798747], [-91.446162, 18.798754], [-91.446626, 18.798678], [-91.447094, 18.79827], [-91.447327, 18.798191], [-91.447796, 18.797701], [-91.448262, 18.797459], [-91.448258, 18.797789], [-91.448255, 18.798037], [-91.448134, 18.798449], [-91.447778, 18.799106], [-91.447539, 18.799681], [-91.447417, 18.800176], [-91.447644, 18.800509], [-91.448227, 18.800186], [-91.448581, 18.799695], [-91.448821, 18.799037], [-91.448945, 18.798377], [-91.449184, 18.797801], [-91.449424, 18.797143], [-91.449432, 18.796482], [-91.450126, 18.796573], [-91.450593, 18.796249], [-91.451058, 18.796089], [-91.451639, 18.795931], [-91.451989, 18.795688], [-91.452686, 18.795532], [-91.453268, 18.795291], [-91.453965, 18.795052], [-91.454194, 18.79522], [-91.454071, 18.795797], [-91.453606, 18.795957], [-91.453601, 18.79637], [-91.453481, 18.796699], [-91.453361, 18.797028], [-91.45301, 18.797354], [-91.452547, 18.797348], [-91.452312, 18.797593], [-91.452654, 18.798011], [-91.453115, 18.798182], [-91.453462, 18.798187], [-91.453926, 18.79811], [-91.454158, 18.798113], [-91.454267, 18.798611], [-91.454496, 18.798779], [-91.454847, 18.798535], [-91.455192, 18.798705], [-91.455303, 18.799037], [-91.4553, 18.799285], [-91.455295, 18.799698], [-91.455176, 18.799945], [-91.454939, 18.800355], [-91.454704, 18.800683], [-91.454469, 18.800928], [-91.454349, 18.801257], [-91.454576, 18.801591], [-91.454926, 18.80143], [-91.455275, 18.801269], [-91.455627, 18.80086], [-91.455861, 18.800698], [-91.456098, 18.800287], [-91.456218, 18.799958], [-91.456227, 18.799214], [-91.456576, 18.799136], [-91.45658, 18.798806], [-91.456699, 18.798559], [-91.456472, 18.798143], [-91.456126, 18.798056], [-91.455779, 18.798051], [-91.455436, 18.797716], [-91.455091, 18.797547], [-91.454747, 18.797294], [-91.454521, 18.796878], [-91.45464, 18.796631], [-91.454762, 18.796137], [-91.454883, 18.795725], [-91.455463, 18.795567], [-91.455925, 18.795656], [-91.456274, 18.795578], [-91.456965, 18.795835], [-91.45743, 18.795675], [-91.458014, 18.795269], [-91.457789, 18.79477], [-91.457326, 18.794765], [-91.457095, 18.794679], [-91.456748, 18.794674], [-91.456286, 18.794586], [-91.455938, 18.794664], [-91.455705, 18.794744], [-91.455478, 18.79441], [-91.455827, 18.794249], [-91.456178, 18.794006], [-91.45676, 18.793765], [-91.457456, 18.793609], [-91.45804, 18.793203], [-91.458855, 18.792883], [-91.460015, 18.79265], [-91.460485, 18.792077], [-91.460947, 18.792166], [-91.461056, 18.792746], [-91.461052, 18.793076], [-91.461163, 18.793408], [-91.461041, 18.793903], [-91.461034, 18.794481], [-91.461142, 18.795061], [-91.46172, 18.795151], [-91.462302, 18.794911], [-91.462531, 18.795079], [-91.462875, 18.795332], [-91.463101, 18.795748], [-91.463329, 18.796081], [-91.463323, 18.796495], [-91.462969, 18.797069], [-91.462614, 18.797643], [-91.46226, 18.798217], [-91.461904, 18.798874], [-91.461436, 18.799281], [-91.460623, 18.799436], [-91.460161, 18.799348], [-91.459818, 18.799013], [-91.45924, 18.799005], [-91.45878, 18.798751], [-91.458083, 18.798908], [-91.457735, 18.798986], [-91.457385, 18.799229], [-91.45738, 18.79956], [-91.457608, 18.799894], [-91.458188, 18.799818], [-91.458536, 18.79974], [-91.458881, 18.79991], [-91.459229, 18.799832], [-91.459687, 18.800251], [-91.460029, 18.800669], [-91.460137, 18.801249], [-91.459902, 18.801576], [-91.45943, 18.802232], [-91.459075, 18.802888], [-91.458605, 18.803378], [-91.458016, 18.804197], [-91.457547, 18.804687], [-91.457086, 18.804516], [-91.456162, 18.804339], [-91.4557, 18.80425], [-91.455122, 18.80416], [-91.454541, 18.804318], [-91.453962, 18.804393], [-91.4535, 18.804305], [-91.452921, 18.804297], [-91.452685, 18.804625], [-91.453025, 18.805208], [-91.4536, 18.805546], [-91.454176, 18.805719], [-91.454985, 18.805812], [-91.455799, 18.805574], [-91.456608, 18.805667], [-91.457416, 18.805843], [-91.457991, 18.806181], [-91.458102, 18.806513], [-91.457981, 18.806925], [-91.45786, 18.807337], [-91.456931, 18.807573], [-91.456348, 18.807896], [-91.455535, 18.808134], [-91.454724, 18.808123], [-91.454374, 18.808367], [-91.45368, 18.808358], [-91.453332, 18.808353], [-91.452984, 18.808432], [-91.452519, 18.808591], [-91.452174, 18.808421], [-91.451942, 18.808418], [-91.451591, 18.808744], [-91.452049, 18.809163], [-91.452394, 18.809333], [-91.452624, 18.809419], [-91.45297, 18.809506], [-91.453435, 18.809347], [-91.453785, 18.809186], [-91.453664, 18.809598], [-91.453428, 18.809925], [-91.452961, 18.81025], [-91.452497, 18.810327], [-91.452028, 18.810734], [-91.451562, 18.810976], [-91.450979, 18.811299], [-91.450511, 18.811706], [-91.450161, 18.81195], [-91.449691, 18.81244], [-91.449452, 18.813015], [-91.44933, 18.81351], [-91.449559, 18.813761], [-91.450024, 18.813601], [-91.450376, 18.813193], [-91.450843, 18.812868], [-91.45143, 18.812297], [-91.451898, 18.81189], [-91.452601, 18.811237], [-91.453187, 18.810666], [-91.454003, 18.810263], [-91.454354, 18.809937], [-91.454937, 18.809614], [-91.45552, 18.809291], [-91.456219, 18.808969], [-91.456803, 18.808563], [-91.457387, 18.808157], [-91.457852, 18.807998], [-91.45808, 18.808249], [-91.457724, 18.808906], [-91.457489, 18.809233], [-91.457254, 18.809478], [-91.456903, 18.809805], [-91.456552, 18.810048], [-91.456202, 18.810292], [-91.455849, 18.8107], [-91.455497, 18.811109], [-91.455259, 18.811602], [-91.454787, 18.812257], [-91.454665, 18.812752], [-91.454542, 18.813329], [-91.454536, 18.813825], [-91.454646, 18.81424], [-91.454987, 18.81474], [-91.455215, 18.815074], [-91.455443, 18.815324], [-91.455681, 18.814832], [-91.455571, 18.814334], [-91.455578, 18.813838], [-91.455583, 18.813425], [-91.45559, 18.812846], [-91.455711, 18.812435], [-91.456066, 18.81186], [-91.456421, 18.811286], [-91.456888, 18.810962], [-91.457473, 18.810473], [-91.457824, 18.810147], [-91.458176, 18.809821], [-91.458643, 18.809496], [-91.459228, 18.809008], [-91.459351, 18.808431], [-91.459474, 18.807854], [-91.459364, 18.807439], [-91.459372, 18.806778], [-91.459144, 18.806527], [-91.459385, 18.805786], [-91.459389, 18.805455], [-91.459168, 18.804626], [-91.459637, 18.804136], [-91.45999, 18.803727], [-91.460569, 18.803734], [-91.461032, 18.80374], [-91.461496, 18.803663], [-91.462076, 18.803588], [-91.462652, 18.803761], [-91.46323, 18.803851], [-91.463922, 18.804025], [-91.464614, 18.804282], [-91.465078, 18.804205], [-91.465538, 18.804376], [-91.466003, 18.8043], [-91.466585, 18.803976], [-91.467165, 18.803901], [-91.467751, 18.80333], [-91.467986, 18.803085], [-91.46776, 18.802669], [-91.467413, 18.802582], [-91.467181, 18.802661], [-91.466834, 18.802657], [-91.466484, 18.802818], [-91.466249, 18.803146], [-91.465787, 18.803057], [-91.465441, 18.80297], [-91.465329, 18.802638], [-91.465334, 18.802224], [-91.465338, 18.801894], [-91.465456, 18.80173], [-91.465692, 18.801402], [-91.465927, 18.801157], [-91.466279, 18.800749], [-91.466632, 18.80034], [-91.467329, 18.800101], [-91.467565, 18.799773], [-91.468031, 18.799531], [-91.468152, 18.799119], [-91.468041, 18.798704], [-91.467812, 18.798536], [-91.467349, 18.79853], [-91.46724, 18.798033], [-91.467128, 18.797701], [-91.467015, 18.797451], [-91.467019, 18.797203], [-91.466672, 18.797116], [-91.46644, 18.797196], [-91.466093, 18.797191], [-91.465861, 18.797188], [-91.465518, 18.796853], [-91.465754, 18.796526], [-91.46622, 18.796284], [-91.466683, 18.79629], [-91.466913, 18.796375], [-91.46726, 18.796462], [-91.467489, 18.796631], [-91.46795, 18.796802], [-91.468415, 18.796642], [-91.468764, 18.796482], [-91.468887, 18.795904], [-91.468427, 18.795651], [-91.467735, 18.795476], [-91.467157, 18.795386], [-91.466463, 18.795377], [-91.465539, 18.7952], [-91.465077, 18.795112], [-91.46473, 18.795107], [-91.464501, 18.794939], [-91.464273, 18.794605], [-91.463927, 18.794518], [-91.46358, 18.794514], [-91.462774, 18.794173], [-91.462544, 18.794087], [-91.462316, 18.793754], [-91.462319, 18.793506], [-91.462325, 18.793093], [-91.462446, 18.792681], [-91.462684, 18.792105], [-91.462921, 18.791695], [-91.463276, 18.791121], [-91.463629, 18.790629], [-91.463866, 18.790219], [-91.463987, 18.789807], [-91.464108, 18.789395], [-91.464464, 18.788739], [-91.464473, 18.787995], [-91.464595, 18.7875], [-91.464831, 18.787173], [-91.465066, 18.786845], [-91.465418, 18.786519], [-91.465884, 18.786277], [-91.466351, 18.785952], [-91.466821, 18.785379], [-91.467059, 18.784886], [-91.467413, 18.784395], [-91.46765, 18.783902], [-91.467887, 18.783492], [-91.468359, 18.782754], [-91.468947, 18.782017], [-91.469413, 18.781775], [-91.470111, 18.781536], [-91.470574, 18.781542], [-91.470922, 18.781464], [-91.471619, 18.781307], [-91.472194, 18.781562], [-91.47254, 18.78165], [-91.472536, 18.78198], [-91.472417, 18.782227], [-91.472414, 18.782475], [-91.472644, 18.782643], [-91.472991, 18.782647], [-91.473339, 18.782569], [-91.473803, 18.782492], [-91.474444, 18.78296], [-91.474848, 18.783172], [-91.474923, 18.783062], [-91.475569, 18.782719], [-91.477411, 18.782292], [-91.478519, 18.782189], [-91.479999, 18.782054], [-91.481577, 18.782043], [-91.483547, 18.781806], [-91.484701, 18.781491], [-91.486137, 18.781461], [-91.48693, 18.781676], [-91.488481, 18.781622], [-91.490052, 18.781635], [-91.490887, 18.781706], [-91.491612, 18.781571], [-91.492341, 18.781308], [-91.494025, 18.781253], [-91.494949, 18.781246], [-91.495778, 18.781465], [-91.496473, 18.781837], [-91.496742, 18.781953], [-91.496857, 18.782003], [-91.496937, 18.782039], [-91.497607, 18.782338], [-91.498654, 18.782883], [-91.499553, 18.78342], [-91.499974, 18.784101], [-91.500107, 18.785128], [-91.500247, 18.786078], [-91.50011, 18.786908], [-91.499996, 18.787903], [-91.499581, 18.788695], [-91.499197, 18.789364], [-91.499097, 18.790224], [-91.498692, 18.791199], [-91.498465, 18.791663], [-91.497893, 18.791783], [-91.497292, 18.791786], [-91.496947, 18.791847], [-91.496641, 18.792086], [-91.49638, 18.792344], [-91.496073, 18.79261], [-91.495437, 18.792977], [-91.494617, 18.79342], [-91.493333, 18.794314], [-91.492525, 18.795001], [-91.49228, 18.79521], [-91.491114, 18.795856], [-91.489831, 18.796584], [-91.489478, 18.79683], [-91.48878, 18.797315], [-91.487313, 18.798578], [-91.485508, 18.799753], [-91.484101, 18.801223], [-91.482586, 18.802031], [-91.481648, 18.802928], [-91.480602, 18.803246], [-91.479668, 18.803895], [-91.478733, 18.804627], [-91.478027, 18.805528], [-91.477317, 18.806759], [-91.476496, 18.807575], [-91.47486, 18.808794], [-91.473798, 18.810351], [-91.472743, 18.811413], [-91.471112, 18.812218], [-91.468884, 18.814422], [-91.467244, 18.815972], [-91.466067, 18.817445], [-91.464657, 18.81908], [-91.463484, 18.820305], [-91.461845, 18.821689], [-91.460792, 18.822585], [-91.458567, 18.824541], [-91.457158, 18.826093], [-91.455753, 18.827315], [-91.454233, 18.828453], [-91.452593, 18.830003], [-91.451771, 18.830901], [-91.450362, 18.832371], [-91.449076, 18.833347], [-91.44767, 18.834651], [-91.446264, 18.835956], [-91.445208, 18.837017], [-91.444617, 18.838001], [-91.443208, 18.839471], [-91.442033, 18.840861], [-91.440858, 18.842169], [-91.439798, 18.84356], [-91.438857, 18.844705], [-91.437916, 18.84585], [-91.436974, 18.847078], [-91.435102, 18.848542], [-91.434041, 18.850016], [-91.432866, 18.851324], [-91.432275, 18.852225], [-91.431451, 18.853289], [-91.43051, 18.854434], [-91.429804, 18.855252], [-91.42898, 18.856316], [-91.428397, 18.856639], [-91.427464, 18.857123], [-91.426762, 18.857692], [-91.425939, 18.858674], [-91.424999, 18.859736], [-91.424407, 18.86072], [-91.423232, 18.862028], [-91.422407, 18.863092], [-91.421585, 18.86399], [-91.420645, 18.865053], [-91.419472, 18.866195], [-91.418647, 18.867258], [-91.418057, 18.86816], [-91.417585, 18.868815], [-91.416648, 18.86963], [-91.415823, 18.870693], [-91.414879, 18.872086], [-91.413939, 18.873066], [-91.412884, 18.874044], [-91.41183, 18.87494], [-91.410652, 18.876495], [-91.409711, 18.87764], [-91.408418, 18.879028], [-91.407009, 18.880498], [-91.405836, 18.88164], [-91.404897, 18.882619], [-91.403723, 18.883844], [-91.402201, 18.885064], [-91.400911, 18.886287], [-91.399616, 18.887923], [-91.39856, 18.888901], [-91.39727, 18.890124], [-91.395865, 18.891263], [-91.39458, 18.892155], [-91.392946, 18.893043], [-91.391543, 18.894099], [-91.390371, 18.895076], [-91.388969, 18.896049], [-91.386636, 18.897258], [-91.384299, 18.898798], [-91.381729, 18.9005], [-91.379857, 18.90188], [-91.378221, 18.902933], [-91.37717, 18.90358], [-91.376234, 18.904312], [-91.375184, 18.904877], [-91.373791, 18.905106], [-91.372626, 18.905586], [-91.370877, 18.906472], [-91.369708, 18.907284], [-91.368657, 18.907931], [-91.367371, 18.908823], [-91.365968, 18.909796], [-91.364801, 18.910442], [-91.3634, 18.91125], [-91.362232, 18.911978], [-91.360946, 18.91287], [-91.359779, 18.913516], [-91.358154, 18.913742], [-91.356637, 18.914548], [-91.355469, 18.915277], [-91.354183, 18.916169], [-91.353015, 18.916897], [-91.351499, 18.917621], [-91.349519, 18.918421], [-91.347882, 18.919556], [-91.346132, 18.920524], [-91.344379, 18.921658], [-91.342978, 18.922466], [-91.342043, 18.923032], [-91.340528, 18.923755], [-91.339128, 18.92448], [-91.337961, 18.925126], [-91.336909, 18.925773], [-91.335862, 18.926089], [-91.334583, 18.926485], [-91.332955, 18.926959], [-91.331911, 18.927028], [-91.331444, 18.92727], [-91.330626, 18.927837], [-91.329579, 18.928154], [-91.328762, 18.928556], [-91.327949, 18.92871], [-91.32702, 18.928945], [-91.326084, 18.929594], [-91.325151, 18.930077], [-91.324219, 18.930395], [-91.322818, 18.931203], [-91.321768, 18.931767], [-91.321183, 18.932173], [-91.320486, 18.932328], [-91.319785, 18.932732], [-91.319086, 18.933053], [-91.318153, 18.933537], [-91.317566, 18.934107], [-91.316749, 18.934509], [-91.31535, 18.935152], [-91.314535, 18.935471], [-91.313135, 18.936196], [-91.312318, 18.936598], [-91.311619, 18.936919], [-91.309635, 18.937967], [-91.308703, 18.938367], [-91.307535, 18.939013], [-91.306603, 18.939413], [-91.305202, 18.940221], [-91.303687, 18.940861], [-91.302053, 18.941748], [-91.300774, 18.942061], [-91.299607, 18.942706], [-91.298439, 18.943352], [-91.297036, 18.944324], [-91.295752, 18.944968], [-91.294469, 18.945612], [-91.293419, 18.946176], [-91.292021, 18.946735], [-91.290738, 18.947296], [-91.289226, 18.947771], [-91.28783, 18.948165], [-91.28666, 18.948976], [-91.285379, 18.949454], [-91.283635, 18.949926], [-91.281888, 18.950563], [-91.280726, 18.950795], [-91.279215, 18.951187], [-91.278629, 18.951675], [-91.277698, 18.95191], [-91.27607, 18.952384], [-91.273857, 18.95318], [-91.271527, 18.954139], [-91.270128, 18.954781], [-91.269079, 18.95518], [-91.267452, 18.95557], [-91.265705, 18.956207], [-91.264075, 18.956763], [-91.262795, 18.957159], [-91.261863, 18.957559], [-91.260116, 18.958196], [-91.25872, 18.95859], [-91.257438, 18.959151], [-91.255575, 18.959786], [-91.253827, 18.960505], [-91.252193, 18.961309], [-91.25056, 18.962113], [-91.249163, 18.962589], [-91.246715, 18.963629], [-91.245086, 18.964103], [-91.242874, 18.964898], [-91.241237, 18.96595], [-91.240423, 18.966104], [-91.238908, 18.966744], [-91.237155, 18.967793], [-91.236224, 18.968111], [-91.235179, 18.968262], [-91.233662, 18.968984], [-91.232381, 18.969462], [-91.231208, 18.970437], [-91.230158, 18.971001], [-91.228987, 18.971811], [-91.228169, 18.972296], [-91.227004, 18.972775], [-91.225955, 18.973174], [-91.224442, 18.973648], [-91.223506, 18.974296], [-91.222111, 18.974607], [-91.220709, 18.975414], [-91.218839, 18.976545], [-91.21744, 18.977186], [-91.216508, 18.977503], [-91.215218, 18.97856], [-91.214049, 18.979287], [-91.213341, 18.980186], [-91.211364, 18.980654], [-91.20996, 18.981626], [-91.208908, 18.982272], [-91.207621, 18.983163], [-91.206571, 18.983644], [-91.205636, 18.984209], [-91.204583, 18.984856], [-91.203532, 18.985419], [-91.202481, 18.985983], [-91.200966, 18.986622], [-91.199675, 18.987761], [-91.198736, 18.988574], [-91.197334, 18.989381], [-91.195935, 18.98994], [-91.194537, 18.990498], [-91.193137, 18.991139], [-91.191852, 18.991865], [-91.190099, 18.992832], [-91.188351, 18.99355], [-91.186828, 18.994686], [-91.186361, 18.994927], [-91.18601, 18.99517], [-91.185656, 18.995578], [-91.185308, 18.995573], [-91.185197, 18.995241], [-91.185086, 18.994909], [-91.184503, 18.995148], [-91.184499, 18.995479], [-91.184494, 18.995809], [-91.184491, 18.995975], [-91.184485, 18.996388], [-91.184134, 18.996631], [-91.183553, 18.996788], [-91.182968, 18.99711], [-91.182504, 18.997186], [-91.181688, 18.997505], [-91.181104, 18.997827], [-91.180521, 18.998067], [-91.179937, 18.998389], [-91.178071, 18.999189], [-91.177372, 18.999427], [-91.176559, 18.99958], [-91.175626, 18.99998], [-91.174925, 19.000383], [-91.174455, 19.00079], [-91.173633, 19.001522], [-91.172935, 19.00176], [-91.172235, 19.00208], [-91.171419, 19.002399], [-91.17072, 19.002637], [-91.169903, 19.003038], [-91.169083, 19.003605], [-91.168263, 19.004254], [-91.167676, 19.004742], [-91.166976, 19.005062], [-91.166041, 19.005627], [-91.16511, 19.005862], [-91.164175, 19.006427], [-91.163121, 19.007156], [-91.162188, 19.007555], [-91.161138, 19.008036], [-91.160206, 19.008353], [-91.158803, 19.009242], [-91.157288, 19.009799], [-91.155763, 19.011016], [-91.154834, 19.011168], [-91.154247, 19.011656], [-91.153774, 19.01231], [-91.153303, 19.012799], [-91.152602, 19.013202], [-91.152016, 19.013689], [-91.151198, 19.014091], [-91.150381, 19.014492], [-91.149562, 19.015059], [-91.148743, 19.015543], [-91.147696, 19.015858], [-91.146762, 19.016258], [-91.145948, 19.016494], [-91.144778, 19.017221], [-91.143263, 19.017777], [-91.142679, 19.018099], [-91.141976, 19.018585], [-91.141274, 19.019071], [-91.140688, 19.019475], [-91.139756, 19.019792], [-91.13894, 19.020111], [-91.138356, 19.020433], [-91.137774, 19.02059], [-91.136952, 19.021322], [-91.136135, 19.021723], [-91.135432, 19.022209], [-91.134268, 19.022605], [-91.133685, 19.022844], [-91.133103, 19.023001], [-91.132518, 19.023323], [-91.131584, 19.023805], [-91.130655, 19.023957], [-91.130069, 19.024362], [-91.129368, 19.024765], [-91.128549, 19.025249], [-91.127964, 19.025653], [-91.127261, 19.026139], [-91.125863, 19.026614], [-91.124815, 19.02693], [-91.12388, 19.027494], [-91.123294, 19.027899], [-91.122359, 19.028464], [-91.122001, 19.02912], [-91.121528, 19.029774], [-91.120819, 19.030673], [-91.117314, 19.032522], [-91.116847, 19.032932], [-91.116056, 19.03341], [-91.115505, 19.033553], [-91.11499, 19.033959], [-91.114273, 19.034378], [-91.113726, 19.034655], [-91.113172, 19.035023], [-91.112343, 19.0355], [-91.111672, 19.035791], [-91.111274, 19.036273], [-91.11099, 19.037128], [-91.110902, 19.037949], [-91.111047, 19.039033], [-91.111193, 19.039968], [-91.111266, 19.040454], [-91.111647, 19.041503], [-91.111635, 19.042657], [-91.111486, 19.042863], [-91.110371, 19.044407], [-91.109848, 19.044003], [-91.090581, 19.0291], [-91.084511, 19.024404], [-91.083539, 19.023652], [-91.048874, 19.000065], [-91.026182, 19.000269], [-91.00019, 19.000499], [-91.000004, 18.96629], [-90.973477, 18.950327], [-90.902637, 18.907667], [-90.901643, 18.907069], [-90.891221, 18.900788], [-90.899244, 18.895606], [-90.917287, 18.883948], [-90.884493, 18.850451], [-90.858826, 18.868778], [-90.859933, 18.837924], [-90.860977, 18.808798], [-90.862339, 18.770763], [-90.863063, 18.750541], [-90.864841, 18.6695], [-90.865234, 18.65155], [-90.89563, 18.65185], [-90.916378, 18.652053], [-90.921798, 18.652105], [-90.940768, 18.660668], [-90.94578, 18.625696], [-90.951045, 18.626073], [-90.951404, 18.626099], [-90.951535, 18.625723], [-90.958912, 18.604526], [-90.972827, 18.605717], [-90.975543, 18.586344], [-90.981052, 18.586912], [-90.982554, 18.586441], [-90.983408, 18.584859], [-90.98317, 18.584239], [-90.988488, 18.583028], [-90.989354, 18.582646], [-90.989754, 18.582104], [-90.986372, 18.573602], [-90.971324, 18.556307], [-90.977821, 18.551148], [-90.980852, 18.528623], [-90.978697, 18.527277], [-90.97857, 18.526118], [-90.978275, 18.525499], [-90.97786, 18.524509], [-90.976807, 18.523401], [-90.974226, 18.519863], [-90.973929, 18.518996], [-90.973808, 18.5185], [-90.974149, 18.517751], [-90.974547, 18.517001], [-90.974649, 18.51555], [-90.974519, 18.51406], [-90.974102, 18.51278], [-90.973513, 18.511709], [-90.972576, 18.51064], [-90.971872, 18.509653], [-90.971403, 18.509036], [-90.970642, 18.508132], [-90.969885, 18.507642], [-90.969418, 18.507274], [-90.968664, 18.507157], [-90.96809, 18.507701], [-90.967805, 18.508201], [-90.966706, 18.508253], [-90.966865, 18.500546], [-90.966886, 18.483893], [-90.937737, 18.483903], [-90.937642, 18.475795], [-90.937441, 18.458775], [-90.986164, 18.458816], [-91.000135, 18.458826], [-91.022484, 18.45883], [-91.0232, 18.456972], [-91.023969, 18.456373], [-91.024443, 18.456014], [-91.024632, 18.455482], [-91.024936, 18.454953], [-91.025587, 18.454475], [-91.026238, 18.453955], [-91.026485, 18.453425], [-91.02702, 18.452943], [-91.027563, 18.452173], [-91.027933, 18.451398], [-91.02842, 18.450585], [-91.028969, 18.449608], [-91.029353, 18.448812], [-91.029897, 18.448038], [-91.030307, 18.447372], [-91.030843, 18.446849], [-91.031614, 18.446209], [-91.03233, 18.445443], [-91.032986, 18.444758], [-91.033753, 18.444242], [-91.034396, 18.444011], [-91.035049, 18.44345], [-91.035579, 18.443134], [-91.035998, 18.442649], [-91.036407, 18.442495], [-91.036983, 18.442593], [-91.037846, 18.44274], [-91.038534, 18.442965], [-91.039287, 18.442902], [-91.039864, 18.442959], [-91.040382, 18.443055], [-91.040842, 18.44315], [-91.041187, 18.443201], [-91.041716, 18.442926], [-91.042361, 18.442613], [-91.042475, 18.442698], [-91.043113, 18.442633], [-91.043466, 18.442435], [-91.043876, 18.44224], [-91.044461, 18.442008], [-91.044758, 18.441768], [-91.045284, 18.441575], [-91.045578, 18.441418], [-91.045767, 18.440886], [-91.04613, 18.440317], [-91.046718, 18.440002], [-91.047314, 18.439398], [-91.046409, 18.438713], [-91.055665, 18.418801], [-91.053068, 18.418608], [-91.038376, 18.411723], [-91.036524, 18.410855], [-91.028095, 18.400506], [-91.009307, 18.400558], [-91.006616, 18.400566], [-91.000196, 18.400583], [-91.000054, 18.396827], [-91.000239, 18.350081], [-91.000241, 18.348217], [-91.040439, 18.348128], [-91.040417, 18.349571], [-91.040175, 18.365099], [-91.07253, 18.365793], [-91.09772, 18.366417], [-91.100283, 18.36101], [-91.116279, 18.327264], [-91.117582, 18.324514], [-91.11788, 18.323886], [-91.131811, 18.294481], [-91.124195, 18.281971], [-91.199914, 18.269107], [-91.199141, 18.264544], [-91.198428, 18.260334], [-91.197623, 18.255578], [-91.196794, 18.250684], [-91.196935, 18.245383], [-91.196815, 18.243814], [-91.196695, 18.241749], [-91.196574, 18.239601], [-91.196799, 18.237783], [-91.196911, 18.236378], [-91.197137, 18.234725], [-91.197477, 18.232824], [-91.197704, 18.231336], [-91.198161, 18.229765], [-91.198618, 18.228277], [-91.199075, 18.226954], [-91.199763, 18.225465], [-91.200451, 18.224306], [-91.200932, 18.223614], [-91.20137, 18.222982], [-91.202175, 18.222154], [-91.203094, 18.221242], [-91.204475, 18.220247], [-91.205855, 18.219169], [-91.207581, 18.218008], [-91.208731, 18.217179], [-91.20988, 18.216101], [-91.21103, 18.215024], [-91.211834, 18.213948], [-91.212753, 18.212954], [-91.213557, 18.211795], [-91.214244, 18.210306], [-91.215046, 18.208486], [-91.215962, 18.206418], [-91.245468, 18.206664], [-91.245496, 18.179594], [-91.245509, 18.1674], [-91.245527, 18.149855], [-91.245527, 18.149409], [-91.245527, 18.148748], [-91.245508, 18.126358], [-91.245483, 18.09678], [-91.250205, 18.096766], [-91.299044, 18.096694], [-91.314574, 18.110817], [-91.32412, 18.119496], [-91.333701, 18.121387], [-91.340618, 18.123063], [-91.340904, 18.123768], [-91.344863, 18.129655], [-91.345093, 18.130028], [-91.345149, 18.130442], [-91.345205, 18.130773], [-91.340455, 18.167087], [-91.339915, 18.172465], [-91.339971, 18.17292], [-91.340143, 18.173376], [-91.340257, 18.173748], [-91.340428, 18.174287], [-91.340715, 18.174619], [-91.339322, 18.17689], [-91.33479, 18.190586], [-91.364493, 18.190661], [-91.362943, 18.204228], [-91.362289, 18.209522], [-91.354901, 18.209376], [-91.342529, 18.214511], [-91.343214, 18.216665], [-91.340263, 18.218435]]], [[[-91.685518, 18.677197], [-91.686235, 18.675637], [-91.686496, 18.673575], [-91.686753, 18.671761], [-91.687126, 18.669949], [-91.68761, 18.668468], [-91.687854, 18.667562], [-91.687407, 18.666401], [-91.6865, 18.665068], [-91.685589, 18.664066], [-91.685237, 18.664392], [-91.68545, 18.665716], [-91.685898, 18.666713], [-91.685877, 18.668199], [-91.685856, 18.669686], [-91.685601, 18.671334], [-91.685005, 18.672566], [-91.684414, 18.673467], [-91.683373, 18.673372], [-91.682575, 18.672536], [-91.681318, 18.671365], [-91.680297, 18.669948], [-91.678823, 18.667783], [-91.677697, 18.665539], [-91.675749, 18.664194], [-91.674022, 18.663512], [-91.672526, 18.662916], [-91.670903, 18.663061], [-91.669529, 18.662054], [-91.668378, 18.661626], [-91.667462, 18.660872], [-91.666082, 18.660277], [-91.664352, 18.659843], [-91.662727, 18.660153], [-91.661565, 18.660469], [-91.660858, 18.661369], [-91.660158, 18.661774], [-91.658664, 18.661012], [-91.657873, 18.659681], [-91.658127, 18.658115], [-91.658625, 18.655643], [-91.659602, 18.652104], [-91.660904, 18.650055], [-91.661614, 18.64899], [-91.66266, 18.648672], [-91.663943, 18.648027], [-91.665809, 18.646977], [-91.668375, 18.645604], [-91.671063, 18.643737], [-91.673517, 18.642115], [-91.675616, 18.640985], [-91.677901, 18.638989], [-91.678546, 18.638378], [-91.68018, 18.637406], [-91.681344, 18.636925], [-91.682628, 18.636197], [-91.684029, 18.635306], [-91.686028, 18.6331], [-91.688002, 18.632629], [-91.69078, 18.63258], [-91.693794, 18.632203], [-91.696568, 18.632402], [-91.697708, 18.633654], [-91.699078, 18.634992], [-91.700222, 18.635915], [-91.701604, 18.636427], [-91.707162, 18.636163], [-91.710513, 18.636534], [-91.712934, 18.637224], [-91.713612, 18.638388], [-91.714773, 18.638072], [-91.715913, 18.639324], [-91.717171, 18.640413], [-91.718556, 18.640677], [-91.71994, 18.641024], [-91.72097, 18.641862], [-91.722123, 18.642124], [-91.724092, 18.642065], [-91.726061, 18.641923], [-91.728257, 18.642115], [-91.729997, 18.641805], [-91.731506, 18.641492], [-91.731615, 18.641989], [-91.730445, 18.642884], [-91.729516, 18.643121], [-91.726967, 18.643338], [-91.725458, 18.64365], [-91.72302, 18.6442], [-91.721626, 18.644596], [-91.720229, 18.645157], [-91.720571, 18.645574], [-91.721724, 18.645836], [-91.722989, 18.646429], [-91.721825, 18.646911], [-91.720438, 18.646812], [-91.718697, 18.647121], [-91.717426, 18.647023], [-91.71522, 18.647492], [-91.713701, 18.648548], [-91.713229, 18.649203], [-91.712289, 18.650183], [-91.711124, 18.650747], [-91.710186, 18.651562], [-91.70948, 18.652379], [-91.708887, 18.653446], [-91.708753, 18.654765], [-91.708028, 18.656904], [-91.707541, 18.658633], [-91.706823, 18.660276], [-91.705886, 18.66109], [-91.704371, 18.661816], [-91.702861, 18.66221], [-91.701574, 18.663186], [-91.700521, 18.663999], [-91.700045, 18.664902], [-91.699684, 18.665889], [-91.700135, 18.66672], [-91.697987, 18.671319], [-91.6973, 18.670733], [-91.696715, 18.671221], [-91.696348, 18.672621], [-91.695988, 18.673525], [-91.695616, 18.675255], [-91.695832, 18.676331], [-91.695004, 18.677642], [-91.694054, 18.679283], [-91.693228, 18.680429], [-91.692286, 18.681574], [-91.691589, 18.681731], [-91.690198, 18.681879], [-91.688805, 18.68211], [-91.687409, 18.682588], [-91.686612, 18.68167], [-91.686516, 18.680265], [-91.686647, 18.679193], [-91.68585, 18.678275], [-91.685518, 18.677197]]], [[[-91.529881, 18.735282], [-91.53023, 18.735204], [-91.530582, 18.734878], [-91.53082, 18.734469], [-91.531172, 18.734143], [-91.531523, 18.7339], [-91.531761, 18.73349], [-91.532113, 18.733164], [-91.532702, 18.732511], [-91.532824, 18.7321], [-91.533059, 18.731855], [-91.533296, 18.731528], [-91.533881, 18.731122], [-91.534234, 18.730714], [-91.534587, 18.730388], [-91.535408, 18.729656], [-91.535645, 18.729328], [-91.535998, 18.72892], [-91.536583, 18.728515], [-91.536937, 18.728106], [-91.537173, 18.727779], [-91.537411, 18.727369], [-91.537767, 18.726796], [-91.53789, 18.726302], [-91.538243, 18.725976], [-91.538479, 18.725649], [-91.539063, 18.725326], [-91.539532, 18.724919], [-91.53977, 18.724509], [-91.540238, 18.724185], [-91.540588, 18.724024], [-91.541171, 18.723701], [-91.54152, 18.723623], [-91.541987, 18.723382], [-91.542455, 18.723057], [-91.542926, 18.722485], [-91.543862, 18.721837], [-91.544797, 18.721271], [-91.545614, 18.720868], [-91.546199, 18.720463], [-91.546899, 18.720059], [-91.547946, 18.719742], [-91.548531, 18.719337], [-91.549232, 18.718933], [-91.549814, 18.718693], [-91.55051, 18.718619], [-91.550974, 18.718542], [-91.551788, 18.718305], [-91.55237, 18.718147], [-91.552952, 18.717907], [-91.553645, 18.717999], [-91.553993, 18.718003], [-91.554696, 18.717434], [-91.555159, 18.71744], [-91.555973, 18.717203], [-91.556901, 18.717049], [-91.557596, 18.717058], [-91.558406, 18.717069], [-91.558984, 18.717159], [-91.559673, 18.717498], [-91.560012, 18.71808], [-91.560583, 18.718583], [-91.561157, 18.718921], [-91.56173, 18.719341], [-91.5623, 18.719927], [-91.562753, 18.720593], [-91.563093, 18.721093], [-91.563545, 18.721842], [-91.563883, 18.722424], [-91.564221, 18.72309], [-91.564442, 18.723753], [-91.564433, 18.724414], [-91.564424, 18.724992], [-91.564071, 18.7254], [-91.563598, 18.726055], [-91.563362, 18.726299], [-91.562899, 18.726293], [-91.562435, 18.72637], [-91.562088, 18.726366], [-91.561733, 18.726857], [-91.561842, 18.727354], [-91.562419, 18.727444], [-91.562883, 18.727367], [-91.563233, 18.727206], [-91.5637, 18.726964], [-91.563925, 18.72738], [-91.563806, 18.727626], [-91.563918, 18.727876], [-91.564609, 18.728132], [-91.565077, 18.727808], [-91.565431, 18.727317], [-91.565904, 18.726662], [-91.566373, 18.726255], [-91.566616, 18.725515], [-91.56674, 18.724939], [-91.566867, 18.724197], [-91.566988, 18.723868], [-91.567111, 18.723374], [-91.567354, 18.722634], [-91.567591, 18.722224], [-91.567833, 18.721567], [-91.56807, 18.721157], [-91.568538, 18.720832], [-91.569006, 18.720508], [-91.56924, 18.720346], [-91.569706, 18.720187], [-91.570171, 18.720027], [-91.570986, 18.719707], [-91.571796, 18.7198], [-91.572373, 18.71989], [-91.573177, 18.720313], [-91.573754, 18.720486], [-91.573863, 18.7209], [-91.574086, 18.721481], [-91.57431, 18.72198], [-91.574304, 18.722393], [-91.574414, 18.722807], [-91.574523, 18.723221], [-91.574518, 18.723551], [-91.574622, 18.724379], [-91.574385, 18.724706], [-91.574265, 18.725035], [-91.573802, 18.725029], [-91.573453, 18.725107], [-91.573106, 18.725103], [-91.572988, 18.725266], [-91.572638, 18.725427], [-91.572402, 18.725754], [-91.572047, 18.726245], [-91.572622, 18.7265], [-91.572966, 18.726753], [-91.573427, 18.726841], [-91.574122, 18.72685], [-91.574589, 18.726608], [-91.574941, 18.726282], [-91.575293, 18.725956], [-91.575531, 18.725546], [-91.575884, 18.725138], [-91.576238, 18.72473], [-91.576821, 18.724407], [-91.577175, 18.723998], [-91.577409, 18.723836], [-91.577992, 18.723513], [-91.578463, 18.723024], [-91.578585, 18.722612], [-91.579055, 18.722123], [-91.579408, 18.721714], [-91.580108, 18.721393], [-91.580692, 18.72107], [-91.581047, 18.720496], [-91.581634, 18.720008], [-91.58245, 18.719606], [-91.583156, 18.718871], [-91.583623, 18.718547], [-91.584207, 18.718224], [-91.584786, 18.718231], [-91.585596, 18.718242], [-91.585823, 18.718575], [-91.586051, 18.718826], [-91.586393, 18.71916], [-91.586737, 18.719412], [-91.587314, 18.719502], [-91.587664, 18.719341], [-91.588128, 18.719265], [-91.588588, 18.719518], [-91.588814, 18.719852], [-91.588807, 18.720347], [-91.588571, 18.720674], [-91.588098, 18.721329], [-91.587631, 18.721571], [-91.587163, 18.721895], [-91.586694, 18.722302], [-91.586458, 18.72263], [-91.586217, 18.723205], [-91.58621, 18.7237], [-91.586203, 18.724196], [-91.586428, 18.724611], [-91.586652, 18.72511], [-91.586762, 18.725524], [-91.587219, 18.725943], [-91.587793, 18.72628], [-91.587903, 18.726695], [-91.588128, 18.727111], [-91.588585, 18.727529], [-91.589158, 18.727949], [-91.589617, 18.728203], [-91.590424, 18.728461], [-91.59135, 18.728473], [-91.592043, 18.728564], [-91.592971, 18.728493], [-91.593436, 18.728334], [-91.594016, 18.728259], [-91.594478, 18.728347], [-91.59517, 18.728521], [-91.595627, 18.72894], [-91.596434, 18.729198], [-91.59724, 18.729456], [-91.597935, 18.729465], [-91.598398, 18.72947], [-91.599327, 18.729317], [-91.599907, 18.729242], [-91.60037, 18.729247], [-91.601063, 18.729339], [-91.601642, 18.729346], [-91.601986, 18.729598], [-91.602327, 18.730015], [-91.602672, 18.730185], [-91.602778, 18.730847], [-91.602077, 18.731251], [-91.601607, 18.731741], [-91.601021, 18.732229], [-91.600551, 18.732636], [-91.599853, 18.732875], [-91.5995, 18.733283], [-91.599028, 18.733855], [-91.598327, 18.73426], [-91.597861, 18.734501], [-91.597158, 18.735071], [-91.596573, 18.735476], [-91.5961, 18.736131], [-91.595628, 18.736703], [-91.59504, 18.737356], [-91.59445, 18.738092], [-91.593975, 18.738912], [-91.593503, 18.739484], [-91.593264, 18.739977], [-91.592908, 18.74055], [-91.592551, 18.741206], [-91.592082, 18.741613], [-91.591613, 18.74202], [-91.591258, 18.742511], [-91.590783, 18.743331], [-91.59066, 18.743825], [-91.590651, 18.744403], [-91.59076, 18.7449], [-91.590986, 18.745233], [-91.591564, 18.745323], [-91.591796, 18.745326], [-91.59226, 18.74525], [-91.592494, 18.745087], [-91.592613, 18.744841], [-91.592618, 18.744511], [-91.59297, 18.744185], [-91.593089, 18.744021], [-91.593324, 18.743776], [-91.593789, 18.743617], [-91.594016, 18.74395], [-91.59436, 18.744202], [-91.594818, 18.744539], [-91.595162, 18.744791], [-91.595154, 18.745286], [-91.595031, 18.74578], [-91.594797, 18.745942], [-91.59445, 18.745938], [-91.594096, 18.746346], [-91.594089, 18.746842], [-91.594313, 18.74734], [-91.594776, 18.747346], [-91.595354, 18.747436], [-91.595587, 18.747356], [-91.596514, 18.747285], [-91.59675, 18.747041], [-91.597335, 18.746635], [-91.598145, 18.746645], [-91.598724, 18.746653], [-91.599188, 18.746576], [-91.599195, 18.74608], [-91.598854, 18.745663], [-91.598387, 18.745905], [-91.597807, 18.74598], [-91.597231, 18.745808], [-91.597005, 18.745392], [-91.596778, 18.745141], [-91.596669, 18.744645], [-91.596441, 18.744394], [-91.59633, 18.744062], [-91.596105, 18.743646], [-91.595643, 18.743558], [-91.595065, 18.743468], [-91.594606, 18.743215], [-91.594382, 18.742716], [-91.594501, 18.74247], [-91.594854, 18.742061], [-91.595204, 18.741901], [-91.595553, 18.741823], [-91.596133, 18.741747], [-91.596479, 18.741834], [-91.596704, 18.74225], [-91.597043, 18.742832], [-91.597153, 18.743247], [-91.597265, 18.743496], [-91.597492, 18.743829], [-91.5983, 18.744005], [-91.598877, 18.744094], [-91.599344, 18.743853], [-91.599814, 18.743363], [-91.600169, 18.742872], [-91.600408, 18.742379], [-91.600292, 18.742378], [-91.600647, 18.741887], [-91.600886, 18.741394], [-91.601237, 18.741151], [-91.601474, 18.740741], [-91.601945, 18.740251], [-91.602413, 18.739927], [-91.60288, 18.739603], [-91.603579, 18.739364], [-91.604044, 18.739204], [-91.604743, 18.738965], [-91.605324, 18.738807], [-91.605791, 18.738566], [-91.606258, 18.738241], [-91.606843, 18.737836], [-91.607543, 18.737514], [-91.608127, 18.737191], [-91.60871, 18.736868], [-91.609413, 18.736299], [-91.609996, 18.736058], [-91.610347, 18.735815], [-91.611166, 18.735247], [-91.611753, 18.734676], [-91.61245, 18.73452], [-91.613149, 18.734198], [-91.613734, 18.733793], [-91.614085, 18.733549], [-91.614318, 18.73347], [-91.614902, 18.733147], [-91.615601, 18.732825], [-91.616643, 18.732838], [-91.61734, 18.732682], [-91.618037, 18.732525], [-91.61873, 18.732617], [-91.619657, 18.732628], [-91.620583, 18.73264], [-91.621398, 18.73232], [-91.621979, 18.732162], [-91.622446, 18.73192], [-91.623146, 18.731516], [-91.6235, 18.731107], [-91.623968, 18.730783], [-91.624668, 18.730378], [-91.625136, 18.730054], [-91.625836, 18.729732], [-91.626531, 18.729658], [-91.627461, 18.729422], [-91.627587, 18.728763], [-91.62748, 18.728101], [-91.627605, 18.727524], [-91.627032, 18.727104], [-91.626454, 18.727015], [-91.625065, 18.726997], [-91.623908, 18.7269], [-91.623331, 18.72681], [-91.62229, 18.726715], [-91.621596, 18.726706], [-91.620786, 18.726613], [-91.620208, 18.726606], [-91.619282, 18.726595], [-91.618587, 18.726586], [-91.617778, 18.726493], [-91.616623, 18.726313], [-91.615467, 18.726134], [-91.614775, 18.72596], [-91.613852, 18.725783], [-91.613044, 18.725608], [-91.612588, 18.725107], [-91.612479, 18.72461], [-91.612604, 18.724033], [-91.61285, 18.723045], [-91.613204, 18.722554], [-91.613565, 18.72165], [-91.613687, 18.721239], [-91.613925, 18.720746], [-91.61451, 18.720341], [-91.614749, 18.719848], [-91.614874, 18.719189], [-91.615118, 18.718366], [-91.615469, 18.718123], [-91.615589, 18.717794], [-91.614911, 18.716712], [-91.615032, 18.7163], [-91.615387, 18.715809], [-91.615626, 18.715317], [-91.615635, 18.714656], [-91.615523, 18.714407], [-91.615296, 18.714074], [-91.615072, 18.713576], [-91.614733, 18.712993], [-91.614393, 18.712493], [-91.614281, 18.712244], [-91.614055, 18.711911], [-91.613832, 18.71133], [-91.613265, 18.710497], [-91.612811, 18.709831], [-91.612702, 18.709416], [-91.612709, 18.708921], [-91.612602, 18.708342], [-91.612725, 18.707848], [-91.612961, 18.70752], [-91.613428, 18.707278], [-91.613894, 18.707036], [-91.614244, 18.706876], [-91.614825, 18.706718], [-91.615059, 18.706555], [-91.615522, 18.706561], [-91.615989, 18.706319], [-91.616336, 18.706324], [-91.616799, 18.706329], [-91.617253, 18.706913], [-91.617367, 18.70708], [-91.617824, 18.707498], [-91.618049, 18.707914], [-91.618164, 18.707998], [-91.618623, 18.708252], [-91.619087, 18.708175], [-91.619093, 18.707762], [-91.618867, 18.707429], [-91.618756, 18.707097], [-91.618644, 18.706848], [-91.618533, 18.706516], [-91.618884, 18.706273], [-91.619003, 18.706027], [-91.618774, 18.705859], [-91.617967, 18.705601], [-91.617273, 18.705592], [-91.61623, 18.705662], [-91.615649, 18.705819], [-91.614954, 18.705811], [-91.61426, 18.705802], [-91.613795, 18.705879], [-91.613216, 18.705954], [-91.612991, 18.705456], [-91.613455, 18.705379], [-91.614037, 18.705221], [-91.614388, 18.704978], [-91.61474, 18.704652], [-91.615211, 18.70408], [-91.615561, 18.703919], [-91.616029, 18.703594], [-91.616498, 18.703187], [-91.617082, 18.702782], [-91.617319, 18.702454], [-91.617672, 18.702046], [-91.618141, 18.701639], [-91.618728, 18.701068], [-91.619199, 18.700496], [-91.619667, 18.700171], [-91.620251, 18.699848], [-91.620605, 18.699357], [-91.620959, 18.698949], [-91.621546, 18.698378], [-91.6219, 18.697887], [-91.622368, 18.697562], [-91.622954, 18.697074], [-91.62354, 18.696586], [-91.624125, 18.69618], [-91.62506, 18.695531], [-91.625762, 18.695044], [-91.626579, 18.694559], [-91.626931, 18.694233], [-91.627516, 18.693827], [-91.628218, 18.69334], [-91.628683, 18.693181], [-91.629498, 18.692861], [-91.630197, 18.692539], [-91.630781, 18.692216], [-91.631364, 18.691893], [-91.631833, 18.691486], [-91.632764, 18.691167], [-91.633355, 18.690349], [-91.633939, 18.689943], [-91.634642, 18.689374], [-91.635228, 18.688885], [-91.635464, 18.688558], [-91.635817, 18.688149], [-91.636169, 18.687823], [-91.636641, 18.687251], [-91.636994, 18.686843], [-91.637346, 18.686517], [-91.637699, 18.686108], [-91.637701, 18.685943], [-91.637938, 18.685615], [-91.638291, 18.685207], [-91.63841, 18.684961], [-91.638763, 18.684552], [-91.639001, 18.684142], [-91.639237, 18.683815], [-91.639347, 18.684229], [-91.639572, 18.684645], [-91.639682, 18.685059], [-91.639677, 18.685389], [-91.639904, 18.685722], [-91.640128, 18.686221], [-91.640357, 18.686389], [-91.640472, 18.686473], [-91.6407, 18.686723], [-91.64093, 18.686809], [-91.641276, 18.686896], [-91.64139, 18.687062], [-91.641386, 18.68731], [-91.641153, 18.68739], [-91.641035, 18.687553], [-91.640918, 18.687634], [-91.640687, 18.687632], [-91.640454, 18.687711], [-91.640453, 18.687794], [-91.64045, 18.687959], [-91.640449, 18.688042], [-91.640676, 18.688375], [-91.640324, 18.688701], [-91.640208, 18.688699], [-91.639976, 18.688779], [-91.639859, 18.68886], [-91.63951, 18.688938], [-91.639161, 18.689099], [-91.639043, 18.689263], [-91.63927, 18.689514], [-91.639501, 18.689599], [-91.639732, 18.689602], [-91.639965, 18.689522], [-91.640195, 18.689608], [-91.640544, 18.689529], [-91.640774, 18.689615], [-91.641005, 18.689618], [-91.641467, 18.689706], [-91.642043, 18.689878], [-91.642966, 18.690137], [-91.643188, 18.690801], [-91.643184, 18.691049], [-91.64318, 18.691296], [-91.64306, 18.691625], [-91.642936, 18.692202], [-91.642697, 18.692694], [-91.642694, 18.692942], [-91.642688, 18.693355], [-91.643033, 18.693524], [-91.64338, 18.693529], [-91.643612, 18.693449], [-91.643846, 18.693287], [-91.64385, 18.693039], [-91.643853, 18.692791], [-91.64374, 18.692625], [-91.643743, 18.69246], [-91.643747, 18.692129], [-91.643869, 18.691718], [-91.643986, 18.691637], [-91.644223, 18.691227], [-91.644457, 18.691064], [-91.645037, 18.690989], [-91.645495, 18.691325], [-91.645609, 18.691492], [-91.646185, 18.691664], [-91.646764, 18.691671], [-91.647111, 18.691675], [-91.647921, 18.691685], [-91.648383, 18.691774], [-91.648957, 18.692111], [-91.649533, 18.692283], [-91.650226, 18.692374], [-91.650686, 18.692628], [-91.651262, 18.6928], [-91.651607, 18.69297], [-91.651953, 18.693057], [-91.652414, 18.693227], [-91.652877, 18.693233], [-91.652999, 18.692739], [-91.653233, 18.692577], [-91.653236, 18.692412], [-91.653244, 18.691834], [-91.653248, 18.691586], [-91.653134, 18.691419], [-91.653021, 18.691253], [-91.652793, 18.691002], [-91.652447, 18.690915], [-91.652217, 18.69083], [-91.65176, 18.690411], [-91.651533, 18.690078], [-91.651189, 18.689826], [-91.65096, 18.689658], [-91.650618, 18.689324], [-91.650273, 18.689154], [-91.649929, 18.688902], [-91.649817, 18.688653], [-91.64959, 18.68832], [-91.649364, 18.687987], [-91.64902, 18.687735], [-91.64879, 18.687649], [-91.648447, 18.687315], [-91.647988, 18.687061], [-91.647527, 18.68689], [-91.647182, 18.686721], [-91.646838, 18.686551], [-91.646378, 18.686298], [-91.646033, 18.686129], [-91.645573, 18.685958], [-91.644998, 18.685703], [-91.644421, 18.68553], [-91.64396, 18.685442], [-91.643499, 18.685271], [-91.643153, 18.685184], [-91.642808, 18.685015], [-91.642461, 18.685011], [-91.64223, 18.685008], [-91.642342, 18.685257], [-91.642454, 18.685506], [-91.64245, 18.685754], [-91.642216, 18.685916], [-91.641753, 18.68591], [-91.641409, 18.685741], [-91.641296, 18.685492], [-91.64107, 18.685159], [-91.640843, 18.684825], [-91.640616, 18.684492], [-91.640503, 18.684326], [-91.640391, 18.684077], [-91.640397, 18.683664], [-91.640402, 18.683333], [-91.640406, 18.683003], [-91.640528, 18.682592], [-91.640647, 18.682345], [-91.640882, 18.682101], [-91.641234, 18.681775], [-91.641932, 18.681535], [-91.642166, 18.681373], [-91.64263, 18.681296], [-91.642979, 18.681218], [-91.643327, 18.68114], [-91.643449, 18.680728], [-91.643683, 18.680566], [-91.643801, 18.680402], [-91.644037, 18.680075], [-91.644156, 18.679829], [-91.644512, 18.679255], [-91.644863, 18.679011], [-91.645098, 18.678767], [-91.645335, 18.678357], [-91.645687, 18.678031], [-91.645921, 18.677868], [-91.646157, 18.677541], [-91.646507, 18.67738], [-91.646855, 18.677302], [-91.647088, 18.677222], [-91.64721, 18.676811], [-91.647212, 18.676645], [-91.647332, 18.676317], [-91.647336, 18.676069], [-91.647343, 18.675573], [-91.647691, 18.675495], [-91.648042, 18.675252], [-91.648046, 18.675004], [-91.64828, 18.674842], [-91.648514, 18.674679], [-91.648632, 18.674516], [-91.648981, 18.674355], [-91.649333, 18.674029], [-91.649568, 18.673784], [-91.649803, 18.673539], [-91.650154, 18.673296], [-91.650382, 18.673546], [-91.650495, 18.673713], [-91.650838, 18.674047], [-91.651184, 18.674134], [-91.651761, 18.674224], [-91.651652, 18.673727], [-91.65154, 18.673478], [-91.651544, 18.67323], [-91.651432, 18.672981], [-91.65144, 18.672403], [-91.651675, 18.672158], [-91.651904, 18.672326], [-91.652132, 18.672577], [-91.652243, 18.672908], [-91.652361, 18.672745], [-91.652825, 18.672668], [-91.653299, 18.67193], [-91.653419, 18.671601], [-91.653886, 18.671359], [-91.654235, 18.671198], [-91.654586, 18.670955], [-91.655053, 18.670713], [-91.655288, 18.670468], [-91.655524, 18.670141], [-91.655991, 18.669816], [-91.656226, 18.669571], [-91.656812, 18.669083], [-91.65728, 18.668758], [-91.657979, 18.668437], [-91.65868, 18.66795], [-91.659149, 18.667542], [-91.659731, 18.667302], [-91.660083, 18.666976], [-91.660668, 18.66657], [-91.661137, 18.666163], [-91.661486, 18.666002], [-91.661951, 18.665842], [-91.662418, 18.6656], [-91.662767, 18.665439], [-91.663235, 18.665115], [-91.663239, 18.664867], [-91.663129, 18.664453], [-91.663014, 18.664369], [-91.662901, 18.664202], [-91.662788, 18.664036], [-91.662791, 18.663788], [-91.663144, 18.663379], [-91.663843, 18.663058], [-91.664654, 18.662985], [-91.665234, 18.662909], [-91.665931, 18.662753], [-91.666625, 18.662761], [-91.667198, 18.663181], [-91.667775, 18.663271], [-91.66847, 18.663279], [-91.668931, 18.663368], [-91.669387, 18.663869], [-91.669613, 18.664284], [-91.669836, 18.664865], [-91.669831, 18.665196], [-91.670171, 18.665695], [-91.670284, 18.665944], [-91.67051, 18.666278], [-91.670619, 18.666774], [-91.670843, 18.667273], [-91.671415, 18.667775], [-91.672108, 18.667866], [-91.672919, 18.667794], [-91.673148, 18.667962], [-91.673375, 18.668295], [-91.673369, 18.668708], [-91.673594, 18.669206], [-91.673935, 18.669623], [-91.674396, 18.669794], [-91.674856, 18.669965], [-91.675663, 18.670222], [-91.676122, 18.670476], [-91.676698, 18.670648], [-91.677393, 18.670656], [-91.678204, 18.670584], [-91.67855, 18.67067], [-91.678891, 18.671087], [-91.679347, 18.671589], [-91.679456, 18.672085], [-91.67945, 18.672498], [-91.67956, 18.672913], [-91.679556, 18.67316], [-91.679203, 18.673569], [-91.678737, 18.673811], [-91.678269, 18.674136], [-91.677457, 18.674291], [-91.676987, 18.674781], [-91.676402, 18.675187], [-91.676164, 18.675679], [-91.675696, 18.676004], [-91.675343, 18.676413], [-91.674991, 18.676739], [-91.674397, 18.677805], [-91.674276, 18.678216], [-91.673922, 18.678625], [-91.673685, 18.679035], [-91.673448, 18.679445], [-91.672863, 18.679851], [-91.672165, 18.68009], [-91.671817, 18.680169], [-91.671236, 18.680327], [-91.670887, 18.680405], [-91.670193, 18.680397], [-91.66996, 18.680476], [-91.669497, 18.680471], [-91.669153, 18.680301], [-91.668687, 18.680461], [-91.667989, 18.6807], [-91.667406, 18.681023], [-91.666823, 18.681346], [-91.666355, 18.681671], [-91.665655, 18.682075], [-91.664952, 18.682645], [-91.664252, 18.683049], [-91.663901, 18.683293], [-91.66355, 18.683536], [-91.663314, 18.683864], [-91.663306, 18.684442], [-91.663298, 18.684937], [-91.663405, 18.685599], [-91.663512, 18.686179], [-91.663622, 18.686593], [-91.663734, 18.686842], [-91.663844, 18.687256], [-91.663837, 18.687752], [-91.663368, 18.688159], [-91.662894, 18.688896], [-91.662661, 18.689059], [-91.662306, 18.68955], [-91.661953, 18.689959], [-91.661487, 18.690201], [-91.661133, 18.690609], [-91.661013, 18.690938], [-91.660663, 18.691099], [-91.660432, 18.691096], [-91.659735, 18.691253], [-91.659502, 18.691332], [-91.65927, 18.691412], [-91.658922, 18.691408], [-91.658919, 18.691656], [-91.659147, 18.691906], [-91.659143, 18.692154], [-91.658911, 18.692234], [-91.658794, 18.692315], [-91.658788, 18.692728], [-91.659019, 18.692731], [-91.659251, 18.692733], [-91.660065, 18.692496], [-91.660413, 18.692417], [-91.660536, 18.691923], [-91.660884, 18.691845], [-91.661234, 18.691684], [-91.661585, 18.691441], [-91.662055, 18.690951], [-91.66229, 18.690706], [-91.662757, 18.690381], [-91.662995, 18.689971], [-91.663232, 18.689561], [-91.663583, 18.689318], [-91.664049, 18.689076], [-91.664403, 18.688667], [-91.664638, 18.688422], [-91.664877, 18.687847], [-91.664883, 18.687434], [-91.66477, 18.687268], [-91.664659, 18.686936], [-91.664665, 18.686523], [-91.664783, 18.686359], [-91.66513, 18.686364], [-91.665245, 18.686448], [-91.665587, 18.686782], [-91.666166, 18.686789], [-91.666403, 18.686379], [-91.666174, 18.686211], [-91.665717, 18.685793], [-91.665601, 18.685791], [-91.665142, 18.685538], [-91.664798, 18.685286], [-91.664685, 18.685119], [-91.664688, 18.684872], [-91.664698, 18.684211], [-91.664583, 18.684127], [-91.664703, 18.683881], [-91.665055, 18.683555], [-91.66529, 18.68331], [-91.665761, 18.682737], [-91.666343, 18.682497], [-91.666576, 18.682417], [-91.66716, 18.682011], [-91.66774, 18.681936], [-91.668437, 18.681779], [-91.668901, 18.681702], [-91.669828, 18.681631], [-91.670409, 18.681473], [-91.671339, 18.681236], [-91.671918, 18.681161], [-91.672264, 18.681248], [-91.672845, 18.68109], [-91.673425, 18.681014], [-91.673662, 18.680687], [-91.674132, 18.680197], [-91.674481, 18.680036], [-91.674717, 18.679708], [-91.674955, 18.679298], [-91.675192, 18.678888], [-91.675198, 18.678476], [-91.675551, 18.678067], [-91.675671, 18.677738], [-91.676141, 18.677248], [-91.67661, 18.676841], [-91.676961, 18.676597], [-91.677198, 18.676187], [-91.677667, 18.67578], [-91.678019, 18.675454], [-91.678485, 18.675212], [-91.678952, 18.67497], [-91.679301, 18.674809], [-91.680232, 18.67449], [-91.680812, 18.674414], [-91.681274, 18.674503], [-91.681732, 18.674839], [-91.682075, 18.675091], [-91.682303, 18.675341], [-91.682301, 18.675506], [-91.682756, 18.67609], [-91.682749, 18.676585], [-91.68251, 18.677078], [-91.682157, 18.677487], [-91.681575, 18.677727], [-91.680875, 18.678132], [-91.680635, 18.678707], [-91.680511, 18.679284], [-91.680499, 18.680109], [-91.680374, 18.680769], [-91.68025, 18.681345], [-91.680473, 18.681926], [-91.680463, 18.682669], [-91.680452, 18.683412], [-91.680326, 18.684154], [-91.680314, 18.68498], [-91.680186, 18.685887], [-91.680064, 18.686298], [-91.67959, 18.687036], [-91.679231, 18.687857], [-91.678993, 18.68835], [-91.678405, 18.689004], [-91.677471, 18.68957], [-91.676886, 18.689976], [-91.67607, 18.690379], [-91.675024, 18.690697], [-91.674559, 18.690774], [-91.673864, 18.690848], [-91.673049, 18.691168], [-91.672698, 18.691412], [-91.671882, 18.691815], [-91.671531, 18.692058], [-91.670948, 18.692381], [-91.670251, 18.692538], [-91.669785, 18.69278], [-91.668857, 18.692851], [-91.668275, 18.693092], [-91.667576, 18.693414], [-91.667219, 18.69407], [-91.667096, 18.694564], [-91.666859, 18.694974], [-91.666504, 18.695548], [-91.665687, 18.695951], [-91.66522, 18.696275], [-91.664402, 18.696761], [-91.663473, 18.696997], [-91.662892, 18.697155], [-91.662196, 18.697229], [-91.661384, 18.697385], [-91.660687, 18.697541], [-91.660107, 18.697617], [-91.659181, 18.697605], [-91.658601, 18.697681], [-91.658022, 18.697674], [-91.657676, 18.697587], [-91.657097, 18.69758], [-91.656402, 18.697654], [-91.655938, 18.697731], [-91.655356, 18.697889], [-91.65489, 18.698131], [-91.654193, 18.698287], [-91.653845, 18.698366], [-91.653494, 18.698609], [-91.653026, 18.698934], [-91.652675, 18.699177], [-91.652211, 18.699254], [-91.651981, 18.699168], [-91.651636, 18.698999], [-91.651174, 18.698911], [-91.650598, 18.698738], [-91.649906, 18.698565], [-91.649443, 18.698559], [-91.648748, 18.69855], [-91.647704, 18.698703], [-91.64689, 18.69894], [-91.645843, 18.69934], [-91.645838, 18.699671], [-91.645599, 18.700163], [-91.645474, 18.700822], [-91.645118, 18.701396], [-91.644877, 18.702054], [-91.644873, 18.702384], [-91.64475, 18.702878], [-91.644509, 18.703536], [-91.644264, 18.704441], [-91.64414, 18.705018], [-91.643782, 18.705757], [-91.643543, 18.706249], [-91.643418, 18.706909], [-91.643412, 18.707321], [-91.643293, 18.707568], [-91.642708, 18.707973], [-91.642127, 18.708131], [-91.641315, 18.708204], [-91.640389, 18.708192], [-91.639697, 18.708019], [-91.639121, 18.707846], [-91.638775, 18.70776], [-91.638085, 18.707421], [-91.637511, 18.707083], [-91.637053, 18.706747], [-91.636479, 18.70641], [-91.636019, 18.706156], [-91.635447, 18.705736], [-91.634873, 18.705399], [-91.634529, 18.705147], [-91.633838, 18.70489], [-91.632911, 18.704961], [-91.63256, 18.705205], [-91.632204, 18.705778], [-91.632777, 18.706198], [-91.633583, 18.706539], [-91.634161, 18.706546], [-91.634855, 18.706637], [-91.635318, 18.706643], [-91.636122, 18.707066], [-91.63658, 18.707402], [-91.636923, 18.707737], [-91.637495, 18.708157], [-91.637953, 18.708575], [-91.638757, 18.708998], [-91.63991, 18.709343], [-91.640603, 18.709434], [-91.641525, 18.709693], [-91.642104, 18.7097], [-91.642686, 18.70946], [-91.642924, 18.70905], [-91.643394, 18.70856], [-91.643861, 18.708318], [-91.644677, 18.707915], [-91.644913, 18.707588], [-91.645152, 18.707095], [-91.645157, 18.706765], [-91.64528, 18.706271], [-91.645518, 18.705778], [-91.645641, 18.705284], [-91.645648, 18.704789], [-91.645888, 18.704214], [-91.646015, 18.703472], [-91.646134, 18.703226], [-91.646492, 18.702487], [-91.646729, 18.702077], [-91.647199, 18.701587], [-91.647783, 18.701264], [-91.648018, 18.701019], [-91.648486, 18.700694], [-91.648839, 18.700286], [-91.649419, 18.70021], [-91.650001, 18.69997], [-91.650584, 18.699729], [-91.651161, 18.699819], [-91.65162, 18.700072], [-91.651848, 18.700323], [-91.652425, 18.700495], [-91.65289, 18.700336], [-91.653821, 18.700017], [-91.653823, 18.699852], [-91.65429, 18.69961], [-91.654871, 18.699452], [-91.655682, 18.699379], [-91.656491, 18.699472], [-91.656957, 18.699312], [-91.657537, 18.699237], [-91.658118, 18.699079], [-91.658698, 18.699003], [-91.659278, 18.698928], [-91.659976, 18.698689], [-91.660554, 18.698696], [-91.661135, 18.698538], [-91.6616, 18.698461], [-91.662298, 18.698222], [-91.662415, 18.698141], [-91.662763, 18.698062], [-91.663345, 18.697822], [-91.663809, 18.697745], [-91.664158, 18.697666], [-91.664856, 18.697427], [-91.665206, 18.697266], [-91.665788, 18.697026], [-91.666254, 18.696784], [-91.666838, 18.69646], [-91.667304, 18.696218], [-91.667539, 18.695973], [-91.668124, 18.695568], [-91.668478, 18.695076], [-91.668828, 18.694916], [-91.669181, 18.694507], [-91.669883, 18.69402], [-91.670116, 18.693858], [-91.670351, 18.693613], [-91.670817, 18.693453], [-91.671746, 18.693217], [-91.672676, 18.69298], [-91.673259, 18.692657], [-91.673958, 18.692335], [-91.674773, 18.692015], [-91.67547, 18.691858], [-91.676168, 18.691619], [-91.676984, 18.691216], [-91.677684, 18.690812], [-91.678617, 18.690328], [-91.679315, 18.690088], [-91.679783, 18.689764], [-91.680135, 18.689438], [-91.680604, 18.68903], [-91.680956, 18.688704], [-91.681079, 18.68821], [-91.681083, 18.68788], [-91.681321, 18.68747], [-91.681327, 18.687057], [-91.681218, 18.68656], [-91.681225, 18.686065], [-91.68123, 18.685734], [-91.681241, 18.684909], [-91.681365, 18.684332], [-91.681371, 18.683919], [-91.681612, 18.683261], [-91.681731, 18.683015], [-91.681625, 18.682353], [-91.68186, 18.682108], [-91.68198, 18.681779], [-91.68199, 18.681119], [-91.682226, 18.680791], [-91.682228, 18.680626], [-91.682232, 18.680378], [-91.682122, 18.679964], [-91.682127, 18.679634], [-91.682246, 18.679387], [-91.682251, 18.679057], [-91.682255, 18.678727], [-91.682373, 18.678563], [-91.682606, 18.678483], [-91.683067, 18.678654], [-91.683408, 18.679071], [-91.683632, 18.679569], [-91.683628, 18.6799], [-91.683622, 18.680312], [-91.68373, 18.680809], [-91.684067, 18.681557], [-91.684289, 18.68222], [-91.684398, 18.682717], [-91.684738, 18.683217], [-91.684964, 18.683632], [-91.685075, 18.683964], [-91.685182, 18.684544], [-91.685292, 18.684958], [-91.68563, 18.685623], [-91.685851, 18.686369], [-91.686075, 18.686867], [-91.686183, 18.687446], [-91.686293, 18.687861], [-91.686632, 18.688443], [-91.686741, 18.68894], [-91.687074, 18.689935], [-91.687182, 18.690432], [-91.687407, 18.69093], [-91.687749, 18.691264], [-91.688086, 18.692012], [-91.688536, 18.692926], [-91.688643, 18.693588], [-91.688754, 18.69392], [-91.689094, 18.694419], [-91.689438, 18.694671], [-91.689546, 18.695168], [-91.689773, 18.695501], [-91.690114, 18.695918], [-91.690456, 18.696335], [-91.690797, 18.696752], [-91.691023, 18.697168], [-91.691365, 18.697503], [-91.691821, 18.698004], [-91.692047, 18.698419], [-91.692504, 18.698838], [-91.692846, 18.699255], [-91.693304, 18.699591], [-91.693651, 18.699595], [-91.693539, 18.699346], [-91.693542, 18.699098], [-91.693317, 18.698683], [-91.693207, 18.698268], [-91.692978, 18.6981], [-91.692867, 18.697769], [-91.692757, 18.697354], [-91.692759, 18.697189], [-91.692765, 18.696776], [-91.69311, 18.696946], [-91.693224, 18.69703], [-91.693339, 18.697114], [-91.693686, 18.697118], [-91.694035, 18.697039], [-91.694269, 18.696877], [-91.694272, 18.696629], [-91.693811, 18.696459], [-91.69324, 18.695956], [-91.693126, 18.69579], [-91.692901, 18.695374], [-91.692788, 18.695125], [-91.692563, 18.694709], [-91.692221, 18.694292], [-91.691996, 18.693876], [-91.691772, 18.693295], [-91.691662, 18.692881], [-91.691665, 18.692716], [-91.691786, 18.692305], [-91.692249, 18.69231], [-91.692712, 18.692316], [-91.693984, 18.692414], [-91.695025, 18.692509], [-91.69537, 18.692678], [-91.695835, 18.692519], [-91.696413, 18.692608], [-91.696996, 18.692285], [-91.697464, 18.69196], [-91.698166, 18.691391], [-91.698865, 18.691069], [-91.699567, 18.690582], [-91.700035, 18.690257], [-91.700618, 18.689934], [-91.701318, 18.689529], [-91.701788, 18.689039], [-91.702485, 18.688882], [-91.703068, 18.688559], [-91.704343, 18.688492], [-91.705502, 18.688341], [-91.706199, 18.688184], [-91.706777, 18.688273], [-91.707353, 18.688446], [-91.707929, 18.688618], [-91.708391, 18.688706], [-91.708736, 18.688875], [-91.708729, 18.689371], [-91.708839, 18.689785], [-91.709065, 18.690201], [-91.709525, 18.690371], [-91.709991, 18.690212], [-91.710341, 18.689968], [-91.710695, 18.689559], [-91.710933, 18.689067], [-91.710821, 18.688818], [-91.71036, 18.688647], [-91.710131, 18.688479], [-91.709669, 18.688391], [-91.709206, 18.688385], [-91.708629, 18.688296], [-91.708284, 18.688126], [-91.707824, 18.687873], [-91.707479, 18.687704], [-91.706903, 18.687532], [-91.706442, 18.687361], [-91.70598, 18.687273], [-91.705519, 18.687185], [-91.704935, 18.687508], [-91.704586, 18.687669], [-91.704237, 18.687747], [-91.703309, 18.687901], [-91.702613, 18.687976], [-91.701802, 18.688048], [-91.701336, 18.68829], [-91.700514, 18.689106], [-91.69993, 18.68943], [-91.699347, 18.689753], [-91.698876, 18.690326], [-91.698642, 18.690488], [-91.698291, 18.690731], [-91.697942, 18.690892], [-91.697362, 18.690968], [-91.696663, 18.69129], [-91.695849, 18.691528], [-91.695039, 18.691518], [-91.694344, 18.69151], [-91.693534, 18.6915], [-91.692843, 18.691244], [-91.692383, 18.691073], [-91.691689, 18.690982], [-91.691343, 18.690895], [-91.690769, 18.690558], [-91.690194, 18.690303], [-91.68974, 18.689637], [-91.689399, 18.68922], [-91.68906, 18.688638], [-91.688836, 18.688139], [-91.688493, 18.687805], [-91.688153, 18.687305], [-91.68793, 18.686724], [-91.687939, 18.686064], [-91.687824, 18.68598], [-91.687601, 18.685399], [-91.687725, 18.684822], [-91.687848, 18.684328], [-91.688437, 18.683592], [-91.68879, 18.683183], [-91.689141, 18.68294], [-91.689606, 18.68278], [-91.690185, 18.682787], [-91.690765, 18.682712], [-91.691693, 18.682558], [-91.692391, 18.682318], [-91.692856, 18.682159], [-91.693325, 18.681752], [-91.693795, 18.681262], [-91.69426, 18.681102], [-91.694731, 18.68053], [-91.694971, 18.679955], [-91.695095, 18.679378], [-91.695332, 18.678968], [-91.695568, 18.67864], [-91.696037, 18.678233], [-91.696161, 18.677656], [-91.696514, 18.677248], [-91.696636, 18.676836], [-91.696992, 18.67618], [-91.697114, 18.675768], [-91.697119, 18.675355], [-91.697128, 18.674777], [-91.697138, 18.674034], [-91.697375, 18.673624], [-91.697612, 18.673297], [-91.69785, 18.672804], [-91.698203, 18.672395], [-91.698555, 18.672069], [-91.69891, 18.671495], [-91.699264, 18.671004], [-91.699387, 18.67051], [-91.699739, 18.670184], [-91.700092, 18.669775], [-91.700445, 18.669367], [-91.700569, 18.66879], [-91.70069, 18.668378], [-91.701159, 18.667971], [-91.701511, 18.667645], [-91.701746, 18.6674], [-91.702218, 18.666745], [-91.702452, 18.666583], [-91.70315, 18.666343], [-91.70385, 18.665939], [-91.704429, 18.665946], [-91.705006, 18.666035], [-91.705586, 18.66596], [-91.706288, 18.66539], [-91.70687, 18.665149], [-91.707218, 18.665153], [-91.707682, 18.665076], [-91.708256, 18.665414], [-91.708831, 18.665668], [-91.709642, 18.665596], [-91.710222, 18.66552], [-91.710917, 18.665446], [-91.711383, 18.665286], [-91.711848, 18.665126], [-91.712201, 18.664718], [-91.712319, 18.664554], [-91.712439, 18.664225], [-91.712442, 18.66406], [-91.712447, 18.663647], [-91.712568, 18.663318], [-91.712689, 18.662907], [-91.712815, 18.662165], [-91.712938, 18.661671], [-91.712943, 18.66134], [-91.713069, 18.660599], [-91.712969, 18.659441], [-91.712864, 18.658697], [-91.712871, 18.658201], [-91.713112, 18.657543], [-91.713577, 18.657384], [-91.714162, 18.656895], [-91.714403, 18.656237], [-91.714409, 18.655824], [-91.71465, 18.655167], [-91.714771, 18.654755], [-91.714893, 18.654344], [-91.71513, 18.653933], [-91.715365, 18.653689], [-91.715601, 18.653361], [-91.715949, 18.653283], [-91.716297, 18.653204], [-91.716761, 18.653127], [-91.717228, 18.652885], [-91.717926, 18.652645], [-91.718274, 18.652567], [-91.718854, 18.652491], [-91.719318, 18.652414], [-91.719897, 18.652339], [-91.720243, 18.652425], [-91.720586, 18.65276], [-91.720927, 18.653177], [-91.721266, 18.653759], [-91.721604, 18.654424], [-91.722058, 18.65509], [-91.722397, 18.655672], [-91.722734, 18.65642], [-91.723192, 18.656755], [-91.723648, 18.657256], [-91.72399, 18.657673], [-91.724445, 18.658174], [-91.724787, 18.658591], [-91.725128, 18.659008], [-91.725587, 18.659344], [-91.726162, 18.659599], [-91.726857, 18.659525], [-91.727553, 18.65945], [-91.728132, 18.659375], [-91.728827, 18.659383], [-91.729522, 18.659309], [-91.729986, 18.659232], [-91.730796, 18.659241], [-91.731145, 18.659163], [-91.731725, 18.659087], [-91.732305, 18.658929], [-91.733001, 18.658854], [-91.733467, 18.658612], [-91.734282, 18.658292], [-91.734749, 18.657967], [-91.735336, 18.657396], [-91.735805, 18.656988], [-91.736156, 18.656662], [-91.736624, 18.656337], [-91.736974, 18.656094], [-91.737208, 18.655931], [-91.737445, 18.655521], [-91.737799, 18.65503], [-91.737804, 18.654699], [-91.738271, 18.654374], [-91.738621, 18.654213], [-91.738854, 18.654134], [-91.739316, 18.654139], [-91.739548, 18.654142], [-91.739896, 18.654063], [-91.740364, 18.653739], [-91.740833, 18.653249], [-91.741184, 18.653005], [-91.741769, 18.652516], [-91.742237, 18.652191], [-91.742937, 18.651787], [-91.743403, 18.651545], [-91.743873, 18.651055], [-91.744458, 18.650566], [-91.744693, 18.650321], [-91.744811, 18.650157], [-91.745282, 18.649585], [-91.746097, 18.649264], [-91.746445, 18.649185], [-91.746911, 18.648943], [-91.747264, 18.648534], [-91.747615, 18.648291], [-91.748082, 18.647966], [-91.748551, 18.647558], [-91.749252, 18.647071], [-91.749487, 18.646826], [-91.75007, 18.646503], [-91.750655, 18.646014], [-91.751354, 18.645692], [-91.751936, 18.645451], [-91.752752, 18.645048], [-91.753101, 18.644887], [-91.753915, 18.644648], [-91.754499, 18.644242], [-91.755082, 18.643919], [-91.755315, 18.643839], [-91.755664, 18.643678], [-91.75613, 18.643436], [-91.756711, 18.643277], [-91.75741, 18.642955], [-91.757876, 18.642713], [-91.758341, 18.642553], [-91.758806, 18.642393], [-91.75904, 18.642231], [-91.759624, 18.641825], [-91.759859, 18.64158], [-91.760327, 18.641255], [-91.760793, 18.641013], [-91.761375, 18.640772], [-91.761608, 18.640609], [-91.762074, 18.640449], [-91.76254, 18.640207], [-91.762889, 18.640046], [-91.763238, 18.639967], [-91.763704, 18.639725], [-91.764401, 18.639486], [-91.764983, 18.639245], [-91.765333, 18.639084], [-91.76603, 18.638844], [-91.766263, 18.638764], [-91.766728, 18.638604], [-91.766963, 18.638359], [-91.767197, 18.638197], [-91.767429, 18.638117], [-91.767664, 18.637872], [-91.768363, 18.63755], [-91.768712, 18.637389], [-91.76845, 18.642069], [-91.764856, 18.643894], [-91.762643, 18.647054], [-91.760024, 18.649472], [-91.756594, 18.65058], [-91.753016, 18.653297], [-91.747808, 18.654132], [-91.7455, 18.657726], [-91.743445, 18.657974], [-91.743488, 18.658409], [-91.74577, 18.65825], [-91.747895, 18.654654], [-91.753423, 18.653778], [-91.756773, 18.651104], [-91.760295, 18.649952], [-91.763142, 18.647405], [-91.765125, 18.644504], [-91.768952, 18.642116], [-91.769293, 18.63723], [-91.771742, 18.63676], [-91.775176, 18.636101], [-91.777673, 18.635921], [-91.778511, 18.637385], [-91.77798, 18.637577], [-91.777034, 18.637919], [-91.77605, 18.638276], [-91.776001, 18.638301], [-91.775979, 18.638251], [-91.775939, 18.638174], [-91.775873, 18.638201], [-91.775748, 18.638252], [-91.775437, 18.638402], [-91.775208, 18.6385], [-91.77492, 18.638624], [-91.774613, 18.638773], [-91.774375, 18.638886], [-91.774091, 18.639014], [-91.775619, 18.642537], [-91.775404, 18.642638], [-91.775316, 18.642684], [-91.775163, 18.642765], [-91.77503, 18.642835], [-91.774675, 18.643008], [-91.773577, 18.643533], [-91.774217, 18.645198], [-91.774332, 18.645499], [-91.774415, 18.645715], [-91.774465, 18.645862], [-91.774625, 18.646331], [-91.774831, 18.64694], [-91.774883, 18.647095], [-91.773625, 18.647407], [-91.773523, 18.647084], [-91.77338, 18.646633], [-91.773239, 18.646187], [-91.773207, 18.646088], [-91.772721, 18.644439], [-91.7727, 18.644366], [-91.772612, 18.644218], [-91.772126, 18.643896], [-91.77145, 18.64345], [-91.771328, 18.643425], [-91.771201, 18.643509], [-91.770336, 18.644756], [-91.770028, 18.645201], [-91.769996, 18.645246], [-91.769444, 18.646043], [-91.769357, 18.64612], [-91.769214, 18.64617], [-91.768741, 18.646298], [-91.768649, 18.646371], [-91.768639, 18.646469], [-91.766971, 18.646919], [-91.766692, 18.64741], [-91.766786, 18.647534], [-91.766768, 18.647649], [-91.766689, 18.647755], [-91.766611, 18.647886], [-91.766574, 18.647996], [-91.766717, 18.648179], [-91.766845, 18.64839], [-91.766973, 18.648584], [-91.767297, 18.648401], [-91.767425, 18.64855], [-91.767648, 18.649271], [-91.767746, 18.649588], [-91.768411, 18.65182], [-91.768663, 18.652202], [-91.768837, 18.652528], [-91.769021, 18.652824], [-91.769206, 18.65314], [-91.769402, 18.653462], [-91.768278, 18.654137], [-91.768073, 18.653815], [-91.767879, 18.653501], [-91.767682, 18.653189], [-91.76749, 18.65286], [-91.767265, 18.652519], [-91.76695, 18.652718], [-91.76582, 18.651005], [-91.76549, 18.650506], [-91.765363, 18.650313], [-91.765157, 18.650001], [-91.764914, 18.649673], [-91.764824, 18.649547], [-91.764453, 18.650381], [-91.760579, 18.657532], [-91.763455, 18.661641], [-91.7643, 18.662848], [-91.763685, 18.66301], [-91.7638, 18.663158], [-91.764775, 18.664407], [-91.764903, 18.664578], [-91.765705, 18.665656], [-91.766341, 18.6664], [-91.767547, 18.668071], [-91.770083, 18.671585], [-91.770379, 18.671996], [-91.769619, 18.672583], [-91.768806, 18.672822], [-91.768104, 18.673309], [-91.767522, 18.67355], [-91.766943, 18.673626], [-91.766244, 18.673948], [-91.765547, 18.674105], [-91.764851, 18.674179], [-91.763919, 18.674664], [-91.762873, 18.674982], [-91.762061, 18.675055], [-91.761368, 18.674965], [-91.760552, 18.675368], [-91.759857, 18.675442], [-91.759045, 18.675515], [-91.758346, 18.675838], [-91.756829, 18.676728], [-91.755782, 18.677129], [-91.754856, 18.677118], [-91.753695, 18.677352], [-91.75265, 18.677588], [-91.751491, 18.677739], [-91.750444, 18.678057], [-91.749866, 18.67805], [-91.749052, 18.678288], [-91.748237, 18.678609], [-91.747308, 18.678846], [-91.746378, 18.679165], [-91.745562, 18.679569], [-91.744516, 18.679887], [-91.743472, 18.680039], [-91.742194, 18.680355], [-91.741148, 18.680673], [-91.7401, 18.681073], [-91.739169, 18.681475], [-91.738239, 18.681712], [-91.737307, 18.682196], [-91.736724, 18.682437], [-91.73591, 18.682758], [-91.734633, 18.68299], [-91.733356, 18.683223], [-91.732427, 18.68346], [-91.731498, 18.683696], [-91.730449, 18.68418], [-91.729634, 18.6845], [-91.728699, 18.68515], [-91.72765, 18.685715], [-91.726718, 18.686117], [-91.725669, 18.6866], [-91.724623, 18.686918], [-91.72346, 18.687317], [-91.721948, 18.687795], [-91.720667, 18.688358], [-91.719619, 18.688758], [-91.718687, 18.689242], [-91.717987, 18.689564], [-91.717754, 18.689727], [-91.716934, 18.690378], [-91.716235, 18.6907], [-91.715536, 18.691022], [-91.714954, 18.691262], [-91.71402, 18.691829], [-91.713316, 18.692482], [-91.712846, 18.692971], [-91.712382, 18.693048], [-91.711448, 18.693615], [-91.710393, 18.694511], [-91.709807, 18.695082], [-91.709104, 18.695652], [-91.708287, 18.696138], [-91.707473, 18.696376], [-91.706539, 18.696943], [-91.705491, 18.697343], [-91.704326, 18.697907], [-91.703511, 18.698228], [-91.702927, 18.698551], [-91.702343, 18.698957], [-91.701759, 18.69928], [-91.701294, 18.69944], [-91.700828, 18.699682], [-91.700359, 18.700089], [-91.69966, 18.700411], [-91.699184, 18.701314], [-91.699056, 18.702138], [-91.699281, 18.702636], [-91.699393, 18.702885], [-91.699733, 18.703385], [-91.69996, 18.703718], [-91.70007, 18.704133], [-91.700182, 18.704382], [-91.700177, 18.704795], [-91.700055, 18.705206], [-91.699818, 18.705616], [-91.69958, 18.706026], [-91.698877, 18.706678], [-91.698063, 18.706916], [-91.697366, 18.707073], [-91.696554, 18.707146], [-91.695739, 18.707466], [-91.695039, 18.707871], [-91.694108, 18.70819], [-91.693414, 18.708182], [-91.692717, 18.708338], [-91.691904, 18.708494], [-91.691321, 18.708817], [-91.690505, 18.70922], [-91.690039, 18.709379], [-91.689574, 18.709539], [-91.688876, 18.709778], [-91.688288, 18.710432], [-91.687703, 18.710838], [-91.686889, 18.711076], [-91.686189, 18.71148], [-91.685724, 18.71164], [-91.684677, 18.711957], [-91.684327, 18.712118], [-91.68398, 18.712114], [-91.683283, 18.712271], [-91.682702, 18.712429], [-91.682238, 18.712506], [-91.681656, 18.712746], [-91.680844, 18.712819], [-91.680148, 18.712893], [-91.679221, 18.712964], [-91.678873, 18.713043], [-91.678407, 18.713202], [-91.677941, 18.713444], [-91.677361, 18.71352], [-91.676549, 18.713593], [-91.676084, 18.713752], [-91.675619, 18.713912], [-91.674806, 18.714067], [-91.673991, 18.714387], [-91.673294, 18.714544], [-91.672944, 18.714705], [-91.672014, 18.715024], [-91.671549, 18.715101], [-91.670968, 18.715259], [-91.670504, 18.715336], [-91.669576, 18.715489], [-91.668878, 18.715729], [-91.668065, 18.715884], [-91.667481, 18.716207], [-91.6669, 18.716365], [-91.666318, 18.716606], [-91.66562, 18.716845], [-91.66527, 18.717006], [-91.664574, 18.71708], [-91.66411, 18.717157], [-91.663646, 18.717234], [-91.663065, 18.717392], [-91.662368, 18.717548], [-91.661902, 18.717708], [-91.661437, 18.717867], [-91.660387, 18.718433], [-91.659569, 18.718918], [-91.659217, 18.719244], [-91.658862, 18.719818], [-91.657931, 18.720137], [-91.65734, 18.720955], [-91.656637, 18.721525], [-91.65594, 18.721681], [-91.655473, 18.722006], [-91.655118, 18.722497], [-91.654419, 18.722819], [-91.653722, 18.722976], [-91.65302, 18.723462], [-91.652323, 18.723619], [-91.651848, 18.724439], [-91.651262, 18.724927], [-91.6509, 18.725996], [-91.650431, 18.726404], [-91.650309, 18.726815], [-91.650185, 18.727392], [-91.649715, 18.727881], [-91.649019, 18.727955], [-91.648201, 18.728441], [-91.647156, 18.728676], [-91.646575, 18.728834], [-91.64599, 18.729239], [-91.645173, 18.729642], [-91.644473, 18.730046], [-91.64412, 18.730455], [-91.643652, 18.73078], [-91.642955, 18.730936], [-91.642369, 18.731424], [-91.64178, 18.732078], [-91.641312, 18.732402], [-91.640145, 18.733049], [-91.639213, 18.73345], [-91.638751, 18.733362], [-91.638169, 18.733602], [-91.637814, 18.734093], [-91.637351, 18.734088], [-91.636536, 18.734408], [-91.635837, 18.734729], [-91.635371, 18.734889], [-91.634554, 18.735374], [-91.633856, 18.735531], [-91.633389, 18.735855], [-91.632224, 18.736336], [-91.632104, 18.736583], [-91.631518, 18.737071], [-91.630816, 18.737558], [-91.629995, 18.738291], [-91.629298, 18.738447], [-91.628605, 18.738356], [-91.628025, 18.738431], [-91.627443, 18.738589], [-91.626861, 18.73883], [-91.625697, 18.739228], [-91.625229, 18.739553], [-91.62453, 18.739874], [-91.624067, 18.739868], [-91.623366, 18.740273], [-91.622552, 18.74051], [-91.621854, 18.740749], [-91.620806, 18.741149], [-91.620225, 18.741307], [-91.619992, 18.741387], [-91.619528, 18.741463], [-91.618945, 18.741704], [-91.618131, 18.741941], [-91.617548, 18.742182], [-91.616848, 18.742586], [-91.615683, 18.743067], [-91.6151, 18.743307], [-91.614289, 18.74338], [-91.613821, 18.743704], [-91.61277, 18.744269], [-91.612184, 18.744757], [-91.611604, 18.744833], [-91.610677, 18.744904], [-91.610327, 18.745064], [-91.609858, 18.745472], [-91.609275, 18.745712], [-91.608695, 18.745787], [-91.607301, 18.7461], [-91.607061, 18.746675], [-91.606477, 18.746998], [-91.60613, 18.746994], [-91.605432, 18.747233], [-91.604619, 18.747388], [-91.603689, 18.747624], [-91.602641, 18.748023], [-91.602059, 18.748181], [-91.601477, 18.748422], [-91.600774, 18.748991], [-91.600424, 18.749152], [-91.599956, 18.749476], [-91.599141, 18.749796], [-91.598211, 18.750032], [-91.597516, 18.750023], [-91.596817, 18.750345], [-91.596002, 18.750582], [-91.595068, 18.751149], [-91.5939, 18.751795], [-91.593202, 18.752034], [-91.592387, 18.752354], [-91.591802, 18.752759], [-91.591218, 18.753082], [-91.590635, 18.753322], [-91.589589, 18.753557], [-91.588775, 18.753794], [-91.588076, 18.754116], [-91.587498, 18.754026], [-91.586796, 18.754513], [-91.585862, 18.754996], [-91.584699, 18.755394], [-91.583766, 18.755795], [-91.583535, 18.755793], [-91.583182, 18.756118], [-91.582719, 18.756112], [-91.582252, 18.756354], [-91.581669, 18.756677], [-91.580851, 18.757162], [-91.579453, 18.757723], [-91.578286, 18.758286], [-91.57747, 18.758688], [-91.576307, 18.759004], [-91.575256, 18.759569], [-91.574447, 18.759476], [-91.573517, 18.759712], [-91.572465, 18.760359], [-91.571538, 18.76043], [-91.570607, 18.760748], [-91.569558, 18.761148], [-91.568508, 18.761712], [-91.567811, 18.761869], [-91.566764, 18.762185], [-91.565947, 18.762588], [-91.565131, 18.762908], [-91.564199, 18.763309], [-91.563153, 18.763543], [-91.56222, 18.764027], [-91.5614, 18.764594], [-91.560468, 18.764995], [-91.559657, 18.764985], [-91.558607, 18.765549], [-91.557906, 18.765953], [-91.557205, 18.766357], [-91.55627, 18.766923], [-91.555573, 18.76708], [-91.554522, 18.767644], [-91.553938, 18.767967], [-91.55336, 18.767877], [-91.552429, 18.768195], [-91.551615, 18.768433], [-91.551028, 18.768921], [-91.550447, 18.769078], [-91.549391, 18.769973], [-91.548572, 18.770541], [-91.547637, 18.771107], [-91.546581, 18.772001], [-91.545533, 18.772401], [-91.544712, 18.773051], [-91.543435, 18.773282], [-91.542495, 18.774178], [-91.542023, 18.77475], [-91.541199, 18.775648], [-91.540731, 18.775972], [-91.539911, 18.77654], [-91.538858, 18.77727], [-91.537689, 18.777998], [-91.536869, 18.778565], [-91.536168, 18.778969], [-91.53535, 18.779454], [-91.534418, 18.779855], [-91.533721, 18.780011], [-91.533139, 18.780168], [-91.532559, 18.780243], [-91.531515, 18.780312], [-91.531056, 18.780059], [-91.530369, 18.779554], [-91.530371, 18.779389], [-91.530374, 18.779224], [-91.530262, 18.778975], [-91.530035, 18.778641], [-91.529696, 18.778059], [-91.529819, 18.777648], [-91.530171, 18.777322], [-91.530177, 18.776909], [-91.530097, 18.776607], [-91.529958, 18.77608], [-91.529849, 18.775666], [-91.529739, 18.775252], [-91.529516, 18.774671], [-91.52929, 18.774337], [-91.529062, 18.774087], [-91.528726, 18.773339], [-91.528505, 18.772593], [-91.528283, 18.772012], [-91.527943, 18.771512], [-91.52772, 18.770931], [-91.526926, 18.769847], [-91.526358, 18.769096], [-91.52613, 18.768846], [-91.52556, 18.76826], [-91.52499, 18.767675], [-91.524418, 18.767172], [-91.523502, 18.766499], [-91.52306, 18.766224], [-91.522749, 18.766027], [-91.522618, 18.765944], [-91.522011, 18.765571], [-91.521543, 18.765403], [-91.521456, 18.76535], [-91.521091, 18.765146], [-91.520634, 18.764727], [-91.520294, 18.764227], [-91.519951, 18.763975], [-91.519724, 18.763642], [-91.519382, 18.763307], [-91.518922, 18.763053], [-91.518347, 18.762798], [-91.518002, 18.762628], [-91.517543, 18.762375], [-91.517198, 18.762205], [-91.516853, 18.762035], [-91.51651, 18.761783], [-91.516402, 18.761286], [-91.51629, 18.761037], [-91.515951, 18.760454], [-91.515726, 18.760038], [-91.515269, 18.759619], [-91.514812, 18.759201], [-91.514355, 18.758782], [-91.5139, 18.75828], [-91.51333, 18.757695], [-91.51264, 18.757355], [-91.512295, 18.757186], [-91.511954, 18.756768], [-91.511496, 18.756432], [-91.511039, 18.756013], [-91.510468, 18.75551], [-91.510473, 18.75518], [-91.510134, 18.754597], [-91.51003, 18.753853], [-91.51004, 18.753192], [-91.510045, 18.752862], [-91.510051, 18.752449], [-91.510058, 18.752036], [-91.510065, 18.751541], [-91.510187, 18.751129], [-91.510308, 18.750801], [-91.51043, 18.750389], [-91.510667, 18.750062], [-91.51102, 18.749654], [-91.511489, 18.749329], [-91.511609, 18.749001], [-91.511731, 18.748589], [-91.512083, 18.748346], [-91.512085, 18.748181], [-91.512318, 18.748102], [-91.512552, 18.747939], [-91.513015, 18.747946], [-91.513364, 18.747867], [-91.513711, 18.747872], [-91.513945, 18.74771], [-91.51418, 18.747465], [-91.5143, 18.747219], [-91.514305, 18.746889], [-91.514193, 18.74664], [-91.51396, 18.746719], [-91.513727, 18.746799], [-91.513381, 18.746712], [-91.513269, 18.746462], [-91.513389, 18.746216], [-91.513507, 18.746053], [-91.513741, 18.74589], [-91.514207, 18.745731], [-91.514672, 18.745572], [-91.515021, 18.745494], [-91.515484, 18.7455], [-91.515717, 18.745421], [-91.516182, 18.745262], [-91.516532, 18.745101], [-91.516882, 18.74494], [-91.517582, 18.744619], [-91.518283, 18.744215], [-91.518518, 18.743971], [-91.518869, 18.743728], [-91.519569, 18.743406], [-91.519921, 18.743081], [-91.520273, 18.742755], [-91.52051, 18.742428], [-91.520515, 18.742097], [-91.520519, 18.74185], [-91.520409, 18.741435], [-91.520179, 18.74135], [-91.519828, 18.741593], [-91.519361, 18.741835], [-91.519124, 18.742162], [-91.518888, 18.742489], [-91.518537, 18.742732], [-91.518186, 18.742975], [-91.517836, 18.743136], [-91.5176, 18.743381], [-91.517134, 18.743622], [-91.516898, 18.743867], [-91.516663, 18.744112], [-91.516312, 18.744355], [-91.515846, 18.744514], [-91.515499, 18.744509], [-91.515153, 18.744422], [-91.515278, 18.743846], [-91.5154, 18.743435], [-91.515636, 18.743107], [-91.515871, 18.742863], [-91.516106, 18.742701], [-91.516455, 18.74254], [-91.516691, 18.742295], [-91.517156, 18.742136], [-91.517506, 18.741976], [-91.517858, 18.74165], [-91.518212, 18.741241], [-91.518562, 18.741081], [-91.518912, 18.74092], [-91.519264, 18.740595], [-91.519497, 18.740515], [-91.519731, 18.740353], [-91.520195, 18.740276], [-91.520542, 18.740281], [-91.520892, 18.74012], [-91.521359, 18.739879], [-91.521826, 18.739637], [-91.522178, 18.739311], [-91.522528, 18.739151], [-91.522763, 18.738906], [-91.523001, 18.738496], [-91.523005, 18.738248], [-91.522544, 18.738077], [-91.522194, 18.738238], [-91.521957, 18.738648], [-91.521723, 18.73881], [-91.521374, 18.738888], [-91.521028, 18.738801], [-91.521148, 18.738554], [-91.521266, 18.738391], [-91.521499, 18.738311], [-91.521619, 18.737983], [-91.521855, 18.737738], [-91.521974, 18.737492], [-91.522092, 18.737328], [-91.522211, 18.737164], [-91.522333, 18.736753], [-91.522106, 18.73642], [-91.521877, 18.736252], [-91.521643, 18.736414], [-91.521408, 18.736658], [-91.52117, 18.737068], [-91.520935, 18.737313], [-91.5207, 18.737558], [-91.520578, 18.737969], [-91.520341, 18.738296], [-91.520219, 18.738708], [-91.520099, 18.738954], [-91.519864, 18.739198], [-91.519513, 18.739442], [-91.519279, 18.739604], [-91.519046, 18.739683], [-91.518696, 18.739844], [-91.518466, 18.739758], [-91.518354, 18.739509], [-91.518357, 18.739344], [-91.518364, 18.738849], [-91.518486, 18.738437], [-91.518721, 18.738192], [-91.519073, 18.737949], [-91.51931, 18.737539], [-91.519546, 18.737295], [-91.519665, 18.737049], [-91.5199, 18.736804], [-91.520137, 18.736477], [-91.520374, 18.736149], [-91.520377, 18.735902], [-91.520033, 18.735732], [-91.519683, 18.735893], [-91.51933, 18.736218], [-91.518978, 18.736544], [-91.518625, 18.736952], [-91.518389, 18.737197], [-91.518156, 18.737277], [-91.517805, 18.73752], [-91.517683, 18.737931], [-91.517561, 18.738343], [-91.517327, 18.738505], [-91.517093, 18.738667], [-91.516745, 18.738745], [-91.516397, 18.73874], [-91.516167, 18.738655], [-91.515819, 18.738733], [-91.515704, 18.738649], [-91.51535, 18.739057], [-91.515114, 18.739384], [-91.514994, 18.73963], [-91.514755, 18.740123], [-91.514633, 18.740534], [-91.514395, 18.740944], [-91.514044, 18.741187], [-91.513808, 18.741514], [-91.513689, 18.741678], [-91.51334, 18.741838], [-91.512991, 18.741917], [-91.512761, 18.741831], [-91.512416, 18.741661], [-91.512768, 18.741335], [-91.512773, 18.741005], [-91.512898, 18.740429], [-91.513252, 18.74002], [-91.513374, 18.739609], [-91.513497, 18.739115], [-91.513733, 18.738788], [-91.513856, 18.738377], [-91.514095, 18.737884], [-91.51433, 18.73764], [-91.514566, 18.737312], [-91.514685, 18.737149], [-91.515036, 18.736906], [-91.515274, 18.736496], [-91.515508, 18.736334], [-91.515742, 18.736172], [-91.51586, 18.736008], [-91.516211, 18.735765], [-91.516214, 18.7356], [-91.515985, 18.735431], [-91.515641, 18.735179], [-91.515647, 18.734766], [-91.515884, 18.734439], [-91.516119, 18.734194], [-91.51624, 18.733866], [-91.516474, 18.733704], [-91.516938, 18.733627], [-91.517517, 18.733635], [-91.517745, 18.733885], [-91.518087, 18.73422], [-91.518082, 18.73455], [-91.518076, 18.734963], [-91.517839, 18.73529], [-91.517488, 18.735534], [-91.517137, 18.735777], [-91.516903, 18.735939], [-91.516552, 18.736182], [-91.516317, 18.736427], [-91.516193, 18.736921], [-91.516307, 18.737087], [-91.516653, 18.737174], [-91.517004, 18.736931], [-91.51724, 18.736604], [-91.517474, 18.736442], [-91.517827, 18.736116], [-91.518061, 18.735954], [-91.518294, 18.735875], [-91.518645, 18.735631], [-91.51911, 18.735472], [-91.51946, 18.735312], [-91.519926, 18.735153], [-91.520275, 18.734992], [-91.520738, 18.734998], [-91.521089, 18.734755], [-91.521433, 18.735007], [-91.522009, 18.73518], [-91.522355, 18.735267], [-91.522932, 18.73544], [-91.523509, 18.73553], [-91.523972, 18.735536], [-91.524434, 18.735624], [-91.524781, 18.735629], [-91.52536, 18.735636], [-91.525823, 18.735642], [-91.526284, 18.735813], [-91.526278, 18.736226], [-91.526158, 18.736473], [-91.526152, 18.736885], [-91.525798, 18.737294], [-91.525563, 18.737538], [-91.525329, 18.737701], [-91.524862, 18.737942], [-91.524511, 18.738185], [-91.524161, 18.738346], [-91.52381, 18.738589], [-91.523689, 18.738918], [-91.523569, 18.739247], [-91.523331, 18.739657], [-91.52321, 18.739985], [-91.522973, 18.740313], [-91.522739, 18.740475], [-91.522504, 18.740719], [-91.522152, 18.741045], [-91.521918, 18.741207], [-91.521798, 18.741453], [-91.521679, 18.7417], [-91.521788, 18.742114], [-91.522016, 18.742365], [-91.522368, 18.742039], [-91.522719, 18.741796], [-91.523073, 18.741387], [-91.523661, 18.740817], [-91.523901, 18.740242], [-91.524252, 18.739999], [-91.524487, 18.739754], [-91.524606, 18.739591], [-91.524724, 18.739427], [-91.524958, 18.739265], [-91.525079, 18.738936], [-91.525548, 18.738529], [-91.525782, 18.738367], [-91.526248, 18.738208], [-91.526599, 18.737965], [-91.526869, 18.737746], [-91.527096, 18.737418], [-91.527424, 18.736985], [-91.527892, 18.73666], [-91.528356, 18.736584], [-91.52871, 18.736175], [-91.529175, 18.736016], [-91.529528, 18.735691], [-91.529881, 18.735282]]], [[[-91.460397, 18.789926], [-91.460516, 18.78968], [-91.460751, 18.789435], [-91.460989, 18.788859], [-91.461343, 18.788368], [-91.461696, 18.787876], [-91.461934, 18.787383], [-91.462052, 18.78722], [-91.462289, 18.786809], [-91.462642, 18.786318], [-91.463807, 18.785754], [-91.463912, 18.786582], [-91.463556, 18.787322], [-91.463082, 18.788142], [-91.462726, 18.788799], [-91.462254, 18.789537], [-91.461902, 18.789946], [-91.461432, 18.790436], [-91.461081, 18.790762], [-91.460614, 18.791087], [-91.460401, 18.791687], [-91.460032, 18.791327], [-91.459806, 18.790911], [-91.459925, 18.790664], [-91.460161, 18.790254], [-91.460397, 18.789926]]], [[[-91.435646, 18.797296], [-91.43507, 18.797123], [-91.434609, 18.796952], [-91.434035, 18.796614], [-91.433575, 18.79636], [-91.433116, 18.796023], [-91.432661, 18.795438], [-91.43278, 18.795192], [-91.433122, 18.795527], [-91.433238, 18.795529], [-91.43347, 18.795532], [-91.433815, 18.795701], [-91.434277, 18.79579], [-91.434853, 18.795963], [-91.435085, 18.795966], [-91.435433, 18.795888], [-91.435664, 18.795891], [-91.436014, 18.79573], [-91.436361, 18.795734], [-91.437054, 18.795826], [-91.437403, 18.795748], [-91.437635, 18.795668], [-91.437751, 18.79567], [-91.438098, 18.795674], [-91.438331, 18.795595], [-91.439255, 18.795772], [-91.439583, 18.796525], [-91.439016, 18.796917], [-91.437383, 18.797318], [-91.436918, 18.797395], [-91.43634, 18.797387], [-91.435646, 18.797296]]], [[[-91.426753, 18.833816], [-91.426672, 18.833003], [-91.426529, 18.830988], [-91.42654, 18.830162], [-91.426319, 18.829332], [-91.426005, 18.828794], [-91.426216, 18.828179], [-91.426869, 18.827652], [-91.427272, 18.827278], [-91.427625, 18.826786], [-91.42798, 18.826212], [-91.427993, 18.825221], [-91.42777, 18.824556], [-91.427462, 18.823958], [-91.427262, 18.823368], [-91.426884, 18.82286], [-91.426593, 18.822465], [-91.426067, 18.822096], [-91.425718, 18.821701], [-91.425399, 18.821138], [-91.425048, 18.82014], [-91.424678, 18.819562], [-91.424489, 18.818644], [-91.42392, 18.817893], [-91.423345, 18.817555], [-91.422188, 18.81754], [-91.421608, 18.817615], [-91.420456, 18.817845], [-91.419781, 18.817643], [-91.419068, 18.817086], [-91.418375, 18.816911], [-91.417565, 18.816901], [-91.416989, 18.816645], [-91.416308, 18.815644], [-91.416203, 18.814816], [-91.416096, 18.814154], [-91.415438, 18.813179], [-91.41521, 18.812364], [-91.414922, 18.811689], [-91.414063, 18.810242], [-91.413256, 18.809983], [-91.412911, 18.809813], [-91.4121, 18.809803], [-91.411629, 18.810295], [-91.411291, 18.80971], [-91.410949, 18.809292], [-91.410955, 18.808878], [-91.41119, 18.808551], [-91.411423, 18.808471], [-91.41177, 18.808476], [-91.412121, 18.808232], [-91.412471, 18.807989], [-91.412821, 18.807828], [-91.413287, 18.807586], [-91.413749, 18.807675], [-91.414331, 18.807435], [-91.414569, 18.806942], [-91.414802, 18.806779], [-91.415156, 18.806288], [-91.415277, 18.805876], [-91.415284, 18.80538], [-91.41529, 18.804885], [-91.415295, 18.804471], [-91.415304, 18.80381], [-91.415313, 18.803149], [-91.415546, 18.802987], [-91.416124, 18.803077], [-91.416586, 18.803165], [-91.417164, 18.803173], [-91.41789, 18.802718], [-91.418447, 18.802947], [-91.420283, 18.80371], [-91.420972, 18.804132], [-91.421196, 18.804714], [-91.421308, 18.805046], [-91.420957, 18.805289], [-91.420725, 18.805369], [-91.420264, 18.805197], [-91.419918, 18.80511], [-91.41957, 18.805106], [-91.419334, 18.805516], [-91.419212, 18.805928], [-91.41944, 18.806261], [-91.419785, 18.806431], [-91.420132, 18.806436], [-91.420594, 18.806524], [-91.421058, 18.806448], [-91.421406, 18.80637], [-91.421987, 18.806212], [-91.422335, 18.806134], [-91.422907, 18.80672], [-91.423252, 18.80689], [-91.423477, 18.807389], [-91.423821, 18.807641], [-91.424392, 18.808227], [-91.424963, 18.808813], [-91.425423, 18.809067], [-91.425883, 18.809321], [-91.426914, 18.810161], [-91.427261, 18.810166], [-91.42807, 18.810259], [-91.429059, 18.810491], [-91.428865, 18.811509], [-91.429087, 18.812256], [-91.42942, 18.813335], [-91.429179, 18.814076], [-91.429054, 18.814736], [-91.42881, 18.815725], [-91.428568, 18.816548], [-91.428557, 18.817375], [-91.428431, 18.8182], [-91.428308, 18.818777], [-91.428068, 18.819435], [-91.427944, 18.820012], [-91.427819, 18.820754], [-91.427924, 18.821582], [-91.428488, 18.822747], [-91.429051, 18.823994], [-91.42939, 18.824577], [-91.430186, 18.825438], [-91.430526, 18.826328], [-91.430979, 18.827078], [-91.431545, 18.828077], [-91.432113, 18.828911], [-91.432219, 18.829657], [-91.432322, 18.83065], [-91.432081, 18.831391], [-91.431958, 18.831968], [-91.431368, 18.832787], [-91.431014, 18.833361], [-91.430893, 18.833773], [-91.430304, 18.834509], [-91.42995, 18.835001], [-91.429598, 18.835409], [-91.429246, 18.835735], [-91.428895, 18.836062], [-91.428427, 18.836386], [-91.427486, 18.837531], [-91.4275, 18.836457], [-91.427509, 18.835795], [-91.427403, 18.83505], [-91.426953, 18.834463], [-91.426753, 18.833816]]], [[[-91.424122, 18.838066], [-91.423896, 18.837567], [-91.423554, 18.837149], [-91.423211, 18.836814], [-91.422983, 18.836563], [-91.422525, 18.836144], [-91.421953, 18.835641], [-91.42138, 18.83522], [-91.420805, 18.834882], [-91.420113, 18.834707], [-91.419651, 18.834619], [-91.418955, 18.834692], [-91.418489, 18.834934], [-91.418022, 18.835176], [-91.417442, 18.835251], [-91.416863, 18.835326], [-91.416172, 18.834986], [-91.415481, 18.834729], [-91.415022, 18.834393], [-91.414094, 18.834129], [-91.41307, 18.833127], [-91.412037, 18.832452], [-91.410999, 18.832108], [-91.409033, 18.832], [-91.408109, 18.831822], [-91.407419, 18.8314], [-91.406501, 18.830809], [-91.40592, 18.830967], [-91.405343, 18.830794], [-91.404653, 18.830454], [-91.403731, 18.830112], [-91.402806, 18.830017], [-91.402116, 18.829677], [-91.401425, 18.82942], [-91.400503, 18.829077], [-91.399812, 18.82882], [-91.399003, 18.828644], [-91.398543, 18.828473], [-91.397849, 18.828381], [-91.397139, 18.828155], [-91.396814, 18.827871], [-91.396239, 18.827533], [-91.395549, 18.827193], [-91.395083, 18.827435], [-91.394958, 18.828095], [-91.394721, 18.828505], [-91.394596, 18.829247], [-91.394361, 18.829492], [-91.394024, 18.828744], [-91.3938, 18.828162], [-91.393806, 18.827666], [-91.393467, 18.827083], [-91.393128, 18.826417], [-91.393022, 18.825672], [-91.392912, 18.825257], [-91.392574, 18.824509], [-91.392585, 18.823682], [-91.392596, 18.822856], [-91.392722, 18.822031], [-91.392731, 18.82137], [-91.392976, 18.820381], [-91.393099, 18.819804], [-91.393339, 18.819146], [-91.393584, 18.818157], [-91.394058, 18.817337], [-91.394414, 18.81668], [-91.394886, 18.815942], [-91.395704, 18.815374], [-91.396404, 18.81497], [-91.396986, 18.81473], [-91.397681, 18.814739], [-91.398263, 18.814499], [-91.398961, 18.814177], [-91.399773, 18.814105], [-91.400812, 18.814284], [-91.401392, 18.814209], [-91.402317, 18.814304], [-91.402893, 18.814559], [-91.403004, 18.814892], [-91.403347, 18.815227], [-91.403458, 18.815559], [-91.403449, 18.816303], [-91.402866, 18.816626], [-91.402286, 18.816701], [-91.401819, 18.816943], [-91.401355, 18.817019], [-91.400888, 18.817344], [-91.400421, 18.817668], [-91.399953, 18.817993], [-91.400175, 18.81874], [-91.400633, 18.819159], [-91.400977, 18.819412], [-91.401435, 18.819748], [-91.402007, 18.820334], [-91.402469, 18.820423], [-91.40327, 18.821095], [-91.403613, 18.82143], [-91.404074, 18.821602], [-91.404654, 18.821526], [-91.405345, 18.821784], [-91.405809, 18.821707], [-91.406272, 18.821713], [-91.40673, 18.822132], [-91.407072, 18.82255], [-91.407413, 18.823051], [-91.407751, 18.823716], [-91.408205, 18.824466], [-91.40878, 18.824722], [-91.408674, 18.823976], [-91.408563, 18.823644], [-91.408338, 18.823145], [-91.408113, 18.822646], [-91.407892, 18.821817], [-91.407549, 18.821482], [-91.407206, 18.821147], [-91.406863, 18.820811], [-91.406405, 18.820392], [-91.406412, 18.819896], [-91.406417, 18.819483], [-91.406537, 18.819154], [-91.406888, 18.81891], [-91.407463, 18.819166], [-91.407697, 18.819004], [-91.40816, 18.81901], [-91.408512, 18.818684], [-91.408863, 18.818358], [-91.409217, 18.817866], [-91.409455, 18.817373], [-91.40981, 18.816799], [-91.410395, 18.816311], [-91.410747, 18.815902], [-91.410989, 18.815162], [-91.411114, 18.814419], [-91.411124, 18.813675], [-91.411135, 18.812849], [-91.411026, 18.812269], [-91.410919, 18.811606], [-91.410701, 18.810611], [-91.411396, 18.810538], [-91.41209, 18.810629], [-91.41301, 18.811055], [-91.413585, 18.811393], [-91.414505, 18.811818], [-91.414727, 18.812565], [-91.414949, 18.813312], [-91.415057, 18.813892], [-91.415162, 18.81472], [-91.415268, 18.815465], [-91.415491, 18.81613], [-91.41583, 18.816795], [-91.415822, 18.817374], [-91.415586, 18.817702], [-91.414773, 18.817939], [-91.414424, 18.8181], [-91.413961, 18.818094], [-91.413492, 18.818501], [-91.414066, 18.818922], [-91.414761, 18.818848], [-91.415111, 18.818687], [-91.415577, 18.818445], [-91.415926, 18.818285], [-91.416277, 18.818041], [-91.416857, 18.817966], [-91.417435, 18.817974], [-91.418129, 18.818065], [-91.418939, 18.818076], [-91.419634, 18.818085], [-91.420141, 18.818274], [-91.420325, 18.818342], [-91.421479, 18.818605], [-91.422287, 18.818781], [-91.422982, 18.81879], [-91.42344, 18.819209], [-91.424011, 18.819795], [-91.424233, 18.820542], [-91.424688, 18.821127], [-91.424847, 18.821314], [-91.425258, 18.821796], [-91.425619, 18.822192], [-91.425943, 18.822549], [-91.426399, 18.823133], [-91.426635, 18.823523], [-91.426852, 18.823883], [-91.426842, 18.82471], [-91.426714, 18.825617], [-91.426587, 18.826525], [-91.426231, 18.827182], [-91.425756, 18.828085], [-91.425515, 18.828826], [-91.425386, 18.829816], [-91.425487, 18.830975], [-91.425708, 18.831804], [-91.42604, 18.832966], [-91.426144, 18.833876], [-91.426366, 18.834623], [-91.426469, 18.835617], [-91.426461, 18.836195], [-91.426454, 18.836774], [-91.426331, 18.837351], [-91.426438, 18.838014], [-91.42619, 18.83925], [-91.42573, 18.838996], [-91.425268, 18.838908], [-91.424806, 18.838819], [-91.424155, 18.838726], [-91.424122, 18.838066]]], [[[-91.407822, 18.862653], [-91.40736, 18.862564], [-91.407016, 18.862312], [-91.406673, 18.861976], [-91.406102, 18.861308], [-91.405878, 18.860726], [-91.405654, 18.860144], [-91.405547, 18.859482], [-91.405324, 18.858817], [-91.405214, 18.858403], [-91.40499, 18.857821], [-91.40465, 18.857238], [-91.404192, 18.856819], [-91.403727, 18.856978], [-91.403263, 18.857054], [-91.402682, 18.857212], [-91.402099, 18.857535], [-91.401858, 18.858193], [-91.401387, 18.858848], [-91.40115, 18.859259], [-91.400913, 18.859669], [-91.400559, 18.86016], [-91.400318, 18.860901], [-91.399963, 18.861475], [-91.399495, 18.861799], [-91.399028, 18.862124], [-91.398444, 18.862447], [-91.397747, 18.862686], [-91.397401, 18.862516], [-91.39694, 18.862344], [-91.396597, 18.862009], [-91.396026, 18.861423], [-91.3958, 18.861007], [-91.395223, 18.860834], [-91.39453, 18.860742], [-91.393951, 18.860734], [-91.39326, 18.860395], [-91.392452, 18.860219], [-91.391413, 18.859957], [-91.390258, 18.859776], [-91.389448, 18.859683], [-91.388632, 18.860085], [-91.388048, 18.860491], [-91.387577, 18.861064], [-91.386994, 18.861386], [-91.386409, 18.861875], [-91.386059, 18.862035], [-91.385939, 18.862364], [-91.385933, 18.862778], [-91.385929, 18.863108], [-91.385688, 18.863849], [-91.385332, 18.864506], [-91.384748, 18.864829], [-91.384165, 18.865152], [-91.383699, 18.865393], [-91.383115, 18.865716], [-91.382425, 18.865377], [-91.381846, 18.865369], [-91.381152, 18.865277], [-91.380696, 18.864775], [-91.380239, 18.864273], [-91.379784, 18.863688], [-91.379561, 18.863024], [-91.378991, 18.862355], [-91.378766, 18.861856], [-91.378657, 18.861359], [-91.377966, 18.861019], [-91.377159, 18.86076], [-91.376582, 18.860587], [-91.375775, 18.860328], [-91.375311, 18.860405], [-91.374842, 18.860812], [-91.374376, 18.861054], [-91.373911, 18.861213], [-91.373558, 18.861622], [-91.373092, 18.861863], [-91.372625, 18.862105], [-91.371933, 18.861931], [-91.37136, 18.861427], [-91.371021, 18.860844], [-91.371025, 18.860513], [-91.37126, 18.860268], [-91.371263, 18.86002], [-91.371384, 18.859609], [-91.371392, 18.85903], [-91.370934, 18.858611], [-91.370707, 18.858277], [-91.370713, 18.857864], [-91.371061, 18.857786], [-91.371295, 18.857624], [-91.371645, 18.857463], [-91.372109, 18.857386], [-91.372458, 18.857226], [-91.372809, 18.856982], [-91.373277, 18.856575], [-91.373519, 18.855835], [-91.373757, 18.855342], [-91.37388, 18.854765], [-91.374004, 18.854188], [-91.374356, 18.853862], [-91.374818, 18.853951], [-91.375047, 18.854119], [-91.37516, 18.854368], [-91.37527, 18.854783], [-91.375497, 18.855117], [-91.375954, 18.855619], [-91.376066, 18.855868], [-91.376407, 18.856369], [-91.376749, 18.856787], [-91.376977, 18.857038], [-91.37767, 18.85713], [-91.378135, 18.857053], [-91.378719, 18.856648], [-91.379303, 18.856242], [-91.379889, 18.855754], [-91.380356, 18.855429], [-91.380824, 18.855105], [-91.381178, 18.854614], [-91.381529, 18.854288], [-91.381882, 18.853879], [-91.382238, 18.853222], [-91.382592, 18.852731], [-91.382829, 18.852321], [-91.383067, 18.851828], [-91.38319, 18.851334], [-91.383547, 18.850594], [-91.383785, 18.850102], [-91.384023, 18.849609], [-91.384493, 18.849119], [-91.385196, 18.848467], [-91.385779, 18.848144], [-91.387292, 18.847585], [-91.387875, 18.847262], [-91.38892, 18.847028], [-91.389384, 18.846952], [-91.389965, 18.846794], [-91.390431, 18.846635], [-91.39101, 18.846642], [-91.391932, 18.846903], [-91.392743, 18.846913], [-91.393208, 18.846754], [-91.393906, 18.846515], [-91.394716, 18.846526], [-91.395295, 18.846534], [-91.396799, 18.846636], [-91.397264, 18.846477], [-91.397959, 18.846486], [-91.398769, 18.846497], [-91.399117, 18.846501], [-91.399697, 18.846426], [-91.40039, 18.846518], [-91.401318, 18.846448], [-91.401666, 18.84637], [-91.402361, 18.846379], [-91.402709, 18.846301], [-91.403057, 18.846222], [-91.403523, 18.846063], [-91.403989, 18.845821], [-91.404454, 18.845662], [-91.405035, 18.845504], [-91.405499, 18.845428], [-91.405611, 18.84576], [-91.405605, 18.846173], [-91.405022, 18.846496], [-91.404323, 18.846818], [-91.403627, 18.846974], [-91.403044, 18.847214], [-91.402345, 18.847536], [-91.401644, 18.848023], [-91.401178, 18.848264], [-91.400711, 18.848589], [-91.400125, 18.849077], [-91.399774, 18.849403], [-91.399539, 18.849648], [-91.399766, 18.849982], [-91.399996, 18.850068], [-91.400349, 18.849659], [-91.400933, 18.849253], [-91.401403, 18.848763], [-91.401986, 18.84844], [-91.40303, 18.848289], [-91.403731, 18.847802], [-91.404545, 18.847565], [-91.405011, 18.847323], [-91.40571, 18.847001], [-91.406293, 18.846761], [-91.406991, 18.846439], [-91.407575, 18.846116], [-91.408508, 18.84555], [-91.409092, 18.845227], [-91.409558, 18.844985], [-91.410023, 18.844826], [-91.410373, 18.844665], [-91.410607, 18.84442], [-91.410727, 18.844091], [-91.411083, 18.843434], [-91.411206, 18.84294], [-91.411444, 18.842447], [-91.412494, 18.8418], [-91.413536, 18.841813], [-91.413881, 18.841983], [-91.414342, 18.842154], [-91.414686, 18.842407], [-91.415029, 18.842742], [-91.415141, 18.843074], [-91.41525, 18.843572], [-91.415474, 18.844153], [-91.415707, 18.844074], [-91.415946, 18.843498], [-91.415835, 18.843083], [-91.415726, 18.842586], [-91.415386, 18.842003], [-91.414929, 18.841583], [-91.414702, 18.841167], [-91.414596, 18.840422], [-91.414486, 18.840007], [-91.41379, 18.840081], [-91.412978, 18.840235], [-91.412393, 18.840641], [-91.41181, 18.840964], [-91.41134, 18.841537], [-91.410987, 18.841945], [-91.410285, 18.842515], [-91.409469, 18.842917], [-91.409116, 18.843326], [-91.408303, 18.843563], [-91.407721, 18.843804], [-91.407023, 18.844043], [-91.406437, 18.844531], [-91.405627, 18.84452], [-91.405046, 18.844678], [-91.404468, 18.844588], [-91.403892, 18.844415], [-91.403314, 18.844325], [-91.403088, 18.843908], [-91.402977, 18.843493], [-91.403214, 18.843083], [-91.403567, 18.842675], [-91.404151, 18.842269], [-91.404616, 18.84211], [-91.405314, 18.841871], [-91.405671, 18.841132], [-91.405796, 18.840472], [-91.406266, 18.839899], [-91.406391, 18.83924], [-91.406517, 18.838415], [-91.406293, 18.837833], [-91.406188, 18.837005], [-91.405849, 18.836422], [-91.405161, 18.835917], [-91.404242, 18.835326], [-91.403428, 18.835564], [-91.402852, 18.835391], [-91.40205, 18.834719], [-91.401357, 18.834627], [-91.400437, 18.834119], [-91.399514, 18.833859], [-91.399168, 18.833772], [-91.398594, 18.833351], [-91.397905, 18.832928], [-91.397332, 18.832507], [-91.396534, 18.831588], [-91.396194, 18.831004], [-91.395854, 18.830421], [-91.39586, 18.830008], [-91.395979, 18.829762], [-91.395757, 18.829015], [-91.395876, 18.828768], [-91.396109, 18.828606], [-91.396686, 18.828779], [-91.397259, 18.8292], [-91.397719, 18.829454], [-91.398526, 18.829713], [-91.399562, 18.830222], [-91.400832, 18.830487], [-91.401872, 18.830666], [-91.403253, 18.831263], [-91.40406, 18.831521], [-91.405097, 18.831948], [-91.40613, 18.832623], [-91.407167, 18.832967], [-91.408091, 18.833145], [-91.409015, 18.833322], [-91.410053, 18.833666], [-91.410746, 18.833758], [-91.411557, 18.833769], [-91.412594, 18.834113], [-91.413173, 18.834121], [-91.413634, 18.834292], [-91.413851, 18.83451], [-91.414548, 18.835213], [-91.415007, 18.83555], [-91.415579, 18.836053], [-91.416039, 18.836307], [-91.416612, 18.836811], [-91.417066, 18.837478], [-91.417409, 18.837813], [-91.417637, 18.838064], [-91.417863, 18.838563], [-91.4182, 18.839312], [-91.418659, 18.839648], [-91.418781, 18.839154], [-91.418553, 18.838903], [-91.418212, 18.838402], [-91.418101, 18.83807], [-91.417994, 18.837325], [-91.418114, 18.836996], [-91.418236, 18.836584], [-91.418588, 18.836175], [-91.419171, 18.835852], [-91.419749, 18.835942], [-91.420787, 18.836287], [-91.421362, 18.836542], [-91.421937, 18.83688], [-91.422508, 18.837466], [-91.423193, 18.838219], [-91.423535, 18.838637], [-91.423991, 18.839222], [-91.424445, 18.839889], [-91.424666, 18.840718], [-91.424659, 18.841297], [-91.424418, 18.841955], [-91.42395, 18.842362], [-91.423598, 18.842689], [-91.422901, 18.842927], [-91.422097, 18.842421], [-91.421516, 18.842579], [-91.420708, 18.84232], [-91.420132, 18.842147], [-91.419895, 18.842558], [-91.420116, 18.843387], [-91.420574, 18.843724], [-91.421263, 18.844229], [-91.42184, 18.844319], [-91.422299, 18.844656], [-91.422762, 18.844662], [-91.423228, 18.844502], [-91.423578, 18.844259], [-91.42393, 18.843933], [-91.4244, 18.84336], [-91.424638, 18.842867], [-91.424987, 18.842789], [-91.425571, 18.842384], [-91.425559, 18.843293], [-91.424969, 18.844112], [-91.424611, 18.844934], [-91.424026, 18.845422], [-91.423555, 18.846077], [-91.423199, 18.846734], [-91.422727, 18.847389], [-91.422143, 18.847795], [-91.421672, 18.848367], [-91.421202, 18.84894], [-91.420619, 18.84918], [-91.42003, 18.849999], [-91.419211, 18.85065], [-91.418628, 18.850973], [-91.41746, 18.851702], [-91.416531, 18.851938], [-91.415484, 18.852255], [-91.414666, 18.852823], [-91.413961, 18.85364], [-91.413836, 18.854382], [-91.413472, 18.855618], [-91.413114, 18.85644], [-91.412872, 18.857263], [-91.412629, 18.858087], [-91.412386, 18.858993], [-91.411798, 18.859646], [-91.411557, 18.860387], [-91.411434, 18.860964], [-91.411309, 18.861624], [-91.411187, 18.862118], [-91.410947, 18.862776], [-91.410707, 18.863435], [-91.410467, 18.864093], [-91.410106, 18.86508], [-91.409882, 18.864498], [-91.409541, 18.863998], [-91.408967, 18.86366], [-91.408394, 18.863156], [-91.407822, 18.862653]]]]}, "properties": {"numero": 12, "etiqueta": "Distrito local 12"}}, {"type": "Feature", "geometry": {"type": "MultiPolygon", "coordinates": [[[[-90.821677, 18.261786], [-90.827086, 18.262915], [-90.842511, 18.266136], [-90.855796, 18.268908], [-90.881302, 18.274228], [-90.883079, 18.268282], [-90.906804, 18.275161], [-90.912758, 18.276887], [-90.945412, 18.286349], [-90.947692, 18.309507], [-90.949112, 18.311502], [-90.953113, 18.317123], [-90.953618, 18.317833], [-90.962411, 18.330185], [-90.962695, 18.330584], [-90.969357, 18.339941], [-90.975238, 18.3482], [-90.999381, 18.348217], [-91.000241, 18.348217], [-91.000239, 18.350081], [-91.000054, 18.396827], [-91.000196, 18.400583], [-91.006616, 18.400566], [-91.009307, 18.400558], [-91.028095, 18.400506], [-91.036524, 18.410855], [-91.038376, 18.411723], [-91.053068, 18.418608], [-91.055665, 18.418801], [-91.046409, 18.438713], [-91.047314, 18.439398], [-91.046718, 18.440002], [-91.04613, 18.440317], [-91.045767, 18.440886], [-91.045578, 18.441418], [-91.045284, 18.441575], [-91.044758, 18.441768], [-91.044461, 18.442008], [-91.043876, 18.44224], [-91.043466, 18.442435], [-91.043113, 18.442633], [-91.042475, 18.442698], [-91.042361, 18.442613], [-91.041716, 18.442926], [-91.041187, 18.443201], [-91.040842, 18.44315], [-91.040382, 18.443055], [-91.039864, 18.442959], [-91.039287, 18.442902], [-91.038534, 18.442965], [-91.037846, 18.44274], [-91.036983, 18.442593], [-91.036407, 18.442495], [-91.035998, 18.442649], [-91.035579, 18.443134], [-91.035049, 18.44345], [-91.034396, 18.444011], [-91.033753, 18.444242], [-91.032986, 18.444758], [-91.03233, 18.445443], [-91.031614, 18.446209], [-91.030843, 18.446849], [-91.030307, 18.447372], [-91.029897, 18.448038], [-91.029353, 18.448812], [-91.028969, 18.449608], [-91.02842, 18.450585], [-91.027933, 18.451398], [-91.027563, 18.452173], [-91.02702, 18.452943], [-91.026485, 18.453425], [-91.026238, 18.453955], [-91.025587, 18.454475], [-91.024936, 18.454953], [-91.024632, 18.455482], [-91.024443, 18.456014], [-91.023969, 18.456373], [-91.0232, 18.456972], [-91.022484, 18.45883], [-91.000135, 18.458826], [-90.986164, 18.458816], [-90.937441, 18.458775], [-90.937642, 18.475795], [-90.937737, 18.483903], [-90.966886, 18.483893], [-90.966865, 18.500546], [-90.966706, 18.508253], [-90.967805, 18.508201], [-90.96809, 18.507701], [-90.968664, 18.507157], [-90.969418, 18.507274], [-90.969885, 18.507642], [-90.970642, 18.508132], [-90.971403, 18.509036], [-90.971872, 18.509653], [-90.972576, 18.51064], [-90.973513, 18.511709], [-90.974102, 18.51278], [-90.974519, 18.51406], [-90.974649, 18.51555], [-90.974547, 18.517001], [-90.974149, 18.517751], [-90.973808, 18.5185], [-90.973929, 18.518996], [-90.974226, 18.519863], [-90.976807, 18.523401], [-90.97786, 18.524509], [-90.978275, 18.525499], [-90.97857, 18.526118], [-90.978697, 18.527277], [-90.980852, 18.528623], [-90.977821, 18.551148], [-90.971324, 18.556307], [-90.986372, 18.573602], [-90.989754, 18.582104], [-90.989354, 18.582646], [-90.988488, 18.583028], [-90.98317, 18.584239], [-90.983408, 18.584859], [-90.982554, 18.586441], [-90.981052, 18.586912], [-90.975543, 18.586344], [-90.972827, 18.605717], [-90.958912, 18.604526], [-90.951535, 18.625723], [-90.951404, 18.626099], [-90.951045, 18.626073], [-90.94578, 18.625696], [-90.940768, 18.660668], [-90.921798, 18.652105], [-90.916378, 18.652053], [-90.89563, 18.65185], [-90.865234, 18.65155], [-90.864841, 18.6695], [-90.863063, 18.750541], [-90.862339, 18.770763], [-90.860977, 18.808798], [-90.859933, 18.837924], [-90.858826, 18.868778], [-90.833011, 18.867717], [-90.817466, 18.867923], [-90.815295, 18.867952], [-90.815285, 18.850493], [-90.816577, 18.83366], [-90.775838, 18.833726], [-90.759883, 18.829699], [-90.760345, 18.820997], [-90.781082, 18.814981], [-90.798184, 18.810018], [-90.798237, 18.805036], [-90.798322, 18.79717], [-90.806805, 18.77815], [-90.800496, 18.774303], [-90.798615, 18.777774], [-90.772283, 18.759804], [-90.758522, 18.750752], [-90.757585, 18.750135], [-90.73916, 18.737103], [-90.736033, 18.740481], [-90.734603, 18.742026], [-90.726942, 18.750302], [-90.724579, 18.75279], [-90.727479, 18.76694], [-90.72803, 18.769667], [-90.731031, 18.784519], [-90.731459, 18.786638], [-90.721632, 18.787949], [-90.719684, 18.801324], [-90.71096, 18.80264], [-90.708331, 18.796159], [-90.700127, 18.797892], [-90.667446, 18.805232], [-90.667425, 18.805237], [-90.668367, 18.799808], [-90.670421, 18.789569], [-90.678251, 18.750516], [-90.679189, 18.746405], [-90.686429, 18.714637], [-90.666756, 18.705263], [-90.667187, 18.62168], [-90.667877, 18.621012], [-90.668511, 18.620468], [-90.668618, 18.619349], [-90.669016, 18.618352], [-90.669414, 18.617396], [-90.669988, 18.616646], [-90.670564, 18.616227], [-90.671139, 18.615684], [-90.671599, 18.615224], [-90.67171, 18.614602], [-90.671648, 18.613981], [-90.672046, 18.613067], [-90.673256, 18.612187], [-90.674298, 18.612054], [-90.675572, 18.612003], [-90.676614, 18.611953], [-90.677425, 18.611905], [-90.678062, 18.611941], [-90.678641, 18.611895], [-90.678928, 18.611437], [-90.678866, 18.611023], [-90.678745, 18.610279], [-90.678222, 18.610076], [-90.677468, 18.609958], [-90.676773, 18.609922], [-90.676134, 18.609679], [-90.675664, 18.608895], [-90.675486, 18.608317], [-90.675541, 18.607902], [-90.672525, 18.607388], [-90.674684, 18.598701], [-90.674752, 18.598426], [-90.674773, 18.59834], [-90.675407, 18.59788], [-90.679782, 18.579122], [-90.667372, 18.576944], [-90.664086, 18.577854], [-90.660554, 18.57738], [-90.65984, 18.577241], [-90.659796, 18.577232], [-90.658229, 18.576927], [-90.656035, 18.576499], [-90.6352, 18.576086], [-90.635144, 18.576458], [-90.63503, 18.576831], [-90.635033, 18.577285], [-90.63492, 18.577823], [-90.634865, 18.578319], [-90.634753, 18.579022], [-90.634468, 18.579684], [-90.634125, 18.580471], [-90.633583, 18.580451], [-90.633248, 18.580438], [-90.614248, 18.579724], [-90.614156, 18.579721], [-90.613914, 18.579645], [-90.61363, 18.579557], [-90.613328, 18.579462], [-90.603338, 18.576345], [-90.602927, 18.576217], [-90.6026, 18.576114], [-90.60233, 18.57603], [-90.601944, 18.576005], [-90.601612, 18.575983], [-90.600696, 18.575923], [-90.59221, 18.575366], [-90.590174, 18.575232], [-90.589363, 18.575154], [-90.588494, 18.574911], [-90.588314, 18.574819], [-90.587856, 18.574585], [-90.587046, 18.574548], [-90.586468, 18.574675], [-90.585774, 18.574803], [-90.585652, 18.574817], [-90.584783, 18.574916], [-90.579208, 18.574961], [-90.577598, 18.574974], [-90.574722, 18.57497], [-90.574556, 18.57497], [-90.574439, 18.57497], [-90.573752, 18.575062], [-90.57316, 18.575366], [-90.572989, 18.575453], [-90.571949, 18.575831], [-90.571642, 18.575845], [-90.571429, 18.575854], [-90.571055, 18.575871], [-90.570908, 18.575878], [-90.570681, 18.575871], [-90.56989, 18.575847], [-90.569602, 18.575838], [-90.551572, 18.575292], [-90.551687, 18.57396], [-90.551913, 18.573009], [-90.552139, 18.571934], [-90.552481, 18.570899], [-90.552649, 18.569783], [-90.552702, 18.568916], [-90.552755, 18.567841], [-90.553272, 18.567219], [-90.553906, 18.566679], [-90.554829, 18.566054], [-90.555579, 18.565719], [-90.556388, 18.565591], [-90.557372, 18.565544], [-90.558009, 18.565623], [-90.558529, 18.565538], [-90.558816, 18.565123], [-90.55922, 18.564832], [-90.559624, 18.564706], [-90.5602, 18.564166], [-90.560255, 18.563711], [-90.560309, 18.562967], [-90.560596, 18.562387], [-90.560882, 18.561849], [-90.561284, 18.56131], [-90.561687, 18.560853], [-90.562032, 18.560479], [-90.562203, 18.559942], [-90.562026, 18.55924], [-90.56131, 18.555155], [-90.561134, 18.554619], [-90.560841, 18.553919], [-90.560433, 18.553343], [-90.559967, 18.55285], [-90.559675, 18.552356], [-90.559555, 18.551489], [-90.559723, 18.550455], [-90.559836, 18.549876], [-90.559659, 18.549258], [-90.55925, 18.548434], [-90.559189, 18.547774], [-90.559184, 18.546824], [-90.559295, 18.545997], [-90.559407, 18.545294], [-90.559173, 18.544676], [-90.558822, 18.544099], [-90.558473, 18.543647], [-90.558124, 18.543236], [-90.558063, 18.542699], [-90.55858, 18.542077], [-90.559042, 18.541868], [-90.559562, 18.541741], [-90.55979, 18.540996], [-90.559787, 18.540501], [-90.559957, 18.53988], [-90.560069, 18.539177], [-90.560124, 18.538558], [-90.560351, 18.53773], [-90.560579, 18.536985], [-90.560692, 18.536448], [-90.560862, 18.53591], [-90.560339, 18.535417], [-90.559526, 18.534802], [-90.559118, 18.534144], [-90.559055, 18.533318], [-90.559281, 18.532243], [-90.559393, 18.531581], [-90.559909, 18.530628], [-90.560484, 18.530006], [-90.561233, 18.529299], [-90.561923, 18.528552], [-90.562555, 18.527805], [-90.563131, 18.527347], [-90.563709, 18.527096], [-90.564112, 18.526722], [-90.564397, 18.52606], [-90.564509, 18.525357], [-90.564564, 18.524778], [-90.564965, 18.524074], [-90.565426, 18.523658], [-90.566233, 18.523117], [-90.566804, 18.521627], [-90.567377, 18.520674], [-90.567951, 18.519762], [-90.568523, 18.518519], [-90.569095, 18.517442], [-90.569957, 18.51624], [-90.570703, 18.515079], [-90.571103, 18.514292], [-90.571908, 18.51342], [-90.573236, 18.512834], [-90.574337, 18.5132], [-90.575148, 18.513443], [-90.575728, 18.513687], [-90.576366, 18.514014], [-90.577061, 18.514258], [-90.577869, 18.513841], [-90.579079, 18.512966], [-90.580116, 18.512217], [-90.580401, 18.511431], [-90.58115, 18.510889], [-90.581553, 18.510433], [-90.581838, 18.509811], [-90.582355, 18.509148], [-90.583048, 18.508896], [-90.583683, 18.508686], [-90.584547, 18.507896], [-90.585006, 18.507274], [-90.585524, 18.506693], [-90.585753, 18.506237], [-90.585635, 18.505825], [-90.58569, 18.505329], [-90.586152, 18.505161], [-90.586439, 18.504829], [-90.58632, 18.504292], [-90.586722, 18.503629], [-90.587181, 18.502966], [-90.587525, 18.502427], [-90.587521, 18.501683], [-90.587863, 18.500773], [-90.591913, 18.500767], [-90.592163, 18.490286], [-90.592407, 18.480038], [-90.604289, 18.479984], [-90.608797, 18.479964], [-90.61677, 18.479927], [-90.61674, 18.470115], [-90.616729, 18.466574], [-90.616683, 18.466201], [-90.616636, 18.465828], [-90.616591, 18.465414], [-90.616428, 18.465079], [-90.616094, 18.464659], [-90.615869, 18.464447], [-90.615359, 18.464106], [-90.61502, 18.46385], [-90.614738, 18.463596], [-90.614395, 18.463465], [-90.614055, 18.463251], [-90.613604, 18.462869], [-90.613266, 18.462572], [-90.613103, 18.462238], [-90.613112, 18.461949], [-90.613123, 18.461577], [-90.613134, 18.461205], [-90.613318, 18.460879], [-90.613559, 18.460553], [-90.613747, 18.460103], [-90.613825, 18.459443], [-90.613899, 18.458907], [-90.613913, 18.458453], [-90.613873, 18.457874], [-90.613947, 18.457338], [-90.613915, 18.45651], [-90.613767, 18.455681], [-90.61367, 18.455058], [-90.613631, 18.454438], [-90.613594, 18.453776], [-90.613502, 18.452988], [-90.613407, 18.452325], [-90.613421, 18.45187], [-90.613439, 18.451292], [-90.613343, 18.450629], [-90.613301, 18.450132], [-90.613142, 18.449632], [-90.613038, 18.449258], [-90.612996, 18.448761], [-90.61313, 18.448144], [-90.61337, 18.44786], [-90.613551, 18.447616], [-90.613795, 18.447208], [-90.614319, 18.447095], [-90.614726, 18.447021], [-90.615367, 18.44687], [-90.615833, 18.446756], [-90.616357, 18.446643], [-90.616886, 18.446366], [-90.617359, 18.446004], [-90.617715, 18.445722], [-90.618189, 18.44536], [-90.618886, 18.445252], [-90.619519, 18.445348], [-90.620098, 18.445319], [-90.620903, 18.44546], [-90.62177, 18.445479], [-90.62241, 18.445369], [-90.622763, 18.44517], [-90.623238, 18.444767], [-90.62377, 18.444365], [-90.624482, 18.443802], [-90.625196, 18.442827], [-90.638878, 18.442755], [-90.666905, 18.442605], [-90.690067, 18.442047], [-90.690153, 18.417049], [-90.690881, 18.33374], [-90.74668, 18.33364], [-90.794787, 18.33354], [-90.798796, 18.333531], [-90.806357, 18.295245], [-90.813125, 18.260947], [-90.813283, 18.260148], [-90.815306, 18.260455], [-90.821677, 18.261786]]]]}, "properties": {"numero": 13, "etiqueta": "Distrito local 13"}}, {"type": "Feature", "geometry": {"type": "MultiPolygon", "coordinates": [[[[-90.986864, 17.815641], [-90.986725, 17.885914], [-90.986728, 17.886766], [-90.986733, 17.888437], [-90.987555, 17.901758], [-90.987809, 17.939262], [-90.986874, 17.940329], [-90.986063, 17.940569], [-90.985249, 17.941057], [-90.984436, 17.941545], [-90.983852, 17.942119], [-90.983268, 17.942692], [-90.983261, 17.943354], [-90.983601, 17.943855], [-90.984059, 17.94419], [-90.984865, 17.944364], [-90.985676, 17.944042], [-90.986256, 17.943799], [-90.987531, 17.943316], [-90.987271, 17.955648], [-90.987954, 17.956483], [-90.988524, 17.957069], [-90.988864, 17.957569], [-90.989436, 17.958072], [-90.990239, 17.958494], [-90.991043, 17.958751], [-90.991848, 17.959008], [-90.992652, 17.959347], [-90.992993, 17.959847], [-90.993333, 17.960348], [-90.993326, 17.960927], [-90.992975, 17.961337], [-90.992624, 17.961748], [-90.992504, 17.96216], [-90.992616, 17.96241], [-90.993073, 17.962828], [-90.993531, 17.963164], [-90.993874, 17.963416], [-90.993983, 17.963997], [-90.993977, 17.964494], [-90.99397, 17.965073], [-90.993957, 17.966232], [-90.999726, 17.966375], [-91.119188, 17.965858], [-91.132005, 17.965797], [-91.133489, 17.956787], [-91.151666, 17.962261], [-91.149653, 17.966961], [-91.172145, 17.9685], [-91.172277, 17.966928], [-91.18014, 17.965595], [-91.180729, 17.97537], [-91.181778, 17.974386], [-91.182366, 17.973398], [-91.182945, 17.973238], [-91.184098, 17.973332], [-91.185249, 17.973591], [-91.18628, 17.974346], [-91.187079, 17.975182], [-91.187765, 17.97585], [-91.188679, 17.97677], [-91.189595, 17.977441], [-91.190628, 17.97803], [-91.191664, 17.978288], [-91.192468, 17.978709], [-91.193389, 17.978884], [-91.19408, 17.979056], [-91.194429, 17.978811], [-91.19478, 17.9784], [-91.194785, 17.977903], [-91.19479, 17.977407], [-91.195254, 17.977162], [-91.195716, 17.977167], [-91.196291, 17.977338], [-91.196864, 17.977757], [-91.197325, 17.977844], [-91.197905, 17.977601], [-91.198025, 17.977106], [-91.198031, 17.976609], [-91.198381, 17.976198], [-91.198617, 17.975786], [-91.199075, 17.976122], [-91.199647, 17.976624], [-91.200219, 17.977043], [-91.200679, 17.977213], [-91.201719, 17.97714], [-91.202299, 17.976897], [-91.20265, 17.976404], [-91.203115, 17.97616], [-91.203463, 17.975997], [-91.204042, 17.975754], [-91.204619, 17.975842], [-91.205196, 17.975848], [-91.205536, 17.976431], [-91.206111, 17.976602], [-91.206803, 17.976691], [-91.207382, 17.976531], [-91.208077, 17.976289], [-91.20877, 17.976212], [-91.209465, 17.976053], [-91.210043, 17.975976], [-91.210621, 17.975816], [-91.211318, 17.975408], [-91.211899, 17.975082], [-91.212476, 17.975088], [-91.21305, 17.975424], [-91.213395, 17.97551], [-91.213855, 17.97568], [-91.214546, 17.975852], [-91.215468, 17.975943], [-91.216046, 17.975949], [-91.216622, 17.976037], [-91.217312, 17.976292], [-91.217884, 17.976794], [-91.218338, 17.97746], [-91.219027, 17.97788], [-91.219712, 17.978549], [-91.220515, 17.979053], [-91.221431, 17.979807], [-91.222348, 17.980395], [-91.22315, 17.980982], [-91.224068, 17.98157], [-91.22487, 17.982074], [-91.225674, 17.982496], [-91.226364, 17.98275], [-91.227057, 17.982757], [-91.227635, 17.982679], [-91.228561, 17.982439], [-91.229485, 17.982365], [-91.230292, 17.982455], [-91.230981, 17.982793], [-91.231555, 17.983129], [-91.232128, 17.983548], [-91.232702, 17.983885], [-91.233388, 17.984471], [-91.233962, 17.984807], [-91.234537, 17.985061], [-91.235457, 17.9854], [-91.236379, 17.985492], [-91.237071, 17.985581], [-91.237646, 17.985752], [-91.238331, 17.986503], [-91.2389, 17.987336], [-91.239586, 17.988005], [-91.240271, 17.988673], [-91.240955, 17.989508], [-91.241757, 17.990177], [-91.242215, 17.990513], [-91.242901, 17.991181], [-91.24324, 17.991847], [-91.243578, 17.992678], [-91.243918, 17.993343], [-91.244026, 17.994007], [-91.244246, 17.995085], [-91.244354, 17.995831], [-91.244574, 17.996827], [-91.244858, 17.997285], [-91.245142, 17.997743], [-91.245827, 17.998494], [-91.246513, 17.999163], [-91.247314, 17.999915], [-91.248115, 18.000585], [-91.248685, 18.001252], [-91.24914, 18.001919], [-91.249019, 18.002497], [-91.249011, 18.003242], [-91.248891, 18.003738], [-91.248998, 18.004484], [-91.25002, 18.006232], [-91.250937, 18.00682], [-91.251624, 18.007406], [-91.252428, 18.007827], [-91.253346, 18.008332], [-91.254151, 18.008671], [-91.255071, 18.00901], [-91.255876, 18.009349], [-91.256681, 18.009687], [-91.257833, 18.009946], [-91.259213, 18.010455], [-91.260363, 18.01088], [-91.261283, 18.011302], [-91.262087, 18.011723], [-91.26266, 18.012142], [-91.26323, 18.01281], [-91.263915, 18.013561], [-91.264718, 18.014065], [-91.265632, 18.015067], [-91.266778, 18.015905], [-91.267697, 18.01641], [-91.26861, 18.017412], [-91.269644, 18.017918], [-91.270792, 18.018591], [-91.272173, 18.019017], [-91.273441, 18.019277], [-91.274476, 18.0197], [-91.275623, 18.020373], [-91.276657, 18.020962], [-91.277347, 18.021217], [-91.27838, 18.021805], [-91.279183, 18.022392], [-91.2801, 18.02298], [-91.281133, 18.023652], [-91.281935, 18.024238], [-91.282739, 18.024659], [-91.283654, 18.025578], [-91.284336, 18.026578], [-91.284673, 18.027575], [-91.284895, 18.028405], [-91.285118, 18.029234], [-91.285572, 18.030066], [-91.286256, 18.030901], [-91.287173, 18.031571], [-91.287975, 18.032241], [-91.288547, 18.032743], [-91.289234, 18.033328], [-91.289919, 18.034079], [-91.290838, 18.034584], [-91.291759, 18.034841], [-91.29268, 18.035098], [-91.293256, 18.035268], [-91.294061, 18.035607], [-91.294746, 18.036441], [-91.295428, 18.037523], [-91.29611, 18.038523], [-91.296909, 18.039523], [-91.297705, 18.040772], [-91.298733, 18.041858], [-91.299995, 18.042697], [-91.301143, 18.04337], [-91.302292, 18.043959], [-91.303098, 18.044215], [-91.304135, 18.044472], [-91.305284, 18.045062], [-91.306202, 18.04565], [-91.307121, 18.046072], [-91.308042, 18.046411], [-91.308848, 18.046667], [-91.309768, 18.047006], [-91.310687, 18.047511], [-91.311836, 18.0481], [-91.312411, 18.048354], [-91.313795, 18.048532], [-91.314832, 18.048789], [-91.3161, 18.049049], [-91.317137, 18.049223], [-91.318174, 18.049481], [-91.318866, 18.049653], [-91.319785, 18.050075], [-91.32082, 18.05058], [-91.32162, 18.051415], [-91.322305, 18.052167], [-91.32334, 18.052672], [-91.324028, 18.053175], [-91.324713, 18.053926], [-91.324939, 18.054425], [-91.325162, 18.055255], [-91.325043, 18.055668], [-91.32492, 18.056412], [-91.324682, 18.057072], [-91.324556, 18.058148], [-91.324549, 18.058893], [-91.325007, 18.059311], [-91.325812, 18.059649], [-91.326388, 18.05982], [-91.327076, 18.060322], [-91.327532, 18.060906], [-91.327988, 18.061489], [-91.328443, 18.062239], [-91.329014, 18.062906], [-91.329818, 18.063327], [-91.333742, 18.063182], [-91.334725, 18.063173], [-91.334956, 18.063133], [-91.335071, 18.063092], [-91.335302, 18.063051], [-91.335591, 18.063052], [-91.335879, 18.063094], [-91.335994, 18.063136], [-91.336109, 18.063178], [-91.336224, 18.063302], [-91.336397, 18.063427], [-91.336685, 18.063386], [-91.336859, 18.063263], [-91.337032, 18.063139], [-91.33732, 18.06314], [-91.337551, 18.063141], [-91.33784, 18.063141], [-91.337955, 18.063183], [-91.338127, 18.063349], [-91.338184, 18.063474], [-91.338357, 18.06364], [-91.338472, 18.063764], [-91.338645, 18.063723], [-91.338876, 18.063641], [-91.339049, 18.063559], [-91.339223, 18.063477], [-91.339338, 18.063394], [-91.339454, 18.063312], [-91.339569, 18.063312], [-91.339742, 18.063313], [-91.339915, 18.063396], [-91.34003, 18.06352], [-91.340203, 18.063604], [-91.340375, 18.063687], [-91.340491, 18.063687], [-91.340664, 18.063729], [-91.340952, 18.063771], [-91.341124, 18.063855], [-91.341298, 18.063772], [-91.341413, 18.063814], [-91.341644, 18.063815], [-91.341817, 18.063691], [-91.342048, 18.063609], [-91.342337, 18.063527], [-91.342626, 18.063404], [-91.342914, 18.063405], [-91.343202, 18.063406], [-91.343376, 18.063406], [-91.343664, 18.063407], [-91.343895, 18.063325], [-91.343953, 18.063284], [-91.344183, 18.063285], [-91.344472, 18.063285], [-91.344702, 18.063286], [-91.344933, 18.063245], [-91.345164, 18.06337], [-91.345394, 18.063454], [-91.345625, 18.063496], [-91.345855, 18.063538], [-91.346085, 18.063663], [-91.346258, 18.063746], [-91.346431, 18.063746], [-91.346489, 18.063705], [-91.346547, 18.063623], [-91.346778, 18.063458], [-91.347009, 18.063376], [-91.347355, 18.063418], [-91.347643, 18.06346], [-91.347989, 18.063503], [-91.348335, 18.063586], [-91.34868, 18.063753], [-91.348968, 18.063878], [-91.349141, 18.063961], [-91.349429, 18.064128], [-91.349717, 18.064294], [-91.349947, 18.06446], [-91.350235, 18.064585], [-91.350349, 18.064875], [-91.350464, 18.065082], [-91.350579, 18.065207], [-91.350751, 18.065373], [-91.350924, 18.065497], [-91.351096, 18.065663], [-91.351268, 18.065871], [-91.351499, 18.065954], [-91.351729, 18.066162], [-91.351902, 18.066204], [-91.352075, 18.066204], [-91.352248, 18.066122], [-91.352536, 18.066081], [-91.352593, 18.06633], [-91.352592, 18.066578], [-91.35265, 18.066661], [-91.352823, 18.06662], [-91.35288, 18.066662], [-91.353054, 18.066621], [-91.353169, 18.066621], [-91.353284, 18.066621], [-91.353399, 18.066705], [-91.353457, 18.066787], [-91.353456, 18.067036], [-91.353513, 18.067119], [-91.353513, 18.067284], [-91.353628, 18.067367], [-91.3538, 18.067451], [-91.353915, 18.067534], [-91.354088, 18.067575], [-91.354203, 18.067741], [-91.354318, 18.067866], [-91.354433, 18.068032], [-91.354663, 18.068074], [-91.354894, 18.068157], [-91.355182, 18.068158], [-91.355413, 18.0682], [-91.355701, 18.068118], [-91.355989, 18.068202], [-91.35622, 18.068244], [-91.356335, 18.068368], [-91.356508, 18.06841], [-91.356681, 18.068452], [-91.356911, 18.068494], [-91.357084, 18.068536], [-91.357199, 18.068619], [-91.357372, 18.068702], [-91.357487, 18.068868], [-91.357602, 18.068951], [-91.357775, 18.068952], [-91.358006, 18.068952], [-91.358237, 18.06887], [-91.358583, 18.06883], [-91.358814, 18.068789], [-91.358987, 18.068831], [-91.359333, 18.068832], [-91.359448, 18.068915], [-91.359794, 18.068916], [-91.359967, 18.068834], [-91.360428, 18.068877], [-91.360659, 18.06896], [-91.361062, 18.069044], [-91.361235, 18.069127], [-91.361523, 18.069211], [-91.361696, 18.069253], [-91.361811, 18.069336], [-91.362042, 18.069336], [-91.362445, 18.069338], [-91.362676, 18.069255], [-91.36285, 18.06909], [-91.36285, 18.069008], [-91.362966, 18.068801], [-91.363255, 18.068885], [-91.363427, 18.068927], [-91.363601, 18.068886], [-91.363659, 18.06872], [-91.363659, 18.068638], [-91.363659, 18.068555], [-91.363833, 18.068514], [-91.364063, 18.068556], [-91.364179, 18.068556], [-91.364409, 18.068516], [-91.36464, 18.068434], [-91.36493, 18.068227], [-91.365045, 18.068104], [-91.365103, 18.06798], [-91.365277, 18.067815], [-91.365451, 18.067691], [-91.365856, 18.067278], [-91.36603, 18.066907], [-91.366146, 18.066741], [-91.36632, 18.066452], [-91.366436, 18.066246], [-91.366436, 18.066163], [-91.366553, 18.065915], [-91.366669, 18.06575], [-91.366669, 18.065543], [-91.366785, 18.065336], [-91.366901, 18.065254], [-91.367074, 18.065213], [-91.367189, 18.065296], [-91.367246, 18.065503], [-91.367361, 18.065628], [-91.367534, 18.065794], [-91.367764, 18.065918], [-91.367994, 18.066002], [-91.368225, 18.066085], [-91.368513, 18.066169], [-91.368916, 18.066294], [-91.369204, 18.06646], [-91.369377, 18.066502], [-91.369607, 18.066544], [-91.369838, 18.066586], [-91.370011, 18.066587], [-91.370184, 18.066711], [-91.370356, 18.066836], [-91.370529, 18.066961], [-91.370702, 18.067044], [-91.37099, 18.067128], [-91.371278, 18.06717], [-91.371682, 18.067171], [-91.372085, 18.067172], [-91.372547, 18.067173], [-91.372836, 18.067009], [-91.373067, 18.066926], [-91.373298, 18.066844], [-91.373529, 18.066804], [-91.373759, 18.066763], [-91.374105, 18.066805], [-91.374393, 18.066972], [-91.374624, 18.066972], [-91.375086, 18.066891], [-91.375433, 18.066644], [-91.375722, 18.066437], [-91.375953, 18.066273], [-91.3763, 18.066025], [-91.376531, 18.065902], [-91.376878, 18.065654], [-91.377109, 18.065531], [-91.37734, 18.065325], [-91.377514, 18.065118], [-91.377688, 18.064953], [-91.377861, 18.064788], [-91.378035, 18.064623], [-91.378093, 18.064541], [-91.378382, 18.064335], [-91.378556, 18.064211], [-91.378787, 18.063963], [-91.379191, 18.063882], [-91.379595, 18.063883], [-91.379883, 18.064008], [-91.380171, 18.064091], [-91.380402, 18.064092], [-91.38069, 18.064093], [-91.381036, 18.064011], [-91.381383, 18.063929], [-91.381671, 18.063847], [-91.382018, 18.063807], [-91.382422, 18.063725], [-91.382595, 18.063643], [-91.382768, 18.063519], [-91.382999, 18.063437], [-91.383346, 18.063231], [-91.383692, 18.063356], [-91.383865, 18.063357], [-91.384038, 18.063357], [-91.384268, 18.063482], [-91.384441, 18.063607], [-91.384556, 18.063648], [-91.384786, 18.06369], [-91.38496, 18.063608], [-91.385075, 18.063526], [-91.385248, 18.063692], [-91.38542, 18.063899], [-91.385593, 18.064106], [-91.385765, 18.064231], [-91.38588, 18.064314], [-91.385937, 18.064438], [-91.38611, 18.064646], [-91.386282, 18.06477], [-91.386455, 18.064854], [-91.386628, 18.065019], [-91.386915, 18.065186], [-91.387146, 18.065352], [-91.387376, 18.065518], [-91.387606, 18.065601], [-91.387837, 18.065643], [-91.388125, 18.065603], [-91.388298, 18.065562], [-91.388529, 18.065604], [-91.388702, 18.06577], [-91.388875, 18.06577], [-91.38922, 18.065813], [-91.389509, 18.065855], [-91.389739, 18.066021], [-91.389969, 18.066146], [-91.390257, 18.066271], [-91.390372, 18.066395], [-91.390544, 18.066603], [-91.390602, 18.066727], [-91.390716, 18.066934], [-91.390831, 18.067058], [-91.390946, 18.067266], [-91.391003, 18.067431], [-91.39106, 18.067638], [-91.391117, 18.067763], [-91.391348, 18.067763], [-91.391463, 18.067846], [-91.391405, 18.06797], [-91.391347, 18.068094], [-91.391346, 18.068384], [-91.391288, 18.068508], [-91.391345, 18.068591], [-91.391345, 18.068715], [-91.391344, 18.068881], [-91.391517, 18.069088], [-91.39169, 18.068964], [-91.391747, 18.069047], [-91.39192, 18.069089], [-91.392208, 18.069297], [-91.392438, 18.069421], [-91.392611, 18.069587], [-91.392783, 18.069919], [-91.393012, 18.070209], [-91.393242, 18.070582], [-91.393529, 18.070914], [-91.393644, 18.071204], [-91.3937, 18.071452], [-91.393757, 18.071742], [-91.393871, 18.072032], [-91.393928, 18.072281], [-91.393928, 18.072487], [-91.393754, 18.072694], [-91.393523, 18.072817], [-91.393464, 18.073107], [-91.393291, 18.073189], [-91.393174, 18.073478], [-91.393116, 18.073644], [-91.392942, 18.073933], [-91.392768, 18.074139], [-91.392825, 18.074471], [-91.392939, 18.074719], [-91.392939, 18.074885], [-91.393054, 18.075092], [-91.393168, 18.075258], [-91.393283, 18.075506], [-91.393398, 18.075589], [-91.393628, 18.07588], [-91.393915, 18.076129], [-91.394088, 18.076212], [-91.394261, 18.076254], [-91.394549, 18.076337], [-91.394837, 18.076421], [-91.395125, 18.076711], [-91.395527, 18.077085], [-91.395814, 18.077458], [-91.395871, 18.07783], [-91.395928, 18.077913], [-91.3961, 18.078245], [-91.396273, 18.078411], [-91.396445, 18.078535], [-91.396791, 18.07866], [-91.397425, 18.078828], [-91.397886, 18.078994], [-91.398288, 18.079368], [-91.398634, 18.079493], [-91.398922, 18.079659], [-91.399209, 18.080032], [-91.399439, 18.08024], [-91.399612, 18.080282], [-91.399843, 18.0802], [-91.400074, 18.080117], [-91.400247, 18.080035], [-91.400479, 18.07987], [-91.400825, 18.079788], [-91.401055, 18.079996], [-91.40117, 18.080162], [-91.4014, 18.080287], [-91.401688, 18.080329], [-91.401803, 18.080536], [-91.402092, 18.08033], [-91.402323, 18.080248], [-91.402554, 18.080083], [-91.402728, 18.079918], [-91.402902, 18.079753], [-91.403133, 18.079588], [-91.403306, 18.079547], [-91.403479, 18.079465], [-91.403825, 18.07959], [-91.403882, 18.079755], [-91.404055, 18.079838], [-91.404285, 18.079922], [-91.404516, 18.079964], [-91.404805, 18.079923], [-91.405151, 18.079841], [-91.405267, 18.079718], [-91.405498, 18.07947], [-91.405499, 18.079387], [-91.405672, 18.079305], [-91.405845, 18.079223], [-91.406018, 18.079306], [-91.406191, 18.079389], [-91.406363, 18.079555], [-91.406652, 18.079473], [-91.406999, 18.079267], [-91.407115, 18.079019], [-91.407346, 18.078854], [-91.407578, 18.078565], [-91.407809, 18.078442], [-91.407866, 18.078649], [-91.407923, 18.078814], [-91.40798, 18.079021], [-91.40798, 18.079228], [-91.408094, 18.079435], [-91.408324, 18.079684], [-91.40844, 18.07956], [-91.408556, 18.079271], [-91.408672, 18.079065], [-91.408788, 18.078817], [-91.408904, 18.078693], [-91.40902, 18.078569], [-91.409193, 18.078487], [-91.409424, 18.078487], [-91.409712, 18.078488], [-91.409885, 18.078613], [-91.410058, 18.078779], [-91.410173, 18.078779], [-91.410461, 18.07878], [-91.410808, 18.078615], [-91.411154, 18.078699], [-91.411442, 18.078906], [-91.411557, 18.078824], [-91.411904, 18.078742], [-91.412077, 18.07866], [-91.412423, 18.078661], [-91.412711, 18.078868], [-91.412941, 18.079034], [-91.413171, 18.079201], [-91.41346, 18.07916], [-91.413691, 18.079036], [-91.413979, 18.079037], [-91.414152, 18.079079], [-91.414267, 18.079245], [-91.414276, 18.079328], [-91.414324, 18.079535], [-91.414323, 18.079741], [-91.414264, 18.080031], [-91.414321, 18.080197], [-91.414379, 18.080321], [-91.414493, 18.080569], [-91.414724, 18.080694], [-91.414954, 18.080736], [-91.415127, 18.080695], [-91.415358, 18.080696], [-91.415646, 18.080738], [-91.415877, 18.080863], [-91.41605, 18.080905], [-91.416223, 18.080905], [-91.416338, 18.080823], [-91.416454, 18.080781], [-91.416799, 18.080989], [-91.41703, 18.081155], [-91.417375, 18.081322], [-91.417894, 18.081489], [-91.418298, 18.081448], [-91.418587, 18.081242], [-91.418875, 18.081201], [-91.419164, 18.080954], [-91.419395, 18.080913], [-91.419742, 18.080873], [-91.42003, 18.080873], [-91.420319, 18.08075], [-91.42055, 18.080668], [-91.420839, 18.080545], [-91.42107, 18.08038], [-91.421416, 18.080256], [-91.421705, 18.080133], [-91.422051, 18.080175], [-91.422281, 18.080341], [-91.422512, 18.080425], [-91.422684, 18.080549], [-91.422915, 18.080591], [-91.423146, 18.080592], [-91.423377, 18.08051], [-91.423493, 18.080344], [-91.423493, 18.080179], [-91.423551, 18.080014], [-91.423782, 18.079973], [-91.424129, 18.07985], [-91.424302, 18.079726], [-91.424706, 18.079768], [-91.425225, 18.079728], [-91.425455, 18.079894], [-91.425628, 18.080019], [-91.425801, 18.080185], [-91.426031, 18.080351], [-91.426204, 18.080434], [-91.426319, 18.080517], [-91.426491, 18.080642], [-91.426664, 18.080808], [-91.426837, 18.080891], [-91.426894, 18.080932], [-91.427125, 18.080974], [-91.427356, 18.080975], [-91.427528, 18.081058], [-91.427759, 18.0811], [-91.427932, 18.081142], [-91.428104, 18.081308], [-91.428335, 18.081433], [-91.428565, 18.081475], [-91.428969, 18.081434], [-91.42943, 18.081518], [-91.429834, 18.081602], [-91.430411, 18.081562], [-91.430699, 18.081604], [-91.431218, 18.081688], [-91.431506, 18.08173], [-91.43168, 18.081689], [-91.432652, 18.082175], [-91.434674, 18.083187], [-91.428569, 18.083228], [-91.384069, 18.083533], [-91.3823, 18.132411], [-91.340618, 18.123063], [-91.333701, 18.121387], [-91.32412, 18.119496], [-91.314574, 18.110817], [-91.299044, 18.096694], [-91.250205, 18.096766], [-91.245483, 18.09678], [-91.245508, 18.126358], [-91.245527, 18.148748], [-91.245527, 18.149409], [-91.245527, 18.149855], [-91.245509, 18.1674], [-91.245496, 18.179594], [-91.245468, 18.206664], [-91.215962, 18.206418], [-91.215046, 18.208486], [-91.214244, 18.210306], [-91.213557, 18.211795], [-91.212753, 18.212954], [-91.211834, 18.213948], [-91.21103, 18.215024], [-91.20988, 18.216101], [-91.208731, 18.217179], [-91.207581, 18.218008], [-91.205855, 18.219169], [-91.204475, 18.220247], [-91.203094, 18.221242], [-91.202175, 18.222154], [-91.20137, 18.222982], [-91.200932, 18.223614], [-91.200451, 18.224306], [-91.199763, 18.225465], [-91.199075, 18.226954], [-91.198618, 18.228277], [-91.198161, 18.229765], [-91.197704, 18.231336], [-91.197477, 18.232824], [-91.197137, 18.234725], [-91.196911, 18.236378], [-91.196799, 18.237783], [-91.196574, 18.239601], [-91.196695, 18.241749], [-91.196815, 18.243814], [-91.196935, 18.245383], [-91.196794, 18.250684], [-91.197623, 18.255578], [-91.198428, 18.260334], [-91.199141, 18.264544], [-91.199914, 18.269107], [-91.124195, 18.281971], [-91.131811, 18.294481], [-91.11788, 18.323886], [-91.117582, 18.324514], [-91.116279, 18.327264], [-91.100283, 18.36101], [-91.09772, 18.366417], [-91.07253, 18.365793], [-91.040175, 18.365099], [-91.040417, 18.349571], [-91.040439, 18.348128], [-91.000241, 18.348217], [-90.999381, 18.348217], [-90.975238, 18.3482], [-90.969357, 18.339941], [-90.962695, 18.330584], [-90.962411, 18.330185], [-90.953618, 18.317833], [-90.953113, 18.317123], [-90.949112, 18.311502], [-90.947692, 18.309507], [-90.945412, 18.286349], [-90.912758, 18.276887], [-90.906804, 18.275161], [-90.883079, 18.268282], [-90.881302, 18.274228], [-90.855796, 18.268908], [-90.842511, 18.266136], [-90.827086, 18.262915], [-90.821677, 18.261786], [-90.815306, 18.260455], [-90.813283, 18.260148], [-90.813125, 18.260947], [-90.806357, 18.295245], [-90.798796, 18.333531], [-90.794787, 18.33354], [-90.74668, 18.33364], [-90.690881, 18.33374], [-90.690153, 18.417049], [-90.690067, 18.442047], [-90.666905, 18.442605], [-90.638878, 18.442755], [-90.625196, 18.442827], [-90.553797, 18.443184], [-90.518616, 18.44335], [-90.511863, 18.443382], [-90.508789, 18.443396], [-90.505304, 18.443412], [-90.483254, 18.443511], [-90.471036, 18.443565], [-90.467257, 18.443581], [-90.345396, 18.44396], [-90.372088, 18.317425], [-90.39316, 18.217349], [-90.397413, 18.19756], [-90.283636, 18.198722], [-90.283035, 18.166454], [-90.248812, 18.166926], [-90.236703, 18.167056], [-90.235545, 18.10504], [-90.236606, 18.074353], [-90.238593, 18.01677], [-90.240282, 17.967752], [-90.243756, 17.866672], [-90.2455, 17.815786], [-90.245521, 17.814722], [-90.417555, 17.813685], [-90.500699, 17.816369], [-90.554777, 17.815886], [-90.608736, 17.815885], [-90.633475, 17.815648], [-90.717585, 17.815349], [-90.744698, 17.815512], [-90.745277, 17.815516], [-90.745783, 17.81552], [-90.777908, 17.815709], [-90.786504, 17.815758], [-90.849634, 17.816112], [-90.986864, 17.815641]]]]}, "properties": {"numero": 14, "etiqueta": "Distrito local 14"}}, {"type": "Feature", "geometry": {"type": "MultiPolygon", "coordinates": [[[[-91.061805, 19.079656], [-91.061047, 19.080031], [-91.059111, 19.081318], [-91.058158, 19.081904], [-91.057527, 19.082219], [-91.056261, 19.082966], [-91.055475, 19.083442], [-91.054579, 19.08394], [-91.053646, 19.084471], [-91.05258, 19.085028], [-91.051028, 19.085772], [-91.050415, 19.086167], [-91.049617, 19.086616], [-91.048782, 19.087117], [-91.04795, 19.087683], [-91.04705, 19.088171], [-91.046059, 19.088729], [-91.045283, 19.089187], [-91.04457, 19.08956], [-91.04372, 19.090008], [-91.042906, 19.090441], [-91.042241, 19.090784], [-91.041522, 19.091149], [-91.040908, 19.091483], [-91.040381, 19.091786], [-91.040044, 19.091953], [-91.039461, 19.092283], [-91.038102, 19.093137], [-91.037738, 19.093445], [-91.037426, 19.093692], [-91.036878, 19.094196], [-91.036425, 19.094559], [-91.036089, 19.094886], [-91.035829, 19.095158], [-91.035425, 19.095528], [-91.035169, 19.095732], [-91.034888, 19.095896], [-91.034508, 19.096146], [-91.034137, 19.096401], [-91.033894, 19.096531], [-91.033868, 19.096545], [-91.033862, 19.096548], [-91.033666, 19.096654], [-91.033629, 19.096674], [-91.033552, 19.096716], [-91.033225, 19.096886], [-91.032915, 19.096978], [-91.03184, 19.097492], [-91.031162, 19.097854], [-91.030901, 19.098013], [-91.03071, 19.098172], [-91.030412, 19.098336], [-91.03005, 19.098477], [-91.029387, 19.098764], [-91.02875, 19.099019], [-91.028515, 19.099116], [-91.027834, 19.09951], [-91.027183, 19.099865], [-91.026435, 19.100194], [-91.025827, 19.100456], [-91.025316, 19.10079], [-91.024867, 19.101095], [-91.024287, 19.101496], [-91.024263, 19.101513], [-91.024008, 19.101694], [-91.023644, 19.101968], [-91.0231, 19.102346], [-91.022605, 19.102665], [-91.021927, 19.10313], [-91.021505, 19.103388], [-91.021255, 19.103556], [-91.021043, 19.103665], [-91.020928, 19.103793], [-91.020071, 19.104198], [-91.01942, 19.104577], [-91.017533, 19.105664], [-91.016171, 19.106356], [-91.014983, 19.106989], [-91.014178, 19.107422], [-91.013714, 19.107695], [-91.013145, 19.107989], [-91.012489, 19.108402], [-91.011982, 19.108706], [-91.011314, 19.109097], [-91.010745, 19.109406], [-91.010136, 19.109776], [-91.009495, 19.110125], [-91.008471, 19.110599], [-91.007873, 19.110908], [-91.007336, 19.111217], [-91.006661, 19.111627], [-91.005506, 19.112303], [-91.005153, 19.112494], [-91.004701, 19.112749], [-91.004246, 19.112988], [-91.003922, 19.11317], [-91.003491, 19.113347], [-91.003107, 19.113637], [-91.002777, 19.113813], [-91.002584, 19.113885], [-91.002404, 19.113978], [-91.002143, 19.11409], [-91.002018, 19.114166], [-91.00191, 19.114254], [-91.001818, 19.114324], [-91.001694, 19.114369], [-91.001387, 19.114524], [-91.000932, 19.11476], [-91.000741, 19.114943], [-91.000319, 19.115207], [-90.999916, 19.115404], [-90.999455, 19.115664], [-90.999013, 19.115879], [-90.998342, 19.116276], [-90.9981, 19.116401], [-90.997897, 19.116528], [-90.997647, 19.116757], [-90.997601, 19.116776], [-90.997376, 19.116868], [-90.997092, 19.11698], [-90.996573, 19.117172], [-90.996184, 19.117375], [-90.995853, 19.117532], [-90.995516, 19.117704], [-90.995199, 19.117905], [-90.994836, 19.118119], [-90.994419, 19.118403], [-90.993735, 19.118851], [-90.993351, 19.119127], [-90.992937, 19.11941], [-90.99239, 19.119793], [-90.991878, 19.120198], [-90.99101, 19.120964], [-90.990879, 19.12108], [-90.990755, 19.121138], [-90.990627, 19.121183], [-90.990053, 19.121628], [-90.989787, 19.121838], [-90.989515, 19.122076], [-90.989311, 19.122253], [-90.989095, 19.122408], [-90.988921, 19.122539], [-90.988658, 19.122734], [-90.988428, 19.122926], [-90.988107, 19.12316], [-90.987959, 19.123295], [-90.987831, 19.123426], [-90.987725, 19.123552], [-90.987547, 19.123735], [-90.987357, 19.123872], [-90.98714, 19.124077], [-90.986881, 19.124247], [-90.986668, 19.124384], [-90.986494, 19.124518], [-90.986363, 19.12464], [-90.986143, 19.124767], [-90.986143, 19.124767], [-90.985816, 19.124962], [-90.985616, 19.125111], [-90.985462, 19.125202], [-90.985346, 19.125273], [-90.985236, 19.125341], [-90.985049, 19.125469], [-90.984865, 19.125634], [-90.984462, 19.125929], [-90.984291, 19.126051], [-90.983993, 19.126202], [-90.983709, 19.126372], [-90.98342, 19.126579], [-90.983124, 19.126842], [-90.98294, 19.126979], [-90.9828, 19.127064], [-90.982484, 19.127323], [-90.982343, 19.127417], [-90.982245, 19.127472], [-90.982017, 19.127556], [-90.981722, 19.127747], [-90.981652, 19.127851], [-90.981567, 19.127925], [-90.981386, 19.128105], [-90.981288, 19.128166], [-90.98119, 19.128237], [-90.981038, 19.128345], [-90.980884, 19.128417], [-90.980659, 19.128523], [-90.980538, 19.128615], [-90.980443, 19.128682], [-90.980337, 19.128764], [-90.980275, 19.128822], [-90.980229, 19.12888], [-90.980186, 19.128954], [-90.980058, 19.128999], [-90.979993, 19.129044], [-90.979914, 19.129121], [-90.979815, 19.129185], [-90.979599, 19.129358], [-90.979451, 19.129449], [-90.979219, 19.12958], [-90.979045, 19.129677], [-90.978457, 19.129976], [-90.977698, 19.130379], [-90.977291, 19.130662], [-90.977209, 19.130719], [-90.976849, 19.130932], [-90.976277, 19.1312], [-90.975642, 19.131484], [-90.975233, 19.131696], [-90.975081, 19.131779], [-90.973872, 19.132441], [-90.972876, 19.133097], [-90.972107, 19.133515], [-90.971494, 19.133864], [-90.971072, 19.1341], [-90.970319, 19.134555], [-90.969725, 19.134951], [-90.968845, 19.135426], [-90.968026, 19.13593], [-90.967348, 19.136364], [-90.96703, 19.136552], [-90.966885, 19.136665], [-90.96683, 19.136707], [-90.966767, 19.136756], [-90.96662, 19.136869], [-90.966496, 19.136962], [-90.966286, 19.137118], [-90.965685, 19.137579], [-90.965037, 19.138143], [-90.964466, 19.138588], [-90.964154, 19.138853], [-90.96395, 19.139084], [-90.963828, 19.13923], [-90.963676, 19.139446], [-90.96354, 19.139641], [-90.963203, 19.140029], [-90.96283, 19.140353], [-90.96176, 19.141045], [-90.961263, 19.141334], [-90.960471, 19.141763], [-90.95938, 19.142406], [-90.958135, 19.143146], [-90.957579, 19.143455], [-90.95648, 19.14429], [-90.95607, 19.14452], [-90.955602, 19.144802], [-90.955228, 19.145039], [-90.954241, 19.14572], [-90.953681, 19.14606], [-90.953343, 19.146291], [-90.952499, 19.146776], [-90.952122, 19.146976], [-90.951739, 19.147228], [-90.951248, 19.147507], [-90.950746, 19.147807], [-90.950389, 19.148047], [-90.949826, 19.148378], [-90.94842, 19.149255], [-90.947987, 19.149534], [-90.947479, 19.149893], [-90.947023, 19.150253], [-90.946367, 19.150694], [-90.945701, 19.151147], [-90.94535, 19.151396], [-90.944731, 19.151815], [-90.944531, 19.151928], [-90.944161, 19.152167], [-90.943843, 19.152377], [-90.943555, 19.152504], [-90.943166, 19.152694], [-90.942418, 19.153214], [-90.941915, 19.153534], [-90.941487, 19.153806], [-90.94069, 19.154353], [-90.940297, 19.154593], [-90.939559, 19.155088], [-90.938652, 19.15565], [-90.938256, 19.155874], [-90.937691, 19.156297], [-90.937229, 19.156598], [-90.936812, 19.156905], [-90.936317, 19.157209], [-90.936058, 19.157434], [-90.935661, 19.15772], [-90.934795, 19.158335], [-90.934106, 19.158797], [-90.933227, 19.159445], [-90.932522, 19.159867], [-90.931846, 19.160344], [-90.93099, 19.160934], [-90.930272, 19.161411], [-90.929528, 19.161946], [-90.928724, 19.162475], [-90.928188, 19.162874], [-90.927534, 19.163299], [-90.92698, 19.163646], [-90.926294, 19.164144], [-90.926133, 19.164261], [-90.925963, 19.164385], [-90.925844, 19.164472], [-90.925713, 19.164567], [-90.925074, 19.165026], [-90.924384, 19.165491], [-90.923542, 19.16609], [-90.923147, 19.166372], [-90.922646, 19.166729], [-90.921849, 19.167264], [-90.921252, 19.167665], [-90.920694, 19.168094], [-90.920494, 19.168271], [-90.920209, 19.168438], [-90.919943, 19.168611], [-90.919454, 19.168958], [-90.919044, 19.169288], [-90.91903, 19.169299], [-90.918739, 19.169487], [-90.918158, 19.169932], [-90.917803, 19.17023], [-90.917445, 19.170498], [-90.917077, 19.1708], [-90.916785, 19.171032], [-90.916098, 19.171586], [-90.915675, 19.171884], [-90.915222, 19.172234], [-90.914628, 19.17266], [-90.913955, 19.173116], [-90.913573, 19.173365], [-90.913457, 19.173441], [-90.913421, 19.173462], [-90.913028, 19.173695], [-90.912598, 19.174006], [-90.912129, 19.174291], [-90.911867, 19.174486], [-90.911372, 19.174792], [-90.910821, 19.17516], [-90.910415, 19.175365], [-90.909749, 19.175849], [-90.909021, 19.176338], [-90.908562, 19.176651], [-90.908247, 19.176861], [-90.90765, 19.177282], [-90.907627, 19.177298], [-90.907275, 19.177579], [-90.906681, 19.177995], [-90.906126, 19.178468], [-90.905518, 19.178949], [-90.904868, 19.179445], [-90.90458, 19.179609], [-90.904071, 19.180005], [-90.90373, 19.180214], [-90.903237, 19.180601], [-90.903053, 19.180778], [-90.90277, 19.180991], [-90.902518, 19.18114], [-90.902091, 19.181453], [-90.901464, 19.18199], [-90.901231, 19.182157], [-90.901043, 19.182315], [-90.900885, 19.182456], [-90.900692, 19.182614], [-90.900186, 19.182995], [-90.899848, 19.183259], [-90.899814, 19.183286], [-90.89948, 19.183546], [-90.899286, 19.18371], [-90.899035, 19.183976], [-90.898949, 19.18412], [-90.898735, 19.184337], [-90.898626, 19.184475], [-90.898592, 19.184595], [-90.898616, 19.184738], [-90.898559, 19.184854], [-90.898496, 19.184965], [-90.898416, 19.185122], [-90.898346, 19.185257], [-90.898201, 19.185416], [-90.898094, 19.185619], [-90.898057, 19.185702], [-90.898023, 19.185815], [-90.898024, 19.185998], [-90.898015, 19.186195], [-90.897978, 19.186319], [-90.89798, 19.18643], [-90.898011, 19.186545], [-90.898042, 19.186622], [-90.898116, 19.186697], [-90.898191, 19.186707], [-90.898248, 19.186594], [-90.898287, 19.186566], [-90.898381, 19.186589], [-90.898483, 19.186741], [-90.898498, 19.186813], [-90.898497, 19.186908], [-90.89851, 19.186958], [-90.898503, 19.187007], [-90.898351, 19.187142], [-90.898155, 19.187232], [-90.897904, 19.187495], [-90.897661, 19.187702], [-90.897293, 19.188038], [-90.89703, 19.188264], [-90.896716, 19.188511], [-90.89636, 19.188781], [-90.89607, 19.189093], [-90.895497, 19.189612], [-90.895156, 19.189836], [-90.894913, 19.190007], [-90.894205, 19.190474], [-90.893981, 19.190645], [-90.893686, 19.190839], [-90.893417, 19.191077], [-90.893153, 19.191358], [-90.892804, 19.191682], [-90.892462, 19.191956], [-90.892042, 19.192306], [-90.891693, 19.192584], [-90.891174, 19.193016], [-90.890683, 19.193307], [-90.890216, 19.193667], [-90.889915, 19.193811], [-90.889699, 19.193902], [-90.889429, 19.194152], [-90.889297, 19.194336], [-90.889132, 19.194556], [-90.889, 19.194647], [-90.88886, 19.194924], [-90.888657, 19.195076], [-90.888452, 19.195302], [-90.888255, 19.195492], [-90.887776, 19.195814], [-90.887348, 19.196167], [-90.886988, 19.196446], [-90.886954, 19.196472], [-90.886633, 19.196894], [-90.886007, 19.197301], [-90.885251, 19.197898], [-90.884076, 19.198756], [-90.883834, 19.198889], [-90.883729, 19.198968], [-90.883689, 19.19906], [-90.88359, 19.199152], [-90.883439, 19.199274], [-90.883314, 19.19939], [-90.883182, 19.199487], [-90.882773, 19.199915], [-90.881944, 19.20069], [-90.881366, 19.201122], [-90.880782, 19.201529], [-90.880307, 19.202074], [-90.879696, 19.202524], [-90.879223, 19.20292], [-90.878624, 19.203439], [-90.878138, 19.203835], [-90.877612, 19.204236], [-90.877067, 19.204638], [-90.876581, 19.204985], [-90.876213, 19.205295], [-90.875732, 19.205741], [-90.875186, 19.206278], [-90.874364, 19.206949], [-90.874035, 19.207229], [-90.873679, 19.20759], [-90.873219, 19.207967], [-90.872699, 19.208431], [-90.872029, 19.208992], [-90.8713, 19.209527], [-90.870807, 19.209867], [-90.869978, 19.210618], [-90.868814, 19.21163], [-90.868096, 19.212277], [-90.86736, 19.212849], [-90.866775, 19.21338], [-90.866215, 19.213861], [-90.865517, 19.21457], [-90.864505, 19.215318], [-90.863676, 19.216094], [-90.862911, 19.21683], [-90.862451, 19.217266], [-90.862114, 19.217682], [-90.861667, 19.218041], [-90.861226, 19.218462], [-90.860621, 19.2189], [-90.859936, 19.219541], [-90.859193, 19.220175], [-90.85884, 19.220479], [-90.858501, 19.22077], [-90.858377, 19.220876], [-90.8579, 19.221303], [-90.85762, 19.221553], [-90.857068, 19.222035], [-90.856818, 19.222242], [-90.856509, 19.222486], [-90.855517, 19.223253], [-90.85495, 19.223846], [-90.854758, 19.224091], [-90.854678, 19.22425], [-90.85463, 19.224435], [-90.854595, 19.224614], [-90.8546, 19.2247], [-90.854664, 19.224757], [-90.854846, 19.224815], [-90.855572, 19.22499], [-90.855663, 19.22504], [-90.855681, 19.22514], [-90.85566, 19.225232], [-90.855568, 19.225317], [-90.855399, 19.22534], [-90.85523, 19.225244], [-90.854998, 19.225113], [-90.854733, 19.224992], [-90.854286, 19.224833], [-90.854098, 19.224812], [-90.853851, 19.224803], [-90.853417, 19.224583], [-90.853442, 19.22447], [-90.853449, 19.224302], [-90.853442, 19.224158], [-90.853408, 19.223967], [-90.853347, 19.223806], [-90.85327, 19.223663], [-90.853169, 19.223511], [-90.85306, 19.223396], [-90.852976, 19.223314], [-90.852844, 19.223211], [-90.852661, 19.223123], [-90.852422, 19.223044], [-90.852245, 19.223018], [-90.851973, 19.223024], [-90.851717, 19.223071], [-90.851439, 19.223136], [-90.851052, 19.223255], [-90.85079, 19.223358], [-90.850728, 19.223392], [-90.85071, 19.223411], [-90.849944, 19.223903], [-90.849312, 19.224538], [-90.849353, 19.224615], [-90.849604, 19.22466], [-90.850222, 19.224743], [-90.850562, 19.22464], [-90.850949, 19.224429], [-90.85101, 19.224179], [-90.851188, 19.224], [-90.851255, 19.224056], [-90.851344, 19.224016], [-90.851493, 19.22398], [-90.851571, 19.223922], [-90.851641, 19.223832], [-90.851753, 19.223921], [-90.851663, 19.224018], [-90.851629, 19.224108], [-90.851605, 19.22422], [-90.851601, 19.224327], [-90.851509, 19.224468], [-90.851514, 19.224556], [-90.851565, 19.224616], [-90.851599, 19.224612], [-90.851912, 19.224272], [-90.851995, 19.2242], [-90.852037, 19.224176], [-90.852104, 19.224168], [-90.85217, 19.224187], [-90.852215, 19.224212], [-90.853626, 19.224993], [-90.853686, 19.225048], [-90.853775, 19.225151], [-90.853791, 19.225227], [-90.853873, 19.22532], [-90.854046, 19.225401], [-90.8551, 19.225795], [-90.855277, 19.225816], [-90.855396, 19.225881], [-90.855415, 19.225957], [-90.855391, 19.226043], [-90.855343, 19.226121], [-90.855246, 19.226161], [-90.855162, 19.226157], [-90.855044, 19.226], [-90.854781, 19.225829], [-90.854299, 19.225585], [-90.85402, 19.22556], [-90.853731, 19.225683], [-90.853206, 19.225963], [-90.852767, 19.226307], [-90.852106, 19.226788], [-90.851476, 19.227409], [-90.850353, 19.228406], [-90.849306, 19.229244], [-90.848948, 19.229539], [-90.848455, 19.229971], [-90.848033, 19.230338], [-90.847779, 19.23056], [-90.84717, 19.231092], [-90.846515, 19.231637], [-90.845993, 19.232183], [-90.845628, 19.232484], [-90.845121, 19.23291], [-90.844527, 19.233347], [-90.844269, 19.233623], [-90.843701, 19.234144], [-90.8432, 19.234652], [-90.842347, 19.235448], [-90.841656, 19.23617], [-90.840986, 19.236785], [-90.840397, 19.237349], [-90.839836, 19.2378], [-90.839189, 19.238256], [-90.838053, 19.239245], [-90.837315, 19.239903], [-90.83661, 19.240676], [-90.836087, 19.241286], [-90.835437, 19.241913], [-90.834572, 19.242639], [-90.833863, 19.243215], [-90.833254, 19.243722], [-90.832687, 19.244179], [-90.831863, 19.244804], [-90.831567, 19.244972], [-90.831356, 19.245198], [-90.831066, 19.245392], [-90.83081, 19.245541], [-90.830621, 19.245697], [-90.830465, 19.245861], [-90.830195, 19.246105], [-90.829585, 19.246676], [-90.829065, 19.247139], [-90.828706, 19.247446], [-90.82811, 19.248068], [-90.827157, 19.248856], [-90.826604, 19.24929], [-90.82613, 19.249663], [-90.825474, 19.250195], [-90.824773, 19.250701], [-90.824178, 19.25117], [-90.823376, 19.25165], [-90.822748, 19.252137], [-90.821803, 19.252825], [-90.82104, 19.253362], [-90.820345, 19.253868], [-90.819597, 19.254335], [-90.818799, 19.254992], [-90.818557, 19.255154], [-90.818428, 19.255261], [-90.818332, 19.255418], [-90.818109, 19.255612], [-90.817711, 19.255868], [-90.814949, 19.257994], [-90.8137, 19.258925], [-90.812868, 19.259476], [-90.812172, 19.259946], [-90.811629, 19.260322], [-90.810636, 19.261053], [-90.809163, 19.26221], [-90.808025, 19.263117], [-90.806462, 19.264264], [-90.805305, 19.265059], [-90.8042, 19.265913], [-90.803387, 19.266477], [-90.802756, 19.266946], [-90.801959, 19.267456], [-90.801042, 19.268059], [-90.80006, 19.268815], [-90.79937, 19.269404], [-90.798501, 19.270133], [-90.79799, 19.270552], [-90.796994, 19.271318], [-90.796152, 19.272029], [-90.795199, 19.272842], [-90.794836, 19.273165], [-90.794404, 19.273527], [-90.793802, 19.274], [-90.793076, 19.274537], [-90.792416, 19.275164], [-90.791655, 19.275828], [-90.790701, 19.276639], [-90.789693, 19.277525], [-90.789203, 19.27797], [-90.788687, 19.278488], [-90.787581, 19.279468], [-90.786533, 19.280303], [-90.785992, 19.280791], [-90.7856, 19.281141], [-90.785028, 19.28164], [-90.783479, 19.282967], [-90.782849, 19.28355], [-90.781658, 19.284628], [-90.781089, 19.285161], [-90.780649, 19.285571], [-90.780138, 19.285997], [-90.779664, 19.286432], [-90.779293, 19.28672], [-90.778789, 19.287145], [-90.778332, 19.287533], [-90.778047, 19.287812], [-90.777895, 19.287995], [-90.777739, 19.288158], [-90.777462, 19.288348], [-90.777273, 19.288451], [-90.777124, 19.288617], [-90.776825, 19.288931], [-90.776479, 19.289346], [-90.775995, 19.289781], [-90.775689, 19.290117], [-90.77543, 19.290279], [-90.775074, 19.290637], [-90.774749, 19.290893], [-90.774016, 19.291709], [-90.773687, 19.29207], [-90.773261, 19.292389], [-90.772953, 19.29269], [-90.772767, 19.292856], [-90.772601, 19.293032], [-90.772367, 19.293245], [-90.772192, 19.29336], [-90.772063, 19.293505], [-90.772004, 19.29364], [-90.771834, 19.293838], [-90.771785, 19.294009], [-90.771559, 19.294162], [-90.771335, 19.294381], [-90.771111, 19.294623], [-90.770864, 19.294896], [-90.770674, 19.29505], [-90.770509, 19.295268], [-90.770396, 19.295354], [-90.770321, 19.295477], [-90.770276, 19.295565], [-90.769915, 19.295821], [-90.769424, 19.296298], [-90.7693, 19.29642], [-90.768973, 19.296743], [-90.768491, 19.297242], [-90.768353, 19.297364], [-90.768285, 19.297443], [-90.768274, 19.297519], [-90.768339, 19.297665], [-90.768467, 19.297816], [-90.768412, 19.297904], [-90.768193, 19.297794], [-90.76812, 19.297745], [-90.76791, 19.29774], [-90.767744, 19.297842], [-90.767626, 19.297955], [-90.767517, 19.298097], [-90.767415, 19.29821], [-90.7673, 19.298323], [-90.767236, 19.298378], [-90.767189, 19.298418], [-90.76705, 19.298535], [-90.766883, 19.298721], [-90.766677, 19.298883], [-90.766484, 19.299062], [-90.766372, 19.299181], [-90.766155, 19.299391], [-90.765963, 19.299551], [-90.765773, 19.299704], [-90.76561, 19.299937], [-90.765548, 19.300006], [-90.765464, 19.300087], [-90.765308, 19.300228], [-90.765067, 19.300502], [-90.764924, 19.3007], [-90.764581, 19.301108], [-90.764039, 19.301619], [-90.763747, 19.301933], [-90.763331, 19.302274], [-90.762893, 19.302757], [-90.76271, 19.302965], [-90.762635, 19.303069], [-90.762621, 19.3031], [-90.76266, 19.303196], [-90.763004, 19.30347], [-90.762983, 19.303517], [-90.762585, 19.30329], [-90.762501, 19.303343], [-90.762396, 19.303421], [-90.762261, 19.303502], [-90.76221, 19.30359], [-90.762185, 19.303673], [-90.762374, 19.303834], [-90.762471, 19.303809], [-90.762511, 19.303829], [-90.762396, 19.303923], [-90.762058, 19.303684], [-90.762014, 19.303699], [-90.761963, 19.303762], [-90.761926, 19.303825], [-90.761894, 19.30391], [-90.761488, 19.304305], [-90.760855, 19.305069], [-90.760431, 19.305537], [-90.760152, 19.305886], [-90.75981, 19.306202], [-90.759569, 19.306498], [-90.758993, 19.307056], [-90.75849, 19.307646], [-90.757825, 19.308336], [-90.757443, 19.308871], [-90.757134, 19.309223], [-90.7569, 19.309439], [-90.756794, 19.309622], [-90.756607, 19.309877], [-90.756335, 19.31022], [-90.756118, 19.310436], [-90.755906, 19.310738], [-90.755769, 19.3109], [-90.755464, 19.311285], [-90.755196, 19.311618], [-90.754986, 19.311787], [-90.754886, 19.311967], [-90.75475, 19.312137], [-90.754681, 19.312285], [-90.754501, 19.312495], [-90.754346, 19.312621], [-90.754291, 19.312737], [-90.754185, 19.312866], [-90.75354, 19.313601], [-90.753427, 19.313793], [-90.753318, 19.313922], [-90.75311, 19.314215], [-90.752897, 19.314396], [-90.752734, 19.314563], [-90.752576, 19.314862], [-90.752091, 19.315424], [-90.751729, 19.315918], [-90.750927, 19.316861], [-90.750203, 19.317731], [-90.750104, 19.317917], [-90.749906, 19.318178], [-90.749311, 19.318917], [-90.748859, 19.319439], [-90.748676, 19.319649], [-90.748487, 19.319967], [-90.748225, 19.320294], [-90.748039, 19.320441], [-90.747967, 19.320586], [-90.747804, 19.321041], [-90.74825, 19.321396], [-90.748327, 19.321445], [-90.748347, 19.321451], [-90.748649, 19.321064], [-90.748686, 19.321055], [-90.74873, 19.321072], [-90.748733, 19.321097], [-90.748387, 19.321625], [-90.747781, 19.321216], [-90.747472, 19.321342], [-90.747189, 19.321707], [-90.747086, 19.321912], [-90.747003, 19.322104], [-90.746664, 19.322437], [-90.746545, 19.322626], [-90.746494, 19.322704], [-90.746479, 19.322777], [-90.746505, 19.322844], [-90.746444, 19.322875], [-90.746178, 19.323034], [-90.745956, 19.323339], [-90.745484, 19.323911], [-90.745299, 19.324185], [-90.745075, 19.324474], [-90.744967, 19.324743], [-90.744875, 19.324875], [-90.744656, 19.32504], [-90.744449, 19.325257], [-90.744163, 19.325593], [-90.743955, 19.325892], [-90.743764, 19.32621], [-90.743496, 19.326483], [-90.743217, 19.326794], [-90.742857, 19.327177], [-90.742829, 19.327206], [-90.742431, 19.327572], [-90.742139, 19.327841], [-90.741922, 19.328092], [-90.741684, 19.32825], [-90.741569, 19.328469], [-90.741495, 19.328577], [-90.741382, 19.328701], [-90.741249, 19.32889], [-90.741183, 19.328962], [-90.741054, 19.329177], [-90.740932, 19.329328], [-90.740826, 19.329475], [-90.740754, 19.329602], [-90.740591, 19.329761], [-90.740486, 19.329893], [-90.74038, 19.330044], [-90.740314, 19.330231], [-90.740266, 19.330329], [-90.74021, 19.330465], [-90.740129, 19.330556], [-90.74004, 19.330682], [-90.73987, 19.33094], [-90.739862, 19.330981], [-90.739868, 19.331025], [-90.739821, 19.331047], [-90.739751, 19.331065], [-90.739696, 19.331157], [-90.73964, 19.331305], [-90.739548, 19.331431], [-90.739501, 19.331475], [-90.739392, 19.331623], [-90.739225, 19.331824], [-90.739157, 19.331896], [-90.739106, 19.332006], [-90.739084, 19.332136], [-90.73904, 19.332164], [-90.738972, 19.332252], [-90.738846, 19.3324], [-90.73875, 19.332577], [-90.738661, 19.332715], [-90.738542, 19.332891], [-90.738327, 19.333159], [-90.738159, 19.333468], [-90.73795, 19.333821], [-90.737657, 19.334233], [-90.737444, 19.334637], [-90.737294, 19.334876], [-90.73715, 19.335093], [-90.737098, 19.335277], [-90.736948, 19.33543], [-90.736696, 19.335805], [-90.736419, 19.336236], [-90.736176, 19.33663], [-90.735995, 19.337164], [-90.735929, 19.337329], [-90.735795, 19.337556], [-90.735557, 19.337876], [-90.735283, 19.338344], [-90.734927, 19.339024], [-90.734643, 19.339513], [-90.734536, 19.339757], [-90.734263, 19.340378], [-90.734137, 19.340546], [-90.734133, 19.340595], [-90.734153, 19.340629], [-90.734233, 19.340666], [-90.734318, 19.340749], [-90.734194, 19.340787], [-90.734089, 19.340863], [-90.733972, 19.340959], [-90.73375, 19.341227], [-90.733702, 19.341333], [-90.733671, 19.341417], [-90.733574, 19.341504], [-90.733526, 19.341666], [-90.733376, 19.34196], [-90.733228, 19.342266], [-90.733132, 19.342496], [-90.733088, 19.342534], [-90.732974, 19.3428], [-90.732822, 19.343073], [-90.732685, 19.343308], [-90.732498, 19.343743], [-90.732389, 19.343971], [-90.732314, 19.344159], [-90.732322, 19.344403], [-90.73227, 19.344506], [-90.732174, 19.344485], [-90.732023, 19.344781], [-90.731875, 19.344955], [-90.731846, 19.345081], [-90.731754, 19.345195], [-90.731628, 19.345389], [-90.731474, 19.345766], [-90.73143, 19.345897], [-90.731419, 19.346014], [-90.731365, 19.346118], [-90.731276, 19.346235], [-90.731281, 19.346309], [-90.731228, 19.346407], [-90.731138, 19.346666], [-90.731038, 19.34693], [-90.730875, 19.347303], [-90.730774, 19.347475], [-90.730664, 19.347622], [-90.730666, 19.347752], [-90.730603, 19.347851], [-90.730569, 19.34795], [-90.730523, 19.348042], [-90.730501, 19.348116], [-90.730455, 19.348159], [-90.730392, 19.34823], [-90.730351, 19.348309], [-90.730321, 19.348415], [-90.730278, 19.348506], [-90.730268, 19.348601], [-90.730209, 19.348684], [-90.730144, 19.348756], [-90.730098, 19.348926], [-90.729671, 19.349809], [-90.729542, 19.350018], [-90.729472, 19.350159], [-90.729424, 19.350259], [-90.729359, 19.350337], [-90.729133, 19.350779], [-90.729047, 19.351025], [-90.7289, 19.351298], [-90.728722, 19.351654], [-90.728588, 19.35194], [-90.728521, 19.352109], [-90.728458, 19.352263], [-90.7284, 19.352373], [-90.728364, 19.352498], [-90.728346, 19.352627], [-90.728254, 19.352819], [-90.728101, 19.353041], [-90.727994, 19.353154], [-90.728545, 19.353393], [-90.72853, 19.353421], [-90.727974, 19.353185], [-90.72776, 19.353584], [-90.727485, 19.354032], [-90.727297, 19.354364], [-90.726942, 19.354919], [-90.727181, 19.355057], [-90.72716, 19.355084], [-90.726914, 19.354937], [-90.726784, 19.355184], [-90.726405, 19.355738], [-90.726206, 19.35603], [-90.726089, 19.356271], [-90.726414, 19.356418], [-90.726432, 19.356553], [-90.726122, 19.35693], [-90.72592, 19.356803], [-90.725764, 19.356922], [-90.725604, 19.357062], [-90.725516, 19.357203], [-90.7252, 19.357682], [-90.724925, 19.357983], [-90.724789, 19.358104], [-90.724672, 19.358169], [-90.724537, 19.358259], [-90.724251, 19.358289], [-90.724126, 19.358271], [-90.72403, 19.358231], [-90.72393, 19.358197], [-90.723882, 19.358184], [-90.723722, 19.358164], [-90.723601, 19.358155], [-90.723497, 19.358153], [-90.723493, 19.35817], [-90.723436, 19.358188], [-90.723362, 19.358199], [-90.723211, 19.358185], [-90.722849, 19.358298], [-90.72263, 19.358423], [-90.72271, 19.358661], [-90.722758, 19.358805], [-90.722791, 19.359442], [-90.722887, 19.360246], [-90.722844, 19.36121], [-90.7227, 19.362106], [-90.722666, 19.362214], [-90.722435, 19.362934], [-90.722249, 19.363544], [-90.722207, 19.364028], [-90.722276, 19.36496], [-90.722513, 19.365829], [-90.722553, 19.366798], [-90.722574, 19.368039], [-90.722465, 19.369845], [-90.722506, 19.370293], [-90.722395, 19.371105], [-90.722488, 19.372068], [-90.722515, 19.37311], [-90.722567, 19.373952], [-90.722495, 19.374552], [-90.72271, 19.375817], [-90.722827, 19.3765], [-90.723275, 19.377728], [-90.723615, 19.379054], [-90.723933, 19.380481], [-90.724112, 19.381305], [-90.724756, 19.382014], [-90.72513, 19.382459], [-90.725547, 19.382845], [-90.725774, 19.383189], [-90.725974, 19.383708], [-90.72333, 19.383722], [-90.70449, 19.383814], [-90.683007, 19.383916], [-90.668288, 19.391791], [-90.66801, 19.391939], [-90.667192, 19.391898], [-90.665966, 19.391608], [-90.664856, 19.391236], [-90.66398, 19.391029], [-90.662753, 19.390821], [-90.661702, 19.390697], [-90.660067, 19.390283], [-90.659073, 19.390159], [-90.658023, 19.389745], [-90.656971, 19.389662], [-90.655745, 19.389248], [-90.654576, 19.389123], [-90.653408, 19.388958], [-90.652648, 19.388833], [-90.651538, 19.388709], [-90.650428, 19.388502], [-90.649318, 19.38846], [-90.648441, 19.388336], [-90.647623, 19.388336], [-90.646513, 19.388211], [-90.644701, 19.388045], [-90.644001, 19.387838], [-90.643417, 19.387714], [-90.642599, 19.387548], [-90.641957, 19.387217], [-90.641256, 19.387175], [-90.640435, 19.387713], [-90.639382, 19.387836], [-90.638681, 19.387878], [-90.637922, 19.387712], [-90.636986, 19.387877], [-90.634763, 19.38829], [-90.632691, 19.385907], [-90.615441, 19.388061], [-90.614549, 19.383648], [-90.604886, 19.385484], [-90.605622, 19.384108], [-90.605903, 19.383484], [-90.606125, 19.382736], [-90.606349, 19.382195], [-90.606859, 19.381278], [-90.607317, 19.380692], [-90.607476, 19.37978], [-90.607815, 19.379072], [-90.608216, 19.378611], [-90.608609, 19.377695], [-90.608892, 19.377153], [-90.609229, 19.376321], [-90.609857, 19.375485], [-90.610843, 19.375098], [-90.611486, 19.37513], [-90.612819, 19.374532], [-90.61334, 19.374276], [-90.613977, 19.373936], [-90.614614, 19.373596], [-90.615434, 19.373791], [-90.616144, 19.374318], [-90.616794, 19.374764], [-90.617613, 19.374876], [-90.618666, 19.374985], [-90.619771, 19.37472], [-90.620702, 19.3745], [-90.6214, 19.374324], [-90.622325, 19.373814], [-90.623199, 19.373678], [-90.623722, 19.373505], [-90.624362, 19.373412], [-90.625232, 19.373027], [-90.625456, 19.372486], [-90.625736, 19.371738], [-90.626304, 19.37082], [-90.626761, 19.370234], [-90.627224, 19.369979], [-90.627861, 19.36968], [-90.628321, 19.36926], [-90.628664, 19.3688], [-90.628943, 19.36801], [-90.62923, 19.367716], [-90.629571, 19.367173], [-90.628454, 19.366734], [-90.628212, 19.366242], [-90.627681, 19.365918], [-90.627265, 19.36547], [-90.627372, 19.364889], [-90.627473, 19.363977], [-90.627753, 19.36327], [-90.627972, 19.362398], [-90.628659, 19.361602], [-90.627721, 19.361368], [-90.626842, 19.361215], [-90.625904, 19.360939], [-90.624732, 19.360708], [-90.623972, 19.360637], [-90.622799, 19.360323], [-90.621919, 19.360129], [-90.620925, 19.360019], [-90.619871, 19.359828], [-90.618816, 19.359636], [-90.618397, 19.359022], [-90.617517, 19.358745], [-90.617216, 19.358212], [-90.616744, 19.357929], [-90.616331, 19.357646], [-90.616552, 19.356898], [-90.616772, 19.35615], [-90.616938, 19.355569], [-90.617272, 19.354613], [-90.617605, 19.353574], [-90.617761, 19.352455], [-90.617976, 19.351335], [-90.618423, 19.35017], [-90.618302, 19.349882], [-90.617774, 19.349724], [-90.617011, 19.349529], [-90.616072, 19.349211], [-90.615487, 19.349137], [-90.615079, 19.349226], [-90.614491, 19.348945], [-90.613904, 19.348788], [-90.613503, 19.349249], [-90.61328, 19.349872], [-90.613169, 19.350205], [-90.613695, 19.350239], [-90.61399, 19.3504], [-90.613998, 19.350896], [-90.613066, 19.351034], [-90.612013, 19.350884], [-90.611132, 19.350607], [-90.610075, 19.350209], [-90.609139, 19.350098], [-90.608201, 19.349864], [-90.607552, 19.349501], [-90.607311, 19.349049], [-90.607707, 19.348258], [-90.607636, 19.347555], [-90.607218, 19.346982], [-90.606859, 19.34645], [-90.606148, 19.34584], [-90.605327, 19.345645], [-90.604965, 19.344947], [-90.604488, 19.344333], [-90.60435, 19.343053], [-90.603831, 19.343433], [-90.603078, 19.343775], [-90.602269, 19.344324], [-90.601705, 19.345491], [-90.601425, 19.346198], [-90.601139, 19.346533], [-90.600558, 19.346707], [-90.600286, 19.316557], [-90.586743, 19.316551], [-90.583591, 19.31655], [-90.583591, 19.315789], [-90.583592, 19.299296], [-90.583592, 19.295068], [-90.583592, 19.292617], [-90.583592, 19.257111], [-90.583591, 19.250945], [-90.583591, 19.227849], [-90.583591, 19.227199], [-90.583591, 19.226384], [-90.583587, 19.169628], [-90.633908, 19.168392], [-90.633536, 19.130137], [-90.632358, 19.12941], [-90.631597, 19.129255], [-90.630895, 19.1291], [-90.629962, 19.129114], [-90.628971, 19.129129], [-90.62872, 19.128057], [-90.628529, 19.12715], [-90.628459, 19.126448], [-90.628325, 19.125416], [-90.628483, 19.124462], [-90.628583, 19.123468], [-90.628799, 19.12243], [-90.629128, 19.121226], [-90.629459, 19.120104], [-90.629725, 19.118652], [-90.629939, 19.117532], [-90.630095, 19.116372], [-90.630485, 19.115332], [-90.63059, 19.114669], [-90.63058, 19.11409], [-90.630455, 19.113554], [-90.629744, 19.112902], [-90.629159, 19.112787], [-90.628688, 19.112546], [-90.628332, 19.112179], [-90.628093, 19.11181], [-90.628432, 19.111184], [-90.628715, 19.110684], [-90.628699, 19.109774], [-90.629149, 19.108775], [-90.629367, 19.107903], [-90.629418, 19.107488], [-90.629351, 19.106952], [-90.629568, 19.106038], [-90.629674, 19.105416], [-90.629549, 19.104922], [-90.62989, 19.104379], [-90.630646, 19.104285], [-90.630987, 19.103784], [-90.631028, 19.102749], [-90.630837, 19.1018], [-90.630596, 19.101349], [-90.63018, 19.1009], [-90.629818, 19.100202], [-90.629572, 19.09942], [-90.629265, 19.098514], [-90.628903, 19.097775], [-90.62836, 19.096708], [-90.628115, 19.096049], [-90.628048, 19.095513], [-90.627745, 19.094855], [-90.627445, 19.094322], [-90.626968, 19.09375], [-90.626612, 19.093342], [-90.626138, 19.092894], [-90.625663, 19.092404], [-90.625188, 19.091874], [-90.62442, 19.091306], [-90.624698, 19.090516], [-90.62492, 19.089851], [-90.624967, 19.089188], [-90.624959, 19.088733], [-90.624663, 19.088448], [-90.624306, 19.08804], [-90.624062, 19.087423], [-90.62388, 19.087012], [-90.623468, 19.08677], [-90.622878, 19.086365], [-90.62171, 19.086217], [-90.620957, 19.086517], [-90.620433, 19.086566], [-90.619792, 19.086535], [-90.61947, 19.086498], [-90.619149, 19.086461], [-90.618392, 19.086514], [-90.617872, 19.08677], [-90.617471, 19.087189], [-90.617304, 19.087647], [-90.616729, 19.08811], [-90.616208, 19.088325], [-90.61527, 19.088008], [-90.614911, 19.087475], [-90.614846, 19.087104], [-90.614545, 19.086529], [-90.614127, 19.085915], [-90.613771, 19.085589], [-90.61341, 19.084891], [-90.613224, 19.084274], [-90.613102, 19.083903], [-90.612569, 19.083456], [-90.611515, 19.083182], [-90.61099, 19.083148], [-90.610173, 19.083078], [-90.609411, 19.082841], [-90.609059, 19.08268], [-90.608876, 19.082228], [-90.609161, 19.081852], [-90.609502, 19.081309], [-90.609726, 19.080768], [-90.609832, 19.080146], [-90.609708, 19.079693], [-90.609524, 19.079199], [-90.60928, 19.078541], [-90.608861, 19.077885], [-90.608617, 19.077268], [-90.608316, 19.076694], [-90.607952, 19.075872], [-90.607707, 19.075172], [-90.606829, 19.074937], [-90.606071, 19.074948], [-90.605257, 19.075043], [-90.604619, 19.075259], [-90.604162, 19.075803], [-90.603581, 19.075895], [-90.602588, 19.075744], [-90.601949, 19.075918], [-90.601259, 19.076425], [-90.600686, 19.077054], [-90.600229, 19.077598], [-90.600444, 19.034133], [-90.600157, 19.000666], [-90.666816, 19.000515], [-90.666697, 18.950382], [-90.723977, 18.95045], [-90.749857, 18.950475], [-90.752917, 18.950478], [-90.818612, 18.950523], [-90.833021, 18.95053], [-90.832944, 18.933599], [-90.832866, 18.916689], [-90.833011, 18.867717], [-90.858826, 18.868778], [-90.884493, 18.850451], [-90.917287, 18.883948], [-90.899244, 18.895606], [-90.891221, 18.900788], [-90.901643, 18.907069], [-90.902637, 18.907667], [-90.973477, 18.950327], [-91.000004, 18.96629], [-91.00019, 19.000499], [-91.026182, 19.000269], [-91.048874, 19.000065], [-91.083539, 19.023652], [-91.084511, 19.024404], [-91.090581, 19.0291], [-91.109848, 19.044003], [-91.110371, 19.044407], [-91.109303, 19.045895], [-91.107753, 19.046768], [-91.107709, 19.046878], [-91.107195, 19.04717], [-91.105679, 19.047951], [-91.105129, 19.048295], [-91.104612, 19.048568], [-91.104144, 19.048866], [-91.103576, 19.049202], [-91.103503, 19.049245], [-91.103317, 19.049321], [-91.102999, 19.049574], [-91.102584, 19.049718], [-91.102175, 19.049976], [-91.101822, 19.050174], [-91.101403, 19.050447], [-91.100674, 19.050866], [-91.100003, 19.051277], [-91.099376, 19.051777], [-91.098744, 19.052215], [-91.098138, 19.052673], [-91.097777, 19.052909], [-91.097421, 19.053141], [-91.096562, 19.053744], [-91.096075, 19.05407], [-91.095737, 19.05428], [-91.094998, 19.054757], [-91.09467, 19.055022], [-91.094296, 19.055269], [-91.093618, 19.055797], [-91.093243, 19.056139], [-91.092919, 19.056412], [-91.0928, 19.056511], [-91.092432, 19.056853], [-91.092189, 19.057073], [-91.09179, 19.057329], [-91.091442, 19.057634], [-91.091075, 19.057893], [-91.090708, 19.058127], [-91.090338, 19.058389], [-91.090056, 19.058633], [-91.089699, 19.058871], [-91.089167, 19.059341], [-91.08902, 19.059457], [-91.088521, 19.059835], [-91.088081, 19.060232], [-91.087606, 19.060852], [-91.087223, 19.061367], [-91.086804, 19.061956], [-91.086543, 19.062268], [-91.086113, 19.062644], [-91.085732, 19.063045], [-91.085332, 19.063377], [-91.085013, 19.063621], [-91.084675, 19.063948], [-91.084454, 19.06419], [-91.084221, 19.064385], [-91.083901, 19.064546], [-91.08351, 19.064894], [-91.08329, 19.065117], [-91.083031, 19.065362], [-91.082906, 19.065484], [-91.082852, 19.065601], [-91.082772, 19.065838], [-91.082606, 19.066081], [-91.082311, 19.066322], [-91.082006, 19.0666], [-91.081586, 19.066931], [-91.0813, 19.067227], [-91.08093, 19.067425], [-91.080317, 19.067882], [-91.079408, 19.068382], [-91.077751, 19.069496], [-91.077085, 19.070029], [-91.075411, 19.071131], [-91.074697, 19.071661], [-91.073076, 19.072719], [-91.0729, 19.072917], [-91.071616, 19.073688], [-91.071007, 19.074215], [-91.069931, 19.074747], [-91.069114, 19.075255], [-91.068049, 19.075922], [-91.066689, 19.076642], [-91.065854, 19.077192], [-91.065102, 19.077574], [-91.064408, 19.078002], [-91.063096, 19.078745], [-91.062421, 19.079282], [-91.061805, 19.079656]]]]}, "properties": {"numero": 15, "etiqueta": "Distrito local 15"}}, {"type": "Feature", "geometry": {"type": "MultiPolygon", "coordinates": [[[[-90.757585, 18.750135], [-90.758522, 18.750752], [-90.772283, 18.759804], [-90.798615, 18.777774], [-90.800496, 18.774303], [-90.806805, 18.77815], [-90.798322, 18.79717], [-90.798237, 18.805036], [-90.798184, 18.810018], [-90.781082, 18.814981], [-90.760345, 18.820997], [-90.759883, 18.829699], [-90.775838, 18.833726], [-90.816577, 18.83366], [-90.815285, 18.850493], [-90.815295, 18.867952], [-90.817466, 18.867923], [-90.833011, 18.867717], [-90.832866, 18.916689], [-90.832944, 18.933599], [-90.833021, 18.95053], [-90.818612, 18.950523], [-90.752917, 18.950478], [-90.749857, 18.950475], [-90.723977, 18.95045], [-90.666697, 18.950382], [-90.666816, 19.000515], [-90.600157, 19.000666], [-90.600444, 19.034133], [-90.600229, 19.077598], [-90.600686, 19.077054], [-90.601259, 19.076425], [-90.601949, 19.075918], [-90.602588, 19.075744], [-90.603581, 19.075895], [-90.604162, 19.075803], [-90.604619, 19.075259], [-90.605257, 19.075043], [-90.606071, 19.074948], [-90.606829, 19.074937], [-90.607707, 19.075172], [-90.607952, 19.075872], [-90.608316, 19.076694], [-90.608617, 19.077268], [-90.608861, 19.077885], [-90.60928, 19.078541], [-90.609524, 19.079199], [-90.609708, 19.079693], [-90.609832, 19.080146], [-90.609726, 19.080768], [-90.609502, 19.081309], [-90.609161, 19.081852], [-90.608876, 19.082228], [-90.609059, 19.08268], [-90.609411, 19.082841], [-90.610173, 19.083078], [-90.61099, 19.083148], [-90.611515, 19.083182], [-90.612569, 19.083456], [-90.613102, 19.083903], [-90.613224, 19.084274], [-90.61341, 19.084891], [-90.613771, 19.085589], [-90.614127, 19.085915], [-90.614545, 19.086529], [-90.614846, 19.087104], [-90.614911, 19.087475], [-90.61527, 19.088008], [-90.616208, 19.088325], [-90.616729, 19.08811], [-90.617304, 19.087647], [-90.617471, 19.087189], [-90.617872, 19.08677], [-90.618392, 19.086514], [-90.619149, 19.086461], [-90.61947, 19.086498], [-90.619792, 19.086535], [-90.620433, 19.086566], [-90.620957, 19.086517], [-90.62171, 19.086217], [-90.622878, 19.086365], [-90.623468, 19.08677], [-90.62388, 19.087012], [-90.624062, 19.087423], [-90.624306, 19.08804], [-90.624663, 19.088448], [-90.624959, 19.088733], [-90.624967, 19.089188], [-90.62492, 19.089851], [-90.624698, 19.090516], [-90.62442, 19.091306], [-90.625188, 19.091874], [-90.625663, 19.092404], [-90.626138, 19.092894], [-90.626612, 19.093342], [-90.626968, 19.09375], [-90.627445, 19.094322], [-90.627745, 19.094855], [-90.628048, 19.095513], [-90.628115, 19.096049], [-90.62836, 19.096708], [-90.628903, 19.097775], [-90.629265, 19.098514], [-90.629572, 19.09942], [-90.629818, 19.100202], [-90.63018, 19.1009], [-90.630596, 19.101349], [-90.630837, 19.1018], [-90.631028, 19.102749], [-90.630987, 19.103784], [-90.630646, 19.104285], [-90.62989, 19.104379], [-90.629549, 19.104922], [-90.629674, 19.105416], [-90.629568, 19.106038], [-90.629351, 19.106952], [-90.629418, 19.107488], [-90.629367, 19.107903], [-90.629149, 19.108775], [-90.628699, 19.109774], [-90.628715, 19.110684], [-90.628432, 19.111184], [-90.628093, 19.11181], [-90.628332, 19.112179], [-90.628688, 19.112546], [-90.629159, 19.112787], [-90.629744, 19.112902], [-90.630455, 19.113554], [-90.63058, 19.11409], [-90.63059, 19.114669], [-90.630485, 19.115332], [-90.630095, 19.116372], [-90.629939, 19.117532], [-90.629725, 19.118652], [-90.629459, 19.120104], [-90.629128, 19.121226], [-90.628799, 19.12243], [-90.628583, 19.123468], [-90.628483, 19.124462], [-90.628325, 19.125416], [-90.628459, 19.126448], [-90.628529, 19.12715], [-90.62872, 19.128057], [-90.628971, 19.129129], [-90.629962, 19.129114], [-90.630895, 19.1291], [-90.631597, 19.129255], [-90.632358, 19.12941], [-90.633536, 19.130137], [-90.633908, 19.168392], [-90.583587, 19.169628], [-90.583591, 19.226384], [-90.583591, 19.227199], [-90.583591, 19.227849], [-90.583591, 19.250945], [-90.583592, 19.257111], [-90.583592, 19.292617], [-90.583592, 19.295068], [-90.583592, 19.299296], [-90.583591, 19.315789], [-90.583591, 19.31655], [-90.586743, 19.316551], [-90.600286, 19.316557], [-90.600558, 19.346707], [-90.601139, 19.346533], [-90.601425, 19.346198], [-90.601705, 19.345491], [-90.602269, 19.344324], [-90.603078, 19.343775], [-90.603831, 19.343433], [-90.60435, 19.343053], [-90.604488, 19.344333], [-90.604965, 19.344947], [-90.605327, 19.345645], [-90.606148, 19.34584], [-90.606859, 19.34645], [-90.607218, 19.346982], [-90.607636, 19.347555], [-90.607707, 19.348258], [-90.607311, 19.349049], [-90.607552, 19.349501], [-90.608201, 19.349864], [-90.609139, 19.350098], [-90.610075, 19.350209], [-90.611132, 19.350607], [-90.612013, 19.350884], [-90.613066, 19.351034], [-90.613998, 19.350896], [-90.61399, 19.3504], [-90.613695, 19.350239], [-90.613169, 19.350205], [-90.61328, 19.349872], [-90.613503, 19.349249], [-90.613904, 19.348788], [-90.614491, 19.348945], [-90.615079, 19.349226], [-90.615487, 19.349137], [-90.616072, 19.349211], [-90.617011, 19.349529], [-90.617774, 19.349724], [-90.618302, 19.349882], [-90.618423, 19.35017], [-90.617976, 19.351335], [-90.617761, 19.352455], [-90.617605, 19.353574], [-90.617272, 19.354613], [-90.616938, 19.355569], [-90.616772, 19.35615], [-90.616552, 19.356898], [-90.616331, 19.357646], [-90.616744, 19.357929], [-90.617216, 19.358212], [-90.617517, 19.358745], [-90.618397, 19.359022], [-90.618816, 19.359636], [-90.619871, 19.359828], [-90.620925, 19.360019], [-90.621919, 19.360129], [-90.622799, 19.360323], [-90.623972, 19.360637], [-90.624732, 19.360708], [-90.625904, 19.360939], [-90.626842, 19.361215], [-90.627721, 19.361368], [-90.628659, 19.361602], [-90.627972, 19.362398], [-90.627753, 19.36327], [-90.627473, 19.363977], [-90.627372, 19.364889], [-90.627265, 19.36547], [-90.627681, 19.365918], [-90.628212, 19.366242], [-90.628454, 19.366734], [-90.629571, 19.367173], [-90.62923, 19.367716], [-90.628943, 19.36801], [-90.628664, 19.3688], [-90.628321, 19.36926], [-90.627861, 19.36968], [-90.627224, 19.369979], [-90.626761, 19.370234], [-90.626304, 19.37082], [-90.625736, 19.371738], [-90.625456, 19.372486], [-90.625232, 19.373027], [-90.624362, 19.373412], [-90.623722, 19.373505], [-90.623199, 19.373678], [-90.622325, 19.373814], [-90.6214, 19.374324], [-90.620702, 19.3745], [-90.619771, 19.37472], [-90.618666, 19.374985], [-90.617613, 19.374876], [-90.616794, 19.374764], [-90.616144, 19.374318], [-90.615434, 19.373791], [-90.614614, 19.373596], [-90.613977, 19.373936], [-90.61334, 19.374276], [-90.612819, 19.374532], [-90.611486, 19.37513], [-90.610843, 19.375098], [-90.609857, 19.375485], [-90.609229, 19.376321], [-90.608892, 19.377153], [-90.608609, 19.377695], [-90.608216, 19.378611], [-90.607815, 19.379072], [-90.607476, 19.37978], [-90.607317, 19.380692], [-90.606859, 19.381278], [-90.606349, 19.382195], [-90.606125, 19.382736], [-90.605903, 19.383484], [-90.605622, 19.384108], [-90.604886, 19.385484], [-90.614549, 19.383648], [-90.615441, 19.388061], [-90.632691, 19.385907], [-90.634763, 19.38829], [-90.636986, 19.387877], [-90.637922, 19.387712], [-90.638681, 19.387878], [-90.639382, 19.387836], [-90.640435, 19.387713], [-90.641256, 19.387175], [-90.641957, 19.387217], [-90.642599, 19.387548], [-90.643417, 19.387714], [-90.644001, 19.387838], [-90.644701, 19.388045], [-90.646513, 19.388211], [-90.647623, 19.388336], [-90.648441, 19.388336], [-90.649318, 19.38846], [-90.650428, 19.388502], [-90.651538, 19.388709], [-90.652648, 19.388833], [-90.653408, 19.388958], [-90.654576, 19.389123], [-90.655745, 19.389248], [-90.656971, 19.389662], [-90.658023, 19.389745], [-90.659073, 19.390159], [-90.660067, 19.390283], [-90.661702, 19.390697], [-90.662753, 19.390821], [-90.66398, 19.391029], [-90.664856, 19.391236], [-90.665966, 19.391608], [-90.667192, 19.391898], [-90.66801, 19.391939], [-90.668288, 19.391791], [-90.683007, 19.383916], [-90.70449, 19.383814], [-90.72333, 19.383722], [-90.725974, 19.383708], [-90.726084, 19.385653], [-90.726021, 19.386894], [-90.726015, 19.38859], [-90.726125, 19.390658], [-90.726, 19.392892], [-90.725992, 19.394961], [-90.72581, 19.396823], [-90.72563, 19.398105], [-90.725564, 19.400091], [-90.725206, 19.402201], [-90.724613, 19.404517], [-90.723786, 19.406875], [-90.723255, 19.408199], [-90.722665, 19.409565], [-90.721665, 19.411137], [-90.720193, 19.414074], [-90.719017, 19.415977], [-90.718015, 19.418128], [-90.717306, 19.419949], [-90.716482, 19.421397], [-90.715247, 19.423341], [-90.714362, 19.425616], [-90.713415, 19.428636], [-90.712819, 19.431656], [-90.712166, 19.434428], [-90.711985, 19.435834], [-90.711689, 19.436827], [-90.711393, 19.43782], [-90.710861, 19.439268], [-90.710266, 19.441998], [-90.709908, 19.443984], [-90.709844, 19.445308], [-90.710426, 19.446053], [-90.709712, 19.449279], [-90.709, 19.452092], [-90.708465, 19.45445], [-90.707636, 19.457139], [-90.706867, 19.45958], [-90.706275, 19.461235], [-90.706623, 19.462228], [-90.707086, 19.463345], [-90.707373, 19.464958], [-90.707484, 19.466406], [-90.707656, 19.46744], [-90.707417, 19.468681], [-90.707178, 19.469922], [-90.706938, 19.471494], [-90.706288, 19.473273], [-90.7057, 19.474552], [-90.705214, 19.475329], [-90.70537, 19.476682], [-90.703687, 19.480481], [-90.703604, 19.480973], [-90.703509, 19.481676], [-90.703203, 19.483081], [-90.703056, 19.484055], [-90.702977, 19.48493], [-90.702989, 19.486095], [-90.702929, 19.48698], [-90.703002, 19.489256], [-90.703064, 19.4896], [-90.703129, 19.490405], [-90.70311, 19.491723], [-90.703197, 19.492275], [-90.703278, 19.492674], [-90.703291, 19.493035], [-90.703365, 19.493876], [-90.703394, 19.494527], [-90.703528, 19.495188], [-90.703572, 19.495396], [-90.703624, 19.495776], [-90.703739, 19.497755], [-90.703799, 19.498921], [-90.703936, 19.499998], [-90.703999, 19.50026], [-90.704024, 19.500532], [-90.70407, 19.500641], [-90.704248, 19.500833], [-90.704348, 19.50115], [-90.704516, 19.501405], [-90.704711, 19.501778], [-90.704997, 19.502405], [-90.705472, 19.503205], [-90.705755, 19.50362], [-90.705864, 19.503779], [-90.706174, 19.504099], [-90.70639, 19.504301], [-90.706643, 19.504602], [-90.70704, 19.504788], [-90.707636, 19.505075], [-90.707974, 19.505405], [-90.708196, 19.505859], [-90.708417, 19.506458], [-90.708481, 19.506612], [-90.708525, 19.506902], [-90.708587, 19.507174], [-90.7088, 19.507601], [-90.709002, 19.508181], [-90.709281, 19.508618], [-90.709465, 19.509081], [-90.709544, 19.50957], [-90.709516, 19.510238], [-90.709475, 19.511086], [-90.709545, 19.511548], [-90.70972, 19.511975], [-90.709822, 19.512139], [-90.70988, 19.512232], [-90.709938, 19.512325], [-90.710353, 19.512994], [-90.710527, 19.513475], [-90.710661, 19.514127], [-90.710677, 19.514244], [-90.710756, 19.514815], [-90.7107, 19.51541], [-90.710393, 19.516291], [-90.710018, 19.517154], [-90.709918, 19.517541], [-90.70971, 19.518071], [-90.709474, 19.51861], [-90.709339, 19.519007], [-90.709186, 19.519455], [-90.708993, 19.520265], [-90.708901, 19.520743], [-90.708809, 19.521157], [-90.708726, 19.521635], [-90.708651, 19.522266], [-90.708614, 19.522853], [-90.708584, 19.523665], [-90.708679, 19.524344], [-90.708797, 19.524752], [-90.709039, 19.525116], [-90.709209, 19.525276], [-90.709378, 19.525436], [-90.709756, 19.525613], [-90.710173, 19.525808], [-90.710437, 19.525974], [-90.710877, 19.526494], [-90.711054, 19.526821], [-90.71115, 19.52741], [-90.711175, 19.527708], [-90.711002, 19.528437], [-90.710768, 19.528868], [-90.710349, 19.529513], [-90.709997, 19.530141], [-90.709682, 19.530668], [-90.709617, 19.530777], [-90.709498, 19.531128], [-90.709475, 19.531398], [-90.709404, 19.53165], [-90.7092, 19.531937], [-90.709155, 19.531993], [-90.708764, 19.532482], [-90.70859, 19.532643], [-90.708473, 19.532885], [-90.708454, 19.532976], [-90.708391, 19.533281], [-90.708353, 19.53335], [-90.708122, 19.533773], [-90.708068, 19.533873], [-90.707833, 19.534358], [-90.707683, 19.534826], [-90.707331, 19.535471], [-90.7072, 19.535948], [-90.707201, 19.536599], [-90.707326, 19.537151], [-90.707339, 19.537201], [-90.707444, 19.537613], [-90.707554, 19.537913], [-90.707861, 19.538422], [-90.707883, 19.538478], [-90.707926, 19.53859], [-90.708137, 19.53913], [-90.708093, 19.539509], [-90.708022, 19.539663], [-90.707926, 19.539868], [-90.707684, 19.540136], [-90.707424, 19.54035], [-90.70719, 19.540717], [-90.707052, 19.541067], [-90.706671, 19.541713], [-90.706456, 19.542117], [-90.706367, 19.542317], [-90.70623, 19.542628], [-90.706074, 19.543117], [-90.70606, 19.543159], [-90.70601, 19.543312], [-90.705728, 19.543771], [-90.705718, 19.543787], [-90.705459, 19.544551], [-90.705331, 19.54505], [-90.705288, 19.545186], [-90.705012, 19.545873], [-90.704831, 19.546576], [-90.704794, 19.546779], [-90.704634, 19.547657], [-90.704572, 19.548026], [-90.704388, 19.548927], [-90.704332, 19.549522], [-90.704222, 19.550524], [-90.70412, 19.551705], [-90.704105, 19.552762], [-90.704106, 19.552782], [-90.704175, 19.553829], [-90.704314, 19.554833], [-90.704502, 19.555648], [-90.70485, 19.556682], [-90.704957, 19.557037], [-90.705186, 19.557797], [-90.705265, 19.558313], [-90.705446, 19.558993], [-90.70561, 19.559473], [-90.705776, 19.559864], [-90.705972, 19.560155], [-90.705933, 19.560223], [-90.705894, 19.56029], [-90.70574, 19.560396], [-90.705548, 19.560484], [-90.70532, 19.560481], [-90.705092, 19.560442], [-90.704893, 19.560313], [-90.704631, 19.560003], [-90.70435, 19.559674], [-90.704152, 19.559509], [-90.703934, 19.559407], [-90.703525, 19.559393], [-90.703126, 19.559288], [-90.702813, 19.559176], [-90.702339, 19.559025], [-90.702141, 19.558923], [-90.701989, 19.558858], [-90.702016, 19.558994], [-90.702221, 19.559268], [-90.702703, 19.559572], [-90.703004, 19.559856], [-90.703324, 19.560158], [-90.703689, 19.560587], [-90.703874, 19.560969], [-90.70424, 19.561407], [-90.704505, 19.5615], [-90.704933, 19.561524], [-90.705413, 19.561322], [-90.705652, 19.561244], [-90.705853, 19.561156], [-90.705969, 19.561049], [-90.706171, 19.560944], [-90.706249, 19.560809], [-90.706392, 19.560757], [-90.706601, 19.560814], [-90.706793, 19.560708], [-90.707233, 19.560632], [-90.70792, 19.560559], [-90.708482, 19.560576], [-90.708833, 19.560652], [-90.709119, 19.560629], [-90.709511, 19.56058], [-90.709796, 19.560592], [-90.709994, 19.560775], [-90.710331, 19.561195], [-90.710584, 19.56146], [-90.71082, 19.561599], [-90.711296, 19.561686], [-90.711732, 19.5618], [-90.711949, 19.561974], [-90.712002, 19.562273], [-90.711796, 19.562704], [-90.711505, 19.563043], [-90.711197, 19.563265], [-90.710877, 19.563659], [-90.710229, 19.564328], [-90.709687, 19.564944], [-90.709281, 19.565345], [-90.708989, 19.565784], [-90.708658, 19.566313], [-90.708444, 19.566622], [-90.70823, 19.566931], [-90.707986, 19.567334], [-90.707724, 19.567683], [-90.707693, 19.567827], [-90.707777, 19.567936], [-90.707698, 19.568125], [-90.707371, 19.568365], [-90.707235, 19.568553], [-90.706879, 19.569442], [-90.706674, 19.569783], [-90.706524, 19.569998], [-90.706373, 19.570212], [-90.706206, 19.570572], [-90.705993, 19.57084], [-90.705826, 19.571181], [-90.705582, 19.571557], [-90.705347, 19.572042], [-90.705113, 19.572427], [-90.704789, 19.573046], [-90.704111, 19.574501], [-90.704037, 19.574622], [-90.703789, 19.575029], [-90.703497, 19.575459], [-90.703028, 19.576275], [-90.702481, 19.577235], [-90.70205, 19.578069], [-90.701709, 19.578634], [-90.701484, 19.579019], [-90.70119, 19.579602], [-90.700866, 19.580285], [-90.700628, 19.580923], [-90.700363, 19.58147], [-90.700206, 19.581784], [-90.700092, 19.581993], [-90.699981, 19.582197], [-90.699708, 19.582627], [-90.699473, 19.583103], [-90.699246, 19.583642], [-90.698922, 19.584288], [-90.698686, 19.584827], [-90.698449, 19.585366], [-90.697979, 19.586308], [-90.697596, 19.587116], [-90.697125, 19.588058], [-90.696771, 19.588794], [-90.696623, 19.589144], [-90.696477, 19.589414], [-90.69626, 19.589898], [-90.696141, 19.59024], [-90.695945, 19.590626], [-90.69565, 19.591245], [-90.695258, 19.59199], [-90.694784, 19.593149], [-90.694558, 19.59367], [-90.694351, 19.594101], [-90.693966, 19.595062], [-90.693523, 19.596041], [-90.693244, 19.596895], [-90.692977, 19.597596], [-90.692682, 19.598216], [-90.692603, 19.598432], [-90.692395, 19.598971], [-90.692178, 19.599519], [-90.691882, 19.60021], [-90.691792, 19.60048], [-90.691596, 19.600911], [-90.691151, 19.601989], [-90.690964, 19.602448], [-90.690882, 19.602835], [-90.690703, 19.603347], [-90.690515, 19.603824], [-90.69019, 19.604551], [-90.690131, 19.604722], [-90.690096, 19.605155], [-90.689865, 19.605992], [-90.689704, 19.606604], [-90.689464, 19.607332], [-90.689264, 19.608007], [-90.689222, 19.608259], [-90.689104, 19.608538], [-90.689013, 19.60888], [-90.688662, 19.610122], [-90.688293, 19.611282], [-90.688003, 19.6122], [-90.687659, 19.613604], [-90.687399, 19.614486], [-90.687097, 19.615566], [-90.686783, 19.616862], [-90.686452, 19.618682], [-90.686263, 19.619917], [-90.686136, 19.620809], [-90.68595, 19.621837], [-90.685741, 19.623785], [-90.685687, 19.624199], [-90.685613, 19.625355], [-90.685637, 19.625707], [-90.685681, 19.625988], [-90.685744, 19.626196], [-90.685795, 19.626657], [-90.685877, 19.628907], [-90.685874, 19.629097], [-90.685953, 19.629613], [-90.686064, 19.6303], [-90.686207, 19.631187], [-90.686488, 19.632166], [-90.686816, 19.633227], [-90.687194, 19.634153], [-90.687841, 19.635552], [-90.688499, 19.636834], [-90.689166, 19.638161], [-90.689752, 19.639235], [-90.690346, 19.640326], [-90.691016, 19.641464], [-90.69163, 19.642528], [-90.692435, 19.64355], [-90.69309, 19.644425], [-90.693334, 19.64469], [-90.693653, 19.645029], [-90.693992, 19.645349], [-90.694304, 19.645516], [-90.694692, 19.645692], [-90.694976, 19.645859], [-90.695202, 19.646024], [-90.695487, 19.646109], [-90.695729, 19.64618], [-90.695971, 19.646251], [-90.696322, 19.646409], [-90.696708, 19.646712], [-90.697113, 19.647051], [-90.697538, 19.647327], [-90.698152, 19.647733], [-90.698721, 19.647984], [-90.699091, 19.648079], [-90.699242, 19.64818], [-90.699372, 19.648407], [-90.699522, 19.648617], [-90.699721, 19.648683], [-90.700054, 19.648714], [-90.700426, 19.648737], [-90.700855, 19.648697], [-90.701264, 19.648811], [-90.70171, 19.648925], [-90.702004, 19.649055], [-90.702314, 19.649357], [-90.702587, 19.649605], [-90.702822, 19.649806], [-90.703306, 19.649993], [-90.703751, 19.650197], [-90.7041, 19.650437], [-90.704461, 19.65055], [-90.704782, 19.650744], [-90.705086, 19.650856], [-90.705407, 19.651086], [-90.705715, 19.651487], [-90.70576, 19.651731], [-90.705641, 19.652705], [-90.705624, 19.653247], [-90.705676, 19.653609], [-90.705815, 19.653909], [-90.706037, 19.654363], [-90.706129, 19.65459], [-90.706068, 19.654893], [-90.706026, 19.655104], [-90.706003, 19.655156], [-90.705892, 19.655398], [-90.705859, 19.655472], [-90.705741, 19.655723], [-90.705613, 19.65601], [-90.705405, 19.65655], [-90.705108, 19.657332], [-90.704851, 19.657951], [-90.704747, 19.658418], [-90.704735, 19.658449], [-90.704725, 19.658519], [-90.704699, 19.658636], [-90.70443, 19.659409], [-90.704209, 19.660192], [-90.704054, 19.661039], [-90.704032, 19.661228], [-90.703969, 19.661652], [-90.703818, 19.662246], [-90.703738, 19.663166], [-90.703728, 19.663898], [-90.703732, 19.664277], [-90.703689, 19.664602], [-90.703721, 19.665036], [-90.703877, 19.665417], [-90.704044, 19.665753], [-90.70408, 19.665907], [-90.704047, 19.666232], [-90.704127, 19.666667], [-90.704265, 19.667002], [-90.704507, 19.667376], [-90.704599, 19.667621], [-90.704723, 19.668959], [-90.704805, 19.669222], [-90.70502, 19.669523], [-90.705393, 19.670106], [-90.705845, 19.670545], [-90.70669, 19.67145], [-90.706961, 19.671833], [-90.707071, 19.672132], [-90.707075, 19.672502], [-90.706926, 19.672961], [-90.706892, 19.673295], [-90.706934, 19.673747], [-90.707069, 19.674272], [-90.707111, 19.674623], [-90.707171, 19.675132], [-90.707096, 19.675575], [-90.707088, 19.675618], [-90.707048, 19.67578], [-90.706826, 19.675949], [-90.706393, 19.676242], [-90.706016, 19.67658], [-90.705812, 19.67683], [-90.705523, 19.67707], [-90.705294, 19.677113], [-90.705053, 19.677272], [-90.704765, 19.677413], [-90.704388, 19.67776], [-90.704049, 19.678135], [-90.703718, 19.67861], [-90.703543, 19.678824], [-90.703235, 19.679073], [-90.702829, 19.67942], [-90.702413, 19.679848], [-90.702037, 19.680169], [-90.701554, 19.680623], [-90.701148, 19.680961], [-90.700732, 19.681371], [-90.700279, 19.681763], [-90.699691, 19.682225], [-90.69892, 19.682757], [-90.698332, 19.683201], [-90.698019, 19.683428], [-90.697879, 19.683529], [-90.697704, 19.683713], [-90.697521, 19.683904], [-90.697171, 19.684387], [-90.696822, 19.68478], [-90.696313, 19.685072], [-90.695821, 19.685481], [-90.695317, 19.685989], [-90.69492, 19.686445], [-90.694335, 19.687322], [-90.69372, 19.688317], [-90.693163, 19.689258], [-90.693134, 19.689313], [-90.693019, 19.689525], [-90.692752, 19.69002], [-90.692364, 19.690503], [-90.691873, 19.69084], [-90.691527, 19.691007], [-90.691094, 19.691236], [-90.690782, 19.691465], [-90.690719, 19.691511], [-90.690342, 19.69185], [-90.690091, 19.69209], [-90.689849, 19.692313], [-90.689644, 19.692626], [-90.689495, 19.693031], [-90.689453, 19.693108], [-90.689329, 19.693336], [-90.689088, 19.69354], [-90.688913, 19.693737], [-90.688775, 19.694051], [-90.688627, 19.694429], [-90.688469, 19.694761], [-90.688092, 19.695126], [-90.68758, 19.695571], [-90.687347, 19.695857], [-90.687276, 19.696181], [-90.687221, 19.696713], [-90.68716, 19.696966], [-90.686917, 19.697288], [-90.686655, 19.6976], [-90.686461, 19.697824], [-90.686331, 19.698219], [-90.686107, 19.698596], [-90.68595, 19.698874], [-90.685667, 19.699349], [-90.685375, 19.699706], [-90.685171, 19.700029], [-90.685099, 19.700371], [-90.685077, 19.700587], [-90.685048, 19.700804], [-90.685045, 19.700831], [-90.684987, 19.70099], [-90.684886, 19.701271], [-90.684734, 19.701865], [-90.684584, 19.702369], [-90.684272, 19.702826], [-90.684031, 19.702994], [-90.683311, 19.703355], [-90.682715, 19.7037], [-90.682242, 19.704082], [-90.681528, 19.704642], [-90.680748, 19.705146], [-90.680129, 19.705752], [-90.679501, 19.70634], [-90.679093, 19.706859], [-90.678742, 19.707396], [-90.678509, 19.707664], [-90.677871, 19.708297], [-90.677396, 19.708788], [-90.677017, 19.709289], [-90.676931, 19.709414], [-90.676745, 19.709682], [-90.676615, 19.710051], [-90.676611, 19.710313], [-90.676542, 19.710502], [-90.676251, 19.710832], [-90.675741, 19.711178], [-90.67525, 19.711496], [-90.674891, 19.711889], [-90.674201, 19.712801], [-90.673762, 19.713473], [-90.673439, 19.714065], [-90.673293, 19.71428], [-90.673195, 19.714423], [-90.672728, 19.715058], [-90.672155, 19.715809], [-90.671631, 19.716435], [-90.671553, 19.716551], [-90.671465, 19.716658], [-90.671387, 19.716775], [-90.6713, 19.716873], [-90.671213, 19.71698], [-90.671135, 19.717078], [-90.671048, 19.717186], [-90.670979, 19.717284], [-90.670921, 19.717392], [-90.670862, 19.71749], [-90.670803, 19.717598], [-90.670727, 19.717766], [-90.670656, 19.717921], [-90.670616, 19.718029], [-90.670566, 19.718146], [-90.670517, 19.718253], [-90.670458, 19.718388], [-90.670399, 19.718532], [-90.670359, 19.718667], [-90.670327, 19.718856], [-90.670191, 19.719017], [-90.670123, 19.719115], [-90.670046, 19.719205], [-90.669977, 19.719303], [-90.6699, 19.719392], [-90.669832, 19.719491], [-90.669763, 19.719598], [-90.669705, 19.719706], [-90.669665, 19.719832], [-90.669626, 19.719946], [-90.66962, 19.719964], [-90.669548, 19.719953], [-90.669262, 19.71991], [-90.669116, 19.719837], [-90.66736, 19.719016], [-90.667265, 19.718979], [-90.648496, 19.711565], [-90.640522, 19.708113], [-90.631594, 19.704246], [-90.623737, 19.710445], [-90.623507, 19.710626], [-90.621654, 19.71202], [-90.614658, 19.716719], [-90.617711, 19.695683], [-90.617865, 19.689723], [-90.621109, 19.685604], [-90.621543, 19.680423], [-90.621547, 19.68038], [-90.579664, 19.660449], [-90.578547, 19.657372], [-90.561232, 19.659454], [-90.566036, 19.650733], [-90.557139, 19.648856], [-90.553816, 19.656164], [-90.552765, 19.654411], [-90.544983, 19.647917], [-90.54396, 19.646978], [-90.542642, 19.645768], [-90.533432, 19.637314], [-90.509033, 19.639151], [-90.509064, 19.638504], [-90.509476, 19.629915], [-90.510963, 19.617455], [-90.550952, 19.608946], [-90.551609, 19.608547], [-90.551622, 19.607465], [-90.540336, 19.607001], [-90.513698, 19.605903], [-90.500087, 19.605341], [-90.483336, 19.60485], [-90.47154, 19.584443], [-90.460044, 19.563194], [-90.459761, 19.562671], [-90.445951, 19.537137], [-90.44363, 19.532845], [-90.442868, 19.531436], [-90.437566, 19.52163], [-90.435515, 19.517837], [-90.434041, 19.51511], [-90.43384, 19.514737], [-90.433827, 19.514715], [-90.431123, 19.509711], [-90.431028, 19.509535], [-90.430899, 19.509298], [-90.430405, 19.508384], [-90.429567, 19.506834], [-90.427683, 19.503348], [-90.426676, 19.501485], [-90.415779, 19.481323], [-90.413536, 19.477172], [-90.404885, 19.46116], [-90.362006, 19.461317], [-90.360928, 19.443469], [-90.355638, 19.442685], [-90.355135, 19.44261], [-90.326295, 19.438332], [-90.32402, 19.444982], [-90.319934, 19.45692], [-90.276457, 19.457217], [-90.275897, 19.45722], [-90.274907, 19.444416], [-90.274417, 19.438075], [-90.273381, 19.424684], [-90.272872, 19.418101], [-90.266328, 19.333362], [-90.263032, 19.283887], [-90.259931, 19.237349], [-90.255002, 19.236626], [-90.212812, 19.230433], [-90.194828, 19.22779], [-90.194463, 19.2111], [-90.166153, 19.209519], [-90.099775, 19.205795], [-90.016633, 19.201096], [-89.996681, 19.201117], [-89.922672, 19.201175], [-89.929661, 19.028661], [-90.00695, 19.053414], [-89.996114, 19.023531], [-90.156527, 19.049236], [-90.156538, 19.031375], [-90.156665, 19.021513], [-90.152096, 19.021456], [-90.152189, 19.000754], [-90.152346, 18.990036], [-90.134625, 18.989728], [-90.134442, 18.953025], [-90.100009, 18.951889], [-90.100472, 18.90825], [-90.144734, 18.908299], [-90.147705, 18.908302], [-90.147676, 18.911914], [-90.14796, 18.94], [-90.153299, 18.940283], [-90.15684, 18.907799], [-90.157891, 18.907946], [-90.158943, 18.908093], [-90.161046, 18.908387], [-90.165252, 18.908974], [-90.166444, 18.909141], [-90.167617, 18.909304], [-90.168612, 18.909444], [-90.169701, 18.909596], [-90.170676, 18.909732], [-90.172481, 18.909984], [-90.25145, 18.920995], [-90.300164, 18.92777], [-90.300123, 18.917375], [-90.29966, 18.801181], [-90.317035, 18.801222], [-90.333382, 18.801259], [-90.359619, 18.804303], [-90.466656, 18.816682], [-90.468064, 18.778126], [-90.468534, 18.763567], [-90.473332, 18.5728], [-90.484907, 18.573187], [-90.494654, 18.573512], [-90.509149, 18.573969], [-90.509838, 18.573991], [-90.509777, 18.574454], [-90.516007, 18.574741], [-90.516021, 18.574414], [-90.516067, 18.573916], [-90.517299, 18.573961], [-90.517923, 18.573993], [-90.533369, 18.574798], [-90.55492, 18.677394], [-90.55501, 18.688962], [-90.641871, 18.693401], [-90.666756, 18.705263], [-90.686429, 18.714637], [-90.679189, 18.746405], [-90.678251, 18.750516], [-90.670421, 18.789569], [-90.668367, 18.799808], [-90.667425, 18.805237], [-90.667446, 18.805232], [-90.700127, 18.797892], [-90.708331, 18.796159], [-90.71096, 18.80264], [-90.719684, 18.801324], [-90.721632, 18.787949], [-90.731459, 18.786638], [-90.731031, 18.784519], [-90.72803, 18.769667], [-90.727479, 18.76694], [-90.724579, 18.75279], [-90.726942, 18.750302], [-90.734603, 18.742026], [-90.736033, 18.740481], [-90.73916, 18.737103], [-90.757585, 18.750135]]]]}, "properties": {"numero": 16, "etiqueta": "Distrito local 16"}}, {"type": "Feature", "geometry": {"type": "MultiPolygon", "coordinates": [[[[-90.158736, 20.251544], [-90.167449, 20.251319], [-90.167371, 20.236243], [-90.167358, 20.233803], [-90.167312, 20.224917], [-90.167305, 20.223558], [-90.167383, 20.221216], [-90.170108, 20.221462], [-90.17974, 20.221617], [-90.180808, 20.221589], [-90.181175, 20.221579], [-90.182096, 20.221554], [-90.200436, 20.221746], [-90.201288, 20.251776], [-90.234094, 20.252842], [-90.24212, 20.25306], [-90.242517, 20.253053], [-90.250871, 20.253298], [-90.333976, 20.255533], [-90.351097, 20.255989], [-90.490714, 20.259642], [-90.490885, 20.263364], [-90.490475, 20.266913], [-90.491565, 20.271558], [-90.491139, 20.276099], [-90.490298, 20.277492], [-90.489648, 20.281451], [-90.489555, 20.286988], [-90.489655, 20.294926], [-90.489216, 20.300211], [-90.489311, 20.301535], [-90.489622, 20.303854], [-90.49188, 20.308516], [-90.49245, 20.309351], [-90.492173, 20.311909], [-90.491552, 20.314132], [-90.490588, 20.315855], [-90.490652, 20.318997], [-90.490266, 20.321141], [-90.48975, 20.324027], [-90.490195, 20.325356], [-90.489558, 20.328488], [-90.488831, 20.330048], [-90.489975, 20.33147], [-90.491681, 20.334223], [-90.49601, 20.340816], [-90.495066, 20.342108], [-90.493499, 20.344252], [-90.491134, 20.345954], [-90.487862, 20.347536], [-90.491562, 20.348275], [-90.492474, 20.349611], [-90.491853, 20.351834], [-90.490637, 20.354627], [-90.490242, 20.357267], [-90.486023, 20.364977], [-90.485017, 20.369178], [-90.482809, 20.375346], [-90.485061, 20.380422], [-90.486943, 20.386566], [-90.48818, 20.389477], [-90.488258, 20.391793], [-90.489043, 20.393706], [-90.490327, 20.400751], [-90.490733, 20.404395], [-90.485847, 20.409945], [-90.487731, 20.409146], [-90.48999, 20.406864], [-90.491281, 20.406552], [-90.492687, 20.406324], [-90.492766, 20.408557], [-90.492115, 20.412516], [-90.492648, 20.415582], [-90.493637, 20.419317], [-90.493943, 20.421966], [-90.489367, 20.422975], [-90.486909, 20.423188], [-90.485257, 20.424073], [-90.483054, 20.423049], [-90.480677, 20.425329], [-90.481978, 20.424439], [-90.483737, 20.424134], [-90.48548, 20.424738], [-90.486778, 20.424012], [-90.489592, 20.423474], [-90.492045, 20.423592], [-90.494263, 20.42379], [-90.4965, 20.429774], [-90.496992, 20.435237], [-90.493191, 20.43882], [-90.492553, 20.441952], [-90.492684, 20.448071], [-90.487947, 20.45164], [-90.48852, 20.45231], [-90.489093, 20.45298], [-90.493015, 20.449234], [-90.495217, 20.45034], [-90.496184, 20.455397], [-90.494157, 20.457765], [-90.495676, 20.457787], [-90.497117, 20.455575], [-90.498187, 20.454516], [-90.500056, 20.454626], [-90.500846, 20.456291], [-90.50187, 20.457959], [-90.501344, 20.461423], [-90.502815, 20.464338], [-90.501598, 20.467131], [-90.500979, 20.469189], [-90.499675, 20.470245], [-90.494641, 20.470585], [-90.488358, 20.468758], [-90.487586, 20.466019], [-90.487471, 20.465935], [-90.485635, 20.463842], [-90.482462, 20.464788], [-90.480922, 20.466005], [-90.479502, 20.466977], [-90.479274, 20.466643], [-90.477126, 20.469174], [-90.475095, 20.471707], [-90.475042, 20.474848], [-90.47684, 20.472229], [-90.478726, 20.471347], [-90.481879, 20.471558], [-90.484316, 20.472668], [-90.48605, 20.47385], [-90.488829, 20.475461], [-90.48996, 20.47771], [-90.491689, 20.479223], [-90.49343, 20.479992], [-90.495196, 20.479273], [-90.496025, 20.478624], [-90.494401, 20.477857], [-90.495825, 20.476637], [-90.497724, 20.475011], [-90.499853, 20.473554], [-90.500925, 20.472412], [-90.501499, 20.472999], [-90.50229, 20.474664], [-90.501906, 20.476642], [-90.502446, 20.479295], [-90.502255, 20.483674], [-90.503248, 20.48716], [-90.502509, 20.489382], [-90.50069, 20.493241], [-90.501371, 20.494491], [-90.50145, 20.496724], [-90.501405, 20.499369], [-90.501515, 20.499784], [-90.500552, 20.501423], [-90.498881, 20.503383], [-90.497431, 20.506173], [-90.496317, 20.509794], [-90.494959, 20.51399], [-90.493853, 20.517116], [-90.493897, 20.521415], [-90.493496, 20.524385], [-90.492146, 20.528086], [-90.489395, 20.531683], [-90.488423, 20.533818], [-90.488016, 20.537119], [-90.487049, 20.538924], [-90.486309, 20.541145], [-90.48523, 20.5427], [-90.484848, 20.544513], [-90.484118, 20.546156], [-90.483962, 20.548468], [-90.483455, 20.550776], [-90.482844, 20.552255], [-90.481569, 20.553492], [-90.481417, 20.553639], [-90.481611, 20.555957], [-90.480866, 20.558509], [-90.47943, 20.560389], [-90.477871, 20.562598], [-90.475968, 20.564389], [-90.474645, 20.566519], [-90.473467, 20.566998], [-90.473314, 20.569062], [-90.47165, 20.570609], [-90.471988, 20.571358], [-90.471484, 20.573417], [-90.4704, 20.57522], [-90.46916, 20.579335], [-90.467472, 20.582203], [-90.465798, 20.584328], [-90.464469, 20.586706], [-90.463845, 20.589011], [-90.46279, 20.589078], [-90.462181, 20.590475], [-90.463093, 20.591894], [-90.46319, 20.593052], [-90.462211, 20.595518], [-90.461207, 20.599471], [-90.460244, 20.601027], [-90.458453, 20.603068], [-90.456902, 20.604781], [-90.456872, 20.606516], [-90.456723, 20.608415], [-90.456461, 20.609982], [-90.455851, 20.611461], [-90.455367, 20.612363], [-90.453135, 20.612826], [-90.452537, 20.613562], [-90.452152, 20.61554], [-90.453206, 20.615473], [-90.45485, 20.615166], [-90.455658, 20.61584], [-90.455247, 20.619305], [-90.453454, 20.621428], [-90.45378, 20.622921], [-90.452806, 20.625056], [-90.451485, 20.62702], [-90.450988, 20.628666], [-90.450714, 20.630977], [-90.449293, 20.631948], [-90.448458, 20.632845], [-90.448423, 20.634828], [-90.448857, 20.636819], [-90.447999, 20.639038], [-90.446696, 20.639928], [-90.446188, 20.642235], [-90.446157, 20.64397], [-90.445992, 20.646778], [-90.445737, 20.647932], [-90.446064, 20.649342], [-90.445804, 20.650826], [-90.445891, 20.652563], [-90.446329, 20.654306], [-90.446505, 20.657615], [-90.446241, 20.659347], [-90.44598, 20.660914], [-90.445439, 20.661732], [-90.444898, 20.662551], [-90.44474, 20.664863], [-90.444597, 20.666349], [-90.444573, 20.667754], [-90.44502, 20.669001], [-90.444861, 20.671395], [-90.444942, 20.673463], [-90.443728, 20.675925], [-90.442529, 20.677561], [-90.441682, 20.679119], [-90.441657, 20.680524], [-90.441863, 20.68218], [-90.442071, 20.683671], [-90.441467, 20.684737], [-90.441876, 20.685256], [-90.442513, 20.685165], [-90.443687, 20.685018], [-90.444639, 20.684122], [-90.445129, 20.68289], [-90.445964, 20.681993], [-90.446546, 20.682167], [-90.446862, 20.684238], [-90.446951, 20.68581], [-90.44716, 20.687301], [-90.446548, 20.68878], [-90.446245, 20.689395], [-90.445985, 20.689922], [-90.445941, 20.690011], [-90.445787, 20.690484], [-90.445709, 20.690722], [-90.445632, 20.690957], [-90.445323, 20.691903], [-90.444475, 20.693544], [-90.44504, 20.694709], [-90.445487, 20.695956], [-90.445822, 20.69687], [-90.445332, 20.698103], [-90.444722, 20.699499], [-90.443987, 20.701389], [-90.443398, 20.701546], [-90.442832, 20.700463], [-90.442981, 20.698647], [-90.443119, 20.697409], [-90.443258, 20.696171], [-90.443629, 20.695019], [-90.44305, 20.69468], [-90.442223, 20.695081], [-90.441388, 20.695978], [-90.440654, 20.697785], [-90.440736, 20.69977], [-90.440467, 20.70175], [-90.440791, 20.703326], [-90.440743, 20.706053], [-90.440696, 20.70878], [-90.440649, 20.711425], [-90.440733, 20.713327], [-90.4413, 20.71441], [-90.441273, 20.71598], [-90.440783, 20.717213], [-90.441833, 20.717394], [-90.442524, 20.718066], [-90.441805, 20.719047], [-90.442495, 20.719719], [-90.443675, 20.71924], [-90.444872, 20.71777], [-90.445947, 20.716546], [-90.446314, 20.715642], [-90.447054, 20.713504], [-90.447667, 20.711942], [-90.447686, 20.710868], [-90.448062, 20.709468], [-90.448667, 20.70832], [-90.449163, 20.706757], [-90.450014, 20.704951], [-90.450627, 20.703389], [-90.451137, 20.701], [-90.451996, 20.698698], [-90.452028, 20.69688], [-90.452173, 20.694861], [-90.452213, 20.69378], [-90.452152, 20.693135], [-90.452116, 20.692979], [-90.451709, 20.69154], [-90.451595, 20.691246], [-90.451345, 20.690433], [-90.451341, 20.690397], [-90.45131, 20.690156], [-90.450352, 20.685549], [-90.45046, 20.684839], [-90.451511, 20.684839], [-90.453256, 20.689481], [-90.453973, 20.690427], [-90.454117, 20.690841], [-90.454622, 20.692144], [-90.455023, 20.692744], [-90.456103, 20.698263], [-90.45582, 20.701069], [-90.454957, 20.703536], [-90.454203, 20.706501], [-90.453096, 20.709543], [-90.452349, 20.712095], [-90.451006, 20.715216], [-90.449681, 20.717345], [-90.44754, 20.719215], [-90.445297, 20.720256], [-90.443627, 20.721967], [-90.441972, 20.722852], [-90.440304, 20.72448], [-90.438523, 20.725859], [-90.436391, 20.727233], [-90.435084, 20.728288], [-90.434251, 20.729019], [-90.433859, 20.731328], [-90.433844, 20.732237], [-90.432171, 20.734113], [-90.431089, 20.735668], [-90.4307, 20.737811], [-90.429817, 20.741435], [-90.430253, 20.74326], [-90.430818, 20.744426], [-90.431021, 20.746247], [-90.430655, 20.747068], [-90.429124, 20.747542], [-90.427601, 20.747519], [-90.425609, 20.747571], [-90.423144, 20.747865], [-90.422081, 20.748345], [-90.421121, 20.749653], [-90.419458, 20.750951], [-90.418846, 20.75243], [-90.418009, 20.753409], [-90.416714, 20.753803], [-90.415645, 20.754613], [-90.414932, 20.755181], [-90.413975, 20.756324], [-90.41314, 20.757138], [-90.412302, 20.7582], [-90.411814, 20.759267], [-90.41121, 20.760333], [-90.410835, 20.76165], [-90.411167, 20.762729], [-90.411029, 20.763884], [-90.410425, 20.76495], [-90.409822, 20.765933], [-90.409101, 20.766914], [-90.408621, 20.767568], [-90.407421, 20.769203], [-90.407276, 20.770771], [-90.40748, 20.772428], [-90.407089, 20.774653], [-90.40683, 20.776055], [-90.406571, 20.777456], [-90.406264, 20.778278], [-90.405956, 20.7791], [-90.404766, 20.780157], [-90.403457, 20.781294], [-90.402265, 20.782433], [-90.40119, 20.783574], [-90.400243, 20.784138], [-90.39906, 20.784782], [-90.398447, 20.78626], [-90.397831, 20.787987], [-90.396959, 20.790867], [-90.397703, 20.795176], [-90.397675, 20.796747], [-90.397282, 20.799055], [-90.396781, 20.800866], [-90.396517, 20.802515], [-90.396493, 20.803837], [-90.395992, 20.805648], [-90.39526, 20.80729], [-90.39464, 20.809182], [-90.393545, 20.81148], [-90.392567, 20.813697], [-90.391261, 20.814669], [-90.390758, 20.816562], [-90.390147, 20.817958], [-90.389651, 20.819521], [-90.388801, 20.821161], [-90.388312, 20.822311], [-90.387358, 20.823206], [-90.38773, 20.822054], [-90.387754, 20.820732], [-90.387769, 20.819906], [-90.387422, 20.819653], [-90.387057, 20.820391], [-90.386112, 20.82079], [-90.385512, 20.821607], [-90.385377, 20.822597], [-90.385246, 20.823339], [-90.385222, 20.824661], [-90.38508, 20.826064], [-90.385176, 20.827223], [-90.38527, 20.828547], [-90.385482, 20.82979], [-90.385575, 20.831114], [-90.385784, 20.832522], [-90.385884, 20.833516], [-90.386209, 20.835009], [-90.387966, 20.835036], [-90.388114, 20.833302], [-90.387572, 20.830897], [-90.387472, 20.829903], [-90.387161, 20.827667], [-90.388008, 20.826192], [-90.389104, 20.823894], [-90.390542, 20.822097], [-90.392455, 20.819977], [-90.393073, 20.818168], [-90.392986, 20.816514], [-90.393352, 20.815693], [-90.394203, 20.81397], [-90.395293, 20.812002], [-90.396604, 20.810783], [-90.397809, 20.8089], [-90.399399, 20.805204], [-90.400159, 20.801992], [-90.400559, 20.79927], [-90.400974, 20.795722], [-90.401976, 20.7921], [-90.402835, 20.789881], [-90.404408, 20.787095], [-90.406429, 20.785472], [-90.408935, 20.782865], [-90.409799, 20.780398], [-90.410291, 20.779083], [-90.410198, 20.777759], [-90.410811, 20.776198], [-90.412581, 20.77548], [-90.413867, 20.775665], [-90.414316, 20.776747], [-90.414651, 20.777661], [-90.414635, 20.77857], [-90.415337, 20.778663], [-90.41593, 20.778259], [-90.415952, 20.777019], [-90.415501, 20.77602], [-90.41493, 20.775185], [-90.414239, 20.774514], [-90.413432, 20.773757], [-90.412739, 20.773168], [-90.412754, 20.772342], [-90.413489, 20.770534], [-90.413982, 20.769137], [-90.414483, 20.767326], [-90.415811, 20.765114], [-90.41742, 20.760261], [-90.419214, 20.758139], [-90.422309, 20.755375], [-90.424806, 20.753263], [-90.427877, 20.751821], [-90.431051, 20.751208], [-90.43421, 20.75142], [-90.435602, 20.752185], [-90.436503, 20.754265], [-90.437867, 20.7566], [-90.438768, 20.75868], [-90.438605, 20.761323], [-90.43822, 20.763218], [-90.43714, 20.76469], [-90.436635, 20.766749], [-90.435899, 20.768639], [-90.43518, 20.769538], [-90.43399, 20.770595], [-90.434093, 20.771423], [-90.432907, 20.772232], [-90.431482, 20.773285], [-90.429938, 20.774502], [-90.429336, 20.775402], [-90.428615, 20.776466], [-90.428121, 20.777864], [-90.427167, 20.778841], [-90.426555, 20.78032], [-90.426533, 20.781559], [-90.426027, 20.783701], [-90.425431, 20.784271], [-90.424817, 20.785832], [-90.42444, 20.787314], [-90.423943, 20.788877], [-90.423333, 20.790274], [-90.422844, 20.791423], [-90.422124, 20.792405], [-90.421869, 20.793558], [-90.422198, 20.794803], [-90.421589, 20.796116], [-90.420623, 20.797755], [-90.420102, 20.800723], [-90.419598, 20.802699], [-90.418737, 20.805001], [-90.417992, 20.807387], [-90.417486, 20.809446], [-90.416987, 20.811174], [-90.416479, 20.813398], [-90.414313, 20.816589], [-90.413229, 20.818226], [-90.412495, 20.819951], [-90.41176, 20.821758], [-90.411385, 20.823075], [-90.410408, 20.825292], [-90.409612, 20.827223], [-90.408816, 20.829153], [-90.408267, 20.830385], [-90.407717, 20.831616], [-90.407286, 20.832808], [-90.406854, 20.834], [-90.406352, 20.835894], [-90.405744, 20.837125], [-90.405616, 20.837743], [-90.405487, 20.838361], [-90.405235, 20.844393], [-90.402173, 20.843613], [-90.40108, 20.843319], [-90.386063, 20.841136], [-90.383056, 20.840609], [-90.371046, 20.838501], [-90.374697, 20.625387], [-90.375866, 20.547755], [-90.333185, 20.546457], [-90.20192, 20.5424], [-90.226731, 20.484275], [-90.231415, 20.466337], [-90.185681, 20.452815], [-90.147289, 20.439846], [-90.103376, 20.426512], [-90.103318, 20.4265], [-90.101467, 20.426109], [-90.080667, 20.421716], [-90.072644, 20.43316], [-90.049798, 20.45747], [-90.018909, 20.521006], [-89.930384, 20.52114], [-89.93024, 20.428388], [-89.882668, 20.428516], [-89.773727, 20.428334], [-89.773781, 20.417467], [-89.783252, 20.417572], [-89.783185, 20.389746], [-89.799971, 20.389766], [-89.872042, 20.298568], [-89.852259, 20.274856], [-89.813167, 20.216308], [-89.82534, 20.197732], [-89.836535, 20.180612], [-89.840973, 20.173822], [-89.846268, 20.165723], [-89.846817, 20.164883], [-89.847366, 20.164042], [-89.849882, 20.157953], [-89.846362, 20.186093], [-89.843458, 20.209278], [-89.843328, 20.212296], [-89.843179, 20.212694], [-89.841354, 20.217456], [-89.841752, 20.220316], [-89.840248, 20.237725], [-89.83763, 20.248581], [-89.840683, 20.251031], [-89.87554, 20.253098], [-89.875666, 20.253105], [-89.874797, 20.262257], [-89.877316, 20.263786], [-89.879756, 20.265267], [-89.897464, 20.270657], [-89.909864, 20.274287], [-89.91082, 20.275106], [-89.915094, 20.276961], [-89.921643, 20.278827], [-89.923348, 20.279567], [-89.926989, 20.281172], [-89.928789, 20.281919], [-89.929319, 20.282189], [-89.929584, 20.282324], [-89.932385, 20.284494], [-89.95907, 20.30517], [-89.962872, 20.309607], [-89.962902, 20.309628], [-89.977572, 20.321094], [-89.979364, 20.30316], [-89.989768, 20.30447], [-89.997943, 20.305499], [-89.994176, 20.326211], [-89.993148, 20.336727], [-89.993026, 20.337976], [-90.008337, 20.339587], [-90.013752, 20.340169], [-90.016916, 20.340547], [-90.01829, 20.340674], [-90.020074, 20.34082], [-90.02213, 20.340981], [-90.032994, 20.342033], [-90.037586, 20.342499], [-90.037742, 20.342532], [-90.037792, 20.34253], [-90.03796, 20.342556], [-90.042297, 20.342941], [-90.042782, 20.342985], [-90.051353, 20.343906], [-90.053622, 20.34415], [-90.054686, 20.344264], [-90.054748, 20.34427], [-90.054974, 20.344294], [-90.056891, 20.344505], [-90.061979, 20.345066], [-90.062267, 20.345098], [-90.074987, 20.346499], [-90.074651, 20.347733], [-90.074457, 20.34765], [-90.072164, 20.350032], [-90.074285, 20.352435], [-90.077664, 20.348146], [-90.076324, 20.347812], [-90.076505, 20.346591], [-90.080318, 20.34693], [-90.080771, 20.342489], [-90.081072, 20.339539], [-90.081483, 20.335524], [-90.081832, 20.332081], [-90.081881, 20.331607], [-90.081902, 20.331386], [-90.081951, 20.331061], [-90.081998, 20.330748], [-90.082873, 20.328201], [-90.087062, 20.315958], [-90.091071, 20.316249], [-90.099649, 20.309061], [-90.102192, 20.300809], [-90.109565, 20.276872], [-90.11119, 20.277214], [-90.121413, 20.278587], [-90.122455, 20.267426], [-90.124678, 20.267608], [-90.126188, 20.267727], [-90.126669, 20.264145], [-90.131882, 20.265125], [-90.135006, 20.265161], [-90.134561, 20.254051], [-90.150347, 20.248775], [-90.156457, 20.252727], [-90.157173, 20.251483], [-90.158736, 20.251544]]]]}, "properties": {"numero": 17, "etiqueta": "Distrito local 17"}}, {"type": "Feature", "geometry": {"type": "MultiPolygon", "coordinates": [[[[-89.820791, 19.302113], [-89.839282, 19.334264], [-89.844876, 19.343989], [-89.865083, 19.375591], [-89.865519, 19.376273], [-89.865574, 19.37637], [-89.865629, 19.376465], [-89.866025, 19.377159], [-89.870219, 19.384514], [-89.871756, 19.387208], [-89.871812, 19.387305], [-89.888616, 19.416759], [-89.88882, 19.417234], [-89.894063, 19.429449], [-89.927343, 19.487221], [-89.931247, 19.493995], [-89.935151, 19.500769], [-89.945164, 19.518092], [-89.948252, 19.523434], [-89.9716, 19.56381], [-89.979623, 19.577681], [-89.982527, 19.5827], [-89.998941, 19.611066], [-90.004586, 19.620831], [-90.031651, 19.667634], [-90.050991, 19.713626], [-90.057828, 19.72988], [-90.098875, 19.784432], [-90.094066, 19.791765], [-90.066499, 19.833781], [-90.023682, 19.898982], [-89.960023, 19.942391], [-89.958263, 19.94359], [-89.95813, 19.943681], [-89.947097, 19.951199], [-89.899303, 19.983748], [-89.850494, 20.01696], [-89.850576, 20.032181], [-89.850671, 20.049943], [-89.850834, 20.080577], [-89.857765, 20.080701], [-89.858062, 20.108177], [-89.858113, 20.112923], [-89.855532, 20.112753], [-89.850861, 20.150124], [-89.849882, 20.157953], [-89.847366, 20.164042], [-89.846817, 20.164883], [-89.846268, 20.165723], [-89.840973, 20.173822], [-89.836535, 20.180612], [-89.82534, 20.197732], [-89.797711, 20.196737], [-89.765188, 20.150804], [-89.761772, 20.146001], [-89.744546, 20.121767], [-89.712563, 20.142967], [-89.62148, 20.116392], [-89.701361, 20.060766], [-89.69374, 20.050586], [-89.677865, 20.028601], [-89.648259, 19.987583], [-89.625724, 19.95615], [-89.617749, 19.934173], [-89.604264, 19.900137], [-89.602986, 19.896494], [-89.567914, 19.875582], [-89.507704, 19.791561], [-89.506737, 19.790877], [-89.507308, 19.787639], [-89.506953, 19.785732], [-89.506482, 19.784239], [-89.506709, 19.782496], [-89.50682, 19.781002], [-89.506816, 19.779758], [-89.506699, 19.779509], [-89.505535, 19.779346], [-89.504721, 19.779515], [-89.503092, 19.779519], [-89.50216, 19.779356], [-89.501461, 19.778943], [-89.501111, 19.778695], [-89.50006, 19.777702], [-89.50006, 19.777536], [-89.499125, 19.776377], [-89.498424, 19.77555], [-89.497256, 19.774308], [-89.497022, 19.773728], [-89.49632, 19.772568], [-89.495969, 19.771906], [-89.495734, 19.771325], [-89.495615, 19.770662], [-89.49538, 19.769833], [-89.495027, 19.768589], [-89.494787, 19.766515], [-89.494317, 19.765106], [-89.493498, 19.763615], [-89.49291, 19.761791], [-89.493022, 19.76038], [-89.492784, 19.759053], [-89.492428, 19.756897], [-89.491956, 19.754824], [-89.490313, 19.750514], [-89.489769, 19.743438], [-89.490814, 19.741045], [-89.457087, 19.681931], [-89.455491, 19.679133], [-89.402178, 19.642304], [-89.294155, 19.500823], [-89.194005, 19.367111], [-89.147436, 19.306321], [-89.147447, 19.291917], [-89.147717, 19.250044], [-89.147887, 19.223628], [-89.147807, 19.200001], [-89.147581, 19.134284], [-89.1478, 19.000523], [-89.188834, 19.00078], [-89.249984, 19.001146], [-89.249984, 19.001054], [-89.249984, 19.000958], [-89.249984, 19.000842], [-89.249985, 19.000352], [-89.250017, 18.980707], [-89.250027, 18.974174], [-89.250045, 18.963275], [-89.250047, 18.961801], [-89.250057, 18.955696], [-89.301084, 18.95327], [-89.30143, 18.953289], [-89.369033, 18.957083], [-89.414283, 18.955227], [-89.477121, 18.952231], [-89.477112, 18.954892], [-89.476964, 19.0], [-89.479336, 19.113066], [-89.479685, 19.134468], [-89.482133, 19.134513], [-89.480549, 19.152646], [-89.575712, 19.162023], [-89.584352, 19.098156], [-89.58811, 19.059997], [-89.614282, 19.059903], [-89.666667, 19.06192], [-89.693974, 19.063133], [-89.719885, 19.063698], [-89.772274, 19.064831], [-89.777549, 19.031833], [-89.889666, 19.026646], [-89.929822, 19.024767], [-89.929661, 19.028661], [-89.922672, 19.201175], [-89.762552, 19.201199], [-89.769946, 19.213959], [-89.773379, 19.219885], [-89.773985, 19.220929], [-89.791256, 19.250721], [-89.799632, 19.265302], [-89.813183, 19.288878], [-89.820154, 19.301002], [-89.820791, 19.302113]]]]}, "properties": {"numero": 18, "etiqueta": "Distrito local 18"}}, {"type": "Feature", "geometry": {"type": "MultiPolygon", "coordinates": [[[[-90.231832, 20.072576], [-90.287438, 20.085457], [-90.286969, 20.098487], [-90.28673, 20.105126], [-90.296574, 20.105376], [-90.327076, 20.106145], [-90.333525, 20.106307], [-90.478854, 20.11097], [-90.478799, 20.111507], [-90.478743, 20.112045], [-90.479336, 20.114029], [-90.480045, 20.115766], [-90.480639, 20.117915], [-90.480881, 20.119734], [-90.48101, 20.122049], [-90.482302, 20.124116], [-90.48361, 20.129077], [-90.484668, 20.130731], [-90.485144, 20.132632], [-90.485733, 20.13379], [-90.486553, 20.134699], [-90.487491, 20.135774], [-90.487729, 20.136684], [-90.48797, 20.138255], [-90.488796, 20.140074], [-90.489155, 20.14181], [-90.489745, 20.143216], [-90.490686, 20.144869], [-90.491279, 20.146771], [-90.491877, 20.149665], [-90.493285, 20.151484], [-90.493994, 20.153303], [-90.494583, 20.15446], [-90.495174, 20.156031], [-90.495767, 20.158015], [-90.495084, 20.161074], [-90.493928, 20.163059], [-90.492538, 20.164629], [-90.491612, 20.165952], [-90.490337, 20.167357], [-90.489178, 20.16868], [-90.486857, 20.170747], [-90.485808, 20.170829], [-90.484294, 20.171242], [-90.482783, 20.171986], [-90.481387, 20.172648], [-90.480813, 20.174384], [-90.480355, 20.176037], [-90.480015, 20.177856], [-90.479905, 20.179261], [-90.480376, 20.180088], [-90.479798, 20.181163], [-90.479222, 20.182403], [-90.478644, 20.183478], [-90.477952, 20.184883], [-90.478308, 20.186041], [-90.479252, 20.188273], [-90.478907, 20.189182], [-90.478565, 20.190836], [-90.478223, 20.192407], [-90.479048, 20.19406], [-90.479522, 20.195549], [-90.480115, 20.197533], [-90.480706, 20.199104], [-90.480951, 20.201336], [-90.48061, 20.203155], [-90.479801, 20.204478], [-90.479104, 20.205056], [-90.479697, 20.206875], [-90.48052, 20.208364], [-90.480815, 20.208984], [-90.48111, 20.209604], [-90.482865, 20.210762], [-90.483453, 20.211754], [-90.484507, 20.212498], [-90.486144, 20.213408], [-90.487197, 20.21407], [-90.488135, 20.214979], [-90.489072, 20.215806], [-90.489194, 20.216881], [-90.488386, 20.218534], [-90.488157, 20.219278], [-90.487934, 20.221263], [-90.487939, 20.222337], [-90.487826, 20.222999], [-90.487595, 20.223412], [-90.487714, 20.223991], [-90.487601, 20.22457], [-90.487724, 20.22581], [-90.487263, 20.226885], [-90.487382, 20.227463], [-90.487617, 20.227794], [-90.48774, 20.228869], [-90.487863, 20.230192], [-90.48822, 20.231597], [-90.488232, 20.23383], [-90.488127, 20.236227], [-90.48861, 20.239452], [-90.488731, 20.240278], [-90.488969, 20.241105], [-90.489088, 20.241684], [-90.489093, 20.242676], [-90.489096, 20.243255], [-90.489334, 20.243999], [-90.489453, 20.244495], [-90.489693, 20.245901], [-90.489584, 20.247389], [-90.489474, 20.248629], [-90.489597, 20.249869], [-90.48937, 20.251026], [-90.489141, 20.251853], [-90.489144, 20.252597], [-90.489149, 20.253589], [-90.489618, 20.25392], [-90.489857, 20.255078], [-90.490714, 20.259642], [-90.351097, 20.255989], [-90.333976, 20.255533], [-90.250871, 20.253298], [-90.242517, 20.253053], [-90.24212, 20.25306], [-90.234094, 20.252842], [-90.201288, 20.251776], [-90.200436, 20.221746], [-90.182096, 20.221554], [-90.181175, 20.221579], [-90.180808, 20.221589], [-90.17974, 20.221617], [-90.170108, 20.221462], [-90.167383, 20.221216], [-90.167305, 20.223558], [-90.167312, 20.224917], [-90.167358, 20.233803], [-90.167371, 20.236243], [-90.167449, 20.251319], [-90.158736, 20.251544], [-90.157173, 20.251483], [-90.156457, 20.252727], [-90.150347, 20.248775], [-90.134561, 20.254051], [-90.135006, 20.265161], [-90.131882, 20.265125], [-90.126669, 20.264145], [-90.126188, 20.267727], [-90.124678, 20.267608], [-90.122455, 20.267426], [-90.121413, 20.278587], [-90.11119, 20.277214], [-90.109565, 20.276872], [-90.102192, 20.300809], [-90.099649, 20.309061], [-90.091071, 20.316249], [-90.087062, 20.315958], [-90.082873, 20.328201], [-90.081998, 20.330748], [-90.081951, 20.331061], [-90.081902, 20.331386], [-90.081881, 20.331607], [-90.081832, 20.332081], [-90.081483, 20.335524], [-90.081072, 20.339539], [-90.080771, 20.342489], [-90.080318, 20.34693], [-90.076505, 20.346591], [-90.076324, 20.347812], [-90.077664, 20.348146], [-90.074285, 20.352435], [-90.072164, 20.350032], [-90.074457, 20.34765], [-90.074651, 20.347733], [-90.074987, 20.346499], [-90.062267, 20.345098], [-90.061979, 20.345066], [-90.056891, 20.344505], [-90.054974, 20.344294], [-90.054748, 20.34427], [-90.054686, 20.344264], [-90.053622, 20.34415], [-90.051353, 20.343906], [-90.042782, 20.342985], [-90.042297, 20.342941], [-90.03796, 20.342556], [-90.037792, 20.34253], [-90.037742, 20.342532], [-90.037586, 20.342499], [-90.032994, 20.342033], [-90.02213, 20.340981], [-90.020074, 20.34082], [-90.01829, 20.340674], [-90.016916, 20.340547], [-90.013752, 20.340169], [-90.008337, 20.339587], [-89.993026, 20.337976], [-89.993148, 20.336727], [-89.994176, 20.326211], [-89.997943, 20.305499], [-89.989768, 20.30447], [-89.979364, 20.30316], [-89.977572, 20.321094], [-89.962902, 20.309628], [-89.962872, 20.309607], [-89.95907, 20.30517], [-89.932385, 20.284494], [-89.929584, 20.282324], [-89.929319, 20.282189], [-89.928789, 20.281919], [-89.926989, 20.281172], [-89.923348, 20.279567], [-89.921643, 20.278827], [-89.915094, 20.276961], [-89.91082, 20.275106], [-89.909864, 20.274287], [-89.897464, 20.270657], [-89.879756, 20.265267], [-89.877316, 20.263786], [-89.874797, 20.262257], [-89.875666, 20.253105], [-89.87554, 20.253098], [-89.840683, 20.251031], [-89.83763, 20.248581], [-89.840248, 20.237725], [-89.841752, 20.220316], [-89.841354, 20.217456], [-89.843179, 20.212694], [-89.843328, 20.212296], [-89.843458, 20.209278], [-89.846362, 20.186093], [-89.849882, 20.157953], [-89.850861, 20.150124], [-89.855532, 20.112753], [-89.858113, 20.112923], [-89.858062, 20.108177], [-89.857765, 20.080701], [-89.850834, 20.080577], [-89.850671, 20.049943], [-89.850576, 20.032181], [-89.850494, 20.01696], [-89.899303, 19.983748], [-89.947097, 19.951199], [-89.95813, 19.943681], [-89.958263, 19.94359], [-89.960023, 19.942391], [-90.023682, 19.898982], [-90.036331, 19.913942], [-90.067483, 19.950769], [-90.101501, 19.990961], [-90.105877, 19.996129], [-90.106773, 20.024317], [-90.115228, 20.025189], [-90.116425, 20.025313], [-90.117024, 20.025375], [-90.117623, 20.025437], [-90.14718, 20.028777], [-90.146632, 20.052745], [-90.166905, 20.057463], [-90.210415, 20.067608], [-90.212299, 20.068045], [-90.216656, 20.069057], [-90.231832, 20.072576]]]]}, "properties": {"numero": 19, "etiqueta": "Distrito local 19"}}, {"type": "Feature", "geometry": {"type": "MultiPolygon", "coordinates": [[[[-91.965578, 18.015882], [-91.965634, 18.015893], [-91.967155, 18.016193], [-91.967321, 18.017309], [-91.967888, 18.018716], [-91.968454, 18.02033], [-91.968789, 18.022025], [-91.969298, 18.023514], [-91.969808, 18.024839], [-91.970319, 18.025957], [-91.971117, 18.027324], [-91.971917, 18.028319], [-91.972602, 18.029396], [-91.973115, 18.030142], [-91.973398, 18.03097], [-91.974023, 18.032336], [-91.974478, 18.033371], [-91.974817, 18.034323], [-91.97527, 18.035606], [-91.975494, 18.036639], [-91.975776, 18.037632], [-91.976288, 18.038543], [-91.976859, 18.039414], [-91.977372, 18.040366], [-91.977884, 18.041319], [-91.978338, 18.042395], [-91.978911, 18.042976], [-91.979657, 18.043393], [-91.980347, 18.043644], [-91.980923, 18.043606], [-91.981615, 18.043568], [-91.982193, 18.043199], [-91.982715, 18.042747], [-91.983584, 18.042049], [-91.984222, 18.04135], [-91.985206, 18.040653], [-91.985555, 18.040118], [-91.985961, 18.039707], [-91.987118, 18.038928], [-91.988158, 18.038437], [-91.988792, 18.038482], [-91.989658, 18.038114], [-91.990749, 18.038698], [-91.9923, 18.039449], [-91.994366, 18.04074], [-91.995801, 18.041697], [-91.997179, 18.042488], [-91.998843, 18.04357], [-92.000679, 18.04486], [-92.001882, 18.045939], [-92.003144, 18.046854], [-92.00452, 18.047976], [-92.005379, 18.048765], [-92.006298, 18.049307], [-92.007159, 18.049807], [-92.008021, 18.0501], [-92.008827, 18.050352], [-92.009403, 18.050354], [-92.010209, 18.050441], [-92.010727, 18.050485], [-92.01159, 18.050695], [-92.012568, 18.050907], [-92.013315, 18.051365], [-92.013599, 18.051944], [-92.013942, 18.052483], [-92.014456, 18.053105], [-92.014684, 18.053602], [-92.015255, 18.054513], [-92.015825, 18.055383], [-92.016223, 18.056294], [-92.016506, 18.057121], [-92.017075, 18.058322], [-92.017703, 18.059234], [-92.018218, 18.059897], [-92.01879, 18.060519], [-92.019535, 18.061308], [-92.020222, 18.062055], [-92.020909, 18.062719], [-92.021424, 18.063258], [-92.021883, 18.063591], [-92.022284, 18.064088], [-92.022627, 18.064503], [-92.02314, 18.065332], [-92.023825, 18.06645], [-92.02428, 18.067402], [-92.024677, 18.06852], [-92.024958, 18.069595], [-92.025125, 18.070628], [-92.025291, 18.071786], [-92.025401, 18.072695], [-92.025683, 18.073605], [-92.026081, 18.074557], [-92.026652, 18.075427], [-92.027166, 18.07609], [-92.027855, 18.076589], [-92.028717, 18.076965], [-92.029636, 18.077506], [-92.030499, 18.077676], [-92.031075, 18.07772], [-92.031881, 18.077848], [-92.033033, 18.077977], [-92.03361, 18.077938], [-92.03436, 18.077694], [-92.035167, 18.077698], [-92.035917, 18.077619], [-92.036551, 18.077539], [-92.037128, 18.0775], [-92.037589, 18.077503], [-92.03805, 18.077422], [-92.039319, 18.077304], [-92.040299, 18.077268], [-92.041105, 18.077395], [-92.041967, 18.077812], [-92.042655, 18.078352], [-92.042882, 18.078932], [-92.043108, 18.079676], [-92.042988, 18.080461], [-92.042697, 18.080996], [-92.042289, 18.081779], [-92.04171, 18.082272], [-92.041246, 18.082642], [-92.040552, 18.083134], [-92.0398, 18.083544], [-92.039105, 18.084119], [-92.038584, 18.084529], [-92.038006, 18.084857], [-92.037427, 18.085309], [-92.036789, 18.085967], [-92.036496, 18.086709], [-92.036145, 18.087616], [-92.03585, 18.088771], [-92.035787, 18.089679], [-92.035953, 18.090713], [-92.036178, 18.091623], [-92.036117, 18.092159], [-92.036285, 18.093027], [-92.036741, 18.093897], [-92.037083, 18.09456], [-92.03731, 18.095056], [-92.037767, 18.095761], [-92.038168, 18.096258], [-92.038684, 18.096674], [-92.039429, 18.097338], [-92.040175, 18.097879], [-92.040981, 18.098006], [-92.041674, 18.097803], [-92.042541, 18.097435], [-92.043581, 18.097027], [-92.044333, 18.096576], [-92.0452, 18.096043], [-92.045952, 18.095716], [-92.047512, 18.09498], [-92.048723, 18.094862], [-92.05005, 18.09462], [-92.051089, 18.094377], [-92.052243, 18.094135], [-92.053512, 18.094017], [-92.054434, 18.094103], [-92.05495, 18.094519], [-92.05558, 18.095224], [-92.056382, 18.096095], [-92.057126, 18.096966], [-92.057696, 18.097919], [-92.05827, 18.098376], [-92.059191, 18.098669], [-92.05994, 18.098714], [-92.060863, 18.09847], [-92.061557, 18.098143], [-92.06225, 18.097816], [-92.063002, 18.097365], [-92.063582, 18.096748], [-92.064856, 18.095803], [-92.065494, 18.095022], [-92.066306, 18.094199], [-92.066886, 18.093582], [-92.067583, 18.092718], [-92.068162, 18.092225], [-92.068912, 18.092022], [-92.069429, 18.092355], [-92.070754, 18.092526], [-92.072078, 18.092862], [-92.072478, 18.09336], [-92.072648, 18.093815], [-92.073165, 18.094189], [-92.073739, 18.094605], [-92.07443, 18.094649], [-92.075006, 18.094817], [-92.075697, 18.094861], [-92.077024, 18.094619], [-92.077431, 18.094043], [-92.077842, 18.092764], [-92.077731, 18.09202], [-92.077675, 18.09169], [-92.077506, 18.090945], [-92.077509, 18.09045], [-92.077571, 18.089706], [-92.077575, 18.089045], [-92.077636, 18.08855], [-92.077927, 18.087973], [-92.077987, 18.087602], [-92.078161, 18.087355], [-92.078451, 18.087149], [-92.078683, 18.086861], [-92.079203, 18.086616], [-92.079435, 18.086369], [-92.079723, 18.086288], [-92.079954, 18.086206], [-92.080243, 18.086083], [-92.08059, 18.086002], [-92.081109, 18.085963], [-92.081511, 18.086048], [-92.081971, 18.086256], [-92.082432, 18.086382], [-92.082893, 18.086384], [-92.083526, 18.08647], [-92.083872, 18.086554], [-92.084505, 18.086722], [-92.084965, 18.086848], [-92.08531, 18.086973], [-92.085654, 18.087305], [-92.085999, 18.087431], [-92.086458, 18.087763], [-92.086802, 18.088095], [-92.087203, 18.088428], [-92.087662, 18.088925], [-92.088063, 18.089258], [-92.088465, 18.089507], [-92.089097, 18.089882], [-92.089384, 18.090172], [-92.09013, 18.090712], [-92.090761, 18.091128], [-92.091509, 18.091462], [-92.092084, 18.09163], [-92.093006, 18.091716], [-92.093697, 18.091843], [-92.094273, 18.091929], [-92.095079, 18.092056], [-92.095713, 18.092018], [-92.096232, 18.09202], [-92.096866, 18.092023], [-92.097615, 18.092067], [-92.098191, 18.09207], [-92.099055, 18.092197], [-92.099457, 18.092364], [-92.100263, 18.092533], [-92.100896, 18.09266], [-92.101587, 18.092911], [-92.102277, 18.093162], [-92.102968, 18.093288], [-92.103832, 18.093375], [-92.104754, 18.09342], [-92.105388, 18.093423], [-92.106022, 18.093384], [-92.107002, 18.093306], [-92.10731, 18.093307], [-92.108097, 18.093311], [-92.108673, 18.093355], [-92.109364, 18.093523], [-92.10971, 18.093566], [-92.110342, 18.093775], [-92.110743, 18.094231], [-92.11126, 18.094522], [-92.111662, 18.094855], [-92.112063, 18.095352], [-92.112348, 18.095808], [-92.112576, 18.096263], [-92.113035, 18.096719], [-92.113263, 18.097175], [-92.113663, 18.097796], [-92.114005, 18.098376], [-92.114292, 18.098749], [-92.11498, 18.099371], [-92.115554, 18.099828], [-92.115954, 18.100325], [-92.116413, 18.100782], [-92.116987, 18.101156], [-92.117849, 18.101655], [-92.118597, 18.101948], [-92.11923, 18.102033], [-92.119749, 18.101994], [-92.120326, 18.101914], [-92.121191, 18.101752], [-92.121712, 18.101507], [-92.122002, 18.101136], [-92.122638, 18.100726], [-92.123045, 18.100108], [-92.123278, 18.099737], [-92.123683, 18.099367], [-92.124262, 18.098915], [-92.12513, 18.098258], [-92.125594, 18.097764], [-92.126115, 18.097436], [-92.126405, 18.097107], [-92.126867, 18.096902], [-92.127444, 18.096698], [-92.129093, 18.096136], [-92.131791, 18.097934], [-92.132887, 18.098697], [-92.136391, 18.114249], [-92.15593, 18.148037], [-92.161112, 18.157471], [-92.166911, 18.232391], [-92.166791, 18.252297], [-92.166804, 18.271709], [-92.166926, 18.292235], [-92.156882, 18.292229], [-92.155957, 18.292228], [-92.151916, 18.292226], [-92.150935, 18.292225], [-92.125359, 18.292205], [-92.125156, 18.297739], [-92.126372, 18.332556], [-92.124393, 18.434794], [-92.1816, 18.433257], [-92.249185, 18.433407], [-92.307281, 18.433991], [-92.307859, 18.434656], [-92.308321, 18.435072], [-92.308899, 18.435572], [-92.309245, 18.43607], [-92.309939, 18.436653], [-92.310401, 18.437152], [-92.310748, 18.437567], [-92.31121, 18.438149], [-92.311557, 18.438481], [-92.311788, 18.438814], [-92.312019, 18.43898], [-92.31225, 18.439395], [-92.312481, 18.439893], [-92.312827, 18.440392], [-92.313173, 18.441055], [-92.31352, 18.441637], [-92.313751, 18.441969], [-92.313982, 18.442384], [-92.314328, 18.442882], [-92.314675, 18.443298], [-92.314906, 18.443796], [-92.315598, 18.445041], [-92.315829, 18.445539], [-92.315944, 18.445953], [-92.316175, 18.446617], [-92.316521, 18.447198], [-92.316752, 18.447696], [-92.316983, 18.448028], [-92.31733, 18.448526], [-92.317676, 18.449025], [-92.317907, 18.449605], [-92.318253, 18.450269], [-92.318484, 18.45085], [-92.318715, 18.451265], [-92.319061, 18.452012], [-92.319408, 18.452676], [-92.319522, 18.453339], [-92.319753, 18.454002], [-92.319868, 18.454417], [-92.319636, 18.454747], [-92.319867, 18.45541], [-92.320098, 18.455991], [-92.320444, 18.456324], [-92.320675, 18.456656], [-92.321022, 18.457071], [-92.321369, 18.457404], [-92.321716, 18.457737], [-92.322294, 18.458236], [-92.322756, 18.458569], [-92.323334, 18.458986], [-92.324029, 18.45932], [-92.324838, 18.45982], [-92.326227, 18.46024], [-92.326921, 18.460408], [-92.327962, 18.460495], [-92.328888, 18.460582], [-92.330161, 18.46067], [-92.330972, 18.460673], [-92.331551, 18.460593], [-92.332477, 18.460183], [-92.333172, 18.459937], [-92.334098, 18.459775], [-92.334677, 18.459612], [-92.335256, 18.4592], [-92.335835, 18.458871], [-92.336299, 18.458542], [-92.336878, 18.45813], [-92.337457, 18.457967], [-92.338036, 18.457472], [-92.3385, 18.45706], [-92.339543, 18.456153], [-92.340006, 18.455907], [-92.340354, 18.455494], [-92.340817, 18.454999], [-92.341281, 18.454504], [-92.341745, 18.453926], [-92.34244, 18.453101], [-92.34302, 18.452358], [-92.343368, 18.451614], [-92.343832, 18.45087], [-92.34418, 18.450126], [-92.344528, 18.449631], [-92.344991, 18.449136], [-92.345455, 18.448392], [-92.345688, 18.447648], [-92.346036, 18.446987], [-92.346268, 18.446491], [-92.346615, 18.445995], [-92.346616, 18.445912], [-92.346963, 18.445334], [-92.34708, 18.445003], [-92.347312, 18.444507], [-92.347891, 18.444013], [-92.348354, 18.443683], [-92.348818, 18.443354], [-92.349165, 18.443024], [-92.349744, 18.442778], [-92.350555, 18.442615], [-92.351133, 18.442535], [-92.351365, 18.442453], [-92.352406, 18.442623], [-92.352638, 18.442624], [-92.352985, 18.442791], [-92.353448, 18.442875], [-92.354026, 18.443126], [-92.354605, 18.443294], [-92.355067, 18.443544], [-92.355646, 18.443712], [-92.356108, 18.443962], [-92.356571, 18.444213], [-92.357034, 18.444463], [-92.357265, 18.44463], [-92.357612, 18.444962], [-92.358074, 18.445378], [-92.358306, 18.445545], [-92.358653, 18.445877], [-92.358884, 18.446127], [-92.358999, 18.446376], [-92.359115, 18.446624], [-92.359346, 18.447122], [-92.359461, 18.447537], [-92.359576, 18.447951], [-92.359692, 18.448283], [-92.359807, 18.448698], [-92.359807, 18.448946], [-92.359806, 18.449277], [-92.359806, 18.449609], [-92.359805, 18.450188], [-92.359689, 18.450768], [-92.359572, 18.451264], [-92.359572, 18.451678], [-92.35934, 18.452091], [-92.35934, 18.452422], [-92.359339, 18.453085], [-92.359107, 18.453747], [-92.358991, 18.454077], [-92.35899, 18.454409], [-92.358642, 18.455318], [-92.358641, 18.455815], [-92.358641, 18.456395], [-92.35864, 18.456726], [-92.358755, 18.457389], [-92.358986, 18.457804], [-92.359102, 18.458136], [-92.359333, 18.458551], [-92.359447, 18.459545], [-92.359679, 18.45996], [-92.359794, 18.460209], [-92.360025, 18.460707], [-92.360372, 18.460957], [-92.360603, 18.461289], [-92.361297, 18.462037], [-92.361643, 18.462535], [-92.36199, 18.463033], [-92.362221, 18.463366], [-92.362452, 18.463863], [-92.363146, 18.464197], [-92.363609, 18.46453], [-92.364303, 18.464782], [-92.365113, 18.465199], [-92.365691, 18.465532], [-92.366385, 18.466032], [-92.367311, 18.466367], [-92.36789, 18.466535], [-92.3687, 18.466786], [-92.369625, 18.467121], [-92.37032, 18.467455], [-92.371129, 18.467955], [-92.371708, 18.468289], [-92.372518, 18.468706], [-92.37379, 18.469456], [-92.3746, 18.469956], [-92.375294, 18.470373], [-92.376104, 18.470873], [-92.376682, 18.471538], [-92.377144, 18.472036], [-92.377491, 18.472534], [-92.377838, 18.47295], [-92.378301, 18.473366], [-92.378763, 18.473782], [-92.379342, 18.474281], [-92.380035, 18.475111], [-92.380498, 18.475445], [-92.381424, 18.476028], [-92.382002, 18.476775], [-92.38258, 18.47744], [-92.382927, 18.477938], [-92.383968, 18.478688], [-92.384778, 18.479105], [-92.386051, 18.479606], [-92.387324, 18.479777], [-92.388597, 18.479947], [-92.389871, 18.479704], [-92.39207, 18.479464], [-92.392881, 18.479467], [-92.393807, 18.479387], [-92.394617, 18.479307], [-92.395891, 18.479312], [-92.39728, 18.4794], [-92.398437, 18.47957], [-92.399248, 18.479739], [-92.400058, 18.479907], [-92.401215, 18.479995], [-92.402951, 18.480664], [-92.403761, 18.480832], [-92.404571, 18.481166], [-92.405497, 18.481584], [-92.406654, 18.482416], [-92.407117, 18.482584], [-92.40758, 18.482917], [-92.408158, 18.48325], [-92.408737, 18.483749], [-92.409431, 18.484166], [-92.410125, 18.484665], [-92.411166, 18.48558], [-92.411513, 18.485995], [-92.411976, 18.486494], [-92.412439, 18.487075], [-92.412786, 18.487573], [-92.413132, 18.488154], [-92.413363, 18.488735], [-92.413595, 18.48915], [-92.413826, 18.48973], [-92.414057, 18.490311], [-92.414404, 18.490975], [-92.41475, 18.491556], [-92.415097, 18.49222], [-92.41556, 18.492718], [-92.416023, 18.4933], [-92.416253, 18.494046], [-92.416716, 18.49471], [-92.416947, 18.495291], [-92.417178, 18.496037], [-92.417525, 18.496618], [-92.417987, 18.497365], [-92.418218, 18.498277], [-92.420335, 18.500986], [-92.420453, 18.501482], [-92.420629, 18.502101], [-92.420805, 18.502638], [-92.420981, 18.503216], [-92.421157, 18.50367], [-92.421251, 18.504164], [-92.421333, 18.50429], [-92.421334, 18.504414], [-92.421567, 18.504909], [-92.421801, 18.505487], [-92.421845, 18.505626], [-92.42186, 18.505652], [-92.422151, 18.50627], [-92.422152, 18.506353], [-92.42221, 18.506477], [-92.422386, 18.507014], [-92.422618, 18.507302], [-92.422876, 18.507727], [-92.422968, 18.507837], [-92.423013, 18.507926], [-92.4232, 18.508125], [-92.423549, 18.50866], [-92.423724, 18.508907], [-92.423957, 18.509278], [-92.424306, 18.509689], [-92.42454, 18.51035], [-92.424715, 18.510804], [-92.425124, 18.511628], [-92.425358, 18.51233], [-92.425592, 18.512908], [-92.425826, 18.513527], [-92.42606, 18.514188], [-92.426178, 18.514559], [-92.426354, 18.515137], [-92.426473, 18.515923], [-92.426532, 18.516212], [-92.426593, 18.516791], [-92.426481, 18.517579], [-92.426425, 18.51791], [-92.426313, 18.518822], [-92.426316, 18.519484], [-92.426204, 18.520272], [-92.425899, 18.521348], [-92.425864, 18.521558], [-92.425865, 18.52193], [-92.425751, 18.522138], [-92.425696, 18.522759], [-92.425583, 18.523298], [-92.425528, 18.52392], [-92.425471, 18.52421], [-92.425357, 18.524542], [-92.425187, 18.525081], [-92.425131, 18.525496], [-92.42496, 18.526035], [-92.424903, 18.526243], [-92.42479, 18.52674], [-92.424734, 18.527113], [-92.424562, 18.527487], [-92.424391, 18.527903], [-92.424334, 18.528193], [-92.424221, 18.52869], [-92.423992, 18.529106], [-92.423648, 18.529771], [-92.423534, 18.530103], [-92.423537, 18.530724], [-92.423537, 18.53089], [-92.423481, 18.531097], [-92.423252, 18.531554], [-92.423252, 18.531741], [-92.423254, 18.532051], [-92.423278, 18.532203], [-92.423313, 18.532423], [-92.423315, 18.532713], [-92.423375, 18.533292], [-92.423377, 18.533665], [-92.423379, 18.534203], [-92.423323, 18.534493], [-92.423324, 18.534658], [-92.423326, 18.535238], [-92.423386, 18.535693], [-92.423389, 18.536148], [-92.423392, 18.536811], [-92.423452, 18.537307], [-92.423455, 18.538052], [-92.423457, 18.538424], [-92.423459, 18.538963], [-92.423347, 18.53975], [-92.423291, 18.54004], [-92.423179, 18.540828], [-92.423181, 18.541324], [-92.423242, 18.541862], [-92.423244, 18.542359], [-92.423304, 18.542855], [-92.423249, 18.543394], [-92.423251, 18.543932], [-92.423254, 18.544511], [-92.423257, 18.545132], [-92.423259, 18.545587], [-92.423203, 18.54596], [-92.423322, 18.546622], [-92.423557, 18.547406], [-92.423558, 18.54782], [-92.423792, 18.548357], [-92.423736, 18.548647], [-92.423853, 18.549101], [-92.423856, 18.549681], [-92.423858, 18.550053], [-92.424033, 18.550507], [-92.424094, 18.551004], [-92.424152, 18.551169], [-92.424328, 18.551664], [-92.424446, 18.552201], [-92.424563, 18.552532], [-92.424681, 18.553027], [-92.424857, 18.553523], [-92.424974, 18.553894], [-92.425092, 18.55439], [-92.425267, 18.554803], [-92.425443, 18.555215], [-92.425561, 18.555711], [-92.42562, 18.556001], [-92.425853, 18.55633], [-92.425912, 18.556578], [-92.425913, 18.556826], [-92.426088, 18.557239], [-92.42609, 18.557653], [-92.426324, 18.558148], [-92.426498, 18.558436], [-92.426672, 18.5586], [-92.426848, 18.558971], [-92.427081, 18.559383], [-92.427199, 18.559838], [-92.427374, 18.56025], [-92.427549, 18.560622], [-92.427783, 18.561158], [-92.427958, 18.561571], [-92.428191, 18.561941], [-92.428308, 18.562272], [-92.428484, 18.562684], [-92.428659, 18.563014], [-92.429008, 18.563508], [-92.429241, 18.56392], [-92.429474, 18.564291], [-92.429708, 18.564827], [-92.42994, 18.565074], [-92.430175, 18.565734], [-92.430408, 18.566188], [-92.430467, 18.566435], [-92.430758, 18.566847], [-92.430991, 18.567259], [-92.431225, 18.567754], [-92.431457, 18.568083], [-92.431692, 18.568785], [-92.431867, 18.569032], [-92.432109, 18.569402], [-92.432332, 18.569608], [-92.432565, 18.57002], [-92.432856, 18.570391], [-92.433089, 18.57072], [-92.433379, 18.571049], [-92.433671, 18.571543], [-92.433846, 18.571997], [-92.434079, 18.572409], [-92.434371, 18.572862], [-92.434719, 18.573274], [-92.434894, 18.573521], [-92.435185, 18.573932], [-92.435418, 18.574344], [-92.435593, 18.574674], [-92.43571, 18.574963], [-92.435827, 18.575252], [-92.436003, 18.575664], [-92.436178, 18.575994], [-92.436353, 18.57649], [-92.436529, 18.576985], [-92.436763, 18.57748], [-92.436822, 18.577769], [-92.436998, 18.578264], [-92.437173, 18.578636], [-92.437406, 18.579089], [-92.437697, 18.579501], [-92.43793, 18.57983], [-92.438163, 18.580201], [-92.438339, 18.580613], [-92.438571, 18.580943], [-92.438804, 18.581189], [-92.439094, 18.581518], [-92.439443, 18.581846], [-92.439618, 18.582093], [-92.439908, 18.582422], [-92.440316, 18.583081], [-92.440781, 18.583574], [-92.441072, 18.583903], [-92.441362, 18.584191], [-92.441537, 18.584521], [-92.441828, 18.584891], [-92.442234, 18.585219], [-92.442525, 18.585589], [-92.443049, 18.586289], [-92.443281, 18.586535], [-92.443573, 18.587071], [-92.44398, 18.587523], [-92.44427, 18.587852], [-92.444678, 18.588552], [-92.444969, 18.58884], [-92.445202, 18.589169], [-92.445551, 18.58958], [-92.445842, 18.589992], [-92.446249, 18.590444], [-92.44654, 18.590897], [-92.446773, 18.591309], [-92.44689, 18.591639], [-92.447066, 18.592011], [-92.447416, 18.592629], [-92.447765, 18.593081], [-92.44794, 18.593494], [-92.448174, 18.593989], [-92.448465, 18.5944], [-92.448698, 18.594813], [-92.44899, 18.595307], [-92.449166, 18.595968], [-92.449457, 18.596421], [-92.449749, 18.596998], [-92.449982, 18.597369], [-92.450158, 18.597823], [-92.450391, 18.598111], [-92.450566, 18.598523], [-92.450683, 18.598729], [-92.450801, 18.599184], [-92.450976, 18.599638], [-92.451209, 18.599967], [-92.451327, 18.600339], [-92.451502, 18.600668], [-92.451678, 18.601246], [-92.451679, 18.601578], [-92.451739, 18.60195], [-92.451741, 18.602322], [-92.451568, 18.602489], [-92.451511, 18.602655], [-92.451223, 18.602947], [-92.451225, 18.603196], [-92.451458, 18.603525], [-92.451632, 18.603813], [-92.451749, 18.604019], [-92.451866, 18.604267], [-92.452099, 18.60472], [-92.452332, 18.605008], [-92.452449, 18.605214], [-92.452681, 18.605461], [-92.452856, 18.605666], [-92.453088, 18.605872], [-92.453205, 18.606119], [-92.45338, 18.606407], [-92.453612, 18.606612], [-92.453844, 18.606818], [-92.454135, 18.607105], [-92.454425, 18.607434], [-92.454717, 18.607845], [-92.454834, 18.608134], [-92.455182, 18.608463], [-92.455415, 18.608709], [-92.455705, 18.608914], [-92.455937, 18.60916], [-92.456286, 18.609489], [-92.456576, 18.609693], [-92.456866, 18.609981], [-92.4571, 18.610352], [-92.457217, 18.610723], [-92.457623, 18.611051], [-92.457798, 18.611257], [-92.45803, 18.61142], [-92.458378, 18.611707], [-92.458727, 18.612036], [-92.459075, 18.61224], [-92.459481, 18.612568], [-92.459887, 18.612854], [-92.460236, 18.6131], [-92.460525, 18.613222], [-92.460989, 18.613508], [-92.461337, 18.613629], [-92.461685, 18.613792], [-92.461975, 18.613997], [-92.462382, 18.614407], [-92.462672, 18.614571], [-92.462904, 18.614776], [-92.463136, 18.614981], [-92.463427, 18.61531], [-92.46366, 18.615639], [-92.463892, 18.615844], [-92.464183, 18.616131], [-92.464358, 18.616461], [-92.464475, 18.616874], [-92.464651, 18.617245], [-92.46471, 18.617576], [-92.464885, 18.617823], [-92.464945, 18.618361], [-92.465063, 18.618691], [-92.46518, 18.619021], [-92.465239, 18.619352], [-92.46524, 18.619559], [-92.465416, 18.619971], [-92.465534, 18.62055], [-92.465594, 18.620881], [-92.465712, 18.621376], [-92.465888, 18.621913], [-92.46589, 18.622368], [-92.46595, 18.622865], [-92.46601, 18.623278], [-92.466013, 18.623734], [-92.466014, 18.624106], [-92.466016, 18.624437], [-92.465959, 18.624686], [-92.465962, 18.625307], [-92.465964, 18.625555], [-92.465965, 18.625886], [-92.465909, 18.626301], [-92.465854, 18.626715], [-92.465856, 18.627129], [-92.465799, 18.627461], [-92.465743, 18.62771], [-92.46563, 18.628249], [-92.465402, 18.628996], [-92.465346, 18.629369], [-92.46529, 18.629659], [-92.465177, 18.630198], [-92.464949, 18.630903], [-92.464893, 18.631277], [-92.46472, 18.631526], [-92.464549, 18.631859], [-92.464434, 18.632108], [-92.46432, 18.632523], [-92.464207, 18.632896], [-92.46415, 18.633228], [-92.464037, 18.633602], [-92.463865, 18.633934], [-92.463808, 18.634266], [-92.463753, 18.634721], [-92.463755, 18.635094], [-92.463699, 18.635467], [-92.4637, 18.635798], [-92.463876, 18.636211], [-92.464051, 18.636499], [-92.46411, 18.636788], [-92.464344, 18.637242], [-92.464461, 18.637655], [-92.46452, 18.637944], [-92.464696, 18.638357], [-92.464756, 18.63877], [-92.464815, 18.638977], [-92.464874, 18.639307], [-92.464933, 18.639597], [-92.464877, 18.639887], [-92.46482, 18.63997], [-92.464762, 18.640053], [-92.464764, 18.640343], [-92.464823, 18.640674], [-92.465181, 18.64089], [-92.465271, 18.641077], [-92.465331, 18.64117], [-92.465452, 18.641748], [-92.465549, 18.642043], [-92.465626, 18.642432], [-92.46575, 18.643149], [-92.465832, 18.643933], [-92.465894, 18.644308], [-92.465949, 18.64459], [-92.466004, 18.644878], [-92.465983, 18.645059], [-92.465969, 18.645213], [-92.465969, 18.64536], [-92.46605, 18.645486], [-92.466115, 18.645582], [-92.466213, 18.645716], [-92.466304, 18.645824], [-92.466388, 18.645978], [-92.466408, 18.646212], [-92.466358, 18.646433], [-92.466315, 18.646601], [-92.466252, 18.646701], [-92.466258, 18.646815], [-92.466256, 18.646987], [-92.466294, 18.647148], [-92.466319, 18.647269], [-92.46637, 18.647448], [-92.466404, 18.647641], [-92.466485, 18.647774], [-92.466541, 18.647909], [-92.466596, 18.648018], [-92.466631, 18.648102], [-92.466525, 18.648217], [-92.4664, 18.648195], [-92.46632, 18.648204], [-92.46625, 18.64817], [-92.466157, 18.648178], [-92.466069, 18.648273], [-92.466049, 18.648332], [-92.46602, 18.64842], [-92.466021, 18.648572], [-92.465975, 18.648655], [-92.465867, 18.648721], [-92.465805, 18.648731], [-92.465745, 18.648764], [-92.465675, 18.64885], [-92.46564, 18.648901], [-92.4656, 18.648968], [-92.465571, 18.649019], [-92.465516, 18.649036], [-92.465441, 18.649148], [-92.465563, 18.649241], [-92.465776, 18.649418], [-92.465826, 18.649559], [-92.465807, 18.649677], [-92.465754, 18.649862], [-92.465752, 18.649948], [-92.465794, 18.650056], [-92.465896, 18.650119], [-92.465984, 18.650269], [-92.466057, 18.650504], [-92.466197, 18.650576], [-92.466267, 18.650757], [-92.466272, 18.65085], [-92.466274, 18.650888], [-92.466216, 18.650975], [-92.466115, 18.651079], [-92.466046, 18.651182], [-92.465958, 18.651298], [-92.465928, 18.651418], [-92.465922, 18.651537], [-92.465923, 18.651558], [-92.465936, 18.651572], [-92.466026, 18.651674], [-92.466115, 18.65172], [-92.466193, 18.651809], [-92.466235, 18.651764], [-92.466269, 18.651697], [-92.46629, 18.651622], [-92.466329, 18.651528], [-92.466363, 18.651472], [-92.466556, 18.651343], [-92.466631, 18.651366], [-92.466674, 18.651354], [-92.466717, 18.651342], [-92.466762, 18.651259], [-92.466772, 18.651206], [-92.466756, 18.651117], [-92.466702, 18.651042], [-92.466645, 18.650998], [-92.466597, 18.650907], [-92.466577, 18.650753], [-92.466572, 18.650649], [-92.466569, 18.650589], [-92.466559, 18.650513], [-92.466549, 18.65043], [-92.466559, 18.650366], [-92.466568, 18.650296], [-92.466552, 18.650224], [-92.466535, 18.650119], [-92.46653, 18.650032], [-92.466531, 18.649918], [-92.466527, 18.649831], [-92.466532, 18.649668], [-92.466539, 18.64956], [-92.466541, 18.649479], [-92.466571, 18.64933], [-92.466582, 18.649157], [-92.466594, 18.649017], [-92.466607, 18.648915], [-92.466621, 18.648807], [-92.466678, 18.648693], [-92.466718, 18.648643], [-92.46679, 18.648709], [-92.466781, 18.648784], [-92.466767, 18.648886], [-92.466817, 18.64901], [-92.466801, 18.649074], [-92.466805, 18.649156], [-92.466847, 18.649252], [-92.466877, 18.649364], [-92.466882, 18.649484], [-92.466906, 18.649583], [-92.466924, 18.649699], [-92.466912, 18.649856], [-92.466921, 18.649905], [-92.46694, 18.650043], [-92.46697, 18.650149], [-92.466979, 18.650215], [-92.466998, 18.650358], [-92.467027, 18.650431], [-92.467042, 18.650498], [-92.467046, 18.650569], [-92.467043, 18.65065], [-92.467015, 18.650702], [-92.466987, 18.650764], [-92.466958, 18.65081], [-92.466929, 18.650862], [-92.466901, 18.650914], [-92.466925, 18.65103], [-92.46696, 18.651109], [-92.46713, 18.651049], [-92.467178, 18.651146], [-92.467276, 18.651242], [-92.467372, 18.651441], [-92.467422, 18.651581], [-92.467489, 18.65168], [-92.467555, 18.651768], [-92.467563, 18.651931], [-92.467555, 18.652159], [-92.467573, 18.652416], [-92.46759, 18.652509], [-92.467587, 18.652563], [-92.467586, 18.652688], [-92.467586, 18.652808], [-92.467612, 18.652957], [-92.467605, 18.653205], [-92.467324, 18.653427], [-92.467036, 18.653642], [-92.466599, 18.653897], [-92.466055, 18.654106], [-92.465488, 18.654178], [-92.46486, 18.654256], [-92.464021, 18.654217], [-92.463501, 18.654304], [-92.462981, 18.65439], [-92.462345, 18.654478], [-92.461767, 18.654566], [-92.461305, 18.65457], [-92.460727, 18.654657], [-92.460149, 18.654786], [-92.459571, 18.654915], [-92.458993, 18.655043], [-92.458531, 18.655171], [-92.457664, 18.655344], [-92.457087, 18.655555], [-92.456221, 18.655811], [-92.455757, 18.655732], [-92.455411, 18.655859], [-92.454833, 18.655946], [-92.454428, 18.655991], [-92.45385, 18.656078], [-92.453388, 18.656164], [-92.45281, 18.65621], [-92.452232, 18.656298], [-92.451538, 18.656469], [-92.450614, 18.656642], [-92.450267, 18.656727], [-92.449574, 18.656857], [-92.449111, 18.656944], [-92.448476, 18.657073], [-92.447956, 18.65716], [-92.447551, 18.657287], [-92.446915, 18.657375], [-92.446453, 18.65742], [-92.445759, 18.657467], [-92.444892, 18.657598], [-92.444025, 18.657771], [-92.443505, 18.657816], [-92.442869, 18.657987], [-92.442349, 18.658032], [-92.441886, 18.658036], [-92.441308, 18.658165], [-92.440904, 18.658251], [-92.440384, 18.658338], [-92.439806, 18.658466], [-92.43917, 18.658595], [-92.43865, 18.658682], [-92.437956, 18.658771], [-92.437436, 18.658899], [-92.436743, 18.659029], [-92.435991, 18.659117], [-92.435529, 18.659204], [-92.434951, 18.659332], [-92.434199, 18.65938], [-92.433796, 18.659631], [-92.43316, 18.659719], [-92.432467, 18.659932], [-92.431595, 18.659968], [-92.430386, 18.66032], [-92.429577, 18.660492], [-92.428768, 18.660664], [-92.428363, 18.660626], [-92.427843, 18.660754], [-92.427265, 18.6608], [-92.426687, 18.660888], [-92.426167, 18.661057], [-92.425589, 18.661145], [-92.424953, 18.661232], [-92.424144, 18.661404], [-92.423508, 18.661451], [-92.422988, 18.661537], [-92.422468, 18.661707], [-92.42189, 18.661836], [-92.421428, 18.661964], [-92.420734, 18.66201], [-92.42004, 18.662016], [-92.419289, 18.662187], [-92.418711, 18.662233], [-92.417901, 18.662364], [-92.417035, 18.662536], [-92.416283, 18.662666], [-92.415994, 18.662751], [-92.415474, 18.662838], [-92.414896, 18.662884], [-92.41426, 18.663013], [-92.413971, 18.663015], [-92.413393, 18.663144], [-92.412816, 18.663314], [-92.412122, 18.663443], [-92.411544, 18.663448], [-92.410734, 18.663537], [-92.410098, 18.663625], [-92.409405, 18.663796], [-92.408827, 18.663883], [-92.408133, 18.66393], [-92.407671, 18.664016], [-92.407035, 18.664187], [-92.406515, 18.664232], [-92.405821, 18.664279], [-92.404954, 18.664492], [-92.404376, 18.66458], [-92.40374, 18.664709], [-92.403278, 18.664712], [-92.402815, 18.664716], [-92.402005, 18.664763], [-92.401485, 18.664933], [-92.400907, 18.665062], [-92.400272, 18.665149], [-92.399867, 18.665194], [-92.399115, 18.665282], [-92.398653, 18.665369], [-92.397959, 18.665416], [-92.39715, 18.665505], [-92.396109, 18.665637], [-92.395415, 18.665725], [-92.394548, 18.665856], [-92.393854, 18.665902], [-92.393334, 18.665948], [-92.39264, 18.666036], [-92.391831, 18.666249], [-92.391195, 18.666337], [-92.390444, 18.666467], [-92.389981, 18.66647], [-92.389229, 18.666517], [-92.388651, 18.666522], [-92.387957, 18.666568], [-92.387379, 18.666697], [-92.386743, 18.666826], [-92.386107, 18.666914], [-92.385645, 18.666958], [-92.385067, 18.667087], [-92.384316, 18.667217], [-92.383795, 18.667262], [-92.383043, 18.667309], [-92.382118, 18.667358], [-92.381713, 18.667361], [-92.381366, 18.667405], [-92.380384, 18.667661], [-92.379864, 18.667789], [-92.37969, 18.667707], [-92.378707, 18.667715], [-92.378013, 18.667886], [-92.377436, 18.668056], [-92.376799, 18.668061], [-92.376395, 18.668188], [-92.375932, 18.668233], [-92.37547, 18.668319], [-92.374949, 18.668323], [-92.374371, 18.668369], [-92.374024, 18.668371], [-92.373504, 18.668458], [-92.372636, 18.668506], [-92.372232, 18.668592], [-92.371596, 18.668638], [-92.371075, 18.6686], [-92.370613, 18.668687], [-92.36963, 18.668901], [-92.369052, 18.668947], [-92.368416, 18.668952], [-92.367375, 18.669125], [-92.366624, 18.669255], [-92.365988, 18.669342], [-92.365294, 18.669348], [-92.364311, 18.669438], [-92.36327, 18.669611], [-92.362288, 18.669784], [-92.36142, 18.669873], [-92.360322, 18.670006], [-92.359396, 18.66993], [-92.358702, 18.669894], [-92.358239, 18.669897], [-92.357487, 18.669944], [-92.356388, 18.669994], [-92.355521, 18.670166], [-92.35477, 18.670254], [-92.354018, 18.670343], [-92.353439, 18.670347], [-92.352803, 18.670393], [-92.352109, 18.670398], [-92.351299, 18.670404], [-92.350605, 18.670451], [-92.349738, 18.670416], [-92.348813, 18.670671], [-92.348235, 18.670675], [-92.347541, 18.67068], [-92.346962, 18.670643], [-92.346268, 18.67069], [-92.345458, 18.670737], [-92.344765, 18.670825], [-92.343897, 18.670749], [-92.342856, 18.671005], [-92.342221, 18.671134], [-92.341584, 18.671097], [-92.340948, 18.671102], [-92.340254, 18.67119], [-92.339502, 18.671195], [-92.338808, 18.671118], [-92.337883, 18.67129], [-92.337248, 18.671543], [-92.33638, 18.671674], [-92.335165, 18.671558], [-92.333778, 18.671775], [-92.333199, 18.671821], [-92.332506, 18.671992], [-92.33187, 18.672121], [-92.33135, 18.672166], [-92.330829, 18.67217], [-92.330135, 18.672257], [-92.329557, 18.672303], [-92.328921, 18.672349], [-92.32817, 18.672479], [-92.327476, 18.672608], [-92.326782, 18.672655], [-92.325972, 18.67266], [-92.325336, 18.672789], [-92.324816, 18.672793], [-92.323891, 18.672924], [-92.323023, 18.672889], [-92.32256, 18.672892], [-92.321692, 18.672816], [-92.321288, 18.672901], [-92.320478, 18.673032], [-92.320131, 18.673075], [-92.319206, 18.673165], [-92.318396, 18.673088], [-92.317875, 18.673009], [-92.31666, 18.672976], [-92.316081, 18.672898], [-92.31504, 18.672947], [-92.314346, 18.672993], [-92.313594, 18.67304], [-92.3129, 18.673045], [-92.311975, 18.67301], [-92.311165, 18.672975], [-92.310413, 18.67298], [-92.309314, 18.673071], [-92.308678, 18.673117], [-92.308099, 18.673121], [-92.307405, 18.673085], [-92.306595, 18.673008], [-92.305323, 18.6731], [-92.304339, 18.673107], [-92.303587, 18.673071], [-92.302431, 18.673162], [-92.301101, 18.673254], [-92.300175, 18.673219], [-92.298787, 18.673271], [-92.298151, 18.673358], [-92.297225, 18.673323], [-92.296068, 18.673373], [-92.295201, 18.673462], [-92.293987, 18.673553], [-92.293061, 18.673643], [-92.291962, 18.673692], [-92.29121, 18.673656], [-92.290112, 18.673746], [-92.28936, 18.673752], [-92.288376, 18.6738], [-92.287335, 18.673849], [-92.286468, 18.673896], [-92.285716, 18.673902], [-92.284963, 18.673783], [-92.283691, 18.673916], [-92.282303, 18.673885], [-92.281378, 18.674057], [-92.280568, 18.674104], [-92.279759, 18.674192], [-92.278775, 18.674199], [-92.278023, 18.674122], [-92.277271, 18.674044], [-92.27623, 18.674052], [-92.275247, 18.674183], [-92.274437, 18.674188], [-92.273685, 18.674318], [-92.272528, 18.674284], [-92.271834, 18.674207], [-92.271082, 18.67417], [-92.270272, 18.674218], [-92.269578, 18.674347], [-92.268943, 18.674475], [-92.268075, 18.67444], [-92.267265, 18.674528], [-92.266513, 18.674534], [-92.265472, 18.674582], [-92.264663, 18.674753], [-92.263506, 18.674844], [-92.262639, 18.675016], [-92.261425, 18.67519], [-92.260732, 18.67536], [-92.25975, 18.675698], [-92.258941, 18.676035], [-92.258595, 18.676451], [-92.258074, 18.676331], [-92.257554, 18.676376], [-92.256975, 18.676338], [-92.256397, 18.676301], [-92.25576, 18.676347], [-92.255067, 18.676517], [-92.25443, 18.67648], [-92.253679, 18.676568], [-92.252812, 18.67674], [-92.252002, 18.676828], [-92.250326, 18.677171], [-92.249748, 18.677258], [-92.249285, 18.677302], [-92.248534, 18.677431], [-92.247436, 18.67777], [-92.246974, 18.67798], [-92.246222, 18.678192], [-92.245703, 18.678527], [-92.244778, 18.678699], [-92.2442, 18.678786], [-92.243448, 18.678957], [-92.242812, 18.678961], [-92.241887, 18.679174], [-92.241193, 18.679138], [-92.24021, 18.679186], [-92.239632, 18.679479], [-92.239055, 18.679856], [-92.238073, 18.680111], [-92.237205, 18.680158], [-92.236049, 18.680332], [-92.234834, 18.680423], [-92.233909, 18.680553], [-92.232811, 18.680768], [-92.231827, 18.680774], [-92.230671, 18.680865], [-92.229745, 18.680913], [-92.228878, 18.681043], [-92.227606, 18.681093], [-92.227112, 18.681069], [-92.226854, 18.681056], [-92.226159, 18.681061], [-92.225003, 18.681234], [-92.224078, 18.681324], [-92.22321, 18.681412], [-92.222633, 18.681664], [-92.222113, 18.681834], [-92.220898, 18.681924], [-92.219568, 18.682099], [-92.218817, 18.682228], [-92.217602, 18.682319], [-92.216735, 18.682408], [-92.215752, 18.682539], [-92.214711, 18.682711], [-92.213844, 18.683007], [-92.212804, 18.683262], [-92.211243, 18.683604], [-92.210029, 18.683777], [-92.208526, 18.684036], [-92.207196, 18.684251], [-92.205981, 18.68426], [-92.203783, 18.684316], [-92.201816, 18.68437], [-92.199619, 18.684633], [-92.198, 18.684768], [-92.195686, 18.684907], [-92.193952, 18.685167], [-92.191754, 18.685471], [-92.189847, 18.685856], [-92.188343, 18.686156], [-92.186898, 18.686414], [-92.185569, 18.686795], [-92.18372, 18.687387], [-92.183142, 18.687639], [-92.182448, 18.687726], [-92.18187, 18.687854], [-92.181176, 18.687817], [-92.180539, 18.68778], [-92.179787, 18.687702], [-92.17915, 18.687499], [-92.178108, 18.687465], [-92.177414, 18.687469], [-92.176315, 18.687559], [-92.175448, 18.687689], [-92.174523, 18.687819], [-92.173424, 18.687992], [-92.172557, 18.688121], [-92.171632, 18.688376], [-92.170939, 18.688711], [-92.170187, 18.688758], [-92.168915, 18.689014], [-92.166592, 18.68961], [-92.16578, 18.689767], [-92.164505, 18.68992], [-92.162999, 18.689988], [-92.161725, 18.689976], [-92.160221, 18.689962], [-92.159063, 18.68995], [-92.158137, 18.689941], [-92.156976, 18.690178], [-92.156048, 18.690334], [-92.155123, 18.690243], [-92.153966, 18.690232], [-92.152688, 18.690632], [-92.151647, 18.69054], [-92.150605, 18.69053], [-92.14852, 18.690592], [-92.146197, 18.69123], [-92.143993, 18.691622], [-92.14225, 18.692183], [-92.140047, 18.692492], [-92.138657, 18.692479], [-92.136338, 18.692786], [-92.134716, 18.692936], [-92.132631, 18.692998], [-92.130777, 18.693145], [-92.128921, 18.693457], [-92.127066, 18.693687], [-92.125321, 18.694413], [-92.123581, 18.694727], [-92.1208, 18.694865], [-92.119062, 18.695013], [-92.117089, 18.695406], [-92.11558, 18.695722], [-92.114075, 18.695707], [-92.112684, 18.695858], [-92.111876, 18.695685], [-92.111061, 18.69609], [-92.109789, 18.695912], [-92.108864, 18.695821], [-92.107356, 18.696053], [-92.105617, 18.696284], [-92.10411, 18.696434], [-92.102601, 18.69675], [-92.101327, 18.69682], [-92.099936, 18.696971], [-92.09854, 18.697535], [-92.097264, 18.697688], [-92.095989, 18.69784], [-92.094369, 18.697742], [-92.093213, 18.697647], [-92.091817, 18.698129], [-92.090776, 18.698119], [-92.089735, 18.698026], [-92.088812, 18.697769], [-92.087542, 18.697426], [-92.086731, 18.6975], [-92.085806, 18.697408], [-92.084994, 18.697483], [-92.084069, 18.697391], [-92.08326, 18.6973], [-92.082562, 18.697541], [-92.080938, 18.697855], [-92.080124, 18.698095], [-92.078035, 18.698569], [-92.07676, 18.698639], [-92.075371, 18.698625], [-92.074331, 18.698449], [-92.072361, 18.698595], [-92.070389, 18.698905], [-92.068766, 18.699137], [-92.067489, 18.699371], [-92.06633, 18.699525], [-92.065283, 18.699927], [-92.063431, 18.699826], [-92.062155, 18.700061], [-92.060765, 18.700129], [-92.059488, 18.700364], [-92.057754, 18.700181], [-92.056132, 18.700247], [-92.054511, 18.700313], [-92.052884, 18.700792], [-92.051495, 18.700778], [-92.049872, 18.700927], [-92.048826, 18.701247], [-92.04755, 18.701481], [-92.045233, 18.70154], [-92.04338, 18.701604], [-92.041524, 18.701915], [-92.039556, 18.701895], [-92.037931, 18.702209], [-92.036656, 18.702361], [-92.034914, 18.702756], [-92.033755, 18.702909], [-92.032706, 18.703477], [-92.031317, 18.70338], [-92.030279, 18.703121], [-92.029468, 18.703113], [-92.028074, 18.703511], [-92.027143, 18.703915], [-92.025865, 18.704232], [-92.024708, 18.70422], [-92.023665, 18.704292], [-92.022857, 18.704036], [-92.021816, 18.704025], [-92.021119, 18.704183], [-92.020191, 18.704338], [-92.01903, 18.704574], [-92.018221, 18.704483], [-92.017062, 18.704554], [-92.015673, 18.704539], [-92.014631, 18.704528], [-92.013123, 18.704761], [-92.011731, 18.704994], [-92.010799, 18.705397], [-92.009757, 18.705469], [-92.0086, 18.705374], [-92.008023, 18.705203], [-92.007445, 18.705114], [-92.006516, 18.705353], [-92.005591, 18.70526], [-92.000613, 18.705208], [-91.999968, 18.705118], [-91.999342, 18.70503], [-91.998065, 18.705264], [-91.996902, 18.705665], [-91.995745, 18.705653], [-91.994818, 18.705726], [-91.993775, 18.705797], [-91.992963, 18.705871], [-91.992385, 18.705783], [-91.991461, 18.705608], [-91.99065, 18.705682], [-91.989725, 18.705589], [-91.988566, 18.70566], [-91.987752, 18.705982], [-91.98671, 18.705971], [-91.985784, 18.705961], [-91.984741, 18.706032], [-91.983353, 18.705935], [-91.982658, 18.705928], [-91.981849, 18.705837], [-91.980811, 18.705495], [-91.979653, 18.705483], [-91.97861, 18.705555], [-91.977336, 18.705624], [-91.976409, 18.705697], [-91.975833, 18.705443], [-91.975374, 18.705107], [-91.974799, 18.704771], [-91.973873, 18.704761], [-91.973295, 18.704672], [-91.9726, 18.704748], [-91.971906, 18.704658], [-91.970751, 18.70448], [-91.969941, 18.704389], [-91.968787, 18.704129], [-91.96798, 18.703872], [-91.967635, 18.703621], [-91.96706, 18.703367], [-91.966254, 18.702946], [-91.965564, 18.702608], [-91.96464, 18.702433], [-91.963596, 18.702587], [-91.962555, 18.702493], [-91.961863, 18.702321], [-91.961057, 18.701982], [-91.959673, 18.701554], [-91.958981, 18.701299], [-91.958291, 18.700961], [-91.957022, 18.700617], [-91.956562, 18.700364], [-91.955641, 18.699941], [-91.954606, 18.699352], [-91.954147, 18.699017], [-91.953575, 18.698515], [-91.953233, 18.698098], [-91.952775, 18.69768], [-91.952082, 18.697508], [-91.951275, 18.697251], [-91.949896, 18.696493], [-91.948862, 18.695821], [-91.947828, 18.695232], [-91.94714, 18.694647], [-91.946452, 18.694144], [-91.945649, 18.693557], [-91.945192, 18.693056], [-91.944737, 18.692473], [-91.944057, 18.69131], [-91.943486, 18.690643], [-91.942916, 18.689976], [-91.942346, 18.689309], [-91.94189, 18.688726], [-91.941559, 18.687401], [-91.940872, 18.686815], [-91.940189, 18.685899], [-91.939503, 18.685231], [-91.93859, 18.68423], [-91.93802, 18.68348], [-91.937334, 18.682812], [-91.936534, 18.68206], [-91.936083, 18.681064], [-91.935281, 18.680395], [-91.934595, 18.679727], [-91.933569, 18.678477], [-91.932769, 18.677725], [-91.931969, 18.67689], [-91.931059, 18.675641], [-91.930145, 18.67464], [-91.929463, 18.673724], [-91.92889, 18.673222], [-91.92832, 18.672555], [-91.927865, 18.67189], [-91.927535, 18.670565], [-91.927196, 18.6699], [-91.926629, 18.668986], [-91.92629, 18.668321], [-91.925954, 18.667491], [-91.925849, 18.666664], [-91.925855, 18.666169], [-91.925515, 18.665587], [-91.925526, 18.664761], [-91.925304, 18.664015], [-91.925197, 18.663271], [-91.925092, 18.662444], [-91.924987, 18.661617], [-91.924534, 18.660868], [-91.924307, 18.660453], [-91.924082, 18.659955], [-91.923627, 18.659372], [-91.923288, 18.658707], [-91.922951, 18.657878], [-91.922498, 18.65713], [-91.922393, 18.656302], [-91.921828, 18.655223], [-91.921723, 18.654395], [-91.921731, 18.653735], [-91.921522, 18.651998], [-91.921184, 18.651251], [-91.920731, 18.650503], [-91.920279, 18.649672], [-91.920057, 18.648926], [-91.91995, 18.648181], [-91.919728, 18.647436], [-91.919391, 18.646689], [-91.919051, 18.646107], [-91.918711, 18.645525], [-91.918142, 18.644775], [-91.917691, 18.643862], [-91.917352, 18.643197], [-91.916552, 18.642445], [-91.915976, 18.642191], [-91.915175, 18.641522], [-91.914605, 18.640855], [-91.914266, 18.64019], [-91.913467, 18.639356], [-91.912778, 18.638935], [-91.911974, 18.638431], [-91.91129, 18.637597], [-91.910491, 18.636763], [-91.909689, 18.636093], [-91.909005, 18.635342], [-91.907859, 18.634421], [-91.906596, 18.633664], [-91.905907, 18.633244], [-91.904302, 18.63207], [-91.903156, 18.631148], [-91.901663, 18.630306], [-91.900283, 18.62963], [-91.89925, 18.628958], [-91.8981, 18.628367], [-91.897296, 18.627945], [-91.896375, 18.627522], [-91.89511, 18.62693], [-91.893268, 18.626167], [-91.89189, 18.625325], [-91.891319, 18.624741], [-91.889829, 18.623651], [-91.888451, 18.62281], [-91.887533, 18.622221], [-91.885577, 18.621374], [-91.883159, 18.620438], [-91.88224, 18.619933], [-91.880744, 18.619255], [-91.879939, 18.618916], [-91.878558, 18.618323], [-91.877868, 18.617984], [-91.876716, 18.617559], [-91.875561, 18.617381], [-91.874177, 18.617035], [-91.873256, 18.616694], [-91.872102, 18.616434], [-91.870719, 18.616005], [-91.869335, 18.615659], [-91.868642, 18.615569], [-91.867831, 18.615643], [-91.866905, 18.615632], [-91.866096, 18.615541], [-91.865288, 18.615449], [-91.86425, 18.61519], [-91.863443, 18.614933], [-91.862637, 18.614594], [-91.861827, 18.614584], [-91.860907, 18.614161], [-91.860216, 18.613906], [-91.85941, 18.613649], [-91.858835, 18.613395], [-91.858146, 18.612974], [-91.857576, 18.612307], [-91.856773, 18.611802], [-91.855635, 18.610743], [-91.855585, 18.610621], [-91.855492, 18.610449], [-91.855482, 18.610371], [-91.85541, 18.609805], [-91.855882, 18.609149], [-91.856234, 18.60874], [-91.856589, 18.608166], [-91.856827, 18.607673], [-91.857065, 18.60718], [-91.857302, 18.60677], [-91.857423, 18.606358], [-91.857777, 18.605784], [-91.858019, 18.605043], [-91.85814, 18.604632], [-91.858378, 18.604139], [-91.858624, 18.602985], [-91.858863, 18.60241], [-91.859457, 18.60126], [-91.859929, 18.600522], [-91.860171, 18.599782], [-91.860412, 18.599041], [-91.860654, 18.598218], [-91.860894, 18.59756], [-91.861132, 18.597067], [-91.861727, 18.595834], [-91.862199, 18.595096], [-91.862553, 18.594605], [-91.8628, 18.593369], [-91.863509, 18.59222], [-91.863635, 18.591478], [-91.863993, 18.590656], [-91.864232, 18.590081], [-91.864475, 18.589175], [-91.864713, 18.588682], [-91.864834, 18.58827], [-91.865194, 18.587283], [-91.865436, 18.58646], [-91.865795, 18.585556], [-91.866034, 18.58498], [-91.866393, 18.584075], [-91.866636, 18.58317], [-91.866873, 18.582759], [-91.867112, 18.582184], [-91.867468, 18.581527], [-91.867475, 18.580949], [-91.867833, 18.580127], [-91.868308, 18.579224], [-91.8689, 18.578157], [-91.869371, 18.577501], [-91.869844, 18.576763], [-91.870079, 18.576435], [-91.870434, 18.575861], [-91.870906, 18.575123], [-91.871146, 18.574465], [-91.871618, 18.573809], [-91.872087, 18.573319], [-91.872557, 18.572746], [-91.87291, 18.572254], [-91.87338, 18.571764], [-91.873733, 18.571272], [-91.874088, 18.570698], [-91.874558, 18.570125], [-91.875028, 18.569552], [-91.875497, 18.569062], [-91.875735, 18.568569], [-91.876087, 18.56816], [-91.876442, 18.567586], [-91.876794, 18.567177], [-91.877149, 18.566602], [-91.877736, 18.565948], [-91.878322, 18.565377], [-91.878792, 18.564804], [-91.87926, 18.564396], [-91.879612, 18.563987], [-91.879847, 18.563742], [-91.880198, 18.563415], [-91.88055, 18.563006], [-91.880785, 18.562761], [-91.881022, 18.56235], [-91.881256, 18.562105], [-91.881721, 18.561945], [-91.8823, 18.561869], [-91.882647, 18.561873], [-91.882988, 18.562372], [-91.88333, 18.562789], [-91.883442, 18.563038], [-91.883673, 18.563041], [-91.88402, 18.563044], [-91.884485, 18.562884], [-91.884715, 18.562969], [-91.885176, 18.56314], [-91.8854, 18.56372], [-91.885391, 18.564381], [-91.885388, 18.564629], [-91.885151, 18.565039], [-91.885032, 18.565286], [-91.884915, 18.56545], [-91.88468, 18.565695], [-91.884444, 18.566023], [-91.884211, 18.566185], [-91.884092, 18.566432], [-91.884087, 18.566845], [-91.884315, 18.567095], [-91.884424, 18.567592], [-91.884768, 18.567843], [-91.884997, 18.568011], [-91.885225, 18.568261], [-91.88557, 18.56843], [-91.885798, 18.568681], [-91.886027, 18.568848], [-91.886371, 18.5691], [-91.886723, 18.568773], [-91.88661, 18.568524], [-91.886613, 18.568277], [-91.886961, 18.568198], [-91.887304, 18.568532], [-91.887301, 18.56878], [-91.887645, 18.569031], [-91.887873, 18.569282], [-91.888099, 18.569697], [-91.888437, 18.570362], [-91.888315, 18.570856], [-91.887848, 18.571181], [-91.887379, 18.571671], [-91.886911, 18.572079], [-91.88656, 18.572406], [-91.886212, 18.572484], [-91.885514, 18.572725], [-91.885051, 18.572802], [-91.884239, 18.572958], [-91.883776, 18.572953], [-91.883424, 18.573362], [-91.882606, 18.573931], [-91.882136, 18.574504], [-91.881782, 18.575079], [-91.881194, 18.575815], [-91.880721, 18.576553], [-91.88025, 18.577209], [-91.879898, 18.577618], [-91.879767, 18.578773], [-91.879763, 18.579103], [-91.879757, 18.579516], [-91.87975, 18.580094], [-91.879742, 18.580672], [-91.879621, 18.581084], [-91.879498, 18.581661], [-91.879376, 18.582155], [-91.879254, 18.582649], [-91.879365, 18.582981], [-91.879476, 18.583312], [-91.879937, 18.583483], [-91.880519, 18.583241], [-91.881096, 18.58333], [-91.881328, 18.58325], [-91.881792, 18.583173], [-91.882139, 18.583177], [-91.882604, 18.583017], [-91.882951, 18.583021], [-91.883297, 18.583107], [-91.88376, 18.583112], [-91.884106, 18.583199], [-91.884567, 18.583286], [-91.884798, 18.583371], [-91.885143, 18.58354], [-91.885833, 18.583796], [-91.885828, 18.584209], [-91.886055, 18.584542], [-91.886167, 18.584873], [-91.886046, 18.585285], [-91.886156, 18.585699], [-91.886149, 18.586195], [-91.886261, 18.586526], [-91.886255, 18.586939], [-91.886251, 18.587269], [-91.886707, 18.58777], [-91.887057, 18.587609], [-91.887059, 18.587444], [-91.886946, 18.587195], [-91.887182, 18.586867], [-91.887184, 18.586702], [-91.887305, 18.58629], [-91.887425, 18.585961], [-91.887426, 18.585878], [-91.887545, 18.585632], [-91.887898, 18.585223], [-91.888247, 18.585061], [-91.888824, 18.58515], [-91.889286, 18.585238], [-91.889746, 18.585408], [-91.890209, 18.585413], [-91.89044, 18.585416], [-91.890903, 18.585421], [-91.891251, 18.585342], [-91.891484, 18.585262], [-91.891952, 18.584855], [-91.891841, 18.58444], [-91.891728, 18.584274], [-91.891504, 18.583693], [-91.89139, 18.583527], [-91.891164, 18.583111], [-91.891052, 18.582862], [-91.89094, 18.582531], [-91.890944, 18.582283], [-91.890833, 18.581869], [-91.890725, 18.581289], [-91.890726, 18.581207], [-91.890849, 18.58063], [-91.890852, 18.580465], [-91.890969, 18.580301], [-91.890974, 18.579971], [-91.89121, 18.57956], [-91.891328, 18.579396], [-91.891562, 18.579234], [-91.891795, 18.579071], [-91.892028, 18.578991], [-91.892257, 18.579159], [-91.892487, 18.579244], [-91.893062, 18.579498], [-91.893406, 18.57975], [-91.893634, 18.58], [-91.89375, 18.580001], [-91.894096, 18.580088], [-91.894561, 18.579928], [-91.894794, 18.579765], [-91.895028, 18.579602], [-91.895262, 18.579357], [-91.895612, 18.579113], [-91.895965, 18.578704], [-91.896086, 18.578292], [-91.896323, 18.577882], [-91.896562, 18.577224], [-91.896565, 18.577059], [-91.896569, 18.576728], [-91.89681, 18.575988], [-91.896815, 18.575575], [-91.897048, 18.575495], [-91.897281, 18.575332], [-91.89763, 18.575171], [-91.897977, 18.575175], [-91.898209, 18.575177], [-91.898556, 18.575181], [-91.898671, 18.575182], [-91.899364, 18.575272], [-91.899482, 18.575109], [-91.899828, 18.575195], [-91.900405, 18.575284], [-91.90075, 18.575453], [-91.901102, 18.575044], [-91.901456, 18.574552], [-91.901929, 18.573731], [-91.902165, 18.573403], [-91.902283, 18.57324], [-91.902522, 18.572581], [-91.902759, 18.572171], [-91.902883, 18.571512], [-91.903009, 18.57077], [-91.90313, 18.570358], [-91.903018, 18.570026], [-91.903023, 18.569613], [-91.903143, 18.569284], [-91.90315, 18.568789], [-91.903155, 18.568376], [-91.903043, 18.568127], [-91.90293, 18.567878], [-91.902819, 18.567546], [-91.90294, 18.567135], [-91.903239, 18.566921], [-91.898703, 18.562956], [-91.898129, 18.562619], [-91.897444, 18.561868], [-91.897105, 18.561285], [-91.896995, 18.560788], [-91.896886, 18.560291], [-91.896775, 18.559877], [-91.896667, 18.559297], [-91.897017, 18.559053], [-91.897484, 18.558645], [-91.897835, 18.558401], [-91.898188, 18.557909], [-91.898427, 18.557251], [-91.898315, 18.557002], [-91.898203, 18.55667], [-91.898094, 18.556173], [-91.897749, 18.556004], [-91.897402, 18.556], [-91.897054, 18.556079], [-91.896588, 18.556321], [-91.896239, 18.556483], [-91.89589, 18.556644], [-91.895541, 18.556806], [-91.895196, 18.556637], [-91.894966, 18.556551], [-91.894623, 18.556217], [-91.89509, 18.555809], [-91.895325, 18.555564], [-91.895674, 18.555402], [-91.896024, 18.555158], [-91.896372, 18.555079], [-91.896723, 18.554753], [-91.897189, 18.55451], [-91.897656, 18.554185], [-91.898121, 18.553942], [-91.898473, 18.553533], [-91.898828, 18.552958], [-91.899177, 18.552797], [-91.899529, 18.552388], [-91.899652, 18.55181], [-91.899772, 18.551399], [-91.899894, 18.550904], [-91.899786, 18.550325], [-91.899679, 18.54958], [-91.899689, 18.548836], [-91.899696, 18.548258], [-91.899819, 18.54768], [-91.899709, 18.547183], [-91.899716, 18.546605], [-91.89984, 18.545945], [-91.899963, 18.545368], [-91.900203, 18.544627], [-91.900444, 18.543886], [-91.900682, 18.54331], [-91.900263, 18.541418], [-91.898754, 18.541815], [-91.898527, 18.541482], [-91.898064, 18.541559], [-91.897491, 18.54114], [-91.896796, 18.541215], [-91.896106, 18.540877], [-91.895526, 18.541036], [-91.894823, 18.541689], [-91.894008, 18.542093], [-91.893434, 18.541756], [-91.892976, 18.541421], [-91.892634, 18.541004], [-91.892291, 18.540752], [-91.891492, 18.539918], [-91.891148, 18.539666], [-91.890575, 18.539247], [-91.890347, 18.538996], [-91.889652, 18.539071], [-91.888843, 18.539062], [-91.888271, 18.538561], [-91.887583, 18.538057], [-91.886891, 18.537885], [-91.886198, 18.537877], [-91.885625, 18.537458], [-91.884935, 18.53712], [-91.884127, 18.537028], [-91.883433, 18.53702], [-91.882863, 18.536353], [-91.88229, 18.535934], [-91.881598, 18.535761], [-91.880903, 18.535836], [-91.880095, 18.535744], [-91.87952, 18.53549], [-91.87895, 18.534823], [-91.878492, 18.534488], [-91.877692, 18.533736], [-91.876771, 18.533395], [-91.876074, 18.533635], [-91.875499, 18.533381], [-91.875043, 18.53288], [-91.874704, 18.532298], [-91.87413, 18.531962], [-91.873556, 18.531625], [-91.872864, 18.531452], [-91.872284, 18.531611], [-91.871819, 18.531771], [-91.871241, 18.531764], [-91.870779, 18.531677], [-91.870315, 18.531837], [-91.869855, 18.531584], [-91.869166, 18.531246], [-91.868711, 18.530662], [-91.868024, 18.530077], [-91.867569, 18.529493], [-91.867113, 18.528993], [-91.866423, 18.528737], [-91.865504, 18.528231], [-91.865161, 18.527897], [-91.864703, 18.527562], [-91.864128, 18.527307], [-91.863671, 18.526889], [-91.863097, 18.526553], [-91.862523, 18.526216], [-91.861835, 18.525795], [-91.861367, 18.526203], [-91.860783, 18.526609], [-91.860312, 18.527265], [-91.85973, 18.527589], [-91.859269, 18.527418], [-91.859042, 18.527085], [-91.858816, 18.52667], [-91.858239, 18.526581], [-91.857778, 18.526493], [-91.857551, 18.52616], [-91.857791, 18.525502], [-91.858262, 18.524847], [-91.858501, 18.524271], [-91.858158, 18.523937], [-91.857587, 18.523435], [-91.857129, 18.523017], [-91.856677, 18.522269], [-91.85657, 18.521607], [-91.856229, 18.521107], [-91.856001, 18.520857], [-91.85554, 18.520769], [-91.854962, 18.520763], [-91.854266, 18.52092], [-91.853455, 18.520993], [-91.852643, 18.52115], [-91.852294, 18.521311], [-91.851594, 18.521799], [-91.850785, 18.521789], [-91.850442, 18.521455], [-91.850331, 18.521124], [-91.850563, 18.521044], [-91.850683, 18.520715], [-91.850917, 18.520552], [-91.851264, 18.520473], [-91.851617, 18.520064], [-91.85174, 18.519488], [-91.851748, 18.518909], [-91.851641, 18.518248], [-91.85176, 18.518001], [-91.851998, 18.517426], [-91.852124, 18.516684], [-91.852129, 18.516271], [-91.852022, 18.515609], [-91.851797, 18.515193], [-91.851691, 18.514449], [-91.851586, 18.513622], [-91.851823, 18.513211], [-91.851943, 18.512882], [-91.852065, 18.512388], [-91.852417, 18.511979], [-91.852311, 18.511234], [-91.852204, 18.510572], [-91.851979, 18.510074], [-91.851407, 18.509655], [-91.850949, 18.509319], [-91.850723, 18.508904], [-91.8505, 18.508241], [-91.850737, 18.50783], [-91.850974, 18.50742], [-91.85144, 18.507095], [-91.851563, 18.506601], [-91.851797, 18.506356], [-91.851915, 18.506192], [-91.852149, 18.505947], [-91.852384, 18.505701], [-91.852965, 18.50546], [-91.853547, 18.505219], [-91.853779, 18.505139], [-91.854126, 18.505143], [-91.854707, 18.504901], [-91.855056, 18.50474], [-91.85552, 18.504663], [-91.856096, 18.504834], [-91.856443, 18.504838], [-91.856905, 18.504843], [-91.857369, 18.504766], [-91.857951, 18.504442], [-91.858184, 18.504362], [-91.858879, 18.504205], [-91.85946, 18.504046], [-91.86015, 18.504302], [-91.860727, 18.504391], [-91.860957, 18.504476], [-91.860952, 18.504889], [-91.860719, 18.505051], [-91.860486, 18.505131], [-91.860481, 18.505544], [-91.860476, 18.505957], [-91.860472, 18.506205], [-91.860471, 18.506287], [-91.860352, 18.506534], [-91.860232, 18.506863], [-91.860106, 18.507688], [-91.860332, 18.508103], [-91.860678, 18.508189], [-91.860804, 18.507365], [-91.860691, 18.507198], [-91.860696, 18.506786], [-91.860816, 18.506457], [-91.861164, 18.506378], [-91.861619, 18.506961], [-91.861842, 18.507542], [-91.862182, 18.508124], [-91.862294, 18.508373], [-91.862516, 18.509119], [-91.862509, 18.509614], [-91.862166, 18.509362], [-91.862051, 18.509279], [-91.861699, 18.509688], [-91.861926, 18.510021], [-91.862266, 18.51052], [-91.862262, 18.51085], [-91.862366, 18.51176], [-91.862356, 18.512503], [-91.862816, 18.512673], [-91.863292, 18.511688], [-91.863523, 18.51169], [-91.863974, 18.512604], [-91.864313, 18.513186], [-91.864767, 18.513852], [-91.865105, 18.514516], [-91.865445, 18.515015], [-91.865787, 18.515432], [-91.866243, 18.515933], [-91.866815, 18.516435], [-91.868194, 18.517111], [-91.868886, 18.517201], [-91.869461, 18.517455], [-91.870386, 18.517466], [-91.870964, 18.517555], [-91.871542, 18.517561], [-91.872237, 18.517486], [-91.872818, 18.517245], [-91.873402, 18.516839], [-91.874216, 18.516435], [-91.874798, 18.516193], [-91.87573, 18.515625], [-91.876079, 18.515464], [-91.877011, 18.514979], [-91.877362, 18.514652], [-91.877831, 18.514162], [-91.878416, 18.513673], [-91.878769, 18.513181], [-91.879124, 18.512524], [-91.879712, 18.511788], [-91.880068, 18.511131], [-91.880423, 18.510474], [-91.88078, 18.509734], [-91.880787, 18.509156], [-91.880682, 18.508329], [-91.880689, 18.507834], [-91.880464, 18.507336], [-91.880476, 18.506427], [-91.880143, 18.50535], [-91.879803, 18.504768], [-91.879349, 18.504102], [-91.878896, 18.503436], [-91.878202, 18.503429], [-91.877282, 18.503006], [-91.876126, 18.502993], [-91.875321, 18.502653], [-91.874628, 18.502563], [-91.874052, 18.502392], [-91.873013, 18.502297], [-91.871976, 18.501955], [-91.871283, 18.501948], [-91.870592, 18.501692], [-91.870016, 18.501521], [-91.86967, 18.501434], [-91.868752, 18.501282], [-91.867754, 18.501259], [-91.866923, 18.50128], [-91.865862, 18.501324], [-91.865128, 18.50137], [-91.864622, 18.501187], [-91.864433, 18.50086], [-91.864172, 18.500235], [-91.864033, 18.499888], [-91.863685, 18.499303], [-91.863342, 18.498969], [-91.862992, 18.499212], [-91.862758, 18.499458], [-91.862404, 18.499949], [-91.861926, 18.501149], [-91.862041, 18.501184], [-91.862033, 18.501845], [-91.861679, 18.502336], [-91.860979, 18.502824], [-91.860397, 18.503148], [-91.859584, 18.503387], [-91.858774, 18.50346], [-91.858078, 18.503618], [-91.857615, 18.503613], [-91.856923, 18.503522], [-91.856344, 18.503516], [-91.856112, 18.503596], [-91.855414, 18.503918], [-91.854719, 18.503993], [-91.854025, 18.503985], [-91.8531, 18.503975], [-91.852289, 18.504131], [-91.851365, 18.504038], [-91.850441, 18.503945], [-91.849288, 18.503684], [-91.84825, 18.503508], [-91.847673, 18.503418], [-91.846635, 18.503159], [-91.844789, 18.50289], [-91.844558, 18.502805], [-91.843637, 18.502547], [-91.843175, 18.502459], [-91.842597, 18.502453], [-91.842136, 18.502365], [-91.841558, 18.502358], [-91.841092, 18.502601], [-91.840626, 18.502844], [-91.840275, 18.50317], [-91.83946, 18.503574], [-91.838761, 18.503979], [-91.838411, 18.504223], [-91.837941, 18.504796], [-91.837023, 18.504207], [-91.836683, 18.503708], [-91.836456, 18.503375], [-91.836231, 18.502877], [-91.835661, 18.502292], [-91.834975, 18.501706], [-91.834402, 18.501177], [-91.833946, 18.500786], [-91.833142, 18.500364], [-91.832566, 18.500192], [-91.831646, 18.499851], [-91.831068, 18.499845], [-91.830142, 18.499917], [-91.829332, 18.499908], [-91.828059, 18.499976], [-91.827366, 18.499968], [-91.826672, 18.49996], [-91.825865, 18.499786], [-91.825057, 18.499694], [-91.824482, 18.49944], [-91.823907, 18.499185], [-91.823448, 18.498932], [-91.823103, 18.498763], [-91.822181, 18.498505], [-91.82195, 18.498502], [-91.82149, 18.498332], [-91.821031, 18.498079], [-91.820339, 18.497906], [-91.819991, 18.497984], [-91.819064, 18.498139], [-91.818485, 18.498215], [-91.817789, 18.498372], [-91.817209, 18.498531], [-91.81663, 18.498607], [-91.816053, 18.498518], [-91.816054, 18.498435], [-91.81548, 18.498098], [-91.815365, 18.498014], [-91.814903, 18.498009], [-91.814556, 18.498005], [-91.814323, 18.498168], [-91.814203, 18.498497], [-91.813854, 18.498658], [-91.813275, 18.498651], [-91.813043, 18.498731], [-91.812464, 18.498807], [-91.812458, 18.49922], [-91.812222, 18.49963], [-91.811873, 18.499792], [-91.811647, 18.499376], [-91.811419, 18.499126], [-91.811185, 18.499288], [-91.810834, 18.499615], [-91.810599, 18.499942], [-91.810017, 18.500183], [-91.809675, 18.499849], [-91.809561, 18.499683], [-91.808864, 18.499922], [-91.808515, 18.500084], [-91.808286, 18.499916], [-91.807829, 18.499498], [-91.807485, 18.499328], [-91.807256, 18.499161], [-91.806448, 18.498986], [-91.805871, 18.498897], [-91.805638, 18.499059], [-91.805288, 18.499303], [-91.805058, 18.499218], [-91.804944, 18.499052], [-91.804948, 18.498804], [-91.804835, 18.498555], [-91.80484, 18.498224], [-91.804726, 18.498058], [-91.804261, 18.4983], [-91.803567, 18.498292], [-91.803455, 18.498043], [-91.804043, 18.497307], [-91.804163, 18.496978], [-91.803936, 18.496645], [-91.803591, 18.496476], [-91.802903, 18.496055], [-91.802676, 18.495722], [-91.802103, 18.495385], [-91.801528, 18.49513], [-91.800837, 18.494875], [-91.800379, 18.494539], [-91.800268, 18.494207], [-91.799921, 18.494203], [-91.799463, 18.493868], [-91.799002, 18.49378], [-91.798542, 18.493609], [-91.797618, 18.493516], [-91.79704, 18.49351], [-91.796463, 18.49342], [-91.79623, 18.493583], [-91.795993, 18.493993], [-91.795758, 18.494238], [-91.795295, 18.494315], [-91.795066, 18.494148], [-91.794835, 18.494062], [-91.794719, 18.494144], [-91.794598, 18.494555], [-91.794476, 18.494967], [-91.794009, 18.495292], [-91.793315, 18.495366], [-91.793089, 18.494951], [-91.792747, 18.494616], [-91.792286, 18.494446], [-91.792167, 18.494692], [-91.791812, 18.495349], [-91.791459, 18.495758], [-91.790989, 18.496331], [-91.790406, 18.496654], [-91.790064, 18.49632], [-91.790424, 18.495333], [-91.790663, 18.494758], [-91.790783, 18.494429], [-91.79125, 18.494104], [-91.791829, 18.494028], [-91.792177, 18.493949], [-91.792761, 18.493543], [-91.793346, 18.493054], [-91.793932, 18.492483], [-91.794164, 18.492403], [-91.794393, 18.492571], [-91.79463, 18.49216], [-91.794633, 18.491913], [-91.794755, 18.491418], [-91.794991, 18.491091], [-91.795113, 18.490597], [-91.795233, 18.490268], [-91.795354, 18.489939], [-91.795474, 18.48961], [-91.795709, 18.489282], [-91.796061, 18.488956], [-91.796292, 18.488958], [-91.796521, 18.489126], [-91.796982, 18.489214], [-91.797446, 18.489137], [-91.798146, 18.488649], [-91.798496, 18.488405], [-91.798611, 18.488489], [-91.799073, 18.488495], [-91.799417, 18.488746], [-91.799877, 18.488917], [-91.800463, 18.488345], [-91.800585, 18.487851], [-91.800476, 18.487354], [-91.800482, 18.486942], [-91.800371, 18.486527], [-91.80026, 18.486196], [-91.800501, 18.485455], [-91.800739, 18.484962], [-91.800861, 18.484551], [-91.801102, 18.48381], [-91.801222, 18.483481], [-91.801115, 18.482819], [-91.801005, 18.482405], [-91.800899, 18.48166], [-91.800677, 18.480997], [-91.80045, 18.480664], [-91.800221, 18.480496], [-91.80011, 18.480165], [-91.800579, 18.479674], [-91.800813, 18.479512], [-91.80151, 18.479272], [-91.802439, 18.478952], [-91.802788, 18.478791], [-91.80372, 18.478224], [-91.804881, 18.477907], [-91.805573, 18.477997], [-91.806039, 18.477755], [-91.806391, 18.477346], [-91.806863, 18.47669], [-91.807561, 18.476368], [-91.808149, 18.475631], [-91.808502, 18.47514], [-91.808858, 18.474483], [-91.809097, 18.473908], [-91.809452, 18.473251], [-91.80969, 18.472758], [-91.809811, 18.472347], [-91.809815, 18.472099], [-91.809705, 18.471685], [-91.809712, 18.471107], [-91.809603, 18.47061], [-91.80961, 18.470114], [-91.809502, 18.469535], [-91.809281, 18.468789], [-91.809171, 18.468375], [-91.809065, 18.46763], [-91.808954, 18.467299], [-91.809075, 18.466887], [-91.809312, 18.466477], [-91.80978, 18.466069], [-91.810358, 18.466076], [-91.810935, 18.466165], [-91.811515, 18.466006], [-91.812217, 18.465354], [-91.812684, 18.465029], [-91.813272, 18.464292], [-91.813629, 18.463553], [-91.814098, 18.463062], [-91.814684, 18.462408], [-91.815157, 18.46167], [-91.815512, 18.461014], [-91.81633, 18.460362], [-91.817031, 18.459792], [-91.817618, 18.459138], [-91.818203, 18.458649], [-91.818555, 18.45824], [-91.818907, 18.457831], [-91.81938, 18.457093], [-91.819616, 18.456683], [-91.819853, 18.456273], [-91.819862, 18.455612], [-91.819636, 18.455196], [-91.819409, 18.454863], [-91.819186, 18.454283], [-91.818967, 18.453372], [-91.818861, 18.452627], [-91.818751, 18.452213], [-91.818415, 18.451383], [-91.818191, 18.450885], [-91.817743, 18.449806], [-91.8174, 18.449472], [-91.816833, 18.44864], [-91.816376, 18.448221], [-91.815804, 18.447802], [-91.815103, 18.448372], [-91.814633, 18.448945], [-91.813812, 18.449844], [-91.813341, 18.450417], [-91.812989, 18.450826], [-91.812402, 18.45148], [-91.811933, 18.45197], [-91.811695, 18.452545], [-91.811219, 18.453531], [-91.810859, 18.454518], [-91.810499, 18.455505], [-91.810257, 18.456328], [-91.810013, 18.457234], [-91.809655, 18.458139], [-91.809063, 18.459123], [-91.808827, 18.459533], [-91.808703, 18.46011], [-91.80823, 18.460931], [-91.807525, 18.461748], [-91.80717, 18.462405], [-91.806815, 18.462979], [-91.806227, 18.463716], [-91.80553, 18.463956], [-91.805073, 18.463537], [-91.804973, 18.46238], [-91.805451, 18.461229], [-91.805809, 18.460407], [-91.806399, 18.459505], [-91.806757, 18.458684], [-91.807228, 18.458028], [-91.807698, 18.457455], [-91.808051, 18.457047], [-91.808642, 18.456062], [-91.808999, 18.455323], [-91.809355, 18.454584], [-91.809715, 18.453597], [-91.810192, 18.452528], [-91.810666, 18.451625], [-91.810909, 18.450802], [-91.811383, 18.449899], [-91.811385, 18.449734], [-91.81174, 18.44916], [-91.812098, 18.448338], [-91.812454, 18.447598], [-91.812813, 18.446694], [-91.812932, 18.446448], [-91.813052, 18.446119], [-91.81341, 18.445297], [-91.813763, 18.444805], [-91.814347, 18.444399], [-91.814811, 18.444239], [-91.81631, 18.444504], [-91.816424, 18.44467], [-91.817576, 18.444931], [-91.818384, 18.445023], [-91.819076, 18.445196], [-91.819651, 18.445368], [-91.81988, 18.445536], [-91.82057, 18.445791], [-91.821261, 18.446047], [-91.821604, 18.446299], [-91.822294, 18.446554], [-91.822753, 18.446807], [-91.823097, 18.447059], [-91.823786, 18.447397], [-91.82436, 18.447734], [-91.825051, 18.447907], [-91.82586, 18.447916], [-91.82714, 18.44727], [-91.827726, 18.446698], [-91.82854, 18.446295], [-91.829243, 18.445642], [-91.829709, 18.445317], [-91.830298, 18.444497], [-91.830768, 18.443925], [-91.831124, 18.443268], [-91.831597, 18.442447], [-91.832069, 18.441709], [-91.832893, 18.440562], [-91.833367, 18.439742], [-91.83384, 18.438921], [-91.834081, 18.43818], [-91.834091, 18.437437], [-91.834215, 18.436778], [-91.834224, 18.436117], [-91.834231, 18.435539], [-91.834235, 18.435291], [-91.834241, 18.434796], [-91.834244, 18.434548], [-91.834249, 18.434218], [-91.834368, 18.433971], [-91.834372, 18.433641], [-91.834147, 18.433143], [-91.834151, 18.432895], [-91.833925, 18.43248], [-91.833697, 18.432229], [-91.833703, 18.431816], [-91.833938, 18.431489], [-91.834169, 18.431491], [-91.834517, 18.431412], [-91.834865, 18.431334], [-91.835446, 18.431093], [-91.835794, 18.431014], [-91.836256, 18.431019], [-91.836722, 18.430777], [-91.836838, 18.430695], [-91.837536, 18.430373], [-91.837235, 18.430207], [-91.837077, 18.43012], [-91.836729, 18.430198], [-91.836382, 18.430277], [-91.835804, 18.430271], [-91.83511, 18.430263], [-91.834647, 18.43034], [-91.834183, 18.430418], [-91.833837, 18.430414], [-91.83349, 18.43041], [-91.833485, 18.430823], [-91.833249, 18.43115], [-91.833245, 18.431481], [-91.833239, 18.431894], [-91.833116, 18.43247], [-91.833107, 18.433131], [-91.833101, 18.433627], [-91.832979, 18.434121], [-91.832856, 18.434615], [-91.833196, 18.435197], [-91.833307, 18.435529], [-91.833299, 18.436107], [-91.833176, 18.436683], [-91.833053, 18.43726], [-91.832697, 18.437917], [-91.832108, 18.438736], [-91.831867, 18.439477], [-91.831584, 18.439822], [-91.831397, 18.44005], [-91.831161, 18.44046], [-91.830805, 18.441117], [-91.830568, 18.44161], [-91.830331, 18.44202], [-91.829861, 18.442593], [-91.829622, 18.443168], [-91.82927, 18.443577], [-91.828219, 18.444391], [-91.827632, 18.445045], [-91.827281, 18.445372], [-91.826928, 18.445863], [-91.826461, 18.446188], [-91.82611, 18.446515], [-91.825643, 18.44684], [-91.824951, 18.446749], [-91.824259, 18.446576], [-91.823684, 18.446405], [-91.823339, 18.446236], [-91.823109, 18.44615], [-91.822651, 18.445815], [-91.822077, 18.445478], [-91.821618, 18.445225], [-91.821043, 18.445053], [-91.820699, 18.444802], [-91.819776, 18.444708], [-91.818971, 18.444369], [-91.818744, 18.444036], [-91.817822, 18.44386], [-91.817364, 18.443525], [-91.81644, 18.443432], [-91.815863, 18.443342], [-91.814941, 18.443167], [-91.814016, 18.443156], [-91.813782, 18.443401], [-91.81366, 18.443895], [-91.813424, 18.444223], [-91.813189, 18.444551], [-91.813066, 18.445045], [-91.812942, 18.445704], [-91.812704, 18.446197], [-91.812469, 18.446525], [-91.812116, 18.446934], [-91.812113, 18.447182], [-91.811992, 18.447593], [-91.811754, 18.448086], [-91.811519, 18.448414], [-91.811277, 18.449154], [-91.810922, 18.449811], [-91.810801, 18.450223], [-91.810564, 18.450633], [-91.810212, 18.451042], [-91.809857, 18.451616], [-91.809621, 18.452026], [-91.809266, 18.4526], [-91.809144, 18.453095], [-91.808907, 18.453505], [-91.808668, 18.45408], [-91.808313, 18.454737], [-91.808074, 18.455312], [-91.807953, 18.455724], [-91.807599, 18.456215], [-91.807253, 18.456211], [-91.807376, 18.455635], [-91.807385, 18.454974], [-91.807622, 18.454481], [-91.807861, 18.453906], [-91.808098, 18.453496], [-91.80845, 18.453087], [-91.808688, 18.452594], [-91.808926, 18.452101], [-91.809046, 18.451772], [-91.809052, 18.451359], [-91.809286, 18.451114], [-91.809407, 18.450702], [-91.809763, 18.450046], [-91.810236, 18.449225], [-91.810474, 18.448732], [-91.810594, 18.448403], [-91.810943, 18.448242], [-91.811179, 18.447832], [-91.810953, 18.447499], [-91.811193, 18.446841], [-91.811426, 18.446678], [-91.811662, 18.446351], [-91.812015, 18.445859], [-91.812257, 18.445036], [-91.812265, 18.444458], [-91.81227, 18.444045], [-91.812278, 18.443467], [-91.812639, 18.442397], [-91.813109, 18.441824], [-91.813456, 18.441828], [-91.813919, 18.441751], [-91.814381, 18.441839], [-91.815073, 18.441929], [-91.815881, 18.442021], [-91.816806, 18.442032], [-91.817381, 18.442203], [-91.818766, 18.442384], [-91.820152, 18.442483], [-91.820723, 18.442985], [-91.821185, 18.443073], [-91.821416, 18.443075], [-91.82211, 18.443], [-91.822339, 18.443168], [-91.822913, 18.443505], [-91.823372, 18.443758], [-91.82383, 18.444094], [-91.824288, 18.444429], [-91.824978, 18.444685], [-91.825324, 18.444771], [-91.825787, 18.444694], [-91.82591, 18.444117], [-91.82557, 18.443618], [-91.825578, 18.44304], [-91.825476, 18.441965], [-91.825363, 18.441798], [-91.825254, 18.441302], [-91.824911, 18.44105], [-91.82446, 18.440136], [-91.824347, 18.43997], [-91.824006, 18.439553], [-91.823548, 18.439217], [-91.823201, 18.439213], [-91.822509, 18.439123], [-91.821931, 18.439116], [-91.821353, 18.43911], [-91.820892, 18.439022], [-91.820429, 18.439017], [-91.819973, 18.438599], [-91.819752, 18.43777], [-91.819873, 18.437359], [-91.82011, 18.436948], [-91.820576, 18.436706], [-91.821043, 18.436298], [-91.821507, 18.436221], [-91.822087, 18.436062], [-91.822318, 18.436065], [-91.823016, 18.435742], [-91.823365, 18.435581], [-91.823712, 18.435585], [-91.824636, 18.435596], [-91.825094, 18.435931], [-91.825554, 18.436102], [-91.826013, 18.436355], [-91.826353, 18.436854], [-91.826696, 18.437188], [-91.82692, 18.437686], [-91.827027, 18.438348], [-91.827138, 18.43868], [-91.827594, 18.439181], [-91.828055, 18.439269], [-91.828512, 18.439687], [-91.828857, 18.439856], [-91.829313, 18.440356], [-91.830005, 18.440447], [-91.830471, 18.440204], [-91.830474, 18.439957], [-91.830706, 18.439877], [-91.830826, 18.439548], [-91.831063, 18.439137], [-91.83118, 18.438974], [-91.8313, 18.438644], [-91.831424, 18.438068], [-91.831546, 18.437574], [-91.83155, 18.437243], [-91.831443, 18.436581], [-91.831455, 18.435673], [-91.831124, 18.434513], [-91.831023, 18.433438], [-91.83103, 18.43286], [-91.831042, 18.431951], [-91.831641, 18.430389], [-91.831881, 18.429731], [-91.832585, 18.428913], [-91.832817, 18.428833], [-91.833283, 18.42859], [-91.833512, 18.428758], [-91.833861, 18.428597], [-91.834209, 18.428518], [-91.835249, 18.42853], [-91.835593, 18.428699], [-91.836175, 18.428375], [-91.837154, 18.427818], [-91.836571, 18.426266], [-91.835739, 18.426388], [-91.835279, 18.426218], [-91.835164, 18.426216], [-91.835056, 18.425637], [-91.835066, 18.424894], [-91.835074, 18.424233], [-91.834964, 18.423819], [-91.834738, 18.423403], [-91.834156, 18.423727], [-91.833803, 18.424219], [-91.833451, 18.424628], [-91.833101, 18.424871], [-91.832636, 18.425031], [-91.832173, 18.425109], [-91.831593, 18.425267], [-91.831246, 18.425263], [-91.830319, 18.425418], [-91.829856, 18.425496], [-91.82962, 18.425906], [-91.829153, 18.426231], [-91.828686, 18.426556], [-91.82822, 18.426881], [-91.827876, 18.426629], [-91.827525, 18.426956], [-91.827065, 18.426785], [-91.826374, 18.426612], [-91.825565, 18.426603], [-91.82499, 18.426349], [-91.824298, 18.426259], [-91.823835, 18.426253], [-91.823258, 18.426247], [-91.822679, 18.426323], [-91.822448, 18.42632], [-91.82198, 18.426728], [-91.821976, 18.426976], [-91.82209, 18.427142], [-91.822203, 18.427308], [-91.822432, 18.427476], [-91.822547, 18.42756], [-91.823234, 18.428064], [-91.823461, 18.428314], [-91.823804, 18.428648], [-91.8238, 18.428896], [-91.823797, 18.429144], [-91.823795, 18.429309], [-91.823791, 18.429639], [-91.823208, 18.429963], [-91.822863, 18.429876], [-91.821825, 18.429699], [-91.821133, 18.429526], [-91.820672, 18.429439], [-91.820212, 18.429268], [-91.819638, 18.429014], [-91.819295, 18.42868], [-91.818837, 18.428344], [-91.818274, 18.427264], [-91.817592, 18.426348], [-91.817255, 18.425683], [-91.817029, 18.425267], [-91.816461, 18.424518], [-91.815773, 18.424097], [-91.815201, 18.423677], [-91.814393, 18.423585], [-91.813817, 18.423414], [-91.813356, 18.423326], [-91.81255, 18.423069], [-91.812096, 18.422486], [-91.811402, 18.422478], [-91.81106, 18.422143], [-91.810718, 18.421809], [-91.810375, 18.421475], [-91.809925, 18.420561], [-91.809929, 18.420313], [-91.809586, 18.419979], [-91.809013, 18.419642], [-91.808441, 18.419223], [-91.808213, 18.418972], [-91.807753, 18.418802], [-91.807175, 18.418795], [-91.806712, 18.418872], [-91.806247, 18.419032], [-91.806128, 18.419279], [-91.80601, 18.419443], [-91.806006, 18.419773], [-91.806003, 18.420021], [-91.805998, 18.420351], [-91.805874, 18.42101], [-91.805756, 18.421174], [-91.804833, 18.421081], [-91.804607, 18.420666], [-91.804383, 18.420167], [-91.804738, 18.419511], [-91.804977, 18.418935], [-91.805678, 18.418365], [-91.806375, 18.418125], [-91.80707, 18.417968], [-91.807767, 18.417728], [-91.808114, 18.417732], [-91.808924, 18.417659], [-91.809387, 18.417582], [-91.810083, 18.417424], [-91.810547, 18.417264], [-91.811129, 18.416941], [-91.811828, 18.416536], [-91.812413, 18.416047], [-91.812648, 18.415719], [-91.812886, 18.415226], [-91.81347, 18.414737], [-91.814053, 18.414414], [-91.814519, 18.414088], [-91.814985, 18.413846], [-91.81568, 18.413689], [-91.816258, 18.413695], [-91.816834, 18.413867], [-91.817525, 18.41404], [-91.818212, 18.414543], [-91.818437, 18.414959], [-91.818432, 18.415372], [-91.818654, 18.416035], [-91.818646, 18.416696], [-91.81887, 18.417194], [-91.818974, 18.418104], [-91.819194, 18.418932], [-91.819418, 18.41943], [-91.819756, 18.420095], [-91.819979, 18.420758], [-91.819971, 18.421336], [-91.820311, 18.421836], [-91.820653, 18.42217], [-91.821689, 18.422512], [-91.822262, 18.422849], [-91.823066, 18.423271], [-91.823985, 18.423695], [-91.824905, 18.424035], [-91.826755, 18.423974], [-91.82745, 18.423899], [-91.828376, 18.423827], [-91.829301, 18.423755], [-91.829532, 18.423757], [-91.829997, 18.423597], [-91.830578, 18.423356], [-91.830929, 18.42303], [-91.831513, 18.422541], [-91.832097, 18.422134], [-91.8328, 18.421399], [-91.833264, 18.421239], [-91.833964, 18.420751], [-91.834411, 18.420516], [-91.833745, 18.41984], [-91.833516, 18.419673], [-91.833408, 18.419093], [-91.833413, 18.418763], [-91.833536, 18.418186], [-91.833199, 18.417439], [-91.833097, 18.416447], [-91.832988, 18.41595], [-91.833, 18.415041], [-91.833008, 18.414381], [-91.832899, 18.413884], [-91.832901, 18.413719], [-91.832441, 18.413548], [-91.831977, 18.413708], [-91.831509, 18.414116], [-91.831386, 18.414693], [-91.831708, 18.416596], [-91.831814, 18.417258], [-91.832038, 18.417839], [-91.832028, 18.418582], [-91.832136, 18.419161], [-91.832361, 18.41966], [-91.832235, 18.420401], [-91.83165, 18.420973], [-91.830832, 18.421625], [-91.8299, 18.422192], [-91.829088, 18.422431], [-91.828161, 18.422585], [-91.827233, 18.422823], [-91.825846, 18.422807], [-91.824922, 18.422797], [-91.823654, 18.422534], [-91.822623, 18.421779], [-91.822054, 18.421112], [-91.82114, 18.420358], [-91.820804, 18.419529], [-91.820468, 18.418699], [-91.820248, 18.41787], [-91.820137, 18.417539], [-91.81991, 18.417206], [-91.819587, 18.415468], [-91.819474, 18.415219], [-91.819021, 18.414553], [-91.818911, 18.414138], [-91.818572, 18.413556], [-91.818232, 18.413057], [-91.81743, 18.41247], [-91.81674, 18.412214], [-91.8157, 18.412202], [-91.815008, 18.412112], [-91.814197, 18.412268], [-91.813616, 18.412509], [-91.813035, 18.41275], [-91.812101, 18.4134], [-91.811749, 18.413809], [-91.811394, 18.414466], [-91.811036, 18.415288], [-91.810798, 18.415781], [-91.810214, 18.416269], [-91.80998, 18.416432], [-91.809056, 18.416421], [-91.808247, 18.416412], [-91.807551, 18.416569], [-91.806856, 18.416727], [-91.806276, 18.416885], [-91.805692, 18.417292], [-91.804878, 18.417695], [-91.804298, 18.417854], [-91.80384, 18.417518], [-91.804198, 18.416696], [-91.804782, 18.416207], [-91.805596, 18.415886], [-91.805945, 18.415725], [-91.806876, 18.41524], [-91.807109, 18.415078], [-91.807579, 18.414505], [-91.807583, 18.414175], [-91.807474, 18.413678], [-91.808522, 18.413112], [-91.808528, 18.412699], [-91.808763, 18.412371], [-91.809003, 18.411713], [-91.809588, 18.411224], [-91.810175, 18.410487], [-91.810419, 18.409582], [-91.810771, 18.409173], [-91.811121, 18.408929], [-91.811356, 18.408601], [-91.811828, 18.407863], [-91.812187, 18.406959], [-91.812426, 18.406383], [-91.812546, 18.406054], [-91.81267, 18.405395], [-91.812915, 18.404407], [-91.813039, 18.403747], [-91.812933, 18.403003], [-91.812612, 18.401099], [-91.812397, 18.399858], [-91.812058, 18.399276], [-91.811718, 18.398776], [-91.81104, 18.397612], [-91.810358, 18.396779], [-91.809787, 18.396277], [-91.808873, 18.395523], [-91.808304, 18.394856], [-91.807733, 18.394353], [-91.807049, 18.393602], [-91.806361, 18.393181], [-91.805674, 18.392761], [-91.804757, 18.392172], [-91.803842, 18.391418], [-91.802569, 18.391569], [-91.801644, 18.391641], [-91.800716, 18.391878], [-91.799905, 18.392034], [-91.79898, 18.392106], [-91.798286, 18.392098], [-91.79725, 18.391838], [-91.796444, 18.391581], [-91.79541, 18.391156], [-91.794607, 18.390734], [-91.793802, 18.390394], [-91.792883, 18.389971], [-91.792546, 18.389306], [-91.792551, 18.388893], [-91.792447, 18.388066], [-91.792116, 18.386906], [-91.791659, 18.386488], [-91.790746, 18.385651], [-91.790289, 18.385233], [-91.790298, 18.384573], [-91.790081, 18.383496], [-91.790326, 18.382508], [-91.790328, 18.382343], [-91.790331, 18.382095], [-91.790345, 18.381104], [-91.790471, 18.38028], [-91.790602, 18.379125], [-91.79061, 18.378547], [-91.790159, 18.377716], [-91.789358, 18.377128], [-91.78821, 18.376537], [-91.787297, 18.3757], [-91.786267, 18.374945], [-91.785347, 18.374687], [-91.784649, 18.375009], [-91.784071, 18.375002], [-91.783385, 18.374499], [-91.782235, 18.374073], [-91.781197, 18.373895], [-91.780614, 18.374302], [-91.778762, 18.374528], [-91.777489, 18.374679], [-91.777144, 18.374592], [-91.776915, 18.374424], [-91.776573, 18.37409], [-91.776112, 18.374002], [-91.775532, 18.37416], [-91.774371, 18.37456], [-91.772982, 18.374709], [-91.771595, 18.374775], [-91.770208, 18.374759], [-91.768705, 18.374824], [-91.767779, 18.374979], [-91.766741, 18.374802], [-91.765466, 18.375117], [-91.764656, 18.37519], [-91.763614, 18.375343], [-91.762803, 18.375499], [-91.762455, 18.375578], [-91.760603, 18.375804], [-91.760022, 18.376045], [-91.759442, 18.376203], [-91.758398, 18.376521], [-91.757585, 18.376842], [-91.756655, 18.377244], [-91.755955, 18.377732], [-91.755255, 18.378219], [-91.754325, 18.378621], [-91.753508, 18.37919], [-91.752578, 18.379592], [-91.751883, 18.379749], [-91.75119, 18.379741], [-91.750043, 18.379067], [-91.749473, 18.378482], [-91.748788, 18.377896], [-91.747987, 18.377308], [-91.747303, 18.376639], [-91.746506, 18.375804], [-91.745938, 18.375054], [-91.745833, 18.37431], [-91.745962, 18.37332], [-91.745623, 18.372738], [-91.745519, 18.371911], [-91.745066, 18.371245], [-91.744031, 18.370902], [-91.742993, 18.370725], [-91.742187, 18.37055], [-91.740803, 18.370368], [-91.739881, 18.370192], [-91.740002, 18.369781], [-91.741052, 18.36905], [-91.740941, 18.368718], [-91.740833, 18.368139], [-91.740845, 18.367313], [-91.740626, 18.366402], [-91.740522, 18.365575], [-91.739721, 18.364987], [-91.739031, 18.364731], [-91.738342, 18.364475], [-91.737198, 18.363636], [-91.736396, 18.363131], [-91.735134, 18.362455], [-91.734561, 18.362118], [-91.734332, 18.36195], [-91.733877, 18.361449], [-91.733539, 18.360785], [-91.733544, 18.360454], [-91.73367, 18.359712], [-91.733563, 18.35905], [-91.733801, 18.358558], [-91.734151, 18.358314], [-91.73462, 18.357824], [-91.734744, 18.357247], [-91.734637, 18.356585], [-91.734062, 18.356413], [-91.733827, 18.356658], [-91.732784, 18.356894], [-91.732909, 18.356235], [-91.733035, 18.355493], [-91.73281, 18.354994], [-91.732584, 18.354661], [-91.731776, 18.354569], [-91.731313, 18.354646], [-91.73027, 18.354882], [-91.729461, 18.354872], [-91.728424, 18.354695], [-91.727618, 18.35452], [-91.727271, 18.354516], [-91.726235, 18.354256], [-91.726007, 18.354006], [-91.725903, 18.353178], [-91.726027, 18.352602], [-91.726154, 18.351777], [-91.726275, 18.351366], [-91.726396, 18.350954], [-91.726405, 18.350294], [-91.725953, 18.349545], [-91.725498, 18.349044], [-91.724698, 18.348456], [-91.724126, 18.348036], [-91.723207, 18.347613], [-91.722396, 18.347768], [-91.722162, 18.348013], [-91.721349, 18.348334], [-91.720994, 18.348908], [-91.720757, 18.349318], [-91.720291, 18.349643], [-91.71924, 18.350456], [-91.718658, 18.35078], [-91.718081, 18.35069], [-91.717856, 18.350275], [-91.717978, 18.349781], [-91.718216, 18.349288], [-91.718107, 18.348791], [-91.71766, 18.347712], [-91.718125, 18.347552], [-91.718128, 18.347305], [-91.718366, 18.346812], [-91.718604, 18.346319], [-91.71861, 18.345906], [-91.718731, 18.345495], [-91.718965, 18.34525], [-91.718977, 18.344424], [-91.71864, 18.343677], [-91.717958, 18.342925], [-91.717616, 18.342591], [-91.716695, 18.342332], [-91.716233, 18.342326], [-91.715309, 18.342315], [-91.714387, 18.342139], [-91.71381, 18.342132], [-91.712885, 18.342121], [-91.712308, 18.342115], [-91.711503, 18.341857], [-91.710701, 18.341352], [-91.710009, 18.341261], [-91.708618, 18.341575], [-91.707686, 18.342142], [-91.706523, 18.342706], [-91.705935, 18.343443], [-91.705232, 18.344178], [-91.704076, 18.344246], [-91.703624, 18.343498], [-91.704093, 18.343008], [-91.703869, 18.342509], [-91.703881, 18.341601], [-91.703659, 18.34102], [-91.703205, 18.340437], [-91.702863, 18.340102], [-91.702176, 18.339598], [-91.701602, 18.339344], [-91.700685, 18.338837], [-91.700343, 18.338503], [-91.700117, 18.33817], [-91.700008, 18.337673], [-91.70002, 18.336847], [-91.700151, 18.335692], [-91.700275, 18.335116], [-91.699983, 18.334707], [-91.693463, 18.334704], [-91.692529, 18.335518], [-91.691828, 18.336088], [-91.690895, 18.336738], [-91.690308, 18.337391], [-91.689488, 18.338207], [-91.688781, 18.33919], [-91.688885, 18.340017], [-91.688765, 18.340346], [-91.688065, 18.340833], [-91.688173, 18.34133], [-91.688749, 18.341502], [-91.68956, 18.341347], [-91.690026, 18.341022], [-91.690381, 18.340448], [-91.690852, 18.339793], [-91.691089, 18.339383], [-91.691441, 18.338974], [-91.692028, 18.338321], [-91.69238, 18.337912], [-91.692736, 18.337255], [-91.69343, 18.337181], [-91.693889, 18.337434], [-91.694809, 18.337693], [-91.695269, 18.337864], [-91.695614, 18.337951], [-91.695966, 18.337624], [-91.696667, 18.337055], [-91.696787, 18.336726], [-91.697139, 18.336317], [-91.69749, 18.335991], [-91.698061, 18.336493], [-91.698172, 18.336825], [-91.697474, 18.337147], [-91.697237, 18.337557], [-91.697111, 18.338299], [-91.696987, 18.338958], [-91.69709, 18.339868], [-91.697664, 18.340123], [-91.69835, 18.340626], [-91.69904, 18.3408], [-91.699616, 18.340972], [-91.700302, 18.341476], [-91.700645, 18.341728], [-91.701098, 18.342394], [-91.701093, 18.342724], [-91.701313, 18.343553], [-91.701417, 18.34438], [-91.70164, 18.344961], [-91.701863, 18.345541], [-91.702315, 18.346208], [-91.702655, 18.346707], [-91.703453, 18.34746], [-91.703682, 18.347628], [-91.704612, 18.347226], [-91.705076, 18.347067], [-91.705777, 18.346497], [-91.706475, 18.346175], [-91.707057, 18.345851], [-91.707411, 18.34536], [-91.708227, 18.344792], [-91.708696, 18.344302], [-91.709396, 18.343814], [-91.709749, 18.343323], [-91.710564, 18.34292], [-91.711017, 18.343586], [-91.711236, 18.344414], [-91.711228, 18.344992], [-91.71122, 18.345571], [-91.711795, 18.345743], [-91.712261, 18.3455], [-91.713074, 18.34518], [-91.713773, 18.344775], [-91.714466, 18.344783], [-91.715157, 18.344957], [-91.715732, 18.345129], [-91.71665, 18.345553], [-91.716876, 18.345968], [-91.716406, 18.346541], [-91.716513, 18.34712], [-91.716274, 18.347696], [-91.716033, 18.348436], [-91.716024, 18.349097], [-91.716017, 18.349592], [-91.716008, 18.350253], [-91.716233, 18.350668], [-91.716342, 18.351165], [-91.716566, 18.351663], [-91.717252, 18.352167], [-91.717944, 18.352258], [-91.718866, 18.352434], [-91.719676, 18.352361], [-91.720144, 18.351871], [-91.720727, 18.351548], [-91.721309, 18.351224], [-91.72201, 18.350654], [-91.722593, 18.350248], [-91.723291, 18.349926], [-91.723986, 18.349769], [-91.724095, 18.350266], [-91.724204, 18.350763], [-91.724082, 18.351175], [-91.723723, 18.352079], [-91.723714, 18.352739], [-91.723357, 18.353479], [-91.723235, 18.353973], [-91.723453, 18.354884], [-91.723332, 18.355295], [-91.723552, 18.356124], [-91.72366, 18.356621], [-91.723766, 18.357365], [-91.72422, 18.357949], [-91.724908, 18.358287], [-91.726058, 18.358714], [-91.72709, 18.359304], [-91.727663, 18.359641], [-91.728344, 18.360475], [-91.728451, 18.361137], [-91.728319, 18.362292], [-91.728422, 18.363202], [-91.728529, 18.363864], [-91.728859, 18.365024], [-91.728967, 18.365604], [-91.729301, 18.366516], [-91.730103, 18.367021], [-91.730786, 18.367773], [-91.731351, 18.368688], [-91.732035, 18.369357], [-91.732375, 18.369856], [-91.732823, 18.370853], [-91.733045, 18.371516], [-91.733265, 18.372344], [-91.733137, 18.373252], [-91.733589, 18.374], [-91.734273, 18.374669], [-91.734609, 18.375416], [-91.734948, 18.375998], [-91.735055, 18.376578], [-91.735155, 18.377735], [-91.73526, 18.37848], [-91.735133, 18.379304], [-91.735238, 18.380132], [-91.735345, 18.380711], [-91.73533, 18.381785], [-91.735092, 18.382277], [-91.735082, 18.383021], [-91.735188, 18.383765], [-91.735637, 18.384679], [-91.736202, 18.385594], [-91.736654, 18.386343], [-91.737565, 18.387345], [-91.738022, 18.387763], [-91.738938, 18.388352], [-91.740087, 18.388861], [-91.741007, 18.38912], [-91.741693, 18.389706], [-91.742385, 18.389797], [-91.743538, 18.389975], [-91.744341, 18.390398], [-91.745142, 18.390985], [-91.745716, 18.39124], [-91.746863, 18.391914], [-91.747549, 18.392418], [-91.748351, 18.392923], [-91.749156, 18.393262], [-91.75031, 18.393359], [-91.751575, 18.393786], [-91.752725, 18.394213], [-91.753877, 18.394474], [-91.754795, 18.39498], [-91.755366, 18.395483], [-91.756637, 18.395498], [-91.757672, 18.39584], [-91.758358, 18.396426], [-91.759277, 18.396767], [-91.759966, 18.397106], [-91.760193, 18.397439], [-91.760074, 18.397685], [-91.760068, 18.398098], [-91.760179, 18.39843], [-91.760523, 18.398681], [-91.760755, 18.398602], [-91.761333, 18.398608], [-91.761789, 18.399027], [-91.76096, 18.400504], [-91.760604, 18.40116], [-91.760481, 18.401737], [-91.76047, 18.402563], [-91.760227, 18.403386], [-91.759877, 18.40363], [-91.760214, 18.404377], [-91.760433, 18.405288], [-91.760538, 18.406033], [-91.760298, 18.40669], [-91.760172, 18.407432], [-91.760502, 18.408675], [-91.760714, 18.410082], [-91.760471, 18.410987], [-91.76035, 18.411316], [-91.760228, 18.41181], [-91.760218, 18.412554], [-91.760318, 18.413711], [-91.760428, 18.414125], [-91.76099, 18.415288], [-91.761444, 18.415872], [-91.762008, 18.416869], [-91.762575, 18.417702], [-91.762915, 18.418202], [-91.763252, 18.418949], [-91.7637, 18.419945], [-91.764149, 18.420942], [-91.764716, 18.421774], [-91.765281, 18.422689], [-91.765959, 18.423853], [-91.766758, 18.424606], [-91.767668, 18.42569], [-91.76812, 18.426439], [-91.76903, 18.427523], [-91.769715, 18.428109], [-91.770856, 18.429196], [-91.772118, 18.429954], [-91.773499, 18.430383], [-91.774539, 18.430396], [-91.77627, 18.430581], [-91.77731, 18.430593], [-91.778236, 18.430521], [-91.778924, 18.430942], [-91.779836, 18.431861], [-91.78052, 18.432612], [-91.780851, 18.433772], [-91.780956, 18.434517], [-91.781172, 18.435676], [-91.781616, 18.437002], [-91.782295, 18.438084], [-91.782974, 18.439166], [-91.783545, 18.439668], [-91.78412, 18.439922], [-91.785269, 18.440431], [-91.786075, 18.440688], [-91.78725, 18.441104], [-91.788722, 18.441545], [-91.789062, 18.442044], [-91.789631, 18.442711], [-91.790203, 18.443131], [-91.790774, 18.443633], [-91.791575, 18.444303], [-91.792029, 18.444887], [-91.792596, 18.445719], [-91.793053, 18.446137], [-91.793742, 18.446476], [-91.7942, 18.446811], [-91.795122, 18.446987], [-91.795467, 18.447156], [-91.795572, 18.447901], [-91.795676, 18.44881], [-91.795432, 18.449716], [-91.794729, 18.450451], [-91.794496, 18.450531], [-91.794145, 18.450858], [-91.793791, 18.451432], [-91.793553, 18.451925], [-91.793196, 18.452664], [-91.792843, 18.453155], [-91.792373, 18.453728], [-91.792026, 18.453724], [-91.791336, 18.453468], [-91.791108, 18.453218], [-91.790651, 18.4528], [-91.790076, 18.452545], [-91.789273, 18.452123], [-91.788464, 18.452114], [-91.78777, 18.452106], [-91.786962, 18.452014], [-91.786618, 18.451845], [-91.78628, 18.45118], [-91.785595, 18.450511], [-91.785371, 18.450013], [-91.784914, 18.449595], [-91.784223, 18.449422], [-91.783531, 18.449249], [-91.782725, 18.449074], [-91.781915, 18.449065], [-91.781224, 18.448891], [-91.780765, 18.448638], [-91.780657, 18.448059], [-91.780439, 18.447148], [-91.780216, 18.446485], [-91.780105, 18.446153], [-91.779764, 18.445736], [-91.779773, 18.445075], [-91.780125, 18.444666], [-91.780254, 18.443677], [-91.780028, 18.443344], [-91.779691, 18.442597], [-91.779237, 18.442013], [-91.779011, 18.441598], [-91.778442, 18.44093], [-91.778219, 18.440349], [-91.778112, 18.439687], [-91.777885, 18.439354], [-91.777428, 18.439019], [-91.776513, 18.438265], [-91.775826, 18.437761], [-91.775025, 18.437174], [-91.774452, 18.436837], [-91.773535, 18.436248], [-91.772506, 18.43541], [-91.772166, 18.434911], [-91.772056, 18.434496], [-91.77183, 18.434081], [-91.77149, 18.433581], [-91.770805, 18.432995], [-91.769417, 18.433062], [-91.76815, 18.432716], [-91.766882, 18.432454], [-91.766305, 18.432365], [-91.764688, 18.432263], [-91.763418, 18.432166], [-91.762145, 18.432316], [-91.760872, 18.432384], [-91.759714, 18.432536], [-91.758325, 18.432684], [-91.75705, 18.432917], [-91.755777, 18.433068], [-91.754387, 18.433299], [-91.753229, 18.433451], [-91.752183, 18.433851], [-91.751369, 18.434172], [-91.750089, 18.434818], [-91.748803, 18.435877], [-91.747868, 18.436609], [-91.746354, 18.437417], [-91.745654, 18.437904], [-91.745068, 18.438476], [-91.744473, 18.439708], [-91.744578, 18.440535], [-91.744683, 18.441279], [-91.74455, 18.442517], [-91.744421, 18.443506], [-91.744529, 18.444086], [-91.745092, 18.445166], [-91.745657, 18.446081], [-91.745994, 18.446829], [-91.746672, 18.447993], [-91.747123, 18.448824], [-91.747569, 18.449986], [-91.747902, 18.450981], [-91.748359, 18.451399], [-91.749048, 18.451737], [-91.749506, 18.452073], [-91.74973, 18.452571], [-91.750759, 18.453409], [-91.751561, 18.453914], [-91.752358, 18.454832], [-91.753273, 18.455586], [-91.754306, 18.456094], [-91.755106, 18.456764], [-91.756141, 18.457189], [-91.756946, 18.457446], [-91.758097, 18.457873], [-91.759014, 18.458462], [-91.759697, 18.459213], [-91.760961, 18.459806], [-91.762231, 18.459903], [-91.763271, 18.459916], [-91.764548, 18.459517], [-91.765591, 18.459364], [-91.766749, 18.459213], [-91.768132, 18.459559], [-91.768934, 18.460064], [-91.770318, 18.460328], [-91.771588, 18.460425], [-91.772395, 18.4606], [-91.773661, 18.461028], [-91.774926, 18.461538], [-91.775846, 18.461879], [-91.776651, 18.462219], [-91.77757, 18.462642], [-91.778142, 18.463062], [-91.779061, 18.463486], [-91.779636, 18.46374], [-91.77986, 18.464238], [-91.780197, 18.464985], [-91.780649, 18.465734], [-91.781224, 18.465988], [-91.781913, 18.466327], [-91.783171, 18.467332], [-91.784087, 18.468004], [-91.784658, 18.468506], [-91.784768, 18.46892], [-91.784877, 18.469417], [-91.784872, 18.46983], [-91.784751, 18.470242], [-91.784627, 18.470818], [-91.784282, 18.470732], [-91.783706, 18.47056], [-91.783359, 18.470556], [-91.78289, 18.471046], [-91.782771, 18.471292], [-91.782651, 18.471621], [-91.782525, 18.472363], [-91.78252, 18.472776], [-91.782281, 18.473352], [-91.782156, 18.474011], [-91.782147, 18.474671], [-91.781686, 18.474584], [-91.781671, 18.475657], [-91.781665, 18.476153], [-91.78177, 18.476897], [-91.781881, 18.477229], [-91.781873, 18.477807], [-91.7821, 18.47814], [-91.781978, 18.478634], [-91.781505, 18.479372], [-91.781034, 18.480027], [-91.780678, 18.480684], [-91.780324, 18.481258], [-91.779853, 18.481831], [-91.779617, 18.482241], [-91.77961, 18.482736], [-91.77937, 18.483394], [-91.779246, 18.483971], [-91.779123, 18.484548], [-91.778769, 18.485039], [-91.778303, 18.485282], [-91.777953, 18.485525], [-91.777375, 18.485519], [-91.776913, 18.485513], [-91.776565, 18.485592], [-91.77587, 18.485666], [-91.774945, 18.485655], [-91.774367, 18.485649], [-91.773787, 18.485807], [-91.77286, 18.485962], [-91.772278, 18.486203], [-91.771463, 18.486606], [-91.770878, 18.487177], [-91.770296, 18.487418], [-91.769715, 18.487659], [-91.76914, 18.487405], [-91.768106, 18.486897], [-91.76615, 18.486214], [-91.765002, 18.485622], [-91.763855, 18.484948], [-91.763166, 18.48461], [-91.762361, 18.48427], [-91.76121, 18.483844], [-91.760177, 18.483336], [-91.759142, 18.482911], [-91.758338, 18.482488], [-91.756842, 18.481975], [-91.756037, 18.481636], [-91.754769, 18.481373], [-91.753619, 18.480947], [-91.752697, 18.480688], [-91.751663, 18.480263], [-91.750283, 18.479668], [-91.749251, 18.479078], [-91.748335, 18.478407], [-91.747884, 18.477575], [-91.746846, 18.477398], [-91.745693, 18.477137], [-91.744199, 18.476458], [-91.743396, 18.476036], [-91.742014, 18.475607], [-91.740407, 18.474762], [-91.739253, 18.474666], [-91.738219, 18.474158], [-91.737529, 18.473902], [-91.736494, 18.473477], [-91.735462, 18.472886], [-91.734657, 18.472546], [-91.733047, 18.471949], [-91.731899, 18.471358], [-91.730748, 18.470931], [-91.729365, 18.470667], [-91.728443, 18.470408], [-91.727064, 18.469814], [-91.725914, 18.469387], [-91.724644, 18.469289], [-91.723031, 18.468857], [-91.721761, 18.468759], [-91.72061, 18.468333], [-91.718876, 18.468312], [-91.71784, 18.468052], [-91.716694, 18.467295], [-91.714737, 18.466694], [-91.713702, 18.466268], [-91.711627, 18.465831], [-91.710015, 18.465398], [-91.707703, 18.465371], [-91.706551, 18.465109], [-91.705169, 18.46468], [-91.703092, 18.464407], [-91.701939, 18.464228], [-91.700326, 18.463796], [-91.698946, 18.463283], [-91.694683, 18.462241], [-91.692956, 18.461725], [-91.690996, 18.461371], [-91.689147, 18.461266], [-91.687416, 18.46108], [-91.685802, 18.46073], [-91.684536, 18.460384], [-91.682921, 18.460117], [-91.680958, 18.459928], [-91.679229, 18.459577], [-91.677501, 18.459143], [-91.675886, 18.458875], [-91.674386, 18.458692], [-91.673118, 18.458429], [-91.67081, 18.458153], [-91.669191, 18.458216], [-91.667693, 18.457867], [-91.666309, 18.457603], [-91.664578, 18.457416], [-91.662845, 18.457313], [-91.661346, 18.457047], [-91.659502, 18.456694], [-91.657541, 18.456339], [-91.656277, 18.455828], [-91.654432, 18.455475], [-91.652246, 18.454788], [-91.650597, 18.454602], [-91.648435, 18.454493], [-91.646476, 18.454056], [-91.644405, 18.45337], [-91.641869, 18.452844], [-91.639335, 18.452234], [-91.637724, 18.451719], [-91.634501, 18.45077], [-91.632775, 18.450171], [-91.631734, 18.450241], [-91.630348, 18.450141], [-91.629311, 18.449963], [-91.628156, 18.449866], [-91.627003, 18.449687], [-91.625387, 18.449501], [-91.623888, 18.449235], [-91.622973, 18.448563], [-91.621593, 18.44805], [-91.61998, 18.4477], [-91.61906, 18.447358], [-91.617795, 18.446929], [-91.616411, 18.446664], [-91.615141, 18.446566], [-91.613642, 18.4463], [-91.612142, 18.446116], [-91.610294, 18.44601], [-91.609024, 18.445912], [-91.607522, 18.445893], [-91.605675, 18.445705], [-91.603946, 18.445353], [-91.602102, 18.444999], [-91.600255, 18.444811], [-91.597944, 18.444782], [-91.596562, 18.444434], [-91.5946, 18.444162], [-91.592407, 18.443969], [-91.590793, 18.443701], [-91.588141, 18.443255], [-91.586754, 18.443237], [-91.585027, 18.44272], [-91.583642, 18.44262], [-91.581909, 18.442516], [-91.580755, 18.442418], [-91.579137, 18.442398], [-91.577514, 18.442708], [-91.57601, 18.442771], [-91.574391, 18.442833], [-91.572889, 18.442814], [-91.570927, 18.442624], [-91.56931, 18.442521], [-91.567458, 18.442663], [-91.566071, 18.442645], [-91.564686, 18.442545], [-91.562836, 18.442604], [-91.561564, 18.442588], [-91.560062, 18.442569], [-91.558557, 18.442715], [-91.556937, 18.442859], [-91.555777, 18.443092], [-91.554501, 18.443406], [-91.552532, 18.443712], [-91.551141, 18.443942], [-91.549404, 18.444167], [-91.547668, 18.44431], [-91.546744, 18.444216], [-91.545595, 18.443788], [-91.544556, 18.443692], [-91.542583, 18.444245], [-91.542467, 18.444243], [-91.541422, 18.44456], [-91.54015, 18.444627], [-91.538762, 18.444691], [-91.537253, 18.445085], [-91.53621, 18.445237], [-91.534589, 18.445464], [-91.533661, 18.445699], [-91.532843, 18.446267], [-91.532374, 18.446674], [-91.531785, 18.44741], [-91.531201, 18.447815], [-91.530386, 18.448217], [-91.529451, 18.448949], [-91.52886, 18.449767], [-91.528843, 18.450923], [-91.528374, 18.45133], [-91.528024, 18.451573], [-91.527785, 18.452065], [-91.527318, 18.45239], [-91.526737, 18.45263], [-91.526047, 18.452373], [-91.525358, 18.452034], [-91.5249, 18.45178], [-91.524441, 18.451527], [-91.523985, 18.451108], [-91.523643, 18.450773], [-91.523533, 18.450441], [-91.523539, 18.450028], [-91.523661, 18.449617], [-91.523784, 18.449123], [-91.523791, 18.448628], [-91.524148, 18.447972], [-91.524157, 18.447394], [-91.523697, 18.447223], [-91.523232, 18.447382], [-91.522657, 18.447209], [-91.522315, 18.446874], [-91.521856, 18.446621], [-91.521512, 18.446451], [-91.520473, 18.446355], [-91.519894, 18.44643], [-91.519429, 18.446589], [-91.519074, 18.447163], [-91.518837, 18.447573], [-91.518479, 18.448311], [-91.518126, 18.44872], [-91.517309, 18.449205], [-91.516381, 18.44944], [-91.515684, 18.449679], [-91.514984, 18.450083], [-91.5144, 18.450488], [-91.513584, 18.450973], [-91.513001, 18.451296], [-91.512879, 18.451707], [-91.513338, 18.451961], [-91.513565, 18.452212], [-91.512863, 18.452781], [-91.511819, 18.453015], [-91.510896, 18.45292], [-91.509859, 18.452659], [-91.509399, 18.452488], [-91.508593, 18.452312], [-91.507902, 18.452138], [-91.506861, 18.452207], [-91.505705, 18.452192], [-91.504661, 18.452426], [-91.503504, 18.452494], [-91.50223, 18.452642], [-91.498967, 18.45381], [-91.49862, 18.453847], [-91.498272, 18.453885], [-91.497753, 18.453879], [-91.497522, 18.453876], [-91.497117, 18.453913], [-91.496771, 18.453868], [-91.496424, 18.453905], [-91.496076, 18.453984], [-91.495786, 18.454064], [-91.495612, 18.454103], [-91.495497, 18.454102], [-91.495206, 18.454223], [-91.494856, 18.454425], [-91.494509, 18.454463], [-91.494104, 18.4545], [-91.493874, 18.454456], [-91.493527, 18.454493], [-91.493064, 18.454529], [-91.492833, 18.454527], [-91.492423, 18.454894], [-91.492131, 18.455056], [-91.492009, 18.455469], [-91.491885, 18.455963], [-91.491822, 18.456335], [-91.491873, 18.456749], [-91.491865, 18.457203], [-91.491919, 18.457452], [-91.492029, 18.457784], [-91.49214, 18.458075], [-91.492247, 18.458572], [-91.492416, 18.458863], [-91.492643, 18.459073], [-91.49287, 18.459365], [-91.493212, 18.459617], [-91.493669, 18.459952], [-91.494006, 18.460535], [-91.493826, 18.460905], [-91.493651, 18.461068], [-91.493475, 18.461232], [-91.493241, 18.461395], [-91.493238, 18.46156], [-91.493231, 18.462015], [-91.493282, 18.462387], [-91.49328, 18.462553], [-91.493102, 18.46284], [-91.493041, 18.463005], [-91.493092, 18.463419], [-91.49326, 18.463752], [-91.49337, 18.464125], [-91.49325, 18.464372], [-91.493071, 18.464742], [-91.493067, 18.46499], [-91.492945, 18.465402], [-91.492941, 18.46565], [-91.49271, 18.465606], [-91.49225, 18.465477], [-91.491908, 18.465225], [-91.491682, 18.464892], [-91.491344, 18.46435], [-91.491063, 18.463892], [-91.490666, 18.463433], [-91.490208, 18.46318], [-91.489864, 18.463052], [-91.489519, 18.462924], [-91.489233, 18.462756], [-91.489064, 18.462506], [-91.489015, 18.462009], [-91.489021, 18.461637], [-91.489084, 18.461307], [-91.489036, 18.460686], [-91.489042, 18.460314], [-91.488935, 18.459775], [-91.488828, 18.459278], [-91.488606, 18.458738], [-91.488553, 18.458448], [-91.48856, 18.457993], [-91.488741, 18.457541], [-91.48892, 18.457212], [-91.488922, 18.457046], [-91.488872, 18.456591], [-91.488879, 18.456136], [-91.488885, 18.455764], [-91.488832, 18.455516], [-91.488664, 18.455183], [-91.488382, 18.454766], [-91.488215, 18.454392], [-91.488158, 18.45435], [-91.487992, 18.453852], [-91.48765, 18.453601], [-91.487477, 18.453599], [-91.487358, 18.453804], [-91.487238, 18.454051], [-91.487119, 18.454297], [-91.486941, 18.454585], [-91.486763, 18.454872], [-91.486643, 18.45516], [-91.486524, 18.455366], [-91.486292, 18.455404], [-91.48583, 18.455441], [-91.485712, 18.455563], [-91.485535, 18.455768], [-91.4853, 18.456014], [-91.485014, 18.455845], [-91.484844, 18.455678], [-91.484674, 18.455469], [-91.48439, 18.455176], [-91.484161, 18.45505], [-91.484049, 18.454842], [-91.483883, 18.454385], [-91.483886, 18.45422], [-91.483891, 18.45393], [-91.483954, 18.4536], [-91.483729, 18.453184], [-91.483676, 18.452936], [-91.483508, 18.452603], [-91.483281, 18.452352], [-91.48317, 18.452062], [-91.483174, 18.451855], [-91.48341, 18.451527], [-91.483647, 18.451158], [-91.483884, 18.450788], [-91.484062, 18.450501], [-91.4843, 18.450049], [-91.48454, 18.449514], [-91.484661, 18.449184], [-91.484842, 18.44869], [-91.485139, 18.448198], [-91.48526, 18.447868], [-91.485325, 18.447455], [-91.485386, 18.447208], [-91.485509, 18.446755], [-91.485632, 18.446301], [-91.485696, 18.44593], [-91.48599, 18.445602], [-91.486108, 18.445438], [-91.486401, 18.445193], [-91.486407, 18.444863], [-91.486353, 18.444614], [-91.486299, 18.444365], [-91.48619, 18.443951], [-91.486196, 18.443579], [-91.486259, 18.44329], [-91.486321, 18.443001], [-91.486503, 18.442466], [-91.486738, 18.442262], [-91.487085, 18.442224], [-91.487372, 18.44231], [-91.487659, 18.442437], [-91.487948, 18.442441], [-91.487893, 18.442233], [-91.487723, 18.442066], [-91.487322, 18.441855], [-91.487152, 18.441646], [-91.486807, 18.44156], [-91.486633, 18.441599], [-91.486284, 18.441761], [-91.486048, 18.442047], [-91.485871, 18.442293], [-91.485634, 18.442663], [-91.485458, 18.442826], [-91.485221, 18.443196], [-91.484927, 18.443523], [-91.484923, 18.44373], [-91.484975, 18.444103], [-91.485144, 18.444394], [-91.485199, 18.44456], [-91.485193, 18.444891], [-91.484956, 18.44526], [-91.484779, 18.445506], [-91.484488, 18.445627], [-91.484255, 18.44579], [-91.483907, 18.445868], [-91.483845, 18.446116], [-91.484015, 18.446283], [-91.484185, 18.446492], [-91.484355, 18.4467], [-91.484583, 18.44691], [-91.484694, 18.4472], [-91.484515, 18.447529], [-91.484455, 18.447652], [-91.484391, 18.448024], [-91.484155, 18.448352], [-91.483745, 18.448678], [-91.483335, 18.449046], [-91.4831, 18.449291], [-91.482694, 18.44941], [-91.482286, 18.449613], [-91.481705, 18.449813], [-91.481299, 18.449932], [-91.480777, 18.450092], [-91.48037, 18.450253], [-91.480081, 18.450249], [-91.479678, 18.450162], [-91.479331, 18.450199], [-91.478988, 18.449989], [-91.478761, 18.449738], [-91.478534, 18.449488], [-91.478424, 18.449156], [-91.47837, 18.448907], [-91.478319, 18.448534], [-91.478326, 18.448121], [-91.478504, 18.447792], [-91.47874, 18.447505], [-91.478975, 18.44726], [-91.479268, 18.446974], [-91.479444, 18.446852], [-91.479855, 18.446443], [-91.478997, 18.445988], [-91.478022, 18.445471], [-91.47796, 18.44576], [-91.477612, 18.445839], [-91.477382, 18.445795], [-91.476978, 18.44579], [-91.47669, 18.445705], [-91.476346, 18.445577], [-91.476061, 18.445325], [-91.475777, 18.445074], [-91.475492, 18.444823], [-91.47538, 18.444615], [-91.475211, 18.444323], [-91.474985, 18.444031], [-91.474759, 18.44374], [-91.474474, 18.443488], [-91.47413, 18.44336], [-91.473783, 18.443398], [-91.473435, 18.443477], [-91.473087, 18.443555], [-91.472568, 18.443508], [-91.472104, 18.443627], [-91.471638, 18.44387], [-91.470947, 18.443779], [-91.470824, 18.444191], [-91.470878, 18.44444], [-91.47099, 18.444648], [-91.470985, 18.444979], [-91.47075, 18.445183], [-91.470343, 18.445343], [-91.470054, 18.445382], [-91.469764, 18.445461], [-91.469299, 18.445662], [-91.468952, 18.445659], [-91.468489, 18.445736], [-91.468142, 18.445732], [-91.467678, 18.445851], [-91.467332, 18.445847], [-91.467091, 18.446464], [-91.46714, 18.447002], [-91.467248, 18.447458], [-91.467298, 18.447914], [-91.467345, 18.448576], [-91.467395, 18.449073], [-91.467386, 18.44961], [-91.467264, 18.449981], [-91.467138, 18.450641], [-91.467187, 18.451179], [-91.467294, 18.451676], [-91.4674, 18.452256], [-91.467566, 18.452713], [-91.467845, 18.453295], [-91.467899, 18.453543], [-91.468007, 18.453999], [-91.468226, 18.454705], [-91.468564, 18.455246], [-91.468786, 18.455786], [-91.469065, 18.456368], [-91.469346, 18.456826], [-91.469685, 18.457326], [-91.469677, 18.457781], [-91.469496, 18.458233], [-91.4692, 18.458685], [-91.468906, 18.459012], [-91.468493, 18.459545], [-91.468136, 18.460203], [-91.467722, 18.460777], [-91.467827, 18.461398], [-91.468159, 18.46227], [-91.468496, 18.462853], [-91.468834, 18.463394], [-91.469289, 18.463813], [-91.469459, 18.464021], [-91.469683, 18.464479], [-91.47002, 18.465061], [-91.470299, 18.465643], [-91.470577, 18.466308], [-91.470738, 18.467054], [-91.470786, 18.467633], [-91.470721, 18.468087], [-91.47083, 18.468502], [-91.471343, 18.46888], [-91.471684, 18.469215], [-91.471966, 18.469673], [-91.47219, 18.470047], [-91.472472, 18.470464], [-91.472809, 18.471046], [-91.473029, 18.471752], [-91.473134, 18.472373], [-91.473125, 18.472952], [-91.473, 18.473529], [-91.472877, 18.473983], [-91.472809, 18.474602], [-91.472683, 18.475221], [-91.472735, 18.475552], [-91.472617, 18.475758], [-91.472438, 18.476086], [-91.472199, 18.47658], [-91.471964, 18.476825], [-91.471604, 18.477648], [-91.471302, 18.47843], [-91.471116, 18.479172], [-91.470933, 18.47979], [-91.470807, 18.48045], [-91.470737, 18.481152], [-91.470669, 18.481813], [-91.470718, 18.482351], [-91.47065, 18.482971], [-91.470582, 18.48359], [-91.470514, 18.484209], [-91.470387, 18.48487], [-91.470202, 18.485612], [-91.470016, 18.486354], [-91.46995, 18.486849], [-91.469942, 18.487387], [-91.47005, 18.487801], [-91.470216, 18.488258], [-91.47044, 18.488715], [-91.470547, 18.489213], [-91.470771, 18.48967], [-91.470935, 18.490209], [-91.471157, 18.490791], [-91.471382, 18.491124], [-91.471605, 18.491622], [-91.471715, 18.491954], [-91.471825, 18.492328], [-91.471991, 18.492743], [-91.472156, 18.493241], [-91.472382, 18.493574], [-91.472664, 18.493991], [-91.472946, 18.494366], [-91.473115, 18.494658], [-91.473226, 18.494948], [-91.473338, 18.495156], [-91.473566, 18.495324], [-91.473799, 18.495203], [-91.47392, 18.494874], [-91.473866, 18.494666], [-91.473812, 18.494418], [-91.473815, 18.494252], [-91.473704, 18.493962], [-91.473594, 18.49363], [-91.4736, 18.493257], [-91.473489, 18.493008], [-91.473435, 18.492759], [-91.473381, 18.492511], [-91.4735, 18.492305], [-91.473618, 18.492141], [-91.473678, 18.492018], [-91.473798, 18.491771], [-91.473804, 18.491399], [-91.473752, 18.491027], [-91.473643, 18.490612], [-91.473533, 18.49028], [-91.473426, 18.489783], [-91.47326, 18.489326], [-91.473154, 18.488787], [-91.473103, 18.488373], [-91.47305, 18.488042], [-91.472999, 18.487628], [-91.473067, 18.48705], [-91.473131, 18.486637], [-91.473313, 18.486143], [-91.473375, 18.485854], [-91.473498, 18.485401], [-91.473507, 18.484863], [-91.473455, 18.484491], [-91.473404, 18.484118], [-91.473351, 18.483787], [-91.473357, 18.483456], [-91.473419, 18.483167], [-91.473484, 18.482755], [-91.473667, 18.482137], [-91.473789, 18.481724], [-91.473912, 18.481312], [-91.474152, 18.480778], [-91.47433, 18.480449], [-91.474452, 18.480078], [-91.474633, 18.479584], [-91.474872, 18.479091], [-91.474993, 18.478761], [-91.475292, 18.478186], [-91.47553, 18.477734], [-91.475828, 18.477158], [-91.476008, 18.476788], [-91.476413, 18.47671], [-91.476762, 18.47659], [-91.477111, 18.476428], [-91.47746, 18.476308], [-91.477923, 18.476231], [-91.478273, 18.476028], [-91.478618, 18.476115], [-91.479136, 18.476245], [-91.479768, 18.476417], [-91.479996, 18.476626], [-91.480338, 18.476878], [-91.480853, 18.477215], [-91.481254, 18.477385], [-91.481718, 18.477307], [-91.482006, 18.477352], [-91.482582, 18.477441], [-91.482867, 18.477651], [-91.483098, 18.477695], [-91.48356, 18.4777], [-91.483846, 18.477827], [-91.484018, 18.477953], [-91.484188, 18.478121], [-91.484589, 18.478332], [-91.484932, 18.478542], [-91.485218, 18.478711], [-91.485623, 18.478674], [-91.48603, 18.478555], [-91.486438, 18.478311], [-91.487022, 18.477904], [-91.487547, 18.477579], [-91.487783, 18.477293], [-91.488134, 18.477007], [-91.488484, 18.476804], [-91.488893, 18.47652], [-91.489244, 18.476275], [-91.489535, 18.476113], [-91.489774, 18.47562], [-91.49001, 18.475333], [-91.490131, 18.475004], [-91.490193, 18.474715], [-91.490196, 18.47455], [-91.490259, 18.474261], [-91.490321, 18.473972], [-91.490326, 18.473683], [-91.490618, 18.473479], [-91.490907, 18.473441], [-91.491196, 18.473445], [-91.491488, 18.473241], [-91.491717, 18.473368], [-91.491943, 18.473701], [-91.491997, 18.47395], [-91.491993, 18.474156], [-91.492048, 18.474364], [-91.492044, 18.474612], [-91.492156, 18.47482], [-91.492441, 18.47503], [-91.49284, 18.475365], [-91.49324, 18.475659], [-91.493638, 18.475994], [-91.494205, 18.476662], [-91.494891, 18.477083], [-91.495236, 18.477211], [-91.495582, 18.477215], [-91.496045, 18.47722], [-91.496391, 18.477224], [-91.496793, 18.477352], [-91.497136, 18.477604], [-91.497534, 18.477981], [-91.497876, 18.478274], [-91.498275, 18.478568], [-91.498732, 18.478904], [-91.499189, 18.47924], [-91.499705, 18.479452], [-91.500288, 18.480188], [-91.501569, 18.481043], [-91.502492, 18.481138], [-91.503076, 18.480733], [-91.503775, 18.480412], [-91.504365, 18.479593], [-91.504606, 18.478936], [-91.505079, 18.478281], [-91.506134, 18.477304], [-91.506485, 18.477061], [-91.506843, 18.476322], [-91.507312, 18.475833], [-91.507665, 18.475425], [-91.507902, 18.475097], [-91.508145, 18.474275], [-91.508619, 18.473537], [-91.508861, 18.472797], [-91.508987, 18.472138], [-91.509346, 18.471317], [-91.509594, 18.470247], [-91.509482, 18.469997], [-91.509154, 18.468754], [-91.509043, 18.468423], [-91.508935, 18.467926], [-91.508714, 18.467262], [-91.508368, 18.467175], [-91.50791, 18.466921], [-91.507219, 18.466747], [-91.506764, 18.466246], [-91.506658, 18.465584], [-91.506893, 18.465339], [-91.507129, 18.465012], [-91.507377, 18.463941], [-91.507728, 18.463615], [-91.508197, 18.463209], [-91.508438, 18.462551], [-91.508567, 18.461644], [-91.508688, 18.461315], [-91.508694, 18.460903], [-91.508824, 18.459996], [-91.509063, 18.459421], [-91.509185, 18.459009], [-91.508844, 18.458675], [-91.508494, 18.458835], [-91.508257, 18.459245], [-91.507899, 18.459984], [-91.50743, 18.460391], [-91.506976, 18.459889], [-91.507097, 18.459478], [-91.506871, 18.459145], [-91.506758, 18.458978], [-91.506649, 18.458564], [-91.506654, 18.458233], [-91.506425, 18.458065], [-91.506075, 18.458308], [-91.50595, 18.458885], [-91.505595, 18.459458], [-91.504788, 18.459283], [-91.50468, 18.458786], [-91.503875, 18.458527], [-91.503306, 18.457942], [-91.503546, 18.457367], [-91.504129, 18.457044], [-91.504713, 18.456639], [-91.504944, 18.456642], [-91.505524, 18.456484], [-91.506102, 18.456492], [-91.506563, 18.45658], [-91.507026, 18.456586], [-91.508069, 18.456352], [-91.50877, 18.455866], [-91.50947, 18.455462], [-91.509937, 18.455138], [-91.510869, 18.454654], [-91.511915, 18.454337], [-91.512379, 18.454178], [-91.513079, 18.453775], [-91.513545, 18.453533], [-91.514011, 18.453291], [-91.514713, 18.452722], [-91.515529, 18.45232], [-91.515878, 18.452159], [-91.516113, 18.451914], [-91.516699, 18.451344], [-91.51763, 18.450943], [-91.518214, 18.450538], [-91.518798, 18.450132], [-91.51904, 18.449392], [-91.520204, 18.448912], [-91.52078, 18.449002], [-91.521352, 18.449422], [-91.52181, 18.449676], [-91.522269, 18.449929], [-91.522837, 18.450598], [-91.523057, 18.451344], [-91.523041, 18.452417], [-91.522913, 18.453241], [-91.522785, 18.454066], [-91.522775, 18.454726], [-91.522882, 18.455306], [-91.522991, 18.45572], [-91.522863, 18.456544], [-91.52239, 18.457281], [-91.521796, 18.458347], [-91.521782, 18.459256], [-91.52189, 18.459752], [-91.522001, 18.460084], [-91.522335, 18.460914], [-91.522208, 18.461656], [-91.521848, 18.46256], [-91.521599, 18.463713], [-91.52136, 18.464288], [-91.520879, 18.46552], [-91.520286, 18.466504], [-91.519808, 18.467489], [-91.519332, 18.468391], [-91.518966, 18.469708], [-91.518613, 18.470116], [-91.51825, 18.471185], [-91.517775, 18.472005], [-91.517186, 18.47274], [-91.516711, 18.47356], [-91.516008, 18.474212], [-91.515299, 18.475193], [-91.514708, 18.476094], [-91.514696, 18.476837], [-91.514452, 18.477743], [-91.514099, 18.478151], [-91.513748, 18.478394], [-91.513046, 18.478963], [-91.512918, 18.479787], [-91.512908, 18.480448], [-91.512425, 18.481763], [-91.51184, 18.482251], [-91.51125, 18.483069], [-91.510662, 18.483722], [-91.509723, 18.484618], [-91.509021, 18.485187], [-91.508199, 18.486003], [-91.507496, 18.486654], [-91.506436, 18.487879], [-91.505725, 18.489026], [-91.505254, 18.489598], [-91.504549, 18.490332], [-91.503728, 18.491147], [-91.503025, 18.491716], [-91.501853, 18.492775], [-91.501268, 18.493262], [-91.500258, 18.493828], [-91.499064, 18.493998], [-91.49825, 18.49432], [-91.497318, 18.494806], [-91.496555, 18.495541], [-91.496028, 18.495949], [-91.495328, 18.496396], [-91.49451, 18.496966], [-91.493987, 18.497166], [-91.493057, 18.497487], [-91.492242, 18.497891], [-91.491601, 18.498173], [-91.490844, 18.498578], [-91.490203, 18.498902], [-91.489621, 18.499185], [-91.488923, 18.499466], [-91.486391, 18.499878], [-91.48532, 18.500269], [-91.483005, 18.500913], [-91.480687, 18.501805], [-91.478601, 18.502617], [-91.475123, 18.504079], [-91.472806, 18.504806], [-91.470718, 18.505865], [-91.468747, 18.50676], [-91.467239, 18.507492], [-91.465271, 18.507974], [-91.463415, 18.508787], [-91.461561, 18.509517], [-91.46005, 18.51058], [-91.458429, 18.511064], [-91.456925, 18.511301], [-91.454493, 18.511944], [-91.45264, 18.512509], [-91.451363, 18.513243], [-91.449972, 18.513729], [-91.448354, 18.513882], [-91.446617, 18.514365], [-91.44453, 18.515176], [-91.443024, 18.51566], [-91.441518, 18.516228], [-91.440359, 18.516632], [-91.439083, 18.517201], [-91.437461, 18.517685], [-91.436071, 18.51817], [-91.434449, 18.518737], [-91.432946, 18.518808], [-91.43121, 18.519208], [-91.429473, 18.519608], [-91.4282, 18.519929], [-91.42669, 18.520827], [-91.425297, 18.521643], [-91.424252, 18.522214], [-91.423091, 18.522866], [-91.42193, 18.523518], [-91.41891, 18.525396], [-91.418211, 18.526052], [-91.417048, 18.526952], [-91.415654, 18.527768], [-91.414145, 18.528583], [-91.412984, 18.529235], [-91.411824, 18.529722], [-91.410201, 18.530371], [-91.408577, 18.531185], [-91.406953, 18.531834], [-91.40568, 18.532154], [-91.404174, 18.532556], [-91.402437, 18.533039], [-91.400814, 18.533687], [-91.399423, 18.534172], [-91.39757, 18.534654], [-91.395601, 18.535217], [-91.394095, 18.535619], [-91.392125, 18.536348], [-91.389572, 18.537567], [-91.388064, 18.538217], [-91.387139, 18.538292], [-91.38575, 18.538612], [-91.384243, 18.539096], [-91.382158, 18.539741], [-91.38065, 18.540391], [-91.379144, 18.540792], [-91.377639, 18.541111], [-91.376018, 18.541511], [-91.37405, 18.541992], [-91.371851, 18.542388], [-91.369882, 18.542868], [-91.368146, 18.543185], [-91.36664, 18.543669], [-91.364672, 18.544067], [-91.363399, 18.544305], [-91.361083, 18.544782], [-91.359003, 18.544849], [-91.35646, 18.544911], [-91.354727, 18.54498], [-91.353454, 18.545135], [-91.351951, 18.545206], [-91.350447, 18.545442], [-91.348598, 18.54551], [-91.346633, 18.545577], [-91.344436, 18.545725], [-91.34305, 18.545714], [-91.341547, 18.545784], [-91.339235, 18.545931], [-91.338195, 18.545923], [-91.337041, 18.545748], [-91.336231, 18.545825], [-91.335419, 18.546231], [-91.333299, 18.548473], [-91.333306, 18.546816], [-91.333503, 18.500636], [-91.333582, 18.350736], [-91.384034, 18.351284], [-91.384276, 18.316392], [-91.36736, 18.316814], [-91.367379, 18.312973], [-91.367511, 18.285548], [-91.367931, 18.278439], [-91.333695, 18.279448], [-91.321225, 18.279689], [-91.320685, 18.2797], [-91.320881, 18.278878], [-91.321131, 18.278182], [-91.32143, 18.277818], [-91.321616, 18.277368], [-91.321685, 18.276957], [-91.321587, 18.276335], [-91.32137, 18.275792], [-91.321096, 18.275248], [-91.320762, 18.274785], [-91.320307, 18.274526], [-91.319454, 18.27405], [-91.318775, 18.273496], [-91.318326, 18.27303], [-91.318281, 18.272575], [-91.318577, 18.272293], [-91.318814, 18.272092], [-91.318937, 18.271806], [-91.318833, 18.27139], [-91.318734, 18.27081], [-91.318687, 18.270395], [-91.318418, 18.269686], [-91.318601, 18.269319], [-91.318789, 18.268787], [-91.31892, 18.268253], [-91.3187, 18.267834], [-91.318189, 18.267491], [-91.317677, 18.26723], [-91.317223, 18.266929], [-91.316884, 18.266632], [-91.31649, 18.26625], [-91.315981, 18.265865], [-91.315464, 18.265728], [-91.314946, 18.265674], [-91.314479, 18.265827], [-91.314125, 18.266108], [-91.313941, 18.266475], [-91.313818, 18.266761], [-91.313577, 18.267127], [-91.313387, 18.2677], [-91.313198, 18.268274], [-91.31301, 18.268806], [-91.31277, 18.269131], [-91.312362, 18.269245], [-91.311725, 18.269311], [-91.311209, 18.269174], [-91.310867, 18.269], [-91.310407, 18.268906], [-91.309953, 18.268605], [-91.309907, 18.268191], [-91.309861, 18.267736], [-91.309933, 18.267242], [-91.310003, 18.266789], [-91.30978, 18.266494], [-91.309326, 18.266193], [-91.30858, 18.266009], [-91.307833, 18.265867], [-91.307314, 18.265812], [-91.306856, 18.265677], [-91.306228, 18.265372], [-91.305777, 18.264989], [-91.306129, 18.264791], [-91.322562, 18.255578], [-91.32802, 18.254641], [-91.333905, 18.258649], [-91.333444, 18.250687], [-91.333498, 18.246094], [-91.333872, 18.214071], [-91.340263, 18.218435], [-91.343214, 18.216665], [-91.342529, 18.214511], [-91.354901, 18.209376], [-91.362289, 18.209522], [-91.362943, 18.204228], [-91.364493, 18.190661], [-91.33479, 18.190586], [-91.339322, 18.17689], [-91.340715, 18.174619], [-91.340428, 18.174287], [-91.340257, 18.173748], [-91.340143, 18.173376], [-91.339971, 18.17292], [-91.339915, 18.172465], [-91.340455, 18.167087], [-91.345205, 18.130773], [-91.345149, 18.130442], [-91.345093, 18.130028], [-91.344863, 18.129655], [-91.340904, 18.123768], [-91.340618, 18.123063], [-91.3823, 18.132411], [-91.384069, 18.083533], [-91.428569, 18.083228], [-91.434674, 18.083187], [-91.434962, 18.083394], [-91.435193, 18.083477], [-91.435308, 18.08356], [-91.435538, 18.083685], [-91.435941, 18.083934], [-91.436171, 18.084101], [-91.436402, 18.084308], [-91.43669, 18.084433], [-91.437035, 18.084558], [-91.437323, 18.084641], [-91.437611, 18.084766], [-91.437956, 18.085139], [-91.438186, 18.085388], [-91.438417, 18.085554], [-91.43882, 18.085721], [-91.439108, 18.085929], [-91.43928, 18.086053], [-91.439511, 18.086219], [-91.439626, 18.086302], [-91.439682, 18.086592], [-91.43974, 18.086799], [-91.439854, 18.087213], [-91.439968, 18.087669], [-91.440139, 18.088083], [-91.440369, 18.08858], [-91.440541, 18.088911], [-91.44077, 18.089202], [-91.440943, 18.08945], [-91.441057, 18.08974], [-91.441172, 18.089947], [-91.441286, 18.090279], [-91.441458, 18.09061], [-91.44163, 18.090942], [-91.441802, 18.091314], [-91.442089, 18.091688], [-91.442377, 18.092143], [-91.442664, 18.092434], [-91.442951, 18.092766], [-91.443124, 18.092931], [-91.443527, 18.093098], [-91.443873, 18.093306], [-91.444161, 18.093431], [-91.444391, 18.093638], [-91.444448, 18.093969], [-91.444504, 18.0943], [-91.444561, 18.094466], [-91.444618, 18.094921], [-91.444732, 18.095128], [-91.445136, 18.095212], [-91.445654, 18.095462], [-91.446001, 18.095421], [-91.446635, 18.095506], [-91.446866, 18.095382], [-91.44704, 18.095258], [-91.447213, 18.095093], [-91.447604, 18.09494], [-91.447652, 18.094887], [-91.448454, 18.094016], [-91.448685, 18.094014], [-91.449206, 18.094052], [-91.449325, 18.094464], [-91.449409, 18.094508], [-91.44948, 18.094546], [-91.44979, 18.094709], [-91.450256, 18.094995], [-91.450661, 18.095075], [-91.450954, 18.095404], [-91.451245, 18.09565], [-91.451307, 18.096103], [-91.451285, 18.096269], [-91.451253, 18.096516], [-91.4512, 18.097053], [-91.45178, 18.097256], [-91.452358, 18.097211], [-91.452459, 18.097138], [-91.45276, 18.09692], [-91.453278, 18.096586], [-91.453796, 18.096294], [-91.45443, 18.096002], [-91.455066, 18.095915], [-91.455764, 18.096324], [-91.456832, 18.095715], [-91.459793, 18.094029], [-91.464546, 18.088553], [-91.47029, 18.090457], [-91.470059, 18.08402], [-91.485894, 18.088668], [-91.493611, 18.08978], [-91.498333, 18.092646], [-91.498275, 18.092853], [-91.498159, 18.093142], [-91.498158, 18.093473], [-91.498099, 18.093763], [-91.498156, 18.094094], [-91.498213, 18.094425], [-91.49827, 18.094673], [-91.498442, 18.094881], [-91.498557, 18.095088], [-91.498672, 18.095336], [-91.498787, 18.095585], [-91.499074, 18.095875], [-91.499477, 18.096083], [-91.499881, 18.096125], [-91.500227, 18.096167], [-91.500457, 18.096457], [-91.50063, 18.096665], [-91.500571, 18.096871], [-91.500455, 18.097202], [-91.500397, 18.097368], [-91.500339, 18.097574], [-91.500395, 18.097906], [-91.500568, 18.098113], [-91.500683, 18.098279], [-91.500913, 18.098569], [-91.50097, 18.098652], [-91.501027, 18.099024], [-91.501315, 18.09919], [-91.501603, 18.099481], [-91.502006, 18.099481], [-91.502352, 18.099772], [-91.502351, 18.099979], [-91.502351, 18.100186], [-91.502523, 18.100352], [-91.502638, 18.100435], [-91.502869, 18.100559], [-91.502868, 18.100849], [-91.502867, 18.101097], [-91.502867, 18.101387], [-91.502808, 18.101635], [-91.502807, 18.101966], [-91.502864, 18.102297], [-91.502979, 18.102587], [-91.50292, 18.102918], [-91.502861, 18.103373], [-91.502745, 18.103621], [-91.502686, 18.103952], [-91.502686, 18.104242], [-91.5028, 18.10449], [-91.502972, 18.104946], [-91.502971, 18.105484], [-91.503027, 18.105939], [-91.503026, 18.106311], [-91.502967, 18.106849], [-91.502793, 18.107221], [-91.502792, 18.107635], [-91.502906, 18.107925], [-91.502963, 18.108132], [-91.503078, 18.108339], [-91.503135, 18.108587], [-91.503076, 18.10896], [-91.503191, 18.10925], [-91.503363, 18.109457], [-91.503479, 18.109499], [-91.503767, 18.109623], [-91.503939, 18.109996], [-91.503996, 18.110327], [-91.504052, 18.110741], [-91.504109, 18.111031], [-91.504166, 18.111238], [-91.504396, 18.111487], [-91.504512, 18.111487], [-91.504742, 18.11157], [-91.504684, 18.11186], [-91.504626, 18.112025], [-91.504625, 18.112232], [-91.504567, 18.112563], [-91.50445, 18.112935], [-91.504623, 18.113142], [-91.504796, 18.113101], [-91.505027, 18.113102], [-91.505257, 18.113185], [-91.505487, 18.113393], [-91.505492, 18.113443], [-91.505602, 18.113682], [-91.505486, 18.11393], [-91.50537, 18.114178], [-91.505485, 18.114386], [-91.505715, 18.114634], [-91.505887, 18.114883], [-91.506002, 18.11509], [-91.506232, 18.115422], [-91.506635, 18.115671], [-91.506693, 18.115712], [-91.506924, 18.115589], [-91.507155, 18.115424], [-91.507156, 18.115175], [-91.507214, 18.114803], [-91.50733, 18.114555], [-91.507561, 18.114597], [-91.507676, 18.114721], [-91.507676, 18.114887], [-91.507733, 18.115053], [-91.507848, 18.115342], [-91.50802, 18.115426], [-91.508193, 18.115509], [-91.508424, 18.115675], [-91.508596, 18.115841], [-91.508769, 18.115965], [-91.508884, 18.116131], [-91.508942, 18.116131], [-91.509057, 18.116255], [-91.50923, 18.116338], [-91.509287, 18.116587], [-91.509286, 18.116752], [-91.50917, 18.117], [-91.508996, 18.117248], [-91.50888, 18.117455], [-91.508707, 18.11762], [-91.508533, 18.117703], [-91.50836, 18.117826], [-91.508187, 18.117909], [-91.508071, 18.11795], [-91.50784, 18.118239], [-91.507897, 18.118405], [-91.507954, 18.118777], [-91.507952, 18.119274], [-91.507894, 18.119563], [-91.508009, 18.119646], [-91.508066, 18.119853], [-91.508123, 18.120102], [-91.507892, 18.120184], [-91.507777, 18.120101], [-91.507604, 18.120059], [-91.507373, 18.120059], [-91.5072, 18.1201], [-91.507027, 18.120099], [-91.506796, 18.12014], [-91.50668, 18.12014], [-91.50645, 18.120098], [-91.506276, 18.120263], [-91.506276, 18.120429], [-91.506391, 18.120512], [-91.506506, 18.120595], [-91.506621, 18.120595], [-91.506737, 18.120595], [-91.506852, 18.120595], [-91.507025, 18.120554], [-91.507256, 18.120596], [-91.507487, 18.120597], [-91.507833, 18.120598], [-91.507948, 18.120639], [-91.508064, 18.120722], [-91.508179, 18.120888], [-91.508178, 18.121136], [-91.508177, 18.121302], [-91.508004, 18.121301], [-91.507772, 18.121756], [-91.507715, 18.121715], [-91.507656, 18.121963], [-91.507597, 18.122376], [-91.507655, 18.122542], [-91.507712, 18.122708], [-91.507769, 18.122956], [-91.507769, 18.12308], [-91.507884, 18.123205], [-91.507825, 18.123701], [-91.507824, 18.123991], [-91.507535, 18.124114], [-91.507304, 18.124114], [-91.507074, 18.123865], [-91.507017, 18.123699], [-91.506729, 18.12345], [-91.506499, 18.123243], [-91.506326, 18.123118], [-91.506153, 18.122994], [-91.505981, 18.122869], [-91.50575, 18.122745], [-91.505519, 18.122744], [-91.505346, 18.122868], [-91.505288, 18.123033], [-91.505287, 18.123199], [-91.505287, 18.123365], [-91.505228, 18.123571], [-91.505209, 18.123682], [-91.50517, 18.123902], [-91.505112, 18.124109], [-91.504938, 18.124357], [-91.504649, 18.124522], [-91.50436, 18.124769], [-91.503897, 18.125099], [-91.503666, 18.125347], [-91.503435, 18.12543], [-91.503261, 18.125512], [-91.503146, 18.125594], [-91.502972, 18.125718], [-91.502914, 18.125925], [-91.502914, 18.126008], [-91.503029, 18.126173], [-91.503316, 18.126422], [-91.503374, 18.126464], [-91.503605, 18.126464], [-91.503778, 18.126465], [-91.504009, 18.126465], [-91.504182, 18.126466], [-91.504355, 18.126466], [-91.504643, 18.126549], [-91.504816, 18.126591], [-91.505047, 18.126716], [-91.50522, 18.126799], [-91.50545, 18.126924], [-91.505565, 18.127048], [-91.505738, 18.127214], [-91.505853, 18.127421], [-91.50591, 18.127587], [-91.505967, 18.127711], [-91.506139, 18.128042], [-91.506139, 18.128291], [-91.506138, 18.12858], [-91.506137, 18.128911], [-91.506136, 18.129159], [-91.506136, 18.129366], [-91.506077, 18.129656], [-91.505961, 18.129987], [-91.505787, 18.130152], [-91.505556, 18.130317], [-91.505325, 18.130523], [-91.505036, 18.130605], [-91.504921, 18.130522], [-91.50469, 18.130439], [-91.50446, 18.130314], [-91.504345, 18.13019], [-91.504229, 18.130107], [-91.504172, 18.129983], [-91.504057, 18.129776], [-91.503885, 18.129527], [-91.503828, 18.129403], [-91.503712, 18.129278], [-91.503598, 18.129113], [-91.503425, 18.128905], [-91.50331, 18.12874], [-91.50308, 18.128532], [-91.502849, 18.128408], [-91.502619, 18.128283], [-91.502273, 18.128282], [-91.501464, 18.128487], [-91.50106, 18.128652], [-91.500655, 18.128858], [-91.500366, 18.129147], [-91.500135, 18.129436], [-91.499845, 18.129767], [-91.499671, 18.130139], [-91.499497, 18.130428], [-91.499265, 18.130924], [-91.499148, 18.131296], [-91.499148, 18.131503], [-91.499031, 18.131834], [-91.498973, 18.132082], [-91.498857, 18.132289], [-91.498683, 18.132578], [-91.498567, 18.132784], [-91.498393, 18.133156], [-91.498335, 18.133363], [-91.498219, 18.133653], [-91.498102, 18.133983], [-91.498101, 18.134314], [-91.498101, 18.134563], [-91.4981, 18.134811], [-91.498157, 18.135184], [-91.498213, 18.135473], [-91.498155, 18.135721], [-91.498385, 18.136053], [-91.498557, 18.136467], [-91.498787, 18.136757], [-91.498902, 18.136923], [-91.499074, 18.137213], [-91.499247, 18.13742], [-91.499361, 18.137793], [-91.499534, 18.138], [-91.49959, 18.138456], [-91.499358, 18.138745], [-91.499127, 18.138993], [-91.498838, 18.138992], [-91.49855, 18.138743], [-91.498378, 18.138618], [-91.498205, 18.13837], [-91.497917, 18.138121], [-91.497745, 18.137996], [-91.497572, 18.137872], [-91.497284, 18.137664], [-91.497054, 18.137498], [-91.496651, 18.137166], [-91.496363, 18.136917], [-91.496133, 18.136669], [-91.49596, 18.136503], [-91.495729, 18.13642], [-91.495498, 18.136502], [-91.495382, 18.136708], [-91.495324, 18.136957], [-91.495496, 18.137247], [-91.495669, 18.137454], [-91.495841, 18.137661], [-91.495956, 18.13791], [-91.496071, 18.138075], [-91.496359, 18.138366], [-91.496474, 18.138532], [-91.496646, 18.138697], [-91.496992, 18.138905], [-91.49728, 18.139071], [-91.49751, 18.139279], [-91.49774, 18.139486], [-91.498028, 18.139735], [-91.498201, 18.140066], [-91.498373, 18.140356], [-91.49843, 18.140605], [-91.498487, 18.140853], [-91.498775, 18.141061], [-91.499063, 18.141186], [-91.499351, 18.141186], [-91.49964, 18.141187], [-91.499871, 18.141146], [-91.500044, 18.141022], [-91.500275, 18.14094], [-91.500334, 18.140692], [-91.500449, 18.140609], [-91.500565, 18.140527], [-91.500854, 18.140569], [-91.501142, 18.140694], [-91.501314, 18.140984], [-91.501314, 18.141149], [-91.501255, 18.141356], [-91.501139, 18.141521], [-91.501139, 18.141728], [-91.501196, 18.141935], [-91.501311, 18.142225], [-91.501368, 18.142432], [-91.501829, 18.14264], [-91.502059, 18.142764], [-91.502347, 18.142931], [-91.502462, 18.143055], [-91.502577, 18.143221], [-91.502634, 18.143428], [-91.502692, 18.143635], [-91.502575, 18.143966], [-91.502228, 18.144254], [-91.501882, 18.144212], [-91.501478, 18.144211], [-91.501016, 18.144252], [-91.500612, 18.144375], [-91.500208, 18.144498], [-91.49963, 18.144911], [-91.499282, 18.145241], [-91.499166, 18.145655], [-91.499395, 18.146193], [-91.49974, 18.146732], [-91.500027, 18.147146], [-91.50043, 18.14752], [-91.50066, 18.147768], [-91.500948, 18.147934], [-91.501294, 18.147977], [-91.501583, 18.147812], [-91.501815, 18.147481], [-91.50199, 18.146985], [-91.502453, 18.146448], [-91.502742, 18.1462], [-91.503031, 18.145953], [-91.503493, 18.145954], [-91.503954, 18.146038], [-91.504242, 18.146328], [-91.504357, 18.146659], [-91.504586, 18.147073], [-91.504585, 18.147529], [-91.504583, 18.148108], [-91.504409, 18.148645], [-91.504235, 18.149059], [-91.504003, 18.149472], [-91.503598, 18.149761], [-91.503136, 18.149967], [-91.502789, 18.150173], [-91.502269, 18.150296], [-91.501865, 18.150336], [-91.501402, 18.150625], [-91.501344, 18.150873], [-91.501343, 18.151122], [-91.501574, 18.151329], [-91.501804, 18.151578], [-91.501977, 18.151702], [-91.502207, 18.151827], [-91.50238, 18.152034], [-91.50261, 18.152366], [-91.502608, 18.152862], [-91.502665, 18.153235], [-91.502664, 18.153607], [-91.502605, 18.153979], [-91.502488, 18.154434], [-91.50243, 18.154724], [-91.502313, 18.155179], [-91.502197, 18.155551], [-91.502022, 18.156047], [-91.502251, 18.156751], [-91.50248, 18.157248], [-91.50294, 18.157953], [-91.503342, 18.158657], [-91.503745, 18.15903], [-91.504263, 18.159611], [-91.504722, 18.160398], [-91.505067, 18.161143], [-91.505064, 18.161971], [-91.504889, 18.162674], [-91.504484, 18.163253], [-91.504194, 18.163666], [-91.503904, 18.164079], [-91.503499, 18.164533], [-91.503441, 18.164781], [-91.503786, 18.165072], [-91.504131, 18.165362], [-91.504477, 18.165652], [-91.50488, 18.165902], [-91.505456, 18.166399], [-91.505975, 18.166649], [-91.506204, 18.167187], [-91.506203, 18.167684], [-91.506317, 18.168181], [-91.506604, 18.168761], [-91.50666, 18.169174], [-91.506832, 18.16963], [-91.507215, 18.1704], [-91.507224, 18.170473], [-91.507727, 18.170345], [-91.507787, 18.17033], [-91.507985, 18.170295], [-91.508042, 18.170336], [-91.508273, 18.170378], [-91.508504, 18.170461], [-91.508734, 18.170627], [-91.508965, 18.170669], [-91.509253, 18.170752], [-91.509426, 18.170794], [-91.509657, 18.170836], [-91.50983, 18.170795], [-91.509946, 18.170713], [-91.510119, 18.17063], [-91.51012, 18.170382], [-91.510004, 18.170423], [-91.509947, 18.170257], [-91.509832, 18.170133], [-91.509775, 18.169926], [-91.50966, 18.169719], [-91.509718, 18.169553], [-91.509776, 18.169429], [-91.50995, 18.169347], [-91.510123, 18.169389], [-91.510238, 18.16943], [-91.510295, 18.169513], [-91.510468, 18.169555], [-91.510584, 18.169638], [-91.510699, 18.16968], [-91.510757, 18.169721], [-91.51093, 18.169763], [-91.511103, 18.169805], [-91.511276, 18.169722], [-91.511449, 18.169599], [-91.511623, 18.169475], [-91.511796, 18.169392], [-91.511912, 18.16931], [-91.512085, 18.169228], [-91.512201, 18.169145], [-91.512317, 18.169021], [-91.512548, 18.168856], [-91.512722, 18.168732], [-91.513299, 18.168651], [-91.513472, 18.168651], [-91.513588, 18.168651], [-91.513933, 18.168859], [-91.513875, 18.168942], [-91.513817, 18.169107], [-91.513701, 18.169272], [-91.513585, 18.169479], [-91.513527, 18.169603], [-91.513526, 18.169893], [-91.513584, 18.169934], [-91.513757, 18.169935], [-91.513873, 18.169893], [-91.514104, 18.169894], [-91.514219, 18.169853], [-91.514392, 18.16977], [-91.514566, 18.169729], [-91.514681, 18.169647], [-91.514912, 18.169565], [-91.515028, 18.169606], [-91.515201, 18.169648], [-91.515374, 18.16969], [-91.515547, 18.169731], [-91.51572, 18.16969], [-91.515894, 18.169608], [-91.516067, 18.169443], [-91.516068, 18.169277], [-91.516068, 18.168946], [-91.516069, 18.168698], [-91.516185, 18.168491], [-91.516359, 18.168244], [-91.516475, 18.168078], [-91.516591, 18.167872], [-91.516591, 18.167623], [-91.51665, 18.167292], [-91.516651, 18.167044], [-91.516767, 18.166755], [-91.516941, 18.166507], [-91.517056, 18.166466], [-91.517287, 18.166425], [-91.51746, 18.166425], [-91.517807, 18.166302], [-91.517923, 18.166136], [-91.51775, 18.165929], [-91.517578, 18.165763], [-91.517463, 18.165556], [-91.517406, 18.165349], [-91.517464, 18.165101], [-91.517638, 18.164853], [-91.517869, 18.164605], [-91.518159, 18.164399], [-91.518274, 18.164317], [-91.518447, 18.164275], [-91.518909, 18.164152], [-91.519025, 18.164111], [-91.519487, 18.163988], [-91.519718, 18.163906], [-91.520007, 18.163699], [-91.520065, 18.163534], [-91.520239, 18.16341], [-91.520412, 18.163245], [-91.520471, 18.162997], [-91.520356, 18.162831], [-91.52001, 18.162706], [-91.519721, 18.162747], [-91.519433, 18.162664], [-91.519202, 18.162581], [-91.518914, 18.162414], [-91.518684, 18.162124], [-91.518742, 18.161917], [-91.519031, 18.161794], [-91.519204, 18.161877], [-91.519377, 18.16196], [-91.519492, 18.162002], [-91.519723, 18.162126], [-91.519896, 18.162127], [-91.520012, 18.162086], [-91.520128, 18.161879], [-91.520071, 18.161631], [-91.520129, 18.161382], [-91.520187, 18.161217], [-91.520246, 18.160803], [-91.520362, 18.160638], [-91.520478, 18.160431], [-91.520651, 18.160225], [-91.52094, 18.160101], [-91.521345, 18.159813], [-91.521634, 18.15973], [-91.521923, 18.159566], [-91.522038, 18.159524], [-91.522269, 18.159525], [-91.522442, 18.159773], [-91.522441, 18.15998], [-91.522383, 18.160187], [-91.522382, 18.160435], [-91.522439, 18.160684], [-91.522612, 18.160767], [-91.522959, 18.160644], [-91.523074, 18.160561], [-91.523479, 18.160355], [-91.523652, 18.160314], [-91.523826, 18.160066], [-91.523999, 18.160066], [-91.524115, 18.159901], [-91.524289, 18.159736], [-91.524577, 18.159819], [-91.524634, 18.160026], [-91.524576, 18.160274], [-91.524575, 18.160481], [-91.52469, 18.160854], [-91.52492, 18.160979], [-91.525094, 18.160772], [-91.525094, 18.160689], [-91.525037, 18.160482], [-91.525384, 18.160193], [-91.5255, 18.160069], [-91.525673, 18.159946], [-91.525789, 18.159822], [-91.525962, 18.159739], [-91.526251, 18.159492], [-91.526425, 18.159409], [-91.526541, 18.159285], [-91.526714, 18.159162], [-91.527003, 18.159079], [-91.527118, 18.159245], [-91.527175, 18.159328], [-91.527291, 18.15937], [-91.527406, 18.159453], [-91.527752, 18.159412], [-91.52781, 18.159288], [-91.527811, 18.159081], [-91.527754, 18.158874], [-91.527754, 18.158667], [-91.527928, 18.158419], [-91.528101, 18.15842], [-91.528332, 18.158337], [-91.52839, 18.158172], [-91.528622, 18.157966], [-91.528795, 18.157966], [-91.529083, 18.158298], [-91.529198, 18.158298], [-91.529197, 18.158587], [-91.529312, 18.158795], [-91.529427, 18.15896], [-91.5296, 18.159126], [-91.529831, 18.159003], [-91.529947, 18.15892], [-91.529889, 18.158713], [-91.530006, 18.158424], [-91.530064, 18.1583], [-91.53018, 18.158093], [-91.530122, 18.15801], [-91.530181, 18.157679], [-91.530239, 18.157555], [-91.530297, 18.157431], [-91.530529, 18.157018], [-91.53076, 18.156811], [-91.530876, 18.156812], [-91.531049, 18.156688], [-91.531048, 18.156895], [-91.530932, 18.157143], [-91.530932, 18.15735], [-91.530931, 18.157515], [-91.531104, 18.157681], [-91.531104, 18.157764], [-91.531219, 18.157929], [-91.531276, 18.158095], [-91.531391, 18.158302], [-91.531506, 18.158344], [-91.531622, 18.158303], [-91.531623, 18.158013], [-91.531623, 18.157889], [-91.531623, 18.157723], [-91.531739, 18.157641], [-91.531855, 18.157517], [-91.531913, 18.15731], [-91.531914, 18.156979], [-91.531857, 18.156648], [-91.531973, 18.156607], [-91.532146, 18.156524], [-91.532492, 18.156442], [-91.532781, 18.156484], [-91.533069, 18.156526], [-91.533184, 18.15694], [-91.533125, 18.157147], [-91.532952, 18.157312], [-91.533009, 18.157519], [-91.532951, 18.157726], [-91.53295, 18.158057], [-91.532892, 18.158264], [-91.532949, 18.158471], [-91.53318, 18.158513], [-91.53341, 18.158555], [-91.533584, 18.158514], [-91.533872, 18.158514], [-91.534103, 18.158515], [-91.534276, 18.158349], [-91.53445, 18.158143], [-91.534566, 18.157936], [-91.534682, 18.15773], [-91.534971, 18.157523], [-91.535144, 18.157482], [-91.535432, 18.15769], [-91.535547, 18.158021], [-91.535719, 18.15827], [-91.535719, 18.158518], [-91.53543, 18.158517], [-91.535199, 18.158765], [-91.535371, 18.158972], [-91.535487, 18.159055], [-91.535544, 18.159262], [-91.535658, 18.159552], [-91.535773, 18.159801], [-91.535946, 18.159967], [-91.536234, 18.160174], [-91.536464, 18.160423], [-91.536752, 18.160713], [-91.536751, 18.160961], [-91.536751, 18.16121], [-91.536577, 18.161333], [-91.536346, 18.161623], [-91.536057, 18.161539], [-91.535826, 18.161828], [-91.53571, 18.162035], [-91.535767, 18.162284], [-91.535824, 18.162532], [-91.535939, 18.162698], [-91.536285, 18.162905], [-91.536515, 18.162906], [-91.536689, 18.162699], [-91.536805, 18.162575], [-91.536978, 18.162451], [-91.537152, 18.162369], [-91.537325, 18.162411], [-91.537382, 18.162576], [-91.537381, 18.162783], [-91.537381, 18.16299], [-91.537438, 18.163156], [-91.537553, 18.163363], [-91.537783, 18.16357], [-91.538072, 18.163736], [-91.53836, 18.163903], [-91.538532, 18.164193], [-91.538647, 18.164193], [-91.539422, 18.164514], [-91.539888, 18.164882], [-91.540642, 18.16496], [-91.541044, 18.164669], [-91.54133, 18.164295], [-91.542076, 18.163671], [-91.541835, 18.162641], [-91.542235, 18.162102], [-91.542288, 18.161483], [-91.542339, 18.160822], [-91.542104, 18.160411], [-91.542565, 18.160201], [-91.543493, 18.160402], [-91.543783, 18.160524], [-91.544191, 18.160769], [-91.544425, 18.161097], [-91.544545, 18.161468], [-91.54501, 18.161671], [-91.545356, 18.161545], [-91.545758, 18.161212], [-91.546216, 18.160755], [-91.546847, 18.160132], [-91.547362, 18.159468], [-91.54782, 18.15897], [-91.548399, 18.158925], [-91.549036, 18.158962], [-91.549264, 18.158672], [-91.549433, 18.158134], [-91.549834, 18.157719], [-91.55047, 18.157632], [-91.550933, 18.157629], [-91.551339, 18.157709], [-91.551917, 18.157623], [-91.552029, 18.157209], [-91.552197, 18.156672], [-91.552831, 18.156337], [-91.553352, 18.156375], [-91.554279, 18.156452], [-91.554567, 18.156285], [-91.554562, 18.155831], [-91.554963, 18.155374], [-91.555193, 18.155249], [-91.556122, 18.15549], [-91.556818, 18.155692], [-91.557281, 18.155689], [-91.557801, 18.155603], [-91.558264, 18.1556], [-91.55873, 18.155845], [-91.559078, 18.156007], [-91.55989, 18.156126], [-91.560759, 18.156285], [-91.561339, 18.156405], [-91.562037, 18.156772], [-91.562561, 18.157099], [-91.563143, 18.157466], [-91.563782, 18.157627], [-91.564596, 18.158034], [-91.565061, 18.158279], [-91.565754, 18.158151], [-91.566274, 18.157982], [-91.566792, 18.15769], [-91.567367, 18.157315], [-91.568232, 18.156979], [-91.568979, 18.156437], [-91.569441, 18.15631], [-91.569903, 18.156142], [-91.570825, 18.155764], [-91.571634, 18.155594], [-91.572097, 18.155591], [-91.572619, 18.155794], [-91.573317, 18.156078], [-91.574015, 18.156486], [-91.574713, 18.156812], [-91.575641, 18.157012], [-91.576513, 18.157419], [-91.579, 18.15732], [-91.579748, 18.156778], [-91.580204, 18.156263], [-91.580777, 18.155492], [-91.581002, 18.154747], [-91.581168, 18.154003], [-91.581393, 18.1533], [-91.581212, 18.1526], [-91.580685, 18.151902], [-91.580734, 18.151035], [-91.580379, 18.15017], [-91.580404, 18.149762], [-91.580413, 18.148051], [-91.580412, 18.147529], [-91.579767, 18.146707], [-91.579242, 18.146298], [-91.578543, 18.145808], [-91.578362, 18.145066], [-91.578415, 18.144529], [-91.578064, 18.144077], [-91.578343, 18.143002], [-91.578565, 18.14201], [-91.578671, 18.141019], [-91.578606, 18.140235], [-91.578655, 18.139286], [-91.578939, 18.138747], [-91.57934, 18.138373], [-91.580375, 18.137623], [-91.581067, 18.137412], [-91.582049, 18.1372], [-91.582568, 18.13699], [-91.583318, 18.13682], [-91.584127, 18.136608], [-91.585048, 18.136106], [-91.586026, 18.135522], [-91.586542, 18.135064], [-91.58729, 18.134605], [-91.588037, 18.134064], [-91.588611, 18.133523], [-91.589357, 18.132858], [-91.589644, 18.132608], [-91.590158, 18.131903], [-91.59067, 18.130992], [-91.59101, 18.130247], [-91.591348, 18.129336], [-91.591628, 18.128303], [-91.591736, 18.127518], [-91.591904, 18.126939], [-91.592194, 18.126978], [-91.592313, 18.12739], [-91.592662, 18.127594], [-91.592948, 18.127221], [-91.593003, 18.126931], [-91.592999, 18.126436], [-91.593218, 18.125238], [-91.593445, 18.1247], [-91.593732, 18.124533], [-91.59408, 18.12453], [-91.594426, 18.124404], [-91.594711, 18.124031], [-91.594822, 18.123535], [-91.594816, 18.122833], [-91.594636, 18.122174], [-91.594457, 18.12168], [-91.594279, 18.121186], [-91.593809, 18.120487], [-91.593339, 18.119706], [-91.592987, 18.119255], [-91.592347, 18.118888], [-91.591822, 18.118478], [-91.591756, 18.117612], [-91.591688, 18.116581], [-91.59151, 18.116087], [-91.591272, 18.115428], [-91.591148, 18.114521], [-91.591141, 18.113778], [-91.591128, 18.112499], [-91.591123, 18.111962], [-91.590716, 18.111759], [-91.589726, 18.111064], [-91.589663, 18.110527], [-91.589372, 18.110406], [-91.589082, 18.110284], [-91.588672, 18.109791], [-91.588493, 18.109256], [-91.588947, 18.108345], [-91.589289, 18.107723], [-91.589574, 18.107309], [-91.589975, 18.106893], [-91.590549, 18.106436], [-91.590662, 18.106187], [-91.591178, 18.105688], [-91.591697, 18.105478], [-91.592393, 18.10568], [-91.592798, 18.105636], [-91.593143, 18.105427], [-91.593547, 18.105342], [-91.593842, 18.105918], [-91.594193, 18.106328], [-91.594776, 18.106778], [-91.59501, 18.107024], [-91.59565, 18.107391], [-91.596289, 18.107676], [-91.597213, 18.107463], [-91.598023, 18.107417], [-91.598773, 18.107205], [-91.599465, 18.106953], [-91.599924, 18.106537], [-91.600376, 18.105419], [-91.600779, 18.105293], [-91.60147, 18.104958], [-91.602105, 18.104747], [-91.602567, 18.10462], [-91.602911, 18.104329], [-91.603543, 18.103912], [-91.604062, 18.103702], [-91.60452, 18.103204], [-91.604747, 18.102789], [-91.605085, 18.101838], [-91.605367, 18.101093], [-91.605707, 18.100348], [-91.605988, 18.099479], [-91.606449, 18.099228], [-91.606856, 18.099473], [-91.607032, 18.099719], [-91.607206, 18.099801], [-91.607376, 18.099428], [-91.60766, 18.098848], [-91.608001, 18.098268], [-91.608284, 18.097606], [-91.608624, 18.096819], [-91.60908, 18.096115], [-91.609363, 18.095535], [-91.609475, 18.095121], [-91.609014, 18.09529], [-91.609124, 18.09467], [-91.609465, 18.094131], [-91.60987, 18.094046], [-91.610214, 18.093754], [-91.610093, 18.09326], [-91.609684, 18.09285], [-91.609279, 18.092811], [-91.608872, 18.092649], [-91.608292, 18.092447], [-91.608459, 18.091827], [-91.608807, 18.091824], [-91.609324, 18.091449], [-91.609608, 18.090952], [-91.609661, 18.090498], [-91.609368, 18.090087], [-91.609023, 18.090254], [-91.608796, 18.09071], [-91.608508, 18.090918], [-91.60839, 18.090589], [-91.60867, 18.08972], [-91.60895, 18.088728], [-91.609001, 18.088067], [-91.60888, 18.08749], [-91.608472, 18.087204], [-91.607079, 18.086718], [-91.606671, 18.086432], [-91.606319, 18.085898], [-91.606048, 18.084468], [-91.605834, 18.08359], [-91.605707, 18.082518], [-91.605812, 18.081403], [-91.605973, 18.080081], [-91.606371, 18.079376], [-91.606944, 18.078836], [-91.60746, 18.078337], [-91.607513, 18.077842], [-91.606761, 18.077847], [-91.606348, 18.076983], [-91.606574, 18.076486], [-91.60686, 18.076113], [-91.606627, 18.075908], [-91.606914, 18.075699], [-91.606912, 18.075534], [-91.606909, 18.075245], [-91.606966, 18.075121], [-91.607193, 18.074666], [-91.60765, 18.074085], [-91.607876, 18.073505], [-91.607811, 18.072763], [-91.607516, 18.072228], [-91.607397, 18.071816], [-91.607161, 18.071405], [-91.60739, 18.071115], [-91.607905, 18.070533], [-91.608363, 18.070076], [-91.608764, 18.06962], [-91.609106, 18.069122], [-91.609509, 18.068913], [-91.609968, 18.068579], [-91.610602, 18.068327], [-91.611177, 18.067911], [-91.611637, 18.067619], [-91.612272, 18.06749], [-91.613195, 18.067236], [-91.614114, 18.066611], [-91.614571, 18.065989], [-91.614799, 18.065657], [-91.615257, 18.0652], [-91.6156, 18.064743], [-91.615826, 18.064205], [-91.616166, 18.063501], [-91.616564, 18.062756], [-91.616674, 18.062136], [-91.617072, 18.061514], [-91.617357, 18.061017], [-91.617874, 18.060642], [-91.618275, 18.060267], [-91.618734, 18.059934], [-91.618729, 18.059397], [-91.618667, 18.058944], [-91.618777, 18.058407], [-91.618714, 18.057829], [-91.618476, 18.05717], [-91.618241, 18.056801], [-91.61806, 18.056059], [-91.618174, 18.055893], [-91.618286, 18.055521], [-91.618514, 18.055107], [-91.618336, 18.054736], [-91.618102, 18.054449], [-91.617523, 18.054371], [-91.61671, 18.054087], [-91.616129, 18.053802], [-91.615723, 18.053681], [-91.615142, 18.053396], [-91.614677, 18.053193], [-91.614269, 18.052866], [-91.61415, 18.052495], [-91.614204, 18.052165], [-91.614142, 18.051752], [-91.614197, 18.051422], [-91.614428, 18.051338], [-91.614777, 18.051624], [-91.615298, 18.051662], [-91.615703, 18.051618], [-91.616106, 18.051409], [-91.616218, 18.051078], [-91.616329, 18.050623], [-91.616325, 18.05021], [-91.61632, 18.049674], [-91.616313, 18.048931], [-91.616191, 18.048313], [-91.616013, 18.047819], [-91.615601, 18.047161], [-91.615072, 18.046257], [-91.614482, 18.045105], [-91.614305, 18.044694], [-91.613841, 18.044614], [-91.613259, 18.044206], [-91.613253, 18.043587], [-91.613249, 18.043174], [-91.613243, 18.042596], [-91.613236, 18.041894], [-91.613287, 18.041192], [-91.61334, 18.040656], [-91.613156, 18.039584], [-91.613322, 18.03884], [-91.61343, 18.038096], [-91.61354, 18.037435], [-91.613996, 18.036771], [-91.61428, 18.036274], [-91.614735, 18.035528], [-91.614845, 18.034867], [-91.614663, 18.034084], [-91.61431, 18.033385], [-91.613783, 18.032769], [-91.613371, 18.032029], [-91.613362, 18.031163], [-91.613531, 18.030666], [-91.614218, 18.02996], [-91.614212, 18.029341], [-91.614029, 18.028351], [-91.61385, 18.027775], [-91.614016, 18.027072], [-91.614532, 18.026614], [-91.614934, 18.026323], [-91.615334, 18.025783], [-91.615559, 18.025121], [-91.616073, 18.024457], [-91.616643, 18.023669], [-91.617044, 18.023212], [-91.616864, 18.022553], [-91.616628, 18.02206], [-91.616163, 18.021857], [-91.615698, 18.021653], [-91.615464, 18.021325], [-91.615516, 18.020747], [-91.61574, 18.020002], [-91.616022, 18.019299], [-91.616423, 18.018842], [-91.616939, 18.018426], [-91.617282, 18.01801], [-91.617566, 18.017513], [-91.617679, 18.017265], [-91.61779, 18.016769], [-91.618194, 18.016642], [-91.618536, 18.016186], [-91.618417, 18.015815], [-91.617836, 18.01553], [-91.618002, 18.014786], [-91.618168, 18.014042], [-91.618334, 18.013257], [-91.618502, 18.012678], [-91.618609, 18.011769], [-91.618545, 18.011233], [-91.618597, 18.010613], [-91.618765, 18.010034], [-91.619103, 18.009165], [-91.619326, 18.008297], [-91.619378, 18.007636], [-91.619485, 18.006769], [-91.619304, 18.006068], [-91.618549, 18.005702], [-91.618025, 18.005334], [-91.6175, 18.004843], [-91.616857, 18.004145], [-91.616562, 18.00357], [-91.616496, 18.002745], [-91.617015, 18.002576], [-91.617529, 18.001995], [-91.617584, 18.001664], [-91.617465, 18.001293], [-91.617113, 18.000801], [-91.616761, 18.000308], [-91.616408, 17.999732], [-91.616637, 17.999483], [-91.616981, 17.999109], [-91.616978, 17.998862], [-91.616916, 17.998367], [-91.617192, 17.997127], [-91.617696, 17.99539], [-91.617516, 17.994731], [-91.61716, 17.993866], [-91.617153, 17.993082], [-91.617261, 17.99238], [-91.617428, 17.991718], [-91.617396, 17.991388], [-91.617364, 17.991058], [-91.61701, 17.990318], [-91.616597, 17.989536], [-91.616128, 17.988838], [-91.616122, 17.98826], [-91.616233, 17.987764], [-91.616514, 17.986896], [-91.616796, 17.986192], [-91.616903, 17.985366], [-91.616892, 17.984251], [-91.616999, 17.983301], [-91.617161, 17.982186], [-91.617613, 17.98111], [-91.618125, 17.980198], [-91.61858, 17.979493], [-91.618979, 17.978913], [-91.619548, 17.977959], [-91.619601, 17.977422], [-91.619422, 17.976846], [-91.619589, 17.976226], [-91.619873, 17.975687], [-91.620097, 17.975025], [-91.619976, 17.974407], [-91.619622, 17.973708], [-91.619556, 17.972841], [-91.619259, 17.972059], [-91.619479, 17.970985], [-91.619587, 17.9702], [-91.619926, 17.96933], [-91.620436, 17.968295], [-91.620602, 17.967592], [-91.620596, 17.966973], [-91.620874, 17.965816], [-91.620968, 17.963586], [-91.62119, 17.962635], [-91.621296, 17.961685], [-91.621575, 17.960734], [-91.621566, 17.959785], [-91.621096, 17.959045], [-91.62074, 17.958098], [-91.620214, 17.957483], [-91.62003, 17.956452], [-91.620254, 17.955749], [-91.620595, 17.955086], [-91.620761, 17.954384], [-91.620812, 17.953682], [-91.620806, 17.953104], [-91.620579, 17.95283], [-91.620989, 17.95238], [-91.62134, 17.951971], [-91.621689, 17.951727], [-91.621809, 17.951357], [-91.621815, 17.950944], [-91.62182, 17.950489], [-91.621827, 17.949994], [-91.621719, 17.949414], [-91.621724, 17.949001], [-91.621733, 17.948341], [-91.621797, 17.947846], [-91.621803, 17.94735], [-91.621926, 17.946773], [-91.621931, 17.946319], [-91.621937, 17.945906], [-91.62206, 17.945288], [-91.622067, 17.944751], [-91.622073, 17.944255], [-91.622254, 17.943597], [-91.622378, 17.942937], [-91.62262, 17.942072], [-91.622745, 17.94133], [-91.622868, 17.940671], [-91.622932, 17.940217], [-91.622995, 17.939764], [-91.623115, 17.939393], [-91.623179, 17.938898], [-91.623302, 17.938321], [-91.623364, 17.93795], [-91.623428, 17.937497], [-91.623377, 17.936959], [-91.623213, 17.936297], [-91.622989, 17.935716], [-91.622824, 17.935095], [-91.622715, 17.934639], [-91.622607, 17.93406], [-91.622496, 17.933728], [-91.622386, 17.933314], [-91.622332, 17.932983], [-91.622223, 17.932486], [-91.622289, 17.931867], [-91.622091, 17.931013], [-91.622374, 17.930351], [-91.622772, 17.929646], [-91.623055, 17.929067], [-91.623453, 17.928445], [-91.623908, 17.927616], [-91.624246, 17.926788], [-91.624411, 17.925879], [-91.624402, 17.925012], [-91.624276, 17.923981], [-91.624037, 17.923116], [-91.623566, 17.922294], [-91.622811, 17.921928], [-91.622287, 17.921519], [-91.621644, 17.920863], [-91.621523, 17.920245], [-91.621056, 17.919794], [-91.620818, 17.919135], [-91.620348, 17.918396], [-91.619764, 17.917698], [-91.619352, 17.917041], [-91.618942, 17.916424], [-91.618417, 17.915974], [-91.617777, 17.915525], [-91.617138, 17.915158], [-91.616901, 17.914623], [-91.616604, 17.913758], [-91.616133, 17.912936], [-91.615549, 17.912321], [-91.615081, 17.911705], [-91.614557, 17.911378], [-91.613453, 17.910808], [-91.612817, 17.910771], [-91.612239, 17.910775], [-91.61143, 17.910781], [-91.610791, 17.910414], [-91.610212, 17.910336], [-91.608606, 17.910568], [-91.608457, 17.904247], [-91.616956, 17.89089], [-91.624155, 17.894224], [-91.637122, 17.873165], [-91.663902, 17.886496], [-91.673522, 17.891284], [-91.677663, 17.893344], [-91.687796, 17.916048], [-91.699324, 17.918704], [-91.69973, 17.916483], [-91.702196, 17.917084], [-91.703757, 17.916959], [-91.704407, 17.916397], [-91.704608, 17.915369], [-91.704795, 17.914878], [-91.705539, 17.915104], [-91.708769, 17.917296], [-91.708381, 17.920965], [-91.720805, 17.923692], [-91.732681, 17.931692], [-91.733563, 17.933171], [-91.734221, 17.931777], [-91.736278, 17.927413], [-91.743897, 17.928786], [-91.74208, 17.931964], [-91.739757, 17.934632], [-91.76053, 17.957483], [-91.762063, 17.938608], [-91.768065, 17.948426], [-91.771142, 17.944275], [-91.80481, 17.972739], [-91.8099, 17.973482], [-91.819289, 17.974852], [-91.849706, 17.980261], [-91.851346, 17.976863], [-91.851745, 17.976364], [-91.851794, 17.975621], [-91.851645, 17.975351], [-91.851381, 17.974881], [-91.851027, 17.974265], [-91.850791, 17.973813], [-91.850438, 17.973238], [-91.850142, 17.972663], [-91.849963, 17.972127], [-91.849958, 17.971715], [-91.850302, 17.971423], [-91.850646, 17.971172], [-91.85093, 17.970716], [-91.851041, 17.970261], [-91.850975, 17.969601], [-91.85091, 17.9689], [-91.850787, 17.968241], [-91.851013, 17.967743], [-91.851527, 17.967244], [-91.852102, 17.96695], [-91.854287, 17.965818], [-91.855094, 17.965605], [-91.855959, 17.965433], [-91.856941, 17.965342], [-91.857633, 17.96513], [-91.858206, 17.964671], [-91.85872, 17.96413], [-91.858947, 17.963757], [-91.85958, 17.963422], [-91.860099, 17.963335], [-91.860562, 17.963414], [-91.861141, 17.963409], [-91.861834, 17.963403], [-91.862412, 17.963357], [-91.863562, 17.96277], [-91.864477, 17.961895], [-91.864877, 17.961479], [-91.865391, 17.960897], [-91.865847, 17.960274], [-91.866244, 17.95961], [-91.866468, 17.958989], [-91.866748, 17.958203], [-91.866974, 17.957664], [-91.867138, 17.956879], [-91.867013, 17.956013], [-91.866891, 17.955436], [-91.866767, 17.954735], [-91.866874, 17.95395], [-91.867099, 17.953412], [-91.867266, 17.952832], [-91.867719, 17.951962], [-91.871446, 17.954366], [-91.864794, 17.982503], [-91.867502, 17.982736], [-91.874391, 17.990846], [-91.877023, 17.977147], [-91.877375, 17.977598], [-91.877556, 17.978298], [-91.87774, 17.979205], [-91.877638, 17.980361], [-91.877931, 17.98073], [-91.878341, 17.981222], [-91.87875, 17.98159], [-91.879159, 17.981958], [-91.879626, 17.982326], [-91.88021, 17.982817], [-91.880678, 17.983349], [-91.88103, 17.983759], [-91.881558, 17.984415], [-91.882199, 17.984864], [-91.882784, 17.985437], [-91.883137, 17.985971], [-91.88326, 17.986671], [-91.883326, 17.987372], [-91.883391, 17.987991], [-91.883686, 17.988525], [-91.88352, 17.989187], [-91.883411, 17.989766], [-91.883303, 17.990468], [-91.88308, 17.991131], [-91.882856, 17.991834], [-91.882689, 17.992372], [-91.882522, 17.992993], [-91.882413, 17.993572], [-91.882423, 17.994397], [-91.882549, 17.995346], [-91.882732, 17.99617], [-91.882858, 17.997118], [-91.883046, 17.998396], [-91.882948, 17.999924], [-91.92853, 18.007273], [-91.942358, 18.011316], [-91.965578, 18.015882]]], [[[-91.839883, 18.640848], [-91.839906, 18.64087], [-91.83992, 18.640892], [-91.839946, 18.640913], [-91.839973, 18.64093], [-91.840309, 18.640664], [-91.840321, 18.640679], [-91.839974, 18.640959], [-91.840009, 18.640964], [-91.840032, 18.640995], [-91.84007, 18.641012], [-91.840094, 18.641038], [-91.840116, 18.641058], [-91.840136, 18.641074], [-91.840156, 18.641087], [-91.840164, 18.641119], [-91.84017, 18.641141], [-91.840196, 18.641163], [-91.840219, 18.641193], [-91.840268, 18.64122], [-91.84029, 18.641221], [-91.840316, 18.641223], [-91.840356, 18.641223], [-91.840423, 18.641182], [-91.840489, 18.64126], [-91.84054, 18.641245], [-91.840686, 18.641428], [-91.840769, 18.64138], [-91.840786, 18.64142], [-91.84071, 18.641464], [-91.840873, 18.641655], [-91.840915, 18.641632], [-91.840945, 18.641664], [-91.841231, 18.641386], [-91.841279, 18.641441], [-91.840988, 18.6417], [-91.841015, 18.641747], [-91.840961, 18.641812], [-91.840974, 18.641845], [-91.840993, 18.641866], [-91.841016, 18.641896], [-91.841053, 18.641932], [-91.841082, 18.641949], [-91.841129, 18.641991], [-91.841144, 18.64202], [-91.841161, 18.642064], [-91.841202, 18.64211], [-91.841244, 18.642142], [-91.84128, 18.642181], [-91.84131, 18.642211], [-91.841342, 18.642225], [-91.841384, 18.642162], [-91.841406, 18.642184], [-91.84138, 18.64223], [-91.841411, 18.642251], [-91.841398, 18.64227], [-91.841549, 18.642286], [-91.841579, 18.642303], [-91.841576, 18.642333], [-91.841592, 18.642344], [-91.841636, 18.642355], [-91.84168, 18.642365], [-91.841706, 18.64237], [-91.841736, 18.642393], [-91.841936, 18.641934], [-91.841985, 18.641946], [-91.841784, 18.642399], [-91.841818, 18.64243], [-91.841863, 18.642455], [-91.841892, 18.642473], [-91.841928, 18.642498], [-91.841965, 18.642516], [-91.842004, 18.64253], [-91.842029, 18.642556], [-91.842056, 18.642572], [-91.842151, 18.64259], [-91.842224, 18.642607], [-91.842297, 18.642616], [-91.842352, 18.642605], [-91.842395, 18.642588], [-91.842465, 18.642581], [-91.84252, 18.642619], [-91.842872, 18.642152], [-91.842776, 18.642086], [-91.842901, 18.641931], [-91.842986, 18.641986], [-91.843274, 18.641618], [-91.843244, 18.641561], [-91.842996, 18.64138], [-91.843053, 18.641328], [-91.843665, 18.641758], [-91.843549, 18.641762], [-91.843346, 18.641633], [-91.843304, 18.641637], [-91.843019, 18.642007], [-91.843127, 18.642078], [-91.843009, 18.642237], [-91.842907, 18.642177], [-91.842562, 18.64263], [-91.843041, 18.642917], [-91.843109, 18.64282], [-91.84314, 18.642829], [-91.843235, 18.642687], [-91.843261, 18.642713], [-91.84317, 18.642845], [-91.843196, 18.642857], [-91.84358, 18.642272], [-91.843618, 18.642293], [-91.843735, 18.642283], [-91.843732, 18.642325], [-91.8436, 18.642344], [-91.843259, 18.642887], [-91.843484, 18.643029], [-91.843554, 18.642962], [-91.843734, 18.642945], [-91.844006, 18.642695], [-91.84414, 18.642827], [-91.844064, 18.64289], [-91.844022, 18.642854], [-91.843984, 18.642879], [-91.84395, 18.642848], [-91.843764, 18.642996], [-91.843771, 18.643039], [-91.843801, 18.643082], [-91.843826, 18.643128], [-91.84384, 18.643187], [-91.843834, 18.643249], [-91.843831, 18.643299], [-91.843851, 18.643335], [-91.844187, 18.643128], [-91.844325, 18.642998], [-91.844702, 18.643391], [-91.844656, 18.643428], [-91.84464, 18.64341], [-91.844615, 18.643396], [-91.844561, 18.643438], [-91.844289, 18.643181], [-91.844259, 18.643183], [-91.843846, 18.643434], [-91.843892, 18.643495], [-91.843902, 18.643568], [-91.843944, 18.643655], [-91.84399, 18.643726], [-91.844039, 18.643814], [-91.844076, 18.643899], [-91.8441, 18.643954], [-91.844123, 18.644027], [-91.844158, 18.644109], [-91.844177, 18.644207], [-91.844201, 18.644282], [-91.844226, 18.64434], [-91.844248, 18.644384], [-91.844258, 18.644423], [-91.844315, 18.64444], [-91.844605, 18.644433], [-91.844595, 18.644538], [-91.844514, 18.644579], [-91.844485, 18.644498], [-91.844341, 18.644498], [-91.84413, 18.644699], [-91.843931, 18.644974], [-91.843616, 18.645086], [-91.843621, 18.645176], [-91.843668, 18.645353], [-91.843557, 18.645359], [-91.843664, 18.645707], [-91.843764, 18.645704], [-91.843834, 18.645918], [-91.843894, 18.645994], [-91.843981, 18.646418], [-91.843846, 18.646571], [-91.843674, 18.646652], [-91.843509, 18.646778], [-91.84305, 18.647137], [-91.843012, 18.647097], [-91.842946, 18.647106], [-91.842673, 18.647256], [-91.842703, 18.647273], [-91.842845, 18.647183], [-91.842868, 18.647195], [-91.842848, 18.647224], [-91.842725, 18.647357], [-91.842534, 18.647451], [-91.842401, 18.647449], [-91.841759, 18.647794], [-91.841525, 18.647907], [-91.840976, 18.648151], [-91.840642, 18.648314], [-91.83997, 18.648617], [-91.839719, 18.648688], [-91.839361, 18.648839], [-91.839227, 18.648891], [-91.839239, 18.648859], [-91.839176, 18.648882], [-91.839199, 18.648921], [-91.839203, 18.648944], [-91.83926, 18.649088], [-91.839313, 18.64907], [-91.839281, 18.649042], [-91.839325, 18.649035], [-91.839353, 18.649036], [-91.839385, 18.649042], [-91.839461, 18.649022], [-91.839525, 18.649012], [-91.839627, 18.64901], [-91.839714, 18.648991], [-91.839799, 18.648967], [-91.839866, 18.648942], [-91.839939, 18.648918], [-91.840021, 18.648874], [-91.84008, 18.648852], [-91.840278, 18.648772], [-91.840439, 18.648737], [-91.840605, 18.648683], [-91.840644, 18.64867], [-91.840856, 18.648601], [-91.841365, 18.64839], [-91.841631, 18.648264], [-91.841858, 18.648221], [-91.842033, 18.648192], [-91.842115, 18.64817], [-91.842185, 18.648134], [-91.842286, 18.648086], [-91.842381, 18.648036], [-91.842469, 18.647983], [-91.842562, 18.647903], [-91.842662, 18.64781], [-91.842733, 18.647743], [-91.842764, 18.647705], [-91.842864, 18.647622], [-91.842984, 18.647551], [-91.84306, 18.64749], [-91.84325, 18.647383], [-91.843367, 18.647331], [-91.843466, 18.647315], [-91.843513, 18.647309], [-91.843621, 18.647282], [-91.843688, 18.647258], [-91.843826, 18.647164], [-91.843919, 18.647117], [-91.843963, 18.64711], [-91.845178, 18.646212], [-91.845328, 18.645908], [-91.846279, 18.644347], [-91.847422, 18.645066], [-91.846947, 18.645777], [-91.847305, 18.646004], [-91.847062, 18.646365], [-91.847434, 18.646584], [-91.84689, 18.647288], [-91.8466, 18.647109], [-91.845226, 18.649125], [-91.842499, 18.650369], [-91.842135, 18.649872], [-91.841074, 18.65036], [-91.843679, 18.655556], [-91.844549, 18.654858], [-91.842677, 18.651142], [-91.843712, 18.650682], [-91.845442, 18.654133], [-91.846324, 18.653425], [-91.844697, 18.650213], [-91.845708, 18.649756], [-91.846458, 18.651229], [-91.848381, 18.650327], [-91.848382, 18.650269], [-91.848554, 18.650209], [-91.848025, 18.649198], [-91.847872, 18.648789], [-91.847678, 18.648832], [-91.847136, 18.648437], [-91.847677, 18.647657], [-91.849005, 18.648501], [-91.849266, 18.648758], [-91.84971, 18.649058], [-91.849879, 18.648981], [-91.850359, 18.649126], [-91.850524, 18.649263], [-91.850676, 18.649581], [-91.85077, 18.649906], [-91.8508, 18.650244], [-91.850946, 18.650656], [-91.850887, 18.652108], [-91.850656, 18.653687], [-91.84996, 18.654901], [-91.848991, 18.656393], [-91.847271, 18.658373], [-91.846329, 18.659621], [-91.845114, 18.661147], [-91.844251, 18.661808], [-91.844112, 18.661467], [-91.843702, 18.660457], [-91.843467, 18.659879], [-91.843158, 18.659118], [-91.842827, 18.658304], [-91.84285, 18.658254], [-91.842897, 18.65819], [-91.84287, 18.65807], [-91.842777, 18.658029], [-91.842315, 18.656854], [-91.84191, 18.655835], [-91.841611, 18.655082], [-91.841579, 18.654999], [-91.841219, 18.654063], [-91.840891, 18.653209], [-91.84081, 18.653037], [-91.840148, 18.651312], [-91.840003, 18.650935], [-91.839775, 18.650339], [-91.839757, 18.650291], [-91.839525, 18.649689], [-91.838549, 18.650116], [-91.83752, 18.650567], [-91.836991, 18.650788], [-91.836656, 18.650972], [-91.835793, 18.651444], [-91.83578, 18.651398], [-91.835601, 18.650761], [-91.835521, 18.650475], [-91.8355, 18.650406], [-91.835467, 18.650316], [-91.835453, 18.650279], [-91.835444, 18.650254], [-91.835437, 18.650235], [-91.835352, 18.65004], [-91.83526, 18.649832], [-91.834996, 18.649125], [-91.834703, 18.64834], [-91.834403, 18.647537], [-91.835953, 18.647022], [-91.838253, 18.646259], [-91.837945, 18.645447], [-91.837658, 18.644692], [-91.837594, 18.644652], [-91.837313, 18.643938], [-91.836951, 18.643015], [-91.836707, 18.642394], [-91.836296, 18.641311], [-91.835999, 18.640528], [-91.835585, 18.639433], [-91.835069, 18.639588], [-91.834647, 18.639716], [-91.834277, 18.639827], [-91.833904, 18.63994], [-91.833811, 18.640072], [-91.833313, 18.640778], [-91.833136, 18.641029], [-91.832815, 18.641484], [-91.832325, 18.642178], [-91.831824, 18.642889], [-91.831096, 18.642343], [-91.829428, 18.641063], [-91.828427, 18.640295], [-91.827876, 18.639876], [-91.82734, 18.639467], [-91.827098, 18.639282], [-91.825948, 18.638402], [-91.825428, 18.637997], [-91.824091, 18.637006], [-91.824008, 18.636945], [-91.823953, 18.636903], [-91.823277, 18.636405], [-91.82394, 18.635199], [-91.822818, 18.635176], [-91.822454, 18.635169], [-91.822076, 18.635161], [-91.821897, 18.635158], [-91.821928, 18.635522], [-91.82187, 18.635568], [-91.821595, 18.635377], [-91.82153, 18.635326], [-91.821501, 18.635298], [-91.821445, 18.635265], [-91.821401, 18.635226], [-91.821353, 18.635247], [-91.821203, 18.635212], [-91.821201, 18.635169], [-91.821204, 18.635105], [-91.821236, 18.635039], [-91.821281, 18.634952], [-91.821302, 18.63489], [-91.821333, 18.634866], [-91.821325, 18.634838], [-91.821427, 18.634629], [-91.821495, 18.63454], [-91.821597, 18.634478], [-91.821628, 18.634447], [-91.821732, 18.634381], [-91.821775, 18.634383], [-91.821833, 18.634341], [-91.821847, 18.634294], [-91.82187, 18.634262], [-91.821879, 18.634202], [-91.821875, 18.634125], [-91.821907, 18.634027], [-91.821986, 18.633991], [-91.822047, 18.633942], [-91.822077, 18.633871], [-91.822216, 18.6338], [-91.822386, 18.633685], [-91.822469, 18.633641], [-91.822649, 18.633612], [-91.822847, 18.633564], [-91.823049, 18.633526], [-91.823252, 18.63344], [-91.823494, 18.633202], [-91.823477, 18.633141], [-91.823085, 18.633213], [-91.823093, 18.633251], [-91.823051, 18.633267], [-91.823027, 18.633147], [-91.823066, 18.633133], [-91.823078, 18.633178], [-91.823472, 18.633112], [-91.823427, 18.63295], [-91.82305, 18.633016], [-91.823054, 18.63307], [-91.823022, 18.633074], [-91.823011, 18.632941], [-91.823043, 18.632941], [-91.823048, 18.632993], [-91.823427, 18.632925], [-91.823391, 18.632756], [-91.823019, 18.632821], [-91.823024, 18.632861], [-91.822985, 18.632868], [-91.822968, 18.632739], [-91.823008, 18.632734], [-91.823024, 18.632788], [-91.823379, 18.632723], [-91.823346, 18.632568], [-91.822996, 18.63261], [-91.823006, 18.632655], [-91.822961, 18.632666], [-91.822943, 18.632539], [-91.822987, 18.632535], [-91.822999, 18.632582], [-91.823339, 18.63253], [-91.823315, 18.632368], [-91.822985, 18.632406], [-91.822992, 18.632446], [-91.822963, 18.632455], [-91.822944, 18.632335], [-91.822971, 18.632329], [-91.822983, 18.632373], [-91.823315, 18.632333], [-91.823292, 18.632164], [-91.822967, 18.632197], [-91.822969, 18.632247], [-91.822935, 18.632258], [-91.822916, 18.632131], [-91.822953, 18.632125], [-91.822957, 18.632171], [-91.823282, 18.632127], [-91.823242, 18.63196], [-91.822995, 18.631996], [-91.822934, 18.631998], [-91.822946, 18.632049], [-91.822911, 18.632054], [-91.822895, 18.631937], [-91.822925, 18.631932], [-91.822932, 18.631953], [-91.822991, 18.631963], [-91.823232, 18.631915], [-91.823184, 18.631763], [-91.823022, 18.631769], [-91.823024, 18.631818], [-91.822999, 18.631822], [-91.822983, 18.631717], [-91.823005, 18.631705], [-91.823014, 18.631745], [-91.823167, 18.631716], [-91.823114, 18.631572], [-91.822978, 18.631604], [-91.822993, 18.631642], [-91.822971, 18.631653], [-91.822932, 18.631552], [-91.822959, 18.631543], [-91.822976, 18.631581], [-91.823102, 18.631542], [-91.823051, 18.63138], [-91.822938, 18.631412], [-91.82295, 18.631454], [-91.822918, 18.631461], [-91.822884, 18.63135], [-91.822919, 18.631341], [-91.822938, 18.631384], [-91.823049, 18.631356], [-91.823008, 18.631255], [-91.822969, 18.631149], [-91.822933, 18.63103], [-91.822924, 18.630969], [-91.822986, 18.630899], [-91.823038, 18.63085], [-91.823149, 18.630743], [-91.823463, 18.630466], [-91.823624, 18.630324], [-91.823802, 18.630175], [-91.824269, 18.629866], [-91.824639, 18.628686], [-91.824664, 18.628609], [-91.824654, 18.628551], [-91.82465, 18.628457], [-91.826329, 18.627794], [-91.826655, 18.627963], [-91.826546, 18.628145], [-91.82636, 18.628059], [-91.826315, 18.62808], [-91.826222, 18.628096], [-91.826148, 18.628143], [-91.826103, 18.628191], [-91.826051, 18.628269], [-91.826011, 18.628339], [-91.825959, 18.628406], [-91.825931, 18.62846], [-91.825887, 18.628518], [-91.825899, 18.628561], [-91.825921, 18.628594], [-91.825901, 18.628661], [-91.825888, 18.628678], [-91.825851, 18.62868], [-91.825777, 18.628726], [-91.825658, 18.628822], [-91.825528, 18.628891], [-91.825382, 18.629001], [-91.825189, 18.62914], [-91.825073, 18.629235], [-91.82504, 18.629338], [-91.825049, 18.62943], [-91.825053, 18.629556], [-91.825092, 18.629686], [-91.825115, 18.62985], [-91.825139, 18.629904], [-91.825215, 18.630008], [-91.825286, 18.630097], [-91.825446, 18.629995], [-91.825488, 18.630016], [-91.825322, 18.63014], [-91.825376, 18.630196], [-91.825484, 18.630187], [-91.825617, 18.630137], [-91.82572, 18.630132], [-91.825769, 18.630193], [-91.825805, 18.630249], [-91.825829, 18.630211], [-91.825885, 18.630166], [-91.82598, 18.630319], [-91.826029, 18.630313], [-91.826135, 18.630297], [-91.826268, 18.630272], [-91.826408, 18.630259], [-91.826568, 18.63026], [-91.826674, 18.630296], [-91.826809, 18.630334], [-91.826944, 18.63037], [-91.82715, 18.630369], [-91.827181, 18.630266], [-91.827545, 18.630254], [-91.827564, 18.630289], [-91.827999, 18.630358], [-91.82808, 18.63033], [-91.828397, 18.630419], [-91.828426, 18.63045], [-91.828652, 18.630447], [-91.828694, 18.630447], [-91.828856, 18.630478], [-91.829169, 18.630492], [-91.82925, 18.630497], [-91.82928, 18.630436], [-91.8293, 18.630373], [-91.829332, 18.630333], [-91.829426, 18.630301], [-91.829437, 18.630374], [-91.829461, 18.630449], [-91.829545, 18.630508], [-91.829669, 18.630617], [-91.829775, 18.63062], [-91.829881, 18.630571], [-91.830268, 18.630424], [-91.830317, 18.630489], [-91.830148, 18.630678], [-91.830128, 18.630835], [-91.830098, 18.630873], [-91.830043, 18.630961], [-91.830114, 18.631018], [-91.830196, 18.630948], [-91.830265, 18.630892], [-91.830295, 18.630893], [-91.830324, 18.6309], [-91.83037, 18.630862], [-91.830388, 18.630853], [-91.830547, 18.630622], [-91.830689, 18.630752], [-91.830589, 18.630972], [-91.830696, 18.631125], [-91.830634, 18.631195], [-91.830632, 18.631244], [-91.830666, 18.631259], [-91.830684, 18.631272], [-91.830779, 18.631336], [-91.83083, 18.631341], [-91.830927, 18.631365], [-91.830989, 18.631365], [-91.831113, 18.631314], [-91.831152, 18.631416], [-91.831273, 18.631484], [-91.831368, 18.631367], [-91.831288, 18.63131], [-91.831309, 18.631263], [-91.831154, 18.631148], [-91.831216, 18.631095], [-91.831351, 18.631198], [-91.831378, 18.631181], [-91.831867, 18.631502], [-91.831845, 18.631538], [-91.832021, 18.631646], [-91.831943, 18.631714], [-91.831794, 18.631594], [-91.831759, 18.631636], [-91.831699, 18.631604], [-91.83167, 18.631635], [-91.831719, 18.631647], [-91.831777, 18.631677], [-91.831881, 18.631743], [-91.831919, 18.631858], [-91.831937, 18.631872], [-91.831974, 18.631894], [-91.832018, 18.63191], [-91.832107, 18.631821], [-91.832132, 18.631868], [-91.832087, 18.631916], [-91.832163, 18.631933], [-91.832227, 18.63198], [-91.83239, 18.632125], [-91.832467, 18.632196], [-91.832486, 18.632248], [-91.832562, 18.632273], [-91.832615, 18.632304], [-91.832667, 18.632339], [-91.832689, 18.63237], [-91.832719, 18.632408], [-91.832768, 18.632426], [-91.832807, 18.632469], [-91.832836, 18.632506], [-91.832872, 18.632553], [-91.832897, 18.632591], [-91.83292, 18.632632], [-91.832935, 18.632667], [-91.832967, 18.632695], [-91.83297, 18.632726], [-91.832974, 18.63275], [-91.833017, 18.63278], [-91.833035, 18.632818], [-91.833049, 18.632847], [-91.833069, 18.632875], [-91.8331, 18.632891], [-91.833121, 18.632917], [-91.83315, 18.632955], [-91.83317, 18.633], [-91.833262, 18.63295], [-91.83328, 18.632966], [-91.833188, 18.633019], [-91.833197, 18.633042], [-91.833222, 18.633069], [-91.833247, 18.633099], [-91.83329, 18.633141], [-91.833321, 18.63317], [-91.83333, 18.633203], [-91.833335, 18.633246], [-91.833354, 18.633291], [-91.833399, 18.633342], [-91.833444, 18.633423], [-91.833464, 18.63343], [-91.833493, 18.633458], [-91.833525, 18.633487], [-91.833556, 18.633526], [-91.833588, 18.633569], [-91.833618, 18.6336], [-91.833645, 18.633638], [-91.833642, 18.633664], [-91.833672, 18.633664], [-91.833674, 18.633694], [-91.833715, 18.633722], [-91.833748, 18.633748], [-91.833777, 18.633777], [-91.833813, 18.633805], [-91.833902, 18.633726], [-91.834033, 18.63386], [-91.833865, 18.634027], [-91.833928, 18.634093], [-91.834002, 18.63403], [-91.834076, 18.634004], [-91.834153, 18.634045], [-91.834206, 18.634123], [-91.834219, 18.634199], [-91.835115, 18.635056], [-91.835331, 18.63505], [-91.835712, 18.635159], [-91.835977, 18.635393], [-91.836075, 18.635724], [-91.836012, 18.635974], [-91.836104, 18.6361], [-91.836189, 18.636038], [-91.837094, 18.636982], [-91.83702, 18.637048], [-91.837188, 18.637218], [-91.837261, 18.637399], [-91.837498, 18.637724], [-91.837671, 18.637909], [-91.837754, 18.638013], [-91.837771, 18.638036], [-91.837852, 18.638073], [-91.837962, 18.638101], [-91.838084, 18.638147], [-91.838183, 18.638226], [-91.83825, 18.638312], [-91.838281, 18.638404], [-91.838292, 18.638489], [-91.838279, 18.638607], [-91.838262, 18.638703], [-91.838273, 18.638792], [-91.838326, 18.638917], [-91.838438, 18.639177], [-91.838462, 18.639302], [-91.838472, 18.639451], [-91.838492, 18.639465], [-91.838506, 18.639478], [-91.838527, 18.639508], [-91.838544, 18.639543], [-91.838557, 18.639613], [-91.838578, 18.63964], [-91.838839, 18.639975], [-91.838967, 18.640136], [-91.839023, 18.6402], [-91.83919, 18.640307], [-91.839391, 18.640344], [-91.839597, 18.640467], [-91.839675, 18.640488], [-91.839809, 18.640411], [-91.839827, 18.640467], [-91.839714, 18.640536], [-91.839718, 18.640633], [-91.83976, 18.640615], [-91.839783, 18.640655], [-91.839691, 18.640723], [-91.839709, 18.640736], [-91.839752, 18.640705], [-91.839804, 18.640694], [-91.839784, 18.640723], [-91.839839, 18.64071], [-91.839834, 18.64073], [-91.839763, 18.640762], [-91.839779, 18.640778], [-91.839808, 18.640775], [-91.839883, 18.640848]]], [[[-91.778445, 18.488615], [-91.777986, 18.488362], [-91.777293, 18.488271], [-91.777173, 18.4886], [-91.776597, 18.488511], [-91.77579, 18.488253], [-91.77533, 18.488083], [-91.775172, 18.487692], [-91.774994, 18.487252], [-91.775922, 18.487015], [-91.776044, 18.486521], [-91.776427, 18.485837], [-91.776856, 18.486365], [-91.777317, 18.486453], [-91.778011, 18.486462], [-91.778241, 18.486547], [-91.778818, 18.486636], [-91.779164, 18.486723], [-91.779513, 18.486562], [-91.77975, 18.486069], [-91.780104, 18.485577], [-91.780225, 18.485165], [-91.780228, 18.484917], [-91.780233, 18.484504], [-91.78047, 18.484094], [-91.780478, 18.483516], [-91.780715, 18.483023], [-91.780951, 18.482695], [-91.7813, 18.482534], [-91.781536, 18.482123], [-91.781889, 18.481714], [-91.782008, 18.481468], [-91.781896, 18.481136], [-91.7819, 18.480888], [-91.782135, 18.48056], [-91.782373, 18.480067], [-91.782608, 18.479739], [-91.782843, 18.479494], [-91.78308, 18.479001], [-91.783433, 18.478592], [-91.783666, 18.47843], [-91.784014, 18.478351], [-91.784247, 18.478188], [-91.784713, 18.477946], [-91.785061, 18.477867], [-91.78541, 18.477706], [-91.785641, 18.477709], [-91.785989, 18.47763], [-91.786339, 18.477387], [-91.786344, 18.476973], [-91.786234, 18.476559], [-91.786238, 18.476229], [-91.786476, 18.475736], [-91.786709, 18.475573], [-91.786944, 18.475328], [-91.787063, 18.475081], [-91.786721, 18.474664], [-91.786608, 18.474498], [-91.786374, 18.47466], [-91.785912, 18.474655], [-91.785684, 18.474404], [-91.785456, 18.474154], [-91.785347, 18.473656], [-91.785352, 18.473243], [-91.785478, 18.472501], [-91.785598, 18.472172], [-91.785834, 18.471762], [-91.78607, 18.471434], [-91.786303, 18.471271], [-91.786653, 18.471027], [-91.786889, 18.4707], [-91.787239, 18.470456], [-91.787472, 18.470293], [-91.787821, 18.470132], [-91.788047, 18.470548], [-91.788275, 18.470798], [-91.788039, 18.471126], [-91.787921, 18.47129], [-91.787803, 18.471537], [-91.787682, 18.471948], [-91.787446, 18.472276], [-91.78721, 18.472687], [-91.787089, 18.473098], [-91.787199, 18.473513], [-91.787312, 18.473679], [-91.787541, 18.473847], [-91.78778, 18.473272], [-91.78813, 18.473028], [-91.788131, 18.472945], [-91.78825, 18.472699], [-91.788368, 18.472535], [-91.788491, 18.471958], [-91.788844, 18.471466], [-91.788964, 18.471137], [-91.789198, 18.470892], [-91.789317, 18.470645], [-91.789665, 18.470567], [-91.789896, 18.470569], [-91.790358, 18.470657], [-91.790588, 18.470743], [-91.790817, 18.470911], [-91.791159, 18.471245], [-91.791154, 18.471658], [-91.79092, 18.471904], [-91.790915, 18.472234], [-91.791143, 18.472485], [-91.791489, 18.472571], [-91.791949, 18.472742], [-91.792177, 18.472992], [-91.792288, 18.473324], [-91.792515, 18.473657], [-91.792853, 18.474405], [-91.792966, 18.474572], [-91.793076, 18.474986], [-91.792957, 18.475233], [-91.792612, 18.475146], [-91.792264, 18.475225], [-91.792148, 18.475223], [-91.791916, 18.475303], [-91.791678, 18.475796], [-91.791908, 18.475882], [-91.79237, 18.47597], [-91.792716, 18.475974], [-91.793063, 18.475978], [-91.793527, 18.4759], [-91.79387, 18.476152], [-91.794217, 18.476156], [-91.794679, 18.476244], [-91.795023, 18.476414], [-91.795483, 18.476584], [-91.795826, 18.476919], [-91.795936, 18.477333], [-91.795934, 18.477498], [-91.795928, 18.477994], [-91.79581, 18.478158], [-91.795462, 18.478237], [-91.795116, 18.47815], [-91.794766, 18.478394], [-91.794531, 18.478722], [-91.79464, 18.479219], [-91.794865, 18.479717], [-91.79509, 18.480133], [-91.795318, 18.480384], [-91.795548, 18.480551], [-91.796002, 18.481135], [-91.796227, 18.481634], [-91.796448, 18.482463], [-91.796318, 18.483535], [-91.796195, 18.484112], [-91.796071, 18.484772], [-91.795943, 18.485679], [-91.795819, 18.486339], [-91.795693, 18.487164], [-91.795455, 18.487657], [-91.79522, 18.487985], [-91.795095, 18.488644], [-91.794744, 18.488971], [-91.794393, 18.489297], [-91.793929, 18.489457], [-91.793922, 18.489953], [-91.793801, 18.490365], [-91.793679, 18.490859], [-91.793442, 18.49127], [-91.793088, 18.491844], [-91.792851, 18.492254], [-91.7925, 18.492581], [-91.791337, 18.493146], [-91.79076, 18.493056], [-91.790184, 18.492884], [-91.789267, 18.492212], [-91.787769, 18.491864], [-91.786501, 18.491519], [-91.785235, 18.491091], [-91.784314, 18.49075], [-91.783512, 18.490245], [-91.782938, 18.489907], [-91.782365, 18.489487], [-91.781905, 18.489317], [-91.781331, 18.48898], [-91.780755, 18.488808], [-91.780291, 18.488967], [-91.779941, 18.489211], [-91.779363, 18.489204], [-91.779133, 18.489036], [-91.778907, 18.488703], [-91.778445, 18.488615]]]]}, "properties": {"numero": 20, "etiqueta": "Distrito local 20"}}, {"type": "Feature", "geometry": {"type": "MultiPolygon", "coordinates": [[[[-90.156538, 19.031375], [-90.156527, 19.049236], [-89.996114, 19.023531], [-90.00695, 19.053414], [-89.929661, 19.028661], [-89.929822, 19.024767], [-89.889666, 19.026646], [-89.777549, 19.031833], [-89.772274, 19.064831], [-89.719885, 19.063698], [-89.693974, 19.063133], [-89.666667, 19.06192], [-89.614282, 19.059903], [-89.58811, 19.059997], [-89.584352, 19.098156], [-89.575712, 19.162023], [-89.480549, 19.152646], [-89.482133, 19.134513], [-89.479685, 19.134468], [-89.479336, 19.113066], [-89.476964, 19.0], [-89.477112, 18.954892], [-89.477121, 18.952231], [-89.414283, 18.955227], [-89.369033, 18.957083], [-89.30143, 18.953289], [-89.301084, 18.95327], [-89.250057, 18.955696], [-89.250082, 18.940174], [-89.250103, 18.92664], [-89.250107, 18.924067], [-89.250117, 18.917505], [-89.252735, 18.908838], [-89.25313, 18.907532], [-89.256895, 18.89508], [-89.259776, 18.885544], [-89.264723, 18.871587], [-89.225166, 18.853371], [-89.15207, 18.846456], [-89.166847, 18.834209], [-89.167278, 18.819074], [-89.16783, 18.79964], [-89.154647, 18.78322], [-89.152151, 18.780111], [-89.152541, 18.758034], [-89.152454, 18.739429], [-89.15175, 18.690871], [-89.151702, 18.643162], [-89.151701, 18.642428], [-89.151696, 18.637857], [-89.151675, 18.618379], [-89.151658, 18.602516], [-89.151619, 18.566739], [-89.151533, 18.493903], [-89.151869, 18.475283], [-89.120439, 18.471499], [-89.113763, 18.437769], [-89.109201, 18.414717], [-89.109774, 18.414134], [-89.110755, 18.41413], [-89.111735, 18.414125], [-89.113471, 18.414863], [-89.114276, 18.414569], [-89.115082, 18.414275], [-89.116458, 18.413191], [-89.118065, 18.412024], [-89.118866, 18.411108], [-89.120019, 18.41102], [-89.121402, 18.410765], [-89.123359, 18.410175], [-89.125192, 18.408426], [-89.127143, 18.407008], [-89.129321, 18.405009], [-89.131388, 18.403673], [-89.133927, 18.403827], [-89.136004, 18.403983], [-89.138305, 18.403143], [-89.138873, 18.401897], [-89.139429, 18.398911], [-89.141591, 18.394757], [-89.143874, 18.391432], [-89.147089, 18.389344], [-89.151671, 18.38493], [-89.15125, 18.334133], [-89.150705, 18.268506], [-89.15077, 18.266086], [-89.150785, 18.263725], [-89.150803, 18.260906], [-89.150821, 18.257826], [-89.150866, 18.249927], [-89.150962, 18.232849], [-89.151208, 18.189158], [-89.15143, 18.149576], [-89.151508, 18.135543], [-89.151514, 18.134441], [-89.151546, 18.122542], [-89.151591, 18.105879], [-89.151653, 18.082848], [-89.151665, 18.078425], [-89.151811, 18.017026], [-89.151842, 18.007352], [-89.151845, 18.006277], [-89.1519, 17.988899], [-89.152006, 17.973769], [-89.15211, 17.958887], [-89.152022, 17.940462], [-89.152025, 17.939419], [-89.152002, 17.934578], [-89.152013, 17.815636], [-89.208454, 17.815567], [-89.256494, 17.815495], [-89.414562, 17.815177], [-89.603539, 17.814564], [-89.999967, 17.81568], [-90.115377, 17.815326], [-90.120629, 17.815308], [-90.133678, 17.815263], [-90.166703, 17.815146], [-90.245521, 17.814722], [-90.2455, 17.815786], [-90.243756, 17.866672], [-90.240282, 17.967752], [-90.238593, 18.01677], [-90.236606, 18.074353], [-90.235545, 18.10504], [-90.236703, 18.167056], [-90.248812, 18.166926], [-90.283035, 18.166454], [-90.283636, 18.198722], [-90.397413, 18.19756], [-90.39316, 18.217349], [-90.372088, 18.317425], [-90.345396, 18.44396], [-90.467257, 18.443581], [-90.471036, 18.443565], [-90.483254, 18.443511], [-90.505304, 18.443412], [-90.508789, 18.443396], [-90.511863, 18.443382], [-90.518616, 18.44335], [-90.553797, 18.443184], [-90.625196, 18.442827], [-90.624482, 18.443802], [-90.62377, 18.444365], [-90.623238, 18.444767], [-90.622763, 18.44517], [-90.62241, 18.445369], [-90.62177, 18.445479], [-90.620903, 18.44546], [-90.620098, 18.445319], [-90.619519, 18.445348], [-90.618886, 18.445252], [-90.618189, 18.44536], [-90.617715, 18.445722], [-90.617359, 18.446004], [-90.616886, 18.446366], [-90.616357, 18.446643], [-90.615833, 18.446756], [-90.615367, 18.44687], [-90.614726, 18.447021], [-90.614319, 18.447095], [-90.613795, 18.447208], [-90.613551, 18.447616], [-90.61337, 18.44786], [-90.61313, 18.448144], [-90.612996, 18.448761], [-90.613038, 18.449258], [-90.613142, 18.449632], [-90.613301, 18.450132], [-90.613343, 18.450629], [-90.613439, 18.451292], [-90.613421, 18.45187], [-90.613407, 18.452325], [-90.613502, 18.452988], [-90.613594, 18.453776], [-90.613631, 18.454438], [-90.61367, 18.455058], [-90.613767, 18.455681], [-90.613915, 18.45651], [-90.613947, 18.457338], [-90.613873, 18.457874], [-90.613913, 18.458453], [-90.613899, 18.458907], [-90.613825, 18.459443], [-90.613747, 18.460103], [-90.613559, 18.460553], [-90.613318, 18.460879], [-90.613134, 18.461205], [-90.613123, 18.461577], [-90.613112, 18.461949], [-90.613103, 18.462238], [-90.613266, 18.462572], [-90.613604, 18.462869], [-90.614055, 18.463251], [-90.614395, 18.463465], [-90.614738, 18.463596], [-90.61502, 18.46385], [-90.615359, 18.464106], [-90.615869, 18.464447], [-90.616094, 18.464659], [-90.616428, 18.465079], [-90.616591, 18.465414], [-90.616636, 18.465828], [-90.616683, 18.466201], [-90.616729, 18.466574], [-90.61674, 18.470115], [-90.61677, 18.479927], [-90.608797, 18.479964], [-90.604289, 18.479984], [-90.592407, 18.480038], [-90.592163, 18.490286], [-90.591913, 18.500767], [-90.587863, 18.500773], [-90.587521, 18.501683], [-90.587525, 18.502427], [-90.587181, 18.502966], [-90.586722, 18.503629], [-90.58632, 18.504292], [-90.586439, 18.504829], [-90.586152, 18.505161], [-90.58569, 18.505329], [-90.585635, 18.505825], [-90.585753, 18.506237], [-90.585524, 18.506693], [-90.585006, 18.507274], [-90.584547, 18.507896], [-90.583683, 18.508686], [-90.583048, 18.508896], [-90.582355, 18.509148], [-90.581838, 18.509811], [-90.581553, 18.510433], [-90.58115, 18.510889], [-90.580401, 18.511431], [-90.580116, 18.512217], [-90.579079, 18.512966], [-90.577869, 18.513841], [-90.577061, 18.514258], [-90.576366, 18.514014], [-90.575728, 18.513687], [-90.575148, 18.513443], [-90.574337, 18.5132], [-90.573236, 18.512834], [-90.571908, 18.51342], [-90.571103, 18.514292], [-90.570703, 18.515079], [-90.569957, 18.51624], [-90.569095, 18.517442], [-90.568523, 18.518519], [-90.567951, 18.519762], [-90.567377, 18.520674], [-90.566804, 18.521627], [-90.566233, 18.523117], [-90.565426, 18.523658], [-90.564965, 18.524074], [-90.564564, 18.524778], [-90.564509, 18.525357], [-90.564397, 18.52606], [-90.564112, 18.526722], [-90.563709, 18.527096], [-90.563131, 18.527347], [-90.562555, 18.527805], [-90.561923, 18.528552], [-90.561233, 18.529299], [-90.560484, 18.530006], [-90.559909, 18.530628], [-90.559393, 18.531581], [-90.559281, 18.532243], [-90.559055, 18.533318], [-90.559118, 18.534144], [-90.559526, 18.534802], [-90.560339, 18.535417], [-90.560862, 18.53591], [-90.560692, 18.536448], [-90.560579, 18.536985], [-90.560351, 18.53773], [-90.560124, 18.538558], [-90.560069, 18.539177], [-90.559957, 18.53988], [-90.559787, 18.540501], [-90.55979, 18.540996], [-90.559562, 18.541741], [-90.559042, 18.541868], [-90.55858, 18.542077], [-90.558063, 18.542699], [-90.558124, 18.543236], [-90.558473, 18.543647], [-90.558822, 18.544099], [-90.559173, 18.544676], [-90.559407, 18.545294], [-90.559295, 18.545997], [-90.559184, 18.546824], [-90.559189, 18.547774], [-90.55925, 18.548434], [-90.559659, 18.549258], [-90.559836, 18.549876], [-90.559723, 18.550455], [-90.559555, 18.551489], [-90.559675, 18.552356], [-90.559967, 18.55285], [-90.560433, 18.553343], [-90.560841, 18.553919], [-90.561134, 18.554619], [-90.56131, 18.555155], [-90.562026, 18.55924], [-90.562203, 18.559942], [-90.562032, 18.560479], [-90.561687, 18.560853], [-90.561284, 18.56131], [-90.560882, 18.561849], [-90.560596, 18.562387], [-90.560309, 18.562967], [-90.560255, 18.563711], [-90.5602, 18.564166], [-90.559624, 18.564706], [-90.55922, 18.564832], [-90.558816, 18.565123], [-90.558529, 18.565538], [-90.558009, 18.565623], [-90.557372, 18.565544], [-90.556388, 18.565591], [-90.555579, 18.565719], [-90.554829, 18.566054], [-90.553906, 18.566679], [-90.553272, 18.567219], [-90.552755, 18.567841], [-90.552702, 18.568916], [-90.552649, 18.569783], [-90.552481, 18.570899], [-90.552139, 18.571934], [-90.551913, 18.573009], [-90.551687, 18.57396], [-90.551572, 18.575292], [-90.569602, 18.575838], [-90.56989, 18.575847], [-90.570681, 18.575871], [-90.570908, 18.575878], [-90.571055, 18.575871], [-90.571429, 18.575854], [-90.571642, 18.575845], [-90.571949, 18.575831], [-90.572989, 18.575453], [-90.57316, 18.575366], [-90.573752, 18.575062], [-90.574439, 18.57497], [-90.574556, 18.57497], [-90.574722, 18.57497], [-90.577598, 18.574974], [-90.579208, 18.574961], [-90.584783, 18.574916], [-90.585652, 18.574817], [-90.585774, 18.574803], [-90.586468, 18.574675], [-90.587046, 18.574548], [-90.587856, 18.574585], [-90.588314, 18.574819], [-90.588494, 18.574911], [-90.589363, 18.575154], [-90.590174, 18.575232], [-90.59221, 18.575366], [-90.600696, 18.575923], [-90.601612, 18.575983], [-90.601944, 18.576005], [-90.60233, 18.57603], [-90.6026, 18.576114], [-90.602927, 18.576217], [-90.603338, 18.576345], [-90.613328, 18.579462], [-90.61363, 18.579557], [-90.613914, 18.579645], [-90.614156, 18.579721], [-90.614248, 18.579724], [-90.633248, 18.580438], [-90.633583, 18.580451], [-90.634125, 18.580471], [-90.634468, 18.579684], [-90.634753, 18.579022], [-90.634865, 18.578319], [-90.63492, 18.577823], [-90.635033, 18.577285], [-90.63503, 18.576831], [-90.635144, 18.576458], [-90.6352, 18.576086], [-90.656035, 18.576499], [-90.658229, 18.576927], [-90.659796, 18.577232], [-90.65984, 18.577241], [-90.660554, 18.57738], [-90.664086, 18.577854], [-90.667372, 18.576944], [-90.679782, 18.579122], [-90.675407, 18.59788], [-90.674773, 18.59834], [-90.674752, 18.598426], [-90.674684, 18.598701], [-90.672525, 18.607388], [-90.675541, 18.607902], [-90.675486, 18.608317], [-90.675664, 18.608895], [-90.676134, 18.609679], [-90.676773, 18.609922], [-90.677468, 18.609958], [-90.678222, 18.610076], [-90.678745, 18.610279], [-90.678866, 18.611023], [-90.678928, 18.611437], [-90.678641, 18.611895], [-90.678062, 18.611941], [-90.677425, 18.611905], [-90.676614, 18.611953], [-90.675572, 18.612003], [-90.674298, 18.612054], [-90.673256, 18.612187], [-90.672046, 18.613067], [-90.671648, 18.613981], [-90.67171, 18.614602], [-90.671599, 18.615224], [-90.671139, 18.615684], [-90.670564, 18.616227], [-90.669988, 18.616646], [-90.669414, 18.617396], [-90.669016, 18.618352], [-90.668618, 18.619349], [-90.668511, 18.620468], [-90.667877, 18.621012], [-90.667187, 18.62168], [-90.666756, 18.705263], [-90.641871, 18.693401], [-90.55501, 18.688962], [-90.55492, 18.677394], [-90.533369, 18.574798], [-90.517923, 18.573993], [-90.517299, 18.573961], [-90.516067, 18.573916], [-90.516021, 18.574414], [-90.516007, 18.574741], [-90.509777, 18.574454], [-90.509838, 18.573991], [-90.509149, 18.573969], [-90.494654, 18.573512], [-90.484907, 18.573187], [-90.473332, 18.5728], [-90.468534, 18.763567], [-90.468064, 18.778126], [-90.466656, 18.816682], [-90.359619, 18.804303], [-90.333382, 18.801259], [-90.317035, 18.801222], [-90.29966, 18.801181], [-90.300123, 18.917375], [-90.300164, 18.92777], [-90.25145, 18.920995], [-90.172481, 18.909984], [-90.170676, 18.909732], [-90.169701, 18.909596], [-90.168612, 18.909444], [-90.167617, 18.909304], [-90.166444, 18.909141], [-90.165252, 18.908974], [-90.161046, 18.908387], [-90.158943, 18.908093], [-90.157891, 18.907946], [-90.15684, 18.907799], [-90.153299, 18.940283], [-90.14796, 18.94], [-90.147676, 18.911914], [-90.147705, 18.908302], [-90.144734, 18.908299], [-90.100472, 18.90825], [-90.100009, 18.951889], [-90.134442, 18.953025], [-90.134625, 18.989728], [-90.152346, 18.990036], [-90.152189, 19.000754], [-90.152096, 19.021456], [-90.156665, 19.021513], [-90.156538, 19.031375]]]]}, "properties": {"numero": 21, "etiqueta": "Distrito local 21"}}]}