{"type":"FeatureCollection","metadata":{"nombre":"Límite estatal de Campeche","fuente":"INEGI — Marco Geoestadístico 2024","fecha_corte":"2024-08","crs_origen":"EPSG:6372 (Mexico ITRF2008 / LCC)","total":1,"procedencia":"dato","generado_por":"frontend/data/geo/build_inegi.py","nota_regeneracion":"No regenerable hoy: el shapefile del Marco Geoestadístico no está en el repositorio y build_inegi.py necesita pyshp y pyproj, que tampoco. Este archivo se produjo cuando ambos estaban. Ver frontend/data/geo/PENDIENTE-INEGI-INE.md."},"features":[{"type":"Feature","properties":{"cvegeo":"04","cve_ent":"04","fuente":"INEGI — Marco Geoestadístico 2024","fecha_corte":"2024-08","nombre":"Campeche"},"geometry":{"type":"MultiPolygon","coordinates":[[[[-91.9565,20.197],[-91.95661,20.19703],[-91.95673,20.19706],[-91.95692,20.19707],[-91.95703,20.19704],[-91.95724,20.197],[-91.95741,20.19695],[-91.95771,20.19681],[-91.95774,20.19674],[-91.95772,20.19668],[-91.95752,20.19661],[-91.95729,20.19654],[-91.95699,20.19642],[-91.95675,20.19634],[-91.95657,20.19624],[-91.95642,20.19607],[-91.95628,20.19596],[-91.95603,20.19593],[-91.95579,20.19596],[-91.95562,20.19604],[-91.95546,20.19611],[-91.95541,20.19621],[-91.95536,20.19632],[-91.95538,20.19643],[-91.95547,20.19653],[-91.95555,20.19659],[-91.95561,20.19661],[-91.95574,20.19668],[-91.95589,20.19677],[-91.95603,20.19686],[-91.95613,20.19693],[-91.95622,20.19697],[-91.95636,20.19697],[-91.9565,20.197]]],[[[-91.97847,20.20404],[-91.97863,20.20408],[-91.97878,20.2041],[-91.97889,20.20409],[-91.97893,20.20407],[-91.97896,20.20403],[-91.97895,20.20399],[-91.97892,20.20398],[-91.97881,20.204],[-91.97878,20.204],[-91.97868,20.20398],[-91.97856,20.20394],[-91.97845,20.2039],[-91.97834,20.20385],[-91.97824,20.20378],[-91.97819,20.2037],[-91.97812,20.20363],[-91.97802,20.20359],[-91.97791,20.20351],[-91.97782,20.20344],[-91.97772,20.20337],[-91.97761,20.20329],[-91.97751,20.20319],[-91.97742,20.20312],[-91.97734,20.20302],[-91.97727,20.20294],[-91.97719,20.20284],[-91.97714,20.20274],[-91.97707,20.2026],[-91.97703,20.2025],[-91.97699,20.20247],[-91.97691,20.20247],[-91.97683,20.2025],[-91.97676,20.20254],[-91.97664,20.20266],[-91.97655,20.20277],[-91.97647,20.20295],[-91.97645,20.20306],[-91.97649,20.20314],[-91.97656,20.20319],[-91.97666,20.20323],[-91.97678,20.20325],[-91.97691,20.20328],[-91.97707,20.20334],[-91.97715,20.20338],[-91.97725,20.20344],[-91.97735,20.20346],[-91.97746,20.20346],[-91.97754,20.20346],[-91.97766,20.20347],[-91.97777,20.20352],[-91.97784,20.20357],[-91.9779,20.20362],[-91.97802,20.20371],[-91.97814,20.2038],[-91.97823,20.2039],[-91.97831,20.20397],[-91.97847,20.20404]]],[[[-91.96312,20.20172],[-91.96277,20.20174],[-91.9627,20.20174],[-91.96233,20.20187],[-91.96204,20.20198],[-91.96175,20.20206],[-91.96146,20.20215],[-91.96132,20.20242],[-91.96128,20.20267],[-91.96116,20.20279],[-91.96109,20.20294],[-91.96105,20.20319],[-91.96101,20.20348],[-91.96104,20.20368],[-91.96114,20.20391],[-91.96122,20.20422],[-91.96132,20.20448],[-91.9614,20.20477],[-91.96147,20.20515],[-91.96147,20.20544],[-91.96144,20.20576],[-91.96136,20.20597],[-91.96133,20.20615],[-91.96138,20.20632],[-91.9614,20.20659],[-91.96137,20.20688],[-91.96127,20.20713],[-91.96114,20.20735],[-91.961,20.20752],[-91.96112,20.20769],[-91.96154,20.208],[-91.96196,20.20827],[-91.96232,20.20862],[-91.9624,20.20839],[-91.96245,20.20795],[-91.96244,20.20736],[-91.96243,20.2068],[-91.96246,20.20611],[-91.96256,20.20558],[-91.96271,20.20502],[-91.96292,20.20443],[-91.9632,20.20385],[-91.96346,20.20319],[-91.96363,20.20297],[-91.96384,20.2028],[-91.96401,20.20258],[-91.96411,20.20241],[-91.96406,20.20224],[-91.96382,20.20197],[-91.96341,20.2017],[-91.96312,20.20172]]],[[[-90.49716,20.3423],[-90.49715,20.34232],[-90.49706,20.34251],[-90.49703,20.34252],[-90.49688,20.34258],[-90.49677,20.3426],[-90.49663,20.34265],[-90.49661,20.34266],[-90.49654,20.34271],[-90.49652,20.34272],[-90.49637,20.3428],[-90.49636,20.3428],[-90.4963,20.34287],[-90.49617,20.34308],[-90.49615,20.34322],[-90.49623,20.34332],[-90.49622,20.34346],[-90.49626,20.34359],[-90.49631,20.34371],[-90.49642,20.34381],[-90.49654,20.34391],[-90.49664,20.344],[-90.49671,20.3441],[-90.49676,20.34416],[-90.49685,20.34424],[-90.497,20.34429],[-90.4972,20.34442],[-90.49744,20.34445],[-90.49757,20.34444],[-90.49784,20.34443],[-90.49798,20.34442],[-90.4982,20.34438],[-90.49833,20.34435],[-90.49847,20.34429],[-90.49867,20.3442],[-90.49869,20.34419],[-90.49879,20.34411],[-90.49887,20.34399],[-90.49895,20.34385],[-90.49898,20.34371],[-90.499,20.34355],[-90.49901,20.34336],[-90.49892,20.3432],[-90.49883,20.34307],[-90.49871,20.34294],[-90.49858,20.34281],[-90.49841,20.34267],[-90.49823,20.34256],[-90.49808,20.34246],[-90.49785,20.34238],[-90.49735,20.34231],[-90.49716,20.3423]]],[[[-90.4704,20.62146],[-90.47036,20.62166],[-90.47025,20.62197],[-90.4703,20.62217],[-90.47026,20.62241],[-90.4702,20.6229],[-90.47016,20.62332],[-90.47014,20.62356],[-90.47014,20.62394],[-90.47017,20.62405],[-90.47019,20.62433],[-90.47015,20.62461],[-90.47,20.62481],[-90.4699,20.62542],[-90.4698,20.62615],[-90.46947,20.62665],[-90.4694,20.62688],[-90.46915,20.6271],[-90.46898,20.62765],[-90.46918,20.62797],[-90.46895,20.62821],[-90.46889,20.62904],[-90.46883,20.62926],[-90.46875,20.62971],[-90.46873,20.63001],[-90.46871,20.63068],[-90.46861,20.6311],[-90.46859,20.63138],[-90.46839,20.63223],[-90.46805,20.63294],[-90.46774,20.63353],[-90.46765,20.63373],[-90.46747,20.63444],[-90.46739,20.63481],[-90.46724,20.63523],[-90.46699,20.63568],[-90.46688,20.63586],[-90.46666,20.63679],[-90.46582,20.63865],[-90.46559,20.63938],[-90.46547,20.63993],[-90.46528,20.64033],[-90.46513,20.6408],[-90.46508,20.64149],[-90.46489,20.64203],[-90.46494,20.64242],[-90.46486,20.64308],[-90.46476,20.64421],[-90.46481,20.64447],[-90.46483,20.64478],[-90.46483,20.64494],[-90.46481,20.64528],[-90.46484,20.64548],[-90.4648,20.64589],[-90.4651,20.64639],[-90.46532,20.64669],[-90.46541,20.64717],[-90.46552,20.64737],[-90.46568,20.64769],[-90.46611,20.64838],[-90.46653,20.64908],[-90.46666,20.64966],[-90.4669,20.65],[-90.46714,20.65043],[-90.46738,20.65073],[-90.46766,20.65084],[-90.46787,20.65096],[-90.46805,20.65108],[-90.46811,20.65118],[-90.46837,20.65136],[-90.46852,20.6515],[-90.46887,20.65186],[-90.46913,20.65212],[-90.46924,20.65224],[-90.46948,20.6525],[-90.46956,20.65264],[-90.46963,20.65282],[-90.46965,20.65304],[-90.46965,20.65305],[-90.46965,20.65307],[-90.47033,20.65197],[-90.47041,20.65179],[-90.47058,20.65156],[-90.47073,20.65136],[-90.47081,20.6511],[-90.4709,20.65092],[-90.47098,20.65071],[-90.47104,20.65047],[-90.47106,20.65023],[-90.47099,20.64995],[-90.47099,20.64964],[-90.47099,20.64932],[-90.47087,20.64868],[-90.47079,20.64854],[-90.47087,20.64813],[-90.47104,20.64779],[-90.47105,20.64756],[-90.47097,20.64736],[-90.47085,20.6469],[-90.47072,20.64652],[-90.47061,20.64599],[-90.47039,20.64559],[-90.47024,20.64523],[-90.47042,20.64462],[-90.47048,20.64432],[-90.47048,20.64406],[-90.47041,20.64351],[-90.47051,20.64297],[-90.47068,20.64262],[-90.47076,20.64232],[-90.47089,20.64182],[-90.47103,20.64145],[-90.4712,20.64105],[-90.47147,20.64038],[-90.47155,20.63941],[-90.47167,20.63884],[-90.47167,20.63846],[-90.47168,20.63789],[-90.47191,20.63704],[-90.47208,20.6366],[-90.47226,20.63555],[-90.47238,20.63518],[-90.47251,20.63464],[-90.47252,20.63379],[-90.47264,20.63296],[-90.47276,20.63252],[-90.4728,20.63229],[-90.47284,20.63187],[-90.47299,20.63165],[-90.47303,20.63146],[-90.47311,20.63102],[-90.47332,20.63003],[-90.4735,20.62952],[-90.47359,20.6293],[-90.47378,20.62888],[-90.47388,20.62841],[-90.47414,20.6279],[-90.47415,20.62788],[-90.47428,20.62786],[-90.47428,20.62786],[-90.47434,20.62782],[-90.47449,20.62752],[-90.47457,20.62737],[-90.47461,20.62701],[-90.47476,20.62659],[-90.47488,20.6263],[-90.47497,20.6261],[-90.47503,20.62578],[-90.47509,20.62549],[-90.47526,20.62517],[-90.47541,20.62499],[-90.47566,20.62462],[-90.47574,20.62446],[-90.47595,20.62411],[-90.47599,20.62379],[-90.47618,20.62343],[-90.47629,20.62302],[-90.47647,20.62257],[-90.47675,20.62221],[-90.47681,20.62203],[-90.47681,20.62193],[-90.47695,20.62138],[-90.47729,20.62049],[-90.47743,20.6201],[-90.47758,20.61968],[-90.4781,20.6186],[-90.47825,20.61826],[-90.47826,20.61733],[-90.478,20.61721],[-90.47804,20.61665],[-90.47806,20.61624],[-90.47806,20.616],[-90.47805,20.61572],[-90.47809,20.61536],[-90.47813,20.61503],[-90.47834,20.6143],[-90.47821,20.6139],[-90.4781,20.61364],[-90.47794,20.61316],[-90.47785,20.61286],[-90.47787,20.61249],[-90.47778,20.61213],[-90.47751,20.61102],[-90.47744,20.61032],[-90.47739,20.61008],[-90.47731,20.60983],[-90.47711,20.60943],[-90.47683,20.60903],[-90.47659,20.60863],[-90.47621,20.60787],[-90.47602,20.60734],[-90.47582,20.60668],[-90.47558,20.60622],[-90.47532,20.606],[-90.47519,20.60584],[-90.47512,20.60564],[-90.47505,20.60534],[-90.47496,20.60499],[-90.47483,20.60451],[-90.47478,20.60409],[-90.47471,20.60306],[-90.4747,20.60268],[-90.47465,20.60203],[-90.47456,20.60179],[-90.47458,20.6011],[-90.47451,20.60056],[-90.47435,20.59971],[-90.47422,20.59953],[-90.47383,20.59921],[-90.47286,20.59882],[-90.4723,20.59876],[-90.47192,20.59856],[-90.47151,20.59849],[-90.47119,20.59845],[-90.47091,20.59839],[-90.4709,20.59841],[-90.47074,20.59896],[-90.47064,20.59961],[-90.47058,20.60003],[-90.47065,20.60049],[-90.47072,20.60096],[-90.47079,20.60124],[-90.47084,20.6019],[-90.47078,20.60243],[-90.47076,20.60287],[-90.47074,20.60308],[-90.47086,20.60378],[-90.47094,20.60398],[-90.47121,20.60436],[-90.47127,20.6044],[-90.47157,20.60458],[-90.47177,20.6047],[-90.47203,20.60486],[-90.47235,20.60498],[-90.47248,20.60512],[-90.47269,20.60526],[-90.47283,20.60572],[-90.47287,20.6059],[-90.47292,20.6061],[-90.47303,20.60689],[-90.47308,20.60721],[-90.47313,20.60765],[-90.47304,20.60792],[-90.47311,20.60814],[-90.47328,20.60852],[-90.47344,20.60872],[-90.47357,20.6089],[-90.47387,20.6092],[-90.47402,20.60926],[-90.47422,20.60958],[-90.47444,20.60996],[-90.47457,20.61008],[-90.47474,20.61028],[-90.47474,20.61075],[-90.47469,20.61137],[-90.47471,20.61202],[-90.47459,20.61228],[-90.47451,20.61254],[-90.47434,20.61269],[-90.47415,20.61313],[-90.47411,20.61323],[-90.47389,20.61356],[-90.47352,20.61423],[-90.47329,20.6149],[-90.47306,20.61619],[-90.47292,20.6167],[-90.47234,20.61832],[-90.4715,20.62004],[-90.47139,20.62028],[-90.47114,20.62087],[-90.4705,20.62142],[-90.4705,20.62142],[-90.47042,20.62138],[-90.47041,20.62141],[-90.4704,20.62146]]],[[[-90.46125,20.63833],[-90.46149,20.63923],[-90.46136,20.64035],[-90.46138,20.6414],[-90.4608,20.64255],[-90.46045,20.64415],[-90.46083,20.64613],[-90.46123,20.64839],[-90.46071,20.6503],[-90.46129,20.65239],[-90.46125,20.65359],[-90.46158,20.65552],[-90.46336,20.65705],[-90.46601,20.65837],[-90.46942,20.65843],[-90.46945,20.65843],[-90.47041,20.65611],[-90.46807,20.65317],[-90.46669,20.65247],[-90.46428,20.65054],[-90.46402,20.64991],[-90.46298,20.64755],[-90.46254,20.6454],[-90.46209,20.64342],[-90.46237,20.64154],[-90.46258,20.6405],[-90.46239,20.63938],[-90.46187,20.63858],[-90.46124,20.6383],[-90.46125,20.63833]]],[[[-90.45246,20.68234],[-90.45257,20.68276],[-90.45256,20.68313],[-90.45248,20.68379],[-90.45246,20.68413],[-90.45253,20.6844],[-90.45287,20.68466],[-90.45335,20.68495],[-90.45348,20.68501],[-90.4536,20.68511],[-90.45391,20.68539],[-90.45408,20.68559],[-90.45419,20.68583],[-90.45432,20.6861],[-90.45454,20.68662],[-90.45465,20.68682],[-90.45472,20.68708],[-90.45487,20.68752],[-90.45492,20.68762],[-90.45503,20.68803],[-90.45514,20.68821],[-90.45533,20.68859],[-90.45542,20.68887],[-90.45545,20.68915],[-90.45571,20.68953],[-90.45584,20.68985],[-90.45606,20.6901],[-90.45636,20.69044],[-90.45653,20.6907],[-90.45673,20.69102],[-90.45689,20.6914],[-90.45706,20.69168],[-90.45715,20.6918],[-90.45765,20.69232],[-90.4578,20.69258],[-90.45797,20.69284],[-90.45817,20.6931],[-90.45841,20.6935],[-90.45858,20.69371],[-90.4586,20.69374],[-90.45862,20.69356],[-90.45851,20.69298],[-90.45846,20.69256],[-90.45846,20.69225],[-90.4585,20.69199],[-90.45858,20.69124],[-90.45874,20.6907],[-90.45901,20.68977],[-90.45933,20.68916],[-90.45945,20.68893],[-90.45981,20.68831],[-90.45994,20.68806],[-90.46047,20.68727],[-90.46074,20.6869],[-90.46106,20.6867],[-90.46138,20.68648],[-90.46176,20.68607],[-90.46208,20.6857],[-90.46255,20.68519],[-90.46278,20.68481],[-90.46322,20.68398],[-90.46347,20.68367],[-90.46373,20.68323],[-90.46381,20.6829],[-90.46338,20.68289],[-90.46315,20.68274],[-90.46305,20.68251],[-90.46335,20.68222],[-90.46354,20.68186],[-90.46379,20.68145],[-90.46407,20.68102],[-90.46439,20.68064],[-90.4646,20.68037],[-90.46504,20.6798],[-90.46534,20.67948],[-90.46555,20.67927],[-90.46564,20.67921],[-90.46565,20.67893],[-90.46567,20.67871],[-90.46569,20.67867],[-90.46588,20.67828],[-90.4662,20.6779],[-90.46637,20.67755],[-90.46647,20.67729],[-90.46666,20.67686],[-90.46672,20.6766],[-90.46672,20.67644],[-90.46672,20.6761],[-90.4668,20.67565],[-90.46682,20.67529],[-90.46673,20.67476],[-90.46664,20.67464],[-90.46664,20.67432],[-90.46668,20.67404],[-90.46674,20.67367],[-90.46678,20.67345],[-90.46677,20.67311],[-90.46677,20.67281],[-90.46668,20.67232],[-90.46659,20.67184],[-90.46646,20.6715],[-90.46626,20.67075],[-90.46612,20.67041],[-90.46573,20.66959],[-90.46579,20.66906],[-90.46578,20.66858],[-90.46578,20.66828],[-90.46584,20.66783],[-90.46571,20.66737],[-90.46483,20.66676],[-90.46342,20.66612],[-90.46192,20.66521],[-90.45965,20.66346],[-90.45768,20.66199],[-90.45765,20.66123],[-90.45749,20.6608],[-90.45719,20.6603],[-90.45686,20.65968],[-90.4564,20.65872],[-90.45577,20.65795],[-90.45559,20.65751],[-90.45531,20.65693],[-90.45496,20.65651],[-90.45464,20.65615],[-90.45442,20.65597],[-90.4541,20.65589],[-90.45407,20.65591],[-90.45391,20.65603],[-90.45357,20.65656],[-90.45359,20.6567],[-90.45353,20.65697],[-90.45334,20.65733],[-90.45322,20.65772],[-90.45301,20.65834],[-90.45268,20.66012],[-90.45259,20.66147],[-90.45262,20.66202],[-90.45274,20.66303],[-90.4528,20.66331],[-90.45298,20.66373],[-90.45305,20.66423],[-90.45302,20.66425],[-90.45234,20.66458],[-90.45198,20.66475],[-90.45162,20.66469],[-90.45161,20.66471],[-90.45155,20.66493],[-90.4516,20.66558],[-90.45157,20.66606],[-90.45155,20.66641],[-90.4516,20.66697],[-90.45154,20.66754],[-90.45155,20.66828],[-90.45159,20.66863],[-90.45173,20.66925],[-90.45184,20.66947],[-90.4518,20.67008],[-90.45196,20.67082],[-90.45209,20.67122],[-90.45227,20.67163],[-90.45264,20.67225],[-90.45292,20.67255],[-90.45378,20.67301],[-90.45437,20.6731],[-90.45438,20.6731],[-90.45466,20.67284],[-90.45511,20.67244],[-90.45513,20.67243],[-90.45583,20.6722],[-90.45605,20.67234],[-90.45624,20.67258],[-90.4565,20.67278],[-90.45668,20.67326],[-90.45675,20.67358],[-90.45686,20.67409],[-90.45686,20.67453],[-90.45678,20.67491],[-90.45681,20.6754],[-90.45671,20.67611],[-90.45648,20.67657],[-90.45645,20.67658],[-90.45613,20.67668],[-90.45592,20.6766],[-90.45573,20.67656],[-90.45562,20.67652],[-90.45534,20.67642],[-90.45487,20.67659],[-90.45462,20.67632],[-90.45454,20.67576],[-90.45425,20.67526],[-90.4541,20.67488],[-90.45386,20.67464],[-90.45358,20.67436],[-90.45345,20.67424],[-90.453,20.67396],[-90.45272,20.67372],[-90.45246,20.6735],[-90.45211,20.67344],[-90.45201,20.67334],[-90.45149,20.67359],[-90.45149,20.6736],[-90.45124,20.67392],[-90.4512,20.67452],[-90.45123,20.6749],[-90.45125,20.67499],[-90.45129,20.67515],[-90.4513,20.67597],[-90.45133,20.6763],[-90.45142,20.6767],[-90.45155,20.67696],[-90.45192,20.67772],[-90.45212,20.67802],[-90.45233,20.67828],[-90.45251,20.67848],[-90.45268,20.67883],[-90.45279,20.67925],[-90.45288,20.67931],[-90.45308,20.67991],[-90.45308,20.68021],[-90.45292,20.68072],[-90.45286,20.68123],[-90.45284,20.68131],[-90.45257,20.68206],[-90.45246,20.68234]]],[[[-90.37936,20.84833],[-90.38044,20.84817],[-90.38634,20.84729],[-90.3865,20.84727],[-90.38666,20.84724],[-90.38666,20.84724],[-90.39985,20.84529],[-90.4011,20.84568],[-90.4011,20.84568],[-90.40111,20.84569],[-90.40113,20.84569],[-90.40139,20.84577],[-90.4014,20.84578],[-90.40145,20.84579],[-90.40152,20.84582],[-90.40238,20.84609],[-90.40238,20.84609],[-90.40241,20.8461],[-90.4029,20.84625],[-90.4031,20.84631],[-90.40313,20.84632],[-90.40313,20.84632],[-90.40317,20.84633],[-90.40419,20.84666],[-90.40426,20.84668],[-90.40426,20.84668],[-90.40452,20.84676],[-90.40453,20.84672],[-90.40453,20.84672],[-90.40452,20.84671],[-90.40439,20.84665],[-90.40453,20.84611],[-90.40468,20.84553],[-90.4048,20.8452],[-90.40482,20.84521],[-90.40484,20.84523],[-90.4049,20.84524],[-90.40501,20.84526],[-90.40503,20.84526],[-90.40506,20.8452],[-90.40495,20.84513],[-90.40481,20.84505],[-90.4047,20.84498],[-90.4046,20.84497],[-90.40452,20.84495],[-90.40445,20.84497],[-90.40439,20.84499],[-90.40418,20.84492],[-90.40404,20.84482],[-90.4039,20.84471],[-90.40374,20.84463],[-90.40362,20.84453],[-90.40361,20.84451],[-90.40361,20.84451],[-90.40352,20.84438],[-90.40345,20.84419],[-90.40334,20.84396],[-90.40334,20.84375],[-90.40334,20.84351],[-90.4034,20.84329],[-90.4034,20.84328],[-90.40344,20.84236],[-90.40344,20.84229],[-90.40351,20.84205],[-90.40378,20.8411],[-90.40422,20.83977],[-90.4046,20.83886],[-90.40476,20.83848],[-90.40502,20.83785],[-90.40771,20.83332],[-90.40828,20.83252],[-90.40895,20.83153],[-90.40956,20.83057],[-90.41005,20.82965],[-90.41041,20.82896],[-90.41085,20.82804],[-90.41114,20.82733],[-90.41135,20.82681],[-90.41175,20.82588],[-90.41231,20.82479],[-90.41242,20.82439],[-90.41251,20.82382],[-90.4128,20.82306],[-90.41303,20.82234],[-90.41314,20.82205],[-90.41341,20.8214],[-90.41363,20.82099],[-90.41398,20.82034],[-90.41443,20.81924],[-90.41468,20.8185],[-90.41472,20.81821],[-90.41486,20.81785],[-90.41497,20.81762],[-90.41519,20.81726],[-90.4154,20.8169],[-90.41542,20.81658],[-90.41537,20.81628],[-90.41532,20.81599],[-90.41547,20.81574],[-90.41582,20.81529],[-90.41588,20.81503],[-90.41584,20.81466],[-90.41587,20.81448],[-90.41597,20.8142],[-90.41605,20.81377],[-90.41599,20.81336],[-90.41591,20.81316],[-90.41581,20.81297],[-90.4156,20.81254],[-90.41576,20.81211],[-90.41591,20.81162],[-90.416,20.81128],[-90.41599,20.81095],[-90.416,20.81091],[-90.41602,20.81084],[-90.41607,20.81057],[-90.4161,20.81038],[-90.41612,20.81024],[-90.41617,20.81005],[-90.41618,20.80981],[-90.41618,20.80972],[-90.4163,20.80879],[-90.41634,20.80814],[-90.41636,20.80752],[-90.41633,20.80707],[-90.41622,20.80588],[-90.41606,20.80547],[-90.41601,20.80515],[-90.41602,20.80504],[-90.41602,20.80502],[-90.41602,20.80498],[-90.41604,20.80474],[-90.41615,20.80421],[-90.41617,20.80386],[-90.41616,20.8035],[-90.41596,20.80252],[-90.41579,20.80211],[-90.41535,20.80126],[-90.41506,20.80084],[-90.4149,20.8007],[-90.41473,20.80066],[-90.41459,20.80071],[-90.41453,20.80079],[-90.41431,20.80081],[-90.41426,20.80082],[-90.41425,20.80085],[-90.41427,20.80091],[-90.41433,20.80096],[-90.41445,20.80106],[-90.41457,20.8011],[-90.41466,20.80118],[-90.41488,20.80141],[-90.41495,20.80161],[-90.41496,20.80163],[-90.41495,20.80163],[-90.41497,20.80174],[-90.41498,20.80175],[-90.41503,20.80176],[-90.41508,20.80184],[-90.41507,20.8019],[-90.4151,20.80193],[-90.41517,20.80201],[-90.41517,20.80206],[-90.41516,20.80212],[-90.41515,20.80221],[-90.41513,20.80228],[-90.41514,20.80235],[-90.4152,20.80242],[-90.41533,20.8025],[-90.4154,20.80254],[-90.41538,20.80262],[-90.41536,20.80261],[-90.41529,20.80257],[-90.4152,20.80252],[-90.41509,20.80251],[-90.41508,20.80251],[-90.41498,20.80253],[-90.41495,20.80254],[-90.4149,20.80258],[-90.41488,20.80266],[-90.41498,20.80268],[-90.41508,20.80271],[-90.4151,20.80272],[-90.41518,20.80279],[-90.4153,20.80286],[-90.41539,20.80297],[-90.41536,20.80301],[-90.4153,20.80309],[-90.41529,20.80317],[-90.41531,20.80323],[-90.41533,20.80328],[-90.41529,20.80327],[-90.41526,20.80327],[-90.41523,20.80321],[-90.41518,20.80321],[-90.41511,20.80321],[-90.41507,20.8032],[-90.41496,20.80323],[-90.41496,20.80324],[-90.41493,20.80332],[-90.41495,20.80336],[-90.41497,20.80339],[-90.41503,20.80342],[-90.41512,20.80348],[-90.41515,20.8035],[-90.41523,20.80357],[-90.41538,20.80371],[-90.41539,20.8038],[-90.41542,20.80384],[-90.41548,20.80392],[-90.41543,20.80396],[-90.41542,20.80396],[-90.41539,20.80397],[-90.41536,20.80397],[-90.41537,20.80398],[-90.41537,20.80401],[-90.41537,20.80407],[-90.41538,20.8041],[-90.41538,20.80415],[-90.41546,20.80423],[-90.41547,20.80424],[-90.41554,20.80428],[-90.41554,20.80429],[-90.41552,20.80436],[-90.41554,20.80442],[-90.41556,20.8045],[-90.41556,20.80457],[-90.41559,20.80464],[-90.41559,20.80471],[-90.41555,20.80476],[-90.41554,20.80475],[-90.41546,20.8047],[-90.41541,20.80462],[-90.41531,20.8046],[-90.41524,20.80457],[-90.41514,20.80452],[-90.4151,20.80444],[-90.41504,20.80442],[-90.41493,20.80442],[-90.41487,20.80446],[-90.41487,20.80446],[-90.41483,20.80452],[-90.41478,20.80464],[-90.41478,20.80464],[-90.41478,20.80464],[-90.41477,20.80471],[-90.41477,20.80476],[-90.41478,20.80477],[-90.4148,20.80482],[-90.41484,20.8049],[-90.41494,20.80498],[-90.41498,20.80505],[-90.415,20.8051],[-90.415,20.80515],[-90.41503,20.80519],[-90.41507,20.80525],[-90.4151,20.80531],[-90.41512,20.80537],[-90.41507,20.80543],[-90.41508,20.80548],[-90.41505,20.80549],[-90.41502,20.8055],[-90.41501,20.8055],[-90.41493,20.80552],[-90.41493,20.80553],[-90.41489,20.80558],[-90.41493,20.80567],[-90.41495,20.80573],[-90.41498,20.80577],[-90.415,20.80579],[-90.4151,20.80591],[-90.41509,20.80597],[-90.41507,20.80606],[-90.41504,20.80607],[-90.415,20.80607],[-90.415,20.80608],[-90.41498,20.80616],[-90.41498,20.80625],[-90.41503,20.80634],[-90.415,20.80637],[-90.415,20.80638],[-90.41498,20.80646],[-90.41501,20.80657],[-90.41505,20.80662],[-90.4151,20.80663],[-90.4152,20.80667],[-90.41524,20.80674],[-90.41522,20.80682],[-90.41521,20.80682],[-90.41514,20.80687],[-90.41509,20.80691],[-90.41509,20.80694],[-90.41509,20.80697],[-90.41513,20.80703],[-90.41518,20.80713],[-90.41518,20.80719],[-90.41512,20.80729],[-90.41512,20.80726],[-90.41511,20.80722],[-90.41508,20.80717],[-90.41506,20.80711],[-90.415,20.80698],[-90.41499,20.80697],[-90.41493,20.8069],[-90.41477,20.80679],[-90.41472,20.80674],[-90.41467,20.80666],[-90.41461,20.80655],[-90.41454,20.80643],[-90.41454,20.80631],[-90.41454,20.80627],[-90.41455,20.80618],[-90.41456,20.80611],[-90.41457,20.80605],[-90.41459,20.8059],[-90.41465,20.80576],[-90.41464,20.80565],[-90.41464,20.80553],[-90.4146,20.80549],[-90.41457,20.80546],[-90.41454,20.80539],[-90.41453,20.80539],[-90.41458,20.80536],[-90.41462,20.80534],[-90.41462,20.80534],[-90.41465,20.80533],[-90.41467,20.80528],[-90.4147,20.80518],[-90.4147,20.80504],[-90.4147,20.80484],[-90.4147,20.80468],[-90.41473,20.80456],[-90.41476,20.80444],[-90.41474,20.80426],[-90.41474,20.80417],[-90.41468,20.80408],[-90.4147,20.80399],[-90.4147,20.80389],[-90.41463,20.80382],[-90.41461,20.80367],[-90.41461,20.80366],[-90.41458,20.80347],[-90.41458,20.80323],[-90.41458,20.80317],[-90.41458,20.80299],[-90.41458,20.80288],[-90.41458,20.80282],[-90.41454,20.80277],[-90.41454,20.80269],[-90.4145,20.80259],[-90.41447,20.80237],[-90.41444,20.80219],[-90.41437,20.80196],[-90.41431,20.80184],[-90.41426,20.80163],[-90.41416,20.80139],[-90.41414,20.80117],[-90.41412,20.80097],[-90.4141,20.80074],[-90.41413,20.80052],[-90.41415,20.80033],[-90.41419,20.80004],[-90.41424,20.79983],[-90.41428,20.79953],[-90.41432,20.79926],[-90.41435,20.79899],[-90.4144,20.79877],[-90.41446,20.79852],[-90.41452,20.79824],[-90.41456,20.79795],[-90.41458,20.79778],[-90.41465,20.79723],[-90.41466,20.79671],[-90.41467,20.79633],[-90.41468,20.79582],[-90.41469,20.79535],[-90.41471,20.79487],[-90.41472,20.7947],[-90.41474,20.79452],[-90.41475,20.7944],[-90.41482,20.79373],[-90.41483,20.79317],[-90.41486,20.79284],[-90.41488,20.79244],[-90.41489,20.79214],[-90.4149,20.79173],[-90.41494,20.79135],[-90.41497,20.79095],[-90.41498,20.79059],[-90.415,20.79018],[-90.41501,20.78975],[-90.41502,20.78932],[-90.41501,20.78887],[-90.415,20.78838],[-90.41499,20.78804],[-90.41498,20.78787],[-90.41495,20.78774],[-90.41492,20.78752],[-90.41488,20.78731],[-90.41484,20.78707],[-90.41482,20.78689],[-90.41478,20.78667],[-90.41472,20.78644],[-90.41464,20.78616],[-90.41457,20.78591],[-90.41451,20.78571],[-90.41445,20.78548],[-90.41437,20.78522],[-90.41431,20.78501],[-90.4143,20.78478],[-90.41429,20.78449],[-90.41429,20.78421],[-90.41433,20.78396],[-90.41433,20.78366],[-90.41436,20.78339],[-90.41439,20.78308],[-90.41438,20.7828],[-90.41437,20.78261],[-90.41439,20.78225],[-90.41437,20.78206],[-90.41435,20.78183],[-90.41429,20.7811],[-90.41427,20.78096],[-90.41427,20.78096],[-90.41425,20.78085],[-90.41422,20.78065],[-90.4142,20.78055],[-90.41419,20.78049],[-90.41416,20.78032],[-90.41422,20.78008],[-90.41427,20.77988],[-90.41433,20.77964],[-90.41434,20.77945],[-90.41436,20.77907],[-90.41442,20.7788],[-90.41447,20.7785],[-90.41462,20.77818],[-90.41474,20.77778],[-90.41481,20.77752],[-90.41489,20.77726],[-90.41491,20.77717],[-90.41494,20.77709],[-90.41494,20.77701],[-90.41496,20.77683],[-90.41497,20.77633],[-90.41492,20.77594],[-90.41487,20.77577],[-90.41485,20.77571],[-90.41481,20.77563],[-90.41477,20.77561],[-90.41471,20.77557],[-90.41471,20.77557],[-90.41459,20.77551],[-90.41438,20.77547],[-90.41429,20.77545],[-90.41402,20.77545],[-90.41397,20.77545],[-90.41378,20.77548],[-90.41369,20.7755],[-90.41357,20.77553],[-90.41346,20.77556],[-90.41316,20.77566],[-90.41307,20.7757],[-90.41306,20.7757],[-90.41304,20.77574],[-90.41303,20.77575],[-90.41298,20.77585],[-90.41293,20.77594],[-90.41287,20.77621],[-90.41279,20.77641],[-90.41279,20.77674],[-90.41279,20.77674],[-90.41276,20.77674],[-90.40684,20.77636],[-90.40683,20.77636],[-90.40685,20.77632],[-90.40688,20.77622],[-90.40688,20.77614],[-90.40688,20.77613],[-90.40688,20.77612],[-90.40684,20.77604],[-90.40682,20.776],[-90.40682,20.77596],[-90.40683,20.7759],[-90.40679,20.7758],[-90.40675,20.77571],[-90.40674,20.77569],[-90.40674,20.77568],[-90.40674,20.77562],[-90.40674,20.77546],[-90.40664,20.77538],[-90.40656,20.77531],[-90.40654,20.7753],[-90.40645,20.77525],[-90.40645,20.77521],[-90.4065,20.77519],[-90.40664,20.77509],[-90.4067,20.77498],[-90.40673,20.77491],[-90.40681,20.77486],[-90.40684,20.77465],[-90.40681,20.77449],[-90.40679,20.77443],[-90.40677,20.77437],[-90.40673,20.77428],[-90.40672,20.77425],[-90.4067,20.77423],[-90.40669,20.77422],[-90.40668,20.77419],[-90.40665,20.77413],[-90.40657,20.77402],[-90.40656,20.774],[-90.40646,20.7739],[-90.40649,20.77383],[-90.4065,20.77381],[-90.4065,20.77366],[-90.40657,20.77352],[-90.40663,20.77338],[-90.40671,20.773],[-90.40673,20.77263],[-90.40671,20.77253],[-90.4067,20.77247],[-90.4067,20.77247],[-90.40663,20.77243],[-90.40663,20.77236],[-90.40663,20.77235],[-90.40666,20.77234],[-90.40669,20.77234],[-90.40672,20.77221],[-90.40673,20.77219],[-90.40675,20.77214],[-90.40675,20.77214],[-90.40679,20.77212],[-90.40682,20.77211],[-90.40685,20.77195],[-90.40688,20.77187],[-90.40693,20.77171],[-90.4069,20.77162],[-90.40691,20.77158],[-90.40693,20.77148],[-90.40693,20.77147],[-90.40694,20.77145],[-90.40694,20.77143],[-90.40694,20.77142],[-90.40696,20.77142],[-90.40698,20.77141],[-90.40698,20.77141],[-90.40702,20.77139],[-90.40704,20.77139],[-90.40711,20.77128],[-90.40711,20.77125],[-90.40716,20.77121],[-90.40712,20.77111],[-90.40712,20.7711],[-90.40716,20.77109],[-90.40719,20.77107],[-90.4072,20.77097],[-90.40714,20.77093],[-90.40716,20.77087],[-90.40716,20.77087],[-90.40717,20.77079],[-90.4072,20.77074],[-90.40724,20.77067],[-90.40734,20.7706],[-90.40731,20.77048],[-90.40731,20.77047],[-90.4073,20.77045],[-90.4073,20.77045],[-90.40729,20.77039],[-90.40729,20.77037],[-90.40732,20.77037],[-90.40735,20.77039],[-90.40738,20.77042],[-90.40739,20.77042],[-90.40739,20.77044],[-90.40741,20.77047],[-90.40745,20.77046],[-90.40747,20.77044],[-90.40749,20.77041],[-90.40749,20.7704],[-90.40743,20.77036],[-90.40744,20.77032],[-90.40748,20.77019],[-90.40749,20.77],[-90.40754,20.76976],[-90.40757,20.76952],[-90.40758,20.76948],[-90.40758,20.7694],[-90.40756,20.76928],[-90.40755,20.76922],[-90.40755,20.76921],[-90.4075,20.76919],[-90.40751,20.76913],[-90.40751,20.7691],[-90.40751,20.76909],[-90.40753,20.76908],[-90.40756,20.76905],[-90.40757,20.76904],[-90.40758,20.76901],[-90.40759,20.76888],[-90.40762,20.76871],[-90.40769,20.76862],[-90.4077,20.76853],[-90.40763,20.76849],[-90.40762,20.76848],[-90.40754,20.76842],[-90.40749,20.76839],[-90.40749,20.76838],[-90.40748,20.76832],[-90.40748,20.7683],[-90.40748,20.76829],[-90.40748,20.76827],[-90.40754,20.76828],[-90.40767,20.76829],[-90.40774,20.76827],[-90.40774,20.76827],[-90.40783,20.76828],[-90.40784,20.76828],[-90.40788,20.76826],[-90.40791,20.76825],[-90.40794,20.76821],[-90.40794,20.76821],[-90.40796,20.76819],[-90.40811,20.76824],[-90.40812,20.76824],[-90.40816,20.7682],[-90.40825,20.76809],[-90.4084,20.76792],[-90.40843,20.76779],[-90.40848,20.76772],[-90.40857,20.76759],[-90.40852,20.76753],[-90.40849,20.76749],[-90.40855,20.76738],[-90.40855,20.76737],[-90.40854,20.76735],[-90.40854,20.76734],[-90.40857,20.76733],[-90.40858,20.76733],[-90.40859,20.76733],[-90.4086,20.76732],[-90.40862,20.76732],[-90.40863,20.76725],[-90.40864,20.76723],[-90.40864,20.76721],[-90.40864,20.7672],[-90.40866,20.7672],[-90.40867,20.76719],[-90.40868,20.76719],[-90.40875,20.76716],[-90.40877,20.76715],[-90.40881,20.76709],[-90.4088,20.76706],[-90.4088,20.76705],[-90.40879,20.76702],[-90.40878,20.76699],[-90.40878,20.76698],[-90.40884,20.76697],[-90.40884,20.76697],[-90.40888,20.76701],[-90.40893,20.76698],[-90.40895,20.76697],[-90.40905,20.76691],[-90.40906,20.76689],[-90.40908,20.76688],[-90.40913,20.76684],[-90.40918,20.76676],[-90.40925,20.76671],[-90.40932,20.76662],[-90.4093,20.76649],[-90.40929,20.76647],[-90.40929,20.76647],[-90.40929,20.76646],[-90.40931,20.76638],[-90.40932,20.76637],[-90.4094,20.76635],[-90.4094,20.76637],[-90.4094,20.76642],[-90.40946,20.76642],[-90.40947,20.76642],[-90.40947,20.76642],[-90.40948,20.76642],[-90.40952,20.76639],[-90.40953,20.76631],[-90.40953,20.76631],[-90.40954,20.76629],[-90.40957,20.76626],[-90.40958,20.76625],[-90.40968,20.76622],[-90.4097,20.76621],[-90.40971,20.76621],[-90.40971,20.7662],[-90.40979,20.76611],[-90.4098,20.7661],[-90.40982,20.76609],[-90.40987,20.76605],[-90.4099,20.76589],[-90.4099,20.76588],[-90.4099,20.76587],[-90.4099,20.76587],[-90.40994,20.76585],[-90.40995,20.76586],[-90.40995,20.76586],[-90.40998,20.7659],[-90.41003,20.76589],[-90.41006,20.76588],[-90.41005,20.76581],[-90.41005,20.76581],[-90.41005,20.76576],[-90.41006,20.7657],[-90.41008,20.76565],[-90.41009,20.76562],[-90.4101,20.76559],[-90.41013,20.76551],[-90.41013,20.76545],[-90.41014,20.76545],[-90.41014,20.76544],[-90.41018,20.76541],[-90.4102,20.7654],[-90.41023,20.76539],[-90.41028,20.76538],[-90.4103,20.76537],[-90.41037,20.76526],[-90.41038,20.76524],[-90.41039,20.76522],[-90.41041,20.7652],[-90.41043,20.76507],[-90.41043,20.76507],[-90.41043,20.76506],[-90.41044,20.76506],[-90.41048,20.76505],[-90.41049,20.76504],[-90.41055,20.76502],[-90.41058,20.76501],[-90.41057,20.76483],[-90.41063,20.76471],[-90.41065,20.76467],[-90.41072,20.76459],[-90.41073,20.76432],[-90.41073,20.76431],[-90.41073,20.76419],[-90.41077,20.76402],[-90.41077,20.76402],[-90.41087,20.76387],[-90.41092,20.76372],[-90.41093,20.76358],[-90.4109,20.76344],[-90.41088,20.7633],[-90.41093,20.76301],[-90.41095,20.76293],[-90.41093,20.76278],[-90.41089,20.76273],[-90.41076,20.76272],[-90.41074,20.76271],[-90.41063,20.76275],[-90.41059,20.76271],[-90.4106,20.76267],[-90.41062,20.76256],[-90.41062,20.76254],[-90.41062,20.76249],[-90.41056,20.76236],[-90.41046,20.76225],[-90.41046,20.76224],[-90.41045,20.76224],[-90.41044,20.76216],[-90.41044,20.76196],[-90.41044,20.7618],[-90.41048,20.76157],[-90.41053,20.76138],[-90.4106,20.76121],[-90.41061,20.76104],[-90.41058,20.76094],[-90.4106,20.76092],[-90.41062,20.76088],[-90.41064,20.76086],[-90.41066,20.76073],[-90.41066,20.76068],[-90.4107,20.76062],[-90.4107,20.76045],[-90.4107,20.76033],[-90.4107,20.76032],[-90.41075,20.76031],[-90.41077,20.7603],[-90.41078,20.76027],[-90.41073,20.76025],[-90.41072,20.76023],[-90.41071,20.76018],[-90.41074,20.7601],[-90.41077,20.76007],[-90.41078,20.76006],[-90.4108,20.75999],[-90.41081,20.75998],[-90.41082,20.75997],[-90.41087,20.75997],[-90.4109,20.75997],[-90.4109,20.75987],[-90.4109,20.75987],[-90.4109,20.75987],[-90.41094,20.75984],[-90.41096,20.75983],[-90.41096,20.75983],[-90.41096,20.75983],[-90.41097,20.75982],[-90.41099,20.75982],[-90.41099,20.75981],[-90.41099,20.7598],[-90.41101,20.75976],[-90.41108,20.7597],[-90.4111,20.75969],[-90.41112,20.75967],[-90.41117,20.75958],[-90.41119,20.75954],[-90.41123,20.75947],[-90.41123,20.75945],[-90.41123,20.75941],[-90.41118,20.75936],[-90.41117,20.7593],[-90.41116,20.75929],[-90.41116,20.75929],[-90.41117,20.75927],[-90.41118,20.75927],[-90.41123,20.7592],[-90.41129,20.75914],[-90.41127,20.7591],[-90.41126,20.75907],[-90.41131,20.75903],[-90.41133,20.75901],[-90.4114,20.75895],[-90.41141,20.75894],[-90.41142,20.75893],[-90.41143,20.75892],[-90.41144,20.75892],[-90.41146,20.75891],[-90.41154,20.75879],[-90.41154,20.75867],[-90.41151,20.75858],[-90.41151,20.75857],[-90.4115,20.75845],[-90.41154,20.75832],[-90.41161,20.75825],[-90.41168,20.75819],[-90.41175,20.75807],[-90.41176,20.75806],[-90.41178,20.75806],[-90.41181,20.75806],[-90.41192,20.75802],[-90.41199,20.75801],[-90.41202,20.75801],[-90.41208,20.75789],[-90.41211,20.75784],[-90.41212,20.75783],[-90.41218,20.75781],[-90.41219,20.75781],[-90.41219,20.75781],[-90.41221,20.75779],[-90.41225,20.75777],[-90.41225,20.75773],[-90.41225,20.75771],[-90.41225,20.75764],[-90.41229,20.7576],[-90.41231,20.75758],[-90.41233,20.75758],[-90.41234,20.75759],[-90.41237,20.75759],[-90.41239,20.75759],[-90.41242,20.75755],[-90.4124,20.75749],[-90.41239,20.75748],[-90.41239,20.75748],[-90.41235,20.75743],[-90.41234,20.75743],[-90.41234,20.75743],[-90.41241,20.7574],[-90.41241,20.7574],[-90.41248,20.75739],[-90.41251,20.75739],[-90.41252,20.75736],[-90.41261,20.75729],[-90.41272,20.7572],[-90.41275,20.75719],[-90.41287,20.75715],[-90.41288,20.75715],[-90.41293,20.75712],[-90.41295,20.7571],[-90.41306,20.75712],[-90.41307,20.75712],[-90.4131,20.75712],[-90.41311,20.75713],[-90.41313,20.75712],[-90.41313,20.75707],[-90.41319,20.75696],[-90.4133,20.75682],[-90.41335,20.75668],[-90.41333,20.75656],[-90.41339,20.75648],[-90.4134,20.75647],[-90.4134,20.75647],[-90.41344,20.75645],[-90.41349,20.75643],[-90.41358,20.75639],[-90.41359,20.75638],[-90.4136,20.75638],[-90.41362,20.75637],[-90.41369,20.75627],[-90.41373,20.75616],[-90.41379,20.75606],[-90.4138,20.75605],[-90.4138,20.75605],[-90.41387,20.75604],[-90.4139,20.75604],[-90.41399,20.75604],[-90.41401,20.75604],[-90.41402,20.75604],[-90.41402,20.75596],[-90.41402,20.75594],[-90.41404,20.75589],[-90.41406,20.75585],[-90.41406,20.75583],[-90.41409,20.75578],[-90.41418,20.75572],[-90.41423,20.75565],[-90.41425,20.75564],[-90.41433,20.75563],[-90.41434,20.75563],[-90.41434,20.75563],[-90.41436,20.75563],[-90.41439,20.75556],[-90.41456,20.75536],[-90.41467,20.75519],[-90.41465,20.75509],[-90.41465,20.75507],[-90.41463,20.75491],[-90.41462,20.75487],[-90.41457,20.75469],[-90.41457,20.75464],[-90.41455,20.75447],[-90.41442,20.75422],[-90.41442,20.7542],[-90.41446,20.7542],[-90.41456,20.75419],[-90.41467,20.75433],[-90.41474,20.75445],[-90.4148,20.75451],[-90.41484,20.75454],[-90.41485,20.75454],[-90.41486,20.75454],[-90.41491,20.75449],[-90.41491,20.75449],[-90.41505,20.75442],[-90.41506,20.75442],[-90.41513,20.75438],[-90.41515,20.75436],[-90.41524,20.75439],[-90.41524,20.75439],[-90.41532,20.75434],[-90.41533,20.75432],[-90.4154,20.75427],[-90.41546,20.75421],[-90.41549,20.75409],[-90.41549,20.75409],[-90.41558,20.75404],[-90.41561,20.75403],[-90.41571,20.75388],[-90.41571,20.75388],[-90.41579,20.75381],[-90.41581,20.75379],[-90.41587,20.75378],[-90.41589,20.75378],[-90.4159,20.75377],[-90.41594,20.75375],[-90.41597,20.75373],[-90.416,20.75378],[-90.41608,20.75378],[-90.41608,20.75378],[-90.41611,20.75377],[-90.41614,20.75371],[-90.41617,20.75368],[-90.4162,20.75366],[-90.41627,20.75368],[-90.41627,20.75368],[-90.41635,20.75363],[-90.41641,20.75355],[-90.41639,20.7535],[-90.41639,20.75349],[-90.41651,20.75346],[-90.41657,20.75343],[-90.41673,20.75342],[-90.41683,20.7534],[-90.41686,20.75339],[-90.41688,20.75331],[-90.41694,20.75325],[-90.41694,20.75324],[-90.41696,20.75324],[-90.41699,20.75322],[-90.41702,20.75314],[-90.41702,20.75314],[-90.41703,20.75312],[-90.41707,20.75312],[-90.4171,20.75312],[-90.41713,20.75311],[-90.41713,20.75309],[-90.41714,20.75307],[-90.41716,20.75305],[-90.41718,20.75303],[-90.41722,20.75304],[-90.41729,20.75305],[-90.41738,20.75303],[-90.41749,20.75298],[-90.4175,20.75298],[-90.41753,20.75299],[-90.41754,20.75289],[-90.41757,20.75283],[-90.41758,20.75281],[-90.41759,20.7528],[-90.41762,20.75279],[-90.41767,20.75277],[-90.4177,20.75276],[-90.41772,20.75272],[-90.41772,20.7527],[-90.41773,20.7527],[-90.41773,20.7527],[-90.41777,20.7527],[-90.41778,20.7527],[-90.41778,20.7527],[-90.41781,20.75268],[-90.41789,20.75271],[-90.41789,20.75271],[-90.41789,20.75271],[-90.4179,20.75271],[-90.41793,20.75269],[-90.41794,20.75265],[-90.41794,20.75264],[-90.41795,20.75257],[-90.41799,20.75254],[-90.41801,20.75249],[-90.41801,20.75247],[-90.41805,20.75247],[-90.41807,20.75246],[-90.41809,20.75243],[-90.41809,20.75233],[-90.41809,20.75232],[-90.41811,20.75231],[-90.41812,20.75231],[-90.41819,20.75225],[-90.41827,20.75218],[-90.41826,20.7521],[-90.41825,20.75209],[-90.41828,20.75205],[-90.4183,20.75204],[-90.41838,20.75205],[-90.41839,20.75205],[-90.4184,20.75205],[-90.41841,20.75204],[-90.41842,20.75204],[-90.41844,20.75202],[-90.41846,20.75203],[-90.41849,20.75205],[-90.41855,20.75206],[-90.41863,20.75207],[-90.41864,20.75206],[-90.41866,20.75205],[-90.41869,20.75204],[-90.41871,20.75202],[-90.41878,20.75196],[-90.41879,20.75189],[-90.41878,20.75186],[-90.41878,20.75185],[-90.41876,20.75181],[-90.41877,20.7518],[-90.41879,20.75173],[-90.4188,20.75172],[-90.41881,20.75171],[-90.41882,20.7517],[-90.41885,20.7517],[-90.41887,20.7517],[-90.41892,20.75161],[-90.41896,20.75149],[-90.41903,20.75143],[-90.41907,20.75133],[-90.41913,20.75123],[-90.41919,20.75116],[-90.4192,20.75115],[-90.4192,20.75114],[-90.4192,20.75106],[-90.4192,20.75097],[-90.41926,20.75092],[-90.41928,20.75081],[-90.41934,20.75072],[-90.4194,20.75064],[-90.41945,20.75057],[-90.41945,20.75057],[-90.41946,20.75055],[-90.41956,20.75054],[-90.41956,20.75054],[-90.41965,20.75054],[-90.41976,20.75051],[-90.41978,20.75051],[-90.41979,20.75049],[-90.41982,20.75047],[-90.41983,20.75045],[-90.4199,20.75031],[-90.4199,20.75029],[-90.41989,20.75027],[-90.41986,20.75014],[-90.41986,20.75014],[-90.41985,20.75009],[-90.41985,20.75002],[-90.41985,20.75],[-90.41985,20.74998],[-90.41986,20.74982],[-90.41992,20.74976],[-90.41993,20.74975],[-90.42008,20.7497],[-90.42009,20.74969],[-90.42022,20.74959],[-90.42029,20.74954],[-90.4203,20.74953],[-90.42036,20.7495],[-90.42038,20.74949],[-90.42039,20.74948],[-90.42041,20.74947],[-90.42047,20.74942],[-90.42052,20.74933],[-90.42059,20.7491],[-90.42067,20.74905],[-90.42075,20.74895],[-90.42077,20.74894],[-90.42077,20.74893],[-90.42079,20.74891],[-90.42081,20.74889],[-90.42085,20.74886],[-90.42092,20.74881],[-90.42094,20.7488],[-90.42099,20.74878],[-90.42102,20.74878],[-90.42104,20.74872],[-90.42105,20.7487],[-90.42105,20.7487],[-90.42107,20.74865],[-90.42107,20.74864],[-90.42115,20.74862],[-90.42115,20.74862],[-90.42127,20.74856],[-90.42136,20.74849],[-90.42138,20.74848],[-90.42139,20.74847],[-90.42143,20.74841],[-90.42152,20.74833],[-90.42157,20.74819],[-90.42157,20.74814],[-90.42157,20.74814],[-90.42158,20.74805],[-90.42164,20.74797],[-90.42169,20.74793],[-90.42169,20.74793],[-90.42174,20.7479],[-90.42177,20.74788],[-90.4218,20.74782],[-90.42186,20.74773],[-90.42182,20.74768],[-90.42184,20.74766],[-90.42185,20.74765],[-90.42192,20.74762],[-90.42193,20.74762],[-90.42202,20.74756],[-90.4221,20.74749],[-90.42219,20.74743],[-90.42224,20.74734],[-90.42225,20.74732],[-90.42234,20.74732],[-90.42244,20.74733],[-90.42246,20.74733],[-90.4225,20.74725],[-90.4225,20.74723],[-90.42255,20.74723],[-90.42258,20.74722],[-90.42258,20.74718],[-90.42258,20.74716],[-90.42262,20.74716],[-90.42274,20.74716],[-90.42276,20.74716],[-90.42279,20.74712],[-90.4228,20.74711],[-90.4229,20.74709],[-90.42311,20.74707],[-90.42312,20.74707],[-90.42319,20.747],[-90.42321,20.74699],[-90.42323,20.74697],[-90.42326,20.74688],[-90.42326,20.74688],[-90.42327,20.74686],[-90.42335,20.7468],[-90.42335,20.7468],[-90.42335,20.7468],[-90.42341,20.74676],[-90.42341,20.74676],[-90.42341,20.74675],[-90.42341,20.74669],[-90.42348,20.7466],[-90.42362,20.7465],[-90.42377,20.74639],[-90.4238,20.74637],[-90.42399,20.74639],[-90.42399,20.74639],[-90.42411,20.74631],[-90.42414,20.74629],[-90.42445,20.74627],[-90.42469,20.74634],[-90.42489,20.7463],[-90.42508,20.74629],[-90.42509,20.74629],[-90.4251,20.74629],[-90.42526,20.74633],[-90.42544,20.74635],[-90.42563,20.74641],[-90.42575,20.74642],[-90.42585,20.74639],[-90.42587,20.74639],[-90.42592,20.7464],[-90.42599,20.74642],[-90.42606,20.74642],[-90.42621,20.74641],[-90.42639,20.74645],[-90.42642,20.74647],[-90.4265,20.74651],[-90.42664,20.74654],[-90.42678,20.74654],[-90.4269,20.74655],[-90.42703,20.74657],[-90.42708,20.74657],[-90.42715,20.74657],[-90.42724,20.74658],[-90.42736,20.74661],[-90.42741,20.74662],[-90.42744,20.74662],[-90.42751,20.74662],[-90.42767,20.74666],[-90.42767,20.74666],[-90.42772,20.74667],[-90.42779,20.74668],[-90.42787,20.74668],[-90.42799,20.74669],[-90.42811,20.74672],[-90.42813,20.74673],[-90.4282,20.74675],[-90.42824,20.74674],[-90.42828,20.74673],[-90.42833,20.74675],[-90.42836,20.74676],[-90.42838,20.74676],[-90.42843,20.74675],[-90.42852,20.74678],[-90.42859,20.74679],[-90.42866,20.74683],[-90.42874,20.74683],[-90.42881,20.74685],[-90.42887,20.74688],[-90.42898,20.74685],[-90.42912,20.74689],[-90.42936,20.74693],[-90.4294,20.74694],[-90.42968,20.74699],[-90.42974,20.747],[-90.42982,20.74702],[-90.43004,20.74701],[-90.43028,20.747],[-90.43056,20.74695],[-90.43069,20.74695],[-90.43073,20.74695],[-90.43074,20.74695],[-90.43075,20.74696],[-90.4308,20.74694],[-90.43083,20.74694],[-90.43086,20.74685],[-90.43086,20.74685],[-90.43086,20.74682],[-90.43096,20.74671],[-90.43104,20.74664],[-90.43105,20.74664],[-90.4311,20.74661],[-90.43112,20.74661],[-90.43114,20.74659],[-90.43117,20.74658],[-90.43118,20.74651],[-90.43117,20.74631],[-90.4311,20.74632],[-90.4311,20.74632],[-90.43109,20.74617],[-90.43101,20.74607],[-90.43101,20.74607],[-90.4309,20.74608],[-90.43083,20.74613],[-90.43084,20.74611],[-90.43084,20.7461],[-90.43087,20.74604],[-90.4309,20.74596],[-90.4309,20.74595],[-90.4309,20.74593],[-90.43091,20.74585],[-90.43091,20.74584],[-90.43091,20.74584],[-90.43091,20.74584],[-90.43094,20.74583],[-90.43096,20.74582],[-90.43099,20.74576],[-90.431,20.74575],[-90.43101,20.74571],[-90.43102,20.74566],[-90.43123,20.74533],[-90.43125,20.74532],[-90.43127,20.74536],[-90.43128,20.74536],[-90.4313,20.74537],[-90.43132,20.74531],[-90.43136,20.74528],[-90.43139,20.74526],[-90.43144,20.74526],[-90.43146,20.74526],[-90.43146,20.74526],[-90.43146,20.74526],[-90.43153,20.74522],[-90.43152,20.7451],[-90.43145,20.74493],[-90.43141,20.74486],[-90.43137,20.74478],[-90.43136,20.74476],[-90.43135,20.74473],[-90.43134,20.74467],[-90.43131,20.74453],[-90.43125,20.74437],[-90.43116,20.74414],[-90.43112,20.74402],[-90.43107,20.7439],[-90.43107,20.74388],[-90.43106,20.74374],[-90.43104,20.74363],[-90.431,20.74356],[-90.43097,20.74339],[-90.43095,20.74322],[-90.43089,20.74309],[-90.43082,20.74302],[-90.4308,20.74299],[-90.43079,20.74297],[-90.43078,20.74297],[-90.43075,20.74293],[-90.43069,20.74282],[-90.4307,20.74268],[-90.43069,20.7426],[-90.43066,20.74247],[-90.43067,20.74242],[-90.43067,20.74238],[-90.43067,20.74227],[-90.43066,20.74206],[-90.43064,20.74191],[-90.43057,20.74181],[-90.43057,20.74181],[-90.43055,20.74178],[-90.43052,20.74174],[-90.4305,20.74171],[-90.4305,20.74165],[-90.4305,20.74153],[-90.4305,20.74152],[-90.43049,20.74148],[-90.4305,20.74143],[-90.43051,20.74142],[-90.43051,20.74141],[-90.43052,20.7413],[-90.43053,20.74122],[-90.43057,20.74115],[-90.43058,20.74112],[-90.4306,20.74111],[-90.43064,20.74107],[-90.43069,20.74102],[-90.43072,20.74089],[-90.43071,20.74078],[-90.43063,20.74068],[-90.43061,20.74066],[-90.43057,20.7406],[-90.43057,20.7406],[-90.43057,20.74059],[-90.43059,20.74057],[-90.43061,20.74055],[-90.43062,20.74054],[-90.43063,20.74052],[-90.43063,20.74036],[-90.43062,20.74028],[-90.43061,20.74017],[-90.43061,20.74016],[-90.43061,20.74005],[-90.43061,20.74005],[-90.43062,20.73998],[-90.43063,20.73998],[-90.43066,20.73995],[-90.4307,20.73984],[-90.4307,20.73969],[-90.43069,20.73955],[-90.43061,20.73946],[-90.43052,20.73944],[-90.4305,20.73943],[-90.4305,20.73935],[-90.4305,20.73934],[-90.43049,20.73933],[-90.43048,20.73932],[-90.43048,20.7393],[-90.43049,20.73924],[-90.43052,20.73917],[-90.43049,20.73911],[-90.43047,20.73905],[-90.43044,20.73894],[-90.43042,20.73885],[-90.43041,20.7388],[-90.43042,20.73878],[-90.43044,20.73874],[-90.43048,20.7386],[-90.43049,20.73854],[-90.43051,20.73845],[-90.43051,20.73838],[-90.43051,20.73834],[-90.43051,20.73833],[-90.43051,20.73833],[-90.43052,20.73833],[-90.43053,20.73832],[-90.43055,20.73831],[-90.43058,20.7383],[-90.43061,20.73816],[-90.43061,20.7381],[-90.4306,20.73807],[-90.4306,20.738],[-90.43056,20.73798],[-90.43056,20.73795],[-90.43056,20.73795],[-90.43058,20.73794],[-90.43061,20.73792],[-90.43062,20.73787],[-90.43057,20.73787],[-90.43057,20.73781],[-90.43057,20.73779],[-90.4306,20.73779],[-90.43062,20.73779],[-90.43062,20.73779],[-90.43063,20.73776],[-90.43063,20.73774],[-90.43059,20.73767],[-90.43056,20.73761],[-90.43054,20.7376],[-90.4305,20.73756],[-90.43049,20.73755],[-90.43047,20.73751],[-90.43046,20.73743],[-90.43049,20.73737],[-90.43056,20.73731],[-90.43057,20.73724],[-90.43057,20.73717],[-90.43056,20.7371],[-90.43063,20.73706],[-90.43064,20.73698],[-90.43067,20.73692],[-90.43067,20.73691],[-90.4307,20.73685],[-90.43071,20.73683],[-90.43072,20.73678],[-90.43072,20.73676],[-90.43071,20.73675],[-90.43068,20.73671],[-90.43066,20.73665],[-90.43065,20.73659],[-90.43068,20.73656],[-90.43069,20.73652],[-90.4307,20.73651],[-90.43072,20.73651],[-90.43076,20.7365],[-90.43076,20.7365],[-90.43078,20.73649],[-90.4308,20.73648],[-90.43081,20.73647],[-90.43085,20.73642],[-90.43088,20.73633],[-90.43089,20.73626],[-90.43094,20.73615],[-90.43099,20.73603],[-90.43099,20.73602],[-90.43102,20.73601],[-90.43104,20.73601],[-90.43106,20.73598],[-90.43103,20.73586],[-90.43104,20.73576],[-90.43107,20.73568],[-90.43112,20.73559],[-90.43112,20.73552],[-90.43115,20.73549],[-90.43117,20.73539],[-90.43116,20.73536],[-90.43115,20.73534],[-90.43113,20.7353],[-90.43108,20.73525],[-90.43108,20.73525],[-90.43109,20.73524],[-90.43118,20.73515],[-90.43117,20.73506],[-90.4312,20.73495],[-90.43121,20.73489],[-90.43126,20.73471],[-90.43126,20.7347],[-90.43129,20.73469],[-90.43132,20.73468],[-90.43132,20.73467],[-90.43132,20.73466],[-90.43137,20.73465],[-90.43138,20.73465],[-90.43139,20.73465],[-90.4314,20.73463],[-90.43146,20.73454],[-90.43147,20.73453],[-90.43147,20.73451],[-90.43148,20.73447],[-90.43148,20.73443],[-90.43147,20.73435],[-90.43148,20.73432],[-90.43155,20.73426],[-90.43165,20.73414],[-90.43167,20.73408],[-90.43167,20.73406],[-90.43174,20.73399],[-90.43175,20.73398],[-90.43176,20.73398],[-90.43181,20.73396],[-90.43184,20.73395],[-90.43189,20.73385],[-90.4319,20.73384],[-90.43195,20.73383],[-90.43197,20.73382],[-90.43205,20.73373],[-90.43211,20.73369],[-90.43213,20.73368],[-90.43218,20.73365],[-90.43219,20.73363],[-90.43232,20.73358],[-90.43235,20.73356],[-90.43238,20.73355],[-90.43239,20.73352],[-90.43239,20.73351],[-90.43239,20.7335],[-90.4324,20.73348],[-90.43247,20.73349],[-90.43249,20.7335],[-90.43251,20.73349],[-90.43252,20.73348],[-90.43255,20.73347],[-90.43256,20.73341],[-90.43257,20.73339],[-90.43267,20.73338],[-90.43269,20.73338],[-90.43274,20.73332],[-90.4328,20.73319],[-90.43285,20.73317],[-90.43286,20.73314],[-90.43286,20.73314],[-90.43291,20.73312],[-90.43293,20.73311],[-90.43297,20.73302],[-90.43301,20.73299],[-90.43307,20.73289],[-90.43308,20.73288],[-90.43309,20.73287],[-90.4331,20.73286],[-90.43311,20.73284],[-90.43312,20.73277],[-90.4331,20.73275],[-90.43311,20.73273],[-90.43303,20.73269],[-90.43265,20.73265],[-90.43257,20.73271],[-90.43244,20.73285],[-90.4324,20.73287],[-90.4324,20.73266],[-90.43246,20.73262],[-90.43249,20.73261],[-90.43257,20.73257],[-90.43258,20.73257],[-90.43269,20.73249],[-90.43271,20.73248],[-90.43272,20.73247],[-90.43282,20.73232],[-90.43293,20.73222],[-90.43298,20.73209],[-90.43305,20.73199],[-90.43307,20.73192],[-90.43308,20.7319],[-90.43308,20.73187],[-90.43308,20.73186],[-90.43309,20.73177],[-90.43313,20.73173],[-90.43318,20.73164],[-90.4332,20.7315],[-90.4332,20.73149],[-90.43327,20.73147],[-90.43327,20.73147],[-90.43329,20.73147],[-90.43336,20.73135],[-90.43338,20.73133],[-90.43347,20.73113],[-90.43347,20.73109],[-90.43349,20.73099],[-90.4335,20.73092],[-90.4335,20.73092],[-90.4335,20.73092],[-90.4335,20.73091],[-90.43347,20.73084],[-90.43347,20.73083],[-90.43347,20.73081],[-90.43347,20.73069],[-90.43347,20.73068],[-90.43347,20.73067],[-90.43345,20.73063],[-90.43345,20.73062],[-90.43345,20.73056],[-90.43345,20.73056],[-90.43345,20.73056],[-90.4335,20.73054],[-90.43353,20.73052],[-90.43356,20.73051],[-90.43353,20.73043],[-90.43346,20.7304],[-90.43343,20.73039],[-90.43341,20.73039],[-90.43336,20.73038],[-90.43335,20.73037],[-90.43335,20.73037],[-90.43336,20.73025],[-90.43338,20.73012],[-90.43338,20.73007],[-90.43338,20.73001],[-90.43338,20.72987],[-90.43342,20.72981],[-90.43345,20.72976],[-90.43349,20.72971],[-90.43353,20.72968],[-90.43356,20.72965],[-90.43358,20.72963],[-90.43363,20.72959],[-90.43363,20.72956],[-90.43363,20.72954],[-90.43364,20.72952],[-90.43365,20.72937],[-90.43366,20.72935],[-90.43368,20.72929],[-90.43372,20.72915],[-90.43378,20.72911],[-90.43384,20.72907],[-90.43386,20.72905],[-90.43388,20.72892],[-90.43388,20.72892],[-90.43388,20.72883],[-90.43388,20.72883],[-90.4339,20.72881],[-90.43392,20.7288],[-90.43396,20.72876],[-90.43396,20.72864],[-90.43396,20.72859],[-90.43395,20.72857],[-90.43393,20.72854],[-90.43395,20.72848],[-90.43393,20.72844],[-90.43391,20.72837],[-90.43389,20.72832],[-90.43388,20.72828],[-90.43389,20.72825],[-90.43389,20.72818],[-90.43389,20.72817],[-90.43391,20.72816],[-90.43395,20.72812],[-90.434,20.72806],[-90.43401,20.72806],[-90.43402,20.72805],[-90.43409,20.72798],[-90.4341,20.72798],[-90.43418,20.72791],[-90.43431,20.7278],[-90.43438,20.7277],[-90.43442,20.72757],[-90.43448,20.72743],[-90.43453,20.72733],[-90.43455,20.72729],[-90.43458,20.72724],[-90.43459,20.72723],[-90.43462,20.72718],[-90.43463,20.72717],[-90.43466,20.72709],[-90.43469,20.72704],[-90.43469,20.72704],[-90.43469,20.72704],[-90.43472,20.727],[-90.43475,20.72696],[-90.43475,20.72696],[-90.43478,20.72695],[-90.43479,20.72694],[-90.43479,20.72694],[-90.43482,20.72693],[-90.43484,20.72689],[-90.43486,20.72688],[-90.43488,20.72688],[-90.4349,20.72687],[-90.43492,20.72685],[-90.43494,20.72683],[-90.43505,20.72671],[-90.43507,20.72666],[-90.43507,20.72666],[-90.4351,20.72659],[-90.43518,20.72647],[-90.43518,20.72647],[-90.43531,20.72641],[-90.43532,20.72641],[-90.43536,20.72639],[-90.43536,20.72639],[-90.43542,20.72636],[-90.43545,20.72634],[-90.43553,20.72629],[-90.43563,20.72623],[-90.43571,20.72617],[-90.43582,20.7261],[-90.43595,20.72602],[-90.43598,20.72597],[-90.43599,20.72596],[-90.43601,20.72595],[-90.43606,20.72594],[-90.43614,20.72593],[-90.43627,20.7259],[-90.4364,20.72585],[-90.43647,20.72585],[-90.43648,20.72585],[-90.43652,20.72581],[-90.43653,20.72579],[-90.43664,20.72578],[-90.43667,20.72577],[-90.43667,20.72574],[-90.43667,20.72574],[-90.43681,20.72568],[-90.43681,20.72568],[-90.43697,20.72559],[-90.43699,20.72557],[-90.43707,20.72554],[-90.43712,20.72552],[-90.43726,20.72545],[-90.43735,20.72543],[-90.43743,20.72541],[-90.43748,20.7254],[-90.43756,20.72538],[-90.43758,20.72543],[-90.4376,20.72542],[-90.43762,20.72541],[-90.43766,20.72536],[-90.43766,20.72536],[-90.43771,20.72534],[-90.43783,20.72529],[-90.43795,20.72526],[-90.43798,20.72525],[-90.43799,20.72522],[-90.43799,20.72522],[-90.43812,20.72515],[-90.4383,20.72505],[-90.43837,20.72506],[-90.43846,20.72501],[-90.43852,20.72498],[-90.43862,20.72497],[-90.43872,20.72496],[-90.4388,20.72492],[-90.43889,20.72493],[-90.43903,20.7249],[-90.4392,20.72487],[-90.43926,20.72484],[-90.43928,20.72483],[-90.43935,20.72474],[-90.43937,20.72471],[-90.43934,20.72463],[-90.43933,20.7246],[-90.43937,20.72453],[-90.43937,20.72453],[-90.43938,20.72452],[-90.43946,20.72449],[-90.43948,20.72448],[-90.43954,20.72442],[-90.43957,20.72432],[-90.43964,20.72425],[-90.43968,20.7242],[-90.4397,20.72418],[-90.43973,20.72419],[-90.43975,20.72419],[-90.43976,20.72415],[-90.43978,20.72402],[-90.43979,20.72399],[-90.43982,20.72397],[-90.43984,20.72395],[-90.43988,20.72395],[-90.4399,20.72395],[-90.43991,20.72395],[-90.43994,20.72392],[-90.43994,20.72391],[-90.43994,20.72385],[-90.43994,20.72385],[-90.44,20.72382],[-90.44003,20.72388],[-90.44003,20.72389],[-90.44004,20.72389],[-90.44006,20.7239],[-90.44007,20.72387],[-90.44007,20.72385],[-90.44008,20.72383],[-90.44015,20.72383],[-90.44015,20.72387],[-90.44015,20.7239],[-90.44017,20.7239],[-90.4402,20.7239],[-90.4402,20.72388],[-90.4402,20.72388],[-90.4402,20.72387],[-90.44026,20.72387],[-90.44027,20.72389],[-90.44027,20.7239],[-90.44034,20.72393],[-90.44046,20.72391],[-90.44046,20.72391],[-90.44056,20.72385],[-90.44059,20.72382],[-90.44066,20.72377],[-90.44071,20.72369],[-90.44071,20.72363],[-90.44074,20.72358],[-90.44074,20.72344],[-90.44074,20.72328],[-90.44074,20.72312],[-90.44078,20.72308],[-90.44079,20.72308],[-90.4408,20.72308],[-90.44085,20.72304],[-90.44085,20.72301],[-90.44085,20.72301],[-90.44085,20.72298],[-90.44087,20.72299],[-90.44089,20.72299],[-90.4409,20.723],[-90.44092,20.72298],[-90.44091,20.72295],[-90.44091,20.72295],[-90.44091,20.72295],[-90.44093,20.72293],[-90.44096,20.72292],[-90.441,20.72296],[-90.44103,20.72297],[-90.44103,20.72297],[-90.44103,20.72297],[-90.44105,20.72297],[-90.44106,20.72294],[-90.44106,20.72294],[-90.44106,20.72293],[-90.44106,20.72287],[-90.44107,20.72283],[-90.44108,20.72282],[-90.4411,20.72281],[-90.44113,20.72281],[-90.44117,20.72272],[-90.44122,20.7227],[-90.44124,20.72269],[-90.44126,20.72268],[-90.44129,20.72266],[-90.44129,20.72257],[-90.44129,20.72256],[-90.44134,20.72249],[-90.44136,20.72247],[-90.44139,20.72248],[-90.44142,20.72249],[-90.44145,20.72248],[-90.44147,20.72247],[-90.44148,20.72246],[-90.4415,20.72244],[-90.44154,20.72244],[-90.44155,20.72244],[-90.4416,20.7224],[-90.44158,20.72236],[-90.44161,20.72234],[-90.44161,20.72231],[-90.44162,20.72228],[-90.44162,20.72227],[-90.4417,20.72223],[-90.44172,20.72223],[-90.44176,20.72225],[-90.44176,20.72225],[-90.44181,20.72223],[-90.44179,20.72219],[-90.44177,20.72216],[-90.44178,20.72216],[-90.4418,20.72214],[-90.44183,20.72216],[-90.44184,20.72217],[-90.44186,20.72217],[-90.44189,20.72216],[-90.44189,20.72212],[-90.44189,20.72212],[-90.44189,20.72212],[-90.44191,20.72209],[-90.44192,20.7221],[-90.44195,20.72212],[-90.44196,20.72213],[-90.44201,20.72208],[-90.44203,20.72204],[-90.44203,20.72203],[-90.44204,20.72202],[-90.44205,20.72202],[-90.44215,20.72201],[-90.44216,20.72201],[-90.44226,20.72194],[-90.44233,20.72189],[-90.44238,20.72186],[-90.4424,20.72184],[-90.44243,20.72184],[-90.44251,20.7218],[-90.44258,20.72176],[-90.44265,20.72172],[-90.44265,20.72173],[-90.44273,20.72169],[-90.44279,20.72168],[-90.44285,20.72165],[-90.44296,20.72159],[-90.44305,20.72156],[-90.44315,20.72155],[-90.44322,20.72153],[-90.44335,20.72149],[-90.44337,20.72149],[-90.4434,20.72145],[-90.44341,20.72144],[-90.44344,20.72143],[-90.44347,20.72141],[-90.44351,20.72136],[-90.44351,20.72135],[-90.44358,20.72133],[-90.44359,20.72132],[-90.44362,20.7213],[-90.44362,20.7213],[-90.44374,20.72123],[-90.44378,20.72122],[-90.4438,20.72122],[-90.44383,20.72116],[-90.44387,20.72109],[-90.44387,20.72108],[-90.4439,20.72107],[-90.44393,20.72105],[-90.44393,20.72099],[-90.44393,20.72098],[-90.44397,20.72092],[-90.444,20.72091],[-90.44401,20.7209],[-90.44404,20.72088],[-90.44404,20.72082],[-90.44404,20.7208],[-90.44405,20.72077],[-90.44408,20.72075],[-90.44413,20.7207],[-90.44413,20.72064],[-90.44415,20.72062],[-90.44417,20.72056],[-90.44419,20.72052],[-90.44419,20.72046],[-90.44418,20.72041],[-90.44422,20.72036],[-90.44424,20.72033],[-90.44434,20.72015],[-90.44434,20.72009],[-90.44435,20.72001],[-90.44435,20.71999],[-90.4444,20.71999],[-90.4444,20.71999],[-90.44443,20.71998],[-90.44444,20.71992],[-90.44444,20.71989],[-90.44444,20.71986],[-90.44447,20.71988],[-90.44451,20.71989],[-90.44455,20.71989],[-90.44456,20.71988],[-90.44462,20.71984],[-90.44466,20.71978],[-90.44475,20.71971],[-90.4448,20.71965],[-90.44484,20.71957],[-90.44485,20.71946],[-90.44486,20.71944],[-90.44487,20.71943],[-90.44489,20.71939],[-90.4449,20.71938],[-90.44491,20.71938],[-90.44492,20.71937],[-90.44495,20.71937],[-90.44496,20.71932],[-90.44494,20.71932],[-90.44492,20.71932],[-90.44493,20.71927],[-90.44496,20.71921],[-90.44502,20.71914],[-90.44504,20.71911],[-90.44506,20.71909],[-90.44506,20.71908],[-90.4452,20.719],[-90.44521,20.71899],[-90.44533,20.71892],[-90.44541,20.71893],[-90.44541,20.71893],[-90.44546,20.7189],[-90.44548,20.71888],[-90.4455,20.71886],[-90.44556,20.71886],[-90.44558,20.71886],[-90.44559,20.71882],[-90.44559,20.71881],[-90.44559,20.71881],[-90.44559,20.71879],[-90.44562,20.71878],[-90.44562,20.7188],[-90.44563,20.71882],[-90.44565,20.71881],[-90.44567,20.71881],[-90.44568,20.7188],[-90.4457,20.71878],[-90.44573,20.7188],[-90.44578,20.7188],[-90.44581,20.7188],[-90.44581,20.71874],[-90.44586,20.71871],[-90.44586,20.71868],[-90.44586,20.71868],[-90.44586,20.71865],[-90.44589,20.71866],[-90.44591,20.71867],[-90.44591,20.71867],[-90.44595,20.71864],[-90.44598,20.71862],[-90.446,20.71857],[-90.446,20.71855],[-90.44602,20.71854],[-90.44603,20.71853],[-90.44605,20.71853],[-90.4461,20.71855],[-90.4461,20.71855],[-90.44612,20.71853],[-90.44615,20.71846],[-90.44616,20.71844],[-90.44618,20.71845],[-90.44621,20.71846],[-90.44622,20.71837],[-90.44624,20.71833],[-90.44624,20.71833],[-90.44624,20.71833],[-90.4463,20.71828],[-90.44636,20.71822],[-90.44636,20.71821],[-90.44642,20.71809],[-90.44648,20.71796],[-90.44649,20.71795],[-90.44651,20.71792],[-90.44653,20.71794],[-90.44661,20.71792],[-90.44662,20.71796],[-90.44664,20.71797],[-90.44666,20.71797],[-90.44666,20.71798],[-90.44667,20.71798],[-90.44667,20.71798],[-90.44674,20.71793],[-90.44675,20.71793],[-90.44676,20.71792],[-90.44686,20.71784],[-90.44694,20.71777],[-90.44698,20.71771],[-90.44699,20.71771],[-90.447,20.7177],[-90.44701,20.7177],[-90.44704,20.71768],[-90.44706,20.71768],[-90.44713,20.71761],[-90.44715,20.71754],[-90.44719,20.71748],[-90.44719,20.71747],[-90.44719,20.71746],[-90.44718,20.71742],[-90.44718,20.7174],[-90.44719,20.71732],[-90.44724,20.71729],[-90.44725,20.71728],[-90.44725,20.71726],[-90.44731,20.71726],[-90.44732,20.71726],[-90.44733,20.71726],[-90.44734,20.71725],[-90.44734,20.71722],[-90.44739,20.71718],[-90.4474,20.71717],[-90.44745,20.71715],[-90.44749,20.71714],[-90.44755,20.71712],[-90.44756,20.71711],[-90.44756,20.71711],[-90.44758,20.71711],[-90.44758,20.71709],[-90.44759,20.71709],[-90.4476,20.71704],[-90.44764,20.71699],[-90.44767,20.71694],[-90.44768,20.71693],[-90.44773,20.71691],[-90.44774,20.7169],[-90.44776,20.71689],[-90.4478,20.71685],[-90.4479,20.71672],[-90.4479,20.71672],[-90.44796,20.71669],[-90.44799,20.71667],[-90.44806,20.71659],[-90.44807,20.71657],[-90.44818,20.71655],[-90.44823,20.71654],[-90.44823,20.71654],[-90.44824,20.71653],[-90.44829,20.71651],[-90.44831,20.71651],[-90.44834,20.71647],[-90.44835,20.71646],[-90.44837,20.71644],[-90.44848,20.7163],[-90.4485,20.71628],[-90.44851,20.71628],[-90.4485,20.71627],[-90.44849,20.71625],[-90.44848,20.71625],[-90.44846,20.71622],[-90.44845,20.7161],[-90.44847,20.71602],[-90.44851,20.71598],[-90.44852,20.71597],[-90.44857,20.71596],[-90.44859,20.71595],[-90.4486,20.71595],[-90.44862,20.71594],[-90.44864,20.71586],[-90.44864,20.71583],[-90.44864,20.71582],[-90.44865,20.71582],[-90.44866,20.71582],[-90.44867,20.71581],[-90.44869,20.7158],[-90.44869,20.71571],[-90.44869,20.71567],[-90.44869,20.71563],[-90.44869,20.71562],[-90.4487,20.71561],[-90.44871,20.71561],[-90.44871,20.71561],[-90.44873,20.71561],[-90.44875,20.71552],[-90.44873,20.7155],[-90.44873,20.71546],[-90.44874,20.71544],[-90.44874,20.71538],[-90.44874,20.71537],[-90.44874,20.71531],[-90.44874,20.71527],[-90.44875,20.71526],[-90.44875,20.71526],[-90.44877,20.71523],[-90.44879,20.71519],[-90.44877,20.71517],[-90.44875,20.71515],[-90.44874,20.71514],[-90.44873,20.71513],[-90.44865,20.71512],[-90.44866,20.71505],[-90.44867,20.71503],[-90.44868,20.71502],[-90.4487,20.71502],[-90.44872,20.71501],[-90.44876,20.71495],[-90.44876,20.71494],[-90.44878,20.71491],[-90.44878,20.71491],[-90.44883,20.7148],[-90.44885,20.71474],[-90.44885,20.71474],[-90.44887,20.7147],[-90.44888,20.71469],[-90.44888,20.71469],[-90.44891,20.71468],[-90.4489,20.71463],[-90.44894,20.71454],[-90.44895,20.71449],[-90.44901,20.71444],[-90.44901,20.71437],[-90.44907,20.71432],[-90.44909,20.7143],[-90.44914,20.7143],[-90.44914,20.71431],[-90.44914,20.71433],[-90.44916,20.71436],[-90.44921,20.71436],[-90.44922,20.71436],[-90.44925,20.71434],[-90.44924,20.71426],[-90.44924,20.71422],[-90.44924,20.71422],[-90.44924,20.7142],[-90.44926,20.7142],[-90.44938,20.7142],[-90.4494,20.7142],[-90.44945,20.71403],[-90.44943,20.71402],[-90.44943,20.71401],[-90.44943,20.71398],[-90.44939,20.71395],[-90.44938,20.71393],[-90.44938,20.7139],[-90.44938,20.71388],[-90.44942,20.71388],[-90.44951,20.71387],[-90.44952,20.71387],[-90.44953,20.71386],[-90.44953,20.71386],[-90.44956,20.71386],[-90.44956,20.71376],[-90.44956,20.71365],[-90.44956,20.71364],[-90.44954,20.7136],[-90.44952,20.71356],[-90.44954,20.71349],[-90.44954,20.71348],[-90.44954,20.71348],[-90.44955,20.71347],[-90.44957,20.71347],[-90.44957,20.71347],[-90.44957,20.71346],[-90.44957,20.7134],[-90.44956,20.71339],[-90.44953,20.71336],[-90.44957,20.71327],[-90.44956,20.71323],[-90.44956,20.71316],[-90.44958,20.71313],[-90.4496,20.7131],[-90.44961,20.71309],[-90.44961,20.71307],[-90.44961,20.71306],[-90.44961,20.71305],[-90.44962,20.71305],[-90.44966,20.71304],[-90.44966,20.71304],[-90.44966,20.71306],[-90.44966,20.71307],[-90.44969,20.71309],[-90.44969,20.71309],[-90.4497,20.71308],[-90.44971,20.71308],[-90.44973,20.71307],[-90.44978,20.71306],[-90.44981,20.71306],[-90.4498,20.713],[-90.44981,20.71299],[-90.44981,20.71298],[-90.44982,20.71289],[-90.44984,20.71278],[-90.44988,20.71271],[-90.44988,20.71266],[-90.44984,20.7126],[-90.44984,20.7126],[-90.44983,20.71252],[-90.44983,20.71248],[-90.44986,20.71243],[-90.44986,20.71239],[-90.44988,20.71233],[-90.44989,20.71231],[-90.4499,20.71227],[-90.44993,20.71219],[-90.44996,20.71215],[-90.45,20.71212],[-90.45001,20.71205],[-90.45001,20.71204],[-90.45008,20.71203],[-90.45009,20.71203],[-90.45009,20.71203],[-90.4501,20.71203],[-90.45011,20.71203],[-90.45014,20.71202],[-90.45016,20.71197],[-90.45015,20.71195],[-90.45015,20.71194],[-90.45014,20.71191],[-90.45014,20.71191],[-90.45013,20.7119],[-90.45012,20.71187],[-90.45015,20.71188],[-90.45016,20.71188],[-90.45016,20.71188],[-90.45019,20.71186],[-90.45022,20.71181],[-90.45022,20.71177],[-90.45022,20.71172],[-90.45023,20.71168],[-90.45023,20.71166],[-90.45028,20.71167],[-90.45029,20.71166],[-90.45029,20.71166],[-90.45031,20.71166],[-90.45033,20.71165],[-90.45035,20.71164],[-90.45039,20.71157],[-90.4504,20.71149],[-90.45038,20.71146],[-90.45038,20.71146],[-90.45037,20.71145],[-90.45036,20.71144],[-90.45036,20.7114],[-90.45023,20.71121],[-90.45025,20.71118],[-90.45027,20.71115],[-90.45034,20.71126],[-90.4504,20.71127],[-90.45043,20.71126],[-90.45043,20.71126],[-90.45044,20.71126],[-90.45045,20.71125],[-90.45046,20.71125],[-90.45048,20.7112],[-90.45048,20.71117],[-90.45048,20.71113],[-90.45048,20.71113],[-90.45048,20.71111],[-90.45048,20.71111],[-90.4505,20.71111],[-90.4505,20.71111],[-90.45052,20.71111],[-90.45055,20.71106],[-90.45053,20.71102],[-90.45052,20.71101],[-90.45051,20.71099],[-90.45049,20.71096],[-90.45045,20.7109],[-90.45045,20.71078],[-90.45045,20.71073],[-90.45045,20.71073],[-90.45044,20.71071],[-90.45054,20.71073],[-90.45056,20.71072],[-90.45057,20.71071],[-90.45059,20.7107],[-90.45064,20.71065],[-90.45065,20.71065],[-90.45069,20.71057],[-90.45068,20.71053],[-90.45067,20.7104],[-90.45067,20.71038],[-90.45067,20.71027],[-90.45068,20.71026],[-90.4507,20.71024],[-90.4508,20.71021],[-90.4508,20.71021],[-90.45081,20.7102],[-90.45083,20.7102],[-90.45088,20.7102],[-90.45088,20.7102],[-90.45093,20.71017],[-90.45095,20.71013],[-90.45096,20.71012],[-90.45096,20.71012],[-90.45096,20.7101],[-90.45096,20.71008],[-90.45095,20.71005],[-90.45096,20.71005],[-90.45099,20.70994],[-90.45098,20.70984],[-90.45088,20.70978],[-90.4508,20.70973],[-90.45085,20.70963],[-90.45108,20.70927],[-90.45114,20.70919],[-90.45114,20.70918],[-90.45114,20.70914],[-90.45128,20.70895],[-90.45132,20.70892],[-90.45139,20.70884],[-90.45142,20.70881],[-90.45148,20.70874],[-90.45148,20.70864],[-90.45147,20.7086],[-90.45146,20.70856],[-90.45146,20.70855],[-90.45146,20.70854],[-90.45147,20.70845],[-90.45151,20.70833],[-90.45153,20.70824],[-90.45158,20.7082],[-90.45161,20.70818],[-90.4516,20.70815],[-90.45159,20.70812],[-90.45162,20.70808],[-90.45167,20.70802],[-90.45168,20.70799],[-90.45171,20.70795],[-90.4519,20.7077],[-90.45191,20.70769],[-90.45191,20.70768],[-90.45192,20.70755],[-90.45192,20.70753],[-90.45203,20.70733],[-90.45216,20.70713],[-90.45223,20.70702],[-90.45226,20.70695],[-90.45229,20.70688],[-90.45231,20.70681],[-90.45232,20.70678],[-90.45235,20.70672],[-90.45245,20.7065],[-90.45249,20.70644],[-90.45258,20.70626],[-90.45265,20.70611],[-90.45272,20.70592],[-90.45282,20.70571],[-90.4529,20.70555],[-90.45297,20.70544],[-90.45297,20.70544],[-90.45305,20.7053],[-90.4531,20.70522],[-90.4531,20.70518],[-90.4531,20.70517],[-90.45309,20.70517],[-90.45324,20.70485],[-90.45359,20.70401],[-90.45362,20.70397],[-90.45363,20.70392],[-90.45363,20.70391],[-90.45364,20.70388],[-90.45369,20.70376],[-90.45373,20.70371],[-90.45372,20.70367],[-90.45375,20.70358],[-90.4538,20.7035],[-90.45382,20.70346],[-90.45387,20.70338],[-90.45393,20.7033],[-90.45395,20.70328],[-90.45395,20.70328],[-90.45396,20.70328],[-90.454,20.70333],[-90.45401,20.70331],[-90.45398,20.70327],[-90.45397,20.70325],[-90.45397,20.70325],[-90.45397,20.70323],[-90.45397,20.7032],[-90.45399,20.70315],[-90.454,20.70308],[-90.45405,20.70301],[-90.45397,20.70292],[-90.45392,20.70291],[-90.45391,20.70287],[-90.4539,20.70281],[-90.4539,20.7028],[-90.4539,20.70273],[-90.45394,20.70261],[-90.45394,20.7026],[-90.45398,20.70254],[-90.45398,20.70254],[-90.45398,20.70254],[-90.45398,20.70253],[-90.45404,20.70233],[-90.45409,20.70218],[-90.45412,20.70212],[-90.45413,20.70208],[-90.45413,20.70207],[-90.45414,20.70203],[-90.45418,20.70191],[-90.45421,20.70186],[-90.45422,20.70184],[-90.45422,20.70184],[-90.45427,20.70181],[-90.45428,20.70173],[-90.45428,20.70171],[-90.45427,20.7017],[-90.45425,20.70168],[-90.4543,20.70153],[-90.45433,20.70144],[-90.45435,20.70141],[-90.45439,20.70133],[-90.45439,20.70128],[-90.45441,20.70125],[-90.45444,20.70122],[-90.45444,20.70122],[-90.45448,20.70118],[-90.4545,20.70117],[-90.45454,20.70116],[-90.45458,20.70116],[-90.45453,20.70106],[-90.45451,20.70105],[-90.45449,20.70105],[-90.45449,20.70105],[-90.45447,20.70101],[-90.45448,20.70096],[-90.45452,20.70093],[-90.45452,20.70092],[-90.45454,20.70091],[-90.45456,20.70089],[-90.45454,20.70086],[-90.45454,20.70086],[-90.45454,20.70083],[-90.45456,20.70075],[-90.45459,20.70069],[-90.45459,20.70068],[-90.45462,20.70064],[-90.45462,20.70064],[-90.45465,20.70061],[-90.45463,20.7006],[-90.45461,20.7006],[-90.45457,20.70059],[-90.45455,20.70053],[-90.45455,20.70049],[-90.45455,20.70049],[-90.45455,20.70047],[-90.45457,20.70044],[-90.45456,20.70043],[-90.45459,20.70041],[-90.45457,20.70039],[-90.45455,20.70037],[-90.45455,20.70037],[-90.45453,20.70037],[-90.45451,20.70036],[-90.4545,20.70033],[-90.45449,20.70029],[-90.45451,20.70025],[-90.45453,20.70021],[-90.45454,20.7002],[-90.45454,20.70016],[-90.45452,20.70014],[-90.45449,20.70011],[-90.45449,20.7001],[-90.45449,20.70005],[-90.45449,20.70003],[-90.45451,20.69997],[-90.45451,20.69997],[-90.45453,20.69989],[-90.45456,20.69985],[-90.45458,20.6998],[-90.4546,20.69977],[-90.45462,20.69975],[-90.45463,20.69974],[-90.45463,20.69974],[-90.45463,20.69974],[-90.45456,20.69971],[-90.45455,20.69971],[-90.45457,20.69964],[-90.45459,20.6995],[-90.45463,20.69943],[-90.45464,20.69941],[-90.45467,20.69938],[-90.4547,20.69935],[-90.4547,20.69934],[-90.4547,20.69934],[-90.4547,20.69933],[-90.4547,20.69932],[-90.45474,20.69933],[-90.45476,20.69933],[-90.45478,20.69934],[-90.45477,20.69935],[-90.45477,20.69937],[-90.45477,20.69937],[-90.45479,20.69938],[-90.4548,20.69937],[-90.45482,20.69929],[-90.45479,20.69929],[-90.45479,20.69931],[-90.45479,20.69932],[-90.45479,20.69932],[-90.45479,20.69932],[-90.45476,20.69932],[-90.45475,20.69931],[-90.45471,20.6993],[-90.4547,20.69921],[-90.45469,20.69919],[-90.45467,20.69914],[-90.45469,20.69905],[-90.45472,20.69897],[-90.45473,20.69895],[-90.45473,20.69895],[-90.45474,20.69889],[-90.45472,20.69886],[-90.45468,20.69884],[-90.45468,20.69879],[-90.45468,20.69879],[-90.45467,20.69875],[-90.45466,20.6987],[-90.45462,20.69864],[-90.4546,20.69859],[-90.45459,20.69851],[-90.45458,20.69846],[-90.45457,20.69845],[-90.45454,20.69841],[-90.45453,20.6984],[-90.45453,20.69839],[-90.45453,20.69839],[-90.45452,20.69839],[-90.45452,20.69839],[-90.45453,20.69839],[-90.4546,20.6984],[-90.45461,20.6984],[-90.45461,20.69846],[-90.45462,20.69846],[-90.45465,20.69846],[-90.45465,20.69841],[-90.45464,20.69839],[-90.45491,20.69838],[-90.45491,20.69842],[-90.45491,20.69842],[-90.45494,20.69841],[-90.45494,20.69833],[-90.45494,20.6983],[-90.45491,20.6983],[-90.45491,20.69831],[-90.4549,20.69833],[-90.4549,20.69834],[-90.45488,20.69835],[-90.45487,20.69835],[-90.45482,20.69835],[-90.45474,20.69836],[-90.45464,20.69836],[-90.45464,20.69835],[-90.4546,20.69835],[-90.45461,20.69837],[-90.45461,20.69837],[-90.45458,20.69837],[-90.45452,20.69837],[-90.45452,20.69837],[-90.4545,20.69835],[-90.45449,20.69834],[-90.45448,20.69834],[-90.45446,20.69831],[-90.45444,20.69827],[-90.45441,20.69822],[-90.45441,20.69822],[-90.45441,20.69822],[-90.4544,20.6982],[-90.45441,20.6982],[-90.45444,20.6982],[-90.45444,20.6982],[-90.45446,20.6982],[-90.45468,20.69818],[-90.45469,20.69821],[-90.45471,20.69821],[-90.45474,20.69821],[-90.45474,20.69819],[-90.45474,20.69818],[-90.45496,20.69816],[-90.45496,20.6982],[-90.45499,20.69819],[-90.45502,20.69819],[-90.45501,20.69811],[-90.45496,20.69812],[-90.45496,20.69813],[-90.45496,20.69815],[-90.45493,20.69815],[-90.45474,20.69816],[-90.45473,20.69813],[-90.45468,20.69813],[-90.45468,20.69814],[-90.45468,20.69816],[-90.45465,20.69817],[-90.45445,20.69818],[-90.45444,20.69818],[-90.45444,20.69818],[-90.45441,20.69818],[-90.45439,20.69818],[-90.45434,20.69802],[-90.45433,20.698],[-90.45429,20.69796],[-90.45427,20.69795],[-90.45426,20.69794],[-90.45424,20.69793],[-90.45422,20.69786],[-90.45422,20.69784],[-90.45422,20.69778],[-90.45422,20.69767],[-90.45424,20.69758],[-90.45425,20.6975],[-90.45425,20.69749],[-90.45426,20.69746],[-90.45427,20.69739],[-90.45429,20.69732],[-90.4543,20.69729],[-90.4543,20.69725],[-90.45431,20.69722],[-90.45429,20.69719],[-90.45429,20.69719],[-90.45427,20.69717],[-90.45426,20.69716],[-90.45426,20.69708],[-90.45426,20.69708],[-90.45424,20.69708],[-90.45419,20.69708],[-90.45418,20.69702],[-90.45419,20.69698],[-90.45418,20.69695],[-90.45417,20.6969],[-90.45417,20.69686],[-90.45418,20.69684],[-90.4542,20.69677],[-90.4542,20.69675],[-90.45422,20.6967],[-90.45423,20.69669],[-90.45424,20.69662],[-90.45424,20.69662],[-90.45424,20.69661],[-90.45422,20.69657],[-90.45424,20.6965],[-90.45425,20.69649],[-90.45425,20.69648],[-90.45427,20.69645],[-90.45428,20.69641],[-90.45427,20.69638],[-90.45426,20.69632],[-90.45426,20.69629],[-90.45424,20.69628],[-90.45424,20.69628],[-90.45424,20.69628],[-90.45422,20.69628],[-90.4542,20.69614],[-90.45419,20.69603],[-90.45419,20.69596],[-90.45418,20.69591],[-90.45418,20.69587],[-90.45419,20.69576],[-90.45422,20.69572],[-90.45423,20.6957],[-90.45425,20.69567],[-90.45421,20.69566],[-90.45421,20.69565],[-90.45418,20.69563],[-90.45419,20.69551],[-90.45421,20.69547],[-90.45422,20.69544],[-90.45423,20.69543],[-90.45424,20.69542],[-90.45423,20.69542],[-90.4542,20.69541],[-90.4542,20.69541],[-90.45418,20.69537],[-90.45418,20.6953],[-90.45417,20.69522],[-90.45419,20.69512],[-90.45419,20.69512],[-90.45419,20.69512],[-90.4542,20.69507],[-90.45419,20.69504],[-90.45418,20.69501],[-90.45416,20.69494],[-90.45415,20.69492],[-90.45415,20.69489],[-90.45415,20.69487],[-90.45415,20.6948],[-90.45413,20.6948],[-90.45411,20.69479],[-90.45411,20.69479],[-90.45407,20.69478],[-90.45408,20.69469],[-90.45409,20.69464],[-90.45412,20.69455],[-90.45415,20.69447],[-90.45416,20.69446],[-90.45418,20.69442],[-90.45419,20.69441],[-90.45424,20.69434],[-90.45426,20.6943],[-90.45427,20.69428],[-90.45426,20.69424],[-90.45421,20.69425],[-90.45421,20.69424],[-90.4542,20.69421],[-90.45434,20.69351],[-90.45441,20.69328],[-90.45442,20.69301],[-90.45437,20.69278],[-90.4543,20.69253],[-90.45429,20.6925],[-90.4543,20.6925],[-90.45431,20.6925],[-90.45434,20.69249],[-90.45432,20.69245],[-90.4543,20.69245],[-90.45427,20.69246],[-90.45424,20.69236],[-90.45412,20.69213],[-90.45395,20.69183],[-90.45391,20.69173],[-90.45392,20.69173],[-90.45395,20.69172],[-90.45394,20.69168],[-90.45389,20.6917],[-90.45373,20.69137],[-90.45362,20.69114],[-90.4536,20.69106],[-90.45361,20.69105],[-90.45362,20.69102],[-90.45362,20.691],[-90.45361,20.69098],[-90.45359,20.69096],[-90.45357,20.69095],[-90.45355,20.69094],[-90.45355,20.69092],[-90.45354,20.69088],[-90.45354,20.69087],[-90.45355,20.69087],[-90.45356,20.69087],[-90.45356,20.69086],[-90.4536,20.69086],[-90.45359,20.69083],[-90.45354,20.69083],[-90.45353,20.69083],[-90.45349,20.69068],[-90.45348,20.69066],[-90.45346,20.69059],[-90.45342,20.6904],[-90.45339,20.69028],[-90.45338,20.69024],[-90.45336,20.69015],[-90.45337,20.69015],[-90.45337,20.69015],[-90.4534,20.69013],[-90.45366,20.69002],[-90.45369,20.69],[-90.4537,20.68998],[-90.45371,20.68997],[-90.45417,20.68977],[-90.45475,20.68955],[-90.45478,20.68962],[-90.45483,20.6896],[-90.45485,20.68959],[-90.45488,20.68958],[-90.4548,20.68941],[-90.4547,20.68945],[-90.4547,20.68945],[-90.45471,20.68946],[-90.45473,20.68953],[-90.4547,20.68954],[-90.4547,20.68954],[-90.45412,20.68976],[-90.4537,20.68994],[-90.45365,20.68994],[-90.45339,20.69003],[-90.45331,20.69006],[-90.45326,20.69006],[-90.45322,20.69005],[-90.4532,20.68997],[-90.4532,20.68992],[-90.4532,20.68991],[-90.4532,20.68987],[-90.4532,20.68984],[-90.4532,20.6898],[-90.4532,20.68976],[-90.4532,20.68974],[-90.4532,20.68974],[-90.45322,20.68974],[-90.45322,20.6897],[-90.45318,20.6897],[-90.45318,20.6897],[-90.45314,20.68959],[-90.45311,20.68951],[-90.45311,20.68945],[-90.4531,20.68943],[-90.4531,20.68932],[-90.4531,20.68931],[-90.45311,20.68931],[-90.4533,20.6893],[-90.45339,20.6893],[-90.45342,20.68929],[-90.45342,20.68927],[-90.45319,20.68928],[-90.45318,20.68926],[-90.4531,20.68926],[-90.45309,20.68926],[-90.45308,20.68922],[-90.45308,20.68918],[-90.45308,20.68915],[-90.45308,20.68909],[-90.45307,20.68896],[-90.45307,20.68885],[-90.45307,20.68882],[-90.45305,20.68872],[-90.45304,20.68867],[-90.45302,20.68858],[-90.45301,20.68855],[-90.45298,20.68841],[-90.45297,20.68833],[-90.45295,20.68824],[-90.45293,20.68814],[-90.45292,20.68807],[-90.45291,20.68792],[-90.45291,20.6879],[-90.4529,20.6879],[-90.4529,20.68786],[-90.4529,20.68785],[-90.45288,20.68783],[-90.45286,20.68779],[-90.45282,20.68772],[-90.45277,20.68766],[-90.45277,20.68765],[-90.45273,20.68754],[-90.45272,20.68749],[-90.45272,20.68741],[-90.45272,20.68736],[-90.45273,20.68732],[-90.45273,20.68732],[-90.45273,20.68727],[-90.45275,20.6872],[-90.45274,20.68717],[-90.45276,20.68711],[-90.45277,20.68706],[-90.45278,20.68701],[-90.45283,20.68687],[-90.45284,20.68676],[-90.45284,20.68675],[-90.45284,20.68673],[-90.45288,20.68673],[-90.4529,20.68674],[-90.45291,20.68674],[-90.45292,20.68669],[-90.45292,20.68669],[-90.45287,20.68667],[-90.45292,20.68656],[-90.45293,20.68654],[-90.45294,20.68651],[-90.45294,20.68649],[-90.45295,20.68647],[-90.45294,20.68643],[-90.45294,20.68642],[-90.45294,20.6864],[-90.45294,20.6864],[-90.45296,20.6864],[-90.45297,20.6864],[-90.45299,20.68641],[-90.45302,20.68641],[-90.45302,20.68642],[-90.45302,20.68642],[-90.45302,20.68642],[-90.45304,20.68643],[-90.45304,20.68642],[-90.45305,20.68642],[-90.45317,20.68644],[-90.45317,20.68642],[-90.45314,20.68642],[-90.45305,20.6864],[-90.45305,20.68639],[-90.45303,20.68638],[-90.45302,20.6864],[-90.45298,20.68639],[-90.45296,20.68638],[-90.45294,20.68637],[-90.45293,20.68637],[-90.45291,20.68634],[-90.45289,20.6863],[-90.45278,20.68618],[-90.45278,20.68616],[-90.45277,20.68614],[-90.45277,20.68611],[-90.45277,20.68611],[-90.45278,20.68608],[-90.45279,20.68604],[-90.4528,20.68603],[-90.4528,20.68602],[-90.4528,20.68602],[-90.45281,20.68599],[-90.45282,20.68597],[-90.45281,20.68593],[-90.45279,20.6859],[-90.45279,20.6859],[-90.45279,20.68588],[-90.45277,20.68586],[-90.45277,20.68586],[-90.45274,20.68584],[-90.45269,20.68582],[-90.45268,20.68578],[-90.45268,20.68577],[-90.45255,20.68573],[-90.45255,20.68576],[-90.45255,20.6858],[-90.45255,20.68584],[-90.45255,20.68586],[-90.45252,20.68589],[-90.4525,20.68594],[-90.45251,20.686],[-90.45211,20.68642],[-90.45201,20.6865],[-90.452,20.68651],[-90.45199,20.68651],[-90.45197,20.68652],[-90.45196,20.68654],[-90.45195,20.68655],[-90.45187,20.68663],[-90.45187,20.68663],[-90.45184,20.68669],[-90.45183,20.68673],[-90.45183,20.68674],[-90.45182,20.68675],[-90.45182,20.68681],[-90.45182,20.68689],[-90.45182,20.68693],[-90.45183,20.68695],[-90.45185,20.68702],[-90.45187,20.68704],[-90.45188,20.68705],[-90.45189,20.68707],[-90.45196,20.68727],[-90.45202,20.68734],[-90.45207,20.68741],[-90.45211,20.68742],[-90.45215,20.68743],[-90.45216,20.68752],[-90.45216,20.68758],[-90.45216,20.68759],[-90.45213,20.68759],[-90.45213,20.68759],[-90.4521,20.68759],[-90.4521,20.68759],[-90.4521,20.68759],[-90.4521,20.68759],[-90.4521,20.68759],[-90.4521,20.6876],[-90.4521,20.68761],[-90.4521,20.68761],[-90.4521,20.68762],[-90.45211,20.68765],[-90.45212,20.68771],[-90.45223,20.6877],[-90.45229,20.6877],[-90.45231,20.68782],[-90.45232,20.68793],[-90.45231,20.68793],[-90.4523,20.68801],[-90.4523,20.68802],[-90.4523,20.68802],[-90.45235,20.68802],[-90.45235,20.68813],[-90.45234,20.68813],[-90.45232,20.68813],[-90.45228,20.68814],[-90.45225,20.68814],[-90.45225,20.68815],[-90.45225,20.68817],[-90.45225,20.68828],[-90.45228,20.68828],[-90.45234,20.68829],[-90.45232,20.68845],[-90.4523,20.68861],[-90.45224,20.68879],[-90.45223,20.68879],[-90.45222,20.6888],[-90.45222,20.68882],[-90.45219,20.68897],[-90.45219,20.68907],[-90.45217,20.68907],[-90.45216,20.68907],[-90.45215,20.68907],[-90.45215,20.68909],[-90.45215,20.68909],[-90.45214,20.68914],[-90.45218,20.68915],[-90.45216,20.68923],[-90.45215,20.68926],[-90.45212,20.68933],[-90.4521,20.68937],[-90.4521,20.68938],[-90.45208,20.68947],[-90.45208,20.68949],[-90.45206,20.68948],[-90.45205,20.68948],[-90.45199,20.68947],[-90.45199,20.68947],[-90.45199,20.68948],[-90.45198,20.68949],[-90.45195,20.68948],[-90.45193,20.68947],[-90.45177,20.68943],[-90.45177,20.68945],[-90.45192,20.6895],[-90.45194,20.6895],[-90.45195,20.6895],[-90.45196,20.68951],[-90.45198,20.68951],[-90.45197,20.68954],[-90.45198,20.68954],[-90.45213,20.68958],[-90.4521,20.6897],[-90.45208,20.68982],[-90.45208,20.68983],[-90.45205,20.68983],[-90.45203,20.68983],[-90.45202,20.68983],[-90.45201,20.68985],[-90.452,20.68986],[-90.45201,20.68987],[-90.45204,20.68991],[-90.45197,20.69006],[-90.45197,20.69007],[-90.45201,20.6901],[-90.45201,20.6901],[-90.45202,20.69014],[-90.45203,20.69018],[-90.45206,20.69021],[-90.45207,20.69022],[-90.45209,20.69027],[-90.45207,20.69036],[-90.45205,20.69036],[-90.45205,20.69036],[-90.45203,20.69036],[-90.45202,20.69036],[-90.452,20.69037],[-90.452,20.69039],[-90.452,20.6904],[-90.45201,20.69042],[-90.45203,20.69045],[-90.45193,20.69052],[-90.45191,20.69053],[-90.45182,20.69058],[-90.45181,20.69058],[-90.45181,20.69057],[-90.45171,20.69049],[-90.45167,20.69046],[-90.45156,20.69038],[-90.4515,20.69036],[-90.45146,20.69027],[-90.4514,20.69025],[-90.45139,20.69027],[-90.45137,20.69029],[-90.45133,20.69035],[-90.45131,20.69038],[-90.45131,20.69042],[-90.45132,20.69046],[-90.45148,20.69053],[-90.45167,20.69066],[-90.45169,20.6907],[-90.45169,20.69073],[-90.45169,20.69076],[-90.4517,20.6908],[-90.45174,20.69084],[-90.45173,20.69086],[-90.45173,20.69087],[-90.45173,20.69088],[-90.45189,20.69102],[-90.45199,20.69111],[-90.452,20.69112],[-90.4521,20.69119],[-90.45222,20.69131],[-90.45223,20.69131],[-90.45222,20.69132],[-90.45221,20.69134],[-90.45222,20.69135],[-90.45222,20.69135],[-90.45226,20.69142],[-90.45226,20.69149],[-90.45226,20.69164],[-90.45225,20.69165],[-90.45219,20.69174],[-90.45219,20.69174],[-90.45218,20.69185],[-90.45218,20.69201],[-90.45218,20.69202],[-90.45217,20.69209],[-90.45221,20.69213],[-90.45225,20.69218],[-90.45236,20.69227],[-90.45239,20.6923],[-90.4525,20.69242],[-90.45254,20.69246],[-90.45262,20.69258],[-90.45271,20.69269],[-90.45278,20.69282],[-90.45278,20.69285],[-90.45277,20.69296],[-90.45283,20.69301],[-90.45285,20.69302],[-90.45284,20.69304],[-90.45282,20.69311],[-90.45282,20.69311],[-90.45282,20.69311],[-90.45282,20.69313],[-90.45284,20.69314],[-90.45284,20.69314],[-90.45284,20.69315],[-90.45287,20.69316],[-90.45288,20.69317],[-90.4529,20.69317],[-90.45295,20.69325],[-90.453,20.69348],[-90.45298,20.69378],[-90.45298,20.69384],[-90.453,20.69386],[-90.45305,20.6939],[-90.45307,20.69396],[-90.45309,20.69425],[-90.45308,20.69427],[-90.45308,20.69437],[-90.45307,20.69438],[-90.45306,20.69448],[-90.45306,20.69454],[-90.4531,20.69472],[-90.45311,20.69478],[-90.45313,20.69487],[-90.45318,20.69504],[-90.45324,20.69536],[-90.45322,20.69578],[-90.4532,20.69586],[-90.45318,20.69592],[-90.45319,20.69597],[-90.4532,20.69605],[-90.45317,20.6962],[-90.45317,20.69621],[-90.45313,20.69637],[-90.45308,20.69654],[-90.45306,20.69672],[-90.45305,20.69686],[-90.45304,20.69693],[-90.45301,20.69709],[-90.453,20.69721],[-90.45297,20.69737],[-90.45297,20.69738],[-90.45292,20.69755],[-90.45292,20.69756],[-90.45288,20.69761],[-90.45287,20.69762],[-90.45288,20.69764],[-90.45289,20.69768],[-90.4529,20.6977],[-90.45288,20.69773],[-90.45285,20.69777],[-90.45279,20.69811],[-90.45278,20.69813],[-90.45272,20.6983],[-90.45272,20.69832],[-90.45273,20.69835],[-90.45269,20.69843],[-90.45264,20.69853],[-90.45256,20.69863],[-90.45253,20.69868],[-90.45251,20.69869],[-90.45242,20.69871],[-90.45229,20.69877],[-90.45228,20.69877],[-90.45228,20.69879],[-90.45227,20.6988],[-90.45224,20.69887],[-90.45218,20.6989],[-90.45215,20.69892],[-90.45212,20.69893],[-90.45205,20.69903],[-90.45205,20.69916],[-90.45209,20.69927],[-90.45211,20.69934],[-90.45211,20.69936],[-90.45214,20.69943],[-90.45216,20.69955],[-90.45214,20.69965],[-90.45214,20.69966],[-90.45212,20.69979],[-90.45205,20.69988],[-90.45211,20.70001],[-90.45214,20.70007],[-90.45215,20.70008],[-90.45214,20.70012],[-90.45211,20.70023],[-90.4521,20.70039],[-90.4521,20.70044],[-90.45208,20.70048],[-90.45203,20.70058],[-90.45196,20.7007],[-90.45191,20.7008],[-90.45179,20.70087],[-90.45172,20.70093],[-90.45171,20.70105],[-90.45163,20.70113],[-90.45158,20.7012],[-90.45154,20.70129],[-90.45143,20.70143],[-90.4514,20.70148],[-90.45138,20.70152],[-90.45136,20.70153],[-90.45125,20.70162],[-90.45125,20.70162],[-90.45121,20.7017],[-90.45117,20.70176],[-90.45115,20.70183],[-90.45121,20.70195],[-90.45122,20.70198],[-90.45126,20.70204],[-90.45126,20.70205],[-90.45125,20.70216],[-90.45125,20.70216],[-90.45125,20.70216],[-90.45123,20.70217],[-90.45121,20.70221],[-90.4512,20.70224],[-90.45119,20.70235],[-90.45116,20.7024],[-90.45117,20.70247],[-90.4511,20.70252],[-90.45108,20.70253],[-90.45103,20.70256],[-90.45103,20.70256],[-90.45101,20.70266],[-90.451,20.70277],[-90.45097,20.70278],[-90.45088,20.70281],[-90.45087,20.70282],[-90.45087,20.70282],[-90.45081,20.7029],[-90.45081,20.70302],[-90.45081,20.70304],[-90.45079,20.70314],[-90.4508,20.70322],[-90.45081,20.70328],[-90.45077,20.70336],[-90.45079,20.70347],[-90.45077,20.70354],[-90.45078,20.7036],[-90.4508,20.70363],[-90.45074,20.70373],[-90.45068,20.7038],[-90.45065,20.70383],[-90.45061,20.70397],[-90.45065,20.70406],[-90.45062,20.70437],[-90.45051,20.70501],[-90.45048,20.7051],[-90.45045,20.70513],[-90.45041,20.70518],[-90.45039,20.70527],[-90.45036,20.70545],[-90.45033,20.70563],[-90.45032,20.70566],[-90.45033,20.70577],[-90.45033,20.70596],[-90.45028,20.70616],[-90.45026,20.70626],[-90.45022,20.70632],[-90.45019,20.7065],[-90.45014,20.7066],[-90.45011,20.70676],[-90.45009,20.70681],[-90.45005,20.707],[-90.45004,20.70709],[-90.44999,20.70718],[-90.44996,20.70732],[-90.44994,20.70738],[-90.44991,20.70741],[-90.44987,20.70754],[-90.44986,20.70757],[-90.44984,20.70767],[-90.44975,20.70773],[-90.44972,20.70779],[-90.44971,20.70783],[-90.44968,20.70789],[-90.44965,20.70793],[-90.44961,20.70801],[-90.44954,20.70806],[-90.44952,20.70816],[-90.44946,20.7082],[-90.44944,20.70825],[-90.44942,20.70827],[-90.44938,20.70833],[-90.44938,20.70842],[-90.44935,20.70843],[-90.44931,20.70845],[-90.44931,20.70845],[-90.4493,20.70852],[-90.44927,20.70858],[-90.4492,20.70866],[-90.4492,20.70874],[-90.44916,20.70879],[-90.44912,20.70884],[-90.44914,20.70892],[-90.44911,20.70893],[-90.44906,20.70895],[-90.44904,20.70896],[-90.44897,20.70901],[-90.44888,20.7091],[-90.44878,20.70921],[-90.44867,20.70933],[-90.44866,20.70939],[-90.44863,20.7094],[-90.44859,20.70941],[-90.44859,20.70942],[-90.44859,20.70947],[-90.44856,20.70948],[-90.44855,20.70948],[-90.44854,20.7095],[-90.44848,20.70956],[-90.44844,20.70963],[-90.44842,20.7097],[-90.44834,20.70981],[-90.44834,20.70986],[-90.44831,20.70987],[-90.44827,20.70988],[-90.44827,20.70989],[-90.44824,20.70997],[-90.44821,20.71018],[-90.44823,20.71037],[-90.44828,20.71049],[-90.44826,20.71055],[-90.44824,20.71067],[-90.44826,20.71072],[-90.44831,20.71076],[-90.44823,20.71086],[-90.44819,20.71099],[-90.44818,20.71102],[-90.44819,20.7111],[-90.44821,20.71115],[-90.44822,20.71122],[-90.44823,20.71126],[-90.44824,20.7113],[-90.44825,20.71134],[-90.44825,20.71134],[-90.44825,20.71136],[-90.44826,20.71147],[-90.44826,20.71159],[-90.44823,20.71169],[-90.44821,20.71187],[-90.44818,20.71206],[-90.44814,20.71218],[-90.44813,20.71236],[-90.44813,20.71252],[-90.44811,20.71257],[-90.44813,20.71264],[-90.44812,20.71273],[-90.44809,20.71282],[-90.44808,20.71294],[-90.44806,20.713],[-90.44804,20.71308],[-90.448,20.71312],[-90.44801,20.71319],[-90.44803,20.71322],[-90.44802,20.71331],[-90.448,20.7134],[-90.44795,20.71349],[-90.44796,20.71354],[-90.44798,20.71363],[-90.44794,20.71373],[-90.44792,20.71381],[-90.44791,20.71386],[-90.44793,20.71391],[-90.44794,20.71395],[-90.44791,20.714],[-90.4479,20.71407],[-90.44789,20.71408],[-90.44788,20.71409],[-90.44787,20.71417],[-90.44786,20.71422],[-90.44788,20.71428],[-90.44792,20.71433],[-90.44793,20.71433],[-90.44798,20.71438],[-90.44796,20.71442],[-90.44795,20.7145],[-90.44797,20.71457],[-90.44797,20.71461],[-90.44797,20.71465],[-90.448,20.7147],[-90.448,20.7148],[-90.44802,20.71489],[-90.44804,20.715],[-90.44803,20.71511],[-90.44803,20.71516],[-90.44804,20.71528],[-90.44804,20.71536],[-90.44802,20.71541],[-90.44798,20.71544],[-90.44794,20.71549],[-90.44789,20.71555],[-90.44784,20.71562],[-90.44779,20.71568],[-90.44773,20.71575],[-90.44767,20.71583],[-90.44765,20.71585],[-90.4476,20.71589],[-90.44759,20.71594],[-90.44759,20.71595],[-90.44758,20.71613],[-90.44756,20.71617],[-90.44752,20.71624],[-90.44748,20.71629],[-90.44746,20.71638],[-90.44743,20.71638],[-90.44741,20.71638],[-90.44739,20.71639],[-90.44737,20.71642],[-90.44732,20.71649],[-90.44729,20.71654],[-90.44727,20.71654],[-90.44722,20.71654],[-90.44717,20.71656],[-90.44716,20.71657],[-90.44716,20.71661],[-90.44713,20.71666],[-90.44711,20.71666],[-90.44708,20.71666],[-90.44702,20.71668],[-90.44702,20.71669],[-90.44702,20.71676],[-90.44697,20.7168],[-90.44694,20.71683],[-90.44693,20.71683],[-90.44689,20.71684],[-90.44683,20.71686],[-90.44683,20.71687],[-90.44679,20.71693],[-90.44677,20.71694],[-90.44672,20.71694],[-90.4467,20.71696],[-90.44668,20.71698],[-90.44666,20.71699],[-90.44649,20.71704],[-90.4464,20.71704],[-90.44639,20.71706],[-90.44638,20.71707],[-90.44634,20.71714],[-90.44628,20.71718],[-90.44628,20.71718],[-90.44622,20.71718],[-90.44619,20.71716],[-90.44615,20.71714],[-90.44609,20.71714],[-90.44602,20.71715],[-90.44602,20.71717],[-90.446,20.71722],[-90.44602,20.71727],[-90.446,20.71728],[-90.44599,20.71728],[-90.44593,20.71728],[-90.44589,20.71725],[-90.44584,20.71724],[-90.44576,20.71723],[-90.44574,20.71725],[-90.44572,20.71727],[-90.4457,20.71728],[-90.44569,20.71728],[-90.44564,20.71727],[-90.44561,20.71728],[-90.44555,20.71732],[-90.44554,20.71726],[-90.44546,20.71725],[-90.4454,20.71722],[-90.44534,20.71719],[-90.44522,20.71717],[-90.44518,20.71709],[-90.44511,20.71706],[-90.44509,20.71708],[-90.44506,20.7171],[-90.44505,20.7171],[-90.44503,20.71711],[-90.44502,20.71712],[-90.44501,20.71715],[-90.44499,20.71715],[-90.44495,20.71715],[-90.44489,20.71718],[-90.44489,20.71718],[-90.44487,20.71725],[-90.44485,20.71725],[-90.44478,20.71725],[-90.44478,20.71727],[-90.44477,20.7173],[-90.44474,20.71731],[-90.44473,20.71731],[-90.44467,20.71731],[-90.44465,20.71733],[-90.44463,20.71734],[-90.44463,20.7174],[-90.4446,20.71741],[-90.44459,20.71741],[-90.44458,20.71742],[-90.44455,20.71745],[-90.44449,20.71752],[-90.44449,20.71769],[-90.44449,20.71774],[-90.44447,20.71778],[-90.44443,20.71783],[-90.44442,20.71792],[-90.44441,20.71801],[-90.44443,20.71807],[-90.44449,20.71812],[-90.44448,20.71818],[-90.44445,20.71819],[-90.4444,20.7182],[-90.4444,20.71821],[-90.44441,20.71824],[-90.44441,20.71827],[-90.44439,20.71829],[-90.4444,20.71831],[-90.44439,20.71835],[-90.44436,20.71836],[-90.44436,20.71836],[-90.44435,20.71837],[-90.44435,20.71838],[-90.44436,20.71842],[-90.44435,20.71847],[-90.44429,20.71852],[-90.44424,20.71862],[-90.44421,20.71866],[-90.44418,20.71878],[-90.44414,20.71881],[-90.44406,20.71891],[-90.44404,20.71891],[-90.44403,20.71891],[-90.44401,20.71891],[-90.44398,20.71893],[-90.44398,20.71893],[-90.44397,20.71893],[-90.44393,20.71893],[-90.44392,20.71895],[-90.44392,20.71895],[-90.4439,20.71895],[-90.4439,20.71895],[-90.44389,20.71891],[-90.44382,20.71886],[-90.44373,20.71886],[-90.44367,20.71888],[-90.44367,20.71889],[-90.44362,20.71896],[-90.44356,20.719],[-90.44355,20.719],[-90.44351,20.71902],[-90.44351,20.71903],[-90.4435,20.71907],[-90.44347,20.71908],[-90.44343,20.71908],[-90.44343,20.71909],[-90.44341,20.71921],[-90.44339,20.71921],[-90.44338,20.7192],[-90.44332,20.71919],[-90.4433,20.7191],[-90.44337,20.71901],[-90.44342,20.71893],[-90.44342,20.71891],[-90.44347,20.71891],[-90.4435,20.7189],[-90.44355,20.71877],[-90.44357,20.71875],[-90.44371,20.71859],[-90.44372,20.71849],[-90.44374,20.71846],[-90.44375,20.71845],[-90.44376,20.71844],[-90.44379,20.71843],[-90.4438,20.71837],[-90.44385,20.71834],[-90.44388,20.71826],[-90.44392,20.71822],[-90.44392,20.71815],[-90.44392,20.71814],[-90.44389,20.71812],[-90.44389,20.71801],[-90.44389,20.71799],[-90.44397,20.71799],[-90.44398,20.71799],[-90.44402,20.71793],[-90.44405,20.71789],[-90.44405,20.71787],[-90.44406,20.71781],[-90.44397,20.71776],[-90.44389,20.7177],[-90.44386,20.71763],[-90.44377,20.71756],[-90.44367,20.71743],[-90.44358,20.71743],[-90.44356,20.71744],[-90.44353,20.71747],[-90.44352,20.71747],[-90.4435,20.71745],[-90.44346,20.71741],[-90.44346,20.71729],[-90.44345,20.71726],[-90.44341,20.71722],[-90.44339,20.71716],[-90.44333,20.71714],[-90.44328,20.71713],[-90.44324,20.71707],[-90.44324,20.71696],[-90.44316,20.7169],[-90.44313,20.71685],[-90.44306,20.7168],[-90.44301,20.71671],[-90.44299,20.71667],[-90.44296,20.71661],[-90.4429,20.71658],[-90.44288,20.71659],[-90.44287,20.71659],[-90.44279,20.7166],[-90.44273,20.71659],[-90.44267,20.71656],[-90.44257,20.71643],[-90.44227,20.71641],[-90.44225,20.71636],[-90.44225,20.71635],[-90.44234,20.7163],[-90.44241,20.71628],[-90.44245,20.71628],[-90.44247,20.71628],[-90.44248,20.71628],[-90.4425,20.71628],[-90.44252,20.71621],[-90.44252,20.7162],[-90.44255,20.71619],[-90.44257,20.71618],[-90.44265,20.71612],[-90.44268,20.71605],[-90.44268,20.71605],[-90.44272,20.71603],[-90.44274,20.71602],[-90.44275,20.71594],[-90.44273,20.71592],[-90.44273,20.71592],[-90.44272,20.71586],[-90.44275,20.71583],[-90.44271,20.71581],[-90.44272,20.71573],[-90.44269,20.7157],[-90.44266,20.71561],[-90.44264,20.71554],[-90.4426,20.71552],[-90.44254,20.71547],[-90.44249,20.71542],[-90.44241,20.71541],[-90.44232,20.71543],[-90.44232,20.71539],[-90.44236,20.71536],[-90.44237,20.71535],[-90.44242,20.71533],[-90.44244,20.71535],[-90.44244,20.71535],[-90.44247,20.71534],[-90.44249,20.71529],[-90.44249,20.71529],[-90.4425,20.71528],[-90.44253,20.71527],[-90.44254,20.71522],[-90.44252,20.71519],[-90.44248,20.71516],[-90.44248,20.71514],[-90.44248,20.71513],[-90.4425,20.71512],[-90.44252,20.71512],[-90.44253,20.71509],[-90.4425,20.71507],[-90.4425,20.71502],[-90.44254,20.71498],[-90.44254,20.71488],[-90.44255,20.71487],[-90.4426,20.71482],[-90.4426,20.71477],[-90.44259,20.71475],[-90.44259,20.71475],[-90.44258,20.71474],[-90.4426,20.71474],[-90.44262,20.71473],[-90.44264,20.71469],[-90.4426,20.71463],[-90.44257,20.71459],[-90.44255,20.71455],[-90.44254,20.71446],[-90.44253,20.71439],[-90.44249,20.71437],[-90.44249,20.71434],[-90.44245,20.71428],[-90.44245,20.71395],[-90.4424,20.71389],[-90.44231,20.71383],[-90.44224,20.71378],[-90.44222,20.7138],[-90.44222,20.7138],[-90.44221,20.71379],[-90.44219,20.71378],[-90.44216,20.71372],[-90.4421,20.71368],[-90.44206,20.71369],[-90.44203,20.71369],[-90.44203,20.71371],[-90.44203,20.71371],[-90.442,20.7137],[-90.44197,20.7137],[-90.44197,20.71367],[-90.44196,20.71364],[-90.44192,20.71364],[-90.4419,20.71366],[-90.44189,20.71366],[-90.44188,20.71367],[-90.4417,20.71368],[-90.44165,20.71367],[-90.44166,20.71358],[-90.44166,20.71356],[-90.44176,20.71356],[-90.44186,20.71356],[-90.44187,20.71356],[-90.44189,20.71355],[-90.44198,20.71347],[-90.442,20.71336],[-90.44206,20.7133],[-90.44206,20.71325],[-90.44206,20.71322],[-90.44202,20.71319],[-90.44195,20.71314],[-90.44194,20.71311],[-90.44193,20.71309],[-90.44201,20.71309],[-90.44201,20.71309],[-90.44206,20.71306],[-90.44208,20.71305],[-90.44209,20.713],[-90.44206,20.71292],[-90.44204,20.71291],[-90.44194,20.71286],[-90.44195,20.71278],[-90.44187,20.71279],[-90.44186,20.71275],[-90.4419,20.71271],[-90.44194,20.71265],[-90.44193,20.71255],[-90.44195,20.7125],[-90.44195,20.71249],[-90.44196,20.71248],[-90.44196,20.71248],[-90.44198,20.71248],[-90.44198,20.71242],[-90.44202,20.71233],[-90.44202,20.71226],[-90.44201,20.7122],[-90.44188,20.71218],[-90.44187,20.71218],[-90.44182,20.71218],[-90.44177,20.7121],[-90.44177,20.71208],[-90.44178,20.71206],[-90.44181,20.71207],[-90.44184,20.71208],[-90.44184,20.71208],[-90.44183,20.71203],[-90.44181,20.71197],[-90.44181,20.71197],[-90.44173,20.71195],[-90.44173,20.71185],[-90.44174,20.7117],[-90.44174,20.71165],[-90.44174,20.71163],[-90.44174,20.71162],[-90.4418,20.7116],[-90.44183,20.71159],[-90.44183,20.71152],[-90.44175,20.71149],[-90.44175,20.71148],[-90.44176,20.71132],[-90.44177,20.71128],[-90.44185,20.71113],[-90.44185,20.71098],[-90.44188,20.71088],[-90.44192,20.71084],[-90.44193,20.71076],[-90.44194,20.71072],[-90.44193,20.71051],[-90.44196,20.71038],[-90.44194,20.71027],[-90.44183,20.71027],[-90.4418,20.71029],[-90.44177,20.71031],[-90.44176,20.71031],[-90.44173,20.71023],[-90.44171,20.71],[-90.44167,20.70981],[-90.44162,20.70971],[-90.44159,20.7094],[-90.44163,20.70927],[-90.44165,20.70922],[-90.44164,20.70905],[-90.44169,20.70895],[-90.44172,20.70882],[-90.44179,20.70875],[-90.44189,20.70862],[-90.44197,20.70853],[-90.44192,20.70845],[-90.44189,20.70842],[-90.44181,20.70836],[-90.4418,20.70823],[-90.44175,20.70812],[-90.44166,20.70799],[-90.4416,20.70774],[-90.44164,20.70769],[-90.44166,20.70766],[-90.44165,20.70752],[-90.44164,20.70751],[-90.44159,20.70741],[-90.44164,20.70738],[-90.44166,20.70724],[-90.44167,20.70708],[-90.44167,20.70707],[-90.44171,20.70706],[-90.4419,20.70698],[-90.44193,20.70697],[-90.44192,20.70675],[-90.44181,20.70665],[-90.4418,20.70664],[-90.44169,20.70651],[-90.44167,20.70639],[-90.44179,20.70628],[-90.44183,20.70619],[-90.44184,20.70615],[-90.44182,20.70612],[-90.44181,20.70609],[-90.44174,20.70607],[-90.44169,20.70596],[-90.44175,20.70581],[-90.44175,20.70581],[-90.4417,20.70569],[-90.44167,20.70568],[-90.44156,20.70562],[-90.4415,20.7055],[-90.44145,20.70534],[-90.4415,20.70525],[-90.44152,20.70518],[-90.44154,20.70512],[-90.44152,20.70501],[-90.44152,20.70498],[-90.44151,20.70492],[-90.44152,20.70491],[-90.4416,20.70484],[-90.44161,20.70477],[-90.44152,20.70468],[-90.44152,20.70468],[-90.44152,20.70468],[-90.44152,20.70467],[-90.44158,20.70465],[-90.44161,20.70463],[-90.44156,20.70445],[-90.44153,20.70445],[-90.44147,20.70444],[-90.44147,20.70428],[-90.44147,20.70427],[-90.4415,20.70425],[-90.44156,20.70423],[-90.44158,20.70422],[-90.44167,20.7041],[-90.44179,20.70392],[-90.4418,20.70392],[-90.44195,20.70384],[-90.44197,20.70383],[-90.44213,20.70371],[-90.44216,20.70357],[-90.44214,20.70347],[-90.44198,20.70346],[-90.44197,20.70346],[-90.44191,20.70338],[-90.44192,20.70332],[-90.44191,20.70325],[-90.4418,20.70305],[-90.44183,20.70297],[-90.44193,20.70287],[-90.44205,20.70279],[-90.44211,20.70275],[-90.44209,20.70266],[-90.44208,20.70261],[-90.44216,20.70253],[-90.44216,20.70253],[-90.44224,20.70231],[-90.44224,20.70228],[-90.44222,20.70211],[-90.44221,20.70207],[-90.44219,20.70196],[-90.44217,20.70193],[-90.44213,20.70187],[-90.44215,20.70185],[-90.44221,20.70176],[-90.44227,20.70166],[-90.44209,20.70166],[-90.44208,20.70165],[-90.44202,20.7015],[-90.44195,20.70137],[-90.44197,20.70128],[-90.44208,20.70113],[-90.4421,20.70112],[-90.44217,20.70102],[-90.44218,20.70091],[-90.44216,20.70081],[-90.44208,20.70065],[-90.44202,20.70057],[-90.44199,20.70054],[-90.44186,20.70051],[-90.44191,20.7004],[-90.44193,20.70028],[-90.44197,20.70019],[-90.44198,20.70016],[-90.44199,20.70015],[-90.44204,20.70014],[-90.44207,20.70014],[-90.44205,20.69999],[-90.44198,20.69993],[-90.44197,20.69992],[-90.44186,20.69983],[-90.44187,20.69975],[-90.44187,20.69975],[-90.44199,20.69969],[-90.44199,20.69969],[-90.44201,20.69968],[-90.44207,20.6996],[-90.44212,20.69951],[-90.44208,20.69941],[-90.44202,20.69935],[-90.44201,20.69932],[-90.44195,20.69923],[-90.44199,20.6992],[-90.44202,20.69915],[-90.44207,20.69907],[-90.44204,20.69892],[-90.44203,20.69889],[-90.442,20.69878],[-90.442,20.6986],[-90.44204,20.69848],[-90.44204,20.69847],[-90.44203,20.69839],[-90.44199,20.69837],[-90.44186,20.69832],[-90.44163,20.69818],[-90.4416,20.69806],[-90.44158,20.69799],[-90.44154,20.69791],[-90.44149,20.69788],[-90.44146,20.69786],[-90.44143,20.69777],[-90.44146,20.69766],[-90.44147,20.69761],[-90.44148,20.69756],[-90.44146,20.69753],[-90.44142,20.6975],[-90.44138,20.69741],[-90.44139,20.69731],[-90.44137,20.69723],[-90.44131,20.69717],[-90.44137,20.6971],[-90.4414,20.69706],[-90.44147,20.69689],[-90.44151,20.69676],[-90.44159,20.69666],[-90.44169,20.6965],[-90.44163,20.69633],[-90.44162,20.69631],[-90.44156,20.69616],[-90.44161,20.69612],[-90.44161,20.69598],[-90.44166,20.69593],[-90.44173,20.69587],[-90.44178,20.69568],[-90.44181,20.69549],[-90.44181,20.69545],[-90.44183,20.69529],[-90.4419,20.69522],[-90.44195,20.69517],[-90.44197,20.69516],[-90.4421,20.69513],[-90.44213,20.69512],[-90.44218,20.69502],[-90.44222,20.69485],[-90.44231,20.69478],[-90.44232,20.69477],[-90.44245,20.69471],[-90.44248,20.69469],[-90.44249,20.69458],[-90.44256,20.69447],[-90.44256,20.69446],[-90.44278,20.69439],[-90.4428,20.69438],[-90.44282,20.69422],[-90.44283,20.69419],[-90.44287,20.6941],[-90.44287,20.69409],[-90.44301,20.69403],[-90.4431,20.69399],[-90.4431,20.69399],[-90.44326,20.6939],[-90.44358,20.69369],[-90.44383,20.69351],[-90.44382,20.69346],[-90.44382,20.69334],[-90.4437,20.69315],[-90.44371,20.69296],[-90.44371,20.69271],[-90.4436,20.69253],[-90.44337,20.69238],[-90.4432,20.69234],[-90.44288,20.69235],[-90.44275,20.69212],[-90.44261,20.6919],[-90.44261,20.69185],[-90.4426,20.6917],[-90.44263,20.69148],[-90.44263,20.69147],[-90.44279,20.69141],[-90.44288,20.69148],[-90.44299,20.69159],[-90.44313,20.69162],[-90.44324,20.69168],[-90.44338,20.6918],[-90.44349,20.69177],[-90.44352,20.69176],[-90.44368,20.69153],[-90.44372,20.69132],[-90.44372,20.69125],[-90.44373,20.69113],[-90.44376,20.69097],[-90.44377,20.69063],[-90.44373,20.6903],[-90.4436,20.69009],[-90.4434,20.6898],[-90.44342,20.68969],[-90.44354,20.68947],[-90.44354,20.68947],[-90.44355,20.68922],[-90.44347,20.68907],[-90.44344,20.68903],[-90.44337,20.6889],[-90.44331,20.68869],[-90.44324,20.68859],[-90.44315,20.68847],[-90.44316,20.68838],[-90.4432,20.68824],[-90.44325,20.68816],[-90.44327,20.68814],[-90.44323,20.68801],[-90.4432,20.68794],[-90.44315,20.68783],[-90.44308,20.6877],[-90.44299,20.68731],[-90.44301,20.68711],[-90.44308,20.68705],[-90.4431,20.68703],[-90.44309,20.68695],[-90.44308,20.68686],[-90.44302,20.68665],[-90.44293,20.6865],[-90.44277,20.68638],[-90.44259,20.68643],[-90.44241,20.68643],[-90.44231,20.68632],[-90.44224,20.68617],[-90.44205,20.68598],[-90.44185,20.68578],[-90.44199,20.68566],[-90.44202,20.68563],[-90.44202,20.68556],[-90.44203,20.68553],[-90.44201,20.68534],[-90.44192,20.68509],[-90.44185,20.68493],[-90.44166,20.68485],[-90.4415,20.68481],[-90.44149,20.68479],[-90.44154,20.68474],[-90.44156,20.68473],[-90.44186,20.68463],[-90.44186,20.68462],[-90.44198,20.68455],[-90.44207,20.6845],[-90.44226,20.68433],[-90.44229,20.68428],[-90.44229,20.68428],[-90.4423,20.68427],[-90.44232,20.68425],[-90.44238,20.68418],[-90.44241,20.68413],[-90.44241,20.68413],[-90.44246,20.68406],[-90.44247,20.68405],[-90.44248,20.68405],[-90.4425,20.684],[-90.44253,20.68395],[-90.44259,20.68384],[-90.44262,20.68359],[-90.44262,20.68355],[-90.44262,20.68354],[-90.44264,20.68342],[-90.44264,20.68341],[-90.44264,20.68341],[-90.44266,20.68338],[-90.44268,20.68336],[-90.44274,20.68327],[-90.44286,20.68309],[-90.44311,20.68285],[-90.44317,20.68273],[-90.44321,20.68267],[-90.44321,20.68267],[-90.44322,20.68263],[-90.44322,20.68262],[-90.44322,20.68262],[-90.44326,20.68261],[-90.44327,20.6826],[-90.44328,20.6826],[-90.44329,20.6826],[-90.44333,20.68257],[-90.44338,20.68249],[-90.44343,20.68242],[-90.44347,20.68235],[-90.44348,20.68233],[-90.44348,20.68232],[-90.44348,20.68229],[-90.44348,20.68226],[-90.44346,20.6822],[-90.44344,20.68217],[-90.44337,20.68216],[-90.44336,20.68216],[-90.44331,20.68216],[-90.44311,20.68219],[-90.4431,20.68219],[-90.44297,20.68216],[-90.44291,20.68207],[-90.44283,20.68199],[-90.44279,20.68199],[-90.44276,20.68199],[-90.44266,20.68198],[-90.44266,20.68198],[-90.44252,20.68198],[-90.44244,20.68198],[-90.44243,20.68198],[-90.44239,20.68194],[-90.4424,20.68189],[-90.4424,20.68189],[-90.44247,20.68186],[-90.44249,20.68184],[-90.44264,20.68181],[-90.44274,20.6818],[-90.4428,20.6818],[-90.44281,20.6818],[-90.44283,20.68181],[-90.44288,20.68184],[-90.44288,20.68184],[-90.44289,20.68185],[-90.4429,20.68184],[-90.44291,20.68184],[-90.44293,20.68184],[-90.44293,20.68184],[-90.44297,20.68179],[-90.44298,20.68178],[-90.44298,20.68177],[-90.44299,20.68176],[-90.44298,20.68176],[-90.44298,20.68176],[-90.4429,20.68173],[-90.44294,20.6817],[-90.44294,20.6817],[-90.44295,20.68165],[-90.44295,20.6816],[-90.44293,20.68154],[-90.44286,20.68148],[-90.44279,20.68139],[-90.44266,20.68134],[-90.44259,20.68132],[-90.44256,20.68131],[-90.44253,20.6813],[-90.44252,20.6813],[-90.44249,20.68132],[-90.44244,20.68132],[-90.44241,20.68134],[-90.44237,20.68136],[-90.44236,20.68136],[-90.44225,20.68137],[-90.44222,20.68137],[-90.44213,20.68138],[-90.44213,20.68138],[-90.4421,20.6813],[-90.44214,20.68128],[-90.44214,20.68128],[-90.44216,20.68127],[-90.44223,20.68126],[-90.44225,20.68126],[-90.44226,20.68125],[-90.44229,20.68123],[-90.44232,20.6812],[-90.44235,20.68114],[-90.44242,20.68107],[-90.44245,20.68104],[-90.44249,20.68098],[-90.44252,20.68095],[-90.44254,20.68093],[-90.4426,20.68079],[-90.4426,20.68078],[-90.4426,20.68072],[-90.44259,20.68069],[-90.44255,20.68061],[-90.44255,20.68061],[-90.44248,20.6805],[-90.44242,20.68036],[-90.44234,20.68024],[-90.44233,20.68022],[-90.44227,20.68012],[-90.44222,20.68005],[-90.44218,20.67996],[-90.44216,20.67991],[-90.44216,20.67991],[-90.44209,20.67986],[-90.44209,20.67986],[-90.44206,20.67985],[-90.44203,20.67985],[-90.44198,20.67984],[-90.44199,20.67981],[-90.44199,20.67979],[-90.442,20.67977],[-90.442,20.67974],[-90.44201,20.67969],[-90.44201,20.67966],[-90.44201,20.67965],[-90.44201,20.67965],[-90.44201,20.67964],[-90.44208,20.67961],[-90.4421,20.6796],[-90.4421,20.6796],[-90.44212,20.6796],[-90.44212,20.67959],[-90.44214,20.67959],[-90.44214,20.67959],[-90.44216,20.67957],[-90.44222,20.67949],[-90.44224,20.67943],[-90.44225,20.67936],[-90.44227,20.67929],[-90.44229,20.67921],[-90.44232,20.67905],[-90.44233,20.67891],[-90.44234,20.6789],[-90.44236,20.67885],[-90.44236,20.67885],[-90.44236,20.67883],[-90.4423,20.67879],[-90.4423,20.67872],[-90.44231,20.67871],[-90.44231,20.67871],[-90.44237,20.67869],[-90.4424,20.67869],[-90.44246,20.67865],[-90.44248,20.67864],[-90.4425,20.67863],[-90.44251,20.67862],[-90.44252,20.6786],[-90.44253,20.67857],[-90.44255,20.67853],[-90.44255,20.67852],[-90.44255,20.67851],[-90.44257,20.67851],[-90.44259,20.67851],[-90.4426,20.6785],[-90.44263,20.67849],[-90.44265,20.67842],[-90.44265,20.67841],[-90.44268,20.67837],[-90.44268,20.67837],[-90.44269,20.67835],[-90.44271,20.67835],[-90.44271,20.67835],[-90.44273,20.67835],[-90.44273,20.67835],[-90.44274,20.67835],[-90.44274,20.67835],[-90.44281,20.6783],[-90.44281,20.67826],[-90.44281,20.67824],[-90.44281,20.67823],[-90.44282,20.67818],[-90.44286,20.67805],[-90.44287,20.67804],[-90.44295,20.67798],[-90.44295,20.67793],[-90.44295,20.67787],[-90.44295,20.67784],[-90.44294,20.67775],[-90.44292,20.67766],[-90.44292,20.67755],[-90.44294,20.67747],[-90.44295,20.67742],[-90.44299,20.67735],[-90.44301,20.67728],[-90.44301,20.67728],[-90.44301,20.67728],[-90.44301,20.67728],[-90.44301,20.67727],[-90.44303,20.67726],[-90.44303,20.67726],[-90.44305,20.67726],[-90.44307,20.67726],[-90.44309,20.67726],[-90.44312,20.6772],[-90.44312,20.6772],[-90.44313,20.67719],[-90.44315,20.67712],[-90.44317,20.67708],[-90.44324,20.67701],[-90.44325,20.677],[-90.44326,20.67699],[-90.44327,20.67699],[-90.44331,20.67698],[-90.44333,20.67698],[-90.44334,20.67698],[-90.4434,20.67694],[-90.44341,20.67687],[-90.44342,20.67682],[-90.4435,20.67674],[-90.44352,20.67672],[-90.44352,20.67672],[-90.44353,20.67671],[-90.44356,20.67671],[-90.44358,20.6767],[-90.44359,20.6767],[-90.44364,20.67664],[-90.44365,20.67663],[-90.44366,20.67663],[-90.44366,20.67662],[-90.44368,20.6766],[-90.44369,20.67664],[-90.44369,20.67664],[-90.4437,20.67664],[-90.44373,20.67664],[-90.4438,20.67664],[-90.44382,20.67664],[-90.44384,20.67664],[-90.44386,20.67659],[-90.44386,20.67658],[-90.44386,20.67657],[-90.44386,20.67657],[-90.44387,20.67656],[-90.44388,20.67656],[-90.44392,20.67658],[-90.44393,20.67659],[-90.44394,20.67659],[-90.44399,20.67656],[-90.44401,20.67655],[-90.44409,20.67653],[-90.4441,20.67653],[-90.44413,20.67653],[-90.44416,20.67644],[-90.44416,20.67644],[-90.4442,20.67641],[-90.44425,20.67638],[-90.44425,20.67638],[-90.44436,20.67626],[-90.44444,20.67616],[-90.44444,20.67615],[-90.44449,20.67608],[-90.44453,20.67604],[-90.44457,20.67601],[-90.44457,20.676],[-90.44458,20.67598],[-90.44459,20.67596],[-90.44463,20.67588],[-90.44461,20.67583],[-90.44455,20.67579],[-90.44447,20.67578],[-90.44445,20.67577],[-90.44441,20.67576],[-90.44441,20.67566],[-90.44444,20.67564],[-90.44446,20.67563],[-90.4445,20.67559],[-90.44451,20.67558],[-90.44457,20.67549],[-90.44457,20.67549],[-90.44457,20.67549],[-90.44458,20.67547],[-90.4446,20.67541],[-90.44464,20.67538],[-90.44468,20.67535],[-90.44475,20.67526],[-90.44479,20.67516],[-90.44487,20.67511],[-90.4449,20.67506],[-90.44491,20.67505],[-90.44498,20.67496],[-90.44508,20.6749],[-90.44508,20.6749],[-90.44514,20.67484],[-90.44518,20.67479],[-90.4452,20.67477],[-90.44521,20.67476],[-90.44519,20.6747],[-90.44518,20.67468],[-90.44517,20.67466],[-90.44514,20.67463],[-90.44513,20.67453],[-90.44513,20.67451],[-90.44513,20.67447],[-90.44513,20.67439],[-90.44511,20.67436],[-90.44509,20.67433],[-90.44513,20.67429],[-90.44517,20.67426],[-90.44517,20.67425],[-90.44519,20.67424],[-90.44523,20.6742],[-90.44526,20.67417],[-90.44527,20.67416],[-90.44529,20.67414],[-90.44531,20.67412],[-90.44533,20.67408],[-90.44534,20.67408],[-90.44535,20.67407],[-90.44537,20.67406],[-90.44541,20.67406],[-90.44545,20.67406],[-90.44546,20.67406],[-90.44547,20.67406],[-90.44547,20.67405],[-90.44548,20.67405],[-90.44549,20.67405],[-90.4455,20.67404],[-90.44553,20.67401],[-90.44554,20.67399],[-90.44555,20.67396],[-90.44555,20.67396],[-90.44554,20.67388],[-90.44547,20.67378],[-90.44541,20.67376],[-90.4454,20.67375],[-90.44537,20.67365],[-90.44528,20.67352],[-90.44522,20.67342],[-90.44519,20.67336],[-90.44518,20.67334],[-90.44517,20.67333],[-90.4451,20.67325],[-90.44509,20.67313],[-90.44512,20.67303],[-90.44511,20.67299],[-90.4451,20.67295],[-90.4451,20.67294],[-90.44511,20.67293],[-90.44513,20.67289],[-90.44513,20.67289],[-90.44514,20.67288],[-90.44518,20.67282],[-90.44518,20.67277],[-90.44518,20.67275],[-90.44518,20.67268],[-90.4452,20.67267],[-90.44521,20.67266],[-90.44523,20.67264],[-90.44523,20.67257],[-90.44523,20.67256],[-90.44521,20.67252],[-90.44523,20.67246],[-90.44521,20.6724],[-90.44518,20.67234],[-90.44518,20.67227],[-90.44519,20.6722],[-90.44519,20.6722],[-90.4452,20.6722],[-90.44523,20.67218],[-90.44524,20.67217],[-90.44524,20.67216],[-90.44528,20.67211],[-90.4453,20.67209],[-90.4453,20.67208],[-90.44532,20.67203],[-90.44533,20.67199],[-90.44535,20.67193],[-90.44535,20.67184],[-90.44535,20.67182],[-90.44529,20.67177],[-90.44527,20.67171],[-90.44528,20.67164],[-90.44533,20.67155],[-90.44536,20.67147],[-90.44537,20.67144],[-90.44537,20.67143],[-90.44537,20.67142],[-90.44538,20.67138],[-90.44538,20.67137],[-90.44542,20.67131],[-90.44539,20.67123],[-90.44537,20.67115],[-90.44533,20.67099],[-90.44527,20.67091],[-90.44517,20.67082],[-90.44509,20.67078],[-90.44507,20.67077],[-90.44505,20.67076],[-90.44498,20.67071],[-90.44499,20.6707],[-90.44499,20.6707],[-90.44501,20.67068],[-90.44505,20.67068],[-90.44505,20.67068],[-90.44506,20.67068],[-90.44508,20.67068],[-90.44508,20.67068],[-90.44509,20.67068],[-90.44509,20.67068],[-90.44511,20.67069],[-90.44513,20.67064],[-90.44512,20.6706],[-90.44513,20.67053],[-90.44514,20.67047],[-90.44514,20.67041],[-90.44515,20.67032],[-90.44515,20.67032],[-90.44518,20.67031],[-90.44521,20.67029],[-90.44521,20.67029],[-90.44521,20.67029],[-90.44517,20.67023],[-90.4452,20.6701],[-90.44526,20.67005],[-90.44528,20.66997],[-90.44528,20.66997],[-90.44528,20.66997],[-90.44531,20.66996],[-90.44533,20.66993],[-90.44534,20.66992],[-90.44534,20.66992],[-90.44534,20.66992],[-90.44542,20.66989],[-90.44544,20.66988],[-90.44546,20.66987],[-90.44549,20.66982],[-90.44548,20.66972],[-90.44548,20.66971],[-90.44544,20.66962],[-90.4454,20.66955],[-90.44539,20.66953],[-90.4454,20.66946],[-90.44545,20.66942],[-90.44546,20.66934],[-90.44547,20.66924],[-90.44548,20.66916],[-90.44546,20.66903],[-90.44543,20.66897],[-90.44541,20.66889],[-90.44541,20.66879],[-90.44538,20.66873],[-90.44528,20.66867],[-90.44518,20.66857],[-90.44515,20.66838],[-90.44515,20.66825],[-90.44515,20.66812],[-90.44515,20.66811],[-90.44515,20.66809],[-90.44518,20.66792],[-90.44523,20.66787],[-90.44525,20.66785],[-90.44533,20.66779],[-90.44533,20.66779],[-90.44535,20.66777],[-90.4454,20.66773],[-90.44543,20.66762],[-90.44543,20.66761],[-90.44542,20.6676],[-90.44542,20.66759],[-90.44542,20.66758],[-90.44541,20.66757],[-90.4453,20.66755],[-90.4453,20.66755],[-90.44529,20.66755],[-90.44523,20.66755],[-90.44522,20.66755],[-90.44511,20.66754],[-90.44509,20.66753],[-90.44506,20.66753],[-90.44497,20.66753],[-90.44496,20.66753],[-90.44496,20.66753],[-90.44496,20.66753],[-90.44497,20.66746],[-90.44497,20.66745],[-90.44497,20.66745],[-90.44504,20.66743],[-90.44512,20.66741],[-90.44512,20.6674],[-90.44513,20.6674],[-90.44515,20.6674],[-90.44517,20.66739],[-90.44522,20.66735],[-90.44524,20.66733],[-90.44528,20.66723],[-90.44534,20.66718],[-90.44535,20.66717],[-90.44536,20.66716],[-90.44536,20.66716],[-90.44538,20.667],[-90.44539,20.66691],[-90.44537,20.66686],[-90.44536,20.66683],[-90.44535,20.66681],[-90.44534,20.66679],[-90.44534,20.66673],[-90.44533,20.6667],[-90.44534,20.66665],[-90.44534,20.6666],[-90.44534,20.66645],[-90.44534,20.66643],[-90.44533,20.66634],[-90.44536,20.66623],[-90.44536,20.66622],[-90.44537,20.66614],[-90.44537,20.66611],[-90.44541,20.66599],[-90.44541,20.6658],[-90.44541,20.6657],[-90.44544,20.66563],[-90.44544,20.66562],[-90.44543,20.66557],[-90.44542,20.66557],[-90.44539,20.66556],[-90.44535,20.66552],[-90.44527,20.66551],[-90.4452,20.66547],[-90.44513,20.66538],[-90.44518,20.66525],[-90.44516,20.66517],[-90.44516,20.66517],[-90.44516,20.66513],[-90.44517,20.66511],[-90.4452,20.66506],[-90.44521,20.665],[-90.44521,20.665],[-90.44521,20.665],[-90.44519,20.66495],[-90.4452,20.6649],[-90.4452,20.66481],[-90.44518,20.66475],[-90.4452,20.66467],[-90.44526,20.66455],[-90.44526,20.66455],[-90.44527,20.66453],[-90.44529,20.6645],[-90.44536,20.66439],[-90.44541,20.66435],[-90.44541,20.66435],[-90.44543,20.66434],[-90.44544,20.66433],[-90.44545,20.66434],[-90.44546,20.66434],[-90.44546,20.66435],[-90.44548,20.66436],[-90.44553,20.66427],[-90.44558,20.66419],[-90.44558,20.66419],[-90.44558,20.66418],[-90.44558,20.66418],[-90.44559,20.66418],[-90.44565,20.66416],[-90.44567,20.66415],[-90.44569,20.66415],[-90.44575,20.6641],[-90.44575,20.66409],[-90.44576,20.66407],[-90.44577,20.66405],[-90.44577,20.66405],[-90.44583,20.66402],[-90.44586,20.664],[-90.44585,20.66392],[-90.44578,20.66387],[-90.44571,20.66381],[-90.44571,20.6638],[-90.44567,20.66369],[-90.44561,20.66351],[-90.44564,20.66344],[-90.44564,20.66331],[-90.44564,20.66331],[-90.44564,20.6633],[-90.44564,20.66329],[-90.44564,20.66328],[-90.44564,20.66328],[-90.44566,20.66324],[-90.44569,20.66318],[-90.44574,20.66311],[-90.44576,20.66305],[-90.44576,20.66302],[-90.44574,20.66288],[-90.44572,20.66284],[-90.44567,20.66279],[-90.44564,20.66272],[-90.44562,20.66266],[-90.44562,20.66253],[-90.44562,20.66252],[-90.44562,20.66244],[-90.44564,20.66242],[-90.44565,20.6624],[-90.44567,20.66236],[-90.44565,20.66229],[-90.44566,20.66224],[-90.44566,20.66224],[-90.44565,20.66219],[-90.44562,20.66216],[-90.44563,20.66213],[-90.44563,20.66213],[-90.44567,20.66211],[-90.44568,20.6621],[-90.4457,20.66209],[-90.4457,20.66209],[-90.44571,20.66209],[-90.44572,20.66207],[-90.44572,20.66205],[-90.44573,20.66199],[-90.44576,20.66194],[-90.44582,20.66185],[-90.44582,20.66175],[-90.44583,20.66174],[-90.44583,20.66174],[-90.44583,20.66174],[-90.44585,20.66173],[-90.44588,20.66171],[-90.44589,20.66166],[-90.44589,20.66162],[-90.4459,20.66156],[-90.4459,20.66156],[-90.4459,20.66153],[-90.4459,20.66141],[-90.4459,20.66132],[-90.44592,20.66128],[-90.44601,20.66119],[-90.44607,20.66108],[-90.44608,20.66105],[-90.4461,20.66102],[-90.44612,20.66099],[-90.44615,20.66091],[-90.44615,20.66082],[-90.44618,20.66079],[-90.44622,20.66075],[-90.44622,20.66075],[-90.44622,20.66074],[-90.44619,20.66068],[-90.44622,20.66055],[-90.44623,20.6605],[-90.44627,20.66044],[-90.44627,20.66044],[-90.44628,20.66042],[-90.44628,20.66042],[-90.44629,20.6604],[-90.44627,20.66036],[-90.44617,20.66031],[-90.44615,20.66031],[-90.4461,20.66031],[-90.44602,20.66033],[-90.44601,20.66034],[-90.446,20.66034],[-90.44596,20.66039],[-90.44591,20.66045],[-90.44591,20.66045],[-90.4459,20.66045],[-90.44589,20.66045],[-90.44589,20.66045],[-90.44588,20.66045],[-90.44582,20.66043],[-90.44585,20.66032],[-90.44586,20.66029],[-90.44593,20.6602],[-90.44595,20.66016],[-90.44596,20.66016],[-90.44598,20.66012],[-90.44598,20.66011],[-90.44609,20.66007],[-90.44611,20.66006],[-90.44614,20.66004],[-90.44621,20.65997],[-90.44621,20.65996],[-90.44627,20.65989],[-90.44627,20.65989],[-90.44626,20.65987],[-90.44626,20.65986],[-90.44625,20.65985],[-90.4463,20.65985],[-90.44631,20.65985],[-90.44631,20.65985],[-90.44633,20.65985],[-90.44633,20.65985],[-90.44634,20.65986],[-90.44635,20.65986],[-90.44639,20.65981],[-90.44639,20.6598],[-90.44639,20.65977],[-90.44639,20.65976],[-90.44638,20.65976],[-90.44634,20.65974],[-90.44636,20.6597],[-90.44638,20.65965],[-90.44635,20.65962],[-90.44634,20.65959],[-90.44629,20.65953],[-90.44625,20.65952],[-90.44625,20.65952],[-90.44624,20.6595],[-90.44623,20.65946],[-90.44626,20.65941],[-90.44627,20.65939],[-90.44628,20.65938],[-90.44628,20.65937],[-90.44629,20.65937],[-90.44629,20.65937],[-90.44632,20.65935],[-90.44632,20.65932],[-90.44631,20.65931],[-90.4463,20.6593],[-90.44629,20.6593],[-90.44625,20.65926],[-90.44626,20.65924],[-90.44628,20.65923],[-90.44629,20.65921],[-90.44632,20.65919],[-90.44633,20.65918],[-90.4463,20.65912],[-90.4463,20.6591],[-90.44623,20.65903],[-90.44617,20.65899],[-90.44619,20.65893],[-90.44619,20.65893],[-90.4462,20.65892],[-90.44621,20.65892],[-90.44622,20.65892],[-90.44625,20.65892],[-90.44626,20.65886],[-90.44625,20.65882],[-90.44623,20.65879],[-90.44623,20.65878],[-90.44624,20.65878],[-90.44625,20.65877],[-90.44627,20.65876],[-90.44627,20.65871],[-90.44624,20.6587],[-90.4462,20.65867],[-90.4462,20.65859],[-90.44621,20.65851],[-90.44619,20.65848],[-90.44617,20.65849],[-90.44612,20.6585],[-90.44612,20.65849],[-90.44612,20.65846],[-90.44616,20.65842],[-90.44617,20.65834],[-90.44617,20.65833],[-90.44617,20.65832],[-90.44618,20.65832],[-90.4462,20.6583],[-90.44623,20.65827],[-90.44623,20.65826],[-90.44624,20.65824],[-90.44628,20.65818],[-90.44629,20.65817],[-90.4463,20.65816],[-90.4463,20.65815],[-90.44632,20.6581],[-90.44637,20.65807],[-90.44642,20.65799],[-90.44643,20.65798],[-90.44645,20.65795],[-90.44645,20.65793],[-90.44645,20.65793],[-90.44647,20.65786],[-90.44651,20.65781],[-90.44651,20.65781],[-90.44655,20.65778],[-90.44656,20.65778],[-90.44658,20.65777],[-90.44663,20.65772],[-90.44664,20.6577],[-90.44664,20.65767],[-90.44664,20.65765],[-90.44664,20.6576],[-90.44661,20.65755],[-90.44661,20.65754],[-90.4466,20.65753],[-90.44655,20.65743],[-90.44656,20.65735],[-90.44656,20.65734],[-90.44657,20.65734],[-90.44664,20.65732],[-90.44666,20.65731],[-90.44666,20.65731],[-90.44673,20.65727],[-90.44675,20.65723],[-90.44669,20.65718],[-90.44667,20.65718],[-90.44664,20.65718],[-90.44658,20.6572],[-90.44652,20.6572],[-90.44647,20.65722],[-90.4464,20.65723],[-90.44638,20.65724],[-90.44637,20.65725],[-90.44637,20.65725],[-90.44635,20.65726],[-90.44631,20.65729],[-90.44631,20.65729],[-90.4463,20.65728],[-90.4463,20.65728],[-90.44627,20.65726],[-90.44619,20.65713],[-90.44619,20.65713],[-90.44618,20.65712],[-90.44627,20.65712],[-90.44627,20.65712],[-90.44636,20.65711],[-90.44637,20.65711],[-90.44637,20.65711],[-90.44638,20.6571],[-90.44642,20.65708],[-90.44645,20.65707],[-90.44649,20.65699],[-90.44649,20.65699],[-90.44649,20.65695],[-90.44653,20.6569],[-90.44661,20.65684],[-90.44667,20.65679],[-90.44667,20.65673],[-90.44667,20.65663],[-90.44667,20.65662],[-90.44666,20.65659],[-90.44666,20.65653],[-90.44668,20.65644],[-90.44671,20.65634],[-90.44677,20.65625],[-90.44686,20.656],[-90.44687,20.65598],[-90.44688,20.65583],[-90.44688,20.65581],[-90.44684,20.65578],[-90.44678,20.65571],[-90.44678,20.65558],[-90.44683,20.65548],[-90.44684,20.6554],[-90.44685,20.65536],[-90.44683,20.65534],[-90.44681,20.65532],[-90.44671,20.65526],[-90.44659,20.65518],[-90.44654,20.65513],[-90.44652,20.65511],[-90.44651,20.65509],[-90.4465,20.65501],[-90.44651,20.65496],[-90.44651,20.65491],[-90.44651,20.65489],[-90.44652,20.65481],[-90.44652,20.65473],[-90.44654,20.65462],[-90.44654,20.65461],[-90.44654,20.65458],[-90.44654,20.65449],[-90.44654,20.65446],[-90.44654,20.65445],[-90.44653,20.65439],[-90.44657,20.65427],[-90.44665,20.6542],[-90.44665,20.6542],[-90.4467,20.65415],[-90.44677,20.6541],[-90.44679,20.65407],[-90.44681,20.65404],[-90.44682,20.65404],[-90.44682,20.65397],[-90.44682,20.65396],[-90.44681,20.65389],[-90.44681,20.65386],[-90.44681,20.6538],[-90.4468,20.65371],[-90.4468,20.65369],[-90.44681,20.65368],[-90.44685,20.65362],[-90.44687,20.65356],[-90.44688,20.65354],[-90.44687,20.65354],[-90.44681,20.6535],[-90.44676,20.6534],[-90.44669,20.65333],[-90.44662,20.65321],[-90.44665,20.65313],[-90.44666,20.65311],[-90.44666,20.6531],[-90.44667,20.65301],[-90.44668,20.65298],[-90.44673,20.65293],[-90.44675,20.65291],[-90.44675,20.65291],[-90.44679,20.65287],[-90.44679,20.6528],[-90.44679,20.65277],[-90.44679,20.65277],[-90.44679,20.65277],[-90.44678,20.65275],[-90.44676,20.65271],[-90.44669,20.65268],[-90.44669,20.65268],[-90.44667,20.65268],[-90.44661,20.65269],[-90.44658,20.65269],[-90.44654,20.65268],[-90.44652,20.65263],[-90.44654,20.65259],[-90.44648,20.65253],[-90.44647,20.65243],[-90.44648,20.65237],[-90.4465,20.65229],[-90.44656,20.65218],[-90.44657,20.65217],[-90.44659,20.65208],[-90.44657,20.65199],[-90.44652,20.65197],[-90.44648,20.65196],[-90.4464,20.65193],[-90.44635,20.65183],[-90.44638,20.65175],[-90.44632,20.65158],[-90.44632,20.65152],[-90.44631,20.65151],[-90.44631,20.65146],[-90.44633,20.65136],[-90.44637,20.65126],[-90.44637,20.65126],[-90.44637,20.65125],[-90.4464,20.65125],[-90.4464,20.65124],[-90.44642,20.65124],[-90.44643,20.65124],[-90.44644,20.65123],[-90.44645,20.65122],[-90.44647,20.65118],[-90.44649,20.65112],[-90.44648,20.65104],[-90.44649,20.65104],[-90.44649,20.65103],[-90.4465,20.65102],[-90.4465,20.65091],[-90.44653,20.65088],[-90.44654,20.65085],[-90.44646,20.65077],[-90.44646,20.65077],[-90.44646,20.65077],[-90.44643,20.65071],[-90.44643,20.6507],[-90.44643,20.65069],[-90.44644,20.65063],[-90.44645,20.65062],[-90.44645,20.65061],[-90.44645,20.65061],[-90.44644,20.65057],[-90.44644,20.65056],[-90.44645,20.65055],[-90.44647,20.65054],[-90.44649,20.65053],[-90.44648,20.6505],[-90.44648,20.65049],[-90.44648,20.65048],[-90.44647,20.65047],[-90.44647,20.65047],[-90.44647,20.65047],[-90.44648,20.65047],[-90.44649,20.65047],[-90.4465,20.65047],[-90.44652,20.65047],[-90.44656,20.6504],[-90.44656,20.65039],[-90.44656,20.65039],[-90.44658,20.6503],[-90.44662,20.65027],[-90.44662,20.65027],[-90.44668,20.65023],[-90.4467,20.65017],[-90.44673,20.65011],[-90.44678,20.65004],[-90.44679,20.65001],[-90.4468,20.64997],[-90.44681,20.64995],[-90.44681,20.64995],[-90.44681,20.64994],[-90.44684,20.64994],[-90.44685,20.64993],[-90.44686,20.64993],[-90.44687,20.64993],[-90.44694,20.64988],[-90.44694,20.64987],[-90.44695,20.64986],[-90.44698,20.64986],[-90.447,20.64985],[-90.44701,20.64985],[-90.44708,20.64978],[-90.44709,20.64973],[-90.44709,20.64972],[-90.44712,20.64964],[-90.44718,20.64959],[-90.44718,20.64951],[-90.44723,20.6494],[-90.44726,20.64938],[-90.44727,20.64936],[-90.44729,20.64934],[-90.44729,20.64934],[-90.44729,20.64926],[-90.4473,20.64922],[-90.4473,20.64919],[-90.44726,20.64915],[-90.44726,20.6491],[-90.44725,20.64903],[-90.44719,20.64896],[-90.44711,20.64889],[-90.44705,20.64884],[-90.44696,20.64881],[-90.44694,20.64881],[-90.44686,20.64882],[-90.44686,20.64881],[-90.44681,20.64876],[-90.4467,20.64873],[-90.44654,20.64865],[-90.44651,20.64861],[-90.44642,20.64858],[-90.4463,20.64845],[-90.44623,20.64833],[-90.4462,20.64825],[-90.44618,20.64819],[-90.44618,20.64818],[-90.44606,20.64805],[-90.44595,20.64801],[-90.44593,20.648],[-90.4459,20.64799],[-90.44578,20.64796],[-90.44562,20.64795],[-90.44562,20.64787],[-90.44561,20.64782],[-90.44561,20.64777],[-90.44561,20.64774],[-90.44561,20.64774],[-90.44561,20.64772],[-90.44561,20.64772],[-90.44574,20.64774],[-90.44588,20.64777],[-90.4459,20.64778],[-90.4459,20.64778],[-90.4459,20.64778],[-90.44606,20.64776],[-90.44618,20.64773],[-90.4462,20.64772],[-90.44622,20.64775],[-90.44626,20.64778],[-90.44626,20.64778],[-90.44631,20.64779],[-90.44632,20.64779],[-90.44633,20.64779],[-90.44633,20.64779],[-90.44636,20.64779],[-90.44644,20.64778],[-90.44652,20.64778],[-90.4466,20.64778],[-90.44662,20.64779],[-90.44664,20.64779],[-90.44665,20.6478],[-90.44669,20.64778],[-90.44671,20.64777],[-90.44673,20.64777],[-90.44673,20.64777],[-90.44677,20.64773],[-90.44678,20.64773],[-90.44678,20.64772],[-90.44679,20.64772],[-90.44679,20.64772],[-90.4468,20.64772],[-90.4468,20.64772],[-90.44683,20.64771],[-90.44683,20.64769],[-90.44683,20.64769],[-90.44682,20.64768],[-90.44682,20.64766],[-90.4468,20.64763],[-90.44675,20.6476],[-90.44675,20.64756],[-90.44673,20.64751],[-90.44668,20.64747],[-90.44659,20.6474],[-90.44652,20.64735],[-90.4465,20.64735],[-90.44648,20.64735],[-90.44642,20.64735],[-90.44642,20.64735],[-90.44637,20.64731],[-90.44631,20.64727],[-90.4463,20.64727],[-90.44628,20.64726],[-90.44623,20.64725],[-90.44624,20.64723],[-90.44624,20.64723],[-90.44625,20.64722],[-90.44632,20.64722],[-90.44634,20.64722],[-90.44636,20.64722],[-90.44637,20.64722],[-90.4464,20.64721],[-90.4464,20.64721],[-90.44642,20.64717],[-90.44644,20.6471],[-90.44645,20.64708],[-90.44645,20.64707],[-90.44646,20.64707],[-90.44648,20.64707],[-90.44649,20.64711],[-90.44652,20.64717],[-90.44656,20.64719],[-90.44658,20.6472],[-90.44659,20.6472],[-90.4466,20.64719],[-90.4466,20.64719],[-90.44661,20.64719],[-90.44664,20.64718],[-90.44665,20.64714],[-90.44666,20.64713],[-90.44668,20.64709],[-90.4467,20.64703],[-90.44671,20.64695],[-90.44671,20.64691],[-90.44672,20.64689],[-90.44672,20.64688],[-90.44671,20.64681],[-90.44674,20.64678],[-90.44674,20.64677],[-90.44675,20.64677],[-90.44677,20.64676],[-90.44678,20.64675],[-90.44677,20.64667],[-90.44678,20.64663],[-90.4468,20.64657],[-90.44683,20.64652],[-90.44683,20.64652],[-90.44687,20.6465],[-90.44689,20.64649],[-90.44691,20.64648],[-90.44694,20.64645],[-90.44693,20.6464],[-90.44689,20.64639],[-90.44688,20.64638],[-90.44687,20.64638],[-90.44686,20.64637],[-90.44686,20.64635],[-90.44686,20.64635],[-90.44686,20.64634],[-90.44687,20.64634],[-90.44688,20.64634],[-90.44691,20.64633],[-90.44691,20.64633],[-90.44691,20.64632],[-90.44691,20.6463],[-90.44691,20.6463],[-90.44692,20.64628],[-90.44693,20.64627],[-90.44696,20.64621],[-90.44693,20.64618],[-90.44691,20.64615],[-90.4469,20.64614],[-90.44691,20.64613],[-90.44692,20.64608],[-90.44691,20.64606],[-90.44693,20.64599],[-90.4469,20.64595],[-90.4469,20.64594],[-90.4469,20.64594],[-90.44691,20.64593],[-90.44691,20.64593],[-90.44692,20.64592],[-90.44695,20.64592],[-90.44696,20.64582],[-90.44691,20.64581],[-90.44688,20.64579],[-90.44687,20.64579],[-90.44688,20.64578],[-90.44688,20.64577],[-90.4469,20.64573],[-90.44695,20.64569],[-90.44692,20.64567],[-90.44692,20.64567],[-90.44691,20.64566],[-90.44695,20.64562],[-90.44695,20.64558],[-90.44695,20.64554],[-90.44695,20.64554],[-90.44698,20.64553],[-90.447,20.64552],[-90.44701,20.64551],[-90.44701,20.64548],[-90.44702,20.64546],[-90.44702,20.64546],[-90.44702,20.64545],[-90.44702,20.64537],[-90.44701,20.64536],[-90.44705,20.64532],[-90.44701,20.6453],[-90.44697,20.64528],[-90.44696,20.64527],[-90.44693,20.64525],[-90.44685,20.64522],[-90.44685,20.64517],[-90.44681,20.64513],[-90.44682,20.64506],[-90.44682,20.645],[-90.44682,20.64497],[-90.44685,20.64491],[-90.44685,20.64489],[-90.44681,20.64487],[-90.44685,20.64485],[-90.44685,20.64482],[-90.44682,20.64465],[-90.4468,20.64462],[-90.4468,20.64457],[-90.4468,20.64456],[-90.4468,20.64456],[-90.4468,20.64456],[-90.44682,20.64455],[-90.44685,20.64455],[-90.44685,20.64454],[-90.44685,20.64451],[-90.44685,20.64448],[-90.44685,20.64448],[-90.44684,20.64444],[-90.44685,20.64439],[-90.44685,20.64438],[-90.44685,20.64437],[-90.44685,20.64435],[-90.44689,20.64436],[-90.44691,20.64436],[-90.44693,20.64436],[-90.44694,20.64436],[-90.44707,20.64425],[-90.44709,20.64407],[-90.44711,20.64391],[-90.44709,20.6439],[-90.44709,20.6439],[-90.44709,20.6438],[-90.44703,20.64378],[-90.44697,20.64373],[-90.44693,20.64363],[-90.44686,20.64353],[-90.44669,20.64349],[-90.44656,20.64339],[-90.44654,20.64339],[-90.44652,20.64338],[-90.44639,20.64334],[-90.44648,20.64329],[-90.44648,20.64329],[-90.44651,20.64327],[-90.44656,20.64327],[-90.44658,20.64327],[-90.44662,20.64329],[-90.44662,20.64329],[-90.44663,20.6433],[-90.44663,20.6433],[-90.44673,20.6433],[-90.44674,20.6433],[-90.44679,20.64328],[-90.44681,20.64327],[-90.44686,20.64321],[-90.44688,20.64311],[-90.44691,20.64305],[-90.44697,20.64297],[-90.447,20.64293],[-90.44702,20.64285],[-90.44702,20.6428],[-90.44705,20.6427],[-90.44705,20.64268],[-90.44705,20.64267],[-90.44705,20.64262],[-90.44705,20.64245],[-90.44705,20.64242],[-90.44705,20.64238],[-90.44705,20.64236],[-90.44705,20.6423],[-90.44705,20.6422],[-90.44702,20.64217],[-90.44702,20.64217],[-90.447,20.64215],[-90.44697,20.64212],[-90.44696,20.64206],[-90.44695,20.64198],[-90.44693,20.64194],[-90.44689,20.64189],[-90.44689,20.64188],[-90.44686,20.64185],[-90.44685,20.64185],[-90.44684,20.64184],[-90.44685,20.64181],[-90.44686,20.6418],[-90.44686,20.6418],[-90.44691,20.64178],[-90.44692,20.64178],[-90.44693,20.64178],[-90.44694,20.64178],[-90.44697,20.6418],[-90.44698,20.6418],[-90.447,20.6418],[-90.44701,20.64179],[-90.44704,20.64179],[-90.44706,20.64173],[-90.44707,20.6417],[-90.44708,20.64166],[-90.44707,20.64165],[-90.44706,20.64164],[-90.44704,20.64163],[-90.44704,20.64163],[-90.44704,20.64163],[-90.447,20.64159],[-90.44696,20.64155],[-90.44697,20.64153],[-90.44698,20.64153],[-90.44698,20.64152],[-90.447,20.64152],[-90.44701,20.64152],[-90.44704,20.64151],[-90.44704,20.64151],[-90.44704,20.64149],[-90.44703,20.64144],[-90.44705,20.64142],[-90.44706,20.64139],[-90.44705,20.64138],[-90.44702,20.64137],[-90.44704,20.64134],[-90.44706,20.64132],[-90.44707,20.64131],[-90.44707,20.64131],[-90.44707,20.64126],[-90.44707,20.64124],[-90.44707,20.64124],[-90.44703,20.64121],[-90.447,20.64118],[-90.44701,20.64116],[-90.44701,20.64115],[-90.44701,20.64115],[-90.44703,20.64114],[-90.44704,20.64114],[-90.44706,20.64114],[-90.44707,20.64113],[-90.44707,20.64113],[-90.44707,20.64109],[-90.44707,20.64109],[-90.44705,20.64105],[-90.44704,20.64104],[-90.44701,20.64101],[-90.44699,20.64097],[-90.44702,20.64095],[-90.44702,20.64094],[-90.44703,20.64089],[-90.44703,20.64087],[-90.44705,20.64076],[-90.44705,20.6407],[-90.44703,20.64063],[-90.44699,20.64062],[-90.44696,20.64058],[-90.44698,20.64054],[-90.44702,20.6405],[-90.44703,20.64047],[-90.44703,20.64047],[-90.44703,20.64045],[-90.44703,20.64045],[-90.44708,20.64046],[-90.44709,20.64052],[-90.4471,20.64052],[-90.4471,20.64052],[-90.44711,20.64052],[-90.44713,20.64053],[-90.44715,20.64047],[-90.44716,20.64047],[-90.44717,20.64046],[-90.44718,20.64045],[-90.44719,20.64045],[-90.44721,20.64044],[-90.44722,20.64044],[-90.44725,20.6404],[-90.44723,20.64038],[-90.44721,20.64037],[-90.44721,20.64036],[-90.44721,20.64036],[-90.44716,20.64034],[-90.44712,20.64031],[-90.44712,20.64031],[-90.44713,20.64031],[-90.44715,20.64029],[-90.44716,20.64029],[-90.4472,20.6403],[-90.4472,20.6403],[-90.44721,20.64031],[-90.44721,20.64031],[-90.44725,20.64028],[-90.44726,20.64027],[-90.4473,20.64023],[-90.4473,20.64016],[-90.44735,20.64011],[-90.44738,20.64007],[-90.44739,20.64006],[-90.44741,20.64004],[-90.44744,20.64001],[-90.44741,20.63993],[-90.4474,20.6399],[-90.4474,20.6399],[-90.44739,20.63985],[-90.44737,20.63983],[-90.44733,20.63979],[-90.44733,20.63979],[-90.44727,20.63975],[-90.44727,20.63974],[-90.4472,20.63972],[-90.44721,20.63967],[-90.44721,20.63961],[-90.44727,20.63955],[-90.44728,20.63954],[-90.44733,20.63952],[-90.44737,20.63951],[-90.44737,20.63951],[-90.44741,20.63951],[-90.44742,20.63951],[-90.44745,20.63951],[-90.44747,20.63951],[-90.44749,20.63951],[-90.44752,20.6395],[-90.44754,20.6395],[-90.44755,20.6395],[-90.44759,20.63946],[-90.44761,20.63945],[-90.44761,20.63944],[-90.44758,20.63942],[-90.44761,20.63939],[-90.44766,20.63932],[-90.44767,20.6393],[-90.44767,20.63929],[-90.44768,20.63928],[-90.44769,20.63927],[-90.44771,20.63928],[-90.44772,20.63928],[-90.44776,20.63928],[-90.44777,20.63928],[-90.44778,20.63928],[-90.44779,20.63928],[-90.44782,20.63926],[-90.44783,20.63921],[-90.44783,20.63921],[-90.44779,20.63919],[-90.44779,20.63915],[-90.44781,20.63913],[-90.44782,20.63912],[-90.44783,20.63912],[-90.44785,20.63911],[-90.44786,20.63912],[-90.44786,20.63913],[-90.44786,20.63913],[-90.44787,20.63915],[-90.44787,20.63915],[-90.44787,20.63915],[-90.44789,20.63912],[-90.44789,20.63911],[-90.44794,20.63903],[-90.44796,20.63897],[-90.44797,20.63894],[-90.44798,20.63893],[-90.44799,20.63889],[-90.44797,20.63884],[-90.44797,20.63882],[-90.44797,20.63882],[-90.44797,20.63881],[-90.44801,20.63881],[-90.44802,20.63881],[-90.44804,20.63881],[-90.44805,20.63881],[-90.44808,20.63877],[-90.44809,20.63877],[-90.4481,20.63875],[-90.44811,20.63875],[-90.44812,20.63875],[-90.44812,20.63875],[-90.44812,20.63875],[-90.44813,20.63875],[-90.44816,20.63874],[-90.44816,20.63869],[-90.44816,20.63868],[-90.44816,20.63867],[-90.44816,20.63863],[-90.44818,20.63855],[-90.44819,20.63848],[-90.44824,20.63842],[-90.44824,20.63841],[-90.44826,20.63841],[-90.44829,20.63839],[-90.44829,20.63834],[-90.4483,20.63833],[-90.4483,20.63833],[-90.44831,20.63832],[-90.44833,20.63831],[-90.44834,20.63831],[-90.4484,20.63832],[-90.4484,20.63833],[-90.44841,20.63833],[-90.44844,20.63833],[-90.44847,20.63833],[-90.44849,20.63833],[-90.4485,20.63833],[-90.44852,20.63833],[-90.44856,20.63828],[-90.44854,20.63824],[-90.4485,20.6382],[-90.44848,20.63819],[-90.44844,20.63817],[-90.44841,20.63813],[-90.44843,20.63807],[-90.44844,20.63806],[-90.44844,20.63804],[-90.44849,20.63797],[-90.44849,20.63796],[-90.44858,20.63793],[-90.44861,20.63792],[-90.44861,20.63788],[-90.44868,20.63779],[-90.44873,20.63771],[-90.44876,20.63768],[-90.44876,20.63767],[-90.44879,20.63763],[-90.4488,20.63763],[-90.44883,20.63758],[-90.4488,20.63758],[-90.44879,20.63758],[-90.44877,20.63758],[-90.44877,20.63759],[-90.44876,20.63758],[-90.44873,20.63756],[-90.44872,20.63756],[-90.4487,20.63751],[-90.44869,20.63749],[-90.4487,20.63746],[-90.44871,20.63744],[-90.4487,20.63739],[-90.44867,20.63736],[-90.44869,20.63734],[-90.44868,20.63728],[-90.44861,20.63726],[-90.44855,20.63722],[-90.44847,20.63719],[-90.44846,20.63719],[-90.44842,20.63717],[-90.4484,20.63717],[-90.4484,20.63717],[-90.44837,20.63719],[-90.44833,20.63721],[-90.44829,20.63722],[-90.44821,20.63725],[-90.4482,20.63724],[-90.44817,20.63721],[-90.44818,20.63713],[-90.44821,20.6371],[-90.44823,20.63709],[-90.44823,20.63709],[-90.4483,20.63706],[-90.44831,20.63706],[-90.44834,20.63707],[-90.44836,20.63708],[-90.44837,20.6371],[-90.44839,20.63712],[-90.44839,20.63712],[-90.4484,20.63712],[-90.44841,20.63712],[-90.44842,20.63712],[-90.44843,20.63712],[-90.44846,20.63712],[-90.44844,20.63709],[-90.44847,20.63706],[-90.44847,20.63705],[-90.44849,20.63704],[-90.44852,20.63703],[-90.44853,20.63697],[-90.44853,20.63695],[-90.44855,20.63693],[-90.44856,20.63688],[-90.44856,20.63687],[-90.44856,20.63683],[-90.44857,20.63683],[-90.44857,20.63682],[-90.44858,20.63682],[-90.44861,20.63681],[-90.44862,20.63684],[-90.44862,20.63684],[-90.44862,20.63684],[-90.44862,20.63685],[-90.44862,20.63686],[-90.44868,20.63681],[-90.44868,20.63681],[-90.4487,20.6368],[-90.4487,20.63679],[-90.44875,20.6368],[-90.44876,20.6368],[-90.44876,20.6368],[-90.44879,20.63681],[-90.44879,20.63675],[-90.44879,20.63674],[-90.44879,20.63673],[-90.44883,20.63673],[-90.44883,20.63673],[-90.44885,20.63673],[-90.44885,20.63673],[-90.44886,20.63673],[-90.4489,20.63669],[-90.4489,20.63662],[-90.4489,20.63656],[-90.44884,20.63652],[-90.44884,20.63648],[-90.44881,20.63647],[-90.44876,20.63646],[-90.44874,20.63639],[-90.44867,20.63633],[-90.44862,20.63623],[-90.44858,20.63614],[-90.44856,20.63605],[-90.4486,20.636],[-90.44861,20.63598],[-90.4486,20.63596],[-90.44858,20.63591],[-90.44856,20.63583],[-90.44851,20.63576],[-90.44853,20.63569],[-90.44855,20.63559],[-90.44856,20.6355],[-90.44857,20.63545],[-90.44859,20.63539],[-90.44856,20.63539],[-90.44854,20.63539],[-90.44852,20.63539],[-90.44852,20.63539],[-90.44851,20.63536],[-90.44848,20.63535],[-90.44847,20.63535],[-90.44843,20.63536],[-90.44842,20.63535],[-90.44836,20.63529],[-90.44836,20.63526],[-90.44831,20.63516],[-90.44831,20.63516],[-90.44831,20.63507],[-90.44828,20.63505],[-90.44828,20.63504],[-90.44827,20.63499],[-90.44827,20.63499],[-90.44827,20.63498],[-90.4482,20.63496],[-90.44821,20.63493],[-90.44826,20.63489],[-90.44829,20.63486],[-90.4483,20.63485],[-90.44832,20.63478],[-90.44833,20.63475],[-90.44833,20.63475],[-90.44831,20.63473],[-90.44829,20.63471],[-90.44834,20.63467],[-90.44835,20.63459],[-90.44838,20.63455],[-90.44837,20.63449],[-90.44838,20.63445],[-90.44838,20.63444],[-90.4484,20.63441],[-90.44842,20.63439],[-90.44843,20.63438],[-90.44842,20.63432],[-90.44839,20.63428],[-90.44839,20.63423],[-90.4484,20.63417],[-90.44837,20.63415],[-90.44834,20.63415],[-90.44829,20.63414],[-90.44824,20.63405],[-90.44824,20.63398],[-90.44821,20.6339],[-90.44819,20.63383],[-90.44818,20.63382],[-90.44817,20.63378],[-90.44819,20.63373],[-90.44824,20.63368],[-90.44824,20.63368],[-90.44827,20.63366],[-90.44828,20.63365],[-90.44831,20.63364],[-90.44832,20.63359],[-90.44833,20.63357],[-90.44833,20.63356],[-90.44833,20.63355],[-90.44835,20.63355],[-90.44837,20.63355],[-90.44837,20.63355],[-90.44838,20.63355],[-90.4484,20.63353],[-90.44842,20.6335],[-90.44843,20.63349],[-90.44844,20.63348],[-90.44845,20.63347],[-90.44848,20.63348],[-90.44848,20.63348],[-90.44849,20.63348],[-90.44849,20.63349],[-90.4485,20.63349],[-90.44851,20.63349],[-90.44852,20.63346],[-90.44853,20.63346],[-90.44853,20.63345],[-90.44855,20.63345],[-90.44856,20.63345],[-90.44853,20.63351],[-90.44854,20.63351],[-90.44855,20.63352],[-90.44856,20.63352],[-90.44858,20.63352],[-90.4486,20.63352],[-90.4486,20.63352],[-90.44862,20.63352],[-90.44863,20.63352],[-90.44872,20.63352],[-90.44875,20.63352],[-90.44876,20.63352],[-90.44883,20.63352],[-90.44886,20.63351],[-90.44887,20.63351],[-90.4489,20.6335],[-90.44891,20.63343],[-90.44889,20.63341],[-90.44883,20.63339],[-90.4488,20.63335],[-90.4488,20.63334],[-90.44878,20.63331],[-90.44873,20.63328],[-90.44869,20.63325],[-90.44873,20.63321],[-90.44873,20.63321],[-90.44876,20.6332],[-90.44879,20.63318],[-90.44875,20.63311],[-90.44871,20.63307],[-90.44874,20.63303],[-90.44874,20.63301],[-90.44875,20.63301],[-90.44875,20.63301],[-90.44875,20.633],[-90.44877,20.633],[-90.44879,20.63299],[-90.44881,20.63298],[-90.44881,20.63298],[-90.44882,20.63297],[-90.44883,20.63296],[-90.44884,20.63294],[-90.44886,20.63298],[-90.4489,20.63304],[-90.44898,20.63311],[-90.44906,20.63318],[-90.44911,20.63321],[-90.44912,20.63322],[-90.4492,20.63325],[-90.44924,20.63327],[-90.44925,20.63327],[-90.44929,20.63327],[-90.44931,20.63327],[-90.44932,20.63326],[-90.44942,20.63319],[-90.4495,20.63312],[-90.4495,20.63311],[-90.44958,20.63308],[-90.4496,20.63307],[-90.44965,20.63302],[-90.44967,20.63297],[-90.44967,20.63297],[-90.44968,20.63296],[-90.44971,20.63296],[-90.44973,20.63296],[-90.44974,20.63296],[-90.44975,20.63296],[-90.44975,20.63296],[-90.44975,20.63295],[-90.44976,20.63294],[-90.44976,20.63292],[-90.44976,20.63292],[-90.44976,20.63292],[-90.44976,20.6329],[-90.44978,20.6329],[-90.44978,20.6329],[-90.44979,20.6329],[-90.4498,20.6329],[-90.44981,20.6329],[-90.44984,20.6329],[-90.44984,20.63286],[-90.44985,20.63284],[-90.44985,20.63284],[-90.44985,20.63283],[-90.44985,20.63283],[-90.44988,20.63282],[-90.44992,20.63281],[-90.44992,20.63281],[-90.44993,20.6328],[-90.44994,20.6328],[-90.44995,20.63279],[-90.44996,20.63278],[-90.44996,20.63278],[-90.44997,20.63278],[-90.44999,20.63277],[-90.44999,20.63276],[-90.45,20.63276],[-90.45002,20.63276],[-90.45004,20.63276],[-90.45006,20.63276],[-90.45008,20.63272],[-90.45011,20.63269],[-90.45011,20.63269],[-90.45013,20.63267],[-90.45013,20.63267],[-90.45013,20.63267],[-90.45015,20.63265],[-90.45015,20.63265],[-90.45015,20.63265],[-90.45016,20.63265],[-90.45017,20.63265],[-90.45017,20.63265],[-90.4502,20.63266],[-90.45019,20.63264],[-90.45019,20.63261],[-90.45014,20.63259],[-90.45015,20.63256],[-90.45016,20.63251],[-90.45016,20.6325],[-90.45016,20.6325],[-90.45016,20.63249],[-90.45016,20.63249],[-90.45022,20.63247],[-90.45022,20.63247],[-90.45022,20.63247],[-90.45031,20.63247],[-90.45036,20.63247],[-90.45038,20.63247],[-90.45045,20.63246],[-90.45046,20.63246],[-90.45046,20.63246],[-90.45048,20.63245],[-90.4505,20.63245],[-90.4505,20.63245],[-90.45052,20.63245],[-90.45053,20.63243],[-90.45056,20.63241],[-90.45056,20.63236],[-90.45056,20.63234],[-90.45057,20.63231],[-90.45057,20.6323],[-90.45049,20.63227],[-90.45045,20.63226],[-90.45043,20.63226],[-90.45038,20.63225],[-90.45038,20.63224],[-90.45038,20.63224],[-90.45034,20.63222],[-90.45032,20.63222],[-90.4503,20.63222],[-90.45029,20.63222],[-90.45025,20.63218],[-90.45023,20.63218],[-90.45019,20.63218],[-90.45017,20.63218],[-90.45017,20.63218],[-90.45016,20.63217],[-90.45012,20.63214],[-90.45014,20.6321],[-90.45015,20.6321],[-90.45015,20.63209],[-90.4502,20.63208],[-90.45021,20.63208],[-90.45022,20.63207],[-90.4503,20.63206],[-90.45035,20.63205],[-90.45036,20.63205],[-90.45037,20.63205],[-90.45037,20.63204],[-90.4504,20.63204],[-90.4504,20.63199],[-90.4504,20.63199],[-90.4504,20.63197],[-90.4504,20.63197],[-90.45043,20.63197],[-90.45045,20.63198],[-90.45048,20.63197],[-90.45049,20.63197],[-90.45052,20.63196],[-90.45052,20.63188],[-90.45051,20.63182],[-90.45051,20.63175],[-90.45052,20.63171],[-90.45052,20.63171],[-90.45054,20.6317],[-90.45057,20.63169],[-90.45062,20.63156],[-90.4506,20.63152],[-90.4506,20.63151],[-90.4506,20.63148],[-90.45059,20.63142],[-90.4506,20.63141],[-90.4506,20.63141],[-90.45062,20.63139],[-90.45061,20.63135],[-90.45061,20.63135],[-90.45061,20.63134],[-90.45067,20.63133],[-90.45069,20.63132],[-90.45072,20.63132],[-90.45074,20.63131],[-90.45076,20.63131],[-90.45079,20.63128],[-90.4508,20.63123],[-90.4508,20.63123],[-90.4508,20.63121],[-90.45083,20.63121],[-90.45084,20.63122],[-90.45085,20.63122],[-90.45086,20.63122],[-90.45087,20.6312],[-90.45088,20.63118],[-90.45086,20.63113],[-90.45087,20.63112],[-90.4509,20.63108],[-90.45091,20.63105],[-90.45091,20.63105],[-90.45092,20.63104],[-90.45095,20.63104],[-90.45095,20.63104],[-90.45097,20.63104],[-90.45098,20.63104],[-90.45107,20.63095],[-90.45107,20.63095],[-90.45111,20.63092],[-90.45114,20.63091],[-90.4512,20.63084],[-90.4512,20.6308],[-90.4512,20.63078],[-90.4512,20.63077],[-90.4512,20.63077],[-90.45122,20.63076],[-90.45123,20.63076],[-90.45125,20.63076],[-90.45127,20.63075],[-90.45132,20.63071],[-90.45138,20.63063],[-90.45141,20.63054],[-90.45142,20.63044],[-90.45142,20.63042],[-90.45145,20.63036],[-90.45145,20.6303],[-90.4515,20.6302],[-90.45152,20.63016],[-90.45152,20.63015],[-90.45153,20.63014],[-90.45157,20.63008],[-90.45157,20.63008],[-90.45159,20.63006],[-90.4516,20.63006],[-90.45164,20.63003],[-90.45164,20.62998],[-90.45165,20.62993],[-90.4517,20.62986],[-90.45172,20.62984],[-90.45172,20.62983],[-90.4517,20.62978],[-90.45167,20.62975],[-90.45161,20.62972],[-90.45163,20.62966],[-90.45161,20.62962],[-90.4516,20.6296],[-90.4516,20.62959],[-90.4516,20.62958],[-90.45161,20.62956],[-90.45162,20.62956],[-90.45163,20.62955],[-90.45166,20.62954],[-90.45168,20.62954],[-90.45169,20.62955],[-90.45169,20.62956],[-90.4517,20.62958],[-90.45172,20.62959],[-90.45173,20.62959],[-90.45174,20.62959],[-90.45174,20.62959],[-90.45177,20.62957],[-90.45179,20.62953],[-90.45182,20.62949],[-90.45182,20.62949],[-90.45185,20.62947],[-90.45188,20.62945],[-90.4519,20.62944],[-90.45191,20.62943],[-90.45191,20.62943],[-90.45192,20.62942],[-90.45194,20.62942],[-90.45195,20.62942],[-90.45196,20.62941],[-90.452,20.62938],[-90.452,20.62937],[-90.45201,20.62935],[-90.45201,20.62935],[-90.45201,20.62934],[-90.45202,20.62934],[-90.45203,20.62933],[-90.45205,20.62933],[-90.45206,20.62933],[-90.45206,20.62932],[-90.45206,20.6293],[-90.45203,20.62929],[-90.45203,20.62927],[-90.45203,20.62927],[-90.45205,20.62921],[-90.45205,20.6292],[-90.45206,20.6292],[-90.45207,20.62919],[-90.45208,20.62919],[-90.4521,20.62918],[-90.4521,20.62908],[-90.45212,20.62904],[-90.45211,20.62901],[-90.45209,20.62901],[-90.45208,20.629],[-90.45206,20.629],[-90.45208,20.62898],[-90.45208,20.62897],[-90.45208,20.62896],[-90.45208,20.62892],[-90.4521,20.62889],[-90.4521,20.62889],[-90.4521,20.62889],[-90.45211,20.62887],[-90.45212,20.62887],[-90.45212,20.62886],[-90.45212,20.62886],[-90.45212,20.62887],[-90.45213,20.62887],[-90.45213,20.62887],[-90.45215,20.62887],[-90.45217,20.62882],[-90.45216,20.62878],[-90.45216,20.62876],[-90.45217,20.62874],[-90.45218,20.62865],[-90.45221,20.62861],[-90.45222,20.6286],[-90.45222,20.62859],[-90.45223,20.62856],[-90.45225,20.62852],[-90.45224,20.62852],[-90.45219,20.62849],[-90.45219,20.62845],[-90.45219,20.62839],[-90.45215,20.62835],[-90.45215,20.62828],[-90.4521,20.62827],[-90.45209,20.62827],[-90.45207,20.62826],[-90.45208,20.62823],[-90.45208,20.62823],[-90.45212,20.62821],[-90.45213,20.6282],[-90.45214,20.6282],[-90.45215,20.62819],[-90.45218,20.62815],[-90.45219,20.62814],[-90.4522,20.6281],[-90.4522,20.6281],[-90.45221,20.62807],[-90.45221,20.62796],[-90.45224,20.62793],[-90.45222,20.62784],[-90.45219,20.62779],[-90.45219,20.62774],[-90.45216,20.62768],[-90.45209,20.62764],[-90.45203,20.62758],[-90.45201,20.62752],[-90.45196,20.62749],[-90.45194,20.62749],[-90.45191,20.62749],[-90.45188,20.62749],[-90.45188,20.62749],[-90.45186,20.62749],[-90.4518,20.62748],[-90.4518,20.62745],[-90.45184,20.62742],[-90.45184,20.62738],[-90.45181,20.62733],[-90.45185,20.62729],[-90.45186,20.62727],[-90.45186,20.62726],[-90.45186,20.62725],[-90.45187,20.62725],[-90.45189,20.62725],[-90.45191,20.62725],[-90.45197,20.62725],[-90.45199,20.62724],[-90.452,20.62724],[-90.45203,20.62723],[-90.45204,20.62719],[-90.45201,20.62714],[-90.45204,20.62712],[-90.45203,20.62704],[-90.45207,20.62699],[-90.45207,20.62683],[-90.45207,20.62674],[-90.45208,20.62662],[-90.4521,20.62651],[-90.45203,20.62648],[-90.45201,20.62644],[-90.45201,20.62638],[-90.45204,20.62633],[-90.45208,20.62628],[-90.45208,20.6262],[-90.45208,20.62616],[-90.45208,20.62615],[-90.45209,20.62615],[-90.4521,20.62612],[-90.4521,20.62611],[-90.45215,20.62609],[-90.45216,20.62608],[-90.45217,20.62608],[-90.4522,20.62606],[-90.45221,20.62606],[-90.45222,20.62605],[-90.45223,20.62604],[-90.45225,20.62605],[-90.45227,20.62606],[-90.45228,20.62606],[-90.45228,20.62606],[-90.45229,20.62607],[-90.45229,20.62607],[-90.4523,20.62607],[-90.45231,20.62607],[-90.45232,20.62605],[-90.45233,20.62604],[-90.45233,20.62604],[-90.45234,20.62603],[-90.45237,20.62602],[-90.45239,20.62601],[-90.45242,20.62598],[-90.45242,20.62597],[-90.45242,20.62597],[-90.45244,20.62595],[-90.45246,20.62595],[-90.45247,20.62595],[-90.45248,20.62595],[-90.45248,20.62595],[-90.45248,20.62595],[-90.45249,20.62595],[-90.45251,20.62594],[-90.45252,20.62593],[-90.45253,20.62593],[-90.45254,20.62591],[-90.45261,20.6259],[-90.45261,20.6259],[-90.45263,20.6259],[-90.45266,20.62588],[-90.45269,20.62586],[-90.45275,20.62582],[-90.45279,20.62577],[-90.45275,20.62575],[-90.45273,20.62574],[-90.4527,20.62573],[-90.4527,20.62572],[-90.45264,20.62569],[-90.45264,20.62568],[-90.45263,20.62566],[-90.45263,20.62566],[-90.45263,20.62566],[-90.45264,20.62566],[-90.45265,20.62565],[-90.45267,20.62564],[-90.45267,20.62562],[-90.45267,20.62562],[-90.45267,20.62562],[-90.4527,20.62562],[-90.45269,20.62557],[-90.45269,20.62557],[-90.45269,20.62555],[-90.45269,20.62555],[-90.45272,20.62555],[-90.45274,20.62555],[-90.45275,20.62555],[-90.45275,20.62555],[-90.45276,20.62555],[-90.45279,20.62554],[-90.45279,20.62547],[-90.45276,20.62546],[-90.4527,20.62545],[-90.4527,20.62541],[-90.4527,20.62536],[-90.4527,20.62535],[-90.45271,20.62535],[-90.45274,20.62534],[-90.45275,20.62531],[-90.45271,20.62528],[-90.45271,20.62527],[-90.45273,20.62525],[-90.45274,20.62521],[-90.45274,20.6252],[-90.45275,20.6252],[-90.45278,20.62519],[-90.45279,20.62514],[-90.45278,20.6251],[-90.45278,20.6251],[-90.45278,20.62508],[-90.45278,20.62508],[-90.45279,20.62508],[-90.4528,20.62509],[-90.45281,20.62509],[-90.45282,20.62509],[-90.45284,20.62507],[-90.45284,20.62507],[-90.45284,20.62505],[-90.45285,20.62499],[-90.45285,20.62495],[-90.45283,20.62494],[-90.45284,20.6249],[-90.45284,20.6249],[-90.45285,20.62489],[-90.45288,20.62489],[-90.45289,20.62489],[-90.4529,20.62489],[-90.45292,20.62487],[-90.45295,20.62486],[-90.45296,20.62485],[-90.45296,20.62484],[-90.45298,20.62483],[-90.45298,20.62483],[-90.45299,20.62482],[-90.453,20.62481],[-90.45302,20.62481],[-90.45305,20.62479],[-90.45306,20.62477],[-90.45305,20.62475],[-90.45306,20.62471],[-90.45305,20.62466],[-90.45305,20.62465],[-90.45305,20.62465],[-90.45308,20.62464],[-90.45312,20.62453],[-90.45309,20.62452],[-90.45308,20.62452],[-90.45306,20.62451],[-90.45308,20.62445],[-90.45311,20.62443],[-90.45312,20.62437],[-90.45309,20.62437],[-90.45304,20.62437],[-90.45304,20.62437],[-90.45302,20.62437],[-90.45302,20.62436],[-90.45302,20.62435],[-90.45302,20.62435],[-90.45302,20.62433],[-90.45309,20.62433],[-90.45309,20.62433],[-90.45314,20.62433],[-90.45315,20.62433],[-90.45316,20.62433],[-90.45321,20.62428],[-90.45326,20.62424],[-90.45328,20.62422],[-90.45329,20.62421],[-90.45332,20.62417],[-90.45333,20.62416],[-90.45334,20.62415],[-90.45338,20.62413],[-90.45338,20.62413],[-90.4534,20.62411],[-90.45342,20.62411],[-90.4535,20.6241],[-90.45351,20.62409],[-90.45352,20.62409],[-90.45353,20.62408],[-90.45354,20.62408],[-90.45356,20.62407],[-90.4536,20.62406],[-90.4536,20.62406],[-90.45361,20.62406],[-90.45362,20.62405],[-90.45363,20.62405],[-90.45365,20.62404],[-90.45365,20.62404],[-90.45365,20.62403],[-90.45367,20.62397],[-90.45369,20.62396],[-90.4537,20.62395],[-90.45373,20.62392],[-90.45373,20.6239],[-90.45373,20.62387],[-90.4538,20.62382],[-90.45378,20.62378],[-90.45377,20.62374],[-90.45371,20.62374],[-90.45369,20.62372],[-90.45363,20.62369],[-90.4536,20.62364],[-90.45361,20.6236],[-90.45361,20.6236],[-90.45362,20.62358],[-90.45364,20.62359],[-90.45368,20.62358],[-90.4537,20.62357],[-90.45371,20.62357],[-90.45379,20.62352],[-90.45382,20.6235],[-90.45384,20.62348],[-90.45386,20.62347],[-90.45387,20.62347],[-90.45389,20.62345],[-90.45397,20.62337],[-90.45401,20.62331],[-90.45403,20.62328],[-90.45404,20.62322],[-90.45408,20.6231],[-90.45408,20.62308],[-90.45408,20.62292],[-90.45409,20.62281],[-90.45407,20.62279],[-90.45406,20.62278],[-90.45405,20.62278],[-90.45405,20.6227],[-90.45405,20.62265],[-90.45408,20.62258],[-90.45408,20.6225],[-90.45412,20.62243],[-90.45416,20.62233],[-90.45416,20.62233],[-90.45418,20.62229],[-90.45419,20.62225],[-90.4542,20.62216],[-90.45417,20.62211],[-90.4542,20.62205],[-90.45419,20.62201],[-90.45412,20.62198],[-90.45404,20.62196],[-90.45402,20.62196],[-90.45395,20.62196],[-90.45395,20.62196],[-90.45391,20.6219],[-90.45388,20.62189],[-90.45381,20.62179],[-90.45372,20.62171],[-90.45363,20.6217],[-90.45362,20.6217],[-90.45346,20.62171],[-90.45344,20.62171],[-90.45342,20.62171],[-90.45333,20.62171],[-90.45333,20.62171],[-90.45332,20.62168],[-90.45332,20.62168],[-90.45332,20.62166],[-90.45336,20.62166],[-90.45337,20.62166],[-90.45345,20.62163],[-90.45346,20.62162],[-90.45347,20.62162],[-90.45351,20.62158],[-90.45352,20.62156],[-90.45353,20.62155],[-90.45353,20.62155],[-90.45353,20.62155],[-90.45353,20.62152],[-90.45352,20.62146],[-90.45352,20.62145],[-90.45353,20.62145],[-90.45355,20.62145],[-90.45356,20.62149],[-90.45356,20.6215],[-90.45356,20.6215],[-90.45359,20.62149],[-90.45361,20.62148],[-90.4537,20.62146],[-90.45371,20.62146],[-90.45372,20.62146],[-90.45373,20.62145],[-90.45375,20.62144],[-90.45379,20.62142],[-90.4538,20.62142],[-90.45382,20.62141],[-90.45384,20.6214],[-90.45386,20.6214],[-90.45389,20.62132],[-90.45388,20.62123],[-90.45392,20.62119],[-90.45393,20.62116],[-90.45393,20.62113],[-90.45393,20.62113],[-90.45393,20.62113],[-90.45393,20.62109],[-90.45394,20.62109],[-90.45393,20.62104],[-90.45393,20.62103],[-90.45393,20.62103],[-90.45395,20.62101],[-90.45395,20.62101],[-90.45399,20.62102],[-90.45399,20.62102],[-90.45399,20.62103],[-90.454,20.62103],[-90.45403,20.621],[-90.45404,20.621],[-90.45405,20.62095],[-90.45405,20.62094],[-90.45405,20.62094],[-90.45406,20.62093],[-90.45406,20.62093],[-90.45408,20.62093],[-90.45408,20.62093],[-90.4541,20.62093],[-90.45414,20.62088],[-90.45414,20.62085],[-90.45414,20.62079],[-90.45422,20.62074],[-90.45425,20.6207],[-90.45425,20.62069],[-90.45427,20.62067],[-90.45427,20.62066],[-90.45427,20.62066],[-90.4543,20.62065],[-90.4543,20.62065],[-90.45432,20.62064],[-90.45434,20.62064],[-90.45437,20.62058],[-90.45438,20.62057],[-90.45438,20.62057],[-90.45439,20.62056],[-90.4544,20.62055],[-90.45445,20.62057],[-90.45446,20.62057],[-90.45447,20.62057],[-90.45447,20.62057],[-90.45447,20.62057],[-90.45451,20.62056],[-90.45453,20.62055],[-90.45458,20.62048],[-90.45462,20.62041],[-90.45467,20.62036],[-90.45474,20.62029],[-90.45474,20.62028],[-90.45474,20.62026],[-90.45475,20.62022],[-90.45472,20.6202],[-90.45471,20.62019],[-90.45469,20.62018],[-90.45466,20.62017],[-90.45467,20.62015],[-90.45468,20.62013],[-90.45469,20.62007],[-90.4547,20.62007],[-90.4547,20.62005],[-90.4547,20.62005],[-90.4547,20.62005],[-90.4547,20.62005],[-90.45474,20.62006],[-90.45478,20.62006],[-90.45479,20.62007],[-90.4548,20.62007],[-90.4548,20.62007],[-90.45483,20.62005],[-90.45484,20.62004],[-90.45486,20.62003],[-90.45489,20.62002],[-90.45492,20.61997],[-90.45492,20.61997],[-90.45493,20.61996],[-90.45496,20.61996],[-90.45497,20.61996],[-90.45499,20.61996],[-90.45501,20.61995],[-90.45502,20.61995],[-90.45513,20.61986],[-90.45517,20.61982],[-90.45517,20.61981],[-90.45517,20.61981],[-90.45518,20.61977],[-90.45518,20.61976],[-90.45518,20.61976],[-90.45518,20.61975],[-90.4552,20.61975],[-90.45521,20.61975],[-90.45522,20.61974],[-90.45524,20.61974],[-90.45526,20.61972],[-90.45526,20.61972],[-90.45527,20.6197],[-90.45527,20.6197],[-90.45527,20.61969],[-90.45528,20.6197],[-90.45531,20.6197],[-90.45532,20.61971],[-90.45532,20.61971],[-90.45532,20.61971],[-90.45536,20.6197],[-90.45537,20.6197],[-90.45539,20.6197],[-90.45542,20.61966],[-90.45544,20.61964],[-90.45545,20.61964],[-90.45546,20.61963],[-90.45547,20.61962],[-90.45548,20.61963],[-90.45549,20.61963],[-90.4555,20.61963],[-90.45552,20.61963],[-90.45555,20.61962],[-90.45555,20.61958],[-90.45554,20.61957],[-90.45554,20.61955],[-90.45554,20.61955],[-90.45553,20.61953],[-90.45555,20.61949],[-90.45555,20.61944],[-90.45555,20.61943],[-90.45555,20.61943],[-90.45553,20.6194],[-90.45553,20.61939],[-90.45554,20.61938],[-90.45557,20.61941],[-90.45561,20.61943],[-90.45562,20.61943],[-90.45563,20.61943],[-90.45563,20.61943],[-90.45563,20.61944],[-90.45565,20.61944],[-90.45565,20.61944],[-90.45567,20.61939],[-90.45567,20.61939],[-90.45568,20.61937],[-90.45568,20.61937],[-90.45568,20.61937],[-90.4557,20.61937],[-90.4557,20.61938],[-90.4557,20.61938],[-90.45573,20.61938],[-90.45573,20.61934],[-90.45573,20.61934],[-90.4557,20.61931],[-90.45575,20.61927],[-90.45577,20.61925],[-90.45578,20.61924],[-90.45579,20.61924],[-90.4558,20.61923],[-90.4558,20.61923],[-90.45583,20.61921],[-90.45582,20.61919],[-90.45581,20.61917],[-90.45582,20.61915],[-90.45579,20.61911],[-90.45578,20.61909],[-90.45577,20.61908],[-90.45577,20.61908],[-90.45578,20.61906],[-90.45578,20.61905],[-90.45579,20.61904],[-90.45579,20.61904],[-90.4558,20.61904],[-90.4558,20.61904],[-90.45582,20.61904],[-90.45583,20.61904],[-90.45583,20.61903],[-90.45583,20.61903],[-90.45587,20.61901],[-90.45589,20.619],[-90.45592,20.61896],[-90.45594,20.61893],[-90.45595,20.6189],[-90.45595,20.61886],[-90.45599,20.61879],[-90.45596,20.61877],[-90.45596,20.61876],[-90.45595,20.61876],[-90.45597,20.61873],[-90.45593,20.61871],[-90.45592,20.61867],[-90.45592,20.61866],[-90.45592,20.61866],[-90.45595,20.61866],[-90.45595,20.61862],[-90.45595,20.61862],[-90.45595,20.61861],[-90.456,20.61861],[-90.45601,20.61861],[-90.45603,20.6186],[-90.45606,20.61859],[-90.45606,20.61857],[-90.45607,20.61857],[-90.45608,20.61855],[-90.45608,20.61855],[-90.45609,20.61855],[-90.4561,20.61855],[-90.45611,20.61856],[-90.45612,20.61856],[-90.45613,20.61857],[-90.45614,20.61857],[-90.45615,20.61857],[-90.45618,20.61856],[-90.45618,20.61852],[-90.45614,20.61849],[-90.45618,20.61846],[-90.45619,20.61839],[-90.45619,20.61837],[-90.4562,20.61833],[-90.45624,20.61825],[-90.45627,20.6182],[-90.45629,20.61818],[-90.45633,20.61815],[-90.45635,20.61805],[-90.45635,20.61805],[-90.45636,20.61796],[-90.45637,20.61791],[-90.45638,20.61787],[-90.45641,20.61776],[-90.45646,20.61771],[-90.45646,20.6177],[-90.45647,20.6177],[-90.45647,20.6177],[-90.45648,20.61769],[-90.4565,20.61768],[-90.45652,20.61768],[-90.45653,20.61768],[-90.45654,20.61767],[-90.45655,20.61763],[-90.45655,20.61761],[-90.45655,20.61754],[-90.45658,20.61747],[-90.45658,20.61747],[-90.45657,20.61746],[-90.45655,20.61745],[-90.45656,20.61742],[-90.45656,20.61742],[-90.45657,20.6174],[-90.45657,20.6174],[-90.4566,20.6174],[-90.4566,20.61741],[-90.45661,20.61741],[-90.45661,20.61741],[-90.45661,20.61741],[-90.45663,20.61742],[-90.45666,20.61735],[-90.45666,20.61725],[-90.45663,20.61722],[-90.45663,20.61718],[-90.45663,20.61708],[-90.45663,20.61707],[-90.45661,20.61707],[-90.45661,20.61706],[-90.45659,20.61705],[-90.45661,20.61703],[-90.45663,20.61702],[-90.45662,20.61699],[-90.45661,20.61698],[-90.45658,20.61697],[-90.45656,20.61694],[-90.45656,20.61683],[-90.45656,20.61683],[-90.45656,20.61683],[-90.45655,20.61681],[-90.45655,20.6168],[-90.45658,20.61681],[-90.45659,20.61681],[-90.4566,20.61681],[-90.4566,20.61681],[-90.45661,20.61681],[-90.45663,20.6168],[-90.45663,20.6168],[-90.45667,20.61675],[-90.45669,20.61667],[-90.45668,20.61659],[-90.45663,20.61658],[-90.45663,20.61658],[-90.45661,20.61657],[-90.45657,20.61655],[-90.45661,20.6165],[-90.45661,20.61649],[-90.45663,20.61645],[-90.45665,20.61639],[-90.45663,20.61629],[-90.45665,20.61608],[-90.45662,20.61591],[-90.4566,20.61573],[-90.4565,20.61565],[-90.45636,20.61555],[-90.45625,20.61552],[-90.45617,20.61551],[-90.45611,20.61549],[-90.45604,20.61546],[-90.45599,20.6154],[-90.45595,20.61535],[-90.45589,20.61531],[-90.45583,20.61529],[-90.45576,20.61526],[-90.45568,20.61523],[-90.45556,20.61521],[-90.45545,20.61519],[-90.45534,20.6151],[-90.45527,20.61502],[-90.45516,20.61494],[-90.45497,20.61482],[-90.45485,20.61476],[-90.45471,20.61471],[-90.45468,20.61471],[-90.45457,20.6147],[-90.45455,20.6147],[-90.45441,20.61469],[-90.4544,20.61469],[-90.45428,20.61469],[-90.45424,20.6147],[-90.45419,20.61472],[-90.45418,20.61473],[-90.45409,20.61479],[-90.45409,20.61479],[-90.45407,20.61479],[-90.45407,20.61479],[-90.45398,20.61478],[-90.45397,20.61478],[-90.4539,20.61478],[-90.45382,20.61479],[-90.4538,20.6148],[-90.4538,20.6148],[-90.45375,20.61484],[-90.45368,20.61489],[-90.45368,20.61489],[-90.45366,20.61489],[-90.45364,20.61489],[-90.45363,20.6149],[-90.45363,20.6149],[-90.45362,20.61494],[-90.4536,20.61494],[-90.4536,20.61494],[-90.45359,20.61494],[-90.45356,20.61493],[-90.45355,20.61493],[-90.45348,20.61495],[-90.45347,20.61496],[-90.45347,20.61496],[-90.45345,20.61498],[-90.45338,20.61502],[-90.45335,20.61505],[-90.45333,20.61506],[-90.45327,20.61511],[-90.45327,20.6151],[-90.45326,20.61509],[-90.45326,20.61509],[-90.45326,20.61505],[-90.45326,20.61503],[-90.45326,20.61498],[-90.45325,20.61497],[-90.45325,20.61493],[-90.45325,20.61486],[-90.45325,20.61486],[-90.45325,20.61485],[-90.45328,20.61482],[-90.45334,20.61478],[-90.45347,20.61469],[-90.45348,20.61468],[-90.45353,20.61465],[-90.45354,20.61465],[-90.45354,20.61465],[-90.45356,20.61464],[-90.45357,20.61462],[-90.45357,20.61462],[-90.45359,20.61461],[-90.45359,20.6146],[-90.45361,20.61459],[-90.45361,20.61459],[-90.45365,20.61458],[-90.45368,20.61456],[-90.45371,20.61455],[-90.45375,20.61452],[-90.45375,20.61449],[-90.45375,20.61448],[-90.45375,20.61448],[-90.45375,20.61447],[-90.45375,20.61446],[-90.45375,20.61446],[-90.45377,20.61445],[-90.45378,20.61445],[-90.45383,20.61444],[-90.45384,20.61444],[-90.45386,20.61443],[-90.45387,20.61443],[-90.4539,20.61443],[-90.45392,20.61438],[-90.45392,20.61438],[-90.45389,20.61428],[-90.45385,20.61427],[-90.45381,20.61421],[-90.45376,20.61419],[-90.45371,20.61417],[-90.45365,20.61412],[-90.45359,20.61407],[-90.45356,20.61407],[-90.4535,20.61408],[-90.45344,20.61408],[-90.45344,20.61407],[-90.45338,20.61404],[-90.45342,20.61398],[-90.45338,20.61396],[-90.45337,20.61391],[-90.45339,20.61387],[-90.45338,20.61377],[-90.45332,20.61374],[-90.45331,20.61368],[-90.45324,20.61364],[-90.45317,20.61358],[-90.45312,20.61352],[-90.45312,20.61352],[-90.45312,20.61351],[-90.45306,20.61346],[-90.45307,20.61344],[-90.45307,20.61343],[-90.45307,20.61343],[-90.45309,20.61342],[-90.4531,20.61342],[-90.45311,20.61341],[-90.45313,20.61341],[-90.45315,20.61338],[-90.45313,20.61334],[-90.45312,20.61333],[-90.45309,20.61329],[-90.45308,20.61329],[-90.45314,20.61327],[-90.45317,20.61325],[-90.45322,20.61325],[-90.45324,20.61325],[-90.45324,20.61327],[-90.45324,20.61334],[-90.45329,20.61336],[-90.4533,20.61337],[-90.45334,20.61336],[-90.45336,20.61336],[-90.45338,20.61335],[-90.45339,20.61333],[-90.4534,20.61332],[-90.4534,20.61332],[-90.45342,20.6133],[-90.45342,20.6133],[-90.45351,20.61332],[-90.45354,20.61332],[-90.45359,20.61337],[-90.45361,20.61339],[-90.45369,20.61342],[-90.45373,20.61342],[-90.45375,20.61342],[-90.45379,20.61343],[-90.45382,20.61343],[-90.45383,20.61342],[-90.45385,20.61342],[-90.45387,20.61342],[-90.45387,20.61342],[-90.4539,20.61335],[-90.4539,20.61334],[-90.4539,20.61329],[-90.4539,20.61329],[-90.4539,20.61328],[-90.45392,20.61328],[-90.45393,20.61327],[-90.45399,20.61328],[-90.454,20.61329],[-90.454,20.61329],[-90.45401,20.61329],[-90.45405,20.61327],[-90.45408,20.61325],[-90.45411,20.61325],[-90.45414,20.61324],[-90.45416,20.61324],[-90.45418,20.61323],[-90.4542,20.6132],[-90.4542,20.6132],[-90.45421,20.61318],[-90.45424,20.61318],[-90.45425,20.61318],[-90.45427,20.61318],[-90.45429,20.61314],[-90.4543,20.61312],[-90.45432,20.6131],[-90.45432,20.61309],[-90.45433,20.61308],[-90.45434,20.61307],[-90.45438,20.61309],[-90.45439,20.6131],[-90.45439,20.6131],[-90.4544,20.6131],[-90.4544,20.61311],[-90.45442,20.6131],[-90.45444,20.6131],[-90.45445,20.6131],[-90.45447,20.61308],[-90.45448,20.61304],[-90.45448,20.61304],[-90.45448,20.61304],[-90.45448,20.61304],[-90.45444,20.613],[-90.45444,20.61298],[-90.45445,20.61298],[-90.45445,20.61297],[-90.45449,20.61296],[-90.45451,20.61296],[-90.45453,20.61296],[-90.45454,20.61292],[-90.45454,20.61292],[-90.45455,20.6129],[-90.45455,20.6129],[-90.4546,20.61291],[-90.45459,20.61296],[-90.45459,20.61297],[-90.45459,20.61297],[-90.4546,20.61298],[-90.45461,20.61299],[-90.45462,20.61301],[-90.45462,20.61301],[-90.45462,20.61302],[-90.45463,20.61302],[-90.45464,20.61301],[-90.45464,20.61301],[-90.45465,20.613],[-90.45467,20.61299],[-90.45469,20.61299],[-90.45472,20.61302],[-90.45473,20.61302],[-90.45474,20.61302],[-90.45476,20.61302],[-90.45478,20.61301],[-90.45481,20.61297],[-90.45482,20.61292],[-90.45479,20.61288],[-90.45478,20.61287],[-90.45477,20.61286],[-90.45476,20.61285],[-90.45476,20.61285],[-90.45474,20.61284],[-90.45469,20.61282],[-90.45468,20.61277],[-90.45471,20.61273],[-90.45471,20.61268],[-90.45471,20.61268],[-90.45471,20.61268],[-90.45477,20.61266],[-90.45478,20.61266],[-90.45482,20.61268],[-90.45486,20.61271],[-90.4549,20.61274],[-90.45491,20.61274],[-90.45491,20.61274],[-90.45492,20.61274],[-90.45499,20.61273],[-90.45504,20.61273],[-90.45505,20.61273],[-90.45506,20.61272],[-90.45509,20.61271],[-90.45512,20.61266],[-90.45515,20.61259],[-90.45515,20.61253],[-90.45515,20.61249],[-90.45514,20.61248],[-90.45511,20.61248],[-90.45509,20.61241],[-90.45506,20.61234],[-90.45511,20.61229],[-90.45513,20.61225],[-90.45516,20.61219],[-90.45519,20.61216],[-90.4552,20.61215],[-90.45522,20.61214],[-90.45524,20.61213],[-90.45525,20.61213],[-90.45526,20.61211],[-90.45526,20.61211],[-90.45526,20.61211],[-90.45528,20.6121],[-90.45528,20.61209],[-90.4553,20.6121],[-90.45531,20.6121],[-90.45531,20.6121],[-90.45532,20.6121],[-90.45533,20.6121],[-90.45534,20.61209],[-90.45536,20.61208],[-90.45536,20.61208],[-90.45538,20.61206],[-90.45539,20.61206],[-90.45542,20.61206],[-90.45543,20.61207],[-90.45544,20.61208],[-90.45545,20.61209],[-90.45546,20.61209],[-90.45546,20.6121],[-90.45546,20.6121],[-90.45548,20.6121],[-90.4555,20.61209],[-90.45552,20.61206],[-90.45553,20.61205],[-90.45556,20.61203],[-90.45559,20.61202],[-90.4556,20.61201],[-90.45561,20.612],[-90.45562,20.61199],[-90.45562,20.61199],[-90.45564,20.61199],[-90.45564,20.61199],[-90.45565,20.61199],[-90.45566,20.61198],[-90.45567,20.61198],[-90.45567,20.61197],[-90.45567,20.61196],[-90.45569,20.61194],[-90.45569,20.61194],[-90.45569,20.61193],[-90.45569,20.61193],[-90.45573,20.61192],[-90.45576,20.6119],[-90.45578,20.6119],[-90.45579,20.6119],[-90.45581,20.61189],[-90.45584,20.61188],[-90.45585,20.61188],[-90.45593,20.61182],[-90.456,20.61177],[-90.45603,20.61175],[-90.45603,20.61174],[-90.45604,20.61173],[-90.45611,20.61173],[-90.45612,20.61172],[-90.45614,20.61172],[-90.45617,20.61168],[-90.45617,20.61168],[-90.45618,20.61166],[-90.45618,20.61166],[-90.45618,20.61166],[-90.4562,20.61166],[-90.4562,20.61166],[-90.45622,20.61167],[-90.45623,20.6116],[-90.45624,20.61158],[-90.45625,20.6115],[-90.45629,20.61146],[-90.45628,20.6114],[-90.45626,20.61133],[-90.4562,20.61132],[-90.4562,20.61129],[-90.4562,20.61129],[-90.4562,20.61128],[-90.45627,20.61127],[-90.45631,20.61126],[-90.45631,20.61126],[-90.45633,20.61125],[-90.45634,20.61125],[-90.45634,20.61125],[-90.45634,20.61125],[-90.45643,20.6112],[-90.45648,20.61112],[-90.45649,20.6111],[-90.45649,20.61108],[-90.4565,20.61107],[-90.45651,20.61105],[-90.45651,20.61104],[-90.45651,20.61104],[-90.45657,20.61102],[-90.45657,20.61102],[-90.45668,20.61103],[-90.45671,20.61106],[-90.4567,20.61107],[-90.45669,20.61108],[-90.45669,20.61108],[-90.4567,20.61109],[-90.4567,20.61111],[-90.45671,20.61111],[-90.45672,20.61112],[-90.45678,20.61112],[-90.45681,20.61112],[-90.45683,20.61114],[-90.45683,20.61115],[-90.45684,20.61115],[-90.45684,20.61115],[-90.45686,20.61116],[-90.45688,20.61112],[-90.45688,20.61109],[-90.45688,20.61109],[-90.45688,20.61109],[-90.45688,20.61107],[-90.45688,20.61106],[-90.45689,20.61106],[-90.45689,20.61105],[-90.45692,20.61104],[-90.45693,20.61104],[-90.45696,20.61105],[-90.45696,20.61105],[-90.45697,20.61105],[-90.45698,20.61105],[-90.45699,20.61105],[-90.45704,20.61105],[-90.45705,20.61105],[-90.45707,20.61104],[-90.4571,20.61103],[-90.45711,20.61099],[-90.45712,20.61095],[-90.45712,20.61091],[-90.45712,20.61091],[-90.4571,20.61085],[-90.45704,20.61082],[-90.45698,20.61081],[-90.45693,20.61079],[-90.45691,20.61079],[-90.45681,20.61078],[-90.45679,20.61078],[-90.45677,20.61078],[-90.45676,20.61079],[-90.45674,20.61078],[-90.45672,20.61078],[-90.45672,20.61077],[-90.45671,20.61074],[-90.45671,20.61073],[-90.45667,20.61067],[-90.45662,20.61063],[-90.4566,20.61062],[-90.45659,20.61058],[-90.45657,20.61051],[-90.45657,20.61043],[-90.45658,20.61035],[-90.45658,20.61035],[-90.45658,20.61033],[-90.45658,20.61033],[-90.45666,20.61034],[-90.45666,20.61037],[-90.45674,20.6104],[-90.45675,20.61043],[-90.45673,20.61045],[-90.45673,20.61049],[-90.45674,20.61051],[-90.45674,20.61051],[-90.45676,20.61053],[-90.45678,20.61054],[-90.45678,20.61054],[-90.45679,20.61054],[-90.4568,20.61054],[-90.45688,20.6105],[-90.45691,20.61049],[-90.45694,20.61042],[-90.45693,20.61031],[-90.45693,20.61028],[-90.45693,20.61025],[-90.45696,20.6102],[-90.45703,20.61007],[-90.45702,20.61003],[-90.45704,20.60995],[-90.45709,20.60992],[-90.45712,20.60982],[-90.45708,20.60978],[-90.45708,20.60974],[-90.45709,20.6097],[-90.45709,20.6097],[-90.45709,20.60969],[-90.45716,20.60968],[-90.45717,20.60968],[-90.45717,20.60968],[-90.45718,20.60968],[-90.45718,20.60968],[-90.45719,20.60968],[-90.4572,20.60968],[-90.45723,20.60964],[-90.45722,20.60956],[-90.45722,20.60952],[-90.45722,20.6095],[-90.45721,20.60946],[-90.45723,20.6094],[-90.45723,20.60936],[-90.45724,20.60934],[-90.45726,20.60932],[-90.4573,20.60929],[-90.45731,20.60922],[-90.45736,20.60917],[-90.45736,20.60917],[-90.45737,20.60915],[-90.45738,20.60915],[-90.4574,20.60916],[-90.4574,20.60916],[-90.45741,20.60916],[-90.45742,20.60916],[-90.45751,20.60904],[-90.45751,20.60903],[-90.45756,20.60901],[-90.45759,20.609],[-90.45759,20.60896],[-90.45763,20.60894],[-90.45763,20.60892],[-90.45763,20.60892],[-90.45762,20.60888],[-90.45764,20.60885],[-90.45765,20.60881],[-90.45766,20.60879],[-90.45766,20.60879],[-90.45767,20.60877],[-90.45767,20.60877],[-90.45769,20.60877],[-90.45769,20.60877],[-90.4577,20.60877],[-90.45771,20.60878],[-90.45781,20.60866],[-90.45784,20.60864],[-90.45786,20.60863],[-90.45788,20.60862],[-90.45788,20.60862],[-90.45788,20.60861],[-90.45787,20.60858],[-90.45786,20.60857],[-90.45784,20.60856],[-90.45783,20.60856],[-90.45783,20.60851],[-90.45783,20.60848],[-90.45783,20.60845],[-90.45783,20.60837],[-90.45784,20.60834],[-90.45785,20.60831],[-90.45781,20.60823],[-90.45776,20.60821],[-90.45774,20.60816],[-90.4577,20.6081],[-90.45765,20.60809],[-90.45764,20.60808],[-90.45762,20.60807],[-90.45762,20.60806],[-90.45762,20.60798],[-90.45755,20.60796],[-90.45754,20.60796],[-90.45751,20.60793],[-90.45748,20.60787],[-90.45748,20.60787],[-90.45748,20.60785],[-90.45747,20.60783],[-90.45747,20.60782],[-90.45748,20.60781],[-90.45748,20.60781],[-90.4575,20.6078],[-90.4575,20.6078],[-90.45751,20.60779],[-90.45751,20.60779],[-90.45753,20.60779],[-90.45756,20.60778],[-90.45756,20.60775],[-90.45753,20.60772],[-90.45752,20.60771],[-90.45752,20.60771],[-90.45752,20.60769],[-90.45752,20.60768],[-90.45752,20.60768],[-90.45753,20.60766],[-90.45753,20.60764],[-90.45754,20.60765],[-90.45754,20.60765],[-90.45755,20.60766],[-90.45755,20.60766],[-90.45755,20.60766],[-90.45756,20.60767],[-90.4576,20.60763],[-90.4576,20.60762],[-90.45761,20.60756],[-90.4576,20.60751],[-90.45756,20.60745],[-90.45754,20.60746],[-90.45754,20.60746],[-90.45752,20.60747],[-90.45751,20.60747],[-90.45748,20.60747],[-90.45747,20.60747],[-90.45747,20.60747],[-90.45747,20.60746],[-90.45747,20.60745],[-90.45745,20.60741],[-90.45744,20.60738],[-90.45747,20.60736],[-90.45747,20.60733],[-90.45748,20.60731],[-90.45749,20.60727],[-90.45747,20.60728],[-90.45746,20.60728],[-90.45746,20.60728],[-90.45745,20.60728],[-90.45737,20.60725],[-90.45729,20.60718],[-90.45729,20.60718],[-90.45727,20.60718],[-90.45721,20.60717],[-90.4572,20.60713],[-90.45717,20.6071],[-90.45718,20.60709],[-90.45718,20.60708],[-90.4572,20.60707],[-90.45723,20.60707],[-90.45729,20.60707],[-90.4573,20.60707],[-90.4573,20.60707],[-90.45731,20.60707],[-90.45732,20.60707],[-90.45735,20.60704],[-90.45735,20.60703],[-90.45736,20.60702],[-90.45739,20.60702],[-90.45741,20.60701],[-90.45743,20.60702],[-90.45744,20.60703],[-90.45744,20.60703],[-90.45745,20.60703],[-90.45747,20.60704],[-90.45747,20.60699],[-90.45746,20.60698],[-90.45743,20.60696],[-90.45744,20.60694],[-90.45744,20.60694],[-90.45745,20.60694],[-90.45746,20.60693],[-90.45746,20.60693],[-90.45746,20.60693],[-90.45746,20.60693],[-90.45747,20.60693],[-90.45749,20.60693],[-90.4575,20.60682],[-90.45754,20.60679],[-90.45756,20.60673],[-90.45752,20.60669],[-90.45753,20.60665],[-90.45753,20.60661],[-90.45756,20.60643],[-90.45756,20.60642],[-90.45756,20.60635],[-90.45757,20.60629],[-90.45759,20.60624],[-90.4576,20.60621],[-90.4576,20.60621],[-90.45762,20.60622],[-90.45762,20.60622],[-90.45762,20.60622],[-90.45763,20.60617],[-90.45764,20.60614],[-90.45765,20.6061],[-90.45765,20.60607],[-90.45765,20.60606],[-90.45765,20.60606],[-90.45763,20.60607],[-90.45762,20.60607],[-90.45762,20.60607],[-90.4576,20.60606],[-90.4576,20.60606],[-90.4576,20.60602],[-90.45762,20.60601],[-90.45762,20.60597],[-90.45762,20.60597],[-90.45763,20.60596],[-90.45766,20.60595],[-90.45766,20.60594],[-90.45768,20.60589],[-90.45767,20.60586],[-90.45767,20.60586],[-90.45768,20.60585],[-90.45768,20.60583],[-90.4577,20.60582],[-90.4577,20.60582],[-90.45771,20.60581],[-90.45771,20.60578],[-90.45772,20.60572],[-90.45772,20.60562],[-90.45769,20.60559],[-90.45768,20.60556],[-90.45768,20.60553],[-90.45766,20.60549],[-90.45765,20.60546],[-90.45765,20.60546],[-90.45765,20.60545],[-90.45765,20.60545],[-90.45767,20.60544],[-90.45767,20.60544],[-90.45768,20.60544],[-90.45769,20.60544],[-90.4577,20.60544],[-90.4577,20.60543],[-90.4577,20.60543],[-90.45771,20.60538],[-90.45771,20.60537],[-90.45771,20.60537],[-90.45772,20.60537],[-90.45774,20.60536],[-90.45775,20.60536],[-90.45778,20.60535],[-90.45779,20.60535],[-90.4578,20.60535],[-90.45782,20.60535],[-90.45784,20.60533],[-90.45784,20.60527],[-90.45784,20.60527],[-90.45785,20.60526],[-90.45786,20.60526],[-90.45787,20.60526],[-90.45787,20.60526],[-90.45788,20.60525],[-90.4579,20.60521],[-90.4579,20.60521],[-90.45792,20.60514],[-90.45794,20.60512],[-90.45794,20.60511],[-90.45795,20.60511],[-90.45796,20.60511],[-90.45797,20.6051],[-90.45797,20.60508],[-90.45797,20.60506],[-90.45794,20.60505],[-90.45794,20.60501],[-90.45794,20.605],[-90.45795,20.605],[-90.45798,20.605],[-90.45798,20.60497],[-90.45794,20.60496],[-90.45794,20.60493],[-90.45796,20.60483],[-90.45793,20.60481],[-90.45792,20.6048],[-90.45792,20.60474],[-90.45793,20.60473],[-90.45796,20.60471],[-90.45798,20.60468],[-90.45796,20.60466],[-90.45796,20.60462],[-90.45796,20.60461],[-90.45796,20.60461],[-90.45797,20.60461],[-90.45798,20.6046],[-90.45801,20.6046],[-90.45801,20.60457],[-90.45798,20.60457],[-90.45798,20.60455],[-90.45799,20.60453],[-90.45798,20.60448],[-90.45797,20.60446],[-90.45798,20.60444],[-90.45798,20.60441],[-90.45799,20.60437],[-90.45799,20.60432],[-90.45796,20.60429],[-90.45795,20.60423],[-90.45791,20.60421],[-90.45788,20.60419],[-90.45786,20.60419],[-90.45784,20.60419],[-90.45783,20.60419],[-90.45781,20.6042],[-90.45778,20.60421],[-90.45777,20.6042],[-90.45775,20.60418],[-90.45774,20.60417],[-90.45776,20.60414],[-90.45776,20.60412],[-90.45776,20.60406],[-90.45775,20.60406],[-90.45775,20.60399],[-90.45774,20.60398],[-90.45773,20.60395],[-90.45771,20.60393],[-90.45769,20.60391],[-90.45766,20.60391],[-90.45764,20.6039],[-90.45764,20.6039],[-90.45764,20.60388],[-90.45764,20.60388],[-90.45764,20.60387],[-90.45764,20.60386],[-90.45764,20.60386],[-90.45764,20.60386],[-90.45766,20.60386],[-90.45767,20.60386],[-90.45767,20.60386],[-90.4577,20.60386],[-90.4577,20.60385],[-90.45771,20.60384],[-90.45771,20.60384],[-90.45771,20.60383],[-90.45774,20.60382],[-90.45775,20.60381],[-90.45777,20.6038],[-90.45778,20.60379],[-90.45781,20.60378],[-90.45786,20.60376],[-90.45789,20.60374],[-90.4579,20.60374],[-90.45793,20.60372],[-90.45793,20.6037],[-90.45794,20.60367],[-90.45794,20.60366],[-90.45794,20.60362],[-90.45794,20.60362],[-90.45797,20.60362],[-90.45797,20.60365],[-90.45797,20.60369],[-90.45798,20.60371],[-90.45798,20.60371],[-90.45798,20.60371],[-90.45798,20.60374],[-90.45799,20.60375],[-90.458,20.60376],[-90.45805,20.60375],[-90.4581,20.60374],[-90.45811,20.60374],[-90.45814,20.60374],[-90.45815,20.60371],[-90.45818,20.60369],[-90.45819,20.60367],[-90.45822,20.60365],[-90.45824,20.60362],[-90.45824,20.60361],[-90.45825,20.6036],[-90.45829,20.60359],[-90.4583,20.60359],[-90.45831,20.60359],[-90.45831,20.6036],[-90.45832,20.6036],[-90.45833,20.6036],[-90.45834,20.6036],[-90.45834,20.6036],[-90.45836,20.60356],[-90.45835,20.60354],[-90.45835,20.60352],[-90.45836,20.60351],[-90.45836,20.60351],[-90.45836,20.60351],[-90.45836,20.60347],[-90.45836,20.60346],[-90.45836,20.60346],[-90.45837,20.60344],[-90.45839,20.60344],[-90.45842,20.60344],[-90.45841,20.60348],[-90.45841,20.60348],[-90.45841,20.6035],[-90.45841,20.60351],[-90.45841,20.60351],[-90.45843,20.60352],[-90.45844,20.60352],[-90.45845,20.60352],[-90.45848,20.60351],[-90.45849,20.60349],[-90.45849,20.60349],[-90.45849,20.60348],[-90.45854,20.60347],[-90.45854,20.60347],[-90.45855,20.60347],[-90.45856,20.60347],[-90.45859,20.60347],[-90.4586,20.60343],[-90.4586,20.60342],[-90.45861,20.60337],[-90.45861,20.60337],[-90.45862,20.60336],[-90.45862,20.60336],[-90.45868,20.6033],[-90.45869,20.60325],[-90.45869,20.60325],[-90.45869,20.60324],[-90.45872,20.60324],[-90.45873,20.60323],[-90.45874,20.60324],[-90.45875,20.60324],[-90.45878,20.60323],[-90.4588,20.60323],[-90.45882,20.60322],[-90.45883,20.6032],[-90.45883,20.6032],[-90.45883,20.6032],[-90.45886,20.60318],[-90.45887,20.60318],[-90.45889,20.60318],[-90.4589,20.60318],[-90.45893,20.60315],[-90.45892,20.60309],[-90.45893,20.60306],[-90.45894,20.60306],[-90.45894,20.60305],[-90.45895,20.60305],[-90.45897,20.60304],[-90.45899,20.60306],[-90.45899,20.60308],[-90.459,20.60309],[-90.45901,20.60309],[-90.45902,20.60309],[-90.45904,20.60309],[-90.45905,20.60309],[-90.45907,20.60307],[-90.45907,20.60307],[-90.45908,20.60305],[-90.4591,20.60305],[-90.45911,20.60305],[-90.45912,20.60306],[-90.45912,20.60306],[-90.45915,20.60304],[-90.45915,20.60302],[-90.45916,20.603],[-90.45915,20.60298],[-90.45914,20.60297],[-90.45914,20.60295],[-90.45916,20.60291],[-90.45919,20.60289],[-90.45919,20.60289],[-90.4592,20.60288],[-90.45921,20.60287],[-90.45922,20.60287],[-90.45923,20.60287],[-90.45924,20.60288],[-90.45925,20.60288],[-90.45925,20.60288],[-90.45926,20.60287],[-90.45926,20.60287],[-90.45928,20.60286],[-90.45929,20.60288],[-90.4593,20.60288],[-90.4593,20.60288],[-90.45932,20.60288],[-90.45932,20.60288],[-90.45934,20.60288],[-90.45935,20.60288],[-90.45939,20.60288],[-90.4594,20.60288],[-90.45941,20.60288],[-90.45942,20.60288],[-90.45943,20.60288],[-90.45943,20.60288],[-90.45946,20.60285],[-90.45946,20.60282],[-90.45946,20.60281],[-90.45946,20.60281],[-90.45944,20.60279],[-90.45944,20.60276],[-90.45943,20.60276],[-90.45941,20.60277],[-90.4594,20.60277],[-90.4594,20.60276],[-90.45939,20.60273],[-90.45939,20.60273],[-90.45943,20.60271],[-90.45944,20.60271],[-90.45946,20.60269],[-90.45948,20.60264],[-90.45948,20.60264],[-90.45949,20.60264],[-90.45951,20.60263],[-90.45953,20.60261],[-90.45954,20.60256],[-90.45954,20.60254],[-90.45954,20.60254],[-90.45954,20.60254],[-90.45954,20.60254],[-90.45956,20.60255],[-90.45957,20.60253],[-90.45958,20.60252],[-90.45958,20.60251],[-90.45962,20.60251],[-90.45963,20.60251],[-90.45964,20.6025],[-90.45965,20.6025],[-90.45966,20.6025],[-90.45969,20.60249],[-90.4597,20.60248],[-90.45972,20.60248],[-90.45972,20.60245],[-90.45971,20.60242],[-90.4597,20.60241],[-90.45969,20.6024],[-90.45969,20.6024],[-90.45968,20.60239],[-90.45965,20.60237],[-90.45963,20.60237],[-90.4596,20.60238],[-90.4596,20.60239],[-90.45959,20.60239],[-90.45959,20.60239],[-90.45957,20.6024],[-90.45956,20.6024],[-90.45954,20.6024],[-90.45954,20.6024],[-90.45955,20.60235],[-90.45955,20.60234],[-90.45955,20.60233],[-90.45957,20.60232],[-90.45958,20.60232],[-90.45959,20.60231],[-90.45961,20.60231],[-90.45962,20.60232],[-90.45964,20.60233],[-90.45965,20.60233],[-90.45967,20.60233],[-90.45969,20.60233],[-90.45971,20.60233],[-90.45972,20.6023],[-90.45973,20.60229],[-90.45973,20.60228],[-90.45973,20.60227],[-90.45974,20.60227],[-90.45975,20.60227],[-90.45976,20.60227],[-90.45977,20.60227],[-90.4598,20.60221],[-90.45981,20.6022],[-90.45982,20.60219],[-90.45986,20.60214],[-90.45986,20.60214],[-90.45987,20.60213],[-90.45988,20.60213],[-90.45988,20.60213],[-90.45989,20.60213],[-90.45992,20.60213],[-90.45992,20.60211],[-90.45993,20.60207],[-90.45993,20.60207],[-90.45993,20.60207],[-90.45995,20.60205],[-90.45995,20.60205],[-90.45996,20.60205],[-90.45997,20.60205],[-90.45997,20.60206],[-90.45999,20.60206],[-90.46002,20.60202],[-90.46002,20.60198],[-90.46005,20.60195],[-90.46008,20.60192],[-90.46011,20.60189],[-90.46012,20.60185],[-90.46012,20.60185],[-90.46012,20.60184],[-90.46012,20.60184],[-90.46012,20.60184],[-90.46012,20.60184],[-90.46013,20.60184],[-90.46013,20.60184],[-90.46016,20.60183],[-90.46017,20.60183],[-90.46021,20.6018],[-90.46023,20.60179],[-90.46026,20.60177],[-90.46026,20.60177],[-90.46028,20.60176],[-90.46029,20.60175],[-90.46029,20.60175],[-90.46034,20.60175],[-90.46034,20.60175],[-90.46035,20.60175],[-90.46036,20.60175],[-90.46037,20.60174],[-90.46039,20.60173],[-90.46039,20.60173],[-90.46042,20.60172],[-90.46043,20.6017],[-90.46044,20.60167],[-90.46045,20.60165],[-90.46046,20.60165],[-90.46046,20.60164],[-90.46046,20.60164],[-90.46047,20.60164],[-90.46048,20.60163],[-90.46049,20.60163],[-90.4605,20.60163],[-90.4605,20.60163],[-90.4605,20.60163],[-90.46051,20.60162],[-90.46052,20.60163],[-90.46053,20.60163],[-90.46054,20.60162],[-90.46054,20.60162],[-90.46054,20.60161],[-90.46055,20.6016],[-90.46056,20.60159],[-90.46057,20.6016],[-90.46058,20.6016],[-90.46058,20.6016],[-90.46059,20.6016],[-90.46061,20.60161],[-90.46061,20.60159],[-90.46062,20.60156],[-90.46062,20.60156],[-90.46064,20.60154],[-90.46064,20.60154],[-90.46066,20.60154],[-90.46068,20.60154],[-90.46068,20.60154],[-90.46071,20.60154],[-90.46072,20.60154],[-90.46075,20.60155],[-90.46075,20.60151],[-90.46076,20.60147],[-90.46077,20.60147],[-90.46077,20.60147],[-90.46077,20.60146],[-90.46077,20.60146],[-90.46077,20.60146],[-90.46078,20.60146],[-90.46078,20.60146],[-90.46079,20.60146],[-90.4608,20.60145],[-90.4608,20.60145],[-90.4608,20.60144],[-90.46081,20.60143],[-90.46083,20.60139],[-90.46084,20.60138],[-90.46086,20.60137],[-90.46089,20.60136],[-90.46089,20.60136],[-90.4609,20.60135],[-90.4609,20.60135],[-90.46091,20.60135],[-90.46091,20.60135],[-90.46092,20.60134],[-90.46093,20.60134],[-90.46094,20.60133],[-90.46094,20.60133],[-90.46094,20.60133],[-90.46094,20.60133],[-90.46096,20.60133],[-90.46099,20.60127],[-90.46099,20.60126],[-90.46098,20.60122],[-90.46097,20.60117],[-90.46096,20.60113],[-90.46091,20.60113],[-90.46089,20.60112],[-90.46089,20.60112],[-90.46088,20.60112],[-90.46088,20.60112],[-90.46088,20.60112],[-90.46088,20.60107],[-90.46088,20.60107],[-90.46088,20.60106],[-90.46089,20.60106],[-90.4609,20.60105],[-90.4609,20.60105],[-90.46091,20.60106],[-90.46091,20.60106],[-90.46092,20.60106],[-90.46093,20.60106],[-90.46095,20.60106],[-90.46096,20.60101],[-90.46098,20.60098],[-90.46098,20.60093],[-90.461,20.60087],[-90.46108,20.60081],[-90.4611,20.60068],[-90.4611,20.60063],[-90.46112,20.60061],[-90.46111,20.6006],[-90.4611,20.6006],[-90.46109,20.60059],[-90.46109,20.60058],[-90.46109,20.60057],[-90.4611,20.60057],[-90.46112,20.60056],[-90.46112,20.60056],[-90.46114,20.60052],[-90.46115,20.60052],[-90.46115,20.60049],[-90.46115,20.60045],[-90.46112,20.60044],[-90.46112,20.60044],[-90.46112,20.60043],[-90.46112,20.60041],[-90.46115,20.6004],[-90.46115,20.60034],[-90.46115,20.6003],[-90.46115,20.60026],[-90.46114,20.60023],[-90.46114,20.60018],[-90.46112,20.60015],[-90.46113,20.60006],[-90.46113,20.60006],[-90.46113,20.60005],[-90.46114,20.60005],[-90.46116,20.60004],[-90.46117,20.60003],[-90.46117,20.60003],[-90.46118,20.60002],[-90.46118,20.60002],[-90.46119,20.60002],[-90.4612,20.60001],[-90.46123,20.60001],[-90.46123,20.60001],[-90.46125,20.6],[-90.46126,20.6],[-90.46127,20.6],[-90.46127,20.6],[-90.46131,20.6],[-90.46131,20.6],[-90.46133,20.6],[-90.46134,20.6],[-90.46134,20.6],[-90.46135,20.6],[-90.46136,20.60001],[-90.46137,20.59999],[-90.46139,20.59997],[-90.4614,20.59996],[-90.46141,20.59996],[-90.46144,20.59994],[-90.46143,20.5999],[-90.46143,20.5999],[-90.46143,20.5999],[-90.46143,20.59985],[-90.46144,20.59983],[-90.46145,20.59982],[-90.46146,20.59979],[-90.46146,20.59979],[-90.46147,20.59978],[-90.46147,20.59978],[-90.46149,20.59977],[-90.46151,20.59977],[-90.46153,20.59974],[-90.46154,20.59973],[-90.46154,20.59973],[-90.46156,20.59972],[-90.46158,20.59971],[-90.4616,20.59971],[-90.46161,20.59971],[-90.46163,20.59969],[-90.46165,20.59968],[-90.46165,20.59968],[-90.46167,20.59966],[-90.46167,20.59966],[-90.46171,20.59966],[-90.46171,20.59967],[-90.46171,20.59969],[-90.46171,20.5997],[-90.46175,20.59969],[-90.46175,20.59969],[-90.46177,20.59968],[-90.46178,20.59967],[-90.46179,20.59967],[-90.4618,20.59967],[-90.4618,20.59966],[-90.46181,20.59964],[-90.46182,20.59964],[-90.46182,20.59964],[-90.46182,20.59963],[-90.46183,20.59963],[-90.46183,20.59963],[-90.46185,20.59962],[-90.46187,20.59961],[-90.46189,20.59959],[-90.46189,20.59959],[-90.46192,20.59957],[-90.46192,20.59957],[-90.46191,20.59956],[-90.46191,20.59955],[-90.46191,20.59954],[-90.46191,20.59954],[-90.46191,20.59954],[-90.46191,20.59952],[-90.46191,20.59952],[-90.46193,20.59952],[-90.46193,20.59951],[-90.46193,20.59952],[-90.46195,20.59954],[-90.46196,20.59954],[-90.46196,20.59955],[-90.46196,20.59955],[-90.46197,20.59955],[-90.46199,20.59955],[-90.46201,20.59952],[-90.46202,20.59949],[-90.46202,20.59949],[-90.46202,20.59945],[-90.46208,20.59936],[-90.46209,20.59934],[-90.46209,20.59934],[-90.46209,20.59934],[-90.46212,20.59932],[-90.4622,20.59924],[-90.4622,20.59924],[-90.46222,20.59923],[-90.46222,20.59923],[-90.46224,20.59923],[-90.46224,20.59923],[-90.46225,20.59922],[-90.46228,20.5992],[-90.46228,20.59919],[-90.46227,20.59918],[-90.46233,20.59909],[-90.46233,20.59909],[-90.46233,20.59908],[-90.46233,20.59906],[-90.46237,20.59903],[-90.46237,20.59903],[-90.46237,20.59903],[-90.46239,20.59902],[-90.46239,20.59902],[-90.46239,20.59902],[-90.4624,20.59902],[-90.46241,20.59902],[-90.46242,20.59902],[-90.46243,20.59902],[-90.46244,20.59899],[-90.46246,20.59896],[-90.46248,20.59891],[-90.46246,20.59887],[-90.46244,20.59885],[-90.46244,20.5988],[-90.4624,20.59876],[-90.46239,20.59873],[-90.46238,20.5987],[-90.46233,20.59866],[-90.46229,20.59863],[-90.46227,20.59863],[-90.46224,20.59863],[-90.46218,20.59864],[-90.46211,20.59865],[-90.4621,20.59864],[-90.46202,20.59862],[-90.46204,20.59858],[-90.46208,20.59848],[-90.46209,20.59845],[-90.4621,20.59844],[-90.4621,20.59843],[-90.46211,20.59842],[-90.46214,20.59843],[-90.46215,20.59844],[-90.46215,20.59844],[-90.46216,20.59844],[-90.46217,20.59844],[-90.46219,20.59842],[-90.46219,20.59838],[-90.46219,20.5983],[-90.46219,20.59827],[-90.46222,20.59824],[-90.46224,20.59823],[-90.46225,20.59822],[-90.46226,20.59819],[-90.46227,20.59816],[-90.4623,20.59813],[-90.4623,20.59811],[-90.46227,20.59809],[-90.46226,20.59808],[-90.46226,20.59807],[-90.46225,20.59803],[-90.46226,20.59801],[-90.46224,20.59798],[-90.46225,20.59791],[-90.46229,20.59787],[-90.46231,20.59783],[-90.46231,20.59782],[-90.46232,20.5978],[-90.46233,20.59775],[-90.46232,20.59773],[-90.46232,20.59772],[-90.46231,20.59769],[-90.46231,20.59761],[-90.46227,20.59759],[-90.46227,20.59757],[-90.46227,20.59753],[-90.4623,20.5975],[-90.4623,20.59747],[-90.46229,20.59742],[-90.46229,20.59741],[-90.46228,20.5974],[-90.46228,20.59739],[-90.46227,20.59735],[-90.4623,20.59731],[-90.46231,20.59726],[-90.46233,20.59724],[-90.46233,20.59722],[-90.4623,20.59719],[-90.46229,20.59717],[-90.46228,20.59713],[-90.46229,20.59711],[-90.46229,20.5971],[-90.4623,20.5971],[-90.46234,20.59709],[-90.46235,20.59708],[-90.46236,20.59708],[-90.46239,20.59707],[-90.46239,20.59703],[-90.4624,20.59702],[-90.46242,20.597],[-90.46245,20.59697],[-90.46246,20.59697],[-90.46247,20.59696],[-90.46248,20.59696],[-90.46248,20.59691],[-90.46248,20.59685],[-90.46247,20.59685],[-90.46246,20.59685],[-90.46246,20.59682],[-90.46245,20.5968],[-90.46246,20.59678],[-90.46246,20.59677],[-90.46245,20.59672],[-90.46242,20.5967],[-90.46241,20.59668],[-90.46238,20.59664],[-90.46237,20.59663],[-90.46233,20.59659],[-90.46232,20.5966],[-90.46229,20.59661],[-90.46229,20.59661],[-90.46228,20.59661],[-90.46226,20.59661],[-90.46225,20.59661],[-90.46222,20.5966],[-90.46218,20.59658],[-90.46218,20.59656],[-90.46218,20.59655],[-90.46215,20.59655],[-90.4621,20.59654],[-90.4621,20.59654],[-90.46209,20.59649],[-90.4621,20.59648],[-90.46211,20.59647],[-90.46211,20.59647],[-90.46214,20.59646],[-90.46214,20.59642],[-90.46217,20.5964],[-90.46219,20.59635],[-90.46219,20.59635],[-90.46219,20.59635],[-90.46219,20.59635],[-90.4622,20.59635],[-90.46221,20.59634],[-90.46222,20.59634],[-90.46224,20.59633],[-90.46226,20.59631],[-90.46227,20.5963],[-90.46228,20.59629],[-90.46228,20.59629],[-90.46229,20.59627],[-90.46229,20.59626],[-90.46231,20.59627],[-90.46233,20.5963],[-90.46236,20.59631],[-90.46236,20.59634],[-90.4624,20.59635],[-90.4624,20.59636],[-90.4624,20.59636],[-90.46245,20.59636],[-90.46248,20.59635],[-90.4625,20.59635],[-90.46251,20.59634],[-90.46251,20.59634],[-90.46253,20.59633],[-90.46253,20.59633],[-90.46255,20.5963],[-90.46257,20.59623],[-90.46257,20.59618],[-90.46257,20.59618],[-90.46256,20.59616],[-90.46255,20.59614],[-90.46256,20.59609],[-90.46253,20.59609],[-90.46251,20.59609],[-90.46251,20.59609],[-90.46249,20.59609],[-90.46249,20.59609],[-90.46249,20.59606],[-90.46251,20.59604],[-90.46253,20.59601],[-90.46255,20.596],[-90.46256,20.59599],[-90.46256,20.59599],[-90.46255,20.59594],[-90.46256,20.5959],[-90.46256,20.5959],[-90.46258,20.59589],[-90.46259,20.59589],[-90.4626,20.59588],[-90.46262,20.59588],[-90.46261,20.59586],[-90.4626,20.59583],[-90.46262,20.59579],[-90.46263,20.59574],[-90.46265,20.59572],[-90.46265,20.59571],[-90.46267,20.5957],[-90.46268,20.5957],[-90.46269,20.5957],[-90.4627,20.59568],[-90.46271,20.59567],[-90.46273,20.59566],[-90.46278,20.59562],[-90.46282,20.59555],[-90.46282,20.59552],[-90.46281,20.59551],[-90.46279,20.59549],[-90.46276,20.59547],[-90.46275,20.59546],[-90.46274,20.59545],[-90.46274,20.59544],[-90.46274,20.59544],[-90.46274,20.59542],[-90.46274,20.59541],[-90.46275,20.59542],[-90.46276,20.59542],[-90.46276,20.59543],[-90.46276,20.59543],[-90.46277,20.59543],[-90.46277,20.59543],[-90.46278,20.59543],[-90.4628,20.59543],[-90.46282,20.59538],[-90.46283,20.59537],[-90.46284,20.59536],[-90.46287,20.59533],[-90.46287,20.59531],[-90.46287,20.59531],[-90.46288,20.5953],[-90.46291,20.59529],[-90.46295,20.59529],[-90.46297,20.59529],[-90.46299,20.59529],[-90.463,20.59529],[-90.463,20.59529],[-90.46301,20.59529],[-90.46302,20.59529],[-90.46303,20.59529],[-90.46306,20.59527],[-90.46306,20.59524],[-90.46306,20.59523],[-90.46308,20.59521],[-90.46308,20.59521],[-90.46309,20.5952],[-90.46312,20.59519],[-90.46314,20.59519],[-90.46315,20.59519],[-90.46316,20.59519],[-90.46328,20.59509],[-90.46328,20.59508],[-90.46329,20.59506],[-90.46329,20.59505],[-90.46329,20.59505],[-90.46329,20.59505],[-90.46333,20.59504],[-90.46333,20.59504],[-90.46333,20.59503],[-90.46334,20.59503],[-90.46335,20.59502],[-90.46335,20.59502],[-90.46338,20.59501],[-90.46338,20.595],[-90.46338,20.59496],[-90.46342,20.59491],[-90.46343,20.59489],[-90.46343,20.59488],[-90.46343,20.59487],[-90.46343,20.59487],[-90.46345,20.59487],[-90.46346,20.59487],[-90.46347,20.59487],[-90.4635,20.59482],[-90.4635,20.59482],[-90.46349,20.59479],[-90.46349,20.59476],[-90.46349,20.59475],[-90.46349,20.59475],[-90.46349,20.59473],[-90.46351,20.5947],[-90.46354,20.59467],[-90.46357,20.59465],[-90.46358,20.59465],[-90.46359,20.59464],[-90.46359,20.59464],[-90.46362,20.59462],[-90.46365,20.59457],[-90.46365,20.59452],[-90.46365,20.59451],[-90.46365,20.59446],[-90.46364,20.59442],[-90.46364,20.59442],[-90.46365,20.59442],[-90.46366,20.59442],[-90.46366,20.59442],[-90.46368,20.5944],[-90.46367,20.59438],[-90.46367,20.59438],[-90.46367,20.59436],[-90.46368,20.59436],[-90.4637,20.59433],[-90.46373,20.59429],[-90.46373,20.5942],[-90.46373,20.59418],[-90.46373,20.59415],[-90.46373,20.59414],[-90.46373,20.59414],[-90.46372,20.59413],[-90.46373,20.59413],[-90.46374,20.59413],[-90.46375,20.59413],[-90.46376,20.59413],[-90.46379,20.59413],[-90.46384,20.59395],[-90.46381,20.59385],[-90.46379,20.59382],[-90.46378,20.59379],[-90.46375,20.59378],[-90.46375,20.59378],[-90.46367,20.59379],[-90.46363,20.59381],[-90.46361,20.5938],[-90.46359,20.5938],[-90.46359,20.59376],[-90.46359,20.59375],[-90.4636,20.59375],[-90.46362,20.59375],[-90.46364,20.5937],[-90.46361,20.59368],[-90.46358,20.59363],[-90.46355,20.59362],[-90.46354,20.59358],[-90.46352,20.59356],[-90.46352,20.59356],[-90.46352,20.59353],[-90.46352,20.59353],[-90.46355,20.5935],[-90.46357,20.59346],[-90.46357,20.59346],[-90.46358,20.59345],[-90.46359,20.59344],[-90.4636,20.59343],[-90.46362,20.59345],[-90.46364,20.59347],[-90.46365,20.59348],[-90.46366,20.59348],[-90.46367,20.59348],[-90.46367,20.59348],[-90.46371,20.59345],[-90.46371,20.59345],[-90.46375,20.5934],[-90.46378,20.5933],[-90.46378,20.59326],[-90.46378,20.59322],[-90.46381,20.59312],[-90.46381,20.59311],[-90.46382,20.59303],[-90.46382,20.59299],[-90.46382,20.59299],[-90.46382,20.59298],[-90.46383,20.59298],[-90.46383,20.59297],[-90.46383,20.59297],[-90.46385,20.59297],[-90.46385,20.59297],[-90.46386,20.59297],[-90.46387,20.59297],[-90.46387,20.59296],[-90.46388,20.59295],[-90.46389,20.59293],[-90.46392,20.59291],[-90.46394,20.5929],[-90.46394,20.5929],[-90.46396,20.59284],[-90.46399,20.59282],[-90.464,20.5928],[-90.46404,20.59278],[-90.46405,20.59274],[-90.46403,20.59271],[-90.46402,20.59271],[-90.464,20.59269],[-90.464,20.59269],[-90.46399,20.59267],[-90.46401,20.59264],[-90.46402,20.59261],[-90.46403,20.5926],[-90.46403,20.5926],[-90.46404,20.59259],[-90.46407,20.59258],[-90.46408,20.59257],[-90.4641,20.59255],[-90.4641,20.59251],[-90.46411,20.59248],[-90.46411,20.59247],[-90.46408,20.59247],[-90.4641,20.59239],[-90.46411,20.59237],[-90.46409,20.59237],[-90.46408,20.59237],[-90.46408,20.59235],[-90.46408,20.59234],[-90.46409,20.59232],[-90.4641,20.59231],[-90.46411,20.59229],[-90.46411,20.59229],[-90.46411,20.59228],[-90.46412,20.59228],[-90.46415,20.59227],[-90.46417,20.59227],[-90.46418,20.59227],[-90.46419,20.59226],[-90.4642,20.59226],[-90.4642,20.59224],[-90.4642,20.59222],[-90.46421,20.59219],[-90.46418,20.59214],[-90.46417,20.59213],[-90.46418,20.5921],[-90.46418,20.5921],[-90.46418,20.5921],[-90.4642,20.59208],[-90.46422,20.59207],[-90.46426,20.59204],[-90.46426,20.59202],[-90.46428,20.59194],[-90.46428,20.5919],[-90.46427,20.59189],[-90.46426,20.59187],[-90.46426,20.59186],[-90.46426,20.59186],[-90.46428,20.59184],[-90.46429,20.59184],[-90.46429,20.5918],[-90.46431,20.59178],[-90.4643,20.59174],[-90.46429,20.59173],[-90.46428,20.59171],[-90.46427,20.5917],[-90.46425,20.59167],[-90.46424,20.59161],[-90.46427,20.59157],[-90.46427,20.5915],[-90.46429,20.59146],[-90.4643,20.5914],[-90.4643,20.5914],[-90.4643,20.5914],[-90.46432,20.59139],[-90.46433,20.59138],[-90.46434,20.59138],[-90.46435,20.59138],[-90.46438,20.59137],[-90.46441,20.59133],[-90.46443,20.59131],[-90.46443,20.5913],[-90.46442,20.59128],[-90.46439,20.59126],[-90.46438,20.59123],[-90.4644,20.5912],[-90.4644,20.59114],[-90.46438,20.59112],[-90.46438,20.59112],[-90.46438,20.59112],[-90.46437,20.59105],[-90.46437,20.59104],[-90.46435,20.59103],[-90.46435,20.59102],[-90.46435,20.591],[-90.46436,20.59101],[-90.46436,20.59101],[-90.46438,20.59099],[-90.46439,20.59099],[-90.4644,20.59097],[-90.4644,20.59095],[-90.46441,20.59091],[-90.4644,20.59088],[-90.46435,20.59087],[-90.46434,20.59085],[-90.46432,20.59084],[-90.46426,20.59082],[-90.46426,20.59082],[-90.46426,20.59081],[-90.46424,20.59078],[-90.46424,20.59073],[-90.46422,20.59073],[-90.46418,20.59073],[-90.46416,20.59074],[-90.46415,20.59073],[-90.46415,20.59073],[-90.46411,20.59071],[-90.4641,20.59069],[-90.46404,20.59067],[-90.46405,20.59063],[-90.46406,20.59061],[-90.46404,20.59061],[-90.46401,20.59061],[-90.464,20.59061],[-90.46397,20.59061],[-90.46397,20.59061],[-90.46396,20.59059],[-90.46396,20.59055],[-90.46394,20.59051],[-90.46391,20.59048],[-90.46388,20.59047],[-90.46384,20.59041],[-90.46379,20.59038],[-90.46378,20.59037],[-90.46374,20.59034],[-90.46375,20.59033],[-90.46376,20.5903],[-90.46372,20.59027],[-90.46367,20.59024],[-90.46363,20.5902],[-90.46358,20.59016],[-90.46354,20.59013],[-90.46351,20.5901],[-90.46351,20.5901],[-90.46349,20.5901],[-90.46346,20.59009],[-90.46339,20.59007],[-90.46332,20.59005],[-90.4633,20.59005],[-90.46326,20.59005],[-90.46325,20.59005],[-90.46313,20.59003],[-90.46305,20.59002],[-90.463,20.58998],[-90.463,20.58992],[-90.46297,20.5899],[-90.46295,20.58988],[-90.46294,20.58984],[-90.46294,20.58983],[-90.46294,20.58983],[-90.46297,20.58982],[-90.46299,20.58977],[-90.46298,20.58974],[-90.46295,20.58972],[-90.46293,20.58969],[-90.46291,20.58967],[-90.46287,20.58963],[-90.46286,20.58962],[-90.46286,20.5896],[-90.46288,20.58951],[-90.4629,20.58946],[-90.46289,20.5894],[-90.46285,20.58935],[-90.46285,20.58935],[-90.46318,20.58921],[-90.4632,20.5892],[-90.46322,20.58919],[-90.46324,20.5892],[-90.46328,20.58922],[-90.46327,20.58927],[-90.46329,20.58929],[-90.46331,20.58934],[-90.46332,20.58936],[-90.46332,20.5894],[-90.46333,20.5894],[-90.46336,20.5894],[-90.46336,20.58941],[-90.46337,20.58941],[-90.46339,20.58941],[-90.46341,20.58941],[-90.46342,20.58945],[-90.46339,20.58945],[-90.46338,20.58945],[-90.46336,20.58945],[-90.46336,20.58946],[-90.46336,20.58946],[-90.46336,20.58946],[-90.46336,20.58947],[-90.46337,20.58949],[-90.46338,20.58951],[-90.4634,20.58953],[-90.46341,20.58955],[-90.46344,20.58956],[-90.46346,20.58957],[-90.46347,20.58957],[-90.4635,20.58957],[-90.46352,20.58956],[-90.46354,20.58958],[-90.46354,20.58958],[-90.46357,20.58958],[-90.46358,20.58958],[-90.46359,20.58958],[-90.46361,20.58956],[-90.46362,20.58955],[-90.46363,20.58955],[-90.46363,20.58954],[-90.46364,20.58954],[-90.46366,20.58953],[-90.4637,20.58952],[-90.46372,20.58952],[-90.46375,20.5895],[-90.46378,20.58949],[-90.46381,20.58945],[-90.46383,20.58941],[-90.46388,20.58936],[-90.46394,20.58931],[-90.46395,20.5893],[-90.46395,20.5893],[-90.46397,20.58928],[-90.46399,20.58925],[-90.464,20.58924],[-90.46401,20.58923],[-90.46404,20.58922],[-90.46405,20.58918],[-90.46405,20.58917],[-90.46406,20.58916],[-90.46406,20.58915],[-90.46406,20.58915],[-90.46408,20.58914],[-90.46411,20.58914],[-90.46412,20.58913],[-90.46415,20.58912],[-90.46418,20.5891],[-90.46421,20.58909],[-90.46424,20.58906],[-90.46427,20.58903],[-90.46429,20.58902],[-90.46429,20.58902],[-90.46432,20.58898],[-90.46434,20.58894],[-90.46436,20.58889],[-90.46439,20.58886],[-90.4644,20.58883],[-90.4644,20.58881],[-90.4644,20.58881],[-90.46443,20.5888],[-90.46443,20.5888],[-90.46445,20.58879],[-90.46448,20.58877],[-90.4645,20.58873],[-90.46454,20.5887],[-90.46455,20.58861],[-90.46455,20.58859],[-90.46455,20.5885],[-90.46456,20.58844],[-90.46456,20.58844],[-90.46456,20.58842],[-90.46458,20.58841],[-90.46462,20.58834],[-90.46467,20.58828],[-90.4647,20.58822],[-90.46471,20.58821],[-90.46472,20.58816],[-90.46473,20.58815],[-90.46474,20.58814],[-90.46475,20.58814],[-90.46477,20.58814],[-90.46477,20.58813],[-90.46479,20.58811],[-90.4648,20.58807],[-90.4648,20.58807],[-90.46477,20.58802],[-90.46478,20.58799],[-90.4648,20.58797],[-90.4648,20.58797],[-90.4648,20.58797],[-90.46481,20.58797],[-90.46481,20.58796],[-90.46482,20.58795],[-90.46485,20.58795],[-90.46485,20.58795],[-90.46485,20.58795],[-90.46483,20.58791],[-90.46479,20.58789],[-90.46482,20.58784],[-90.46484,20.58781],[-90.46485,20.58777],[-90.46485,20.58777],[-90.46485,20.58777],[-90.46485,20.58777],[-90.46485,20.58777],[-90.46488,20.58776],[-90.46491,20.58771],[-90.46491,20.58767],[-90.46491,20.58767],[-90.46493,20.58766],[-90.46496,20.58765],[-90.46498,20.58763],[-90.465,20.58761],[-90.46501,20.58757],[-90.465,20.58757],[-90.46498,20.58755],[-90.46496,20.58755],[-90.46494,20.58755],[-90.46493,20.58755],[-90.46491,20.58753],[-90.46487,20.58753],[-90.46487,20.5875],[-90.46487,20.5875],[-90.46489,20.58749],[-90.46492,20.58748],[-90.46491,20.58745],[-90.46487,20.58744],[-90.46485,20.58741],[-90.46483,20.58742],[-90.46482,20.58742],[-90.46479,20.58743],[-90.46479,20.58743],[-90.46477,20.58744],[-90.46477,20.58744],[-90.46474,20.58744],[-90.46472,20.58744],[-90.46471,20.58744],[-90.46469,20.58742],[-90.4646,20.58738],[-90.46456,20.58734],[-90.46452,20.58729],[-90.46446,20.58722],[-90.46444,20.58718],[-90.46443,20.58714],[-90.4644,20.58708],[-90.46438,20.58707],[-90.46437,20.58706],[-90.46437,20.58705],[-90.46438,20.58702],[-90.46438,20.58702],[-90.46436,20.58698],[-90.46433,20.58695],[-90.46431,20.58693],[-90.46424,20.58692],[-90.46424,20.58691],[-90.46423,20.58691],[-90.46424,20.58688],[-90.46424,20.58688],[-90.46425,20.58687],[-90.4643,20.58686],[-90.46431,20.58685],[-90.46432,20.58685],[-90.46434,20.58685],[-90.46434,20.58685],[-90.46434,20.58685],[-90.46435,20.58684],[-90.46435,20.58684],[-90.46438,20.58683],[-90.46439,20.58683],[-90.4644,20.58683],[-90.46441,20.58684],[-90.46443,20.58684],[-90.46444,20.58685],[-90.46448,20.58685],[-90.4645,20.58685],[-90.46455,20.58686],[-90.46457,20.58688],[-90.46459,20.58689],[-90.4646,20.5869],[-90.4646,20.5869],[-90.46461,20.58689],[-90.46464,20.58689],[-90.46466,20.58683],[-90.46464,20.58678],[-90.4646,20.58677],[-90.46458,20.58676],[-90.46458,20.58674],[-90.4646,20.58672],[-90.46462,20.58661],[-90.46465,20.58658],[-90.46465,20.58657],[-90.46466,20.58655],[-90.46468,20.58653],[-90.46468,20.58646],[-90.46468,20.58644],[-90.46468,20.58643],[-90.46468,20.58642],[-90.4647,20.58642],[-90.46471,20.58642],[-90.46472,20.58641],[-90.46474,20.5864],[-90.46476,20.58637],[-90.46478,20.58631],[-90.46482,20.58625],[-90.46482,20.58624],[-90.46482,20.58624],[-90.46485,20.58623],[-90.46486,20.5862],[-90.46488,20.58615],[-90.46488,20.58615],[-90.46488,20.58614],[-90.46489,20.58614],[-90.46491,20.58613],[-90.46492,20.58613],[-90.46495,20.58611],[-90.46496,20.58606],[-90.46496,20.58606],[-90.46496,20.58604],[-90.46499,20.586],[-90.46503,20.58598],[-90.46505,20.58594],[-90.46508,20.58592],[-90.46508,20.58587],[-90.46506,20.58585],[-90.46505,20.58584],[-90.46505,20.58583],[-90.46505,20.58582],[-90.46505,20.58581],[-90.46508,20.58581],[-90.46509,20.58581],[-90.46511,20.5858],[-90.46513,20.5858],[-90.46516,20.58576],[-90.46517,20.5857],[-90.46515,20.58567],[-90.46517,20.58564],[-90.46518,20.58559],[-90.46517,20.58553],[-90.46516,20.5855],[-90.46517,20.58549],[-90.46518,20.58548],[-90.46514,20.58538],[-90.46512,20.58533],[-90.46502,20.58525],[-90.46496,20.58516],[-90.46487,20.5851],[-90.4648,20.58509],[-90.46479,20.58509],[-90.4647,20.58509],[-90.46462,20.5851],[-90.46456,20.58512],[-90.46456,20.58511],[-90.46454,20.58507],[-90.46453,20.58501],[-90.46449,20.58477],[-90.46449,20.58476],[-90.46449,20.58476],[-90.46452,20.58475],[-90.46456,20.58474],[-90.46457,20.58474],[-90.46462,20.58476],[-90.46466,20.58477],[-90.46467,20.58477],[-90.46471,20.58477],[-90.46473,20.58478],[-90.46481,20.58479],[-90.46488,20.5848],[-90.46494,20.58483],[-90.46499,20.58483],[-90.46501,20.58484],[-90.46511,20.58483],[-90.46516,20.58483],[-90.46517,20.58483],[-90.46519,20.58483],[-90.46519,20.58482],[-90.46519,20.58482],[-90.46521,20.58481],[-90.46521,20.58481],[-90.46528,20.58482],[-90.46533,20.58483],[-90.46539,20.58487],[-90.46546,20.58489],[-90.46551,20.58492],[-90.46552,20.58493],[-90.46557,20.58493],[-90.46559,20.58493],[-90.46561,20.58494],[-90.46562,20.58494],[-90.46563,20.58494],[-90.46565,20.58494],[-90.46572,20.58497],[-90.46573,20.58497],[-90.46578,20.58498],[-90.46584,20.585],[-90.46588,20.58503],[-90.4659,20.58505],[-90.46592,20.58507],[-90.46595,20.5851],[-90.46596,20.58511],[-90.46599,20.58513],[-90.46599,20.58513],[-90.46599,20.58513],[-90.46602,20.58513],[-90.46603,20.58513],[-90.46604,20.58513],[-90.46611,20.58508],[-90.46614,20.58503],[-90.46614,20.58498],[-90.46614,20.58498],[-90.46613,20.58491],[-90.46612,20.5849],[-90.46611,20.58487],[-90.4661,20.58482],[-90.4661,20.58481],[-90.46612,20.5848],[-90.46614,20.58476],[-90.46616,20.58473],[-90.46616,20.58473],[-90.46616,20.58472],[-90.46615,20.58471],[-90.46616,20.58467],[-90.46618,20.58466],[-90.46618,20.58465],[-90.4662,20.58462],[-90.46619,20.58461],[-90.46617,20.58461],[-90.46617,20.58459],[-90.4662,20.58457],[-90.46621,20.58456],[-90.46624,20.58447],[-90.46623,20.58447],[-90.46619,20.58444],[-90.46619,20.58444],[-90.46619,20.58444],[-90.4662,20.58442],[-90.4662,20.58442],[-90.46622,20.58442],[-90.46624,20.58443],[-90.46624,20.58443],[-90.46625,20.58443],[-90.46625,20.58443],[-90.46626,20.58443],[-90.46629,20.58442],[-90.46631,20.58438],[-90.46634,20.58433],[-90.46635,20.58425],[-90.46635,20.58423],[-90.46636,20.58416],[-90.46636,20.58415],[-90.4664,20.58411],[-90.46641,20.58411],[-90.46643,20.5841],[-90.46643,20.5841],[-90.46645,20.58408],[-90.46647,20.58405],[-90.4665,20.58401],[-90.4665,20.58398],[-90.4665,20.58396],[-90.4665,20.58395],[-90.4665,20.58394],[-90.46651,20.58392],[-90.46651,20.58391],[-90.46651,20.58391],[-90.46656,20.58389],[-90.46658,20.58389],[-90.4666,20.58388],[-90.46661,20.5839],[-90.46661,20.58391],[-90.46661,20.58391],[-90.46665,20.58391],[-90.46667,20.58391],[-90.46668,20.58391],[-90.46668,20.58391],[-90.4667,20.58391],[-90.4667,20.58391],[-90.46672,20.58388],[-90.46673,20.58387],[-90.46673,20.58387],[-90.46674,20.58385],[-90.46677,20.58385],[-90.46678,20.58385],[-90.46679,20.58385],[-90.46682,20.58383],[-90.46683,20.58382],[-90.46683,20.58377],[-90.46683,20.58376],[-90.46683,20.58376],[-90.46685,20.58375],[-90.46688,20.58374],[-90.46689,20.58371],[-90.46689,20.5837],[-90.46688,20.58364],[-90.46686,20.58361],[-90.46684,20.58361],[-90.46684,20.58359],[-90.46684,20.58355],[-90.46683,20.58351],[-90.46684,20.58349],[-90.46687,20.58342],[-90.46688,20.58337],[-90.46685,20.58333],[-90.46682,20.58328],[-90.4668,20.58325],[-90.4668,20.58321],[-90.4668,20.5832],[-90.4668,20.5832],[-90.4668,20.58319],[-90.4668,20.58319],[-90.4668,20.5832],[-90.46682,20.5832],[-90.46682,20.5832],[-90.46685,20.58318],[-90.46684,20.58312],[-90.46686,20.58312],[-90.46686,20.5831],[-90.46689,20.58307],[-90.46694,20.58301],[-90.46695,20.583],[-90.46698,20.58298],[-90.46702,20.58294],[-90.46702,20.58288],[-90.46697,20.58286],[-90.46696,20.58286],[-90.46692,20.58284],[-90.46692,20.58278],[-90.46693,20.58272],[-90.46693,20.5827],[-90.46693,20.5827],[-90.46695,20.58265],[-90.46698,20.5826],[-90.46699,20.58258],[-90.46699,20.58258],[-90.46701,20.58256],[-90.46701,20.58256],[-90.4671,20.58258],[-90.4671,20.58262],[-90.46711,20.58265],[-90.46711,20.58265],[-90.46713,20.58268],[-90.46717,20.5827],[-90.46719,20.58272],[-90.46719,20.58272],[-90.46719,20.58272],[-90.46719,20.58273],[-90.46719,20.58273],[-90.4672,20.58273],[-90.46721,20.58273],[-90.46723,20.58271],[-90.46729,20.58267],[-90.46729,20.58267],[-90.46734,20.58263],[-90.46736,20.58263],[-90.46736,20.58262],[-90.4674,20.58259],[-90.46741,20.58257],[-90.46741,20.58256],[-90.46742,20.58255],[-90.46745,20.58255],[-90.46747,20.58255],[-90.46747,20.58256],[-90.46747,20.58257],[-90.46747,20.58257],[-90.4675,20.58261],[-90.4675,20.58261],[-90.46751,20.58261],[-90.46753,20.58262],[-90.46754,20.58261],[-90.46756,20.58261],[-90.46758,20.5826],[-90.46761,20.58257],[-90.46764,20.58254],[-90.46764,20.58253],[-90.46764,20.58251],[-90.46765,20.5825],[-90.46765,20.5825],[-90.46765,20.58249],[-90.46765,20.58249],[-90.46766,20.58248],[-90.46767,20.58247],[-90.46767,20.58247],[-90.46767,20.58248],[-90.46768,20.58249],[-90.46768,20.5825],[-90.46768,20.5825],[-90.4677,20.5825],[-90.4677,20.5825],[-90.46772,20.5825],[-90.46772,20.58248],[-90.46775,20.58245],[-90.46775,20.58244],[-90.46775,20.58244],[-90.46776,20.58243],[-90.46776,20.58242],[-90.46777,20.58241],[-90.4678,20.58241],[-90.46782,20.5824],[-90.46782,20.5824],[-90.46783,20.5824],[-90.46783,20.5824],[-90.46783,20.5824],[-90.46783,20.5824],[-90.46785,20.58239],[-90.46787,20.58239],[-90.46788,20.58239],[-90.46788,20.58239],[-90.46789,20.58239],[-90.46792,20.58237],[-90.46794,20.58236],[-90.46797,20.58234],[-90.46797,20.58234],[-90.46802,20.58231],[-90.46804,20.5823],[-90.46807,20.58228],[-90.46809,20.58227],[-90.46809,20.58227],[-90.4681,20.58227],[-90.46811,20.58226],[-90.46811,20.58225],[-90.46813,20.58224],[-90.46815,20.58224],[-90.46815,20.58224],[-90.46819,20.58223],[-90.4682,20.58222],[-90.46823,20.58221],[-90.46826,20.58217],[-90.46826,20.58217],[-90.46828,20.58215],[-90.46828,20.58214],[-90.46829,20.58213],[-90.46832,20.58213],[-90.46833,20.58213],[-90.46834,20.58212],[-90.46837,20.58212],[-90.46838,20.58208],[-90.46839,20.58206],[-90.4684,20.58203],[-90.4684,20.58203],[-90.46847,20.582],[-90.4685,20.58199],[-90.46851,20.58198],[-90.46856,20.58195],[-90.46857,20.58195],[-90.46858,20.58193],[-90.4686,20.58192],[-90.4686,20.58192],[-90.4686,20.58191],[-90.4686,20.58185],[-90.46865,20.58182],[-90.46866,20.5818],[-90.46866,20.5818],[-90.46867,20.58178],[-90.46868,20.58179],[-90.46869,20.58179],[-90.46869,20.58179],[-90.46871,20.58179],[-90.46872,20.58179],[-90.46874,20.5818],[-90.46874,20.5818],[-90.46876,20.58181],[-90.46876,20.58181],[-90.46879,20.5818],[-90.46877,20.58175],[-90.46877,20.58174],[-90.46878,20.5817],[-90.46881,20.58165],[-90.46882,20.58164],[-90.46884,20.58163],[-90.46885,20.58163],[-90.46887,20.58162],[-90.46893,20.58155],[-90.46897,20.58145],[-90.46897,20.58143],[-90.46899,20.58136],[-90.46902,20.58127],[-90.46902,20.58126],[-90.46902,20.58124],[-90.46902,20.58121],[-90.46902,20.58118],[-90.46902,20.58118],[-90.46903,20.58117],[-90.46906,20.58116],[-90.46909,20.58112],[-90.46913,20.58106],[-90.46913,20.58106],[-90.46914,20.58105],[-90.46916,20.58105],[-90.46916,20.58105],[-90.46917,20.58105],[-90.46918,20.58105],[-90.46919,20.58105],[-90.4692,20.58104],[-90.46921,20.58102],[-90.46921,20.58102],[-90.46922,20.58101],[-90.46924,20.581],[-90.46925,20.581],[-90.46926,20.581],[-90.46927,20.581],[-90.46929,20.58099],[-90.46931,20.58094],[-90.46931,20.58094],[-90.46932,20.58092],[-90.46933,20.58089],[-90.46933,20.58088],[-90.46932,20.58086],[-90.4693,20.58084],[-90.4693,20.5808],[-90.46935,20.58074],[-90.46936,20.58069],[-90.46936,20.58063],[-90.46938,20.58061],[-90.46939,20.58057],[-90.46936,20.58056],[-90.46935,20.58053],[-90.46934,20.58045],[-90.46933,20.58043],[-90.46932,20.58042],[-90.46931,20.58041],[-90.4693,20.58041],[-90.4693,20.58039],[-90.4693,20.58038],[-90.46931,20.58038],[-90.46932,20.58037],[-90.46932,20.58037],[-90.46933,20.58037],[-90.46933,20.58037],[-90.46933,20.58037],[-90.46936,20.58036],[-90.46938,20.58032],[-90.4694,20.5803],[-90.46942,20.58022],[-90.46941,20.58016],[-90.46941,20.58012],[-90.46944,20.58007],[-90.46946,20.58],[-90.46947,20.57994],[-90.46952,20.5799],[-90.46953,20.57985],[-90.46951,20.57983],[-90.4695,20.57982],[-90.4695,20.57981],[-90.46951,20.57977],[-90.46951,20.57977],[-90.46952,20.57976],[-90.46953,20.57976],[-90.46954,20.57976],[-90.46955,20.57975],[-90.46956,20.57975],[-90.46956,20.57973],[-90.46957,20.57972],[-90.46957,20.57972],[-90.46957,20.5797],[-90.46957,20.57964],[-90.46958,20.57963],[-90.46955,20.57959],[-90.46953,20.57955],[-90.4695,20.5795],[-90.46952,20.57946],[-90.46951,20.57941],[-90.46949,20.57936],[-90.46947,20.57933],[-90.46945,20.57929],[-90.46948,20.57925],[-90.46947,20.57922],[-90.46948,20.57918],[-90.46952,20.57909],[-90.46952,20.57908],[-90.46952,20.57904],[-90.46951,20.57897],[-90.46951,20.57891],[-90.46947,20.5789],[-90.46947,20.57887],[-90.46947,20.57885],[-90.46947,20.57884],[-90.46948,20.57883],[-90.46949,20.57882],[-90.4695,20.57881],[-90.46951,20.5788],[-90.46952,20.57881],[-90.46953,20.57881],[-90.46956,20.57881],[-90.46957,20.57881],[-90.46959,20.5788],[-90.46959,20.5788],[-90.4696,20.5788],[-90.4696,20.5788],[-90.46962,20.57878],[-90.46963,20.57878],[-90.46965,20.57878],[-90.46967,20.57881],[-90.46967,20.57882],[-90.46969,20.57883],[-90.46969,20.57883],[-90.46971,20.57883],[-90.46971,20.57883],[-90.46972,20.57883],[-90.46974,20.57882],[-90.46974,20.57882],[-90.46975,20.57882],[-90.46975,20.57879],[-90.46975,20.57879],[-90.46976,20.57878],[-90.46976,20.57878],[-90.46976,20.57878],[-90.46977,20.57878],[-90.4698,20.57877],[-90.46981,20.57872],[-90.46979,20.57869],[-90.46979,20.57869],[-90.46977,20.57868],[-90.46976,20.57867],[-90.46974,20.57866],[-90.46967,20.57864],[-90.46966,20.57862],[-90.46966,20.57862],[-90.46965,20.5786],[-90.46968,20.57861],[-90.46971,20.57861],[-90.46974,20.57862],[-90.46975,20.57862],[-90.46976,20.57862],[-90.46978,20.57862],[-90.46978,20.57862],[-90.46979,20.57862],[-90.46981,20.57862],[-90.46984,20.5785],[-90.46983,20.57846],[-90.46983,20.57841],[-90.46982,20.5784],[-90.46982,20.57838],[-90.46985,20.57835],[-90.46986,20.57831],[-90.46986,20.57825],[-90.46982,20.57822],[-90.46981,20.5782],[-90.46981,20.5782],[-90.46977,20.57815],[-90.46974,20.57816],[-90.46971,20.57816],[-90.46966,20.57817],[-90.46959,20.57816],[-90.4695,20.57817],[-90.46943,20.57819],[-90.46937,20.5782],[-90.46937,20.57819],[-90.46934,20.57816],[-90.46933,20.57814],[-90.46916,20.57793],[-90.46916,20.57793],[-90.46922,20.57781],[-90.46923,20.57765],[-90.46925,20.57763],[-90.46925,20.57762],[-90.46926,20.57762],[-90.46927,20.57761],[-90.46929,20.57761],[-90.4693,20.57761],[-90.46934,20.57756],[-90.46937,20.57753],[-90.46941,20.57748],[-90.46945,20.57741],[-90.46948,20.57737],[-90.46948,20.57737],[-90.46948,20.57737],[-90.46948,20.57736],[-90.4695,20.57735],[-90.4695,20.57735],[-90.46952,20.57734],[-90.46953,20.57733],[-90.46955,20.57734],[-90.46956,20.57735],[-90.46956,20.57735],[-90.46957,20.57736],[-90.46957,20.57736],[-90.46961,20.57733],[-90.46961,20.57732],[-90.46961,20.57732],[-90.46961,20.5773],[-90.46961,20.57728],[-90.46961,20.57727],[-90.4696,20.57727],[-90.46958,20.57726],[-90.46961,20.57725],[-90.46963,20.57725],[-90.46964,20.57729],[-90.46968,20.57733],[-90.46968,20.57733],[-90.46967,20.57736],[-90.46968,20.5774],[-90.46968,20.5774],[-90.4697,20.5774],[-90.46972,20.5774],[-90.46973,20.57739],[-90.46975,20.57737],[-90.46976,20.57736],[-90.46976,20.57736],[-90.46976,20.57735],[-90.46977,20.57734],[-90.46977,20.57733],[-90.46977,20.57733],[-90.46978,20.57733],[-90.46979,20.57733],[-90.4698,20.57735],[-90.46982,20.57736],[-90.46985,20.57736],[-90.46986,20.57736],[-90.46989,20.57737],[-90.4699,20.57737],[-90.46991,20.57737],[-90.46993,20.57735],[-90.46995,20.57733],[-90.46995,20.57733],[-90.46999,20.57729],[-90.47003,20.57726],[-90.47003,20.5772],[-90.47004,20.57718],[-90.47004,20.57712],[-90.47005,20.57706],[-90.47004,20.57705],[-90.47003,20.57704],[-90.47003,20.57703],[-90.47005,20.57703],[-90.47007,20.57703],[-90.47007,20.57703],[-90.4701,20.57701],[-90.47012,20.577],[-90.47015,20.57698],[-90.47016,20.57698],[-90.47018,20.57697],[-90.47023,20.57689],[-90.47024,20.57685],[-90.47024,20.57685],[-90.47023,20.57681],[-90.47023,20.57681],[-90.47022,20.57679],[-90.47018,20.57678],[-90.47018,20.57676],[-90.47018,20.57676],[-90.47019,20.57675],[-90.47021,20.57674],[-90.47024,20.5767],[-90.47029,20.57666],[-90.47031,20.57662],[-90.47033,20.5766],[-90.47033,20.5766],[-90.47034,20.57658],[-90.47035,20.57658],[-90.47037,20.57658],[-90.47039,20.57659],[-90.4704,20.57659],[-90.4704,20.5766],[-90.47044,20.5766],[-90.47044,20.5766],[-90.47045,20.57659],[-90.47048,20.57658],[-90.47048,20.57658],[-90.4705,20.57656],[-90.4705,20.57655],[-90.47054,20.57649],[-90.47055,20.57648],[-90.47057,20.57647],[-90.47057,20.57647],[-90.4706,20.57645],[-90.47061,20.57641],[-90.47062,20.57638],[-90.47061,20.57636],[-90.47056,20.57634],[-90.47056,20.57634],[-90.47055,20.57632],[-90.47057,20.5763],[-90.47057,20.5763],[-90.47059,20.57629],[-90.47058,20.57627],[-90.47058,20.57626],[-90.47057,20.57626],[-90.47057,20.57626],[-90.47051,20.57625],[-90.47051,20.57622],[-90.47051,20.57622],[-90.47051,20.57621],[-90.47055,20.5762],[-90.47056,20.5762],[-90.47057,20.5762],[-90.47057,20.5762],[-90.47058,20.5762],[-90.47059,20.5762],[-90.47059,20.5762],[-90.4706,20.5762],[-90.4706,20.5762],[-90.47061,20.57619],[-90.47062,20.57616],[-90.47061,20.57614],[-90.47061,20.57613],[-90.47061,20.57612],[-90.47061,20.57612],[-90.47057,20.57609],[-90.47052,20.57606],[-90.4705,20.57604],[-90.4705,20.57604],[-90.47048,20.57603],[-90.47052,20.57602],[-90.47052,20.57602],[-90.47053,20.57602],[-90.47056,20.57602],[-90.47056,20.576],[-90.47056,20.57599],[-90.47056,20.57599],[-90.47058,20.57598],[-90.47059,20.57597],[-90.47061,20.57598],[-90.47062,20.57599],[-90.47063,20.57599],[-90.47064,20.57598],[-90.47065,20.57598],[-90.47065,20.57598],[-90.47066,20.57598],[-90.47066,20.57598],[-90.47068,20.57596],[-90.47068,20.57593],[-90.47067,20.57593],[-90.47067,20.57593],[-90.47066,20.57592],[-90.47065,20.57591],[-90.47062,20.57589],[-90.47061,20.57587],[-90.47061,20.57584],[-90.47061,20.57583],[-90.47061,20.57583],[-90.47061,20.57581],[-90.47061,20.57581],[-90.47067,20.57582],[-90.47069,20.57582],[-90.47069,20.57582],[-90.4707,20.57582],[-90.4707,20.57583],[-90.47071,20.57583],[-90.47072,20.57583],[-90.47073,20.57582],[-90.47075,20.57582],[-90.47077,20.5758],[-90.47078,20.57577],[-90.4708,20.57576],[-90.4708,20.57575],[-90.4708,20.57575],[-90.47081,20.57574],[-90.47082,20.57574],[-90.47085,20.57574],[-90.47085,20.5757],[-90.47087,20.57566],[-90.47091,20.57563],[-90.47093,20.57558],[-90.47093,20.57553],[-90.47094,20.5755],[-90.47095,20.57548],[-90.47096,20.57548],[-90.47097,20.57549],[-90.47099,20.57545],[-90.471,20.57542],[-90.471,20.57541],[-90.471,20.57541],[-90.47099,20.57538],[-90.47099,20.57537],[-90.47101,20.57535],[-90.47103,20.57532],[-90.47103,20.57527],[-90.47103,20.57527],[-90.47105,20.57526],[-90.47105,20.57525],[-90.47106,20.57525],[-90.47108,20.57524],[-90.4711,20.57524],[-90.4711,20.57524],[-90.47113,20.57521],[-90.47113,20.57519],[-90.47115,20.57516],[-90.47115,20.57516],[-90.47116,20.57515],[-90.47117,20.57515],[-90.47118,20.57514],[-90.4712,20.57513],[-90.47122,20.57509],[-90.47125,20.57508],[-90.47129,20.57504],[-90.4713,20.57501],[-90.47132,20.575],[-90.47135,20.57496],[-90.47135,20.5749],[-90.47135,20.57488],[-90.47136,20.57488],[-90.47137,20.57487],[-90.47137,20.57486],[-90.47137,20.57486],[-90.47143,20.57484],[-90.47143,20.57484],[-90.47145,20.57484],[-90.47147,20.57483],[-90.47149,20.57479],[-90.4715,20.57473],[-90.4715,20.57472],[-90.47151,20.57466],[-90.47151,20.57465],[-90.47153,20.57465],[-90.47153,20.57465],[-90.47157,20.57462],[-90.47159,20.57459],[-90.4716,20.57458],[-90.4716,20.57458],[-90.47161,20.57457],[-90.47162,20.57457],[-90.47165,20.57458],[-90.47165,20.57458],[-90.47166,20.57459],[-90.47168,20.57458],[-90.47169,20.57458],[-90.4717,20.57458],[-90.47172,20.57458],[-90.47173,20.57457],[-90.47176,20.57457],[-90.47178,20.57454],[-90.47179,20.57451],[-90.4718,20.57447],[-90.4718,20.57441],[-90.47182,20.57438],[-90.47182,20.57436],[-90.47182,20.57434],[-90.47182,20.57434],[-90.47182,20.57433],[-90.47181,20.5743],[-90.47181,20.5743],[-90.47181,20.5743],[-90.47182,20.57429],[-90.47182,20.57429],[-90.47182,20.57428],[-90.47183,20.57428],[-90.47184,20.57428],[-90.47184,20.57428],[-90.47186,20.57428],[-90.47186,20.57425],[-90.47187,20.57423],[-90.47183,20.57419],[-90.47183,20.57415],[-90.47183,20.57414],[-90.47184,20.57414],[-90.47185,20.57413],[-90.47189,20.5741],[-90.47187,20.57406],[-90.47184,20.57406],[-90.47184,20.57406],[-90.47184,20.57405],[-90.47184,20.57402],[-90.47184,20.57402],[-90.47184,20.57401],[-90.47188,20.574],[-90.47189,20.574],[-90.47192,20.57401],[-90.47192,20.57401],[-90.47194,20.57401],[-90.47195,20.57402],[-90.47198,20.57401],[-90.47199,20.57401],[-90.47201,20.57401],[-90.47201,20.57401],[-90.47206,20.57398],[-90.47207,20.57393],[-90.47207,20.57391],[-90.47207,20.5739],[-90.47207,20.57388],[-90.47207,20.57387],[-90.47207,20.57387],[-90.4721,20.57386],[-90.47211,20.57386],[-90.47213,20.57386],[-90.47214,20.57385],[-90.47215,20.57385],[-90.47215,20.57385],[-90.47216,20.57385],[-90.47216,20.57385],[-90.47216,20.57384],[-90.47215,20.57376],[-90.47218,20.57372],[-90.47218,20.5737],[-90.47219,20.57366],[-90.4722,20.57365],[-90.47219,20.57365],[-90.47219,20.5736],[-90.47219,20.5736],[-90.47219,20.57356],[-90.47216,20.57354],[-90.47213,20.57353],[-90.47211,20.57353],[-90.47206,20.57353],[-90.47205,20.57353],[-90.47205,20.57353],[-90.47205,20.57353],[-90.47205,20.57352],[-90.47207,20.57351],[-90.47209,20.57351],[-90.47211,20.57351],[-90.47213,20.57347],[-90.47214,20.57343],[-90.47212,20.57342],[-90.47212,20.5734],[-90.47218,20.57337],[-90.47221,20.57333],[-90.47221,20.57326],[-90.47221,20.57325],[-90.47221,20.57323],[-90.47222,20.57323],[-90.47224,20.57323],[-90.47227,20.57325],[-90.47234,20.57327],[-90.47235,20.57327],[-90.47235,20.57327],[-90.47236,20.57327],[-90.47237,20.57327],[-90.47238,20.57327],[-90.47238,20.57327],[-90.4724,20.57327],[-90.47243,20.57323],[-90.47243,20.57321],[-90.47243,20.5732],[-90.47243,20.57319],[-90.47241,20.57315],[-90.47241,20.57314],[-90.4724,20.57313],[-90.47239,20.57313],[-90.47239,20.57313],[-90.47239,20.57312],[-90.47241,20.57312],[-90.47243,20.57311],[-90.47243,20.57311],[-90.47244,20.57309],[-90.47245,20.57307],[-90.47245,20.57307],[-90.47245,20.57306],[-90.47245,20.57306],[-90.47245,20.57306],[-90.47246,20.57306],[-90.47246,20.57306],[-90.47247,20.57306],[-90.47249,20.57305],[-90.4725,20.57302],[-90.47248,20.57301],[-90.47247,20.57301],[-90.47247,20.57301],[-90.47247,20.57299],[-90.47246,20.57297],[-90.47245,20.57293],[-90.47244,20.57288],[-90.47246,20.57283],[-90.47245,20.57278],[-90.4725,20.57272],[-90.47251,20.57271],[-90.47253,20.57267],[-90.47253,20.57266],[-90.47256,20.57259],[-90.47256,20.57252],[-90.47256,20.57251],[-90.47254,20.57249],[-90.47253,20.57247],[-90.47252,20.57242],[-90.4725,20.57241],[-90.47249,20.5724],[-90.47249,20.57239],[-90.47249,20.57239],[-90.4725,20.57239],[-90.47251,20.57239],[-90.47253,20.57238],[-90.47255,20.57237],[-90.47255,20.57236],[-90.47256,20.57236],[-90.47257,20.57236],[-90.47258,20.57236],[-90.47259,20.57236],[-90.4726,20.57232],[-90.47262,20.57233],[-90.47264,20.57228],[-90.47265,20.57222],[-90.47266,20.57217],[-90.4727,20.57214],[-90.47272,20.5721],[-90.47273,20.57205],[-90.47276,20.57201],[-90.47277,20.57198],[-90.47277,20.57197],[-90.47277,20.57197],[-90.4728,20.57196],[-90.47282,20.57193],[-90.47282,20.57189],[-90.47279,20.57186],[-90.47279,20.57183],[-90.47279,20.57182],[-90.47281,20.57177],[-90.47281,20.57177],[-90.47281,20.57177],[-90.4728,20.57176],[-90.47278,20.57173],[-90.47278,20.57172],[-90.47277,20.57171],[-90.47273,20.57167],[-90.47273,20.57165],[-90.47273,20.57162],[-90.47272,20.57159],[-90.47271,20.57157],[-90.4727,20.57156],[-90.47266,20.57155],[-90.47264,20.57154],[-90.47263,20.57151],[-90.47263,20.57147],[-90.47263,20.57145],[-90.47263,20.57144],[-90.47263,20.57144],[-90.47264,20.57144],[-90.47264,20.57143],[-90.47265,20.57143],[-90.47266,20.57143],[-90.47266,20.57143],[-90.47269,20.57141],[-90.47268,20.57138],[-90.47269,20.57137],[-90.4727,20.57136],[-90.47271,20.57136],[-90.47274,20.57134],[-90.47275,20.5713],[-90.47276,20.57125],[-90.47276,20.57124],[-90.47276,20.57124],[-90.47274,20.57121],[-90.47274,20.57119],[-90.47274,20.57117],[-90.47273,20.57117],[-90.47271,20.57115],[-90.47272,20.57112],[-90.47268,20.57109],[-90.47269,20.57106],[-90.47269,20.57106],[-90.47269,20.57106],[-90.4727,20.57104],[-90.47275,20.57104],[-90.47275,20.57104],[-90.47277,20.57103],[-90.47278,20.57103],[-90.47279,20.57103],[-90.4728,20.57101],[-90.47281,20.571],[-90.47282,20.57099],[-90.47282,20.57099],[-90.47283,20.57098],[-90.47284,20.57097],[-90.47286,20.57098],[-90.47287,20.57098],[-90.47287,20.57098],[-90.47288,20.57099],[-90.47288,20.57099],[-90.4729,20.571],[-90.47291,20.57096],[-90.47291,20.57095],[-90.47289,20.57093],[-90.47286,20.5709],[-90.47289,20.57086],[-90.47292,20.57082],[-90.47293,20.57076],[-90.47293,20.57074],[-90.47294,20.57073],[-90.47292,20.5707],[-90.47288,20.5707],[-90.47288,20.5707],[-90.47284,20.5707],[-90.47284,20.5707],[-90.47284,20.57065],[-90.47284,20.57065],[-90.47284,20.57065],[-90.47286,20.57065],[-90.47287,20.57063],[-90.47289,20.57058],[-90.4729,20.57053],[-90.47287,20.5705],[-90.47283,20.57047],[-90.4728,20.57045],[-90.4728,20.57043],[-90.47278,20.57038],[-90.47275,20.57037],[-90.47272,20.57037],[-90.47266,20.57036],[-90.47264,20.57036],[-90.47258,20.57036],[-90.47252,20.57034],[-90.47243,20.57032],[-90.47243,20.5703],[-90.47244,20.57025],[-90.47244,20.57024],[-90.47244,20.57022],[-90.47246,20.5701],[-90.47246,20.5701],[-90.47246,20.57008],[-90.47246,20.57007],[-90.47251,20.57009],[-90.47254,20.57009],[-90.47256,20.5701],[-90.47264,20.57009],[-90.47272,20.57009],[-90.47274,20.57008],[-90.47279,20.57008],[-90.47285,20.57008],[-90.47286,20.57008],[-90.47287,20.57008],[-90.47287,20.57008],[-90.47287,20.57008],[-90.47288,20.57008],[-90.4729,20.57006],[-90.47297,20.57006],[-90.473,20.57007],[-90.47299,20.57009],[-90.47302,20.5701],[-90.47302,20.57011],[-90.47304,20.57014],[-90.47304,20.57014],[-90.47304,20.57015],[-90.47305,20.57015],[-90.47305,20.57016],[-90.47307,20.57014],[-90.47309,20.5701],[-90.47309,20.5701],[-90.47309,20.57009],[-90.47309,20.57009],[-90.47309,20.57009],[-90.4731,20.57009],[-90.47311,20.57009],[-90.47313,20.57008],[-90.47314,20.57007],[-90.47314,20.57005],[-90.47314,20.57005],[-90.47317,20.57003],[-90.47317,20.57003],[-90.47319,20.57002],[-90.47321,20.57001],[-90.47322,20.57003],[-90.47322,20.57003],[-90.47322,20.57003],[-90.47328,20.57003],[-90.47328,20.57003],[-90.47331,20.57001],[-90.47334,20.57],[-90.47336,20.56996],[-90.47338,20.56994],[-90.47338,20.56993],[-90.47339,20.56988],[-90.47339,20.56987],[-90.47339,20.56987],[-90.47339,20.56986],[-90.47343,20.56986],[-90.47346,20.56986],[-90.47346,20.56986],[-90.47347,20.56986],[-90.47349,20.56986],[-90.47351,20.56986],[-90.47351,20.56986],[-90.47353,20.56985],[-90.47356,20.56984],[-90.47358,20.56979],[-90.47357,20.56976],[-90.47357,20.56976],[-90.47356,20.56974],[-90.47355,20.56973],[-90.47357,20.56972],[-90.47356,20.56966],[-90.47358,20.56962],[-90.47358,20.56959],[-90.47358,20.56957],[-90.47359,20.56956],[-90.47361,20.56955],[-90.47362,20.56952],[-90.47362,20.5695],[-90.47362,20.56947],[-90.47362,20.56947],[-90.47362,20.56942],[-90.47364,20.5694],[-90.47364,20.5694],[-90.47364,20.56939],[-90.47365,20.56939],[-90.47366,20.56939],[-90.47367,20.56938],[-90.47367,20.56938],[-90.47368,20.56938],[-90.4737,20.56937],[-90.47371,20.56934],[-90.4737,20.5693],[-90.4737,20.56928],[-90.4737,20.56928],[-90.4737,20.56925],[-90.4737,20.56921],[-90.47372,20.56919],[-90.47372,20.56915],[-90.47372,20.56915],[-90.47372,20.56914],[-90.47373,20.56914],[-90.47374,20.56914],[-90.47375,20.56914],[-90.47377,20.56913],[-90.47377,20.56913],[-90.47377,20.56912],[-90.47377,20.56905],[-90.47377,20.56904],[-90.47377,20.56904],[-90.47376,20.56903],[-90.47375,20.569],[-90.47378,20.56897],[-90.47378,20.56893],[-90.47379,20.56888],[-90.4738,20.56887],[-90.47382,20.56886],[-90.47383,20.56885],[-90.47384,20.56882],[-90.47384,20.56877],[-90.47384,20.56877],[-90.47383,20.56875],[-90.4738,20.56872],[-90.47378,20.5687],[-90.47374,20.56869],[-90.47374,20.56869],[-90.47374,20.56869],[-90.47374,20.56867],[-90.47374,20.56867],[-90.47376,20.56867],[-90.47377,20.56867],[-90.47378,20.56867],[-90.47378,20.56867],[-90.47381,20.56866],[-90.47385,20.56859],[-90.47387,20.56857],[-90.47389,20.56856],[-90.4739,20.56856],[-90.47392,20.56852],[-90.47393,20.56847],[-90.47396,20.56843],[-90.47399,20.56839],[-90.47399,20.56832],[-90.47404,20.56829],[-90.47406,20.56822],[-90.4741,20.56817],[-90.4741,20.56815],[-90.4741,20.56814],[-90.4741,20.56813],[-90.47413,20.5681],[-90.47413,20.56806],[-90.47416,20.56803],[-90.47416,20.56803],[-90.47416,20.56802],[-90.47419,20.56801],[-90.4742,20.56798],[-90.4742,20.56798],[-90.47421,20.56797],[-90.47423,20.56797],[-90.47423,20.56797],[-90.47424,20.56797],[-90.47426,20.56796],[-90.47427,20.56796],[-90.47427,20.56795],[-90.47429,20.56794],[-90.47431,20.56792],[-90.47434,20.56789],[-90.47434,20.56784],[-90.47436,20.56781],[-90.47436,20.56778],[-90.47436,20.5677],[-90.47436,20.5677],[-90.47436,20.5677],[-90.47436,20.5677],[-90.47436,20.5677],[-90.47439,20.56768],[-90.47439,20.56767],[-90.47438,20.56766],[-90.47438,20.56766],[-90.47438,20.56764],[-90.47438,20.56763],[-90.47439,20.56763],[-90.47441,20.56762],[-90.47441,20.56762],[-90.47442,20.56762],[-90.47443,20.5676],[-90.47443,20.56759],[-90.47447,20.56761],[-90.47447,20.56761],[-90.47447,20.56761],[-90.47448,20.56761],[-90.47448,20.56761],[-90.47449,20.56761],[-90.47451,20.56759],[-90.47451,20.56757],[-90.47451,20.56757],[-90.47451,20.56756],[-90.47451,20.56755],[-90.47452,20.56755],[-90.47452,20.56755],[-90.47454,20.56755],[-90.47455,20.56755],[-90.47457,20.56753],[-90.47456,20.5675],[-90.47455,20.56749],[-90.47454,20.56744],[-90.47456,20.56742],[-90.47456,20.56742],[-90.47457,20.56741],[-90.47458,20.56741],[-90.4746,20.56741],[-90.47461,20.5674],[-90.47465,20.56737],[-90.47465,20.56732],[-90.47466,20.56728],[-90.47466,20.56728],[-90.47466,20.56727],[-90.47467,20.56726],[-90.47468,20.56726],[-90.47471,20.56727],[-90.47472,20.56727],[-90.47474,20.56727],[-90.47475,20.56727],[-90.47476,20.56727],[-90.47477,20.56727],[-90.47478,20.56725],[-90.47478,20.56724],[-90.47478,20.56724],[-90.47478,20.56724],[-90.47479,20.56723],[-90.4748,20.56722],[-90.47481,20.56722],[-90.47481,20.56722],[-90.47481,20.56722],[-90.47482,20.56723],[-90.47483,20.56724],[-90.47486,20.5672],[-90.47486,20.56717],[-90.47486,20.56717],[-90.4749,20.56712],[-90.47495,20.56708],[-90.47499,20.56705],[-90.475,20.56705],[-90.47501,20.56703],[-90.47503,20.56703],[-90.47504,20.56703],[-90.47505,20.56703],[-90.47505,20.56703],[-90.47506,20.56704],[-90.47506,20.56704],[-90.47507,20.56704],[-90.47507,20.56704],[-90.47507,20.56704],[-90.47511,20.56702],[-90.47511,20.56702],[-90.4751,20.56698],[-90.47506,20.56696],[-90.47505,20.5669],[-90.47501,20.56686],[-90.47496,20.56685],[-90.47495,20.56685],[-90.47494,20.56686],[-90.47491,20.56687],[-90.47491,20.56687],[-90.47486,20.56687],[-90.47482,20.56686],[-90.47482,20.56686],[-90.47479,20.56685],[-90.47478,20.56686],[-90.47475,20.56686],[-90.47472,20.56688],[-90.47469,20.56689],[-90.47464,20.56691],[-90.47464,20.56691],[-90.47464,20.5669],[-90.47464,20.56684],[-90.47464,20.56683],[-90.47464,20.56668],[-90.47464,20.56666],[-90.47468,20.56662],[-90.47469,20.56661],[-90.47469,20.56661],[-90.47471,20.5666],[-90.47471,20.56659],[-90.47476,20.56661],[-90.47479,20.56661],[-90.4748,20.56661],[-90.47481,20.56661],[-90.47481,20.56661],[-90.47483,20.56661],[-90.47483,20.56661],[-90.47484,20.56661],[-90.47485,20.56661],[-90.47485,20.56662],[-90.47489,20.5666],[-90.47489,20.5666],[-90.47493,20.56658],[-90.47495,20.56658],[-90.47498,20.56658],[-90.475,20.56658],[-90.47503,20.56656],[-90.47505,20.56655],[-90.47508,20.56653],[-90.47508,20.56653],[-90.47509,20.56652],[-90.47511,20.5665],[-90.47512,20.56645],[-90.47515,20.56641],[-90.47515,20.56641],[-90.47516,20.5664],[-90.47519,20.56639],[-90.4752,20.56639],[-90.47523,20.56639],[-90.47525,20.56641],[-90.47526,20.56643],[-90.47526,20.56643],[-90.47527,20.56643],[-90.47527,20.56643],[-90.47528,20.56643],[-90.47529,20.56644],[-90.47529,20.56643],[-90.47531,20.56642],[-90.47531,20.56637],[-90.4753,20.56636],[-90.47529,20.56633],[-90.47528,20.5663],[-90.47533,20.56627],[-90.47533,20.56623],[-90.47533,20.56623],[-90.47533,20.56622],[-90.47533,20.56621],[-90.47533,20.56621],[-90.47535,20.56622],[-90.47536,20.56622],[-90.47538,20.56622],[-90.4754,20.56622],[-90.47541,20.56622],[-90.47541,20.56622],[-90.47542,20.56623],[-90.47543,20.56623],[-90.47544,20.56622],[-90.47545,20.56622],[-90.47546,20.56621],[-90.47546,20.56621],[-90.47547,20.56621],[-90.47547,20.56621],[-90.47547,20.56621],[-90.47549,20.56619],[-90.47553,20.56619],[-90.47553,20.56619],[-90.47554,20.56619],[-90.47554,20.56619],[-90.47555,20.56618],[-90.47558,20.56617],[-90.47561,20.56614],[-90.47564,20.56607],[-90.47569,20.56602],[-90.47571,20.56599],[-90.47572,20.56597],[-90.47573,20.56595],[-90.47573,20.56592],[-90.47573,20.56592],[-90.47573,20.5659],[-90.47578,20.5659],[-90.47579,20.5659],[-90.47579,20.5659],[-90.4758,20.5659],[-90.47582,20.56589],[-90.47582,20.56589],[-90.47582,20.56589],[-90.47583,20.56587],[-90.47583,20.56587],[-90.47584,20.56585],[-90.47586,20.56583],[-90.47587,20.56579],[-90.47589,20.56578],[-90.47589,20.56577],[-90.47589,20.56577],[-90.47593,20.56576],[-90.47593,20.56576],[-90.47594,20.56575],[-90.47595,20.56575],[-90.47596,20.56577],[-90.47596,20.56577],[-90.47596,20.56577],[-90.47597,20.56578],[-90.47597,20.56578],[-90.47598,20.56578],[-90.47601,20.56576],[-90.47601,20.56576],[-90.47603,20.56573],[-90.47606,20.5657],[-90.47608,20.56569],[-90.47609,20.56568],[-90.4761,20.56567],[-90.47613,20.56567],[-90.47615,20.56567],[-90.47615,20.56567],[-90.47616,20.56567],[-90.47618,20.56564],[-90.47619,20.56564],[-90.4762,20.56563],[-90.4762,20.56562],[-90.47621,20.56562],[-90.47623,20.56561],[-90.47624,20.56561],[-90.47628,20.56559],[-90.47628,20.56559],[-90.47634,20.56557],[-90.47634,20.56556],[-90.4764,20.56554],[-90.47642,20.56553],[-90.47643,20.56553],[-90.47645,20.56552],[-90.47649,20.56548],[-90.47659,20.56542],[-90.4766,20.56537],[-90.47664,20.56534],[-90.47668,20.56531],[-90.47669,20.5653],[-90.47669,20.5653],[-90.47671,20.56529],[-90.47671,20.56528],[-90.47672,20.56528],[-90.47672,20.56528],[-90.47674,20.56528],[-90.47675,20.56528],[-90.47675,20.56524],[-90.47676,20.5652],[-90.47674,20.56519],[-90.47674,20.56519],[-90.47672,20.56519],[-90.4767,20.56519],[-90.47669,20.5652],[-90.47669,20.56521],[-90.47669,20.56521],[-90.47668,20.56522],[-90.47666,20.56521],[-90.47666,20.56521],[-90.47665,20.56521],[-90.47665,20.56521],[-90.47663,20.5652],[-90.47661,20.56519],[-90.47658,20.56518],[-90.47656,20.56515],[-90.47653,20.56513],[-90.47653,20.56511],[-90.47654,20.56509],[-90.47654,20.56509],[-90.47656,20.56507],[-90.47656,20.56506],[-90.47654,20.56504],[-90.47653,20.565],[-90.47653,20.56498],[-90.47653,20.56497],[-90.47652,20.56493],[-90.47654,20.56491],[-90.47655,20.56491],[-90.47656,20.56489],[-90.47657,20.56489],[-90.47659,20.5649],[-90.47661,20.56493],[-90.47663,20.56497],[-90.47665,20.565],[-90.47665,20.565],[-90.47667,20.56502],[-90.4767,20.56503],[-90.4767,20.56503],[-90.47673,20.56504],[-90.47673,20.56506],[-90.47674,20.56507],[-90.47674,20.56508],[-90.47674,20.56508],[-90.47677,20.56507],[-90.47678,20.56503],[-90.4768,20.56501],[-90.47682,20.56497],[-90.47683,20.56496],[-90.47684,20.56494],[-90.47685,20.56493],[-90.47687,20.56489],[-90.47688,20.56488],[-90.47688,20.56487],[-90.47689,20.56487],[-90.47689,20.56487],[-90.47689,20.56487],[-90.4769,20.56487],[-90.47691,20.56488],[-90.47692,20.56486],[-90.47692,20.56486],[-90.47699,20.56482],[-90.47701,20.56481],[-90.47703,20.5648],[-90.47709,20.56477],[-90.47709,20.56476],[-90.47715,20.56472],[-90.47722,20.56467],[-90.47725,20.56461],[-90.47727,20.56453],[-90.47727,20.56449],[-90.47728,20.56445],[-90.47731,20.56442],[-90.47732,20.56442],[-90.47732,20.56442],[-90.47735,20.5644],[-90.47735,20.56436],[-90.47738,20.56433],[-90.47744,20.56429],[-90.47744,20.56425],[-90.47753,20.56416],[-90.47761,20.56405],[-90.47771,20.56395],[-90.47772,20.56394],[-90.47772,20.56394],[-90.47773,20.56393],[-90.47773,20.56392],[-90.47775,20.56393],[-90.47775,20.56393],[-90.47775,20.56393],[-90.47776,20.56394],[-90.47776,20.56394],[-90.47779,20.56394],[-90.47781,20.56394],[-90.47782,20.56393],[-90.47785,20.56391],[-90.47786,20.56386],[-90.47787,20.56383],[-90.4779,20.5638],[-90.47791,20.56378],[-90.47793,20.56375],[-90.47794,20.56374],[-90.47794,20.56374],[-90.47796,20.5637],[-90.47798,20.56367],[-90.47802,20.56359],[-90.47803,20.56355],[-90.47806,20.56351],[-90.4781,20.56349],[-90.4781,20.56349],[-90.47812,20.56347],[-90.47816,20.56347],[-90.47821,20.56347],[-90.47823,20.56346],[-90.47824,20.56346],[-90.47828,20.56342],[-90.4783,20.56335],[-90.47829,20.5633],[-90.47829,20.5633],[-90.4783,20.5633],[-90.47832,20.56329],[-90.47834,20.56328],[-90.47835,20.56331],[-90.47836,20.56333],[-90.47836,20.56333],[-90.47836,20.56333],[-90.47837,20.56333],[-90.47837,20.56333],[-90.47838,20.56333],[-90.47838,20.56333],[-90.47839,20.56333],[-90.47842,20.5633],[-90.47842,20.56329],[-90.47842,20.56328],[-90.47842,20.56326],[-90.47842,20.56326],[-90.47842,20.56324],[-90.47842,20.56323],[-90.47842,20.56323],[-90.47844,20.56322],[-90.47845,20.56322],[-90.47845,20.56322],[-90.47845,20.56321],[-90.47845,20.56319],[-90.47846,20.56315],[-90.47847,20.56314],[-90.47849,20.5631],[-90.47849,20.5631],[-90.47852,20.56309],[-90.47855,20.56307],[-90.47859,20.563],[-90.47859,20.56298],[-90.47857,20.56296],[-90.47857,20.56293],[-90.4786,20.56292],[-90.4786,20.5629],[-90.4786,20.56289],[-90.4786,20.56288],[-90.4786,20.56288],[-90.47859,20.56286],[-90.47859,20.56285],[-90.47862,20.56286],[-90.47863,20.56286],[-90.47863,20.56286],[-90.47864,20.56287],[-90.47865,20.56287],[-90.47869,20.56283],[-90.47872,20.5628],[-90.47873,20.56272],[-90.47873,20.56272],[-90.47873,20.56272],[-90.47875,20.56271],[-90.4788,20.5627],[-90.47884,20.5627],[-90.47887,20.5627],[-90.47887,20.5627],[-90.47888,20.5627],[-90.47888,20.5627],[-90.47889,20.5627],[-90.47889,20.5627],[-90.4789,20.5627],[-90.4789,20.5627],[-90.47891,20.56269],[-90.47893,20.56268],[-90.47893,20.56268],[-90.47894,20.56267],[-90.47896,20.56267],[-90.47899,20.56266],[-90.47901,20.56263],[-90.47901,20.56262],[-90.47902,20.56262],[-90.47907,20.5626],[-90.47908,20.5626],[-90.4791,20.56259],[-90.47911,20.56258],[-90.47917,20.56254],[-90.47919,20.56249],[-90.47921,20.56246],[-90.47923,20.56245],[-90.47924,20.56244],[-90.47927,20.56243],[-90.47929,20.56242],[-90.47932,20.56239],[-90.47932,20.56238],[-90.47932,20.56238],[-90.47932,20.56237],[-90.47932,20.56237],[-90.47932,20.56237],[-90.47932,20.56236],[-90.47932,20.56236],[-90.47932,20.56236],[-90.47932,20.56236],[-90.47933,20.56236],[-90.47933,20.56236],[-90.47934,20.56237],[-90.47934,20.56237],[-90.47935,20.56237],[-90.47938,20.56236],[-90.47939,20.56233],[-90.47939,20.56232],[-90.47939,20.56232],[-90.47938,20.56232],[-90.47938,20.56231],[-90.47938,20.56231],[-90.47938,20.56229],[-90.47938,20.56229],[-90.4794,20.56228],[-90.47941,20.56229],[-90.47941,20.56229],[-90.47941,20.5623],[-90.47941,20.5623],[-90.47942,20.5623],[-90.47943,20.56229],[-90.47944,20.56229],[-90.47945,20.56228],[-90.47945,20.56228],[-90.47945,20.56228],[-90.47945,20.56227],[-90.47945,20.56225],[-90.47948,20.56222],[-90.47948,20.56222],[-90.47951,20.56221],[-90.47953,20.56219],[-90.47956,20.56217],[-90.47957,20.56213],[-90.47957,20.56212],[-90.47959,20.56211],[-90.47962,20.5621],[-90.47964,20.56209],[-90.47967,20.56206],[-90.47968,20.56202],[-90.47966,20.56198],[-90.47965,20.56196],[-90.47965,20.56196],[-90.47965,20.56195],[-90.4797,20.56194],[-90.47971,20.56194],[-90.47972,20.56194],[-90.47977,20.5619],[-90.4798,20.56187],[-90.47981,20.56182],[-90.47981,20.56181],[-90.47981,20.56181],[-90.47984,20.56181],[-90.47984,20.56179],[-90.47981,20.56179],[-90.47979,20.56178],[-90.4798,20.56173],[-90.47982,20.56173],[-90.47983,20.56173],[-90.47983,20.56173],[-90.47983,20.56171],[-90.47983,20.56171],[-90.47986,20.56171],[-90.47987,20.56171],[-90.47988,20.56171],[-90.47988,20.56171],[-90.4799,20.56171],[-90.47991,20.56171],[-90.47991,20.5617],[-90.47991,20.56169],[-90.47992,20.56168],[-90.47994,20.56168],[-90.47994,20.56169],[-90.47994,20.56169],[-90.47995,20.5617],[-90.47995,20.5617],[-90.47996,20.5617],[-90.47996,20.5617],[-90.47998,20.56169],[-90.48001,20.56165],[-90.48003,20.56162],[-90.48004,20.56157],[-90.4801,20.56152],[-90.48009,20.56148],[-90.48007,20.56148],[-90.48006,20.56146],[-90.48006,20.56143],[-90.48006,20.56142],[-90.48006,20.56142],[-90.48006,20.56141],[-90.48007,20.56141],[-90.48008,20.5614],[-90.48008,20.5614],[-90.48009,20.5614],[-90.48009,20.5614],[-90.4801,20.5614],[-90.48011,20.56141],[-90.48013,20.56138],[-90.48014,20.56135],[-90.48014,20.56134],[-90.48017,20.56133],[-90.48018,20.56133],[-90.48022,20.5613],[-90.48022,20.56126],[-90.48024,20.56125],[-90.48024,20.56125],[-90.48024,20.56125],[-90.48023,20.5612],[-90.48023,20.56115],[-90.48024,20.5611],[-90.48023,20.56109],[-90.48023,20.56109],[-90.48023,20.56108],[-90.48023,20.56108],[-90.48022,20.56107],[-90.48019,20.56108],[-90.48019,20.56108],[-90.48019,20.56108],[-90.48016,20.56108],[-90.48016,20.56107],[-90.48016,20.56107],[-90.48016,20.56107],[-90.48017,20.56105],[-90.48017,20.56105],[-90.48023,20.56106],[-90.48024,20.56106],[-90.48025,20.56106],[-90.48026,20.56107],[-90.48026,20.56107],[-90.48027,20.56107],[-90.48028,20.56107],[-90.48031,20.56105],[-90.48032,20.56101],[-90.48033,20.56097],[-90.48032,20.56095],[-90.48031,20.56095],[-90.48031,20.56094],[-90.48033,20.56089],[-90.48036,20.56084],[-90.48037,20.56083],[-90.48037,20.56083],[-90.4804,20.56083],[-90.4804,20.56082],[-90.4804,20.56082],[-90.4804,20.56079],[-90.48039,20.56076],[-90.48036,20.56075],[-90.48035,20.56071],[-90.48035,20.56071],[-90.48035,20.5607],[-90.48036,20.56069],[-90.48039,20.56069],[-90.48044,20.56069],[-90.48044,20.56069],[-90.48046,20.56068],[-90.48048,20.56067],[-90.4805,20.56065],[-90.48052,20.56058],[-90.4805,20.56055],[-90.48051,20.56054],[-90.48051,20.56054],[-90.48052,20.56052],[-90.48052,20.56052],[-90.48054,20.56052],[-90.48056,20.56052],[-90.48058,20.56047],[-90.48059,20.56046],[-90.4806,20.56046],[-90.48061,20.56042],[-90.48061,20.56042],[-90.4806,20.56039],[-90.48061,20.56036],[-90.48061,20.56033],[-90.48061,20.56032],[-90.48061,20.56032],[-90.48061,20.56032],[-90.48062,20.56032],[-90.48063,20.56032],[-90.48066,20.56029],[-90.48068,20.56027],[-90.48068,20.56026],[-90.48071,20.56022],[-90.48071,20.5602],[-90.48072,20.56017],[-90.48076,20.56013],[-90.48077,20.56013],[-90.48077,20.56012],[-90.4808,20.56007],[-90.4808,20.56007],[-90.4808,20.56006],[-90.48082,20.56006],[-90.48082,20.56006],[-90.48083,20.56006],[-90.48083,20.56005],[-90.48086,20.56006],[-90.48088,20.56007],[-90.48089,20.56007],[-90.48089,20.56007],[-90.48091,20.56007],[-90.48091,20.56007],[-90.48091,20.56007],[-90.48092,20.56007],[-90.48093,20.56006],[-90.48094,20.56005],[-90.48095,20.56005],[-90.48096,20.56006],[-90.48096,20.56006],[-90.48097,20.56007],[-90.48097,20.56007],[-90.481,20.56005],[-90.48099,20.56004],[-90.48097,20.56],[-90.48095,20.55997],[-90.48098,20.55995],[-90.48101,20.55991],[-90.48103,20.55987],[-90.48106,20.55985],[-90.48108,20.55983],[-90.48113,20.5598],[-90.48114,20.55979],[-90.48114,20.55978],[-90.48114,20.55977],[-90.48114,20.55977],[-90.48116,20.55971],[-90.48118,20.55966],[-90.48122,20.55962],[-90.48122,20.55962],[-90.48122,20.55962],[-90.48124,20.5596],[-90.48128,20.55956],[-90.48127,20.55952],[-90.48127,20.55951],[-90.48126,20.5595],[-90.48126,20.55946],[-90.48126,20.55946],[-90.48123,20.55946],[-90.48121,20.55946],[-90.48121,20.55946],[-90.48121,20.55944],[-90.48122,20.55943],[-90.48122,20.55941],[-90.48122,20.55941],[-90.48122,20.5594],[-90.48123,20.55939],[-90.48124,20.55939],[-90.48125,20.55939],[-90.48127,20.55939],[-90.48127,20.55935],[-90.48127,20.55935],[-90.48128,20.55934],[-90.48129,20.55933],[-90.48131,20.55933],[-90.48131,20.55933],[-90.48132,20.55933],[-90.48134,20.55932],[-90.48137,20.55931],[-90.48137,20.55928],[-90.48137,20.55923],[-90.48137,20.55919],[-90.48138,20.55915],[-90.48139,20.55913],[-90.48139,20.55903],[-90.48139,20.55901],[-90.48139,20.55901],[-90.4814,20.559],[-90.48142,20.55899],[-90.48144,20.55899],[-90.48148,20.55896],[-90.48151,20.55893],[-90.48153,20.55891],[-90.48155,20.55886],[-90.48153,20.55885],[-90.48152,20.55885],[-90.48152,20.55883],[-90.48153,20.55882],[-90.48154,20.55881],[-90.48151,20.55879],[-90.4815,20.55874],[-90.48149,20.55873],[-90.48148,20.55872],[-90.48148,20.55872],[-90.48145,20.55872],[-90.48145,20.55872],[-90.48145,20.55872],[-90.48145,20.5587],[-90.48145,20.5587],[-90.48145,20.5587],[-90.48148,20.55868],[-90.48148,20.5586],[-90.48146,20.5586],[-90.48145,20.5586],[-90.48145,20.5586],[-90.48145,20.55859],[-90.48145,20.55859],[-90.48145,20.55857],[-90.48145,20.55857],[-90.48151,20.55858],[-90.48152,20.55858],[-90.48152,20.55858],[-90.48153,20.55858],[-90.48153,20.55858],[-90.48153,20.55858],[-90.48156,20.55856],[-90.48156,20.55853],[-90.48156,20.55849],[-90.48155,20.55848],[-90.48153,20.55847],[-90.48155,20.55843],[-90.48156,20.55842],[-90.48156,20.55842],[-90.48158,20.55841],[-90.48161,20.5584],[-90.48161,20.55835],[-90.48159,20.55831],[-90.48158,20.55827],[-90.48155,20.55826],[-90.48152,20.55824],[-90.48147,20.55823],[-90.48147,20.55823],[-90.48146,20.55823],[-90.48145,20.5582],[-90.48144,20.55821],[-90.48143,20.55822],[-90.48143,20.55823],[-90.48142,20.55823],[-90.48142,20.55823],[-90.48141,20.55823],[-90.48141,20.55823],[-90.48141,20.55823],[-90.48141,20.55822],[-90.48141,20.55822],[-90.4814,20.5582],[-90.4814,20.5582],[-90.48142,20.55819],[-90.48144,20.55818],[-90.48143,20.55816],[-90.48143,20.55814],[-90.4814,20.55813],[-90.4814,20.55813],[-90.48137,20.55811],[-90.48136,20.55811],[-90.48134,20.5581],[-90.48133,20.55806],[-90.4813,20.55804],[-90.48127,20.55799],[-90.48124,20.55793],[-90.48127,20.55791],[-90.48127,20.55791],[-90.4813,20.55789],[-90.4813,20.55789],[-90.48132,20.55789],[-90.48135,20.55792],[-90.48134,20.55795],[-90.48137,20.55797],[-90.48142,20.55803],[-90.48149,20.55803],[-90.48155,20.55803],[-90.48157,20.55803],[-90.48158,20.55802],[-90.4816,20.55802],[-90.48162,20.558],[-90.48162,20.558],[-90.48163,20.55799],[-90.48163,20.55798],[-90.48167,20.55799],[-90.48171,20.558],[-90.48175,20.55804],[-90.48176,20.55806],[-90.48177,20.55808],[-90.4818,20.5581],[-90.48181,20.5581],[-90.48183,20.5581],[-90.48185,20.55809],[-90.48187,20.5581],[-90.48187,20.5581],[-90.48188,20.5581],[-90.4819,20.5581],[-90.4819,20.5581],[-90.48192,20.5581],[-90.48193,20.55811],[-90.48194,20.55811],[-90.48194,20.55811],[-90.48195,20.55811],[-90.48197,20.55812],[-90.48198,20.55806],[-90.48199,20.55805],[-90.48201,20.55803],[-90.48202,20.55802],[-90.48204,20.55796],[-90.48205,20.55793],[-90.48205,20.55792],[-90.48205,20.55791],[-90.48208,20.55788],[-90.48211,20.55785],[-90.48212,20.55781],[-90.48214,20.55779],[-90.48214,20.55779],[-90.48215,20.55774],[-90.48216,20.55766],[-90.48217,20.55765],[-90.4822,20.55761],[-90.48223,20.55757],[-90.48223,20.55753],[-90.48223,20.55752],[-90.48223,20.55749],[-90.48224,20.55745],[-90.48223,20.55739],[-90.48223,20.55738],[-90.48223,20.55737],[-90.48223,20.55737],[-90.48226,20.55736],[-90.48227,20.55733],[-90.48227,20.5573],[-90.48229,20.55727],[-90.48227,20.55724],[-90.48227,20.55723],[-90.48227,20.55723],[-90.48232,20.55722],[-90.48234,20.55721],[-90.48236,20.55721],[-90.48236,20.55721],[-90.48236,20.55721],[-90.48238,20.5572],[-90.48239,20.5572],[-90.4824,20.55713],[-90.4824,20.55712],[-90.48241,20.55711],[-90.48242,20.55708],[-90.48241,20.55705],[-90.4824,20.55704],[-90.48236,20.55701],[-90.48236,20.557],[-90.48234,20.55698],[-90.48233,20.55698],[-90.48231,20.55695],[-90.48227,20.55688],[-90.48223,20.55686],[-90.48223,20.55675],[-90.48218,20.55675],[-90.48219,20.55674],[-90.48219,20.55674],[-90.48219,20.55673],[-90.48221,20.55672],[-90.48223,20.55672],[-90.48224,20.55672],[-90.48229,20.55669],[-90.48233,20.55666],[-90.48234,20.55664],[-90.48235,20.55662],[-90.48235,20.55662],[-90.48233,20.55658],[-90.48233,20.55657],[-90.48231,20.55656],[-90.48228,20.55655],[-90.48225,20.5565],[-90.48222,20.55646],[-90.48222,20.55641],[-90.4822,20.55636],[-90.48217,20.55635],[-90.48215,20.5563],[-90.48216,20.55627],[-90.48215,20.55623],[-90.48213,20.5562],[-90.48211,20.55614],[-90.48212,20.55611],[-90.48212,20.55611],[-90.48213,20.55609],[-90.48213,20.55609],[-90.48214,20.55609],[-90.48216,20.5561],[-90.48216,20.5561],[-90.48222,20.55607],[-90.48223,20.55606],[-90.48224,20.55606],[-90.48225,20.55605],[-90.48227,20.55605],[-90.4823,20.55601],[-90.4823,20.556],[-90.4823,20.556],[-90.48231,20.5559],[-90.48228,20.5559],[-90.48227,20.5559],[-90.48226,20.5559],[-90.48226,20.5559],[-90.48226,20.55589],[-90.48227,20.55587],[-90.48227,20.55587],[-90.48227,20.55587],[-90.48227,20.55582],[-90.48226,20.55582],[-90.48221,20.55581],[-90.4822,20.55579],[-90.48221,20.55578],[-90.48221,20.55576],[-90.48222,20.55575],[-90.48222,20.55575],[-90.48222,20.55575],[-90.48224,20.55576],[-90.48227,20.55568],[-90.48227,20.55565],[-90.48228,20.55564],[-90.4823,20.55554],[-90.48227,20.5555],[-90.48225,20.55545],[-90.48219,20.55541],[-90.48218,20.55541],[-90.48215,20.55539],[-90.48214,20.55539],[-90.48214,20.55539],[-90.48215,20.55537],[-90.48216,20.55535],[-90.48217,20.55532],[-90.48217,20.55526],[-90.48218,20.55521],[-90.48213,20.55518],[-90.48212,20.55514],[-90.48212,20.55509],[-90.48212,20.55508],[-90.48212,20.55508],[-90.48216,20.55507],[-90.48215,20.55504],[-90.4821,20.55501],[-90.48207,20.55498],[-90.48204,20.55495],[-90.48204,20.55495],[-90.48201,20.55494],[-90.48201,20.55491],[-90.48203,20.5549],[-90.48203,20.55487],[-90.48202,20.55483],[-90.48202,20.55481],[-90.48202,20.5548],[-90.48203,20.5548],[-90.48203,20.5548],[-90.48205,20.55479],[-90.48205,20.55479],[-90.48205,20.55474],[-90.48206,20.5547],[-90.48207,20.55466],[-90.4821,20.55463],[-90.4821,20.5546],[-90.48205,20.55458],[-90.48203,20.55458],[-90.48196,20.55459],[-90.48195,20.55459],[-90.48195,20.55458],[-90.48195,20.55458],[-90.48194,20.55456],[-90.48194,20.55456],[-90.48194,20.55454],[-90.48194,20.55449],[-90.48194,20.55433],[-90.48194,20.55433],[-90.48194,20.55431],[-90.48196,20.55432],[-90.48199,20.55432],[-90.48201,20.55433],[-90.48207,20.55434],[-90.48208,20.55434],[-90.48208,20.55435],[-90.48213,20.55435],[-90.48214,20.55434],[-90.48216,20.55434],[-90.48218,20.55434],[-90.48224,20.55436],[-90.48226,20.55438],[-90.4823,20.5544],[-90.4823,20.5544],[-90.48233,20.5544],[-90.48234,20.5544],[-90.48234,20.5544],[-90.48239,20.55438],[-90.4824,20.55437],[-90.48239,20.55436],[-90.48239,20.55431],[-90.48242,20.55429],[-90.48243,20.55428],[-90.48243,20.55428],[-90.48243,20.55428],[-90.48243,20.55426],[-90.48243,20.55425],[-90.48244,20.55425],[-90.48244,20.55425],[-90.48246,20.55425],[-90.48248,20.5542],[-90.48246,20.55417],[-90.48245,20.55415],[-90.48246,20.55408],[-90.48246,20.55405],[-90.48246,20.55404],[-90.48244,20.55399],[-90.48239,20.55398],[-90.48239,20.55397],[-90.48239,20.55396],[-90.48239,20.55395],[-90.48239,20.55395],[-90.48241,20.55395],[-90.48244,20.55395],[-90.48243,20.5539],[-90.48245,20.55381],[-90.48244,20.55379],[-90.48246,20.55379],[-90.48246,20.55375],[-90.48242,20.55375],[-90.48243,20.55374],[-90.48243,20.55374],[-90.48244,20.55373],[-90.4825,20.55373],[-90.4825,20.55373],[-90.48251,20.55373],[-90.48253,20.55372],[-90.48254,20.55371],[-90.48254,20.55371],[-90.48254,20.5537],[-90.48257,20.55369],[-90.48257,20.55369],[-90.48258,20.55369],[-90.48258,20.55369],[-90.48261,20.55368],[-90.48261,20.55366],[-90.48261,20.55365],[-90.48261,20.55364],[-90.48261,20.55364],[-90.48261,20.55363],[-90.48261,20.55363],[-90.48262,20.55362],[-90.48262,20.55362],[-90.48263,20.55362],[-90.48264,20.55362],[-90.48265,20.55362],[-90.48265,20.5536],[-90.48265,20.55359],[-90.48266,20.55353],[-90.48271,20.55349],[-90.48272,20.55348],[-90.48275,20.55346],[-90.48276,20.55346],[-90.48277,20.55346],[-90.48279,20.55345],[-90.48282,20.55339],[-90.48283,20.55337],[-90.48284,20.55335],[-90.48288,20.55328],[-90.48288,20.55327],[-90.48286,20.55319],[-90.48285,20.55319],[-90.48285,20.55319],[-90.48287,20.55318],[-90.4829,20.55317],[-90.4829,20.55317],[-90.48295,20.55314],[-90.48298,20.55308],[-90.48302,20.55304],[-90.48302,20.55304],[-90.48303,20.55302],[-90.48303,20.55302],[-90.48307,20.55303],[-90.48308,20.55303],[-90.48309,20.55303],[-90.48309,20.55303],[-90.4831,20.55303],[-90.48312,20.55303],[-90.48312,20.55303],[-90.48313,20.55302],[-90.48313,20.55301],[-90.48313,20.553],[-90.48314,20.55297],[-90.48314,20.55295],[-90.48318,20.55292],[-90.48322,20.55288],[-90.48322,20.5528],[-90.48325,20.55274],[-90.48325,20.55274],[-90.48326,20.55273],[-90.48327,20.55272],[-90.48333,20.55274],[-90.48334,20.55274],[-90.48336,20.55274],[-90.48336,20.55274],[-90.48338,20.55273],[-90.48339,20.55273],[-90.48341,20.55272],[-90.48343,20.55271],[-90.48344,20.55271],[-90.48344,20.5527],[-90.48345,20.55266],[-90.4835,20.55263],[-90.48348,20.55259],[-90.48352,20.55256],[-90.48353,20.55256],[-90.48354,20.55255],[-90.48356,20.55254],[-90.48359,20.55258],[-90.48359,20.55258],[-90.4836,20.55258],[-90.4836,20.55258],[-90.48362,20.55258],[-90.48365,20.55252],[-90.48368,20.55249],[-90.4837,20.55243],[-90.4837,20.55243],[-90.48372,20.55243],[-90.48373,20.55242],[-90.48374,20.55241],[-90.48375,20.55241],[-90.4838,20.55237],[-90.4838,20.55231],[-90.48378,20.5523],[-90.48377,20.55229],[-90.48375,20.55228],[-90.48375,20.55228],[-90.48378,20.55226],[-90.48379,20.55226],[-90.48379,20.55225],[-90.48382,20.55224],[-90.48381,20.55221],[-90.4838,20.55219],[-90.48379,20.55218],[-90.4838,20.55215],[-90.4838,20.55214],[-90.48381,20.55213],[-90.48381,20.55212],[-90.48381,20.55212],[-90.48382,20.55213],[-90.48383,20.55213],[-90.48383,20.55213],[-90.48384,20.55213],[-90.48386,20.55213],[-90.48388,20.55207],[-90.48383,20.55205],[-90.48386,20.55199],[-90.48386,20.55193],[-90.48379,20.55184],[-90.48377,20.5518],[-90.48377,20.55179],[-90.48375,20.55178],[-90.48371,20.55173],[-90.48372,20.55169],[-90.48378,20.55165],[-90.48382,20.55161],[-90.4838,20.55153],[-90.48384,20.55149],[-90.48391,20.55144],[-90.48391,20.55144],[-90.48393,20.55143],[-90.48398,20.55142],[-90.48404,20.55141],[-90.48407,20.5514],[-90.48408,20.5514],[-90.48409,20.5514],[-90.4841,20.55139],[-90.48411,20.55139],[-90.48415,20.5513],[-90.48411,20.5512],[-90.4841,20.55118],[-90.48409,20.55117],[-90.48407,20.55117],[-90.48405,20.55116],[-90.48405,20.55105],[-90.48404,20.55093],[-90.48404,20.55092],[-90.48404,20.55092],[-90.48404,20.5509],[-90.48405,20.5509],[-90.48407,20.5509],[-90.48408,20.5509],[-90.48409,20.5509],[-90.48412,20.5509],[-90.48412,20.55078],[-90.48407,20.55077],[-90.48405,20.55076],[-90.48405,20.55076],[-90.48405,20.55076],[-90.48405,20.55073],[-90.48405,20.5507],[-90.48405,20.55067],[-90.48405,20.55066],[-90.48405,20.55066],[-90.48406,20.55066],[-90.48408,20.55065],[-90.48408,20.55061],[-90.48406,20.55061],[-90.48406,20.55061],[-90.48405,20.55061],[-90.48405,20.55061],[-90.48405,20.55058],[-90.48405,20.55058],[-90.48405,20.55057],[-90.48409,20.55056],[-90.48412,20.55055],[-90.48412,20.55054],[-90.48413,20.55051],[-90.48412,20.5505],[-90.48405,20.55047],[-90.48405,20.55047],[-90.48405,20.55047],[-90.48405,20.55042],[-90.48407,20.55037],[-90.48403,20.55035],[-90.48402,20.55031],[-90.48408,20.55027],[-90.48408,20.55022],[-90.48408,20.5502],[-90.48408,20.5502],[-90.48408,20.5502],[-90.48408,20.55018],[-90.48408,20.55017],[-90.48413,20.55018],[-90.48415,20.55019],[-90.48415,20.55019],[-90.48416,20.55019],[-90.48417,20.55019],[-90.48417,20.55019],[-90.48418,20.55018],[-90.48422,20.55014],[-90.48425,20.55007],[-90.48424,20.54998],[-90.48424,20.54996],[-90.48423,20.54993],[-90.48423,20.54992],[-90.48423,20.54992],[-90.48423,20.54992],[-90.48424,20.54992],[-90.48424,20.54992],[-90.48428,20.54991],[-90.48427,20.54985],[-90.48429,20.54979],[-90.48428,20.54974],[-90.48428,20.54974],[-90.48427,20.54973],[-90.48426,20.54971],[-90.48425,20.54971],[-90.48421,20.54967],[-90.48421,20.54966],[-90.48422,20.54966],[-90.48422,20.54965],[-90.48422,20.54963],[-90.48423,20.54962],[-90.48424,20.54962],[-90.48424,20.54962],[-90.48426,20.54964],[-90.48428,20.54953],[-90.48425,20.54939],[-90.48426,20.54932],[-90.48431,20.54918],[-90.48437,20.54908],[-90.48441,20.54899],[-90.48444,20.54891],[-90.48444,20.54888],[-90.48447,20.54885],[-90.48448,20.54883],[-90.48449,20.54882],[-90.48449,20.54877],[-90.48449,20.54875],[-90.4845,20.54869],[-90.4845,20.54865],[-90.48451,20.54848],[-90.48448,20.5484],[-90.48456,20.54834],[-90.48461,20.54826],[-90.48464,20.54822],[-90.48467,20.54807],[-90.48469,20.54801],[-90.48469,20.54794],[-90.48469,20.54792],[-90.4847,20.54791],[-90.48472,20.54786],[-90.48474,20.54771],[-90.48474,20.54759],[-90.48474,20.54759],[-90.4848,20.54744],[-90.48481,20.54743],[-90.48482,20.54742],[-90.48488,20.54735],[-90.48488,20.54733],[-90.48489,20.54731],[-90.4849,20.54728],[-90.48493,20.54724],[-90.48494,20.54724],[-90.48496,20.54721],[-90.48496,20.5472],[-90.48497,20.54709],[-90.48497,20.54708],[-90.48498,20.54708],[-90.48501,20.54701],[-90.48501,20.54696],[-90.48501,20.5469],[-90.48497,20.54686],[-90.48497,20.54677],[-90.485,20.54669],[-90.48494,20.54662],[-90.48494,20.54659],[-90.48494,20.54657],[-90.48494,20.54654],[-90.48494,20.54653],[-90.48498,20.54652],[-90.48499,20.54651],[-90.48506,20.54649],[-90.48508,20.54648],[-90.48511,20.54647],[-90.48514,20.54638],[-90.48515,20.54622],[-90.48515,20.54622],[-90.48516,20.54621],[-90.48517,20.5462],[-90.48518,20.5462],[-90.48519,20.54619],[-90.48519,20.54619],[-90.48519,20.54619],[-90.48519,20.54619],[-90.48518,20.54619],[-90.48519,20.54619],[-90.48521,20.54618],[-90.48522,20.54618],[-90.48522,20.54618],[-90.48525,20.54617],[-90.48528,20.54608],[-90.48526,20.54603],[-90.48524,20.54598],[-90.48526,20.5459],[-90.4853,20.54582],[-90.48527,20.54577],[-90.48526,20.54577],[-90.48528,20.54572],[-90.48528,20.54569],[-90.48528,20.54569],[-90.48528,20.54567],[-90.48528,20.54567],[-90.4853,20.54567],[-90.48534,20.54568],[-90.48535,20.54568],[-90.48535,20.54568],[-90.48538,20.54568],[-90.4854,20.54562],[-90.4854,20.54555],[-90.4854,20.54554],[-90.4854,20.54553],[-90.4854,20.54546],[-90.48541,20.54545],[-90.48541,20.54544],[-90.48541,20.54543],[-90.48544,20.54544],[-90.48547,20.54547],[-90.48547,20.54548],[-90.48549,20.54547],[-90.48551,20.54547],[-90.48552,20.54547],[-90.48553,20.54546],[-90.48555,20.54544],[-90.48557,20.54543],[-90.48563,20.54538],[-90.48568,20.54533],[-90.48568,20.54532],[-90.48568,20.54532],[-90.48567,20.54526],[-90.48574,20.54518],[-90.48576,20.54515],[-90.48579,20.54511],[-90.48582,20.54508],[-90.48582,20.54506],[-90.48581,20.54504],[-90.48581,20.54501],[-90.48581,20.545],[-90.48581,20.54499],[-90.48582,20.54499],[-90.48583,20.54499],[-90.48584,20.54499],[-90.48585,20.54499],[-90.48586,20.54499],[-90.48586,20.54496],[-90.48587,20.54491],[-90.4859,20.5448],[-90.4859,20.54476],[-90.4859,20.54471],[-90.48592,20.54467],[-90.48596,20.5446],[-90.48596,20.5446],[-90.48596,20.54459],[-90.48597,20.54452],[-90.48597,20.54452],[-90.48592,20.54443],[-90.48592,20.54443],[-90.48592,20.54443],[-90.48593,20.54441],[-90.48593,20.54439],[-90.48596,20.54441],[-90.48596,20.54442],[-90.486,20.54441],[-90.48601,20.54441],[-90.48601,20.54441],[-90.48602,20.5444],[-90.48604,20.5444],[-90.48604,20.54436],[-90.48604,20.54435],[-90.48604,20.54432],[-90.48604,20.54429],[-90.48603,20.54429],[-90.48601,20.54429],[-90.486,20.54429],[-90.48597,20.54429],[-90.48591,20.54431],[-90.48588,20.54432],[-90.48582,20.54433],[-90.48571,20.54435],[-90.48569,20.54435],[-90.48559,20.54434],[-90.48553,20.5443],[-90.48544,20.54424],[-90.48536,20.54419],[-90.48536,20.54415],[-90.48533,20.54413],[-90.48527,20.54409],[-90.48526,20.54403],[-90.48521,20.54402],[-90.4852,20.54399],[-90.48522,20.54395],[-90.48522,20.54393],[-90.48526,20.54381],[-90.48526,20.54381],[-90.48526,20.54379],[-90.48526,20.54379],[-90.48534,20.54381],[-90.48538,20.54384],[-90.48542,20.54388],[-90.48552,20.54396],[-90.48561,20.54401],[-90.48571,20.54406],[-90.48571,20.54406],[-90.48583,20.54406],[-90.48585,20.54406],[-90.48585,20.54406],[-90.48589,20.54403],[-90.48591,20.54402],[-90.48591,20.54402],[-90.48596,20.54393],[-90.48596,20.54393],[-90.48599,20.54382],[-90.48603,20.54372],[-90.48607,20.54364],[-90.4861,20.54354],[-90.48612,20.54345],[-90.48612,20.54344],[-90.48612,20.54343],[-90.48611,20.5434],[-90.48613,20.54334],[-90.4861,20.54325],[-90.48601,20.54321],[-90.48595,20.54319],[-90.48582,20.5431],[-90.48573,20.54297],[-90.48569,20.54288],[-90.48564,20.54272],[-90.48564,20.54255],[-90.48563,20.54244],[-90.48566,20.5423],[-90.48567,20.54229],[-90.48568,20.54228],[-90.48571,20.54219],[-90.48573,20.54209],[-90.48573,20.54209],[-90.48576,20.54207],[-90.48579,20.54206],[-90.48582,20.54201],[-90.48583,20.54201],[-90.48583,20.542],[-90.48583,20.542],[-90.48583,20.542],[-90.48594,20.54196],[-90.48602,20.54194],[-90.48603,20.54194],[-90.48607,20.54195],[-90.48612,20.54197],[-90.48613,20.54198],[-90.48625,20.54196],[-90.48625,20.54196],[-90.48628,20.54195],[-90.4863,20.54195],[-90.4863,20.54195],[-90.48637,20.54191],[-90.48639,20.5419],[-90.4864,20.54189],[-90.48641,20.54189],[-90.48642,20.54189],[-90.48645,20.54188],[-90.48645,20.54187],[-90.48646,20.54179],[-90.48654,20.54169],[-90.48661,20.54162],[-90.48662,20.54162],[-90.48662,20.54161],[-90.48663,20.54161],[-90.48664,20.54161],[-90.48667,20.5416],[-90.4867,20.54154],[-90.4867,20.54154],[-90.48672,20.5415],[-90.48674,20.54141],[-90.48679,20.54138],[-90.48689,20.54128],[-90.48693,20.54123],[-90.48695,20.54121],[-90.48695,20.54121],[-90.48699,20.54114],[-90.48697,20.5411],[-90.48696,20.54108],[-90.48695,20.54106],[-90.48695,20.54106],[-90.48696,20.54106],[-90.48697,20.54105],[-90.48698,20.54105],[-90.487,20.54104],[-90.48697,20.54088],[-90.48693,20.54086],[-90.48691,20.54086],[-90.48688,20.54086],[-90.48686,20.54086],[-90.48685,20.54086],[-90.48685,20.54086],[-90.48683,20.54082],[-90.48683,20.54082],[-90.48684,20.54079],[-90.48686,20.54077],[-90.4869,20.54073],[-90.48686,20.54068],[-90.48684,20.54069],[-90.48679,20.5407],[-90.48677,20.54071],[-90.48672,20.54073],[-90.48672,20.54073],[-90.48671,20.54073],[-90.48663,20.54068],[-90.48655,20.54061],[-90.48648,20.54058],[-90.48646,20.54057],[-90.48643,20.54055],[-90.48643,20.54049],[-90.48643,20.54049],[-90.48643,20.54047],[-90.48643,20.54047],[-90.48653,20.54048],[-90.48656,20.54048],[-90.4867,20.54047],[-90.48672,20.54047],[-90.48673,20.54046],[-90.48674,20.54045],[-90.48676,20.54044],[-90.48677,20.54043],[-90.48679,20.54043],[-90.4868,20.54042],[-90.48682,20.54041],[-90.48685,20.54033],[-90.48686,20.54031],[-90.48686,20.54029],[-90.4869,20.54024],[-90.48693,20.5402],[-90.48694,20.54019],[-90.48694,20.54017],[-90.48693,20.54013],[-90.48693,20.5401],[-90.48693,20.54009],[-90.48694,20.54008],[-90.48695,20.54005],[-90.48695,20.54004],[-90.48695,20.5399],[-90.48694,20.53981],[-90.48694,20.53979],[-90.48695,20.53979],[-90.48695,20.53979],[-90.48697,20.53978],[-90.48701,20.53975],[-90.48704,20.5397],[-90.48704,20.5397],[-90.48706,20.53965],[-90.48706,20.53964],[-90.48708,20.53958],[-90.4871,20.53954],[-90.48712,20.53952],[-90.48714,20.53947],[-90.48715,20.53942],[-90.48717,20.53941],[-90.48718,20.5394],[-90.48718,20.5394],[-90.48721,20.53939],[-90.48721,20.53938],[-90.48721,20.53938],[-90.48722,20.53937],[-90.48722,20.53937],[-90.48722,20.53932],[-90.48722,20.53932],[-90.48722,20.53931],[-90.48724,20.5393],[-90.48726,20.5393],[-90.48726,20.5393],[-90.48727,20.5393],[-90.48729,20.5393],[-90.48731,20.53927],[-90.48732,20.53926],[-90.48734,20.53925],[-90.48734,20.53925],[-90.48736,20.53924],[-90.48737,20.53924],[-90.48738,20.53924],[-90.48739,20.53923],[-90.4874,20.53923],[-90.48743,20.53921],[-90.48743,20.53918],[-90.48746,20.53915],[-90.48746,20.5391],[-90.48746,20.5391],[-90.48746,20.53908],[-90.48746,20.53907],[-90.48746,20.53906],[-90.48743,20.53904],[-90.48743,20.53901],[-90.48743,20.53901],[-90.48742,20.539],[-90.48757,20.539],[-90.48759,20.539],[-90.4876,20.539],[-90.4876,20.539],[-90.48761,20.539],[-90.48762,20.539],[-90.48762,20.53899],[-90.48762,20.53897],[-90.48762,20.53897],[-90.48764,20.53897],[-90.48764,20.53897],[-90.48765,20.53899],[-90.48768,20.53899],[-90.48768,20.53899],[-90.48769,20.539],[-90.4877,20.539],[-90.48771,20.539],[-90.48771,20.53899],[-90.48774,20.53898],[-90.48776,20.53896],[-90.48777,20.53893],[-90.48778,20.53891],[-90.48781,20.53889],[-90.48781,20.53885],[-90.48781,20.53885],[-90.4878,20.53884],[-90.4878,20.53882],[-90.4878,20.5388],[-90.4878,20.53875],[-90.48779,20.53875],[-90.48779,20.53874],[-90.4878,20.53874],[-90.48781,20.53874],[-90.48783,20.53874],[-90.48784,20.53873],[-90.48784,20.53873],[-90.48784,20.53873],[-90.48785,20.5387],[-90.48787,20.53868],[-90.48787,20.53868],[-90.48788,20.53865],[-90.48788,20.53865],[-90.48788,20.53863],[-90.48788,20.53862],[-90.4879,20.53858],[-90.4879,20.53857],[-90.48791,20.53856],[-90.48791,20.53855],[-90.48791,20.53855],[-90.48792,20.53855],[-90.48793,20.53855],[-90.48793,20.53855],[-90.48793,20.53855],[-90.48795,20.53854],[-90.48797,20.53848],[-90.48798,20.53841],[-90.48799,20.53838],[-90.48799,20.53835],[-90.488,20.53835],[-90.488,20.53834],[-90.488,20.53833],[-90.488,20.53833],[-90.48803,20.53834],[-90.48802,20.53831],[-90.48799,20.5383],[-90.48799,20.53827],[-90.48801,20.53828],[-90.48801,20.53826],[-90.488,20.53823],[-90.48801,20.53818],[-90.48804,20.5381],[-90.48806,20.53806],[-90.48809,20.53803],[-90.4881,20.53802],[-90.48811,20.53801],[-90.48811,20.53801],[-90.4881,20.53799],[-90.48812,20.5379],[-90.48812,20.5379],[-90.48812,20.53788],[-90.48814,20.53788],[-90.48817,20.53788],[-90.48819,20.53788],[-90.48819,20.53789],[-90.4882,20.53791],[-90.4882,20.53791],[-90.48822,20.53791],[-90.48822,20.53791],[-90.48824,20.53791],[-90.48826,20.53791],[-90.48827,20.53791],[-90.48827,20.5379],[-90.48827,20.53785],[-90.48827,20.53784],[-90.48829,20.53783],[-90.48829,20.53783],[-90.48831,20.53782],[-90.48831,20.53782],[-90.48833,20.5378],[-90.48833,20.5378],[-90.48835,20.53778],[-90.48835,20.53776],[-90.48835,20.53775],[-90.48836,20.53775],[-90.48838,20.53774],[-90.48839,20.53771],[-90.48839,20.53771],[-90.4884,20.5377],[-90.48841,20.5377],[-90.48842,20.5377],[-90.48845,20.53769],[-90.48846,20.53761],[-90.48845,20.53761],[-90.48844,20.53761],[-90.48843,20.53761],[-90.48843,20.53761],[-90.48843,20.53759],[-90.48843,20.53758],[-90.48844,20.53758],[-90.48844,20.53758],[-90.48845,20.53758],[-90.48846,20.53757],[-90.48847,20.53757],[-90.48847,20.53756],[-90.48847,20.53755],[-90.48846,20.53754],[-90.48846,20.53754],[-90.48846,20.53752],[-90.48848,20.53752],[-90.48849,20.53752],[-90.48849,20.53752],[-90.4885,20.53752],[-90.4885,20.53752],[-90.48852,20.53752],[-90.48853,20.53751],[-90.48853,20.53749],[-90.48853,20.53747],[-90.48852,20.53747],[-90.48851,20.53747],[-90.48851,20.53747],[-90.48851,20.53745],[-90.48853,20.53744],[-90.48853,20.53744],[-90.48853,20.53743],[-90.48853,20.53741],[-90.48855,20.5374],[-90.48855,20.53734],[-90.48856,20.53733],[-90.48856,20.53729],[-90.48856,20.53729],[-90.48857,20.53727],[-90.48859,20.53727],[-90.4886,20.53727],[-90.4886,20.53727],[-90.48863,20.53726],[-90.48865,20.53722],[-90.48865,20.53722],[-90.48868,20.5372],[-90.4887,20.53719],[-90.4887,20.53719],[-90.48872,20.53718],[-90.48873,20.53718],[-90.48874,20.53717],[-90.48875,20.53715],[-90.48875,20.53713],[-90.48875,20.53712],[-90.48875,20.53712],[-90.48876,20.53707],[-90.48879,20.53704],[-90.48881,20.537],[-90.48881,20.537],[-90.48881,20.537],[-90.48882,20.53699],[-90.48883,20.53699],[-90.48884,20.53699],[-90.48885,20.53698],[-90.48885,20.53696],[-90.48884,20.53694],[-90.48882,20.53691],[-90.48882,20.53689],[-90.48881,20.53687],[-90.48881,20.53687],[-90.48879,20.53687],[-90.48879,20.53687],[-90.48875,20.53687],[-90.48875,20.53686],[-90.48875,20.53684],[-90.48873,20.53678],[-90.48874,20.53677],[-90.48874,20.53676],[-90.48875,20.53675],[-90.48879,20.53675],[-90.48881,20.53674],[-90.48883,20.53674],[-90.48884,20.53673],[-90.48885,20.53673],[-90.48886,20.53673],[-90.48887,20.53672],[-90.48887,20.53672],[-90.48887,20.53672],[-90.48887,20.53672],[-90.48887,20.53666],[-90.48883,20.53665],[-90.48883,20.53661],[-90.48884,20.53657],[-90.48884,20.53657],[-90.48885,20.53655],[-90.48885,20.53655],[-90.48888,20.53656],[-90.4889,20.53657],[-90.48891,20.53657],[-90.48892,20.53657],[-90.48893,20.53656],[-90.48896,20.53656],[-90.48898,20.53652],[-90.489,20.53649],[-90.489,20.53649],[-90.48901,20.53648],[-90.48903,20.53647],[-90.48905,20.53647],[-90.48907,20.53646],[-90.48909,20.53645],[-90.48909,20.53645],[-90.48909,20.53645],[-90.4891,20.53645],[-90.4891,20.53641],[-90.48912,20.53639],[-90.48912,20.53639],[-90.48913,20.53636],[-90.48914,20.53636],[-90.48914,20.53636],[-90.48914,20.5363],[-90.48914,20.53629],[-90.48914,20.53628],[-90.48914,20.53626],[-90.48914,20.53626],[-90.48915,20.53625],[-90.48915,20.5362],[-90.48915,20.5362],[-90.48916,20.53613],[-90.48916,20.53612],[-90.48916,20.53612],[-90.48916,20.53612],[-90.48917,20.53612],[-90.48918,20.53612],[-90.48919,20.53612],[-90.48921,20.53611],[-90.4892,20.53606],[-90.4892,20.53603],[-90.48919,20.53601],[-90.48918,20.53601],[-90.48917,20.536],[-90.48916,20.53599],[-90.48916,20.53598],[-90.48916,20.53598],[-90.48916,20.53597],[-90.48917,20.53597],[-90.48917,20.53597],[-90.48918,20.53597],[-90.48919,20.53597],[-90.48919,20.53597],[-90.4892,20.53596],[-90.48922,20.53594],[-90.48924,20.5359],[-90.48925,20.53583],[-90.48925,20.53578],[-90.48921,20.53577],[-90.48922,20.53575],[-90.48922,20.5357],[-90.48924,20.5357],[-90.48924,20.53562],[-90.48921,20.53562],[-90.48921,20.53562],[-90.48921,20.53562],[-90.48921,20.53562],[-90.4892,20.5356],[-90.48919,20.5356],[-90.48918,20.5356],[-90.48917,20.5356],[-90.48917,20.5356],[-90.48917,20.53559],[-90.48917,20.53558],[-90.48918,20.53557],[-90.48919,20.53557],[-90.4892,20.53557],[-90.48921,20.53556],[-90.48922,20.53554],[-90.48925,20.53552],[-90.48928,20.5355],[-90.4893,20.53546],[-90.4893,20.53543],[-90.48927,20.53538],[-90.48922,20.53536],[-90.48921,20.53536],[-90.48913,20.53537],[-90.48906,20.53537],[-90.48904,20.53537],[-90.48904,20.53537],[-90.48903,20.53537],[-90.48899,20.53536],[-90.489,20.53529],[-90.489,20.53529],[-90.489,20.53528],[-90.48907,20.53526],[-90.48908,20.53526],[-90.48912,20.53528],[-90.48914,20.53528],[-90.48915,20.53528],[-90.48915,20.53528],[-90.48916,20.53528],[-90.48916,20.53528],[-90.48916,20.53528],[-90.48917,20.53528],[-90.4892,20.53526],[-90.4892,20.53526],[-90.48925,20.5352],[-90.48925,20.5352],[-90.48926,20.53519],[-90.48927,20.53519],[-90.48929,20.53517],[-90.4893,20.53521],[-90.48931,20.53521],[-90.48931,20.53522],[-90.48932,20.53523],[-90.48932,20.53523],[-90.48934,20.53523],[-90.48934,20.53524],[-90.48937,20.53522],[-90.48935,20.53518],[-90.48935,20.53518],[-90.48934,20.53516],[-90.48936,20.53513],[-90.48936,20.53513],[-90.48936,20.53513],[-90.48937,20.53512],[-90.4894,20.53512],[-90.48941,20.53512],[-90.48941,20.53512],[-90.48946,20.53511],[-90.48947,20.53511],[-90.48949,20.53511],[-90.48951,20.53508],[-90.48951,20.53507],[-90.48949,20.53503],[-90.48949,20.53502],[-90.48949,20.53501],[-90.4895,20.53498],[-90.48952,20.53495],[-90.48952,20.53495],[-90.48952,20.53494],[-90.48953,20.53493],[-90.48954,20.53492],[-90.48958,20.53494],[-90.48958,20.53497],[-90.48958,20.535],[-90.48958,20.53501],[-90.48958,20.53502],[-90.48961,20.53502],[-90.48966,20.53502],[-90.48966,20.53502],[-90.48971,20.53501],[-90.48973,20.53501],[-90.48973,20.535],[-90.48974,20.535],[-90.48977,20.535],[-90.48978,20.53489],[-90.48978,20.53484],[-90.48978,20.53484],[-90.48976,20.53484],[-90.48973,20.53483],[-90.48973,20.53482],[-90.48973,20.53481],[-90.48973,20.53481],[-90.48973,20.53481],[-90.48975,20.53481],[-90.48977,20.5348],[-90.48978,20.5348],[-90.48978,20.53478],[-90.48978,20.53478],[-90.48974,20.53477],[-90.48974,20.53476],[-90.48974,20.53475],[-90.48974,20.53475],[-90.48977,20.53474],[-90.48977,20.53473],[-90.48977,20.53473],[-90.48977,20.53471],[-90.48977,20.53471],[-90.4898,20.53471],[-90.4898,20.53471],[-90.48981,20.53471],[-90.48982,20.53472],[-90.48982,20.53472],[-90.48984,20.53471],[-90.48986,20.5347],[-90.48988,20.53468],[-90.48987,20.53463],[-90.48984,20.53462],[-90.48983,20.53462],[-90.48983,20.53458],[-90.48983,20.53458],[-90.4898,20.53457],[-90.48979,20.53454],[-90.48979,20.53454],[-90.48979,20.53453],[-90.4898,20.53453],[-90.48982,20.53453],[-90.48984,20.53453],[-90.48986,20.5345],[-90.48986,20.53449],[-90.48988,20.53448],[-90.4899,20.53447],[-90.48991,20.53442],[-90.4899,20.53441],[-90.48988,20.5344],[-90.48988,20.53439],[-90.48984,20.53437],[-90.48985,20.53433],[-90.48988,20.53429],[-90.48989,20.53427],[-90.48991,20.53425],[-90.48991,20.53424],[-90.4899,20.53419],[-90.48991,20.53414],[-90.4899,20.53409],[-90.48989,20.53407],[-90.48988,20.53407],[-90.48988,20.53406],[-90.4899,20.53404],[-90.48992,20.53401],[-90.48993,20.53393],[-90.48993,20.53385],[-90.48996,20.53381],[-90.48994,20.53378],[-90.48989,20.53373],[-90.48989,20.53369],[-90.48992,20.53363],[-90.4899,20.53354],[-90.4899,20.53344],[-90.4899,20.53339],[-90.48987,20.53331],[-90.48986,20.53324],[-90.48985,20.53321],[-90.48985,20.53318],[-90.48984,20.53316],[-90.48987,20.53306],[-90.48987,20.53306],[-90.48987,20.53304],[-90.48988,20.53304],[-90.48989,20.53304],[-90.48989,20.53304],[-90.4899,20.53304],[-90.4899,20.53304],[-90.48992,20.53304],[-90.48995,20.53296],[-90.48994,20.53294],[-90.48993,20.53292],[-90.48991,20.53289],[-90.4899,20.53289],[-90.48989,20.53289],[-90.48987,20.53289],[-90.48987,20.53289],[-90.48984,20.5328],[-90.48986,20.53271],[-90.48986,20.53271],[-90.48986,20.53269],[-90.48987,20.53268],[-90.48989,20.53269],[-90.48989,20.53269],[-90.4899,20.53269],[-90.48992,20.5327],[-90.48992,20.53269],[-90.48998,20.53261],[-90.49001,20.53256],[-90.48998,20.53256],[-90.48997,20.53256],[-90.48994,20.53257],[-90.48994,20.53256],[-90.48989,20.53252],[-90.48989,20.53251],[-90.48991,20.5325],[-90.48994,20.53249],[-90.48995,20.53249],[-90.49,20.5325],[-90.49002,20.5325],[-90.49004,20.5325],[-90.49004,20.5325],[-90.49005,20.5325],[-90.49006,20.5325],[-90.49006,20.5325],[-90.49009,20.53249],[-90.49011,20.53241],[-90.49008,20.53239],[-90.49007,20.53238],[-90.49005,20.53238],[-90.49002,20.53236],[-90.49002,20.53228],[-90.49002,20.53228],[-90.49002,20.53226],[-90.49002,20.53226],[-90.49008,20.53227],[-90.49009,20.53227],[-90.4901,20.53227],[-90.4901,20.53227],[-90.4901,20.53227],[-90.49011,20.53227],[-90.49012,20.53227],[-90.49014,20.5322],[-90.49013,20.53219],[-90.49013,20.53217],[-90.49014,20.53213],[-90.49014,20.53212],[-90.49016,20.53212],[-90.49016,20.53212],[-90.49017,20.53211],[-90.4902,20.53211],[-90.49022,20.53204],[-90.4902,20.53202],[-90.49018,20.53199],[-90.49017,20.53198],[-90.49015,20.53198],[-90.49014,20.53198],[-90.49016,20.53194],[-90.49014,20.53186],[-90.49018,20.53173],[-90.49018,20.53173],[-90.49018,20.53172],[-90.49019,20.53171],[-90.4902,20.53169],[-90.49025,20.53174],[-90.49025,20.53175],[-90.49026,20.53174],[-90.49027,20.53174],[-90.49027,20.53174],[-90.49029,20.53174],[-90.4903,20.53173],[-90.49031,20.53173],[-90.49035,20.53167],[-90.49038,20.5316],[-90.49037,20.53159],[-90.49036,20.53158],[-90.49036,20.53158],[-90.49032,20.53155],[-90.49031,20.53152],[-90.49034,20.5315],[-90.49031,20.53142],[-90.49034,20.53135],[-90.49034,20.53134],[-90.49035,20.53134],[-90.49036,20.53134],[-90.49037,20.53133],[-90.4904,20.53133],[-90.49042,20.53127],[-90.49042,20.53127],[-90.49043,20.53126],[-90.49047,20.53125],[-90.49051,20.53125],[-90.49052,20.53125],[-90.49053,20.53125],[-90.49056,20.53124],[-90.49058,20.53123],[-90.49061,20.53122],[-90.49063,20.53114],[-90.49056,20.53111],[-90.49056,20.53109],[-90.49056,20.53106],[-90.49059,20.53099],[-90.49059,20.53095],[-90.4906,20.53092],[-90.49058,20.53084],[-90.49054,20.5308],[-90.49056,20.53075],[-90.49056,20.53074],[-90.49057,20.53072],[-90.49057,20.53071],[-90.49057,20.53071],[-90.49063,20.53069],[-90.49067,20.53067],[-90.49067,20.53067],[-90.49069,20.53066],[-90.49072,20.53065],[-90.49073,20.53064],[-90.49082,20.53058],[-90.49082,20.53058],[-90.49083,20.53057],[-90.49088,20.53048],[-90.49095,20.53043],[-90.49095,20.53042],[-90.49097,20.53041],[-90.49108,20.5304],[-90.49109,20.5304],[-90.49113,20.53038],[-90.49115,20.53037],[-90.4912,20.53035],[-90.49123,20.53033],[-90.49128,20.53019],[-90.4913,20.53005],[-90.49132,20.52996],[-90.49133,20.52991],[-90.49135,20.52987],[-90.4914,20.52979],[-90.49147,20.52974],[-90.49154,20.52966],[-90.49155,20.52959],[-90.49155,20.52959],[-90.4916,20.52953],[-90.49161,20.52952],[-90.49164,20.52949],[-90.49165,20.52946],[-90.49166,20.52944],[-90.49167,20.52943],[-90.49166,20.52931],[-90.49166,20.5292],[-90.49162,20.52914],[-90.49165,20.5291],[-90.49166,20.52897],[-90.49166,20.52896],[-90.49166,20.52895],[-90.49165,20.52892],[-90.49165,20.52892],[-90.49165,20.5289],[-90.49172,20.52891],[-90.4918,20.5289],[-90.49183,20.52889],[-90.49185,20.52889],[-90.49185,20.52889],[-90.49188,20.52887],[-90.49195,20.52883],[-90.49199,20.52881],[-90.492,20.5288],[-90.4921,20.52873],[-90.49219,20.52866],[-90.49229,20.5285],[-90.49229,20.52849],[-90.49231,20.52844],[-90.49233,20.52841],[-90.49233,20.52841],[-90.49233,20.52839],[-90.49234,20.52839],[-90.49235,20.52839],[-90.49235,20.52839],[-90.49236,20.52839],[-90.49238,20.52839],[-90.49241,20.52833],[-90.49241,20.52832],[-90.49241,20.52831],[-90.49243,20.52818],[-90.49243,20.52818],[-90.49241,20.52817],[-90.49235,20.52814],[-90.4924,20.52806],[-90.49243,20.52802],[-90.49243,20.52798],[-90.49243,20.52798],[-90.49244,20.52797],[-90.49246,20.52796],[-90.49247,20.52796],[-90.4925,20.52793],[-90.49251,20.52792],[-90.49252,20.52787],[-90.49253,20.52787],[-90.49253,20.52786],[-90.49255,20.52785],[-90.49258,20.52783],[-90.49261,20.5278],[-90.49263,20.52779],[-90.49264,20.52778],[-90.49264,20.52778],[-90.49265,20.52775],[-90.49265,20.52775],[-90.49266,20.52774],[-90.4927,20.52773],[-90.49275,20.52772],[-90.49277,20.52771],[-90.49277,20.52771],[-90.49281,20.52772],[-90.49282,20.52772],[-90.49284,20.52772],[-90.49287,20.52772],[-90.49294,20.52774],[-90.49294,20.52774],[-90.49295,20.52774],[-90.49296,20.52775],[-90.49301,20.52767],[-90.49301,20.52766],[-90.49309,20.52757],[-90.49312,20.52754],[-90.49312,20.52754],[-90.49317,20.52746],[-90.49317,20.52745],[-90.49316,20.52743],[-90.49316,20.52741],[-90.49318,20.5274],[-90.49318,20.5274],[-90.49318,20.5274],[-90.4932,20.52738],[-90.4932,20.52738],[-90.49321,20.52738],[-90.49323,20.52739],[-90.49323,20.52739],[-90.49324,20.52739],[-90.49325,20.52739],[-90.49325,20.5274],[-90.49329,20.52734],[-90.4933,20.52732],[-90.49332,20.52725],[-90.49333,20.52725],[-90.49333,20.52725],[-90.49337,20.52722],[-90.49337,20.52721],[-90.49345,20.52717],[-90.49343,20.52713],[-90.49343,20.52713],[-90.49345,20.52707],[-90.49346,20.52702],[-90.49349,20.52698],[-90.49349,20.52698],[-90.49351,20.52696],[-90.49352,20.52696],[-90.49353,20.52695],[-90.49355,20.52694],[-90.49357,20.5269],[-90.49357,20.52674],[-90.49357,20.52664],[-90.49351,20.52659],[-90.49349,20.52655],[-90.49348,20.52653],[-90.49348,20.52653],[-90.49344,20.52647],[-90.49345,20.52642],[-90.49345,20.52642],[-90.49345,20.5264],[-90.49352,20.5264],[-90.49355,20.52639],[-90.49356,20.52639],[-90.49359,20.52638],[-90.49362,20.52628],[-90.49365,20.52619],[-90.49371,20.52611],[-90.49375,20.52609],[-90.49376,20.52608],[-90.49377,20.52607],[-90.49381,20.52606],[-90.49384,20.52605],[-90.49385,20.52599],[-90.49385,20.52599],[-90.49386,20.52597],[-90.49386,20.52597],[-90.49387,20.52597],[-90.49388,20.52597],[-90.49389,20.52597],[-90.49391,20.52598],[-90.49391,20.52597],[-90.49393,20.5259],[-90.49395,20.52586],[-90.49394,20.52581],[-90.49394,20.52578],[-90.49393,20.52575],[-90.49392,20.52574],[-90.4939,20.5257],[-90.49388,20.52557],[-90.49386,20.52554],[-90.4938,20.52554],[-90.49382,20.5255],[-90.49381,20.52548],[-90.49381,20.52547],[-90.49381,20.52547],[-90.49381,20.52545],[-90.49382,20.52544],[-90.49385,20.52546],[-90.49386,20.52547],[-90.49391,20.52545],[-90.49393,20.52545],[-90.49393,20.52545],[-90.49398,20.52542],[-90.49399,20.52541],[-90.494,20.52539],[-90.49404,20.52534],[-90.49407,20.52526],[-90.49408,20.52511],[-90.49407,20.5251],[-90.49407,20.52507],[-90.49405,20.52502],[-90.49407,20.52497],[-90.49409,20.52494],[-90.49412,20.52492],[-90.49412,20.52491],[-90.49412,20.52491],[-90.49411,20.5249],[-90.49407,20.52487],[-90.49408,20.52485],[-90.49413,20.52478],[-90.49414,20.52478],[-90.49414,20.52477],[-90.49408,20.52473],[-90.49408,20.52465],[-90.49409,20.52463],[-90.4941,20.52463],[-90.4941,20.52462],[-90.49411,20.52461],[-90.49413,20.52461],[-90.49415,20.52461],[-90.49417,20.52458],[-90.49421,20.52449],[-90.49422,20.52447],[-90.49425,20.52444],[-90.49426,20.52442],[-90.49427,20.5244],[-90.49428,20.52433],[-90.49428,20.52433],[-90.49431,20.52426],[-90.49433,20.52422],[-90.49436,20.52416],[-90.49437,20.52415],[-90.49444,20.52403],[-90.49445,20.524],[-90.49446,20.52394],[-90.49446,20.52393],[-90.49447,20.52391],[-90.49453,20.52381],[-90.49458,20.52375],[-90.49458,20.52366],[-90.49465,20.5236],[-90.49464,20.52348],[-90.49464,20.52345],[-90.49465,20.52342],[-90.49466,20.52341],[-90.49468,20.52339],[-90.49469,20.52338],[-90.49469,20.52337],[-90.49468,20.52336],[-90.49465,20.52334],[-90.49465,20.5233],[-90.49468,20.5232],[-90.49468,20.52316],[-90.49468,20.52314],[-90.49466,20.52314],[-90.49466,20.52314],[-90.49465,20.52315],[-90.49464,20.52314],[-90.49461,20.52312],[-90.49452,20.52306],[-90.49446,20.52299],[-90.49446,20.52293],[-90.49442,20.52287],[-90.49437,20.52286],[-90.49438,20.52277],[-90.49441,20.52273],[-90.49442,20.52272],[-90.49442,20.52272],[-90.49448,20.5227],[-90.49452,20.5227],[-90.49455,20.5227],[-90.49454,20.52276],[-90.49454,20.52282],[-90.49462,20.52283],[-90.49471,20.52284],[-90.49474,20.52286],[-90.49475,20.52286],[-90.49475,20.52286],[-90.49476,20.52287],[-90.49476,20.52287],[-90.49477,20.52287],[-90.49479,20.52286],[-90.49481,20.52286],[-90.49482,20.52285],[-90.49485,20.52281],[-90.49486,20.52276],[-90.49483,20.52275],[-90.49482,20.52275],[-90.49479,20.52274],[-90.4948,20.5227],[-90.4948,20.52269],[-90.49481,20.52268],[-90.49484,20.52268],[-90.49484,20.52268],[-90.49485,20.52268],[-90.49485,20.52268],[-90.49488,20.52267],[-90.49489,20.52261],[-90.49494,20.52248],[-90.49497,20.52237],[-90.49495,20.52223],[-90.49498,20.52211],[-90.49494,20.522],[-90.49494,20.52199],[-90.49493,20.52191],[-90.49494,20.52189],[-90.49498,20.52181],[-90.49497,20.5217],[-90.49493,20.52167],[-90.49493,20.52166],[-90.49492,20.52163],[-90.49492,20.52162],[-90.49492,20.52162],[-90.49493,20.52161],[-90.49493,20.52161],[-90.49495,20.52161],[-90.49495,20.52161],[-90.49502,20.52156],[-90.49504,20.5215],[-90.49496,20.52144],[-90.49503,20.52132],[-90.49503,20.52128],[-90.49503,20.52111],[-90.49503,20.521],[-90.49499,20.52083],[-90.4949,20.52064],[-90.49484,20.52052],[-90.49484,20.5204],[-90.49471,20.52036],[-90.49461,20.52033],[-90.49451,20.52031],[-90.49446,20.52025],[-90.49436,20.52017],[-90.49426,20.52011],[-90.49422,20.52005],[-90.49416,20.52],[-90.49414,20.52],[-90.49401,20.51999],[-90.49397,20.51999],[-90.49396,20.51999],[-90.49396,20.51999],[-90.49391,20.51994],[-90.49389,20.5199],[-90.49386,20.51986],[-90.49383,20.51985],[-90.49381,20.51984],[-90.4938,20.51985],[-90.49372,20.51987],[-90.49372,20.51986],[-90.49371,20.51981],[-90.49364,20.51979],[-90.49357,20.51978],[-90.49356,20.51978],[-90.49351,20.51978],[-90.49351,20.51978],[-90.49346,20.51975],[-90.49345,20.51976],[-90.49343,20.51977],[-90.49339,20.51979],[-90.49338,20.51979],[-90.49338,20.51978],[-90.49336,20.51976],[-90.49334,20.51977],[-90.4933,20.51978],[-90.4933,20.51977],[-90.4933,20.51973],[-90.49329,20.51969],[-90.49319,20.51934],[-90.49319,20.51934],[-90.49319,20.51933],[-90.49326,20.51932],[-90.49327,20.51932],[-90.49327,20.51932],[-90.49331,20.5193],[-90.49333,20.51929],[-90.49335,20.51928],[-90.49341,20.51925],[-90.49344,20.51924],[-90.49352,20.51923],[-90.4936,20.51923],[-90.49362,20.51923],[-90.49365,20.51923],[-90.49366,20.51923],[-90.49369,20.51922],[-90.49371,20.51922],[-90.49372,20.51922],[-90.49374,20.51922],[-90.49376,20.5192],[-90.49377,20.51919],[-90.49378,20.51917],[-90.49378,20.51916],[-90.49379,20.51913],[-90.49379,20.51912],[-90.49379,20.5191],[-90.4938,20.5191],[-90.49382,20.5191],[-90.49384,20.51912],[-90.49385,20.51913],[-90.49385,20.51913],[-90.49401,20.51906],[-90.49408,20.51902],[-90.49409,20.51901],[-90.49418,20.51899],[-90.4942,20.51898],[-90.49421,20.51898],[-90.49427,20.51893],[-90.49436,20.51887],[-90.49443,20.51878],[-90.4945,20.51873],[-90.49452,20.51866],[-90.49452,20.51865],[-90.49452,20.51865],[-90.49454,20.51864],[-90.49454,20.51864],[-90.49455,20.51863],[-90.49459,20.51861],[-90.49459,20.51858],[-90.49455,20.51857],[-90.49457,20.51849],[-90.49455,20.5184],[-90.49454,20.51831],[-90.4945,20.5182],[-90.49439,20.51815],[-90.4944,20.51807],[-90.49439,20.51805],[-90.49439,20.51805],[-90.49438,20.51799],[-90.49444,20.51795],[-90.49453,20.51788],[-90.49455,20.51787],[-90.49459,20.51786],[-90.49459,20.51785],[-90.49466,20.51782],[-90.49469,20.51781],[-90.4947,20.5177],[-90.4947,20.51769],[-90.4947,20.51765],[-90.49476,20.51753],[-90.4948,20.51749],[-90.4949,20.51741],[-90.49496,20.51735],[-90.49501,20.51732],[-90.49502,20.51731],[-90.49502,20.51731],[-90.49505,20.51729],[-90.49508,20.51723],[-90.49508,20.51716],[-90.49509,20.51716],[-90.49509,20.51714],[-90.49509,20.51713],[-90.49513,20.51714],[-90.49514,20.51717],[-90.49514,20.51717],[-90.49514,20.51718],[-90.49516,20.51718],[-90.49517,20.51718],[-90.49519,20.51717],[-90.49519,20.51717],[-90.49521,20.51715],[-90.49524,20.5171],[-90.49527,20.51701],[-90.49523,20.517],[-90.49522,20.51699],[-90.4952,20.51697],[-90.49518,20.51694],[-90.4952,20.51693],[-90.49523,20.5169],[-90.49519,20.51684],[-90.4952,20.51674],[-90.49527,20.51669],[-90.49532,20.51664],[-90.49535,20.51656],[-90.49537,20.51652],[-90.49537,20.5165],[-90.49538,20.51648],[-90.4954,20.51646],[-90.49541,20.51646],[-90.49542,20.51645],[-90.49546,20.51642],[-90.49553,20.51635],[-90.49555,20.5163],[-90.49557,20.51625],[-90.49557,20.51624],[-90.4956,20.51613],[-90.49559,20.51603],[-90.49562,20.51597],[-90.4956,20.51593],[-90.49566,20.5159],[-90.49572,20.51583],[-90.49572,20.51583],[-90.49573,20.51582],[-90.49574,20.5158],[-90.49573,20.51576],[-90.49573,20.51576],[-90.49572,20.51574],[-90.49572,20.51574],[-90.49576,20.51575],[-90.49577,20.51575],[-90.49577,20.51575],[-90.49578,20.51575],[-90.49579,20.51575],[-90.4958,20.51575],[-90.4958,20.5157],[-90.4958,20.5157],[-90.4958,20.51569],[-90.4958,20.51569],[-90.4958,20.51569],[-90.49582,20.51568],[-90.49583,20.51568],[-90.49585,20.51568],[-90.49587,20.51567],[-90.49589,20.51564],[-90.49586,20.51558],[-90.49586,20.51557],[-90.49585,20.51547],[-90.49586,20.51539],[-90.4959,20.51532],[-90.49591,20.51528],[-90.4959,20.51515],[-90.49597,20.5151],[-90.496,20.51504],[-90.49603,20.51492],[-90.49605,20.5148],[-90.49606,20.51471],[-90.49601,20.51471],[-90.49601,20.51468],[-90.49602,20.51461],[-90.49604,20.51456],[-90.49605,20.51448],[-90.49602,20.51448],[-90.49602,20.51448],[-90.49601,20.51448],[-90.496,20.51447],[-90.49591,20.51447],[-90.49591,20.51447],[-90.49593,20.51441],[-90.49594,20.5144],[-90.49594,20.5144],[-90.49595,20.51439],[-90.49598,20.51439],[-90.49598,20.51439],[-90.49604,20.51435],[-90.49611,20.51424],[-90.49611,20.51423],[-90.49612,20.51423],[-90.49614,20.51422],[-90.49615,20.51422],[-90.49618,20.51421],[-90.49618,20.51421],[-90.4962,20.51421],[-90.49622,20.5142],[-90.49624,20.51412],[-90.49628,20.51406],[-90.49627,20.51396],[-90.49627,20.51393],[-90.49623,20.5139],[-90.49617,20.51383],[-90.49619,20.51377],[-90.49627,20.51366],[-90.49628,20.51359],[-90.49628,20.51358],[-90.4963,20.51356],[-90.49635,20.5135],[-90.49642,20.51345],[-90.49645,20.51338],[-90.49649,20.51333],[-90.49653,20.51322],[-90.49649,20.51318],[-90.49648,20.51317],[-90.49649,20.51315],[-90.49649,20.51314],[-90.49649,20.51314],[-90.49649,20.51313],[-90.49649,20.51313],[-90.49651,20.51313],[-90.49651,20.51313],[-90.49652,20.51313],[-90.49655,20.51312],[-90.49656,20.51304],[-90.4966,20.513],[-90.4966,20.5129],[-90.49661,20.51285],[-90.49661,20.51284],[-90.4966,20.51284],[-90.49657,20.51283],[-90.49655,20.51281],[-90.49655,20.51277],[-90.49655,20.51277],[-90.49654,20.51275],[-90.49658,20.51275],[-90.49659,20.51275],[-90.49661,20.51275],[-90.49663,20.51273],[-90.49663,20.51266],[-90.49663,20.51266],[-90.49664,20.51266],[-90.49664,20.51265],[-90.49666,20.51264],[-90.49667,20.51264],[-90.49667,20.5126],[-90.49668,20.51247],[-90.49673,20.51237],[-90.49673,20.51236],[-90.49673,20.51236],[-90.49669,20.51235],[-90.49669,20.51231],[-90.49671,20.51229],[-90.49671,20.51225],[-90.49669,20.51224],[-90.49668,20.51224],[-90.49668,20.51224],[-90.49668,20.51221],[-90.49671,20.51217],[-90.49674,20.51211],[-90.49675,20.51209],[-90.49674,20.51209],[-90.49671,20.51209],[-90.49669,20.51205],[-90.49668,20.51197],[-90.49668,20.51193],[-90.49672,20.5119],[-90.49671,20.51183],[-90.49669,20.51185],[-90.49668,20.51185],[-90.49667,20.51185],[-90.49667,20.51185],[-90.49667,20.51184],[-90.49667,20.51183],[-90.49667,20.51182],[-90.49667,20.51182],[-90.4967,20.51177],[-90.49667,20.51176],[-90.49667,20.51175],[-90.49665,20.51174],[-90.49664,20.51173],[-90.49664,20.51166],[-90.4966,20.5116],[-90.49663,20.51157],[-90.49663,20.51156],[-90.49664,20.51155],[-90.49665,20.51155],[-90.49666,20.51155],[-90.49666,20.51155],[-90.49668,20.51155],[-90.49669,20.51154],[-90.49666,20.51138],[-90.49666,20.51136],[-90.49666,20.51135],[-90.49666,20.51123],[-90.4967,20.51111],[-90.4967,20.51101],[-90.49664,20.511],[-90.49663,20.51097],[-90.49668,20.51093],[-90.49663,20.51089],[-90.49664,20.51082],[-90.49661,20.51077],[-90.4966,20.51077],[-90.49659,20.51075],[-90.49651,20.51071],[-90.49651,20.51069],[-90.49651,20.51069],[-90.49651,20.51067],[-90.49651,20.51066],[-90.49655,20.51067],[-90.49656,20.51068],[-90.49664,20.51067],[-90.49666,20.51067],[-90.49668,20.51066],[-90.49671,20.51056],[-90.49677,20.51051],[-90.49682,20.51048],[-90.49684,20.51047],[-90.49685,20.51047],[-90.49686,20.51046],[-90.49688,20.51045],[-90.49691,20.51044],[-90.49696,20.51036],[-90.49695,20.51032],[-90.49695,20.51031],[-90.49694,20.51025],[-90.497,20.5102],[-90.49702,20.51019],[-90.49705,20.51017],[-90.49707,20.51001],[-90.49707,20.50998],[-90.49702,20.50995],[-90.497,20.50995],[-90.49697,20.50994],[-90.49695,20.50988],[-90.49695,20.50988],[-90.49699,20.50985],[-90.497,20.50985],[-90.49701,20.50985],[-90.49701,20.50984],[-90.49703,20.50984],[-90.49701,20.50983],[-90.49701,20.50982],[-90.49699,20.50981],[-90.49693,20.50976],[-90.49696,20.50974],[-90.49697,20.50973],[-90.49697,20.50972],[-90.497,20.50972],[-90.49701,20.50971],[-90.49702,20.50971],[-90.49704,20.5097],[-90.49704,20.5097],[-90.49704,20.50969],[-90.49704,20.50967],[-90.49704,20.50966],[-90.49704,20.50966],[-90.49705,20.50965],[-90.49706,20.50964],[-90.4971,20.50962],[-90.49713,20.50961],[-90.49713,20.5096],[-90.4972,20.50955],[-90.49719,20.50954],[-90.49713,20.50951],[-90.49712,20.50951],[-90.49713,20.5095],[-90.49722,20.50945],[-90.49722,20.50944],[-90.49723,20.50943],[-90.49726,20.50939],[-90.49737,20.5093],[-90.49745,20.50925],[-90.49752,20.5092],[-90.49759,20.50913],[-90.49759,20.50912],[-90.49764,20.5091],[-90.49765,20.50909],[-90.4977,20.50907],[-90.49773,20.50905],[-90.49776,20.50896],[-90.49777,20.50891],[-90.49776,20.50891],[-90.49769,20.5089],[-90.49771,20.50883],[-90.49765,20.50879],[-90.49762,20.50874],[-90.4976,20.50874],[-90.4976,20.50874],[-90.49758,20.50874],[-90.49755,20.50875],[-90.49754,20.50875],[-90.49747,20.50873],[-90.4975,20.50863],[-90.49753,20.50853],[-90.49753,20.50853],[-90.49761,20.5085],[-90.49762,20.50849],[-90.49763,20.50849],[-90.49763,20.50849],[-90.4977,20.50841],[-90.4977,20.50841],[-90.49775,20.50835],[-90.49777,20.5083],[-90.49778,20.50828],[-90.4978,20.50825],[-90.4978,20.50825],[-90.4978,20.50822],[-90.49782,20.50817],[-90.49773,20.50807],[-90.49769,20.50807],[-90.49769,20.50807],[-90.49768,20.50807],[-90.49767,20.50807],[-90.49766,20.50807],[-90.49761,20.50807],[-90.4976,20.50807],[-90.4976,20.50806],[-90.49762,20.50802],[-90.49763,20.508],[-90.49763,20.50799],[-90.49763,20.50799],[-90.49758,20.50797],[-90.49755,20.50796],[-90.49749,20.50794],[-90.4974,20.50791],[-90.49732,20.50786],[-90.49731,20.50775],[-90.49717,20.50773],[-90.49723,20.50764],[-90.49727,20.50758],[-90.49727,20.50758],[-90.49727,20.50757],[-90.49728,20.50756],[-90.49729,20.50755],[-90.49738,20.50765],[-90.49743,20.50769],[-90.49743,20.5077],[-90.4975,20.50769],[-90.49756,20.50768],[-90.49756,20.50768],[-90.4976,20.50767],[-90.49762,20.50767],[-90.49762,20.50767],[-90.49769,20.50762],[-90.49774,20.50758],[-90.49782,20.50751],[-90.49786,20.5074],[-90.49786,20.50732],[-90.4979,20.50723],[-90.49787,20.50716],[-90.49786,20.50714],[-90.49784,20.50707],[-90.49782,20.50694],[-90.49783,20.50687],[-90.49783,20.50687],[-90.49784,20.50685],[-90.49784,20.50685],[-90.49786,20.50685],[-90.49787,20.50685],[-90.49787,20.50685],[-90.49789,20.50686],[-90.49791,20.50679],[-90.49797,20.5067],[-90.49801,20.5066],[-90.49802,20.50658],[-90.49802,20.50657],[-90.49793,20.50652],[-90.498,20.50643],[-90.49801,20.50637],[-90.49801,20.50637],[-90.49802,20.50636],[-90.49808,20.50635],[-90.49809,20.50635],[-90.4981,20.50635],[-90.49811,20.50635],[-90.49812,20.50635],[-90.49815,20.50632],[-90.4982,20.50627],[-90.49818,20.50624],[-90.49815,20.50619],[-90.49814,20.50617],[-90.49813,20.50617],[-90.49814,20.50616],[-90.49816,20.50614],[-90.49821,20.5061],[-90.49823,20.50599],[-90.49822,20.50595],[-90.49822,20.50593],[-90.4982,20.50585],[-90.49826,20.50579],[-90.49828,20.50577],[-90.49831,20.50574],[-90.49832,20.50567],[-90.49832,20.50564],[-90.49835,20.50554],[-90.49837,20.50548],[-90.4984,20.50541],[-90.49842,20.50537],[-90.49845,20.50532],[-90.49847,20.50528],[-90.49847,20.50527],[-90.49847,20.50525],[-90.49846,20.50517],[-90.49853,20.50508],[-90.49855,20.50501],[-90.49857,20.505],[-90.49858,20.50499],[-90.49864,20.50495],[-90.49865,20.50489],[-90.49873,20.50476],[-90.49877,20.50469],[-90.49887,20.50454],[-90.49887,20.50447],[-90.49886,20.50437],[-90.49889,20.50424],[-90.49889,20.50421],[-90.49891,20.50418],[-90.49898,20.50407],[-90.49897,20.50401],[-90.49896,20.50399],[-90.49895,20.50395],[-90.49898,20.50392],[-90.499,20.5039],[-90.49906,20.50384],[-90.49908,20.50369],[-90.49908,20.50367],[-90.49907,20.50364],[-90.49906,20.50357],[-90.49912,20.50351],[-90.49914,20.50349],[-90.49917,20.50345],[-90.49924,20.50329],[-90.49926,20.50325],[-90.49926,20.50321],[-90.49926,20.50314],[-90.49926,20.50311],[-90.49926,20.50307],[-90.49926,20.50305],[-90.49925,20.50301],[-90.49921,20.50295],[-90.49921,20.50294],[-90.49921,20.50294],[-90.49921,20.50292],[-90.49931,20.50292],[-90.49931,20.50292],[-90.49932,20.50292],[-90.49932,20.50292],[-90.49935,20.50292],[-90.49937,20.50283],[-90.49937,20.50281],[-90.49938,20.50281],[-90.49938,20.5028],[-90.49938,20.50279],[-90.49938,20.50279],[-90.49941,20.50278],[-90.49941,20.50278],[-90.49946,20.50277],[-90.49948,20.50277],[-90.49949,20.50276],[-90.49952,20.50276],[-90.4995,20.50271],[-90.4995,20.5027],[-90.49953,20.50269],[-90.49958,20.50265],[-90.49962,20.50258],[-90.49963,20.50258],[-90.49964,20.50255],[-90.49965,20.50254],[-90.49985,20.50228],[-90.50007,20.50208],[-90.50029,20.50198],[-90.50049,20.50192],[-90.50077,20.5016],[-90.50109,20.50111],[-90.50116,20.50088],[-90.50144,20.50032],[-90.5017,20.49946],[-90.50189,20.49937],[-90.50209,20.49886],[-90.5022,20.49841],[-90.50227,20.49785],[-90.50225,20.49776],[-90.50226,20.49776],[-90.5023,20.49771],[-90.50231,20.49756],[-90.5022,20.49735],[-90.50217,20.49714],[-90.50217,20.49703],[-90.5022,20.49687],[-90.5022,20.49676],[-90.50222,20.49669],[-90.5022,20.49665],[-90.50219,20.49663],[-90.5022,20.4966],[-90.50222,20.49656],[-90.50221,20.4965],[-90.50223,20.49643],[-90.50223,20.49637],[-90.50223,20.49635],[-90.50223,20.49634],[-90.50223,20.49633],[-90.50223,20.49623],[-90.50225,20.49619],[-90.50231,20.49611],[-90.50232,20.49611],[-90.50232,20.49611],[-90.50232,20.49611],[-90.50235,20.49595],[-90.50235,20.49592],[-90.50235,20.49585],[-90.50235,20.49581],[-90.50237,20.49575],[-90.50237,20.49574],[-90.50238,20.49569],[-90.50238,20.49562],[-90.50237,20.49552],[-90.50237,20.49537],[-90.50237,20.49525],[-90.50238,20.49508],[-90.50239,20.49501],[-90.50233,20.49491],[-90.50232,20.49489],[-90.5023,20.49482],[-90.50223,20.49478],[-90.5022,20.49477],[-90.50222,20.49472],[-90.50223,20.49466],[-90.50223,20.49459],[-90.50225,20.49455],[-90.50228,20.49445],[-90.50231,20.49435],[-90.50231,20.49426],[-90.50235,20.49423],[-90.50235,20.49413],[-90.5023,20.49405],[-90.50228,20.49395],[-90.50219,20.49384],[-90.50213,20.49365],[-90.50212,20.49352],[-90.502,20.49347],[-90.502,20.49331],[-90.5019,20.49326],[-90.50186,20.49319],[-90.50173,20.49317],[-90.50163,20.49302],[-90.50145,20.49296],[-90.50131,20.49291],[-90.5011,20.49288],[-90.5011,20.49288],[-90.5011,20.4929],[-90.5011,20.4929],[-90.50105,20.49303],[-90.50099,20.49313],[-90.50101,20.49324],[-90.50095,20.49332],[-90.50095,20.49337],[-90.50095,20.4934],[-90.50088,20.49351],[-90.50081,20.49361],[-90.50072,20.49378],[-90.50063,20.49383],[-90.50047,20.494],[-90.50047,20.494],[-90.50045,20.494],[-90.50023,20.49409],[-90.50023,20.49409],[-90.50001,20.49413],[-90.49973,20.49413],[-90.49973,20.49413],[-90.49952,20.49404],[-90.49944,20.49374],[-90.4995,20.49369],[-90.49951,20.49367],[-90.49956,20.49363],[-90.49956,20.49363],[-90.49957,20.49362],[-90.49957,20.49362],[-90.49977,20.49356],[-90.49994,20.49356],[-90.49994,20.49356],[-90.49995,20.49356],[-90.50015,20.49351],[-90.50015,20.49351],[-90.50022,20.49352],[-90.50023,20.49352],[-90.50024,20.49352],[-90.50037,20.49348],[-90.50039,20.49347],[-90.50041,20.49346],[-90.50042,20.49346],[-90.50042,20.49345],[-90.50043,20.49342],[-90.50045,20.49336],[-90.50039,20.4933],[-90.50037,20.49329],[-90.50033,20.49318],[-90.50031,20.49304],[-90.5003,20.49296],[-90.5003,20.49296],[-90.50027,20.49286],[-90.50024,20.49278],[-90.5002,20.49268],[-90.50021,20.49253],[-90.50026,20.49243],[-90.50027,20.49238],[-90.50028,20.49238],[-90.50028,20.49236],[-90.5004,20.49227],[-90.50043,20.49224],[-90.50044,20.49223],[-90.50045,20.49223],[-90.50045,20.49222],[-90.50046,20.49222],[-90.50048,20.49221],[-90.5005,20.49221],[-90.50052,20.4922],[-90.50054,20.49214],[-90.50054,20.49214],[-90.50055,20.49211],[-90.50055,20.49211],[-90.50056,20.4921],[-90.50059,20.4921],[-90.50059,20.49209],[-90.50061,20.49209],[-90.50063,20.49209],[-90.50065,20.49208],[-90.50073,20.49198],[-90.50073,20.49196],[-90.50073,20.49196],[-90.50075,20.49186],[-90.5008,20.49182],[-90.50081,20.49182],[-90.50081,20.49181],[-90.50092,20.49178],[-90.50092,20.49178],[-90.50099,20.49176],[-90.50101,20.49175],[-90.50103,20.49175],[-90.50117,20.49161],[-90.50117,20.49161],[-90.50117,20.4916],[-90.50121,20.49149],[-90.50121,20.49149],[-90.50121,20.49148],[-90.50134,20.49147],[-90.50135,20.49147],[-90.50137,20.49147],[-90.50137,20.49146],[-90.50137,20.49146],[-90.5014,20.49139],[-90.5012,20.4913],[-90.50106,20.49117],[-90.50106,20.49117],[-90.50103,20.49115],[-90.50115,20.49115],[-90.50117,20.49115],[-90.50136,20.49122],[-90.50136,20.49122],[-90.50146,20.49123],[-90.50149,20.49123],[-90.50149,20.49123],[-90.5015,20.49123],[-90.50151,20.49123],[-90.50153,20.49123],[-90.50154,20.49113],[-90.50155,20.49111],[-90.5016,20.49105],[-90.50166,20.491],[-90.50167,20.49082],[-90.50175,20.49071],[-90.5018,20.49063],[-90.50185,20.4905],[-90.5019,20.49037],[-90.5019,20.49021],[-90.5019,20.49015],[-90.5019,20.49009],[-90.5019,20.49009],[-90.5019,20.49007],[-90.5019,20.49007],[-90.50192,20.49007],[-90.50196,20.49008],[-90.50197,20.49008],[-90.50197,20.49008],[-90.50199,20.49008],[-90.50203,20.48997],[-90.50205,20.48974],[-90.50208,20.48966],[-90.50213,20.48948],[-90.50215,20.48943],[-90.50216,20.48943],[-90.50216,20.48941],[-90.50222,20.48941],[-90.50224,20.48941],[-90.50226,20.48941],[-90.50229,20.48933],[-90.50235,20.48927],[-90.50235,20.48913],[-90.50239,20.48906],[-90.50245,20.48901],[-90.50247,20.48884],[-90.50254,20.48876],[-90.50247,20.48859],[-90.50248,20.48846],[-90.50255,20.4883],[-90.50246,20.48825],[-90.50251,20.48812],[-90.50247,20.48801],[-90.50244,20.48783],[-90.50244,20.48783],[-90.50242,20.48774],[-90.50241,20.48765],[-90.50243,20.48763],[-90.50245,20.48762],[-90.50248,20.48759],[-90.50249,20.48746],[-90.50247,20.48735],[-90.50246,20.48732],[-90.50245,20.48727],[-90.50244,20.48724],[-90.50246,20.48708],[-90.50246,20.48704],[-90.50248,20.4869],[-90.50248,20.4869],[-90.50248,20.48676],[-90.50247,20.48676],[-90.50245,20.48674],[-90.50239,20.48671],[-90.50244,20.48662],[-90.50246,20.48658],[-90.50247,20.48655],[-90.50245,20.48651],[-90.50241,20.48644],[-90.50242,20.48635],[-90.50242,20.48625],[-90.50241,20.48622],[-90.50238,20.48613],[-90.50238,20.48613],[-90.50235,20.48612],[-90.50229,20.48608],[-90.50231,20.48602],[-90.50226,20.48595],[-90.50229,20.48584],[-90.5023,20.48583],[-90.50231,20.4858],[-90.5023,20.48562],[-90.5023,20.48547],[-90.5023,20.48542],[-90.50231,20.48541],[-90.50236,20.48535],[-90.50239,20.48518],[-90.50245,20.48505],[-90.50247,20.48498],[-90.50245,20.48488],[-90.50252,20.48475],[-90.50252,20.48475],[-90.50252,20.48475],[-90.50255,20.48474],[-90.50256,20.48473],[-90.50259,20.48472],[-90.5026,20.48463],[-90.50253,20.48458],[-90.50252,20.48457],[-90.50252,20.48457],[-90.50252,20.48452],[-90.50255,20.48447],[-90.50256,20.48441],[-90.50258,20.48421],[-90.50261,20.48412],[-90.50262,20.48411],[-90.50261,20.48405],[-90.50261,20.48403],[-90.50261,20.48391],[-90.50261,20.48385],[-90.50256,20.48382],[-90.50254,20.48381],[-90.50254,20.48381],[-90.50247,20.48372],[-90.50251,20.48368],[-90.50252,20.48367],[-90.50253,20.48366],[-90.50252,20.48358],[-90.50253,20.48343],[-90.50251,20.48338],[-90.50245,20.48335],[-90.50242,20.48334],[-90.50234,20.48331],[-90.50236,20.4832],[-90.50236,20.48311],[-90.50237,20.48304],[-90.50238,20.48295],[-90.50231,20.4828],[-90.50231,20.48278],[-90.50225,20.48264],[-90.50225,20.48264],[-90.5022,20.4826],[-90.50219,20.4825],[-90.50223,20.48244],[-90.50226,20.48241],[-90.50226,20.4824],[-90.50228,20.48234],[-90.50229,20.48231],[-90.50229,20.4823],[-90.50232,20.48227],[-90.50231,20.48224],[-90.5023,20.48222],[-90.50233,20.48217],[-90.50236,20.48212],[-90.50239,20.48201],[-90.50239,20.48199],[-90.5024,20.48196],[-90.5024,20.48191],[-90.50233,20.48184],[-90.50232,20.48185],[-90.5023,20.48186],[-90.5023,20.48187],[-90.50229,20.48187],[-90.50223,20.48191],[-90.50221,20.48193],[-90.50216,20.48197],[-90.50216,20.48196],[-90.50216,20.48195],[-90.50216,20.48195],[-90.50211,20.48187],[-90.50217,20.48181],[-90.50219,20.48178],[-90.50221,20.48175],[-90.50223,20.48172],[-90.50223,20.48162],[-90.50225,20.48157],[-90.50228,20.4814],[-90.5023,20.48128],[-90.5023,20.48126],[-90.5023,20.48121],[-90.5023,20.4812],[-90.50221,20.48111],[-90.5022,20.4811],[-90.5022,20.48102],[-90.5022,20.48102],[-90.5022,20.48092],[-90.5022,20.4808],[-90.50222,20.48072],[-90.5022,20.48053],[-90.5021,20.48037],[-90.5021,20.48037],[-90.5021,20.48037],[-90.50217,20.48028],[-90.50214,20.48017],[-90.50214,20.48017],[-90.50214,20.48017],[-90.50224,20.48004],[-90.50225,20.47993],[-90.50225,20.47988],[-90.50228,20.47977],[-90.50227,20.47962],[-90.5023,20.47948],[-90.5023,20.47947],[-90.5023,20.47943],[-90.50229,20.47935],[-90.50225,20.47931],[-90.50218,20.47929],[-90.50216,20.47928],[-90.50216,20.47928],[-90.50216,20.47921],[-90.50216,20.47909],[-90.50216,20.479],[-90.50217,20.47897],[-90.50222,20.47887],[-90.50222,20.47876],[-90.50217,20.47868],[-90.50215,20.47865],[-90.50212,20.4786],[-90.50214,20.47845],[-90.50216,20.47842],[-90.50218,20.47838],[-90.5022,20.47833],[-90.5022,20.47828],[-90.5022,20.47816],[-90.50218,20.47813],[-90.50218,20.47813],[-90.50218,20.47811],[-90.50223,20.47803],[-90.50221,20.47796],[-90.50215,20.47771],[-90.50214,20.4777],[-90.50211,20.47761],[-90.50207,20.47754],[-90.502,20.47741],[-90.50205,20.47732],[-90.50205,20.47727],[-90.50205,20.47726],[-90.50207,20.47723],[-90.50209,20.47719],[-90.5021,20.47712],[-90.5021,20.47703],[-90.50211,20.477],[-90.50211,20.47694],[-90.50211,20.47683],[-90.50211,20.47682],[-90.50203,20.47667],[-90.50203,20.47655],[-90.50207,20.47648],[-90.50216,20.47643],[-90.50219,20.47639],[-90.50219,20.47639],[-90.50222,20.47638],[-90.50222,20.47638],[-90.50225,20.47636],[-90.50225,20.47628],[-90.50225,20.47616],[-90.50225,20.47603],[-90.50225,20.47597],[-90.50227,20.47592],[-90.50229,20.47586],[-90.50238,20.4757],[-90.50235,20.47564],[-90.50233,20.47559],[-90.50232,20.47556],[-90.50229,20.47549],[-90.50235,20.47535],[-90.50238,20.47532],[-90.50241,20.4753],[-90.50247,20.47524],[-90.50258,20.47514],[-90.50268,20.47492],[-90.50267,20.47486],[-90.50257,20.47478],[-90.50255,20.47477],[-90.50253,20.47475],[-90.50255,20.4747],[-90.50256,20.47467],[-90.50256,20.47466],[-90.50262,20.4746],[-90.50262,20.47451],[-90.50254,20.47441],[-90.50254,20.47441],[-90.50252,20.47434],[-90.50248,20.47423],[-90.5025,20.47399],[-90.50252,20.4739],[-90.50252,20.47389],[-90.50252,20.47388],[-90.50253,20.47387],[-90.50258,20.47389],[-90.50259,20.4739],[-90.5026,20.4739],[-90.50261,20.4739],[-90.50262,20.47391],[-90.50262,20.47391],[-90.50262,20.47391],[-90.50263,20.47382],[-90.50264,20.47381],[-90.50268,20.47379],[-90.5027,20.47375],[-90.50274,20.47371],[-90.50272,20.47361],[-90.50269,20.47356],[-90.50269,20.47355],[-90.50269,20.47355],[-90.50274,20.47349],[-90.50274,20.4733],[-90.50274,20.47322],[-90.50274,20.47321],[-90.50274,20.47319],[-90.50274,20.47313],[-90.50273,20.473],[-90.50267,20.47282],[-90.50266,20.47268],[-90.50264,20.47265],[-90.50256,20.47238],[-90.50249,20.47228],[-90.50248,20.47221],[-90.50241,20.4721],[-90.50238,20.47205],[-90.50235,20.47202],[-90.50225,20.47193],[-90.50224,20.47193],[-90.50215,20.47196],[-90.50215,20.47195],[-90.50215,20.47182],[-90.50213,20.47182],[-90.502,20.47182],[-90.50199,20.47182],[-90.5019,20.47175],[-90.50173,20.47162],[-90.5016,20.47149],[-90.50148,20.47144],[-90.50143,20.47142],[-90.50141,20.47142],[-90.50141,20.47142],[-90.50132,20.47143],[-90.50132,20.47142],[-90.50122,20.47139],[-90.50118,20.47132],[-90.50103,20.47125],[-90.50099,20.47123],[-90.50097,20.47123],[-90.50088,20.47122],[-90.50075,20.47125],[-90.50075,20.47125],[-90.50075,20.47126],[-90.50075,20.47126],[-90.50076,20.4714],[-90.50069,20.47148],[-90.50067,20.47148],[-90.50066,20.47148],[-90.50066,20.47148],[-90.50061,20.47147],[-90.50061,20.47147],[-90.5006,20.47149],[-90.5006,20.47149],[-90.5006,20.47156],[-90.50053,20.4717],[-90.50047,20.47176],[-90.50045,20.47187],[-90.50045,20.47191],[-90.50043,20.47199],[-90.50042,20.47205],[-90.50036,20.47214],[-90.50033,20.47216],[-90.5003,20.47217],[-90.50028,20.47218],[-90.50026,20.47219],[-90.50026,20.47219],[-90.50024,20.47223],[-90.50022,20.4723],[-90.50016,20.47235],[-90.5001,20.47242],[-90.5,20.4725],[-90.49999,20.4725],[-90.49997,20.4725],[-90.49991,20.4725],[-90.49972,20.47255],[-90.49971,20.47256],[-90.49971,20.47256],[-90.49952,20.47272],[-90.49938,20.47284],[-90.49931,20.47289],[-90.49921,20.47297],[-90.49915,20.47307],[-90.49909,20.47316],[-90.49908,20.47317],[-90.49895,20.4733],[-90.49889,20.4735],[-90.49887,20.47357],[-90.49879,20.47368],[-90.49871,20.47374],[-90.49867,20.47378],[-90.49851,20.47393],[-90.49851,20.47393],[-90.4984,20.474],[-90.4984,20.474],[-90.49839,20.47399],[-90.49838,20.47399],[-90.49824,20.47397],[-90.49821,20.47396],[-90.4982,20.47396],[-90.49804,20.47398],[-90.49803,20.47399],[-90.4979,20.47402],[-90.49787,20.47404],[-90.49779,20.47407],[-90.49778,20.47407],[-90.49756,20.47407],[-90.49734,20.4741],[-90.49713,20.47414],[-90.4971,20.47415],[-90.49698,20.47421],[-90.49696,20.47422],[-90.49682,20.47432],[-90.4967,20.47443],[-90.49654,20.47463],[-90.49639,20.47473],[-90.49633,20.47494],[-90.49639,20.47513],[-90.4964,20.47531],[-90.49634,20.47542],[-90.49632,20.47543],[-90.4963,20.47543],[-90.49618,20.47546],[-90.49616,20.47546],[-90.49608,20.47543],[-90.49595,20.47539],[-90.49592,20.47539],[-90.49582,20.47538],[-90.49579,20.4754],[-90.49579,20.4754],[-90.49573,20.47544],[-90.49571,20.47545],[-90.49561,20.47551],[-90.49558,20.47551],[-90.49547,20.47554],[-90.49525,20.47559],[-90.49522,20.4756],[-90.49513,20.47564],[-90.49511,20.47566],[-90.49497,20.47576],[-90.49479,20.47602],[-90.49478,20.4762],[-90.4948,20.47624],[-90.49487,20.47635],[-90.49497,20.47639],[-90.49513,20.47646],[-90.4952,20.4766],[-90.49529,20.4767],[-90.49542,20.47672],[-90.49542,20.47676],[-90.49541,20.47681],[-90.49547,20.47691],[-90.49557,20.47692],[-90.49565,20.47694],[-90.49567,20.47713],[-90.49568,20.47713],[-90.49582,20.47721],[-90.49595,20.47733],[-90.49622,20.47745],[-90.49635,20.47749],[-90.49645,20.47758],[-90.49645,20.47758],[-90.49654,20.47768],[-90.49658,20.47774],[-90.49674,20.47788],[-90.49677,20.4779],[-90.49683,20.47796],[-90.49676,20.47805],[-90.49669,20.4781],[-90.49664,20.47814],[-90.49664,20.47814],[-90.49663,20.47813],[-90.49662,20.47813],[-90.49657,20.47813],[-90.49648,20.4781],[-90.49647,20.4781],[-90.49638,20.47812],[-90.49635,20.47813],[-90.4963,20.47815],[-90.49629,20.47816],[-90.49626,20.47821],[-90.49624,20.4783],[-90.49623,20.47843],[-90.49616,20.47848],[-90.49615,20.47848],[-90.49613,20.47848],[-90.49604,20.47851],[-90.49604,20.4785],[-90.49597,20.47836],[-90.49583,20.4783],[-90.49581,20.4783],[-90.49569,20.4783],[-90.49557,20.47832],[-90.49555,20.47832],[-90.49548,20.4783],[-90.49548,20.47821],[-90.49543,20.47814],[-90.49535,20.47804],[-90.49523,20.47801],[-90.4952,20.478],[-90.49502,20.47799],[-90.49502,20.47799],[-90.49492,20.47795],[-90.49488,20.47794],[-90.49477,20.47792],[-90.49476,20.47792],[-90.49462,20.47795],[-90.49461,20.47796],[-90.49461,20.47796],[-90.49461,20.47796],[-90.49454,20.47803],[-90.49452,20.47813],[-90.49449,20.47812],[-90.49448,20.47812],[-90.49439,20.47812],[-90.49425,20.47815],[-90.49411,20.47819],[-90.49398,20.4782],[-90.49397,20.47821],[-90.49397,20.47821],[-90.49387,20.47834],[-90.49392,20.47845],[-90.49394,20.47849],[-90.49398,20.47865],[-90.49399,20.47886],[-90.49398,20.47888],[-90.49391,20.47905],[-90.49391,20.47926],[-90.49388,20.47928],[-90.4938,20.47932],[-90.49379,20.47932],[-90.49378,20.47932],[-90.49367,20.4793],[-90.49353,20.47924],[-90.49341,20.47917],[-90.49328,20.47912],[-90.49326,20.47913],[-90.49313,20.47914],[-90.4931,20.47915],[-90.49304,20.47918],[-90.49303,20.47918],[-90.49303,20.47917],[-90.49295,20.4791],[-90.49271,20.47907],[-90.49244,20.47901],[-90.49228,20.47898],[-90.49228,20.47898],[-90.49208,20.47901],[-90.49207,20.47902],[-90.49207,20.47902],[-90.49201,20.47913],[-90.49199,20.47913],[-90.49198,20.47913],[-90.49198,20.47913],[-90.49176,20.4791],[-90.49165,20.47894],[-90.49143,20.47885],[-90.49119,20.47872],[-90.49118,20.47871],[-90.49118,20.4787],[-90.49121,20.47863],[-90.49112,20.47851],[-90.49112,20.47836],[-90.49098,20.47824],[-90.49085,20.47823],[-90.49085,20.47823],[-90.49069,20.47825],[-90.49068,20.47826],[-90.49068,20.47825],[-90.49068,20.47821],[-90.49068,20.47814],[-90.49061,20.47802],[-90.49052,20.47799],[-90.49043,20.47793],[-90.49037,20.47784],[-90.49021,20.47772],[-90.49009,20.47761],[-90.49008,20.4776],[-90.49008,20.4776],[-90.49009,20.47759],[-90.49018,20.47754],[-90.49021,20.47753],[-90.49024,20.47742],[-90.49019,20.47728],[-90.49014,20.47719],[-90.49013,20.47718],[-90.49015,20.47699],[-90.49015,20.47699],[-90.49015,20.47699],[-90.49013,20.47688],[-90.49012,20.47679],[-90.49002,20.47667],[-90.49001,20.47662],[-90.49,20.47658],[-90.49,20.47657],[-90.48999,20.47655],[-90.48999,20.47653],[-90.49007,20.47658],[-90.49007,20.47658],[-90.49008,20.47658],[-90.49009,20.47659],[-90.49009,20.47659],[-90.49011,20.47657],[-90.49013,20.47654],[-90.49019,20.47647],[-90.49019,20.4763],[-90.49024,20.47617],[-90.49024,20.47603],[-90.49014,20.47586],[-90.4901,20.47573],[-90.48996,20.4756],[-90.48994,20.47558],[-90.48994,20.47555],[-90.48989,20.47535],[-90.48979,20.4752],[-90.48974,20.47509],[-90.48967,20.47498],[-90.48955,20.47482],[-90.48943,20.47468],[-90.48933,20.4746],[-90.48917,20.47447],[-90.48915,20.47445],[-90.48902,20.47437],[-90.48898,20.47428],[-90.48894,20.47421],[-90.48894,20.47421],[-90.48893,20.47416],[-90.4889,20.474],[-90.4889,20.47399],[-90.48887,20.47393],[-90.48884,20.47387],[-90.48866,20.47378],[-90.48855,20.47374],[-90.48843,20.47366],[-90.48838,20.47364],[-90.48832,20.47362],[-90.48816,20.47355],[-90.48803,20.47353],[-90.48789,20.47343],[-90.48786,20.47341],[-90.48772,20.47336],[-90.48759,20.47335],[-90.48757,20.47334],[-90.48754,20.47333],[-90.48741,20.47325],[-90.48727,20.47323],[-90.4872,20.47322],[-90.48714,20.47318],[-90.48711,20.47316],[-90.48689,20.47308],[-90.4868,20.47305],[-90.48676,20.47303],[-90.48674,20.473],[-90.4867,20.47291],[-90.48661,20.47289],[-90.48653,20.47287],[-90.48645,20.47275],[-90.48645,20.47275],[-90.48635,20.47262],[-90.48633,20.47247],[-90.48625,20.47244],[-90.48616,20.4724],[-90.48619,20.47232],[-90.48622,20.47226],[-90.48619,20.47209],[-90.48619,20.47205],[-90.48613,20.47201],[-90.48603,20.47196],[-90.48582,20.47187],[-90.48561,20.47178],[-90.48532,20.4716],[-90.48529,20.4716],[-90.4851,20.4716],[-90.48485,20.47165],[-90.48482,20.47166],[-90.48464,20.47174],[-90.48464,20.47175],[-90.48459,20.47186],[-90.48457,20.47185],[-90.48456,20.47185],[-90.48456,20.47185],[-90.48448,20.47181],[-90.48425,20.47174],[-90.48398,20.47169],[-90.48385,20.47161],[-90.4838,20.47152],[-90.4837,20.47147],[-90.48367,20.47134],[-90.48367,20.47114],[-90.48341,20.47093],[-90.48329,20.4708],[-90.48309,20.47067],[-90.48297,20.47053],[-90.48275,20.47045],[-90.48265,20.47031],[-90.48237,20.47018],[-90.48235,20.47018],[-90.48212,20.47016],[-90.48212,20.47016],[-90.48203,20.47011],[-90.48182,20.47002],[-90.4818,20.47002],[-90.4816,20.47003],[-90.48138,20.47011],[-90.48105,20.47024],[-90.48103,20.47023],[-90.48087,20.47018],[-90.48061,20.47008],[-90.48034,20.47005],[-90.48033,20.47005],[-90.4801,20.47004],[-90.47997,20.47006],[-90.47994,20.47008],[-90.47975,20.47015],[-90.47975,20.47015],[-90.47967,20.47016],[-90.47955,20.47017],[-90.47954,20.47016],[-90.47942,20.47003],[-90.4794,20.47004],[-90.47917,20.47006],[-90.47916,20.47007],[-90.47916,20.47007],[-90.47906,20.47027],[-90.479,20.47033],[-90.47899,20.47033],[-90.47896,20.47034],[-90.47887,20.47037],[-90.47876,20.47037],[-90.47875,20.47037],[-90.47862,20.47031],[-90.47861,20.47031],[-90.47859,20.47033],[-90.47859,20.47033],[-90.47845,20.47041],[-90.47845,20.47041],[-90.47844,20.47041],[-90.47843,20.4704],[-90.47832,20.47036],[-90.47817,20.47034],[-90.47814,20.47031],[-90.47807,20.47025],[-90.47806,20.47026],[-90.47805,20.47028],[-90.47804,20.47028],[-90.478,20.47036],[-90.47798,20.47035],[-90.47797,20.47035],[-90.47794,20.47034],[-90.47787,20.47032],[-90.47787,20.47032],[-90.47786,20.47034],[-90.47786,20.47035],[-90.4778,20.47048],[-90.47775,20.4706],[-90.47771,20.47066],[-90.47769,20.47069],[-90.47768,20.47068],[-90.47768,20.47068],[-90.47767,20.47067],[-90.4776,20.4706],[-90.47758,20.47059],[-90.47757,20.4706],[-90.47756,20.47061],[-90.47755,20.47061],[-90.47707,20.47103],[-90.47685,20.47123],[-90.47682,20.47125],[-90.4768,20.47128],[-90.47655,20.47167],[-90.47642,20.47202],[-90.47633,20.47237],[-90.47626,20.47278],[-90.47623,20.47303],[-90.47617,20.47324],[-90.47606,20.4734],[-90.47588,20.47358],[-90.47588,20.47357],[-90.47588,20.47355],[-90.47588,20.47351],[-90.47588,20.47341],[-90.47582,20.47315],[-90.47579,20.47293],[-90.47574,20.47289],[-90.47567,20.47282],[-90.47564,20.47281],[-90.47556,20.4727],[-90.47561,20.47264],[-90.47573,20.47252],[-90.47576,20.47249],[-90.47576,20.47236],[-90.47573,20.47229],[-90.47565,20.47215],[-90.47564,20.47214],[-90.4755,20.47199],[-90.47559,20.47183],[-90.47579,20.47166],[-90.47583,20.47162],[-90.476,20.47146],[-90.47596,20.47137],[-90.47591,20.47117],[-90.47585,20.47106],[-90.47575,20.47087],[-90.47551,20.4708],[-90.47523,20.47077],[-90.47504,20.4707],[-90.47499,20.4706],[-90.47498,20.47058],[-90.47516,20.47058],[-90.47528,20.47055],[-90.47529,20.47055],[-90.47538,20.47049],[-90.47541,20.47047],[-90.47552,20.4705],[-90.47557,20.47055],[-90.47574,20.47052],[-90.4759,20.47046],[-90.47592,20.47046],[-90.47612,20.47042],[-90.47624,20.47037],[-90.47627,20.47035],[-90.47628,20.47028],[-90.47631,20.47015],[-90.47635,20.46998],[-90.47633,20.46986],[-90.4763,20.46975],[-90.47626,20.46972],[-90.47618,20.46967],[-90.47607,20.46955],[-90.47602,20.46939],[-90.47605,20.46931],[-90.47606,20.46928],[-90.47612,20.4693],[-90.4762,20.46932],[-90.47628,20.46935],[-90.4764,20.46941],[-90.47655,20.46937],[-90.47656,20.46937],[-90.4767,20.46929],[-90.4767,20.46928],[-90.47689,20.46918],[-90.47691,20.46907],[-90.47693,20.46904],[-90.47704,20.46887],[-90.47709,20.46868],[-90.4771,20.46853],[-90.47711,20.46837],[-90.47705,20.46824],[-90.47705,20.46823],[-90.47726,20.46818],[-90.47733,20.46814],[-90.47736,20.46812],[-90.47745,20.46801],[-90.47767,20.46781],[-90.47788,20.46765],[-90.47802,20.46756],[-90.47803,20.46755],[-90.47816,20.46748],[-90.47819,20.46747],[-90.47828,20.46734],[-90.47828,20.46716],[-90.47828,20.46715],[-90.47846,20.46714],[-90.47861,20.46713],[-90.47868,20.46715],[-90.47879,20.46724],[-90.47889,20.46728],[-90.479,20.4673],[-90.47911,20.46735],[-90.47915,20.46736],[-90.47921,20.46738],[-90.47928,20.46737],[-90.4793,20.46737],[-90.47933,20.46727],[-90.47934,20.46723],[-90.47947,20.46704],[-90.47947,20.46695],[-90.47945,20.46675],[-90.47945,20.46674],[-90.47963,20.46672],[-90.47971,20.46669],[-90.47974,20.46668],[-90.47979,20.4666],[-90.4798,20.46659],[-90.47989,20.46655],[-90.47991,20.46654],[-90.47997,20.46646],[-90.48008,20.46638],[-90.48024,20.46626],[-90.48025,20.46625],[-90.48038,20.4662],[-90.48047,20.46616],[-90.48055,20.46617],[-90.48063,20.46619],[-90.48075,20.46619],[-90.48077,20.46619],[-90.48081,20.46613],[-90.48082,20.46611],[-90.48093,20.46613],[-90.48101,20.4661],[-90.48103,20.46609],[-90.48107,20.466],[-90.48113,20.46589],[-90.48114,20.46589],[-90.48123,20.46585],[-90.48125,20.46583],[-90.48128,20.4658],[-90.48129,20.4658],[-90.48131,20.46579],[-90.48134,20.46577],[-90.48135,20.46572],[-90.48135,20.46569],[-90.48139,20.4657],[-90.4814,20.46571],[-90.48145,20.46563],[-90.4815,20.46557],[-90.48151,20.46556],[-90.48158,20.46554],[-90.4816,20.46553],[-90.48163,20.46546],[-90.48163,20.46546],[-90.48174,20.46542],[-90.48176,20.46541],[-90.4818,20.46537],[-90.48181,20.46535],[-90.48188,20.46536],[-90.4819,20.46536],[-90.48192,20.4653],[-90.48192,20.46529],[-90.48203,20.46525],[-90.48207,20.46523],[-90.4821,20.46521],[-90.48222,20.46508],[-90.48229,20.4649],[-90.48222,20.46485],[-90.48214,20.46475],[-90.4821,20.46469],[-90.48219,20.46449],[-90.48228,20.46435],[-90.48247,20.46422],[-90.48254,20.46414],[-90.48254,20.46414],[-90.48264,20.46408],[-90.48267,20.46406],[-90.48269,20.46399],[-90.4827,20.46396],[-90.4828,20.464],[-90.48287,20.46412],[-90.48295,20.46414],[-90.48301,20.46413],[-90.48302,20.46413],[-90.48309,20.46407],[-90.48314,20.46403],[-90.48315,20.46402],[-90.48326,20.46397],[-90.48334,20.46394],[-90.48339,20.46394],[-90.48351,20.46391],[-90.48361,20.46385],[-90.4837,20.46382],[-90.48377,20.46382],[-90.4839,20.4638],[-90.48403,20.46375],[-90.48403,20.46375],[-90.48411,20.46371],[-90.48413,20.46369],[-90.48421,20.46366],[-90.48428,20.46367],[-90.48433,20.46365],[-90.48436,20.46364],[-90.4844,20.46357],[-90.48442,20.4635],[-90.48442,20.46349],[-90.48448,20.46348],[-90.48449,20.46348],[-90.48456,20.46343],[-90.4846,20.46337],[-90.48457,20.46333],[-90.48452,20.46325],[-90.48454,20.46322],[-90.48455,20.46321],[-90.48461,20.46318],[-90.48463,20.46317],[-90.48465,20.46314],[-90.48467,20.4631],[-90.48468,20.46308],[-90.48477,20.46309],[-90.48483,20.46311],[-90.48486,20.46317],[-90.48492,20.46318],[-90.48494,20.46319],[-90.48496,20.46315],[-90.485,20.46307],[-90.48506,20.46298],[-90.48507,20.46297],[-90.48524,20.46293],[-90.48535,20.46291],[-90.4855,20.46287],[-90.48562,20.46286],[-90.48577,20.46292],[-90.48586,20.46296],[-90.48598,20.463],[-90.48609,20.46303],[-90.48624,20.46304],[-90.48635,20.46301],[-90.48657,20.46297],[-90.48684,20.46297],[-90.48698,20.46298],[-90.48709,20.463],[-90.48727,20.46302],[-90.48727,20.46304],[-90.48727,20.46315],[-90.48728,20.46323],[-90.48734,20.46342],[-90.48742,20.46361],[-90.48754,20.46372],[-90.4876,20.46386],[-90.48767,20.46395],[-90.48777,20.464],[-90.48788,20.46405],[-90.48798,20.46412],[-90.48806,20.46414],[-90.48815,20.46414],[-90.48816,20.46418],[-90.4882,20.46425],[-90.48831,20.46432],[-90.48842,20.46434],[-90.4885,20.46437],[-90.48855,20.46444],[-90.48866,20.46455],[-90.48882,20.46461],[-90.48893,20.46462],[-90.48897,20.46472],[-90.48896,20.46482],[-90.48893,20.46483],[-90.48891,20.46484],[-90.4889,20.46485],[-90.48882,20.46498],[-90.4887,20.46512],[-90.48865,20.46529],[-90.48869,20.46539],[-90.48872,20.4654],[-90.48878,20.46544],[-90.48882,20.4655],[-90.48887,20.46557],[-90.48893,20.46565],[-90.489,20.46574],[-90.48903,20.46584],[-90.48911,20.46589],[-90.48914,20.46594],[-90.48923,20.46603],[-90.48928,20.46602],[-90.48931,20.46604],[-90.48936,20.46607],[-90.48946,20.46611],[-90.4895,20.46613],[-90.48954,20.46621],[-90.48958,20.46628],[-90.48964,20.46635],[-90.4897,20.46641],[-90.48974,20.46646],[-90.48981,20.46653],[-90.48988,20.46653],[-90.48989,20.46653],[-90.48992,20.46651],[-90.48994,20.46649],[-90.48999,20.46651],[-90.4901,20.46654],[-90.49016,20.46654],[-90.4902,20.46657],[-90.49027,20.46659],[-90.49032,20.46662],[-90.49037,20.46662],[-90.49041,20.46672],[-90.4904,20.4668],[-90.49045,20.46685],[-90.4905,20.46689],[-90.49057,20.4669],[-90.49065,20.46692],[-90.49072,20.467],[-90.49074,20.46712],[-90.49075,20.46725],[-90.49076,20.46729],[-90.49079,20.46732],[-90.49099,20.46735],[-90.4912,20.4673],[-90.49141,20.46728],[-90.49149,20.46728],[-90.49153,20.46733],[-90.49157,20.46734],[-90.49158,20.46734],[-90.49163,20.46729],[-90.49165,20.46727],[-90.49179,20.46725],[-90.4919,20.46727],[-90.49191,20.46727],[-90.49192,20.46728],[-90.49196,20.46723],[-90.49198,20.46719],[-90.49208,20.46711],[-90.49205,20.46702],[-90.49207,20.46683],[-90.49207,20.46683],[-90.49223,20.46675],[-90.49228,20.4668],[-90.49229,20.4668],[-90.49233,20.46677],[-90.49232,20.46668],[-90.49234,20.46654],[-90.49231,20.46643],[-90.4923,20.46635],[-90.4923,20.46634],[-90.4925,20.46629],[-90.49268,20.46625],[-90.49297,20.46619],[-90.49323,20.46619],[-90.4934,20.4662],[-90.49355,20.46621],[-90.49363,20.46632],[-90.49371,20.4664],[-90.49377,20.46639],[-90.49383,20.46643],[-90.49393,20.46639],[-90.49398,20.46647],[-90.494,20.46655],[-90.49409,20.46657],[-90.49408,20.46664],[-90.4942,20.46664],[-90.4942,20.46664],[-90.49429,20.46658],[-90.49432,20.46656],[-90.49446,20.46655],[-90.49461,20.46656],[-90.49475,20.46661],[-90.49486,20.46667],[-90.49491,20.46676],[-90.49503,20.46685],[-90.49512,20.46694],[-90.49521,20.46706],[-90.49529,20.46723],[-90.49539,20.46723],[-90.49547,20.46724],[-90.49549,20.46732],[-90.49554,20.46743],[-90.49558,20.4675],[-90.49569,20.46753],[-90.49579,20.46757],[-90.49592,20.4676],[-90.49598,20.46759],[-90.49599,20.46759],[-90.49604,20.46755],[-90.49607,20.46753],[-90.49611,20.46763],[-90.4961,20.46773],[-90.49612,20.46782],[-90.49615,20.46793],[-90.49621,20.468],[-90.49629,20.46808],[-90.49639,20.46818],[-90.49649,20.46821],[-90.49656,20.46829],[-90.49656,20.46837],[-90.49665,20.46842],[-90.49672,20.46847],[-90.49683,20.46858],[-90.49692,20.46857],[-90.49706,20.46857],[-90.49712,20.46866],[-90.4972,20.46877],[-90.49729,20.46889],[-90.49743,20.46893],[-90.49743,20.46893],[-90.49753,20.46886],[-90.49756,20.46884],[-90.49764,20.46889],[-90.49766,20.46899],[-90.49773,20.46909],[-90.49796,20.46919],[-90.49822,20.46921],[-90.49837,20.46922],[-90.49852,20.4692],[-90.49864,20.46918],[-90.4988,20.46915],[-90.49899,20.46916],[-90.49901,20.46916],[-90.49903,20.46913],[-90.49906,20.46911],[-90.49909,20.46909],[-90.49918,20.46908],[-90.49925,20.46904],[-90.49931,20.46904],[-90.4994,20.46909],[-90.49945,20.46912],[-90.49947,20.46911],[-90.49955,20.46911],[-90.49962,20.46913],[-90.49965,20.46916],[-90.49972,20.46916],[-90.4998,20.4692],[-90.49987,20.46919],[-90.49993,20.46919],[-90.49998,20.46922],[-90.50006,20.46923],[-90.50019,20.46921],[-90.50032,20.46917],[-90.50033,20.46916],[-90.50043,20.46908],[-90.50056,20.46893],[-90.50061,20.46883],[-90.50063,20.4687],[-90.50067,20.46867],[-90.50074,20.4686],[-90.50079,20.46852],[-90.5008,20.46852],[-90.50085,20.4685],[-90.50087,20.46849],[-90.50089,20.46843],[-90.50088,20.46835],[-90.50093,20.46832],[-90.50091,20.46828],[-90.50096,20.46821],[-90.50101,20.46813],[-90.50104,20.46801],[-90.50105,20.46789],[-90.50105,20.46778],[-90.5011,20.46774],[-90.50111,20.46767],[-90.50112,20.46762],[-90.50113,20.46757],[-90.50115,20.46755],[-90.50118,20.46751],[-90.50123,20.46746],[-90.50119,20.46742],[-90.50117,20.46735],[-90.50116,20.4673],[-90.50116,20.4673],[-90.50116,20.46723],[-90.50114,20.4672],[-90.50113,20.46718],[-90.50114,20.4671],[-90.50114,20.4671],[-90.50116,20.46704],[-90.50116,20.46704],[-90.50117,20.46698],[-90.50116,20.46697],[-90.50115,20.46694],[-90.50112,20.46691],[-90.50113,20.46686],[-90.50115,20.46682],[-90.50116,20.4668],[-90.50115,20.46678],[-90.50112,20.46672],[-90.50114,20.4666],[-90.50114,20.46655],[-90.50115,20.46654],[-90.50117,20.46651],[-90.50118,20.46649],[-90.50118,20.46647],[-90.50122,20.46642],[-90.5012,20.46641],[-90.50119,20.4664],[-90.50118,20.46639],[-90.50118,20.46635],[-90.5012,20.46631],[-90.5012,20.46631],[-90.50122,20.46629],[-90.50124,20.46628],[-90.50125,20.46628],[-90.50127,20.46625],[-90.50129,20.46622],[-90.50134,20.46615],[-90.50137,20.46605],[-90.50144,20.46601],[-90.50151,20.4659],[-90.50159,20.46581],[-90.50168,20.46573],[-90.50178,20.46565],[-90.50179,20.46563],[-90.50181,20.46562],[-90.50181,20.46562],[-90.50184,20.4656],[-90.50186,20.46559],[-90.50193,20.46556],[-90.50195,20.46554],[-90.50206,20.46546],[-90.50215,20.46541],[-90.50222,20.46535],[-90.50224,20.46534],[-90.50233,20.4653],[-90.50235,20.46529],[-90.50236,20.46526],[-90.50236,20.46526],[-90.50238,20.46517],[-90.50231,20.46513],[-90.50231,20.46513],[-90.50232,20.46511],[-90.50237,20.46512],[-90.50244,20.46512],[-90.50245,20.46512],[-90.50248,20.46509],[-90.50248,20.46509],[-90.50251,20.46508],[-90.50252,20.46507],[-90.50254,20.46506],[-90.50253,20.46503],[-90.5025,20.465],[-90.50251,20.46498],[-90.50255,20.46492],[-90.50255,20.46485],[-90.50252,20.46482],[-90.50248,20.46479],[-90.50245,20.46474],[-90.50246,20.46468],[-90.50246,20.46462],[-90.5025,20.46459],[-90.50247,20.46454],[-90.50244,20.46452],[-90.50243,20.46451],[-90.50241,20.46449],[-90.50239,20.46438],[-90.50243,20.46436],[-90.50244,20.46434],[-90.50252,20.46432],[-90.50253,20.46432],[-90.50258,20.46427],[-90.5026,20.4642],[-90.5026,20.46418],[-90.50261,20.46414],[-90.50262,20.46412],[-90.50261,20.46407],[-90.50258,20.46407],[-90.50255,20.46406],[-90.50255,20.46405],[-90.50254,20.46404],[-90.50253,20.46401],[-90.50251,20.46395],[-90.5025,20.46395],[-90.5025,20.46395],[-90.50247,20.4639],[-90.50247,20.46389],[-90.50247,20.46386],[-90.50247,20.46383],[-90.50247,20.46379],[-90.50242,20.46376],[-90.5024,20.46371],[-90.50236,20.4637],[-90.50234,20.46365],[-90.50231,20.46364],[-90.50226,20.46362],[-90.50224,20.46362],[-90.50225,20.46361],[-90.50226,20.46358],[-90.50222,20.46354],[-90.50216,20.46349],[-90.50212,20.46345],[-90.50211,20.46344],[-90.50208,20.46344],[-90.50203,20.46343],[-90.502,20.46338],[-90.50203,20.46335],[-90.50204,20.46333],[-90.50205,20.46332],[-90.5021,20.46329],[-90.50209,20.46326],[-90.50204,20.46323],[-90.50197,20.46317],[-90.50195,20.46308],[-90.50192,20.46302],[-90.50183,20.46294],[-90.50175,20.46284],[-90.50163,20.46277],[-90.50152,20.46262],[-90.50148,20.46247],[-90.50146,20.46231],[-90.50143,20.46221],[-90.50141,20.46209],[-90.50138,20.46209],[-90.50136,20.46205],[-90.50133,20.46202],[-90.50131,20.46197],[-90.5013,20.46196],[-90.50127,20.46195],[-90.50128,20.4619],[-90.50129,20.46188],[-90.5013,20.46182],[-90.50129,20.46174],[-90.50128,20.46166],[-90.50125,20.46162],[-90.50122,20.46151],[-90.50124,20.46148],[-90.50123,20.46138],[-90.50122,20.46133],[-90.50119,20.46128],[-90.5012,20.46123],[-90.50115,20.46114],[-90.50115,20.46113],[-90.50115,20.46112],[-90.50116,20.46107],[-90.50115,20.46098],[-90.50113,20.46093],[-90.50112,20.46091],[-90.50109,20.46086],[-90.50108,20.46084],[-90.50108,20.46081],[-90.50109,20.46073],[-90.5011,20.46069],[-90.50111,20.46065],[-90.5011,20.46056],[-90.50108,20.46052],[-90.5011,20.46045],[-90.5011,20.46043],[-90.50109,20.46037],[-90.50107,20.46034],[-90.50105,20.4603],[-90.50105,20.4603],[-90.50107,20.46027],[-90.50107,20.46027],[-90.50105,20.46024],[-90.50106,20.46022],[-90.50112,20.46016],[-90.50115,20.46011],[-90.5012,20.46007],[-90.50122,20.46005],[-90.50123,20.46004],[-90.50124,20.46],[-90.50125,20.45999],[-90.50122,20.45991],[-90.50123,20.45988],[-90.50119,20.45983],[-90.50119,20.45982],[-90.50118,20.45982],[-90.50116,20.4598],[-90.50112,20.45978],[-90.5011,20.45972],[-90.5011,20.45968],[-90.5011,20.45964],[-90.50111,20.45959],[-90.50111,20.45957],[-90.50109,20.45951],[-90.50109,20.45944],[-90.50107,20.45938],[-90.50104,20.45935],[-90.50103,20.45934],[-90.50101,20.4593],[-90.50101,20.45928],[-90.50102,20.45925],[-90.50102,20.45913],[-90.501,20.45906],[-90.50099,20.45901],[-90.50095,20.45893],[-90.50091,20.45892],[-90.5009,20.4589],[-90.50091,20.45885],[-90.5009,20.45883],[-90.5009,20.45883],[-90.50092,20.45882],[-90.50095,20.4588],[-90.50094,20.45878],[-90.50095,20.45874],[-90.5009,20.45871],[-90.50091,20.45864],[-90.50082,20.45859],[-90.50081,20.45854],[-90.50076,20.45852],[-90.50075,20.45834],[-90.50079,20.45824],[-90.50079,20.45818],[-90.50076,20.45809],[-90.50074,20.45806],[-90.50074,20.45805],[-90.50074,20.45786],[-90.50074,20.45773],[-90.50074,20.45765],[-90.50078,20.45762],[-90.50078,20.45762],[-90.5008,20.45751],[-90.50081,20.45749],[-90.50083,20.45741],[-90.50084,20.45727],[-90.50084,20.45725],[-90.50083,20.45722],[-90.50082,20.45718],[-90.50081,20.45716],[-90.50078,20.45705],[-90.50081,20.45701],[-90.50081,20.45691],[-90.50081,20.4569],[-90.5008,20.45686],[-90.50082,20.45686],[-90.50084,20.45688],[-90.50084,20.45688],[-90.50085,20.45688],[-90.50087,20.45687],[-90.50087,20.45687],[-90.50087,20.45686],[-90.50087,20.45682],[-90.50087,20.45676],[-90.50088,20.45673],[-90.50085,20.45669],[-90.50082,20.45664],[-90.50074,20.4566],[-90.50077,20.45648],[-90.50076,20.45646],[-90.5007,20.45641],[-90.5007,20.45641],[-90.50069,20.45637],[-90.50069,20.45632],[-90.50069,20.45626],[-90.50072,20.45625],[-90.50072,20.45624],[-90.50074,20.45622],[-90.50075,20.45621],[-90.50079,20.45612],[-90.50075,20.45609],[-90.50074,20.45608],[-90.50074,20.45605],[-90.50074,20.45599],[-90.50072,20.45598],[-90.50071,20.4559],[-90.50072,20.4558],[-90.50064,20.45574],[-90.50061,20.45566],[-90.50051,20.45556],[-90.50046,20.45555],[-90.50043,20.45554],[-90.50043,20.45552],[-90.50042,20.45542],[-90.50041,20.45535],[-90.50036,20.45532],[-90.50032,20.45523],[-90.50025,20.45507],[-90.5001,20.45506],[-90.49995,20.45505],[-90.49989,20.45496],[-90.49988,20.45494],[-90.49988,20.45493],[-90.49992,20.45484],[-90.49993,20.45478],[-90.49987,20.45478],[-90.49979,20.45473],[-90.49971,20.45468],[-90.49961,20.45464],[-90.49961,20.45464],[-90.49961,20.45464],[-90.49964,20.45457],[-90.49958,20.45445],[-90.49957,20.45444],[-90.49954,20.45442],[-90.49943,20.45435],[-90.4993,20.45416],[-90.49927,20.45403],[-90.49926,20.45399],[-90.49926,20.45399],[-90.49918,20.45386],[-90.49918,20.45379],[-90.49918,20.45376],[-90.49918,20.45372],[-90.4991,20.45368],[-90.49907,20.45366],[-90.49903,20.45361],[-90.499,20.45361],[-90.49898,20.45361],[-90.49897,20.45361],[-90.4989,20.45361],[-90.49875,20.45368],[-90.49872,20.4537],[-90.49864,20.45374],[-90.49864,20.45374],[-90.49849,20.45381],[-90.49848,20.45382],[-90.49837,20.45389],[-90.49837,20.45389],[-90.49836,20.4539],[-90.49829,20.45399],[-90.49827,20.454],[-90.4982,20.45402],[-90.49818,20.45403],[-90.49814,20.45407],[-90.49813,20.45416],[-90.49816,20.45425],[-90.4982,20.45433],[-90.49823,20.45435],[-90.49825,20.45437],[-90.49826,20.45434],[-90.49828,20.45429],[-90.49831,20.45436],[-90.4983,20.45444],[-90.49827,20.45453],[-90.49821,20.45462],[-90.49819,20.45472],[-90.49824,20.45479],[-90.49824,20.45486],[-90.49816,20.45492],[-90.49815,20.45499],[-90.49809,20.45504],[-90.49801,20.4551],[-90.49793,20.45519],[-90.49791,20.45531],[-90.49787,20.45539],[-90.49785,20.45539],[-90.49774,20.45539],[-90.49773,20.4554],[-90.49771,20.45547],[-90.49766,20.45551],[-90.49755,20.45558],[-90.49743,20.45572],[-90.49735,20.4558],[-90.49735,20.4558],[-90.49729,20.45576],[-90.49728,20.45575],[-90.49593,20.4554],[-90.4959,20.4554],[-90.49587,20.45539],[-90.49609,20.45526],[-90.49619,20.45513],[-90.49627,20.45497],[-90.49633,20.45476],[-90.49634,20.45454],[-90.49632,20.4543],[-90.49632,20.45423],[-90.4963,20.45412],[-90.49625,20.45405],[-90.49627,20.45398],[-90.49623,20.45392],[-90.4962,20.45387],[-90.49617,20.45387],[-90.49614,20.45386],[-90.49609,20.45385],[-90.49607,20.45381],[-90.49607,20.4538],[-90.49609,20.45378],[-90.49613,20.45378],[-90.49614,20.45378],[-90.49618,20.45375],[-90.49618,20.45369],[-90.49617,20.4536],[-90.49617,20.45358],[-90.49617,20.45352],[-90.49612,20.45349],[-90.49609,20.45346],[-90.49602,20.45343],[-90.49597,20.4534],[-90.49596,20.45332],[-90.49591,20.45329],[-90.49591,20.45327],[-90.49594,20.45324],[-90.49594,20.45321],[-90.49594,20.45321],[-90.49588,20.4532],[-90.49588,20.45317],[-90.49588,20.45314],[-90.49587,20.45311],[-90.49583,20.45309],[-90.4958,20.45305],[-90.49575,20.45303],[-90.49574,20.45298],[-90.49574,20.45297],[-90.49574,20.45294],[-90.49574,20.45291],[-90.49573,20.45288],[-90.49568,20.45286],[-90.49567,20.45287],[-90.49566,20.45288],[-90.49565,20.45289],[-90.49564,20.45289],[-90.49561,20.45292],[-90.49559,20.45295],[-90.49558,20.45295],[-90.49554,20.45294],[-90.49554,20.4529],[-90.49553,20.45286],[-90.49548,20.45285],[-90.49547,20.45282],[-90.49548,20.45275],[-90.4955,20.45273],[-90.49552,20.45272],[-90.49554,20.45271],[-90.49554,20.45264],[-90.49553,20.45262],[-90.49546,20.45258],[-90.49547,20.45255],[-90.49546,20.45251],[-90.49548,20.45249],[-90.49548,20.45248],[-90.49551,20.45244],[-90.4955,20.45241],[-90.49546,20.45239],[-90.49539,20.45237],[-90.49538,20.45237],[-90.49538,20.45236],[-90.49538,20.45232],[-90.49535,20.45232],[-90.4953,20.45232],[-90.49526,20.45233],[-90.49521,20.45233],[-90.49518,20.45229],[-90.49515,20.45225],[-90.49515,20.45219],[-90.49517,20.45214],[-90.49514,20.45212],[-90.49508,20.45212],[-90.49506,20.45214],[-90.49504,20.45215],[-90.49504,20.45215],[-90.49501,20.45214],[-90.495,20.45214],[-90.49497,20.4521],[-90.49496,20.45206],[-90.49496,20.45205],[-90.49497,20.452],[-90.49498,20.45193],[-90.49498,20.45188],[-90.49497,20.45187],[-90.49492,20.45186],[-90.49488,20.45184],[-90.49485,20.45182],[-90.49485,20.45182],[-90.49483,20.45182],[-90.4948,20.45182],[-90.49478,20.4518],[-90.49479,20.45177],[-90.49479,20.45175],[-90.49479,20.45173],[-90.49479,20.45172],[-90.49482,20.45172],[-90.49484,20.45172],[-90.49484,20.45172],[-90.49487,20.45171],[-90.49487,20.45164],[-90.49486,20.45162],[-90.49483,20.45162],[-90.49481,20.45161],[-90.4948,20.45161],[-90.4948,20.45156],[-90.49481,20.45156],[-90.49483,20.45154],[-90.49483,20.45154],[-90.49484,20.45153],[-90.49488,20.45149],[-90.49483,20.45147],[-90.49483,20.45147],[-90.49482,20.45147],[-90.4948,20.45145],[-90.49478,20.45144],[-90.49474,20.4514],[-90.49475,20.45139],[-90.49476,20.45137],[-90.49479,20.45138],[-90.49479,20.45138],[-90.4948,20.45138],[-90.4948,20.45137],[-90.49481,20.45136],[-90.49485,20.45133],[-90.49486,20.45124],[-90.4948,20.45125],[-90.49479,20.45125],[-90.49476,20.45124],[-90.49476,20.45124],[-90.49475,20.45124],[-90.49466,20.45122],[-90.49459,20.4512],[-90.49459,20.45117],[-90.49462,20.45115],[-90.49466,20.45112],[-90.49467,20.45102],[-90.49467,20.45102],[-90.49466,20.45095],[-90.49465,20.45093],[-90.49463,20.45094],[-90.49461,20.45094],[-90.49459,20.4509],[-90.4946,20.45086],[-90.4946,20.45086],[-90.4946,20.45085],[-90.49462,20.45085],[-90.49464,20.45084],[-90.49464,20.45084],[-90.49467,20.45083],[-90.49469,20.45078],[-90.49466,20.45075],[-90.49461,20.45075],[-90.49459,20.45075],[-90.49457,20.45072],[-90.49456,20.4507],[-90.49455,20.45065],[-90.49453,20.45059],[-90.4945,20.45055],[-90.49442,20.45054],[-90.49436,20.45051],[-90.49436,20.45044],[-90.49436,20.45044],[-90.49441,20.45041],[-90.49442,20.45041],[-90.49445,20.4504],[-90.49445,20.4504],[-90.49445,20.45039],[-90.49452,20.45038],[-90.49453,20.45038],[-90.49454,20.45037],[-90.49454,20.45037],[-90.49455,20.45037],[-90.49457,20.45036],[-90.49456,20.45029],[-90.49454,20.45027],[-90.49453,20.45026],[-90.49452,20.45025],[-90.49451,20.45024],[-90.49446,20.45024],[-90.49441,20.45027],[-90.49434,20.45026],[-90.49435,20.45019],[-90.49434,20.45009],[-90.49434,20.45002],[-90.49434,20.45001],[-90.49439,20.44999],[-90.49446,20.44999],[-90.49447,20.44999],[-90.49449,20.44998],[-90.4945,20.44998],[-90.4945,20.44994],[-90.4945,20.44994],[-90.49451,20.44993],[-90.49452,20.44993],[-90.49453,20.44993],[-90.49456,20.44991],[-90.49452,20.44987],[-90.49452,20.44987],[-90.49451,20.44986],[-90.49449,20.44986],[-90.49443,20.44985],[-90.49441,20.44981],[-90.49445,20.44973],[-90.49445,20.44966],[-90.49441,20.44958],[-90.49432,20.44953],[-90.49435,20.4495],[-90.49436,20.44949],[-90.49444,20.44946],[-90.49449,20.44946],[-90.49452,20.44945],[-90.49453,20.44941],[-90.49456,20.44938],[-90.49457,20.44937],[-90.49457,20.44935],[-90.49457,20.44925],[-90.49455,20.44923],[-90.49451,20.44919],[-90.49444,20.44915],[-90.49434,20.44906],[-90.49431,20.44904],[-90.49424,20.44899],[-90.49424,20.44899],[-90.49424,20.44899],[-90.49425,20.44896],[-90.49427,20.44892],[-90.49425,20.44891],[-90.49425,20.4489],[-90.49422,20.44887],[-90.49414,20.44884],[-90.4942,20.44879],[-90.49421,20.44878],[-90.49429,20.44875],[-90.49431,20.44877],[-90.49433,20.44879],[-90.49433,20.44879],[-90.49433,20.4488],[-90.49434,20.44878],[-90.49434,20.44877],[-90.49435,20.44873],[-90.49436,20.44867],[-90.49436,20.44865],[-90.49437,20.44864],[-90.49437,20.44861],[-90.49437,20.4486],[-90.49436,20.44852],[-90.49433,20.44849],[-90.49431,20.44842],[-90.49426,20.44838],[-90.49422,20.44838],[-90.49419,20.44838],[-90.49417,20.44839],[-90.49416,20.4484],[-90.49414,20.44841],[-90.49413,20.44841],[-90.49412,20.44841],[-90.49406,20.44839],[-90.49404,20.44836],[-90.49403,20.44834],[-90.49404,20.44833],[-90.49408,20.44831],[-90.49407,20.44824],[-90.49405,20.44821],[-90.49402,20.44819],[-90.494,20.44817],[-90.494,20.44817],[-90.494,20.44816],[-90.49402,20.44811],[-90.49403,20.44809],[-90.49402,20.44807],[-90.49401,20.44802],[-90.49401,20.44801],[-90.494,20.448],[-90.494,20.448],[-90.49394,20.44799],[-90.49382,20.448],[-90.49377,20.448],[-90.49366,20.44803],[-90.49364,20.44804],[-90.49363,20.44804],[-90.49362,20.44806],[-90.49361,20.44806],[-90.4936,20.44806],[-90.49351,20.44808],[-90.49341,20.44813],[-90.4934,20.44814],[-90.49333,20.44818],[-90.49333,20.44818],[-90.4932,20.44823],[-90.49305,20.44827],[-90.49301,20.4482],[-90.49301,20.4482],[-90.49299,20.44816],[-90.49268,20.4476],[-90.49267,20.44756],[-90.49266,20.44754],[-90.49274,20.44754],[-90.49285,20.44751],[-90.49292,20.44752],[-90.49304,20.44749],[-90.4932,20.44746],[-90.4932,20.44746],[-90.49332,20.44739],[-90.49334,20.4473],[-90.49327,20.44729],[-90.49323,20.44726],[-90.49325,20.44713],[-90.49325,20.44713],[-90.49328,20.4471],[-90.49329,20.44717],[-90.49336,20.44719],[-90.49339,20.44718],[-90.4934,20.44717],[-90.49341,20.44717],[-90.49341,20.44717],[-90.49346,20.44712],[-90.4935,20.44706],[-90.49354,20.44702],[-90.49355,20.44695],[-90.49351,20.44695],[-90.49352,20.44687],[-90.49352,20.44678],[-90.49354,20.44675],[-90.49356,20.44666],[-90.49355,20.44658],[-90.49355,20.44653],[-90.49357,20.44644],[-90.49353,20.44637],[-90.49352,20.44628],[-90.4935,20.4462],[-90.4935,20.4462],[-90.49348,20.44619],[-90.49345,20.44618],[-90.49339,20.44617],[-90.49339,20.44609],[-90.49341,20.44606],[-90.49347,20.44603],[-90.49348,20.44602],[-90.49349,20.446],[-90.49349,20.446],[-90.49354,20.44595],[-90.49354,20.44595],[-90.49353,20.44594],[-90.49347,20.44593],[-90.49347,20.44593],[-90.49347,20.44593],[-90.49347,20.44588],[-90.49347,20.44587],[-90.49349,20.44583],[-90.49349,20.44582],[-90.49352,20.44581],[-90.49356,20.44581],[-90.49355,20.44578],[-90.49344,20.44571],[-90.49343,20.44574],[-90.49343,20.44576],[-90.49341,20.44575],[-90.49337,20.44574],[-90.49334,20.44568],[-90.4933,20.44567],[-90.49328,20.44567],[-90.49326,20.44566],[-90.49322,20.44565],[-90.49316,20.44564],[-90.49318,20.4456],[-90.49319,20.44559],[-90.49313,20.4455],[-90.4931,20.4455],[-90.49305,20.44549],[-90.49305,20.44546],[-90.49306,20.44545],[-90.49307,20.44543],[-90.49309,20.44541],[-90.49306,20.44531],[-90.49305,20.44529],[-90.49305,20.44528],[-90.49307,20.44509],[-90.49315,20.44496],[-90.49318,20.44491],[-90.49322,20.44485],[-90.49325,20.44477],[-90.49326,20.4447],[-90.49328,20.44468],[-90.4933,20.44466],[-90.49329,20.44463],[-90.49328,20.44459],[-90.49327,20.44458],[-90.49325,20.44457],[-90.49323,20.44456],[-90.49324,20.44448],[-90.49317,20.44441],[-90.49316,20.4444],[-90.49322,20.4444],[-90.49323,20.4444],[-90.49325,20.44438],[-90.49326,20.44436],[-90.49327,20.44436],[-90.49335,20.44431],[-90.49334,20.44428],[-90.4933,20.44422],[-90.49332,20.4442],[-90.4933,20.44412],[-90.49324,20.44405],[-90.49323,20.444],[-90.49318,20.44396],[-90.49313,20.44395],[-90.49316,20.44388],[-90.49321,20.44382],[-90.49325,20.44377],[-90.49326,20.44369],[-90.49331,20.44366],[-90.49334,20.44365],[-90.49335,20.44357],[-90.49332,20.4435],[-90.49331,20.44339],[-90.49328,20.44335],[-90.49326,20.44334],[-90.49326,20.44333],[-90.49324,20.4433],[-90.49322,20.44328],[-90.49321,20.44326],[-90.49321,20.44326],[-90.49318,20.44319],[-90.49319,20.44311],[-90.49315,20.44309],[-90.49312,20.44305],[-90.49313,20.44301],[-90.49313,20.44299],[-90.4931,20.44292],[-90.49308,20.4429],[-90.49307,20.4429],[-90.49306,20.44289],[-90.49305,20.44287],[-90.49304,20.44286],[-90.49308,20.44285],[-90.49309,20.44285],[-90.49309,20.44285],[-90.49312,20.44284],[-90.49313,20.44279],[-90.49315,20.44272],[-90.49313,20.44261],[-90.49314,20.44259],[-90.49314,20.44256],[-90.49315,20.44252],[-90.49313,20.44249],[-90.4931,20.44249],[-90.49308,20.44246],[-90.49305,20.44243],[-90.49301,20.4424],[-90.49303,20.44234],[-90.49298,20.44228],[-90.49294,20.44229],[-90.49289,20.44222],[-90.49285,20.44218],[-90.49281,20.44215],[-90.49279,20.44213],[-90.49283,20.44213],[-90.49285,20.44213],[-90.49288,20.44207],[-90.49284,20.44203],[-90.49281,20.44199],[-90.49282,20.44197],[-90.49276,20.44192],[-90.49263,20.44188],[-90.49256,20.44186],[-90.49252,20.44186],[-90.49251,20.44185],[-90.49239,20.4418],[-90.49233,20.44175],[-90.49235,20.44167],[-90.49235,20.44165],[-90.49235,20.44162],[-90.49235,20.4416],[-90.49234,20.44157],[-90.49236,20.44152],[-90.49222,20.44143],[-90.49218,20.44137],[-90.49216,20.44131],[-90.49207,20.44134],[-90.49195,20.44127],[-90.49193,20.44127],[-90.49191,20.44127],[-90.49185,20.44121],[-90.49183,20.44119],[-90.49181,20.44118],[-90.4918,20.44117],[-90.49173,20.44113],[-90.49154,20.44109],[-90.49148,20.441],[-90.49149,20.44099],[-90.4915,20.44097],[-90.49153,20.44093],[-90.49156,20.44091],[-90.49158,20.4409],[-90.4916,20.44089],[-90.49163,20.44087],[-90.49162,20.44077],[-90.49157,20.44075],[-90.49154,20.44074],[-90.49152,20.44065],[-90.49139,20.44061],[-90.49131,20.44056],[-90.49136,20.44047],[-90.49136,20.44047],[-90.49141,20.44045],[-90.49143,20.44043],[-90.49154,20.44042],[-90.49166,20.4404],[-90.4918,20.44044],[-90.49189,20.44041],[-90.49189,20.44041],[-90.49191,20.44041],[-90.49192,20.44041],[-90.49197,20.44032],[-90.49197,20.44016],[-90.49198,20.44014],[-90.49199,20.44008],[-90.49199,20.44003],[-90.49199,20.44002],[-90.49202,20.44001],[-90.49204,20.44001],[-90.4921,20.44008],[-90.49215,20.44006],[-90.49217,20.44006],[-90.49221,20.44001],[-90.49219,20.43996],[-90.49215,20.43992],[-90.49207,20.43986],[-90.49206,20.43978],[-90.49207,20.43977],[-90.49207,20.43976],[-90.49207,20.43976],[-90.4921,20.43975],[-90.4921,20.43971],[-90.49209,20.43968],[-90.49208,20.43967],[-90.49206,20.43966],[-90.49203,20.43964],[-90.49201,20.4396],[-90.49195,20.43961],[-90.49195,20.43959],[-90.49194,20.43957],[-90.49196,20.43957],[-90.49199,20.43958],[-90.49199,20.43951],[-90.492,20.4395],[-90.49198,20.43948],[-90.49196,20.43946],[-90.49195,20.43942],[-90.49195,20.43937],[-90.49196,20.43932],[-90.49196,20.43929],[-90.49197,20.43924],[-90.49194,20.43921],[-90.49194,20.43917],[-90.49193,20.43914],[-90.49193,20.43914],[-90.49191,20.43913],[-90.49189,20.43913],[-90.49186,20.43914],[-90.49185,20.43912],[-90.49183,20.43911],[-90.49182,20.43909],[-90.49182,20.43908],[-90.49182,20.43907],[-90.49175,20.43903],[-90.49169,20.43904],[-90.49168,20.43905],[-90.49165,20.43909],[-90.49163,20.4391],[-90.49162,20.4391],[-90.49162,20.43899],[-90.49167,20.43894],[-90.49169,20.43892],[-90.49174,20.43897],[-90.49184,20.43899],[-90.49192,20.43902],[-90.49193,20.43902],[-90.49193,20.43902],[-90.492,20.43903],[-90.49202,20.43903],[-90.49203,20.43899],[-90.49205,20.43897],[-90.49205,20.43895],[-90.49206,20.43894],[-90.49206,20.43894],[-90.49205,20.43894],[-90.49204,20.43892],[-90.49201,20.43889],[-90.49202,20.43886],[-90.49198,20.43884],[-90.49197,20.43883],[-90.49194,20.4388],[-90.49202,20.43882],[-90.49208,20.43879],[-90.4921,20.43879],[-90.49212,20.43878],[-90.49215,20.43873],[-90.4921,20.43866],[-90.49205,20.43865],[-90.49202,20.43863],[-90.49207,20.43858],[-90.49207,20.43858],[-90.49206,20.43852],[-90.49216,20.43863],[-90.49219,20.43868],[-90.4922,20.43868],[-90.49222,20.43868],[-90.49223,20.43868],[-90.49225,20.43868],[-90.49229,20.43872],[-90.49231,20.43871],[-90.49233,20.4387],[-90.49234,20.4387],[-90.49237,20.43868],[-90.49235,20.43861],[-90.49238,20.43858],[-90.49241,20.43853],[-90.4924,20.43849],[-90.49238,20.43845],[-90.49233,20.43843],[-90.49233,20.43842],[-90.49233,20.43841],[-90.49233,20.4384],[-90.49233,20.43836],[-90.49231,20.43835],[-90.49232,20.43834],[-90.49229,20.4383],[-90.49227,20.43829],[-90.49222,20.43825],[-90.49223,20.43816],[-90.49223,20.43815],[-90.4923,20.43812],[-90.49237,20.43813],[-90.49251,20.43815],[-90.49254,20.43817],[-90.49253,20.43822],[-90.49253,20.43826],[-90.49254,20.4383],[-90.49258,20.43836],[-90.49263,20.43838],[-90.49274,20.43836],[-90.49285,20.43834],[-90.4929,20.43834],[-90.49291,20.43834],[-90.49292,20.43834],[-90.49294,20.43834],[-90.49299,20.43834],[-90.49302,20.43834],[-90.49302,20.43835],[-90.49302,20.43834],[-90.49302,20.4383],[-90.49296,20.43826],[-90.49294,20.43824],[-90.49293,20.43822],[-90.49291,20.43819],[-90.49284,20.43813],[-90.4928,20.43811],[-90.49275,20.4381],[-90.4927,20.43808],[-90.49268,20.43804],[-90.49264,20.438],[-90.49261,20.43792],[-90.4926,20.43787],[-90.4926,20.43787],[-90.4927,20.43782],[-90.49279,20.43783],[-90.49282,20.43787],[-90.49288,20.4379],[-90.49291,20.43788],[-90.49291,20.43788],[-90.49298,20.43788],[-90.49305,20.43787],[-90.49305,20.43787],[-90.49307,20.43787],[-90.49312,20.43785],[-90.49315,20.43785],[-90.49315,20.4378],[-90.49316,20.43775],[-90.49317,20.43775],[-90.49317,20.43774],[-90.49319,20.43768],[-90.49318,20.43766],[-90.49317,20.43763],[-90.49316,20.43762],[-90.49317,20.43759],[-90.49317,20.43758],[-90.49317,20.43758],[-90.49319,20.43757],[-90.49323,20.43757],[-90.49326,20.43757],[-90.49328,20.43751],[-90.49328,20.43751],[-90.49327,20.43751],[-90.49324,20.43748],[-90.49317,20.43745],[-90.49317,20.43742],[-90.49318,20.43741],[-90.49319,20.43738],[-90.49324,20.43742],[-90.49331,20.43741],[-90.49338,20.43742],[-90.49341,20.43744],[-90.49343,20.43745],[-90.49344,20.43745],[-90.49349,20.43745],[-90.4935,20.43745],[-90.49354,20.43741],[-90.49352,20.43734],[-90.49347,20.43731],[-90.49346,20.43731],[-90.49346,20.4373],[-90.49342,20.43728],[-90.49346,20.43724],[-90.49348,20.43714],[-90.49345,20.43706],[-90.49344,20.43704],[-90.49339,20.43702],[-90.49334,20.43699],[-90.49331,20.43697],[-90.49326,20.4369],[-90.49327,20.43686],[-90.49327,20.4368],[-90.49327,20.4368],[-90.49335,20.43676],[-90.49339,20.4368],[-90.49344,20.4368],[-90.49349,20.43678],[-90.49352,20.43677],[-90.49353,20.43675],[-90.49355,20.43672],[-90.49357,20.43676],[-90.4936,20.43681],[-90.49369,20.43682],[-90.49378,20.43682],[-90.49386,20.43681],[-90.49389,20.4368],[-90.4939,20.43677],[-90.4939,20.43675],[-90.49394,20.43676],[-90.49399,20.43678],[-90.49404,20.43682],[-90.49405,20.43689],[-90.49406,20.4369],[-90.49405,20.43695],[-90.49408,20.43697],[-90.49406,20.43703],[-90.49408,20.43705],[-90.49408,20.4371],[-90.49414,20.43711],[-90.49419,20.43711],[-90.49419,20.43711],[-90.49422,20.4371],[-90.49422,20.43704],[-90.49422,20.43704],[-90.49426,20.43702],[-90.49428,20.43702],[-90.49429,20.43701],[-90.4943,20.43701],[-90.49429,20.437],[-90.49428,20.43699],[-90.49425,20.43697],[-90.49429,20.43694],[-90.4943,20.43691],[-90.49431,20.4369],[-90.49433,20.43687],[-90.49437,20.43683],[-90.49445,20.43673],[-90.49441,20.43663],[-90.49443,20.4366],[-90.49443,20.43659],[-90.49448,20.43657],[-90.49448,20.43657],[-90.49454,20.43653],[-90.49459,20.43643],[-90.49458,20.43636],[-90.49458,20.43634],[-90.4946,20.43634],[-90.49461,20.43635],[-90.49463,20.43632],[-90.49464,20.43631],[-90.49471,20.4363],[-90.49474,20.43628],[-90.49476,20.43628],[-90.4948,20.43624],[-90.49482,20.43618],[-90.4949,20.43613],[-90.49491,20.43612],[-90.49496,20.43609],[-90.49496,20.43609],[-90.49497,20.43608],[-90.49497,20.43608],[-90.49496,20.43607],[-90.49494,20.43604],[-90.49494,20.43603],[-90.49495,20.43602],[-90.49496,20.43601],[-90.49497,20.436],[-90.49498,20.43599],[-90.49498,20.43598],[-90.49498,20.43596],[-90.49497,20.43595],[-90.49497,20.43594],[-90.49497,20.43593],[-90.49498,20.43591],[-90.49499,20.4359],[-90.49501,20.43589],[-90.49502,20.43589],[-90.49506,20.43589],[-90.49508,20.43587],[-90.49511,20.43586],[-90.49513,20.43582],[-90.49507,20.43576],[-90.49507,20.43576],[-90.49503,20.43574],[-90.49505,20.43571],[-90.49504,20.43568],[-90.49503,20.43565],[-90.49503,20.43561],[-90.495,20.43558],[-90.49497,20.43559],[-90.49495,20.43555],[-90.49497,20.43551],[-90.49498,20.43548],[-90.49497,20.43544],[-90.49495,20.43541],[-90.49498,20.43539],[-90.49496,20.43534],[-90.49493,20.43533],[-90.4949,20.43535],[-90.49489,20.43537],[-90.49488,20.43537],[-90.49484,20.43536],[-90.49485,20.4353],[-90.49489,20.43525],[-90.49493,20.43519],[-90.49493,20.43519],[-90.49493,20.43519],[-90.49495,20.43517],[-90.49496,20.43517],[-90.495,20.43513],[-90.495,20.43513],[-90.495,20.43513],[-90.49502,20.43508],[-90.49504,20.43503],[-90.49505,20.43502],[-90.49512,20.435],[-90.49522,20.43498],[-90.49535,20.43498],[-90.49536,20.43498],[-90.49544,20.43497],[-90.49552,20.43494],[-90.49558,20.43492],[-90.49567,20.43494],[-90.49575,20.43495],[-90.49588,20.43493],[-90.49595,20.43496],[-90.49603,20.43496],[-90.49604,20.43497],[-90.49609,20.4349],[-90.49609,20.4349],[-90.49616,20.43487],[-90.49619,20.43487],[-90.49625,20.43486],[-90.49627,20.43486],[-90.49627,20.43486],[-90.49627,20.43486],[-90.49629,20.43483],[-90.49631,20.43482],[-90.49629,20.43477],[-90.49628,20.43476],[-90.49626,20.43475],[-90.49622,20.4347],[-90.49622,20.4347],[-90.49622,20.43468],[-90.49625,20.43468],[-90.49628,20.43469],[-90.49628,20.43469],[-90.4963,20.43469],[-90.49631,20.43469],[-90.49633,20.43469],[-90.49633,20.43462],[-90.49636,20.43457],[-90.49633,20.43457],[-90.49633,20.43457],[-90.49633,20.43457],[-90.49633,20.43456],[-90.49633,20.43452],[-90.49633,20.43452],[-90.49633,20.43452],[-90.49636,20.4345],[-90.49639,20.43447],[-90.4964,20.43445],[-90.49642,20.43445],[-90.49646,20.43444],[-90.49648,20.43443],[-90.49649,20.43442],[-90.4965,20.43441],[-90.4965,20.43436],[-90.4965,20.43436],[-90.49652,20.43435],[-90.49653,20.43432],[-90.49653,20.43425],[-90.49653,20.43423],[-90.49653,20.43419],[-90.49655,20.43419],[-90.49655,20.43416],[-90.49656,20.43412],[-90.49654,20.4341],[-90.49655,20.43409],[-90.49654,20.43407],[-90.49651,20.43405],[-90.49652,20.43401],[-90.49651,20.43396],[-90.49648,20.43393],[-90.49648,20.43391],[-90.49648,20.43389],[-90.49652,20.43389],[-90.49655,20.43388],[-90.49658,20.43388],[-90.4966,20.43388],[-90.49662,20.43383],[-90.49664,20.43381],[-90.49663,20.43379],[-90.49663,20.43378],[-90.49663,20.43378],[-90.49665,20.43374],[-90.49668,20.4337],[-90.49669,20.43369],[-90.49668,20.43366],[-90.49668,20.43364],[-90.49669,20.4336],[-90.49669,20.43357],[-90.49668,20.43357],[-90.49667,20.43356],[-90.49665,20.43356],[-90.49666,20.43347],[-90.49665,20.43344],[-90.49662,20.43341],[-90.4966,20.43337],[-90.49658,20.43333],[-90.49656,20.43333],[-90.49654,20.43334],[-90.49654,20.43332],[-90.49654,20.43329],[-90.49654,20.43329],[-90.49654,20.43329],[-90.49652,20.43328],[-90.49652,20.43328],[-90.49652,20.43326],[-90.49653,20.43326],[-90.49656,20.43326],[-90.49656,20.43326],[-90.4966,20.43323],[-90.4966,20.43318],[-90.49655,20.43316],[-90.49654,20.43315],[-90.49654,20.43311],[-90.49654,20.43308],[-90.49657,20.43307],[-90.49657,20.43305],[-90.49657,20.43302],[-90.49657,20.43302],[-90.49657,20.43302],[-90.49655,20.43302],[-90.49653,20.433],[-90.49648,20.43299],[-90.49644,20.43298],[-90.49642,20.43296],[-90.49642,20.43296],[-90.49642,20.43294],[-90.49645,20.43294],[-90.49647,20.43294],[-90.49648,20.43293],[-90.49649,20.4329],[-90.49647,20.43288],[-90.49647,20.43285],[-90.49645,20.43283],[-90.49645,20.43279],[-90.49643,20.43272],[-90.4964,20.43272],[-90.49639,20.43271],[-90.49637,20.43269],[-90.49637,20.43267],[-90.49634,20.43267],[-90.4963,20.43266],[-90.49628,20.43266],[-90.49628,20.43266],[-90.49625,20.43263],[-90.49626,20.43261],[-90.49626,20.43259],[-90.49626,20.43255],[-90.49626,20.43254],[-90.49626,20.43254],[-90.49625,20.43254],[-90.49623,20.43253],[-90.49621,20.43252],[-90.49621,20.43249],[-90.49621,20.43248],[-90.49622,20.43245],[-90.49622,20.43243],[-90.49623,20.4324],[-90.4962,20.43237],[-90.49619,20.43236],[-90.49619,20.43235],[-90.4962,20.4323],[-90.49618,20.43227],[-90.49619,20.43223],[-90.49617,20.4322],[-90.49615,20.43217],[-90.49612,20.43213],[-90.49612,20.43213],[-90.4961,20.43214],[-90.49609,20.43214],[-90.49607,20.43213],[-90.49605,20.43212],[-90.49605,20.43211],[-90.49606,20.43211],[-90.49609,20.4321],[-90.49609,20.4321],[-90.4961,20.4321],[-90.49612,20.43209],[-90.49613,20.43206],[-90.49613,20.43202],[-90.4961,20.43199],[-90.49606,20.43198],[-90.496,20.43197],[-90.49595,20.43197],[-90.4959,20.43196],[-90.49586,20.43195],[-90.49584,20.43194],[-90.49579,20.43193],[-90.4957,20.43193],[-90.49563,20.43189],[-90.49563,20.43188],[-90.49563,20.43184],[-90.49564,20.43182],[-90.49566,20.43179],[-90.49567,20.43175],[-90.49568,20.43173],[-90.49568,20.43169],[-90.49566,20.43169],[-90.49565,20.43168],[-90.49564,20.43168],[-90.49563,20.43168],[-90.49558,20.43166],[-90.49557,20.43162],[-90.4955,20.43162],[-90.4955,20.4316],[-90.4955,20.43157],[-90.49548,20.43154],[-90.49543,20.43152],[-90.49542,20.43149],[-90.49542,20.43149],[-90.49546,20.43147],[-90.49548,20.43147],[-90.4955,20.43147],[-90.49552,20.43143],[-90.49552,20.43141],[-90.49551,20.4314],[-90.49553,20.4314],[-90.49555,20.4314],[-90.49555,20.4314],[-90.49556,20.43138],[-90.49561,20.43139],[-90.49565,20.43137],[-90.49567,20.43136],[-90.49569,20.43136],[-90.49569,20.43136],[-90.49571,20.43136],[-90.49572,20.4314],[-90.49575,20.4314],[-90.49577,20.43139],[-90.4958,20.43135],[-90.49579,20.43127],[-90.49577,20.43125],[-90.49575,20.4312],[-90.49574,20.43112],[-90.49574,20.43111],[-90.49573,20.43111],[-90.4957,20.43111],[-90.49565,20.43108],[-90.49566,20.43104],[-90.4957,20.43099],[-90.49576,20.43094],[-90.49577,20.43088],[-90.49578,20.43082],[-90.49581,20.43078],[-90.49582,20.43077],[-90.49583,20.43076],[-90.49587,20.43073],[-90.49592,20.43068],[-90.49594,20.43061],[-90.49595,20.43052],[-90.49599,20.43046],[-90.49601,20.43044],[-90.49602,20.43042],[-90.49603,20.43038],[-90.49603,20.43034],[-90.49603,20.43033],[-90.49599,20.4303],[-90.496,20.43024],[-90.49598,20.43021],[-90.49597,20.4302],[-90.49597,20.43019],[-90.49596,20.43018],[-90.49595,20.43018],[-90.49593,20.43017],[-90.49593,20.43015],[-90.49593,20.43015],[-90.49596,20.43013],[-90.49598,20.43014],[-90.49598,20.43014],[-90.49598,20.43014],[-90.49599,20.43013],[-90.49603,20.43011],[-90.49605,20.43005],[-90.49606,20.43003],[-90.49606,20.43001],[-90.49606,20.43],[-90.49607,20.43],[-90.49608,20.42998],[-90.49611,20.42996],[-90.49616,20.42991],[-90.49615,20.42988],[-90.49614,20.42987],[-90.49614,20.42985],[-90.49613,20.42981],[-90.49614,20.42977],[-90.49614,20.42976],[-90.4962,20.42974],[-90.49622,20.42973],[-90.49622,20.42966],[-90.49617,20.42961],[-90.49621,20.42956],[-90.49623,20.42952],[-90.49623,20.42951],[-90.49624,20.42948],[-90.49627,20.42949],[-90.49631,20.42948],[-90.49632,20.42948],[-90.49639,20.42942],[-90.49641,20.4294],[-90.49644,20.42937],[-90.49644,20.42937],[-90.49644,20.42937],[-90.49646,20.42932],[-90.49646,20.42931],[-90.49647,20.42927],[-90.49648,20.42924],[-90.49648,20.42923],[-90.49649,20.42917],[-90.49648,20.42912],[-90.49646,20.42907],[-90.49646,20.42903],[-90.49645,20.42898],[-90.49646,20.42894],[-90.49645,20.4289],[-90.49641,20.42889],[-90.49641,20.42884],[-90.4964,20.42882],[-90.49635,20.42882],[-90.49636,20.42878],[-90.49636,20.42873],[-90.49633,20.4287],[-90.49629,20.42867],[-90.49627,20.42863],[-90.49626,20.4286],[-90.49624,20.42857],[-90.49623,20.42856],[-90.49623,20.42854],[-90.49623,20.42853],[-90.49625,20.42847],[-90.49625,20.42844],[-90.49623,20.42838],[-90.4962,20.42836],[-90.49619,20.42836],[-90.4962,20.42831],[-90.49617,20.4283],[-90.49616,20.42827],[-90.49615,20.42823],[-90.49613,20.42822],[-90.49613,20.42818],[-90.49613,20.42817],[-90.49613,20.42817],[-90.49616,20.42817],[-90.49616,20.42816],[-90.49616,20.42815],[-90.49616,20.4281],[-90.49615,20.42808],[-90.49613,20.42808],[-90.4961,20.42807],[-90.49607,20.42803],[-90.49605,20.42802],[-90.49606,20.42799],[-90.49605,20.42796],[-90.49603,20.42794],[-90.49598,20.42792],[-90.49596,20.42789],[-90.49598,20.42784],[-90.49598,20.42778],[-90.49599,20.42772],[-90.49597,20.42767],[-90.49597,20.42762],[-90.49595,20.42756],[-90.49592,20.42752],[-90.49593,20.42749],[-90.49591,20.42746],[-90.49589,20.42743],[-90.4959,20.42741],[-90.49588,20.42738],[-90.49584,20.42736],[-90.49581,20.42735],[-90.49579,20.42734],[-90.49573,20.42733],[-90.49572,20.42734],[-90.49572,20.42734],[-90.49571,20.42735],[-90.49571,20.42736],[-90.49571,20.42736],[-90.49569,20.42736],[-90.49568,20.42735],[-90.49565,20.42731],[-90.49567,20.42726],[-90.49567,20.42724],[-90.49569,20.42719],[-90.49571,20.42716],[-90.49571,20.42715],[-90.49574,20.4271],[-90.49572,20.42708],[-90.49572,20.42704],[-90.49574,20.42699],[-90.49573,20.42697],[-90.49572,20.42692],[-90.4957,20.4269],[-90.49569,20.4269],[-90.49567,20.4269],[-90.49565,20.4269],[-90.49563,20.42686],[-90.49561,20.42683],[-90.49562,20.42679],[-90.49562,20.42678],[-90.49563,20.42678],[-90.49566,20.42677],[-90.49566,20.42677],[-90.49566,20.42676],[-90.49568,20.42674],[-90.49566,20.42673],[-90.49566,20.42673],[-90.49564,20.42672],[-90.49566,20.42671],[-90.49566,20.42671],[-90.49568,20.42671],[-90.49568,20.42671],[-90.49569,20.42671],[-90.49571,20.42671],[-90.49572,20.42667],[-90.49572,20.42665],[-90.49569,20.42665],[-90.49567,20.42662],[-90.49567,20.42661],[-90.49565,20.42657],[-90.49564,20.42657],[-90.49562,20.42651],[-90.4956,20.4265],[-90.49558,20.42649],[-90.49557,20.42643],[-90.4956,20.42639],[-90.49559,20.42637],[-90.49553,20.42634],[-90.49553,20.42632],[-90.49554,20.42631],[-90.49557,20.4263],[-90.49561,20.42633],[-90.49563,20.42633],[-90.49565,20.42634],[-90.49566,20.42634],[-90.49568,20.42634],[-90.49571,20.42628],[-90.49574,20.42618],[-90.49572,20.42609],[-90.49566,20.42608],[-90.49563,20.42605],[-90.49563,20.42604],[-90.49561,20.42601],[-90.4956,20.42599],[-90.49561,20.42596],[-90.49562,20.42591],[-90.49562,20.4259],[-90.49562,20.42588],[-90.49563,20.42588],[-90.49565,20.42583],[-90.49565,20.42576],[-90.49565,20.42567],[-90.49561,20.42559],[-90.49554,20.42552],[-90.49554,20.42552],[-90.49551,20.42548],[-90.49549,20.42546],[-90.49549,20.42543],[-90.49549,20.4254],[-90.49547,20.42533],[-90.49546,20.42531],[-90.49544,20.42529],[-90.49543,20.42522],[-90.49543,20.4252],[-90.49542,20.42519],[-90.49541,20.42518],[-90.49542,20.42517],[-90.49542,20.42513],[-90.49542,20.42512],[-90.49543,20.42507],[-90.49542,20.42503],[-90.49544,20.42498],[-90.49541,20.42493],[-90.49538,20.42484],[-90.49536,20.42483],[-90.49533,20.42482],[-90.4953,20.42481],[-90.49532,20.42476],[-90.49532,20.42475],[-90.49531,20.4247],[-90.4953,20.42467],[-90.49526,20.42465],[-90.49525,20.42458],[-90.49525,20.42457],[-90.49526,20.42457],[-90.49528,20.42456],[-90.49529,20.42456],[-90.49529,20.42452],[-90.49529,20.42451],[-90.49529,20.42448],[-90.49528,20.42447],[-90.49526,20.42447],[-90.4952,20.42445],[-90.4952,20.42443],[-90.4952,20.42443],[-90.49525,20.42441],[-90.49525,20.4244],[-90.49527,20.4244],[-90.49527,20.4244],[-90.4953,20.42439],[-90.4953,20.42435],[-90.49526,20.42433],[-90.49525,20.42433],[-90.49523,20.42434],[-90.49518,20.42435],[-90.49518,20.42436],[-90.49519,20.42439],[-90.49516,20.42439],[-90.49513,20.42439],[-90.49513,20.42435],[-90.49514,20.42432],[-90.49514,20.42431],[-90.49521,20.4243],[-90.49521,20.4243],[-90.49523,20.4243],[-90.49523,20.4243],[-90.49524,20.4243],[-90.49524,20.42428],[-90.49524,20.42426],[-90.49525,20.42421],[-90.49526,20.42419],[-90.49524,20.42411],[-90.49521,20.42409],[-90.49517,20.42404],[-90.49515,20.424],[-90.4951,20.42397],[-90.49511,20.42394],[-90.49512,20.42388],[-90.49511,20.42383],[-90.49511,20.42382],[-90.49505,20.42379],[-90.49499,20.42375],[-90.49501,20.42368],[-90.49502,20.42368],[-90.49501,20.42368],[-90.49493,20.42366],[-90.49481,20.42364],[-90.4947,20.42365],[-90.49464,20.42361],[-90.49454,20.42356],[-90.49456,20.42351],[-90.49451,20.42347],[-90.49449,20.42349],[-90.49445,20.42351],[-90.49445,20.42351],[-90.49438,20.42349],[-90.49438,20.42349],[-90.49438,20.42349],[-90.49439,20.42343],[-90.49439,20.42333],[-90.49439,20.42332],[-90.49432,20.42329],[-90.49434,20.42324],[-90.49434,20.42316],[-90.49428,20.42306],[-90.49427,20.42303],[-90.49424,20.42299],[-90.49421,20.42286],[-90.49418,20.42287],[-90.49414,20.42287],[-90.49413,20.42287],[-90.49411,20.42286],[-90.49409,20.42285],[-90.49409,20.42283],[-90.4941,20.42282],[-90.4941,20.4228],[-90.4941,20.42271],[-90.4941,20.42266],[-90.4941,20.42262],[-90.49408,20.42258],[-90.49406,20.42257],[-90.49405,20.42255],[-90.49401,20.42253],[-90.49394,20.42245],[-90.49383,20.42239],[-90.49374,20.42232],[-90.49363,20.42229],[-90.49362,20.42229],[-90.49361,20.42229],[-90.49339,20.42231],[-90.49321,20.42237],[-90.49307,20.42243],[-90.49306,20.42244],[-90.49296,20.42256],[-90.49294,20.42257],[-90.49282,20.42263],[-90.49282,20.42263],[-90.49277,20.42256],[-90.49273,20.4225],[-90.4924,20.42191],[-90.49238,20.42188],[-90.49238,20.42188],[-90.49242,20.42186],[-90.49244,20.42185],[-90.49247,20.42183],[-90.49248,20.42181],[-90.49254,20.42181],[-90.49259,20.42178],[-90.49262,20.42177],[-90.49257,20.42172],[-90.4926,20.4217],[-90.49262,20.42169],[-90.49263,20.42169],[-90.49268,20.42167],[-90.49269,20.42167],[-90.49284,20.42156],[-90.49286,20.42154],[-90.49295,20.42156],[-90.49307,20.42153],[-90.49313,20.42151],[-90.49325,20.42151],[-90.49337,20.4215],[-90.49345,20.42148],[-90.49353,20.42149],[-90.49372,20.42152],[-90.49381,20.42155],[-90.49386,20.42162],[-90.49393,20.42162],[-90.494,20.42161],[-90.49402,20.4216],[-90.49404,20.42157],[-90.49406,20.42156],[-90.49408,20.42156],[-90.49409,20.42156],[-90.49409,20.42156],[-90.49412,20.42156],[-90.49414,20.42151],[-90.49411,20.42148],[-90.4941,20.42147],[-90.49411,20.42144],[-90.49411,20.42143],[-90.49411,20.42142],[-90.49411,20.42139],[-90.49412,20.4214],[-90.49413,20.4214],[-90.49416,20.4214],[-90.49418,20.42141],[-90.49419,20.4214],[-90.49419,20.42137],[-90.49422,20.42133],[-90.49423,20.4213],[-90.49419,20.42128],[-90.49418,20.42123],[-90.49412,20.42121],[-90.49408,20.42122],[-90.49405,20.42124],[-90.494,20.42127],[-90.49396,20.42133],[-90.49395,20.42132],[-90.49388,20.42131],[-90.49383,20.42129],[-90.49382,20.42129],[-90.49383,20.42128],[-90.49383,20.42123],[-90.49387,20.42119],[-90.49388,20.42114],[-90.49383,20.42114],[-90.49382,20.4211],[-90.49382,20.42109],[-90.49388,20.42107],[-90.49389,20.42107],[-90.49398,20.42101],[-90.49405,20.42096],[-90.4941,20.42092],[-90.49415,20.42086],[-90.49417,20.42083],[-90.49418,20.42082],[-90.49419,20.42072],[-90.49419,20.42062],[-90.49416,20.42054],[-90.4941,20.42054],[-90.49408,20.42053],[-90.49404,20.42053],[-90.49406,20.42048],[-90.49406,20.42042],[-90.49406,20.42041],[-90.49406,20.4204],[-90.49407,20.4204],[-90.49409,20.4204],[-90.49413,20.4204],[-90.49411,20.42035],[-90.49412,20.42034],[-90.49409,20.42034],[-90.4941,20.42029],[-90.49405,20.42029],[-90.49405,20.42029],[-90.49404,20.42026],[-90.49404,20.42026],[-90.49408,20.42023],[-90.4941,20.42016],[-90.49405,20.42012],[-90.49402,20.42011],[-90.49401,20.42011],[-90.49396,20.4201],[-90.49398,20.42008],[-90.49397,20.42003],[-90.49397,20.42001],[-90.49396,20.41998],[-90.49396,20.41997],[-90.49402,20.41995],[-90.49403,20.41995],[-90.49404,20.41996],[-90.49404,20.41996],[-90.49406,20.41997],[-90.49408,20.41993],[-90.49406,20.41988],[-90.49402,20.41983],[-90.49401,20.41977],[-90.49403,20.41971],[-90.49399,20.4197],[-90.49396,20.41971],[-90.49394,20.41972],[-90.49393,20.41973],[-90.49389,20.41969],[-90.49387,20.41966],[-90.49387,20.41966],[-90.49389,20.41965],[-90.49391,20.41963],[-90.49392,20.41963],[-90.49393,20.41962],[-90.49397,20.41958],[-90.49398,20.41955],[-90.49396,20.41948],[-90.49392,20.41944],[-90.49388,20.41945],[-90.49387,20.41945],[-90.49388,20.41944],[-90.49388,20.41939],[-90.49391,20.41937],[-90.49391,20.41931],[-90.49388,20.41926],[-90.49385,20.41923],[-90.49381,20.41923],[-90.4938,20.4192],[-90.4938,20.4192],[-90.49377,20.41915],[-90.49378,20.41913],[-90.49378,20.41911],[-90.4938,20.41906],[-90.49377,20.41902],[-90.49377,20.419],[-90.4938,20.41897],[-90.49381,20.41892],[-90.49375,20.41894],[-90.49368,20.41894],[-90.49367,20.41896],[-90.49367,20.41898],[-90.49365,20.41897],[-90.49363,20.41897],[-90.49354,20.41894],[-90.49348,20.4189],[-90.49342,20.41889],[-90.49335,20.41886],[-90.49328,20.4188],[-90.49328,20.41874],[-90.4933,20.41867],[-90.49327,20.41866],[-90.49328,20.41857],[-90.49325,20.41852],[-90.49325,20.41846],[-90.49324,20.41843],[-90.49316,20.41842],[-90.49314,20.41834],[-90.49313,20.41825],[-90.49314,20.41818],[-90.49309,20.41818],[-90.49308,20.41813],[-90.49308,20.41808],[-90.49307,20.41806],[-90.49309,20.418],[-90.49305,20.41797],[-90.49304,20.41795],[-90.49304,20.41795],[-90.49306,20.41793],[-90.49306,20.41792],[-90.49306,20.41791],[-90.49306,20.41789],[-90.49306,20.41788],[-90.49306,20.41787],[-90.49308,20.41787],[-90.49309,20.41786],[-90.49309,20.41786],[-90.49311,20.41786],[-90.49312,20.41784],[-90.49313,20.41783],[-90.49313,20.41783],[-90.49318,20.41782],[-90.4932,20.41781],[-90.49321,20.41774],[-90.49319,20.4177],[-90.49311,20.41767],[-90.49308,20.41768],[-90.49307,20.41769],[-90.49306,20.41769],[-90.49302,20.41771],[-90.49299,20.41769],[-90.49298,20.41764],[-90.49287,20.41757],[-90.49287,20.41755],[-90.49287,20.41752],[-90.49287,20.4175],[-90.49281,20.41746],[-90.49276,20.41744],[-90.49272,20.4174],[-90.49272,20.41734],[-90.49267,20.4173],[-90.49266,20.41728],[-90.49265,20.41726],[-90.49264,20.41722],[-90.49268,20.41717],[-90.49271,20.41712],[-90.49273,20.41709],[-90.49274,20.41707],[-90.49275,20.41699],[-90.49272,20.41698],[-90.49271,20.41697],[-90.49272,20.41693],[-90.49273,20.4169],[-90.49274,20.41684],[-90.49273,20.41676],[-90.49271,20.41674],[-90.4927,20.41673],[-90.49271,20.41672],[-90.49273,20.41669],[-90.49277,20.41665],[-90.49276,20.41656],[-90.49275,20.41653],[-90.49275,20.41651],[-90.49278,20.41651],[-90.49279,20.41651],[-90.49284,20.41647],[-90.49284,20.4164],[-90.49281,20.41635],[-90.49274,20.41634],[-90.49269,20.41635],[-90.49269,20.41635],[-90.49269,20.41633],[-90.4927,20.4163],[-90.49277,20.41625],[-90.4928,20.41622],[-90.49285,20.41616],[-90.49284,20.41611],[-90.49281,20.41608],[-90.49275,20.41605],[-90.49271,20.41606],[-90.49271,20.41601],[-90.49276,20.41596],[-90.49272,20.41592],[-90.49267,20.41587],[-90.49265,20.41585],[-90.49264,20.41584],[-90.49265,20.41578],[-90.49265,20.41576],[-90.49264,20.41575],[-90.4926,20.41568],[-90.49263,20.4156],[-90.49264,20.41559],[-90.49266,20.41556],[-90.49267,20.41554],[-90.49268,20.41547],[-90.49268,20.41545],[-90.4927,20.41537],[-90.49268,20.41536],[-90.49265,20.41534],[-90.49265,20.41529],[-90.49265,20.41523],[-90.49265,20.41523],[-90.49266,20.41523],[-90.49267,20.41522],[-90.49269,20.41521],[-90.49268,20.41514],[-90.49268,20.41507],[-90.49267,20.41507],[-90.49261,20.41506],[-90.49258,20.41506],[-90.49252,20.41507],[-90.4925,20.41507],[-90.49249,20.41507],[-90.4925,20.41506],[-90.4925,20.41501],[-90.49251,20.415],[-90.49252,20.41499],[-90.49254,20.41497],[-90.49258,20.41497],[-90.4926,20.41497],[-90.49261,20.41495],[-90.49261,20.41493],[-90.49255,20.41492],[-90.49258,20.41484],[-90.4925,20.41483],[-90.4925,20.41483],[-90.49248,20.41484],[-90.49246,20.41484],[-90.49245,20.4148],[-90.49245,20.41479],[-90.49248,20.41479],[-90.4925,20.41478],[-90.4925,20.41478],[-90.49253,20.41478],[-90.49255,20.4147],[-90.49253,20.41466],[-90.49253,20.41466],[-90.49254,20.41466],[-90.49256,20.41464],[-90.49257,20.41462],[-90.49253,20.41459],[-90.49253,20.41456],[-90.49249,20.41455],[-90.49249,20.41452],[-90.49249,20.41451],[-90.49251,20.4145],[-90.49253,20.4145],[-90.49256,20.41446],[-90.49254,20.41443],[-90.49253,20.41438],[-90.4925,20.41437],[-90.49248,20.41432],[-90.49251,20.4143],[-90.49251,20.41429],[-90.49252,20.41425],[-90.49248,20.41424],[-90.49248,20.41419],[-90.49248,20.41416],[-90.49249,20.41414],[-90.4925,20.41413],[-90.49251,20.41412],[-90.49253,20.41412],[-90.49254,20.41406],[-90.49253,20.41403],[-90.49252,20.41396],[-90.49245,20.41395],[-90.49245,20.41392],[-90.49249,20.41389],[-90.49249,20.41386],[-90.49245,20.41385],[-90.49244,20.41385],[-90.49242,20.41385],[-90.49239,20.41385],[-90.49239,20.41378],[-90.49239,20.41377],[-90.49241,20.41376],[-90.49241,20.41376],[-90.49243,20.41375],[-90.49244,20.41375],[-90.49244,20.41374],[-90.49244,20.41373],[-90.49247,20.41372],[-90.49248,20.41372],[-90.49248,20.41372],[-90.49251,20.41371],[-90.49252,20.41367],[-90.49251,20.41363],[-90.49245,20.41362],[-90.49245,20.41358],[-90.49243,20.41353],[-90.49242,20.41351],[-90.49241,20.41349],[-90.4924,20.41349],[-90.49239,20.41349],[-90.49237,20.4135],[-90.49238,20.41343],[-90.49238,20.41342],[-90.49237,20.41339],[-90.49237,20.41338],[-90.49238,20.41338],[-90.49241,20.41336],[-90.4924,20.41331],[-90.49237,20.41332],[-90.49234,20.41331],[-90.49232,20.41331],[-90.4922,20.41332],[-90.49215,20.4133],[-90.49211,20.41333],[-90.49201,20.41331],[-90.49194,20.4133],[-90.49191,20.41331],[-90.49191,20.41331],[-90.49187,20.41331],[-90.49187,20.41324],[-90.4919,20.41318],[-90.49194,20.41311],[-90.49194,20.41311],[-90.49196,20.41311],[-90.49195,20.41308],[-90.49199,20.4131],[-90.49198,20.41313],[-90.492,20.41316],[-90.49203,20.41317],[-90.49207,20.41315],[-90.49208,20.41314],[-90.49209,20.41314],[-90.49211,20.41313],[-90.49214,20.41312],[-90.49215,20.41308],[-90.49216,20.41303],[-90.49219,20.41301],[-90.4922,20.41297],[-90.49219,20.41296],[-90.49218,20.41295],[-90.49217,20.41294],[-90.49214,20.41292],[-90.49213,20.41291],[-90.49215,20.41289],[-90.49216,20.41284],[-90.49218,20.41281],[-90.4922,20.41279],[-90.49222,20.41277],[-90.49224,20.41277],[-90.49227,20.41277],[-90.49228,20.41277],[-90.49228,20.41277],[-90.49229,20.41276],[-90.4923,20.41276],[-90.49233,20.41273],[-90.49234,20.41269],[-90.49231,20.41265],[-90.49229,20.41262],[-90.49227,20.41259],[-90.49221,20.41256],[-90.49213,20.41252],[-90.49209,20.41248],[-90.4921,20.41237],[-90.49212,20.41229],[-90.49215,20.41225],[-90.49219,20.41222],[-90.4922,20.41221],[-90.49221,20.41221],[-90.49221,20.4122],[-90.49223,20.41217],[-90.49224,20.41215],[-90.49226,20.41206],[-90.49225,20.41196],[-90.49224,20.41193],[-90.49223,20.41188],[-90.49222,20.41187],[-90.49221,20.41179],[-90.49222,20.41174],[-90.49222,20.41166],[-90.49224,20.41163],[-90.49225,20.41162],[-90.49225,20.41155],[-90.49225,20.41154],[-90.49222,20.41147],[-90.49222,20.41141],[-90.49226,20.41136],[-90.49228,20.41134],[-90.49229,20.41133],[-90.49241,20.4112],[-90.49245,20.41112],[-90.49245,20.41103],[-90.49245,20.41098],[-90.49239,20.41094],[-90.49239,20.41085],[-90.49233,20.41076],[-90.49229,20.41074],[-90.49224,20.41073],[-90.49219,20.4107],[-90.49217,20.41065],[-90.49217,20.41062],[-90.49215,20.41059],[-90.49212,20.41054],[-90.49212,20.4105],[-90.4921,20.41047],[-90.49206,20.41043],[-90.49203,20.41038],[-90.49203,20.4103],[-90.49204,20.41029],[-90.49204,20.41024],[-90.49203,20.41022],[-90.49204,20.4102],[-90.49204,20.4102],[-90.49204,20.41018],[-90.49204,20.41018],[-90.49204,20.41016],[-90.49207,20.41016],[-90.49206,20.41018],[-90.49209,20.41023],[-90.49213,20.41025],[-90.49214,20.41026],[-90.49214,20.41026],[-90.49216,20.41027],[-90.49221,20.41028],[-90.49221,20.41028],[-90.49224,20.41026],[-90.49224,20.41023],[-90.49222,20.41017],[-90.49217,20.41013],[-90.49217,20.41008],[-90.49216,20.41001],[-90.49219,20.40996],[-90.49213,20.40995],[-90.4921,20.40994],[-90.49211,20.40991],[-90.49205,20.40986],[-90.49204,20.40982],[-90.49202,20.40976],[-90.492,20.40974],[-90.49201,20.40966],[-90.49205,20.40959],[-90.49203,20.40956],[-90.49202,20.4095],[-90.49198,20.4095],[-90.492,20.40946],[-90.49197,20.40938],[-90.49194,20.40935],[-90.49195,20.40931],[-90.49194,20.40927],[-90.49192,20.40924],[-90.49193,20.40922],[-90.49196,20.40916],[-90.49196,20.40913],[-90.49198,20.40909],[-90.49201,20.40904],[-90.49203,20.40898],[-90.49206,20.40893],[-90.49206,20.4089],[-90.49206,20.40889],[-90.49206,20.40888],[-90.49207,20.40883],[-90.49211,20.40879],[-90.4921,20.40874],[-90.49212,20.40873],[-90.49215,20.4087],[-90.49215,20.40869],[-90.49215,20.40869],[-90.49218,20.40868],[-90.4922,20.40865],[-90.4922,20.40864],[-90.49223,20.40863],[-90.49224,20.40863],[-90.49225,20.40863],[-90.49226,20.40863],[-90.49226,20.40861],[-90.49226,20.4086],[-90.49226,20.40859],[-90.49226,20.40854],[-90.49226,20.40853],[-90.49231,20.40852],[-90.49232,20.40852],[-90.49234,20.40852],[-90.49235,20.40852],[-90.49238,20.40854],[-90.49238,20.40848],[-90.49238,20.40842],[-90.49238,20.40841],[-90.49238,20.4084],[-90.49239,20.4084],[-90.4924,20.40839],[-90.49242,20.40838],[-90.49242,20.40836],[-90.49243,20.40835],[-90.49242,20.40835],[-90.49237,20.40834],[-90.49237,20.40832],[-90.49237,20.40831],[-90.49241,20.40831],[-90.49242,20.40831],[-90.49244,20.40829],[-90.49248,20.40822],[-90.49248,20.40821],[-90.49248,20.4082],[-90.49248,20.40813],[-90.49246,20.40807],[-90.49245,20.40803],[-90.49242,20.40803],[-90.49242,20.40802],[-90.49243,20.408],[-90.49246,20.40801],[-90.49247,20.40801],[-90.49251,20.40795],[-90.49253,20.40792],[-90.49249,20.40788],[-90.4925,20.4078],[-90.4925,20.40779],[-90.49251,20.40779],[-90.49252,20.40779],[-90.49256,20.40775],[-90.49257,20.40774],[-90.49258,20.40774],[-90.49259,20.40767],[-90.49259,20.40767],[-90.49259,20.40767],[-90.49259,20.40766],[-90.49258,20.40765],[-90.49255,20.40762],[-90.49255,20.40755],[-90.49255,20.40754],[-90.49256,20.40754],[-90.49258,20.40753],[-90.49259,20.40747],[-90.49259,20.40741],[-90.49259,20.40739],[-90.49261,20.40733],[-90.49262,20.40731],[-90.49264,20.40729],[-90.49265,20.40728],[-90.49267,20.40724],[-90.49266,20.40719],[-90.49265,20.40717],[-90.49265,20.40717],[-90.49265,20.40716],[-90.4926,20.40713],[-90.49258,20.40706],[-90.49257,20.407],[-90.49259,20.40695],[-90.49259,20.40695],[-90.49264,20.40688],[-90.49263,20.40682],[-90.49266,20.4068],[-90.49268,20.40675],[-90.49269,20.40672],[-90.4927,20.40671],[-90.4927,20.40671],[-90.49273,20.40666],[-90.4927,20.40662],[-90.49269,20.40661],[-90.49268,20.40659],[-90.49267,20.40655],[-90.49265,20.40647],[-90.49266,20.40645],[-90.49266,20.40645],[-90.49266,20.40643],[-90.49267,20.40635],[-90.49267,20.40631],[-90.4927,20.40624],[-90.49268,20.4062],[-90.49269,20.40615],[-90.49267,20.40608],[-90.49268,20.40602],[-90.49264,20.406],[-90.49264,20.40596],[-90.49266,20.40592],[-90.49266,20.40587],[-90.49266,20.40581],[-90.49256,20.4058],[-90.4925,20.40578],[-90.49243,20.40576],[-90.49233,20.40575],[-90.49226,20.4057],[-90.49224,20.40561],[-90.49217,20.40554],[-90.49203,20.40554],[-90.49195,20.40557],[-90.49184,20.40557],[-90.49178,20.4056],[-90.49176,20.40561],[-90.49176,20.40561],[-90.49176,20.40561],[-90.4918,20.40569],[-90.49174,20.40581],[-90.49172,20.40581],[-90.49172,20.40581],[-90.49171,20.40583],[-90.4917,20.40583],[-90.49168,20.40583],[-90.49165,20.40583],[-90.49153,20.40581],[-90.49149,20.40582],[-90.49148,20.40583],[-90.49147,20.40587],[-90.49144,20.40589],[-90.4914,20.40591],[-90.4914,20.40591],[-90.49134,20.40596],[-90.49134,20.40596],[-90.49129,20.40596],[-90.49126,20.40597],[-90.49124,20.40599],[-90.49123,20.40602],[-90.4912,20.40607],[-90.49118,20.40606],[-90.49115,20.40606],[-90.49113,20.40608],[-90.49112,20.40608],[-90.49112,20.40613],[-90.49107,20.40617],[-90.49107,20.40617],[-90.49102,20.40616],[-90.49091,20.40615],[-90.4909,20.40615],[-90.4909,20.40615],[-90.49089,20.40616],[-90.49086,20.40621],[-90.49085,20.40627],[-90.49082,20.40628],[-90.49082,20.40629],[-90.49082,20.40629],[-90.49081,20.40631],[-90.49079,20.40631],[-90.49075,20.40631],[-90.49062,20.40633],[-90.49054,20.40638],[-90.49054,20.40638],[-90.49052,20.4064],[-90.49046,20.40645],[-90.49044,20.40646],[-90.4904,20.40648],[-90.49029,20.40653],[-90.4902,20.40655],[-90.4901,20.4066],[-90.49,20.40665],[-90.48998,20.40666],[-90.48996,20.40667],[-90.48987,20.40672],[-90.48987,20.40672],[-90.4897,20.40683],[-90.48964,20.40689],[-90.48962,20.4069],[-90.48961,20.40692],[-90.48959,20.40696],[-90.48955,20.40699],[-90.48954,20.407],[-90.48949,20.40701],[-90.48949,20.40701],[-90.48949,20.40701],[-90.48949,20.40702],[-90.48947,20.40709],[-90.4894,20.40714],[-90.48939,20.40719],[-90.48936,20.40719],[-90.48931,20.4072],[-90.4893,20.40721],[-90.48926,20.40727],[-90.4892,20.40733],[-90.48912,20.40738],[-90.4891,20.4074],[-90.48911,20.40745],[-90.48908,20.40747],[-90.48907,20.40756],[-90.489,20.40761],[-90.48899,20.40761],[-90.48891,20.40763],[-90.48886,20.4076],[-90.48884,20.4076],[-90.48878,20.4076],[-90.48877,20.40762],[-90.48865,20.40774],[-90.48865,20.40774],[-90.48865,20.40774],[-90.48862,20.40776],[-90.48824,20.40797],[-90.48754,20.40745],[-90.48764,20.40728],[-90.48765,20.40715],[-90.48769,20.40706],[-90.48769,20.40705],[-90.48776,20.40702],[-90.48779,20.407],[-90.4878,20.40698],[-90.48781,20.40697],[-90.48782,20.40685],[-90.48777,20.40675],[-90.48765,20.40658],[-90.48746,20.40642],[-90.48732,20.40632],[-90.48712,20.40625],[-90.48692,20.40623],[-90.4869,20.40625],[-90.48679,20.40632],[-90.4866,20.40644],[-90.48655,20.40654],[-90.48652,20.40655],[-90.48648,20.40657],[-90.48648,20.40657],[-90.48647,20.40667],[-90.48645,20.40663],[-90.48644,20.40663],[-90.48616,20.4063],[-90.48615,20.4063],[-90.48618,20.40629],[-90.4862,20.40627],[-90.48626,20.4062],[-90.48626,20.40619],[-90.48629,20.40616],[-90.48632,20.40613],[-90.48632,20.40613],[-90.48637,20.4061],[-90.4864,20.40609],[-90.48641,20.40604],[-90.48642,20.40603],[-90.48648,20.40597],[-90.48649,20.40596],[-90.48649,20.40596],[-90.48646,20.4058],[-90.48652,20.40571],[-90.48653,20.4057],[-90.48668,20.40568],[-90.48675,20.40565],[-90.48678,20.40563],[-90.4869,20.40553],[-90.48692,20.40551],[-90.48703,20.40551],[-90.48703,20.40551],[-90.48704,20.4055],[-90.48705,20.40549],[-90.48716,20.40537],[-90.48724,20.40524],[-90.48725,20.40523],[-90.48731,20.40521],[-90.48738,20.40519],[-90.4874,20.40528],[-90.48747,20.4053],[-90.48765,20.40529],[-90.48784,20.40533],[-90.48799,20.40529],[-90.48802,20.40528],[-90.48803,20.40526],[-90.48805,20.40523],[-90.48813,20.4053],[-90.48821,20.40527],[-90.48827,20.40532],[-90.4884,20.40533],[-90.4887,20.40532],[-90.48891,20.40528],[-90.48896,20.40527],[-90.48901,20.40529],[-90.4891,20.40529],[-90.48923,20.4053],[-90.48928,20.40531],[-90.48934,20.40531],[-90.48944,20.4053],[-90.48952,20.40533],[-90.48964,20.40531],[-90.48973,20.4053],[-90.48983,20.40526],[-90.48988,20.40526],[-90.4899,20.40526],[-90.48991,20.40526],[-90.48992,20.40523],[-90.48993,20.4052],[-90.48996,20.40512],[-90.48998,20.40505],[-90.49007,20.40491],[-90.49011,20.4048],[-90.49011,20.40479],[-90.49012,20.40478],[-90.49012,20.40477],[-90.49013,20.40475],[-90.49021,20.40475],[-90.49029,20.40474],[-90.49029,20.40474],[-90.49034,20.40471],[-90.49036,20.4047],[-90.49043,20.40466],[-90.49046,20.40464],[-90.49053,20.40457],[-90.49058,20.40447],[-90.49063,20.40445],[-90.49063,20.40444],[-90.49063,20.4044],[-90.49063,20.40438],[-90.49062,20.4043],[-90.49057,20.40424],[-90.4906,20.40422],[-90.4906,20.4042],[-90.49057,20.40415],[-90.49058,20.40411],[-90.49057,20.40406],[-90.49054,20.40405],[-90.49054,20.40403],[-90.49056,20.40401],[-90.49054,20.40393],[-90.49054,20.40393],[-90.49054,20.40393],[-90.4905,20.40392],[-90.49046,20.40392],[-90.49044,20.40388],[-90.49038,20.40385],[-90.49037,20.40384],[-90.49034,20.4038],[-90.49034,20.40377],[-90.49034,20.40376],[-90.49037,20.40373],[-90.49038,20.40372],[-90.49032,20.40368],[-90.49031,20.40367],[-90.4903,20.40367],[-90.49027,20.40367],[-90.49025,20.40367],[-90.49022,20.40363],[-90.49019,20.40358],[-90.49021,20.40355],[-90.4902,20.40352],[-90.4902,20.40352],[-90.4902,20.40349],[-90.49019,20.40348],[-90.49016,20.40346],[-90.49015,20.40345],[-90.49015,20.40344],[-90.49015,20.40338],[-90.49011,20.40337],[-90.4901,20.40337],[-90.49006,20.40333],[-90.49003,20.40327],[-90.49002,20.40326],[-90.49002,20.40322],[-90.49002,20.40319],[-90.49002,20.40315],[-90.49002,20.40315],[-90.49003,20.40314],[-90.49003,20.40314],[-90.49003,20.40314],[-90.49005,20.40314],[-90.49005,20.40314],[-90.49006,20.40313],[-90.49006,20.40311],[-90.49006,20.4031],[-90.49006,20.40301],[-90.49006,20.40301],[-90.4901,20.40299],[-90.49011,20.403],[-90.49015,20.40302],[-90.49015,20.40303],[-90.49019,20.40299],[-90.49022,20.40297],[-90.49022,20.40297],[-90.49023,20.40295],[-90.49025,20.40293],[-90.49024,20.40289],[-90.49022,20.40289],[-90.4902,20.40288],[-90.49018,20.40287],[-90.4902,20.40285],[-90.4902,20.40285],[-90.49021,20.40283],[-90.49022,20.40283],[-90.49023,20.40281],[-90.49024,20.4028],[-90.49021,20.40278],[-90.49019,20.40277],[-90.49019,20.40277],[-90.49018,20.40277],[-90.49015,20.40277],[-90.49016,20.40275],[-90.49017,20.40275],[-90.49018,20.40273],[-90.49018,20.40273],[-90.4902,20.40273],[-90.49022,20.40272],[-90.49025,20.40272],[-90.49025,20.40268],[-90.49022,20.40266],[-90.49018,20.40264],[-90.49013,20.40265],[-90.4901,20.40261],[-90.49012,20.40256],[-90.49014,20.40249],[-90.49013,20.40248],[-90.49012,20.40248],[-90.49009,20.40246],[-90.49004,20.40245],[-90.49005,20.40238],[-90.49008,20.40236],[-90.49011,20.40234],[-90.49014,20.40234],[-90.49019,20.40234],[-90.49017,20.40236],[-90.49022,20.4024],[-90.49024,20.40239],[-90.49027,20.40238],[-90.49029,20.40231],[-90.4903,20.40229],[-90.49032,20.40225],[-90.49032,20.40222],[-90.49032,20.40214],[-90.49036,20.40209],[-90.49037,20.40208],[-90.49036,20.40207],[-90.49035,20.40203],[-90.49035,20.40202],[-90.49038,20.40201],[-90.49038,20.40201],[-90.4904,20.402],[-90.4904,20.402],[-90.49044,20.40194],[-90.49045,20.40186],[-90.49048,20.40178],[-90.49047,20.40177],[-90.49045,20.40176],[-90.49045,20.40176],[-90.49045,20.40174],[-90.49047,20.40172],[-90.49048,20.4017],[-90.49049,20.4017],[-90.49053,20.40165],[-90.49054,20.40164],[-90.49057,20.40158],[-90.49054,20.40158],[-90.49049,20.40158],[-90.49053,20.40152],[-90.49053,20.40146],[-90.49051,20.40145],[-90.49046,20.40144],[-90.49045,20.40141],[-90.49045,20.40134],[-90.49043,20.40133],[-90.49041,20.40132],[-90.49039,20.40131],[-90.49035,20.40131],[-90.49036,20.40125],[-90.49039,20.40123],[-90.49039,20.40122],[-90.4904,20.40121],[-90.49041,20.40121],[-90.49045,20.4012],[-90.49048,20.40119],[-90.49045,20.40115],[-90.49046,20.40112],[-90.49048,20.40108],[-90.49048,20.40101],[-90.49044,20.40102],[-90.49046,20.40098],[-90.49048,20.40092],[-90.49042,20.40091],[-90.49041,20.40087],[-90.49043,20.40085],[-90.49041,20.40083],[-90.49041,20.40078],[-90.4904,20.40077],[-90.49035,20.40076],[-90.49036,20.40069],[-90.49034,20.40067],[-90.4903,20.40063],[-90.49027,20.4006],[-90.49027,20.4006],[-90.49012,20.40057],[-90.49012,20.40049],[-90.49016,20.40045],[-90.49014,20.40041],[-90.49012,20.40038],[-90.49011,20.4003],[-90.49013,20.40025],[-90.49013,20.40022],[-90.4901,20.40021],[-90.49011,20.40019],[-90.49011,20.40018],[-90.49011,20.40018],[-90.49014,20.40018],[-90.49014,20.40014],[-90.49012,20.40011],[-90.49012,20.40005],[-90.49012,20.40005],[-90.49014,20.40003],[-90.49014,20.40003],[-90.49014,20.40003],[-90.49015,20.39999],[-90.49014,20.39998],[-90.49012,20.39997],[-90.49011,20.39996],[-90.49012,20.39996],[-90.49013,20.39993],[-90.49014,20.39992],[-90.49013,20.3999],[-90.49012,20.39988],[-90.49012,20.39981],[-90.49012,20.39979],[-90.49013,20.39976],[-90.49012,20.39975],[-90.49008,20.39972],[-90.49008,20.39969],[-90.49004,20.39967],[-90.49004,20.39967],[-90.49001,20.39967],[-90.49001,20.39966],[-90.49001,20.39965],[-90.49001,20.39963],[-90.49002,20.39961],[-90.49003,20.39959],[-90.49003,20.39958],[-90.49005,20.39958],[-90.49005,20.39958],[-90.49009,20.39957],[-90.49007,20.3995],[-90.49004,20.39946],[-90.48998,20.39944],[-90.48997,20.39939],[-90.48996,20.39933],[-90.48999,20.39931],[-90.48997,20.39926],[-90.48993,20.39927],[-90.48992,20.39927],[-90.4899,20.39926],[-90.4899,20.39926],[-90.48992,20.39923],[-90.48992,20.39923],[-90.48995,20.39919],[-90.48997,20.39918],[-90.48997,20.39913],[-90.48991,20.39911],[-90.4899,20.3991],[-90.48987,20.3991],[-90.48983,20.39908],[-90.48978,20.39902],[-90.4897,20.39902],[-90.4897,20.39898],[-90.4897,20.39897],[-90.48971,20.39897],[-90.48974,20.39896],[-90.48974,20.39892],[-90.48975,20.39887],[-90.4897,20.39886],[-90.48965,20.39888],[-90.48962,20.3989],[-90.48958,20.39891],[-90.48952,20.39892],[-90.48952,20.39893],[-90.48951,20.39896],[-90.4895,20.39895],[-90.48949,20.39895],[-90.48947,20.39895],[-90.48945,20.39895],[-90.48946,20.39889],[-90.48946,20.39889],[-90.48947,20.39887],[-90.48949,20.39884],[-90.48947,20.39883],[-90.48944,20.39881],[-90.48944,20.39878],[-90.48944,20.39878],[-90.48945,20.39877],[-90.48946,20.39877],[-90.48948,20.39875],[-90.48949,20.39875],[-90.48949,20.39871],[-90.48947,20.39871],[-90.48944,20.39871],[-90.48941,20.39871],[-90.4894,20.3987],[-90.48939,20.39866],[-90.4894,20.39865],[-90.48942,20.39863],[-90.48942,20.39863],[-90.48942,20.39863],[-90.48939,20.39857],[-90.48938,20.39856],[-90.48936,20.39854],[-90.48937,20.39852],[-90.48938,20.39848],[-90.48936,20.39847],[-90.48932,20.39845],[-90.48929,20.39842],[-90.48931,20.39837],[-90.48932,20.3983],[-90.48932,20.3983],[-90.48933,20.39825],[-90.48933,20.39825],[-90.48934,20.39822],[-90.48935,20.39821],[-90.48934,20.3982],[-90.48932,20.39818],[-90.48932,20.39811],[-90.48931,20.39807],[-90.48927,20.39805],[-90.48922,20.39803],[-90.48917,20.39805],[-90.48915,20.39803],[-90.48914,20.39802],[-90.48913,20.39799],[-90.48915,20.39789],[-90.4892,20.39783],[-90.48922,20.39782],[-90.48924,20.3978],[-90.48924,20.3978],[-90.48928,20.39775],[-90.48929,20.39774],[-90.4893,20.39768],[-90.48934,20.39763],[-90.48931,20.39756],[-90.48928,20.39755],[-90.48927,20.39756],[-90.48925,20.39757],[-90.48923,20.39756],[-90.48922,20.39755],[-90.48922,20.39754],[-90.48924,20.39751],[-90.4892,20.39745],[-90.48919,20.39738],[-90.48917,20.39734],[-90.48914,20.39731],[-90.48914,20.39724],[-90.48911,20.39721],[-90.48909,20.3972],[-90.48909,20.3972],[-90.4891,20.3972],[-90.48912,20.39719],[-90.48913,20.39718],[-90.48917,20.39716],[-90.48918,20.39716],[-90.48921,20.39715],[-90.48917,20.39711],[-90.48915,20.3971],[-90.48913,20.39708],[-90.48913,20.39703],[-90.48913,20.39702],[-90.48915,20.39699],[-90.48915,20.39694],[-90.48916,20.39692],[-90.48911,20.39691],[-90.48908,20.39691],[-90.48908,20.39685],[-90.48902,20.39684],[-90.48901,20.39684],[-90.48899,20.39678],[-90.48899,20.39679],[-90.48895,20.39679],[-90.48893,20.39676],[-90.48895,20.39668],[-90.48896,20.39668],[-90.48897,20.39665],[-90.48899,20.39663],[-90.48901,20.39657],[-90.48897,20.39654],[-90.48898,20.39651],[-90.48897,20.39647],[-90.48895,20.39643],[-90.48891,20.39641],[-90.48894,20.39638],[-90.48893,20.39636],[-90.48893,20.39634],[-90.48895,20.39634],[-90.48896,20.39634],[-90.489,20.39633],[-90.48903,20.39632],[-90.48899,20.39626],[-90.48894,20.39621],[-90.4889,20.39621],[-90.4889,20.39621],[-90.48886,20.39622],[-90.48886,20.39619],[-90.48887,20.39615],[-90.48883,20.39613],[-90.48882,20.39613],[-90.4888,20.39612],[-90.48877,20.3961],[-90.48877,20.39607],[-90.48877,20.39603],[-90.48877,20.39601],[-90.48878,20.39596],[-90.48878,20.39593],[-90.48877,20.39593],[-90.48874,20.3959],[-90.48874,20.3959],[-90.48871,20.39589],[-90.48872,20.39584],[-90.48871,20.39583],[-90.48871,20.39581],[-90.48871,20.3958],[-90.48871,20.3958],[-90.48867,20.39578],[-90.48867,20.39574],[-90.48869,20.39573],[-90.4887,20.39571],[-90.48871,20.39571],[-90.48871,20.3957],[-90.48872,20.39568],[-90.48875,20.39566],[-90.48872,20.39563],[-90.48871,20.39558],[-90.48867,20.39558],[-90.48866,20.39558],[-90.48865,20.39558],[-90.48862,20.39558],[-90.48858,20.39558],[-90.48855,20.3956],[-90.48855,20.3956],[-90.48855,20.3956],[-90.48853,20.39558],[-90.48852,20.39554],[-90.48852,20.39553],[-90.48853,20.39553],[-90.48856,20.39552],[-90.48857,20.39547],[-90.48859,20.39543],[-90.48859,20.39542],[-90.4886,20.39541],[-90.48861,20.39537],[-90.48862,20.39537],[-90.48864,20.39531],[-90.48856,20.39528],[-90.48852,20.39526],[-90.48851,20.39523],[-90.4885,20.39523],[-90.48846,20.39521],[-90.48843,20.39517],[-90.48844,20.39511],[-90.48835,20.3951],[-90.48827,20.39507],[-90.4882,20.39509],[-90.4882,20.39507],[-90.4882,20.39504],[-90.48822,20.39503],[-90.48824,20.39502],[-90.48827,20.39499],[-90.48828,20.39495],[-90.48831,20.39492],[-90.48833,20.39489],[-90.48833,20.3948],[-90.48834,20.39479],[-90.48834,20.39476],[-90.48835,20.39471],[-90.48835,20.39471],[-90.48836,20.39464],[-90.48835,20.39461],[-90.48835,20.3946],[-90.48836,20.39459],[-90.48839,20.39459],[-90.48839,20.39453],[-90.48834,20.3945],[-90.48834,20.39447],[-90.48829,20.39447],[-90.48829,20.39447],[-90.48825,20.39446],[-90.48822,20.39445],[-90.4882,20.39445],[-90.48819,20.3944],[-90.48818,20.39434],[-90.48819,20.39433],[-90.4882,20.39431],[-90.48817,20.39425],[-90.48818,20.39424],[-90.48821,20.39421],[-90.48824,20.39416],[-90.48825,20.39415],[-90.48825,20.3941],[-90.48824,20.39406],[-90.48825,20.39406],[-90.48828,20.39402],[-90.48828,20.39398],[-90.48825,20.39397],[-90.48823,20.39396],[-90.48825,20.39391],[-90.48824,20.39389],[-90.48823,20.39389],[-90.48821,20.39389],[-90.48816,20.39388],[-90.48816,20.39386],[-90.48816,20.39385],[-90.48819,20.39384],[-90.48821,20.39383],[-90.48824,20.3938],[-90.48826,20.39377],[-90.48826,20.39377],[-90.48826,20.39376],[-90.48827,20.39374],[-90.48826,20.39372],[-90.48824,20.39366],[-90.48827,20.39357],[-90.48827,20.39357],[-90.48829,20.39352],[-90.48833,20.39342],[-90.48835,20.39329],[-90.48833,20.39318],[-90.4883,20.39315],[-90.48829,20.39308],[-90.48831,20.39304],[-90.48831,20.39304],[-90.4883,20.39299],[-90.4883,20.39299],[-90.48827,20.39298],[-90.48827,20.39291],[-90.48824,20.39286],[-90.4882,20.39283],[-90.48817,20.3928],[-90.48813,20.39275],[-90.48812,20.39274],[-90.48807,20.39267],[-90.48806,20.39261],[-90.48808,20.39261],[-90.48808,20.39261],[-90.48809,20.39256],[-90.4881,20.39252],[-90.4881,20.39248],[-90.48808,20.39247],[-90.48808,20.3924],[-90.48809,20.39235],[-90.48802,20.39233],[-90.48796,20.39231],[-90.48795,20.3923],[-90.48791,20.3923],[-90.48788,20.3923],[-90.48788,20.3923],[-90.48786,20.39232],[-90.48783,20.39234],[-90.48782,20.39244],[-90.4878,20.39245],[-90.48781,20.39252],[-90.48778,20.39253],[-90.48777,20.39253],[-90.48777,20.39254],[-90.48776,20.39259],[-90.48774,20.39265],[-90.48774,20.39266],[-90.48774,20.39266],[-90.48777,20.39267],[-90.48778,20.39268],[-90.48778,20.39268],[-90.4878,20.39275],[-90.48788,20.39276],[-90.48789,20.39282],[-90.48797,20.39284],[-90.48795,20.39291],[-90.48801,20.39295],[-90.48801,20.39302],[-90.48799,20.39306],[-90.48797,20.39311],[-90.48796,20.39314],[-90.48796,20.39318],[-90.48795,20.39328],[-90.48795,20.39334],[-90.48788,20.39339],[-90.48787,20.39339],[-90.48782,20.39345],[-90.48782,20.39346],[-90.48781,20.39349],[-90.48779,20.39349],[-90.48779,20.39349],[-90.48773,20.3935],[-90.48771,20.39351],[-90.48766,20.39356],[-90.48766,20.39356],[-90.48758,20.39343],[-90.48757,20.39342],[-90.48764,20.39331],[-90.48764,20.39321],[-90.48763,20.39312],[-90.48761,20.39302],[-90.48757,20.39296],[-90.48755,20.39285],[-90.4875,20.39281],[-90.48752,20.39276],[-90.48751,20.39273],[-90.48751,20.3927],[-90.4875,20.39269],[-90.48746,20.39266],[-90.48749,20.39261],[-90.48749,20.39258],[-90.48749,20.39254],[-90.48748,20.3925],[-90.48748,20.3925],[-90.48748,20.3925],[-90.48744,20.39251],[-90.48744,20.39251],[-90.48743,20.3925],[-90.48747,20.39247],[-90.48747,20.39247],[-90.4875,20.39242],[-90.48746,20.39236],[-90.48745,20.39236],[-90.48743,20.39235],[-90.4874,20.39233],[-90.48736,20.39225],[-90.48736,20.39224],[-90.48734,20.39221],[-90.48733,20.39212],[-90.48733,20.39209],[-90.48734,20.39206],[-90.48735,20.39204],[-90.48737,20.39202],[-90.48739,20.39201],[-90.48744,20.39196],[-90.48748,20.3919],[-90.48749,20.39189],[-90.48753,20.39184],[-90.48755,20.39178],[-90.48755,20.39178],[-90.48752,20.39178],[-90.4875,20.39178],[-90.4875,20.39178],[-90.48749,20.39176],[-90.48749,20.39172],[-90.48751,20.39166],[-90.4875,20.39161],[-90.4875,20.39154],[-90.4875,20.39153],[-90.48748,20.39152],[-90.48748,20.39152],[-90.48747,20.39147],[-90.4875,20.39142],[-90.48751,20.3914],[-90.48753,20.39137],[-90.48753,20.39133],[-90.48748,20.3913],[-90.48739,20.39127],[-90.48732,20.39123],[-90.48731,20.39123],[-90.48731,20.39122],[-90.48731,20.39112],[-90.48731,20.39111],[-90.48722,20.39108],[-90.48722,20.39104],[-90.48722,20.39104],[-90.4872,20.39103],[-90.48715,20.39102],[-90.48714,20.39102],[-90.4871,20.39103],[-90.4871,20.39103],[-90.48708,20.391],[-90.48702,20.39096],[-90.487,20.39087],[-90.48703,20.39083],[-90.48704,20.39081],[-90.48702,20.39073],[-90.487,20.39068],[-90.48699,20.39067],[-90.48699,20.39067],[-90.48698,20.39066],[-90.48695,20.39063],[-90.48695,20.39061],[-90.48699,20.39049],[-90.48697,20.39044],[-90.48702,20.39041],[-90.48704,20.39035],[-90.48704,20.39033],[-90.48705,20.39033],[-90.48707,20.39034],[-90.48709,20.39034],[-90.48709,20.39034],[-90.48709,20.39034],[-90.48712,20.39033],[-90.48713,20.39033],[-90.48714,20.39033],[-90.48715,20.39031],[-90.48717,20.39025],[-90.48717,20.39018],[-90.48717,20.39015],[-90.48717,20.39011],[-90.48717,20.39011],[-90.48717,20.39011],[-90.48719,20.3901],[-90.48722,20.39008],[-90.48726,20.39001],[-90.4873,20.38995],[-90.48735,20.38991],[-90.48743,20.38978],[-90.48742,20.38973],[-90.48742,20.3897],[-90.48748,20.38964],[-90.48753,20.38958],[-90.48755,20.38955],[-90.48756,20.38948],[-90.48757,20.38946],[-90.48757,20.38944],[-90.48757,20.38944],[-90.48759,20.38944],[-90.48761,20.38944],[-90.48761,20.38944],[-90.48764,20.38936],[-90.4876,20.38932],[-90.48762,20.38929],[-90.48764,20.38925],[-90.4876,20.3892],[-90.48759,20.38917],[-90.48755,20.38911],[-90.48756,20.38906],[-90.48755,20.38902],[-90.4876,20.38898],[-90.4876,20.38898],[-90.48762,20.38896],[-90.4876,20.38895],[-90.4876,20.38895],[-90.48759,20.38895],[-90.48757,20.38895],[-90.48748,20.38892],[-90.48742,20.38887],[-90.4874,20.38881],[-90.4874,20.38868],[-90.4874,20.38867],[-90.48736,20.38865],[-90.48736,20.38865],[-90.48734,20.38867],[-90.48732,20.38868],[-90.48732,20.38869],[-90.48732,20.38868],[-90.48729,20.38863],[-90.48727,20.38854],[-90.48717,20.38846],[-90.48714,20.38845],[-90.4871,20.38842],[-90.48704,20.38839],[-90.48693,20.38837],[-90.48692,20.38833],[-90.48691,20.38833],[-90.48691,20.38833],[-90.4867,20.3883],[-90.48667,20.38821],[-90.48667,20.38821],[-90.48659,20.38821],[-90.48659,20.38821],[-90.4866,20.38818],[-90.48656,20.38816],[-90.48656,20.38816],[-90.48651,20.38817],[-90.48651,20.38817],[-90.48648,20.38813],[-90.4865,20.38811],[-90.48652,20.38807],[-90.48654,20.38804],[-90.48655,20.38804],[-90.48659,20.3881],[-90.48667,20.38814],[-90.48674,20.38816],[-90.48684,20.3882],[-90.48684,20.3882],[-90.4869,20.38817],[-90.48692,20.38816],[-90.48698,20.38809],[-90.48693,20.38803],[-90.48699,20.38794],[-90.48695,20.38784],[-90.487,20.38781],[-90.48702,20.3878],[-90.487,20.38777],[-90.48698,20.38774],[-90.48699,20.38767],[-90.48687,20.38765],[-90.48684,20.38763],[-90.48681,20.38762],[-90.48676,20.38751],[-90.48674,20.38749],[-90.48673,20.38748],[-90.48674,20.38747],[-90.48678,20.38744],[-90.48677,20.38739],[-90.48683,20.38727],[-90.48683,20.38727],[-90.4868,20.38727],[-90.48679,20.38727],[-90.48676,20.38727],[-90.48675,20.38727],[-90.48679,20.38721],[-90.4868,20.38719],[-90.48681,20.38719],[-90.48683,20.38719],[-90.48686,20.38719],[-90.48688,20.38719],[-90.48693,20.38711],[-90.48695,20.38703],[-90.48698,20.38694],[-90.48693,20.38692],[-90.48693,20.38691],[-90.48691,20.38691],[-90.48689,20.38691],[-90.48689,20.38691],[-90.48689,20.38691],[-90.48688,20.38688],[-90.48688,20.38688],[-90.48691,20.38686],[-90.48691,20.38686],[-90.48693,20.38685],[-90.48695,20.38684],[-90.48695,20.38684],[-90.48699,20.38685],[-90.48699,20.38685],[-90.48699,20.38685],[-90.48703,20.38682],[-90.48702,20.38676],[-90.48698,20.38669],[-90.48698,20.38668],[-90.48699,20.38663],[-90.487,20.38661],[-90.48706,20.38653],[-90.48708,20.38646],[-90.48709,20.38638],[-90.487,20.38636],[-90.487,20.38633],[-90.48703,20.38626],[-90.48701,20.38623],[-90.48696,20.38621],[-90.48689,20.38616],[-90.48688,20.38616],[-90.48685,20.38616],[-90.48681,20.38615],[-90.48677,20.38614],[-90.48677,20.38609],[-90.48673,20.38607],[-90.48674,20.38603],[-90.48678,20.386],[-90.48679,20.38599],[-90.4868,20.38597],[-90.48683,20.38591],[-90.48683,20.38584],[-90.48683,20.38583],[-90.48681,20.38578],[-90.48681,20.38578],[-90.48679,20.38578],[-90.48672,20.38579],[-90.48672,20.38579],[-90.48671,20.38575],[-90.48675,20.38572],[-90.48675,20.38571],[-90.48681,20.38564],[-90.48681,20.38563],[-90.48674,20.38561],[-90.48672,20.38556],[-90.48669,20.38555],[-90.48669,20.38555],[-90.48667,20.38556],[-90.4866,20.38558],[-90.4866,20.38558],[-90.48658,20.38552],[-90.48657,20.38542],[-90.48653,20.38533],[-90.48647,20.38527],[-90.48639,20.38517],[-90.4864,20.38504],[-90.4864,20.38501],[-90.48639,20.38492],[-90.48637,20.38492],[-90.48637,20.38491],[-90.48634,20.38489],[-90.48634,20.38484],[-90.48631,20.38478],[-90.48629,20.38469],[-90.48623,20.3846],[-90.48621,20.38452],[-90.48616,20.38448],[-90.48614,20.38436],[-90.48615,20.38421],[-90.48615,20.38413],[-90.48611,20.38405],[-90.4861,20.38401],[-90.48612,20.38398],[-90.48613,20.38396],[-90.48614,20.38393],[-90.48614,20.38391],[-90.48615,20.38384],[-90.48612,20.3838],[-90.48612,20.38377],[-90.48611,20.38375],[-90.48605,20.38374],[-90.48604,20.38374],[-90.48602,20.38374],[-90.48601,20.38374],[-90.48597,20.38366],[-90.48596,20.38357],[-90.48589,20.38347],[-90.4859,20.38335],[-90.4859,20.38329],[-90.4859,20.38328],[-90.4859,20.38324],[-90.4859,20.3832],[-90.48592,20.38319],[-90.48593,20.38318],[-90.48592,20.38314],[-90.4859,20.38312],[-90.48593,20.38305],[-90.48591,20.38299],[-90.48591,20.38299],[-90.48587,20.38299],[-90.48586,20.38299],[-90.48586,20.38299],[-90.48585,20.38299],[-90.48586,20.38296],[-90.48586,20.38295],[-90.48587,20.38288],[-90.48588,20.38287],[-90.48589,20.38286],[-90.48591,20.38282],[-90.48591,20.38282],[-90.48591,20.3828],[-90.48591,20.3828],[-90.48594,20.38278],[-90.48597,20.38276],[-90.48593,20.38265],[-90.48593,20.38258],[-90.48585,20.38257],[-90.48585,20.38257],[-90.48582,20.38255],[-90.48581,20.38255],[-90.4858,20.38254],[-90.4858,20.38253],[-90.4858,20.38253],[-90.48581,20.38252],[-90.48581,20.3825],[-90.48584,20.38248],[-90.48585,20.38246],[-90.48585,20.38243],[-90.48583,20.38242],[-90.48581,20.38242],[-90.48577,20.3824],[-90.48573,20.38235],[-90.48572,20.38234],[-90.48572,20.38233],[-90.48572,20.38228],[-90.48569,20.38219],[-90.48566,20.38214],[-90.48566,20.38213],[-90.48562,20.38209],[-90.48557,20.382],[-90.48559,20.38191],[-90.48559,20.38187],[-90.4856,20.38185],[-90.48562,20.38179],[-90.4856,20.38178],[-90.48554,20.38176],[-90.48553,20.38175],[-90.48555,20.38172],[-90.48555,20.38172],[-90.48555,20.3817],[-90.48555,20.38162],[-90.48557,20.38161],[-90.48563,20.38157],[-90.48566,20.38147],[-90.48566,20.38143],[-90.48566,20.38133],[-90.48566,20.38127],[-90.48566,20.38127],[-90.48565,20.38126],[-90.48563,20.38125],[-90.48562,20.38125],[-90.48557,20.38125],[-90.48554,20.38127],[-90.48548,20.38131],[-90.48547,20.38131],[-90.48542,20.38131],[-90.48542,20.38131],[-90.48524,20.38127],[-90.48511,20.38126],[-90.48505,20.38125],[-90.48504,20.38125],[-90.48493,20.38124],[-90.48489,20.38124],[-90.48487,20.38116],[-90.48486,20.38114],[-90.48486,20.38114],[-90.48494,20.3811],[-90.48498,20.3811],[-90.48507,20.38109],[-90.48508,20.38109],[-90.4851,20.38108],[-90.4851,20.38108],[-90.48515,20.38096],[-90.48513,20.38087],[-90.48519,20.38079],[-90.48523,20.38071],[-90.4852,20.38066],[-90.48509,20.38062],[-90.485,20.3806],[-90.48496,20.38056],[-90.48497,20.38049],[-90.48495,20.38043],[-90.48498,20.38036],[-90.48497,20.38032],[-90.48497,20.38031],[-90.48497,20.38031],[-90.48499,20.38029],[-90.48501,20.38026],[-90.48507,20.38021],[-90.4851,20.38019],[-90.48519,20.3801],[-90.48517,20.38002],[-90.48512,20.37999],[-90.48512,20.37999],[-90.48506,20.38],[-90.48505,20.38],[-90.48504,20.37998],[-90.48503,20.37997],[-90.48503,20.37996],[-90.48504,20.37995],[-90.48504,20.37992],[-90.48512,20.37987],[-90.48514,20.37984],[-90.48507,20.3798],[-90.48503,20.37978],[-90.48498,20.37976],[-90.48495,20.37976],[-90.48495,20.37976],[-90.48492,20.37973],[-90.48488,20.3797],[-90.48487,20.37969],[-90.4849,20.37968],[-90.48491,20.37968],[-90.48492,20.37968],[-90.48495,20.37967],[-90.48491,20.37961],[-90.48489,20.3796],[-90.48486,20.3796],[-90.48485,20.3796],[-90.48483,20.37956],[-90.48484,20.37954],[-90.48485,20.37951],[-90.48487,20.37946],[-90.48487,20.37939],[-90.48485,20.37935],[-90.4848,20.37933],[-90.4848,20.37924],[-90.48484,20.37918],[-90.48477,20.37911],[-90.48474,20.37909],[-90.48473,20.37908],[-90.48471,20.37909],[-90.4847,20.37909],[-90.4847,20.37909],[-90.4847,20.37909],[-90.48466,20.37905],[-90.48467,20.37902],[-90.48469,20.37899],[-90.48469,20.37898],[-90.48474,20.37897],[-90.48475,20.37897],[-90.48477,20.37897],[-90.48479,20.37897],[-90.48481,20.37897],[-90.48482,20.37896],[-90.48482,20.37891],[-90.4848,20.37889],[-90.48479,20.37888],[-90.48477,20.37886],[-90.48481,20.37884],[-90.48481,20.37884],[-90.48483,20.37883],[-90.48483,20.37883],[-90.48489,20.37881],[-90.48491,20.37881],[-90.48492,20.37875],[-90.48492,20.37869],[-90.48487,20.37867],[-90.48481,20.37864],[-90.4848,20.37863],[-90.48479,20.37862],[-90.48476,20.37859],[-90.48478,20.37856],[-90.4848,20.37853],[-90.48477,20.37845],[-90.48477,20.37842],[-90.48478,20.37842],[-90.48482,20.37839],[-90.4848,20.37832],[-90.4848,20.37828],[-90.48476,20.37822],[-90.48473,20.37816],[-90.48472,20.37816],[-90.48472,20.37816],[-90.48465,20.37814],[-90.48465,20.37814],[-90.48457,20.37816],[-90.48447,20.3782],[-90.48447,20.3782],[-90.4844,20.37818],[-90.48433,20.37814],[-90.4843,20.37805],[-90.48428,20.37796],[-90.48428,20.37795],[-90.48427,20.37794],[-90.48423,20.37794],[-90.48418,20.37787],[-90.48416,20.37776],[-90.48411,20.37766],[-90.48413,20.37759],[-90.4841,20.37752],[-90.4841,20.37751],[-90.48409,20.37747],[-90.48408,20.37742],[-90.48408,20.37739],[-90.48403,20.37737],[-90.48402,20.37732],[-90.48399,20.37727],[-90.48393,20.37723],[-90.48386,20.37722],[-90.48378,20.37721],[-90.48375,20.37716],[-90.4837,20.37709],[-90.48368,20.37701],[-90.48367,20.37695],[-90.48366,20.37692],[-90.48366,20.37692],[-90.48365,20.37689],[-90.48365,20.37688],[-90.48369,20.37686],[-90.48371,20.37685],[-90.48372,20.37684],[-90.48374,20.37683],[-90.48376,20.37682],[-90.48377,20.37682],[-90.48381,20.37681],[-90.48384,20.37681],[-90.48384,20.37681],[-90.48384,20.3768],[-90.48381,20.37675],[-90.48381,20.37673],[-90.48385,20.3767],[-90.48382,20.37663],[-90.48378,20.37659],[-90.48374,20.37654],[-90.48374,20.37649],[-90.48371,20.37644],[-90.48372,20.37641],[-90.48373,20.37639],[-90.48373,20.37639],[-90.48374,20.3764],[-90.48376,20.3764],[-90.48376,20.3764],[-90.48377,20.37638],[-90.48378,20.37636],[-90.48375,20.3763],[-90.48375,20.3763],[-90.48373,20.3763],[-90.48365,20.37631],[-90.48365,20.37631],[-90.48362,20.37631],[-90.48364,20.37619],[-90.48363,20.37615],[-90.48363,20.37613],[-90.48362,20.37608],[-90.48364,20.37601],[-90.48368,20.37598],[-90.48369,20.37597],[-90.48372,20.37596],[-90.48374,20.37595],[-90.48378,20.37589],[-90.4838,20.37583],[-90.48385,20.37575],[-90.48389,20.37572],[-90.48391,20.37571],[-90.48396,20.3757],[-90.48397,20.37569],[-90.48397,20.37569],[-90.48399,20.37569],[-90.48408,20.37561],[-90.48409,20.37556],[-90.48418,20.37548],[-90.48422,20.37537],[-90.4842,20.37527],[-90.48417,20.37521],[-90.48416,20.37512],[-90.48411,20.37508],[-90.48407,20.37506],[-90.48404,20.37504],[-90.48405,20.37499],[-90.48405,20.37498],[-90.48403,20.37497],[-90.48399,20.37497],[-90.48394,20.37494],[-90.48393,20.37494],[-90.48388,20.37495],[-90.48388,20.37495],[-90.48386,20.37496],[-90.48378,20.37498],[-90.48373,20.37499],[-90.48373,20.375],[-90.48369,20.37497],[-90.48367,20.37496],[-90.48367,20.37496],[-90.48362,20.37496],[-90.48361,20.37498],[-90.48361,20.37499],[-90.4836,20.375],[-90.48356,20.37505],[-90.48356,20.37505],[-90.48354,20.37505],[-90.48353,20.37505],[-90.48353,20.37505],[-90.48341,20.37508],[-90.48341,20.37508],[-90.48338,20.37504],[-90.48334,20.375],[-90.48332,20.37498],[-90.48327,20.37491],[-90.48327,20.37491],[-90.48319,20.37491],[-90.48317,20.37491],[-90.48309,20.37491],[-90.48309,20.37491],[-90.48307,20.3749],[-90.48303,20.37488],[-90.48296,20.37484],[-90.48293,20.37474],[-90.48292,20.3746],[-90.48292,20.37459],[-90.48286,20.37451],[-90.48295,20.3744],[-90.48295,20.3744],[-90.48297,20.37438],[-90.48297,20.37438],[-90.48305,20.37441],[-90.48314,20.37446],[-90.48324,20.37453],[-90.48324,20.37453],[-90.48329,20.37452],[-90.48329,20.37452],[-90.48327,20.37457],[-90.48328,20.37457],[-90.48338,20.37456],[-90.48338,20.37456],[-90.48342,20.3746],[-90.48347,20.37462],[-90.48352,20.37463],[-90.48352,20.37463],[-90.48359,20.37463],[-90.4836,20.37463],[-90.48362,20.37462],[-90.48364,20.37461],[-90.48364,20.37461],[-90.48371,20.37458],[-90.48371,20.37451],[-90.48368,20.37448],[-90.48368,20.37445],[-90.48368,20.37445],[-90.48368,20.37442],[-90.4837,20.37437],[-90.4837,20.37436],[-90.4837,20.37436],[-90.48376,20.37436],[-90.48381,20.37433],[-90.48383,20.37433],[-90.48384,20.37432],[-90.48385,20.37432],[-90.48387,20.37431],[-90.48388,20.37424],[-90.48389,20.37419],[-90.48389,20.37419],[-90.48389,20.37419],[-90.48386,20.37417],[-90.48386,20.37411],[-90.48383,20.37407],[-90.48382,20.37396],[-90.48379,20.3739],[-90.48378,20.37388],[-90.48377,20.37386],[-90.48375,20.37378],[-90.48374,20.37378],[-90.4837,20.37377],[-90.4837,20.37373],[-90.48371,20.37368],[-90.48369,20.37367],[-90.48368,20.37366],[-90.48372,20.37365],[-90.48374,20.37365],[-90.48374,20.37364],[-90.48375,20.37364],[-90.48377,20.37363],[-90.4838,20.37358],[-90.48379,20.37353],[-90.48384,20.3735],[-90.48384,20.37349],[-90.48384,20.37347],[-90.48384,20.37347],[-90.4838,20.37344],[-90.48381,20.37341],[-90.48382,20.37335],[-90.48382,20.37335],[-90.48382,20.37334],[-90.48381,20.37332],[-90.48382,20.37333],[-90.48382,20.37333],[-90.48383,20.37333],[-90.48385,20.37333],[-90.48387,20.37334],[-90.48387,20.37334],[-90.48387,20.37334],[-90.48388,20.37333],[-90.48388,20.3733],[-90.48389,20.37324],[-90.48393,20.37315],[-90.48397,20.37311],[-90.48399,20.3731],[-90.48397,20.37305],[-90.48397,20.37304],[-90.48397,20.37303],[-90.48403,20.37298],[-90.48405,20.37289],[-90.48405,20.37277],[-90.48399,20.37275],[-90.48397,20.37274],[-90.48396,20.37273],[-90.48393,20.37271],[-90.48394,20.37269],[-90.48394,20.37265],[-90.48395,20.37262],[-90.48392,20.3726],[-90.48391,20.37259],[-90.48386,20.37255],[-90.48383,20.37248],[-90.48381,20.3724],[-90.48381,20.37229],[-90.48381,20.37229],[-90.48383,20.37226],[-90.48386,20.37222],[-90.48383,20.37221],[-90.48379,20.37221],[-90.48379,20.37221],[-90.48377,20.37218],[-90.48373,20.37216],[-90.48372,20.37215],[-90.48372,20.37214],[-90.48371,20.37212],[-90.48372,20.37199],[-90.48374,20.37193],[-90.48374,20.3719],[-90.48376,20.37183],[-90.48376,20.37181],[-90.48376,20.3718],[-90.48377,20.3718],[-90.48377,20.3718],[-90.4838,20.37178],[-90.48382,20.37175],[-90.48383,20.37173],[-90.48383,20.37172],[-90.48384,20.37168],[-90.48385,20.37167],[-90.48387,20.37165],[-90.48389,20.37157],[-90.48389,20.37157],[-90.48386,20.37153],[-90.48383,20.37152],[-90.48383,20.37152],[-90.4838,20.37153],[-90.48379,20.37154],[-90.48377,20.37156],[-90.48377,20.37156],[-90.48376,20.37156],[-90.48369,20.37156],[-90.48368,20.37153],[-90.48369,20.37149],[-90.48369,20.37149],[-90.48369,20.37147],[-90.48372,20.37145],[-90.48375,20.37143],[-90.48375,20.37143],[-90.48381,20.37144],[-90.48381,20.37144],[-90.48382,20.37144],[-90.48383,20.37145],[-90.48383,20.37145],[-90.48384,20.37144],[-90.48384,20.37143],[-90.48385,20.3714],[-90.48386,20.37139],[-90.48395,20.37137],[-90.48399,20.37135],[-90.48401,20.37134],[-90.48401,20.37133],[-90.48404,20.37132],[-90.48406,20.37127],[-90.48406,20.37126],[-90.48407,20.37125],[-90.48407,20.37121],[-90.48407,20.37121],[-90.4841,20.3712],[-90.48411,20.37119],[-90.48412,20.37119],[-90.48415,20.37118],[-90.48418,20.37116],[-90.48422,20.37109],[-90.48425,20.37101],[-90.48432,20.37097],[-90.48433,20.37096],[-90.48436,20.37092],[-90.48439,20.37085],[-90.4844,20.37083],[-90.4844,20.37083],[-90.4844,20.3708],[-90.48447,20.37073],[-90.48454,20.37066],[-90.48455,20.37065],[-90.48457,20.37064],[-90.4846,20.37063],[-90.48465,20.37058],[-90.48466,20.37056],[-90.48466,20.37056],[-90.48467,20.37056],[-90.48468,20.37056],[-90.48469,20.37056],[-90.48473,20.37058],[-90.48474,20.37058],[-90.48474,20.37058],[-90.48476,20.37057],[-90.48477,20.37048],[-90.48478,20.37045],[-90.48475,20.3704],[-90.48473,20.37038],[-90.48475,20.3703],[-90.48475,20.37023],[-90.48475,20.37022],[-90.48475,20.37021],[-90.48479,20.37015],[-90.4848,20.37011],[-90.48481,20.3701],[-90.48482,20.37009],[-90.48483,20.37009],[-90.48484,20.37009],[-90.48486,20.37009],[-90.48488,20.37007],[-90.48488,20.37006],[-90.48494,20.37004],[-90.48494,20.37004],[-90.48497,20.37003],[-90.485,20.36998],[-90.48498,20.36996],[-90.48498,20.36996],[-90.48496,20.36993],[-90.48502,20.36982],[-90.4851,20.36973],[-90.48517,20.36967],[-90.48525,20.36957],[-90.48533,20.36951],[-90.48537,20.36946],[-90.48538,20.36944],[-90.48543,20.36944],[-90.48545,20.36944],[-90.48549,20.36938],[-90.48548,20.36932],[-90.48552,20.36927],[-90.48559,20.36916],[-90.48564,20.3691],[-90.48562,20.36904],[-90.48567,20.369],[-90.48565,20.36894],[-90.48565,20.36883],[-90.48565,20.36883],[-90.48563,20.36882],[-90.48557,20.3688],[-90.48548,20.36879],[-90.48546,20.36879],[-90.48546,20.36879],[-90.48546,20.3688],[-90.48544,20.36881],[-90.48542,20.36883],[-90.4854,20.36884],[-90.48539,20.36885],[-90.48538,20.36885],[-90.48536,20.36885],[-90.48536,20.36885],[-90.48531,20.36882],[-90.48531,20.36882],[-90.48527,20.36883],[-90.48521,20.36884],[-90.48517,20.36885],[-90.48513,20.36886],[-90.48507,20.36886],[-90.485,20.36889],[-90.485,20.36889],[-90.48497,20.36888],[-90.48497,20.36888],[-90.48485,20.3689],[-90.48484,20.3689],[-90.48481,20.36888],[-90.4848,20.36888],[-90.4848,20.36888],[-90.48464,20.36888],[-90.48464,20.36888],[-90.48469,20.36862],[-90.48469,20.36862],[-90.48469,20.3686],[-90.48469,20.3686],[-90.48482,20.36863],[-90.48482,20.36863],[-90.48489,20.36863],[-90.48489,20.36863],[-90.48493,20.3686],[-90.48496,20.36859],[-90.48505,20.36858],[-90.48521,20.36857],[-90.48521,20.36857],[-90.48526,20.36859],[-90.48526,20.36859],[-90.48528,20.36859],[-90.48531,20.36858],[-90.48533,20.36857],[-90.48537,20.36852],[-90.48542,20.36848],[-90.48544,20.36847],[-90.48552,20.36845],[-90.48552,20.36845],[-90.48553,20.36845],[-90.48557,20.36846],[-90.48558,20.36846],[-90.48559,20.36846],[-90.48559,20.36846],[-90.4856,20.36845],[-90.48563,20.3684],[-90.48562,20.36837],[-90.48561,20.36835],[-90.48561,20.36835],[-90.48558,20.36832],[-90.48555,20.36828],[-90.48559,20.36823],[-90.48558,20.3682],[-90.4856,20.36813],[-90.48565,20.36808],[-90.48565,20.36805],[-90.48565,20.36805],[-90.48563,20.36805],[-90.48562,20.36805],[-90.48561,20.36801],[-90.48567,20.36797],[-90.48566,20.36793],[-90.48566,20.36792],[-90.48569,20.36791],[-90.48571,20.3679],[-90.48571,20.3679],[-90.48572,20.36788],[-90.48572,20.36786],[-90.48573,20.36786],[-90.48575,20.36786],[-90.48576,20.36786],[-90.48579,20.36786],[-90.4858,20.36782],[-90.48579,20.36776],[-90.48578,20.36776],[-90.48576,20.36775],[-90.48574,20.36775],[-90.48571,20.36774],[-90.48569,20.36772],[-90.48563,20.36771],[-90.48563,20.36771],[-90.4856,20.36769],[-90.4856,20.36769],[-90.4856,20.36767],[-90.48561,20.36767],[-90.48564,20.36767],[-90.48567,20.36767],[-90.48567,20.36767],[-90.4857,20.36765],[-90.48579,20.36756],[-90.48581,20.36753],[-90.48581,20.36753],[-90.48581,20.36753],[-90.48582,20.36748],[-90.48582,20.36748],[-90.48588,20.36741],[-90.48588,20.36726],[-90.48583,20.36725],[-90.48582,20.36724],[-90.48579,20.36721],[-90.48579,20.36714],[-90.48575,20.36711],[-90.48574,20.3671],[-90.48573,20.36709],[-90.48574,20.36706],[-90.48575,20.36704],[-90.48575,20.36704],[-90.48576,20.36702],[-90.48579,20.36702],[-90.48581,20.36702],[-90.48582,20.36702],[-90.48582,20.36696],[-90.48582,20.36696],[-90.48581,20.36696],[-90.48571,20.36696],[-90.48571,20.36696],[-90.48569,20.36694],[-90.48564,20.36691],[-90.48563,20.3669],[-90.48564,20.36688],[-90.48564,20.36684],[-90.48562,20.36682],[-90.48562,20.36681],[-90.4856,20.36677],[-90.48559,20.36672],[-90.48559,20.36666],[-90.48559,20.36663],[-90.48571,20.36648],[-90.48572,20.36648],[-90.48574,20.36646],[-90.48577,20.36643],[-90.48577,20.36634],[-90.48575,20.36627],[-90.48571,20.36622],[-90.48572,20.36618],[-90.48573,20.36611],[-90.48572,20.36607],[-90.48572,20.36599],[-90.48569,20.36598],[-90.48566,20.36595],[-90.48566,20.36595],[-90.48564,20.36595],[-90.48557,20.36596],[-90.48554,20.36597],[-90.48552,20.36599],[-90.4855,20.366],[-90.48547,20.36601],[-90.48547,20.36601],[-90.48547,20.36601],[-90.4854,20.36599],[-90.48539,20.36595],[-90.48539,20.36594],[-90.48538,20.3659],[-90.48542,20.36584],[-90.48542,20.36583],[-90.48555,20.36581],[-90.48557,20.36579],[-90.4856,20.36578],[-90.48558,20.36571],[-90.48558,20.3657],[-90.48567,20.36569],[-90.48569,20.36568],[-90.4857,20.36566],[-90.48576,20.36558],[-90.4858,20.36551],[-90.48583,20.36549],[-90.48585,20.36547],[-90.48587,20.36546],[-90.48593,20.36539],[-90.48591,20.36533],[-90.48591,20.36533],[-90.48589,20.36531],[-90.48588,20.36531],[-90.48587,20.3653],[-90.48586,20.36529],[-90.48586,20.36527],[-90.48588,20.36527],[-90.48589,20.36527],[-90.4859,20.36527],[-90.48592,20.36527],[-90.48591,20.36524],[-90.48591,20.36523],[-90.4859,20.36523],[-90.48591,20.36522],[-90.48592,20.36522],[-90.48594,20.36521],[-90.48595,20.36518],[-90.48595,20.36518],[-90.48597,20.36517],[-90.48599,20.36516],[-90.48605,20.36512],[-90.4861,20.36505],[-90.48611,20.36501],[-90.48606,20.36492],[-90.48604,20.36484],[-90.48604,20.36484],[-90.48604,20.36482],[-90.48604,20.36481],[-90.48604,20.36481],[-90.48606,20.36482],[-90.48606,20.36482],[-90.48611,20.36484],[-90.48611,20.36484],[-90.48616,20.36482],[-90.48619,20.36481],[-90.48618,20.36478],[-90.48617,20.36477],[-90.48617,20.36477],[-90.48616,20.36475],[-90.48616,20.36474],[-90.4862,20.36473],[-90.4862,20.36473],[-90.48624,20.36475],[-90.48625,20.36475],[-90.48627,20.36474],[-90.48629,20.36473],[-90.48629,20.36473],[-90.48634,20.36468],[-90.48634,20.36468],[-90.48636,20.36466],[-90.48639,20.36464],[-90.48641,20.36462],[-90.48644,20.3646],[-90.48644,20.36452],[-90.48641,20.36446],[-90.4864,20.36444],[-90.48636,20.36441],[-90.48635,20.36441],[-90.48634,20.36441],[-90.48633,20.36442],[-90.48631,20.36444],[-90.48629,20.36445],[-90.48629,20.36445],[-90.48629,20.36445],[-90.48628,20.36438],[-90.48628,20.36438],[-90.48632,20.36434],[-90.48634,20.36428],[-90.48627,20.36425],[-90.48624,20.36419],[-90.48622,20.36408],[-90.48626,20.36396],[-90.48626,20.36395],[-90.48629,20.36391],[-90.48632,20.36388],[-90.48632,20.36386],[-90.48634,20.36382],[-90.48635,20.3638],[-90.48637,20.36379],[-90.4864,20.36376],[-90.48641,20.36375],[-90.4865,20.36373],[-90.48651,20.36373],[-90.48652,20.36373],[-90.48657,20.36369],[-90.48657,20.36359],[-90.48652,20.36354],[-90.48652,20.36347],[-90.48652,20.36336],[-90.48649,20.3633],[-90.48651,20.36324],[-90.48646,20.36323],[-90.48649,20.36321],[-90.4865,20.36317],[-90.48646,20.36316],[-90.48646,20.36316],[-90.48642,20.36318],[-90.48638,20.3632],[-90.48635,20.36321],[-90.48634,20.36321],[-90.48633,20.36321],[-90.48633,20.36321],[-90.48631,20.36318],[-90.48634,20.36316],[-90.48636,20.36315],[-90.48637,20.36314],[-90.48642,20.36302],[-90.48644,20.36291],[-90.48645,20.36283],[-90.48645,20.36281],[-90.48647,20.36281],[-90.4865,20.36281],[-90.48655,20.36272],[-90.48655,20.36263],[-90.48655,20.36262],[-90.48658,20.36262],[-90.4866,20.36262],[-90.48661,20.36256],[-90.48661,20.36256],[-90.48662,20.36255],[-90.48662,20.36254],[-90.48663,20.36253],[-90.48665,20.36253],[-90.48666,20.36253],[-90.48667,20.36253],[-90.48668,20.36253],[-90.48668,20.36252],[-90.48668,20.36252],[-90.48669,20.36248],[-90.48668,20.36238],[-90.48668,20.36237],[-90.48668,20.36235],[-90.48672,20.36235],[-90.48679,20.36235],[-90.48679,20.36235],[-90.48689,20.36236],[-90.48692,20.36236],[-90.48692,20.36236],[-90.48699,20.36234],[-90.48701,20.36233],[-90.48706,20.36228],[-90.48708,20.36226],[-90.48708,20.36225],[-90.48713,20.36215],[-90.48713,20.36213],[-90.48712,20.36202],[-90.48707,20.36194],[-90.48707,20.36194],[-90.48704,20.36194],[-90.48702,20.36194],[-90.487,20.36194],[-90.487,20.36194],[-90.48698,20.3619],[-90.487,20.36184],[-90.487,20.36183],[-90.48707,20.3618],[-90.48719,20.36177],[-90.48724,20.36177],[-90.48724,20.36177],[-90.48734,20.36179],[-90.48734,20.36183],[-90.48735,20.36189],[-90.48735,20.36189],[-90.48741,20.36191],[-90.48741,20.36191],[-90.48742,20.36191],[-90.48744,20.3619],[-90.48745,20.3619],[-90.48746,20.3619],[-90.4875,20.36187],[-90.48751,20.36179],[-90.48753,20.36172],[-90.48749,20.36168],[-90.48746,20.36167],[-90.48746,20.36167],[-90.48743,20.36167],[-90.48741,20.36167],[-90.4874,20.36167],[-90.4874,20.36167],[-90.48739,20.36166],[-90.48735,20.36163],[-90.48735,20.36155],[-90.48734,20.36146],[-90.48732,20.36138],[-90.48729,20.36127],[-90.4873,20.36127],[-90.4873,20.36122],[-90.48732,20.36117],[-90.48736,20.36112],[-90.48744,20.36099],[-90.48754,20.36086],[-90.4876,20.36076],[-90.4876,20.36076],[-90.48761,20.36075],[-90.48767,20.36068],[-90.48778,20.36053],[-90.48778,20.36053],[-90.48792,20.36047],[-90.48792,20.36047],[-90.48799,20.36043],[-90.48802,20.36042],[-90.48801,20.36039],[-90.488,20.36038],[-90.48803,20.36032],[-90.48809,20.36028],[-90.4881,20.36027],[-90.48812,20.36026],[-90.48818,20.36024],[-90.48819,20.36023],[-90.48822,20.36022],[-90.48827,20.36022],[-90.48829,20.36021],[-90.48831,20.36012],[-90.48828,20.3601],[-90.48828,20.3601],[-90.48826,20.36009],[-90.48826,20.36004],[-90.48827,20.36003],[-90.48828,20.36001],[-90.4883,20.35999],[-90.48831,20.35996],[-90.48832,20.35994],[-90.48832,20.35992],[-90.4883,20.3599],[-90.48819,20.3598],[-90.48813,20.35973],[-90.48811,20.3597],[-90.4881,20.35969],[-90.4881,20.35963],[-90.4881,20.35961],[-90.48824,20.3596],[-90.48834,20.35957],[-90.48845,20.35955],[-90.48851,20.35954],[-90.48851,20.35954],[-90.48853,20.35957],[-90.48853,20.35958],[-90.48854,20.35959],[-90.48854,20.3596],[-90.48854,20.35959],[-90.48858,20.35957],[-90.4886,20.35955],[-90.48862,20.35954],[-90.48866,20.35948],[-90.48867,20.35946],[-90.4887,20.35946],[-90.4887,20.35946],[-90.48872,20.35946],[-90.48875,20.35945],[-90.48876,20.35941],[-90.48876,20.3594],[-90.48876,20.35934],[-90.48876,20.35933],[-90.48884,20.35932],[-90.48884,20.35932],[-90.48886,20.35931],[-90.48887,20.35931],[-90.48893,20.35927],[-90.48895,20.35926],[-90.48899,20.35924],[-90.48901,20.35923],[-90.48901,20.35923],[-90.48911,20.35913],[-90.48911,20.35912],[-90.48913,20.35905],[-90.48913,20.35905],[-90.48915,20.35904],[-90.48917,20.35903],[-90.48918,20.35902],[-90.48919,20.359],[-90.48918,20.35899],[-90.48917,20.35898],[-90.48918,20.35895],[-90.48915,20.35887],[-90.48919,20.3588],[-90.48919,20.3588],[-90.48918,20.35871],[-90.48918,20.3587],[-90.48917,20.35869],[-90.48916,20.35867],[-90.48915,20.35864],[-90.48913,20.35861],[-90.48913,20.35855],[-90.48918,20.3585],[-90.48918,20.35849],[-90.4892,20.35847],[-90.48921,20.35846],[-90.48921,20.35842],[-90.48922,20.35838],[-90.48924,20.3583],[-90.48924,20.35828],[-90.48924,20.35827],[-90.48924,20.35825],[-90.48924,20.35825],[-90.48926,20.35826],[-90.48926,20.35826],[-90.4893,20.35826],[-90.48931,20.35825],[-90.48932,20.35825],[-90.48934,20.35824],[-90.48935,20.35822],[-90.48936,20.3582],[-90.48937,20.35817],[-90.48939,20.35814],[-90.48939,20.35814],[-90.48934,20.35814],[-90.48934,20.35814],[-90.48934,20.35813],[-90.48933,20.35812],[-90.48939,20.35812],[-90.4894,20.35812],[-90.48942,20.3581],[-90.4894,20.35806],[-90.48945,20.35803],[-90.48946,20.35799],[-90.48947,20.35798],[-90.4895,20.35797],[-90.48951,20.35797],[-90.48952,20.35797],[-90.48953,20.35796],[-90.4896,20.35785],[-90.4896,20.35784],[-90.48962,20.35782],[-90.48967,20.35779],[-90.48968,20.35774],[-90.48969,20.35771],[-90.48969,20.35771],[-90.48973,20.35768],[-90.48977,20.35764],[-90.48982,20.35757],[-90.48982,20.35754],[-90.48983,20.35748],[-90.48981,20.35744],[-90.4898,20.35741],[-90.4898,20.35733],[-90.48982,20.35729],[-90.48984,20.35728],[-90.48984,20.35727],[-90.48985,20.35727],[-90.48987,20.35726],[-90.48988,20.35725],[-90.48991,20.35724],[-90.48991,20.3572],[-90.48986,20.3572],[-90.48985,20.35716],[-90.48985,20.35716],[-90.48985,20.35715],[-90.48985,20.35715],[-90.48989,20.35715],[-90.4899,20.35715],[-90.48992,20.35713],[-90.48993,20.35712],[-90.48992,20.35709],[-90.48992,20.35709],[-90.48988,20.35708],[-90.48988,20.35698],[-90.48987,20.35694],[-90.48986,20.35691],[-90.48987,20.35688],[-90.48989,20.35683],[-90.48991,20.35674],[-90.48991,20.3567],[-90.48992,20.35664],[-90.48991,20.35664],[-90.48986,20.35659],[-90.48988,20.35656],[-90.48989,20.3565],[-90.48988,20.35644],[-90.48989,20.35639],[-90.48989,20.35634],[-90.48986,20.3563],[-90.48985,20.35628],[-90.48979,20.35623],[-90.48978,20.35617],[-90.48982,20.35609],[-90.48981,20.35606],[-90.48982,20.35602],[-90.48983,20.356],[-90.48984,20.35595],[-90.48982,20.3559],[-90.4898,20.35588],[-90.48978,20.35586],[-90.48971,20.3558],[-90.48968,20.35576],[-90.48955,20.35573],[-90.48951,20.35572],[-90.48938,20.35569],[-90.48938,20.35569],[-90.48931,20.35569],[-90.48931,20.35569],[-90.48924,20.35565],[-90.48923,20.35565],[-90.48917,20.35561],[-90.48916,20.35558],[-90.48919,20.35554],[-90.48923,20.35551],[-90.48923,20.35551],[-90.48924,20.35549],[-90.48924,20.35549],[-90.48928,20.3555],[-90.48928,20.3555],[-90.48936,20.35547],[-90.48938,20.35546],[-90.48941,20.35544],[-90.48942,20.35543],[-90.48948,20.35538],[-90.48948,20.35536],[-90.48948,20.35534],[-90.48948,20.35534],[-90.48955,20.35536],[-90.48955,20.35536],[-90.48964,20.35533],[-90.48964,20.35533],[-90.48971,20.35535],[-90.48978,20.3554],[-90.48982,20.35542],[-90.48983,20.35542],[-90.48983,20.35542],[-90.48984,20.35541],[-90.48985,20.35539],[-90.48988,20.35539],[-90.48988,20.35539],[-90.48988,20.35545],[-90.48988,20.35545],[-90.4899,20.35545],[-90.48991,20.35545],[-90.48994,20.35544],[-90.48994,20.35544],[-90.48994,20.35542],[-90.48998,20.35542],[-90.48998,20.35542],[-90.48997,20.35551],[-90.49002,20.35554],[-90.49008,20.35556],[-90.49011,20.35556],[-90.49011,20.35556],[-90.49011,20.35554],[-90.49012,20.35551],[-90.49012,20.35552],[-90.49015,20.35553],[-90.49015,20.35553],[-90.49016,20.35553],[-90.49019,20.35552],[-90.49021,20.35552],[-90.49021,20.35552],[-90.49021,20.35552],[-90.49024,20.3555],[-90.49027,20.35547],[-90.49029,20.35542],[-90.49029,20.35535],[-90.49029,20.35531],[-90.49028,20.35528],[-90.49028,20.35528],[-90.49032,20.35529],[-90.49033,20.3553],[-90.49035,20.3553],[-90.49035,20.3553],[-90.49035,20.35525],[-90.49034,20.35522],[-90.49036,20.35519],[-90.49032,20.35514],[-90.49035,20.35505],[-90.49038,20.35502],[-90.49037,20.35493],[-90.49033,20.3549],[-90.49034,20.35487],[-90.49035,20.35483],[-90.49035,20.35482],[-90.49039,20.35481],[-90.49039,20.35481],[-90.49042,20.35482],[-90.49042,20.35482],[-90.49042,20.35482],[-90.49046,20.35479],[-90.49048,20.35477],[-90.49048,20.35476],[-90.49047,20.35476],[-90.49046,20.35475],[-90.49046,20.35471],[-90.49046,20.35469],[-90.49046,20.35469],[-90.49049,20.35469],[-90.49054,20.3547],[-90.49055,20.3547],[-90.49055,20.3547],[-90.49056,20.35469],[-90.49059,20.35466],[-90.49058,20.35461],[-90.49054,20.35459],[-90.49054,20.35459],[-90.49051,20.35459],[-90.49049,20.35459],[-90.49049,20.35459],[-90.49045,20.35458],[-90.4904,20.35457],[-90.4904,20.35456],[-90.49039,20.35454],[-90.49043,20.35454],[-90.49044,20.35454],[-90.49047,20.35451],[-90.49047,20.35446],[-90.49047,20.35445],[-90.49051,20.35444],[-90.49054,20.35443],[-90.49053,20.3544],[-90.49046,20.35436],[-90.49041,20.35432],[-90.49043,20.35426],[-90.49046,20.35419],[-90.49047,20.35418],[-90.49047,20.35418],[-90.49047,20.35418],[-90.49047,20.35413],[-90.49047,20.35412],[-90.49055,20.35411],[-90.49056,20.35411],[-90.49056,20.35411],[-90.49057,20.35411],[-90.49059,20.35408],[-90.49059,20.35408],[-90.49059,20.35408],[-90.49059,20.35404],[-90.49059,20.35403],[-90.49062,20.35402],[-90.49064,20.35402],[-90.49066,20.35401],[-90.49065,20.35398],[-90.49065,20.35397],[-90.49065,20.35397],[-90.49067,20.35395],[-90.49067,20.35395],[-90.49067,20.35395],[-90.49069,20.35394],[-90.4907,20.35393],[-90.49073,20.35392],[-90.49075,20.35389],[-90.49077,20.3538],[-90.49078,20.35371],[-90.49078,20.35366],[-90.49077,20.35361],[-90.49079,20.35359],[-90.49079,20.35353],[-90.49077,20.3535],[-90.49078,20.35348],[-90.49082,20.35345],[-90.49086,20.35342],[-90.49086,20.35342],[-90.49086,20.35342],[-90.49086,20.35334],[-90.4909,20.3533],[-90.49086,20.35324],[-90.49086,20.35317],[-90.49086,20.35316],[-90.49086,20.35316],[-90.4909,20.35308],[-90.49094,20.35306],[-90.49095,20.35305],[-90.49099,20.35303],[-90.491,20.35303],[-90.491,20.35302],[-90.49102,20.35302],[-90.49107,20.35296],[-90.49108,20.35295],[-90.49108,20.35294],[-90.49109,20.35288],[-90.4911,20.35281],[-90.49106,20.35279],[-90.49111,20.35274],[-90.49112,20.35268],[-90.49112,20.35265],[-90.49112,20.35265],[-90.49121,20.35267],[-90.49121,20.35267],[-90.49122,20.35267],[-90.49124,20.35267],[-90.49125,20.35267],[-90.49127,20.35267],[-90.49127,20.35267],[-90.4913,20.35259],[-90.4913,20.35254],[-90.4913,20.35248],[-90.49128,20.35242],[-90.49128,20.35241],[-90.4913,20.35236],[-90.49132,20.35235],[-90.49132,20.35235],[-90.49133,20.35231],[-90.49132,20.35231],[-90.49129,20.35228],[-90.4913,20.35221],[-90.49133,20.35215],[-90.49134,20.35215],[-90.49134,20.3521],[-90.49134,20.35202],[-90.49135,20.35201],[-90.49135,20.352],[-90.49135,20.35198],[-90.49135,20.35196],[-90.49135,20.35196],[-90.49134,20.35196],[-90.49127,20.35196],[-90.49125,20.35196],[-90.49125,20.35196],[-90.49125,20.35196],[-90.49121,20.35194],[-90.49109,20.35188],[-90.49109,20.35188],[-90.49105,20.35189],[-90.49105,20.35189],[-90.49101,20.35181],[-90.49096,20.35173],[-90.49096,20.35172],[-90.49096,20.35169],[-90.49097,20.35169],[-90.49101,20.35171],[-90.49107,20.35175],[-90.49111,20.35178],[-90.4911,20.35183],[-90.49111,20.35183],[-90.49118,20.35182],[-90.49123,20.3518],[-90.49125,20.35179],[-90.49129,20.35175],[-90.49129,20.35174],[-90.49129,20.35174],[-90.49123,20.3517],[-90.49123,20.3517],[-90.49125,20.35168],[-90.49129,20.35168],[-90.49132,20.35168],[-90.49132,20.35162],[-90.49132,20.35159],[-90.49132,20.3516],[-90.49137,20.35161],[-90.49138,20.35161],[-90.49138,20.35161],[-90.49149,20.35151],[-90.49154,20.35145],[-90.49157,20.35141],[-90.49158,20.35141],[-90.49166,20.35132],[-90.49164,20.35131],[-90.49164,20.35131],[-90.49161,20.35129],[-90.49161,20.35127],[-90.49161,20.35126],[-90.49164,20.35125],[-90.49165,20.35125],[-90.4917,20.35121],[-90.49172,20.3512],[-90.49177,20.35115],[-90.49182,20.3511],[-90.49178,20.35108],[-90.49177,20.35108],[-90.49177,20.35108],[-90.49173,20.35102],[-90.49174,20.35099],[-90.49174,20.35098],[-90.49177,20.35097],[-90.49178,20.35097],[-90.4918,20.35095],[-90.49182,20.35094],[-90.49186,20.35092],[-90.49188,20.35086],[-90.49189,20.3508],[-90.49189,20.35079],[-90.49186,20.3508],[-90.49184,20.35081],[-90.49184,20.35081],[-90.49184,20.35081],[-90.49184,20.35072],[-90.49187,20.35062],[-90.4919,20.35058],[-90.49197,20.35052],[-90.49206,20.35045],[-90.49208,20.35043],[-90.49209,20.35043],[-90.49214,20.35038],[-90.49216,20.35036],[-90.49217,20.35032],[-90.49218,20.35031],[-90.49217,20.35029],[-90.49214,20.35019],[-90.49216,20.35013],[-90.49216,20.35013],[-90.49213,20.35012],[-90.49211,20.35012],[-90.49207,20.35012],[-90.49206,20.35012],[-90.49206,20.35009],[-90.49206,20.35008],[-90.49208,20.35007],[-90.49211,20.35006],[-90.49212,20.35004],[-90.4921,20.35001],[-90.49209,20.34999],[-90.49212,20.34999],[-90.49212,20.34999],[-90.49213,20.34999],[-90.49215,20.34999],[-90.49218,20.35001],[-90.4922,20.35002],[-90.4922,20.35002],[-90.49221,20.34994],[-90.49221,20.34987],[-90.49223,20.34981],[-90.49221,20.34975],[-90.49225,20.34967],[-90.49226,20.34962],[-90.49223,20.34957],[-90.49224,20.34953],[-90.49225,20.34952],[-90.49225,20.34951],[-90.49228,20.34948],[-90.49231,20.34946],[-90.49234,20.34944],[-90.49234,20.34944],[-90.49236,20.34946],[-90.4924,20.34949],[-90.4924,20.34951],[-90.4924,20.34953],[-90.4924,20.34954],[-90.4924,20.34954],[-90.49244,20.34957],[-90.49244,20.34957],[-90.49244,20.34957],[-90.4925,20.34953],[-90.4925,20.34952],[-90.4925,20.34951],[-90.49251,20.3495],[-90.49251,20.34948],[-90.49252,20.34946],[-90.49252,20.34946],[-90.49256,20.34946],[-90.49256,20.34946],[-90.49265,20.34944],[-90.49265,20.34944],[-90.49264,20.34947],[-90.49264,20.34947],[-90.49285,20.34944],[-90.49303,20.34939],[-90.49306,20.34938],[-90.49305,20.34932],[-90.49305,20.3493],[-90.49305,20.3493],[-90.49312,20.34931],[-90.49312,20.34935],[-90.49312,20.34935],[-90.49313,20.34935],[-90.49316,20.34934],[-90.49321,20.34928],[-90.49323,20.34925],[-90.49326,20.34923],[-90.49327,20.34921],[-90.49327,20.34919],[-90.49329,20.34919],[-90.49329,20.34919],[-90.49332,20.34918],[-90.49332,20.34916],[-90.49332,20.34915],[-90.49327,20.34914],[-90.49327,20.34912],[-90.4932,20.34911],[-90.49322,20.34904],[-90.49322,20.34903],[-90.49325,20.34902],[-90.49325,20.34902],[-90.49329,20.34906],[-90.49329,20.34906],[-90.4933,20.34906],[-90.49333,20.34907],[-90.49333,20.34907],[-90.49335,20.34907],[-90.49339,20.34902],[-90.49338,20.34899],[-90.49338,20.34898],[-90.49331,20.34899],[-90.49331,20.34899],[-90.49331,20.34893],[-90.49331,20.34891],[-90.49331,20.34889],[-90.49331,20.34889],[-90.49331,20.34889],[-90.49335,20.34889],[-90.49335,20.34889],[-90.49334,20.34884],[-90.49331,20.34883],[-90.49332,20.34876],[-90.49332,20.34873],[-90.49331,20.34871],[-90.49332,20.34871],[-90.49335,20.34871],[-90.49336,20.34871],[-90.49335,20.34869],[-90.49334,20.34866],[-90.49334,20.34866],[-90.49332,20.3486],[-90.49329,20.3486],[-90.49328,20.3486],[-90.4932,20.34853],[-90.49313,20.34848],[-90.49305,20.34842],[-90.49299,20.34834],[-90.49288,20.3482],[-90.4928,20.34807],[-90.49267,20.34791],[-90.49256,20.34778],[-90.49243,20.34767],[-90.4922,20.34746],[-90.49207,20.34731],[-90.49196,20.34725],[-90.49196,20.34725],[-90.49182,20.34724],[-90.4918,20.34726],[-90.49178,20.34728],[-90.49177,20.34729],[-90.49171,20.34736],[-90.49169,20.34737],[-90.49167,20.34738],[-90.49158,20.34737],[-90.49156,20.34737],[-90.49156,20.34737],[-90.49156,20.34737],[-90.49139,20.34734],[-90.49136,20.34732],[-90.49129,20.34731],[-90.49129,20.34731],[-90.49122,20.3473],[-90.49122,20.3473],[-90.49121,20.34731],[-90.49111,20.34731],[-90.49111,20.34731],[-90.49109,20.34728],[-90.49107,20.34727],[-90.49107,20.34727],[-90.49096,20.34727],[-90.49096,20.34727],[-90.49097,20.34723],[-90.49095,20.34718],[-90.49083,20.34717],[-90.49072,20.34716],[-90.49071,20.34716],[-90.49071,20.34716],[-90.49069,20.34717],[-90.49068,20.34717],[-90.49058,20.34725],[-90.49051,20.34736],[-90.49049,20.34751],[-90.49049,20.34755],[-90.4905,20.34756],[-90.4905,20.34757],[-90.49049,20.34758],[-90.49048,20.34759],[-90.49044,20.34766],[-90.49042,20.34766],[-90.49039,20.34766],[-90.49038,20.34766],[-90.49026,20.34764],[-90.49025,20.34764],[-90.49015,20.34767],[-90.49011,20.34768],[-90.48987,20.34775],[-90.48963,20.34788],[-90.48963,20.34788],[-90.48962,20.34788],[-90.48939,20.34806],[-90.48939,20.34806],[-90.48931,20.34806],[-90.48931,20.34806],[-90.48929,20.34803],[-90.48931,20.34796],[-90.48932,20.34786],[-90.48937,20.34776],[-90.48937,20.34776],[-90.48937,20.34765],[-90.48931,20.34758],[-90.48923,20.3475],[-90.48917,20.34749],[-90.48913,20.34748],[-90.48913,20.34748],[-90.48909,20.34748],[-90.48909,20.34748],[-90.48905,20.34744],[-90.48898,20.3474],[-90.48892,20.34735],[-90.48889,20.34734],[-90.48885,20.34733],[-90.48882,20.34728],[-90.48876,20.34719],[-90.48866,20.34704],[-90.4886,20.34701],[-90.48857,20.34698],[-90.48851,20.34694],[-90.48842,20.3469],[-90.48842,20.3469],[-90.48842,20.3469],[-90.4884,20.34692],[-90.48839,20.34692],[-90.48839,20.34693],[-90.48838,20.34692],[-90.48832,20.34691],[-90.4883,20.34691],[-90.48827,20.3469],[-90.48818,20.34689],[-90.48812,20.34689],[-90.48812,20.34689],[-90.48798,20.34686],[-90.488,20.34677],[-90.488,20.34676],[-90.48808,20.34673],[-90.48815,20.3467],[-90.48838,20.34668],[-90.48849,20.34668],[-90.48853,20.34668],[-90.48858,20.34665],[-90.48861,20.34664],[-90.48863,20.34662],[-90.48867,20.34658],[-90.48868,20.34657],[-90.48878,20.34656],[-90.48879,20.34656],[-90.4888,20.34656],[-90.48889,20.34648],[-90.48892,20.34642],[-90.48893,20.3464],[-90.48894,20.3464],[-90.48898,20.34642],[-90.48898,20.34642],[-90.48909,20.34639],[-90.48915,20.34639],[-90.48915,20.34639],[-90.48915,20.34639],[-90.48918,20.34639],[-90.48931,20.34636],[-90.48933,20.34635],[-90.48939,20.3463],[-90.48941,20.34628],[-90.48945,20.34625],[-90.48947,20.34624],[-90.48962,20.3462],[-90.48964,20.3462],[-90.48966,20.3462],[-90.48967,20.34619],[-90.48969,20.34616],[-90.48969,20.34616],[-90.48969,20.34614],[-90.48969,20.34609],[-90.4897,20.34604],[-90.4897,20.34603],[-90.48976,20.34601],[-90.48976,20.34601],[-90.48982,20.34603],[-90.48986,20.34606],[-90.48986,20.34606],[-90.48992,20.34606],[-90.49005,20.34604],[-90.49005,20.34604],[-90.49011,20.346],[-90.49013,20.34598],[-90.49014,20.34596],[-90.49014,20.34596],[-90.49023,20.34597],[-90.49032,20.34598],[-90.49034,20.34603],[-90.49039,20.34604],[-90.49048,20.34605],[-90.49048,20.34605],[-90.49048,20.34605],[-90.49053,20.34601],[-90.49056,20.346],[-90.49063,20.346],[-90.49063,20.346],[-90.49069,20.34603],[-90.49071,20.34604],[-90.49071,20.34604],[-90.49073,20.34604],[-90.49076,20.34603],[-90.49076,20.346],[-90.49077,20.34594],[-90.49081,20.34589],[-90.49082,20.34588],[-90.49088,20.34587],[-90.49096,20.34586],[-90.49096,20.34586],[-90.491,20.34586],[-90.49101,20.34585],[-90.49107,20.34581],[-90.49109,20.34573],[-90.49109,20.34573],[-90.49116,20.3457],[-90.49117,20.34569],[-90.4912,20.34567],[-90.49122,20.34566],[-90.49124,20.34565],[-90.49127,20.34565],[-90.49128,20.34553],[-90.49128,20.34551],[-90.49138,20.34551],[-90.4914,20.34551],[-90.49145,20.34545],[-90.49145,20.34543],[-90.49145,20.34542],[-90.49144,20.34537],[-90.49145,20.34529],[-90.49145,20.34527],[-90.49156,20.34527],[-90.49159,20.34526],[-90.49162,20.34525],[-90.49165,20.34524],[-90.49165,20.34524],[-90.49172,20.34528],[-90.49172,20.34528],[-90.49176,20.34528],[-90.49176,20.34528],[-90.49178,20.34528],[-90.49179,20.34528],[-90.49179,20.34527],[-90.4918,20.34522],[-90.49178,20.34512],[-90.49175,20.3451],[-90.49171,20.34508],[-90.49163,20.34503],[-90.49165,20.34497],[-90.49165,20.34489],[-90.49162,20.34481],[-90.49155,20.34473],[-90.49155,20.34473],[-90.49154,20.34472],[-90.49153,20.34469],[-90.49152,20.34468],[-90.49159,20.34467],[-90.49159,20.34467],[-90.49163,20.34468],[-90.49163,20.34468],[-90.49163,20.34468],[-90.49166,20.34466],[-90.49169,20.34464],[-90.49169,20.34464],[-90.4917,20.34466],[-90.49171,20.34467],[-90.49173,20.34467],[-90.49174,20.34467],[-90.49175,20.34467],[-90.49175,20.34467],[-90.49178,20.34466],[-90.49179,20.34466],[-90.49181,20.34466],[-90.49186,20.34466],[-90.49188,20.34466],[-90.4919,20.34458],[-90.4919,20.34458],[-90.49192,20.34456],[-90.49193,20.34456],[-90.49198,20.34459],[-90.49204,20.3446],[-90.49205,20.34468],[-90.49207,20.34474],[-90.49213,20.34479],[-90.49214,20.34479],[-90.49218,20.34479],[-90.49218,20.34479],[-90.49222,20.34482],[-90.49222,20.34482],[-90.49229,20.34483],[-90.49237,20.34479],[-90.49239,20.34478],[-90.49246,20.34472],[-90.49247,20.34471],[-90.4926,20.34466],[-90.4926,20.34466],[-90.4926,20.34472],[-90.49261,20.34479],[-90.49262,20.34482],[-90.49262,20.34483],[-90.49263,20.34483],[-90.49263,20.34484],[-90.49268,20.34482],[-90.49274,20.34479],[-90.49276,20.34477],[-90.49283,20.34473],[-90.49285,20.34471],[-90.49287,20.3447],[-90.49289,20.34469],[-90.49293,20.34467],[-90.49294,20.34467],[-90.49296,20.34466],[-90.49297,20.34465],[-90.49298,20.34464],[-90.493,20.34462],[-90.49303,20.34457],[-90.49302,20.3444],[-90.49305,20.34427],[-90.49305,20.34425],[-90.49306,20.34419],[-90.49308,20.34412],[-90.49309,20.34408],[-90.49309,20.34408],[-90.49314,20.34413],[-90.4932,20.34416],[-90.49326,20.34417],[-90.49326,20.34417],[-90.49332,20.34414],[-90.49332,20.34414],[-90.49335,20.34416],[-90.49343,20.34418],[-90.49347,20.3442],[-90.49349,20.34422],[-90.49349,20.34421],[-90.49351,20.34413],[-90.49351,20.34411],[-90.49351,20.34411],[-90.49352,20.34411],[-90.49366,20.34412],[-90.49366,20.34414],[-90.49366,20.34415],[-90.49366,20.34419],[-90.49368,20.3442],[-90.49368,20.3442],[-90.49368,20.3442],[-90.49376,20.34417],[-90.49379,20.34416],[-90.4938,20.34411],[-90.4938,20.34411],[-90.49381,20.34403],[-90.49383,20.34397],[-90.49383,20.34397],[-90.49384,20.34396],[-90.49388,20.34392],[-90.4939,20.3439],[-90.49391,20.34389],[-90.49393,20.34387],[-90.49398,20.34387],[-90.49398,20.34387],[-90.49398,20.34388],[-90.49398,20.34388],[-90.49402,20.3439],[-90.49402,20.3439],[-90.49403,20.34389],[-90.49406,20.34388],[-90.49405,20.34383],[-90.49405,20.34383],[-90.49405,20.34376],[-90.49405,20.34376],[-90.49408,20.34374],[-90.49408,20.34374],[-90.4941,20.34377],[-90.49415,20.34377],[-90.49415,20.34377],[-90.49417,20.34378],[-90.49418,20.34378],[-90.49419,20.34378],[-90.49419,20.34378],[-90.49419,20.34377],[-90.4942,20.34374],[-90.4942,20.34374],[-90.49421,20.34371],[-90.49424,20.34369],[-90.49425,20.34364],[-90.49428,20.34359],[-90.49431,20.34356],[-90.49431,20.34356],[-90.49432,20.34359],[-90.49432,20.34359],[-90.49432,20.34359],[-90.49433,20.34359],[-90.49434,20.34358],[-90.49437,20.34356],[-90.49438,20.3435],[-90.49439,20.34348],[-90.49439,20.34348],[-90.49441,20.34349],[-90.49443,20.34349],[-90.49443,20.34349],[-90.49448,20.3434],[-90.49448,20.34339],[-90.49448,20.34339],[-90.49446,20.34328],[-90.49448,20.34319],[-90.49448,20.34319],[-90.49444,20.34319],[-90.49449,20.34313],[-90.4945,20.34312],[-90.49458,20.34311],[-90.49458,20.34311],[-90.49459,20.34311],[-90.49473,20.34301],[-90.49477,20.3429],[-90.49474,20.34282],[-90.49474,20.34282],[-90.49472,20.34277],[-90.49472,20.34276],[-90.49474,20.34274],[-90.49474,20.34274],[-90.49474,20.34272],[-90.49477,20.34272],[-90.4948,20.34271],[-90.49479,20.3425],[-90.49479,20.34247],[-90.49474,20.34245],[-90.49478,20.34239],[-90.49478,20.34238],[-90.49478,20.34237],[-90.49479,20.34237],[-90.49485,20.34231],[-90.49484,20.34225],[-90.49487,20.34223],[-90.49489,20.34221],[-90.49492,20.34219],[-90.49492,20.3422],[-90.49494,20.34222],[-90.49498,20.34224],[-90.49498,20.34224],[-90.49498,20.34224],[-90.49505,20.34221],[-90.49508,20.34219],[-90.49511,20.34217],[-90.49511,20.34215],[-90.49511,20.34212],[-90.49511,20.34211],[-90.49512,20.34211],[-90.49516,20.3421],[-90.49514,20.34207],[-90.49514,20.34202],[-90.49514,20.34202],[-90.4952,20.34199],[-90.4952,20.34199],[-90.49526,20.342],[-90.49524,20.34204],[-90.49527,20.34208],[-90.49527,20.34208],[-90.49537,20.34208],[-90.49537,20.34208],[-90.49536,20.34211],[-90.49536,20.34211],[-90.49547,20.34212],[-90.49547,20.34212],[-90.49549,20.34211],[-90.4955,20.3421],[-90.49554,20.34208],[-90.49554,20.34208],[-90.49557,20.34211],[-90.49558,20.34214],[-90.49557,20.34216],[-90.49557,20.34218],[-90.49558,20.34221],[-90.49563,20.34222],[-90.49566,20.34223],[-90.49566,20.34223],[-90.49566,20.34221],[-90.49567,20.34217],[-90.49567,20.34217],[-90.49569,20.34214],[-90.49569,20.34214],[-90.49571,20.34215],[-90.49574,20.34219],[-90.49573,20.34222],[-90.49572,20.34226],[-90.49572,20.34226],[-90.49574,20.34226],[-90.49584,20.34226],[-90.49587,20.34225],[-90.49587,20.34225],[-90.49587,20.34222],[-90.49589,20.34219],[-90.49589,20.34219],[-90.49593,20.34217],[-90.49599,20.34217],[-90.49599,20.34217],[-90.49599,20.34219],[-90.49603,20.3422],[-90.49606,20.34222],[-90.49603,20.34227],[-90.49603,20.34227],[-90.49621,20.34224],[-90.49621,20.34224],[-90.49638,20.3423],[-90.49644,20.34232],[-90.49644,20.34232],[-90.4965,20.34232],[-90.49653,20.34232],[-90.49656,20.34232],[-90.4966,20.34232],[-90.49656,20.34226],[-90.49658,20.34218],[-90.49658,20.34218],[-90.49656,20.34214],[-90.49652,20.34211],[-90.49649,20.3421],[-90.49648,20.34209],[-90.49641,20.34204],[-90.49636,20.34196],[-90.49632,20.34187],[-90.4963,20.34185],[-90.49627,20.34178],[-90.49628,20.34169],[-90.49628,20.34169],[-90.49623,20.34169],[-90.49622,20.34169],[-90.49622,20.34169],[-90.49622,20.34168],[-90.49622,20.34167],[-90.49621,20.34164],[-90.49622,20.34164],[-90.49626,20.34165],[-90.49628,20.34165],[-90.49628,20.34165],[-90.49629,20.34165],[-90.49629,20.3416],[-90.49631,20.34158],[-90.49631,20.34158],[-90.49631,20.34157],[-90.49629,20.34154],[-90.49629,20.34152],[-90.4963,20.34151],[-90.49633,20.34151],[-90.49633,20.34151],[-90.49634,20.34156],[-90.49634,20.34156],[-90.49639,20.34154],[-90.4964,20.34153],[-90.49644,20.34153],[-90.49644,20.34153],[-90.49644,20.34153],[-90.49649,20.34152],[-90.49649,20.34152],[-90.49655,20.34148],[-90.49659,20.34144],[-90.49662,20.34139],[-90.49666,20.34134],[-90.49666,20.34134],[-90.49666,20.34133],[-90.49664,20.34129],[-90.49661,20.34128],[-90.4966,20.34127],[-90.4966,20.34127],[-90.4966,20.34127],[-90.4966,20.34126],[-90.49665,20.34123],[-90.49665,20.34117],[-90.49667,20.34105],[-90.49667,20.34103],[-90.49666,20.34096],[-90.49666,20.34096],[-90.49668,20.34092],[-90.49667,20.34087],[-90.49665,20.34082],[-90.49664,20.3408],[-90.49662,20.3408],[-90.49656,20.34077],[-90.49647,20.34076],[-90.49647,20.34076],[-90.4964,20.34075],[-90.49639,20.34075],[-90.49638,20.34075],[-90.49638,20.34074],[-90.49639,20.34072],[-90.49641,20.34069],[-90.49638,20.34068],[-90.4963,20.34065],[-90.49631,20.34061],[-90.49629,20.34058],[-90.49622,20.34055],[-90.49621,20.34054],[-90.49621,20.34054],[-90.49621,20.34055],[-90.49619,20.34056],[-90.49614,20.3406],[-90.49614,20.3406],[-90.49613,20.3406],[-90.49608,20.34059],[-90.49608,20.34059],[-90.49603,20.34059],[-90.49597,20.34059],[-90.49594,20.34061],[-90.49585,20.34066],[-90.49585,20.34066],[-90.49583,20.34069],[-90.49583,20.3407],[-90.49582,20.34071],[-90.4958,20.34071],[-90.49579,20.34071],[-90.49579,20.34071],[-90.49579,20.34071],[-90.4958,20.34069],[-90.4958,20.34068],[-90.4958,20.34068],[-90.49571,20.34068],[-90.49568,20.3407],[-90.49565,20.3407],[-90.49565,20.3407],[-90.49563,20.34068],[-90.49559,20.34067],[-90.49555,20.34067],[-90.4955,20.34064],[-90.49544,20.34061],[-90.49544,20.34061],[-90.49542,20.34063],[-90.49541,20.34064],[-90.49541,20.34067],[-90.49538,20.34068],[-90.49537,20.34068],[-90.49537,20.34068],[-90.49535,20.34063],[-90.49522,20.34057],[-90.4952,20.34056],[-90.49505,20.34052],[-90.49505,20.34052],[-90.49495,20.34052],[-90.49484,20.34058],[-90.49484,20.34058],[-90.49482,20.34064],[-90.4948,20.34069],[-90.49478,20.34069],[-90.49474,20.34069],[-90.49466,20.34068],[-90.49465,20.34068],[-90.49465,20.3407],[-90.49465,20.34071],[-90.49465,20.34072],[-90.49463,20.3407],[-90.49463,20.3407],[-90.49464,20.34065],[-90.49459,20.34053],[-90.49458,20.34052],[-90.49455,20.34048],[-90.49454,20.34047],[-90.49454,20.34041],[-90.49454,20.34041],[-90.49454,20.34038],[-90.49454,20.34037],[-90.49455,20.34037],[-90.49457,20.34037],[-90.49458,20.34037],[-90.49459,20.34037],[-90.49463,20.34032],[-90.49464,20.34028],[-90.49468,20.34025],[-90.49465,20.34013],[-90.49458,20.34007],[-90.49456,20.34005],[-90.49455,20.34003],[-90.49455,20.34003],[-90.49451,20.34003],[-90.49451,20.34003],[-90.4945,20.33998],[-90.49456,20.33993],[-90.49458,20.33991],[-90.49458,20.33991],[-90.49457,20.33987],[-90.49455,20.33983],[-90.49455,20.33983],[-90.49466,20.3399],[-90.49467,20.3399],[-90.49475,20.33991],[-90.49482,20.33992],[-90.49482,20.33992],[-90.49488,20.33992],[-90.49491,20.33992],[-90.49493,20.33992],[-90.49498,20.33991],[-90.49501,20.33991],[-90.495,20.33981],[-90.49493,20.33974],[-90.49489,20.33973],[-90.49485,20.33973],[-90.49482,20.33969],[-90.49475,20.33964],[-90.49475,20.33955],[-90.49467,20.33951],[-90.49466,20.33947],[-90.4946,20.33935],[-90.49455,20.33926],[-90.49452,20.33913],[-90.49452,20.33912],[-90.49448,20.33903],[-90.49444,20.33893],[-90.4944,20.33892],[-90.49435,20.33889],[-90.49429,20.33882],[-90.49427,20.33872],[-90.49425,20.33866],[-90.4942,20.33864],[-90.49421,20.33861],[-90.49422,20.33859],[-90.49423,20.33856],[-90.49423,20.33856],[-90.49424,20.33855],[-90.49421,20.3385],[-90.4942,20.33849],[-90.49417,20.33848],[-90.49416,20.33845],[-90.49412,20.33842],[-90.49412,20.33842],[-90.49408,20.3384],[-90.49406,20.33833],[-90.494,20.33827],[-90.49399,20.33821],[-90.49398,20.33819],[-90.49392,20.33809],[-90.49387,20.33804],[-90.49386,20.33804],[-90.49377,20.33799],[-90.49377,20.33799],[-90.49369,20.33789],[-90.49361,20.33779],[-90.49361,20.33776],[-90.4936,20.3377],[-90.4936,20.33769],[-90.49357,20.33765],[-90.49356,20.33764],[-90.49356,20.33763],[-90.49357,20.33755],[-90.49347,20.33747],[-90.49344,20.33746],[-90.49344,20.33746],[-90.49344,20.33746],[-90.4934,20.33746],[-90.49337,20.33746],[-90.49336,20.33746],[-90.49336,20.33746],[-90.49336,20.33744],[-90.49335,20.33742],[-90.49334,20.33742],[-90.49331,20.3374],[-90.49331,20.33737],[-90.4933,20.33731],[-90.49329,20.33729],[-90.49329,20.33726],[-90.49329,20.33724],[-90.49329,20.33723],[-90.49329,20.33719],[-90.49325,20.33717],[-90.49323,20.33716],[-90.49318,20.33714],[-90.49314,20.33712],[-90.49313,20.33711],[-90.49309,20.33709],[-90.49309,20.33709],[-90.49302,20.3371],[-90.49302,20.3371],[-90.493,20.33708],[-90.493,20.33704],[-90.493,20.33702],[-90.493,20.337],[-90.493,20.337],[-90.49304,20.33701],[-90.49304,20.33701],[-90.49305,20.337],[-90.49308,20.33699],[-90.49309,20.33699],[-90.49312,20.33697],[-90.49312,20.33697],[-90.49315,20.3369],[-90.49312,20.33684],[-90.49306,20.33675],[-90.49301,20.3367],[-90.49299,20.33668],[-90.49291,20.33658],[-90.49287,20.33652],[-90.49289,20.33646],[-90.49289,20.33641],[-90.49289,20.33639],[-90.49287,20.33637],[-90.49287,20.33637],[-90.49283,20.33636],[-90.49282,20.33632],[-90.49281,20.33626],[-90.49281,20.33625],[-90.49282,20.33623],[-90.49274,20.33611],[-90.49272,20.3361],[-90.49269,20.33608],[-90.49269,20.33605],[-90.49264,20.33598],[-90.49257,20.33591],[-90.49256,20.33584],[-90.49249,20.33575],[-90.4925,20.3357],[-90.4925,20.33565],[-90.49249,20.33562],[-90.49245,20.3356],[-90.49244,20.33559],[-90.49242,20.33555],[-90.49237,20.33555],[-90.49234,20.33552],[-90.49233,20.3355],[-90.49233,20.33549],[-90.49235,20.33548],[-90.49238,20.33548],[-90.49238,20.33546],[-90.49238,20.33541],[-90.49235,20.33538],[-90.49235,20.33538],[-90.49233,20.33534],[-90.49232,20.33532],[-90.49232,20.33532],[-90.49226,20.3353],[-90.49221,20.33529],[-90.4922,20.33523],[-90.4922,20.33519],[-90.49221,20.33517],[-90.49222,20.33513],[-90.49222,20.33509],[-90.49223,20.33502],[-90.49225,20.33491],[-90.49223,20.33481],[-90.49218,20.3347],[-90.49219,20.33465],[-90.49217,20.33461],[-90.49215,20.33454],[-90.49216,20.33453],[-90.49216,20.33452],[-90.49213,20.33454],[-90.49213,20.33454],[-90.49213,20.33454],[-90.49212,20.33454],[-90.49206,20.33453],[-90.49205,20.33453],[-90.49202,20.33449],[-90.49205,20.33448],[-90.49205,20.33447],[-90.49205,20.33443],[-90.49203,20.33442],[-90.492,20.33441],[-90.49199,20.33438],[-90.49199,20.33436],[-90.492,20.33432],[-90.49199,20.3343],[-90.49191,20.33423],[-90.49188,20.33408],[-90.4918,20.33398],[-90.49178,20.33396],[-90.49171,20.33389],[-90.49168,20.33382],[-90.49166,20.33377],[-90.49165,20.33372],[-90.49166,20.3337],[-90.49168,20.33367],[-90.49168,20.33367],[-90.49169,20.33366],[-90.49168,20.33366],[-90.49168,20.33366],[-90.49168,20.33363],[-90.49168,20.33363],[-90.49169,20.33362],[-90.4917,20.33362],[-90.49173,20.33353],[-90.49169,20.33345],[-90.49169,20.33345],[-90.49168,20.33345],[-90.49166,20.33345],[-90.49163,20.33345],[-90.49165,20.3334],[-90.49166,20.33337],[-90.49166,20.33337],[-90.49166,20.33337],[-90.49163,20.33334],[-90.49163,20.33331],[-90.49163,20.33331],[-90.49164,20.3333],[-90.49166,20.3333],[-90.49167,20.33329],[-90.49167,20.33329],[-90.49168,20.33329],[-90.49171,20.33326],[-90.49175,20.33324],[-90.49171,20.33315],[-90.49171,20.33311],[-90.49168,20.33301],[-90.49168,20.33296],[-90.49159,20.3329],[-90.49154,20.33287],[-90.49148,20.33281],[-90.49147,20.33274],[-90.49147,20.33272],[-90.4914,20.33264],[-90.49138,20.33262],[-90.49137,20.33261],[-90.49132,20.33256],[-90.49127,20.33244],[-90.49128,20.33237],[-90.49129,20.33234],[-90.49127,20.33233],[-90.49124,20.3323],[-90.49123,20.33221],[-90.49124,20.33217],[-90.49124,20.33211],[-90.49125,20.3321],[-90.49124,20.3321],[-90.49121,20.33206],[-90.4912,20.33205],[-90.49119,20.33203],[-90.49118,20.33202],[-90.49119,20.332],[-90.49121,20.33198],[-90.49124,20.33193],[-90.49125,20.33185],[-90.49123,20.33181],[-90.49122,20.33174],[-90.49119,20.33172],[-90.49118,20.33171],[-90.49118,20.33171],[-90.49113,20.33171],[-90.49108,20.33174],[-90.49105,20.33176],[-90.49105,20.33176],[-90.49101,20.33179],[-90.49101,20.33179],[-90.49101,20.33179],[-90.49096,20.33178],[-90.49096,20.33178],[-90.49096,20.33178],[-90.49089,20.33179],[-90.49087,20.3318],[-90.49087,20.33181],[-90.49082,20.33185],[-90.49082,20.33185],[-90.49082,20.33187],[-90.49081,20.33191],[-90.49078,20.33192],[-90.49076,20.33192],[-90.49076,20.33192],[-90.49073,20.33191],[-90.49069,20.3319],[-90.49068,20.3319],[-90.49067,20.3319],[-90.49058,20.33188],[-90.49056,20.33187],[-90.4905,20.33183],[-90.49049,20.33183],[-90.49048,20.33181],[-90.49043,20.33174],[-90.49036,20.3317],[-90.49031,20.33167],[-90.49025,20.3316],[-90.4902,20.33154],[-90.49016,20.3315],[-90.49015,20.33149],[-90.4901,20.33142],[-90.4901,20.33142],[-90.49004,20.33142],[-90.49,20.33142],[-90.49,20.33142],[-90.4899,20.33138],[-90.48981,20.33134],[-90.48981,20.33134],[-90.48973,20.33133],[-90.48972,20.33133],[-90.48973,20.3313],[-90.48973,20.33125],[-90.48971,20.33123],[-90.48968,20.33123],[-90.48967,20.33122],[-90.4896,20.33121],[-90.4896,20.33121],[-90.48956,20.33121],[-90.48956,20.33121],[-90.48942,20.33118],[-90.48938,20.33114],[-90.48937,20.33113],[-90.48937,20.33113],[-90.48933,20.33113],[-90.4893,20.33113],[-90.48928,20.33113],[-90.48928,20.33113],[-90.48903,20.3311],[-90.48884,20.33107],[-90.48881,20.33107],[-90.48879,20.33086],[-90.4888,20.33079],[-90.4888,20.33071],[-90.4888,20.33068],[-90.4888,20.33068],[-90.48887,20.3307],[-90.48898,20.33074],[-90.48908,20.33078],[-90.48918,20.3308],[-90.48925,20.33084],[-90.48926,20.33084],[-90.48931,20.33084],[-90.48933,20.33084],[-90.48934,20.33084],[-90.48934,20.33083],[-90.48934,20.33081],[-90.48934,20.33081],[-90.48941,20.33083],[-90.48941,20.33084],[-90.48942,20.33085],[-90.48949,20.33088],[-90.48949,20.33088],[-90.48953,20.33087],[-90.48954,20.33087],[-90.48959,20.33088],[-90.48964,20.33089],[-90.48966,20.33092],[-90.48966,20.33092],[-90.48972,20.33091],[-90.48974,20.33091],[-90.48975,20.3309],[-90.48975,20.33089],[-90.48978,20.33088],[-90.48978,20.33088],[-90.48982,20.3309],[-90.48983,20.3309],[-90.48983,20.3309],[-90.48984,20.33089],[-90.48985,20.33088],[-90.48986,20.33086],[-90.48987,20.33086],[-90.48987,20.33086],[-90.48988,20.33086],[-90.48989,20.33086],[-90.4899,20.33086],[-90.4899,20.33086],[-90.48989,20.33084],[-90.48989,20.33082],[-90.48989,20.33081],[-90.48989,20.33081],[-90.4899,20.33078],[-90.48992,20.33075],[-90.48993,20.33074],[-90.48994,20.33074],[-90.48994,20.33073],[-90.48994,20.33071],[-90.48994,20.3307],[-90.48991,20.33065],[-90.48992,20.33064],[-90.48986,20.33051],[-90.48984,20.33042],[-90.48988,20.33039],[-90.48997,20.33031],[-90.48998,20.33031],[-90.49,20.33024],[-90.48999,20.33023],[-90.48996,20.3302],[-90.48999,20.33016],[-90.48994,20.33015],[-90.48994,20.33015],[-90.48993,20.33015],[-90.48991,20.33015],[-90.48991,20.33015],[-90.48991,20.33015],[-90.48991,20.33014],[-90.48991,20.33014],[-90.48991,20.33013],[-90.48992,20.33013],[-90.48993,20.33012],[-90.48994,20.33012],[-90.48994,20.33012],[-90.48994,20.33011],[-90.48994,20.33009],[-90.48994,20.33007],[-90.48996,20.33007],[-90.48998,20.33007],[-90.49,20.33006],[-90.49002,20.33006],[-90.49004,20.33001],[-90.49005,20.32999],[-90.49008,20.32994],[-90.49007,20.3299],[-90.49005,20.32988],[-90.49003,20.32986],[-90.49003,20.32986],[-90.49002,20.32984],[-90.49002,20.32984],[-90.49003,20.32983],[-90.49003,20.32983],[-90.49004,20.32983],[-90.49007,20.32982],[-90.49005,20.3298],[-90.49004,20.32979],[-90.49004,20.32979],[-90.49002,20.32978],[-90.49003,20.32975],[-90.49003,20.32974],[-90.49003,20.32973],[-90.49005,20.32973],[-90.49006,20.32972],[-90.49008,20.32971],[-90.49008,20.32971],[-90.49012,20.32965],[-90.49013,20.32962],[-90.49013,20.32961],[-90.49013,20.32957],[-90.49013,20.32956],[-90.49014,20.32955],[-90.49015,20.32954],[-90.49015,20.32954],[-90.49017,20.32955],[-90.49017,20.32955],[-90.49019,20.32954],[-90.49022,20.32952],[-90.49023,20.32951],[-90.49026,20.32942],[-90.49029,20.32941],[-90.49034,20.32937],[-90.49031,20.32933],[-90.49031,20.32933],[-90.49029,20.32933],[-90.49029,20.32933],[-90.49029,20.32931],[-90.4903,20.3293],[-90.4903,20.32927],[-90.4903,20.32927],[-90.49032,20.32927],[-90.49032,20.32927],[-90.49031,20.32923],[-90.49029,20.32922],[-90.49023,20.32921],[-90.49023,20.32919],[-90.49021,20.32918],[-90.49021,20.32918],[-90.49021,20.32918],[-90.49019,20.32918],[-90.49019,20.32918],[-90.49017,20.32917],[-90.49018,20.32915],[-90.49014,20.3291],[-90.49003,20.32908],[-90.49,20.32907],[-90.49,20.32907],[-90.48996,20.32909],[-90.48992,20.32908],[-90.48992,20.32908],[-90.48988,20.32907],[-90.48988,20.32907],[-90.48987,20.32906],[-90.48986,20.32905],[-90.48981,20.32904],[-90.48983,20.32901],[-90.48985,20.32899],[-90.48988,20.329],[-90.48991,20.32898],[-90.48991,20.32898],[-90.48996,20.32899],[-90.48996,20.32899],[-90.48998,20.32899],[-90.48998,20.32898],[-90.48999,20.32898],[-90.49,20.32898],[-90.49,20.32898],[-90.49001,20.32897],[-90.49001,20.32897],[-90.49001,20.32897],[-90.49002,20.32897],[-90.49003,20.32897],[-90.49003,20.32897],[-90.49005,20.32897],[-90.49005,20.32897],[-90.49007,20.32896],[-90.49012,20.32891],[-90.49012,20.32889],[-90.49009,20.32887],[-90.49009,20.32883],[-90.4901,20.32878],[-90.49011,20.32875],[-90.49016,20.32869],[-90.49016,20.32865],[-90.49014,20.32864],[-90.49015,20.32863],[-90.49013,20.3286],[-90.49013,20.32858],[-90.49009,20.32858],[-90.49009,20.32858],[-90.49009,20.32858],[-90.49009,20.32856],[-90.49011,20.32856],[-90.49014,20.32856],[-90.49014,20.32855],[-90.4901,20.32852],[-90.49007,20.32849],[-90.49006,20.32848],[-90.49008,20.32847],[-90.49008,20.32842],[-90.49006,20.32837],[-90.49006,20.32831],[-90.49007,20.32829],[-90.49007,20.32827],[-90.49006,20.32823],[-90.49005,20.32821],[-90.49001,20.3282],[-90.49001,20.32818],[-90.49001,20.32817],[-90.49002,20.32816],[-90.49002,20.32816],[-90.49002,20.32816],[-90.49003,20.32816],[-90.49004,20.32817],[-90.49004,20.32817],[-90.49004,20.32815],[-90.49005,20.32814],[-90.49005,20.32814],[-90.49006,20.32815],[-90.49007,20.32815],[-90.49007,20.32815],[-90.49007,20.32811],[-90.49005,20.32802],[-90.49002,20.32801],[-90.49001,20.32801],[-90.48999,20.32796],[-90.48999,20.32796],[-90.48993,20.32796],[-90.48993,20.32796],[-90.48993,20.32791],[-90.48991,20.32786],[-90.48993,20.32783],[-90.48993,20.32778],[-90.48992,20.32775],[-90.48992,20.32773],[-90.48991,20.32767],[-90.48984,20.32763],[-90.48984,20.32763],[-90.48984,20.32763],[-90.48978,20.32765],[-90.48978,20.32765],[-90.48975,20.32764],[-90.48979,20.32758],[-90.48979,20.32758],[-90.48978,20.32754],[-90.48974,20.3275],[-90.48969,20.32749],[-90.48967,20.32748],[-90.48964,20.32747],[-90.48965,20.32745],[-90.48965,20.32743],[-90.48966,20.32743],[-90.48967,20.32743],[-90.4897,20.32743],[-90.48971,20.32743],[-90.48972,20.32743],[-90.48974,20.32742],[-90.48979,20.32741],[-90.48982,20.32739],[-90.48984,20.32739],[-90.48987,20.32738],[-90.48986,20.32733],[-90.48978,20.32732],[-90.48975,20.32731],[-90.48975,20.32731],[-90.48966,20.32732],[-90.48964,20.32732],[-90.48964,20.32732],[-90.48964,20.32729],[-90.48958,20.32717],[-90.48962,20.32711],[-90.48961,20.32699],[-90.48962,20.32688],[-90.48963,20.32686],[-90.48963,20.32686],[-90.48963,20.32686],[-90.48963,20.32684],[-90.48964,20.32684],[-90.48965,20.32684],[-90.48965,20.32684],[-90.48966,20.32684],[-90.48966,20.32684],[-90.48966,20.32684],[-90.48967,20.32682],[-90.48967,20.32682],[-90.48967,20.3268],[-90.48969,20.32679],[-90.48971,20.32677],[-90.48972,20.32676],[-90.48974,20.32673],[-90.48977,20.32672],[-90.4898,20.32669],[-90.48983,20.32667],[-90.48985,20.32663],[-90.48985,20.32661],[-90.48986,20.32659],[-90.48989,20.32656],[-90.48989,20.32656],[-90.48991,20.32655],[-90.48992,20.32655],[-90.48992,20.32655],[-90.48992,20.32655],[-90.48992,20.32655],[-90.48993,20.32655],[-90.48993,20.32655],[-90.48996,20.32655],[-90.48996,20.32655],[-90.48997,20.32649],[-90.48998,20.32647],[-90.48996,20.32644],[-90.48995,20.32644],[-90.48994,20.32643],[-90.48994,20.32642],[-90.48994,20.3264],[-90.48992,20.32639],[-90.48992,20.32637],[-90.48994,20.32637],[-90.48996,20.32634],[-90.48996,20.32633],[-90.48997,20.32633],[-90.48998,20.32633],[-90.49003,20.32633],[-90.49003,20.32633],[-90.49003,20.32635],[-90.49004,20.32635],[-90.49006,20.32635],[-90.49007,20.32635],[-90.49007,20.32635],[-90.49008,20.32634],[-90.4901,20.32633],[-90.49011,20.32629],[-90.4901,20.32624],[-90.49011,20.32614],[-90.49011,20.32613],[-90.49011,20.32609],[-90.49012,20.32608],[-90.49013,20.32608],[-90.49013,20.32606],[-90.49017,20.32597],[-90.49017,20.32594],[-90.49017,20.32593],[-90.49016,20.32588],[-90.49018,20.32584],[-90.4902,20.32582],[-90.4902,20.32582],[-90.49023,20.32579],[-90.49023,20.32573],[-90.49023,20.32572],[-90.49023,20.32572],[-90.49026,20.32572],[-90.49027,20.32566],[-90.49027,20.32563],[-90.49027,20.32563],[-90.49027,20.32563],[-90.49027,20.32563],[-90.49027,20.32563],[-90.49027,20.32563],[-90.49029,20.32563],[-90.49029,20.32563],[-90.49031,20.3256],[-90.49031,20.32554],[-90.4903,20.32554],[-90.49029,20.3255],[-90.49029,20.32549],[-90.49029,20.32549],[-90.4903,20.32547],[-90.4903,20.32547],[-90.4903,20.32544],[-90.49028,20.32543],[-90.49028,20.32543],[-90.49028,20.32541],[-90.49029,20.32541],[-90.49031,20.32541],[-90.49033,20.32541],[-90.49035,20.32539],[-90.49037,20.32537],[-90.49042,20.32533],[-90.49047,20.3253],[-90.49053,20.32526],[-90.49054,20.32525],[-90.49052,20.32523],[-90.49052,20.32522],[-90.49052,20.32522],[-90.49051,20.32521],[-90.49053,20.32521],[-90.49054,20.32521],[-90.49055,20.3252],[-90.49057,20.3252],[-90.4906,20.32516],[-90.4906,20.32515],[-90.49061,20.32511],[-90.49061,20.3251],[-90.49063,20.32509],[-90.49063,20.32509],[-90.49063,20.32508],[-90.49063,20.32507],[-90.49063,20.32505],[-90.49064,20.32505],[-90.49065,20.32505],[-90.49066,20.32505],[-90.49067,20.32504],[-90.49067,20.32503],[-90.49066,20.325],[-90.49066,20.32499],[-90.49067,20.32498],[-90.4907,20.32498],[-90.4907,20.32496],[-90.49071,20.32495],[-90.49071,20.32495],[-90.49073,20.32494],[-90.49073,20.32494],[-90.49075,20.32492],[-90.49074,20.32482],[-90.49078,20.32478],[-90.49078,20.32476],[-90.49078,20.3247],[-90.49076,20.3247],[-90.49074,20.32465],[-90.49071,20.32459],[-90.4907,20.32459],[-90.49068,20.32458],[-90.49068,20.32458],[-90.49068,20.32454],[-90.49068,20.32454],[-90.49068,20.32454],[-90.49068,20.32454],[-90.49069,20.32454],[-90.49069,20.32454],[-90.4907,20.32454],[-90.49071,20.32452],[-90.49071,20.32452],[-90.49072,20.32452],[-90.49072,20.32452],[-90.49072,20.32447],[-90.49072,20.32445],[-90.4907,20.32444],[-90.4907,20.32442],[-90.49072,20.32442],[-90.49072,20.32436],[-90.49069,20.32433],[-90.4907,20.32429],[-90.4907,20.32425],[-90.49069,20.32421],[-90.49069,20.32419],[-90.49066,20.32416],[-90.49065,20.32415],[-90.49063,20.3241],[-90.49063,20.32405],[-90.49064,20.32402],[-90.4906,20.324],[-90.49059,20.324],[-90.49059,20.324],[-90.49057,20.324],[-90.49055,20.324],[-90.49055,20.324],[-90.49053,20.32398],[-90.49053,20.32395],[-90.49052,20.32393],[-90.49056,20.32394],[-90.49056,20.32394],[-90.49057,20.32394],[-90.49058,20.32393],[-90.4906,20.32393],[-90.4906,20.32393],[-90.4906,20.32389],[-90.49062,20.32386],[-90.49062,20.32385],[-90.49062,20.32384],[-90.49061,20.32383],[-90.4906,20.3238],[-90.4906,20.3238],[-90.49061,20.32381],[-90.49063,20.32381],[-90.49065,20.32381],[-90.49065,20.32381],[-90.49066,20.32379],[-90.49068,20.32376],[-90.49062,20.32375],[-90.49062,20.32371],[-90.49059,20.32369],[-90.49058,20.32369],[-90.49058,20.32367],[-90.49059,20.32365],[-90.49061,20.32363],[-90.49059,20.32361],[-90.49058,20.32361],[-90.49055,20.3236],[-90.49055,20.32358],[-90.49054,20.32357],[-90.49052,20.32355],[-90.49051,20.32354],[-90.49051,20.32353],[-90.49052,20.3235],[-90.49053,20.32349],[-90.49054,20.32348],[-90.49054,20.32342],[-90.49055,20.32341],[-90.49055,20.32341],[-90.49056,20.32338],[-90.49055,20.32336],[-90.49054,20.32333],[-90.49054,20.32333],[-90.49052,20.3233],[-90.49053,20.32326],[-90.49053,20.32326],[-90.49054,20.32323],[-90.49057,20.3232],[-90.49058,20.32317],[-90.49057,20.32312],[-90.49053,20.32307],[-90.4905,20.32307],[-90.49048,20.32306],[-90.49049,20.32303],[-90.49049,20.32302],[-90.49049,20.32302],[-90.49049,20.32302],[-90.49051,20.32302],[-90.49053,20.323],[-90.49053,20.32297],[-90.49049,20.32296],[-90.49048,20.32292],[-90.49047,20.32288],[-90.49047,20.32287],[-90.49045,20.32286],[-90.49043,20.32282],[-90.49042,20.32281],[-90.49041,20.32281],[-90.49039,20.32281],[-90.49039,20.32281],[-90.49038,20.32278],[-90.4904,20.32277],[-90.4904,20.32272],[-90.49036,20.32271],[-90.49036,20.32269],[-90.49037,20.32265],[-90.49034,20.32262],[-90.49033,20.32262],[-90.49032,20.32263],[-90.49028,20.32263],[-90.49028,20.32263],[-90.49024,20.3226],[-90.49023,20.32255],[-90.49025,20.32252],[-90.49026,20.32248],[-90.49025,20.32247],[-90.49021,20.32245],[-90.49021,20.32245],[-90.49022,20.32244],[-90.49023,20.32244],[-90.49024,20.32243],[-90.49024,20.32243],[-90.49026,20.32241],[-90.49027,20.32237],[-90.49027,20.32234],[-90.49027,20.32233],[-90.49027,20.32229],[-90.49025,20.32221],[-90.49022,20.32218],[-90.4902,20.32216],[-90.4902,20.32212],[-90.4902,20.3221],[-90.49021,20.32208],[-90.49018,20.32197],[-90.49019,20.32192],[-90.49015,20.32189],[-90.49012,20.32189],[-90.49008,20.32188],[-90.49008,20.32188],[-90.49007,20.32186],[-90.49008,20.32185],[-90.49009,20.32182],[-90.4901,20.32181],[-90.49013,20.32177],[-90.49014,20.32174],[-90.4901,20.3217],[-90.49008,20.32165],[-90.49004,20.32158],[-90.49003,20.32157],[-90.49001,20.32154],[-90.49,20.32153],[-90.48999,20.32153],[-90.48993,20.32148],[-90.48993,20.32146],[-90.48993,20.32145],[-90.48997,20.32144],[-90.48999,20.32143],[-90.48999,20.32143],[-90.49,20.32143],[-90.49001,20.32142],[-90.49001,20.32142],[-90.49003,20.32138],[-90.49004,20.32135],[-90.49006,20.3213],[-90.49004,20.32124],[-90.49003,20.32121],[-90.49,20.32116],[-90.49,20.32115],[-90.49,20.32114],[-90.49,20.32114],[-90.49001,20.32111],[-90.49004,20.32107],[-90.49,20.32104],[-90.48999,20.32103],[-90.48997,20.32098],[-90.48999,20.32096],[-90.48999,20.32092],[-90.48997,20.32089],[-90.48998,20.32087],[-90.48998,20.32086],[-90.48999,20.32086],[-90.49001,20.32085],[-90.49002,20.32084],[-90.49002,20.32082],[-90.49005,20.32077],[-90.49003,20.32076],[-90.49003,20.3207],[-90.49003,20.3207],[-90.48999,20.32069],[-90.48999,20.32064],[-90.48999,20.32064],[-90.48999,20.32063],[-90.49002,20.32063],[-90.49003,20.3206],[-90.49003,20.32056],[-90.49002,20.32055],[-90.49005,20.3205],[-90.49004,20.32043],[-90.49007,20.32035],[-90.49007,20.32035],[-90.49009,20.32034],[-90.49009,20.3203],[-90.49008,20.32029],[-90.49004,20.32024],[-90.49004,20.32024],[-90.49004,20.32023],[-90.49004,20.32019],[-90.49004,20.32019],[-90.49007,20.32018],[-90.49009,20.32017],[-90.49009,20.32017],[-90.49011,20.32015],[-90.49011,20.32014],[-90.49014,20.32012],[-90.49015,20.32011],[-90.49017,20.3201],[-90.49019,20.3201],[-90.49021,20.32009],[-90.49023,20.32003],[-90.49024,20.31996],[-90.49024,20.31996],[-90.49025,20.3199],[-90.49025,20.31986],[-90.49026,20.31984],[-90.49028,20.31983],[-90.49031,20.31982],[-90.49034,20.31982],[-90.49037,20.31981],[-90.49039,20.31981],[-90.49043,20.31977],[-90.49042,20.31972],[-90.4904,20.31966],[-90.4904,20.31966],[-90.49036,20.31966],[-90.49036,20.31966],[-90.49034,20.31964],[-90.49035,20.31961],[-90.49035,20.3196],[-90.49039,20.31959],[-90.4904,20.31959],[-90.49044,20.31955],[-90.49045,20.31948],[-90.49049,20.31945],[-90.49053,20.31939],[-90.49058,20.31935],[-90.49062,20.31932],[-90.49068,20.31927],[-90.49071,20.31923],[-90.49071,20.31917],[-90.49072,20.3191],[-90.49073,20.31906],[-90.49074,20.31905],[-90.49075,20.31905],[-90.49076,20.31904],[-90.49078,20.31903],[-90.49081,20.31902],[-90.49083,20.31896],[-90.49083,20.3189],[-90.49083,20.3189],[-90.49082,20.31884],[-90.49085,20.31882],[-90.49085,20.31882],[-90.49085,20.31881],[-90.49088,20.3188],[-90.49088,20.3188],[-90.4909,20.31879],[-90.49093,20.31878],[-90.49094,20.31873],[-90.49094,20.31869],[-90.49094,20.31869],[-90.49092,20.31868],[-90.49092,20.31868],[-90.49091,20.31868],[-90.4909,20.31868],[-90.49084,20.31868],[-90.49084,20.31868],[-90.49086,20.31864],[-90.49086,20.31864],[-90.49091,20.31862],[-90.49094,20.31861],[-90.49095,20.3186],[-90.49095,20.3186],[-90.49096,20.3186],[-90.49097,20.31859],[-90.491,20.31857],[-90.49101,20.31857],[-90.49102,20.31852],[-90.49103,20.31846],[-90.49105,20.31843],[-90.49108,20.31839],[-90.49108,20.31835],[-90.49107,20.3183],[-90.49105,20.31826],[-90.491,20.31826],[-90.49099,20.31826],[-90.49099,20.31826],[-90.49096,20.31825],[-90.49095,20.31825],[-90.49094,20.31825],[-90.49093,20.31825],[-90.49089,20.31824],[-90.49084,20.31822],[-90.49084,20.31819],[-90.49085,20.31818],[-90.49087,20.31817],[-90.4909,20.31816],[-90.49093,20.31815],[-90.49093,20.31815],[-90.49094,20.31815],[-90.49095,20.31814],[-90.49096,20.31814],[-90.49098,20.31811],[-90.49101,20.31806],[-90.49101,20.31802],[-90.49103,20.31798],[-90.49105,20.31796],[-90.49108,20.31789],[-90.49111,20.31786],[-90.49113,20.31781],[-90.49115,20.31775],[-90.49118,20.31773],[-90.49121,20.31771],[-90.49122,20.3177],[-90.49124,20.31763],[-90.49124,20.31762],[-90.49124,20.3176],[-90.49125,20.31757],[-90.49126,20.31752],[-90.4913,20.31747],[-90.49132,20.31742],[-90.49131,20.3174],[-90.49132,20.31737],[-90.49135,20.31728],[-90.4914,20.31723],[-90.4914,20.31719],[-90.49143,20.31715],[-90.49146,20.3171],[-90.49145,20.31706],[-90.49142,20.31702],[-90.49143,20.31698],[-90.49145,20.31696],[-90.49145,20.31692],[-90.4914,20.31688],[-90.49138,20.3168],[-90.49138,20.31673],[-90.49137,20.31662],[-90.49137,20.31658],[-90.49131,20.31653],[-90.49127,20.31648],[-90.49128,20.31643],[-90.4913,20.3164],[-90.49129,20.31632],[-90.49126,20.3163],[-90.49128,20.31628],[-90.49129,20.31626],[-90.49131,20.31624],[-90.4913,20.31619],[-90.49132,20.31618],[-90.49133,20.31616],[-90.49135,20.31616],[-90.49136,20.31616],[-90.4914,20.31612],[-90.49137,20.31607],[-90.49134,20.31603],[-90.4913,20.316],[-90.49128,20.31598],[-90.49126,20.31597],[-90.49123,20.31592],[-90.49122,20.31587],[-90.4912,20.31585],[-90.49119,20.31581],[-90.49118,20.31581],[-90.49119,20.3158],[-90.49121,20.31576],[-90.49122,20.31572],[-90.49122,20.3157],[-90.49123,20.31567],[-90.49123,20.31563],[-90.49123,20.31562],[-90.49125,20.31558],[-90.49125,20.31557],[-90.49128,20.31557],[-90.49129,20.31557],[-90.49132,20.31556],[-90.49135,20.31549],[-90.49136,20.31548],[-90.4914,20.31543],[-90.49143,20.31537],[-90.49143,20.31531],[-90.49143,20.31527],[-90.49141,20.31521],[-90.49141,20.31521],[-90.49139,20.3152],[-90.49139,20.31518],[-90.49139,20.31518],[-90.49139,20.31517],[-90.49141,20.31517],[-90.49142,20.31516],[-90.49142,20.31515],[-90.4914,20.31513],[-90.49141,20.31509],[-90.49143,20.31509],[-90.49143,20.31509],[-90.49143,20.31508],[-90.49143,20.31505],[-90.49143,20.31505],[-90.49143,20.31505],[-90.49144,20.31504],[-90.49146,20.31503],[-90.49148,20.31498],[-90.49145,20.31494],[-90.49145,20.31493],[-90.49143,20.31491],[-90.49145,20.31489],[-90.49143,20.31484],[-90.49142,20.3148],[-90.49144,20.31475],[-90.49142,20.31473],[-90.49142,20.31473],[-90.49139,20.31473],[-90.49139,20.31473],[-90.49139,20.31467],[-90.49141,20.31466],[-90.49142,20.31461],[-90.4914,20.31461],[-90.4914,20.31461],[-90.4914,20.31459],[-90.49143,20.31459],[-90.49146,20.31458],[-90.49147,20.31453],[-90.49147,20.31452],[-90.49147,20.31451],[-90.49148,20.3145],[-90.49148,20.3145],[-90.49149,20.31447],[-90.4915,20.31447],[-90.49154,20.31445],[-90.49155,20.3144],[-90.49156,20.31436],[-90.49156,20.31437],[-90.49157,20.31438],[-90.49158,20.31439],[-90.49158,20.31439],[-90.49159,20.31439],[-90.49162,20.31437],[-90.49164,20.31432],[-90.49166,20.31428],[-90.4917,20.31426],[-90.49169,20.3142],[-90.49164,20.31416],[-90.49164,20.31415],[-90.49162,20.31414],[-90.4916,20.31411],[-90.49161,20.31406],[-90.49161,20.31402],[-90.49162,20.31401],[-90.49161,20.31396],[-90.49161,20.31393],[-90.49162,20.3139],[-90.49162,20.31388],[-90.49163,20.31389],[-90.49166,20.31389],[-90.49168,20.31388],[-90.49171,20.31387],[-90.49171,20.31379],[-90.49174,20.31375],[-90.49176,20.31368],[-90.49176,20.31364],[-90.49177,20.3136],[-90.4918,20.31352],[-90.49175,20.31349],[-90.49181,20.31342],[-90.49183,20.31328],[-90.49184,20.31327],[-90.49188,20.31323],[-90.49191,20.31321],[-90.49192,20.31315],[-90.49195,20.31309],[-90.49195,20.31309],[-90.49196,20.31306],[-90.49198,20.31299],[-90.49197,20.31298],[-90.49195,20.31297],[-90.49194,20.3129],[-90.49199,20.31286],[-90.49199,20.31282],[-90.492,20.31263],[-90.49199,20.31261],[-90.49199,20.31261],[-90.492,20.3126],[-90.49203,20.31259],[-90.49203,20.31259],[-90.49204,20.31256],[-90.49203,20.31255],[-90.49203,20.31252],[-90.49201,20.31248],[-90.49199,20.31237],[-90.49198,20.31237],[-90.49198,20.31237],[-90.49199,20.31237],[-90.492,20.31237],[-90.49204,20.31233],[-90.49207,20.31231],[-90.4921,20.31228],[-90.49211,20.31219],[-90.49212,20.31208],[-90.49212,20.31201],[-90.49212,20.312],[-90.49213,20.31196],[-90.49214,20.31191],[-90.49214,20.31191],[-90.49214,20.31191],[-90.49214,20.3118],[-90.49217,20.31174],[-90.49218,20.31173],[-90.49218,20.3117],[-90.49219,20.31167],[-90.49219,20.31163],[-90.4922,20.31149],[-90.4922,20.3114],[-90.4922,20.31139],[-90.49222,20.31139],[-90.49224,20.31138],[-90.49226,20.31132],[-90.49225,20.31123],[-90.49224,20.31118],[-90.49222,20.31116],[-90.49217,20.31113],[-90.49215,20.31112],[-90.49213,20.31111],[-90.4921,20.31109],[-90.4921,20.31108],[-90.4921,20.31107],[-90.49209,20.31107],[-90.49211,20.31104],[-90.49211,20.31101],[-90.4921,20.31097],[-90.49211,20.31094],[-90.49211,20.31089],[-90.49209,20.31085],[-90.4921,20.31079],[-90.49209,20.31074],[-90.49208,20.31071],[-90.4921,20.31071],[-90.4921,20.31067],[-90.4921,20.31067],[-90.49216,20.31057],[-90.49214,20.31053],[-90.49211,20.31051],[-90.49209,20.3105],[-90.4921,20.31044],[-90.49211,20.31036],[-90.49211,20.31034],[-90.49212,20.3103],[-90.49212,20.31029],[-90.4921,20.31025],[-90.49211,20.3102],[-90.49212,20.31019],[-90.49214,20.31018],[-90.49213,20.31014],[-90.49213,20.31012],[-90.49212,20.31009],[-90.49209,20.31007],[-90.49209,20.31006],[-90.49212,20.31005],[-90.49212,20.30995],[-90.49216,20.30992],[-90.49215,20.30986],[-90.49214,20.30985],[-90.49213,20.30982],[-90.49217,20.30979],[-90.49219,20.30971],[-90.4922,20.30967],[-90.49217,20.30962],[-90.49216,20.30958],[-90.49218,20.30953],[-90.49216,20.30949],[-90.49216,20.30942],[-90.49215,20.3094],[-90.49216,20.30938],[-90.49216,20.30938],[-90.49215,20.30938],[-90.4921,20.30936],[-90.49205,20.30931],[-90.49205,20.30928],[-90.49205,20.30923],[-90.49202,20.30916],[-90.49197,20.30913],[-90.49197,20.30913],[-90.49189,20.30913],[-90.49187,20.30914],[-90.49187,20.30914],[-90.49184,20.30914],[-90.49184,20.30908],[-90.49183,20.30906],[-90.49182,20.30905],[-90.49182,20.309],[-90.4918,20.30898],[-90.49179,20.30895],[-90.4918,20.30892],[-90.4918,20.30892],[-90.49182,20.3089],[-90.49183,20.30888],[-90.49182,20.30882],[-90.49183,20.30878],[-90.49185,20.3087],[-90.49186,20.30864],[-90.49185,20.3086],[-90.49185,20.30859],[-90.49185,20.30859],[-90.49181,20.30857],[-90.49179,20.30853],[-90.4918,20.30849],[-90.4918,20.30848],[-90.4918,20.30844],[-90.49176,20.30839],[-90.49175,20.30838],[-90.49173,20.30836],[-90.49171,20.30834],[-90.49171,20.30834],[-90.49169,20.30834],[-90.49169,20.30834],[-90.49169,20.30831],[-90.49171,20.30831],[-90.49171,20.30828],[-90.49171,20.30824],[-90.4917,20.30818],[-90.49167,20.30815],[-90.49166,20.30808],[-90.49165,20.30808],[-90.49163,20.30803],[-90.49158,20.30798],[-90.49157,20.30797],[-90.49152,20.30794],[-90.49147,20.30789],[-90.49144,20.30787],[-90.49148,20.30784],[-90.4915,20.30781],[-90.49149,20.30776],[-90.49149,20.30772],[-90.49149,20.30768],[-90.49148,20.30768],[-90.49144,20.30768],[-90.49143,20.30768],[-90.49142,20.30768],[-90.49141,20.30763],[-90.49139,20.30759],[-90.49139,20.30759],[-90.49141,20.30758],[-90.49143,20.30757],[-90.49144,20.30756],[-90.49144,20.30752],[-90.49144,20.30751],[-90.49146,20.30749],[-90.49146,20.30743],[-90.49146,20.30739],[-90.49141,20.30734],[-90.49137,20.30731],[-90.49138,20.30727],[-90.49138,20.30724],[-90.49138,20.30724],[-90.49138,20.30724],[-90.49138,20.30724],[-90.49141,20.30725],[-90.49141,20.30725],[-90.49141,20.30723],[-90.49141,20.30721],[-90.49141,20.30721],[-90.49138,20.30721],[-90.49138,20.30721],[-90.49138,20.3072],[-90.49134,20.3072],[-90.49134,20.30717],[-90.49136,20.30715],[-90.49136,20.30714],[-90.49135,20.3071],[-90.49133,20.30709],[-90.49132,20.30707],[-90.49132,20.30706],[-90.49132,20.30704],[-90.49131,20.30704],[-90.49128,20.30702],[-90.49128,20.30702],[-90.49122,20.30701],[-90.49122,20.30701],[-90.4912,20.307],[-90.49112,20.30698],[-90.49112,20.30694],[-90.49115,20.30691],[-90.49117,20.30688],[-90.49117,20.30684],[-90.49116,20.30684],[-90.49115,20.30683],[-90.49113,20.30685],[-90.49113,20.30685],[-90.49112,20.30681],[-90.49114,20.30677],[-90.49115,20.30677],[-90.49119,20.30674],[-90.49118,20.3067],[-90.49116,20.30667],[-90.49112,20.30666],[-90.49112,20.30666],[-90.49107,20.30666],[-90.49107,20.30666],[-90.49103,20.30667],[-90.49103,20.30667],[-90.49097,20.30665],[-90.49089,20.30663],[-90.49093,20.30659],[-90.49094,20.30653],[-90.49091,20.30651],[-90.49091,20.30651],[-90.49087,20.30651],[-90.49087,20.30651],[-90.49084,20.30648],[-90.49081,20.30643],[-90.49078,20.30636],[-90.49074,20.30628],[-90.49071,20.30624],[-90.49069,20.3062],[-90.49069,20.30616],[-90.49066,20.30612],[-90.49066,20.30612],[-90.49068,20.30611],[-90.49068,20.30611],[-90.49069,20.30611],[-90.49071,20.3061],[-90.49071,20.30609],[-90.49073,20.30603],[-90.4907,20.30597],[-90.49067,20.30592],[-90.49066,20.30592],[-90.49063,20.3059],[-90.4906,20.30587],[-90.49063,20.30582],[-90.49058,20.30574],[-90.49055,20.30564],[-90.49054,20.30562],[-90.49051,20.30555],[-90.49052,20.30548],[-90.49052,20.30547],[-90.49052,20.30544],[-90.49049,20.30541],[-90.4905,20.30537],[-90.49052,20.3053],[-90.49048,20.3053],[-90.49041,20.30529],[-90.49038,20.30523],[-90.4903,20.30522],[-90.49028,20.30521],[-90.49019,20.3052],[-90.49012,20.30518],[-90.49008,20.30515],[-90.49004,20.30514],[-90.49001,20.30512],[-90.48994,20.30507],[-90.48977,20.30501],[-90.48975,20.30499],[-90.48975,20.30499],[-90.48972,20.30496],[-90.48974,20.30493],[-90.48974,20.30493],[-90.48976,20.30492],[-90.48978,20.30492],[-90.4898,20.30492],[-90.48981,20.30492],[-90.48992,20.30491],[-90.48992,20.30491],[-90.48995,20.3049],[-90.48998,20.30487],[-90.48998,20.30486],[-90.48998,20.30485],[-90.48996,20.30481],[-90.48996,20.30477],[-90.48994,20.3047],[-90.48995,20.30461],[-90.48995,20.30454],[-90.48995,20.3045],[-90.48994,20.30441],[-90.48995,20.30434],[-90.48994,20.30423],[-90.48993,20.30416],[-90.48993,20.30409],[-90.48993,20.30403],[-90.48992,20.3039],[-90.48987,20.30387],[-90.48987,20.30387],[-90.48982,20.30385],[-90.48982,20.30385],[-90.48978,20.30385],[-90.48977,20.30385],[-90.48978,20.30382],[-90.48977,20.30379],[-90.48975,20.30377],[-90.48974,20.30373],[-90.48972,20.30364],[-90.48974,20.30357],[-90.48978,20.3035],[-90.48975,20.30347],[-90.48974,20.30342],[-90.48978,20.30338],[-90.48978,20.30338],[-90.48979,20.30331],[-90.48979,20.30326],[-90.48979,20.30323],[-90.48975,20.30321],[-90.48974,20.30316],[-90.48978,20.30313],[-90.48975,20.30311],[-90.48974,20.30304],[-90.48976,20.303],[-90.48973,20.30296],[-90.48968,20.30295],[-90.48967,20.30294],[-90.48965,20.30291],[-90.48966,20.3029],[-90.48967,20.30289],[-90.48969,20.30281],[-90.48964,20.30279],[-90.48963,20.30279],[-90.48964,20.30277],[-90.48964,20.30275],[-90.48969,20.30267],[-90.48962,20.30266],[-90.48961,20.30265],[-90.4896,20.30263],[-90.4896,20.30259],[-90.4896,20.30258],[-90.48962,20.3025],[-90.48964,20.30243],[-90.48961,20.30238],[-90.48958,20.30233],[-90.48958,20.30233],[-90.48954,20.30231],[-90.48955,20.30226],[-90.48959,20.30219],[-90.4896,20.30217],[-90.4896,20.30215],[-90.4896,20.30212],[-90.48965,20.30205],[-90.48964,20.30193],[-90.48964,20.30182],[-90.48965,20.30179],[-90.48965,20.30178],[-90.48967,20.30169],[-90.48967,20.30169],[-90.48967,20.30168],[-90.48973,20.30163],[-90.48971,20.3016],[-90.48974,20.3015],[-90.48974,20.30144],[-90.48973,20.30135],[-90.48974,20.30126],[-90.48975,20.30118],[-90.48974,20.30118],[-90.48965,20.30116],[-90.48964,20.30115],[-90.48961,20.30113],[-90.4896,20.30112],[-90.48961,20.30111],[-90.48963,20.30109],[-90.48966,20.30105],[-90.4897,20.30099],[-90.4897,20.30098],[-90.48964,20.30095],[-90.48956,20.30092],[-90.48949,20.3009],[-90.48948,20.3009],[-90.48947,20.3009],[-90.48939,20.30088],[-90.48932,20.30084],[-90.48932,20.30084],[-90.48927,20.30083],[-90.48919,20.30083],[-90.48919,20.30083],[-90.48905,20.3008],[-90.48904,20.30072],[-90.48899,20.30064],[-90.48898,20.30062],[-90.48896,20.30054],[-90.48886,20.30048],[-90.48878,20.30044],[-90.48869,20.30036],[-90.48865,20.3003],[-90.48862,20.30017],[-90.48864,20.30015],[-90.48865,20.30014],[-90.48867,20.30013],[-90.48867,20.30014],[-90.48877,20.30016],[-90.48877,20.30016],[-90.48879,20.30015],[-90.48879,20.30015],[-90.4888,20.30014],[-90.48886,20.30012],[-90.48886,20.30012],[-90.48893,20.30015],[-90.489,20.30018],[-90.48905,20.30019],[-90.48905,20.30019],[-90.48913,20.30019],[-90.48913,20.30019],[-90.4892,20.3002],[-90.48924,20.30023],[-90.48929,20.3003],[-90.48934,20.30037],[-90.48934,20.30037],[-90.4894,20.30036],[-90.48943,20.30036],[-90.48943,20.30036],[-90.48945,20.30036],[-90.48947,20.30036],[-90.4895,20.30035],[-90.48952,20.30035],[-90.48952,20.30035],[-90.48953,20.30033],[-90.48955,20.30029],[-90.48958,20.30026],[-90.48959,20.30025],[-90.48961,20.3002],[-90.48965,20.30011],[-90.48964,20.3001],[-90.48963,20.30008],[-90.48963,20.30003],[-90.48963,20.3],[-90.48964,20.29992],[-90.4896,20.2999],[-90.48958,20.29989],[-90.48954,20.29984],[-90.4895,20.29978],[-90.48953,20.29974],[-90.48953,20.29967],[-90.48952,20.29959],[-90.48954,20.29955],[-90.48955,20.29954],[-90.48955,20.29944],[-90.48951,20.29936],[-90.48951,20.29936],[-90.48947,20.29931],[-90.48945,20.29923],[-90.48946,20.29912],[-90.48947,20.29911],[-90.48948,20.29901],[-90.4895,20.2989],[-90.4895,20.29876],[-90.48947,20.29873],[-90.48945,20.29872],[-90.48935,20.29869],[-90.48933,20.2986],[-90.4893,20.29851],[-90.48935,20.29843],[-90.48937,20.2984],[-90.48939,20.29839],[-90.48941,20.29839],[-90.48944,20.29839],[-90.48944,20.29839],[-90.48945,20.29831],[-90.48945,20.29831],[-90.48945,20.2983],[-90.48948,20.29829],[-90.48949,20.29822],[-90.48946,20.29817],[-90.48947,20.29812],[-90.48948,20.29804],[-90.48947,20.29797],[-90.48944,20.29791],[-90.48944,20.2979],[-90.48939,20.29781],[-90.48944,20.29776],[-90.48944,20.29773],[-90.48945,20.2977],[-90.48946,20.29765],[-90.48947,20.29758],[-90.48944,20.29753],[-90.48944,20.29751],[-90.48942,20.29743],[-90.48941,20.29734],[-90.48945,20.29728],[-90.48945,20.29728],[-90.48947,20.2972],[-90.4895,20.29712],[-90.48948,20.29708],[-90.48945,20.29705],[-90.48945,20.29705],[-90.48939,20.29697],[-90.48941,20.29689],[-90.48943,20.29684],[-90.48943,20.29683],[-90.48948,20.2968],[-90.48948,20.29675],[-90.48944,20.29671],[-90.48937,20.2967],[-90.48936,20.29669],[-90.48935,20.29664],[-90.48935,20.29662],[-90.48935,20.29662],[-90.48933,20.29654],[-90.48929,20.29653],[-90.48926,20.29652],[-90.48926,20.29651],[-90.48926,20.29647],[-90.48929,20.29643],[-90.4893,20.29641],[-90.4893,20.29641],[-90.48938,20.29642],[-90.48943,20.29643],[-90.48943,20.29643],[-90.48944,20.29643],[-90.4895,20.29643],[-90.48953,20.29642],[-90.48955,20.29641],[-90.48955,20.29641],[-90.48959,20.2964],[-90.48962,20.2964],[-90.48965,20.29631],[-90.48957,20.29627],[-90.48957,20.29618],[-90.48957,20.29618],[-90.48957,20.29608],[-90.48959,20.29603],[-90.48959,20.29603],[-90.4896,20.296],[-90.48968,20.29593],[-90.48972,20.29589],[-90.48976,20.29582],[-90.48976,20.29581],[-90.4898,20.2958],[-90.48981,20.2958],[-90.48983,20.29579],[-90.48983,20.29579],[-90.48984,20.29579],[-90.48985,20.29578],[-90.48994,20.2957],[-90.48996,20.29563],[-90.48997,20.29563],[-90.48995,20.29554],[-90.48994,20.29553],[-90.48992,20.29548],[-90.48994,20.2954],[-90.48992,20.29536],[-90.48993,20.29528],[-90.48996,20.29519],[-90.48997,20.29512],[-90.48993,20.29503],[-90.48994,20.29502],[-90.48994,20.29498],[-90.48995,20.29495],[-90.48997,20.29491],[-90.48998,20.29491],[-90.48998,20.2949],[-90.48999,20.2949],[-90.49003,20.29487],[-90.49006,20.29486],[-90.49006,20.29486],[-90.49011,20.29479],[-90.49011,20.29479],[-90.49009,20.29469],[-90.49012,20.29465],[-90.49016,20.29461],[-90.49021,20.29458],[-90.49021,20.29458],[-90.49021,20.29456],[-90.49021,20.29455],[-90.49021,20.2945],[-90.49024,20.29445],[-90.49024,20.29444],[-90.49023,20.29438],[-90.49021,20.29432],[-90.4902,20.29432],[-90.49019,20.29428],[-90.49018,20.29424],[-90.49017,20.2942],[-90.49019,20.29413],[-90.4901,20.29412],[-90.49009,20.29411],[-90.49005,20.29408],[-90.49006,20.294],[-90.49006,20.29399],[-90.49008,20.2939],[-90.49007,20.29384],[-90.49006,20.29381],[-90.49008,20.29378],[-90.49008,20.29376],[-90.49011,20.2937],[-90.4901,20.29362],[-90.49016,20.29355],[-90.49018,20.29353],[-90.49025,20.29348],[-90.49025,20.29346],[-90.4903,20.29341],[-90.49032,20.29338],[-90.49029,20.29336],[-90.49024,20.2933],[-90.49023,20.29325],[-90.49018,20.29318],[-90.49018,20.29318],[-90.49017,20.29315],[-90.49015,20.29306],[-90.49016,20.29299],[-90.49016,20.29298],[-90.49016,20.29298],[-90.49023,20.29297],[-90.49023,20.29297],[-90.49023,20.29297],[-90.49025,20.29302],[-90.49025,20.29302],[-90.49026,20.29302],[-90.4903,20.29302],[-90.49028,20.29298],[-90.49026,20.2929],[-90.49026,20.29289],[-90.49029,20.29285],[-90.49029,20.29285],[-90.4903,20.29283],[-90.49035,20.29283],[-90.49038,20.29283],[-90.49039,20.29278],[-90.49041,20.29273],[-90.49044,20.29267],[-90.49049,20.29264],[-90.49049,20.29255],[-90.49046,20.2925],[-90.49046,20.29243],[-90.49045,20.29238],[-90.49045,20.29237],[-90.49044,20.29232],[-90.49039,20.29228],[-90.49042,20.29224],[-90.49044,20.29217],[-90.49044,20.29206],[-90.49044,20.29205],[-90.49044,20.29199],[-90.49043,20.29198],[-90.49035,20.2919],[-90.49028,20.29183],[-90.49029,20.29177],[-90.49032,20.29174],[-90.49032,20.29174],[-90.49035,20.2917],[-90.49034,20.29162],[-90.49033,20.29157],[-90.49029,20.29151],[-90.49027,20.2915],[-90.4902,20.29149],[-90.49018,20.29148],[-90.49018,20.29147],[-90.49014,20.29141],[-90.49015,20.29132],[-90.49015,20.29128],[-90.49016,20.29124],[-90.49016,20.29124],[-90.49017,20.29123],[-90.49021,20.29122],[-90.49021,20.29122],[-90.49023,20.29121],[-90.49026,20.2912],[-90.49025,20.29117],[-90.49024,20.29112],[-90.49025,20.2911],[-90.49025,20.29106],[-90.49022,20.29101],[-90.4902,20.29097],[-90.49018,20.2909],[-90.49016,20.29082],[-90.49018,20.29073],[-90.49017,20.29067],[-90.49013,20.29067],[-90.49013,20.29067],[-90.49012,20.29067],[-90.49009,20.29067],[-90.49006,20.29067],[-90.49006,20.29067],[-90.49004,20.29064],[-90.48996,20.29061],[-90.48996,20.29061],[-90.48996,20.29059],[-90.48996,20.29059],[-90.48999,20.29055],[-90.49,20.2905],[-90.49005,20.29044],[-90.49008,20.29041],[-90.49008,20.29041],[-90.49007,20.29035],[-90.49007,20.29028],[-90.49005,20.29024],[-90.49005,20.29024],[-90.49006,20.29023],[-90.49008,20.29022],[-90.49009,20.29021],[-90.4901,20.29019],[-90.49011,20.29015],[-90.49008,20.29012],[-90.49006,20.29011],[-90.49002,20.29007],[-90.49002,20.29007],[-90.49,20.29007],[-90.49,20.29007],[-90.48998,20.29007],[-90.48998,20.29007],[-90.48998,20.29007],[-90.48995,20.29006],[-90.48997,20.29002],[-90.48998,20.29001],[-90.48998,20.28999],[-90.48998,20.28998],[-90.48999,20.28997],[-90.49,20.28996],[-90.49002,20.28994],[-90.49002,20.28994],[-90.49005,20.28996],[-90.49005,20.29001],[-90.49007,20.29002],[-90.49007,20.29002],[-90.49007,20.29002],[-90.49007,20.29002],[-90.49011,20.29],[-90.49009,20.28999],[-90.49014,20.2899],[-90.49009,20.28987],[-90.49007,20.28986],[-90.49,20.28984],[-90.48994,20.28982],[-90.48991,20.28976],[-90.48994,20.28965],[-90.48996,20.28956],[-90.49,20.28949],[-90.49001,20.28943],[-90.49,20.28938],[-90.49,20.28936],[-90.49001,20.28934],[-90.49003,20.28927],[-90.49005,20.28924],[-90.49006,20.28923],[-90.4901,20.28916],[-90.4901,20.28915],[-90.49015,20.28911],[-90.49016,20.2891],[-90.49018,20.28906],[-90.49018,20.289],[-90.49024,20.28894],[-90.49026,20.28886],[-90.49026,20.28877],[-90.49023,20.28874],[-90.49024,20.28869],[-90.49024,20.28861],[-90.49022,20.28853],[-90.49012,20.28847],[-90.49013,20.28839],[-90.49017,20.2883],[-90.49017,20.28829],[-90.49019,20.28826],[-90.49021,20.28823],[-90.49021,20.28823],[-90.49021,20.28823],[-90.49023,20.28822],[-90.49026,20.28821],[-90.49024,20.28814],[-90.49024,20.2881],[-90.49022,20.28807],[-90.4902,20.28804],[-90.49019,20.28797],[-90.49021,20.2879],[-90.49021,20.28784],[-90.49024,20.28781],[-90.49025,20.28775],[-90.49025,20.28767],[-90.49028,20.28762],[-90.4903,20.28756],[-90.49028,20.2875],[-90.49031,20.28741],[-90.49034,20.28732],[-90.49036,20.28728],[-90.49037,20.28723],[-90.49034,20.28719],[-90.49028,20.28716],[-90.49023,20.28714],[-90.49023,20.28714],[-90.49021,20.28716],[-90.4902,20.28718],[-90.49018,20.28723],[-90.49018,20.28726],[-90.49017,20.28727],[-90.49016,20.2873],[-90.49015,20.28735],[-90.49013,20.28741],[-90.49005,20.28747],[-90.49005,20.28747],[-90.49005,20.28747],[-90.48999,20.28741],[-90.48999,20.28741],[-90.48994,20.28735],[-90.48997,20.28732],[-90.48996,20.28728],[-90.48996,20.28726],[-90.48996,20.28724],[-90.48994,20.28719],[-90.48987,20.28718],[-90.48978,20.28716],[-90.4898,20.28709],[-90.48981,20.28708],[-90.48984,20.28706],[-90.48989,20.28705],[-90.48991,20.28705],[-90.48994,20.28702],[-90.48995,20.28701],[-90.48998,20.28699],[-90.48998,20.28699],[-90.49001,20.28698],[-90.49002,20.28694],[-90.49004,20.28689],[-90.49002,20.28684],[-90.48998,20.28681],[-90.48995,20.2868],[-90.48989,20.28678],[-90.48983,20.28677],[-90.48983,20.28677],[-90.48976,20.2868],[-90.48976,20.28681],[-90.48969,20.2869],[-90.48966,20.28692],[-90.48962,20.28694],[-90.48961,20.28695],[-90.48961,20.28695],[-90.48958,20.28692],[-90.48961,20.28685],[-90.4896,20.28677],[-90.48959,20.28669],[-90.48961,20.28664],[-90.48961,20.28664],[-90.48961,20.28664],[-90.48964,20.28663],[-90.48964,20.28662],[-90.48966,20.28661],[-90.48972,20.28654],[-90.48973,20.28652],[-90.48976,20.28651],[-90.4898,20.28651],[-90.48986,20.28648],[-90.48993,20.28647],[-90.48996,20.28645],[-90.48997,20.28645],[-90.48998,20.28645],[-90.48999,20.28644],[-90.49001,20.28644],[-90.49001,20.28644],[-90.49005,20.28643],[-90.49008,20.28642],[-90.4901,20.28641],[-90.49012,20.28635],[-90.49013,20.28634],[-90.49016,20.28628],[-90.49016,20.28628],[-90.49016,20.28628],[-90.49017,20.28626],[-90.49017,20.28621],[-90.49022,20.28618],[-90.49024,20.28616],[-90.49026,20.28615],[-90.49026,20.28615],[-90.49025,20.28611],[-90.49025,20.28611],[-90.49026,20.28611],[-90.49028,20.28613],[-90.49029,20.28613],[-90.49031,20.28615],[-90.49031,20.28615],[-90.49033,20.28614],[-90.49036,20.28613],[-90.49039,20.28609],[-90.49038,20.28605],[-90.49038,20.28605],[-90.49036,20.28602],[-90.49036,20.28601],[-90.49033,20.28597],[-90.49035,20.28591],[-90.49037,20.28582],[-90.49039,20.28577],[-90.49038,20.28569],[-90.49044,20.28562],[-90.4905,20.28556],[-90.49052,20.28554],[-90.49051,20.28553],[-90.49049,20.28547],[-90.49043,20.28542],[-90.49046,20.28537],[-90.49047,20.28533],[-90.49044,20.28528],[-90.49044,20.2852],[-90.49042,20.28515],[-90.49043,20.2851],[-90.49042,20.28502],[-90.49039,20.28496],[-90.49034,20.28491],[-90.49029,20.28486],[-90.49029,20.28472],[-90.49032,20.2846],[-90.49035,20.28453],[-90.49034,20.28442],[-90.49034,20.28437],[-90.49033,20.2843],[-90.4903,20.28419],[-90.49029,20.28419],[-90.49022,20.28409],[-90.4902,20.28401],[-90.49016,20.28394],[-90.49008,20.28387],[-90.49002,20.28384],[-90.49,20.28381],[-90.48995,20.28375],[-90.48995,20.28374],[-90.48988,20.28376],[-90.48985,20.28376],[-90.48985,20.28376],[-90.48975,20.28375],[-90.48967,20.2837],[-90.48968,20.28362],[-90.48964,20.28352],[-90.4896,20.28343],[-90.48956,20.28332],[-90.48956,20.28332],[-90.48957,20.28318],[-90.48956,20.28313],[-90.48956,20.28307],[-90.4895,20.283],[-90.4895,20.283],[-90.4895,20.283],[-90.48939,20.28293],[-90.48938,20.28293],[-90.48934,20.28289],[-90.48933,20.28289],[-90.48928,20.28289],[-90.48936,20.28287],[-90.48937,20.28287],[-90.4894,20.28288],[-90.48945,20.28292],[-90.48946,20.28292],[-90.48951,20.28293],[-90.48952,20.28293],[-90.48952,20.28293],[-90.48954,20.28293],[-90.48955,20.28292],[-90.48957,20.28291],[-90.48957,20.28291],[-90.4896,20.28292],[-90.48962,20.28292],[-90.48965,20.28295],[-90.48966,20.28297],[-90.48971,20.28298],[-90.48971,20.28298],[-90.48976,20.28298],[-90.48976,20.28298],[-90.48979,20.283],[-90.48979,20.28306],[-90.4898,20.28308],[-90.48978,20.28314],[-90.4898,20.28318],[-90.48985,20.28321],[-90.48987,20.28321],[-90.48993,20.28323],[-90.48993,20.28323],[-90.49001,20.28324],[-90.49001,20.28324],[-90.49011,20.28325],[-90.49011,20.28325],[-90.49014,20.28324],[-90.49017,20.28323],[-90.49017,20.28314],[-90.49022,20.28309],[-90.49023,20.28308],[-90.4903,20.28303],[-90.49032,20.28294],[-90.49031,20.2829],[-90.49021,20.28286],[-90.49021,20.28286],[-90.49013,20.28286],[-90.49007,20.28288],[-90.49007,20.28288],[-90.48997,20.28286],[-90.48997,20.28286],[-90.48986,20.28287],[-90.48985,20.28287],[-90.48985,20.28287],[-90.48977,20.28282],[-90.48973,20.2828],[-90.4897,20.28279],[-90.48965,20.28272],[-90.48961,20.28263],[-90.4896,20.28256],[-90.48956,20.28251],[-90.4896,20.28243],[-90.48959,20.28241],[-90.48959,20.28238],[-90.48957,20.28234],[-90.48955,20.28231],[-90.4895,20.28226],[-90.48942,20.28219],[-90.48937,20.28213],[-90.48939,20.28212],[-90.48941,20.2821],[-90.48941,20.2821],[-90.48943,20.28209],[-90.48944,20.28209],[-90.48945,20.28209],[-90.48949,20.28204],[-90.48948,20.28201],[-90.48951,20.28197],[-90.48951,20.28196],[-90.48956,20.28188],[-90.48955,20.28182],[-90.48957,20.28179],[-90.48957,20.28179],[-90.48957,20.28179],[-90.48954,20.28178],[-90.48951,20.28176],[-90.48951,20.28173],[-90.4895,20.28166],[-90.48953,20.28163],[-90.48954,20.2815],[-90.48958,20.28147],[-90.48959,20.28145],[-90.48961,20.28141],[-90.48964,20.28135],[-90.48962,20.28132],[-90.48961,20.28131],[-90.4896,20.28129],[-90.48958,20.28125],[-90.48961,20.28122],[-90.48962,20.28121],[-90.48963,20.28118],[-90.48965,20.28114],[-90.48968,20.2811],[-90.48969,20.28108],[-90.4897,20.28107],[-90.48972,20.28102],[-90.48972,20.28101],[-90.48979,20.28099],[-90.4898,20.28098],[-90.48981,20.28098],[-90.48981,20.28098],[-90.48982,20.28098],[-90.48982,20.28097],[-90.48982,20.28097],[-90.48982,20.28097],[-90.48982,20.28097],[-90.48981,20.28091],[-90.48982,20.28089],[-90.48983,20.28088],[-90.48983,20.28087],[-90.48984,20.28087],[-90.48987,20.28087],[-90.48985,20.28085],[-90.48982,20.28082],[-90.48983,20.28078],[-90.48983,20.28072],[-90.48983,20.28068],[-90.48985,20.28063],[-90.48985,20.28058],[-90.48988,20.28055],[-90.48989,20.28054],[-90.48989,20.28054],[-90.48989,20.28046],[-90.48988,20.28046],[-90.48987,20.28045],[-90.48983,20.28042],[-90.4898,20.28036],[-90.48981,20.28029],[-90.48985,20.28023],[-90.48985,20.28016],[-90.48985,20.28011],[-90.48982,20.28007],[-90.48977,20.28003],[-90.48977,20.28002],[-90.48975,20.27997],[-90.48977,20.27993],[-90.48977,20.27993],[-90.48976,20.27989],[-90.48976,20.27988],[-90.48976,20.27987],[-90.48976,20.27987],[-90.4898,20.27986],[-90.48981,20.27986],[-90.48984,20.2799],[-90.48984,20.27991],[-90.48987,20.27993],[-90.48988,20.27994],[-90.4899,20.27994],[-90.48995,20.27996],[-90.48995,20.27996],[-90.48996,20.27996],[-90.48996,20.27996],[-90.49,20.28],[-90.49002,20.28001],[-90.49004,20.27996],[-90.49004,20.27995],[-90.49004,20.27995],[-90.49006,20.27995],[-90.49009,20.27994],[-90.4901,20.27994],[-90.49011,20.27994],[-90.49011,20.27994],[-90.49012,20.27994],[-90.49015,20.27989],[-90.49016,20.27984],[-90.4902,20.27974],[-90.49023,20.27969],[-90.49025,20.2796],[-90.49027,20.27954],[-90.49032,20.2795],[-90.49032,20.2795],[-90.49033,20.27949],[-90.49035,20.27943],[-90.49035,20.27942],[-90.49036,20.2794],[-90.49036,20.27939],[-90.49034,20.27938],[-90.49029,20.27931],[-90.49029,20.27925],[-90.49034,20.27919],[-90.49034,20.27911],[-90.49039,20.27908],[-90.49039,20.27908],[-90.4904,20.27908],[-90.4904,20.27903],[-90.4904,20.27903],[-90.49039,20.27902],[-90.49034,20.27899],[-90.49036,20.2789],[-90.49037,20.27889],[-90.49039,20.27882],[-90.49034,20.27877],[-90.49034,20.27876],[-90.49033,20.27877],[-90.49028,20.27879],[-90.49022,20.2788],[-90.49021,20.2788],[-90.49021,20.27874],[-90.49023,20.27859],[-90.49027,20.2785],[-90.49027,20.27849],[-90.49035,20.27846],[-90.49038,20.27845],[-90.49038,20.27844],[-90.4904,20.27842],[-90.49045,20.27833],[-90.49045,20.27828],[-90.49044,20.27825],[-90.49046,20.27819],[-90.49046,20.27814],[-90.49049,20.27811],[-90.49052,20.27805],[-90.49054,20.27802],[-90.49054,20.27802],[-90.49058,20.278],[-90.49058,20.278],[-90.49059,20.278],[-90.49061,20.27799],[-90.49062,20.27799],[-90.49063,20.2779],[-90.49063,20.2779],[-90.49062,20.27788],[-90.4906,20.27784],[-90.49059,20.27778],[-90.49061,20.27772],[-90.49063,20.27768],[-90.49064,20.27768],[-90.49066,20.27765],[-90.4907,20.27759],[-90.49071,20.27758],[-90.49076,20.27756],[-90.49078,20.27756],[-90.49081,20.27747],[-90.4908,20.27738],[-90.4908,20.27732],[-90.49078,20.27728],[-90.49073,20.27722],[-90.49074,20.27716],[-90.49079,20.27709],[-90.49076,20.27704],[-90.49076,20.27703],[-90.49071,20.27702],[-90.49067,20.277],[-90.49067,20.277],[-90.49066,20.277],[-90.49059,20.277],[-90.49049,20.277],[-90.49049,20.277],[-90.49044,20.27696],[-90.49036,20.2769],[-90.49036,20.2769],[-90.49032,20.2769],[-90.49032,20.2769],[-90.49033,20.27685],[-90.49033,20.27683],[-90.49033,20.27683],[-90.49033,20.27679],[-90.49033,20.27678],[-90.49033,20.27677],[-90.49031,20.27674],[-90.49031,20.27674],[-90.49033,20.27672],[-90.49034,20.2767],[-90.49033,20.27667],[-90.49032,20.27664],[-90.49032,20.27663],[-90.49032,20.27661],[-90.49032,20.27658],[-90.49032,20.27657],[-90.49032,20.27657],[-90.49034,20.27657],[-90.49037,20.27656],[-90.49037,20.2765],[-90.49037,20.27649],[-90.4904,20.27649],[-90.49046,20.27649],[-90.49046,20.27649],[-90.49047,20.27653],[-90.49047,20.27657],[-90.49047,20.27667],[-90.49055,20.2767],[-90.49056,20.2767],[-90.49059,20.27667],[-90.4906,20.27665],[-90.49062,20.27662],[-90.49063,20.27661],[-90.49067,20.27656],[-90.49073,20.27651],[-90.49074,20.27651],[-90.49075,20.2765],[-90.49081,20.27644],[-90.49082,20.27643],[-90.49082,20.27643],[-90.49083,20.27642],[-90.49084,20.27641],[-90.49088,20.27636],[-90.49092,20.27633],[-90.49094,20.27632],[-90.49096,20.27631],[-90.49096,20.27631],[-90.49098,20.27629],[-90.49102,20.27625],[-90.49103,20.27624],[-90.49105,20.27622],[-90.49109,20.27617],[-90.4911,20.27616],[-90.49113,20.27613],[-90.49118,20.27609],[-90.49134,20.27597],[-90.49137,20.27581],[-90.49138,20.27579],[-90.49141,20.2757],[-90.49143,20.2756],[-90.49144,20.27553],[-90.49147,20.27547],[-90.4915,20.27539],[-90.4915,20.27538],[-90.4915,20.27538],[-90.49154,20.27537],[-90.49156,20.27537],[-90.49158,20.27533],[-90.49158,20.27532],[-90.49156,20.27528],[-90.49158,20.27525],[-90.49159,20.27521],[-90.4916,20.27519],[-90.49167,20.27519],[-90.4917,20.27519],[-90.49171,20.27519],[-90.49174,20.27515],[-90.49174,20.27504],[-90.49174,20.27503],[-90.49178,20.2749],[-90.49183,20.27464],[-90.49185,20.27453],[-90.49187,20.27439],[-90.49184,20.27431],[-90.49186,20.27413],[-90.49187,20.27412],[-90.49181,20.27402],[-90.49181,20.274],[-90.4918,20.274],[-90.4918,20.27399],[-90.49179,20.27395],[-90.49175,20.27386],[-90.49177,20.27367],[-90.49184,20.27349],[-90.49189,20.27334],[-90.49192,20.27321],[-90.49194,20.27309],[-90.49197,20.27304],[-90.49199,20.273],[-90.492,20.27299],[-90.49201,20.27296],[-90.49203,20.2729],[-90.49205,20.27285],[-90.49204,20.27283],[-90.49204,20.27281],[-90.49203,20.2728],[-90.49202,20.27274],[-90.49205,20.27257],[-90.49211,20.27243],[-90.49211,20.27235],[-90.49211,20.27233],[-90.49212,20.27227],[-90.49212,20.27226],[-90.49211,20.27223],[-90.49207,20.27215],[-90.49208,20.27208],[-90.49208,20.27207],[-90.49209,20.27198],[-90.49207,20.27191],[-90.49203,20.27183],[-90.49202,20.27183],[-90.49202,20.27174],[-90.49204,20.27171],[-90.49206,20.27167],[-90.49205,20.27164],[-90.49203,20.27161],[-90.49201,20.27155],[-90.492,20.27153],[-90.49201,20.27143],[-90.49202,20.27129],[-90.49203,20.27125],[-90.49205,20.27117],[-90.49209,20.27106],[-90.4921,20.27103],[-90.49196,20.27093],[-90.49194,20.27091],[-90.49189,20.27086],[-90.49182,20.27077],[-90.49182,20.27071],[-90.49183,20.27068],[-90.49185,20.27064],[-90.49185,20.27059],[-90.49183,20.27054],[-90.49182,20.27052],[-90.49179,20.27044],[-90.49179,20.27035],[-90.49175,20.27028],[-90.49179,20.2702],[-90.49179,20.27014],[-90.4918,20.27006],[-90.49176,20.26996],[-90.49176,20.26995],[-90.49172,20.26989],[-90.49174,20.26973],[-90.49174,20.26968],[-90.49175,20.26958],[-90.49175,20.26956],[-90.49174,20.26947],[-90.49173,20.26945],[-90.4917,20.2694],[-90.4917,20.26939],[-90.49165,20.26927],[-90.49165,20.26915],[-90.49166,20.26905],[-90.49166,20.26905],[-90.49167,20.26901],[-90.49168,20.26896],[-90.49164,20.26881],[-90.49164,20.2688],[-90.49163,20.26879],[-90.49157,20.26868],[-90.49154,20.26861],[-90.49158,20.26853],[-90.4915,20.2684],[-90.4914,20.26836],[-90.49128,20.26828],[-90.49116,20.2682],[-90.49106,20.26815],[-90.49106,20.26815],[-90.49096,20.26815],[-90.49083,20.26817],[-90.49083,20.26817],[-90.49065,20.26815],[-90.49062,20.26808],[-90.49064,20.26805],[-90.49065,20.26804],[-90.49065,20.26804],[-90.49065,20.26804],[-90.49069,20.26803],[-90.49081,20.26799],[-90.4909,20.26795],[-90.491,20.26792],[-90.491,20.26792],[-90.49106,20.26788],[-90.49107,20.26788],[-90.49111,20.26783],[-90.49114,20.26779],[-90.49116,20.26777],[-90.49116,20.26775],[-90.49116,20.26774],[-90.49116,20.26766],[-90.49119,20.26762],[-90.49119,20.26761],[-90.49119,20.2676],[-90.49117,20.26756],[-90.49113,20.26749],[-90.49107,20.2674],[-90.49107,20.26728],[-90.49109,20.26717],[-90.4911,20.26716],[-90.49114,20.26711],[-90.49115,20.26709],[-90.49114,20.26709],[-90.49108,20.26709],[-90.49105,20.26708],[-90.49103,20.26706],[-90.49107,20.26699],[-90.49108,20.26699],[-90.49108,20.26692],[-90.49108,20.26688],[-90.49108,20.26685],[-90.49104,20.26674],[-90.49104,20.26667],[-90.49108,20.2666],[-90.49109,20.26657],[-90.4911,20.26656],[-90.49109,20.26651],[-90.49109,20.26649],[-90.4911,20.26649],[-90.49112,20.26643],[-90.49112,20.26635],[-90.49113,20.26631],[-90.49116,20.26619],[-90.49115,20.26615],[-90.49116,20.26606],[-90.49119,20.26599],[-90.49116,20.26595],[-90.49113,20.26592],[-90.49112,20.26591],[-90.4911,20.26589],[-90.49096,20.26586],[-90.491,20.26581],[-90.49104,20.26572],[-90.49106,20.26563],[-90.49104,20.2656],[-90.49102,20.26549],[-90.49108,20.26534],[-90.49108,20.26529],[-90.49106,20.26522],[-90.49106,20.26509],[-90.49109,20.26499],[-90.49109,20.26499],[-90.49109,20.26499],[-90.49101,20.2649],[-90.49104,20.2648],[-90.49105,20.2648],[-90.49105,20.26479],[-90.49109,20.26478],[-90.49112,20.26477],[-90.49112,20.26477],[-90.49114,20.26476],[-90.49115,20.26476],[-90.49113,20.26465],[-90.49112,20.26463],[-90.49109,20.26461],[-90.49108,20.2646],[-90.49109,20.26457],[-90.4911,20.26455],[-90.49111,20.26449],[-90.49109,20.26448],[-90.49106,20.26446],[-90.49104,20.26439],[-90.49108,20.26427],[-90.49111,20.26421],[-90.49112,20.26421],[-90.49113,20.2642],[-90.49117,20.26417],[-90.49113,20.26415],[-90.49113,20.26414],[-90.49113,20.26413],[-90.49109,20.26401],[-90.49111,20.26392],[-90.49116,20.26378],[-90.49116,20.2637],[-90.4912,20.26366],[-90.49121,20.26365],[-90.49123,20.26363],[-90.49124,20.26353],[-90.49124,20.2635],[-90.49123,20.26349],[-90.49122,20.26344],[-90.49122,20.26331],[-90.49123,20.2632],[-90.49126,20.26309],[-90.49131,20.26303],[-90.49132,20.26303],[-90.49133,20.26301],[-90.49133,20.26294],[-90.49133,20.26294],[-90.49133,20.2629],[-90.49133,20.2628],[-90.49131,20.26263],[-90.49125,20.26246],[-90.49127,20.2624],[-90.4913,20.26235],[-90.49131,20.26233],[-90.49133,20.26231],[-90.4913,20.26227],[-90.49129,20.26225],[-90.49127,20.26223],[-90.49122,20.26214],[-90.49121,20.26205],[-90.49121,20.26197],[-90.49121,20.26195],[-90.4912,20.26195],[-90.49111,20.26189],[-90.49106,20.26182],[-90.49106,20.26182],[-90.49106,20.26181],[-90.49112,20.26179],[-90.49113,20.26179],[-90.49115,20.26177],[-90.49119,20.26174],[-90.4912,20.26174],[-90.49121,20.26171],[-90.49121,20.2617],[-90.49121,20.26169],[-90.49115,20.26161],[-90.49114,20.26153],[-90.49116,20.26143],[-90.49115,20.26135],[-90.49114,20.26129],[-90.49114,20.26117],[-90.49109,20.26108],[-90.49105,20.26106],[-90.49103,20.26104],[-90.49095,20.261],[-90.49087,20.26088],[-90.49091,20.26078],[-90.4909,20.26067],[-90.49086,20.2606],[-90.49083,20.26037],[-90.49083,20.26025],[-90.49083,20.26016],[-90.49083,20.26011],[-90.49084,20.26001],[-90.49084,20.25998],[-90.49083,20.25981],[-90.49081,20.25976],[-90.49078,20.25969],[-90.49078,20.25967],[-90.49077,20.25963],[-90.4907,20.25954],[-90.4907,20.25945],[-90.49073,20.25932],[-90.49078,20.25917],[-90.49079,20.25908],[-90.49073,20.25905],[-90.49074,20.25898],[-90.49075,20.25887],[-90.49063,20.25874],[-90.49055,20.25862],[-90.49052,20.25842],[-90.49054,20.25838],[-90.49057,20.25828],[-90.49057,20.25824],[-90.49058,20.25818],[-90.49055,20.25816],[-90.4905,20.25814],[-90.49047,20.25812],[-90.49046,20.25796],[-90.49039,20.25784],[-90.49025,20.2577],[-90.49008,20.25765],[-90.48995,20.25757],[-90.48985,20.25746],[-90.48982,20.25741],[-90.48982,20.25741],[-90.48981,20.2574],[-90.48978,20.25739],[-90.48975,20.25739],[-90.48963,20.25737],[-90.48962,20.25735],[-90.48961,20.25732],[-90.4896,20.25727],[-90.48963,20.25718],[-90.48958,20.25711],[-90.48957,20.25709],[-90.48957,20.25709],[-90.4895,20.25696],[-90.48947,20.25685],[-90.48953,20.25675],[-90.48955,20.25673],[-90.48955,20.25672],[-90.48956,20.25668],[-90.48957,20.25667],[-90.48954,20.25654],[-90.48953,20.25651],[-90.4895,20.25646],[-90.4895,20.25646],[-90.48943,20.25633],[-90.48944,20.25623],[-90.4893,20.25614],[-90.48929,20.25614],[-90.4893,20.25613],[-90.48936,20.25606],[-90.48937,20.25605],[-90.48942,20.25602],[-90.48943,20.25601],[-90.48943,20.25595],[-90.48941,20.25589],[-90.48942,20.25581],[-90.48945,20.25576],[-90.48947,20.25573],[-90.48947,20.25569],[-90.48948,20.25566],[-90.48947,20.25555],[-90.48942,20.25539],[-90.48941,20.25535],[-90.48939,20.25528],[-90.48938,20.25525],[-90.48936,20.25515],[-90.48927,20.25501],[-90.48927,20.255],[-90.48912,20.25494],[-90.48912,20.25494],[-90.48911,20.25489],[-90.48911,20.25483],[-90.48911,20.25473],[-90.48908,20.2547],[-90.48904,20.25465],[-90.48902,20.25452],[-90.48902,20.25451],[-90.48903,20.25448],[-90.48904,20.25445],[-90.48905,20.25443],[-90.48909,20.2544],[-90.48911,20.25437],[-90.48912,20.25427],[-90.48904,20.25424],[-90.48905,20.25416],[-90.48904,20.25408],[-90.48898,20.25402],[-90.48898,20.25402],[-90.48895,20.25399],[-90.48889,20.25392],[-90.48886,20.25378],[-90.48886,20.25378],[-90.48888,20.25376],[-90.4889,20.25375],[-90.48891,20.25374],[-90.48892,20.25374],[-90.48896,20.25372],[-90.48897,20.25371],[-90.48899,20.2537],[-90.48899,20.25369],[-90.48901,20.25364],[-90.489,20.25363],[-90.48896,20.2536],[-90.48896,20.25347],[-90.48897,20.25339],[-90.48896,20.25331],[-90.48898,20.25324],[-90.48902,20.25315],[-90.48902,20.25315],[-90.48902,20.25309],[-90.48902,20.25309],[-90.48903,20.25302],[-90.48899,20.25298],[-90.48895,20.25283],[-90.48894,20.25282],[-90.48888,20.25271],[-90.48882,20.25262],[-90.48875,20.25248],[-90.48874,20.25234],[-90.48875,20.25222],[-90.48874,20.25215],[-90.48875,20.25204],[-90.48874,20.25196],[-90.48874,20.25191],[-90.48874,20.25174],[-90.48874,20.25174],[-90.48871,20.25165],[-90.4887,20.25165],[-90.48865,20.25159],[-90.48863,20.25157],[-90.48862,20.25152],[-90.4886,20.25145],[-90.48859,20.25143],[-90.48857,20.25139],[-90.48854,20.25135],[-90.48851,20.25129],[-90.48849,20.25126],[-90.48849,20.25126],[-90.48849,20.25126],[-90.4884,20.25126],[-90.4884,20.25126],[-90.4884,20.25119],[-90.48842,20.25107],[-90.4884,20.25098],[-90.48846,20.25089],[-90.48841,20.25082],[-90.48841,20.25082],[-90.48849,20.25076],[-90.48851,20.25075],[-90.48854,20.25071],[-90.48857,20.25068],[-90.48857,20.25068],[-90.48857,20.25068],[-90.48857,20.25066],[-90.48855,20.25061],[-90.48855,20.25061],[-90.48855,20.25061],[-90.48859,20.25058],[-90.4886,20.25058],[-90.48861,20.25057],[-90.48862,20.25057],[-90.48862,20.25057],[-90.48862,20.25056],[-90.48862,20.25055],[-90.48863,20.25046],[-90.48869,20.2504],[-90.48871,20.25038],[-90.48871,20.25037],[-90.48874,20.25029],[-90.48874,20.25027],[-90.48874,20.25026],[-90.48875,20.25023],[-90.48876,20.25011],[-90.4888,20.25002],[-90.48881,20.24993],[-90.48885,20.24984],[-90.48888,20.24975],[-90.4889,20.24965],[-90.48892,20.24962],[-90.48894,20.24958],[-90.48895,20.24956],[-90.489,20.24946],[-90.48902,20.24941],[-90.489,20.24931],[-90.48899,20.24931],[-90.48898,20.2493],[-90.48895,20.24927],[-90.48891,20.24919],[-90.4889,20.24917],[-90.48891,20.2491],[-90.48891,20.24909],[-90.48896,20.249],[-90.48899,20.24898],[-90.48898,20.24888],[-90.48895,20.24884],[-90.48895,20.24884],[-90.48894,20.24882],[-90.48901,20.24882],[-90.48901,20.24882],[-90.48906,20.24885],[-90.48908,20.24893],[-90.48909,20.24894],[-90.48911,20.24895],[-90.48917,20.24898],[-90.48917,20.24898],[-90.48924,20.24896],[-90.48931,20.24894],[-90.48932,20.24894],[-90.48932,20.24894],[-90.48939,20.24888],[-90.48942,20.24884],[-90.48943,20.24882],[-90.4895,20.24868],[-90.48951,20.2486],[-90.48951,20.24856],[-90.48955,20.2485],[-90.48955,20.24849],[-90.48955,20.24848],[-90.4895,20.24844],[-90.48943,20.24839],[-90.48946,20.24833],[-90.48947,20.24831],[-90.48946,20.24831],[-90.48943,20.24821],[-90.48947,20.24813],[-90.48956,20.24796],[-90.48962,20.24788],[-90.48965,20.24784],[-90.48965,20.24773],[-90.48966,20.24765],[-90.48966,20.24752],[-90.48962,20.24743],[-90.48961,20.24741],[-90.48958,20.24735],[-90.48955,20.24733],[-90.48946,20.24729],[-90.48946,20.24722],[-90.48946,20.24718],[-90.48948,20.2471],[-90.48948,20.24706],[-90.48947,20.247],[-90.48948,20.24693],[-90.48944,20.2469],[-90.48935,20.24684],[-90.48929,20.24681],[-90.48924,20.24678],[-90.48909,20.24668],[-90.48915,20.2466],[-90.48915,20.24657],[-90.48915,20.24655],[-90.48916,20.2465],[-90.48917,20.24648],[-90.48916,20.24648],[-90.48908,20.24639],[-90.48911,20.24633],[-90.48915,20.2462],[-90.48915,20.2462],[-90.48916,20.24615],[-90.48916,20.24615],[-90.48916,20.24613],[-90.48922,20.24612],[-90.48927,20.24611],[-90.48927,20.24611],[-90.48928,20.24611],[-90.48929,20.24611],[-90.48934,20.24605],[-90.48933,20.246],[-90.48933,20.24599],[-90.48932,20.24597],[-90.48934,20.24589],[-90.48934,20.24589],[-90.48935,20.24587],[-90.48939,20.24587],[-90.4894,20.24587],[-90.4894,20.24587],[-90.48941,20.24587],[-90.48942,20.24587],[-90.48948,20.24579],[-90.48947,20.24571],[-90.48947,20.24571],[-90.48945,20.2457],[-90.48941,20.24566],[-90.48938,20.24562],[-90.48943,20.24544],[-90.48946,20.24534],[-90.48946,20.24533],[-90.48946,20.24532],[-90.48944,20.24527],[-90.48945,20.24521],[-90.48945,20.24517],[-90.48942,20.24515],[-90.48933,20.24507],[-90.48927,20.24499],[-90.4892,20.24488],[-90.48918,20.24477],[-90.48925,20.24467],[-90.48925,20.24461],[-90.4893,20.24455],[-90.48926,20.2444],[-90.48918,20.24417],[-90.48919,20.24411],[-90.48919,20.24408],[-90.48915,20.24403],[-90.48913,20.244],[-90.48913,20.24397],[-90.48913,20.24396],[-90.48913,20.24396],[-90.48913,20.24394],[-90.48916,20.24394],[-90.48916,20.24394],[-90.48917,20.24394],[-90.48919,20.24394],[-90.48917,20.24386],[-90.48911,20.24383],[-90.48906,20.24381],[-90.48893,20.24376],[-90.48899,20.2436],[-90.489,20.24359],[-90.489,20.24356],[-90.489,20.2435],[-90.48896,20.24347],[-90.48895,20.24345],[-90.48894,20.24345],[-90.48889,20.24341],[-90.48886,20.24334],[-90.48882,20.24325],[-90.48882,20.24312],[-90.48881,20.24303],[-90.48878,20.24295],[-90.48881,20.24287],[-90.48883,20.24282],[-90.48881,20.24278],[-90.48878,20.24273],[-90.48879,20.24261],[-90.48874,20.24255],[-90.48871,20.24246],[-90.48873,20.24242],[-90.48874,20.24241],[-90.48876,20.24236],[-90.48872,20.24228],[-90.4887,20.24223],[-90.48865,20.2422],[-90.48861,20.24218],[-90.48861,20.24218],[-90.48848,20.24214],[-90.48839,20.24198],[-90.48838,20.24187],[-90.4884,20.24182],[-90.48839,20.24176],[-90.48839,20.24175],[-90.48839,20.24172],[-90.48838,20.24168],[-90.48838,20.24167],[-90.48834,20.24164],[-90.48832,20.24162],[-90.4883,20.24154],[-90.48828,20.2415],[-90.48826,20.24147],[-90.48823,20.24141],[-90.48814,20.24135],[-90.48802,20.24131],[-90.48802,20.24131],[-90.48793,20.24131],[-90.48781,20.24132],[-90.4878,20.24132],[-90.48787,20.24124],[-90.48787,20.24124],[-90.48788,20.24123],[-90.48797,20.2412],[-90.48806,20.24118],[-90.48816,20.24117],[-90.48817,20.24117],[-90.48818,20.24116],[-90.48822,20.24108],[-90.48815,20.24101],[-90.48818,20.24093],[-90.48818,20.24093],[-90.48819,20.24092],[-90.48827,20.24091],[-90.48827,20.24091],[-90.48831,20.24088],[-90.48832,20.24087],[-90.48833,20.24087],[-90.48834,20.24086],[-90.48835,20.24084],[-90.48836,20.24077],[-90.48838,20.24071],[-90.48834,20.24068],[-90.48833,20.24066],[-90.48832,20.24055],[-90.48832,20.24037],[-90.48825,20.24015],[-90.48822,20.24005],[-90.48821,20.24002],[-90.4882,20.24001],[-90.48808,20.23988],[-90.48808,20.23979],[-90.48801,20.23976],[-90.48804,20.23972],[-90.48808,20.23964],[-90.4881,20.23958],[-90.48807,20.23945],[-90.488,20.23939],[-90.48797,20.23936],[-90.48797,20.23936],[-90.48786,20.23937],[-90.48786,20.23937],[-90.48785,20.23934],[-90.48785,20.23934],[-90.48785,20.23933],[-90.48791,20.23931],[-90.48792,20.23931],[-90.48793,20.23931],[-90.48796,20.23927],[-90.48794,20.23912],[-90.48794,20.23908],[-90.48795,20.23896],[-90.48797,20.2389],[-90.48797,20.23889],[-90.48797,20.23889],[-90.4879,20.23886],[-90.48783,20.23879],[-90.48785,20.23875],[-90.48786,20.23868],[-90.48786,20.23863],[-90.48786,20.23863],[-90.48783,20.23863],[-90.48782,20.23863],[-90.48775,20.23863],[-90.48775,20.23863],[-90.48772,20.2385],[-90.48769,20.23841],[-90.48765,20.23834],[-90.48757,20.23823],[-90.4876,20.23809],[-90.48759,20.23794],[-90.48763,20.23775],[-90.48764,20.2377],[-90.48767,20.23752],[-90.48766,20.2375],[-90.48757,20.23743],[-90.4875,20.2374],[-90.48753,20.23735],[-90.48754,20.23734],[-90.48755,20.23733],[-90.48755,20.23733],[-90.48765,20.23736],[-90.48765,20.23736],[-90.48766,20.23737],[-90.48766,20.23737],[-90.4877,20.23732],[-90.48772,20.2373],[-90.48771,20.23727],[-90.4877,20.23724],[-90.4877,20.23724],[-90.48775,20.23721],[-90.4878,20.23718],[-90.48782,20.23717],[-90.48782,20.23714],[-90.48783,20.23709],[-90.48783,20.23709],[-90.48788,20.23705],[-90.4879,20.23703],[-90.48799,20.23692],[-90.48805,20.23678],[-90.48807,20.23662],[-90.48808,20.23658],[-90.48806,20.23656],[-90.48797,20.23648],[-90.48791,20.23634],[-90.48791,20.23629],[-90.48792,20.23623],[-90.4879,20.23622],[-90.48784,20.23619],[-90.48788,20.2361],[-90.48794,20.23588],[-90.48795,20.23584],[-90.488,20.23574],[-90.488,20.23574],[-90.488,20.23573],[-90.48802,20.23573],[-90.48807,20.23573],[-90.48814,20.23571],[-90.48815,20.2357],[-90.48817,20.2357],[-90.48818,20.23565],[-90.48816,20.23561],[-90.48815,20.23558],[-90.48811,20.23547],[-90.48808,20.23539],[-90.488,20.23534],[-90.48796,20.23524],[-90.48784,20.23511],[-90.48775,20.2351],[-90.48768,20.23502],[-90.48769,20.23501],[-90.4877,20.23501],[-90.48771,20.23499],[-90.48776,20.23499],[-90.48776,20.23499],[-90.48785,20.23505],[-90.48785,20.23505],[-90.48785,20.23505],[-90.48788,20.23503],[-90.4879,20.23502],[-90.4879,20.23501],[-90.48789,20.23498],[-90.48788,20.23495],[-90.48788,20.23494],[-90.4879,20.2349],[-90.48785,20.23481],[-90.48788,20.2347],[-90.48785,20.23463],[-90.4878,20.23457],[-90.48778,20.23455],[-90.48774,20.23449],[-90.48776,20.23441],[-90.48776,20.2344],[-90.48776,20.2344],[-90.48772,20.23436],[-90.48768,20.23426],[-90.4877,20.23417],[-90.48771,20.23415],[-90.48774,20.23405],[-90.48777,20.23397],[-90.48768,20.23394],[-90.48765,20.23394],[-90.48761,20.23385],[-90.48765,20.23375],[-90.48765,20.23367],[-90.48762,20.23356],[-90.48755,20.23355],[-90.48755,20.23352],[-90.48755,20.23352],[-90.48755,20.23351],[-90.48765,20.23348],[-90.48765,20.23348],[-90.48768,20.23346],[-90.48772,20.23344],[-90.48774,20.23342],[-90.48777,20.23341],[-90.48778,20.23341],[-90.4878,20.2334],[-90.48776,20.23335],[-90.48773,20.23332],[-90.4877,20.23332],[-90.48763,20.23331],[-90.48765,20.23318],[-90.48767,20.23311],[-90.48765,20.2331],[-90.48764,20.23309],[-90.48764,20.23309],[-90.48764,20.23306],[-90.48764,20.23307],[-90.48771,20.23309],[-90.48771,20.23309],[-90.48771,20.23309],[-90.48775,20.23307],[-90.48778,20.23305],[-90.48783,20.233],[-90.48785,20.23299],[-90.48788,20.23293],[-90.48787,20.23285],[-90.48785,20.23285],[-90.48781,20.23282],[-90.48782,20.23277],[-90.48782,20.23268],[-90.48782,20.23268],[-90.48773,20.2327],[-90.48772,20.2327],[-90.48772,20.23266],[-90.48772,20.23266],[-90.48776,20.23263],[-90.48778,20.23261],[-90.48785,20.23252],[-90.48789,20.23247],[-90.48791,20.23245],[-90.48789,20.23238],[-90.48789,20.23236],[-90.48789,20.23235],[-90.4879,20.23232],[-90.48791,20.23225],[-90.48791,20.23225],[-90.48789,20.23226],[-90.48785,20.23226],[-90.48785,20.23227],[-90.48785,20.23221],[-90.48788,20.23218],[-90.48787,20.23214],[-90.48786,20.23204],[-90.48784,20.23193],[-90.48773,20.2319],[-90.48773,20.23187],[-90.48778,20.23182],[-90.48779,20.23181],[-90.48783,20.23179],[-90.48785,20.23177],[-90.48782,20.23171],[-90.48782,20.23167],[-90.48786,20.23163],[-90.48784,20.2316],[-90.48781,20.23157],[-90.48783,20.23147],[-90.4878,20.23143],[-90.48778,20.23138],[-90.4878,20.23128],[-90.48781,20.23118],[-90.48781,20.23105],[-90.48779,20.23093],[-90.48778,20.23084],[-90.48773,20.23081],[-90.48763,20.23072],[-90.48763,20.2307],[-90.48764,20.23067],[-90.48762,20.23064],[-90.48758,20.23059],[-90.48758,20.23058],[-90.48764,20.23054],[-90.48769,20.23051],[-90.48771,20.2305],[-90.48771,20.23038],[-90.48772,20.23036],[-90.48776,20.23026],[-90.48776,20.23026],[-90.48785,20.23019],[-90.48787,20.23018],[-90.48787,20.23018],[-90.48796,20.23015],[-90.48796,20.23015],[-90.48797,20.23015],[-90.48798,20.23014],[-90.48799,20.23011],[-90.488,20.23002],[-90.48799,20.22994],[-90.48806,20.22987],[-90.48806,20.22983],[-90.48801,20.22978],[-90.48793,20.22973],[-90.48792,20.22973],[-90.48788,20.22971],[-90.48787,20.22966],[-90.48781,20.22965],[-90.48767,20.22961],[-90.48752,20.22957],[-90.48752,20.22955],[-90.48752,20.22954],[-90.48752,20.22952],[-90.48753,20.22952],[-90.48761,20.22955],[-90.48761,20.22955],[-90.4877,20.2295],[-90.48779,20.22945],[-90.4878,20.22944],[-90.48782,20.22943],[-90.48782,20.22939],[-90.48782,20.22938],[-90.48783,20.22936],[-90.48783,20.22936],[-90.48786,20.22938],[-90.48789,20.22938],[-90.48789,20.22938],[-90.48789,20.22938],[-90.48789,20.22938],[-90.48792,20.22936],[-90.4879,20.22931],[-90.4879,20.22927],[-90.48795,20.22922],[-90.48795,20.22922],[-90.48795,20.22922],[-90.4879,20.22915],[-90.48792,20.22909],[-90.48792,20.22906],[-90.48788,20.22897],[-90.48782,20.22895],[-90.48777,20.22893],[-90.48764,20.22892],[-90.48764,20.22892],[-90.48759,20.22892],[-90.48759,20.22892],[-90.48758,20.22885],[-90.48758,20.22884],[-90.48758,20.22882],[-90.48758,20.22882],[-90.48762,20.22884],[-90.48762,20.22884],[-90.48772,20.22882],[-90.48777,20.22881],[-90.48778,20.22881],[-90.48779,20.2288],[-90.48779,20.2288],[-90.4878,20.22878],[-90.48781,20.22873],[-90.48782,20.2287],[-90.48782,20.22865],[-90.48785,20.22858],[-90.48786,20.22856],[-90.48782,20.22851],[-90.48773,20.22846],[-90.48771,20.22846],[-90.48766,20.22846],[-90.48766,20.22846],[-90.48761,20.22843],[-90.48752,20.22837],[-90.48741,20.22829],[-90.48741,20.22829],[-90.48741,20.22827],[-90.48741,20.22823],[-90.48733,20.22818],[-90.48733,20.22817],[-90.48733,20.22817],[-90.48725,20.22817],[-90.48725,20.22817],[-90.48725,20.22817],[-90.48716,20.22814],[-90.48713,20.22803],[-90.48719,20.22796],[-90.4872,20.22795],[-90.48721,20.22794],[-90.48727,20.22794],[-90.48729,20.22794],[-90.48729,20.22794],[-90.48732,20.22792],[-90.48734,20.22791],[-90.48733,20.22789],[-90.48731,20.22784],[-90.48736,20.22778],[-90.48735,20.22775],[-90.48739,20.22764],[-90.4874,20.2276],[-90.4874,20.22759],[-90.48739,20.22759],[-90.48734,20.22755],[-90.48732,20.22749],[-90.48733,20.22743],[-90.48733,20.22742],[-90.48732,20.22741],[-90.48731,20.22739],[-90.48719,20.22732],[-90.48719,20.2273],[-90.48719,20.2273],[-90.48719,20.22729],[-90.48721,20.22728],[-90.48722,20.22728],[-90.48725,20.22728],[-90.48724,20.22726],[-90.48722,20.22724],[-90.48721,20.22722],[-90.48713,20.22718],[-90.48705,20.22712],[-90.48707,20.22705],[-90.48707,20.22705],[-90.4871,20.22702],[-90.48711,20.22702],[-90.48713,20.227],[-90.48714,20.22696],[-90.48711,20.22693],[-90.48703,20.22692],[-90.48699,20.22691],[-90.48687,20.22683],[-90.48686,20.22672],[-90.48686,20.22672],[-90.48691,20.22668],[-90.48694,20.22667],[-90.48694,20.22667],[-90.487,20.22671],[-90.487,20.22671],[-90.48704,20.2267],[-90.48704,20.2267],[-90.48706,20.22669],[-90.48708,20.22668],[-90.48709,20.22668],[-90.48713,20.22664],[-90.48718,20.22659],[-90.48721,20.22654],[-90.48722,20.22651],[-90.48722,20.22648],[-90.48722,20.22648],[-90.48716,20.22645],[-90.48713,20.22644],[-90.48713,20.22634],[-90.48712,20.2263],[-90.48712,20.2263],[-90.48711,20.22629],[-90.48715,20.22628],[-90.48715,20.22628],[-90.48718,20.22633],[-90.48718,20.22633],[-90.48718,20.22633],[-90.48724,20.2263],[-90.48724,20.22629],[-90.48724,20.22629],[-90.48728,20.22626],[-90.48729,20.22625],[-90.48735,20.22619],[-90.48737,20.22614],[-90.48737,20.22613],[-90.48737,20.22612],[-90.48737,20.22603],[-90.48737,20.22603],[-90.48738,20.22602],[-90.4874,20.226],[-90.48743,20.226],[-90.48744,20.22599],[-90.48745,20.22599],[-90.48748,20.22592],[-90.4875,20.22587],[-90.48753,20.22583],[-90.48756,20.22581],[-90.48755,20.22573],[-90.48754,20.22573],[-90.4875,20.22568],[-90.48747,20.22564],[-90.48748,20.22557],[-90.48754,20.22549],[-90.48754,20.22548],[-90.48754,20.22547],[-90.48755,20.22536],[-90.48752,20.22533],[-90.48752,20.22532],[-90.48748,20.22528],[-90.4875,20.2252],[-90.4874,20.22514],[-90.48743,20.22502],[-90.48752,20.22495],[-90.48752,20.22494],[-90.48752,20.22494],[-90.48752,20.22486],[-90.48752,20.2247],[-90.48753,20.22463],[-90.48752,20.22463],[-90.48745,20.22457],[-90.48754,20.22447],[-90.48754,20.22443],[-90.48761,20.22431],[-90.48762,20.22425],[-90.48764,20.22419],[-90.4876,20.22412],[-90.4876,20.22411],[-90.48755,20.22403],[-90.48757,20.22394],[-90.48757,20.2239],[-90.48756,20.22378],[-90.48755,20.22364],[-90.48755,20.22358],[-90.48759,20.22354],[-90.4876,20.22353],[-90.48758,20.22347],[-90.48757,20.22343],[-90.48758,20.22336],[-90.48756,20.22318],[-90.48756,20.22318],[-90.48756,20.22318],[-90.48753,20.22316],[-90.48751,20.22316],[-90.48752,20.22313],[-90.48752,20.22312],[-90.48754,20.22306],[-90.48751,20.22306],[-90.48747,20.22304],[-90.48744,20.22304],[-90.4874,20.22292],[-90.48741,20.22281],[-90.4874,20.22273],[-90.48739,20.22269],[-90.48732,20.22267],[-90.48732,20.22265],[-90.48732,20.22264],[-90.48732,20.22263],[-90.48741,20.22263],[-90.48742,20.22263],[-90.48743,20.22263],[-90.48744,20.22263],[-90.48744,20.22263],[-90.48746,20.22258],[-90.48746,20.22249],[-90.48743,20.22241],[-90.48743,20.2224],[-90.4874,20.22236],[-90.48737,20.22233],[-90.48731,20.22223],[-90.48732,20.22211],[-90.48732,20.22207],[-90.4873,20.22201],[-90.48729,20.222],[-90.48724,20.22194],[-90.48722,20.22182],[-90.48715,20.22175],[-90.48712,20.22172],[-90.48712,20.2216],[-90.48704,20.22155],[-90.48704,20.22155],[-90.48697,20.22155],[-90.48684,20.22161],[-90.48671,20.22164],[-90.4866,20.22167],[-90.4866,20.22167],[-90.4865,20.22163],[-90.48651,20.22162],[-90.48653,20.22157],[-90.48653,20.22157],[-90.48654,20.22156],[-90.48668,20.22156],[-90.48669,20.22156],[-90.4867,20.22156],[-90.48679,20.22146],[-90.48679,20.22146],[-90.48687,20.22131],[-90.48687,20.22127],[-90.48687,20.22125],[-90.48687,20.22122],[-90.48689,20.2212],[-90.48689,20.22113],[-90.48695,20.221],[-90.48696,20.22092],[-90.48696,20.22087],[-90.48697,20.22075],[-90.48691,20.22065],[-90.4869,20.22063],[-90.48682,20.22052],[-90.48681,20.22052],[-90.48681,20.22052],[-90.48683,20.22051],[-90.48684,20.22051],[-90.48686,20.2205],[-90.48687,20.22047],[-90.48689,20.22043],[-90.48689,20.22043],[-90.4869,20.22042],[-90.48699,20.2204],[-90.4871,20.22038],[-90.48712,20.22038],[-90.48718,20.22038],[-90.4872,20.22038],[-90.48721,20.22038],[-90.48725,20.22037],[-90.48726,20.22037],[-90.48726,20.22036],[-90.48727,20.22036],[-90.48728,20.22035],[-90.48728,20.22033],[-90.48728,20.22033],[-90.48733,20.2203],[-90.48734,20.22029],[-90.48738,20.22027],[-90.4874,20.22026],[-90.48746,20.22018],[-90.48746,20.22017],[-90.48747,20.22017],[-90.48748,20.22016],[-90.48758,20.22009],[-90.4876,20.22008],[-90.48762,20.22001],[-90.48763,20.21999],[-90.48763,20.21998],[-90.48767,20.21995],[-90.48772,20.21992],[-90.48774,20.21991],[-90.48778,20.21982],[-90.48782,20.21972],[-90.48782,20.21972],[-90.48788,20.21967],[-90.48789,20.21967],[-90.48791,20.21965],[-90.48793,20.21964],[-90.48792,20.2196],[-90.48792,20.21959],[-90.48792,20.21953],[-90.48792,20.21945],[-90.48799,20.21924],[-90.48799,20.21923],[-90.488,20.21919],[-90.48796,20.21914],[-90.48794,20.21912],[-90.48791,20.21907],[-90.48791,20.21907],[-90.48793,20.21906],[-90.48793,20.21906],[-90.48794,20.21905],[-90.48795,20.21904],[-90.488,20.21903],[-90.48801,20.21903],[-90.48803,20.21902],[-90.48803,20.21896],[-90.48803,20.21896],[-90.48803,20.21896],[-90.48805,20.21895],[-90.48808,20.21893],[-90.48809,20.21893],[-90.48811,20.21892],[-90.48811,20.21883],[-90.48811,20.21878],[-90.48813,20.21872],[-90.48813,20.21871],[-90.48812,20.2187],[-90.48811,20.2187],[-90.48807,20.21868],[-90.4881,20.21865],[-90.48809,20.21861],[-90.48807,20.21851],[-90.48809,20.21845],[-90.4881,20.21845],[-90.48816,20.2184],[-90.48817,20.21839],[-90.48821,20.21834],[-90.48823,20.21829],[-90.48826,20.21823],[-90.48834,20.2181],[-90.48833,20.21797],[-90.48832,20.21795],[-90.48834,20.21789],[-90.48836,20.21783],[-90.48836,20.21783],[-90.48836,20.21783],[-90.48837,20.21782],[-90.48839,20.21781],[-90.48841,20.2178],[-90.48842,20.2178],[-90.48845,20.21769],[-90.48846,20.21767],[-90.48848,20.2176],[-90.48846,20.21753],[-90.48845,20.21753],[-90.48845,20.21752],[-90.48845,20.21751],[-90.48848,20.21738],[-90.48845,20.21735],[-90.48843,20.21733],[-90.48845,20.2173],[-90.48846,20.21729],[-90.48846,20.21729],[-90.48847,20.21728],[-90.48849,20.21727],[-90.4885,20.21727],[-90.48852,20.21726],[-90.48854,20.21718],[-90.48857,20.21713],[-90.48859,20.21709],[-90.48859,20.21709],[-90.48854,20.21709],[-90.48854,20.21709],[-90.48855,20.21702],[-90.48855,20.21702],[-90.48855,20.21702],[-90.48857,20.21701],[-90.4886,20.217],[-90.48861,20.217],[-90.48863,20.217],[-90.48866,20.21693],[-90.48866,20.21693],[-90.48866,20.21692],[-90.48872,20.2169],[-90.48872,20.2169],[-90.48873,20.21689],[-90.48874,20.21689],[-90.4888,20.21683],[-90.48883,20.21673],[-90.48886,20.21667],[-90.4889,20.21661],[-90.48895,20.21653],[-90.48898,20.2164],[-90.489,20.21635],[-90.48901,20.21627],[-90.48899,20.21618],[-90.48898,20.21617],[-90.48895,20.21614],[-90.48895,20.21605],[-90.48895,20.21599],[-90.48898,20.21592],[-90.48898,20.21592],[-90.48898,20.21592],[-90.48903,20.2159],[-90.48904,20.21589],[-90.48905,20.21589],[-90.48906,20.21589],[-90.48908,20.21582],[-90.48909,20.21579],[-90.48905,20.21578],[-90.48901,20.21575],[-90.48902,20.21571],[-90.48906,20.21567],[-90.48906,20.21566],[-90.4891,20.21563],[-90.48907,20.21557],[-90.48907,20.21557],[-90.48897,20.21559],[-90.48897,20.21559],[-90.48889,20.21557],[-90.48885,20.21552],[-90.48882,20.21551],[-90.48877,20.21549],[-90.48877,20.21549],[-90.48873,20.2155],[-90.48872,20.2155],[-90.48872,20.2155],[-90.48869,20.21547],[-90.48866,20.21545],[-90.48852,20.21537],[-90.4885,20.21536],[-90.48843,20.2153],[-90.48842,20.21529],[-90.48841,20.21529],[-90.4883,20.21525],[-90.4883,20.21525],[-90.4882,20.2152],[-90.48812,20.21515],[-90.488,20.21511],[-90.488,20.21511],[-90.48789,20.21511],[-90.48784,20.21511],[-90.48784,20.21511],[-90.4878,20.21507],[-90.48777,20.21504],[-90.48772,20.215],[-90.48766,20.21496],[-90.48755,20.21492],[-90.48755,20.21492],[-90.48747,20.21492],[-90.48746,20.21492],[-90.48741,20.21492],[-90.48741,20.21492],[-90.48719,20.2148],[-90.48707,20.21475],[-90.48702,20.21473],[-90.48699,20.21469],[-90.48695,20.21465],[-90.4869,20.21464],[-90.48682,20.21462],[-90.48676,20.21461],[-90.48669,20.21455],[-90.48664,20.21449],[-90.48657,20.21447],[-90.48643,20.21443],[-90.48632,20.21436],[-90.48616,20.21424],[-90.48613,20.21421],[-90.48596,20.21415],[-90.48579,20.2141],[-90.48579,20.2141],[-90.48567,20.2141],[-90.4855,20.2141],[-90.4855,20.2141],[-90.48548,20.21409],[-90.4854,20.21406],[-90.48532,20.21396],[-90.48532,20.2139],[-90.4853,20.21387],[-90.48537,20.21376],[-90.48534,20.21365],[-90.48525,20.21362],[-90.48506,20.21341],[-90.48491,20.21331],[-90.48476,20.21323],[-90.48468,20.21315],[-90.48457,20.21311],[-90.48448,20.21304],[-90.48448,20.21304],[-90.48439,20.21303],[-90.48435,20.21303],[-90.48435,20.21303],[-90.48431,20.21296],[-90.48431,20.21295],[-90.4843,20.21282],[-90.4843,20.21278],[-90.48418,20.21273],[-90.48417,20.21272],[-90.48402,20.21264],[-90.48397,20.21256],[-90.4839,20.21246],[-90.48376,20.21238],[-90.48369,20.21234],[-90.48366,20.21231],[-90.48365,20.2123],[-90.48359,20.2122],[-90.48358,20.21219],[-90.48349,20.21212],[-90.48339,20.21209],[-90.48339,20.21209],[-90.48334,20.2121],[-90.48333,20.21211],[-90.48332,20.21211],[-90.48331,20.21211],[-90.48306,20.21194],[-90.48301,20.21188],[-90.48291,20.21175],[-90.48276,20.21168],[-90.48275,20.21167],[-90.48267,20.21164],[-90.48261,20.21156],[-90.48261,20.21154],[-90.48258,20.21139],[-90.48252,20.21127],[-90.48249,20.21123],[-90.48239,20.21103],[-90.48231,20.21094],[-90.48224,20.21082],[-90.48219,20.21073],[-90.48214,20.21064],[-90.48213,20.21062],[-90.48203,20.21056],[-90.48203,20.21056],[-90.482,20.21054],[-90.48183,20.21045],[-90.48168,20.21046],[-90.48135,20.21045],[-90.48134,20.21037],[-90.48135,20.21037],[-90.48146,20.21028],[-90.48151,20.21019],[-90.48149,20.21015],[-90.48137,20.21012],[-90.48123,20.21009],[-90.48119,20.21009],[-90.48104,20.21008],[-90.48099,20.21008],[-90.481,20.20998],[-90.481,20.20991],[-90.48094,20.20984],[-90.48087,20.20976],[-90.48086,20.20965],[-90.48085,20.20964],[-90.4808,20.2095],[-90.48079,20.2094],[-90.48071,20.20928],[-90.48067,20.20924],[-90.48062,20.20918],[-90.48059,20.20905],[-90.48048,20.2089],[-90.48051,20.20885],[-90.48051,20.20881],[-90.48051,20.20872],[-90.48052,20.20862],[-90.48062,20.20857],[-90.48064,20.20856],[-90.48065,20.20857],[-90.48068,20.20859],[-90.48075,20.20861],[-90.48082,20.20863],[-90.48083,20.20867],[-90.48089,20.20884],[-90.48098,20.20894],[-90.48105,20.20914],[-90.48108,20.20917],[-90.48109,20.2092],[-90.48113,20.20939],[-90.48116,20.20947],[-90.48119,20.20956],[-90.48123,20.2096],[-90.48128,20.20976],[-90.48151,20.20984],[-90.48156,20.20985],[-90.4818,20.2099],[-90.4821,20.20991],[-90.48229,20.20991],[-90.48231,20.20992],[-90.48243,20.21],[-90.48249,20.20992],[-90.4825,20.2099],[-90.48256,20.20996],[-90.48271,20.21019],[-90.48285,20.21047],[-90.48319,20.21089],[-90.48327,20.21102],[-90.48337,20.2111],[-90.48348,20.21121],[-90.48364,20.21142],[-90.48372,20.21152],[-90.48374,20.21156],[-90.48379,20.21158],[-90.48394,20.21166],[-90.48396,20.21166],[-90.48415,20.21172],[-90.48418,20.21173],[-90.4842,20.21174],[-90.4843,20.21175],[-90.48443,20.21179],[-90.48445,20.2118],[-90.48446,20.2118],[-90.48457,20.2118],[-90.48467,20.21177],[-90.48484,20.21179],[-90.4849,20.21183],[-90.48497,20.21189],[-90.48498,20.21189],[-90.48501,20.21192],[-90.48513,20.21193],[-90.48515,20.21193],[-90.48531,20.21193],[-90.48538,20.21191],[-90.48552,20.21188],[-90.48583,20.21173],[-90.48588,20.21166],[-90.48592,20.21157],[-90.48595,20.21155],[-90.48595,20.21162],[-90.48599,20.21167],[-90.48603,20.21174],[-90.48604,20.21178],[-90.48604,20.2118],[-90.48615,20.21182],[-90.48618,20.21182],[-90.48626,20.21181],[-90.48632,20.21178],[-90.4864,20.21178],[-90.48654,20.21182],[-90.48666,20.21181],[-90.48675,20.2118],[-90.48679,20.21176],[-90.48684,20.21169],[-90.48684,20.21162],[-90.48684,20.21162],[-90.48686,20.2116],[-90.4868,20.21157],[-90.48675,20.21153],[-90.48672,20.21151],[-90.48666,20.21147],[-90.48666,20.21145],[-90.48665,20.21138],[-90.48663,20.2113],[-90.48661,20.21126],[-90.48658,20.21121],[-90.48666,20.21118],[-90.48672,20.21118],[-90.48679,20.21118],[-90.48688,20.21114],[-90.48692,20.21104],[-90.48703,20.21094],[-90.48708,20.21084],[-90.48711,20.21072],[-90.48705,20.21066],[-90.48704,20.21062],[-90.48706,20.21047],[-90.48704,20.21042],[-90.487,20.21042],[-90.48696,20.21039],[-90.48699,20.21032],[-90.48699,20.21018],[-90.48699,20.21015],[-90.48701,20.21005],[-90.48701,20.21002],[-90.48707,20.21003],[-90.48715,20.21003],[-90.48723,20.20997],[-90.48722,20.2099],[-90.48715,20.20981],[-90.48705,20.2098],[-90.48697,20.20979],[-90.48691,20.20977],[-90.48692,20.20973],[-90.48693,20.20967],[-90.48695,20.20962],[-90.48699,20.20957],[-90.48703,20.2095],[-90.48705,20.2094],[-90.48708,20.20933],[-90.48711,20.20932],[-90.48718,20.20929],[-90.48724,20.20925],[-90.48729,20.20924],[-90.48736,20.20915],[-90.48737,20.20911],[-90.48744,20.20907],[-90.48754,20.20874],[-90.48753,20.2087],[-90.48753,20.20866],[-90.48754,20.20866],[-90.48758,20.20866],[-90.48759,20.20861],[-90.48755,20.20861],[-90.48754,20.20859],[-90.48752,20.20854],[-90.48752,20.20849],[-90.48755,20.20841],[-90.48755,20.2084],[-90.48755,20.20837],[-90.48754,20.20831],[-90.48753,20.20828],[-90.48745,20.20824],[-90.48741,20.20824],[-90.48736,20.20824],[-90.48726,20.20824],[-90.48728,20.20814],[-90.48726,20.20805],[-90.4873,20.20803],[-90.48733,20.20802],[-90.48737,20.20799],[-90.48737,20.20795],[-90.48737,20.20793],[-90.48735,20.20792],[-90.4873,20.20789],[-90.48723,20.20791],[-90.48708,20.20766],[-90.48685,20.20731],[-90.48681,20.20722],[-90.48678,20.20716],[-90.48678,20.20688],[-90.48677,20.2068],[-90.48682,20.20679],[-90.48686,20.20675],[-90.48688,20.20674],[-90.4869,20.20671],[-90.48692,20.20666],[-90.4869,20.20655],[-90.48688,20.20655],[-90.48682,20.20654],[-90.48677,20.20653],[-90.48669,20.20652],[-90.48657,20.20651],[-90.48653,20.20648],[-90.48656,20.20641],[-90.48661,20.20634],[-90.48656,20.20629],[-90.4866,20.20623],[-90.4867,20.20622],[-90.48669,20.20616],[-90.48673,20.20612],[-90.48675,20.206],[-90.48671,20.20601],[-90.48664,20.20597],[-90.48654,20.20594],[-90.48654,20.20589],[-90.48654,20.20585],[-90.48656,20.20579],[-90.48657,20.20576],[-90.48659,20.20572],[-90.48649,20.20566],[-90.48638,20.20558],[-90.48628,20.20552],[-90.48625,20.20551],[-90.48618,20.20547],[-90.48619,20.20538],[-90.48619,20.20537],[-90.48616,20.20537],[-90.48604,20.20535],[-90.48602,20.20534],[-90.48592,20.20526],[-90.48592,20.20526],[-90.48575,20.20506],[-90.48562,20.20478],[-90.48562,20.20477],[-90.48562,20.20476],[-90.48562,20.2044],[-90.48561,20.20433],[-90.48558,20.20427],[-90.48551,20.20423],[-90.48509,20.20399],[-90.48508,20.20398],[-90.48507,20.20398],[-90.48477,20.20381],[-90.48472,20.2038],[-90.48462,20.20379],[-90.48457,20.20379],[-90.48428,20.20377],[-90.48411,20.20384],[-90.48397,20.20391],[-90.48384,20.20394],[-90.48379,20.20394],[-90.48375,20.20395],[-90.48373,20.20397],[-90.4837,20.20401],[-90.4837,20.20401],[-90.4837,20.20401],[-90.48366,20.20401],[-90.48357,20.20399],[-90.48338,20.20399],[-90.48325,20.20398],[-90.48323,20.20396],[-90.4832,20.20393],[-90.48308,20.20392],[-90.48296,20.20392],[-90.48294,20.20393],[-90.48282,20.20391],[-90.48275,20.2039],[-90.48259,20.20381],[-90.48244,20.20372],[-90.48237,20.20366],[-90.48229,20.20362],[-90.4822,20.20359],[-90.48215,20.20358],[-90.48208,20.20358],[-90.48202,20.20359],[-90.482,20.20362],[-90.48186,20.20385],[-90.48181,20.20397],[-90.4818,20.204],[-90.48174,20.20408],[-90.48174,20.20412],[-90.48168,20.2042],[-90.48167,20.20421],[-90.48131,20.20433],[-90.48121,20.20429],[-90.48109,20.20425],[-90.48092,20.20421],[-90.48047,20.20428],[-90.48032,20.20435],[-90.48018,20.20446],[-90.47976,20.20481],[-90.47969,20.20484],[-90.47956,20.20498],[-90.47955,20.20499],[-90.47938,20.20517],[-90.47928,20.20528],[-90.47924,20.20544],[-90.47924,20.20548],[-90.47924,20.20555],[-90.47927,20.20565],[-90.47932,20.2058],[-90.47949,20.20609],[-90.47968,20.20625],[-90.47975,20.20629],[-90.48004,20.20639],[-90.48026,20.20644],[-90.48052,20.20657],[-90.48057,20.20663],[-90.48058,20.20669],[-90.48059,20.20671],[-90.48066,20.20675],[-90.48066,20.20676],[-90.48067,20.20678],[-90.4807,20.20683],[-90.48067,20.20688],[-90.48055,20.20706],[-90.48042,20.20718],[-90.48038,20.20722],[-90.48031,20.20729],[-90.48019,20.2074],[-90.4801,20.20749],[-90.48007,20.20752],[-90.48004,20.20759],[-90.47998,20.2077],[-90.47994,20.20777],[-90.47991,20.20785],[-90.47995,20.20798],[-90.48,20.20803],[-90.48001,20.20804],[-90.48009,20.2081],[-90.48013,20.20815],[-90.48017,20.2082],[-90.48027,20.20824],[-90.48033,20.20827],[-90.48034,20.20828],[-90.48034,20.20828],[-90.48037,20.20835],[-90.48039,20.20842],[-90.48032,20.20845],[-90.48028,20.20848],[-90.48021,20.20846],[-90.48015,20.20841],[-90.48014,20.20841],[-90.48006,20.20836],[-90.47999,20.2083],[-90.47988,20.20831],[-90.4798,20.20833],[-90.47974,20.20826],[-90.4797,20.20821],[-90.47962,20.20813],[-90.47957,20.20801],[-90.47949,20.20805],[-90.47942,20.20804],[-90.4794,20.20803],[-90.47936,20.20803],[-90.47938,20.20789],[-90.47946,20.20784],[-90.47946,20.20784],[-90.47946,20.20784],[-90.47948,20.20783],[-90.47955,20.20778],[-90.47954,20.20773],[-90.47953,20.20767],[-90.47953,20.20765],[-90.47953,20.20764],[-90.47954,20.20763],[-90.47957,20.2076],[-90.4796,20.20756],[-90.47961,20.20749],[-90.47961,20.20745],[-90.47963,20.20744],[-90.47969,20.20739],[-90.47971,20.20737],[-90.47972,20.20733],[-90.47975,20.20722],[-90.47978,20.20708],[-90.47981,20.20692],[-90.47972,20.20677],[-90.4797,20.20676],[-90.47964,20.20671],[-90.47957,20.20659],[-90.47957,20.20658],[-90.47956,20.20656],[-90.47954,20.20653],[-90.47933,20.2063],[-90.47894,20.20585],[-90.47893,20.20579],[-90.47881,20.20565],[-90.47869,20.20551],[-90.47867,20.20549],[-90.47862,20.20547],[-90.4786,20.20544],[-90.47844,20.20515],[-90.47881,20.20501],[-90.4789,20.20495],[-90.47893,20.20492],[-90.47897,20.20486],[-90.47901,20.20477],[-90.47913,20.20451],[-90.47933,20.20419],[-90.47937,20.20413],[-90.47942,20.20408],[-90.47943,20.20408],[-90.47953,20.204],[-90.47956,20.20394],[-90.4796,20.20385],[-90.47965,20.20378],[-90.47967,20.20379],[-90.4797,20.2038],[-90.47971,20.2038],[-90.47981,20.20378],[-90.47983,20.20371],[-90.4799,20.20366],[-90.47997,20.20364],[-90.48002,20.20357],[-90.48005,20.20353],[-90.48017,20.2034],[-90.48022,20.20334],[-90.48024,20.20331],[-90.48027,20.2033],[-90.48034,20.20329],[-90.48039,20.20327],[-90.48047,20.20323],[-90.48054,20.20314],[-90.48065,20.20308],[-90.48072,20.20298],[-90.48071,20.20297],[-90.48071,20.20294],[-90.48072,20.20293],[-90.48073,20.2027],[-90.48073,20.20268],[-90.48073,20.20262],[-90.4807,20.20259],[-90.48043,20.20213],[-90.48041,20.20206],[-90.48037,20.202],[-90.48037,20.20197],[-90.48037,20.20196],[-90.48031,20.20193],[-90.48025,20.2019],[-90.48025,20.20184],[-90.48024,20.20181],[-90.48023,20.20171],[-90.48013,20.2016],[-90.48012,20.20156],[-90.48011,20.20153],[-90.48012,20.20152],[-90.48014,20.20141],[-90.48022,20.20144],[-90.48027,20.20146],[-90.48032,20.20148],[-90.48034,20.20148],[-90.48036,20.20148],[-90.48047,20.20149],[-90.48049,20.20146],[-90.4805,20.20144],[-90.48056,20.20137],[-90.48062,20.20131],[-90.48061,20.20128],[-90.48062,20.20125],[-90.48058,20.20107],[-90.48059,20.20104],[-90.48061,20.20095],[-90.4806,20.20088],[-90.48051,20.20078],[-90.48048,20.20075],[-90.48037,20.20053],[-90.48038,20.2004],[-90.4804,20.20033],[-90.4804,20.20029],[-90.48038,20.20024],[-90.48039,20.20013],[-90.48043,20.19992],[-90.48043,20.19992],[-90.48043,20.19992],[-90.4805,20.19989],[-90.4805,20.19989],[-90.4806,20.19987],[-90.48065,20.1998],[-90.48065,20.19977],[-90.48067,20.19975],[-90.48067,20.19969],[-90.48032,20.19946],[-90.48016,20.1993],[-90.48011,20.19921],[-90.48012,20.19917],[-90.48009,20.19914],[-90.48006,20.19913],[-90.48003,20.19907],[-90.48,20.19887],[-90.48,20.19884],[-90.48002,20.19882],[-90.48,20.19877],[-90.48001,20.19871],[-90.47977,20.19829],[-90.47961,20.19809],[-90.47941,20.19772],[-90.47943,20.1977],[-90.47945,20.19762],[-90.47941,20.19753],[-90.47933,20.19748],[-90.47927,20.19746],[-90.47926,20.19742],[-90.47922,20.19718],[-90.47924,20.19712],[-90.47921,20.1971],[-90.47919,20.19701],[-90.47915,20.19664],[-90.47915,20.19663],[-90.47917,20.19655],[-90.47917,20.19655],[-90.47917,20.19651],[-90.47916,20.1965],[-90.47915,20.19647],[-90.47915,20.19644],[-90.47923,20.19622],[-90.47924,20.19622],[-90.47925,20.19616],[-90.47936,20.19612],[-90.47941,20.19607],[-90.47939,20.19603],[-90.47932,20.19603],[-90.47927,20.19603],[-90.47929,20.19595],[-90.4792,20.19574],[-90.47921,20.1957],[-90.47918,20.19563],[-90.47916,20.19563],[-90.47914,20.19558],[-90.47896,20.19532],[-90.4789,20.19526],[-90.47878,20.1952],[-90.47874,20.19494],[-90.47874,20.19494],[-90.47882,20.19491],[-90.47888,20.19484],[-90.47892,20.19477],[-90.47888,20.19466],[-90.47893,20.19459],[-90.47897,20.19453],[-90.47902,20.19448],[-90.47912,20.19446],[-90.47915,20.19439],[-90.47914,20.19432],[-90.47909,20.1943],[-90.47909,20.19425],[-90.4791,20.1942],[-90.47905,20.19417],[-90.47896,20.19413],[-90.47896,20.19413],[-90.47893,20.19401],[-90.47869,20.19376],[-90.47869,20.19375],[-90.47867,20.19374],[-90.47852,20.19356],[-90.47838,20.19333],[-90.47838,20.19327],[-90.47838,20.19324],[-90.47837,20.19316],[-90.47836,20.19315],[-90.47834,20.19299],[-90.4784,20.19289],[-90.47844,20.19288],[-90.47847,20.19284],[-90.47847,20.19283],[-90.47849,20.1928],[-90.47847,20.19266],[-90.47824,20.19234],[-90.47817,20.19232],[-90.47809,20.19231],[-90.47802,20.19232],[-90.47794,20.19223],[-90.47795,20.19223],[-90.47794,20.1922],[-90.47792,20.19205],[-90.47787,20.19171],[-90.4779,20.19171],[-90.47794,20.19166],[-90.47797,20.19156],[-90.47793,20.19147],[-90.47791,20.19144],[-90.47788,20.19141],[-90.47792,20.19136],[-90.47793,20.19135],[-90.47793,20.19133],[-90.47797,20.19119],[-90.47806,20.191],[-90.4781,20.19096],[-90.4782,20.19092],[-90.47821,20.19087],[-90.47819,20.19081],[-90.47824,20.19077],[-90.47833,20.19068],[-90.47835,20.19059],[-90.47838,20.1905],[-90.47836,20.19042],[-90.47843,20.19036],[-90.47848,20.19031],[-90.47855,20.19032],[-90.47859,20.1903],[-90.47863,20.19026],[-90.47863,20.1902],[-90.47868,20.19014],[-90.47871,20.1901],[-90.47885,20.19004],[-90.47888,20.19004],[-90.47896,20.18999],[-90.47909,20.18996],[-90.47909,20.18986],[-90.47903,20.18983],[-90.47903,20.18982],[-90.47908,20.18974],[-90.47934,20.18931],[-90.47935,20.18931],[-90.47942,20.18931],[-90.47947,20.18927],[-90.47947,20.18922],[-90.47939,20.18919],[-90.47934,20.18912],[-90.47932,20.18906],[-90.47928,20.18903],[-90.47928,20.18903],[-90.47927,20.18899],[-90.47918,20.18887],[-90.47918,20.18884],[-90.47913,20.18881],[-90.47908,20.18878],[-90.47908,20.18875],[-90.47908,20.18869],[-90.47903,20.18868],[-90.47897,20.1886],[-90.47897,20.18858],[-90.47898,20.1883],[-90.47902,20.18819],[-90.47903,20.18818],[-90.47906,20.18817],[-90.47909,20.18814],[-90.47911,20.18805],[-90.47911,20.18803],[-90.47915,20.18797],[-90.47928,20.18777],[-90.47927,20.18776],[-90.47928,20.18776],[-90.4793,20.1877],[-90.47929,20.18766],[-90.47923,20.18763],[-90.47922,20.18756],[-90.47926,20.18753],[-90.47922,20.18745],[-90.47921,20.18743],[-90.4792,20.18739],[-90.47915,20.18733],[-90.47904,20.18733],[-90.47901,20.18732],[-90.479,20.18731],[-90.47852,20.18693],[-90.47851,20.18693],[-90.47853,20.18689],[-90.47854,20.18678],[-90.47854,20.18678],[-90.47852,20.18671],[-90.47849,20.18673],[-90.47846,20.18674],[-90.47843,20.18676],[-90.47835,20.18673],[-90.47832,20.18669],[-90.4783,20.18668],[-90.47828,20.18668],[-90.47806,20.18646],[-90.47803,20.18641],[-90.478,20.18632],[-90.47794,20.18617],[-90.47782,20.18605],[-90.4776,20.18571],[-90.47754,20.1856],[-90.47749,20.18559],[-90.47745,20.18558],[-90.47748,20.18557],[-90.47754,20.18555],[-90.47754,20.1855],[-90.47749,20.18541],[-90.47749,20.18526],[-90.47749,20.18526],[-90.47743,20.18521],[-90.4775,20.18519],[-90.47751,20.18519],[-90.47753,20.18514],[-90.47757,20.18504],[-90.47755,20.18497],[-90.47754,20.18493],[-90.47756,20.18493],[-90.47761,20.18491],[-90.47763,20.18485],[-90.47763,20.18476],[-90.47764,20.18465],[-90.47761,20.18464],[-90.47762,20.18461],[-90.47757,20.18456],[-90.47757,20.1845],[-90.47749,20.18447],[-90.47747,20.18444],[-90.47744,20.18426],[-90.47745,20.18425],[-90.47751,20.18411],[-90.47761,20.18399],[-90.47773,20.18395],[-90.47775,20.18392],[-90.47782,20.18384],[-90.47794,20.18373],[-90.47802,20.18358],[-90.47808,20.18345],[-90.47809,20.18343],[-90.47815,20.18336],[-90.4782,20.1833],[-90.47818,20.1832],[-90.4782,20.18306],[-90.4782,20.1829],[-90.47834,20.18279],[-90.4784,20.18275],[-90.47843,20.18267],[-90.47841,20.18257],[-90.47839,20.18254],[-90.47849,20.18243],[-90.4785,20.18238],[-90.47851,20.18231],[-90.47859,20.18222],[-90.47861,20.1822],[-90.47871,20.1821],[-90.47882,20.18207],[-90.47883,20.18194],[-90.47882,20.18182],[-90.47882,20.18182],[-90.47883,20.18181],[-90.47893,20.18173],[-90.47914,20.18163],[-90.47923,20.18165],[-90.47925,20.18166],[-90.47926,20.18169],[-90.47927,20.18175],[-90.47933,20.18175],[-90.47936,20.18175],[-90.47944,20.18168],[-90.47949,20.18165],[-90.47953,20.18158],[-90.47958,20.18151],[-90.47959,20.18141],[-90.47959,20.18139],[-90.47964,20.18101],[-90.47964,20.18096],[-90.47964,20.18092],[-90.47964,20.18088],[-90.47952,20.18066],[-90.47933,20.18053],[-90.47903,20.18029],[-90.4788,20.18011],[-90.47857,20.17987],[-90.47853,20.17982],[-90.47857,20.17975],[-90.47863,20.1797],[-90.47864,20.1797],[-90.47865,20.17973],[-90.47869,20.17982],[-90.47873,20.17992],[-90.47879,20.17992],[-90.47899,20.18014],[-90.47905,20.18018],[-90.47907,20.1802],[-90.47914,20.18024],[-90.47917,20.18023],[-90.4795,20.18023],[-90.47951,20.18025],[-90.47958,20.18029],[-90.4796,20.18029],[-90.47966,20.18027],[-90.47965,20.18023],[-90.47964,20.18019],[-90.4796,20.18012],[-90.47958,20.18012],[-90.47961,20.18008],[-90.47968,20.17985],[-90.4797,20.17984],[-90.47971,20.1798],[-90.47973,20.17975],[-90.47972,20.17972],[-90.47973,20.17967],[-90.47967,20.17914],[-90.47965,20.1791],[-90.47965,20.17907],[-90.47962,20.17902],[-90.47961,20.17897],[-90.47955,20.17895],[-90.47949,20.17885],[-90.47929,20.17868],[-90.4792,20.17853],[-90.47913,20.17838],[-90.47898,20.17786],[-90.47898,20.17775],[-90.47901,20.17775],[-90.47903,20.17768],[-90.47907,20.17763],[-90.47905,20.17755],[-90.47903,20.17749],[-90.47903,20.17749],[-90.47903,20.17741],[-90.47909,20.17728],[-90.47912,20.17722],[-90.47916,20.17715],[-90.47924,20.177],[-90.47928,20.17695],[-90.47933,20.17688],[-90.47933,20.17688],[-90.47938,20.17681],[-90.47945,20.17675],[-90.47953,20.17675],[-90.47957,20.17675],[-90.47962,20.17679],[-90.47969,20.17679],[-90.47973,20.17679],[-90.4798,20.17679],[-90.47985,20.17675],[-90.47992,20.17665],[-90.47993,20.17662],[-90.47993,20.17662],[-90.48009,20.17623],[-90.4801,20.17623],[-90.4801,20.17621],[-90.48009,20.17618],[-90.48009,20.17616],[-90.4801,20.17614],[-90.48011,20.17611],[-90.48014,20.17606],[-90.48012,20.17602],[-90.48012,20.17598],[-90.48,20.17543],[-90.47999,20.17542],[-90.47999,20.17541],[-90.47998,20.17536],[-90.47997,20.17531],[-90.47991,20.17524],[-90.47986,20.17523],[-90.47982,20.17518],[-90.47975,20.17484],[-90.47976,20.17481],[-90.47973,20.17475],[-90.4797,20.17459],[-90.47968,20.17431],[-90.47968,20.17431],[-90.47968,20.17415],[-90.47966,20.1741],[-90.47966,20.17398],[-90.47966,20.17378],[-90.47976,20.17356],[-90.47983,20.17343],[-90.47984,20.17342],[-90.47995,20.17338],[-90.47999,20.17335],[-90.48,20.17331],[-90.48001,20.17327],[-90.48009,20.17325],[-90.48011,20.17326],[-90.48013,20.17326],[-90.48018,20.17326],[-90.48023,20.17325],[-90.48032,20.17324],[-90.48037,20.17323],[-90.48041,20.17326],[-90.48049,20.17323],[-90.48053,20.17312],[-90.48053,20.17312],[-90.48058,20.1731],[-90.48103,20.17295],[-90.48106,20.17295],[-90.48109,20.17296],[-90.48111,20.17296],[-90.48118,20.17298],[-90.48122,20.17297],[-90.48125,20.17292],[-90.48126,20.1729],[-90.48133,20.17283],[-90.48133,20.17283],[-90.48135,20.17282],[-90.48147,20.17275],[-90.48158,20.17268],[-90.48162,20.17266],[-90.48162,20.17266],[-90.48161,20.1726],[-90.48165,20.17258],[-90.48171,20.17259],[-90.48172,20.1726],[-90.48175,20.17258],[-90.48175,20.17256],[-90.48174,20.17254],[-90.48179,20.1725],[-90.4818,20.17251],[-90.48185,20.17253],[-90.48194,20.17242],[-90.48203,20.17233],[-90.48208,20.17238],[-90.48213,20.17242],[-90.48219,20.1724],[-90.48236,20.17237],[-90.48245,20.17236],[-90.48252,20.17235],[-90.48268,20.17229],[-90.48269,20.17228],[-90.4827,20.17227],[-90.48275,20.1722],[-90.48282,20.17215],[-90.48283,20.17215],[-90.48285,20.17204],[-90.48291,20.1719],[-90.483,20.17184],[-90.48307,20.17179],[-90.48318,20.17171],[-90.4832,20.1717],[-90.48324,20.17168],[-90.48334,20.17164],[-90.48356,20.17156],[-90.4837,20.17145],[-90.4837,20.17145],[-90.48376,20.17137],[-90.48389,20.17129],[-90.48411,20.17124],[-90.48434,20.17116],[-90.48451,20.1711],[-90.48454,20.17109],[-90.48455,20.17108],[-90.4846,20.17104],[-90.48483,20.17097],[-90.48485,20.17096],[-90.48496,20.17093],[-90.48506,20.1709],[-90.48525,20.17082],[-90.48549,20.17076],[-90.48566,20.17073],[-90.48572,20.17072],[-90.48576,20.1707],[-90.48591,20.17063],[-90.4861,20.17058],[-90.48633,20.1705],[-90.4865,20.17045],[-90.48664,20.17044],[-90.48684,20.17044],[-90.48697,20.17042],[-90.48705,20.17041],[-90.48711,20.1704],[-90.48712,20.1704],[-90.48722,20.1704],[-90.48724,20.1704],[-90.48733,20.17042],[-90.48737,20.1704],[-90.48746,20.17037],[-90.48763,20.17029],[-90.48776,20.17028],[-90.48797,20.17021],[-90.48828,20.1701],[-90.4883,20.17009],[-90.48846,20.16999],[-90.48849,20.16996],[-90.48868,20.16977],[-90.48876,20.16961],[-90.48886,20.16951],[-90.48898,20.16936],[-90.48901,20.16931],[-90.48903,20.16926],[-90.48904,20.16922],[-90.48907,20.16917],[-90.48908,20.16917],[-90.4891,20.16917],[-90.48911,20.16917],[-90.48921,20.16916],[-90.48923,20.16916],[-90.48929,20.16908],[-90.4893,20.16907],[-90.48931,20.16903],[-90.48934,20.169],[-90.4894,20.16889],[-90.4894,20.16882],[-90.48939,20.16878],[-90.48939,20.16875],[-90.48946,20.16856],[-90.48952,20.16846],[-90.48957,20.16836],[-90.48961,20.16834],[-90.48971,20.16829],[-90.48975,20.16821],[-90.48979,20.16817],[-90.4898,20.16806],[-90.48985,20.16793],[-90.48991,20.16775],[-90.49,20.16766],[-90.49004,20.16763],[-90.49012,20.16746],[-90.49022,20.16732],[-90.49034,20.1672],[-90.49048,20.16712],[-90.49056,20.1671],[-90.49063,20.16702],[-90.4907,20.16692],[-90.49073,20.16687],[-90.49073,20.16686],[-90.49078,20.16675],[-90.49088,20.16665],[-90.491,20.16654],[-90.49107,20.16638],[-90.49119,20.16626],[-90.49123,20.16622],[-90.49123,20.16619],[-90.49125,20.16613],[-90.49132,20.16609],[-90.49137,20.16606],[-90.4914,20.16599],[-90.49141,20.16596],[-90.49144,20.16594],[-90.49146,20.16593],[-90.4915,20.1659],[-90.49154,20.16588],[-90.49158,20.1658],[-90.49165,20.16576],[-90.49171,20.16565],[-90.49181,20.16558],[-90.49187,20.16548],[-90.49193,20.1654],[-90.49201,20.16538],[-90.49204,20.16527],[-90.49211,20.16522],[-90.49215,20.16512],[-90.49222,20.16505],[-90.49225,20.16502],[-90.49226,20.16498],[-90.49226,20.16497],[-90.49226,20.16497],[-90.49228,20.16495],[-90.49232,20.16492],[-90.49235,20.16489],[-90.49236,20.16489],[-90.4926,20.16466],[-90.49268,20.16462],[-90.49273,20.16462],[-90.49274,20.16458],[-90.49275,20.16457],[-90.49278,20.16456],[-90.49279,20.16456],[-90.49279,20.16456],[-90.49278,20.16454],[-90.49277,20.16451],[-90.49282,20.16451],[-90.49286,20.16448],[-90.49286,20.16448],[-90.4929,20.1645],[-90.49292,20.16451],[-90.49298,20.16446],[-90.49299,20.16445],[-90.49298,20.16439],[-90.49298,20.16436],[-90.49308,20.16431],[-90.49308,20.16431],[-90.49308,20.16431],[-90.49308,20.16428],[-90.4931,20.16425],[-90.49323,20.16411],[-90.49325,20.16399],[-90.4933,20.16391],[-90.49338,20.16385],[-90.49345,20.16383],[-90.49348,20.16382],[-90.49351,20.16378],[-90.49356,20.16376],[-90.49361,20.16367],[-90.49371,20.16366],[-90.49377,20.1636],[-90.49382,20.16354],[-90.49385,20.16343],[-90.49385,20.16342],[-90.49387,20.16334],[-90.49392,20.16327],[-90.49393,20.16325],[-90.49393,20.16324],[-90.49393,20.16317],[-90.49387,20.16311],[-90.49388,20.16309],[-90.49385,20.163],[-90.49387,20.16292],[-90.49388,20.16281],[-90.49392,20.16284],[-90.49399,20.16285],[-90.49401,20.16285],[-90.49404,20.16282],[-90.49407,20.16275],[-90.49415,20.16265],[-90.49417,20.16264],[-90.49417,20.16263],[-90.4942,20.16253],[-90.49423,20.16241],[-90.49425,20.16231],[-90.4943,20.16222],[-90.49439,20.162],[-90.49459,20.16188],[-90.49478,20.16173],[-90.49484,20.1616],[-90.49489,20.16146],[-90.49492,20.16135],[-90.49496,20.1611],[-90.49498,20.16096],[-90.49498,20.16082],[-90.49503,20.16071],[-90.49506,20.16058],[-90.49508,20.16034],[-90.49508,20.16032],[-90.49515,20.1601],[-90.49514,20.15998],[-90.4951,20.15993],[-90.49514,20.15975],[-90.49514,20.15974],[-90.49513,20.15968],[-90.49513,20.15968],[-90.49507,20.15963],[-90.49505,20.15946],[-90.49505,20.15944],[-90.49503,20.15941],[-90.49498,20.15932],[-90.49499,20.15932],[-90.49499,20.1592],[-90.49499,20.1591],[-90.49499,20.15909],[-90.49486,20.15894],[-90.49487,20.15883],[-90.49487,20.15879],[-90.49489,20.15869],[-90.49487,20.15857],[-90.49485,20.1584],[-90.49484,20.1583],[-90.49484,20.15829],[-90.4948,20.15826],[-90.4948,20.15825],[-90.4948,20.1581],[-90.49481,20.15807],[-90.49484,20.15798],[-90.49485,20.15795],[-90.49489,20.15792],[-90.49489,20.15787],[-90.49486,20.15781],[-90.49484,20.15777],[-90.49486,20.1577],[-90.49488,20.15762],[-90.49488,20.1576],[-90.49487,20.15749],[-90.49485,20.15727],[-90.49487,20.15719],[-90.49485,20.15714],[-90.49484,20.15711],[-90.49484,20.15704],[-90.49486,20.15699],[-90.49491,20.1569],[-90.49487,20.15683],[-90.49485,20.15679],[-90.49476,20.15676],[-90.49474,20.15675],[-90.49475,20.15671],[-90.49477,20.15663],[-90.49473,20.15653],[-90.49472,20.15653],[-90.49461,20.15648],[-90.49457,20.15641],[-90.49457,20.15641],[-90.49449,20.15629],[-90.4944,20.15632],[-90.49433,20.15631],[-90.49428,20.15629],[-90.49418,20.15633],[-90.49416,20.15628],[-90.49414,20.15624],[-90.49415,20.15615],[-90.49415,20.15613],[-90.49414,20.15603],[-90.49412,20.15597],[-90.49413,20.15586],[-90.49413,20.15584],[-90.49413,20.15574],[-90.49409,20.1557],[-90.49409,20.15569],[-90.49404,20.15565],[-90.49401,20.15555],[-90.49397,20.15548],[-90.49403,20.15541],[-90.49401,20.15529],[-90.49396,20.15523],[-90.49399,20.15515],[-90.49397,20.15505],[-90.49385,20.15498],[-90.49386,20.15496],[-90.49388,20.1549],[-90.49396,20.15476],[-90.49396,20.15464],[-90.49401,20.1545],[-90.49397,20.15435],[-90.49394,20.15423],[-90.49394,20.15408],[-90.49385,20.15398],[-90.49382,20.15397],[-90.49376,20.15388],[-90.49376,20.15388],[-90.49376,20.15388],[-90.49376,20.15377],[-90.49378,20.15366],[-90.49378,20.15358],[-90.49378,20.15357],[-90.49378,20.15356],[-90.49373,20.15349],[-90.49366,20.15344],[-90.49367,20.15337],[-90.49372,20.15329],[-90.49371,20.15325],[-90.49371,20.15315],[-90.4937,20.15295],[-90.49368,20.15287],[-90.49362,20.15278],[-90.49361,20.1527],[-90.49355,20.1526],[-90.49349,20.15258],[-90.49341,20.15238],[-90.49336,20.15222],[-90.49327,20.1521],[-90.49316,20.15203],[-90.49314,20.15193],[-90.49311,20.15183],[-90.49299,20.15176],[-90.49281,20.15169],[-90.49277,20.15162],[-90.49262,20.15152],[-90.4926,20.15139],[-90.49261,20.15133],[-90.49263,20.15127],[-90.49263,20.15119],[-90.4926,20.15113],[-90.49258,20.15107],[-90.49253,20.15104],[-90.49259,20.15097],[-90.4926,20.15095],[-90.49261,20.15093],[-90.49261,20.15085],[-90.49262,20.15076],[-90.4926,20.15074],[-90.49258,20.15062],[-90.49251,20.15035],[-90.49238,20.15002],[-90.49223,20.14977],[-90.4922,20.14962],[-90.49217,20.14939],[-90.49216,20.14905],[-90.49213,20.14895],[-90.49206,20.14886],[-90.49169,20.14873],[-90.49161,20.14872],[-90.49156,20.14871],[-90.4915,20.14868],[-90.49139,20.14859],[-90.49132,20.14845],[-90.49126,20.1481],[-90.49124,20.14797],[-90.49121,20.1478],[-90.49123,20.14762],[-90.49122,20.14754],[-90.49122,20.14751],[-90.49121,20.14751],[-90.49117,20.14746],[-90.49116,20.14744],[-90.49108,20.14735],[-90.49108,20.14731],[-90.49109,20.14727],[-90.49104,20.14716],[-90.491,20.14715],[-90.49092,20.1471],[-90.49093,20.14701],[-90.49098,20.14693],[-90.49101,20.14689],[-90.49102,20.14674],[-90.49102,20.14668],[-90.49097,20.14664],[-90.49094,20.1466],[-90.49092,20.14657],[-90.49092,20.14649],[-90.49092,20.14648],[-90.49088,20.14638],[-90.49088,20.14632],[-90.49089,20.14626],[-90.4909,20.14623],[-90.49088,20.1462],[-90.49086,20.14617],[-90.49077,20.1461],[-90.49076,20.14609],[-90.4907,20.14605],[-90.49072,20.14602],[-90.49076,20.14598],[-90.49073,20.1458],[-90.49064,20.14575],[-90.4906,20.1457],[-90.49057,20.14567],[-90.49057,20.14558],[-90.49057,20.14557],[-90.49059,20.14544],[-90.49056,20.14535],[-90.49052,20.1453],[-90.49049,20.14526],[-90.4905,20.14519],[-90.49051,20.14518],[-90.49051,20.14516],[-90.49049,20.1451],[-90.49047,20.14503],[-90.49043,20.14502],[-90.49036,20.145],[-90.49033,20.14492],[-90.49028,20.1449],[-90.49021,20.14485],[-90.49023,20.14477],[-90.49023,20.14469],[-90.49014,20.14462],[-90.49012,20.14453],[-90.49007,20.14445],[-90.49004,20.14441],[-90.49001,20.14436],[-90.48994,20.14425],[-90.48991,20.14414],[-90.48988,20.14411],[-90.48985,20.14408],[-90.48982,20.14408],[-90.48979,20.14408],[-90.48976,20.14408],[-90.48973,20.14408],[-90.48967,20.14411],[-90.48964,20.14412],[-90.4896,20.14415],[-90.48959,20.14416],[-90.48953,20.1442],[-90.4895,20.14423],[-90.48947,20.14425],[-90.48939,20.14426],[-90.48933,20.14423],[-90.48933,20.14418],[-90.48933,20.14415],[-90.48933,20.14413],[-90.48926,20.14409],[-90.48919,20.14408],[-90.48909,20.14406],[-90.48903,20.14406],[-90.489,20.14416],[-90.48898,20.14419],[-90.48895,20.14423],[-90.48894,20.14431],[-90.48893,20.14435],[-90.48894,20.14439],[-90.48895,20.14443],[-90.48894,20.14449],[-90.48885,20.14454],[-90.4888,20.1445],[-90.48876,20.14438],[-90.48874,20.14424],[-90.48875,20.14419],[-90.4888,20.14403],[-90.48891,20.14389],[-90.48896,20.1438],[-90.489,20.14374],[-90.48901,20.1437],[-90.48896,20.14365],[-90.48896,20.14361],[-90.48895,20.14357],[-90.48893,20.14353],[-90.48893,20.14348],[-90.48893,20.14347],[-90.4889,20.14345],[-90.48886,20.14341],[-90.48887,20.14338],[-90.4889,20.14338],[-90.48893,20.14338],[-90.48893,20.14333],[-90.48892,20.14331],[-90.48888,20.14326],[-90.48891,20.1432],[-90.48888,20.14311],[-90.48883,20.14301],[-90.48877,20.14294],[-90.48882,20.14285],[-90.48885,20.14275],[-90.48886,20.14261],[-90.48884,20.14247],[-90.48883,20.14243],[-90.48881,20.14236],[-90.48874,20.14222],[-90.48875,20.14217],[-90.48877,20.14211],[-90.48874,20.14199],[-90.48873,20.14192],[-90.48871,20.14187],[-90.48867,20.14179],[-90.48863,20.14174],[-90.48856,20.14168],[-90.4885,20.14163],[-90.4885,20.14154],[-90.48842,20.14149],[-90.4884,20.14139],[-90.48832,20.14141],[-90.48828,20.14137],[-90.48828,20.14131],[-90.48835,20.14121],[-90.48835,20.14115],[-90.48833,20.14109],[-90.48832,20.14102],[-90.48828,20.14094],[-90.48833,20.14086],[-90.48829,20.14083],[-90.48829,20.14083],[-90.48825,20.14079],[-90.48825,20.14073],[-90.48834,20.14071],[-90.48834,20.14069],[-90.48843,20.14064],[-90.48841,20.14061],[-90.48842,20.14055],[-90.48849,20.1405],[-90.48848,20.14046],[-90.48851,20.14042],[-90.48854,20.14039],[-90.4886,20.14033],[-90.48864,20.14023],[-90.48862,20.14017],[-90.48861,20.1401],[-90.48862,20.13995],[-90.48862,20.13982],[-90.48857,20.13965],[-90.48857,20.13957],[-90.48854,20.13949],[-90.48848,20.13941],[-90.48834,20.13928],[-90.48827,20.13916],[-90.4882,20.13901],[-90.48819,20.13892],[-90.48818,20.13879],[-90.48822,20.13868],[-90.48821,20.13862],[-90.4882,20.13858],[-90.48821,20.13852],[-90.48814,20.13845],[-90.48814,20.13841],[-90.48816,20.13837],[-90.48812,20.13828],[-90.48805,20.13823],[-90.48799,20.13814],[-90.4879,20.13814],[-90.48779,20.13813],[-90.48768,20.13811],[-90.48768,20.13811],[-90.48758,20.13807],[-90.48755,20.13797],[-90.48759,20.13796],[-90.48761,20.138],[-90.48764,20.13803],[-90.4877,20.13798],[-90.48781,20.13797],[-90.48787,20.13788],[-90.48787,20.13788],[-90.48789,20.13776],[-90.48792,20.13772],[-90.48793,20.13769],[-90.48796,20.13761],[-90.48795,20.13749],[-90.4879,20.13743],[-90.48788,20.1374],[-90.48784,20.13729],[-90.4878,20.1372],[-90.48775,20.13706],[-90.48775,20.13694],[-90.48773,20.13682],[-90.4877,20.1368],[-90.4877,20.13672],[-90.48766,20.13666],[-90.48765,20.1366],[-90.48773,20.13651],[-90.48771,20.13641],[-90.48768,20.13633],[-90.48768,20.13623],[-90.48761,20.13622],[-90.48759,20.13618],[-90.48761,20.1361],[-90.48759,20.13607],[-90.48751,20.13597],[-90.48746,20.13591],[-90.48744,20.13585],[-90.48739,20.13582],[-90.48749,20.13579],[-90.48745,20.13573],[-90.48745,20.13566],[-90.48745,20.13565],[-90.48741,20.13558],[-90.48734,20.13553],[-90.48729,20.13553],[-90.48725,20.13547],[-90.48716,20.13543],[-90.48715,20.13542],[-90.48705,20.13538],[-90.48701,20.13533],[-90.48698,20.13528],[-90.48696,20.13524],[-90.48689,20.1352],[-90.48689,20.13519],[-90.48688,20.13519],[-90.48686,20.13518],[-90.48682,20.13517],[-90.4868,20.13515],[-90.48678,20.13513],[-90.48678,20.13514],[-90.48673,20.13514],[-90.48661,20.13506],[-90.48647,20.135],[-90.48639,20.13492],[-90.48632,20.13482],[-90.48629,20.13478],[-90.48626,20.13474],[-90.4862,20.13467],[-90.48612,20.13455],[-90.48603,20.13439],[-90.48598,20.13421],[-90.48596,20.13412],[-90.48601,20.13403],[-90.48594,20.134],[-90.48598,20.13395],[-90.48598,20.13389],[-90.48594,20.13386],[-90.48594,20.1338],[-90.48592,20.13367],[-90.48587,20.13363],[-90.48586,20.13363],[-90.48579,20.13358],[-90.48569,20.13355],[-90.48561,20.13357],[-90.48556,20.13354],[-90.48559,20.13343],[-90.48556,20.13336],[-90.48552,20.13328],[-90.48549,20.13321],[-90.48545,20.13315],[-90.48537,20.13309],[-90.48533,20.13302],[-90.48533,20.13301],[-90.48527,20.13293],[-90.48518,20.13287],[-90.48515,20.13286],[-90.48504,20.13283],[-90.48508,20.13276],[-90.48509,20.13276],[-90.48508,20.13276],[-90.48505,20.13275],[-90.48504,20.13269],[-90.48496,20.13259],[-90.48494,20.13253],[-90.48491,20.13242],[-90.48489,20.13225],[-90.48487,20.13215],[-90.48487,20.13205],[-90.48478,20.13201],[-90.48479,20.13194],[-90.48479,20.13185],[-90.48474,20.13183],[-90.48475,20.13175],[-90.48473,20.13171],[-90.48474,20.13167],[-90.48478,20.13162],[-90.48479,20.13158],[-90.4848,20.13154],[-90.48478,20.13147],[-90.48477,20.13143],[-90.48476,20.13141],[-90.4848,20.1313],[-90.48478,20.13122],[-90.4847,20.13113],[-90.48467,20.13113],[-90.48468,20.13107],[-90.48463,20.13103],[-90.48459,20.13091],[-90.48458,20.13084],[-90.48456,20.13082],[-90.48457,20.1308],[-90.48459,20.13076],[-90.48458,20.13072],[-90.48457,20.13069],[-90.48456,20.13061],[-90.48448,20.13054],[-90.48438,20.13051],[-90.48438,20.13051],[-90.48429,20.13053],[-90.48425,20.13054],[-90.48421,20.13048],[-90.48413,20.13041],[-90.48408,20.1304],[-90.48401,20.13043],[-90.48397,20.13038],[-90.48389,20.13032],[-90.48379,20.13023],[-90.48374,20.13019],[-90.48373,20.13011],[-90.48373,20.1301],[-90.48373,20.13008],[-90.48374,20.12995],[-90.48364,20.12979],[-90.48343,20.12963],[-90.48329,20.12963],[-90.4832,20.12963],[-90.48319,20.12962],[-90.48313,20.12951],[-90.48308,20.12939],[-90.48299,20.129],[-90.48298,20.12889],[-90.48298,20.12888],[-90.48298,20.12888],[-90.48293,20.12877],[-90.48294,20.12869],[-90.48284,20.12864],[-90.4829,20.12857],[-90.48293,20.12853],[-90.48293,20.12844],[-90.48294,20.12842],[-90.48298,20.12834],[-90.48292,20.12831],[-90.48289,20.12827],[-90.48288,20.12827],[-90.48288,20.12826],[-90.48286,20.12819],[-90.48285,20.12818],[-90.48283,20.12816],[-90.48279,20.12811],[-90.48272,20.12809],[-90.48265,20.12805],[-90.48266,20.12799],[-90.48263,20.12792],[-90.48267,20.12782],[-90.48267,20.12782],[-90.48269,20.12778],[-90.48262,20.12774],[-90.48255,20.12768],[-90.48253,20.12766],[-90.48242,20.12762],[-90.48235,20.1276],[-90.4823,20.12757],[-90.48229,20.1275],[-90.48224,20.12742],[-90.48222,20.1273],[-90.48222,20.12721],[-90.48226,20.12712],[-90.48233,20.12694],[-90.48233,20.12683],[-90.48228,20.12679],[-90.48233,20.12672],[-90.4823,20.12665],[-90.48222,20.12658],[-90.48216,20.12653],[-90.48208,20.12647],[-90.48208,20.12638],[-90.48205,20.12634],[-90.48204,20.12632],[-90.48197,20.12621],[-90.48191,20.12622],[-90.4819,20.12622],[-90.4818,20.12619],[-90.48173,20.12605],[-90.48183,20.12598],[-90.4818,20.1259],[-90.4819,20.12584],[-90.48193,20.1257],[-90.48193,20.12569],[-90.48195,20.12568],[-90.48198,20.12565],[-90.48198,20.1256],[-90.48199,20.1255],[-90.48196,20.12543],[-90.48196,20.12541],[-90.48196,20.12539],[-90.48196,20.12534],[-90.48195,20.12533],[-90.48194,20.12531],[-90.48193,20.12531],[-90.48193,20.12529],[-90.48194,20.12527],[-90.48193,20.12522],[-90.48192,20.12521],[-90.48187,20.12515],[-90.48187,20.12505],[-90.48187,20.12499],[-90.4818,20.12496],[-90.48172,20.12494],[-90.48172,20.12488],[-90.48176,20.12486],[-90.48182,20.12481],[-90.48181,20.12475],[-90.48175,20.12473],[-90.48175,20.12468],[-90.48178,20.12464],[-90.48185,20.12463],[-90.48186,20.1246],[-90.48192,20.12459],[-90.48193,20.12458],[-90.48195,20.12457],[-90.48195,20.12456],[-90.48196,20.12448],[-90.48192,20.12445],[-90.48191,20.12444],[-90.48189,20.12438],[-90.48181,20.12436],[-90.48177,20.12434],[-90.48168,20.12431],[-90.48157,20.12426],[-90.48148,20.12416],[-90.48146,20.124],[-90.4815,20.12388],[-90.48156,20.12388],[-90.48158,20.12393],[-90.48164,20.12401],[-90.48171,20.12409],[-90.4818,20.1241],[-90.48185,20.12406],[-90.48187,20.12397],[-90.48188,20.12391],[-90.48181,20.12386],[-90.48185,20.12378],[-90.48186,20.12367],[-90.4819,20.12359],[-90.48189,20.12348],[-90.48188,20.12339],[-90.48188,20.12336],[-90.48182,20.12326],[-90.48181,20.12326],[-90.48174,20.12324],[-90.48166,20.12318],[-90.48166,20.1231],[-90.48163,20.12303],[-90.48163,20.12301],[-90.48163,20.123],[-90.48158,20.12288],[-90.48154,20.12275],[-90.48149,20.12268],[-90.48148,20.12267],[-90.48147,20.12266],[-90.48142,20.12265],[-90.48142,20.12255],[-90.48142,20.1225],[-90.48142,20.12247],[-90.48141,20.12247],[-90.4814,20.12247],[-90.48137,20.12247],[-90.48135,20.12243],[-90.48132,20.12235],[-90.48133,20.12227],[-90.48137,20.12222],[-90.48136,20.12217],[-90.48136,20.12202],[-90.48133,20.12189],[-90.48134,20.12181],[-90.48134,20.12172],[-90.4814,20.12163],[-90.48139,20.12155],[-90.48134,20.12148],[-90.48138,20.12144],[-90.4814,20.12136],[-90.48142,20.12131],[-90.48141,20.12124],[-90.48141,20.12117],[-90.48142,20.12106],[-90.48141,20.12097],[-90.48133,20.12089],[-90.48131,20.1208],[-90.48133,20.12076],[-90.48138,20.12066],[-90.48139,20.1206],[-90.48133,20.12053],[-90.48126,20.12054],[-90.48126,20.12049],[-90.48129,20.12046],[-90.48129,20.1204],[-90.48128,20.12037],[-90.48127,20.12033],[-90.48125,20.12032],[-90.48121,20.12031],[-90.48114,20.12032],[-90.48109,20.12037],[-90.48106,20.12034],[-90.48109,20.12028],[-90.48109,20.12022],[-90.48105,20.12006],[-90.4811,20.11998],[-90.4811,20.11991],[-90.48108,20.11986],[-90.48113,20.11979],[-90.48112,20.11976],[-90.48108,20.1197],[-90.48113,20.1196],[-90.48115,20.11958],[-90.48116,20.11958],[-90.48118,20.11957],[-90.48116,20.11952],[-90.48115,20.1195],[-90.48116,20.11948],[-90.4812,20.1194],[-90.48116,20.11931],[-90.48115,20.11931],[-90.48111,20.11929],[-90.48108,20.11926],[-90.481,20.11912],[-90.48098,20.11897],[-90.48103,20.11886],[-90.48108,20.1188],[-90.48113,20.11881],[-90.48117,20.11882],[-90.48118,20.11879],[-90.48119,20.11875],[-90.48118,20.11873],[-90.48115,20.1187],[-90.48112,20.11863],[-90.48115,20.11855],[-90.48111,20.1185],[-90.48099,20.11854],[-90.48097,20.1185],[-90.48099,20.11847],[-90.48109,20.11842],[-90.48114,20.1183],[-90.48118,20.11828],[-90.48117,20.11819],[-90.4811,20.1182],[-90.48109,20.11816],[-90.48112,20.11812],[-90.48111,20.11806],[-90.48109,20.11804],[-90.48109,20.11801],[-90.48112,20.11801],[-90.4812,20.11801],[-90.4812,20.11801],[-90.4812,20.1179],[-90.48116,20.11789],[-90.48112,20.11787],[-90.48102,20.11784],[-90.48096,20.11778],[-90.48092,20.11769],[-90.48094,20.11766],[-90.48099,20.11767],[-90.48103,20.11768],[-90.48107,20.11765],[-90.48105,20.11762],[-90.48101,20.11759],[-90.48095,20.11752],[-90.48094,20.11746],[-90.48094,20.11744],[-90.48095,20.11741],[-90.48095,20.11733],[-90.48095,20.1173],[-90.48096,20.11729],[-90.48098,20.11723],[-90.48097,20.11715],[-90.48093,20.11708],[-90.48091,20.11703],[-90.48089,20.11697],[-90.48084,20.11693],[-90.48083,20.11692],[-90.48081,20.11691],[-90.4808,20.11686],[-90.4808,20.11685],[-90.48083,20.1168],[-90.48082,20.11676],[-90.48075,20.11664],[-90.48072,20.11661],[-90.48068,20.11657],[-90.48063,20.1165],[-90.48061,20.11637],[-90.48059,20.11628],[-90.48054,20.11618],[-90.48043,20.11615],[-90.48042,20.1161],[-90.48042,20.11609],[-90.48043,20.11602],[-90.48043,20.11597],[-90.48043,20.11593],[-90.4804,20.11592],[-90.48034,20.11589],[-90.48029,20.11586],[-90.48028,20.11576],[-90.4802,20.11569],[-90.4802,20.1156],[-90.48019,20.11552],[-90.4802,20.1154],[-90.48021,20.11531],[-90.48021,20.11516],[-90.48019,20.11516],[-90.48018,20.11506],[-90.48021,20.11502],[-90.48023,20.115],[-90.48025,20.11495],[-90.48026,20.11481],[-90.4803,20.11476],[-90.48029,20.11475],[-90.48027,20.1147],[-90.48025,20.11466],[-90.48024,20.11466],[-90.48016,20.11466],[-90.48011,20.11468],[-90.48005,20.11468],[-90.48002,20.11467],[-90.48001,20.11467],[-90.47991,20.11466],[-90.47984,20.11462],[-90.47982,20.11461],[-90.47971,20.11453],[-90.4797,20.11452],[-90.47968,20.11452],[-90.4795,20.11451],[-90.47949,20.11451],[-90.47935,20.11445],[-90.47935,20.11445],[-90.47931,20.11439],[-90.47929,20.11435],[-90.47917,20.11425],[-90.47912,20.11414],[-90.47912,20.11414],[-90.47912,20.11414],[-90.47912,20.11413],[-90.47911,20.11412],[-90.47905,20.11403],[-90.47906,20.11392],[-90.47906,20.1139],[-90.47906,20.11386],[-90.47906,20.11385],[-90.47905,20.11371],[-90.47899,20.11362],[-90.47895,20.11356],[-90.47894,20.11355],[-90.4789,20.11351],[-90.47887,20.11347],[-90.47886,20.11346],[-90.47883,20.1134],[-90.47879,20.11331],[-90.47877,20.11321],[-90.47881,20.11304],[-90.47884,20.11297],[-90.47885,20.11285],[-90.47887,20.11273],[-90.47895,20.1126],[-90.47895,20.1126],[-90.479,20.11247],[-90.479,20.11238],[-90.47908,20.11207],[-90.47913,20.11195],[-90.4792,20.11183],[-90.47923,20.11181],[-90.47925,20.11175],[-90.47927,20.11166],[-90.47933,20.11159],[-90.47935,20.11157],[-90.4794,20.11146],[-90.47942,20.11135],[-90.47947,20.11131],[-90.47947,20.11128],[-90.47948,20.11123],[-90.47949,20.11117],[-90.47948,20.11112],[-90.47944,20.11107],[-90.4794,20.11105],[-90.47933,20.11101],[-90.47922,20.11098],[-90.47921,20.11098],[-90.4792,20.11097],[-90.47911,20.11089],[-90.47901,20.11082],[-90.47886,20.11074],[-90.47884,20.11074],[-90.47872,20.11072],[-90.47872,20.11066],[-90.47872,20.11059],[-90.47872,20.11053],[-90.47873,20.11048],[-90.47876,20.11044],[-90.47902,20.11048],[-90.47916,20.11047],[-90.47926,20.11043],[-90.47933,20.11034],[-90.47931,20.10978],[-90.47933,20.10966],[-90.47934,20.10966],[-90.47936,20.10959],[-90.47935,20.10958],[-90.47932,20.10952],[-90.47931,20.10944],[-90.47935,20.10941],[-90.47937,20.10934],[-90.47935,20.10925],[-90.47935,20.10916],[-90.47942,20.10912],[-90.47942,20.10911],[-90.47943,20.10907],[-90.4794,20.109],[-90.4794,20.10899],[-90.4794,20.10898],[-90.47939,20.1089],[-90.47937,20.10884],[-90.47939,20.10883],[-90.47948,20.10876],[-90.47952,20.10871],[-90.47957,20.10864],[-90.47962,20.1086],[-90.47965,20.10853],[-90.47969,20.10847],[-90.47969,20.10845],[-90.47972,20.10835],[-90.47981,20.10831],[-90.47987,20.10824],[-90.47989,20.10822],[-90.47992,20.10816],[-90.47993,20.10812],[-90.47993,20.10808],[-90.47993,20.10802],[-90.48001,20.1079],[-90.48011,20.10783],[-90.4802,20.10777],[-90.4803,20.10774],[-90.48043,20.10774],[-90.48046,20.10772],[-90.48048,20.10771],[-90.48048,20.1077],[-90.48049,20.10769],[-90.48051,20.10766],[-90.48052,20.10766],[-90.48053,20.10764],[-90.48055,20.10754],[-90.48054,20.10747],[-90.48045,20.10739],[-90.4804,20.10739],[-90.48034,20.10739],[-90.48026,20.10734],[-90.4802,20.10726],[-90.48009,20.10708],[-90.47991,20.10681],[-90.47978,20.10666],[-90.47962,20.10649],[-90.47959,20.10645],[-90.47947,20.1063],[-90.47937,20.10622],[-90.47936,20.10621],[-90.47914,20.10602],[-90.47904,20.10587],[-90.47893,20.10573],[-90.47879,20.1055],[-90.47874,20.10525],[-90.47871,20.10513],[-90.47868,20.10486],[-90.47868,20.10482],[-90.47869,20.10472],[-90.47867,20.10469],[-90.47867,20.10467],[-90.47866,20.10466],[-90.47867,20.10453],[-90.47871,20.10438],[-90.47874,20.10423],[-90.47879,20.10415],[-90.4788,20.10403],[-90.47889,20.10393],[-90.47898,20.10381],[-90.47904,20.10372],[-90.47907,20.10368],[-90.47907,20.10365],[-90.47907,20.10348],[-90.47907,20.10341],[-90.47915,20.10324],[-90.47923,20.10304],[-90.47937,20.10281],[-90.4795,20.10278],[-90.47953,20.10278],[-90.47955,20.10275],[-90.47963,20.1027],[-90.47966,20.10265],[-90.47965,20.10265],[-90.47962,20.10255],[-90.47965,20.10252],[-90.47973,20.10247],[-90.4798,20.10246],[-90.47982,20.10246],[-90.47985,20.1024],[-90.47985,20.10237],[-90.47988,20.10235],[-90.47991,20.10234],[-90.47992,20.10234],[-90.47995,20.10233],[-90.47997,20.10224],[-90.47997,20.10224],[-90.47994,20.10212],[-90.47993,20.10197],[-90.47995,20.10183],[-90.48001,20.10176],[-90.48006,20.10172],[-90.48013,20.10167],[-90.48015,20.10166],[-90.4802,20.10163],[-90.48028,20.10152],[-90.48023,20.10144],[-90.48016,20.10141],[-90.48014,20.10141],[-90.4801,20.10131],[-90.48004,20.10121],[-90.47998,20.1011],[-90.48002,20.10106],[-90.48009,20.10105],[-90.48013,20.10099],[-90.48009,20.10097],[-90.48008,20.10095],[-90.48012,20.10094],[-90.48015,20.10086],[-90.48016,20.1008],[-90.4802,20.10078],[-90.4802,20.10073],[-90.48028,20.10071],[-90.48032,20.10064],[-90.48039,20.10059],[-90.48046,20.10046],[-90.48048,20.10042],[-90.48053,20.10041],[-90.48058,20.10037],[-90.48065,20.10036],[-90.48067,20.1003],[-90.48078,20.10026],[-90.48081,20.10022],[-90.4809,20.10014],[-90.48095,20.10009],[-90.48095,20.10009],[-90.481,20.09998],[-90.48101,20.09987],[-90.48101,20.09987],[-90.48101,20.09986],[-90.48105,20.09978],[-90.48105,20.09965],[-90.48103,20.09961],[-90.481,20.09956],[-90.48089,20.09949],[-90.48085,20.09943],[-90.48084,20.09941],[-90.48071,20.09931],[-90.48067,20.09923],[-90.48049,20.09915],[-90.48044,20.09911],[-90.48042,20.0991],[-90.48035,20.09906],[-90.48028,20.09902],[-90.48022,20.09889],[-90.48017,20.09881],[-90.48013,20.09874],[-90.4801,20.09866],[-90.48009,20.09866],[-90.48007,20.09861],[-90.48006,20.09857],[-90.48007,20.09856],[-90.48008,20.09856],[-90.48011,20.09853],[-90.48014,20.0985],[-90.48014,20.09844],[-90.48007,20.09836],[-90.48006,20.09835],[-90.48006,20.09834],[-90.48003,20.09827],[-90.48004,20.09815],[-90.48006,20.09804],[-90.48006,20.09799],[-90.4801,20.09771],[-90.48006,20.09764],[-90.48003,20.09758],[-90.48002,20.09751],[-90.48001,20.0975],[-90.47995,20.09739],[-90.47997,20.0973],[-90.47997,20.09716],[-90.47997,20.09696],[-90.48002,20.09691],[-90.48008,20.09685],[-90.48009,20.09678],[-90.48008,20.09676],[-90.48008,20.09668],[-90.48011,20.09652],[-90.48013,20.09644],[-90.48015,20.09634],[-90.48023,20.09617],[-90.48031,20.09602],[-90.48034,20.09596],[-90.48038,20.0959],[-90.48039,20.09588],[-90.48056,20.0957],[-90.48056,20.09569],[-90.48074,20.09551],[-90.48089,20.09532],[-90.48091,20.09531],[-90.48092,20.09529],[-90.48095,20.0952],[-90.48117,20.09495],[-90.48124,20.0949],[-90.48139,20.09479],[-90.4814,20.09476],[-90.48143,20.09466],[-90.48148,20.09459],[-90.48153,20.09441],[-90.48158,20.09437],[-90.48164,20.09432],[-90.48168,20.09431],[-90.48179,20.09427],[-90.48191,20.09417],[-90.48194,20.09416],[-90.48214,20.09402],[-90.48226,20.09402],[-90.48239,20.09398],[-90.48257,20.09397],[-90.48268,20.09394],[-90.48284,20.09391],[-90.48306,20.09392],[-90.48316,20.09385],[-90.48325,20.0938],[-90.48329,20.09368],[-90.48333,20.09366],[-90.48334,20.09363],[-90.48336,20.09355],[-90.48338,20.09344],[-90.48346,20.09331],[-90.4836,20.09321],[-90.4837,20.09316],[-90.48382,20.09311],[-90.48384,20.09308],[-90.48395,20.09307],[-90.48395,20.09307],[-90.48405,20.09303],[-90.48414,20.09302],[-90.48417,20.09302],[-90.4842,20.09301],[-90.48431,20.09293],[-90.48441,20.09285],[-90.48442,20.09284],[-90.48453,20.09278],[-90.48453,20.09278],[-90.48463,20.09271],[-90.48467,20.09266],[-90.48467,20.09265],[-90.48475,20.09251],[-90.48476,20.09239],[-90.48479,20.09231],[-90.48483,20.09219],[-90.48481,20.09203],[-90.48488,20.0919],[-90.48492,20.09187],[-90.48492,20.0918],[-90.48491,20.09172],[-90.48493,20.09167],[-90.48499,20.0916],[-90.48504,20.09144],[-90.48516,20.09141],[-90.48518,20.09133],[-90.48523,20.09125],[-90.48523,20.09125],[-90.48535,20.09121],[-90.48533,20.09096],[-90.48533,20.09086],[-90.48532,20.09082],[-90.48528,20.09072],[-90.48532,20.09055],[-90.48534,20.0905],[-90.48538,20.09037],[-90.48538,20.0902],[-90.48538,20.09013],[-90.48539,20.09004],[-90.48547,20.08992],[-90.48551,20.08986],[-90.48552,20.08981],[-90.48554,20.08975],[-90.48556,20.08973],[-90.48565,20.08968],[-90.48572,20.08963],[-90.48575,20.08956],[-90.48579,20.08945],[-90.48584,20.08942],[-90.48588,20.08931],[-90.48595,20.0892],[-90.48603,20.08907],[-90.48605,20.089],[-90.48606,20.08897],[-90.48609,20.08884],[-90.48615,20.08882],[-90.48615,20.08882],[-90.48626,20.08881],[-90.48627,20.08876],[-90.4863,20.08861],[-90.48635,20.0885],[-90.48638,20.08836],[-90.48635,20.08824],[-90.48635,20.08823],[-90.48632,20.08812],[-90.48635,20.08799],[-90.48634,20.08785],[-90.48635,20.0877],[-90.48638,20.08767],[-90.48641,20.08767],[-90.48652,20.08768],[-90.48654,20.08759],[-90.48661,20.08751],[-90.48662,20.08742],[-90.48662,20.08736],[-90.48662,20.08735],[-90.4866,20.08723],[-90.48654,20.08707],[-90.48648,20.0869],[-90.48642,20.08689],[-90.48642,20.08688],[-90.48636,20.08683],[-90.48635,20.08679],[-90.48633,20.08672],[-90.48635,20.08664],[-90.48643,20.08658],[-90.48644,20.08657],[-90.48644,20.08655],[-90.48645,20.08654],[-90.48647,20.08651],[-90.48646,20.0865],[-90.48644,20.08648],[-90.48641,20.08644],[-90.48639,20.08639],[-90.48645,20.08628],[-90.48652,20.08619],[-90.48653,20.08617],[-90.48655,20.08614],[-90.48654,20.08614],[-90.48653,20.08613],[-90.4865,20.08611],[-90.48651,20.08607],[-90.48655,20.08604],[-90.48656,20.08604],[-90.4866,20.08601],[-90.48661,20.08588],[-90.48661,20.08575],[-90.48661,20.08556],[-90.48658,20.0855],[-90.48654,20.08541],[-90.48645,20.08531],[-90.48637,20.08513],[-90.48636,20.08508],[-90.48634,20.08499],[-90.48627,20.08483],[-90.48625,20.08481],[-90.48623,20.08479],[-90.4862,20.08476],[-90.48616,20.08469],[-90.48614,20.08458],[-90.48612,20.08448],[-90.48607,20.0844],[-90.48606,20.08429],[-90.48612,20.08427],[-90.48622,20.08427],[-90.48627,20.08428],[-90.4863,20.08427],[-90.48633,20.08424],[-90.48638,20.08416],[-90.48642,20.0841],[-90.48643,20.08408],[-90.48644,20.08402],[-90.48644,20.08393],[-90.48642,20.08383],[-90.4864,20.08378],[-90.48635,20.08376],[-90.48615,20.08372],[-90.48611,20.08371],[-90.48602,20.08369],[-90.48586,20.08369],[-90.48572,20.08379],[-90.48572,20.08373],[-90.48573,20.08355],[-90.48574,20.08307],[-90.48603,20.08304],[-90.48615,20.08301],[-90.48625,20.08289],[-90.48627,20.08289],[-90.48629,20.08288],[-90.4863,20.08287],[-90.4864,20.08275],[-90.48641,20.08274],[-90.48646,20.08264],[-90.48652,20.0825],[-90.48653,20.08249],[-90.48653,20.08247],[-90.4865,20.0823],[-90.48647,20.08216],[-90.48645,20.08207],[-90.48645,20.08206],[-90.48645,20.08187],[-90.48641,20.08166],[-90.48633,20.08157],[-90.48623,20.08123],[-90.48623,20.08118],[-90.48619,20.08109],[-90.48618,20.08105],[-90.48617,20.08104],[-90.48617,20.08102],[-90.48617,20.08096],[-90.48617,20.08093],[-90.48617,20.08077],[-90.48614,20.08059],[-90.4861,20.08034],[-90.48606,20.08019],[-90.48606,20.08019],[-90.48603,20.08018],[-90.48597,20.08012],[-90.48597,20.08012],[-90.48587,20.08004],[-90.48577,20.07993],[-90.4857,20.07983],[-90.48561,20.07972],[-90.48561,20.07972],[-90.4856,20.07968],[-90.4856,20.07967],[-90.48557,20.0795],[-90.48557,20.07945],[-90.48557,20.07932],[-90.48552,20.07917],[-90.48549,20.07913],[-90.48538,20.07899],[-90.48533,20.07892],[-90.48539,20.0781],[-90.48544,20.07805],[-90.48547,20.07797],[-90.48548,20.07792],[-90.48554,20.07775],[-90.48553,20.0777],[-90.48552,20.07759],[-90.48551,20.07753],[-90.48564,20.07726],[-90.48567,20.0772],[-90.48577,20.07698],[-90.48583,20.07677],[-90.48586,20.07668],[-90.48586,20.07668],[-90.48593,20.07636],[-90.48602,20.07622],[-90.48607,20.07604],[-90.48611,20.07599],[-90.48619,20.07586],[-90.48616,20.07579],[-90.48608,20.07562],[-90.48611,20.07555],[-90.48615,20.07545],[-90.48622,20.07525],[-90.48624,20.07519],[-90.48626,20.07507],[-90.4863,20.07485],[-90.48627,20.07476],[-90.48625,20.07468],[-90.48623,20.07465],[-90.48623,20.07454],[-90.48621,20.07434],[-90.48615,20.07418],[-90.48626,20.07408],[-90.48632,20.07403],[-90.48633,20.07403],[-90.48632,20.07402],[-90.48626,20.0739],[-90.48626,20.0739],[-90.48626,20.07386],[-90.48627,20.07379],[-90.48631,20.07362],[-90.48629,20.07354],[-90.48625,20.07335],[-90.48632,20.07306],[-90.48628,20.07265],[-90.48624,20.0724],[-90.48623,20.07238],[-90.4862,20.0723],[-90.48614,20.07219],[-90.4861,20.07213],[-90.48604,20.07208],[-90.48604,20.07201],[-90.4861,20.07199],[-90.48616,20.0719],[-90.48617,20.07187],[-90.48618,20.07181],[-90.4862,20.07181],[-90.48623,20.0718],[-90.48625,20.07179],[-90.48626,20.07176],[-90.48624,20.07166],[-90.48618,20.07152],[-90.48612,20.07145],[-90.48611,20.07143],[-90.48609,20.07141],[-90.48607,20.07132],[-90.48609,20.07125],[-90.48611,20.07117],[-90.48612,20.07103],[-90.48615,20.07096],[-90.48617,20.07088],[-90.48619,20.07079],[-90.48619,20.07078],[-90.48619,20.07072],[-90.48625,20.07068],[-90.48631,20.07062],[-90.48635,20.07055],[-90.48635,20.07047],[-90.48635,20.07041],[-90.48635,20.07034],[-90.48635,20.07032],[-90.48634,20.07027],[-90.48634,20.07024],[-90.48633,20.07022],[-90.48631,20.07017],[-90.4863,20.07014],[-90.4863,20.07014],[-90.4862,20.0701],[-90.48611,20.0701],[-90.48606,20.07009],[-90.48601,20.07009],[-90.48599,20.07009],[-90.48598,20.0701],[-90.48594,20.07005],[-90.48597,20.07001],[-90.48596,20.06994],[-90.48598,20.06989],[-90.48602,20.06985],[-90.48603,20.06985],[-90.48608,20.06982],[-90.4861,20.06974],[-90.48612,20.0697],[-90.48613,20.06966],[-90.48616,20.06961],[-90.48614,20.06955],[-90.48612,20.0694],[-90.48609,20.06932],[-90.48609,20.06931],[-90.48609,20.06928],[-90.48613,20.06914],[-90.48621,20.06905],[-90.48634,20.06899],[-90.4864,20.06887],[-90.48641,20.06887],[-90.48641,20.06887],[-90.48641,20.06877],[-90.48641,20.06876],[-90.48643,20.06874],[-90.48654,20.06865],[-90.48669,20.06849],[-90.48672,20.06842],[-90.48687,20.06803],[-90.48688,20.068],[-90.48694,20.06783],[-90.48696,20.06776],[-90.48698,20.0677],[-90.48701,20.06759],[-90.48703,20.06754],[-90.48703,20.06751],[-90.48713,20.06738],[-90.48725,20.0672],[-90.48725,20.06719],[-90.48717,20.06706],[-90.48732,20.06701],[-90.48741,20.06694],[-90.48747,20.06694],[-90.48753,20.06694],[-90.48759,20.06694],[-90.48775,20.06694],[-90.48777,20.06683],[-90.48777,20.06679],[-90.48777,20.06674],[-90.48777,20.06673],[-90.48775,20.06669],[-90.4877,20.06661],[-90.48787,20.06651],[-90.48822,20.06628],[-90.48842,20.06611],[-90.48868,20.06604],[-90.48887,20.06595],[-90.48907,20.06564],[-90.48914,20.06526],[-90.48914,20.06507],[-90.48922,20.06495],[-90.48923,20.06494],[-90.48924,20.06486],[-90.48929,20.06462],[-90.48946,20.06452],[-90.48952,20.06449],[-90.48953,20.06448],[-90.48953,20.06446],[-90.48952,20.06443],[-90.48948,20.06428],[-90.48962,20.06421],[-90.48974,20.06392],[-90.4899,20.06357],[-90.49014,20.0631],[-90.49046,20.06291],[-90.49064,20.06284],[-90.49075,20.06284],[-90.49093,20.0627],[-90.49103,20.06259],[-90.49109,20.06248],[-90.4911,20.06246],[-90.49111,20.06245],[-90.49111,20.06242],[-90.49111,20.06235],[-90.4911,20.06228],[-90.49113,20.06207],[-90.49114,20.06203],[-90.49115,20.06191],[-90.49118,20.06176],[-90.49119,20.06172],[-90.49124,20.06151],[-90.49123,20.06126],[-90.4912,20.06099],[-90.49115,20.06085],[-90.49092,20.06068],[-90.49083,20.06064],[-90.49083,20.06063],[-90.49083,20.06063],[-90.49074,20.06051],[-90.49057,20.06037],[-90.49043,20.06028],[-90.49032,20.06025],[-90.49027,20.06023],[-90.49012,20.06019],[-90.48998,20.06019],[-90.48991,20.06019],[-90.48985,20.06019],[-90.48979,20.0601],[-90.48988,20.06003],[-90.49001,20.05996],[-90.49006,20.05994],[-90.49014,20.05992],[-90.49021,20.05987],[-90.49028,20.05968],[-90.49034,20.05952],[-90.49035,20.05931],[-90.49035,20.05929],[-90.49035,20.05928],[-90.49033,20.05925],[-90.49033,20.05925],[-90.49029,20.05921],[-90.49026,20.05918],[-90.49023,20.05913],[-90.49021,20.05911],[-90.49019,20.05907],[-90.49018,20.05905],[-90.49014,20.059],[-90.49008,20.05892],[-90.49003,20.05883],[-90.49,20.05878],[-90.48999,20.05875],[-90.48998,20.05873],[-90.48998,20.05873],[-90.48995,20.05865],[-90.48995,20.05863],[-90.48994,20.05859],[-90.48992,20.05848],[-90.4899,20.05838],[-90.48986,20.05828],[-90.48985,20.05825],[-90.4898,20.05814],[-90.4897,20.05798],[-90.48968,20.05794],[-90.48966,20.05792],[-90.48961,20.05789],[-90.48957,20.05785],[-90.48948,20.05778],[-90.48943,20.05775],[-90.48943,20.05774],[-90.48942,20.05766],[-90.48941,20.0576],[-90.48941,20.05757],[-90.48941,20.05755],[-90.48938,20.05749],[-90.48937,20.05743],[-90.48929,20.0573],[-90.48928,20.05729],[-90.48922,20.05714],[-90.48915,20.05703],[-90.48913,20.05698],[-90.48913,20.05697],[-90.48912,20.05695],[-90.48908,20.0568],[-90.48901,20.05665],[-90.48888,20.05652],[-90.48883,20.05649],[-90.48882,20.05648],[-90.48873,20.05643],[-90.48864,20.05628],[-90.48863,20.05613],[-90.48863,20.05613],[-90.48867,20.05603],[-90.48868,20.056],[-90.48868,20.0559],[-90.48868,20.05586],[-90.48868,20.05583],[-90.48862,20.05572],[-90.48854,20.0557],[-90.48848,20.05569],[-90.48844,20.05568],[-90.48843,20.05568],[-90.4883,20.05553],[-90.48823,20.05536],[-90.48816,20.0552],[-90.48804,20.05508],[-90.48798,20.05491],[-90.48798,20.05486],[-90.48798,20.05477],[-90.4879,20.05453],[-90.48781,20.05434],[-90.48778,20.0543],[-90.4877,20.0542],[-90.48769,20.05417],[-90.48764,20.05411],[-90.48764,20.05411],[-90.48764,20.05411],[-90.48763,20.05403],[-90.48761,20.05396],[-90.48758,20.05391],[-90.48753,20.0538],[-90.48731,20.05342],[-90.48731,20.05341],[-90.48727,20.05328],[-90.48723,20.05316],[-90.48713,20.05303],[-90.48712,20.053],[-90.48712,20.05299],[-90.48711,20.05295],[-90.4871,20.05291],[-90.48708,20.05284],[-90.48703,20.05271],[-90.48698,20.05251],[-90.48697,20.05239],[-90.48693,20.05227],[-90.48691,20.05224],[-90.48688,20.05219],[-90.48684,20.05213],[-90.48677,20.05201],[-90.48672,20.05191],[-90.48667,20.0518],[-90.48666,20.05179],[-90.48656,20.05169],[-90.48645,20.05151],[-90.48643,20.05147],[-90.48638,20.05132],[-90.48637,20.0513],[-90.48635,20.05128],[-90.48632,20.05121],[-90.48634,20.05111],[-90.48634,20.05106],[-90.48629,20.05085],[-90.48628,20.05083],[-90.48627,20.05079],[-90.48616,20.05065],[-90.48599,20.05057],[-90.48593,20.05055],[-90.4859,20.05054],[-90.48587,20.05053],[-90.48575,20.05053],[-90.48574,20.05059],[-90.48573,20.05059],[-90.48571,20.05063],[-90.4857,20.0507],[-90.4857,20.05071],[-90.48569,20.05077],[-90.48565,20.05084],[-90.48563,20.05088],[-90.4856,20.05092],[-90.48559,20.05093],[-90.48556,20.05096],[-90.48554,20.05101],[-90.48553,20.05105],[-90.48551,20.05108],[-90.48548,20.05113],[-90.48539,20.05112],[-90.48531,20.05111],[-90.48532,20.05107],[-90.48534,20.05105],[-90.48535,20.05099],[-90.48538,20.05095],[-90.48538,20.05088],[-90.48538,20.0508],[-90.48538,20.05072],[-90.48538,20.05066],[-90.48538,20.05062],[-90.48536,20.05057],[-90.48536,20.05056],[-90.48536,20.05054],[-90.48535,20.05053],[-90.48524,20.05045],[-90.48516,20.05034],[-90.48513,20.0503],[-90.48508,20.0502],[-90.48503,20.05006],[-90.48504,20.04997],[-90.48504,20.04997],[-90.48503,20.04987],[-90.48494,20.04964],[-90.48492,20.04963],[-90.48481,20.04946],[-90.48476,20.04936],[-90.48475,20.04928],[-90.48475,20.04927],[-90.48468,20.04918],[-90.48465,20.04916],[-90.48461,20.04914],[-90.48456,20.04911],[-90.48456,20.0491],[-90.48458,20.04905],[-90.48459,20.04899],[-90.48463,20.04892],[-90.48475,20.04897],[-90.48491,20.04898],[-90.48518,20.04901],[-90.48528,20.049],[-90.48538,20.04897],[-90.48542,20.04893],[-90.48542,20.04883],[-90.4854,20.04876],[-90.48539,20.04874],[-90.48539,20.04873],[-90.48539,20.04869],[-90.48537,20.04864],[-90.48534,20.04853],[-90.48532,20.04851],[-90.48531,20.0485],[-90.48528,20.04846],[-90.48527,20.04846],[-90.48518,20.04837],[-90.48508,20.04822],[-90.48492,20.04801],[-90.48477,20.04777],[-90.48472,20.0477],[-90.48456,20.04749],[-90.48449,20.04741],[-90.48437,20.04727],[-90.48421,20.04704],[-90.48418,20.047],[-90.48396,20.04669],[-90.48368,20.04631],[-90.48365,20.04627],[-90.48364,20.04626],[-90.48346,20.04603],[-90.48345,20.04601],[-90.48339,20.04581],[-90.48335,20.04563],[-90.48338,20.04548],[-90.48338,20.04548],[-90.48339,20.04542],[-90.48337,20.0453],[-90.48337,20.04529],[-90.48336,20.04527],[-90.48334,20.04525],[-90.48332,20.04521],[-90.48323,20.0451],[-90.48318,20.04505],[-90.48306,20.04498],[-90.48297,20.04495],[-90.48297,20.04495],[-90.48286,20.0449],[-90.48282,20.04488],[-90.48278,20.04484],[-90.48277,20.04481],[-90.48271,20.04461],[-90.48268,20.04452],[-90.48266,20.04446],[-90.48264,20.04438],[-90.48261,20.04426],[-90.48259,20.04419],[-90.48257,20.04416],[-90.48256,20.04416],[-90.48253,20.04411],[-90.48247,20.04405],[-90.48243,20.04404],[-90.48242,20.04403],[-90.48236,20.044],[-90.48236,20.044],[-90.48219,20.04392],[-90.48211,20.04379],[-90.48209,20.04372],[-90.48209,20.04372],[-90.48207,20.04367],[-90.48206,20.04365],[-90.48205,20.04362],[-90.48203,20.0436],[-90.48202,20.0436],[-90.48196,20.04356],[-90.4819,20.04353],[-90.48184,20.0435],[-90.48183,20.04345],[-90.4818,20.04336],[-90.48177,20.04331],[-90.48174,20.04326],[-90.48169,20.0432],[-90.48165,20.04313],[-90.48163,20.04312],[-90.48153,20.04304],[-90.48152,20.04303],[-90.48147,20.04292],[-90.48144,20.04285],[-90.48142,20.04281],[-90.48141,20.04277],[-90.48132,20.04252],[-90.48132,20.04238],[-90.4813,20.04227],[-90.48127,20.04222],[-90.48124,20.04218],[-90.4812,20.04212],[-90.4812,20.04211],[-90.48118,20.0421],[-90.48112,20.04207],[-90.48102,20.04202],[-90.48097,20.04195],[-90.48097,20.04194],[-90.48097,20.04193],[-90.48095,20.04192],[-90.48078,20.04184],[-90.48065,20.04177],[-90.48064,20.04175],[-90.48064,20.04175],[-90.48052,20.0416],[-90.48048,20.04154],[-90.4804,20.04144],[-90.4804,20.04143],[-90.48039,20.04141],[-90.48035,20.04134],[-90.48034,20.0413],[-90.48032,20.04119],[-90.48032,20.04114],[-90.48032,20.04112],[-90.48027,20.04106],[-90.48011,20.04101],[-90.48002,20.0411],[-90.47998,20.04114],[-90.47998,20.04114],[-90.47994,20.04126],[-90.47993,20.04128],[-90.47988,20.04144],[-90.47978,20.04157],[-90.4797,20.04155],[-90.47972,20.04148],[-90.47973,20.0414],[-90.47973,20.04137],[-90.47973,20.04127],[-90.47974,20.04118],[-90.47972,20.04111],[-90.47967,20.04102],[-90.47966,20.04095],[-90.47967,20.04087],[-90.47967,20.04082],[-90.47963,20.04078],[-90.4796,20.04075],[-90.47959,20.04074],[-90.4795,20.04064],[-90.4795,20.04052],[-90.4795,20.04039],[-90.4795,20.04027],[-90.47951,20.04026],[-90.47954,20.0402],[-90.47954,20.0402],[-90.47953,20.04008],[-90.4795,20.03988],[-90.47951,20.03981],[-90.47951,20.03974],[-90.47951,20.03969],[-90.47951,20.03964],[-90.47945,20.03946],[-90.47941,20.03936],[-90.4794,20.03931],[-90.47935,20.03918],[-90.47931,20.03911],[-90.47929,20.03908],[-90.47929,20.03907],[-90.47925,20.03896],[-90.47926,20.03894],[-90.4793,20.03887],[-90.4793,20.03878],[-90.4793,20.03874],[-90.47932,20.03866],[-90.47933,20.03861],[-90.47935,20.03844],[-90.47935,20.03842],[-90.47934,20.03833],[-90.47933,20.03829],[-90.47927,20.03824],[-90.47921,20.0382],[-90.47915,20.03812],[-90.47913,20.0381],[-90.47913,20.03809],[-90.47914,20.03807],[-90.47915,20.03799],[-90.47918,20.03789],[-90.47918,20.03776],[-90.47918,20.03764],[-90.47916,20.03745],[-90.47916,20.03727],[-90.47916,20.03727],[-90.47917,20.03719],[-90.47918,20.03711],[-90.47919,20.03707],[-90.47923,20.03697],[-90.47928,20.03685],[-90.47931,20.03679],[-90.47935,20.03667],[-90.47936,20.03655],[-90.47937,20.03651],[-90.47936,20.03637],[-90.47936,20.03629],[-90.47935,20.0362],[-90.47935,20.03617],[-90.47935,20.03617],[-90.47934,20.03607],[-90.47934,20.03607],[-90.47933,20.03605],[-90.47932,20.03604],[-90.47931,20.03602],[-90.47927,20.03598],[-90.47927,20.03597],[-90.47924,20.03582],[-90.47924,20.03569],[-90.47924,20.03567],[-90.47925,20.03555],[-90.47925,20.03539],[-90.47928,20.0353],[-90.47929,20.03527],[-90.4793,20.03517],[-90.4793,20.03515],[-90.47929,20.03513],[-90.47925,20.03505],[-90.47924,20.03504],[-90.47921,20.03493],[-90.47919,20.03491],[-90.47914,20.03482],[-90.47912,20.03481],[-90.4791,20.03476],[-90.47909,20.03472],[-90.47906,20.03463],[-90.47904,20.03439],[-90.47904,20.03438],[-90.47904,20.03427],[-90.47903,20.03414],[-90.47902,20.03407],[-90.47902,20.03406],[-90.47905,20.03395],[-90.47907,20.03393],[-90.47908,20.03392],[-90.47918,20.03384],[-90.4793,20.03375],[-90.47934,20.03367],[-90.47936,20.03364],[-90.47936,20.03361],[-90.47938,20.03352],[-90.47938,20.03349],[-90.47938,20.03348],[-90.47936,20.03338],[-90.47929,20.03331],[-90.47923,20.03329],[-90.4791,20.03325],[-90.47904,20.03325],[-90.47902,20.03325],[-90.4789,20.0332],[-90.47889,20.03319],[-90.47884,20.03314],[-90.47882,20.03312],[-90.47879,20.03308],[-90.47874,20.03303],[-90.47874,20.033],[-90.47873,20.03294],[-90.47873,20.03293],[-90.47875,20.03286],[-90.47875,20.03285],[-90.47877,20.0328],[-90.47877,20.03278],[-90.47874,20.03256],[-90.47869,20.03246],[-90.47869,20.03236],[-90.4787,20.03219],[-90.47871,20.03194],[-90.47871,20.03176],[-90.47872,20.03161],[-90.47873,20.03146],[-90.47868,20.03128],[-90.47868,20.03123],[-90.47868,20.03119],[-90.47857,20.03097],[-90.47857,20.03097],[-90.47847,20.03085],[-90.47832,20.03069],[-90.47821,20.03056],[-90.47816,20.03051],[-90.47814,20.03049],[-90.47805,20.03042],[-90.47792,20.03028],[-90.47773,20.03018],[-90.47758,20.03018],[-90.47754,20.03018],[-90.47742,20.03019],[-90.47741,20.03019],[-90.4774,20.03019],[-90.4773,20.0302],[-90.47727,20.0302],[-90.47719,20.03021],[-90.47715,20.03023],[-90.47706,20.03027],[-90.47704,20.03028],[-90.47696,20.03032],[-90.47688,20.03036],[-90.47679,20.03039],[-90.4767,20.03043],[-90.47665,20.03044],[-90.47662,20.03045],[-90.47655,20.03047],[-90.47649,20.03049],[-90.47632,20.03055],[-90.47629,20.03055],[-90.47619,20.03052],[-90.47627,20.0304],[-90.47641,20.03009],[-90.47641,20.02987],[-90.47638,20.02968],[-90.47631,20.02957],[-90.47586,20.02903],[-90.47582,20.02898],[-90.47574,20.0289],[-90.47563,20.02888],[-90.47542,20.02885],[-90.47525,20.02883],[-90.47516,20.02877],[-90.47503,20.02869],[-90.47484,20.02855],[-90.47474,20.02844],[-90.47474,20.0284],[-90.47473,20.02838],[-90.47469,20.0283],[-90.47469,20.0283],[-90.47461,20.02824],[-90.47461,20.02824],[-90.47452,20.02817],[-90.47448,20.02813],[-90.47447,20.02813],[-90.47443,20.02813],[-90.47438,20.02814],[-90.47434,20.02817],[-90.47431,20.0282],[-90.47429,20.02826],[-90.47421,20.02825],[-90.47418,20.02823],[-90.47416,20.02823],[-90.47416,20.02819],[-90.47416,20.02813],[-90.47417,20.02809],[-90.47418,20.02804],[-90.4742,20.02799],[-90.47423,20.02795],[-90.47426,20.02792],[-90.47432,20.02789],[-90.4744,20.02788],[-90.47444,20.02785],[-90.47447,20.02783],[-90.47451,20.02775],[-90.47451,20.02775],[-90.47451,20.0277],[-90.4745,20.02766],[-90.47446,20.02764],[-90.47445,20.02764],[-90.47442,20.02763],[-90.47439,20.02763],[-90.47435,20.02756],[-90.47433,20.0275],[-90.47431,20.02746],[-90.47419,20.02729],[-90.47419,20.02729],[-90.47416,20.02725],[-90.47413,20.02719],[-90.47411,20.02714],[-90.47406,20.02703],[-90.47404,20.02702],[-90.47397,20.02699],[-90.47395,20.0269],[-90.4739,20.02685],[-90.47385,20.02679],[-90.47378,20.02669],[-90.47375,20.02657],[-90.47374,20.02643],[-90.47374,20.02641],[-90.47361,20.02629],[-90.47344,20.02622],[-90.47333,20.02615],[-90.47316,20.02608],[-90.4731,20.02605],[-90.47304,20.02602],[-90.47289,20.02602],[-90.47271,20.02604],[-90.47254,20.02608],[-90.47252,20.02606],[-90.47246,20.02602],[-90.4724,20.02597],[-90.4724,20.02596],[-90.47239,20.02594],[-90.47231,20.02587],[-90.47231,20.02587],[-90.47221,20.02583],[-90.47202,20.02575],[-90.47201,20.02566],[-90.47198,20.0256],[-90.47197,20.02552],[-90.47188,20.02542],[-90.47171,20.02522],[-90.47161,20.02509],[-90.47157,20.02505],[-90.47151,20.02494],[-90.47148,20.02491],[-90.47143,20.02482],[-90.47138,20.02475],[-90.4713,20.02466],[-90.47123,20.02459],[-90.47111,20.02447],[-90.47101,20.02442],[-90.47099,20.02441],[-90.47093,20.02437],[-90.47085,20.02428],[-90.47084,20.02428],[-90.47077,20.02412],[-90.47074,20.024],[-90.47074,20.02399],[-90.47072,20.0239],[-90.47072,20.02385],[-90.4707,20.02376],[-90.4707,20.02372],[-90.47067,20.02363],[-90.4706,20.02341],[-90.47054,20.02331],[-90.47047,20.02321],[-90.47046,20.02316],[-90.47042,20.02303],[-90.47035,20.02291],[-90.47025,20.02273],[-90.47024,20.02273],[-90.47018,20.02266],[-90.47012,20.02261],[-90.46996,20.02255],[-90.46988,20.02249],[-90.46983,20.02245],[-90.46982,20.02244],[-90.46973,20.02241],[-90.46972,20.0224],[-90.46963,20.02234],[-90.4696,20.02231],[-90.46958,20.02229],[-90.4695,20.02221],[-90.46948,20.02219],[-90.46947,20.02218],[-90.46938,20.0221],[-90.46919,20.02197],[-90.46907,20.02185],[-90.46899,20.02175],[-90.46897,20.02172],[-90.46891,20.02171],[-90.46891,20.0217],[-90.46887,20.02169],[-90.46881,20.02162],[-90.46877,20.02156],[-90.46875,20.02153],[-90.4687,20.02148],[-90.46869,20.02148],[-90.46864,20.02144],[-90.46854,20.02142],[-90.46836,20.02142],[-90.46821,20.02145],[-90.46808,20.02143],[-90.46808,20.02133],[-90.46824,20.02126],[-90.46855,20.02118],[-90.46871,20.02114],[-90.46879,20.02108],[-90.46883,20.02097],[-90.46886,20.02082],[-90.46888,20.02061],[-90.46888,20.02045],[-90.46887,20.02035],[-90.46885,20.02027],[-90.46857,20.01979],[-90.46845,20.01971],[-90.46821,20.01956],[-90.46805,20.0195],[-90.46799,20.01947],[-90.4679,20.01931],[-90.46788,20.01926],[-90.46785,20.01919],[-90.46785,20.01902],[-90.46785,20.01888],[-90.4678,20.01868],[-90.46778,20.01852],[-90.46777,20.0185],[-90.46777,20.01847],[-90.46764,20.01826],[-90.4675,20.01812],[-90.46742,20.01804],[-90.46742,20.01803],[-90.46741,20.01802],[-90.46735,20.01796],[-90.46727,20.01784],[-90.46725,20.01781],[-90.46724,20.01779],[-90.4672,20.01772],[-90.46715,20.01764],[-90.46712,20.01757],[-90.46705,20.01746],[-90.46697,20.01729],[-90.46685,20.01714],[-90.46676,20.01709],[-90.46674,20.01706],[-90.46668,20.01699],[-90.4666,20.01686],[-90.46659,20.01683],[-90.46658,20.01677],[-90.46652,20.01665],[-90.46643,20.01659],[-90.46638,20.01656],[-90.4662,20.01641],[-90.46615,20.01636],[-90.46611,20.0163],[-90.46604,20.0162],[-90.46599,20.01607],[-90.46595,20.01596],[-90.46595,20.01594],[-90.46595,20.01592],[-90.46595,20.01584],[-90.46593,20.01582],[-90.46591,20.0158],[-90.46589,20.01579],[-90.46587,20.01577],[-90.46584,20.01568],[-90.46576,20.01558],[-90.46574,20.01555],[-90.46567,20.01548],[-90.46558,20.01533],[-90.46558,20.01533],[-90.46551,20.01523],[-90.46546,20.01516],[-90.46544,20.01513],[-90.46544,20.01513],[-90.46544,20.01513],[-90.46542,20.01512],[-90.46531,20.01505],[-90.46515,20.015],[-90.46513,20.01499],[-90.46497,20.01499],[-90.46495,20.015],[-90.46474,20.01502],[-90.46461,20.01502],[-90.46451,20.01501],[-90.46448,20.01501],[-90.46442,20.01498],[-90.4644,20.01497],[-90.46428,20.01492],[-90.46417,20.01489],[-90.46415,20.01489],[-90.46413,20.01489],[-90.46391,20.01482],[-90.46378,20.01477],[-90.46366,20.01468],[-90.46364,20.01467],[-90.46362,20.01465],[-90.46354,20.01462],[-90.46346,20.01459],[-90.46344,20.01459],[-90.46334,20.01456],[-90.46334,20.01456],[-90.46332,20.01456],[-90.46314,20.01458],[-90.46309,20.01456],[-90.46309,20.01456],[-90.46305,20.01454],[-90.46294,20.01448],[-90.46287,20.01438],[-90.46286,20.01432],[-90.46286,20.01432],[-90.46277,20.01418],[-90.46265,20.0141],[-90.46261,20.01408],[-90.46256,20.01403],[-90.46256,20.01402],[-90.46256,20.01396],[-90.46255,20.01393],[-90.46258,20.01388],[-90.46259,20.01386],[-90.4627,20.01382],[-90.46277,20.01381],[-90.4628,20.0138],[-90.46291,20.01378],[-90.46295,20.01374],[-90.46297,20.01373],[-90.46304,20.01365],[-90.46304,20.01363],[-90.46305,20.01355],[-90.46306,20.0135],[-90.46307,20.01349],[-90.46309,20.01342],[-90.46314,20.01335],[-90.46318,20.01326],[-90.46321,20.01319],[-90.46324,20.01312],[-90.46324,20.01297],[-90.46324,20.01292],[-90.46324,20.01288],[-90.46321,20.01284],[-90.46316,20.01261],[-90.46321,20.01239],[-90.46323,20.01231],[-90.46324,20.01227],[-90.46328,20.01213],[-90.46328,20.01197],[-90.46328,20.01193],[-90.46328,20.01178],[-90.46326,20.01172],[-90.46327,20.01166],[-90.46321,20.01155],[-90.46317,20.01148],[-90.46316,20.01144],[-90.46316,20.01138],[-90.46319,20.01127],[-90.4632,20.01123],[-90.46324,20.01113],[-90.46331,20.01098],[-90.46331,20.01096],[-90.46332,20.01088],[-90.46332,20.01087],[-90.46332,20.01085],[-90.46333,20.01083],[-90.46333,20.01081],[-90.46335,20.01071],[-90.46336,20.01069],[-90.46336,20.01059],[-90.46336,20.01056],[-90.46332,20.01039],[-90.4633,20.01036],[-90.46325,20.01025],[-90.46312,20.0101],[-90.46309,20.01006],[-90.46309,20.01006],[-90.46306,20.00998],[-90.46304,20.00991],[-90.46302,20.00986],[-90.46288,20.00975],[-90.46283,20.00975],[-90.46272,20.00976],[-90.4626,20.00977],[-90.46248,20.00986],[-90.46247,20.00984],[-90.46246,20.00981],[-90.46244,20.00973],[-90.46244,20.00971],[-90.46244,20.00968],[-90.46248,20.00958],[-90.46261,20.00949],[-90.46272,20.00943],[-90.4629,20.00941],[-90.46305,20.00942],[-90.46313,20.00946],[-90.46325,20.00944],[-90.46325,20.00942],[-90.46326,20.00927],[-90.46326,20.00917],[-90.46321,20.00906],[-90.4632,20.00886],[-90.4632,20.00881],[-90.4632,20.00875],[-90.46322,20.00866],[-90.46324,20.00853],[-90.46318,20.00841],[-90.46313,20.00834],[-90.46311,20.00832],[-90.46307,20.00818],[-90.46308,20.00808],[-90.46309,20.00798],[-90.46309,20.00796],[-90.4631,20.00795],[-90.46315,20.00783],[-90.4632,20.00779],[-90.46321,20.00778],[-90.46322,20.00776],[-90.46324,20.00773],[-90.46328,20.00766],[-90.46329,20.00756],[-90.46327,20.00743],[-90.46321,20.00736],[-90.46309,20.00725],[-90.46309,20.00724],[-90.46308,20.00724],[-90.46291,20.00715],[-90.46283,20.00709],[-90.46279,20.00705],[-90.46277,20.0069],[-90.46278,20.00689],[-90.46282,20.00685],[-90.46284,20.00683],[-90.46285,20.00668],[-90.46279,20.00659],[-90.46277,20.00658],[-90.46275,20.00657],[-90.46274,20.00655],[-90.46267,20.00651],[-90.46266,20.00651],[-90.46258,20.00644],[-90.46254,20.00639],[-90.46253,20.00631],[-90.46253,20.00628],[-90.46252,20.00624],[-90.46251,20.00611],[-90.46251,20.00611],[-90.4625,20.00599],[-90.46249,20.00584],[-90.46246,20.00574],[-90.46248,20.00559],[-90.4625,20.00552],[-90.46252,20.00539],[-90.46262,20.0052],[-90.46271,20.00504],[-90.46284,20.0048],[-90.46286,20.00465],[-90.46278,20.00456],[-90.46274,20.00452],[-90.46263,20.00449],[-90.46255,20.00441],[-90.46256,20.00439],[-90.46264,20.00431],[-90.46265,20.0043],[-90.46272,20.00417],[-90.46271,20.00405],[-90.46271,20.00393],[-90.46264,20.00382],[-90.46256,20.00375],[-90.46244,20.00365],[-90.46243,20.00365],[-90.4624,20.00358],[-90.46239,20.00355],[-90.46239,20.00351],[-90.46239,20.00344],[-90.4624,20.00339],[-90.46244,20.00329],[-90.46244,20.00327],[-90.46245,20.00319],[-90.46245,20.00318],[-90.46244,20.00311],[-90.46244,20.00311],[-90.46239,20.00302],[-90.46239,20.00301],[-90.46238,20.003],[-90.46233,20.00296],[-90.4623,20.00294],[-90.46226,20.00291],[-90.46221,20.00289],[-90.46213,20.00287],[-90.46199,20.00287],[-90.46186,20.00287],[-90.46175,20.00286],[-90.46161,20.00287],[-90.46148,20.00286],[-90.46139,20.00286],[-90.46125,20.00281],[-90.46128,20.00265],[-90.46135,20.00267],[-90.46147,20.0027],[-90.46156,20.0027],[-90.46172,20.0026],[-90.46173,20.0026],[-90.46178,20.00257],[-90.46185,20.00252],[-90.4619,20.0024],[-90.46198,20.00224],[-90.46199,20.00223],[-90.46201,20.0022],[-90.46208,20.00211],[-90.46218,20.002],[-90.46227,20.00191],[-90.4623,20.00184],[-90.46234,20.00175],[-90.46236,20.00173],[-90.46246,20.00165],[-90.46247,20.00164],[-90.46248,20.00163],[-90.46254,20.00155],[-90.46258,20.00147],[-90.46259,20.00146],[-90.46261,20.0014],[-90.46266,20.00134],[-90.46268,20.00131],[-90.46271,20.00126],[-90.46273,20.00124],[-90.46286,20.00107],[-90.46294,20.00095],[-90.46299,20.00082],[-90.46304,20.00065],[-90.46305,20.00064],[-90.46313,20.00057],[-90.46323,20.00048],[-90.46328,20.00046],[-90.46339,20.00035],[-90.46357,20.00018],[-90.46357,20.00018],[-90.46359,20.00015],[-90.46366,20.00005],[-90.46374,20.0],[-90.46378,19.99998],[-90.46388,19.99991],[-90.46403,19.99977],[-90.46416,19.99963],[-90.46417,19.99963],[-90.4643,19.99947],[-90.46445,19.99937],[-90.46448,19.99935],[-90.4645,19.99933],[-90.46466,19.99918],[-90.4647,19.99914],[-90.4647,19.99913],[-90.46478,19.99903],[-90.46486,19.99894],[-90.46492,19.99882],[-90.46505,19.99873],[-90.46521,19.99854],[-90.46535,19.99845],[-90.4655,19.9983],[-90.46563,19.99817],[-90.46586,19.99803],[-90.466,19.99793],[-90.466,19.99793],[-90.466,19.99793],[-90.46601,19.99793],[-90.46619,19.9979],[-90.46632,19.99783],[-90.46645,19.99771],[-90.46646,19.9977],[-90.46654,19.99761],[-90.4666,19.9976],[-90.46666,19.99758],[-90.46675,19.99751],[-90.46678,19.99747],[-90.46681,19.99744],[-90.46715,19.9973],[-90.46743,19.99722],[-90.46783,19.99708],[-90.46812,19.99684],[-90.46847,19.99668],[-90.46894,19.9965],[-90.4692,19.99635],[-90.46961,19.99607],[-90.4707,19.99541],[-90.47085,19.99535],[-90.47115,19.99523],[-90.47196,19.99505],[-90.47248,19.9951],[-90.47279,19.99514],[-90.47307,19.995],[-90.47314,19.9948],[-90.47298,19.99453],[-90.47291,19.9944],[-90.47283,19.99425],[-90.47282,19.99424],[-90.47281,19.99424],[-90.4728,19.99423],[-90.47274,19.99413],[-90.47265,19.99404],[-90.47261,19.99394],[-90.47256,19.99381],[-90.47253,19.9937],[-90.47252,19.99367],[-90.47246,19.99345],[-90.47241,19.99331],[-90.47241,19.99331],[-90.47236,19.99326],[-90.47236,19.99326],[-90.47223,19.99312],[-90.47222,19.99311],[-90.47213,19.99306],[-90.47211,19.99305],[-90.47206,19.99302],[-90.47204,19.99297],[-90.47199,19.99291],[-90.47195,19.99284],[-90.47187,19.99272],[-90.47186,19.9927],[-90.47182,19.99264],[-90.4718,19.99261],[-90.47176,19.99254],[-90.47167,19.9924],[-90.47164,19.99237],[-90.47155,19.9923],[-90.47153,19.99228],[-90.47141,19.99217],[-90.47129,19.99206],[-90.47117,19.99187],[-90.47115,19.9918],[-90.47114,19.99175],[-90.47114,19.99174],[-90.47109,19.99172],[-90.47101,19.99168],[-90.471,19.99167],[-90.47099,19.99166],[-90.47099,19.99166],[-90.47098,19.99165],[-90.47097,19.99165],[-90.47085,19.99161],[-90.47077,19.9916],[-90.47075,19.99161],[-90.47062,19.99163],[-90.47051,19.99162],[-90.47043,19.99162],[-90.47043,19.99162],[-90.47038,19.99162],[-90.47037,19.99163],[-90.47037,19.99163],[-90.47028,19.99167],[-90.47017,19.99171],[-90.47007,19.99177],[-90.47002,19.99164],[-90.47011,19.99161],[-90.47018,19.99157],[-90.47018,19.99157],[-90.4702,19.99153],[-90.47022,19.99149],[-90.47022,19.99138],[-90.47022,19.99132],[-90.47022,19.9913],[-90.47021,19.99127],[-90.47018,19.9912],[-90.47017,19.99119],[-90.47014,19.99115],[-90.47012,19.99114],[-90.47004,19.99101],[-90.46998,19.99086],[-90.46998,19.99083],[-90.46998,19.99077],[-90.46997,19.99075],[-90.46997,19.99067],[-90.46997,19.99066],[-90.46997,19.99066],[-90.46998,19.99054],[-90.46997,19.99042],[-90.46997,19.9904],[-90.46997,19.99038],[-90.46997,19.99036],[-90.46996,19.9903],[-90.46994,19.99026],[-90.46992,19.99021],[-90.4699,19.99017],[-90.46983,19.99009],[-90.46982,19.99],[-90.46985,19.98994],[-90.46989,19.98985],[-90.46992,19.98968],[-90.46992,19.98957],[-90.46993,19.98943],[-90.47002,19.98933],[-90.47008,19.9892],[-90.47014,19.98905],[-90.47014,19.98902],[-90.47015,19.98892],[-90.47015,19.98887],[-90.47015,19.98872],[-90.47013,19.98863],[-90.47005,19.98843],[-90.47005,19.98829],[-90.47006,19.98815],[-90.47008,19.98803],[-90.47004,19.98789],[-90.47001,19.98775],[-90.47002,19.98759],[-90.47005,19.98741],[-90.47005,19.98724],[-90.47005,19.98713],[-90.47007,19.98699],[-90.47015,19.98685],[-90.47018,19.98671],[-90.47024,19.98662],[-90.47034,19.98651],[-90.47034,19.98651],[-90.47042,19.98645],[-90.47048,19.98641],[-90.47049,19.98641],[-90.47059,19.98628],[-90.47062,19.98611],[-90.47067,19.98593],[-90.47067,19.98577],[-90.47059,19.98564],[-90.47046,19.98553],[-90.47041,19.98548],[-90.47031,19.98541],[-90.47022,19.98528],[-90.47019,19.98525],[-90.47011,19.98516],[-90.4701,19.98513],[-90.47009,19.98508],[-90.47007,19.98501],[-90.47006,19.98492],[-90.47006,19.9848],[-90.47007,19.9847],[-90.47008,19.98458],[-90.47007,19.98446],[-90.47007,19.98443],[-90.47007,19.98439],[-90.47004,19.98436],[-90.47,19.98432],[-90.46995,19.98432],[-90.46989,19.98432],[-90.46987,19.98432],[-90.46984,19.98432],[-90.46981,19.98434],[-90.4698,19.98435],[-90.4698,19.98435],[-90.46948,19.98464],[-90.46931,19.98486],[-90.46908,19.98528],[-90.46899,19.98541],[-90.46874,19.98527],[-90.46874,19.98526],[-90.4688,19.98519],[-90.46882,19.98516],[-90.46884,19.98511],[-90.46888,19.98501],[-90.4689,19.98483],[-90.4689,19.98462],[-90.46886,19.98452],[-90.46885,19.98449],[-90.46885,19.98448],[-90.46878,19.98434],[-90.4687,19.98416],[-90.46863,19.98395],[-90.46863,19.98395],[-90.46863,19.98394],[-90.46861,19.9838],[-90.46856,19.98367],[-90.46851,19.98361],[-90.46848,19.98358],[-90.46845,19.98357],[-90.46835,19.98348],[-90.46833,19.98346],[-90.46825,19.98337],[-90.4682,19.98329],[-90.46813,19.98309],[-90.4681,19.98301],[-90.46807,19.98294],[-90.46802,19.98286],[-90.46799,19.98282],[-90.46793,19.98272],[-90.46784,19.98266],[-90.4677,19.98259],[-90.46758,19.98249],[-90.46741,19.98241],[-90.46723,19.98231],[-90.46703,19.98225],[-90.46683,19.98218],[-90.46659,19.98214],[-90.46642,19.98216],[-90.46639,19.98217],[-90.46636,19.98219],[-90.46633,19.98223],[-90.46619,19.98229],[-90.46612,19.98223],[-90.46612,19.98222],[-90.46612,19.98209],[-90.46608,19.98198],[-90.46601,19.98192],[-90.46601,19.98191],[-90.46591,19.98182],[-90.4659,19.9818],[-90.46588,19.98176],[-90.46597,19.98161],[-90.46619,19.98171],[-90.46648,19.98172],[-90.46671,19.98165],[-90.46685,19.9815],[-90.46686,19.98149],[-90.46686,19.98148],[-90.46696,19.98132],[-90.46697,19.98128],[-90.46698,19.98126],[-90.46699,19.98108],[-90.46696,19.98095],[-90.46695,19.98091],[-90.46693,19.98072],[-90.46682,19.98057],[-90.46682,19.98057],[-90.46681,19.98056],[-90.46677,19.98049],[-90.46616,19.98005],[-90.46602,19.97996],[-90.46593,19.97991],[-90.46578,19.97975],[-90.46576,19.97972],[-90.46569,19.97963],[-90.46568,19.97962],[-90.46556,19.97952],[-90.46542,19.97948],[-90.4653,19.97944],[-90.46512,19.97935],[-90.46508,19.97933],[-90.46504,19.9793],[-90.465,19.97929],[-90.46495,19.97926],[-90.46487,19.9792],[-90.46481,19.97916],[-90.46471,19.97908],[-90.46471,19.97907],[-90.46468,19.97904],[-90.46463,19.97897],[-90.46453,19.97882],[-90.4645,19.97876],[-90.46442,19.97863],[-90.46438,19.97855],[-90.46435,19.97851],[-90.46434,19.97849],[-90.46429,19.97833],[-90.46429,19.9783],[-90.46429,19.9782],[-90.46429,19.97807],[-90.46425,19.97793],[-90.46423,19.97791],[-90.46418,19.97783],[-90.46411,19.97764],[-90.46408,19.97757],[-90.46406,19.97754],[-90.46385,19.97727],[-90.46374,19.97709],[-90.46365,19.97694],[-90.46364,19.97692],[-90.46359,19.97684],[-90.46353,19.97674],[-90.46354,19.97658],[-90.46354,19.97654],[-90.4635,19.97634],[-90.46348,19.97627],[-90.46346,19.97619],[-90.46346,19.97615],[-90.46347,19.97598],[-90.46336,19.97578],[-90.46334,19.97575],[-90.46332,19.97563],[-90.46324,19.97557],[-90.46324,19.97557],[-90.46319,19.9755],[-90.46309,19.97544],[-90.46296,19.97536],[-90.46287,19.97533],[-90.46273,19.97524],[-90.46268,19.97521],[-90.46263,19.97518],[-90.46262,19.97516],[-90.46257,19.97512],[-90.46256,19.97508],[-90.46252,19.97496],[-90.46253,19.97491],[-90.46253,19.97482],[-90.46258,19.97475],[-90.46259,19.97473],[-90.46259,19.9747],[-90.46259,19.97465],[-90.46258,19.97463],[-90.46254,19.97457],[-90.46252,19.97453],[-90.46239,19.97439],[-90.46238,19.97432],[-90.46237,19.97426],[-90.46237,19.97417],[-90.46237,19.97411],[-90.46237,19.9741],[-90.46236,19.97408],[-90.46235,19.97406],[-90.46228,19.97394],[-90.46225,19.97392],[-90.46217,19.97383],[-90.46204,19.97369],[-90.46179,19.97365],[-90.46178,19.97365],[-90.46161,19.97361],[-90.4616,19.97361],[-90.46156,19.97357],[-90.46154,19.97355],[-90.46141,19.97344],[-90.4614,19.97343],[-90.46139,19.97343],[-90.46139,19.97342],[-90.46138,19.9734],[-90.46135,19.97334],[-90.46132,19.97327],[-90.46124,19.9731],[-90.4612,19.97298],[-90.46119,19.97295],[-90.46118,19.97295],[-90.46116,19.97293],[-90.46108,19.97289],[-90.46107,19.97288],[-90.46104,19.97287],[-90.46093,19.97285],[-90.46083,19.97286],[-90.46069,19.97294],[-90.46058,19.97301],[-90.46057,19.97301],[-90.46047,19.97307],[-90.46043,19.9731],[-90.4602,19.97325],[-90.4601,19.9734],[-90.46001,19.97361],[-90.45994,19.97383],[-90.45997,19.97397],[-90.46009,19.97404],[-90.46028,19.9741],[-90.46044,19.97419],[-90.46049,19.97433],[-90.4605,19.97448],[-90.46041,19.97453],[-90.4602,19.97451],[-90.46014,19.97446],[-90.46004,19.97445],[-90.45996,19.97446],[-90.45996,19.97446],[-90.45996,19.97446],[-90.45995,19.97447],[-90.45992,19.97447],[-90.45989,19.97446],[-90.45985,19.97443],[-90.4598,19.97438],[-90.45973,19.97433],[-90.45972,19.97432],[-90.45968,19.9743],[-90.45957,19.97424],[-90.45942,19.97422],[-90.45942,19.97422],[-90.45937,19.97421],[-90.45929,19.9742],[-90.45922,19.97419],[-90.45912,19.97421],[-90.45904,19.97423],[-90.45897,19.97422],[-90.45878,19.97425],[-90.45871,19.97428],[-90.4586,19.97433],[-90.45847,19.97436],[-90.45836,19.97436],[-90.45817,19.97432],[-90.45808,19.9743],[-90.45805,19.97427],[-90.45797,19.97424],[-90.4579,19.97423],[-90.45783,19.97421],[-90.45771,19.97423],[-90.45755,19.97423],[-90.4574,19.97424],[-90.45725,19.97427],[-90.4571,19.97433],[-90.45703,19.97436],[-90.45698,19.97438],[-90.45683,19.97435],[-90.45682,19.97435],[-90.45664,19.97432],[-90.45642,19.97428],[-90.45627,19.9743],[-90.45607,19.97435],[-90.45587,19.97437],[-90.45575,19.97437],[-90.45554,19.97438],[-90.45545,19.97439],[-90.45528,19.97441],[-90.45511,19.97443],[-90.45497,19.97443],[-90.45485,19.97442],[-90.45469,19.97438],[-90.45459,19.97436],[-90.45441,19.97431],[-90.45422,19.97429],[-90.45399,19.97435],[-90.45391,19.97441],[-90.45387,19.97443],[-90.45381,19.97448],[-90.4538,19.9745],[-90.45377,19.97452],[-90.45376,19.97452],[-90.45364,19.97454],[-90.45353,19.97453],[-90.45344,19.97451],[-90.45341,19.9745],[-90.45336,19.97447],[-90.45333,19.97443],[-90.45329,19.97442],[-90.45323,19.97438],[-90.45313,19.97433],[-90.45297,19.97431],[-90.45283,19.9743],[-90.45274,19.97428],[-90.45263,19.97426],[-90.45255,19.97423],[-90.45247,19.97419],[-90.45247,19.97419],[-90.45246,19.97418],[-90.45228,19.97412],[-90.45222,19.97413],[-90.45209,19.97415],[-90.45208,19.97407],[-90.45217,19.97391],[-90.45219,19.97387],[-90.4522,19.97371],[-90.45221,19.9736],[-90.45223,19.97342],[-90.45223,19.97322],[-90.45221,19.97317],[-90.45219,19.97308],[-90.45217,19.97303],[-90.45215,19.97297],[-90.45236,19.97266],[-90.45265,19.97248],[-90.45285,19.9723],[-90.45288,19.97222],[-90.45294,19.97215],[-90.45295,19.97212],[-90.45295,19.97202],[-90.45296,19.97199],[-90.45296,19.97186],[-90.45301,19.97168],[-90.45302,19.97165],[-90.45304,19.97138],[-90.45301,19.97129],[-90.45295,19.97111],[-90.45292,19.97108],[-90.45292,19.97107],[-90.45291,19.97106],[-90.45287,19.97103],[-90.45254,19.97085],[-90.45229,19.97059],[-90.45219,19.97053],[-90.45208,19.97048],[-90.45208,19.97048],[-90.45201,19.97039],[-90.45211,19.97037],[-90.45231,19.97025],[-90.45242,19.97018],[-90.45244,19.9701],[-90.45246,19.9701],[-90.45247,19.97008],[-90.45248,19.97006],[-90.45251,19.97],[-90.45248,19.96992],[-90.45248,19.96991],[-90.4524,19.96986],[-90.45238,19.96983],[-90.45238,19.9698],[-90.45238,19.96979],[-90.45238,19.96979],[-90.45239,19.96978],[-90.4524,19.96977],[-90.45245,19.96975],[-90.45251,19.96975],[-90.45251,19.96973],[-90.45252,19.96972],[-90.45254,19.96963],[-90.45252,19.96954],[-90.45248,19.96947],[-90.45247,19.96932],[-90.45244,19.9693],[-90.45238,19.96927],[-90.45235,19.96919],[-90.45233,19.9691],[-90.45226,19.96903],[-90.4523,19.96899],[-90.45236,19.96896],[-90.4524,19.96899],[-90.45251,19.969],[-90.45257,19.96902],[-90.4527,19.96902],[-90.45275,19.96904],[-90.45277,19.96905],[-90.45288,19.96908],[-90.45305,19.96908],[-90.45311,19.96893],[-90.45354,19.96852],[-90.45377,19.96814],[-90.45378,19.96802],[-90.4538,19.96798],[-90.45381,19.96797],[-90.45382,19.96791],[-90.45382,19.96783],[-90.45383,19.96777],[-90.45387,19.96758],[-90.45389,19.96746],[-90.45387,19.96738],[-90.45387,19.96738],[-90.45387,19.96737],[-90.4539,19.96726],[-90.45391,19.96724],[-90.45392,19.96712],[-90.45393,19.9671],[-90.45395,19.96705],[-90.45401,19.96693],[-90.45408,19.96681],[-90.4541,19.96674],[-90.45409,19.96668],[-90.45408,19.96667],[-90.45408,19.96666],[-90.45422,19.96644],[-90.45427,19.96633],[-90.45428,19.96633],[-90.4543,19.96632],[-90.45433,19.96632],[-90.45437,19.96628],[-90.45442,19.96612],[-90.45442,19.96601],[-90.45442,19.966],[-90.4545,19.96533],[-90.4545,19.96532],[-90.45451,19.96526],[-90.45451,19.96526],[-90.45454,19.96509],[-90.45457,19.96503],[-90.45458,19.965],[-90.45457,19.9649],[-90.45453,19.96476],[-90.45452,19.96473],[-90.45452,19.9647],[-90.45449,19.96457],[-90.45443,19.96444],[-90.45437,19.96434],[-90.45437,19.96434],[-90.45431,19.9643],[-90.45425,19.9642],[-90.45422,19.9641],[-90.45413,19.96404],[-90.4541,19.96396],[-90.45409,19.96383],[-90.45409,19.96382],[-90.4541,19.96373],[-90.4541,19.96369],[-90.45408,19.96367],[-90.45401,19.96363],[-90.45398,19.96362],[-90.45397,19.96361],[-90.4539,19.96361],[-90.45389,19.96361],[-90.45376,19.96354],[-90.45374,19.96352],[-90.45369,19.96346],[-90.45368,19.96342],[-90.45367,19.96337],[-90.45366,19.96333],[-90.45361,19.96321],[-90.45361,19.96306],[-90.45363,19.963],[-90.45365,19.96296],[-90.45366,19.96291],[-90.45366,19.96291],[-90.45366,19.9629],[-90.45366,19.9629],[-90.45366,19.96288],[-90.45368,19.96284],[-90.45369,19.96281],[-90.4537,19.96276],[-90.45371,19.96262],[-90.4537,19.96255],[-90.45369,19.96252],[-90.45369,19.96251],[-90.45366,19.96246],[-90.45365,19.96245],[-90.45365,19.96244],[-90.45366,19.96238],[-90.45361,19.96218],[-90.45363,19.96213],[-90.45367,19.96205],[-90.45374,19.96194],[-90.45375,19.9619],[-90.4537,19.96182],[-90.45365,19.96177],[-90.4536,19.96171],[-90.45348,19.96164],[-90.45338,19.96152],[-90.45337,19.96151],[-90.45337,19.9615],[-90.45333,19.96147],[-90.45332,19.96136],[-90.45331,19.96134],[-90.45329,19.9613],[-90.45327,19.96129],[-90.45323,19.96127],[-90.45319,19.96123],[-90.45318,19.96118],[-90.45318,19.96116],[-90.45313,19.9611],[-90.45311,19.96109],[-90.45288,19.96101],[-90.45284,19.961],[-90.45283,19.96099],[-90.45276,19.96097],[-90.4527,19.96089],[-90.45269,19.96084],[-90.45269,19.96082],[-90.45264,19.96078],[-90.45263,19.96077],[-90.45254,19.96069],[-90.45253,19.96065],[-90.45252,19.96062],[-90.45244,19.96055],[-90.45231,19.96044],[-90.4522,19.96034],[-90.45213,19.96022],[-90.45202,19.96012],[-90.45202,19.96011],[-90.45201,19.9601],[-90.45201,19.96008],[-90.45197,19.95996],[-90.4519,19.95986],[-90.45188,19.95982],[-90.45179,19.95977],[-90.45178,19.95965],[-90.45163,19.95956],[-90.4516,19.95957],[-90.4515,19.9596],[-90.45139,19.95963],[-90.4511,19.95968],[-90.45087,19.95984],[-90.45074,19.95991],[-90.45062,19.96001],[-90.4506,19.9601],[-90.45053,19.96017],[-90.45034,19.9604],[-90.45011,19.96073],[-90.44977,19.96113],[-90.44939,19.96139],[-90.44912,19.96153],[-90.44882,19.96156],[-90.44863,19.96152],[-90.44837,19.9614],[-90.44815,19.96126],[-90.4479,19.96112],[-90.44773,19.96108],[-90.4475,19.96105],[-90.44743,19.96096],[-90.4475,19.96088],[-90.44757,19.96072],[-90.4476,19.96053],[-90.44764,19.96028],[-90.4475,19.95992],[-90.44731,19.95958],[-90.4473,19.95947],[-90.44746,19.95965],[-90.44766,19.95991],[-90.44781,19.96012],[-90.44792,19.96036],[-90.4482,19.9608],[-90.44846,19.96108],[-90.44883,19.96124],[-90.44908,19.96124],[-90.44939,19.96104],[-90.44954,19.96074],[-90.44976,19.96047],[-90.44989,19.96031],[-90.45034,19.95972],[-90.45062,19.95944],[-90.45082,19.95916],[-90.45084,19.95913],[-90.4512,19.95882],[-90.45122,19.9588],[-90.45123,19.95872],[-90.45127,19.95864],[-90.45141,19.95858],[-90.45151,19.9586],[-90.45162,19.95862],[-90.45179,19.95864],[-90.45186,19.9586],[-90.4519,19.95859],[-90.4519,19.95855],[-90.45194,19.95842],[-90.45202,19.9583],[-90.45204,19.95812],[-90.45214,19.958],[-90.45214,19.958],[-90.45214,19.958],[-90.45217,19.95794],[-90.45216,19.95788],[-90.45215,19.9578],[-90.45214,19.95779],[-90.45214,19.95779],[-90.45214,19.95779],[-90.45213,19.95776],[-90.4521,19.95765],[-90.45212,19.95739],[-90.45223,19.95726],[-90.45243,19.95709],[-90.45258,19.95697],[-90.4527,19.9569],[-90.4528,19.95677],[-90.45285,19.95663],[-90.45293,19.95603],[-90.45293,19.956],[-90.45293,19.95589],[-90.45292,19.95579],[-90.45292,19.95579],[-90.45289,19.9557],[-90.45291,19.9556],[-90.45291,19.95558],[-90.45291,19.95551],[-90.45284,19.95545],[-90.4527,19.95538],[-90.4527,19.95537],[-90.45273,19.95525],[-90.45273,19.95522],[-90.45279,19.95505],[-90.45287,19.95498],[-90.45296,19.95489],[-90.45299,19.95485],[-90.45293,19.95475],[-90.45296,19.95465],[-90.45303,19.95454],[-90.45316,19.95452],[-90.45319,19.95447],[-90.45326,19.95446],[-90.45327,19.95446],[-90.45326,19.95437],[-90.45325,19.9543],[-90.45323,19.95428],[-90.45317,19.95419],[-90.45316,19.95412],[-90.45316,19.95411],[-90.45317,19.954],[-90.45316,19.95398],[-90.45314,19.95397],[-90.45314,19.95381],[-90.45315,19.95373],[-90.45317,19.95371],[-90.45322,19.95362],[-90.4532,19.95354],[-90.45319,19.95344],[-90.45319,19.9534],[-90.45324,19.95294],[-90.45324,19.95287],[-90.45324,19.95286],[-90.45324,19.95283],[-90.45319,19.95278],[-90.45312,19.95273],[-90.45301,19.95273],[-90.45295,19.95276],[-90.45284,19.95273],[-90.45275,19.95273],[-90.45268,19.95275],[-90.45257,19.95263],[-90.45251,19.95259],[-90.45243,19.95257],[-90.4524,19.95257],[-90.4524,19.95252],[-90.45248,19.95213],[-90.45263,19.95209],[-90.45275,19.95198],[-90.4528,19.95196],[-90.45287,19.95187],[-90.45287,19.95187],[-90.45293,19.95181],[-90.45341,19.95127],[-90.4536,19.95105],[-90.45397,19.95053],[-90.45402,19.95045],[-90.45417,19.95012],[-90.45417,19.95002],[-90.45417,19.95001],[-90.4542,19.94981],[-90.45418,19.94967],[-90.45418,19.94949],[-90.45417,19.94947],[-90.45417,19.94945],[-90.45426,19.94919],[-90.45478,19.94876],[-90.4549,19.94866],[-90.45491,19.94866],[-90.45493,19.94866],[-90.45493,19.94865],[-90.45514,19.94854],[-90.45526,19.94849],[-90.45534,19.9484],[-90.45536,19.94839],[-90.45543,19.9483],[-90.45552,19.94824],[-90.4556,19.94822],[-90.45561,19.94813],[-90.45562,19.94805],[-90.45563,19.94799],[-90.45571,19.94787],[-90.45589,19.94784],[-90.45597,19.94784],[-90.45603,19.94786],[-90.4561,19.94784],[-90.45613,19.94784],[-90.45619,19.94784],[-90.45628,19.94781],[-90.45629,19.9478],[-90.45633,19.94781],[-90.45638,19.94781],[-90.45641,19.94776],[-90.4564,19.94771],[-90.4564,19.94769],[-90.4564,19.94764],[-90.45641,19.94762],[-90.45643,19.94762],[-90.45649,19.94764],[-90.4565,19.94764],[-90.45652,19.94766],[-90.45658,19.94767],[-90.45664,19.94766],[-90.45665,19.9476],[-90.45668,19.94756],[-90.45669,19.94754],[-90.45666,19.94749],[-90.45664,19.94748],[-90.45658,19.94747],[-90.45653,19.94749],[-90.45652,19.94748],[-90.45651,19.94747],[-90.45651,19.94745],[-90.45652,19.94739],[-90.45657,19.94732],[-90.4566,19.94722],[-90.45657,19.94716],[-90.45653,19.9471],[-90.45652,19.94705],[-90.45656,19.94702],[-90.45663,19.94703],[-90.45667,19.94703],[-90.4567,19.94706],[-90.45682,19.94711],[-90.45684,19.94712],[-90.45686,19.94712],[-90.45688,19.94709],[-90.45696,19.94704],[-90.45696,19.94701],[-90.45697,19.94695],[-90.45704,19.94691],[-90.45711,19.94688],[-90.45715,19.94686],[-90.45715,19.94685],[-90.45715,19.94684],[-90.45722,19.94675],[-90.4573,19.94666],[-90.45739,19.94661],[-90.45744,19.94656],[-90.4575,19.94651],[-90.45759,19.94644],[-90.45763,19.94639],[-90.45764,19.94639],[-90.4577,19.94637],[-90.45774,19.94634],[-90.45776,19.94626],[-90.4578,19.94622],[-90.45784,19.94612],[-90.45784,19.9461],[-90.45785,19.94607],[-90.45785,19.94604],[-90.45785,19.94599],[-90.45788,19.94591],[-90.45792,19.94589],[-90.45793,19.94589],[-90.45799,19.94586],[-90.45801,19.94583],[-90.45801,19.94577],[-90.45799,19.94569],[-90.45798,19.94563],[-90.45796,19.9456],[-90.45791,19.94554],[-90.45788,19.94545],[-90.45786,19.94536],[-90.4579,19.9453],[-90.45794,19.94521],[-90.45794,19.9452],[-90.45793,19.94509],[-90.45793,19.94507],[-90.4579,19.94498],[-90.45791,19.94487],[-90.45792,19.94483],[-90.45788,19.94461],[-90.45786,19.94447],[-90.45782,19.94436],[-90.45771,19.94432],[-90.45769,19.94425],[-90.45765,19.94408],[-90.4577,19.94393],[-90.45766,19.94382],[-90.45765,19.94379],[-90.45761,19.94371],[-90.45766,19.94368],[-90.45771,19.94365],[-90.4577,19.94363],[-90.4577,19.94359],[-90.4577,19.94359],[-90.45772,19.94353],[-90.45773,19.9435],[-90.45773,19.94346],[-90.4577,19.94345],[-90.45767,19.94344],[-90.45767,19.94332],[-90.45769,19.94312],[-90.45781,19.94308],[-90.45784,19.94295],[-90.45784,19.94283],[-90.45784,19.9428],[-90.45779,19.94266],[-90.45769,19.94254],[-90.45753,19.9424],[-90.45748,19.94238],[-90.45738,19.94233],[-90.45723,19.94221],[-90.45723,19.94211],[-90.45733,19.94204],[-90.45743,19.94191],[-90.45746,19.94189],[-90.45754,19.9419],[-90.45758,19.94189],[-90.45761,19.94188],[-90.45762,19.94186],[-90.45763,19.94183],[-90.45763,19.94178],[-90.45762,19.94176],[-90.45765,19.94174],[-90.45769,19.9417],[-90.45776,19.9417],[-90.45781,19.94167],[-90.45783,19.9416],[-90.45786,19.94156],[-90.45789,19.94155],[-90.45795,19.94154],[-90.45799,19.94152],[-90.458,19.9415],[-90.45803,19.94148],[-90.45807,19.94148],[-90.4581,19.94147],[-90.45811,19.94145],[-90.4581,19.94142],[-90.4581,19.94139],[-90.4581,19.94138],[-90.45812,19.94137],[-90.45814,19.94135],[-90.45819,19.94134],[-90.45823,19.94134],[-90.45826,19.9413],[-90.45827,19.94126],[-90.45828,19.94122],[-90.45833,19.94118],[-90.45839,19.94115],[-90.45841,19.9411],[-90.45843,19.94107],[-90.45846,19.94106],[-90.4585,19.94106],[-90.45852,19.94107],[-90.45856,19.94106],[-90.45856,19.94105],[-90.45857,19.94103],[-90.45858,19.941],[-90.4586,19.94099],[-90.45863,19.94097],[-90.45867,19.94097],[-90.4587,19.94096],[-90.45871,19.94095],[-90.45877,19.94092],[-90.45877,19.94092],[-90.45879,19.94088],[-90.45882,19.94083],[-90.45883,19.94074],[-90.45884,19.94074],[-90.45888,19.94071],[-90.45889,19.94071],[-90.45892,19.94067],[-90.45896,19.94062],[-90.45896,19.94057],[-90.45896,19.94051],[-90.45893,19.94044],[-90.4589,19.94041],[-90.45891,19.94038],[-90.45886,19.94033],[-90.45884,19.9403],[-90.45883,19.94029],[-90.45884,19.94025],[-90.45888,19.94021],[-90.45892,19.94015],[-90.45891,19.94011],[-90.4589,19.94008],[-90.45889,19.94005],[-90.45888,19.94004],[-90.45889,19.94],[-90.45894,19.93993],[-90.45895,19.93993],[-90.45898,19.93991],[-90.45901,19.93986],[-90.45902,19.93983],[-90.45902,19.93979],[-90.45906,19.93974],[-90.4591,19.93971],[-90.45916,19.93966],[-90.45918,19.93964],[-90.45922,19.93959],[-90.45925,19.93955],[-90.45927,19.93949],[-90.45928,19.93945],[-90.45928,19.93945],[-90.45929,19.93941],[-90.45936,19.93934],[-90.4594,19.93932],[-90.45944,19.93928],[-90.45945,19.93928],[-90.45948,19.93926],[-90.45952,19.93923],[-90.45953,19.9392],[-90.45954,19.93918],[-90.45956,19.93914],[-90.45961,19.93912],[-90.45964,19.9391],[-90.45966,19.93909],[-90.45969,19.93905],[-90.45972,19.939],[-90.45972,19.93899],[-90.4597,19.93896],[-90.4597,19.93896],[-90.4597,19.93894],[-90.45971,19.93892],[-90.45971,19.93892],[-90.45974,19.93885],[-90.45974,19.93883],[-90.45974,19.93881],[-90.45972,19.93878],[-90.45975,19.93874],[-90.45975,19.93868],[-90.45973,19.93865],[-90.45972,19.93864],[-90.45973,19.9386],[-90.45974,19.93859],[-90.45976,19.93857],[-90.45977,19.93855],[-90.45978,19.93847],[-90.45978,19.93841],[-90.45977,19.93833],[-90.45976,19.93832],[-90.45974,19.93828],[-90.45973,19.93822],[-90.45975,19.93815],[-90.45978,19.93811],[-90.45979,19.93811],[-90.4598,19.9381],[-90.45982,19.93809],[-90.45986,19.93804],[-90.45988,19.93799],[-90.4599,19.93793],[-90.4599,19.93786],[-90.45988,19.93782],[-90.45988,19.93781],[-90.46001,19.93767],[-90.46003,19.9376],[-90.46003,19.9376],[-90.46007,19.93755],[-90.46008,19.93751],[-90.46009,19.93746],[-90.4601,19.93741],[-90.46008,19.93735],[-90.46005,19.93732],[-90.46001,19.93729],[-90.46001,19.93728],[-90.46001,19.93726],[-90.46001,19.93723],[-90.46001,19.93719],[-90.46001,19.93718],[-90.45993,19.93706],[-90.45992,19.93699],[-90.45984,19.93691],[-90.45983,19.9369],[-90.45978,19.93685],[-90.45978,19.9368],[-90.45977,19.93679],[-90.45977,19.93678],[-90.45974,19.93671],[-90.45971,19.93669],[-90.45965,19.93666],[-90.45959,19.93665],[-90.45955,19.93665],[-90.45951,19.9366],[-90.45953,19.93657],[-90.45955,19.93655],[-90.45961,19.9365],[-90.45965,19.93647],[-90.45965,19.93644],[-90.4597,19.93644],[-90.45974,19.9365],[-90.4598,19.93653],[-90.45988,19.93656],[-90.45993,19.93657],[-90.46,19.93657],[-90.46005,19.93657],[-90.46008,19.93656],[-90.46014,19.93654],[-90.46016,19.93651],[-90.4602,19.93648],[-90.46026,19.93645],[-90.46026,19.93641],[-90.46026,19.93636],[-90.46029,19.93633],[-90.46033,19.93629],[-90.46035,19.93626],[-90.46038,19.93623],[-90.46039,19.93618],[-90.46041,19.93617],[-90.46043,19.93614],[-90.46045,19.93609],[-90.46045,19.93608],[-90.46044,19.93602],[-90.46044,19.93602],[-90.46045,19.93602],[-90.46046,19.93599],[-90.46047,19.93595],[-90.46047,19.93593],[-90.46046,19.9359],[-90.46046,19.93587],[-90.46048,19.93585],[-90.46048,19.93584],[-90.46049,19.93583],[-90.46053,19.93578],[-90.46053,19.93577],[-90.46054,19.93568],[-90.46054,19.93564],[-90.46054,19.93556],[-90.46052,19.93553],[-90.4605,19.93548],[-90.46049,19.93547],[-90.46046,19.93544],[-90.46046,19.93544],[-90.46043,19.93541],[-90.46044,19.93537],[-90.46047,19.93535],[-90.46051,19.93535],[-90.46056,19.93532],[-90.46057,19.9353],[-90.46057,19.93527],[-90.46059,19.93525],[-90.46065,19.93525],[-90.46072,19.93522],[-90.46074,19.93519],[-90.46076,19.93516],[-90.46083,19.93515],[-90.46085,19.93512],[-90.46088,19.93508],[-90.46091,19.93508],[-90.46095,19.93507],[-90.46096,19.93507],[-90.46101,19.93503],[-90.46105,19.935],[-90.46107,19.93496],[-90.46108,19.93495],[-90.4611,19.93493],[-90.46111,19.93493],[-90.46118,19.93492],[-90.46121,19.9349],[-90.46124,19.93487],[-90.46123,19.93482],[-90.46123,19.93482],[-90.46123,19.93481],[-90.46123,19.93478],[-90.46122,19.93475],[-90.46124,19.93471],[-90.46129,19.93468],[-90.46133,19.93464],[-90.46135,19.93461],[-90.46133,19.93459],[-90.46132,19.93457],[-90.46133,19.93454],[-90.46137,19.93451],[-90.4614,19.93449],[-90.46141,19.93444],[-90.46142,19.93441],[-90.46145,19.93439],[-90.46152,19.93437],[-90.46157,19.93438],[-90.46164,19.93439],[-90.46167,19.93439],[-90.46172,19.93436],[-90.46174,19.93432],[-90.46179,19.93429],[-90.46179,19.93428],[-90.46184,19.93422],[-90.46184,19.93415],[-90.46184,19.9341],[-90.46186,19.93407],[-90.46187,19.93403],[-90.46188,19.93398],[-90.46187,19.93392],[-90.46184,19.93385],[-90.46182,19.9338],[-90.46182,19.93378],[-90.46181,19.93376],[-90.46181,19.93371],[-90.46181,19.93369],[-90.46182,19.93365],[-90.46184,19.93358],[-90.46183,19.93351],[-90.46184,19.93347],[-90.46181,19.9334],[-90.46178,19.93336],[-90.46178,19.93336],[-90.46178,19.93333],[-90.46179,19.93328],[-90.46179,19.93326],[-90.46177,19.93323],[-90.46176,19.93321],[-90.4617,19.93315],[-90.46169,19.93306],[-90.46169,19.93301],[-90.4617,19.93298],[-90.46169,19.93293],[-90.4617,19.93292],[-90.46173,19.93292],[-90.46177,19.93293],[-90.46184,19.9329],[-90.46189,19.93291],[-90.46194,19.93294],[-90.462,19.93295],[-90.46205,19.93294],[-90.46211,19.93292],[-90.46214,19.93291],[-90.46219,19.93284],[-90.46224,19.93275],[-90.46225,19.93272],[-90.46226,19.9327],[-90.4623,19.9326],[-90.4623,19.93259],[-90.4623,19.93256],[-90.4623,19.93252],[-90.46231,19.93245],[-90.46233,19.93236],[-90.46235,19.93228],[-90.46237,19.93217],[-90.46238,19.93209],[-90.46237,19.93208],[-90.46234,19.93192],[-90.46232,19.93188],[-90.46231,19.93187],[-90.46231,19.93178],[-90.46227,19.93165],[-90.46224,19.93151],[-90.46222,19.9314],[-90.46222,19.9314],[-90.46221,19.93138],[-90.4622,19.93136],[-90.46217,19.9313],[-90.46215,19.93129],[-90.46213,19.93123],[-90.46209,19.9312],[-90.46207,19.93119],[-90.46202,19.93115],[-90.46198,19.9311],[-90.46195,19.93101],[-90.46197,19.93098],[-90.46199,19.93093],[-90.462,19.9309],[-90.46198,19.93083],[-90.46196,19.93077],[-90.46197,19.9307],[-90.46197,19.93066],[-90.46198,19.9306],[-90.462,19.93055],[-90.46201,19.93048],[-90.46202,19.9304],[-90.46207,19.93033],[-90.46208,19.9304],[-90.46208,19.93048],[-90.46207,19.93051],[-90.46207,19.93056],[-90.46207,19.93062],[-90.46211,19.93066],[-90.46217,19.93073],[-90.46221,19.93077],[-90.46228,19.93079],[-90.46234,19.93083],[-90.46241,19.93087],[-90.46252,19.93088],[-90.46262,19.93088],[-90.46268,19.93086],[-90.4627,19.93085],[-90.46279,19.93088],[-90.4629,19.93086],[-90.46292,19.93086],[-90.46306,19.9309],[-90.46314,19.93094],[-90.46327,19.93106],[-90.46329,19.93112],[-90.46335,19.93117],[-90.46339,19.93121],[-90.46347,19.93133],[-90.46349,19.93136],[-90.4635,19.93136],[-90.4635,19.93137],[-90.46351,19.93137],[-90.46351,19.93138],[-90.46353,19.93139],[-90.46362,19.93145],[-90.46362,19.93147],[-90.4637,19.93152],[-90.46375,19.93158],[-90.46379,19.93159],[-90.46385,19.93159],[-90.46389,19.93159],[-90.46392,19.93158],[-90.46396,19.93158],[-90.46401,19.93157],[-90.46405,19.93155],[-90.46413,19.93154],[-90.4642,19.93153],[-90.46429,19.93152],[-90.4643,19.93152],[-90.46439,19.93155],[-90.46449,19.93154],[-90.46457,19.93153],[-90.4646,19.9315],[-90.46468,19.93144],[-90.46474,19.93144],[-90.46477,19.93141],[-90.46482,19.93138],[-90.46487,19.93137],[-90.46491,19.93136],[-90.46496,19.93135],[-90.46499,19.9313],[-90.46502,19.93126],[-90.46506,19.93124],[-90.46506,19.93121],[-90.46507,19.93117],[-90.46508,19.93113],[-90.46511,19.93113],[-90.46511,19.93113],[-90.46525,19.93114],[-90.46538,19.93114],[-90.4654,19.93112],[-90.4654,19.93112],[-90.46553,19.93104],[-90.46556,19.93102],[-90.46562,19.93101],[-90.46566,19.931],[-90.46572,19.93095],[-90.46577,19.9309],[-90.46583,19.93091],[-90.46589,19.93086],[-90.46594,19.9308],[-90.46598,19.93081],[-90.46602,19.93079],[-90.46608,19.93076],[-90.46612,19.93074],[-90.46616,19.93069],[-90.46619,19.93065],[-90.4662,19.93058],[-90.46624,19.93055],[-90.46628,19.93051],[-90.46633,19.93049],[-90.46638,19.93048],[-90.46643,19.93048],[-90.46648,19.93047],[-90.46651,19.93046],[-90.46652,19.93046],[-90.46657,19.93045],[-90.46663,19.93041],[-90.46669,19.93038],[-90.46672,19.93033],[-90.46672,19.93033],[-90.46672,19.93033],[-90.46675,19.93027],[-90.4668,19.93024],[-90.46681,19.9302],[-90.4668,19.93016],[-90.4668,19.9301],[-90.4668,19.93007],[-90.4668,19.93007],[-90.4668,19.93005],[-90.46678,19.93002],[-90.46679,19.92999],[-90.46682,19.92995],[-90.46684,19.92989],[-90.46686,19.92984],[-90.46686,19.92984],[-90.46684,19.92979],[-90.46688,19.92977],[-90.46694,19.92972],[-90.46694,19.92971],[-90.46696,19.92968],[-90.46697,19.92965],[-90.46698,19.92965],[-90.46701,19.92962],[-90.46706,19.92954],[-90.46706,19.92952],[-90.46707,19.9295],[-90.46708,19.92946],[-90.46708,19.9294],[-90.46709,19.92937],[-90.46712,19.92935],[-90.46716,19.92936],[-90.46723,19.92938],[-90.46732,19.92936],[-90.46735,19.92934],[-90.4674,19.92932],[-90.46744,19.9293],[-90.4675,19.92931],[-90.4675,19.92931],[-90.4675,19.92931],[-90.4675,19.92931],[-90.4675,19.92931],[-90.46751,19.92926],[-90.46753,19.92923],[-90.46753,19.92921],[-90.4676,19.92918],[-90.46765,19.92915],[-90.46769,19.92912],[-90.46772,19.92908],[-90.46779,19.92907],[-90.46785,19.92907],[-90.46792,19.92903],[-90.46795,19.92899],[-90.46799,19.92897],[-90.46802,19.92896],[-90.46809,19.92894],[-90.46811,19.92892],[-90.46813,19.92888],[-90.46816,19.9288],[-90.46819,19.92875],[-90.46822,19.92872],[-90.46826,19.92872],[-90.46828,19.92872],[-90.46835,19.92875],[-90.46841,19.92873],[-90.46847,19.92872],[-90.46852,19.92865],[-90.46857,19.92864],[-90.46861,19.92862],[-90.46866,19.92859],[-90.46871,19.92859],[-90.46877,19.92859],[-90.46882,19.92856],[-90.46889,19.9285],[-90.46892,19.92843],[-90.46892,19.92841],[-90.46894,19.92834],[-90.46897,19.9283],[-90.46918,19.92826],[-90.46928,19.92819],[-90.46933,19.92817],[-90.46936,19.92809],[-90.46937,19.92803],[-90.46941,19.92797],[-90.46949,19.92792],[-90.46954,19.92785],[-90.46956,19.92778],[-90.46958,19.92772],[-90.46965,19.92772],[-90.4697,19.92773],[-90.46974,19.92771],[-90.4698,19.92768],[-90.46985,19.92764],[-90.46994,19.92754],[-90.46999,19.92747],[-90.47005,19.92743],[-90.47013,19.92733],[-90.47016,19.92724],[-90.47019,19.92715],[-90.47021,19.9271],[-90.4703,19.92702],[-90.47036,19.92696],[-90.47041,19.92686],[-90.47039,19.92679],[-90.47039,19.92672],[-90.47039,19.92669],[-90.47039,19.92669],[-90.47039,19.92664],[-90.47041,19.92656],[-90.47044,19.92651],[-90.47045,19.92645],[-90.47045,19.92643],[-90.47042,19.92638],[-90.47038,19.92638],[-90.47035,19.92638],[-90.47036,19.92632],[-90.47036,19.92632],[-90.47038,19.92626],[-90.47051,19.92627],[-90.47051,19.92627],[-90.47053,19.92627],[-90.47054,19.92626],[-90.47054,19.92626],[-90.47056,19.92623],[-90.47058,19.92621],[-90.47064,19.92617],[-90.47071,19.92614],[-90.47077,19.92611],[-90.47081,19.92604],[-90.47084,19.92599],[-90.47089,19.92595],[-90.47097,19.9259],[-90.47099,19.92584],[-90.47105,19.9258],[-90.4711,19.92579],[-90.47115,19.9258],[-90.47118,19.92583],[-90.47123,19.92583],[-90.47123,19.92585],[-90.47129,19.92584],[-90.47138,19.92584],[-90.47144,19.92582],[-90.47149,19.9258],[-90.47153,19.92578],[-90.47156,19.92571],[-90.47162,19.92566],[-90.47168,19.92564],[-90.47173,19.92565],[-90.47173,19.92565],[-90.4718,19.92561],[-90.47185,19.92555],[-90.47187,19.92552],[-90.47189,19.92548],[-90.4719,19.92543],[-90.47192,19.92539],[-90.47197,19.92535],[-90.47199,19.92528],[-90.47201,19.92522],[-90.47208,19.92519],[-90.47214,19.92517],[-90.47216,19.92515],[-90.47218,19.92513],[-90.47218,19.92511],[-90.47219,19.92506],[-90.47222,19.925],[-90.47227,19.92495],[-90.47226,19.92485],[-90.47231,19.92483],[-90.47234,19.92483],[-90.47237,19.92482],[-90.47242,19.92475],[-90.47244,19.92472],[-90.47244,19.92472],[-90.47245,19.92471],[-90.47245,19.92464],[-90.47246,19.92462],[-90.47246,19.92462],[-90.47246,19.92461],[-90.47245,19.9246],[-90.47242,19.92459],[-90.4724,19.92459],[-90.47238,19.92458],[-90.47239,19.92453],[-90.47242,19.92451],[-90.47242,19.9245],[-90.47244,19.92447],[-90.47244,19.92441],[-90.4724,19.92437],[-90.47244,19.9243],[-90.47251,19.92428],[-90.47254,19.92422],[-90.47257,19.92417],[-90.47256,19.92413],[-90.47258,19.92409],[-90.47262,19.92408],[-90.47268,19.92408],[-90.4727,19.92407],[-90.47273,19.92401],[-90.47279,19.924],[-90.47281,19.92396],[-90.47282,19.92392],[-90.4728,19.9239],[-90.47281,19.92387],[-90.47285,19.9238],[-90.4729,19.92375],[-90.47295,19.9237],[-90.47301,19.92363],[-90.47302,19.92359],[-90.47303,19.92352],[-90.47302,19.9235],[-90.47302,19.92347],[-90.47303,19.92341],[-90.47303,19.92325],[-90.47309,19.92311],[-90.47313,19.923],[-90.4732,19.92292],[-90.4732,19.92286],[-90.47311,19.92282],[-90.47311,19.92274],[-90.47311,19.92268],[-90.47316,19.92264],[-90.47323,19.92258],[-90.47325,19.9225],[-90.47326,19.92247],[-90.47331,19.92241],[-90.47331,19.92231],[-90.47326,19.92216],[-90.47321,19.92204],[-90.47319,19.92202],[-90.47312,19.92196],[-90.47314,19.92185],[-90.47317,19.92177],[-90.47317,19.92177],[-90.47316,19.92176],[-90.4731,19.92152],[-90.47307,19.92133],[-90.47309,19.92109],[-90.47309,19.92104],[-90.47305,19.92095],[-90.473,19.92084],[-90.473,19.92084],[-90.47296,19.92075],[-90.47293,19.92069],[-90.4729,19.92067],[-90.47288,19.92064],[-90.47284,19.92064],[-90.47281,19.92064],[-90.47277,19.92064],[-90.47271,19.92065],[-90.47268,19.92065],[-90.47268,19.92065],[-90.47262,19.92066],[-90.47256,19.92066],[-90.47253,19.92064],[-90.47255,19.92059],[-90.47251,19.9205],[-90.4725,19.92049],[-90.47249,19.92043],[-90.47239,19.92036],[-90.47232,19.92031],[-90.47228,19.92025],[-90.47223,19.92019],[-90.47229,19.92007],[-90.47236,19.92011],[-90.47276,19.92026],[-90.47286,19.92027],[-90.47298,19.92026],[-90.47314,19.9202],[-90.47356,19.91978],[-90.47363,19.91968],[-90.47372,19.91945],[-90.4737,19.91931],[-90.47376,19.91919],[-90.47382,19.91915],[-90.47385,19.9191],[-90.47382,19.91901],[-90.47381,19.91898],[-90.4738,19.91896],[-90.47378,19.91891],[-90.47394,19.91879],[-90.47408,19.91867],[-90.47413,19.91863],[-90.4742,19.91861],[-90.47425,19.91853],[-90.47425,19.91853],[-90.47431,19.91846],[-90.47435,19.91845],[-90.47435,19.91844],[-90.47435,19.91844],[-90.47437,19.91844],[-90.47444,19.91841],[-90.47453,19.91831],[-90.47452,19.91828],[-90.47462,19.91817],[-90.47474,19.91803],[-90.47482,19.91787],[-90.47484,19.91785],[-90.47484,19.91784],[-90.475,19.91752],[-90.475,19.91751],[-90.47507,19.91749],[-90.47507,19.91739],[-90.47512,19.91736],[-90.47518,19.91732],[-90.4752,19.91726],[-90.47514,19.91718],[-90.47514,19.91718],[-90.47512,19.91716],[-90.47512,19.91716],[-90.47502,19.91715],[-90.47499,19.91723],[-90.47492,19.91721],[-90.47489,19.91722],[-90.47486,19.91723],[-90.47479,19.91729],[-90.4748,19.91737],[-90.47477,19.91737],[-90.47475,19.91735],[-90.47469,19.9173],[-90.47465,19.9173],[-90.47464,19.9172],[-90.47466,19.91714],[-90.47478,19.91714],[-90.47482,19.91711],[-90.47491,19.91706],[-90.47498,19.91707],[-90.47505,19.91707],[-90.47514,19.91706],[-90.47516,19.91705],[-90.47521,19.91703],[-90.47521,19.91703],[-90.47521,19.91703],[-90.47525,19.91696],[-90.47525,19.91694],[-90.47525,19.91694],[-90.47525,19.91689],[-90.47523,19.91683],[-90.47523,19.91683],[-90.47519,19.91679],[-90.47514,19.91679],[-90.47511,19.91679],[-90.47506,19.91679],[-90.47501,19.91674],[-90.47499,19.91669],[-90.47506,19.91661],[-90.47515,19.91661],[-90.47517,19.91669],[-90.47522,19.91673],[-90.47528,19.91676],[-90.47528,19.91676],[-90.47534,19.91676],[-90.47534,19.91676],[-90.47535,19.91676],[-90.47541,19.91669],[-90.47541,19.91669],[-90.47541,19.91668],[-90.47547,19.91661],[-90.47548,19.91659],[-90.47551,19.91653],[-90.47553,19.91648],[-90.4756,19.91644],[-90.47563,19.91647],[-90.47565,19.91648],[-90.47568,19.91647],[-90.47568,19.91647],[-90.47573,19.91647],[-90.47578,19.9164],[-90.47578,19.9164],[-90.4758,19.91637],[-90.47581,19.91633],[-90.47599,19.91623],[-90.47616,19.91622],[-90.47624,19.91621],[-90.47639,19.9161],[-90.4764,19.91593],[-90.47638,19.91573],[-90.47631,19.91561],[-90.4763,19.91532],[-90.47634,19.91532],[-90.47634,19.91524],[-90.4763,19.91517],[-90.4763,19.91517],[-90.47626,19.91513],[-90.47619,19.91514],[-90.47616,19.91514],[-90.47608,19.91508],[-90.47608,19.91505],[-90.47607,19.91498],[-90.47614,19.91493],[-90.47616,19.91494],[-90.47622,19.91503],[-90.47629,19.91504],[-90.4763,19.91504],[-90.47638,19.915],[-90.47642,19.91494],[-90.47637,19.91486],[-90.47636,19.91479],[-90.47633,19.91471],[-90.47639,19.91466],[-90.47639,19.9146],[-90.47633,19.91452],[-90.47634,19.91446],[-90.47629,19.91441],[-90.47629,19.91439],[-90.47629,19.91438],[-90.47629,19.91438],[-90.47641,19.91423],[-90.47641,19.91414],[-90.47639,19.91412],[-90.47629,19.91403],[-90.47639,19.91403],[-90.47642,19.91404],[-90.47643,19.91405],[-90.47647,19.91397],[-90.4765,19.914],[-90.47655,19.91395],[-90.47656,19.91391],[-90.47662,19.91385],[-90.4766,19.91382],[-90.47661,19.9138],[-90.47661,19.9138],[-90.47661,19.9138],[-90.47661,19.9138],[-90.47661,19.9138],[-90.47662,19.9137],[-90.47663,19.91365],[-90.47658,19.91366],[-90.47655,19.91366],[-90.47658,19.91359],[-90.47661,19.91347],[-90.47665,19.91341],[-90.47669,19.91329],[-90.4767,19.91316],[-90.47675,19.91311],[-90.47677,19.91309],[-90.47677,19.91309],[-90.47678,19.91307],[-90.47678,19.91305],[-90.47678,19.91305],[-90.47675,19.91294],[-90.4768,19.9129],[-90.4768,19.9129],[-90.4768,19.9129],[-90.47683,19.91297],[-90.47684,19.91297],[-90.47691,19.91295],[-90.47696,19.91289],[-90.47696,19.91271],[-90.47688,19.91261],[-90.47687,19.91254],[-90.47687,19.91251],[-90.47687,19.91242],[-90.47685,19.91234],[-90.47685,19.91228],[-90.47681,19.91218],[-90.47686,19.91213],[-90.47695,19.91204],[-90.47696,19.91204],[-90.47705,19.91203],[-90.47706,19.91198],[-90.47707,19.91197],[-90.47716,19.91191],[-90.47722,19.91184],[-90.47733,19.9118],[-90.47734,19.91173],[-90.47729,19.91165],[-90.47716,19.91168],[-90.4771,19.91169],[-90.47706,19.91168],[-90.47706,19.91168],[-90.47701,19.91167],[-90.47691,19.91164],[-90.47689,19.91158],[-90.47688,19.91155],[-90.47688,19.91155],[-90.47688,19.91155],[-90.47687,19.91152],[-90.47688,19.91152],[-90.4769,19.9115],[-90.4769,19.9115],[-90.47693,19.91148],[-90.47693,19.91143],[-90.47693,19.91143],[-90.47694,19.91134],[-90.47696,19.91112],[-90.47703,19.9111],[-90.47708,19.91109],[-90.47708,19.91109],[-90.47708,19.91109],[-90.47712,19.91108],[-90.47713,19.91108],[-90.47724,19.91109],[-90.47731,19.91102],[-90.47733,19.91098],[-90.47744,19.91098],[-90.47754,19.91078],[-90.4775,19.91072],[-90.47741,19.91073],[-90.47738,19.91073],[-90.47735,19.91065],[-90.47737,19.9106],[-90.47737,19.9106],[-90.47737,19.91059],[-90.47737,19.91059],[-90.47737,19.91059],[-90.47737,19.91059],[-90.47748,19.9106],[-90.47748,19.9106],[-90.47753,19.91054],[-90.47756,19.91048],[-90.47765,19.91043],[-90.47765,19.91031],[-90.47764,19.91028],[-90.47763,19.91027],[-90.47762,19.91018],[-90.47768,19.91018],[-90.47769,19.91018],[-90.47776,19.91012],[-90.47776,19.91003],[-90.47774,19.91001],[-90.47772,19.90999],[-90.47772,19.90999],[-90.4777,19.90996],[-90.47773,19.9099],[-90.47782,19.9098],[-90.47782,19.90979],[-90.47784,19.90979],[-90.47784,19.90979],[-90.47793,19.90978],[-90.47802,19.90973],[-90.47802,19.90969],[-90.47803,19.90963],[-90.47802,19.9096],[-90.47802,19.90958],[-90.47802,19.90947],[-90.47802,19.90947],[-90.47802,19.90947],[-90.47809,19.90935],[-90.47811,19.90931],[-90.47815,19.90933],[-90.47818,19.90936],[-90.47823,19.90939],[-90.47824,19.90941],[-90.4783,19.90937],[-90.47841,19.9092],[-90.47842,19.9092],[-90.47843,19.90911],[-90.47849,19.90907],[-90.47856,19.90892],[-90.47856,19.90892],[-90.47857,19.9089],[-90.47858,19.90888],[-90.47858,19.90888],[-90.47861,19.90884],[-90.47874,19.90866],[-90.4788,19.90865],[-90.4788,19.90862],[-90.4788,19.90855],[-90.47881,19.90852],[-90.47884,19.90845],[-90.47884,19.90845],[-90.47884,19.90844],[-90.47884,19.90844],[-90.47884,19.90844],[-90.47893,19.90842],[-90.47894,19.90841],[-90.47916,19.90827],[-90.47926,19.9082],[-90.47929,19.9082],[-90.4793,19.90816],[-90.4793,19.90816],[-90.4793,19.90813],[-90.4793,19.90813],[-90.47934,19.90808],[-90.47938,19.90807],[-90.47941,19.90807],[-90.4795,19.90802],[-90.47952,19.90802],[-90.47952,19.90802],[-90.47953,19.90802],[-90.4796,19.90804],[-90.47959,19.90798],[-90.47959,19.90798],[-90.47959,19.90798],[-90.47959,19.90795],[-90.47959,19.90794],[-90.47959,19.90791],[-90.47963,19.90785],[-90.47967,19.90785],[-90.4797,19.9079],[-90.47971,19.90791],[-90.47971,19.90791],[-90.47972,19.90792],[-90.47975,19.90792],[-90.4798,19.90791],[-90.47983,19.90787],[-90.4798,19.90785],[-90.4798,19.90785],[-90.4798,19.90785],[-90.47978,19.90784],[-90.47972,19.90781],[-90.47981,19.90778],[-90.47985,19.90774],[-90.47984,19.90772],[-90.47979,19.90766],[-90.4798,19.9076],[-90.47987,19.90764],[-90.47994,19.90764],[-90.47996,19.9076],[-90.47994,19.90752],[-90.47986,19.90749],[-90.47989,19.90745],[-90.47997,19.90744],[-90.48002,19.90743],[-90.48003,19.90751],[-90.48002,19.9076],[-90.48,19.9077],[-90.47999,19.90774],[-90.47999,19.90774],[-90.47999,19.90775],[-90.47999,19.90776],[-90.48011,19.90778],[-90.48015,19.90774],[-90.48021,19.9077],[-90.48027,19.90765],[-90.48034,19.90764],[-90.48037,19.90759],[-90.48033,19.90753],[-90.48033,19.90753],[-90.48033,19.90753],[-90.48032,19.90751],[-90.48034,19.90748],[-90.48042,19.90747],[-90.48043,19.90747],[-90.48043,19.90747],[-90.48052,19.90746],[-90.48054,19.90739],[-90.48061,19.90737],[-90.48064,19.90734],[-90.48068,19.90734],[-90.48068,19.90727],[-90.48068,19.90727],[-90.48067,19.90725],[-90.48067,19.9072],[-90.48071,19.90714],[-90.48074,19.90708],[-90.48079,19.90701],[-90.48085,19.90705],[-90.48085,19.90705],[-90.48085,19.90705],[-90.48085,19.90705],[-90.48094,19.90705],[-90.481,19.90699],[-90.48101,19.90691],[-90.48098,19.90688],[-90.48097,19.90687],[-90.48097,19.90687],[-90.48092,19.90684],[-90.48101,19.90682],[-90.48101,19.90682],[-90.48101,19.90682],[-90.48103,19.90681],[-90.48104,19.9068],[-90.48107,19.90676],[-90.48112,19.90672],[-90.48114,19.90665],[-90.48114,19.90663],[-90.48114,19.90662],[-90.48114,19.90662],[-90.48115,19.90659],[-90.48118,19.90652],[-90.48111,19.90649],[-90.48123,19.90649],[-90.48123,19.90649],[-90.48123,19.90649],[-90.48129,19.90648],[-90.48137,19.90645],[-90.4814,19.90633],[-90.48143,19.90627],[-90.48146,19.90616],[-90.48146,19.90615],[-90.48146,19.90615],[-90.48146,19.90614],[-90.48143,19.90605],[-90.48147,19.90601],[-90.48157,19.90596],[-90.48157,19.90596],[-90.4816,19.90595],[-90.4816,19.90595],[-90.48167,19.90591],[-90.48174,19.90583],[-90.48176,19.90577],[-90.48179,19.90569],[-90.48179,19.90569],[-90.48179,19.90567],[-90.48179,19.90567],[-90.48178,19.90558],[-90.48185,19.90551],[-90.48192,19.90545],[-90.48195,19.90551],[-90.48196,19.90553],[-90.48198,19.90556],[-90.48205,19.90558],[-90.48211,19.90555],[-90.48217,19.90541],[-90.48219,19.90533],[-90.4822,19.90531],[-90.48223,19.9053],[-90.48226,19.90529],[-90.48227,19.90526],[-90.48229,19.90523],[-90.48229,19.90523],[-90.48241,19.90512],[-90.48241,19.90512],[-90.48253,19.90504],[-90.48266,19.90501],[-90.48266,19.90501],[-90.48269,19.90498],[-90.48269,19.90497],[-90.48269,19.90489],[-90.48269,19.90483],[-90.48272,19.90468],[-90.48278,19.90464],[-90.48283,19.90456],[-90.48283,19.90456],[-90.48284,19.90453],[-90.48289,19.90447],[-90.4829,19.90446],[-90.48296,19.90436],[-90.483,19.90418],[-90.48299,19.90414],[-90.48299,19.90413],[-90.48299,19.9041],[-90.48299,19.9041],[-90.483,19.90405],[-90.48301,19.90399],[-90.48303,19.90396],[-90.48305,19.90394],[-90.48305,19.90394],[-90.4831,19.90388],[-90.48309,19.90384],[-90.48314,19.90371],[-90.48315,19.90367],[-90.48321,19.9035],[-90.48325,19.90348],[-90.48325,19.90348],[-90.48331,19.90341],[-90.48339,19.90332],[-90.48342,19.90317],[-90.48341,19.90316],[-90.4834,19.90313],[-90.48344,19.90305],[-90.48343,19.90301],[-90.48353,19.90283],[-90.48359,19.90281],[-90.48368,19.90277],[-90.48373,19.90263],[-90.48377,19.9025],[-90.48379,19.90245],[-90.4838,19.90246],[-90.48382,19.90247],[-90.4839,19.90243],[-90.48391,19.90239],[-90.48393,19.90229],[-90.48391,19.90228],[-90.48389,19.90227],[-90.48392,19.90223],[-90.4839,19.90214],[-90.4839,19.90214],[-90.4839,19.90208],[-90.48394,19.90208],[-90.48394,19.90208],[-90.48395,19.90208],[-90.48397,19.90215],[-90.48399,19.90215],[-90.48403,19.90214],[-90.48412,19.90208],[-90.48412,19.90199],[-90.48409,19.90197],[-90.48408,19.90195],[-90.48414,19.90186],[-90.48416,19.90184],[-90.48426,19.90179],[-90.48423,19.90174],[-90.48431,19.90166],[-90.48433,19.90155],[-90.48433,19.90153],[-90.48438,19.90147],[-90.48441,19.90142],[-90.48446,19.90133],[-90.48446,19.90131],[-90.48448,19.90125],[-90.4845,19.90124],[-90.48452,19.90122],[-90.48457,19.90126],[-90.48463,19.90123],[-90.48464,19.90116],[-90.48464,19.90108],[-90.48462,19.901],[-90.48471,19.90093],[-90.48471,19.9008],[-90.48481,19.90069],[-90.48482,19.90062],[-90.48482,19.90062],[-90.48483,19.90053],[-90.48483,19.90047],[-90.48486,19.90047],[-90.4849,19.90046],[-90.4849,19.90046],[-90.48497,19.90046],[-90.48496,19.90033],[-90.48496,19.90033],[-90.48496,19.90032],[-90.48497,19.90032],[-90.48497,19.90032],[-90.48504,19.90025],[-90.48504,19.90015],[-90.48504,19.90015],[-90.48505,19.90007],[-90.48509,19.90005],[-90.48509,19.90005],[-90.48517,19.90001],[-90.48514,19.89994],[-90.48514,19.89994],[-90.48512,19.89989],[-90.48509,19.89981],[-90.48509,19.89981],[-90.48509,19.8998],[-90.4851,19.89978],[-90.48513,19.8997],[-90.48517,19.89961],[-90.4852,19.89956],[-90.48524,19.89948],[-90.48531,19.89947],[-90.48533,19.89938],[-90.48533,19.89932],[-90.48536,19.89922],[-90.4854,19.89914],[-90.48545,19.89906],[-90.48545,19.899],[-90.48545,19.89899],[-90.48549,19.89889],[-90.4855,19.89888],[-90.48559,19.89881],[-90.48563,19.89871],[-90.48564,19.89858],[-90.48564,19.89855],[-90.48564,19.89844],[-90.48559,19.89836],[-90.48557,19.89832],[-90.48565,19.89832],[-90.48573,19.89833],[-90.48575,19.89827],[-90.48579,19.8982],[-90.48581,19.89819],[-90.48587,19.89817],[-90.48589,19.8981],[-90.48589,19.89801],[-90.48593,19.89789],[-90.48597,19.89785],[-90.48599,19.89785],[-90.48601,19.89777],[-90.48607,19.89767],[-90.4861,19.89755],[-90.48607,19.89751],[-90.48605,19.89749],[-90.48599,19.89745],[-90.48594,19.8974],[-90.4859,19.89729],[-90.48592,19.89722],[-90.48598,19.89717],[-90.48604,19.89715],[-90.48612,19.89715],[-90.48621,19.89711],[-90.48623,19.8971],[-90.48625,19.89703],[-90.48627,19.89694],[-90.4863,19.89683],[-90.48631,19.89679],[-90.48638,19.89675],[-90.48638,19.89675],[-90.4864,19.89673],[-90.4864,19.89673],[-90.4864,19.89672],[-90.48641,19.89664],[-90.48646,19.89663],[-90.48649,19.89662],[-90.4865,19.89655],[-90.48651,19.89645],[-90.48656,19.89644],[-90.48663,19.89644],[-90.48667,19.89636],[-90.48666,19.89626],[-90.48665,19.89624],[-90.48668,19.89611],[-90.48674,19.89612],[-90.48675,19.89612],[-90.48683,19.89608],[-90.48683,19.89601],[-90.48681,19.89599],[-90.48675,19.89595],[-90.48675,19.89587],[-90.48679,19.89576],[-90.48689,19.89571],[-90.487,19.89568],[-90.48704,19.89567],[-90.48707,19.89558],[-90.48714,19.89549],[-90.4872,19.89546],[-90.4872,19.89537],[-90.48721,19.89528],[-90.48718,19.89518],[-90.4873,19.89521],[-90.48731,19.89521],[-90.48733,19.89518],[-90.48733,19.89518],[-90.48738,19.8951],[-90.48746,19.89501],[-90.48754,19.89491],[-90.48762,19.89478],[-90.48762,19.89477],[-90.48768,19.89468],[-90.4877,19.89467],[-90.48771,19.89467],[-90.48771,19.89467],[-90.48782,19.89466],[-90.48786,19.89458],[-90.48784,19.8945],[-90.48784,19.89449],[-90.48783,19.89444],[-90.48783,19.89444],[-90.48783,19.89441],[-90.48781,19.89433],[-90.48776,19.89424],[-90.48779,19.89421],[-90.48791,19.89421],[-90.488,19.89423],[-90.48806,19.89422],[-90.48811,19.89422],[-90.48817,19.89415],[-90.4883,19.89413],[-90.48833,19.89405],[-90.48834,19.89392],[-90.48833,19.89388],[-90.48831,19.89378],[-90.48829,19.8937],[-90.48828,19.8936],[-90.48832,19.89355],[-90.48839,19.89346],[-90.48842,19.89327],[-90.48849,19.89317],[-90.48853,19.89314],[-90.48857,19.89316],[-90.48862,19.89314],[-90.48866,19.89313],[-90.48875,19.89311],[-90.48879,19.89299],[-90.48875,19.89294],[-90.4887,19.89287],[-90.48873,19.89285],[-90.48881,19.89284],[-90.48885,19.89284],[-90.48889,19.89282],[-90.48889,19.89272],[-90.48889,19.89267],[-90.48896,19.89258],[-90.48901,19.89248],[-90.48903,19.89246],[-90.48909,19.89242],[-90.48909,19.89236],[-90.48909,19.89235],[-90.48895,19.89231],[-90.4889,19.89227],[-90.48905,19.89228],[-90.48913,19.89225],[-90.48922,19.89218],[-90.48927,19.89217],[-90.4893,19.89217],[-90.48938,19.89212],[-90.48939,19.89206],[-90.48941,19.89199],[-90.48945,19.89197],[-90.48945,19.89197],[-90.48951,19.89195],[-90.48951,19.89195],[-90.48957,19.89188],[-90.48958,19.89182],[-90.48959,19.89177],[-90.4896,19.89167],[-90.4896,19.89167],[-90.48961,19.89164],[-90.48962,19.89164],[-90.48962,19.89164],[-90.48969,19.89163],[-90.48969,19.89163],[-90.48976,19.89151],[-90.48978,19.89141],[-90.48979,19.89131],[-90.48979,19.8913],[-90.48979,19.8913],[-90.48979,19.8913],[-90.48978,19.89125],[-90.4898,19.89118],[-90.48982,19.89112],[-90.48983,19.89109],[-90.48982,19.89109],[-90.48979,19.89106],[-90.48973,19.89105],[-90.48968,19.89105],[-90.48966,19.89099],[-90.48988,19.89096],[-90.48989,19.89096],[-90.48996,19.89096],[-90.48996,19.89096],[-90.49005,19.89095],[-90.49006,19.89076],[-90.49006,19.89076],[-90.49006,19.89073],[-90.49003,19.89065],[-90.49002,19.89064],[-90.49001,19.89053],[-90.49009,19.89047],[-90.49012,19.89034],[-90.49008,19.89017],[-90.49014,19.89015],[-90.49029,19.89009],[-90.49035,19.88994],[-90.49043,19.88984],[-90.49049,19.88982],[-90.49053,19.8898],[-90.49053,19.8898],[-90.49056,19.88979],[-90.49061,19.88965],[-90.49072,19.88959],[-90.49076,19.8895],[-90.49076,19.88946],[-90.49075,19.8894],[-90.49076,19.88936],[-90.49076,19.88936],[-90.49076,19.8893],[-90.49081,19.88927],[-90.49081,19.88927],[-90.49082,19.88926],[-90.49092,19.88924],[-90.49092,19.88924],[-90.49095,19.88919],[-90.49095,19.88914],[-90.49095,19.88905],[-90.49096,19.8889],[-90.49096,19.88877],[-90.49096,19.88864],[-90.49096,19.88857],[-90.49099,19.88854],[-90.49102,19.88852],[-90.4911,19.8885],[-90.4911,19.8885],[-90.49121,19.88844],[-90.49128,19.88841],[-90.49131,19.88834],[-90.49134,19.88819],[-90.49134,19.88813],[-90.49134,19.88812],[-90.49134,19.88807],[-90.49137,19.88806],[-90.49139,19.88803],[-90.49141,19.88799],[-90.49142,19.88796],[-90.49142,19.88795],[-90.49142,19.88795],[-90.49144,19.88783],[-90.49147,19.88782],[-90.49153,19.88781],[-90.49156,19.88773],[-90.49154,19.88766],[-90.49153,19.88761],[-90.49152,19.88748],[-90.49155,19.8874],[-90.49163,19.8874],[-90.49168,19.88742],[-90.49173,19.88744],[-90.49182,19.88739],[-90.49183,19.88729],[-90.49182,19.88726],[-90.49179,19.88719],[-90.49183,19.88718],[-90.49186,19.88709],[-90.49197,19.88702],[-90.49207,19.88702],[-90.49211,19.88701],[-90.49212,19.88694],[-90.49211,19.88689],[-90.49216,19.88685],[-90.49229,19.88684],[-90.49231,19.88669],[-90.49236,19.8866],[-90.49242,19.88659],[-90.49246,19.88666],[-90.49249,19.88665],[-90.49249,19.88665],[-90.49253,19.88663],[-90.49256,19.88658],[-90.49256,19.88649],[-90.49256,19.88649],[-90.49256,19.88647],[-90.49255,19.88646],[-90.49256,19.8864],[-90.49258,19.88632],[-90.49259,19.88629],[-90.49261,19.88623],[-90.49266,19.88621],[-90.49266,19.88612],[-90.4926,19.88606],[-90.49259,19.88601],[-90.49265,19.88593],[-90.49275,19.88589],[-90.49276,19.88588],[-90.4928,19.88582],[-90.49278,19.88578],[-90.49276,19.88573],[-90.49279,19.88561],[-90.49281,19.88553],[-90.49285,19.88541],[-90.49294,19.88536],[-90.49294,19.88536],[-90.49298,19.8853],[-90.49297,19.88527],[-90.49296,19.88523],[-90.49294,19.88515],[-90.49296,19.88505],[-90.49306,19.88505],[-90.49307,19.88505],[-90.49315,19.88502],[-90.49317,19.88497],[-90.49318,19.88495],[-90.49325,19.88488],[-90.49328,19.8849],[-90.49328,19.8849],[-90.49331,19.88491],[-90.49336,19.88495],[-90.49336,19.88496],[-90.49338,19.88495],[-90.49343,19.88494],[-90.49347,19.88487],[-90.49345,19.88478],[-90.49341,19.88472],[-90.49341,19.88472],[-90.4934,19.88471],[-90.49341,19.88458],[-90.49351,19.88453],[-90.49361,19.88451],[-90.49364,19.88457],[-90.49367,19.88467],[-90.49366,19.88475],[-90.49375,19.88481],[-90.49375,19.88481],[-90.49376,19.88482],[-90.49388,19.88481],[-90.49389,19.88481],[-90.49389,19.88481],[-90.49396,19.88477],[-90.49399,19.88468],[-90.494,19.8846],[-90.49406,19.8846],[-90.49413,19.88459],[-90.49418,19.88462],[-90.49426,19.88466],[-90.49429,19.88471],[-90.49429,19.88472],[-90.49439,19.88472],[-90.49446,19.88466],[-90.49448,19.8846],[-90.49448,19.88458],[-90.49453,19.88458],[-90.49461,19.88458],[-90.49463,19.88455],[-90.49466,19.88452],[-90.49476,19.88449],[-90.49486,19.88445],[-90.49497,19.88442],[-90.49502,19.88446],[-90.49502,19.88446],[-90.49502,19.88446],[-90.49504,19.88448],[-90.49514,19.88449],[-90.49526,19.88449],[-90.49532,19.88452],[-90.49539,19.88451],[-90.49539,19.88451],[-90.49547,19.8845],[-90.49548,19.8845],[-90.4956,19.88452],[-90.49564,19.88457],[-90.49564,19.88459],[-90.49565,19.88466],[-90.49566,19.88471],[-90.49578,19.88484],[-90.49582,19.88488],[-90.49588,19.8849],[-90.49602,19.88493],[-90.4961,19.8849],[-90.49612,19.8849],[-90.49613,19.88489],[-90.49652,19.88473],[-90.49659,19.88467],[-90.49664,19.88461],[-90.49665,19.8846],[-90.49665,19.8846],[-90.4967,19.88457],[-90.49674,19.8845],[-90.49674,19.8845],[-90.49678,19.88442],[-90.49683,19.88432],[-90.49684,19.88431],[-90.49692,19.88426],[-90.49691,19.88423],[-90.49698,19.88419],[-90.49704,19.88412],[-90.49709,19.88399],[-90.4971,19.8839],[-90.4971,19.88389],[-90.4971,19.88389],[-90.49717,19.88381],[-90.49719,19.88378],[-90.49721,19.88374],[-90.49722,19.88375],[-90.49728,19.88379],[-90.49752,19.88361],[-90.49774,19.88339],[-90.49795,19.8831],[-90.49809,19.88305],[-90.49827,19.88292],[-90.4983,19.8829],[-90.49832,19.88288],[-90.49832,19.88288],[-90.49843,19.88274],[-90.49847,19.8827],[-90.49863,19.88255],[-90.49882,19.88241],[-90.49894,19.88232],[-90.49896,19.88231],[-90.49896,19.88231],[-90.49896,19.88231],[-90.49911,19.88217],[-90.49921,19.88203],[-90.4993,19.88184],[-90.49935,19.88171],[-90.49935,19.88171],[-90.49935,19.88168],[-90.49936,19.88158],[-90.49943,19.88153],[-90.4995,19.88149],[-90.4996,19.88149],[-90.49966,19.88149],[-90.49969,19.88149],[-90.4997,19.88149],[-90.49976,19.88147],[-90.49976,19.88141],[-90.49976,19.8814],[-90.49976,19.88139],[-90.49976,19.88138],[-90.49976,19.88124],[-90.49993,19.88113],[-90.50007,19.88104],[-90.50017,19.88099],[-90.50025,19.88095],[-90.50031,19.88093],[-90.50045,19.88075],[-90.50048,19.8806],[-90.50038,19.88052],[-90.50023,19.8806],[-90.50022,19.8806],[-90.50021,19.88055],[-90.50019,19.88046],[-90.50017,19.88046],[-90.50005,19.88042],[-90.5,19.88033],[-90.5,19.88032],[-90.49998,19.88004],[-90.50004,19.87981],[-90.50023,19.87949],[-90.50026,19.87945],[-90.50029,19.8791],[-90.50031,19.87876],[-90.50032,19.87867],[-90.50028,19.87861],[-90.50028,19.87861],[-90.50024,19.87855],[-90.50025,19.87846],[-90.5003,19.87844],[-90.50037,19.87835],[-90.50038,19.87832],[-90.50038,19.87825],[-90.50037,19.87813],[-90.50045,19.87802],[-90.50061,19.87797],[-90.50066,19.87795],[-90.50078,19.87777],[-90.50078,19.87767],[-90.50076,19.87752],[-90.50077,19.87742],[-90.50093,19.87732],[-90.50094,19.87731],[-90.50095,19.87728],[-90.50095,19.87728],[-90.50098,19.87722],[-90.50097,19.87713],[-90.50097,19.87713],[-90.50097,19.87711],[-90.50097,19.8771],[-90.50095,19.87693],[-90.50092,19.87679],[-90.50089,19.87671],[-90.50083,19.87665],[-90.50091,19.87659],[-90.50101,19.87661],[-90.50101,19.87661],[-90.50104,19.8766],[-90.50104,19.8766],[-90.50117,19.87653],[-90.50125,19.87641],[-90.50122,19.87623],[-90.50121,19.87614],[-90.50121,19.87614],[-90.50118,19.87596],[-90.5013,19.87582],[-90.50136,19.87575],[-90.50136,19.87575],[-90.50152,19.87555],[-90.5017,19.87541],[-90.50189,19.87515],[-90.50199,19.87502],[-90.50201,19.87499],[-90.50201,19.87499],[-90.50217,19.87478],[-90.50229,19.87461],[-90.50249,19.87435],[-90.50274,19.8741],[-90.50277,19.87407],[-90.50283,19.87392],[-90.50297,19.87381],[-90.50314,19.8737],[-90.5032,19.87364],[-90.50335,19.87342],[-90.50337,19.8734],[-90.50338,19.87339],[-90.50343,19.87334],[-90.50349,19.87329],[-90.50349,19.87329],[-90.50361,19.87318],[-90.50371,19.87305],[-90.50379,19.87302],[-90.50379,19.87302],[-90.50384,19.87299],[-90.50391,19.87291],[-90.50394,19.87285],[-90.50394,19.87285],[-90.50396,19.87278],[-90.50397,19.87277],[-90.50402,19.87261],[-90.50406,19.87252],[-90.50408,19.87248],[-90.50415,19.87245],[-90.50416,19.8725],[-90.50421,19.87254],[-90.50421,19.87254],[-90.50426,19.87256],[-90.50437,19.87256],[-90.50437,19.87256],[-90.50444,19.8725],[-90.50445,19.87249],[-90.50449,19.87241],[-90.50456,19.87237],[-90.50456,19.87237],[-90.50459,19.87231],[-90.50459,19.8723],[-90.50458,19.87219],[-90.5046,19.87212],[-90.50466,19.87208],[-90.50467,19.87207],[-90.50468,19.87202],[-90.50468,19.872],[-90.50468,19.872],[-90.50468,19.872],[-90.5047,19.87194],[-90.50467,19.87184],[-90.5046,19.8718],[-90.50465,19.87176],[-90.50473,19.87179],[-90.50476,19.87178],[-90.5048,19.87173],[-90.50481,19.87165],[-90.50484,19.87161],[-90.5049,19.8716],[-90.50498,19.87159],[-90.50507,19.87155],[-90.50511,19.87152],[-90.50511,19.87152],[-90.50511,19.87152],[-90.50517,19.87148],[-90.50525,19.87143],[-90.50525,19.87142],[-90.50526,19.87142],[-90.50532,19.87132],[-90.50535,19.87125],[-90.50536,19.87124],[-90.50536,19.87124],[-90.50536,19.87124],[-90.50541,19.87111],[-90.50552,19.87106],[-90.50552,19.87106],[-90.50552,19.87106],[-90.50554,19.87105],[-90.50568,19.87098],[-90.50569,19.87098],[-90.5059,19.87076],[-90.5059,19.87075],[-90.5059,19.87063],[-90.5059,19.87063],[-90.5059,19.87055],[-90.50597,19.87052],[-90.50597,19.87052],[-90.50599,19.87043],[-90.50599,19.87043],[-90.50601,19.87032],[-90.50608,19.87025],[-90.50614,19.8702],[-90.50623,19.87016],[-90.50628,19.87013],[-90.50631,19.8701],[-90.50637,19.87006],[-90.50647,19.86998],[-90.50647,19.86998],[-90.50648,19.86997],[-90.50661,19.86988],[-90.5067,19.86977],[-90.5067,19.86971],[-90.5067,19.86971],[-90.50671,19.86969],[-90.50673,19.86958],[-90.50686,19.8694],[-90.50692,19.86933],[-90.50694,19.86932],[-90.50698,19.86929],[-90.50699,19.86922],[-90.50699,19.86922],[-90.50697,19.86916],[-90.50695,19.86908],[-90.50697,19.86905],[-90.50699,19.86899],[-90.507,19.86893],[-90.507,19.86888],[-90.507,19.86888],[-90.507,19.86887],[-90.50702,19.86885],[-90.50707,19.86885],[-90.50716,19.86886],[-90.50716,19.86886],[-90.50716,19.86886],[-90.50718,19.86885],[-90.50725,19.86882],[-90.50726,19.86873],[-90.50727,19.86866],[-90.50726,19.8686],[-90.50726,19.86859],[-90.50726,19.86859],[-90.50726,19.86859],[-90.50726,19.86851],[-90.50726,19.86842],[-90.50728,19.86836],[-90.5073,19.86834],[-90.5073,19.86834],[-90.5073,19.86834],[-90.50733,19.86831],[-90.50734,19.86825],[-90.50729,19.86824],[-90.5073,19.86818],[-90.50724,19.86812],[-90.50721,19.86811],[-90.50718,19.8681],[-90.50714,19.86809],[-90.50714,19.86804],[-90.50713,19.86804],[-90.50713,19.86804],[-90.50713,19.86802],[-90.50715,19.86797],[-90.5072,19.86792],[-90.50724,19.86791],[-90.50732,19.86788],[-90.50737,19.86787],[-90.50738,19.86786],[-90.50738,19.86785],[-90.50738,19.86784],[-90.50739,19.86778],[-90.50742,19.86774],[-90.50746,19.86773],[-90.50746,19.86772],[-90.50748,19.8677],[-90.50751,19.86766],[-90.50756,19.86758],[-90.50757,19.86751],[-90.50758,19.86748],[-90.50769,19.86749],[-90.5077,19.86749],[-90.50777,19.8675],[-90.50786,19.86747],[-90.50791,19.86743],[-90.50795,19.86737],[-90.50797,19.86733],[-90.50798,19.8673],[-90.50799,19.86721],[-90.50799,19.8672],[-90.50801,19.86714],[-90.50805,19.86714],[-90.50805,19.86714],[-90.50808,19.86714],[-90.50813,19.86712],[-90.50815,19.86708],[-90.50821,19.86704],[-90.50822,19.86703],[-90.50825,19.86696],[-90.50836,19.86687],[-90.50841,19.86679],[-90.50841,19.86674],[-90.50841,19.8667],[-90.50846,19.86665],[-90.50849,19.86666],[-90.50852,19.86667],[-90.50861,19.86665],[-90.50862,19.86667],[-90.50862,19.86667],[-90.50871,19.86657],[-90.50891,19.86631],[-90.50887,19.86626],[-90.50888,19.86625],[-90.50897,19.86618],[-90.50915,19.86607],[-90.50998,19.86558],[-90.5102,19.86539],[-90.51034,19.86527],[-90.51034,19.86527],[-90.51038,19.86532],[-90.51041,19.86536],[-90.51044,19.86538],[-90.51044,19.86538],[-90.51044,19.86538],[-90.51044,19.86539],[-90.51047,19.86542],[-90.51047,19.86542],[-90.51053,19.86542],[-90.51056,19.86539],[-90.51079,19.86541],[-90.51092,19.8654],[-90.51193,19.86476],[-90.51274,19.86424],[-90.51297,19.86409],[-90.5133,19.86388],[-90.51383,19.86353],[-90.51421,19.8632],[-90.51439,19.86307],[-90.51442,19.86305],[-90.51553,19.86242],[-90.51585,19.86223],[-90.51607,19.8621],[-90.51611,19.86211],[-90.51611,19.86208],[-90.51686,19.86165],[-90.51737,19.86138],[-90.51739,19.86137],[-90.51759,19.86129],[-90.51783,19.86119],[-90.5179,19.86114],[-90.5179,19.86114],[-90.518,19.86128],[-90.51802,19.86131],[-90.51802,19.86131],[-90.51798,19.86134],[-90.51791,19.8614],[-90.51777,19.86152],[-90.51777,19.86152],[-90.51777,19.86152],[-90.51755,19.86173],[-90.51755,19.86174],[-90.51754,19.86176],[-90.51753,19.86179],[-90.51753,19.86182],[-90.51754,19.86182],[-90.51756,19.86184],[-90.51758,19.86185],[-90.51758,19.86185],[-90.51758,19.86185],[-90.51762,19.86184],[-90.51775,19.86171],[-90.51775,19.8617],[-90.51797,19.86152],[-90.51797,19.86152],[-90.51809,19.86143],[-90.51809,19.86142],[-90.51811,19.86141],[-90.51817,19.86137],[-90.51822,19.86135],[-90.51842,19.86126],[-90.51864,19.8612],[-90.51875,19.86118],[-90.51879,19.86117],[-90.51882,19.86115],[-90.51882,19.86115],[-90.51883,19.86114],[-90.51884,19.86112],[-90.51884,19.86109],[-90.51884,19.86107],[-90.51883,19.86106],[-90.51882,19.86105],[-90.51882,19.86104],[-90.51881,19.86104],[-90.5188,19.86103],[-90.51878,19.86102],[-90.51869,19.86103],[-90.51858,19.86106],[-90.51837,19.86114],[-90.51816,19.86123],[-90.51815,19.86124],[-90.51804,19.86106],[-90.51882,19.86043],[-90.51932,19.86012],[-90.52019,19.85956],[-90.52035,19.85945],[-90.52069,19.85924],[-90.5209,19.85912],[-90.52133,19.85887],[-90.52149,19.8588],[-90.52165,19.85883],[-90.52173,19.85891],[-90.52188,19.85908],[-90.52195,19.85916],[-90.52228,19.85941],[-90.52268,19.85968],[-90.52316,19.86013],[-90.52571,19.8626],[-90.52749,19.8643],[-90.52913,19.86595],[-90.53125,19.86399],[-90.53191,19.86339],[-90.53188,19.86325],[-90.53184,19.86322],[-90.5318,19.86323],[-90.53178,19.86321],[-90.53178,19.86321],[-90.53176,19.86324],[-90.53154,19.86347],[-90.53148,19.86353],[-90.53142,19.86359],[-90.53142,19.86359],[-90.53142,19.86359],[-90.52943,19.86542],[-90.5294,19.86539],[-90.52914,19.86513],[-90.52896,19.86496],[-90.52869,19.86468],[-90.52866,19.86465],[-90.5287,19.86461],[-90.53067,19.86286],[-90.53124,19.86335],[-90.53134,19.86328],[-90.53134,19.86321],[-90.53129,19.86313],[-90.53048,19.86227],[-90.53031,19.86225],[-90.53031,19.86225],[-90.53027,19.86225],[-90.5302,19.8623],[-90.5302,19.8623],[-90.5302,19.8623],[-90.5302,19.8623],[-90.52808,19.86434],[-90.528,19.86442],[-90.52792,19.86434],[-90.52475,19.86128],[-90.52472,19.86125],[-90.52569,19.86036],[-90.52573,19.86032],[-90.52469,19.85932],[-90.52382,19.85849],[-90.52301,19.85923],[-90.52233,19.8586],[-90.52217,19.85843],[-90.52211,19.85836],[-90.52286,19.85792],[-90.52355,19.85754],[-90.52438,19.85711],[-90.52482,19.85693],[-90.52482,19.85693],[-90.52491,19.8569],[-90.52522,19.85678],[-90.52539,19.85674],[-90.5254,19.85674],[-90.5254,19.85674],[-90.52559,19.85669],[-90.5257,19.85666],[-90.52581,19.85662],[-90.52587,19.8566],[-90.52644,19.85646],[-90.52669,19.85643],[-90.5269,19.85644],[-90.52692,19.85643],[-90.52702,19.85647],[-90.52707,19.85648],[-90.52712,19.85649],[-90.52715,19.85649],[-90.52719,19.85649],[-90.52721,19.85648],[-90.52724,19.85647],[-90.5273,19.85643],[-90.52737,19.85637],[-90.5275,19.8563],[-90.52761,19.85623],[-90.52764,19.85621],[-90.52766,19.8562],[-90.52777,19.85614],[-90.5278,19.85612],[-90.52795,19.85606],[-90.52824,19.85592],[-90.5283,19.85589],[-90.52833,19.85589],[-90.52857,19.85583],[-90.52892,19.85571],[-90.52895,19.8557],[-90.53018,19.85529],[-90.53048,19.85518],[-90.53099,19.85498],[-90.53172,19.85467],[-90.53211,19.85449],[-90.53214,19.85448],[-90.53264,19.85425],[-90.53302,19.85402],[-90.53341,19.85379],[-90.53357,19.85366],[-90.53366,19.85359],[-90.53393,19.8534],[-90.53413,19.85322],[-90.53416,19.8532],[-90.53427,19.85311],[-90.53429,19.85311],[-90.53429,19.85311],[-90.5343,19.85311],[-90.53436,19.85313],[-90.53436,19.85314],[-90.53443,19.85315],[-90.53449,19.85315],[-90.5345,19.85315],[-90.5345,19.85315],[-90.53453,19.85315],[-90.53457,19.85314],[-90.5346,19.85312],[-90.53462,19.8531],[-90.53466,19.85307],[-90.53468,19.85305],[-90.5347,19.853],[-90.53471,19.85293],[-90.53471,19.85286],[-90.53468,19.85281],[-90.53466,19.85278],[-90.53466,19.85272],[-90.5347,19.85269],[-90.53502,19.85232],[-90.5354,19.85201],[-90.53595,19.85147],[-90.53611,19.85131],[-90.53629,19.85119],[-90.53666,19.85097],[-90.53695,19.85079],[-90.53697,19.85078],[-90.53703,19.85075],[-90.53707,19.85072],[-90.53709,19.85069],[-90.5371,19.85066],[-90.53712,19.85061],[-90.53719,19.85035],[-90.53724,19.85026],[-90.53727,19.85021],[-90.53733,19.85014],[-90.53738,19.85009],[-90.53738,19.85009],[-90.53742,19.85005],[-90.53742,19.85005],[-90.53787,19.84962],[-90.53787,19.84962],[-90.53794,19.84955],[-90.53798,19.84949],[-90.53805,19.84941],[-90.53805,19.84941],[-90.53821,19.84928],[-90.53833,19.84922],[-90.53839,19.84918],[-90.53844,19.84915],[-90.5385,19.84913],[-90.53855,19.8491],[-90.5386,19.84907],[-90.53865,19.84904],[-90.5387,19.84901],[-90.53876,19.84898],[-90.5388,19.84894],[-90.53884,19.84889],[-90.53885,19.84889],[-90.53888,19.84885],[-90.53891,19.84883],[-90.53898,19.84876],[-90.539,19.84874],[-90.53903,19.8487],[-90.53906,19.84866],[-90.53908,19.8486],[-90.53913,19.84856],[-90.53919,19.84852],[-90.53923,19.84848],[-90.53926,19.84845],[-90.5393,19.84842],[-90.53933,19.84839],[-90.53937,19.84836],[-90.53939,19.84833],[-90.53942,19.8483],[-90.53947,19.84825],[-90.53951,19.8482],[-90.53959,19.84811],[-90.53961,19.84812],[-90.53961,19.84812],[-90.53965,19.84821],[-90.53967,19.84824],[-90.53967,19.84825],[-90.53968,19.84826],[-90.53967,19.8483],[-90.53966,19.84831],[-90.53966,19.84832],[-90.53965,19.84834],[-90.53964,19.84837],[-90.53964,19.8484],[-90.53964,19.8484],[-90.53964,19.8484],[-90.53965,19.84843],[-90.53967,19.84846],[-90.5397,19.84849],[-90.53974,19.84852],[-90.53978,19.84853],[-90.53981,19.84853],[-90.53986,19.84852],[-90.53989,19.8485],[-90.53992,19.84848],[-90.53994,19.84844],[-90.53994,19.84843],[-90.53995,19.84841],[-90.53995,19.84837],[-90.53994,19.84834],[-90.53992,19.84831],[-90.5399,19.84828],[-90.53987,19.84825],[-90.53984,19.84824],[-90.53982,19.84824],[-90.53979,19.84824],[-90.53976,19.84822],[-90.53974,19.8482],[-90.53971,19.84814],[-90.53968,19.84808],[-90.53967,19.84806],[-90.53967,19.84805],[-90.53965,19.84802],[-90.53972,19.84792],[-90.53976,19.84786],[-90.53981,19.8478],[-90.53985,19.84773],[-90.53989,19.84768],[-90.53992,19.84763],[-90.54001,19.84756],[-90.54007,19.84754],[-90.54011,19.8475],[-90.54011,19.8475],[-90.54016,19.84746],[-90.54016,19.84746],[-90.54022,19.84741],[-90.54031,19.84733],[-90.54036,19.84729],[-90.54036,19.84729],[-90.54038,19.84727],[-90.54041,19.84724],[-90.54043,19.84722],[-90.54044,19.84721],[-90.54048,19.84719],[-90.54053,19.84718],[-90.54057,19.84716],[-90.54063,19.84714],[-90.54069,19.84713],[-90.54075,19.84711],[-90.54082,19.8471],[-90.5409,19.84708],[-90.541,19.84706],[-90.54107,19.84703],[-90.54114,19.84702],[-90.5412,19.847],[-90.54125,19.84698],[-90.54134,19.84695],[-90.5414,19.84693],[-90.54147,19.84689],[-90.54152,19.84686],[-90.54158,19.84681],[-90.54163,19.84676],[-90.54169,19.84671],[-90.54176,19.84664],[-90.5418,19.84658],[-90.54184,19.84653],[-90.54189,19.84647],[-90.54193,19.84641],[-90.54197,19.84633],[-90.542,19.84626],[-90.54204,19.84616],[-90.54205,19.84608],[-90.54207,19.84602],[-90.54207,19.84601],[-90.54208,19.8459],[-90.54209,19.84578],[-90.54209,19.84575],[-90.5421,19.8457],[-90.54212,19.84567],[-90.54213,19.84565],[-90.54214,19.84564],[-90.54216,19.8456],[-90.54214,19.84557],[-90.54214,19.84557],[-90.54219,19.84553],[-90.54223,19.8455],[-90.54225,19.84548],[-90.54225,19.84548],[-90.54232,19.84542],[-90.54232,19.84542],[-90.54237,19.84538],[-90.54242,19.84534],[-90.54242,19.84533],[-90.54247,19.84529],[-90.54247,19.84529],[-90.54252,19.84525],[-90.54252,19.84525],[-90.54256,19.8452],[-90.54256,19.8452],[-90.5426,19.84516],[-90.54265,19.84511],[-90.54269,19.84507],[-90.54273,19.84502],[-90.54278,19.84498],[-90.54278,19.84498],[-90.54282,19.84493],[-90.54286,19.84489],[-90.54286,19.84489],[-90.54291,19.84485],[-90.54291,19.84485],[-90.54295,19.84481],[-90.543,19.84477],[-90.543,19.84477],[-90.54304,19.84474],[-90.54309,19.84471],[-90.54314,19.84468],[-90.54318,19.84465],[-90.54324,19.84464],[-90.5433,19.84463],[-90.54335,19.84462],[-90.54338,19.84461],[-90.54342,19.8446],[-90.54348,19.84458],[-90.54354,19.84456],[-90.54359,19.84453],[-90.54363,19.8445],[-90.54366,19.84447],[-90.54366,19.84447],[-90.54368,19.84445],[-90.54368,19.84445],[-90.54371,19.84442],[-90.54374,19.84438],[-90.54378,19.84434],[-90.5438,19.84428],[-90.54383,19.84423],[-90.54385,19.84418],[-90.54387,19.84412],[-90.54389,19.84407],[-90.5439,19.84401],[-90.54392,19.84396],[-90.54395,19.84389],[-90.54398,19.84385],[-90.54401,19.84383],[-90.54401,19.84383],[-90.54402,19.84381],[-90.54402,19.84381],[-90.54402,19.84381],[-90.54406,19.84377],[-90.5441,19.84373],[-90.54414,19.84369],[-90.54418,19.84365],[-90.54418,19.84365],[-90.54422,19.84361],[-90.54422,19.84361],[-90.54424,19.84359],[-90.54424,19.84359],[-90.54431,19.84353],[-90.54431,19.84353],[-90.54431,19.84353],[-90.54452,19.84335],[-90.54452,19.84335],[-90.54465,19.84323],[-90.54465,19.84322],[-90.54465,19.84322],[-90.54472,19.84315],[-90.54485,19.84302],[-90.54498,19.84289],[-90.54498,19.84289],[-90.54526,19.84264],[-90.54526,19.84264],[-90.54533,19.84258],[-90.54541,19.84253],[-90.54549,19.84249],[-90.54557,19.84244],[-90.54566,19.8424],[-90.54574,19.84236],[-90.54583,19.84233],[-90.54592,19.8423],[-90.54601,19.84226],[-90.54609,19.84221],[-90.54616,19.84215],[-90.54623,19.84209],[-90.54623,19.84209],[-90.54629,19.84201],[-90.54634,19.84191],[-90.54637,19.84181],[-90.54641,19.84171],[-90.54645,19.84162],[-90.54649,19.84154],[-90.54654,19.84146],[-90.5466,19.84139],[-90.54666,19.84132],[-90.54673,19.84125],[-90.54673,19.84125],[-90.54679,19.84118],[-90.54686,19.84112],[-90.54686,19.84112],[-90.54693,19.84106],[-90.54693,19.84106],[-90.547,19.841],[-90.54707,19.84094],[-90.54714,19.84088],[-90.54714,19.84088],[-90.54724,19.84079],[-90.54724,19.84079],[-90.54725,19.84078],[-90.54725,19.84078],[-90.54725,19.84078],[-90.54727,19.84075],[-90.54734,19.84068],[-90.5474,19.84061],[-90.54747,19.84055],[-90.54747,19.84055],[-90.54754,19.84049],[-90.54761,19.84043],[-90.54764,19.84041],[-90.54769,19.84038],[-90.54769,19.84038],[-90.54776,19.84037],[-90.54779,19.84036],[-90.5478,19.84036],[-90.54788,19.84033],[-90.54798,19.84031],[-90.54807,19.84028],[-90.54815,19.84024],[-90.54824,19.84018],[-90.5483,19.84014],[-90.5483,19.84014],[-90.54836,19.84007],[-90.54842,19.83999],[-90.54848,19.83991],[-90.54852,19.83984],[-90.54854,19.83976],[-90.54858,19.83966],[-90.5486,19.83958],[-90.54862,19.83953],[-90.54865,19.8395],[-90.54868,19.83946],[-90.54868,19.83946],[-90.54872,19.83944],[-90.54879,19.83938],[-90.54886,19.83932],[-90.54894,19.83927],[-90.54901,19.83921],[-90.54908,19.83915],[-90.54908,19.83915],[-90.54915,19.83909],[-90.54919,19.83907],[-90.54923,19.83906],[-90.54927,19.83906],[-90.54931,19.83905],[-90.54936,19.83906],[-90.54941,19.83906],[-90.54947,19.83907],[-90.54959,19.83911],[-90.5496,19.83911],[-90.54961,19.83912],[-90.55018,19.83935],[-90.5502,19.83933],[-90.5502,19.83933],[-90.55021,19.83932],[-90.55048,19.83907],[-90.55051,19.83903],[-90.55051,19.83903],[-90.55048,19.83899],[-90.55047,19.83898],[-90.55046,19.83897],[-90.55046,19.83897],[-90.55017,19.83923],[-90.5498,19.83906],[-90.54976,19.83894],[-90.54981,19.8387],[-90.54982,19.83867],[-90.55002,19.83852],[-90.55038,19.83826],[-90.55069,19.83812],[-90.55105,19.83799],[-90.55144,19.83768],[-90.55158,19.83735],[-90.55158,19.83733],[-90.5518,19.83696],[-90.5519,19.83689],[-90.55215,19.83674],[-90.55244,19.83661],[-90.55289,19.83637],[-90.55318,19.83611],[-90.55344,19.83577],[-90.55359,19.83563],[-90.55383,19.83544],[-90.55406,19.83532],[-90.55434,19.83524],[-90.55442,19.83523],[-90.55449,19.83522],[-90.55456,19.8352],[-90.55465,19.83516],[-90.55473,19.83511],[-90.55478,19.83504],[-90.55481,19.835],[-90.55484,19.83492],[-90.55487,19.83482],[-90.55492,19.83475],[-90.55497,19.8347],[-90.55503,19.83467],[-90.5551,19.83466],[-90.55516,19.83463],[-90.55525,19.8346],[-90.5554,19.83454],[-90.55561,19.8344],[-90.5559,19.83418],[-90.55605,19.8341],[-90.55611,19.83409],[-90.55617,19.8341],[-90.55624,19.83414],[-90.55637,19.8342],[-90.55647,19.83421],[-90.55647,19.83421],[-90.55657,19.83431],[-90.55657,19.83432],[-90.55681,19.83452],[-90.55734,19.83498],[-90.55766,19.83468],[-90.55749,19.83453],[-90.55729,19.83474],[-90.55695,19.83443],[-90.5568,19.83431],[-90.55679,19.83431],[-90.55683,19.83427],[-90.55683,19.83408],[-90.55703,19.834],[-90.55721,19.83393],[-90.55738,19.83386],[-90.55743,19.8338],[-90.55735,19.83359],[-90.55733,19.83352],[-90.55735,19.83348],[-90.55738,19.83346],[-90.55744,19.83346],[-90.5575,19.83348],[-90.55775,19.83369],[-90.55781,19.8337],[-90.55793,19.83368],[-90.55823,19.83355],[-90.55846,19.83346],[-90.55872,19.83332],[-90.55889,19.83323],[-90.55918,19.83306],[-90.55938,19.83293],[-90.55945,19.83287],[-90.5595,19.83274],[-90.5595,19.83257],[-90.55945,19.83248],[-90.55937,19.83238],[-90.55929,19.83235],[-90.55916,19.83225],[-90.55902,19.83212],[-90.55906,19.8321],[-90.55912,19.83213],[-90.55923,19.8322],[-90.55928,19.83218],[-90.55952,19.83205],[-90.55956,19.83203],[-90.55952,19.83197],[-90.55947,19.8319],[-90.55945,19.83187],[-90.55944,19.83186],[-90.55947,19.83184],[-90.55948,19.83183],[-90.55965,19.83172],[-90.5597,19.83179],[-90.55979,19.83173],[-90.5598,19.83175],[-90.55981,19.83175],[-90.55981,19.83175],[-90.55982,19.83175],[-90.55982,19.83174],[-90.55982,19.83173],[-90.55982,19.83172],[-90.55986,19.83169],[-90.55988,19.83171],[-90.5599,19.83173],[-90.55992,19.83174],[-90.55994,19.83175],[-90.55996,19.83174],[-90.55997,19.83173],[-90.55998,19.83173],[-90.55998,19.83171],[-90.55999,19.8317],[-90.55998,19.83168],[-90.55998,19.83166],[-90.55996,19.83163],[-90.55994,19.83159],[-90.55993,19.83156],[-90.55992,19.83153],[-90.55992,19.83152],[-90.55992,19.8315],[-90.55992,19.83148],[-90.55993,19.83146],[-90.55993,19.83145],[-90.55994,19.83143],[-90.55995,19.83141],[-90.55997,19.83139],[-90.56002,19.83135],[-90.5601,19.83132],[-90.56011,19.83132],[-90.56026,19.83154],[-90.5603,19.8316],[-90.56032,19.83163],[-90.56033,19.83164],[-90.56035,19.83164],[-90.56037,19.83164],[-90.56039,19.83162],[-90.56038,19.83161],[-90.56038,19.8316],[-90.56037,19.83158],[-90.56041,19.83155],[-90.56081,19.83133],[-90.56078,19.8313],[-90.56114,19.83109],[-90.56119,19.83116],[-90.56155,19.83095],[-90.56157,19.83094],[-90.56161,19.83092],[-90.56158,19.83087],[-90.56155,19.83083],[-90.56155,19.83082],[-90.56152,19.83078],[-90.56212,19.83053],[-90.56229,19.83081],[-90.5627,19.83064],[-90.56274,19.83062],[-90.56269,19.83055],[-90.56266,19.83051],[-90.56268,19.83049],[-90.5627,19.83048],[-90.56282,19.83041],[-90.56284,19.83044],[-90.56284,19.83044],[-90.5629,19.83041],[-90.56283,19.83032],[-90.56298,19.83024],[-90.56311,19.83016],[-90.56347,19.82996],[-90.56357,19.8301],[-90.56363,19.83007],[-90.56352,19.82993],[-90.56361,19.82987],[-90.56358,19.82982],[-90.56384,19.82968],[-90.56442,19.82936],[-90.5644,19.82934],[-90.56443,19.82932],[-90.56459,19.82926],[-90.56465,19.82935],[-90.56468,19.82936],[-90.56471,19.82935],[-90.56472,19.82934],[-90.56473,19.82933],[-90.56474,19.82932],[-90.56475,19.82931],[-90.56475,19.82929],[-90.56498,19.82914],[-90.56499,19.82914],[-90.56504,19.82912],[-90.56503,19.82911],[-90.56501,19.82908],[-90.56506,19.82907],[-90.56508,19.8291],[-90.56509,19.82911],[-90.56511,19.8291],[-90.56503,19.82899],[-90.56526,19.82886],[-90.56533,19.82895],[-90.56533,19.82896],[-90.56538,19.82902],[-90.5654,19.829],[-90.56545,19.82897],[-90.56544,19.82896],[-90.56541,19.82893],[-90.56541,19.82893],[-90.56543,19.82891],[-90.56544,19.82891],[-90.56544,19.8289],[-90.56545,19.8289],[-90.56546,19.82888],[-90.56545,19.82886],[-90.56543,19.82882],[-90.56545,19.8288],[-90.56554,19.82867],[-90.56575,19.82852],[-90.5658,19.82849],[-90.5658,19.82849],[-90.56583,19.82852],[-90.56583,19.82852],[-90.56583,19.82852],[-90.56583,19.82852],[-90.56585,19.82851],[-90.56586,19.82851],[-90.56589,19.82849],[-90.56587,19.82846],[-90.56587,19.82846],[-90.56598,19.82839],[-90.56602,19.82837],[-90.56602,19.82837],[-90.56604,19.82836],[-90.56604,19.82836],[-90.56606,19.8284],[-90.56606,19.8284],[-90.56609,19.82838],[-90.56609,19.82838],[-90.56612,19.82836],[-90.5661,19.82834],[-90.56617,19.8283],[-90.56621,19.82828],[-90.56624,19.82826],[-90.56624,19.82826],[-90.56629,19.82834],[-90.56629,19.82834],[-90.56639,19.82828],[-90.56639,19.82828],[-90.56643,19.82825],[-90.56642,19.82824],[-90.56642,19.82824],[-90.56641,19.82822],[-90.56659,19.82814],[-90.5666,19.82813],[-90.56661,19.82813],[-90.56665,19.82811],[-90.56668,19.82809],[-90.5668,19.82803],[-90.56706,19.8279],[-90.56715,19.82786],[-90.56715,19.82786],[-90.56717,19.82784],[-90.56724,19.82778],[-90.56728,19.82774],[-90.56732,19.82771],[-90.56739,19.82768],[-90.56739,19.82768],[-90.56739,19.82768],[-90.56743,19.82773],[-90.56747,19.82772],[-90.56744,19.82769],[-90.56743,19.82766],[-90.5674,19.82762],[-90.56739,19.82762],[-90.5674,19.82761],[-90.56758,19.82751],[-90.56765,19.82747],[-90.56775,19.82741],[-90.56775,19.82741],[-90.56786,19.82734],[-90.56795,19.82729],[-90.56809,19.82721],[-90.56809,19.8272],[-90.56816,19.82716],[-90.56816,19.82716],[-90.56822,19.82711],[-90.56823,19.8271],[-90.56828,19.82706],[-90.56833,19.82701],[-90.56855,19.82688],[-90.5686,19.82686],[-90.56872,19.82681],[-90.56885,19.82673],[-90.56895,19.82667],[-90.56898,19.82671],[-90.56901,19.82676],[-90.56901,19.82676],[-90.56907,19.82685],[-90.56908,19.82684],[-90.56909,19.82684],[-90.56909,19.82684],[-90.56912,19.82682],[-90.56902,19.82669],[-90.56901,19.82667],[-90.56908,19.82663],[-90.56905,19.82659],[-90.56915,19.82652],[-90.56932,19.82642],[-90.56932,19.82642],[-90.56935,19.8264],[-90.56935,19.82641],[-90.56936,19.82641],[-90.5694,19.82646],[-90.56933,19.82652],[-90.56933,19.82653],[-90.56966,19.82631],[-90.57012,19.82604],[-90.57007,19.82604],[-90.57005,19.826],[-90.57004,19.82598],[-90.57005,19.82598],[-90.57016,19.82593],[-90.57027,19.8259],[-90.57044,19.8259],[-90.57048,19.82592],[-90.57054,19.82593],[-90.57054,19.82594],[-90.57058,19.82597],[-90.5706,19.82599],[-90.57061,19.826],[-90.57065,19.82603],[-90.5707,19.82607],[-90.57094,19.82644],[-90.57144,19.82723],[-90.57147,19.82727],[-90.57149,19.82731],[-90.57155,19.8274],[-90.57157,19.82739],[-90.57159,19.82739],[-90.57161,19.82738],[-90.57157,19.8273],[-90.57153,19.82725],[-90.57167,19.82718],[-90.57171,19.82716],[-90.57169,19.82712],[-90.57167,19.8271],[-90.57167,19.82709],[-90.57162,19.82712],[-90.57147,19.8272],[-90.57081,19.82605],[-90.57079,19.82599],[-90.57078,19.82595],[-90.57078,19.82595],[-90.5708,19.82591],[-90.5708,19.82591],[-90.57079,19.82588],[-90.57079,19.82586],[-90.57079,19.82585],[-90.57079,19.82585],[-90.57089,19.82579],[-90.57092,19.82582],[-90.57092,19.82582],[-90.57109,19.82576],[-90.57109,19.82576],[-90.5711,19.82572],[-90.5711,19.82572],[-90.57112,19.82571],[-90.57135,19.82559],[-90.57136,19.82559],[-90.57137,19.82558],[-90.57138,19.82555],[-90.57127,19.82537],[-90.57124,19.82532],[-90.57127,19.8253],[-90.57134,19.82526],[-90.57137,19.82524],[-90.57141,19.82522],[-90.57141,19.82522],[-90.57142,19.82523],[-90.57147,19.82529],[-90.57152,19.82534],[-90.5717,19.82561],[-90.57171,19.82563],[-90.5717,19.82566],[-90.57169,19.82567],[-90.57169,19.82568],[-90.57165,19.82576],[-90.57165,19.82579],[-90.57165,19.82581],[-90.57165,19.82584],[-90.57165,19.82585],[-90.57168,19.82589],[-90.57176,19.82606],[-90.57198,19.82639],[-90.57218,19.82673],[-90.57221,19.82679],[-90.57225,19.82688],[-90.57226,19.82691],[-90.57228,19.82699],[-90.57231,19.82704],[-90.57234,19.82709],[-90.57238,19.82712],[-90.57241,19.82713],[-90.57245,19.82711],[-90.57245,19.82711],[-90.57245,19.82711],[-90.57248,19.82709],[-90.57248,19.82708],[-90.57248,19.82708],[-90.57249,19.82705],[-90.57249,19.82702],[-90.57249,19.82701],[-90.57255,19.82696],[-90.57255,19.82696],[-90.57259,19.82692],[-90.57261,19.8269],[-90.57261,19.8269],[-90.57262,19.82688],[-90.57261,19.82685],[-90.57259,19.82684],[-90.57258,19.82683],[-90.57258,19.82683],[-90.57257,19.82683],[-90.57247,19.82689],[-90.57243,19.82693],[-90.57243,19.82692],[-90.57241,19.8269],[-90.57177,19.82583],[-90.57176,19.82582],[-90.57176,19.82582],[-90.57178,19.82572],[-90.5718,19.82566],[-90.57175,19.82559],[-90.57154,19.82528],[-90.57152,19.82525],[-90.57152,19.82524],[-90.57156,19.82522],[-90.57212,19.82494],[-90.57209,19.82489],[-90.57205,19.82482],[-90.57242,19.8246],[-90.57248,19.8246],[-90.57252,19.82466],[-90.57253,19.82467],[-90.57254,19.82467],[-90.5726,19.82464],[-90.57262,19.82463],[-90.57278,19.82454],[-90.5728,19.82453],[-90.57279,19.82448],[-90.57279,19.82448],[-90.57277,19.82443],[-90.57313,19.82425],[-90.5733,19.82416],[-90.57331,19.82413],[-90.57361,19.82395],[-90.57406,19.8238],[-90.57483,19.82353],[-90.5749,19.82364],[-90.57514,19.82352],[-90.5751,19.82342],[-90.57548,19.82322],[-90.57554,19.82334],[-90.57643,19.82288],[-90.57642,19.82286],[-90.57631,19.82267],[-90.57629,19.82263],[-90.57629,19.82262],[-90.57645,19.82252],[-90.57653,19.82263],[-90.57681,19.82249],[-90.57728,19.82225],[-90.57736,19.8222],[-90.57771,19.82199],[-90.57799,19.82182],[-90.57855,19.82153],[-90.57877,19.82136],[-90.57895,19.8212],[-90.57918,19.82092],[-90.57956,19.8207],[-90.57968,19.82064],[-90.57972,19.82062],[-90.57974,19.8206],[-90.5798,19.82058],[-90.58011,19.82043],[-90.58023,19.82036],[-90.58027,19.82035],[-90.58035,19.82031],[-90.58036,19.8203],[-90.5805,19.82021],[-90.58086,19.82003],[-90.581,19.81998],[-90.58119,19.81987],[-90.58119,19.81987],[-90.5813,19.81981],[-90.58147,19.81968],[-90.58147,19.81967],[-90.58165,19.81961],[-90.58182,19.8196],[-90.58195,19.81958],[-90.58203,19.81958],[-90.58207,19.81959],[-90.58207,19.81959],[-90.58211,19.81959],[-90.58214,19.81958],[-90.58225,19.81951],[-90.5824,19.81947],[-90.58242,19.81946],[-90.58244,19.81944],[-90.58248,19.81941],[-90.58248,19.81941],[-90.58255,19.81933],[-90.5826,19.81926],[-90.5826,19.81926],[-90.5826,19.81926],[-90.58263,19.81921],[-90.58267,19.81923],[-90.58268,19.81923],[-90.58268,19.81923],[-90.58268,19.81923],[-90.58271,19.8192],[-90.58277,19.81916],[-90.58287,19.81909],[-90.5829,19.81907],[-90.5829,19.81906],[-90.5829,19.81906],[-90.5829,19.81906],[-90.5829,19.81906],[-90.58293,19.81901],[-90.58295,19.81898],[-90.58298,19.81897],[-90.58304,19.81894],[-90.58308,19.81891],[-90.58308,19.81891],[-90.58312,19.81887],[-90.58313,19.81887],[-90.58314,19.81886],[-90.58314,19.81886],[-90.58324,19.81881],[-90.58331,19.8188],[-90.58339,19.81877],[-90.58347,19.81875],[-90.58358,19.81873],[-90.58367,19.81873],[-90.58382,19.81866],[-90.58391,19.81864],[-90.58399,19.8186],[-90.58405,19.81855],[-90.58412,19.8185],[-90.58412,19.8185],[-90.58412,19.8185],[-90.58412,19.81849],[-90.58411,19.81844],[-90.58412,19.81844],[-90.58415,19.81841],[-90.58415,19.81841],[-90.58415,19.81841],[-90.58412,19.81836],[-90.58412,19.81836],[-90.58427,19.81826],[-90.58428,19.81825],[-90.58429,19.81824],[-90.58429,19.81824],[-90.58429,19.81823],[-90.58431,19.81821],[-90.58438,19.81808],[-90.5846,19.81792],[-90.58463,19.81796],[-90.58493,19.81831],[-90.58507,19.81825],[-90.5849,19.81795],[-90.5856,19.81747],[-90.58564,19.81747],[-90.58564,19.81747],[-90.58581,19.81765],[-90.5859,19.81761],[-90.58591,19.81762],[-90.58595,19.81765],[-90.58597,19.81768],[-90.58599,19.8177],[-90.586,19.81769],[-90.58602,19.81767],[-90.58646,19.81822],[-90.58646,19.81823],[-90.58648,19.81821],[-90.5865,19.8182],[-90.58652,19.81819],[-90.58653,19.81818],[-90.58649,19.81813],[-90.58642,19.81806],[-90.58604,19.81759],[-90.58602,19.81757],[-90.58602,19.81756],[-90.58583,19.81733],[-90.58589,19.81721],[-90.5859,19.81718],[-90.58592,19.81714],[-90.58592,19.81712],[-90.58592,19.81712],[-90.58594,19.81703],[-90.58589,19.8169],[-90.58592,19.81685],[-90.58594,19.81683],[-90.58603,19.81674],[-90.58604,19.81674],[-90.58608,19.81672],[-90.58616,19.81663],[-90.58619,19.8166],[-90.58627,19.81652],[-90.58637,19.81644],[-90.58639,19.81643],[-90.58643,19.81642],[-90.58652,19.81641],[-90.58653,19.81641],[-90.58654,19.81639],[-90.58655,19.81638],[-90.58658,19.81633],[-90.58659,19.81627],[-90.58659,19.81627],[-90.58658,19.81622],[-90.58658,19.81621],[-90.58664,19.81616],[-90.58674,19.81608],[-90.5868,19.81603],[-90.58694,19.81594],[-90.58736,19.81569],[-90.58783,19.81544],[-90.58856,19.81505],[-90.58869,19.81498],[-90.58904,19.81475],[-90.58922,19.81463],[-90.58929,19.81457],[-90.58929,19.81457],[-90.58929,19.81457],[-90.5893,19.81456],[-90.58942,19.81442],[-90.58942,19.81442],[-90.58943,19.81442],[-90.58958,19.8143],[-90.58963,19.81426],[-90.58963,19.81426],[-90.58963,19.81426],[-90.58969,19.81422],[-90.5898,19.81416],[-90.58981,19.81416],[-90.58981,19.81416],[-90.58997,19.81406],[-90.59005,19.81402],[-90.59021,19.81397],[-90.59039,19.81395],[-90.59046,19.81397],[-90.59059,19.814],[-90.59075,19.81413],[-90.59078,19.8141],[-90.59083,19.81406],[-90.59088,19.81412],[-90.59089,19.81414],[-90.59123,19.81462],[-90.5917,19.81528],[-90.59164,19.81533],[-90.5917,19.81542],[-90.59171,19.81543],[-90.59171,19.81543],[-90.59169,19.81544],[-90.59164,19.81546],[-90.59168,19.81551],[-90.59172,19.81549],[-90.59173,19.81548],[-90.59171,19.81546],[-90.59172,19.81545],[-90.59177,19.81543],[-90.59188,19.8156],[-90.59185,19.81561],[-90.59184,19.81562],[-90.59184,19.81562],[-90.59183,19.81563],[-90.59178,19.81565],[-90.59181,19.81569],[-90.59186,19.81567],[-90.59187,19.81567],[-90.59186,19.81566],[-90.59186,19.81563],[-90.5919,19.81562],[-90.5922,19.81604],[-90.59224,19.81619],[-90.59227,19.8163],[-90.59225,19.81633],[-90.5926,19.8168],[-90.59265,19.81678],[-90.59277,19.81671],[-90.59308,19.81715],[-90.59308,19.81715],[-90.59309,19.81715],[-90.59311,19.81713],[-90.59323,19.81706],[-90.59284,19.81653],[-90.59262,19.81621],[-90.5926,19.81617],[-90.5922,19.81563],[-90.59211,19.81553],[-90.59192,19.81532],[-90.59188,19.81526],[-90.59188,19.81526],[-90.59184,19.81521],[-90.59183,19.81522],[-90.59179,19.81524],[-90.59144,19.81473],[-90.59147,19.8147],[-90.59147,19.81469],[-90.59148,19.81469],[-90.5915,19.81467],[-90.59161,19.81454],[-90.59162,19.81453],[-90.59166,19.81452],[-90.59182,19.81449],[-90.59191,19.81448],[-90.59215,19.81438],[-90.59234,19.81428],[-90.59234,19.81427],[-90.59236,19.81423],[-90.59237,19.81422],[-90.59265,19.81397],[-90.59267,19.81395],[-90.59268,19.81394],[-90.59275,19.814],[-90.59275,19.81401],[-90.5929,19.81392],[-90.59343,19.8136],[-90.59346,19.81358],[-90.59347,19.81357],[-90.59349,19.81357],[-90.59341,19.81345],[-90.59343,19.8134],[-90.5935,19.81335],[-90.59357,19.8133],[-90.59389,19.81311],[-90.59436,19.81284],[-90.5946,19.81275],[-90.59462,19.81276],[-90.59465,19.81276],[-90.59467,19.81277],[-90.59467,19.81277],[-90.59469,19.81278],[-90.59498,19.81261],[-90.59501,19.81259],[-90.59505,19.81258],[-90.59507,19.81257],[-90.59507,19.81257],[-90.59511,19.81257],[-90.59535,19.81292],[-90.59536,19.81293],[-90.59565,19.81335],[-90.59569,19.81334],[-90.59709,19.81302],[-90.59715,19.81323],[-90.59716,19.81323],[-90.59716,19.81323],[-90.59813,19.81302],[-90.59806,19.81263],[-90.5958,19.81314],[-90.5957,19.81311],[-90.5949,19.81199],[-90.59604,19.8113],[-90.59653,19.81099],[-90.59655,19.81102],[-90.59732,19.81209],[-90.59734,19.81208],[-90.59737,19.81206],[-90.59764,19.81189],[-90.59805,19.81163],[-90.59819,19.81154],[-90.59827,19.8115],[-90.59827,19.81149],[-90.59833,19.81145],[-90.59864,19.81104],[-90.598,19.81013],[-90.59798,19.81009],[-90.59802,19.80993],[-90.5983,19.80972],[-90.59863,19.80953],[-90.59907,19.80927],[-90.59905,19.80924],[-90.59858,19.80853],[-90.59861,19.80844],[-90.5987,19.80833],[-90.59886,19.80819],[-90.59953,19.80785],[-90.59956,19.80784],[-90.59984,19.80775],[-90.60019,19.80758],[-90.60039,19.80747],[-90.6005,19.80728],[-90.60111,19.80684],[-90.60113,19.80687],[-90.60113,19.80687],[-90.60162,19.8065],[-90.60162,19.8065],[-90.60163,19.80648],[-90.60162,19.80647],[-90.60157,19.80642],[-90.60156,19.80641],[-90.60155,19.80639],[-90.60179,19.80622],[-90.60192,19.80611],[-90.60196,19.80617],[-90.6021,19.80607],[-90.60211,19.80606],[-90.60212,19.80605],[-90.60212,19.80605],[-90.60207,19.806],[-90.60217,19.80593],[-90.6022,19.8059],[-90.60241,19.80574],[-90.60242,19.80574],[-90.60241,19.80573],[-90.60241,19.80572],[-90.60258,19.80556],[-90.60259,19.80555],[-90.6027,19.80547],[-90.60299,19.80526],[-90.60363,19.80499],[-90.60381,19.80496],[-90.60389,19.80501],[-90.60394,19.80504],[-90.60419,19.80547],[-90.60419,19.80548],[-90.60439,19.80537],[-90.60459,19.80527],[-90.60455,19.80521],[-90.60424,19.80537],[-90.60417,19.80525],[-90.60417,19.80523],[-90.60417,19.8052],[-90.60417,19.80518],[-90.60417,19.80508],[-90.60417,19.80498],[-90.60415,19.80489],[-90.60415,19.80484],[-90.60413,19.80477],[-90.60419,19.80471],[-90.60419,19.80471],[-90.60419,19.80471],[-90.60429,19.80464],[-90.60429,19.80463],[-90.60432,19.80456],[-90.60447,19.8045],[-90.60458,19.80445],[-90.60457,19.80442],[-90.60473,19.80428],[-90.60473,19.80427],[-90.60472,19.80424],[-90.60478,19.8042],[-90.60482,19.80417],[-90.60484,19.80414],[-90.60486,19.80409],[-90.60489,19.80404],[-90.6049,19.80404],[-90.6049,19.80404],[-90.60494,19.804],[-90.60494,19.804],[-90.60514,19.80381],[-90.60514,19.80381],[-90.60525,19.80369],[-90.60525,19.80369],[-90.60564,19.80344],[-90.60575,19.80335],[-90.60593,19.80321],[-90.60597,19.80319],[-90.60612,19.8031],[-90.60612,19.8031],[-90.60694,19.80257],[-90.60694,19.80256],[-90.60691,19.80252],[-90.6069,19.80251],[-90.60684,19.80245],[-90.60716,19.80226],[-90.60735,19.80212],[-90.60737,19.80213],[-90.6074,19.80215],[-90.60751,19.80208],[-90.60755,19.80201],[-90.60754,19.80199],[-90.60761,19.80194],[-90.60782,19.80184],[-90.60789,19.80181],[-90.6082,19.80171],[-90.60835,19.80162],[-90.60849,19.8016],[-90.60852,19.80159],[-90.60856,19.80159],[-90.60857,19.80159],[-90.60857,19.80159],[-90.60863,19.80153],[-90.60863,19.80153],[-90.60865,19.80151],[-90.60865,19.80151],[-90.60872,19.80143],[-90.60872,19.80143],[-90.60872,19.80143],[-90.60876,19.80141],[-90.60883,19.80136],[-90.60949,19.80104],[-90.60981,19.8009],[-90.60997,19.80082],[-90.60997,19.80082],[-90.61004,19.80082],[-90.61005,19.80082],[-90.61012,19.80079],[-90.6103,19.80071],[-90.61034,19.80065],[-90.61033,19.80064],[-90.61033,19.80064],[-90.61031,19.80059],[-90.61031,19.80057],[-90.6104,19.80049],[-90.61041,19.80048],[-90.61044,19.8005],[-90.61045,19.80049],[-90.61046,19.80048],[-90.6105,19.80045],[-90.61049,19.80043],[-90.61049,19.80043],[-90.61048,19.80041],[-90.61047,19.8004],[-90.61057,19.80032],[-90.61066,19.80021],[-90.61068,19.80022],[-90.61069,19.80023],[-90.61072,19.80023],[-90.61074,19.80022],[-90.61076,19.8002],[-90.61076,19.80017],[-90.61076,19.80015],[-90.61076,19.80014],[-90.6109,19.80001],[-90.61099,19.79994],[-90.61114,19.79974],[-90.61117,19.79973],[-90.61119,19.79973],[-90.61119,19.79972],[-90.6112,19.79969],[-90.61128,19.79972],[-90.61133,19.79966],[-90.61165,19.8],[-90.6117,19.80002],[-90.61178,19.80001],[-90.61187,19.79999],[-90.61227,19.79983],[-90.61324,19.79952],[-90.61338,19.79951],[-90.61343,19.7995],[-90.61347,19.79947],[-90.61348,19.79945],[-90.6135,19.79943],[-90.61348,19.79935],[-90.61342,19.79934],[-90.61338,19.79935],[-90.61326,19.79939],[-90.61324,19.7994],[-90.61183,19.79986],[-90.61172,19.79987],[-90.61164,19.7998],[-90.61128,19.79939],[-90.61128,19.79939],[-90.61147,19.79921],[-90.61149,19.79919],[-90.6115,19.79917],[-90.61151,19.79916],[-90.61152,19.79915],[-90.61149,19.7991],[-90.61148,19.79902],[-90.61152,19.7989],[-90.61172,19.79871],[-90.61182,19.79874],[-90.61188,19.79878],[-90.61204,19.79882],[-90.61204,19.7988],[-90.61189,19.79876],[-90.61184,19.79872],[-90.61186,19.79863],[-90.612,19.79853],[-90.61204,19.79848],[-90.61211,19.7984],[-90.6122,19.7983],[-90.61225,19.79825],[-90.61253,19.79808],[-90.61269,19.79799],[-90.61295,19.79783],[-90.61314,19.79773],[-90.61321,19.79769],[-90.61347,19.79757],[-90.61353,19.79759],[-90.61362,19.7976],[-90.61374,19.79761],[-90.6138,19.79763],[-90.61384,19.79767],[-90.61387,19.79777],[-90.61387,19.79788],[-90.61388,19.7983],[-90.61391,19.79882],[-90.61392,19.79892],[-90.61393,19.79894],[-90.61395,19.799],[-90.61398,19.79904],[-90.61401,19.79908],[-90.61406,19.79911],[-90.61412,19.79914],[-90.61417,19.79916],[-90.61421,19.79918],[-90.61425,19.79919],[-90.61429,19.79919],[-90.61432,19.79919],[-90.61436,19.79919],[-90.61439,19.79918],[-90.61443,19.79918],[-90.61447,19.79916],[-90.61451,19.79914],[-90.61455,19.79911],[-90.61469,19.79902],[-90.61472,19.79899],[-90.61472,19.79899],[-90.61472,19.79898],[-90.61473,19.79898],[-90.61473,19.79898],[-90.61473,19.79898],[-90.61473,19.79897],[-90.61473,19.79897],[-90.61472,19.79897],[-90.61472,19.79896],[-90.61472,19.79896],[-90.61472,19.79896],[-90.61471,19.79896],[-90.61471,19.79896],[-90.61471,19.79896],[-90.61471,19.79895],[-90.6147,19.79895],[-90.6147,19.79895],[-90.6147,19.79895],[-90.6147,19.79895],[-90.61469,19.79896],[-90.61468,19.79897],[-90.61449,19.79911],[-90.61446,19.79912],[-90.61442,19.79914],[-90.61441,19.79914],[-90.61437,19.79915],[-90.61433,19.79915],[-90.6143,19.79915],[-90.61426,19.79915],[-90.61423,19.79914],[-90.61419,19.79913],[-90.61414,19.79911],[-90.6141,19.79908],[-90.61406,19.79904],[-90.61402,19.799],[-90.614,19.79897],[-90.61399,19.79896],[-90.61397,19.79891],[-90.61396,19.79882],[-90.61396,19.79868],[-90.61392,19.79746],[-90.61392,19.79745],[-90.61393,19.79726],[-90.61394,19.79718],[-90.61395,19.79717],[-90.61395,19.79717],[-90.61395,19.79717],[-90.61396,19.79716],[-90.61397,19.79716],[-90.61398,19.79715],[-90.61398,19.79715],[-90.61399,19.79714],[-90.614,19.79714],[-90.61401,19.79713],[-90.61402,19.79713],[-90.61403,19.79713],[-90.61404,19.79713],[-90.61405,19.79713],[-90.61405,19.79713],[-90.61406,19.79713],[-90.61407,19.79713],[-90.61407,19.79713],[-90.61408,19.79713],[-90.61409,19.79713],[-90.6141,19.79713],[-90.61412,19.79714],[-90.61413,19.79714],[-90.61413,19.79714],[-90.61414,19.79715],[-90.61414,19.79715],[-90.61416,19.79715],[-90.61416,19.79716],[-90.61417,19.79716],[-90.61418,19.79717],[-90.61418,19.79718],[-90.61419,19.79718],[-90.61419,19.79719],[-90.61421,19.79721],[-90.61424,19.79725],[-90.61429,19.79851],[-90.6143,19.79865],[-90.6143,19.79878],[-90.6143,19.79882],[-90.61434,19.79887],[-90.61435,19.79887],[-90.61436,19.79886],[-90.61436,19.79886],[-90.61437,19.79885],[-90.61433,19.7988],[-90.61434,19.79853],[-90.61431,19.79744],[-90.61434,19.79741],[-90.61441,19.79734],[-90.61442,19.79729],[-90.61442,19.79726],[-90.61443,19.79725],[-90.6145,19.79715],[-90.61454,19.79706],[-90.61469,19.79697],[-90.61492,19.79684],[-90.6152,19.79671],[-90.61547,19.79657],[-90.61584,19.79642],[-90.61613,19.79626],[-90.61625,19.79637],[-90.61641,19.79653],[-90.61678,19.7969],[-90.6168,19.79688],[-90.61684,19.79683],[-90.61684,19.79679],[-90.61686,19.79663],[-90.61686,19.7966],[-90.61686,19.79658],[-90.61656,19.79631],[-90.61683,19.79604],[-90.61695,19.79596],[-90.61709,19.79588],[-90.61719,19.79583],[-90.61744,19.79571],[-90.61755,19.79567],[-90.61789,19.79555],[-90.6181,19.79546],[-90.61823,19.7954],[-90.61871,19.79523],[-90.61871,19.79523],[-90.61921,19.79505],[-90.61945,19.79495],[-90.6195,19.79493],[-90.6195,19.79493],[-90.61951,19.79493],[-90.61968,19.79484],[-90.61983,19.79476],[-90.62044,19.7945],[-90.62048,19.79454],[-90.62049,19.79456],[-90.62159,19.79414],[-90.62177,19.79409],[-90.62189,19.79406],[-90.622,19.79402],[-90.62211,19.79394],[-90.62213,19.79393],[-90.62215,19.79391],[-90.62223,19.79397],[-90.62237,19.79393],[-90.62259,19.79388],[-90.62285,19.7938],[-90.62295,19.79376],[-90.62301,19.79374],[-90.62306,19.79372],[-90.62307,19.79373],[-90.6231,19.79381],[-90.62312,19.79387],[-90.62318,19.79396],[-90.62326,19.79406],[-90.6233,19.79419],[-90.62331,19.79423],[-90.62341,19.79419],[-90.62341,19.79419],[-90.6234,19.79416],[-90.62338,19.79404],[-90.62324,19.79369],[-90.62325,19.79365],[-90.62342,19.79354],[-90.6238,19.79331],[-90.62399,19.79315],[-90.62404,19.79306],[-90.62416,19.79288],[-90.62424,19.79277],[-90.6243,19.7927],[-90.6246,19.79241],[-90.6247,19.79233],[-90.62499,19.79208],[-90.6251,19.79194],[-90.6254,19.79149],[-90.62596,19.7909],[-90.62616,19.79064],[-90.62674,19.79039],[-90.62684,19.79041],[-90.62693,19.79045],[-90.62702,19.79055],[-90.62706,19.79063],[-90.62663,19.79088],[-90.62662,19.79097],[-90.62664,19.79105],[-90.62676,19.79106],[-90.62677,19.79107],[-90.627,19.79094],[-90.62725,19.7908],[-90.62752,19.79064],[-90.62794,19.7904],[-90.62795,19.7904],[-90.62795,19.7904],[-90.628,19.79026],[-90.62799,19.79021],[-90.62798,19.79018],[-90.62791,19.79015],[-90.62778,19.7902],[-90.62745,19.79039],[-90.6274,19.79031],[-90.62732,19.79013],[-90.62732,19.7899],[-90.62738,19.78957],[-90.62759,19.78928],[-90.62783,19.78904],[-90.62827,19.78876],[-90.62915,19.78834],[-90.62973,19.78815],[-90.62989,19.78828],[-90.63012,19.78851],[-90.63015,19.78854],[-90.63053,19.78903],[-90.63089,19.78953],[-90.63091,19.78962],[-90.63095,19.78967],[-90.63102,19.7897],[-90.63103,19.7897],[-90.63103,19.7897],[-90.63115,19.78969],[-90.63115,19.78969],[-90.63116,19.78955],[-90.63112,19.78951],[-90.63105,19.78942],[-90.63095,19.78928],[-90.63084,19.78913],[-90.63074,19.78898],[-90.63065,19.78883],[-90.63065,19.78883],[-90.63081,19.7887],[-90.63107,19.78845],[-90.63107,19.78845],[-90.63127,19.78827],[-90.63127,19.78827],[-90.63144,19.78812],[-90.63144,19.78812],[-90.63144,19.78812],[-90.6316,19.78787],[-90.6316,19.78787],[-90.63165,19.78771],[-90.63166,19.78758],[-90.63166,19.78758],[-90.63168,19.78747],[-90.63167,19.78738],[-90.63166,19.78737],[-90.63166,19.78736],[-90.63164,19.7873],[-90.63154,19.78723],[-90.63144,19.78721],[-90.63136,19.78723],[-90.6313,19.78729],[-90.63125,19.78735],[-90.63125,19.78742],[-90.63126,19.78749],[-90.63131,19.78755],[-90.63138,19.78762],[-90.63138,19.78765],[-90.63138,19.78777],[-90.63132,19.78788],[-90.63124,19.78801],[-90.63121,19.78803],[-90.63113,19.78796],[-90.63122,19.78786],[-90.63119,19.78783],[-90.63058,19.78843],[-90.63052,19.78838],[-90.63048,19.78841],[-90.63051,19.78843],[-90.63048,19.78846],[-90.6306,19.78856],[-90.63063,19.78852],[-90.63066,19.78855],[-90.63054,19.78864],[-90.63051,19.78864],[-90.63049,19.78861],[-90.63018,19.78831],[-90.62982,19.78794],[-90.62924,19.78746],[-90.6291,19.78735],[-90.62919,19.78724],[-90.63023,19.78818],[-90.63025,19.78815],[-90.63018,19.78809],[-90.63059,19.78768],[-90.63056,19.78766],[-90.63015,19.78806],[-90.62989,19.78782],[-90.63031,19.78739],[-90.63028,19.78737],[-90.62986,19.78778],[-90.62967,19.78762],[-90.63005,19.78725],[-90.63002,19.78723],[-90.62964,19.78759],[-90.62916,19.78716],[-90.62904,19.78731],[-90.62892,19.78721],[-90.62892,19.78719],[-90.62893,19.7871],[-90.62894,19.78701],[-90.62896,19.78698],[-90.62903,19.78688],[-90.62925,19.78666],[-90.62944,19.78653],[-90.62972,19.78622],[-90.62983,19.78605],[-90.62988,19.78595],[-90.62995,19.78588],[-90.62995,19.78587],[-90.63001,19.78581],[-90.63021,19.78565],[-90.6309,19.78513],[-90.63117,19.78495],[-90.63163,19.78446],[-90.6317,19.78442],[-90.63173,19.78436],[-90.63175,19.78434],[-90.63221,19.78371],[-90.63289,19.78284],[-90.63328,19.78238],[-90.63337,19.7823],[-90.63364,19.78211],[-90.6338,19.78194],[-90.634,19.78158],[-90.63419,19.78139],[-90.63446,19.78113],[-90.63478,19.78089],[-90.63487,19.78083],[-90.63521,19.78057],[-90.63532,19.78048],[-90.6357,19.78019],[-90.63591,19.78006],[-90.63595,19.78002],[-90.63595,19.78002],[-90.63603,19.77996],[-90.63603,19.77995],[-90.63609,19.77989],[-90.63629,19.77966],[-90.6363,19.77962],[-90.6363,19.77962],[-90.63643,19.77953],[-90.63644,19.77952],[-90.63645,19.77953],[-90.63653,19.77958],[-90.63658,19.77955],[-90.63659,19.77949],[-90.63659,19.77947],[-90.63655,19.77942],[-90.63652,19.77936],[-90.63664,19.77925],[-90.6367,19.77931],[-90.6367,19.77931],[-90.63674,19.77929],[-90.63673,19.77923],[-90.63677,19.77917],[-90.63677,19.77913],[-90.63673,19.77905],[-90.63672,19.77898],[-90.63672,19.77896],[-90.63678,19.77892],[-90.63678,19.77892],[-90.63678,19.77892],[-90.63685,19.77886],[-90.63702,19.7788],[-90.63723,19.77899],[-90.63758,19.77892],[-90.63765,19.77889],[-90.63765,19.77886],[-90.63766,19.77885],[-90.63768,19.77884],[-90.63766,19.77882],[-90.63766,19.77882],[-90.63764,19.7788],[-90.63765,19.77877],[-90.63765,19.77872],[-90.63765,19.77867],[-90.63764,19.77867],[-90.63758,19.77867],[-90.63758,19.77879],[-90.63741,19.77877],[-90.63737,19.77867],[-90.63742,19.77856],[-90.63846,19.77741],[-90.6396,19.77678],[-90.63976,19.77663],[-90.63975,19.77667],[-90.63975,19.77676],[-90.63986,19.77686],[-90.63985,19.77688],[-90.63986,19.77689],[-90.63987,19.7769],[-90.63992,19.77685],[-90.6399,19.77683],[-90.63988,19.77684],[-90.63988,19.77685],[-90.63978,19.77676],[-90.63978,19.77675],[-90.63979,19.77661],[-90.63979,19.77658],[-90.63984,19.77654],[-90.63984,19.77652],[-90.64018,19.77608],[-90.6403,19.77591],[-90.64036,19.77587],[-90.64035,19.77584],[-90.64063,19.77545],[-90.64065,19.77543],[-90.64067,19.77544],[-90.6407,19.77546],[-90.64089,19.77559],[-90.64091,19.77556],[-90.64073,19.77542],[-90.64071,19.77537],[-90.6407,19.77537],[-90.64082,19.77522],[-90.64091,19.77511],[-90.64092,19.7751],[-90.64092,19.7751],[-90.64105,19.77495],[-90.64122,19.77483],[-90.64176,19.77443],[-90.64199,19.77425],[-90.64217,19.7741],[-90.64262,19.77372],[-90.64313,19.77325],[-90.6433,19.77309],[-90.64331,19.7731],[-90.64333,19.77307],[-90.64333,19.77307],[-90.64346,19.77296],[-90.64348,19.77294],[-90.64351,19.77296],[-90.64356,19.773],[-90.64365,19.773],[-90.64366,19.77297],[-90.64357,19.77297],[-90.64353,19.77294],[-90.6435,19.77292],[-90.64371,19.77276],[-90.64422,19.77243],[-90.64424,19.77241],[-90.64427,19.77239],[-90.64427,19.7724],[-90.6443,19.77244],[-90.64432,19.77246],[-90.64435,19.77244],[-90.64434,19.77242],[-90.64431,19.77237],[-90.64431,19.77237],[-90.64455,19.77224],[-90.64456,19.77226],[-90.6446,19.77232],[-90.64463,19.77231],[-90.64459,19.77224],[-90.64458,19.77222],[-90.6448,19.7721],[-90.6448,19.7721],[-90.64485,19.77215],[-90.64488,19.77213],[-90.64484,19.77209],[-90.64483,19.77208],[-90.64499,19.77197],[-90.64522,19.77181],[-90.6455,19.7716],[-90.64577,19.77139],[-90.64636,19.77088],[-90.64642,19.77082],[-90.64661,19.77069],[-90.64693,19.77044],[-90.64728,19.77018],[-90.64782,19.76987],[-90.64828,19.76961],[-90.6486,19.76929],[-90.64888,19.76884],[-90.64908,19.76842],[-90.6494,19.76789],[-90.64978,19.76754],[-90.65014,19.76711],[-90.65047,19.76671],[-90.65089,19.76634],[-90.65124,19.76604],[-90.65255,19.76503],[-90.65355,19.7643],[-90.65399,19.764],[-90.65501,19.7633],[-90.65633,19.76234],[-90.65704,19.76183],[-90.65728,19.76168],[-90.65732,19.76166],[-90.65778,19.76137],[-90.65831,19.76103],[-90.65879,19.76071],[-90.65924,19.76041],[-90.65978,19.75997],[-90.66035,19.75948],[-90.66085,19.75917],[-90.66131,19.7589],[-90.66166,19.75845],[-90.66192,19.75799],[-90.66221,19.75739],[-90.66235,19.7568],[-90.66239,19.75637],[-90.66243,19.75579],[-90.66238,19.75558],[-90.66258,19.755],[-90.66293,19.75415],[-90.66313,19.75372],[-90.66339,19.75339],[-90.66416,19.75307],[-90.66442,19.75321],[-90.66459,19.75313],[-90.66481,19.75306],[-90.66485,19.75305],[-90.6649,19.75299],[-90.66505,19.75281],[-90.66506,19.75279],[-90.6651,19.75275],[-90.66504,19.75272],[-90.66504,19.75272],[-90.6648,19.75301],[-90.66442,19.75311],[-90.66426,19.75302],[-90.66422,19.75289],[-90.66411,19.75255],[-90.66477,19.75213],[-90.6652,19.75161],[-90.66542,19.75139],[-90.66565,19.75119],[-90.66589,19.7508],[-90.66584,19.75027],[-90.66573,19.74972],[-90.66569,19.74921],[-90.6657,19.74877],[-90.66575,19.74809],[-90.66581,19.74726],[-90.66588,19.7463],[-90.66597,19.74602],[-90.66617,19.74511],[-90.66628,19.74455],[-90.66643,19.74404],[-90.66665,19.74345],[-90.66688,19.743],[-90.66713,19.74238],[-90.66735,19.74171],[-90.66779,19.7405],[-90.66797,19.74008],[-90.66812,19.7399],[-90.66861,19.73939],[-90.66901,19.73892],[-90.66919,19.73857],[-90.66919,19.7383],[-90.66922,19.73807],[-90.66927,19.73781],[-90.66938,19.73732],[-90.66952,19.73702],[-90.6697,19.73683],[-90.66991,19.73662],[-90.66997,19.73641],[-90.67004,19.73618],[-90.67025,19.73539],[-90.67024,19.73526],[-90.67017,19.73511],[-90.66982,19.73463],[-90.66972,19.73453],[-90.66941,19.73422],[-90.66887,19.73375],[-90.6687,19.7335],[-90.66839,19.7334],[-90.66817,19.73335],[-90.66804,19.73318],[-90.66796,19.73308],[-90.66783,19.73279],[-90.66767,19.73215],[-90.66744,19.73139],[-90.6672,19.7305],[-90.66711,19.72994],[-90.66701,19.72971],[-90.66692,19.72954],[-90.66686,19.72946],[-90.66674,19.72923],[-90.66672,19.72876],[-90.66677,19.72829],[-90.66688,19.72767],[-90.66696,19.72732],[-90.6672,19.72638],[-90.66727,19.72607],[-90.66728,19.72602],[-90.66728,19.72602],[-90.66742,19.72597],[-90.66742,19.72597],[-90.66742,19.7259],[-90.66729,19.72593],[-90.66734,19.72567],[-90.66735,19.72562],[-90.66741,19.72562],[-90.66741,19.72562],[-90.66742,19.72557],[-90.66736,19.72556],[-90.66733,19.72556],[-90.66734,19.72552],[-90.66738,19.72536],[-90.66738,19.72536],[-90.66739,19.72536],[-90.66744,19.72536],[-90.66744,19.72536],[-90.66745,19.7253],[-90.66741,19.72528],[-90.6674,19.72528],[-90.66741,19.72524],[-90.66745,19.72509],[-90.66746,19.72504],[-90.66748,19.72497],[-90.66748,19.72497],[-90.66749,19.72498],[-90.6676,19.72501],[-90.6676,19.72501],[-90.66761,19.72496],[-90.66751,19.72491],[-90.66765,19.72452],[-90.66787,19.72464],[-90.66787,19.72464],[-90.66791,19.7246],[-90.66768,19.72444],[-90.66781,19.72407],[-90.66802,19.72348],[-90.66815,19.72327],[-90.66836,19.7233],[-90.66849,19.72328],[-90.66851,19.72322],[-90.66847,19.72317],[-90.66839,19.72317],[-90.66829,19.72313],[-90.66822,19.72303],[-90.66838,19.7226],[-90.66865,19.72209],[-90.66892,19.72155],[-90.6691,19.72135],[-90.66929,19.721],[-90.66944,19.72068],[-90.66956,19.72026],[-90.66968,19.71997],[-90.66977,19.71974],[-90.66999,19.71927],[-90.67019,19.71904],[-90.67033,19.71882],[-90.67037,19.7185],[-90.67098,19.71743],[-90.67128,19.71698],[-90.67186,19.71622],[-90.67224,19.71581],[-90.67296,19.71481],[-90.67343,19.71414],[-90.67407,19.71292],[-90.67419,19.71277],[-90.67485,19.71187],[-90.67512,19.71157],[-90.67564,19.71118],[-90.6761,19.71078],[-90.67654,19.71037],[-90.67662,19.71017],[-90.67658,19.71008],[-90.67658,19.70997],[-90.67658,19.70983],[-90.67676,19.70953],[-90.67759,19.7085],[-90.67802,19.70801],[-90.67842,19.70758],[-90.67866,19.70728],[-90.67891,19.7069],[-90.679,19.70681],[-90.67908,19.70672],[-90.67918,19.7066],[-90.67928,19.70649],[-90.67938,19.70635],[-90.67959,19.70616],[-90.6797,19.70606],[-90.68006,19.70573],[-90.68046,19.70534],[-90.68049,19.70531],[-90.68054,19.70528],[-90.68072,19.70515],[-90.68092,19.705],[-90.68107,19.70489],[-90.68135,19.70467],[-90.68152,19.70455],[-90.68289,19.70356],[-90.68294,19.70353],[-90.68311,19.70341],[-90.68366,19.70306],[-90.68374,19.70304],[-90.68379,19.70305],[-90.68387,19.70307],[-90.68393,19.70311],[-90.684,19.70308],[-90.68431,19.70255],[-90.68446,19.70219],[-90.68458,19.70181],[-90.68486,19.70102],[-90.68504,19.70066],[-90.68508,19.70053],[-90.68508,19.70036],[-90.68504,19.70027],[-90.68499,19.70019],[-90.68503,19.70003],[-90.68506,19.6999],[-90.68508,19.69983],[-90.68515,19.69975],[-90.6852,19.69968],[-90.68527,19.69961],[-90.68534,19.69954],[-90.68539,19.69945],[-90.68539,19.69944],[-90.68549,19.69927],[-90.6856,19.69914],[-90.68573,19.69899],[-90.68585,19.69874],[-90.68601,19.69841],[-90.6861,19.69832],[-90.6861,19.69832],[-90.68622,19.69811],[-90.68623,19.69806],[-90.68628,19.69798],[-90.68636,19.69779],[-90.68646,19.69759],[-90.68646,19.69759],[-90.6866,19.69748],[-90.6866,19.69748],[-90.6867,19.69731],[-90.68697,19.69698],[-90.68709,19.69675],[-90.68712,19.69669],[-90.68715,19.69664],[-90.68716,19.69659],[-90.68716,19.69658],[-90.68716,19.69658],[-90.68713,19.69649],[-90.68715,19.69632],[-90.68715,19.69626],[-90.68716,19.69618],[-90.68724,19.69606],[-90.68724,19.69605],[-90.68726,19.69603],[-90.68731,19.69596],[-90.6873,19.69593],[-90.6873,19.69591],[-90.6873,19.69571],[-90.68733,19.69565],[-90.68735,19.69561],[-90.68736,19.69559],[-90.68739,19.69551],[-90.68767,19.69527],[-90.68767,19.69527],[-90.6878,19.69517],[-90.68784,19.69512],[-90.68784,19.69511],[-90.68788,19.69504],[-90.68788,19.69504],[-90.6881,19.6949],[-90.68824,19.6948],[-90.68824,19.6948],[-90.68833,19.69467],[-90.68842,19.69454],[-90.68849,19.69444],[-90.68858,19.69431],[-90.68865,19.69416],[-90.68865,19.69401],[-90.68867,19.69391],[-90.68871,19.69381],[-90.68871,19.6938],[-90.68876,19.69367],[-90.68885,19.69356],[-90.68885,19.69356],[-90.68898,19.69347],[-90.68921,19.69324],[-90.68921,19.69324],[-90.68934,19.69305],[-90.68937,19.69299],[-90.68941,19.6929],[-90.68944,19.69283],[-90.68945,19.69279],[-90.68946,19.69275],[-90.68958,19.69253],[-90.68972,19.69227],[-90.68995,19.69201],[-90.68995,19.69201],[-90.69014,19.69186],[-90.69014,19.69186],[-90.69017,19.69184],[-90.69049,19.6915],[-90.69074,19.69131],[-90.69095,19.69115],[-90.69105,19.69106],[-90.69121,19.69101],[-90.69127,19.691],[-90.6915,19.69098],[-90.69207,19.6906],[-90.69216,19.69053],[-90.69223,19.69046],[-90.69235,19.69036],[-90.6924,19.69032],[-90.6924,19.69032],[-90.69255,19.69013],[-90.69258,19.69004],[-90.69262,19.68998],[-90.69269,19.68988],[-90.69277,19.68976],[-90.69288,19.68959],[-90.69298,19.68943],[-90.693,19.68942],[-90.69307,19.68934],[-90.69313,19.68924],[-90.69313,19.6892],[-90.69319,19.68904],[-90.6932,19.68903],[-90.69324,19.68893],[-90.69333,19.68881],[-90.69339,19.68867],[-90.69345,19.68859],[-90.69353,19.68848],[-90.69359,19.68839],[-90.69367,19.68825],[-90.69377,19.68812],[-90.69388,19.68797],[-90.69394,19.68784],[-90.69399,19.68775],[-90.69399,19.68773],[-90.69402,19.68767],[-90.69406,19.68764],[-90.6941,19.6876],[-90.69415,19.68757],[-90.69419,19.68746],[-90.69422,19.68739],[-90.69422,19.68738],[-90.69423,19.68737],[-90.69433,19.68727],[-90.69437,19.68717],[-90.69437,19.68715],[-90.69441,19.68711],[-90.69454,19.68693],[-90.69465,19.68678],[-90.69468,19.68671],[-90.69468,19.6867],[-90.69469,19.68664],[-90.6947,19.68658],[-90.69474,19.68652],[-90.6948,19.68644],[-90.69484,19.68642],[-90.69491,19.6864],[-90.69491,19.68639],[-90.69493,19.68638],[-90.69505,19.68623],[-90.69511,19.68614],[-90.6953,19.68599],[-90.69545,19.68581],[-90.69563,19.68561],[-90.69568,19.68558],[-90.69568,19.68557],[-90.6957,19.68556],[-90.69583,19.68543],[-90.69589,19.68534],[-90.69591,19.68531],[-90.69594,19.68527],[-90.69597,19.68522],[-90.69608,19.68513],[-90.69617,19.68505],[-90.69619,19.68504],[-90.69644,19.68488],[-90.69658,19.68478],[-90.6967,19.68469],[-90.69675,19.68466],[-90.6968,19.68462],[-90.69685,19.68459],[-90.69692,19.68448],[-90.69693,19.68444],[-90.69695,19.68437],[-90.69705,19.68425],[-90.69717,19.68412],[-90.69728,19.68402],[-90.69736,19.68395],[-90.69737,19.68394],[-90.69744,19.68383],[-90.69754,19.68371],[-90.69768,19.68355],[-90.69782,19.68343],[-90.69789,19.6834],[-90.69792,19.68339],[-90.69801,19.68335],[-90.69815,19.68329],[-90.69816,19.68328],[-90.69829,19.68317],[-90.69844,19.683],[-90.69849,19.68293],[-90.69854,19.68289],[-90.69869,19.68276],[-90.69881,19.68268],[-90.69884,19.68266],[-90.69896,19.68261],[-90.69908,19.68255],[-90.6991,19.68253],[-90.69921,19.68246],[-90.69939,19.68234],[-90.69961,19.68219],[-90.69969,19.68213],[-90.69994,19.68193],[-90.70022,19.68171],[-90.70027,19.68166],[-90.70035,19.6816],[-90.70045,19.68148],[-90.70053,19.68143],[-90.70054,19.68142],[-90.70059,19.68136],[-90.70066,19.68126],[-90.70074,19.68118],[-90.70081,19.68109],[-90.70086,19.68103],[-90.70091,19.68095],[-90.70092,19.68094],[-90.70099,19.68089],[-90.70107,19.68082],[-90.70111,19.6808],[-90.70118,19.68077],[-90.70126,19.68071],[-90.70133,19.68065],[-90.70143,19.68058],[-90.70147,19.68054],[-90.70156,19.68048],[-90.70167,19.68039],[-90.70181,19.68024],[-90.7019,19.68013],[-90.70198,19.68004],[-90.70201,19.67999],[-90.70203,19.67995],[-90.70218,19.67981],[-90.70221,19.67979],[-90.7023,19.67973],[-90.70242,19.67965],[-90.70248,19.67959],[-90.70254,19.67953],[-90.7026,19.67947],[-90.70276,19.67931],[-90.70281,19.67926],[-90.7029,19.67917],[-90.70303,19.67904],[-90.70309,19.679],[-90.70318,19.67892],[-90.70325,19.67883],[-90.70331,19.67876],[-90.70339,19.6787],[-90.70345,19.67864],[-90.70352,19.67861],[-90.70357,19.67853],[-90.70369,19.67835],[-90.70378,19.67825],[-90.70388,19.67816],[-90.70396,19.67807],[-90.70405,19.67797],[-90.70415,19.67791],[-90.70419,19.67785],[-90.70486,19.67733],[-90.70568,19.6769],[-90.70583,19.67674],[-90.70591,19.67665],[-90.70593,19.67663],[-90.70603,19.67651],[-90.7061,19.6764],[-90.70618,19.67626],[-90.70638,19.67616],[-90.70646,19.67611],[-90.70666,19.67597],[-90.70672,19.67587],[-90.70676,19.67583],[-90.70678,19.67582],[-90.70689,19.67578],[-90.70698,19.67569],[-90.70698,19.67569],[-90.70702,19.67563],[-90.70702,19.6756],[-90.70705,19.67552],[-90.70707,19.67539],[-90.70708,19.67526],[-90.70709,19.67521],[-90.70709,19.67506],[-90.70705,19.67488],[-90.70702,19.67476],[-90.70698,19.67462],[-90.70695,19.67455],[-90.70695,19.67443],[-90.70695,19.67433],[-90.70695,19.67423],[-90.70691,19.67416],[-90.70691,19.67404],[-90.70688,19.67398],[-90.70686,19.67393],[-90.70679,19.67383],[-90.70675,19.67372],[-90.70675,19.67364],[-90.70675,19.67361],[-90.70676,19.67352],[-90.70676,19.67343],[-90.7068,19.67336],[-90.70681,19.67323],[-90.70683,19.67315],[-90.70682,19.67299],[-90.70688,19.67287],[-90.70686,19.67285],[-90.70681,19.6728],[-90.70687,19.67258],[-90.70693,19.67236],[-90.70711,19.67202],[-90.70744,19.67169],[-90.70751,19.67169],[-90.70761,19.67169],[-90.7108,19.67178],[-90.711,19.67179],[-90.711,19.67179],[-90.71101,19.67194],[-90.71101,19.67194],[-90.71111,19.67193],[-90.7111,19.67181],[-90.71151,19.67182],[-90.71151,19.67182],[-90.7115,19.67194],[-90.7115,19.67195],[-90.71165,19.67195],[-90.71162,19.67182],[-90.71204,19.67184],[-90.71204,19.67184],[-90.71205,19.67196],[-90.71205,19.67196],[-90.71214,19.67196],[-90.71216,19.67185],[-90.7123,19.67183],[-90.71231,19.67181],[-90.71236,19.67171],[-90.71236,19.67162],[-90.71224,19.67153],[-90.71214,19.67151],[-90.71215,19.67142],[-90.71215,19.67139],[-90.71215,19.67139],[-90.71205,19.67139],[-90.71205,19.6714],[-90.71203,19.67151],[-90.71202,19.67151],[-90.71179,19.67149],[-90.71179,19.67137],[-90.71178,19.67137],[-90.7114,19.67136],[-90.71138,19.67147],[-90.71123,19.6715],[-90.71123,19.6715],[-90.71111,19.67146],[-90.71111,19.67144],[-90.71112,19.67134],[-90.71112,19.67134],[-90.71101,19.67134],[-90.711,19.67144],[-90.71054,19.67138],[-90.71053,19.67134],[-90.71053,19.6713],[-90.7106,19.67129],[-90.71061,19.67118],[-90.71061,19.67118],[-90.71053,19.67118],[-90.71051,19.67118],[-90.71051,19.67118],[-90.71053,19.67075],[-90.71054,19.67063],[-90.71054,19.67063],[-90.71053,19.67063],[-90.71051,19.67059],[-90.7102,19.67055],[-90.70992,19.67053],[-90.70956,19.6705],[-90.70956,19.6705],[-90.70951,19.67057],[-90.70948,19.67063],[-90.70949,19.67141],[-90.70837,19.67137],[-90.70837,19.67128],[-90.70839,19.67044],[-90.70838,19.67042],[-90.70821,19.67033],[-90.70813,19.67033],[-90.70811,19.67035],[-90.70809,19.67035],[-90.70806,19.67038],[-90.70805,19.67039],[-90.70804,19.67041],[-90.70801,19.67045],[-90.70797,19.67136],[-90.70719,19.67133],[-90.70718,19.67129],[-90.70717,19.67113],[-90.70718,19.67111],[-90.70717,19.6711],[-90.70717,19.6709],[-90.70706,19.67081],[-90.707,19.67035],[-90.70695,19.66918],[-90.70695,19.66911],[-90.70694,19.6691],[-90.70688,19.66899],[-90.7068,19.66893],[-90.70601,19.66893],[-90.70595,19.66877],[-90.70595,19.66876],[-90.70593,19.66858],[-90.70594,19.66841],[-90.70597,19.66828],[-90.70603,19.66811],[-90.70601,19.66808],[-90.706,19.66806],[-90.7059,19.66791],[-90.70568,19.66777],[-90.70568,19.66777],[-90.70548,19.66786],[-90.70521,19.66799],[-90.70505,19.66795],[-90.70501,19.66795],[-90.7048,19.66797],[-90.7046,19.66806],[-90.7046,19.66805],[-90.70457,19.66783],[-90.70453,19.66756],[-90.7045,19.66742],[-90.70439,19.66727],[-90.70421,19.66703],[-90.70418,19.66693],[-90.70413,19.6668],[-90.70409,19.66674],[-90.70404,19.66645],[-90.70404,19.66635],[-90.70404,19.66605],[-90.70399,19.66576],[-90.70388,19.66559],[-90.70368,19.66526],[-90.70369,19.66508],[-90.70374,19.6645],[-90.70378,19.66409],[-90.70368,19.66372],[-90.70362,19.66332],[-90.70363,19.66297],[-90.70368,19.66261],[-90.70383,19.66203],[-90.70393,19.66143],[-90.70408,19.66051],[-90.70428,19.65968],[-90.70471,19.65863],[-90.70485,19.65801],[-90.70506,19.65753],[-90.70537,19.65651],[-90.70573,19.6555],[-90.70619,19.65484],[-90.70636,19.65467],[-90.71022,19.6547],[-90.71822,19.65477],[-90.74368,19.65509],[-90.74368,19.65504],[-90.74366,19.65483],[-90.74038,19.6548],[-90.74028,19.65463],[-90.74028,19.65458],[-90.74028,19.65258],[-90.74012,19.65234],[-90.74008,19.65228],[-90.74008,19.65228],[-90.73802,19.65221],[-90.73797,19.65221],[-90.73779,19.65252],[-90.73778,19.65439],[-90.73773,19.65457],[-90.73767,19.65476],[-90.73257,19.65468],[-90.71125,19.65441],[-90.71114,19.65441],[-90.71056,19.6544],[-90.71056,19.6544],[-90.71059,19.65135],[-90.71062,19.65035],[-90.71062,19.65027],[-90.71062,19.65015],[-90.70968,19.64967],[-90.70869,19.65161],[-90.70868,19.65161],[-90.70854,19.65157],[-90.70844,19.65181],[-90.70859,19.65186],[-90.70862,19.65187],[-90.70822,19.65263],[-90.70771,19.65362],[-90.70736,19.65433],[-90.70716,19.65442],[-90.70627,19.65439],[-90.70618,19.65426],[-90.70616,19.65408],[-90.70635,19.64927],[-90.7064,19.6492],[-90.70642,19.6492],[-90.70712,19.64924],[-90.70722,19.64933],[-90.70732,19.64941],[-90.70741,19.64944],[-90.70742,19.64944],[-90.70749,19.64939],[-90.70753,19.64933],[-90.70753,19.64927],[-90.70753,19.64927],[-90.70744,19.64916],[-90.70731,19.64909],[-90.70711,19.64902],[-90.70447,19.64894],[-90.70161,19.64887],[-90.70139,19.6488],[-90.70123,19.64878],[-90.70104,19.64882],[-90.70087,19.64886],[-90.70063,19.64882],[-90.70047,19.64882],[-90.70024,19.64882],[-90.70005,19.64879],[-90.69985,19.64879],[-90.69972,19.64872],[-90.69953,19.64871],[-90.6994,19.6487],[-90.69926,19.64863],[-90.69919,19.64854],[-90.69918,19.64846],[-90.69918,19.64844],[-90.69916,19.64835],[-90.69913,19.64827],[-90.69908,19.6482],[-90.69902,19.64817],[-90.69893,19.64818],[-90.69891,19.64818],[-90.69891,19.64818],[-90.69876,19.64815],[-90.69871,19.6481],[-90.69858,19.64807],[-90.69844,19.64802],[-90.69831,19.64793],[-90.69823,19.64781],[-90.69823,19.6478],[-90.6981,19.64775],[-90.698,19.64774],[-90.69787,19.64774],[-90.69771,19.64764],[-90.6976,19.64755],[-90.69756,19.64752],[-90.69745,19.64743],[-90.69737,19.64734],[-90.69736,19.64733],[-90.69729,19.64726],[-90.69727,19.64715],[-90.6972,19.64712],[-90.69716,19.64716],[-90.6971,19.64716],[-90.6971,19.64717],[-90.69706,19.64719],[-90.69682,19.64713],[-90.69663,19.64695],[-90.69649,19.64681],[-90.69641,19.64668],[-90.69628,19.64662],[-90.69619,19.64653],[-90.69589,19.64635],[-90.69557,19.64631],[-90.69533,19.64627],[-90.69512,19.64618],[-90.69492,19.6461],[-90.69473,19.64598],[-90.69459,19.6459],[-90.69434,19.6458],[-90.69417,19.64572],[-90.69407,19.64564],[-90.69387,19.64556],[-90.69369,19.64541],[-90.69356,19.6453],[-90.69347,19.64522],[-90.69338,19.64515],[-90.693,19.64472],[-90.69283,19.64445],[-90.69276,19.64432],[-90.69265,19.64421],[-90.69263,19.64419],[-90.6926,19.64416],[-90.69248,19.64401],[-90.69235,19.64386],[-90.69222,19.64367],[-90.69196,19.64335],[-90.69166,19.64292],[-90.69152,19.64274],[-90.69144,19.64252],[-90.69112,19.64214],[-90.69097,19.64186],[-90.69096,19.64184],[-90.6908,19.64155],[-90.69078,19.64153],[-90.69069,19.64136],[-90.69055,19.6411],[-90.69049,19.64094],[-90.69047,19.6408],[-90.69042,19.64071],[-90.69051,19.64062],[-90.69061,19.64052],[-90.69063,19.6404],[-90.69068,19.64038],[-90.69098,19.64026],[-90.69477,19.63857],[-90.69507,19.63844],[-90.69574,19.63673],[-90.69533,19.63592],[-90.69533,19.63592],[-90.69515,19.63598],[-90.69511,19.63599],[-90.69552,19.63677],[-90.69555,19.63682],[-90.69528,19.63745],[-90.69528,19.63745],[-90.6947,19.63729],[-90.6947,19.63729],[-90.69467,19.63742],[-90.69465,19.63748],[-90.69516,19.63767],[-90.6952,19.63768],[-90.69495,19.63832],[-90.69205,19.63962],[-90.69087,19.64014],[-90.69087,19.64014],[-90.6907,19.63986],[-90.69073,19.63977],[-90.69074,19.63974],[-90.69073,19.63964],[-90.69069,19.63958],[-90.69066,19.63955],[-90.69051,19.63949],[-90.69051,19.63949],[-90.69009,19.63956],[-90.68986,19.63964],[-90.68974,19.63964],[-90.68974,19.63964],[-90.68966,19.63961],[-90.68959,19.63953],[-90.68953,19.63939],[-90.6891,19.63851],[-90.68898,19.63831],[-90.68873,19.63794],[-90.68857,19.63766],[-90.68844,19.6373],[-90.6884,19.63722],[-90.68841,19.63721],[-90.68846,19.63716],[-90.68891,19.63698],[-90.6889,19.63693],[-90.6884,19.63712],[-90.6882,19.63676],[-90.68796,19.63628],[-90.68786,19.63609],[-90.68786,19.63609],[-90.6877,19.63571],[-90.68765,19.63569],[-90.68757,19.63564],[-90.68743,19.63531],[-90.68734,19.63503],[-90.68734,19.63502],[-90.68724,19.63474],[-90.68713,19.6345],[-90.68712,19.6345],[-90.68709,19.63451],[-90.68705,19.63443],[-90.68677,19.63361],[-90.68643,19.63253],[-90.68642,19.6324],[-90.68634,19.63218],[-90.68629,19.63206],[-90.68623,19.63191],[-90.68617,19.63169],[-90.6861,19.63144],[-90.68603,19.63115],[-90.68595,19.63081],[-90.68589,19.63057],[-90.68584,19.63028],[-90.6858,19.62998],[-90.68575,19.62964],[-90.6857,19.62923],[-90.68567,19.62885],[-90.68562,19.62835],[-90.6856,19.62793],[-90.6856,19.62768],[-90.68559,19.62725],[-90.68558,19.62689],[-90.68557,19.62654],[-90.68557,19.62651],[-90.68558,19.62608],[-90.68561,19.62569],[-90.68556,19.62536],[-90.6856,19.62488],[-90.68568,19.62462],[-90.68568,19.6244],[-90.68569,19.6241],[-90.6857,19.62382],[-90.6857,19.62381],[-90.68571,19.6237],[-90.68574,19.62349],[-90.68577,19.62328],[-90.68582,19.62295],[-90.68585,19.62262],[-90.6859,19.62225],[-90.68593,19.62189],[-90.68599,19.62162],[-90.68608,19.62119],[-90.68614,19.62075],[-90.68618,19.62044],[-90.68626,19.62001],[-90.68634,19.6196],[-90.68635,19.6194],[-90.68644,19.61881],[-90.68655,19.61817],[-90.6868,19.6169],[-90.68682,19.61685],[-90.68683,19.61675],[-90.68683,19.61672],[-90.68694,19.61608],[-90.68705,19.61567],[-90.68731,19.61471],[-90.68762,19.61367],[-90.68828,19.61158],[-90.68852,19.61078],[-90.68874,19.60995],[-90.68876,19.60985],[-90.68889,19.60937],[-90.68914,19.60853],[-90.68995,19.6057],[-90.69009,19.60521],[-90.69036,19.60427],[-90.69047,19.60402],[-90.69065,19.60354],[-90.69088,19.60291],[-90.69108,19.60232],[-90.69133,19.60166],[-90.69195,19.60005],[-90.69222,19.59943],[-90.69257,19.59852],[-90.6927,19.59817],[-90.69287,19.59783],[-90.69309,19.59742],[-90.69323,19.59703],[-90.69328,19.5968],[-90.69358,19.59598],[-90.69378,19.59546],[-90.69394,19.59512],[-90.69413,19.5947],[-90.6943,19.59428],[-90.69444,19.59392],[-90.69481,19.59311],[-90.69514,19.5924],[-90.69541,19.59171],[-90.69558,19.59141],[-90.69582,19.591],[-90.69602,19.59061],[-90.69613,19.59025],[-90.69636,19.58965],[-90.6967,19.58888],[-90.69722,19.58795],[-90.69807,19.58619],[-90.69847,19.5854],[-90.69931,19.58349],[-90.69946,19.58312],[-90.6998,19.58247],[-90.69991,19.58228],[-90.70029,19.58162],[-90.70044,19.58131],[-90.7005,19.58104],[-90.7006,19.58082],[-90.7007,19.58061],[-90.70071,19.5806],[-90.70071,19.58059],[-90.70076,19.58055],[-90.70083,19.58051],[-90.70095,19.5804],[-90.70106,19.58019],[-90.70109,19.58005],[-90.70114,19.57983],[-90.70122,19.57972],[-90.70132,19.57956],[-90.70136,19.57947],[-90.70136,19.57936],[-90.70144,19.5792],[-90.70149,19.5791],[-90.70158,19.57906],[-90.7016,19.5789],[-90.70173,19.57876],[-90.70184,19.57868],[-90.70188,19.57852],[-90.7019,19.57832],[-90.702,19.57826],[-90.70204,19.5781],[-90.7021,19.57801],[-90.70216,19.57797],[-90.70223,19.57797],[-90.70224,19.57784],[-90.70225,19.57774],[-90.70233,19.57766],[-90.70241,19.57762],[-90.70238,19.57749],[-90.70244,19.57741],[-90.70249,19.57731],[-90.7025,19.57725],[-90.70253,19.57714],[-90.7026,19.57703],[-90.70262,19.57703],[-90.70272,19.577],[-90.70279,19.57693],[-90.70285,19.57679],[-90.70287,19.57667],[-90.70295,19.57648],[-90.70303,19.5764],[-90.70305,19.57618],[-90.70314,19.57615],[-90.70315,19.57609],[-90.7031,19.57607],[-90.7031,19.57606],[-90.7031,19.57598],[-90.70313,19.57593],[-90.70316,19.57594],[-90.7032,19.57594],[-90.70326,19.57587],[-90.70325,19.57576],[-90.70325,19.57574],[-90.70334,19.57556],[-90.70343,19.57544],[-90.70363,19.57525],[-90.70376,19.57504],[-90.70386,19.57499],[-90.70395,19.5748],[-90.70401,19.57459],[-90.70408,19.57447],[-90.70477,19.57334],[-90.70504,19.57283],[-90.70533,19.57224],[-90.70537,19.57192],[-90.70539,19.57189],[-90.70542,19.57184],[-90.70545,19.5718],[-90.70549,19.57173],[-90.70558,19.57156],[-90.70562,19.57152],[-90.70566,19.57141],[-90.70573,19.57124],[-90.70581,19.57111],[-90.70589,19.57097],[-90.70592,19.57085],[-90.70605,19.57069],[-90.70612,19.5705],[-90.70618,19.57038],[-90.70625,19.57022],[-90.70632,19.57004],[-90.70643,19.56992],[-90.70646,19.56989],[-90.70659,19.56972],[-90.70658,19.56963],[-90.7066,19.56954],[-90.70668,19.56951],[-90.70672,19.56936],[-90.70672,19.56932],[-90.70684,19.56914],[-90.70702,19.56883],[-90.70705,19.56871],[-90.70714,19.56853],[-90.70725,19.56848],[-90.70735,19.56838],[-90.70742,19.56833],[-90.70743,19.56833],[-90.70743,19.56832],[-90.70756,19.56827],[-90.7076,19.56826],[-90.70802,19.56801],[-90.7081,19.56796],[-90.70822,19.56791],[-90.7082,19.56784],[-90.7082,19.56784],[-90.70819,19.56784],[-90.70784,19.56796],[-90.70784,19.56795],[-90.70783,19.56794],[-90.70778,19.5678],[-90.70777,19.56779],[-90.70779,19.56774],[-90.70782,19.56765],[-90.70785,19.5675],[-90.70786,19.56742],[-90.70789,19.56738],[-90.70797,19.56727],[-90.7081,19.5671],[-90.70822,19.56696],[-90.70864,19.56643],[-90.7087,19.56641],[-90.70879,19.56642],[-90.70881,19.56641],[-90.70884,19.5664],[-90.70889,19.5664],[-90.7089,19.56636],[-90.7088,19.56624],[-90.70878,19.56616],[-90.70877,19.56611],[-90.70876,19.56608],[-90.70883,19.56586],[-90.70909,19.56548],[-90.70935,19.56518],[-90.70948,19.56508],[-90.70968,19.56493],[-90.70977,19.56485],[-90.71011,19.56435],[-90.71024,19.56432],[-90.71033,19.5643],[-90.71035,19.56416],[-90.71038,19.56403],[-90.71045,19.56393],[-90.71055,19.56381],[-90.71073,19.56359],[-90.71073,19.56359],[-90.71077,19.56361],[-90.71077,19.56362],[-90.71081,19.56357],[-90.71091,19.56348],[-90.71126,19.56313],[-90.71125,19.56311],[-90.71135,19.56304],[-90.71141,19.563],[-90.71154,19.56292],[-90.71155,19.5629],[-90.71179,19.56262],[-90.71189,19.56241],[-90.71192,19.56229],[-90.71186,19.56222],[-90.71186,19.56214],[-90.71176,19.56209],[-90.71172,19.56208],[-90.71165,19.56206],[-90.7116,19.56202],[-90.71156,19.56199],[-90.71153,19.56192],[-90.71147,19.56189],[-90.71146,19.56186],[-90.71136,19.56184],[-90.71134,19.56182],[-90.7113,19.56179],[-90.7113,19.56179],[-90.71123,19.56179],[-90.71114,19.5618],[-90.71114,19.5618],[-90.71112,19.56177],[-90.71111,19.56175],[-90.71111,19.56175],[-90.71104,19.56175],[-90.711,19.56175],[-90.71095,19.56178],[-90.71094,19.56178],[-90.7109,19.56178],[-90.7109,19.56175],[-90.71085,19.56174],[-90.71085,19.56174],[-90.71082,19.56177],[-90.71081,19.56177],[-90.71077,19.56176],[-90.71065,19.56172],[-90.71056,19.56161],[-90.71049,19.56152],[-90.71048,19.56151],[-90.71031,19.5613],[-90.71012,19.56108],[-90.71007,19.56099],[-90.71005,19.56093],[-90.71004,19.56088],[-90.70997,19.56081],[-90.70993,19.56075],[-90.70993,19.56075],[-90.70987,19.56075],[-90.70987,19.56075],[-90.7098,19.56068],[-90.70974,19.56065],[-90.70973,19.56065],[-90.70972,19.56065],[-90.70968,19.56065],[-90.70963,19.56065],[-90.70955,19.56065],[-90.7095,19.56065],[-90.70943,19.56066],[-90.7093,19.56069],[-90.70929,19.56068],[-90.70923,19.56066],[-90.70923,19.56066],[-90.70917,19.56067],[-90.70913,19.5607],[-90.70902,19.5607],[-90.70893,19.56071],[-90.70893,19.56071],[-90.70885,19.56069],[-90.70876,19.56066],[-90.70876,19.56066],[-90.70871,19.56073],[-90.70869,19.56074],[-90.70863,19.56074],[-90.70863,19.56074],[-90.70858,19.56071],[-90.70856,19.5607],[-90.70848,19.56062],[-90.70838,19.5606],[-90.70838,19.5606],[-90.7083,19.56064],[-90.70827,19.56065],[-90.7082,19.56066],[-90.7082,19.56066],[-90.70817,19.56064],[-90.70812,19.56062],[-90.70805,19.56059],[-90.70794,19.56057],[-90.70794,19.56057],[-90.7078,19.56059],[-90.70766,19.56058],[-90.70758,19.56061],[-90.70753,19.56064],[-90.70752,19.56064],[-90.70742,19.56061],[-90.70728,19.56059],[-90.70728,19.56059],[-90.70716,19.56064],[-90.70713,19.56065],[-90.70703,19.56065],[-90.70696,19.5607],[-90.70694,19.56071],[-90.7068,19.56073],[-90.70676,19.56078],[-90.70669,19.5608],[-90.70668,19.5608],[-90.70664,19.5608],[-90.70664,19.5608],[-90.70666,19.56083],[-90.70653,19.56084],[-90.70645,19.56085],[-90.70642,19.56085],[-90.70641,19.56085],[-90.70635,19.56084],[-90.70635,19.56084],[-90.70629,19.56077],[-90.70628,19.56076],[-90.70632,19.56072],[-90.70629,19.56067],[-90.70628,19.56064],[-90.70624,19.56057],[-90.70621,19.56056],[-90.70595,19.56031],[-90.70581,19.56003],[-90.70554,19.55968],[-90.70548,19.55954],[-90.70542,19.55935],[-90.70538,19.55924],[-90.70537,19.5592],[-90.70533,19.55906],[-90.70532,19.55903],[-90.70529,19.5589],[-90.70528,19.55884],[-90.70526,19.55875],[-90.70524,19.55871],[-90.70512,19.55828],[-90.705,19.55767],[-90.70487,19.55712],[-90.70477,19.55671],[-90.7048,19.55671],[-90.70481,19.55671],[-90.70483,19.5567],[-90.70483,19.55663],[-90.70482,19.55663],[-90.70479,19.55663],[-90.70479,19.55663],[-90.70478,19.55663],[-90.70478,19.55663],[-90.70472,19.55661],[-90.70463,19.5563],[-90.7045,19.55578],[-90.70437,19.55526],[-90.70431,19.55467],[-90.70435,19.55466],[-90.70436,19.55465],[-90.70438,19.55465],[-90.70437,19.5546],[-90.70435,19.5546],[-90.70434,19.5546],[-90.7043,19.5546],[-90.70428,19.55445],[-90.70421,19.55398],[-90.70411,19.55357],[-90.70409,19.55334],[-90.70405,19.55284],[-90.70403,19.55262],[-90.70403,19.55241],[-90.70404,19.55204],[-90.70408,19.55146],[-90.70411,19.55117],[-90.70414,19.55082],[-90.70415,19.55079],[-90.70423,19.55032],[-90.70427,19.55008],[-90.70428,19.55005],[-90.70431,19.54968],[-90.7043,19.54959],[-90.7043,19.54947],[-90.70432,19.54927],[-90.70434,19.54917],[-90.70435,19.5491],[-90.7044,19.54886],[-90.70447,19.54851],[-90.70451,19.5485],[-90.70454,19.5485],[-90.70455,19.54843],[-90.70453,19.54842],[-90.70448,19.54839],[-90.70446,19.54835],[-90.70447,19.54825],[-90.70452,19.548],[-90.70461,19.54768],[-90.70466,19.54735],[-90.70468,19.54728],[-90.70469,19.54723],[-90.70469,19.54722],[-90.70469,19.54707],[-90.70479,19.54669],[-90.70482,19.54654],[-90.70489,19.54622],[-90.70504,19.54576],[-90.70506,19.54563],[-90.70506,19.54563],[-90.70508,19.54563],[-90.70524,19.54567],[-90.70524,19.54567],[-90.70524,19.54563],[-90.70511,19.54558],[-90.70511,19.54554],[-90.70512,19.54545],[-90.70514,19.54535],[-90.70517,19.54526],[-90.70517,19.54526],[-90.70519,19.54527],[-90.70544,19.54537],[-90.70544,19.54537],[-90.70546,19.54532],[-90.7052,19.5452],[-90.70515,19.54518],[-90.7052,19.545],[-90.70525,19.545],[-90.70527,19.54497],[-90.70528,19.54495],[-90.70532,19.54489],[-90.70532,19.54489],[-90.70553,19.54492],[-90.70549,19.54501],[-90.70553,19.54502],[-90.70554,19.54503],[-90.7056,19.54489],[-90.70554,19.54488],[-90.70554,19.54488],[-90.70553,19.5449],[-90.70552,19.54489],[-90.70538,19.54485],[-90.70538,19.54481],[-90.70535,19.54478],[-90.70546,19.54444],[-90.70546,19.54443],[-90.70551,19.54432],[-90.70563,19.54407],[-90.70567,19.54388],[-90.70576,19.54361],[-90.70577,19.54359],[-90.70586,19.54336],[-90.70589,19.5433],[-90.70596,19.54312],[-90.70606,19.54287],[-90.70613,19.54278],[-90.70622,19.54264],[-90.70627,19.54254],[-90.70632,19.54244],[-90.70632,19.54243],[-90.70642,19.5423],[-90.70642,19.5423],[-90.70662,19.54232],[-90.70662,19.54232],[-90.70662,19.54228],[-90.70661,19.54228],[-90.70645,19.54227],[-90.70645,19.54227],[-90.70649,19.54223],[-90.70646,19.5422],[-90.70651,19.54215],[-90.70648,19.54212],[-90.70644,19.54208],[-90.7066,19.54179],[-90.70667,19.54169],[-90.70673,19.54168],[-90.70673,19.54168],[-90.70675,19.54163],[-90.70677,19.5416],[-90.70677,19.5416],[-90.70677,19.5416],[-90.70689,19.54162],[-90.70689,19.54162],[-90.70691,19.54159],[-90.70679,19.54156],[-90.70678,19.54156],[-90.70681,19.54146],[-90.70681,19.54145],[-90.70692,19.54118],[-90.70694,19.54109],[-90.707,19.541],[-90.70705,19.5409],[-90.70711,19.54071],[-90.70712,19.54068],[-90.70713,19.54065],[-90.70721,19.54048],[-90.70721,19.54048],[-90.70721,19.54048],[-90.70736,19.54054],[-90.70737,19.54055],[-90.70738,19.54051],[-90.70723,19.54044],[-90.70721,19.54043],[-90.70726,19.54023],[-90.70736,19.53998],[-90.70758,19.53976],[-90.70775,19.53954],[-90.70786,19.53932],[-90.7079,19.53909],[-90.7079,19.53895],[-90.70783,19.53889],[-90.70776,19.53865],[-90.70774,19.53861],[-90.70772,19.53851],[-90.70768,19.53851],[-90.70768,19.53838],[-90.70763,19.53824],[-90.70758,19.53818],[-90.70751,19.53814],[-90.70746,19.53806],[-90.70742,19.5379],[-90.7074,19.53785],[-90.70724,19.53769],[-90.70715,19.53734],[-90.70716,19.53695],[-90.70721,19.53679],[-90.70722,19.53664],[-90.70722,19.53651],[-90.70722,19.53634],[-90.70722,19.53628],[-90.70724,19.53623],[-90.70726,19.53601],[-90.70735,19.53554],[-90.7075,19.53529],[-90.70754,19.53523],[-90.7077,19.53501],[-90.70771,19.53495],[-90.70773,19.53486],[-90.70776,19.53484],[-90.7078,19.53482],[-90.70785,19.5348],[-90.70803,19.53455],[-90.70806,19.53426],[-90.70826,19.53388],[-90.70838,19.5337],[-90.70842,19.53358],[-90.70842,19.53352],[-90.70843,19.53339],[-90.70843,19.53334],[-90.70845,19.5333],[-90.70847,19.53316],[-90.70848,19.53307],[-90.70848,19.53298],[-90.70853,19.53287],[-90.70861,19.53272],[-90.70868,19.53257],[-90.70881,19.53241],[-90.70891,19.53224],[-90.70906,19.53202],[-90.70924,19.53185],[-90.70931,19.53176],[-90.70933,19.5316],[-90.70943,19.53142],[-90.70947,19.53135],[-90.70945,19.53129],[-90.70943,19.53124],[-90.70943,19.5311],[-90.70949,19.53092],[-90.70953,19.5307],[-90.70972,19.53051],[-90.70991,19.53032],[-90.70995,19.53013],[-90.70995,19.53013],[-90.70999,19.52996],[-90.71041,19.52922],[-90.71071,19.52872],[-90.71091,19.52837],[-90.71099,19.52805],[-90.7111,19.52753],[-90.7111,19.52748],[-90.71108,19.52738],[-90.71106,19.52729],[-90.71103,19.52715],[-90.71096,19.52698],[-90.71072,19.52661],[-90.71057,19.52636],[-90.71042,19.52619],[-90.71032,19.52606],[-90.71015,19.52597],[-90.71003,19.52587],[-90.70978,19.52572],[-90.70978,19.52559],[-90.70978,19.52558],[-90.70978,19.52541],[-90.70985,19.52516],[-90.70988,19.52499],[-90.70993,19.5248],[-90.70993,19.52477],[-90.71008,19.52436],[-90.71006,19.52393],[-90.71005,19.52359],[-90.71007,19.52355],[-90.71004,19.52349],[-90.71,19.52349],[-90.71,19.52349],[-90.70994,19.5235],[-90.70991,19.52352],[-90.7099,19.52352],[-90.7099,19.52358],[-90.7099,19.52411],[-90.70989,19.52411],[-90.70987,19.52411],[-90.70986,19.52416],[-90.70983,19.52442],[-90.70981,19.5245],[-90.70984,19.52452],[-90.70987,19.52454],[-90.70975,19.5249],[-90.70952,19.52558],[-90.70952,19.52558],[-90.70945,19.52553],[-90.70927,19.52542],[-90.70912,19.52536],[-90.70901,19.52528],[-90.70895,19.52514],[-90.70895,19.52511],[-90.70895,19.52509],[-90.70918,19.52511],[-90.70918,19.52504],[-90.70917,19.52504],[-90.70893,19.52505],[-90.70893,19.52505],[-90.70889,19.52488],[-90.70881,19.52488],[-90.70881,19.52488],[-90.70869,19.52458],[-90.70867,19.52431],[-90.70862,19.52419],[-90.70861,19.52401],[-90.70859,19.52394],[-90.70858,19.52376],[-90.70861,19.52374],[-90.70862,19.52374],[-90.70923,19.52375],[-90.70935,19.52375],[-90.70942,19.52374],[-90.70942,19.52366],[-90.70941,19.52365],[-90.70942,19.52364],[-90.70942,19.52354],[-90.70937,19.52353],[-90.7093,19.52352],[-90.70922,19.52353],[-90.70868,19.52352],[-90.70858,19.52322],[-90.70855,19.52311],[-90.70854,19.52307],[-90.70854,19.52304],[-90.70855,19.52297],[-90.70853,19.52291],[-90.70855,19.52284],[-90.70856,19.52276],[-90.70859,19.52256],[-90.70858,19.52256],[-90.70856,19.52244],[-90.70858,19.52234],[-90.70862,19.52225],[-90.70865,19.52221],[-90.70872,19.52206],[-90.70868,19.52189],[-90.70873,19.52174],[-90.70877,19.52158],[-90.70882,19.52138],[-90.70882,19.52135],[-90.70883,19.52134],[-90.70886,19.52129],[-90.70888,19.52109],[-90.70893,19.521],[-90.70893,19.52097],[-90.70895,19.52092],[-90.70894,19.52088],[-90.70893,19.52085],[-90.70888,19.52081],[-90.70888,19.5208],[-90.70885,19.52072],[-90.70881,19.52061],[-90.70885,19.52049],[-90.70895,19.5204],[-90.70895,19.5204],[-90.70895,19.52038],[-90.70894,19.5203],[-90.70894,19.52019],[-90.70898,19.52011],[-90.70896,19.52],[-90.70896,19.51998],[-90.70901,19.51984],[-90.70909,19.51964],[-90.70909,19.51961],[-90.70912,19.51953],[-90.70915,19.51946],[-90.70919,19.51942],[-90.7092,19.51941],[-90.70922,19.51925],[-90.70922,19.51919],[-90.70923,19.51906],[-90.70929,19.51897],[-90.70929,19.51894],[-90.70932,19.51882],[-90.70934,19.51873],[-90.7094,19.51856],[-90.70944,19.51845],[-90.70946,19.51833],[-90.70951,19.5182],[-90.70956,19.51805],[-90.70959,19.51794],[-90.70962,19.51787],[-90.70968,19.51772],[-90.70968,19.51769],[-90.7097,19.51758],[-90.70971,19.51755],[-90.70978,19.51736],[-90.70985,19.51724],[-90.70989,19.51718],[-90.70995,19.517],[-90.71009,19.51681],[-90.71011,19.51676],[-90.71014,19.51665],[-90.71018,19.51653],[-90.71017,19.51649],[-90.71015,19.51641],[-90.71015,19.51639],[-90.71014,19.51622],[-90.71021,19.51608],[-90.7103,19.51595],[-90.71034,19.51589],[-90.71037,19.51578],[-90.71038,19.51574],[-90.71042,19.5157],[-90.71044,19.51568],[-90.71048,19.51563],[-90.71053,19.51558],[-90.71053,19.51553],[-90.71052,19.51547],[-90.71053,19.5154],[-90.71053,19.51539],[-90.71055,19.5153],[-90.71054,19.51526],[-90.71053,19.51518],[-90.71054,19.51515],[-90.71059,19.51508],[-90.7106,19.51507],[-90.71061,19.51504],[-90.71066,19.51494],[-90.71069,19.51481],[-90.7107,19.51477],[-90.71073,19.51467],[-90.71073,19.51467],[-90.71076,19.51456],[-90.71076,19.51455],[-90.71076,19.5144],[-90.71072,19.51427],[-90.71073,19.51419],[-90.71073,19.51407],[-90.71072,19.51407],[-90.71072,19.51406],[-90.71068,19.51397],[-90.71064,19.51387],[-90.71064,19.51384],[-90.71064,19.51383],[-90.71063,19.51382],[-90.71061,19.51377],[-90.71053,19.51371],[-90.71047,19.51365],[-90.71037,19.51355],[-90.71029,19.51338],[-90.71023,19.51313],[-90.71022,19.51309],[-90.71015,19.51302],[-90.7101,19.51297],[-90.71004,19.51285],[-90.71,19.5128],[-90.71001,19.51272],[-90.70998,19.51264],[-90.70995,19.51259],[-90.70988,19.51248],[-90.7098,19.51237],[-90.70975,19.51231],[-90.70972,19.5122],[-90.7097,19.51215],[-90.70966,19.51211],[-90.70964,19.51209],[-90.70964,19.51207],[-90.70963,19.51201],[-90.70959,19.51194],[-90.70959,19.51193],[-90.70959,19.51186],[-90.70957,19.51181],[-90.70958,19.51179],[-90.70962,19.5117],[-90.70962,19.51169],[-90.70963,19.5115],[-90.7096,19.51144],[-90.70958,19.51142],[-90.70956,19.51139],[-90.70953,19.51135],[-90.70955,19.5113],[-90.70956,19.51129],[-90.70959,19.51122],[-90.70956,19.51119],[-90.70955,19.51117],[-90.70953,19.51115],[-90.70953,19.51112],[-90.70954,19.51103],[-90.70956,19.5109],[-90.70955,19.51062],[-90.70952,19.51042],[-90.70958,19.51018],[-90.70958,19.51004],[-90.70955,19.50995],[-90.70953,19.50987],[-90.70952,19.50983],[-90.70955,19.50963],[-90.70962,19.50946],[-90.70961,19.50936],[-90.70961,19.5093],[-90.70964,19.50914],[-90.70964,19.50892],[-90.70968,19.50886],[-90.70966,19.50872],[-90.70966,19.5087],[-90.70966,19.5087],[-90.70959,19.50861],[-90.70959,19.50861],[-90.70956,19.50862],[-90.70954,19.50868],[-90.70951,19.50869],[-90.70949,19.5087],[-90.70948,19.50869],[-90.70943,19.50866],[-90.70945,19.50863],[-90.70946,19.50861],[-90.70947,19.50854],[-90.70945,19.50848],[-90.70938,19.50846],[-90.70926,19.50845],[-90.70924,19.50838],[-90.70916,19.50832],[-90.70913,19.50825],[-90.70906,19.50814],[-90.70903,19.50812],[-90.70901,19.50809],[-90.70901,19.50808],[-90.70896,19.50807],[-90.70891,19.50796],[-90.70886,19.50777],[-90.70886,19.50776],[-90.70885,19.5077],[-90.70885,19.50766],[-90.70881,19.50761],[-90.70882,19.50753],[-90.70877,19.50749],[-90.70874,19.50747],[-90.70872,19.50747],[-90.70868,19.50745],[-90.70863,19.50736],[-90.70856,19.50725],[-90.70854,19.50713],[-90.70855,19.50704],[-90.70855,19.50702],[-90.70856,19.50686],[-90.70855,19.50685],[-90.70852,19.50679],[-90.70848,19.5067],[-90.70848,19.50669],[-90.70848,19.50661],[-90.70843,19.50659],[-90.70842,19.50659],[-90.70841,19.50659],[-90.70836,19.50657],[-90.70833,19.50651],[-90.70829,19.50642],[-90.70829,19.50634],[-90.70836,19.50631],[-90.70836,19.5063],[-90.70835,19.50617],[-90.70835,19.50613],[-90.70834,19.50612],[-90.7083,19.50604],[-90.7083,19.50603],[-90.70827,19.50601],[-90.70824,19.50598],[-90.70816,19.5059],[-90.70817,19.50586],[-90.70819,19.50577],[-90.70817,19.50566],[-90.70816,19.50557],[-90.7081,19.50549],[-90.7081,19.5055],[-90.70806,19.5055],[-90.708,19.50552],[-90.708,19.50552],[-90.70789,19.50551],[-90.70784,19.50542],[-90.70785,19.5053],[-90.70779,19.50521],[-90.70773,19.50516],[-90.70765,19.50505],[-90.7075,19.50502],[-90.70735,19.50501],[-90.70732,19.50495],[-90.70729,19.50495],[-90.70704,19.50481],[-90.70698,19.50477],[-90.70687,19.5047],[-90.70687,19.50466],[-90.70683,19.50461],[-90.70678,19.5046],[-90.70672,19.5046],[-90.70666,19.50459],[-90.70665,19.50459],[-90.70664,19.50459],[-90.70661,19.50459],[-90.70655,19.50454],[-90.70652,19.50451],[-90.70651,19.50448],[-90.70649,19.50442],[-90.70647,19.50441],[-90.70644,19.50437],[-90.70644,19.50436],[-90.70639,19.50431],[-90.70631,19.50426],[-90.70626,19.50423],[-90.70623,19.50422],[-90.70616,19.50421],[-90.70613,19.50418],[-90.70612,19.50413],[-90.70609,19.50409],[-90.70608,19.50406],[-90.70601,19.50403],[-90.70588,19.50392],[-90.70585,19.5039],[-90.70577,19.50385],[-90.70572,19.50379],[-90.70568,19.50367],[-90.70572,19.5036],[-90.70572,19.50357],[-90.70567,19.50354],[-90.70567,19.50347],[-90.70567,19.50345],[-90.70567,19.50345],[-90.70566,19.50338],[-90.70563,19.50334],[-90.70556,19.50329],[-90.70553,19.50327],[-90.70551,19.50324],[-90.70551,19.5032],[-90.70551,19.50318],[-90.70551,19.50315],[-90.70548,19.50313],[-90.70544,19.50303],[-90.70539,19.50298],[-90.70534,19.50293],[-90.70535,19.50292],[-90.70537,19.50286],[-90.70532,19.50282],[-90.70531,19.50278],[-90.70526,19.50276],[-90.70525,19.50275],[-90.70521,19.5027],[-90.70517,19.50263],[-90.70512,19.50256],[-90.70507,19.50251],[-90.70503,19.50246],[-90.705,19.50243],[-90.70499,19.50237],[-90.70496,19.50232],[-90.70492,19.50228],[-90.70491,19.5022],[-90.70493,19.50218],[-90.70496,19.50216],[-90.70495,19.50208],[-90.70487,19.50205],[-90.70485,19.50196],[-90.70477,19.50189],[-90.70477,19.50189],[-90.70474,19.50184],[-90.70471,19.50179],[-90.70466,19.5017],[-90.70466,19.50169],[-90.70464,19.50163],[-90.70463,19.5016],[-90.70462,19.50155],[-90.70458,19.50151],[-90.70456,19.50147],[-90.70454,19.50145],[-90.70449,19.50139],[-90.70442,19.50129],[-90.7044,19.50118],[-90.70436,19.50115],[-90.70435,19.50107],[-90.70435,19.50106],[-90.70431,19.50095],[-90.70428,19.50089],[-90.70428,19.50088],[-90.70428,19.50088],[-90.70426,19.50082],[-90.7042,19.50078],[-90.70418,19.50076],[-90.70419,19.50074],[-90.7042,19.50071],[-90.70416,19.50064],[-90.70409,19.50055],[-90.70408,19.50054],[-90.70405,19.50041],[-90.70403,19.50029],[-90.704,19.50009],[-90.704,19.50008],[-90.70399,19.49993],[-90.70396,19.49986],[-90.70395,19.49983],[-90.70394,19.49975],[-90.70394,19.49962],[-90.70394,19.49951],[-90.70393,19.49949],[-90.70392,19.4994],[-90.7039,19.49935],[-90.70388,19.4993],[-90.70387,19.49927],[-90.70388,19.49914],[-90.70388,19.49905],[-90.70388,19.49886],[-90.70391,19.49887],[-90.70395,19.49883],[-90.70394,19.49874],[-90.7039,19.49871],[-90.70388,19.49862],[-90.70386,19.49858],[-90.70386,19.49857],[-90.70385,19.49857],[-90.70382,19.49856],[-90.70381,19.49839],[-90.7038,19.49834],[-90.7038,19.49814],[-90.70381,19.498],[-90.70382,19.49796],[-90.7038,19.49789],[-90.70377,19.49789],[-90.70378,19.49767],[-90.70379,19.49745],[-90.70379,19.49742],[-90.7038,19.49717],[-90.70381,19.49713],[-90.7038,19.497],[-90.70378,19.49694],[-90.70377,19.49691],[-90.70375,19.4968],[-90.70375,19.49677],[-90.70373,19.49652],[-90.70372,19.49647],[-90.70372,19.49632],[-90.70372,19.49626],[-90.70371,19.49624],[-90.70368,19.49611],[-90.70369,19.49599],[-90.70369,19.49594],[-90.70369,19.49592],[-90.70366,19.49586],[-90.70365,19.49576],[-90.70365,19.49567],[-90.70365,19.49557],[-90.70365,19.49552],[-90.70365,19.49549],[-90.70362,19.4954],[-90.70359,19.49529],[-90.70357,19.49518],[-90.70361,19.49509],[-90.70361,19.49509],[-90.70362,19.49501],[-90.7036,19.49498],[-90.70358,19.49496],[-90.70355,19.49491],[-90.70354,19.49484],[-90.70353,19.49475],[-90.70352,19.49467],[-90.70352,19.49461],[-90.70353,19.49455],[-90.70351,19.49447],[-90.7035,19.49441],[-90.70349,19.49435],[-90.70349,19.4943],[-90.70349,19.49424],[-90.70349,19.49415],[-90.7035,19.4941],[-90.7035,19.49408],[-90.70349,19.49401],[-90.70349,19.49395],[-90.70347,19.49391],[-90.70345,19.49382],[-90.7034,19.49368],[-90.70341,19.49344],[-90.70341,19.49338],[-90.70342,19.49328],[-90.70342,19.49324],[-90.7034,19.4932],[-90.70339,19.4932],[-90.70339,19.4932],[-90.70338,19.49318],[-90.70337,19.49311],[-90.70337,19.49307],[-90.70335,19.49298],[-90.70335,19.49297],[-90.70336,19.49287],[-90.70334,19.49279],[-90.70335,19.49275],[-90.70335,19.49272],[-90.70335,19.49268],[-90.70334,19.49259],[-90.70334,19.49259],[-90.70332,19.49252],[-90.70328,19.49232],[-90.70326,19.49209],[-90.70325,19.49178],[-90.70325,19.49166],[-90.70325,19.49143],[-90.70321,19.49122],[-90.70318,19.49084],[-90.70318,19.49082],[-90.70314,19.49043],[-90.70314,19.49025],[-90.70313,19.49013],[-90.7031,19.48939],[-90.70309,19.48913],[-90.70301,19.48846],[-90.703,19.4877],[-90.70296,19.48703],[-90.70296,19.48657],[-90.70296,19.48654],[-90.70305,19.48575],[-90.70314,19.48483],[-90.70323,19.48381],[-90.7033,19.48325],[-90.70339,19.48264],[-90.70352,19.48207],[-90.70373,19.48099],[-90.70376,19.4808],[-90.70381,19.48055],[-90.70384,19.48039],[-90.7039,19.48012],[-90.70398,19.47987],[-90.70404,19.47969],[-90.70413,19.47934],[-90.70422,19.47915],[-90.70423,19.47902],[-90.70422,19.47899],[-90.70422,19.47889],[-90.70428,19.47873],[-90.70432,19.47862],[-90.70431,19.47862],[-90.70427,19.47859],[-90.70426,19.47854],[-90.70441,19.47825],[-90.70441,19.47825],[-90.70441,19.47824],[-90.70447,19.47804],[-90.7045,19.47792],[-90.70468,19.47751],[-90.70482,19.47714],[-90.70497,19.47645],[-90.70508,19.47594],[-90.70511,19.47582],[-90.70527,19.47542],[-90.70557,19.47466],[-90.70591,19.47382],[-90.70613,19.4731],[-90.70616,19.47303],[-90.70622,19.47295],[-90.70631,19.47283],[-90.70632,19.47276],[-90.70632,19.47272],[-90.70632,19.4727],[-90.70634,19.47265],[-90.70635,19.47258],[-90.70647,19.47228],[-90.70692,19.47135],[-90.70694,19.47117],[-90.70693,19.47089],[-90.70693,19.47084],[-90.70693,19.47068],[-90.70691,19.47066],[-90.70691,19.47065],[-90.7069,19.47037],[-90.7069,19.47031],[-90.7069,19.47028],[-90.7069,19.47026],[-90.70691,19.47023],[-90.70693,19.47015],[-90.70697,19.47006],[-90.70697,19.47003],[-90.70702,19.46991],[-90.70701,19.46983],[-90.70701,19.46981],[-90.70701,19.46978],[-90.70703,19.46975],[-90.70703,19.46975],[-90.7071,19.46968],[-90.70712,19.46955],[-90.70714,19.46939],[-90.70714,19.46939],[-90.7073,19.46893],[-90.70741,19.46873],[-90.70743,19.4687],[-90.70748,19.46862],[-90.70748,19.4686],[-90.70769,19.46809],[-90.70771,19.468],[-90.70771,19.4679],[-90.70749,19.46722],[-90.70735,19.46685],[-90.70729,19.46672],[-90.70725,19.46641],[-90.70725,19.46633],[-90.70727,19.4663],[-90.70725,19.46629],[-90.7072,19.46625],[-90.70718,19.46624],[-90.7072,19.46603],[-90.70724,19.46582],[-90.70727,19.46579],[-90.70729,19.46577],[-90.70732,19.4657],[-90.70729,19.4656],[-90.70729,19.46559],[-90.70722,19.46551],[-90.7072,19.46538],[-90.70724,19.46525],[-90.70724,19.46525],[-90.70725,19.46514],[-90.70722,19.46511],[-90.70721,19.4651],[-90.70711,19.46499],[-90.70712,19.46469],[-90.7071,19.46453],[-90.70703,19.4645],[-90.70702,19.46439],[-90.70703,19.46433],[-90.70707,19.46432],[-90.70707,19.46429],[-90.70707,19.46428],[-90.70707,19.46426],[-90.70707,19.46425],[-90.70704,19.46402],[-90.70705,19.46391],[-90.70707,19.46373],[-90.70711,19.46356],[-90.70713,19.46313],[-90.70677,19.46246],[-90.70669,19.46218],[-90.70669,19.46217],[-90.70667,19.4621],[-90.7066,19.46183],[-90.7066,19.46183],[-90.70654,19.46167],[-90.70645,19.46161],[-90.70628,19.46158],[-90.70607,19.46166],[-90.70603,19.46158],[-90.70602,19.46157],[-90.70596,19.46139],[-90.70601,19.46131],[-90.70606,19.46128],[-90.70611,19.46129],[-90.70615,19.46131],[-90.70615,19.46131],[-90.70621,19.4613],[-90.70622,19.46123],[-90.70623,19.46121],[-90.70625,19.46119],[-90.70625,19.46116],[-90.70623,19.46114],[-90.70622,19.46113],[-90.70619,19.46111],[-90.70618,19.4611],[-90.70618,19.46109],[-90.70618,19.46105],[-90.7062,19.461],[-90.7062,19.461],[-90.70623,19.46102],[-90.70631,19.46106],[-90.70632,19.46107],[-90.70632,19.46107],[-90.70644,19.46106],[-90.70648,19.46096],[-90.7065,19.46093],[-90.7065,19.46091],[-90.7065,19.46085],[-90.7065,19.46083],[-90.70649,19.46081],[-90.70645,19.46075],[-90.70641,19.46075],[-90.70635,19.46075],[-90.70634,19.46074],[-90.70634,19.46074],[-90.70629,19.46073],[-90.7063,19.46069],[-90.70634,19.46063],[-90.70635,19.46063],[-90.70638,19.46058],[-90.70641,19.46056],[-90.70641,19.46056],[-90.70642,19.46058],[-90.70645,19.46064],[-90.70649,19.46071],[-90.70651,19.46071],[-90.70658,19.46072],[-90.70659,19.46072],[-90.70668,19.46071],[-90.7067,19.46066],[-90.70671,19.46061],[-90.70671,19.46056],[-90.70667,19.46052],[-90.70663,19.46048],[-90.70657,19.46046],[-90.70656,19.46046],[-90.70652,19.46047],[-90.70651,19.46048],[-90.70647,19.46048],[-90.70647,19.46048],[-90.70646,19.46048],[-90.70644,19.46046],[-90.70639,19.46045],[-90.70648,19.46024],[-90.70653,19.46015],[-90.70657,19.46009],[-90.70657,19.46009],[-90.7066,19.4601],[-90.70665,19.46012],[-90.70667,19.46014],[-90.70671,19.46018],[-90.70672,19.46018],[-90.70681,19.46018],[-90.70688,19.46006],[-90.70687,19.46002],[-90.70687,19.45999],[-90.70687,19.45998],[-90.70678,19.45984],[-90.70665,19.45978],[-90.70658,19.45977],[-90.70654,19.45976],[-90.70656,19.45961],[-90.70656,19.45953],[-90.70659,19.45946],[-90.7066,19.45936],[-90.7066,19.45935],[-90.70662,19.45926],[-90.70665,19.45912],[-90.70665,19.45904],[-90.70669,19.45896],[-90.7067,19.45895],[-90.70674,19.45888],[-90.70674,19.45887],[-90.70674,19.45887],[-90.70675,19.4588],[-90.70676,19.45873],[-90.70677,19.45863],[-90.70678,19.45859],[-90.7068,19.45855],[-90.70682,19.45848],[-90.70684,19.45842],[-90.70684,19.45841],[-90.70684,19.45839],[-90.70685,19.45824],[-90.70689,19.45819],[-90.70697,19.45808],[-90.70704,19.4577],[-90.70713,19.45737],[-90.70736,19.45692],[-90.70738,19.45685],[-90.7074,19.45681],[-90.70742,19.45675],[-90.70743,19.45672],[-90.7075,19.45658],[-90.70755,19.4565],[-90.70759,19.45643],[-90.70764,19.45632],[-90.70765,19.45631],[-90.70771,19.45623],[-90.70771,19.45617],[-90.70772,19.45613],[-90.70776,19.45605],[-90.70779,19.45594],[-90.70782,19.45584],[-90.70785,19.45575],[-90.70789,19.45566],[-90.70789,19.45563],[-90.70791,19.45557],[-90.70795,19.45548],[-90.70797,19.45541],[-90.70802,19.45531],[-90.70803,19.45531],[-90.70805,19.45531],[-90.70807,19.45525],[-90.70806,19.45522],[-90.70805,19.45518],[-90.70805,19.45512],[-90.7081,19.45508],[-90.70811,19.45507],[-90.70814,19.45503],[-90.70822,19.455],[-90.70818,19.45489],[-90.7082,19.45484],[-90.70822,19.45476],[-90.70821,19.45472],[-90.70821,19.45468],[-90.7082,19.45461],[-90.70821,19.45455],[-90.70823,19.45452],[-90.70824,19.45444],[-90.70825,19.45434],[-90.70829,19.45427],[-90.70832,19.45421],[-90.70836,19.45416],[-90.7084,19.4541],[-90.70841,19.45409],[-90.70844,19.45404],[-90.70846,19.45397],[-90.70845,19.45392],[-90.70845,19.45391],[-90.70845,19.45391],[-90.70849,19.45388],[-90.70851,19.45385],[-90.70851,19.4538],[-90.7085,19.45374],[-90.70849,19.45367],[-90.70848,19.45363],[-90.70846,19.45357],[-90.70847,19.45352],[-90.70847,19.4535],[-90.70849,19.45346],[-90.70851,19.45339],[-90.70851,19.45334],[-90.70854,19.4533],[-90.70857,19.45326],[-90.70857,19.45325],[-90.70859,19.45318],[-90.70862,19.45309],[-90.70862,19.45302],[-90.70862,19.45296],[-90.70862,19.45296],[-90.7086,19.45292],[-90.70859,19.45287],[-90.7086,19.45282],[-90.7086,19.4528],[-90.7086,19.45274],[-90.70862,19.45268],[-90.70864,19.45266],[-90.70865,19.4526],[-90.70863,19.45258],[-90.70862,19.45253],[-90.70863,19.45249],[-90.70864,19.45243],[-90.70871,19.45241],[-90.70873,19.45241],[-90.70879,19.4524],[-90.70883,19.45234],[-90.7088,19.45225],[-90.70882,19.45201],[-90.70881,19.452],[-90.70881,19.45199],[-90.70873,19.45187],[-90.70886,19.45147],[-90.70908,19.45101],[-90.70932,19.45043],[-90.70934,19.45038],[-90.70938,19.45025],[-90.70948,19.44998],[-90.70956,19.44938],[-90.70962,19.4489],[-90.70971,19.4487],[-90.70971,19.4487],[-90.7098,19.4485],[-90.70997,19.44803],[-90.70995,19.44788],[-90.71007,19.44765],[-90.7101,19.44755],[-90.71012,19.44734],[-90.71013,19.44717],[-90.71013,19.44713],[-90.71021,19.44699],[-90.71029,19.4466],[-90.7103,19.44648],[-90.7103,19.4464],[-90.71024,19.44613],[-90.71011,19.44595],[-90.71001,19.4458],[-90.70985,19.44555],[-90.70983,19.44534],[-90.70975,19.44515],[-90.70976,19.44495],[-90.70976,19.44493],[-90.70975,19.44482],[-90.7097,19.44467],[-90.70963,19.4445],[-90.70966,19.4444],[-90.70969,19.44426],[-90.70971,19.44414],[-90.7097,19.44405],[-90.70969,19.44396],[-90.70971,19.44386],[-90.70975,19.44368],[-90.70974,19.44326],[-90.70974,19.44325],[-90.7097,19.44314],[-90.70978,19.44258],[-90.70988,19.44218],[-90.70997,19.44199],[-90.71,19.44191],[-90.71001,19.44187],[-90.71002,19.44178],[-90.71004,19.4417],[-90.71006,19.44161],[-90.71009,19.44152],[-90.71009,19.44146],[-90.7101,19.44141],[-90.71013,19.44133],[-90.71014,19.4413],[-90.71017,19.44121],[-90.7102,19.44114],[-90.7102,19.44109],[-90.71039,19.44041],[-90.71041,19.44024],[-90.71042,19.44002],[-90.7104,19.43981],[-90.7104,19.43951],[-90.71044,19.43937],[-90.7106,19.43895],[-90.71064,19.43886],[-90.71065,19.43882],[-90.71065,19.43867],[-90.71075,19.43841],[-90.71112,19.43772],[-90.71136,19.4368],[-90.71138,19.43672],[-90.71153,19.43635],[-90.71154,19.43632],[-90.71164,19.43632],[-90.71168,19.43631],[-90.71179,19.43621],[-90.71182,19.43608],[-90.71173,19.43598],[-90.71169,19.43593],[-90.71172,19.43586],[-90.71177,19.43552],[-90.71177,19.4355],[-90.71181,19.43487],[-90.71189,19.43481],[-90.71188,19.43467],[-90.71189,19.43451],[-90.7119,19.43438],[-90.71201,19.43424],[-90.71199,19.43415],[-90.71204,19.43403],[-90.71204,19.43398],[-90.71204,19.43393],[-90.712,19.4337],[-90.71207,19.43365],[-90.71203,19.43347],[-90.71209,19.43346],[-90.71218,19.43319],[-90.71225,19.43293],[-90.71221,19.43283],[-90.71223,19.43269],[-90.71234,19.4326],[-90.71235,19.43254],[-90.71236,19.43247],[-90.71239,19.43243],[-90.71241,19.43237],[-90.71229,19.43228],[-90.71235,19.43222],[-90.71245,19.43203],[-90.71246,19.43201],[-90.71245,19.432],[-90.71246,19.43199],[-90.71247,19.43192],[-90.71252,19.43159],[-90.71262,19.43142],[-90.71271,19.43123],[-90.71273,19.43116],[-90.71275,19.43111],[-90.71275,19.43105],[-90.71289,19.43029],[-90.7129,19.43028],[-90.71294,19.43018],[-90.71292,19.43016],[-90.71292,19.43015],[-90.71294,19.43003],[-90.71297,19.42987],[-90.71297,19.42986],[-90.71297,19.42984],[-90.71298,19.42981],[-90.71299,19.42969],[-90.71302,19.42963],[-90.71303,19.4296],[-90.71304,19.42957],[-90.71306,19.42953],[-90.7131,19.42946],[-90.71311,19.42944],[-90.7131,19.42936],[-90.71314,19.42914],[-90.71319,19.429],[-90.71325,19.42884],[-90.71328,19.42874],[-90.71335,19.42851],[-90.71339,19.42838],[-90.7136,19.42774],[-90.7137,19.42746],[-90.71372,19.42739],[-90.71459,19.42503],[-90.71462,19.42495],[-90.71463,19.42495],[-90.71469,19.42485],[-90.71486,19.42451],[-90.71508,19.42406],[-90.71515,19.42392],[-90.71513,19.42379],[-90.71513,19.42378],[-90.71513,19.42365],[-90.71514,19.42359],[-90.71516,19.42353],[-90.71521,19.42339],[-90.71526,19.42326],[-90.71529,19.42317],[-90.71533,19.42307],[-90.71542,19.42288],[-90.71543,19.42286],[-90.71544,19.42283],[-90.71555,19.42257],[-90.71567,19.42233],[-90.71577,19.42219],[-90.71579,19.42216],[-90.71587,19.42199],[-90.71611,19.42154],[-90.7164,19.421],[-90.7168,19.42025],[-90.71719,19.41952],[-90.71753,19.41885],[-90.71791,19.4182],[-90.7184,19.41723],[-90.71893,19.41622],[-90.71962,19.41498],[-90.72013,19.414],[-90.72093,19.41246],[-90.72103,19.41226],[-90.7211,19.41213],[-90.72123,19.41187],[-90.72126,19.4118],[-90.7215,19.41132],[-90.72212,19.41003],[-90.72228,19.40973],[-90.72255,19.40924],[-90.72278,19.40878],[-90.72301,19.40835],[-90.7232,19.40794],[-90.72334,19.40758],[-90.72343,19.40738],[-90.7235,19.40722],[-90.72373,19.40668],[-90.72391,19.40615],[-90.72409,19.40557],[-90.72433,19.4048],[-90.7244,19.40463],[-90.72445,19.40442],[-90.72446,19.40441],[-90.72449,19.40424],[-90.72456,19.40401],[-90.72461,19.40382],[-90.72468,19.40361],[-90.72475,19.40336],[-90.72477,19.40328],[-90.72484,19.403],[-90.72489,19.40277],[-90.72493,19.40256],[-90.72497,19.40231],[-90.72501,19.40213],[-90.72505,19.40191],[-90.72505,19.40184],[-90.72506,19.4017],[-90.72511,19.40143],[-90.72515,19.40118],[-90.72517,19.40099],[-90.7252,19.40076],[-90.72521,19.40061],[-90.72524,19.40026],[-90.72525,19.40016],[-90.72526,19.39994],[-90.72532,19.39911],[-90.72535,19.39871],[-90.72536,19.39854],[-90.72537,19.39846],[-90.72539,19.39782],[-90.7254,19.39746],[-90.72547,19.39592],[-90.72549,19.3945],[-90.72554,19.39352],[-90.72555,19.39269],[-90.72563,19.39104],[-90.72565,19.39034],[-90.72572,19.3895],[-90.72572,19.38787],[-90.72569,19.38726],[-90.72578,19.38654],[-90.72584,19.38624],[-90.72583,19.38595],[-90.72571,19.38555],[-90.72567,19.38454],[-90.72564,19.38319],[-90.7256,19.38228],[-90.72555,19.38203],[-90.72554,19.382],[-90.72554,19.38196],[-90.72552,19.38185],[-90.72551,19.38174],[-90.72549,19.38167],[-90.72547,19.38159],[-90.72546,19.38153],[-90.72546,19.38152],[-90.72544,19.38145],[-90.72543,19.38141],[-90.72544,19.38134],[-90.72545,19.38131],[-90.72543,19.38121],[-90.72543,19.38114],[-90.72541,19.38106],[-90.72539,19.381],[-90.72537,19.38091],[-90.72537,19.38081],[-90.72536,19.3807],[-90.72536,19.38061],[-90.72536,19.38052],[-90.72535,19.38041],[-90.72534,19.38028],[-90.72532,19.38014],[-90.72531,19.38004],[-90.72531,19.37991],[-90.72532,19.37981],[-90.72529,19.37974],[-90.72527,19.37964],[-90.72524,19.37957],[-90.72523,19.37948],[-90.72521,19.37936],[-90.7252,19.37926],[-90.72517,19.37917],[-90.72517,19.37916],[-90.72517,19.37914],[-90.72516,19.37907],[-90.72516,19.37897],[-90.72514,19.37892],[-90.72512,19.37883],[-90.72511,19.37874],[-90.7251,19.37866],[-90.7251,19.37856],[-90.7251,19.37848],[-90.72512,19.37844],[-90.72513,19.37839],[-90.72515,19.37832],[-90.72513,19.37827],[-90.72511,19.37826],[-90.7251,19.37825],[-90.72506,19.37823],[-90.72503,19.37818],[-90.72501,19.37808],[-90.72498,19.37794],[-90.72494,19.3778],[-90.72492,19.37769],[-90.72489,19.37756],[-90.72486,19.37745],[-90.72485,19.37742],[-90.72483,19.37734],[-90.72477,19.37721],[-90.72472,19.3771],[-90.72467,19.377],[-90.72461,19.3769],[-90.72459,19.37689],[-90.72452,19.37675],[-90.72445,19.3766],[-90.72423,19.37648],[-90.7241,19.37646],[-90.72382,19.37642],[-90.72381,19.37604],[-90.72371,19.37564],[-90.72363,19.37558],[-90.72362,19.3754],[-90.72361,19.37499],[-90.72358,19.37482],[-90.72355,19.37463],[-90.72353,19.37439],[-90.7235,19.37424],[-90.72339,19.37398],[-90.72334,19.3738],[-90.72326,19.3735],[-90.72323,19.37326],[-90.72315,19.37303],[-90.72308,19.3728],[-90.72306,19.3726],[-90.72306,19.37238],[-90.72301,19.37221],[-90.72295,19.37207],[-90.72288,19.37188],[-90.72285,19.37158],[-90.72283,19.37142],[-90.72282,19.37129],[-90.72282,19.37122],[-90.72284,19.37104],[-90.72285,19.37078],[-90.72277,19.37038],[-90.72275,19.37013],[-90.72274,19.3699],[-90.72268,19.3698],[-90.72262,19.36969],[-90.72258,19.36961],[-90.72255,19.36948],[-90.72256,19.36934],[-90.72256,19.36923],[-90.72257,19.36914],[-90.72255,19.369],[-90.72256,19.36885],[-90.72256,19.36875],[-90.72254,19.36869],[-90.72253,19.3686],[-90.72253,19.36845],[-90.72253,19.36839],[-90.72253,19.36839],[-90.72252,19.36822],[-90.72251,19.36817],[-90.72251,19.36812],[-90.7225,19.36811],[-90.7225,19.36807],[-90.7225,19.36802],[-90.72249,19.36795],[-90.72247,19.36783],[-90.72246,19.36773],[-90.72242,19.36764],[-90.72242,19.36758],[-90.72239,19.36748],[-90.72238,19.36739],[-90.72238,19.36738],[-90.72237,19.36735],[-90.72237,19.36734],[-90.72238,19.36728],[-90.72236,19.36708],[-90.72237,19.36678],[-90.72236,19.3667],[-90.72236,19.36648],[-90.72236,19.36645],[-90.72236,19.36642],[-90.72236,19.36616],[-90.72237,19.36596],[-90.72237,19.3659],[-90.72236,19.36574],[-90.72227,19.36565],[-90.72217,19.36562],[-90.72215,19.36559],[-90.72211,19.36554],[-90.72206,19.36543],[-90.72204,19.3653],[-90.72203,19.36518],[-90.72203,19.36509],[-90.72203,19.36506],[-90.72203,19.3649],[-90.72203,19.36475],[-90.72203,19.36464],[-90.72204,19.36455],[-90.72204,19.36451],[-90.72205,19.36437],[-90.72207,19.36425],[-90.7221,19.36409],[-90.72213,19.36396],[-90.72217,19.36383],[-90.72218,19.36373],[-90.72218,19.3637],[-90.72219,19.3636],[-90.72222,19.36347],[-90.72226,19.36335],[-90.72226,19.36327],[-90.72228,19.36318],[-90.72233,19.36302],[-90.72235,19.36284],[-90.72235,19.36269],[-90.72238,19.36249],[-90.72238,19.36234],[-90.72239,19.36228],[-90.72239,19.36211],[-90.72244,19.36208],[-90.72245,19.36194],[-90.72246,19.36184],[-90.72247,19.3618],[-90.72246,19.3617],[-90.72247,19.36159],[-90.72248,19.36145],[-90.7225,19.36132],[-90.72251,19.36123],[-90.72253,19.36109],[-90.72253,19.36097],[-90.72253,19.36086],[-90.72253,19.36079],[-90.72253,19.36063],[-90.72255,19.36051],[-90.72255,19.36041],[-90.72257,19.36025],[-90.72256,19.36012],[-90.72256,19.35996],[-90.72256,19.35993],[-90.72256,19.35991],[-90.72257,19.35982],[-90.72258,19.35969],[-90.72259,19.35961],[-90.72259,19.35946],[-90.72262,19.35941],[-90.72266,19.35935],[-90.72268,19.35932],[-90.72271,19.35922],[-90.72272,19.35907],[-90.72272,19.35907],[-90.72272,19.35905],[-90.72266,19.35891],[-90.7229,19.35867],[-90.72306,19.35847],[-90.72326,19.35824],[-90.7234,19.35823],[-90.72358,19.35821],[-90.72381,19.35822],[-90.72422,19.3583],[-90.7244,19.35834],[-90.72456,19.35835],[-90.72463,19.35832],[-90.72463,19.35833],[-90.72464,19.35833],[-90.72464,19.35833],[-90.72464,19.35833],[-90.72468,19.3583],[-90.72469,19.3583],[-90.72473,19.35823],[-90.72482,19.35814],[-90.72494,19.35808],[-90.72494,19.35808],[-90.72504,19.35811],[-90.72504,19.35811],[-90.72512,19.3581],[-90.72518,19.35808],[-90.72523,19.35805],[-90.72524,19.35804],[-90.72526,19.35803],[-90.72528,19.35802],[-90.7253,19.35801],[-90.72534,19.35793],[-90.72531,19.35788],[-90.7253,19.35779],[-90.7253,19.35778],[-90.72525,19.35776],[-90.72521,19.35773],[-90.72524,19.35764],[-90.72529,19.35755],[-90.72533,19.35748],[-90.72538,19.35744],[-90.72542,19.3574],[-90.7255,19.35729],[-90.7256,19.35716],[-90.72569,19.35699],[-90.72571,19.35696],[-90.72577,19.35686],[-90.72588,19.35678],[-90.72612,19.35692],[-90.72632,19.35664],[-90.72642,19.35654],[-90.7264,19.35653],[-90.72631,19.35662],[-90.72612,19.35689],[-90.7259,19.35676],[-90.72598,19.35664],[-90.72599,19.3565],[-90.72604,19.35641],[-90.72606,19.35638],[-90.72612,19.35634],[-90.72636,19.35644],[-90.72638,19.35642],[-90.72613,19.35631],[-90.72622,19.35614],[-90.72622,19.35613],[-90.72617,19.35609],[-90.72625,19.35596],[-90.72638,19.35573],[-90.7265,19.35552],[-90.7266,19.35538],[-90.72675,19.35517],[-90.72689,19.35496],[-90.72694,19.35493],[-90.72723,19.35513],[-90.72731,19.35502],[-90.72729,19.355],[-90.72722,19.35507],[-90.72695,19.3549],[-90.72724,19.35443],[-90.72724,19.35443],[-90.72727,19.3544],[-90.72727,19.3544],[-90.72727,19.35439],[-90.7273,19.35436],[-90.72758,19.35454],[-90.72732,19.35494],[-90.72734,19.35495],[-90.72761,19.35453],[-90.72732,19.35435],[-90.72735,19.3543],[-90.72743,19.35415],[-90.72753,19.35401],[-90.7276,19.35389],[-90.72767,19.35381],[-90.72771,19.35371],[-90.72779,19.35359],[-90.7278,19.35356],[-90.72781,19.35356],[-90.72781,19.35356],[-90.72781,19.35355],[-90.72784,19.3535],[-90.7279,19.35339],[-90.72804,19.35315],[-90.72804,19.35314],[-90.72812,19.35318],[-90.7283,19.35326],[-90.72829,19.35331],[-90.72834,19.35333],[-90.72835,19.35333],[-90.72836,19.35329],[-90.72836,19.35329],[-90.72855,19.35336],[-90.72854,19.35338],[-90.72857,19.35339],[-90.72857,19.35339],[-90.7286,19.35333],[-90.72856,19.35332],[-90.72856,19.35332],[-90.72855,19.35333],[-90.72855,19.35333],[-90.72855,19.35333],[-90.72838,19.35326],[-90.7284,19.35321],[-90.72834,19.35318],[-90.72834,19.35319],[-90.72831,19.35323],[-90.72831,19.35323],[-90.72822,19.35319],[-90.72824,19.35315],[-90.7282,19.35313],[-90.7282,19.35313],[-90.72818,19.35317],[-90.72817,19.35317],[-90.72813,19.35316],[-90.72812,19.35315],[-90.72813,19.35311],[-90.72806,19.35308],[-90.72813,19.35291],[-90.72823,19.35275],[-90.7283,19.35261],[-90.72835,19.35249],[-90.7284,19.35242],[-90.72845,19.35232],[-90.72853,19.35221],[-90.72853,19.3522],[-90.72861,19.35225],[-90.72861,19.35225],[-90.72862,19.35222],[-90.72855,19.35217],[-90.72858,19.35205],[-90.72858,19.35205],[-90.72864,19.35206],[-90.72865,19.35206],[-90.72865,19.35204],[-90.72859,19.35203],[-90.72859,19.35198],[-90.72866,19.35189],[-90.72871,19.35179],[-90.7287,19.35175],[-90.72882,19.35154],[-90.72884,19.35146],[-90.72893,19.35133],[-90.72901,19.35111],[-90.72907,19.35102],[-90.7291,19.35095],[-90.72917,19.35081],[-90.72923,19.35069],[-90.72927,19.35061],[-90.72932,19.35051],[-90.72938,19.35039],[-90.72943,19.3503],[-90.72948,19.35021],[-90.72956,19.35005],[-90.7296,19.34997],[-90.72966,19.34988],[-90.72969,19.34984],[-90.72972,19.34972],[-90.72979,19.34961],[-90.72984,19.3495],[-90.72992,19.34937],[-90.73001,19.34925],[-90.73007,19.34911],[-90.73008,19.349],[-90.73013,19.34888],[-90.7302,19.34872],[-90.73023,19.34863],[-90.73026,19.3486],[-90.73029,19.34855],[-90.73029,19.34855],[-90.73031,19.34855],[-90.73042,19.3486],[-90.73042,19.3486],[-90.73043,19.34858],[-90.73032,19.34853],[-90.73059,19.34791],[-90.73065,19.34777],[-90.73069,19.34774],[-90.73078,19.34762],[-90.73074,19.34757],[-90.73077,19.34752],[-90.73077,19.3475],[-90.73083,19.34737],[-90.73088,19.34726],[-90.73088,19.34726],[-90.73094,19.34719],[-90.73099,19.3471],[-90.73101,19.34701],[-90.73102,19.34696],[-90.73111,19.34677],[-90.73116,19.34663],[-90.7312,19.34651],[-90.73125,19.34642],[-90.73128,19.34633],[-90.7313,19.34626],[-90.73131,19.34623],[-90.73131,19.34621],[-90.73135,19.34611],[-90.73142,19.3459],[-90.73146,19.34583],[-90.73149,19.34575],[-90.73157,19.34552],[-90.7316,19.3455],[-90.7317,19.34526],[-90.7317,19.34525],[-90.73172,19.34526],[-90.73172,19.34526],[-90.7318,19.34508],[-90.7318,19.34508],[-90.73182,19.34509],[-90.73183,19.34509],[-90.7319,19.34492],[-90.73197,19.34481],[-90.73197,19.3448],[-90.73201,19.34474],[-90.73206,19.34468],[-90.73216,19.34447],[-90.73226,19.34451],[-90.73229,19.34443],[-90.7323,19.3444],[-90.7323,19.34437],[-90.73229,19.34434],[-90.73226,19.34432],[-90.73222,19.3443],[-90.73224,19.34424],[-90.73225,19.3442],[-90.73228,19.34414],[-90.73232,19.34408],[-90.73235,19.34399],[-90.7324,19.34386],[-90.73245,19.34379],[-90.73251,19.34364],[-90.7326,19.34347],[-90.73264,19.34333],[-90.73271,19.34325],[-90.73277,19.34312],[-90.73287,19.34297],[-90.73298,19.34279],[-90.73301,19.34275],[-90.73305,19.34269],[-90.73306,19.34264],[-90.73308,19.34256],[-90.73311,19.34247],[-90.73316,19.34243],[-90.73315,19.34235],[-90.73318,19.3423],[-90.73324,19.34216],[-90.73333,19.34198],[-90.73339,19.34186],[-90.73345,19.34175],[-90.73356,19.34155],[-90.73365,19.34138],[-90.73372,19.34125],[-90.7338,19.34115],[-90.73389,19.34101],[-90.73394,19.34093],[-90.734,19.34083],[-90.73405,19.34075],[-90.73408,19.3407],[-90.7341,19.34067],[-90.73411,19.34066],[-90.73431,19.34074],[-90.73432,19.34072],[-90.73413,19.34063],[-90.73418,19.34052],[-90.73423,19.34041],[-90.73432,19.34025],[-90.73436,19.34021],[-90.73433,19.34018],[-90.73437,19.34009],[-90.73442,19.33999],[-90.73448,19.33986],[-90.73454,19.33973],[-90.73471,19.3394],[-90.73486,19.33906],[-90.73506,19.33872],[-90.73509,19.3386],[-90.73521,19.33838],[-90.7353,19.33824],[-90.7353,19.33824],[-90.73537,19.33813],[-90.73552,19.33789],[-90.73583,19.33744],[-90.73592,19.3373],[-90.73598,19.33713],[-90.73603,19.33698],[-90.73605,19.33692],[-90.73612,19.33676],[-90.73619,19.33661],[-90.73628,19.33645],[-90.73634,19.33632],[-90.73641,19.3362],[-90.73649,19.33603],[-90.73653,19.33597],[-90.73661,19.33588],[-90.73665,19.33582],[-90.73674,19.33571],[-90.73682,19.33552],[-90.73694,19.33539],[-90.73704,19.33532],[-90.73708,19.33523],[-90.73715,19.33504],[-90.73722,19.33491],[-90.7373,19.33482],[-90.73738,19.33467],[-90.73749,19.33451],[-90.73753,19.33439],[-90.73777,19.33397],[-90.7379,19.3338],[-90.73844,19.33299],[-90.7385,19.33284],[-90.73853,19.33278],[-90.73862,19.33263],[-90.73865,19.33251],[-90.73872,19.33239],[-90.73878,19.33228],[-90.73887,19.3322],[-90.73894,19.33207],[-90.739,19.33194],[-90.73914,19.33178],[-90.73915,19.33178],[-90.7392,19.33171],[-90.73932,19.33151],[-90.73938,19.33142],[-90.73941,19.3314],[-90.7395,19.33126],[-90.73959,19.33115],[-90.73969,19.33099],[-90.73977,19.33085],[-90.73986,19.3307],[-90.74,19.33049],[-90.74009,19.33034],[-90.74019,19.33015],[-90.7403,19.32995],[-90.74034,19.32983],[-90.74041,19.32972],[-90.7405,19.32958],[-90.74062,19.32946],[-90.74077,19.32931],[-90.74104,19.32898],[-90.74115,19.32883],[-90.74121,19.32875],[-90.74129,19.32863],[-90.74146,19.32842],[-90.74156,19.32831],[-90.74173,19.32813],[-90.74182,19.32802],[-90.74195,19.3279],[-90.74213,19.32773],[-90.74223,19.32761],[-90.74234,19.32753],[-90.74243,19.32745],[-90.74253,19.32735],[-90.74267,19.32721],[-90.74278,19.3271],[-90.7429,19.32699],[-90.74295,19.32694],[-90.74295,19.32693],[-90.74306,19.32681],[-90.74319,19.32668],[-90.74332,19.32653],[-90.74341,19.32644],[-90.74351,19.32633],[-90.74358,19.32627],[-90.74369,19.32612],[-90.74382,19.3259],[-90.74389,19.32581],[-90.74391,19.32576],[-90.74399,19.32564],[-90.74409,19.32555],[-90.74419,19.3254],[-90.74429,19.32532],[-90.74437,19.32526],[-90.74439,19.3252],[-90.74446,19.32516],[-90.74454,19.32507],[-90.74465,19.32495],[-90.74476,19.32482],[-90.74481,19.32478],[-90.74487,19.3247],[-90.74489,19.32464],[-90.74492,19.32461],[-90.74497,19.32452],[-90.74506,19.32441],[-90.74514,19.3243],[-90.74509,19.32427],[-90.7453,19.32402],[-90.74538,19.32391],[-90.7455,19.32382],[-90.74555,19.32375],[-90.74565,19.3236],[-90.7457,19.32352],[-90.74584,19.32336],[-90.74596,19.32319],[-90.74612,19.323],[-90.74624,19.32285],[-90.74627,19.32283],[-90.74637,19.32272],[-90.74644,19.32261],[-90.74652,19.32255],[-90.74659,19.32248],[-90.74667,19.32232],[-90.74713,19.3218],[-90.74733,19.32155],[-90.74742,19.32139],[-90.74752,19.32131],[-90.7476,19.32125],[-90.74768,19.32118],[-90.74768,19.32117],[-90.74772,19.32119],[-90.74778,19.32122],[-90.74779,19.32123],[-90.74809,19.32144],[-90.74829,19.32159],[-90.7483,19.32159],[-90.74834,19.3216],[-90.74835,19.3216],[-90.7484,19.32159],[-90.74841,19.32156],[-90.74847,19.32146],[-90.74872,19.32113],[-90.74872,19.32112],[-90.74872,19.32109],[-90.7487,19.32106],[-90.74869,19.32106],[-90.74866,19.32106],[-90.74864,19.32107],[-90.74834,19.32149],[-90.74834,19.32149],[-90.74818,19.32136],[-90.74801,19.32121],[-90.74785,19.32108],[-90.74776,19.32104],[-90.74781,19.32098],[-90.74785,19.32095],[-90.74786,19.32088],[-90.74791,19.32079],[-90.74798,19.32059],[-90.74809,19.32042],[-90.74826,19.3202],[-90.7484,19.32001],[-90.74854,19.31982],[-90.7487,19.31958],[-90.74883,19.31942],[-90.74892,19.31926],[-90.74903,19.31915],[-90.74911,19.31902],[-90.74919,19.31893],[-90.74928,19.31886],[-90.74935,19.3188],[-90.74941,19.31873],[-90.74942,19.31871],[-90.74947,19.31861],[-90.74962,19.31845],[-90.74985,19.31815],[-90.75002,19.31791],[-90.75019,19.31768],[-90.7504,19.31741],[-90.75055,19.3172],[-90.75073,19.31699],[-90.75167,19.31591],[-90.75169,19.31588],[-90.75198,19.31547],[-90.75212,19.31527],[-90.75231,19.31504],[-90.75255,19.31475],[-90.75284,19.31438],[-90.75295,19.31424],[-90.75311,19.31403],[-90.75345,19.31364],[-90.75359,19.31346],[-90.75359,19.31346],[-90.7539,19.31307],[-90.75413,19.31281],[-90.75434,19.31257],[-90.7546,19.31224],[-90.75482,19.31194],[-90.75502,19.31169],[-90.75521,19.31153],[-90.75567,19.31096],[-90.75573,19.31088],[-90.75608,19.31043],[-90.75631,19.31014],[-90.7565,19.3099],[-90.75659,19.30988],[-90.75679,19.30963],[-90.75677,19.3095],[-90.75686,19.30939],[-90.75706,19.30916],[-90.75727,19.30894],[-90.75749,19.3087],[-90.75764,19.30851],[-90.75783,19.30829],[-90.75793,19.30816],[-90.75794,19.30815],[-90.75814,19.30792],[-90.75831,19.3077],[-90.75852,19.30747],[-90.75861,19.30737],[-90.75866,19.30731],[-90.75883,19.30713],[-90.75894,19.30702],[-90.75907,19.30689],[-90.75917,19.30677],[-90.75928,19.30664],[-90.75938,19.30657],[-90.75948,19.30646],[-90.75959,19.30634],[-90.75971,19.3062],[-90.75984,19.30605],[-90.75996,19.30593],[-90.76011,19.30577],[-90.76028,19.30558],[-90.76039,19.30547],[-90.76046,19.30538],[-90.76055,19.30529],[-90.76068,19.30512],[-90.76069,19.30511],[-90.76073,19.30504],[-90.76085,19.30493],[-90.76096,19.30478],[-90.76105,19.30471],[-90.76115,19.30459],[-90.76119,19.30451],[-90.76129,19.3044],[-90.76144,19.30426],[-90.76153,19.30416],[-90.76164,19.30404],[-90.76175,19.30392],[-90.76182,19.30385],[-90.76194,19.30371],[-90.76202,19.30368],[-90.76202,19.30368],[-90.76207,19.30371],[-90.76207,19.30371],[-90.76239,19.30393],[-90.76239,19.30393],[-90.76243,19.30388],[-90.76212,19.30365],[-90.76211,19.30364],[-90.76208,19.30362],[-90.76211,19.30355],[-90.76218,19.30345],[-90.76225,19.30335],[-90.76236,19.30328],[-90.76238,19.30327],[-90.76248,19.30321],[-90.76298,19.30352],[-90.76302,19.30347],[-90.76255,19.30307],[-90.76258,19.303],[-90.76269,19.3029],[-90.76277,19.30283],[-90.76285,19.30275],[-90.763,19.30258],[-90.76314,19.30244],[-90.76326,19.3023],[-90.76337,19.30219],[-90.76345,19.30209],[-90.76354,19.30199],[-90.76365,19.3019],[-90.76382,19.30174],[-90.76413,19.30139],[-90.76433,19.30118],[-90.76456,19.30093],[-90.76474,19.30074],[-90.76492,19.30055],[-90.76508,19.30038],[-90.76524,19.30021],[-90.76537,19.30008],[-90.76554,19.29991],[-90.76565,19.29977],[-90.7659,19.29953],[-90.76621,19.29922],[-90.76635,19.29909],[-90.7665,19.29894],[-90.76667,19.2988],[-90.76684,19.29865],[-90.76694,19.29854],[-90.76703,19.29843],[-90.76712,19.29837],[-90.76731,19.29828],[-90.7675,19.29808],[-90.76787,19.29774],[-90.76792,19.29771],[-90.76798,19.29773],[-90.76799,19.29773],[-90.76803,19.29776],[-90.76807,19.29777],[-90.76809,19.29776],[-90.76811,19.29775],[-90.76818,19.29771],[-90.76819,19.2977],[-90.76824,19.29774],[-90.76825,19.29774],[-90.7683,19.29774],[-90.76829,19.29768],[-90.76829,19.29762],[-90.76826,19.29757],[-90.76821,19.29749],[-90.76818,19.29731],[-90.76825,19.29721],[-90.76843,19.29705],[-90.76863,19.29685],[-90.76897,19.29651],[-90.76924,19.29624],[-90.76933,19.29621],[-90.76937,19.29611],[-90.76941,19.29602],[-90.76947,19.29601],[-90.76954,19.29594],[-90.76964,19.29579],[-90.7698,19.29575],[-90.7699,19.29566],[-90.77002,19.29564],[-90.77004,19.29553],[-90.77014,19.2955],[-90.77016,19.2954],[-90.77021,19.29535],[-90.77031,19.29516],[-90.77041,19.29508],[-90.77054,19.29504],[-90.77064,19.29503],[-90.77078,19.29492],[-90.77077,19.29484],[-90.77079,19.29476],[-90.77087,19.2947],[-90.77099,19.29465],[-90.77112,19.29458],[-90.77113,19.29441],[-90.77121,19.29433],[-90.77129,19.29428],[-90.77132,19.29429],[-90.77132,19.2943],[-90.7714,19.29417],[-90.77158,19.29412],[-90.7717,19.29399],[-90.77169,19.29383],[-90.77191,19.29368],[-90.77219,19.29329],[-90.77235,19.29308],[-90.77275,19.29286],[-90.77279,19.29282],[-90.77297,19.29258],[-90.7733,19.29234],[-90.7734,19.29214],[-90.77359,19.2921],[-90.77363,19.29197],[-90.77372,19.29197],[-90.77376,19.29184],[-90.77386,19.29184],[-90.77391,19.29179],[-90.77393,19.29168],[-90.77407,19.2916],[-90.77429,19.29138],[-90.77443,19.29125],[-90.77462,19.29106],[-90.77482,19.29086],[-90.77497,19.29071],[-90.77514,19.29058],[-90.77543,19.29031],[-90.77554,19.29025],[-90.77583,19.28992],[-90.77601,19.28973],[-90.77642,19.2893],[-90.77652,19.28926],[-90.77684,19.28896],[-90.77716,19.28861],[-90.77754,19.28823],[-90.77767,19.28811],[-90.77785,19.28796],[-90.77818,19.28766],[-90.77881,19.2871],[-90.77953,19.28651],[-90.78023,19.28589],[-90.78034,19.28583],[-90.78058,19.28561],[-90.78089,19.28534],[-90.7813,19.28494],[-90.78155,19.28468],[-90.78169,19.28456],[-90.78194,19.28434],[-90.7823,19.28401],[-90.78256,19.28381],[-90.7828,19.28354],[-90.78285,19.28345],[-90.78289,19.2834],[-90.78338,19.28302],[-90.78399,19.28245],[-90.78459,19.28194],[-90.78472,19.28183],[-90.78505,19.28163],[-90.78521,19.28141],[-90.78532,19.2813],[-90.78567,19.28106],[-90.78614,19.28067],[-90.78683,19.28002],[-90.78696,19.27996],[-90.78699,19.27985],[-90.78717,19.27979],[-90.78743,19.27953],[-90.78765,19.2794],[-90.78771,19.2792],[-90.78829,19.27874],[-90.7885,19.27862],[-90.78917,19.27794],[-90.78979,19.27745],[-90.79034,19.27685],[-90.79162,19.27583],[-90.7921,19.27549],[-90.79268,19.27489],[-90.79288,19.27476],[-90.79404,19.27383],[-90.79454,19.27342],[-90.79542,19.27259],[-90.79617,19.27193],[-90.79714,19.27113],[-90.79842,19.2702],[-90.79895,19.26974],[-90.80023,19.26872],[-90.80177,19.2677],[-90.80246,19.26721],[-90.8029,19.26679],[-90.80391,19.26609],[-90.80476,19.26548],[-90.80575,19.26475],[-90.806,19.2646],[-90.80694,19.26394],[-90.80788,19.26329],[-90.80887,19.26246],[-90.81029,19.26145],[-90.81164,19.26051],[-90.81279,19.25966],[-90.81405,19.25864],[-90.81516,19.25783],[-90.81544,19.25762],[-90.81575,19.25739],[-90.81676,19.25659],[-90.81785,19.25576],[-90.81816,19.25553],[-90.81852,19.25514],[-90.81882,19.25492],[-90.81927,19.25461],[-90.8198,19.25431],[-90.82023,19.25393],[-90.82104,19.25339],[-90.82217,19.25257],[-90.82429,19.25117],[-90.82494,19.25068],[-90.82602,19.24986],[-90.8281,19.24812],[-90.82926,19.24706],[-90.8304,19.24599],[-90.83123,19.24538],[-90.83197,19.24477],[-90.83303,19.24399],[-90.83382,19.24331],[-90.83408,19.24311],[-90.83412,19.24301],[-90.83463,19.24256],[-90.835,19.24222],[-90.83534,19.24197],[-90.83542,19.24183],[-90.83571,19.24162],[-90.83607,19.24125],[-90.83636,19.24098],[-90.83659,19.24073],[-90.83676,19.24057],[-90.83721,19.24009],[-90.83764,19.2397],[-90.83795,19.23936],[-90.83836,19.23902],[-90.83886,19.23862],[-90.8393,19.23831],[-90.83971,19.23796],[-90.84008,19.23767],[-90.84016,19.23762],[-90.84027,19.23745],[-90.84056,19.23721],[-90.84076,19.237],[-90.84088,19.23687],[-90.84105,19.23672],[-90.84127,19.2365],[-90.8414,19.23639],[-90.84171,19.23617],[-90.84206,19.23582],[-90.84209,19.23582],[-90.84227,19.23571],[-90.84257,19.23541],[-90.84287,19.23492],[-90.84296,19.23486],[-90.84335,19.23458],[-90.84371,19.23411],[-90.8444,19.23341],[-90.84521,19.23275],[-90.84545,19.23253],[-90.84606,19.23197],[-90.84636,19.23169],[-90.84686,19.23127],[-90.84747,19.23071],[-90.8481,19.23022],[-90.84863,19.22974],[-90.84909,19.22938],[-90.84968,19.22891],[-90.85021,19.22842],[-90.85074,19.22795],[-90.85247,19.22647],[-90.85314,19.22605],[-90.854,19.2255],[-90.8542,19.2256],[-90.85498,19.22592],[-90.85503,19.22593],[-90.85507,19.22597],[-90.85511,19.22602],[-90.85516,19.22607],[-90.85526,19.22609],[-90.85527,19.22609],[-90.85531,19.22607],[-90.85535,19.226],[-90.85536,19.22593],[-90.85534,19.22587],[-90.85534,19.22586],[-90.85528,19.22581],[-90.85521,19.22579],[-90.85509,19.22578],[-90.85495,19.22572],[-90.8545,19.22555],[-90.8542,19.22545],[-90.85413,19.22542],[-90.85413,19.22542],[-90.85412,19.22539],[-90.85407,19.22526],[-90.85392,19.22521],[-90.85385,19.22516],[-90.85369,19.22501],[-90.85366,19.22498],[-90.85365,19.22498],[-90.85365,19.22497],[-90.85368,19.22473],[-90.85381,19.2248],[-90.8541,19.22482],[-90.85432,19.22485],[-90.85461,19.22494],[-90.85486,19.22507],[-90.85487,19.22507],[-90.85514,19.22522],[-90.85525,19.22529],[-90.8554,19.22538],[-90.8555,19.22537],[-90.85565,19.22532],[-90.8557,19.22516],[-90.85569,19.22513],[-90.85566,19.225],[-90.85557,19.22495],[-90.85556,19.22494],[-90.85555,19.22494],[-90.85533,19.22491],[-90.85531,19.2249],[-90.85518,19.22484],[-90.85508,19.22482],[-90.85482,19.22477],[-90.85466,19.2247],[-90.85467,19.22463],[-90.8547,19.22438],[-90.8547,19.22437],[-90.85495,19.22397],[-90.85498,19.2239],[-90.85539,19.22342],[-90.85606,19.22293],[-90.85714,19.22202],[-90.85823,19.22112],[-90.85895,19.22045],[-90.85996,19.21955],[-90.8607,19.21881],[-90.86085,19.21873],[-90.86159,19.2181],[-90.86217,19.21756],[-90.8632,19.2166],[-90.86391,19.21597],[-90.86439,19.21546],[-90.86516,19.2149],[-90.8657,19.2144],[-90.86606,19.21408],[-90.86668,19.21351],[-90.86726,19.21297],[-90.86779,19.21254],[-90.86838,19.21205],[-90.86907,19.21145],[-90.86975,19.21087],[-90.87037,19.21033],[-90.87099,19.20979],[-90.8716,19.20932],[-90.8723,19.20879],[-90.87232,19.20877],[-90.87307,19.20814],[-90.87387,19.20737],[-90.87451,19.20684],[-90.87501,19.20643],[-90.87533,19.20616],[-90.87555,19.20597],[-90.87847,19.20353],[-90.8792,19.20293],[-90.87965,19.20255],[-90.88016,19.20213],[-90.88075,19.20163],[-90.88094,19.20148],[-90.88217,19.20043],[-90.88298,19.19973],[-90.88323,19.19949],[-90.88345,19.19931],[-90.88356,19.19906],[-90.88384,19.19884],[-90.88416,19.1987],[-90.88441,19.19854],[-90.88467,19.19829],[-90.88498,19.19808],[-90.88541,19.19778],[-90.88591,19.19736],[-90.88624,19.19708],[-90.88662,19.19676],[-90.88702,19.19643],[-90.88747,19.19604],[-90.88793,19.19566],[-90.88845,19.19522],[-90.88883,19.19486],[-90.88909,19.19452],[-90.88925,19.19435],[-90.88933,19.19423],[-90.88963,19.19402],[-90.89002,19.19381],[-90.89194,19.1923],[-90.89205,19.19219],[-90.89226,19.19196],[-90.89257,19.1917],[-90.8928,19.19151],[-90.89322,19.19125],[-90.89481,19.19],[-90.89611,19.18896],[-90.89716,19.18805],[-90.89719,19.18802],[-90.89727,19.18796],[-90.89745,19.1878],[-90.89778,19.18739],[-90.89793,19.18721],[-90.89797,19.18717],[-90.89812,19.18702],[-90.89815,19.18678],[-90.89812,19.18676],[-90.89787,19.18654],[-90.89798,19.18566],[-90.89839,19.18499],[-90.89875,19.18427],[-90.89893,19.184],[-90.89904,19.1839],[-90.8992,19.18373],[-90.9002,19.18305],[-90.90053,19.1828],[-90.90332,19.18066],[-90.90345,19.18057],[-90.904,19.18018],[-90.90422,19.18005],[-90.90441,19.17995],[-90.90496,19.1796],[-90.90548,19.17917],[-90.90609,19.1787],[-90.90681,19.17816],[-90.90691,19.17808],[-90.90723,19.1778],[-90.90772,19.17741],[-90.90801,19.17719],[-90.90845,19.17692],[-90.90851,19.17687],[-90.909,19.17649],[-90.90964,19.17605],[-90.91032,19.17562],[-90.91195,19.17458],[-90.9123,19.17435],[-90.91302,19.17392],[-90.9138,19.17342],[-90.91539,19.17227],[-90.91639,19.17152],[-90.91691,19.17108],[-90.91811,19.17018],[-90.91875,19.1697],[-90.91917,19.16936],[-90.91953,19.16906],[-90.92019,19.16863],[-90.92073,19.16822],[-90.9215,19.16768],[-90.92196,19.16736],[-90.92293,19.16669],[-90.92462,19.1655],[-90.92574,19.16472],[-90.9263,19.16433],[-90.92711,19.16376],[-90.92776,19.1633],[-90.92806,19.1631],[-90.92935,19.16224],[-90.93123,19.16097],[-90.93206,19.16037],[-90.93283,19.15985],[-90.93478,19.15851],[-90.93561,19.15789],[-90.93745,19.15655],[-90.93819,19.15609],[-90.93958,19.15518],[-90.94023,19.15475],[-90.94114,19.15414],[-90.94147,19.15392],[-90.94212,19.1535],[-90.94257,19.15323],[-90.94308,19.15292],[-90.94494,19.15173],[-90.94543,19.15141],[-90.94545,19.1514],[-90.9467,19.15058],[-90.94683,19.15046],[-90.94693,19.15038],[-90.94721,19.15015],[-90.94794,19.14969],[-90.94887,19.14909],[-90.94913,19.14893],[-90.94978,19.14851],[-90.95054,19.14802],[-90.95118,19.14762],[-90.95179,19.14724],[-90.95239,19.14689],[-90.95305,19.14654],[-90.95378,19.14601],[-90.95433,19.14571],[-90.9555,19.14492],[-90.95569,19.14481],[-90.9561,19.14458],[-90.95723,19.14389],[-90.95763,19.14362],[-90.95812,19.14331],[-90.9583,19.14319],[-90.95905,19.14277],[-90.96004,19.14221],[-90.96083,19.14169],[-90.96084,19.14169],[-90.96141,19.14132],[-90.96235,19.14074],[-90.96325,19.14003],[-90.96356,19.13968],[-90.96391,19.13918],[-90.96421,19.13885],[-90.96485,19.13831],[-90.96519,19.13806],[-90.96576,19.13765],[-90.96643,19.1371],[-90.96706,19.13664],[-90.96875,19.13563],[-90.96876,19.13562],[-90.96935,19.13528],[-90.96995,19.13491],[-90.96999,19.13488],[-90.97084,19.13431],[-90.97105,19.1342],[-90.97156,19.13393],[-90.97217,19.13363],[-90.97225,19.13358],[-90.97229,19.13356],[-90.97238,19.13351],[-90.97247,19.13346],[-90.97279,19.13326],[-90.97311,19.13306],[-90.97365,19.13269],[-90.97382,19.13259],[-90.97424,19.13234],[-90.97492,19.13191],[-90.97567,19.13155],[-90.97607,19.13141],[-90.97617,19.13138],[-90.97666,19.13117],[-90.97677,19.13112],[-90.97691,19.13102],[-90.97717,19.13087],[-90.97805,19.13033],[-90.97878,19.12992],[-90.9796,19.12942],[-90.98035,19.12887],[-90.98139,19.12813],[-90.98179,19.12777],[-90.98241,19.12735],[-90.98332,19.12669],[-90.98395,19.12628],[-90.98457,19.12589],[-90.98498,19.12561],[-90.9858,19.12505],[-90.98652,19.12458],[-90.98717,19.12416],[-90.98747,19.12389],[-90.98789,19.12347],[-90.98843,19.12296],[-90.98866,19.12277],[-90.98964,19.12199],[-90.99007,19.12162],[-90.99043,19.12137],[-90.99062,19.12129],[-90.99065,19.12128],[-90.99067,19.12127],[-90.99123,19.12094],[-90.9916,19.12044],[-90.99255,19.1199],[-90.99332,19.11929],[-90.99475,19.11849],[-90.99524,19.11818],[-90.99582,19.1178],[-90.99655,19.11742],[-90.99722,19.11711],[-90.998,19.11665],[-90.99879,19.11619],[-90.99882,19.11616],[-90.99954,19.11576],[-91.0,19.1155],[-91.00046,19.11523],[-91.00135,19.11471],[-91.00186,19.11441],[-91.00205,19.11431],[-91.00273,19.11396],[-91.00341,19.11359],[-91.00371,19.1134],[-91.00436,19.11303],[-91.00539,19.11245],[-91.00596,19.11212],[-91.00741,19.11128],[-91.00801,19.11091],[-91.00819,19.1108],[-91.00849,19.11062],[-91.00913,19.11033],[-91.00997,19.10993],[-91.01089,19.10946],[-91.01166,19.10902],[-91.01234,19.10861],[-91.01298,19.10822],[-91.01385,19.10772],[-91.01394,19.10767],[-91.01444,19.10741],[-91.0153,19.10696],[-91.01624,19.10644],[-91.01677,19.10615],[-91.01778,19.10564],[-91.01824,19.10539],[-91.01901,19.10486],[-91.01946,19.10462],[-91.02015,19.10427],[-91.02026,19.10422],[-91.02085,19.10392],[-91.02118,19.10373],[-91.02159,19.10346],[-91.02241,19.10294],[-91.02284,19.10269],[-91.02327,19.10241],[-91.02358,19.10215],[-91.02384,19.10193],[-91.02399,19.1018],[-91.02446,19.10144],[-91.025,19.10106],[-91.0252,19.10094],[-91.02571,19.10065],[-91.02622,19.10037],[-91.02658,19.10022],[-91.02759,19.09969],[-91.02792,19.0995],[-91.02852,19.09921],[-91.02874,19.09911],[-91.02892,19.09905],[-91.02932,19.09893],[-91.02933,19.09893],[-91.02986,19.09876],[-91.03023,19.09859],[-91.03049,19.09846],[-91.03085,19.09819],[-91.03107,19.09802],[-91.03153,19.09769],[-91.03176,19.09756],[-91.03201,19.09742],[-91.03265,19.09714],[-91.03301,19.09698],[-91.03373,19.09665],[-91.03457,19.09624],[-91.0348,19.09609],[-91.03537,19.09563],[-91.03594,19.09513],[-91.03687,19.0943],[-91.03763,19.09362],[-91.03803,19.09332],[-91.03936,19.09243],[-91.0397,19.0922],[-91.04064,19.0917],[-91.04078,19.09164],[-91.04097,19.09155],[-91.04112,19.09149],[-91.04325,19.0903],[-91.0451,19.08926],[-91.04688,19.0883],[-91.04815,19.08748],[-91.04924,19.08682],[-91.05015,19.08633],[-91.05074,19.08598],[-91.05131,19.0857],[-91.05148,19.08562],[-91.05159,19.08557],[-91.05257,19.08504],[-91.05286,19.08489],[-91.05337,19.08463],[-91.05427,19.08417],[-91.05592,19.0833],[-91.05651,19.08299],[-91.05683,19.08281],[-91.05698,19.08273],[-91.05704,19.08269],[-91.05785,19.08222],[-91.05844,19.08183],[-91.05935,19.08123],[-91.05949,19.08114],[-91.06043,19.08051],[-91.06159,19.07976],[-91.06258,19.07914],[-91.06377,19.07843],[-91.06405,19.07828],[-91.06453,19.07803],[-91.06537,19.0776],[-91.06624,19.0771],[-91.06721,19.07653],[-91.06761,19.07628],[-91.06813,19.07597],[-91.069,19.07548],[-91.06975,19.07499],[-91.07155,19.07384],[-91.07291,19.07293],[-91.07293,19.07292],[-91.07356,19.07248],[-91.07412,19.0721],[-91.07428,19.072],[-91.07507,19.07147],[-91.07574,19.07104],[-91.07625,19.0707],[-91.07688,19.07021],[-91.07774,19.06963],[-91.07945,19.06857],[-91.07953,19.06852],[-91.08011,19.06818],[-91.08053,19.06793],[-91.08159,19.0671],[-91.08178,19.06692],[-91.08185,19.06684],[-91.08229,19.06639],[-91.08259,19.06598],[-91.0829,19.06552],[-91.08328,19.06517],[-91.08421,19.06451],[-91.08509,19.06379],[-91.08587,19.06306],[-91.08634,19.06262],[-91.0864,19.06256],[-91.08694,19.06192],[-91.08772,19.06088],[-91.0882,19.06023],[-91.08869,19.05981],[-91.0894,19.05931],[-91.09086,19.05814],[-91.09204,19.05702],[-91.09229,19.05678],[-91.09373,19.0557],[-91.09389,19.05558],[-91.0957,19.05441],[-91.09768,19.05294],[-91.09809,19.0527],[-91.09922,19.05178],[-91.09956,19.05156],[-91.09957,19.05155],[-91.0998,19.0514],[-91.10025,19.05115],[-91.10085,19.05082],[-91.102,19.05018],[-91.10343,19.04935],[-91.10452,19.04871],[-91.10472,19.0486],[-91.10576,19.04802],[-91.106,19.04788],[-91.10727,19.0471],[-91.10777,19.04684],[-91.10781,19.0468],[-91.10838,19.04624],[-91.10841,19.04621],[-91.10948,19.04535],[-91.11031,19.04479],[-91.1112,19.04422],[-91.11137,19.04381],[-91.11137,19.04381],[-91.11128,19.04309],[-91.11128,19.04304],[-91.11065,19.04052],[-91.11061,19.04034],[-91.11051,19.03996],[-91.11048,19.03983],[-91.11048,19.03976],[-91.11051,19.03923],[-91.11055,19.03851],[-91.11057,19.03845],[-91.11061,19.03833],[-91.11075,19.03792],[-91.11089,19.03754],[-91.11112,19.03729],[-91.11124,19.03717],[-91.11195,19.03641],[-91.11206,19.03633],[-91.11235,19.03611],[-91.11245,19.03604],[-91.1132,19.03547],[-91.11368,19.03511],[-91.11378,19.03503],[-91.11505,19.03416],[-91.116,19.03351],[-91.11648,19.03317],[-91.11776,19.03226],[-91.11777,19.03224],[-91.11792,19.03214],[-91.11796,19.03211],[-91.11816,19.03197],[-91.11821,19.03194],[-91.11906,19.03138],[-91.11987,19.03085],[-91.12052,19.03043],[-91.12293,19.02909],[-91.123,19.02905],[-91.12316,19.02897],[-91.12372,19.02865],[-91.12509,19.02783],[-91.12718,19.02663],[-91.12878,19.02569],[-91.12958,19.02529],[-91.13016,19.02491],[-91.13283,19.02325],[-91.13308,19.02311],[-91.1335,19.02289],[-91.13377,19.02275],[-91.13402,19.02266],[-91.13515,19.0221],[-91.13517,19.02209],[-91.13538,19.02202],[-91.1354,19.02201],[-91.13558,19.02195],[-91.13566,19.02192],[-91.13571,19.02191],[-91.13607,19.02175],[-91.1366,19.02151],[-91.1374,19.02115],[-91.13778,19.02095],[-91.14039,19.01952],[-91.14159,19.01897],[-91.14177,19.01888],[-91.14191,19.01881],[-91.14233,19.01861],[-91.14364,19.01797],[-91.14422,19.01769],[-91.14452,19.01751],[-91.14498,19.01722],[-91.14628,19.01641],[-91.14685,19.01602],[-91.1471,19.01585],[-91.14818,19.01509],[-91.14874,19.01479],[-91.14966,19.01428],[-91.14967,19.01428],[-91.14967,19.01428],[-91.15002,19.01409],[-91.1502,19.01399],[-91.15037,19.01389],[-91.15074,19.01369],[-91.15074,19.01369],[-91.15094,19.01358],[-91.15141,19.01333],[-91.15172,19.01315],[-91.15196,19.01302],[-91.15204,19.01298],[-91.15209,19.01296],[-91.15249,19.01276],[-91.15255,19.01273],[-91.1526,19.01271],[-91.15263,19.01269],[-91.15272,19.01265],[-91.15282,19.01259],[-91.15283,19.01259],[-91.15293,19.01254],[-91.15299,19.01251],[-91.15318,19.01242],[-91.15325,19.01239],[-91.15325,19.01238],[-91.15351,19.01226],[-91.15366,19.01218],[-91.15379,19.01212],[-91.15414,19.01194],[-91.15468,19.01168],[-91.15517,19.01153],[-91.15572,19.01124],[-91.15572,19.01124],[-91.15572,19.01124],[-91.15572,19.01124],[-91.15572,19.01124],[-91.15635,19.0109],[-91.15714,19.01032],[-91.15736,19.01016],[-91.15811,19.00967],[-91.16017,19.00839],[-91.161,19.00791],[-91.16249,19.00704],[-91.16327,19.00659],[-91.16341,19.00654],[-91.1637,19.00642],[-91.16436,19.00614],[-91.1646,19.00602],[-91.16466,19.006],[-91.16589,19.00548],[-91.16667,19.00515],[-91.16786,19.00462],[-91.16889,19.00407],[-91.169,19.00401],[-91.16984,19.00352],[-91.16987,19.00351],[-91.17194,19.00253],[-91.17324,19.00187],[-91.17424,19.00136],[-91.17501,19.00096],[-91.17611,19.00046],[-91.17737,18.99983],[-91.17753,18.99975],[-91.17884,18.9991],[-91.17925,18.99889],[-91.18128,18.99808],[-91.18182,18.99787],[-91.18393,18.99694],[-91.18459,18.9967],[-91.18479,18.99666],[-91.18509,18.99661],[-91.18549,18.99657],[-91.18549,18.99656],[-91.1855,18.99655],[-91.18553,18.99645],[-91.1854,18.99622],[-91.1851,18.9959],[-91.18505,18.99582],[-91.18484,18.99548],[-91.18463,18.995],[-91.18446,18.99457],[-91.18446,18.99457],[-91.18446,18.99456],[-91.18441,18.99447],[-91.18435,18.99442],[-91.18413,18.99405],[-91.18422,18.99398],[-91.18431,18.99409],[-91.18448,18.9943],[-91.18458,18.99443],[-91.18467,18.99455],[-91.18475,18.99465],[-91.18508,18.99505],[-91.18553,18.99575],[-91.18559,18.99576],[-91.18564,18.99573],[-91.18567,18.99569],[-91.18566,18.99563],[-91.18567,18.99558],[-91.18565,18.99551],[-91.18559,18.99541],[-91.18546,18.99521],[-91.18521,18.99488],[-91.18515,18.99479],[-91.18504,18.99469],[-91.18483,18.99449],[-91.18485,18.99438],[-91.18488,18.99433],[-91.18494,18.99427],[-91.18521,18.99387],[-91.18546,18.99367],[-91.18575,18.99336],[-91.18696,18.99265],[-91.18733,18.99245],[-91.18736,18.99244],[-91.18741,18.99241],[-91.18763,18.9923],[-91.18826,18.99198],[-91.18912,18.99155],[-91.18957,18.99127],[-91.18984,18.99112],[-91.19043,18.99085],[-91.19058,18.99075],[-91.19087,18.99059],[-91.19089,18.99053],[-91.19129,18.99032],[-91.19197,18.99002],[-91.1927,18.98965],[-91.19341,18.9893],[-91.19417,18.98893],[-91.19474,18.98867],[-91.19639,18.98788],[-91.19706,18.98754],[-91.19734,18.98744],[-91.19808,18.98707],[-91.19842,18.9869],[-91.19848,18.98688],[-91.199,18.98662],[-91.1992,18.98653],[-91.19962,18.98634],[-91.2004,18.98593],[-91.20084,18.98557],[-91.20133,18.98514],[-91.20142,18.98506],[-91.20167,18.98492],[-91.20202,18.98473],[-91.20234,18.98455],[-91.20273,18.98433],[-91.20305,18.98417],[-91.20371,18.98376],[-91.20476,18.98318],[-91.20501,18.98302],[-91.2057,18.98277],[-91.20653,18.98232],[-91.20747,18.98188],[-91.20798,18.9817],[-91.20873,18.98138],[-91.20874,18.98137],[-91.20926,18.98109],[-91.20982,18.98083],[-91.20982,18.98083],[-91.21035,18.98058],[-91.21109,18.98016],[-91.21664,18.97755],[-91.21993,18.97578],[-91.2213,18.9751],[-91.22404,18.97385],[-91.22553,18.97309],[-91.22597,18.97288],[-91.22728,18.97219],[-91.22986,18.97106],[-91.23032,18.97084],[-91.23075,18.97061],[-91.23287,18.96969],[-91.23405,18.96912],[-91.23517,18.96864],[-91.23606,18.96824],[-91.23641,18.96809],[-91.23755,18.96762],[-91.23854,18.96721],[-91.23939,18.96682],[-91.24107,18.96612],[-91.24212,18.96566],[-91.2455,18.96421],[-91.24711,18.96352],[-91.24872,18.96285],[-91.24906,18.96272],[-91.25044,18.96219],[-91.25125,18.96189],[-91.25181,18.96165],[-91.25198,18.96158],[-91.25217,18.96152],[-91.2538,18.96099],[-91.25451,18.96072],[-91.25554,18.96032],[-91.2561,18.96009],[-91.25763,18.95947],[-91.25895,18.95898],[-91.25978,18.95869],[-91.26137,18.95808],[-91.26317,18.95749],[-91.26408,18.95715],[-91.26536,18.95669],[-91.26705,18.95607],[-91.26747,18.95593],[-91.26922,18.95529],[-91.26977,18.9551],[-91.27089,18.95465],[-91.27221,18.95413],[-91.27409,18.95334],[-91.27539,18.95278],[-91.27581,18.95258],[-91.27672,18.95224],[-91.27701,18.95211],[-91.2778,18.95175],[-91.27887,18.95134],[-91.27997,18.9509],[-91.28091,18.95056],[-91.28232,18.95006],[-91.28332,18.94966],[-91.28429,18.94928],[-91.28676,18.9484],[-91.28902,18.94756],[-91.29069,18.94683],[-91.29209,18.94625],[-91.29371,18.94551],[-91.29561,18.94465],[-91.29809,18.94357],[-91.29974,18.9428],[-91.30026,18.94252],[-91.3026,18.94143],[-91.30408,18.9407],[-91.30609,18.93975],[-91.30753,18.93897],[-91.30804,18.9387],[-91.31038,18.93749],[-91.31248,18.93659],[-91.31366,18.936],[-91.31563,18.93513],[-91.31734,18.93439],[-91.31926,18.93354],[-91.32172,18.93238],[-91.32321,18.93174],[-91.32481,18.93093],[-91.3265,18.93018],[-91.32778,18.92952],[-91.32945,18.92876],[-91.33183,18.92746],[-91.33245,18.92714],[-91.33338,18.92666],[-91.33538,18.9256],[-91.33686,18.92472],[-91.33862,18.92382],[-91.34045,18.92274],[-91.34101,18.92243],[-91.34116,18.92235],[-91.34445,18.92055],[-91.34612,18.91967],[-91.34806,18.91862],[-91.35097,18.91707],[-91.35174,18.91653],[-91.35197,18.91642],[-91.35233,18.91623],[-91.35328,18.9157],[-91.35388,18.91541],[-91.35481,18.91494],[-91.35612,18.91426],[-91.3569,18.91384],[-91.35761,18.91348],[-91.35825,18.91311],[-91.36028,18.91204],[-91.36212,18.91086],[-91.36505,18.90917],[-91.36714,18.90793],[-91.36867,18.90712],[-91.37013,18.90628],[-91.37128,18.90567],[-91.37199,18.90525],[-91.37446,18.90381],[-91.3756,18.9031],[-91.37597,18.90288],[-91.37639,18.9026],[-91.3773,18.90199],[-91.37758,18.90181],[-91.37834,18.90135],[-91.37857,18.90121],[-91.37896,18.90098],[-91.37961,18.90063],[-91.38007,18.90038],[-91.38093,18.89986],[-91.38161,18.89945],[-91.38213,18.89915],[-91.38247,18.89894],[-91.38309,18.89853],[-91.38379,18.89812],[-91.38393,18.89804],[-91.38641,18.89669],[-91.3876,18.89581],[-91.38882,18.89509],[-91.38991,18.89442],[-91.39152,18.89333],[-91.39322,18.89236],[-91.3948,18.89125],[-91.39537,18.8908],[-91.39649,18.89007],[-91.39758,18.88912],[-91.3988,18.88815],[-91.39967,18.88743],[-91.40014,18.887],[-91.40093,18.88634],[-91.40176,18.8856],[-91.40222,18.88516],[-91.40277,18.8846],[-91.40319,18.88408],[-91.40349,18.88373],[-91.40491,18.88219],[-91.4056,18.88145],[-91.40606,18.88093],[-91.40694,18.87995],[-91.40795,18.8789],[-91.40923,18.87752],[-91.40981,18.87682],[-91.41028,18.87629],[-91.41056,18.87599],[-91.41089,18.87563],[-91.4111,18.87542],[-91.41308,18.87334],[-91.41507,18.87113],[-91.41704,18.86905],[-91.41766,18.86843],[-91.41912,18.86711],[-91.42116,18.86497],[-91.42295,18.86294],[-91.42481,18.86043],[-91.42647,18.8585],[-91.42639,18.85808],[-91.42997,18.85397],[-91.43211,18.85148],[-91.43424,18.84938],[-91.43466,18.84848],[-91.43653,18.84644],[-91.43758,18.84506],[-91.44128,18.84127],[-91.44178,18.84056],[-91.44262,18.83947],[-91.44333,18.83867],[-91.44344,18.83849],[-91.44378,18.83797],[-91.4444,18.83735],[-91.44571,18.83615],[-91.44585,18.83601],[-91.44715,18.835],[-91.44785,18.83436],[-91.44812,18.83378],[-91.44835,18.83344],[-91.44838,18.83325],[-91.4482,18.83297],[-91.44828,18.8326],[-91.44861,18.83197],[-91.44881,18.83176],[-91.44923,18.83132],[-91.44985,18.83061],[-91.44995,18.83049],[-91.45071,18.82993],[-91.45232,18.8286],[-91.45375,18.82776],[-91.45613,18.82586],[-91.45801,18.82448],[-91.46039,18.82276],[-91.46207,18.82143],[-91.46301,18.82074],[-91.46404,18.8199],[-91.4654,18.81873],[-91.46563,18.81856],[-91.46607,18.81825],[-91.46618,18.81815],[-91.46628,18.81803],[-91.46644,18.81788],[-91.46688,18.81752],[-91.46704,18.81739],[-91.46723,18.81726],[-91.46829,18.81637],[-91.46839,18.81629],[-91.46849,18.81618],[-91.46878,18.81585],[-91.4691,18.81546],[-91.46919,18.81537],[-91.46942,18.81517],[-91.46995,18.81471],[-91.47089,18.8139],[-91.47133,18.81348],[-91.47153,18.81328],[-91.47153,18.81328],[-91.47198,18.81288],[-91.4727,18.81221],[-91.4739,18.8112],[-91.47529,18.81],[-91.47592,18.80941],[-91.47606,18.80918],[-91.47637,18.80887],[-91.47676,18.80854],[-91.47724,18.80812],[-91.47763,18.80774],[-91.4777,18.80767],[-91.47806,18.80735],[-91.47823,18.80722],[-91.4784,18.8071],[-91.47882,18.80677],[-91.47935,18.80627],[-91.4801,18.8057],[-91.48037,18.80545],[-91.48162,18.80431],[-91.48237,18.80373],[-91.48292,18.80324],[-91.48389,18.8024],[-91.48429,18.80206],[-91.4845,18.80188],[-91.48561,18.80093],[-91.48671,18.80004],[-91.48696,18.79986],[-91.48789,18.79905],[-91.4883,18.79875],[-91.48882,18.79829],[-91.48916,18.79803],[-91.4897,18.79761],[-91.48972,18.7976],[-91.4901,18.79731],[-91.49018,18.79725],[-91.49047,18.79704],[-91.49053,18.797],[-91.49066,18.79692],[-91.49124,18.79652],[-91.49148,18.79634],[-91.49259,18.79556],[-91.49378,18.79465],[-91.49402,18.79447],[-91.49433,18.79424],[-91.49518,18.79363],[-91.49625,18.79279],[-91.49645,18.79267],[-91.4966,18.7926],[-91.49674,18.79251],[-91.49734,18.79209],[-91.49747,18.79196],[-91.49765,18.79174],[-91.4977,18.79165],[-91.49796,18.7911],[-91.49805,18.79098],[-91.49824,18.7907],[-91.49844,18.79043],[-91.49868,18.79007],[-91.49881,18.78987],[-91.49923,18.78917],[-91.49932,18.78898],[-91.49938,18.78884],[-91.49944,18.78865],[-91.49955,18.78825],[-91.50055,18.78631],[-91.50071,18.78586],[-91.50062,18.78527],[-91.50024,18.78487],[-91.49987,18.78412],[-91.49976,18.78375],[-91.4995,18.78361],[-91.49901,18.78345],[-91.49891,18.78323],[-91.49865,18.78241],[-91.49849,18.78183],[-91.4983,18.78164],[-91.49826,18.78164],[-91.50486,18.77728],[-91.51509,18.77059],[-91.51965,18.76753],[-91.5217,18.76618],[-91.5224,18.76562],[-91.52283,18.76587],[-91.52298,18.76598],[-91.52315,18.76607],[-91.52341,18.76619],[-91.52367,18.76627],[-91.52399,18.76627],[-91.5244,18.76639],[-91.52465,18.76647],[-91.52495,18.76664],[-91.52514,18.76677],[-91.52522,18.76691],[-91.52522,18.76692],[-91.52522,18.76694],[-91.52522,18.76698],[-91.52522,18.767],[-91.52523,18.76707],[-91.5253,18.76708],[-91.52539,18.7671],[-91.52562,18.76717],[-91.52587,18.76724],[-91.52616,18.76738],[-91.52652,18.76753],[-91.52683,18.7677],[-91.52713,18.76788],[-91.52741,18.76807],[-91.52765,18.76824],[-91.52786,18.76843],[-91.52809,18.76862],[-91.5283,18.76879],[-91.52847,18.76899],[-91.52863,18.76929],[-91.52876,18.76955],[-91.52888,18.76978],[-91.52889,18.77008],[-91.52877,18.77036],[-91.52868,18.7705],[-91.52861,18.77065],[-91.52854,18.77091],[-91.52851,18.77105],[-91.52848,18.77117],[-91.52849,18.7712],[-91.52858,18.77139],[-91.52893,18.77197],[-91.52905,18.77215],[-91.52938,18.77256],[-91.52946,18.77265],[-91.52954,18.77276],[-91.52959,18.77281],[-91.52963,18.77284],[-91.52967,18.77293],[-91.5297,18.77306],[-91.52974,18.7732],[-91.52981,18.77325],[-91.5299,18.77336],[-91.52994,18.7735],[-91.52989,18.77353],[-91.52985,18.77364],[-91.52983,18.77367],[-91.52981,18.77383],[-91.52986,18.77406],[-91.52987,18.77417],[-91.52989,18.7742],[-91.52995,18.77428],[-91.52999,18.77436],[-91.53003,18.77444],[-91.53005,18.77457],[-91.53006,18.77464],[-91.53007,18.77472],[-91.53011,18.77474],[-91.53015,18.77475],[-91.53019,18.77484],[-91.53023,18.77491],[-91.53025,18.77497],[-91.53025,18.775],[-91.53024,18.77503],[-91.5303,18.77522],[-91.53034,18.77528],[-91.53034,18.77529],[-91.53034,18.77532],[-91.53035,18.77543],[-91.53035,18.77545],[-91.53035,18.77547],[-91.53024,18.77548],[-91.53024,18.77555],[-91.53035,18.77556],[-91.53037,18.77562],[-91.53036,18.77578],[-91.5303,18.77589],[-91.53027,18.77598],[-91.53033,18.77608],[-91.53033,18.77609],[-91.53029,18.77624],[-91.53006,18.77658],[-91.52993,18.77718],[-91.52987,18.77718],[-91.52976,18.77713],[-91.52962,18.77703],[-91.52955,18.77709],[-91.52963,18.77717],[-91.52981,18.77727],[-91.52985,18.77729],[-91.52986,18.77729],[-91.52989,18.7773],[-91.53006,18.77737],[-91.5302,18.77752],[-91.53021,18.77761],[-91.53022,18.77768],[-91.53022,18.77781],[-91.53026,18.77786],[-91.53037,18.77793],[-91.53043,18.77804],[-91.53044,18.77807],[-91.53045,18.77808],[-91.53046,18.77813],[-91.53054,18.77818],[-91.53056,18.77819],[-91.53057,18.7782],[-91.53057,18.7782],[-91.53058,18.77822],[-91.53058,18.77823],[-91.53063,18.77838],[-91.53071,18.7787],[-91.53071,18.77873],[-91.53073,18.77894],[-91.53077,18.77921],[-91.5307,18.77942],[-91.53068,18.77947],[-91.53055,18.77978],[-91.53059,18.77997],[-91.53066,18.7801],[-91.53084,18.78026],[-91.53094,18.7802],[-91.53109,18.78022],[-91.53121,18.78023],[-91.53141,18.78014],[-91.53179,18.78013],[-91.53197,18.77997],[-91.53226,18.77984],[-91.53271,18.77975],[-91.53297,18.77978],[-91.53318,18.77983],[-91.53343,18.77995],[-91.53363,18.77998],[-91.53387,18.77986],[-91.53406,18.77983],[-91.53436,18.77977],[-91.53458,18.77958],[-91.53484,18.77944],[-91.53508,18.77932],[-91.53537,18.77921],[-91.53579,18.77904],[-91.5363,18.77877],[-91.53634,18.77875],[-91.53655,18.77864],[-91.53699,18.77846],[-91.53731,18.77823],[-91.53732,18.77823],[-91.53737,18.77814],[-91.53737,18.77814],[-91.53737,18.77813],[-91.53754,18.77804],[-91.53754,18.77804],[-91.53765,18.77803],[-91.53765,18.77803],[-91.53768,18.77796],[-91.53768,18.77796],[-91.53774,18.77785],[-91.53774,18.77785],[-91.53788,18.77776],[-91.5383,18.77759],[-91.53843,18.77754],[-91.53843,18.77754],[-91.53868,18.77745],[-91.53917,18.77713],[-91.53935,18.77697],[-91.53936,18.77697],[-91.53943,18.77688],[-91.53943,18.77688],[-91.53956,18.77673],[-91.53956,18.77673],[-91.53975,18.77663],[-91.53976,18.77663],[-91.53989,18.77643],[-91.53989,18.77643],[-91.54011,18.77626],[-91.54097,18.7757],[-91.54113,18.77561],[-91.54137,18.77546],[-91.54137,18.77545],[-91.54137,18.77545],[-91.54138,18.77545],[-91.54138,18.77545],[-91.54138,18.77545],[-91.54139,18.77544],[-91.54159,18.77527],[-91.54168,18.77523],[-91.54168,18.77523],[-91.54186,18.77514],[-91.54206,18.77497],[-91.54239,18.77485],[-91.54239,18.77485],[-91.54262,18.77462],[-91.54276,18.77447],[-91.54277,18.77447],[-91.54297,18.77436],[-91.54317,18.77424],[-91.54341,18.77403],[-91.54352,18.77393],[-91.54353,18.77393],[-91.54372,18.77377],[-91.54372,18.77377],[-91.54389,18.77359],[-91.54389,18.77359],[-91.54396,18.77353],[-91.54396,18.77352],[-91.54422,18.77335],[-91.54423,18.77334],[-91.54423,18.77334],[-91.54436,18.77332],[-91.54437,18.77332],[-91.54442,18.77321],[-91.54442,18.77321],[-91.5446,18.77316],[-91.5446,18.77316],[-91.54481,18.77289],[-91.54486,18.77283],[-91.54487,18.77282],[-91.54505,18.77263],[-91.54505,18.77262],[-91.54515,18.77256],[-91.54515,18.77256],[-91.54544,18.77237],[-91.54544,18.77237],[-91.54568,18.77206],[-91.54596,18.7718],[-91.54596,18.7718],[-91.54596,18.7718],[-91.54596,18.7718],[-91.54601,18.77175],[-91.54601,18.77175],[-91.54601,18.77175],[-91.54607,18.77154],[-91.54607,18.77154],[-91.54626,18.77141],[-91.54636,18.77143],[-91.54636,18.77143],[-91.54639,18.77143],[-91.54645,18.77145],[-91.54645,18.77145],[-91.54652,18.77133],[-91.54652,18.77133],[-91.54654,18.77131],[-91.54661,18.77119],[-91.54661,18.77118],[-91.5469,18.771],[-91.54711,18.77086],[-91.54711,18.77086],[-91.54746,18.77063],[-91.54774,18.77059],[-91.54778,18.77059],[-91.54778,18.77059],[-91.54785,18.77058],[-91.548,18.7705],[-91.5482,18.77039],[-91.54881,18.76985],[-91.5493,18.76943],[-91.5493,18.76943],[-91.5494,18.76934],[-91.55005,18.76902],[-91.55118,18.76852],[-91.5528,18.76786],[-91.5533,18.7677],[-91.5533,18.76769],[-91.55357,18.76761],[-91.55379,18.76753],[-91.55402,18.76743],[-91.55405,18.76742],[-91.55411,18.7674],[-91.55464,18.76721],[-91.55468,18.76717],[-91.5548,18.76707],[-91.5548,18.76707],[-91.55485,18.76703],[-91.55501,18.76699],[-91.55501,18.76699],[-91.55527,18.76692],[-91.55548,18.76679],[-91.55548,18.76679],[-91.55564,18.7667],[-91.55605,18.76649],[-91.55627,18.76646],[-91.55627,18.76646],[-91.55644,18.76644],[-91.55654,18.76643],[-91.55706,18.7663],[-91.55707,18.7663],[-91.55714,18.76609],[-91.55714,18.76607],[-91.55714,18.76607],[-91.55717,18.76599],[-91.55717,18.76599],[-91.55746,18.76575],[-91.55781,18.76555],[-91.55853,18.76527],[-91.5589,18.76512],[-91.55938,18.76492],[-91.55994,18.76472],[-91.56061,18.76449],[-91.56061,18.76449],[-91.56062,18.76449],[-91.56062,18.76449],[-91.56062,18.76449],[-91.56078,18.76436],[-91.56085,18.7643],[-91.56121,18.7642],[-91.56126,18.76418],[-91.56126,18.76418],[-91.56161,18.76409],[-91.56211,18.76383],[-91.56259,18.76367],[-91.56279,18.76356],[-91.56302,18.76343],[-91.56331,18.76328],[-91.56363,18.76317],[-91.56418,18.76294],[-91.56418,18.76294],[-91.56419,18.76294],[-91.5646,18.76275],[-91.56482,18.76271],[-91.56482,18.76271],[-91.56491,18.76269],[-91.56506,18.76267],[-91.56536,18.76254],[-91.5656,18.76241],[-91.56564,18.76239],[-91.56564,18.76239],[-91.5659,18.76225],[-91.56607,18.76223],[-91.56611,18.76223],[-91.56611,18.76223],[-91.56643,18.76219],[-91.56661,18.76206],[-91.56686,18.76194],[-91.56694,18.7619],[-91.56695,18.7619],[-91.56697,18.76189],[-91.56722,18.7618],[-91.5673,18.76178],[-91.56754,18.76171],[-91.56754,18.76171],[-91.56766,18.76168],[-91.56777,18.76159],[-91.56785,18.76152],[-91.5681,18.76139],[-91.5681,18.76139],[-91.56827,18.76131],[-91.56853,18.76129],[-91.56873,18.76127],[-91.56894,18.76112],[-91.56895,18.76112],[-91.56902,18.76109],[-91.56902,18.76109],[-91.5691,18.76105],[-91.5691,18.76105],[-91.56922,18.761],[-91.56932,18.76097],[-91.56968,18.76088],[-91.57008,18.76076],[-91.57009,18.76076],[-91.57015,18.76062],[-91.57019,18.76052],[-91.57019,18.76052],[-91.57058,18.76044],[-91.57088,18.76038],[-91.57129,18.76022],[-91.57157,18.76006],[-91.5723,18.75986],[-91.5723,18.75986],[-91.57247,18.75968],[-91.57254,18.75962],[-91.57254,18.75962],[-91.5728,18.75955],[-91.57297,18.75951],[-91.57312,18.75948],[-91.57313,18.75948],[-91.57359,18.75938],[-91.5738,18.75919],[-91.5739,18.75911],[-91.5739,18.75911],[-91.57414,18.75893],[-91.57461,18.75869],[-91.57509,18.7585],[-91.57598,18.75814],[-91.57696,18.75769],[-91.57721,18.75755],[-91.57765,18.75728],[-91.57842,18.7569],[-91.57881,18.75678],[-91.5792,18.75666],[-91.57945,18.75652],[-91.57969,18.75638],[-91.58035,18.75606],[-91.58117,18.7558],[-91.58163,18.75567],[-91.58215,18.75553],[-91.58255,18.75533],[-91.58298,18.75512],[-91.58334,18.75501],[-91.58401,18.75481],[-91.58459,18.75462],[-91.58569,18.75422],[-91.5858,18.75417],[-91.58609,18.75405],[-91.58623,18.75402],[-91.58661,18.75393],[-91.58683,18.75381],[-91.58748,18.75359],[-91.58818,18.75335],[-91.5883,18.75331],[-91.5885,18.75325],[-91.58914,18.75306],[-91.58975,18.75279],[-91.59005,18.75272],[-91.59027,18.75266],[-91.59039,18.75254],[-91.59049,18.75251],[-91.59089,18.75238],[-91.59124,18.75224],[-91.59185,18.752],[-91.59232,18.75187],[-91.59254,18.7518],[-91.59291,18.75164],[-91.59291,18.75164],[-91.59291,18.75164],[-91.59302,18.75151],[-91.59302,18.75151],[-91.59308,18.75149],[-91.59325,18.75144],[-91.5934,18.75139],[-91.59341,18.75139],[-91.59351,18.75135],[-91.59395,18.75114],[-91.59491,18.75074],[-91.59516,18.75062],[-91.5957,18.75043],[-91.59623,18.75025],[-91.59678,18.75004],[-91.59732,18.74986],[-91.59751,18.74978],[-91.59758,18.74975],[-91.5979,18.74963],[-91.59806,18.74958],[-91.59837,18.74948],[-91.59878,18.74932],[-91.59883,18.74929],[-91.59911,18.74914],[-91.59955,18.74902],[-91.59959,18.74901],[-91.59968,18.74897],[-91.59995,18.74884],[-91.60037,18.74863],[-91.60085,18.74847],[-91.60096,18.74844],[-91.60129,18.7483],[-91.60147,18.74822],[-91.60168,18.74816],[-91.60197,18.74807],[-91.60203,18.74805],[-91.60264,18.74785],[-91.60314,18.74766],[-91.60355,18.74747],[-91.60403,18.74732],[-91.60454,18.74713],[-91.60506,18.74693],[-91.60545,18.74681],[-91.60584,18.74662],[-91.60616,18.7464],[-91.60659,18.74614],[-91.60732,18.7459],[-91.60792,18.74561],[-91.60816,18.74555],[-91.60856,18.74535],[-91.60922,18.74517],[-91.60924,18.74517],[-91.60984,18.745],[-91.60999,18.74488],[-91.61003,18.74485],[-91.61051,18.7447],[-91.61055,18.74469],[-91.61098,18.74452],[-91.61104,18.74447],[-91.61149,18.7441],[-91.61213,18.74383],[-91.61243,18.74381],[-91.61258,18.7438],[-91.61295,18.74373],[-91.61337,18.74349],[-91.6137,18.74332],[-91.61378,18.74328],[-91.61384,18.74324],[-91.61407,18.74303],[-91.61423,18.74296],[-91.61451,18.74293],[-91.61471,18.74287],[-91.61497,18.7428],[-91.6153,18.74274],[-91.61542,18.74267],[-91.61569,18.74261],[-91.6158,18.74255],[-91.61599,18.74247],[-91.61626,18.74234],[-91.61643,18.74222],[-91.61696,18.74197],[-91.61742,18.74182],[-91.61812,18.74154],[-91.61844,18.74143],[-91.61881,18.74116],[-91.61902,18.74105],[-91.61953,18.74095],[-91.62022,18.74065],[-91.62088,18.74046],[-91.62134,18.74032],[-91.62175,18.74012],[-91.62221,18.7399],[-91.62302,18.73972],[-91.62367,18.73942],[-91.62392,18.73932],[-91.62415,18.73925],[-91.62439,18.73918],[-91.62443,18.73915],[-91.62452,18.7391],[-91.6249,18.73897],[-91.6251,18.73894],[-91.62517,18.73893],[-91.62529,18.73888],[-91.6255,18.73881],[-91.62562,18.73876],[-91.62581,18.73867],[-91.62588,18.73862],[-91.6259,18.7386],[-91.62597,18.73858],[-91.62615,18.73853],[-91.62636,18.73849],[-91.62659,18.73845],[-91.6268,18.73837],[-91.62713,18.73825],[-91.62748,18.73817],[-91.62751,18.73815],[-91.6279,18.73797],[-91.62809,18.73792],[-91.62833,18.7378],[-91.62854,18.73776],[-91.62867,18.73773],[-91.6288,18.73767],[-91.62896,18.73759],[-91.62922,18.73749],[-91.62922,18.73749],[-91.62929,18.73739],[-91.62932,18.73736],[-91.62943,18.73722],[-91.62943,18.73721],[-91.62973,18.737],[-91.63006,18.73682],[-91.63034,18.7367],[-91.63034,18.7367],[-91.63045,18.73656],[-91.63046,18.73655],[-91.63071,18.73644],[-91.63099,18.73634],[-91.63099,18.73634],[-91.6311,18.73621],[-91.6311,18.73621],[-91.63112,18.73618],[-91.63113,18.73618],[-91.63157,18.73598],[-91.63176,18.73595],[-91.63177,18.73594],[-91.63177,18.73594],[-91.63178,18.73594],[-91.63201,18.7359],[-91.63225,18.7358],[-91.63232,18.73576],[-91.63232,18.73576],[-91.63238,18.73572],[-91.63254,18.73566],[-91.63274,18.73559],[-91.63298,18.73551],[-91.63306,18.73544],[-91.63308,18.73543],[-91.63309,18.73543],[-91.63327,18.73543],[-91.6335,18.73531],[-91.6335,18.73531],[-91.63359,18.73522],[-91.63364,18.73517],[-91.63364,18.73516],[-91.63372,18.73511],[-91.63382,18.73511],[-91.63382,18.73512],[-91.63382,18.73512],[-91.63383,18.73511],[-91.63386,18.73507],[-91.63386,18.73507],[-91.63397,18.73498],[-91.63408,18.73491],[-91.63429,18.73487],[-91.63436,18.73487],[-91.63441,18.73483],[-91.63451,18.7348],[-91.6346,18.73478],[-91.63477,18.73475],[-91.63477,18.73475],[-91.6349,18.73473],[-91.63505,18.73466],[-91.63506,18.73466],[-91.63509,18.73458],[-91.63509,18.73458],[-91.6351,18.73455],[-91.63511,18.73452],[-91.63511,18.73452],[-91.63534,18.73443],[-91.63549,18.73433],[-91.63556,18.73431],[-91.63556,18.73431],[-91.63569,18.73427],[-91.63594,18.73413],[-91.63619,18.73405],[-91.63649,18.73395],[-91.63656,18.73395],[-91.63682,18.73392],[-91.63693,18.73383],[-91.63706,18.73376],[-91.63709,18.73374],[-91.63715,18.73371],[-91.63729,18.73365],[-91.63749,18.73355],[-91.63763,18.73354],[-91.63763,18.73354],[-91.63771,18.73343],[-91.63772,18.73342],[-91.63772,18.73342],[-91.63774,18.73341],[-91.63788,18.73339],[-91.63788,18.73339],[-91.63793,18.73331],[-91.63793,18.73331],[-91.63793,18.73331],[-91.63793,18.73331],[-91.63793,18.7333],[-91.63794,18.7333],[-91.63795,18.7333],[-91.63796,18.7333],[-91.63796,18.7333],[-91.63816,18.73327],[-91.63853,18.73323],[-91.6386,18.73327],[-91.63875,18.73317],[-91.63899,18.73305],[-91.63913,18.73302],[-91.6393,18.73294],[-91.63931,18.73294],[-91.63939,18.73273],[-91.63939,18.73273],[-91.63954,18.73264],[-91.6396,18.73271],[-91.6397,18.73262],[-91.6397,18.73262],[-91.6398,18.7325],[-91.6398,18.73249],[-91.63981,18.73249],[-91.63993,18.73243],[-91.63993,18.73243],[-91.64014,18.73233],[-91.64017,18.73231],[-91.64033,18.73222],[-91.64059,18.73209],[-91.64082,18.73197],[-91.64106,18.73192],[-91.64107,18.73191],[-91.64129,18.73179],[-91.64129,18.73179],[-91.64132,18.73173],[-91.64133,18.73171],[-91.64133,18.7317],[-91.6414,18.73168],[-91.64152,18.73163],[-91.64152,18.73163],[-91.64159,18.73155],[-91.6416,18.73155],[-91.64177,18.7314],[-91.64178,18.7314],[-91.64186,18.73127],[-91.642,18.73108],[-91.64202,18.73104],[-91.64213,18.73093],[-91.64213,18.73093],[-91.64216,18.73089],[-91.64216,18.73088],[-91.64235,18.73075],[-91.64272,18.7306],[-91.64277,18.73059],[-91.64277,18.73059],[-91.64309,18.73049],[-91.64339,18.73039],[-91.6435,18.73035],[-91.6435,18.73035],[-91.64363,18.73023],[-91.64364,18.73022],[-91.64364,18.73022],[-91.64372,18.73017],[-91.64384,18.73009],[-91.64386,18.73008],[-91.64401,18.72993],[-91.64402,18.72993],[-91.64417,18.72987],[-91.64426,18.72984],[-91.64456,18.72969],[-91.64456,18.72969],[-91.64473,18.72951],[-91.6448,18.72942],[-91.6448,18.72942],[-91.64486,18.7294],[-91.6453,18.72925],[-91.6453,18.72925],[-91.64544,18.72906],[-91.64552,18.72883],[-91.64553,18.72879],[-91.64553,18.72879],[-91.64567,18.72868],[-91.64573,18.72863],[-91.64582,18.72856],[-91.64627,18.72838],[-91.64639,18.72834],[-91.64673,18.72823],[-91.64702,18.72811],[-91.64717,18.7281],[-91.64735,18.72804],[-91.64735,18.72804],[-91.64747,18.72785],[-91.64747,18.72785],[-91.64748,18.72784],[-91.64748,18.72784],[-91.64766,18.72778],[-91.6477,18.72776],[-91.64785,18.72766],[-91.648,18.72765],[-91.64814,18.72763],[-91.64826,18.72755],[-91.64853,18.72748],[-91.64885,18.72742],[-91.64886,18.72741],[-91.64888,18.72741],[-91.64913,18.72736],[-91.64937,18.72735],[-91.64945,18.72728],[-91.64945,18.72727],[-91.64952,18.72711],[-91.64955,18.72701],[-91.64955,18.72687],[-91.64955,18.72683],[-91.64955,18.72682],[-91.64955,18.72681],[-91.64959,18.72672],[-91.6496,18.7267],[-91.64965,18.72657],[-91.64965,18.72655],[-91.64965,18.72655],[-91.64966,18.7264],[-91.64971,18.72626],[-91.64971,18.72626],[-91.64979,18.72604],[-91.65001,18.72575],[-91.65017,18.7256],[-91.6502,18.72556],[-91.6502,18.72556],[-91.65028,18.72539],[-91.65045,18.72521],[-91.6505,18.72508],[-91.65053,18.72492],[-91.65053,18.72489],[-91.65053,18.72488],[-91.65055,18.72488],[-91.65065,18.72485],[-91.65065,18.72485],[-91.65071,18.72469],[-91.65075,18.7244],[-91.65075,18.72439],[-91.65075,18.72428],[-91.65075,18.72428],[-91.65075,18.72422],[-91.65086,18.72405],[-91.65087,18.72404],[-91.65088,18.72406],[-91.65089,18.72406],[-91.65091,18.72408],[-91.65091,18.72408],[-91.65099,18.72395],[-91.651,18.72394],[-91.651,18.72394],[-91.65112,18.72377],[-91.65124,18.72363],[-91.65125,18.72363],[-91.65139,18.72355],[-91.65145,18.72353],[-91.65147,18.72352],[-91.65147,18.72352],[-91.65163,18.72347],[-91.65197,18.72332],[-91.6521,18.72323],[-91.65218,18.72317],[-91.65231,18.72307],[-91.65264,18.72289],[-91.65267,18.72288],[-91.65289,18.72262],[-91.65342,18.72245],[-91.65415,18.72217],[-91.6548,18.72186],[-91.65492,18.7218],[-91.65493,18.72182],[-91.65493,18.72182],[-91.65514,18.72169],[-91.65546,18.72149],[-91.65546,18.72149],[-91.65558,18.72141],[-91.65578,18.72127],[-91.65578,18.72127],[-91.65585,18.72118],[-91.65599,18.72102],[-91.65599,18.72101],[-91.65623,18.72092],[-91.65625,18.72091],[-91.65646,18.72078],[-91.65658,18.72067],[-91.65674,18.72053],[-91.65695,18.72037],[-91.65711,18.72025],[-91.65711,18.72025],[-91.65726,18.72],[-91.6573,18.71986],[-91.65741,18.7197],[-91.65741,18.7197],[-91.65745,18.71965],[-91.65762,18.71949],[-91.65762,18.71948],[-91.65763,18.71947],[-91.65839,18.71884],[-91.65871,18.71878],[-91.65943,18.71844],[-91.65943,18.71844],[-91.65944,18.71844],[-91.65971,18.71835],[-91.66001,18.7183],[-91.66001,18.7183],[-91.66001,18.7183],[-91.66001,18.7183],[-91.66002,18.7183],[-91.66015,18.71826],[-91.66029,18.71822],[-91.66041,18.71815],[-91.66041,18.71815],[-91.66042,18.71814],[-91.66042,18.71814],[-91.66047,18.71818],[-91.66066,18.7181],[-91.66079,18.71811],[-91.66101,18.71809],[-91.66136,18.7181],[-91.66173,18.71803],[-91.66182,18.71793],[-91.66178,18.71759],[-91.66198,18.71742],[-91.66247,18.71699],[-91.66307,18.71692],[-91.66482,18.71649],[-91.66537,18.71644],[-91.66542,18.71644],[-91.66582,18.71642],[-91.66624,18.71646],[-91.66647,18.71634],[-91.66647,18.71634],[-91.66654,18.71631],[-91.66655,18.7163],[-91.66677,18.71617],[-91.66695,18.71603],[-91.66712,18.71604],[-91.66737,18.71589],[-91.66755,18.71582],[-91.66772,18.71576],[-91.66791,18.71576],[-91.66814,18.71572],[-91.66815,18.71571],[-91.66816,18.71571],[-91.66837,18.71561],[-91.66856,18.71559],[-91.66863,18.71558],[-91.66884,18.71553],[-91.66911,18.71546],[-91.66926,18.71547],[-91.66947,18.71548],[-91.66959,18.71541],[-91.66971,18.71531],[-91.66971,18.71531],[-91.66972,18.7153],[-91.66985,18.71516],[-91.66985,18.71516],[-91.67005,18.71509],[-91.67026,18.715],[-91.67046,18.71496],[-91.67051,18.71496],[-91.67063,18.71497],[-91.67063,18.71497],[-91.67066,18.71493],[-91.67072,18.71486],[-91.67072,18.71486],[-91.6709,18.71487],[-91.67111,18.71479],[-91.67147,18.71473],[-91.67169,18.71469],[-91.67191,18.71468],[-91.67192,18.71468],[-91.67213,18.71465],[-91.67223,18.71459],[-91.67251,18.7145],[-91.67286,18.71448],[-91.67299,18.71444],[-91.67317,18.71441],[-91.67362,18.71421],[-91.67408,18.71414],[-91.67469,18.714],[-91.675,18.71392],[-91.67508,18.71387],[-91.67529,18.71375],[-91.67574,18.71366],[-91.67621,18.71347],[-91.67679,18.71335],[-91.67726,18.71326],[-91.67769,18.71323],[-91.67801,18.71316],[-91.67844,18.71298],[-91.67885,18.71287],[-91.67928,18.71283],[-91.67953,18.7128],[-91.67979,18.71265],[-91.68015,18.71261],[-91.68064,18.71251],[-91.68103,18.71242],[-91.68131,18.71235],[-91.6818,18.71223],[-91.68198,18.7122],[-91.68215,18.71218],[-91.68249,18.71208],[-91.68271,18.71205],[-91.68287,18.71201],[-91.68287,18.71201],[-91.68297,18.712],[-91.68338,18.71193],[-91.68363,18.71186],[-91.68397,18.7118],[-91.68504,18.71166],[-91.68542,18.71155],[-91.68574,18.71143],[-91.68592,18.71127],[-91.68608,18.71107],[-91.68619,18.71087],[-91.68624,18.71077],[-91.68635,18.71062],[-91.68641,18.71056],[-91.68642,18.71056],[-91.68642,18.71056],[-91.68643,18.71055],[-91.68654,18.71042],[-91.68677,18.7103],[-91.68707,18.71017],[-91.68735,18.71008],[-91.68741,18.71006],[-91.68804,18.70984],[-91.6885,18.70971],[-91.68871,18.70963],[-91.68901,18.70953],[-91.68955,18.70944],[-91.68964,18.70944],[-91.69011,18.70945],[-91.69037,18.70938],[-91.69058,18.70932],[-91.69074,18.70917],[-91.69076,18.70916],[-91.69076,18.70916],[-91.69078,18.70914],[-91.69088,18.70906],[-91.6912,18.70898],[-91.69123,18.70898],[-91.69123,18.70898],[-91.69161,18.70882],[-91.69194,18.70869],[-91.69217,18.70856],[-91.69234,18.70844],[-91.69253,18.70843],[-91.69286,18.70834],[-91.69329,18.70814],[-91.69364,18.70804],[-91.69387,18.70796],[-91.69405,18.70789],[-91.69417,18.70784],[-91.69433,18.70778],[-91.69451,18.70771],[-91.69451,18.70771],[-91.69458,18.70768],[-91.69468,18.70765],[-91.69472,18.70763],[-91.69508,18.70746],[-91.69508,18.70746],[-91.69531,18.70736],[-91.6957,18.7072],[-91.69608,18.70707],[-91.69613,18.70705],[-91.69643,18.70701],[-91.6966,18.70692],[-91.69693,18.70679],[-91.69737,18.70655],[-91.6975,18.70642],[-91.69761,18.70633],[-91.69779,18.70622],[-91.69783,18.7062],[-91.69808,18.70607],[-91.69808,18.70607],[-91.69809,18.70606],[-91.69809,18.70606],[-91.69822,18.70593],[-91.69824,18.70591],[-91.6984,18.70575],[-91.6984,18.70575],[-91.69856,18.70567],[-91.69879,18.70556],[-91.69901,18.70549],[-91.69921,18.70538],[-91.69921,18.70538],[-91.69921,18.70527],[-91.6992,18.70517],[-91.69915,18.70497],[-91.6991,18.70471],[-91.69907,18.70446],[-91.69909,18.70421],[-91.69908,18.70392],[-91.69903,18.70367],[-91.69901,18.70362],[-91.69896,18.7035],[-91.69901,18.70328],[-91.69899,18.70318],[-91.69907,18.70307],[-91.69907,18.70307],[-91.69908,18.70293],[-91.69916,18.70279],[-91.69921,18.70268],[-91.6993,18.70247],[-91.69954,18.70221],[-91.69954,18.7019],[-91.69945,18.70153],[-91.69961,18.70131],[-91.69972,18.7009],[-91.69931,18.7009],[-91.69951,18.70045],[-91.69974,18.70006],[-91.70007,18.69961],[-91.70022,18.69945],[-91.70028,18.69915],[-91.70083,18.6986],[-91.70086,18.69858],[-91.70159,18.69817],[-91.70574,18.69596],[-91.70574,18.69596],[-91.70651,18.69557],[-91.7071,18.69526],[-91.70764,18.69495],[-91.70806,18.69471],[-91.70902,18.6941],[-91.70992,18.69359],[-91.71013,18.69349],[-91.71013,18.69349],[-91.71057,18.69326],[-91.71132,18.69286],[-91.71213,18.69241],[-91.71248,18.69221],[-91.71253,18.69218],[-91.71253,18.69218],[-91.71253,18.69218],[-91.71285,18.69205],[-91.71285,18.69205],[-91.71327,18.69179],[-91.71361,18.69159],[-91.71411,18.69131],[-91.71517,18.69074],[-91.7157,18.69042],[-91.71692,18.68978],[-91.7178,18.68927],[-91.71865,18.68884],[-91.71933,18.68846],[-91.71965,18.68831],[-91.72143,18.68769],[-91.72291,18.68717],[-91.72343,18.68693],[-91.72533,18.68623],[-91.72798,18.6852],[-91.72977,18.68449],[-91.73084,18.68403],[-91.73252,18.68334],[-91.7349,18.68245],[-91.73661,18.68176],[-91.73929,18.68086],[-91.74137,18.68036],[-91.74206,18.67993],[-91.74305,18.67935],[-91.74356,18.67907],[-91.74417,18.67888],[-91.7452,18.67862],[-91.74551,18.67854],[-91.74673,18.67822],[-91.74824,18.67784],[-91.74937,18.67754],[-91.75071,18.67722],[-91.75147,18.677],[-91.7519,18.6769],[-91.75231,18.67681],[-91.75232,18.67681],[-91.75289,18.67662],[-91.75353,18.67647],[-91.75374,18.67642],[-91.75423,18.67631],[-91.75451,18.67621],[-91.75502,18.67602],[-91.75559,18.67583],[-91.75599,18.67574],[-91.75706,18.67542],[-91.75777,18.67524],[-91.75791,18.67521],[-91.75813,18.67516],[-91.75856,18.67503],[-91.7591,18.67489],[-91.75946,18.67476],[-91.7599,18.67459],[-91.7601,18.67454],[-91.76044,18.67446],[-91.7609,18.67431],[-91.7615,18.67412],[-91.76215,18.67393],[-91.76276,18.67379],[-91.76277,18.67379],[-91.76279,18.67379],[-91.76326,18.67368],[-91.76376,18.67359],[-91.76414,18.6735],[-91.76462,18.67339],[-91.76533,18.67321],[-91.76561,18.67317],[-91.76574,18.67315],[-91.76609,18.67307],[-91.7662,18.67304],[-91.76643,18.67298],[-91.76707,18.67281],[-91.76781,18.6727],[-91.76833,18.67261],[-91.77013,18.67221],[-91.77014,18.67221],[-91.77015,18.67221],[-91.77017,18.6722],[-91.77048,18.67214],[-91.77118,18.672],[-91.77251,18.67172],[-91.77315,18.67159],[-91.77317,18.67158],[-91.77413,18.67138],[-91.77532,18.67114],[-91.77574,18.67105],[-91.77579,18.67104],[-91.77606,18.67098],[-91.7764,18.67091],[-91.77669,18.67085],[-91.77738,18.67071],[-91.77772,18.67061],[-91.77789,18.67055],[-91.7782,18.67048],[-91.77873,18.67044],[-91.77944,18.67026],[-91.78018,18.67012],[-91.78189,18.66958],[-91.7831,18.66933],[-91.78444,18.66906],[-91.78723,18.66877],[-91.7887,18.66861],[-91.7894,18.66855],[-91.79178,18.66815],[-91.79269,18.66765],[-91.79271,18.66763],[-91.79271,18.66763],[-91.79273,18.66761],[-91.79279,18.66749],[-91.79292,18.66737],[-91.79293,18.66737],[-91.7932,18.66722],[-91.79328,18.6672],[-91.7937,18.66711],[-91.79387,18.66708],[-91.79462,18.66699],[-91.79502,18.66694],[-91.79536,18.6669],[-91.79721,18.66673],[-91.7973,18.66672],[-91.7973,18.66672],[-91.7973,18.66672],[-91.79797,18.66669],[-91.79863,18.66664],[-91.79963,18.66651],[-91.80298,18.66634],[-91.80394,18.6663],[-91.80826,18.66609],[-91.81311,18.66564],[-91.81836,18.66539],[-91.81889,18.66537],[-91.82039,18.66534],[-91.82592,18.66518],[-91.83286,18.66524],[-91.83465,18.66525],[-91.83558,18.66528],[-91.83706,18.66521],[-91.83824,18.6651],[-91.83899,18.66497],[-91.83937,18.66485],[-91.84047,18.66454],[-91.84134,18.66426],[-91.84164,18.66409],[-91.84188,18.6639],[-91.84188,18.6639],[-91.8421,18.66368],[-91.84222,18.6634],[-91.84423,18.6616],[-91.84514,18.66078],[-91.84706,18.65866],[-91.8503,18.65533],[-91.85144,18.65414],[-91.85228,18.65469],[-91.85228,18.65469],[-91.85386,18.6527],[-91.85395,18.6526],[-91.85455,18.65191],[-91.85495,18.65138],[-91.8551,18.65116],[-91.8551,18.65116],[-91.85504,18.65108],[-91.85504,18.65108],[-91.85498,18.65102],[-91.85498,18.65102],[-91.85489,18.65101],[-91.85489,18.65101],[-91.85425,18.65179],[-91.85365,18.65254],[-91.85287,18.65351],[-91.85287,18.65351],[-91.85158,18.65257],[-91.85158,18.65257],[-91.85158,18.65257],[-91.85269,18.65117],[-91.85271,18.65115],[-91.85271,18.65115],[-91.85209,18.65026],[-91.85041,18.64788],[-91.85041,18.64788],[-91.8501,18.64801],[-91.85,18.64804],[-91.84947,18.64822],[-91.84945,18.64821],[-91.84943,18.64819],[-91.84918,18.64803],[-91.84877,18.64777],[-91.84876,18.64776],[-91.84836,18.6475],[-91.84816,18.64737],[-91.84816,18.64737],[-91.84816,18.64737],[-91.84816,18.64736],[-91.84818,18.64735],[-91.84828,18.64718],[-91.84828,18.64718],[-91.8484,18.64712],[-91.84844,18.6471],[-91.84886,18.64691],[-91.8502,18.64627],[-91.85075,18.64647],[-91.85092,18.64653],[-91.85142,18.64669],[-91.85257,18.64706],[-91.8537,18.64743],[-91.8537,18.64743],[-91.85371,18.64746],[-91.85371,18.64746],[-91.85394,18.64753],[-91.854,18.64749],[-91.854,18.64749],[-91.85406,18.64743],[-91.85406,18.64743],[-91.85407,18.64735],[-91.85404,18.64728],[-91.85404,18.64728],[-91.85381,18.64718],[-91.85379,18.64719],[-91.85378,18.6472],[-91.85378,18.6472],[-91.85144,18.64645],[-91.85092,18.6463],[-91.85034,18.64609],[-91.85031,18.64608],[-91.85027,18.64607],[-91.8502,18.64605],[-91.85009,18.64608],[-91.84955,18.64634],[-91.84946,18.64638],[-91.84872,18.64674],[-91.84831,18.64692],[-91.84831,18.64692],[-91.84829,18.64696],[-91.84828,18.64699],[-91.84826,18.64707],[-91.84826,18.64707],[-91.84801,18.64725],[-91.848,18.64724],[-91.84703,18.6465],[-91.84703,18.6465],[-91.84703,18.6465],[-91.84703,18.6465],[-91.84738,18.64599],[-91.8474,18.64596],[-91.8474,18.64596],[-91.8474,18.64596],[-91.84705,18.64575],[-91.84704,18.64574],[-91.84704,18.64574],[-91.84704,18.64574],[-91.84752,18.64504],[-91.84752,18.64504],[-91.84752,18.64504],[-91.84751,18.64503],[-91.84711,18.6448],[-91.8471,18.64481],[-91.84708,18.64482],[-91.84708,18.64482],[-91.84628,18.64433],[-91.84628,18.64433],[-91.84604,18.64466],[-91.84584,18.64494],[-91.84582,18.64497],[-91.84582,18.64497],[-91.84582,18.64497],[-91.84582,18.64497],[-91.84591,18.64503],[-91.84591,18.64503],[-91.84591,18.64503],[-91.8459,18.64505],[-91.84586,18.64512],[-91.84535,18.64587],[-91.84535,18.64588],[-91.84535,18.64588],[-91.84535,18.64599],[-91.84535,18.64599],[-91.84534,18.64599],[-91.84534,18.64601],[-91.84534,18.64602],[-91.84534,18.64602],[-91.84525,18.64614],[-91.84525,18.64614],[-91.84474,18.64653],[-91.844,18.64707],[-91.844,18.64707],[-91.844,18.64707],[-91.84399,18.64706],[-91.84373,18.64678],[-91.84373,18.64678],[-91.84367,18.64671],[-91.84363,18.64666],[-91.84363,18.64666],[-91.84363,18.64666],[-91.84372,18.64659],[-91.84372,18.64659],[-91.84377,18.64655],[-91.84377,18.64655],[-91.84384,18.64649],[-91.84388,18.64645],[-91.84389,18.64642],[-91.84389,18.64642],[-91.84389,18.64642],[-91.84391,18.64638],[-91.84392,18.64634],[-91.84392,18.64634],[-91.84387,18.64621],[-91.84386,18.64616],[-91.8438,18.64594],[-91.84379,18.64591],[-91.84372,18.64571],[-91.84368,18.64564],[-91.84368,18.64564],[-91.84368,18.64564],[-91.84368,18.64553],[-91.84371,18.64543],[-91.84371,18.64543],[-91.84372,18.64543],[-91.8438,18.64542],[-91.84383,18.6454],[-91.84383,18.6454],[-91.84383,18.6454],[-91.84378,18.64533],[-91.84378,18.64533],[-91.84374,18.64523],[-91.84371,18.64509],[-91.84371,18.64509],[-91.84371,18.64509],[-91.84377,18.64504],[-91.84377,18.64504],[-91.84393,18.64498],[-91.84393,18.64498],[-91.84393,18.64498],[-91.8441,18.64476],[-91.8441,18.64476],[-91.8442,18.64468],[-91.8442,18.64468],[-91.84421,18.64467],[-91.84421,18.64467],[-91.84423,18.64463],[-91.84426,18.64457],[-91.84426,18.64457],[-91.84426,18.64457],[-91.84436,18.64451],[-91.84439,18.64448],[-91.8445,18.64448],[-91.8445,18.64448],[-91.84452,18.64456],[-91.84453,18.64457],[-91.84453,18.64457],[-91.84461,18.64453],[-91.84461,18.64452],[-91.84461,18.64452],[-91.84461,18.64452],[-91.84459,18.64443],[-91.84459,18.64443],[-91.84441,18.64444],[-91.8444,18.64445],[-91.84439,18.64442],[-91.84425,18.64413],[-91.84413,18.64392],[-91.84413,18.64392],[-91.84392,18.64355],[-91.84392,18.64355],[-91.84388,18.64349],[-91.84388,18.64349],[-91.84388,18.64349],[-91.84389,18.64348],[-91.84392,18.6434],[-91.84392,18.6434],[-91.84397,18.64337],[-91.84426,18.64318],[-91.84432,18.64317],[-91.84459,18.64342],[-91.84468,18.64333],[-91.8444,18.64305],[-91.84434,18.64299],[-91.84432,18.64302],[-91.84429,18.64304],[-91.84428,18.64305],[-91.84422,18.64312],[-91.84422,18.64312],[-91.84393,18.64329],[-91.84392,18.64328],[-91.84391,18.64324],[-91.84391,18.64324],[-91.84397,18.64313],[-91.84397,18.64313],[-91.8439,18.643],[-91.8439,18.643],[-91.8439,18.643],[-91.84402,18.64287],[-91.84402,18.64287],[-91.84403,18.64286],[-91.84403,18.64286],[-91.84404,18.64287],[-91.84405,18.64288],[-91.84406,18.64289],[-91.84406,18.64289],[-91.84408,18.64288],[-91.84413,18.64283],[-91.84413,18.64283],[-91.84412,18.64283],[-91.84412,18.64283],[-91.84401,18.64271],[-91.84401,18.64271],[-91.84401,18.64271],[-91.84369,18.64299],[-91.84369,18.64299],[-91.84368,18.64299],[-91.84365,18.64299],[-91.84364,18.64299],[-91.84359,18.64299],[-91.84359,18.64299],[-91.84357,18.643],[-91.84357,18.643],[-91.84357,18.643],[-91.84356,18.64302],[-91.84355,18.64302],[-91.84353,18.64305],[-91.84325,18.64337],[-91.84317,18.64329],[-91.84344,18.64301],[-91.84345,18.643],[-91.84352,18.64293],[-91.84347,18.64289],[-91.84341,18.64295],[-91.84323,18.64314],[-91.8431,18.64328],[-91.84302,18.64319],[-91.84312,18.64305],[-91.84325,18.64289],[-91.8433,18.64281],[-91.84332,18.64279],[-91.8435,18.64251],[-91.84361,18.64236],[-91.84362,18.64235],[-91.84362,18.64235],[-91.84363,18.64234],[-91.84373,18.64227],[-91.84376,18.64225],[-91.84382,18.6422],[-91.84382,18.6422],[-91.84392,18.64212],[-91.84392,18.64212],[-91.84392,18.64212],[-91.84391,18.64211],[-91.84391,18.64211],[-91.84391,18.64211],[-91.84391,18.64211],[-91.84389,18.64208],[-91.84389,18.64208],[-91.84374,18.6422],[-91.84366,18.64226],[-91.84365,18.64226],[-91.84364,18.64227],[-91.84361,18.64229],[-91.84361,18.64229],[-91.84356,18.64234],[-91.84318,18.64288],[-91.84318,18.64288],[-91.84307,18.64287],[-91.84305,18.64287],[-91.84293,18.64285],[-91.84292,18.64284],[-91.84282,18.64276],[-91.84276,18.64275],[-91.84275,18.64275],[-91.84275,18.64275],[-91.84257,18.64263],[-91.84257,18.64263],[-91.84257,18.64263],[-91.84257,18.64263],[-91.84287,18.64224],[-91.8429,18.64219],[-91.8429,18.64219],[-91.8429,18.64219],[-91.84291,18.64219],[-91.84291,18.64219],[-91.84297,18.64223],[-91.84297,18.64223],[-91.84298,18.64223],[-91.84298,18.64222],[-91.84307,18.64206],[-91.84307,18.64206],[-91.84302,18.64203],[-91.84301,18.64202],[-91.84301,18.64202],[-91.84301,18.64202],[-91.84302,18.64201],[-91.84317,18.64182],[-91.8433,18.64165],[-91.8433,18.64165],[-91.8433,18.64165],[-91.84331,18.64165],[-91.84332,18.64165],[-91.84336,18.64165],[-91.84338,18.64164],[-91.84339,18.64164],[-91.84349,18.64172],[-91.84356,18.64177],[-91.84363,18.64183],[-91.84363,18.64183],[-91.84363,18.64183],[-91.84367,18.64177],[-91.84367,18.64177],[-91.84366,18.64176],[-91.84366,18.64176],[-91.84365,18.64176],[-91.84305,18.64135],[-91.84305,18.64135],[-91.84304,18.64135],[-91.84301,18.64138],[-91.843,18.64139],[-91.843,18.64139],[-91.843,18.64139],[-91.84304,18.64142],[-91.84324,18.64157],[-91.84324,18.64157],[-91.84324,18.64157],[-91.84325,18.64159],[-91.84327,18.64163],[-91.84327,18.64163],[-91.84298,18.642],[-91.84298,18.642],[-91.8429,18.64196],[-91.8429,18.64196],[-91.84279,18.64209],[-91.84278,18.64209],[-91.84278,18.64209],[-91.84278,18.64209],[-91.84278,18.64209],[-91.84284,18.64214],[-91.84285,18.64215],[-91.84286,18.64216],[-91.84286,18.64216],[-91.84249,18.64264],[-91.84249,18.64264],[-91.84236,18.64259],[-91.84235,18.64259],[-91.84234,18.64259],[-91.84232,18.6426],[-91.84227,18.6426],[-91.84225,18.64261],[-91.84217,18.64262],[-91.84207,18.6426],[-91.84207,18.6426],[-91.84207,18.64262],[-91.84204,18.64265],[-91.84204,18.64265],[-91.84178,18.64252],[-91.84178,18.64252],[-91.84178,18.64252],[-91.8418,18.64246],[-91.84181,18.64243],[-91.84181,18.64242],[-91.84182,18.6424],[-91.84182,18.6424],[-91.8418,18.64239],[-91.84179,18.64239],[-91.84177,18.64238],[-91.84177,18.64238],[-91.84177,18.64238],[-91.84183,18.64225],[-91.84183,18.64225],[-91.84183,18.64225],[-91.8418,18.64225],[-91.8418,18.64225],[-91.84175,18.64237],[-91.84174,18.64238],[-91.84174,18.64238],[-91.84173,18.64238],[-91.8417,18.64242],[-91.8417,18.64242],[-91.84133,18.6422],[-91.84133,18.6422],[-91.84133,18.6422],[-91.84137,18.64213],[-91.8416,18.64179],[-91.84175,18.64158],[-91.84176,18.64157],[-91.84176,18.64157],[-91.84176,18.64157],[-91.84176,18.64157],[-91.8417,18.64154],[-91.8417,18.64154],[-91.84164,18.6416],[-91.84164,18.6416],[-91.84164,18.6416],[-91.84167,18.64162],[-91.84167,18.64162],[-91.84135,18.64211],[-91.84132,18.64215],[-91.84131,18.64216],[-91.84131,18.64216],[-91.84127,18.64214],[-91.84122,18.64212],[-91.84098,18.64188],[-91.84098,18.64188],[-91.84098,18.64188],[-91.84098,18.64186],[-91.84098,18.64186],[-91.84098,18.64184],[-91.84098,18.64184],[-91.84098,18.64181],[-91.84102,18.64176],[-91.84102,18.64175],[-91.84102,18.64175],[-91.84102,18.64175],[-91.84102,18.64175],[-91.84102,18.64175],[-91.84102,18.64175],[-91.84102,18.64175],[-91.84099,18.64172],[-91.84099,18.64172],[-91.84099,18.64172],[-91.84117,18.64155],[-91.84143,18.6413],[-91.84152,18.64121],[-91.84155,18.64119],[-91.84155,18.64119],[-91.84154,18.64118],[-91.84151,18.64115],[-91.84151,18.64115],[-91.84151,18.64115],[-91.84151,18.64115],[-91.84152,18.64113],[-91.84152,18.64113],[-91.84149,18.64111],[-91.84149,18.64111],[-91.84136,18.64125],[-91.84099,18.6416],[-91.84099,18.6416],[-91.84083,18.64145],[-91.84083,18.64145],[-91.84076,18.64138],[-91.84076,18.64138],[-91.84071,18.64143],[-91.8407,18.64143],[-91.84069,18.64144],[-91.84055,18.64128],[-91.84055,18.64128],[-91.84049,18.64124],[-91.84043,18.64121],[-91.84043,18.64121],[-91.84036,18.64125],[-91.8403,18.64128],[-91.84023,18.64124],[-91.84023,18.64124],[-91.84023,18.64124],[-91.84026,18.64122],[-91.84027,18.64122],[-91.8403,18.6412],[-91.84063,18.64099],[-91.84063,18.64099],[-91.84063,18.64099],[-91.8406,18.64097],[-91.84026,18.64117],[-91.84024,18.64118],[-91.84022,18.64119],[-91.8402,18.6412],[-91.84005,18.64107],[-91.84005,18.64107],[-91.84005,18.64107],[-91.84006,18.64105],[-91.84008,18.64104],[-91.8401,18.64101],[-91.84017,18.64092],[-91.84017,18.64092],[-91.84015,18.64084],[-91.84015,18.64084],[-91.83991,18.64077],[-91.83989,18.64076],[-91.83974,18.64066],[-91.83972,18.64065],[-91.83972,18.64065],[-91.83972,18.64065],[-91.83972,18.64065],[-91.83974,18.64063],[-91.83978,18.64054],[-91.83978,18.64054],[-91.83978,18.64054],[-91.83975,18.64053],[-91.83975,18.64053],[-91.83968,18.64049],[-91.83968,18.64049],[-91.83968,18.64049],[-91.83969,18.64048],[-91.8397,18.64047],[-91.83979,18.64036],[-91.83979,18.64036],[-91.83971,18.64029],[-91.83971,18.64029],[-91.83971,18.64029],[-91.83968,18.64032],[-91.83968,18.64032],[-91.83968,18.64032],[-91.83974,18.64038],[-91.83974,18.64038],[-91.83963,18.6405],[-91.83963,18.64051],[-91.83961,18.64052],[-91.8396,18.64053],[-91.8396,18.64053],[-91.83952,18.64049],[-91.83908,18.64025],[-91.83907,18.64024],[-91.83907,18.64024],[-91.83892,18.64007],[-91.83892,18.64007],[-91.83888,18.64006],[-91.83886,18.64006],[-91.83885,18.64006],[-91.83878,18.63997],[-91.83878,18.63997],[-91.83864,18.63978],[-91.83864,18.63978],[-91.83855,18.63967],[-91.83855,18.63967],[-91.83855,18.63966],[-91.83855,18.63966],[-91.83855,18.63966],[-91.83855,18.6396],[-91.83855,18.63959],[-91.83855,18.63959],[-91.83847,18.63953],[-91.83847,18.63953],[-91.83847,18.63944],[-91.83844,18.63927],[-91.83844,18.63924],[-91.83842,18.63918],[-91.83841,18.63913],[-91.83841,18.63913],[-91.83836,18.63904],[-91.83834,18.63897],[-91.83833,18.63895],[-91.8383,18.6389],[-91.8383,18.6389],[-91.83828,18.63886],[-91.83828,18.63886],[-91.83827,18.63876],[-91.83826,18.6387],[-91.83826,18.6387],[-91.83827,18.63867],[-91.83828,18.63865],[-91.83828,18.63863],[-91.83829,18.63857],[-91.83829,18.63857],[-91.83829,18.6385],[-91.83829,18.63845],[-91.83829,18.63843],[-91.83828,18.63841],[-91.83828,18.63841],[-91.83826,18.63835],[-91.83824,18.63833],[-91.83824,18.63833],[-91.8382,18.63826],[-91.8382,18.63826],[-91.8382,18.63826],[-91.8382,18.63826],[-91.8382,18.63825],[-91.83822,18.63823],[-91.83822,18.63823],[-91.83819,18.6382],[-91.83817,18.63821],[-91.83816,18.63822],[-91.83816,18.63822],[-91.83808,18.63817],[-91.83796,18.63811],[-91.83785,18.63808],[-91.83778,18.63806],[-91.83753,18.63776],[-91.83753,18.63776],[-91.83749,18.6377],[-91.83749,18.6377],[-91.83749,18.6377],[-91.83749,18.6377],[-91.83749,18.6377],[-91.83749,18.6377],[-91.8375,18.6377],[-91.83753,18.63768],[-91.83754,18.63768],[-91.83768,18.63763],[-91.8378,18.6376],[-91.8378,18.6376],[-91.83784,18.63764],[-91.83788,18.63768],[-91.83795,18.6377],[-91.83803,18.6377],[-91.83811,18.63767],[-91.83811,18.63767],[-91.83812,18.63766],[-91.83815,18.63762],[-91.83817,18.63757],[-91.83818,18.63753],[-91.83818,18.63753],[-91.83811,18.63735],[-91.83811,18.63735],[-91.83804,18.63731],[-91.83799,18.63729],[-91.83795,18.63729],[-91.83789,18.6373],[-91.83785,18.63732],[-91.83785,18.63732],[-91.8378,18.63737],[-91.83779,18.63739],[-91.83778,18.63741],[-91.83778,18.63745],[-91.83778,18.63745],[-91.83778,18.63749],[-91.83778,18.63749],[-91.83778,18.63749],[-91.83778,18.63752],[-91.83778,18.63752],[-91.83777,18.63752],[-91.83745,18.63763],[-91.83744,18.63763],[-91.83726,18.63737],[-91.83726,18.63737],[-91.83723,18.63733],[-91.83723,18.63733],[-91.83722,18.63729],[-91.8372,18.63726],[-91.83717,18.63721],[-91.83717,18.63721],[-91.83716,18.6372],[-91.83716,18.6372],[-91.83712,18.63716],[-91.83712,18.63716],[-91.83704,18.63707],[-91.83704,18.63707],[-91.83703,18.63706],[-91.83703,18.63706],[-91.83703,18.63706],[-91.83703,18.63706],[-91.83703,18.63705],[-91.83707,18.63701],[-91.83709,18.63699],[-91.83709,18.63699],[-91.83698,18.63688],[-91.83698,18.63688],[-91.83698,18.63688],[-91.83698,18.63688],[-91.83698,18.63688],[-91.837,18.63687],[-91.837,18.63687],[-91.837,18.63687],[-91.83696,18.63683],[-91.83696,18.63683],[-91.83621,18.63606],[-91.83621,18.63606],[-91.83619,18.63605],[-91.83619,18.63605],[-91.83619,18.63605],[-91.83623,18.63602],[-91.83635,18.6359],[-91.83635,18.6359],[-91.83638,18.63593],[-91.83638,18.63593],[-91.83638,18.63593],[-91.83643,18.63589],[-91.83643,18.63589],[-91.83636,18.63581],[-91.83636,18.63581],[-91.83636,18.63581],[-91.83631,18.63585],[-91.83631,18.63585],[-91.83631,18.63585],[-91.83631,18.63586],[-91.83632,18.63588],[-91.83632,18.63588],[-91.83632,18.63588],[-91.83631,18.63589],[-91.83631,18.63589],[-91.83629,18.63591],[-91.83629,18.63591],[-91.8362,18.63598],[-91.83609,18.63607],[-91.83609,18.63607],[-91.83608,18.63607],[-91.83593,18.6357],[-91.83581,18.63553],[-91.83551,18.63514],[-91.83541,18.63505],[-91.83529,18.63494],[-91.83515,18.63485],[-91.83514,18.63484],[-91.8351,18.63483],[-91.83473,18.63472],[-91.83465,18.63469],[-91.8345,18.63459],[-91.83435,18.63447],[-91.83438,18.63438],[-91.83435,18.63429],[-91.83432,18.63423],[-91.83424,18.63415],[-91.83403,18.63405],[-91.83401,18.63405],[-91.83398,18.63398],[-91.83397,18.63395],[-91.83398,18.63391],[-91.834,18.63388],[-91.834,18.63388],[-91.83397,18.63386],[-91.83397,18.63386],[-91.83397,18.63386],[-91.83388,18.63378],[-91.83388,18.63378],[-91.83385,18.63381],[-91.8338,18.63386],[-91.83379,18.63387],[-91.83379,18.63387],[-91.83359,18.6336],[-91.83359,18.6336],[-91.83359,18.6336],[-91.83359,18.63358],[-91.83361,18.63353],[-91.83361,18.63351],[-91.83361,18.63351],[-91.83358,18.6335],[-91.83352,18.63348],[-91.83351,18.63348],[-91.8335,18.63347],[-91.83341,18.63328],[-91.8334,18.63325],[-91.8334,18.63325],[-91.8334,18.63325],[-91.83341,18.63325],[-91.83343,18.63323],[-91.83358,18.63315],[-91.83358,18.63315],[-91.83358,18.63315],[-91.83353,18.63306],[-91.83353,18.63306],[-91.8335,18.63308],[-91.8335,18.63308],[-91.8335,18.63308],[-91.8335,18.63308],[-91.83354,18.63314],[-91.83354,18.63314],[-91.83354,18.63314],[-91.83341,18.63321],[-91.83341,18.63321],[-91.83332,18.63326],[-91.83329,18.63321],[-91.83329,18.63321],[-91.83329,18.63321],[-91.83329,18.63321],[-91.83329,18.63321],[-91.83337,18.63315],[-91.83337,18.63315],[-91.83337,18.63315],[-91.83337,18.63315],[-91.83337,18.63315],[-91.83334,18.63311],[-91.83324,18.633],[-91.83324,18.633],[-91.8332,18.63303],[-91.83318,18.63303],[-91.83318,18.63304],[-91.83309,18.63296],[-91.83309,18.63296],[-91.83298,18.63287],[-91.83298,18.63287],[-91.83295,18.63275],[-91.83295,18.63274],[-91.83287,18.63264],[-91.83287,18.63264],[-91.83284,18.6326],[-91.83284,18.6326],[-91.83274,18.63243],[-91.83274,18.63243],[-91.83274,18.63243],[-91.83255,18.63227],[-91.83231,18.63207],[-91.83231,18.63207],[-91.83231,18.63207],[-91.83228,18.63203],[-91.83233,18.63197],[-91.83233,18.63197],[-91.83234,18.63196],[-91.83233,18.63195],[-91.83232,18.63196],[-91.83232,18.63196],[-91.83227,18.63202],[-91.83226,18.63201],[-91.83226,18.63201],[-91.83217,18.63192],[-91.83209,18.63192],[-91.83208,18.63192],[-91.83207,18.63191],[-91.83206,18.63191],[-91.83205,18.63191],[-91.83202,18.6319],[-91.832,18.63192],[-91.83198,18.63193],[-91.83197,18.63193],[-91.83196,18.63194],[-91.83186,18.6319],[-91.83178,18.63181],[-91.83178,18.63181],[-91.83176,18.63171],[-91.83176,18.6317],[-91.83175,18.63169],[-91.83175,18.63167],[-91.83175,18.63167],[-91.83166,18.63161],[-91.83164,18.63159],[-91.83156,18.63153],[-91.83146,18.63146],[-91.83145,18.63145],[-91.83144,18.63144],[-91.83144,18.63144],[-91.83144,18.63144],[-91.83145,18.6314],[-91.83147,18.63138],[-91.8315,18.63141],[-91.83195,18.63172],[-91.83203,18.63162],[-91.83166,18.63136],[-91.8312,18.63105],[-91.83118,18.63103],[-91.83111,18.63114],[-91.83133,18.63129],[-91.83142,18.63136],[-91.83141,18.63137],[-91.83141,18.63138],[-91.8314,18.63139],[-91.83138,18.63139],[-91.83137,18.63139],[-91.83114,18.63132],[-91.83098,18.63108],[-91.83059,18.63066],[-91.83059,18.63066],[-91.83059,18.63066],[-91.83059,18.63066],[-91.83059,18.63066],[-91.83058,18.63066],[-91.83038,18.63086],[-91.83035,18.6309],[-91.83035,18.6309],[-91.83025,18.63091],[-91.83025,18.63091],[-91.83014,18.63104],[-91.83014,18.63104],[-91.83013,18.63104],[-91.83013,18.63103],[-91.83004,18.63098],[-91.83004,18.63098],[-91.83004,18.63098],[-91.83013,18.63087],[-91.83013,18.63087],[-91.83013,18.63086],[-91.83013,18.63086],[-91.83013,18.6308],[-91.83013,18.6308],[-91.83013,18.63072],[-91.83014,18.63071],[-91.83014,18.6307],[-91.8303,18.6305],[-91.8303,18.6305],[-91.8303,18.6305],[-91.8303,18.6305],[-91.83025,18.63045],[-91.83025,18.63045],[-91.82999,18.63055],[-91.82989,18.63059],[-91.82989,18.63059],[-91.82978,18.63066],[-91.82977,18.63066],[-91.82971,18.63065],[-91.82967,18.63065],[-91.82956,18.63059],[-91.82949,18.63053],[-91.82946,18.63051],[-91.82942,18.63047],[-91.82941,18.63047],[-91.82927,18.63047],[-91.82926,18.63047],[-91.82926,18.63047],[-91.82924,18.6305],[-91.82922,18.63052],[-91.82921,18.63054],[-91.82921,18.63054],[-91.82921,18.63054],[-91.8292,18.63054],[-91.82908,18.63057],[-91.82896,18.63056],[-91.82882,18.63055],[-91.82869,18.63053],[-91.82856,18.63048],[-91.82856,18.63048],[-91.82856,18.63048],[-91.82856,18.63046],[-91.82857,18.63044],[-91.82857,18.63041],[-91.82857,18.63041],[-91.82854,18.6304],[-91.82854,18.6304],[-91.82854,18.6304],[-91.82862,18.63017],[-91.82862,18.63017],[-91.82863,18.63017],[-91.82867,18.63018],[-91.82867,18.63018],[-91.82868,18.63016],[-91.82868,18.63016],[-91.82864,18.63014],[-91.82861,18.63014],[-91.82861,18.63014],[-91.82861,18.63014],[-91.82865,18.62999],[-91.82865,18.62999],[-91.82872,18.63],[-91.82872,18.63001],[-91.82878,18.62981],[-91.82878,18.62981],[-91.82873,18.62981],[-91.82873,18.62981],[-91.82873,18.62981],[-91.82875,18.62973],[-91.82875,18.62973],[-91.82872,18.62972],[-91.82872,18.62972],[-91.82871,18.62978],[-91.82871,18.62978],[-91.82865,18.62977],[-91.82865,18.62977],[-91.82855,18.63007],[-91.82855,18.63007],[-91.82855,18.63007],[-91.82861,18.63009],[-91.82861,18.63009],[-91.82857,18.63022],[-91.82852,18.63039],[-91.82852,18.63039],[-91.82852,18.63039],[-91.8285,18.63039],[-91.82848,18.63039],[-91.82848,18.63039],[-91.82848,18.6304],[-91.82847,18.63043],[-91.82847,18.63045],[-91.82846,18.63048],[-91.82846,18.63048],[-91.82839,18.63047],[-91.82838,18.63043],[-91.82809,18.63034],[-91.82804,18.63041],[-91.82804,18.63041],[-91.82803,18.63041],[-91.82801,18.63041],[-91.82788,18.63038],[-91.82772,18.63036],[-91.82757,18.63031],[-91.82754,18.63025],[-91.82741,18.63024],[-91.82741,18.63016],[-91.82736,18.63016],[-91.82736,18.63019],[-91.82736,18.63023],[-91.82733,18.63023],[-91.82718,18.63023],[-91.82718,18.63026],[-91.82716,18.63037],[-91.82712,18.63037],[-91.82691,18.63035],[-91.82656,18.63024],[-91.82595,18.63033],[-91.82587,18.6302],[-91.82593,18.63016],[-91.82593,18.63016],[-91.82593,18.63016],[-91.82598,18.63013],[-91.85043,18.61622],[-91.85543,18.61334],[-91.85669,18.61263],[-91.857,18.61279],[-91.85715,18.61286],[-91.8576,18.61306],[-91.85778,18.61314],[-91.85814,18.61327],[-91.8583,18.61331],[-91.85836,18.61332],[-91.8585,18.61336],[-91.8587,18.61343],[-91.85875,18.61345],[-91.85886,18.6135],[-91.8589,18.61351],[-91.85902,18.61352],[-91.85912,18.61355],[-91.85991,18.61373],[-91.86113,18.61401],[-91.86157,18.6141],[-91.8621,18.6142],[-91.8629,18.61434],[-91.86405,18.6145],[-91.86431,18.61452],[-91.8646,18.61456],[-91.86544,18.61469],[-91.86586,18.61475],[-91.86587,18.61476],[-91.86639,18.61481],[-91.8668,18.6149],[-91.86742,18.61497],[-91.86795,18.61507],[-91.86844,18.6152],[-91.86866,18.61526],[-91.86887,18.61531],[-91.86898,18.61534],[-91.86906,18.61535],[-91.86939,18.61539],[-91.86979,18.61546],[-91.87027,18.61555],[-91.87058,18.61562],[-91.87118,18.61572],[-91.87214,18.61594],[-91.87318,18.61622],[-91.87463,18.61655],[-91.87515,18.61668],[-91.87555,18.61677],[-91.87581,18.61686],[-91.87612,18.61692],[-91.87651,18.61705],[-91.87702,18.61718],[-91.87853,18.61774],[-91.87882,18.61788],[-91.87904,18.61796],[-91.87923,18.61808],[-91.87933,18.61813],[-91.87942,18.61817],[-91.87951,18.61821],[-91.87955,18.61823],[-91.87969,18.6183],[-91.87984,18.61838],[-91.87997,18.61844],[-91.8801,18.61851],[-91.88025,18.61859],[-91.8804,18.61866],[-91.8805,18.61872],[-91.88069,18.61883],[-91.88085,18.61892],[-91.88096,18.61897],[-91.88107,18.61903],[-91.88115,18.61907],[-91.88123,18.6191],[-91.88133,18.61915],[-91.8814,18.61918],[-91.88151,18.61926],[-91.88168,18.61934],[-91.88186,18.61944],[-91.88204,18.61952],[-91.88222,18.61961],[-91.88236,18.61968],[-91.88248,18.61973],[-91.88261,18.6198],[-91.88273,18.61986],[-91.88288,18.61993],[-91.88373,18.62031],[-91.88432,18.62064],[-91.88493,18.62095],[-91.88505,18.621],[-91.88515,18.62104],[-91.88528,18.62111],[-91.8854,18.62116],[-91.88548,18.62119],[-91.88556,18.62123],[-91.88564,18.62126],[-91.88572,18.62129],[-91.88579,18.62133],[-91.88589,18.62138],[-91.88598,18.62142],[-91.88608,18.62147],[-91.88618,18.62152],[-91.88625,18.62157],[-91.88632,18.6216],[-91.8864,18.62163],[-91.88648,18.62168],[-91.88655,18.62172],[-91.88773,18.62236],[-91.88809,18.6226],[-91.88872,18.62286],[-91.88968,18.62341],[-91.89086,18.62407],[-91.89136,18.6243],[-91.89226,18.62472],[-91.89237,18.62471],[-91.89262,18.62487],[-91.89323,18.62518],[-91.89486,18.62613],[-91.89513,18.62635],[-91.89516,18.62636],[-91.8952,18.62639],[-91.89524,18.62641],[-91.89526,18.62642],[-91.8953,18.62644],[-91.89535,18.62647],[-91.89536,18.62647],[-91.89537,18.62648],[-91.89544,18.62651],[-91.8955,18.62655],[-91.8955,18.62655],[-91.89554,18.62658],[-91.8956,18.6266],[-91.89565,18.62664],[-91.89572,18.62668],[-91.89573,18.62669],[-91.89576,18.6267],[-91.8958,18.62674],[-91.89581,18.62675],[-91.89584,18.62678],[-91.89589,18.6268],[-91.8959,18.62681],[-91.89595,18.62683],[-91.896,18.62687],[-91.89605,18.6269],[-91.8961,18.62696],[-91.89613,18.62698],[-91.89616,18.627],[-91.89622,18.62706],[-91.89627,18.62709],[-91.89634,18.62712],[-91.89635,18.62713],[-91.8964,18.62716],[-91.89641,18.62717],[-91.89645,18.62719],[-91.89651,18.62723],[-91.89652,18.62724],[-91.89699,18.62755],[-91.89765,18.628],[-91.89816,18.62838],[-91.89867,18.62876],[-91.89929,18.62916],[-91.90014,18.62968],[-91.90088,18.63016],[-91.90177,18.63084],[-91.90256,18.63144],[-91.90355,18.63217],[-91.9043,18.63283],[-91.90502,18.63333],[-91.90592,18.63402],[-91.90628,18.6344],[-91.90672,18.6347],[-91.90721,18.63508],[-91.90805,18.6358],[-91.90848,18.63618],[-91.90942,18.63692],[-91.91012,18.63752],[-91.91075,18.63801],[-91.91174,18.63892],[-91.91289,18.63997],[-91.91391,18.64096],[-91.91492,18.64199],[-91.91547,18.64294],[-91.91557,18.64326],[-91.9158,18.64358],[-91.91599,18.64376],[-91.91623,18.644],[-91.91639,18.64426],[-91.91694,18.64535],[-91.91736,18.64647],[-91.91736,18.64648],[-91.91774,18.64714],[-91.91802,18.64764],[-91.91815,18.64803],[-91.91827,18.64851],[-91.9184,18.64896],[-91.91854,18.64938],[-91.91868,18.64988],[-91.9187,18.65027],[-91.91868,18.6504],[-91.91871,18.65065],[-91.9188,18.65094],[-91.91916,18.65133],[-91.91924,18.65165],[-91.91932,18.65199],[-91.91932,18.65211],[-91.91943,18.65257],[-91.91994,18.65366],[-91.92054,18.65494],[-91.92117,18.65565],[-91.9216,18.65663],[-91.922,18.65852],[-91.92209,18.65914],[-91.92247,18.65987],[-91.92288,18.66058],[-91.92324,18.66114],[-91.92369,18.66173],[-91.92409,18.66214],[-91.92424,18.66226],[-91.92477,18.66293],[-91.92512,18.66358],[-91.92553,18.66436],[-91.92603,18.66526],[-91.92655,18.6659],[-91.92674,18.66603],[-91.92685,18.66613],[-91.9269,18.66627],[-91.92692,18.66644],[-91.92691,18.66652],[-91.92691,18.66662],[-91.92699,18.6668],[-91.92745,18.66744],[-91.92782,18.66776],[-91.92842,18.66866],[-91.929,18.66954],[-91.92955,18.67021],[-91.93036,18.67087],[-91.93134,18.6718],[-91.93185,18.67229],[-91.93244,18.67275],[-91.93303,18.67321],[-91.93367,18.67378],[-91.93428,18.67428],[-91.9353,18.67507],[-91.93575,18.67545],[-91.93642,18.67595],[-91.9372,18.67653],[-91.93787,18.67705],[-91.9383,18.67748],[-91.93878,18.67795],[-91.93927,18.67826],[-91.93952,18.67848],[-91.93992,18.67907],[-91.94053,18.67991],[-91.94105,18.68052],[-91.94133,18.6808],[-91.94168,18.68133],[-91.94247,18.68217],[-91.94396,18.68385],[-91.94423,18.68417],[-91.94562,18.68586],[-91.94602,18.68645],[-91.94641,18.68688],[-91.94692,18.68745],[-91.94748,18.68812],[-91.94793,18.68875],[-91.94815,18.68909],[-91.94829,18.68926],[-91.94831,18.68929],[-91.94834,18.68932],[-91.94853,18.6895],[-91.94883,18.68987],[-91.94917,18.69031],[-91.94936,18.69059],[-91.94952,18.69087],[-91.94971,18.69109],[-91.94993,18.69153],[-91.95039,18.69216],[-91.95095,18.69291],[-91.95122,18.69316],[-91.95145,18.69323],[-91.95153,18.69325],[-91.95157,18.69329],[-91.95187,18.69358],[-91.95192,18.69367],[-91.95233,18.69406],[-91.95243,18.69397],[-91.95288,18.69423],[-91.95321,18.69443],[-91.95374,18.69493],[-91.95454,18.69527],[-91.95659,18.69583],[-91.95756,18.69589],[-91.95792,18.69593],[-91.95842,18.69595],[-91.95883,18.69602],[-91.95965,18.69616],[-91.96114,18.6965],[-91.96196,18.69671],[-91.96218,18.69678],[-91.9629,18.69703],[-91.9642,18.69736],[-91.96586,18.69773],[-91.9677,18.69813],[-91.9711,18.69879],[-91.97296,18.69912],[-91.97596,18.69936],[-91.97838,18.69946],[-91.97995,18.69933],[-91.98307,18.69946],[-91.98454,18.69943],[-91.98751,18.69932],[-91.9902,18.69933],[-91.99141,18.69927],[-91.99447,18.69916],[-91.99728,18.6989],[-91.99823,18.69896],[-92.00264,18.69893],[-92.0052,18.69899],[-92.00745,18.69886],[-92.00912,18.69878],[-92.01102,18.69862],[-92.01323,18.69862],[-92.01588,18.69836],[-92.01801,18.69815],[-92.01926,18.69801],[-92.02094,18.69788],[-92.02232,18.69794],[-92.02395,18.69791],[-92.02532,18.69774],[-92.02714,18.69781],[-92.02871,18.6976],[-92.029,18.69737],[-92.02934,18.69727],[-92.03023,18.6975],[-92.03109,18.69769],[-92.0317,18.69785],[-92.03237,18.69806],[-92.03329,18.69811],[-92.03411,18.69812],[-92.03489,18.69802],[-92.03591,18.69763],[-92.03696,18.69724],[-92.03825,18.69712],[-92.03942,18.69717],[-92.04235,18.69697],[-92.04376,18.69682],[-92.04598,18.69639],[-92.0486,18.69599],[-92.05037,18.69581],[-92.05222,18.69554],[-92.05524,18.695],[-92.05762,18.69441],[-92.06019,18.69396],[-92.06436,18.69312],[-92.07075,18.69334],[-92.07294,18.69286],[-92.07741,18.69257],[-92.081,18.69243],[-92.08393,18.69276],[-92.08591,18.69333],[-92.08876,18.69359],[-92.09545,18.69302],[-92.1033,18.69219],[-92.10863,18.69143],[-92.11153,18.69107],[-92.11379,18.69053],[-92.11827,18.68995],[-92.12169,18.68969],[-92.12372,18.68957],[-92.12624,18.68957],[-92.1309,18.68891],[-92.13498,18.68889],[-92.13678,18.68906],[-92.13823,18.6891],[-92.14087,18.68899],[-92.14399,18.68894],[-92.14593,18.68905],[-92.14695,18.68896],[-92.15108,18.68807],[-92.15553,18.68746],[-92.15931,18.68707],[-92.16244,18.68648],[-92.16373,18.68629],[-92.16383,18.68639],[-92.16454,18.68698],[-92.1649,18.68718],[-92.16508,18.68718],[-92.16515,18.68702],[-92.16511,18.68684],[-92.16487,18.68673],[-92.16472,18.68664],[-92.16487,18.6864],[-92.16521,18.68618],[-92.16591,18.68591],[-92.16608,18.68595],[-92.16642,18.68582],[-92.16663,18.68572],[-92.16704,18.68587],[-92.16763,18.68611],[-92.16759,18.68616],[-92.1673,18.68649],[-92.16729,18.68651],[-92.16726,18.68667],[-92.16742,18.68676],[-92.16746,18.68676],[-92.16766,18.68662],[-92.16781,18.68643],[-92.168,18.68611],[-92.16865,18.68593],[-92.16989,18.68587],[-92.17031,18.68592],[-92.18245,18.68494],[-92.19476,18.68367],[-92.20963,18.68214],[-92.23088,18.67965],[-92.2315,18.67963],[-92.23312,18.6796],[-92.23658,18.67929],[-92.2395,18.67926],[-92.24079,18.67928],[-92.24396,18.67921],[-92.24706,18.67899],[-92.24966,18.67848],[-92.25182,18.67818],[-92.25449,18.67784],[-92.25573,18.67774],[-92.25632,18.67773],[-92.25738,18.67773],[-92.25821,18.67764],[-92.25904,18.67756],[-92.25969,18.67744],[-92.2605,18.67735],[-92.26126,18.67719],[-92.26254,18.67708],[-92.26338,18.67693],[-92.26431,18.67674],[-92.26528,18.6766],[-92.26629,18.67643],[-92.26754,18.67636],[-92.26813,18.67636],[-92.26938,18.67638],[-92.26961,18.67651],[-92.27007,18.67663],[-92.27106,18.67667],[-92.2719,18.67646],[-92.27261,18.67631],[-92.27321,18.67632],[-92.27359,18.67617],[-92.27403,18.67604],[-92.27439,18.67603],[-92.27468,18.6759],[-92.27487,18.67568],[-92.27511,18.67553],[-92.27535,18.67547],[-92.2755,18.67551],[-92.27586,18.67554],[-92.27677,18.67551],[-92.27742,18.67548],[-92.27797,18.6753],[-92.27944,18.67508],[-92.28022,18.67498],[-92.28115,18.67485],[-92.28176,18.67468],[-92.28254,18.67462],[-92.28312,18.67454],[-92.28313,18.67454],[-92.28313,18.67454],[-92.28327,18.67452],[-92.28348,18.67449],[-92.28419,18.67434],[-92.28485,18.67421],[-92.28485,18.67421],[-92.28495,18.67423],[-92.28495,18.67423],[-92.28535,18.67414],[-92.28535,18.67414],[-92.28558,18.67418],[-92.28558,18.67418],[-92.28598,18.67411],[-92.28598,18.67411],[-92.28606,18.67412],[-92.28606,18.67412],[-92.28689,18.6741],[-92.28745,18.67403],[-92.28823,18.67393],[-92.28843,18.6739],[-92.28843,18.6739],[-92.28865,18.67391],[-92.28865,18.67391],[-92.28872,18.6739],[-92.28916,18.6739],[-92.28916,18.6739],[-92.28916,18.6739],[-92.28943,18.67385],[-92.28976,18.67379],[-92.28976,18.67379],[-92.28994,18.67381],[-92.28994,18.67381],[-92.29069,18.67373],[-92.29116,18.67371],[-92.29166,18.67369],[-92.29226,18.67369],[-92.29226,18.67369],[-92.29299,18.67365],[-92.29388,18.67361],[-92.29388,18.67361],[-92.2943,18.67361],[-92.2943,18.67361],[-92.29511,18.67349],[-92.29616,18.67347],[-92.29757,18.67331],[-92.29885,18.67331],[-92.29885,18.67331],[-92.29894,18.67333],[-92.29894,18.67333],[-92.29937,18.6733],[-92.29952,18.67329],[-92.30019,18.67322],[-92.30078,18.67321],[-92.30118,18.67319],[-92.30157,18.67318],[-92.30157,18.67318],[-92.30209,18.6732],[-92.30209,18.6732],[-92.30225,18.67319],[-92.30292,18.6732],[-92.30292,18.6732],[-92.30292,18.6732],[-92.30328,18.67317],[-92.3038,18.6731],[-92.30635,18.67291],[-92.30635,18.67291],[-92.30669,18.67292],[-92.30669,18.67292],[-92.30701,18.67291],[-92.30728,18.67291],[-92.30785,18.67287],[-92.30798,18.67287],[-92.30798,18.67287],[-92.30815,18.67287],[-92.30815,18.67287],[-92.30822,18.67284],[-92.30848,18.67282],[-92.30874,18.67279],[-92.30874,18.67279],[-92.30899,18.67282],[-92.30899,18.67282],[-92.30926,18.67279],[-92.30948,18.67279],[-92.30965,18.67276],[-92.30985,18.67276],[-92.30985,18.67276],[-92.31005,18.67278],[-92.31005,18.67278],[-92.31036,18.67276],[-92.31083,18.67275],[-92.31094,18.67275],[-92.31094,18.67275],[-92.31127,18.67277],[-92.31127,18.67277],[-92.31161,18.67271],[-92.3119,18.6727],[-92.31207,18.6727],[-92.31239,18.67269],[-92.31239,18.67269],[-92.31266,18.67271],[-92.31266,18.67271],[-92.31289,18.67266],[-92.31289,18.67266],[-92.31317,18.67268],[-92.31317,18.67268],[-92.3136,18.67266],[-92.3136,18.67266],[-92.31377,18.67267],[-92.31377,18.67267],[-92.31406,18.67265],[-92.31427,18.67263],[-92.31427,18.67263],[-92.31446,18.67264],[-92.31472,18.67268],[-92.31472,18.67268],[-92.31496,18.67263],[-92.31518,18.67262],[-92.31518,18.67262],[-92.3156,18.67266],[-92.31565,18.67266],[-92.31565,18.67266],[-92.31565,18.67266],[-92.31582,18.67265],[-92.31595,18.67264],[-92.31643,18.67258],[-92.31647,18.67257],[-92.3166,18.67253],[-92.31687,18.67251],[-92.31687,18.67251],[-92.31714,18.67252],[-92.31715,18.67252],[-92.31722,18.67251],[-92.31746,18.67249],[-92.31789,18.67248],[-92.31819,18.67246],[-92.31819,18.67246],[-92.31855,18.67247],[-92.31855,18.67247],[-92.31873,18.67247],[-92.3188,18.67246],[-92.31903,18.67245],[-92.31921,18.67244],[-92.31946,18.67241],[-92.31979,18.67239],[-92.32014,18.67235],[-92.3203,18.67235],[-92.3203,18.67235],[-92.32048,18.67236],[-92.32049,18.67236],[-92.32066,18.67239],[-92.3208,18.6724],[-92.3208,18.6724],[-92.32093,18.67239],[-92.32107,18.67238],[-92.32126,18.67236],[-92.32148,18.67235],[-92.32168,18.6723],[-92.32188,18.67227],[-92.32189,18.67227],[-92.32205,18.67225],[-92.32205,18.67225],[-92.3221,18.67226],[-92.32223,18.67226],[-92.32243,18.67228],[-92.32243,18.67228],[-92.3226,18.67227],[-92.32306,18.67221],[-92.3232,18.67218],[-92.32342,18.67214],[-92.32377,18.67212],[-92.32377,18.67212],[-92.32402,18.67213],[-92.32408,18.67213],[-92.32427,18.67218],[-92.32448,18.67219],[-92.32448,18.67219],[-92.32455,18.67219],[-92.32481,18.67218],[-92.32481,18.67218],[-92.32504,18.67222],[-92.32504,18.67222],[-92.32515,18.67222],[-92.32529,18.67221],[-92.32546,18.6722],[-92.32563,18.67218],[-92.32569,18.67217],[-92.32578,18.67216],[-92.3259,18.67215],[-92.32601,18.67214],[-92.32606,18.67213],[-92.32631,18.67212],[-92.32631,18.67212],[-92.32643,18.67212],[-92.32643,18.67212],[-92.32652,18.67212],[-92.32652,18.67212],[-92.32707,18.67216],[-92.32732,18.67216],[-92.32732,18.67216],[-92.32761,18.6721],[-92.32786,18.67209],[-92.32811,18.67204],[-92.32848,18.672],[-92.32879,18.672],[-92.32879,18.672],[-92.32905,18.672],[-92.32905,18.672],[-92.32927,18.672],[-92.32927,18.672],[-92.32941,18.67196],[-92.32966,18.67193],[-92.32998,18.67192],[-92.33024,18.67192],[-92.33025,18.67192],[-92.33048,18.67192],[-92.33048,18.67192],[-92.33082,18.6719],[-92.33082,18.6719],[-92.33113,18.67192],[-92.33113,18.67192],[-92.33146,18.67187],[-92.33146,18.67187],[-92.33185,18.67187],[-92.33185,18.67187],[-92.33199,18.67186],[-92.33228,18.67184],[-92.33275,18.67184],[-92.3329,18.67184],[-92.3329,18.67184],[-92.33308,18.67182],[-92.33337,18.67182],[-92.33337,18.67182],[-92.33357,18.67182],[-92.33359,18.67182],[-92.3339,18.6718],[-92.3339,18.6718],[-92.33417,18.67181],[-92.33417,18.67181],[-92.33466,18.67178],[-92.33488,18.67177],[-92.33513,18.67173],[-92.3354,18.67167],[-92.33638,18.67159],[-92.33659,18.67157],[-92.33659,18.67157],[-92.33697,18.67158],[-92.33697,18.67158],[-92.33713,18.67158],[-92.33731,18.67155],[-92.33758,18.67147],[-92.33808,18.67145],[-92.33836,18.67139],[-92.33839,18.67137],[-92.33859,18.67132],[-92.33859,18.67132],[-92.33885,18.67133],[-92.33912,18.67136],[-92.33932,18.67137],[-92.33932,18.67137],[-92.33941,18.67134],[-92.33959,18.67131],[-92.33976,18.67128],[-92.33996,18.67124],[-92.34024,18.67121],[-92.34048,18.67118],[-92.34067,18.67117],[-92.34094,18.67117],[-92.34113,18.67117],[-92.34113,18.67117],[-92.34131,18.67116],[-92.34147,18.67111],[-92.34147,18.67111],[-92.34165,18.67113],[-92.3419,18.67115],[-92.3419,18.67115],[-92.34193,18.67115],[-92.34202,18.67112],[-92.34221,18.67109],[-92.34221,18.67109],[-92.34263,18.67111],[-92.34275,18.67112],[-92.34275,18.67112],[-92.34297,18.67109],[-92.3432,18.67104],[-92.34367,18.67099],[-92.34379,18.67099],[-92.34379,18.67099],[-92.34413,18.67101],[-92.34413,18.67101],[-92.34438,18.671],[-92.34463,18.67096],[-92.3448,18.67096],[-92.34553,18.67089],[-92.34583,18.67088],[-92.34583,18.67088],[-92.34606,18.6709],[-92.34629,18.6709],[-92.34629,18.6709],[-92.34652,18.67088],[-92.34686,18.67088],[-92.34686,18.67088],[-92.3472,18.67087],[-92.34751,18.67086],[-92.34778,18.67085],[-92.34805,18.67081],[-92.34823,18.67077],[-92.34823,18.67077],[-92.34846,18.67078],[-92.34869,18.67078],[-92.34917,18.67072],[-92.3495,18.67072],[-92.34968,18.67069],[-92.34983,18.67067],[-92.35003,18.67066],[-92.35003,18.67066],[-92.35024,18.67066],[-92.35065,18.67059],[-92.35109,18.67057],[-92.35126,18.67054],[-92.3515,18.67054],[-92.3515,18.67054],[-92.35166,18.67053],[-92.35184,18.67051],[-92.35218,18.67048],[-92.35252,18.67042],[-92.35282,18.6704],[-92.3532,18.67041],[-92.3538,18.6704],[-92.35444,18.67033],[-92.35566,18.67021],[-92.35656,18.67013],[-92.35749,18.67003],[-92.3575,18.67003],[-92.3577,18.67003],[-92.35788,18.67001],[-92.35865,18.66997],[-92.35931,18.66989],[-92.35978,18.66989],[-92.36047,18.66983],[-92.36084,18.6698],[-92.36163,18.66978],[-92.36247,18.66973],[-92.36267,18.6697],[-92.363,18.66967],[-92.36323,18.66965],[-92.36341,18.66962],[-92.36341,18.66962],[-92.36359,18.66965],[-92.36359,18.66965],[-92.36377,18.66964],[-92.36407,18.66959],[-92.36442,18.66953],[-92.36463,18.66953],[-92.36497,18.66947],[-92.36513,18.66946],[-92.36548,18.66946],[-92.36548,18.66946],[-92.36581,18.66942],[-92.36608,18.66937],[-92.36645,18.66931],[-92.36693,18.66925],[-92.3673,18.66923],[-92.36746,18.66921],[-92.36746,18.66921],[-92.36782,18.66923],[-92.36782,18.66923],[-92.36805,18.66921],[-92.36822,18.66912],[-92.36842,18.66909],[-92.36842,18.66909],[-92.36864,18.66912],[-92.36864,18.66912],[-92.36886,18.6691],[-92.369,18.66908],[-92.36925,18.66902],[-92.36963,18.66894],[-92.37003,18.66894],[-92.37003,18.66894],[-92.37039,18.66889],[-92.37065,18.66887],[-92.37089,18.66883],[-92.37108,18.66877],[-92.37136,18.66871],[-92.37186,18.66866],[-92.3721,18.66864],[-92.37236,18.66864],[-92.37236,18.66864],[-92.37265,18.6686],[-92.37303,18.66857],[-92.37333,18.66854],[-92.37361,18.66848],[-92.37377,18.6684],[-92.374,18.66832],[-92.3744,18.66827],[-92.37484,18.66825],[-92.37484,18.66825],[-92.37514,18.66827],[-92.37525,18.66827],[-92.37525,18.66827],[-92.37558,18.66819],[-92.37581,18.66806],[-92.37617,18.668],[-92.37672,18.66795],[-92.37672,18.66795],[-92.37701,18.66796],[-92.37701,18.66796],[-92.37723,18.66794],[-92.37759,18.66793],[-92.37787,18.66788],[-92.378,18.6678],[-92.37824,18.66774],[-92.37846,18.66772],[-92.37866,18.66765],[-92.37897,18.6676],[-92.37897,18.6676],[-92.37921,18.66762],[-92.37921,18.66762],[-92.37965,18.66755],[-92.37981,18.66748],[-92.37996,18.66747],[-92.38025,18.66746],[-92.38058,18.6674],[-92.38062,18.66739],[-92.38106,18.6673],[-92.38115,18.66727],[-92.38139,18.66724],[-92.38188,18.66721],[-92.38202,18.66719],[-92.38217,18.66718],[-92.38241,18.66711],[-92.38272,18.66705],[-92.38308,18.66701],[-92.38334,18.66698],[-92.38347,18.66696],[-92.38375,18.66694],[-92.38403,18.66693],[-92.38422,18.66689],[-92.38442,18.66677],[-92.38462,18.6667],[-92.38462,18.6667],[-92.38463,18.66669],[-92.38471,18.66669],[-92.38471,18.66669],[-92.385,18.66668],[-92.3852,18.66665],[-92.38544,18.66665],[-92.38544,18.66665],[-92.38571,18.66665],[-92.38571,18.66665],[-92.38571,18.66665],[-92.38601,18.66664],[-92.38625,18.66659],[-92.38646,18.66657],[-92.38673,18.66652],[-92.38701,18.66646],[-92.38736,18.66638],[-92.38761,18.66636],[-92.38761,18.66636],[-92.38783,18.66636],[-92.38783,18.66636],[-92.38815,18.66634],[-92.38844,18.66632],[-92.38866,18.66628],[-92.38893,18.66619],[-92.3892,18.66614],[-92.3895,18.66608],[-92.38981,18.66604],[-92.39015,18.666],[-92.39034,18.66595],[-92.39072,18.66593],[-92.39084,18.66589],[-92.39116,18.66585],[-92.39164,18.66576],[-92.3921,18.66571],[-92.3922,18.66567],[-92.39245,18.66563],[-92.39248,18.66562],[-92.39273,18.66561],[-92.39319,18.66551],[-92.39325,18.66549],[-92.39353,18.66541],[-92.39389,18.66534],[-92.39416,18.66531],[-92.39433,18.66528],[-92.39474,18.66518],[-92.39509,18.66512],[-92.39537,18.66509],[-92.396,18.66496],[-92.3965,18.66486],[-92.39682,18.6648],[-92.39702,18.66476],[-92.39737,18.66468],[-92.39804,18.66454],[-92.39847,18.66446],[-92.39894,18.66439],[-92.39936,18.66428],[-92.39964,18.66425],[-92.4,18.66419],[-92.40074,18.66406],[-92.40108,18.664],[-92.40138,18.66395],[-92.40185,18.66388],[-92.40206,18.66383],[-92.40239,18.66376],[-92.40275,18.66371],[-92.40303,18.66362],[-92.40328,18.66359],[-92.40357,18.66358],[-92.40412,18.66346],[-92.40418,18.66343],[-92.40441,18.66338],[-92.40468,18.66333],[-92.40495,18.66326],[-92.40523,18.6632],[-92.40558,18.66312],[-92.4058,18.6631],[-92.40601,18.66309],[-92.40621,18.66304],[-92.40667,18.66292],[-92.40695,18.6629],[-92.40723,18.66283],[-92.4076,18.66279],[-92.40797,18.66274],[-92.40821,18.66268],[-92.40854,18.6626],[-92.40866,18.66254],[-92.40913,18.66246],[-92.4096,18.66237],[-92.40996,18.66232],[-92.41052,18.66222],[-92.41065,18.66221],[-92.41096,18.66214],[-92.41136,18.66207],[-92.41187,18.66197],[-92.41225,18.66188],[-92.41263,18.66181],[-92.41271,18.66176],[-92.41288,18.66175],[-92.41353,18.66162],[-92.41404,18.66155],[-92.41429,18.66148],[-92.41459,18.66141],[-92.41494,18.66136],[-92.41518,18.66131],[-92.41534,18.66128],[-92.41566,18.66124],[-92.41582,18.66117],[-92.4162,18.66112],[-92.4165,18.66104],[-92.41705,18.66092],[-92.41728,18.6609],[-92.41752,18.66083],[-92.41777,18.66078],[-92.41816,18.66073],[-92.41841,18.66071],[-92.41865,18.6606],[-92.4189,18.66059],[-92.41918,18.66055],[-92.4194,18.66051],[-92.41979,18.66047],[-92.42015,18.66043],[-92.42029,18.66038],[-92.42052,18.66032],[-92.42092,18.66026],[-92.42106,18.6602],[-92.42114,18.66021],[-92.42126,18.66017],[-92.42146,18.66015],[-92.42166,18.66009],[-92.42188,18.66004],[-92.42221,18.65998],[-92.42248,18.65992],[-92.42279,18.65982],[-92.42315,18.65978],[-92.42343,18.65973],[-92.42376,18.65966],[-92.42396,18.65965],[-92.42438,18.65954],[-92.42524,18.65935],[-92.42595,18.65918],[-92.42646,18.65903],[-92.42695,18.65889],[-92.42759,18.65872],[-92.42793,18.65867],[-92.42836,18.6586],[-92.42899,18.65851],[-92.43063,18.65827],[-92.43097,18.65822],[-92.43136,18.65813],[-92.43158,18.65808],[-92.43185,18.65803],[-92.43209,18.65799],[-92.43243,18.65787],[-92.43269,18.65782],[-92.43299,18.65781],[-92.43317,18.6578],[-92.43333,18.6578],[-92.43352,18.65771],[-92.43383,18.65768],[-92.43458,18.65741],[-92.43475,18.65735],[-92.43504,18.65733],[-92.43555,18.65723],[-92.43586,18.65715],[-92.43621,18.65716],[-92.43646,18.65715],[-92.43674,18.65704],[-92.43732,18.65689],[-92.43754,18.65684],[-92.43775,18.6568],[-92.43811,18.6567],[-92.43845,18.65664],[-92.43874,18.65659],[-92.43909,18.65652],[-92.43939,18.65646],[-92.43994,18.65633],[-92.44007,18.65624],[-92.4402,18.65622],[-92.44066,18.65614],[-92.44088,18.65609],[-92.44116,18.65605],[-92.44144,18.65595],[-92.44184,18.65588],[-92.44221,18.65581],[-92.4428,18.65566],[-92.4432,18.65555],[-92.44365,18.65541],[-92.44411,18.65533],[-92.44461,18.65524],[-92.44555,18.65505],[-92.44585,18.65496],[-92.44642,18.65484],[-92.44694,18.65475],[-92.44734,18.65468],[-92.4478,18.65461],[-92.44823,18.65456],[-92.44848,18.65449],[-92.44904,18.65439],[-92.44943,18.65433],[-92.44987,18.65424],[-92.4502,18.65418],[-92.4507,18.65404],[-92.45105,18.65398],[-92.45155,18.65385],[-92.45195,18.6538],[-92.45261,18.65367],[-92.45313,18.65356],[-92.45401,18.65338],[-92.4545,18.65328],[-92.45476,18.65321],[-92.45505,18.65315],[-92.4554,18.65311],[-92.45582,18.65302],[-92.45634,18.65293],[-92.45675,18.65282],[-92.45717,18.65279],[-92.45766,18.65265],[-92.45849,18.65252],[-92.45881,18.65243],[-92.45913,18.65235],[-92.45962,18.65229],[-92.45981,18.65224],[-92.4601,18.65218],[-92.46041,18.65212],[-92.46113,18.652],[-92.46138,18.65196],[-92.4618,18.6519],[-92.46255,18.65176],[-92.46299,18.65175],[-92.4633,18.6517],[-92.46355,18.65165],[-92.46389,18.65162],[-92.46421,18.65158],[-92.46465,18.65156],[-92.4651,18.6515],[-92.46538,18.65147],[-92.46577,18.65144],[-92.46601,18.65144],[-92.46601,18.65144],[-92.46601,18.65144],[-92.46668,18.65155],[-92.46671,18.65154],[-92.46697,18.65147],[-92.46713,18.65124],[-92.46757,18.65116],[-92.46879,18.65096],[-92.46785,18.64728],[-92.46677,18.64211],[-92.46655,18.64089],[-92.46654,18.64082],[-92.46654,18.64081],[-92.46654,18.64081],[-92.46653,18.64076],[-92.46653,18.64074],[-92.46619,18.63881],[-92.46582,18.63668],[-92.46507,18.63459],[-92.46598,18.63042],[-92.46709,18.62578],[-92.4671,18.62127],[-92.46575,18.61656],[-92.46273,18.61317],[-92.45851,18.61036],[-92.45588,18.60817],[-92.45319,18.60534],[-92.45194,18.60352],[-92.45211,18.60165],[-92.45215,18.60006],[-92.45106,18.59787],[-92.44922,18.59422],[-92.44659,18.58985],[-92.44438,18.58711],[-92.44213,18.58419],[-92.44021,18.58172],[-92.43919,18.5799],[-92.43755,18.57715],[-92.43667,18.5744],[-92.4349,18.57184],[-92.43257,18.56903],[-92.43046,18.56575],[-92.42841,18.56208],[-92.42623,18.55704],[-92.42622,18.55701],[-92.42504,18.55334],[-92.42389,18.5493],[-92.42348,18.54512],[-92.42347,18.54005],[-92.42349,18.53664],[-92.4235,18.53549],[-92.42347,18.53224],[-92.42421,18.52935],[-92.42497,18.52706],[-92.4256,18.52466],[-92.42611,18.5217],[-92.42641,18.52002],[-92.42652,18.51819],[-92.42655,18.51651],[-92.42643,18.51497],[-92.42596,18.51302],[-92.42527,18.51131],[-92.42441,18.5096],[-92.42315,18.5078],[-92.42227,18.50602],[-92.42105,18.50281],[-92.41977,18.49897],[-92.41846,18.49601],[-92.41662,18.49286],[-92.41578,18.49159],[-92.41533,18.49091],[-92.41479,18.4893],[-92.41405,18.48729],[-92.41292,18.48561],[-92.41033,18.4835],[-92.40868,18.4826],[-92.40624,18.48139],[-92.40331,18.47996],[-92.40197,18.47953],[-92.40056,18.47917],[-92.39798,18.47892],[-92.39447,18.4791],[-92.39261,18.47921],[-92.39198,18.47925],[-92.39067,18.47936],[-92.38942,18.47936],[-92.38825,18.47931],[-92.38709,18.47905],[-92.38482,18.47814],[-92.38241,18.47632],[-92.38012,18.47388],[-92.37792,18.4716],[-92.37542,18.46939],[-92.37304,18.46813],[-92.37007,18.46675],[-92.36832,18.4661],[-92.36673,18.4653],[-92.36549,18.46462],[-92.36432,18.46373],[-92.36222,18.46178],[-92.3603,18.45899],[-92.35966,18.45695],[-92.35997,18.45486],[-92.36038,18.45344],[-92.36071,18.45214],[-92.36098,18.45112],[-92.3611,18.44995],[-92.36111,18.44867],[-92.36102,18.44776],[-92.36071,18.44682],[-92.36014,18.44586],[-92.35926,18.44506],[-92.35832,18.44435],[-92.35682,18.44354],[-92.35548,18.44285],[-92.3538,18.44229],[-92.35254,18.44212],[-92.35164,18.44216],[-92.3502,18.44246],[-92.34871,18.44309],[-92.34801,18.44378],[-92.34744,18.44453],[-92.3468,18.44557],[-92.3457,18.44763],[-92.34465,18.44945],[-92.34357,18.45104],[-92.3416,18.45353],[-92.34032,18.45492],[-92.33895,18.45647],[-92.33734,18.45782],[-92.33598,18.45854],[-92.3344,18.45915],[-92.33391,18.45946],[-92.3332,18.45974],[-92.33158,18.4603],[-92.33024,18.46231],[-92.32647,18.46753],[-92.32371,18.4713],[-92.32253,18.47308],[-92.32149,18.47069],[-92.32155,18.46753],[-92.31944,18.46633],[-92.31384,18.46268],[-92.31056,18.46053],[-92.31029,18.45558],[-92.30819,18.45662],[-92.30819,18.45717],[-92.28463,18.45765],[-92.27625,18.45782],[-92.24106,18.45808],[-92.22341,18.45786],[-92.20452,18.45686],[-92.18644,18.45773],[-92.17677,18.4582],[-92.17615,18.45823],[-92.17651,18.42592],[-92.17647,18.42428],[-92.17647,18.41579],[-92.17648,18.41553],[-92.17736,18.37588],[-92.18195,18.3759],[-92.17136,18.33895],[-92.17194,18.33633],[-92.17229,18.3342],[-92.17379,18.32653],[-92.17395,18.32498],[-92.17438,18.32282],[-92.17448,18.32229],[-92.17468,18.32127],[-92.17488,18.32026],[-92.1756,18.31636],[-92.17603,18.31353],[-92.17663,18.31077],[-92.17692,18.30874],[-92.17732,18.3067],[-92.1776,18.30507],[-92.17768,18.3046],[-92.17789,18.30321],[-92.17811,18.30188],[-92.17854,18.29957],[-92.179,18.29725],[-92.18043,18.28982],[-92.17955,18.28963],[-92.17919,18.28849],[-92.17723,18.28874],[-92.1752,18.29404],[-92.17443,18.2933],[-92.17425,18.2901],[-92.17529,18.28807],[-92.17531,18.28753],[-92.1752,18.28729],[-92.17496,18.28704],[-92.17295,18.27534],[-92.18324,18.27406],[-92.18119,18.27116],[-92.18182,18.27101],[-92.18116,18.27065],[-92.18071,18.27034],[-92.18011,18.26997],[-92.17926,18.26867],[-92.17754,18.26529],[-92.17583,18.26193],[-92.17127,18.25295],[-92.16263,18.23663],[-92.15404,18.22017],[-92.14894,18.21041],[-92.15075,18.20894],[-92.15259,18.20745],[-92.16442,18.19787],[-92.16172,18.19375],[-92.16056,18.18867],[-92.16057,18.18789],[-92.1609,18.15542],[-92.14878,18.1493],[-92.14895,18.14116],[-92.14898,18.13992],[-92.14904,18.13673],[-92.13668,18.12666],[-92.13305,18.1237],[-92.13172,18.12262],[-92.1313,18.12228],[-92.12834,18.12015],[-92.12798,18.11517],[-92.12786,18.11407],[-92.12776,18.11326],[-92.12749,18.11078],[-92.12742,18.10866],[-92.12578,18.10669],[-92.12576,18.10668],[-92.12574,18.10665],[-92.12448,18.10514],[-92.12238,18.10262],[-92.12218,18.10239],[-92.12166,18.10175],[-92.12114,18.10195],[-92.11989,18.10216],[-92.11826,18.10201],[-92.11638,18.10096],[-92.11478,18.09927],[-92.11201,18.09564],[-92.11057,18.0947],[-92.11011,18.09441],[-92.10828,18.09381],[-92.10376,18.09349],[-92.10016,18.09287],[-92.0977,18.0926],[-92.0951,18.09251],[-92.09223,18.09205],[-92.09063,18.09113],[-92.08552,18.08674],[-92.08414,18.08586],[-92.08297,18.08569],[-92.08156,18.08569],[-92.08044,18.08606],[-92.07954,18.08694],[-92.07883,18.08794],[-92.07777,18.09259],[-92.0768,18.09429],[-92.07482,18.09444],[-92.07383,18.09421],[-92.07296,18.09401],[-92.07097,18.09282],[-92.06941,18.09209],[-92.06802,18.09211],[-92.06726,18.09275],[-92.06646,18.09367],[-92.06217,18.09816],[-92.06027,18.09853],[-92.05923,18.09849],[-92.05815,18.09802],[-92.05735,18.09716],[-92.05504,18.09474],[-92.05388,18.09425],[-92.0526,18.09409],[-92.04915,18.09432],[-92.04579,18.09528],[-92.04399,18.09689],[-92.04166,18.09808],[-92.03994,18.09795],[-92.03875,18.09708],[-92.03702,18.09495],[-92.0359,18.09114],[-92.03599,18.08736],[-92.0373,18.0852],[-92.03979,18.08346],[-92.04127,18.08233],[-92.04247,18.08126],[-92.04272,18.07991],[-92.04258,18.07893],[-92.0421,18.07832],[-92.04141,18.07801],[-92.04003,18.07756],[-92.03798,18.07736],[-92.03484,18.07815],[-92.03215,18.07824],[-92.02999,18.07798],[-92.02824,18.07717],[-92.02701,18.07618],[-92.02663,18.07586],[-92.02581,18.07372],[-92.02489,18.07013],[-92.02447,18.06776],[-92.02287,18.06471],[-92.02159,18.06348],[-92.02099,18.0629],[-92.01874,18.06068],[-92.01693,18.05809],[-92.01493,18.05362],[-92.01443,18.05261],[-92.01302,18.05148],[-92.01182,18.05095],[-92.00734,18.04998],[-92.00464,18.04808],[-92.0,18.04455],[-91.99961,18.04426],[-91.99379,18.04067],[-91.99215,18.03926],[-91.9908,18.03874],[-91.9888,18.03867],[-91.98736,18.03888],[-91.98546,18.04037],[-91.9828,18.0431],[-91.98168,18.0436],[-91.98065,18.04369],[-91.97968,18.04345],[-91.97878,18.04283],[-91.97799,18.04152],[-91.9754,18.03694],[-91.97465,18.03355],[-91.97459,18.03336],[-91.97395,18.0322],[-91.97361,18.03151],[-91.97296,18.03019],[-91.97187,18.02853],[-91.96961,18.02523],[-91.96901,18.02342],[-91.96862,18.02181],[-91.96842,18.0208],[-91.9678,18.01918],[-91.96675,18.01599],[-91.96597,18.01589],[-91.94012,18.01256],[-91.93536,18.0102],[-91.93441,18.01033],[-91.92871,18.01108],[-91.92374,18.01183],[-91.91349,18.01309],[-91.91195,18.01332],[-91.91058,18.01354],[-91.91004,18.01366],[-91.90972,18.01379],[-91.90418,18.0127],[-91.90417,18.01269],[-91.90035,18.01215],[-91.89806,18.01111],[-91.89222,18.00833],[-91.88811,18.00634],[-91.87844,17.99563],[-91.86721,17.98327],[-91.86505,17.98289],[-91.85556,17.98106],[-91.80464,17.97255],[-91.77223,17.94525],[-91.77119,17.94437],[-91.76801,17.94855],[-91.76227,17.93901],[-91.7571,17.93973],[-91.76139,17.946],[-91.76059,17.95648],[-91.76049,17.95763],[-91.75487,17.95144],[-91.74511,17.94081],[-91.73954,17.93521],[-91.73869,17.93618],[-91.73703,17.93422],[-91.72509,17.92667],[-91.7251,17.92449],[-91.7157,17.92239],[-91.7124,17.92164],[-91.71283,17.91893],[-91.69775,17.90961],[-91.69621,17.90874],[-91.67524,17.89668],[-91.67473,17.89639],[-91.67194,17.89466],[-91.66599,17.89097],[-91.66145,17.88809],[-91.63881,17.87395],[-91.63621,17.87833],[-91.63275,17.8842],[-91.6335,17.88463],[-91.63432,17.8851],[-91.6291,17.89713],[-91.63154,17.89815],[-91.63309,17.90502],[-91.62916,17.90684],[-91.62774,17.90745],[-91.62491,17.90805],[-91.6233,17.90837],[-91.61936,17.90921],[-91.61894,17.90956],[-91.61823,17.91025],[-91.61751,17.91082],[-91.61485,17.91204],[-91.61271,17.91292],[-91.61322,17.91334],[-91.61962,17.91919],[-91.62027,17.92223],[-91.62205,17.94255],[-91.62205,17.94257],[-91.62473,17.94906],[-91.62474,17.94907],[-91.62409,17.94967],[-91.62333,17.95036],[-91.62329,17.9504],[-91.62184,17.95172],[-91.62178,17.9518],[-91.62087,17.95269],[-91.62078,17.95281],[-91.62048,17.95357],[-91.62048,17.95358],[-91.62055,17.95404],[-91.6209,17.95575],[-91.6209,17.95577],[-91.62073,17.95683],[-91.62063,17.95694],[-91.61978,17.95757],[-91.61977,17.95757],[-91.6204,17.9586],[-91.62102,17.96017],[-91.62151,17.96158],[-91.62151,17.96159],[-91.62142,17.96268],[-91.62129,17.96443],[-91.62117,17.96509],[-91.62076,17.96724],[-91.62039,17.96872],[-91.62005,17.97004],[-91.61973,17.97096],[-91.61955,17.97148],[-91.61943,17.9719],[-91.61931,17.97233],[-91.61919,17.97284],[-91.61918,17.97285],[-91.61946,17.97312],[-91.61946,17.97312],[-91.6194,17.97381],[-91.6194,17.97382],[-91.61977,17.97548],[-91.61999,17.97642],[-91.61999,17.97644],[-91.61896,17.97772],[-91.61896,17.97772],[-91.6191,17.97826],[-91.61934,17.97879],[-91.61934,17.9788],[-91.61852,17.98038],[-91.61789,17.9816],[-91.61777,17.98192],[-91.61696,17.98387],[-91.61672,17.98442],[-91.61653,17.9847],[-91.61636,17.9869],[-91.61612,17.98785],[-91.61582,17.98908],[-91.61582,17.98908],[-91.61618,17.99063],[-91.61652,17.9921],[-91.61652,17.9921],[-91.61654,17.99301],[-91.61656,17.99462],[-91.61656,17.99464],[-91.6166,17.99486],[-91.61683,17.9956],[-91.61727,17.997],[-91.61727,17.99701],[-91.61714,17.99838],[-91.61699,17.99989],[-91.61699,17.9999],[-91.61802,18.00246],[-91.61824,18.00299],[-91.61825,18.003],[-91.61822,18.0031],[-91.61818,18.00343],[-91.61778,18.0037],[-91.61739,18.00387],[-91.61708,18.0041],[-91.61708,18.00428],[-91.61708,18.00429],[-91.61715,18.00458],[-91.61727,18.00478],[-91.61744,18.005],[-91.61764,18.00531],[-91.61785,18.00569],[-91.61797,18.00599],[-91.61822,18.00629],[-91.61858,18.00661],[-91.61891,18.00722],[-91.61946,18.00739],[-91.61973,18.00759],[-91.61974,18.00759],[-91.61957,18.00789],[-91.61932,18.00817],[-91.61932,18.00817],[-91.61935,18.00848],[-91.61938,18.00871],[-91.61952,18.00902],[-91.61952,18.00902],[-91.61954,18.00954],[-91.61954,18.00954],[-91.61956,18.00991],[-91.61956,18.00993],[-91.61949,18.01042],[-91.61944,18.01071],[-91.61942,18.01089],[-91.61941,18.01123],[-91.61941,18.01199],[-91.61925,18.01249],[-91.61921,18.0129],[-91.61918,18.01339],[-91.61917,18.01372],[-91.61914,18.01404],[-91.61914,18.01405],[-91.61923,18.01439],[-91.61923,18.0144],[-91.61922,18.01482],[-91.61918,18.01531],[-91.61915,18.01568],[-91.619,18.01597],[-91.61896,18.01633],[-91.61895,18.01645],[-91.61895,18.01673],[-91.61895,18.01675],[-91.61906,18.01699],[-91.61918,18.01723],[-91.61926,18.0175],[-91.61927,18.01751],[-91.61905,18.0177],[-91.61864,18.01794],[-91.61846,18.01815],[-91.61827,18.01844],[-91.61812,18.01871],[-91.61808,18.01924],[-91.61774,18.01975],[-91.61734,18.02033],[-91.6171,18.02061],[-91.61684,18.02088],[-91.61659,18.02105],[-91.61653,18.02111],[-91.61637,18.02124],[-91.61636,18.02155],[-91.61637,18.02179],[-91.61633,18.02207],[-91.61628,18.02227],[-91.61611,18.02261],[-91.61611,18.02261],[-91.61614,18.02282],[-91.61622,18.02302],[-91.61643,18.02321],[-91.61673,18.02336],[-91.61697,18.02347],[-91.61719,18.0236],[-91.61735,18.02376],[-91.61751,18.02396],[-91.61752,18.02421],[-91.61752,18.02422],[-91.61738,18.02451],[-91.61723,18.02482],[-91.6171,18.02518],[-91.61693,18.02548],[-91.61669,18.0256],[-91.61655,18.02583],[-91.61642,18.02603],[-91.61627,18.02621],[-91.61607,18.02652],[-91.61589,18.02675],[-91.61576,18.02703],[-91.61556,18.02729],[-91.61545,18.02747],[-91.61538,18.02771],[-91.61536,18.0279],[-91.61526,18.02811],[-91.6151,18.02828],[-91.61488,18.02829],[-91.61469,18.02837],[-91.61457,18.02852],[-91.61452,18.02869],[-91.61446,18.02894],[-91.61446,18.02894],[-91.61453,18.02928],[-91.61478,18.02961],[-91.61478,18.02961],[-91.61475,18.02989],[-91.61462,18.03015],[-91.61462,18.03015],[-91.61473,18.03053],[-91.61499,18.03114],[-91.61499,18.03115],[-91.61488,18.03159],[-91.6143,18.03202],[-91.61411,18.0322],[-91.61406,18.03236],[-91.61402,18.03259],[-91.61402,18.0326],[-91.61405,18.03283],[-91.61416,18.0331],[-91.61431,18.03376],[-91.61431,18.03377],[-91.61427,18.03402],[-91.61427,18.03403],[-91.61449,18.03443],[-91.6149,18.03478],[-91.61517,18.03517],[-91.61526,18.03554],[-91.61526,18.03554],[-91.61528,18.03593],[-91.61516,18.03628],[-91.615,18.03663],[-91.615,18.03663],[-91.61504,18.03709],[-91.61504,18.03711],[-91.61504,18.03754],[-91.61492,18.0378],[-91.61462,18.03802],[-91.61428,18.03885],[-91.61409,18.04011],[-91.61397,18.04135],[-91.61393,18.04188],[-91.61393,18.04257],[-91.61378,18.04323],[-91.61365,18.04374],[-91.61341,18.04402],[-91.6131,18.04425],[-91.61254,18.04458],[-91.61227,18.04501],[-91.61227,18.04502],[-91.61251,18.04565],[-91.61298,18.0461],[-91.61298,18.0461],[-91.61296,18.04655],[-91.61244,18.04676],[-91.61244,18.04676],[-91.61247,18.04719],[-91.61253,18.04748],[-91.61254,18.04749],[-91.61254,18.04807],[-91.61254,18.04809],[-91.61306,18.04852],[-91.61377,18.04866],[-91.61399,18.04894],[-91.614,18.04895],[-91.61392,18.04922],[-91.61377,18.04946],[-91.6135,18.04996],[-91.61346,18.05084],[-91.61346,18.05085],[-91.61358,18.05141],[-91.61397,18.05173],[-91.61442,18.05205],[-91.61477,18.0523],[-91.61494,18.05284],[-91.61494,18.05285],[-91.61482,18.05347],[-91.61482,18.05348],[-91.61471,18.0539],[-91.61471,18.05392],[-91.61518,18.05417],[-91.61554,18.05441],[-91.61593,18.05471],[-91.61605,18.05512],[-91.61682,18.05522],[-91.61761,18.05524],[-91.61811,18.05572],[-91.61875,18.0563],[-91.61875,18.0563],[-91.61875,18.05677],[-91.61874,18.05714],[-91.61868,18.0573],[-91.61861,18.05761],[-91.61854,18.05804],[-91.61854,18.05804],[-91.61856,18.05829],[-91.61861,18.05835],[-91.6187,18.05855],[-91.61879,18.05864],[-91.61911,18.05875],[-91.6192,18.05897],[-91.61926,18.05931],[-91.61926,18.05932],[-91.61919,18.05967],[-91.61919,18.05967],[-91.61923,18.06015],[-91.61929,18.06079],[-91.61929,18.0608],[-91.61915,18.06117],[-91.61892,18.06159],[-91.6186,18.06194],[-91.61821,18.0622],[-91.61782,18.06237],[-91.61756,18.06261],[-91.61751,18.0632],[-91.61733,18.06357],[-91.61708,18.06379],[-91.61691,18.06414],[-91.6168,18.06482],[-91.61656,18.06543],[-91.61607,18.0659],[-91.61551,18.06675],[-91.61497,18.0677],[-91.61413,18.06841],[-91.61274,18.06893],[-91.61181,18.06942],[-91.61147,18.06967],[-91.61123,18.06985],[-91.61066,18.07018],[-91.61008,18.0705],[-91.60897,18.07049],[-91.60871,18.0709],[-91.60857,18.07121],[-91.60848,18.07164],[-91.60818,18.07246],[-91.60781,18.07365],[-91.60758,18.07451],[-91.60834,18.07467],[-91.60825,18.07521],[-91.60789,18.07583],[-91.60747,18.07634],[-91.60708,18.07696],[-91.60693,18.07752],[-91.60684,18.07809],[-91.60707,18.07893],[-91.60744,18.07929],[-91.60762,18.07963],[-91.6075,18.08007],[-91.60717,18.08049],[-91.60681,18.08071],[-91.6066,18.08119],[-91.60648,18.08167],[-91.60618,18.08249],[-91.60612,18.08277],[-91.60617,18.08398],[-91.60645,18.08567],[-91.60683,18.08672],[-91.60703,18.08743],[-91.60732,18.08791],[-91.60794,18.08831],[-91.60856,18.08848],[-91.60912,18.0886],[-91.60941,18.08877],[-91.60964,18.0892],[-91.60937,18.09016],[-91.60919,18.09061],[-91.60898,18.09114],[-91.60895,18.09165],[-91.60885,18.09207],[-91.60903,18.0923],[-91.60936,18.09213],[-91.60951,18.0918],[-91.60948,18.09154],[-91.6096,18.09143],[-91.6098,18.09135],[-91.61001,18.0914],[-91.61019,18.09158],[-91.6103,18.0918],[-91.61021,18.0922],[-91.61,18.09268],[-91.60976,18.09296],[-91.60935,18.09312],[-91.60917,18.09329],[-91.60914,18.09363],[-91.60916,18.09386],[-91.60946,18.09394],[-91.60984,18.0938],[-91.61029,18.09389],[-91.61064,18.09438],[-91.61086,18.09468],[-91.61096,18.09498],[-91.61087,18.09524],[-91.61067,18.09544],[-91.61042,18.09554],[-91.61018,18.09562],[-91.60992,18.09573],[-91.60978,18.09585],[-91.60966,18.09595],[-91.6096,18.0963],[-91.60967,18.09671],[-91.60972,18.09719],[-91.60972,18.09761],[-91.60961,18.0981],[-91.60955,18.09828],[-91.6095,18.09844],[-91.60927,18.09877],[-91.60837,18.10006],[-91.60793,18.10092],[-91.60749,18.10145],[-91.60733,18.10158],[-91.60708,18.10162],[-91.6065,18.10184],[-91.606,18.10213],[-91.60594,18.10218],[-91.6055,18.10251],[-91.60519,18.10286],[-91.6052,18.10326],[-91.60538,18.10358],[-91.6054,18.10398],[-91.60528,18.10431],[-91.60514,18.1046],[-91.60498,18.10483],[-91.60466,18.10486],[-91.60438,18.10494],[-91.60413,18.10518],[-91.60391,18.10556],[-91.60377,18.10584],[-91.60374,18.10621],[-91.60381,18.10673],[-91.60358,18.10721],[-91.60339,18.10749],[-91.60322,18.10774],[-91.60302,18.10777],[-91.60291,18.10771],[-91.60271,18.10752],[-91.60253,18.10723],[-91.60223,18.10699],[-91.60177,18.10688],[-91.60132,18.10698],[-91.60088,18.10739],[-91.60061,18.10779],[-91.59992,18.10802],[-91.59954,18.10805],[-91.59922,18.10791],[-91.59884,18.10783],[-91.59836,18.10809],[-91.59809,18.10844],[-91.59774,18.10866],[-91.59666,18.10855],[-91.59597,18.10842],[-91.5955,18.10822],[-91.59496,18.10789],[-91.59446,18.10731],[-91.59384,18.10701],[-91.59329,18.10697],[-91.59284,18.10684],[-91.59244,18.10668],[-91.59137,18.1069],[-91.59063,18.10737],[-91.58975,18.10801],[-91.58946,18.10842],[-91.58951,18.10896],[-91.58953,18.1095],[-91.58954,18.11001],[-91.58938,18.1106],[-91.58929,18.11119],[-91.58937,18.11148],[-91.58991,18.1117],[-91.59051,18.11189],[-91.59075,18.11216],[-91.59056,18.11276],[-91.59012,18.11338],[-91.58994,18.11394],[-91.58988,18.11469],[-91.58991,18.11501],[-91.59002,18.11518],[-91.59021,18.11529],[-91.59061,18.11536],[-91.59104,18.11571],[-91.59142,18.11613],[-91.5916,18.11668],[-91.59174,18.11712],[-91.59197,18.11746],[-91.59208,18.1179],[-91.59207,18.11855],[-91.59192,18.11907],[-91.59167,18.11936],[-91.5915,18.11964],[-91.59161,18.11993],[-91.59195,18.12007],[-91.59246,18.12016],[-91.59278,18.12028],[-91.59306,18.12057],[-91.59352,18.12093],[-91.59421,18.12148],[-91.59475,18.12207],[-91.59509,18.12255],[-91.59498,18.12311],[-91.59499,18.12383],[-91.59538,18.12457],[-91.59535,18.12518],[-91.59495,18.12575],[-91.59407,18.12602],[-91.59365,18.12643],[-91.59347,18.1269],[-91.59339,18.12755],[-91.59343,18.12817],[-91.59228,18.12835],[-91.59178,18.12885],[-91.59153,18.12934],[-91.59166,18.1299],[-91.592,18.1305],[-91.5874,18.12918],[-91.58668,18.12993],[-91.58427,18.13233],[-91.58271,18.13383],[-91.58124,18.13525],[-91.58057,18.13489],[-91.57983,18.13453],[-91.57794,18.13644],[-91.57507,18.13921],[-91.5722,18.14202],[-91.57863,18.14837],[-91.58256,18.15229],[-91.58273,18.15246],[-91.58247,18.15253],[-91.58179,18.15271],[-91.58176,18.15274],[-91.58159,18.15288],[-91.58105,18.15333],[-91.58103,18.15354],[-91.5811,18.15368],[-91.58116,18.15377],[-91.58117,18.15382],[-91.58118,18.15392],[-91.58113,18.15402],[-91.58108,18.15411],[-91.58103,18.1542],[-91.58093,18.15435],[-91.58078,18.15454],[-91.58066,18.15477],[-91.58095,18.1551],[-91.58109,18.15527],[-91.58125,18.15541],[-91.58125,18.15566],[-91.58111,18.15587],[-91.58081,18.15592],[-91.58074,18.15614],[-91.58054,18.15628],[-91.58045,18.15648],[-91.58038,18.15669],[-91.58029,18.15688],[-91.58024,18.15707],[-91.58019,18.15752],[-91.58019,18.1578],[-91.58012,18.15805],[-91.57997,18.15818],[-91.57968,18.15824],[-91.57947,18.15839],[-91.57919,18.15863],[-91.57897,18.15875],[-91.57877,18.15892],[-91.57836,18.159],[-91.57803,18.15896],[-91.57785,18.15879],[-91.57742,18.15859],[-91.57713,18.15843],[-91.57685,18.15833],[-91.57663,18.1582],[-91.57638,18.15816],[-91.57612,18.1582],[-91.57582,18.15828],[-91.57553,18.15828],[-91.57538,18.15821],[-91.57529,18.15793],[-91.57527,18.15759],[-91.57512,18.15719],[-91.57492,18.15716],[-91.57476,18.15721],[-91.57456,18.15735],[-91.57438,18.15757],[-91.57413,18.15765],[-91.57378,18.15758],[-91.57338,18.1572],[-91.5732,18.157],[-91.57306,18.15686],[-91.57291,18.15675],[-91.57275,18.15671],[-91.57262,18.15676],[-91.57251,18.15688],[-91.57234,18.15704],[-91.57201,18.15708],[-91.57168,18.15716],[-91.57128,18.15714],[-91.57081,18.15713],[-91.57036,18.15715],[-91.57,18.15717],[-91.56971,18.15732],[-91.56948,18.15749],[-91.56896,18.15787],[-91.56878,18.15802],[-91.56851,18.15821],[-91.5682,18.15844],[-91.56802,18.15859],[-91.56775,18.15884],[-91.56757,18.15897],[-91.56735,18.15916],[-91.56706,18.15918],[-91.56686,18.15903],[-91.56677,18.15888],[-91.56668,18.1586],[-91.56648,18.15821],[-91.56628,18.15789],[-91.56608,18.1578],[-91.56584,18.15776],[-91.56561,18.15789],[-91.5655,18.15799],[-91.56534,18.1582],[-91.56523,18.15839],[-91.56514,18.15861],[-91.56494,18.15871],[-91.56462,18.1588],[-91.56436,18.15875],[-91.56411,18.15864],[-91.56378,18.1586],[-91.56333,18.15853],[-91.56281,18.15848],[-91.56261,18.15835],[-91.5625,18.15816],[-91.56239,18.15801],[-91.56223,18.15799],[-91.56205,18.15794],[-91.5619,18.15788],[-91.56181,18.15783],[-91.56174,18.15766],[-91.56154,18.15758],[-91.56123,18.15755],[-91.56101,18.15753],[-91.5606,18.15746],[-91.56016,18.15744],[-91.55982,18.15752],[-91.55971,18.15758],[-91.55955,18.15771],[-91.55933,18.15782],[-91.55899,18.15789],[-91.55865,18.15788],[-91.55845,18.15783],[-91.55824,18.15772],[-91.55801,18.15753],[-91.55779,18.1574],[-91.55759,18.15725],[-91.55737,18.15718],[-91.55712,18.15718],[-91.55688,18.15717],[-91.55664,18.15713],[-91.55646,18.157],[-91.5563,18.15681],[-91.55603,18.15657],[-91.55565,18.15657],[-91.55538,18.15672],[-91.55529,18.15702],[-91.55524,18.15719],[-91.55493,18.15756],[-91.55457,18.15782],[-91.55431,18.15786],[-91.55378,18.15781],[-91.55276,18.15818],[-91.55161,18.15746],[-91.55036,18.15658],[-91.54769,18.15483],[-91.54497,18.15306],[-91.54104,18.15047],[-91.53799,18.1485],[-91.53451,18.14617],[-91.52452,18.1599],[-91.52416,18.1598],[-91.52397,18.15999],[-91.52358,18.16045],[-91.52315,18.16078],[-91.52287,18.161],[-91.52239,18.16104],[-91.52219,18.1609],[-91.52214,18.16058],[-91.52216,18.16022],[-91.52212,18.15977],[-91.52187,18.15963],[-91.52168,18.15969],[-91.52162,18.15978],[-91.52148,18.15991],[-91.52136,18.16008],[-91.52116,18.16021],[-91.52092,18.16033],[-91.5207,18.16041],[-91.5205,18.16048],[-91.5202,18.16043],[-91.52012,18.16051],[-91.52016,18.16074],[-91.52012,18.16098],[-91.52006,18.16113],[-91.51999,18.16128],[-91.51994,18.16146],[-91.51989,18.16163],[-91.51983,18.16193],[-91.51984,18.16211],[-91.51995,18.16222],[-91.52009,18.16227],[-91.52028,18.16229],[-91.52039,18.16238],[-91.52038,18.16252],[-91.52025,18.16261],[-91.52009,18.16266],[-91.51992,18.16269],[-91.51974,18.16275],[-91.51968,18.16286],[-91.51968,18.16296],[-91.51977,18.16305],[-91.51991,18.1631],[-91.52013,18.16308],[-91.52041,18.16306],[-91.52047,18.16316],[-91.52047,18.1634],[-91.52034,18.16363],[-91.52016,18.16383],[-91.51992,18.16399],[-91.51973,18.16407],[-91.51949,18.16417],[-91.51932,18.16424],[-91.51911,18.16432],[-91.51884,18.16436],[-91.51852,18.16447],[-91.5183,18.16451],[-91.51763,18.16491],[-91.51727,18.16521],[-91.51717,18.16536],[-91.51714,18.16548],[-91.51709,18.16562],[-91.51708,18.16575],[-91.51706,18.16586],[-91.51709,18.16597],[-91.51722,18.16606],[-91.51736,18.16613],[-91.51748,18.16617],[-91.51756,18.16618],[-91.51764,18.16626],[-91.51769,18.16633],[-91.51774,18.16639],[-91.51775,18.16649],[-91.5177,18.16659],[-91.51765,18.16667],[-91.51756,18.16673],[-91.51738,18.16679],[-91.51719,18.16681],[-91.51697,18.16689],[-91.51683,18.16689],[-91.51674,18.16703],[-91.51665,18.16714],[-91.51651,18.16727],[-91.51645,18.16744],[-91.5165,18.16761],[-91.5166,18.16784],[-91.51664,18.168],[-91.51665,18.16816],[-91.51658,18.16825],[-91.51648,18.16833],[-91.51639,18.16843],[-91.51621,18.16856],[-91.51606,18.16871],[-91.51598,18.16895],[-91.5159,18.16918],[-91.51589,18.16937],[-91.5159,18.16953],[-91.51592,18.16974],[-91.51583,18.16988],[-91.5157,18.16996],[-91.51554,18.16999],[-91.51536,18.16996],[-91.5152,18.16989],[-91.51502,18.16985],[-91.51479,18.16986],[-91.51458,18.1699],[-91.51446,18.16994],[-91.51428,18.17003],[-91.51406,18.17017],[-91.51374,18.17023],[-91.51355,18.17028],[-91.51337,18.17027],[-91.51326,18.17021],[-91.51314,18.1701],[-91.51314,18.16995],[-91.51327,18.16982],[-91.51348,18.16962],[-91.51376,18.16945],[-91.51377,18.16924],[-91.51361,18.16906],[-91.51334,18.16896],[-91.51307,18.1689],[-91.5128,18.16889],[-91.51257,18.16894],[-91.51238,18.16901],[-91.51215,18.1692],[-91.51194,18.16932],[-91.51175,18.16946],[-91.51162,18.16971],[-91.51146,18.16986],[-91.51127,18.17002],[-91.51104,18.17006],[-91.51087,18.17007],[-91.51063,18.17],[-91.51041,18.16989],[-91.51023,18.16977],[-91.51012,18.16964],[-91.50997,18.16952],[-91.5098,18.16948],[-91.50963,18.16951],[-91.50955,18.16965],[-91.50956,18.16985],[-91.50962,18.17001],[-91.50972,18.17019],[-91.50984,18.17033],[-91.51003,18.17048],[-91.51007,18.17078],[-91.50995,18.17094],[-91.50983,18.171],[-91.5096,18.17105],[-91.50934,18.17105],[-91.50898,18.17097],[-91.50855,18.17082],[-91.50814,18.17064],[-91.50763,18.17033],[-91.50728,18.17048],[-91.5068,18.17024],[-91.50657,18.16979],[-91.50623,18.16895],[-91.50602,18.16785],[-91.50585,18.16718],[-91.50548,18.16668],[-91.50516,18.16626],[-91.50507,18.16615],[-91.50429,18.16566],[-91.50363,18.16542],[-91.50324,18.16508],[-91.50321,18.1646],[-91.50335,18.16431],[-91.5037,18.16384],[-91.50419,18.16337],[-91.50467,18.16279],[-91.50484,18.16217],[-91.50485,18.16123],[-91.50459,18.16049],[-91.50408,18.15971],[-91.50363,18.15924],[-91.50312,18.15863],[-91.50241,18.15781],[-91.5021,18.15712],[-91.50188,18.15641],[-91.50186,18.15557],[-91.50205,18.15496],[-91.50233,18.15435],[-91.50673,18.15442],[-91.50964,18.15458],[-91.51521,18.15495],[-91.51566,18.14758],[-91.51574,18.14593],[-91.51581,18.14459],[-91.51585,18.14281],[-91.51605,18.13931],[-91.51606,18.1388],[-91.51607,18.13833],[-91.51608,18.13789],[-91.51631,18.13358],[-91.51638,18.13232],[-91.51648,18.13062],[-91.51651,18.13062],[-91.51653,18.13049],[-91.50717,18.13005],[-91.50625,18.13001],[-91.50624,18.13004],[-91.50575,18.13],[-91.50573,18.13],[-91.50581,18.12957],[-91.50584,18.12929],[-91.50585,18.1291],[-91.50584,18.12872],[-91.50579,18.12823],[-91.50561,18.12769],[-91.50531,18.12722],[-91.50498,18.1269],[-91.50468,18.12668],[-91.50466,18.12668],[-91.50464,18.12667],[-91.50422,18.12663],[-91.50387,18.12663],[-91.50347,18.12668],[-91.50302,18.12662],[-91.50275,18.12646],[-91.50266,18.12626],[-91.50272,18.12594],[-91.50298,18.1257],[-91.503,18.12568],[-91.50343,18.12536],[-91.50391,18.12497],[-91.50438,18.12452],[-91.5047,18.12424],[-91.50483,18.12402],[-91.50484,18.12401],[-91.50487,18.12396],[-91.50488,18.12393],[-91.50489,18.12384],[-91.50491,18.12368],[-91.50483,18.1234],[-91.50461,18.12324],[-91.50434,18.12318],[-91.50397,18.12332],[-91.50395,18.12332],[-91.50394,18.12332],[-91.50347,18.12317],[-91.50316,18.1231],[-91.50294,18.12298],[-91.50278,18.12284],[-91.50255,18.12273],[-91.5023,18.12263],[-91.50205,18.12253],[-91.50203,18.12252],[-91.50202,18.12251],[-91.50194,18.12235],[-91.50193,18.12219],[-91.50197,18.12202],[-91.50197,18.12199],[-91.50213,18.12187],[-91.50227,18.12176],[-91.5025,18.12141],[-91.50276,18.12115],[-91.50298,18.12092],[-91.50314,18.12073],[-91.50336,18.12051],[-91.5036,18.12037],[-91.50357,18.12011],[-91.50343,18.11995],[-91.50325,18.11986],[-91.50312,18.11973],[-91.50296,18.11958],[-91.50281,18.11939],[-91.50258,18.11918],[-91.50234,18.11902],[-91.50213,18.11889],[-91.50195,18.11873],[-91.50185,18.11857],[-91.50178,18.11836],[-91.50188,18.1182],[-91.50197,18.11814],[-91.50221,18.11814],[-91.50242,18.11819],[-91.50269,18.11826],[-91.50301,18.11826],[-91.50338,18.11829],[-91.50356,18.11835],[-91.50375,18.11845],[-91.50391,18.11852],[-91.5041,18.11852],[-91.50423,18.11844],[-91.50434,18.11812],[-91.50428,18.11784],[-91.50405,18.1178],[-91.50394,18.11769],[-91.50385,18.11753],[-91.50388,18.11731],[-91.50396,18.11715],[-91.50413,18.11694],[-91.50424,18.11678],[-91.50424,18.11666],[-91.50414,18.11656],[-91.50404,18.11646],[-91.50387,18.11647],[-91.50383,18.11668],[-91.50372,18.11684],[-91.50351,18.11687],[-91.50311,18.11675],[-91.50291,18.1168],[-91.5027,18.11682],[-91.50255,18.11688],[-91.50241,18.11701],[-91.50231,18.11711],[-91.50223,18.11727],[-91.50215,18.11741],[-91.502,18.1176],[-91.50171,18.11767],[-91.5014,18.11769],[-91.50105,18.11762],[-91.50078,18.11752],[-91.50065,18.1174],[-91.50059,18.11731],[-91.50077,18.11716],[-91.50092,18.11706],[-91.50105,18.11695],[-91.50113,18.1168],[-91.5012,18.11659],[-91.50118,18.11645],[-91.50112,18.11637],[-91.50096,18.11633],[-91.50079,18.11633],[-91.50062,18.1164],[-91.50054,18.11653],[-91.50041,18.11658],[-91.50013,18.11661],[-91.49984,18.11663],[-91.49954,18.11661],[-91.49939,18.11655],[-91.49918,18.11642],[-91.4991,18.11622],[-91.49918,18.11593],[-91.49923,18.11574],[-91.49914,18.11562],[-91.4989,18.11567],[-91.49868,18.11565],[-91.49854,18.11557],[-91.49846,18.11547],[-91.49837,18.11533],[-91.49814,18.11524],[-91.49785,18.11517],[-91.49755,18.11524],[-91.49714,18.11532],[-91.49682,18.11546],[-91.49676,18.11564],[-91.49669,18.11589],[-91.49667,18.11609],[-91.49662,18.11631],[-91.49647,18.11638],[-91.49621,18.11639],[-91.49604,18.11637],[-91.49589,18.11626],[-91.49569,18.11609],[-91.49555,18.11596],[-91.49535,18.11594],[-91.49521,18.11592],[-91.49517,18.11576],[-91.49513,18.11548],[-91.49505,18.11535],[-91.49488,18.11542],[-91.49477,18.1156],[-91.49471,18.1157],[-91.49471,18.11588],[-91.49466,18.11608],[-91.49468,18.1163],[-91.49466,18.11652],[-91.49445,18.11676],[-91.49414,18.11676],[-91.49396,18.11662],[-91.4937,18.11655],[-91.49311,18.11646],[-91.49255,18.11641],[-91.49233,18.11639],[-91.49206,18.11641],[-91.49198,18.1165],[-91.49198,18.11668],[-91.49193,18.11683],[-91.49187,18.11691],[-91.49168,18.11711],[-91.49136,18.11719],[-91.49116,18.11708],[-91.49088,18.11718],[-91.49069,18.11725],[-91.49054,18.11729],[-91.49016,18.11742],[-91.48958,18.11772],[-91.48926,18.11797],[-91.48908,18.11809],[-91.48887,18.11808],[-91.4888,18.1179],[-91.48879,18.11775],[-91.48894,18.11757],[-91.48927,18.11729],[-91.48944,18.11716],[-91.48955,18.1169],[-91.48959,18.11668],[-91.48948,18.11644],[-91.48931,18.11629],[-91.48905,18.11624],[-91.48867,18.11635],[-91.48844,18.11643],[-91.48798,18.11661],[-91.48752,18.11664],[-91.48683,18.11659],[-91.48649,18.11655],[-91.48599,18.11634],[-91.48558,18.11592],[-91.48542,18.11556],[-91.48535,18.11532],[-91.48534,18.11494],[-91.48534,18.11458],[-91.48524,18.11424],[-91.48508,18.11374],[-91.48471,18.1131],[-91.48435,18.11276],[-91.48375,18.11255],[-91.48325,18.11251],[-91.48237,18.11266],[-91.48205,18.11272],[-91.48167,18.11281],[-91.48126,18.11291],[-91.48078,18.11293],[-91.48034,18.113],[-91.47981,18.11306],[-91.4795,18.11302],[-91.47896,18.11289],[-91.4782,18.1127],[-91.47774,18.11278],[-91.47732,18.1128],[-91.47703,18.11259],[-91.47691,18.11235],[-91.47679,18.11165],[-91.47665,18.11093],[-91.47659,18.11049],[-91.47643,18.10997],[-91.47631,18.10971],[-91.47614,18.10917],[-91.47598,18.10871],[-91.47577,18.10833],[-91.47546,18.10803],[-91.47511,18.10789],[-91.4748,18.10772],[-91.4744,18.10754],[-91.47399,18.10722],[-91.47395,18.1071],[-91.47377,18.10661],[-91.47348,18.10612],[-91.47311,18.10576],[-91.47286,18.1055],[-91.4723,18.10516],[-91.47203,18.10503],[-91.4717,18.10483],[-91.47145,18.10469],[-91.47128,18.10461],[-91.4708,18.10441],[-91.47062,18.10426],[-91.47045,18.10402],[-91.47035,18.10378],[-91.47016,18.10362],[-91.46989,18.10348],[-91.46964,18.1034],[-91.46929,18.10338],[-91.46899,18.10341],[-91.46874,18.10347],[-91.46824,18.10365],[-91.46772,18.10362],[-91.46704,18.10383],[-91.46674,18.10393],[-91.46647,18.10405],[-91.46605,18.10419],[-91.4657,18.10418],[-91.46532,18.10416],[-91.46509,18.10406],[-91.46484,18.1038],[-91.46466,18.10342],[-91.4645,18.10295],[-91.46435,18.10271],[-91.46415,18.10243],[-91.4639,18.10223],[-91.46342,18.10203],[-91.46306,18.10198],[-91.46242,18.102],[-91.46162,18.10207],[-91.46127,18.10219],[-91.46091,18.10213],[-91.46035,18.10184],[-91.46004,18.10146],[-91.45988,18.1011],[-91.45969,18.1008],[-91.45938,18.10074],[-91.45894,18.10059],[-91.45852,18.10045],[-91.45806,18.10038],[-91.45789,18.10038],[-91.4576,18.10042],[-91.45739,18.10052],[-91.45716,18.10059],[-91.45703,18.10051],[-91.45695,18.10031],[-91.45693,18.10007],[-91.457,18.09985],[-91.45712,18.09954],[-91.45729,18.09932],[-91.45719,18.09886],[-91.45705,18.09854],[-91.45676,18.09827],[-91.45636,18.09801],[-91.45607,18.09785],[-91.45562,18.09771],[-91.45526,18.0976],[-91.45489,18.09756],[-91.45449,18.09762],[-91.4543,18.09772],[-91.45405,18.09781],[-91.45359,18.09799],[-91.45329,18.09809],[-91.45259,18.09784],[-91.45234,18.09766],[-91.45224,18.09758],[-91.45201,18.09744],[-91.45162,18.09717],[-91.45124,18.09699],[-91.45097,18.09685],[-91.45058,18.09658],[-91.45029,18.09638],[-91.45,18.09606],[-91.44977,18.09574],[-91.44961,18.09528],[-91.44951,18.09498],[-91.44928,18.09474],[-91.44903,18.09472],[-91.44878,18.09483],[-91.44846,18.09497],[-91.44811,18.09517],[-91.44783,18.09532],[-91.44739,18.09556],[-91.4471,18.09568],[-91.4468,18.09588],[-91.4466,18.09589],[-91.44616,18.09593],[-91.44572,18.09591],[-91.44528,18.09578],[-91.4447,18.09542],[-91.44418,18.09508],[-91.44393,18.09434],[-91.4436,18.09394],[-91.44333,18.0936],[-91.4431,18.09324],[-91.44269,18.09264],[-91.44207,18.09201],[-91.44149,18.09137],[-91.44118,18.09089],[-91.44097,18.09043],[-91.44071,18.08984],[-91.44044,18.08942],[-91.44011,18.08872],[-91.43991,18.08824],[-91.43984,18.08711],[-91.43968,18.08673],[-91.43943,18.08639],[-91.43908,18.08616],[-91.43896,18.08584],[-91.43881,18.0855],[-91.43859,18.085],[-91.43828,18.08448],[-91.43789,18.08406],[-91.43747,18.0838],[-91.43701,18.08373],[-91.43676,18.08375],[-91.43628,18.08357],[-91.43593,18.08334],[-91.43555,18.0833],[-91.43535,18.08332],[-91.43509,18.08342],[-91.43466,18.08343],[-91.4342,18.08317],[-91.43385,18.08275],[-91.4337,18.08247],[-91.43337,18.0821],[-91.43295,18.08197],[-91.43257,18.08184],[-91.43225,18.08176],[-91.43177,18.08171],[-91.43141,18.08169],[-91.43027,18.08178],[-91.42984,18.08177],[-91.4294,18.08171],[-91.42904,18.08159],[-91.42856,18.0815],[-91.42819,18.0815],[-91.4279,18.08148],[-91.42744,18.08145],[-91.42696,18.08147],[-91.42627,18.08133],[-91.42577,18.08126],[-91.42548,18.08108],[-91.42531,18.0806],[-91.42502,18.08034],[-91.42471,18.08028],[-91.4244,18.08023],[-91.42412,18.08021],[-91.42382,18.08026],[-91.42344,18.08021],[-91.42288,18.08021],[-91.42211,18.08036],[-91.4217,18.08044],[-91.42126,18.08045],[-91.42048,18.08063],[-91.41918,18.08113],[-91.4187,18.08121],[-91.41849,18.08129],[-91.41809,18.08148],[-91.41761,18.08158],[-91.41713,18.08158],[-91.4165,18.08144],[-91.41599,18.08132],[-91.41563,18.08114],[-91.41527,18.08103],[-91.41487,18.08084],[-91.4145,18.08063],[-91.41425,18.08045],[-91.41398,18.08003],[-91.41365,18.07975],[-91.41305,18.0794],[-91.41253,18.0791],[-91.41215,18.07902],[-91.41188,18.079],[-91.41121,18.07911],[-91.41075,18.07909],[-91.41031,18.0791],[-91.40969,18.07902],[-91.40904,18.07895],[-91.40859,18.07921],[-91.4084,18.07937],[-91.40819,18.07947],[-91.40798,18.07948],[-91.40775,18.07936],[-91.40755,18.07908],[-91.40744,18.07884],[-91.40724,18.07872],[-91.40698,18.0789],[-91.40681,18.07915],[-91.40675,18.07952],[-91.40656,18.07975],[-91.40613,18.07983],[-91.40579,18.07968],[-91.40549,18.07962],[-91.40522,18.07958],[-91.40493,18.0796],[-91.40457,18.07969],[-91.4042,18.07977],[-91.40382,18.07984],[-91.40341,18.07985],[-91.40296,18.0799],[-91.40267,18.07998],[-91.40244,18.08016],[-91.40206,18.08023],[-91.40175,18.08027],[-91.40144,18.08029],[-91.40094,18.08028],[-91.4006,18.08022],[-91.39997,18.08018],[-91.39959,18.08019],[-91.39899,18.08015],[-91.39859,18.08001],[-91.39832,18.07964],[-91.39793,18.07926],[-91.39747,18.07906],[-91.39703,18.07893],[-91.39664,18.07875],[-91.39633,18.07837],[-91.39579,18.07808],[-91.39518,18.07743],[-91.39493,18.07723],[-91.39458,18.07691],[-91.39437,18.07673],[-91.39403,18.07646],[-91.39383,18.07624],[-91.39366,18.07599],[-91.39348,18.07571],[-91.39317,18.0754],[-91.39295,18.0751],[-91.393,18.07454],[-91.39303,18.07399],[-91.39305,18.07339],[-91.39305,18.07282],[-91.39316,18.07199],[-91.39286,18.07162],[-91.39272,18.07129],[-91.39281,18.07094],[-91.39269,18.07045],[-91.39239,18.07001],[-91.39209,18.06961],[-91.39157,18.06942],[-91.39107,18.06932],[-91.39095,18.06898],[-91.39095,18.0686],[-91.39079,18.06822],[-91.39046,18.06788],[-91.39007,18.06749],[-91.38988,18.06715],[-91.3898,18.06675],[-91.38968,18.06647],[-91.38914,18.06621],[-91.38887,18.06624],[-91.38853,18.06628],[-91.38826,18.06622],[-91.38807,18.0661],[-91.38757,18.06587],[-91.38714,18.06567],[-91.38636,18.0654],[-91.38606,18.06524],[-91.38586,18.06498],[-91.38553,18.06463],[-91.38522,18.06439],[-91.38497,18.06425],[-91.38443,18.06407],[-91.38415,18.06408],[-91.38372,18.06396],[-91.38309,18.06387],[-91.3828,18.06393],[-91.38213,18.06411],[-91.38163,18.06422],[-91.38133,18.0644],[-91.38106,18.0646],[-91.38079,18.06455],[-91.38052,18.06447],[-91.3802,18.06439],[-91.37993,18.06427],[-91.37956,18.06418],[-91.37925,18.06408],[-91.37882,18.06418],[-91.37856,18.06456],[-91.37842,18.06476],[-91.37804,18.06491],[-91.37764,18.06497],[-91.37712,18.06526],[-91.37688,18.06554],[-91.37661,18.066],[-91.37617,18.06618],[-91.37581,18.06637],[-91.37566,18.06647],[-91.37552,18.06665],[-91.37535,18.06683],[-91.37512,18.06702],[-91.37459,18.0672],[-91.3742,18.0672],[-91.37374,18.06717],[-91.37332,18.06713],[-91.37317,18.06723],[-91.37271,18.06734],[-91.37234,18.06742],[-91.37192,18.06736],[-91.37144,18.06739],[-91.37098,18.06747],[-91.37062,18.06749],[-91.36994,18.06752],[-91.36946,18.06758],[-91.369,18.06749],[-91.36873,18.06735],[-91.36853,18.06697],[-91.36838,18.06663],[-91.36818,18.06633],[-91.36789,18.06613],[-91.36759,18.06619],[-91.3673,18.0664],[-91.36711,18.06664],[-91.36692,18.06682],[-91.36673,18.06698],[-91.36648,18.06703],[-91.36625,18.06687],[-91.36611,18.06683],[-91.36596,18.06691],[-91.36583,18.06707],[-91.36568,18.06729],[-91.36552,18.06751],[-91.36535,18.06774],[-91.36516,18.068],[-91.36482,18.0682],[-91.36455,18.06832],[-91.36444,18.06853],[-91.36433,18.06877],[-91.36444,18.06905],[-91.3642,18.06933],[-91.36393,18.06937],[-91.3636,18.06911],[-91.36335,18.06902],[-91.36324,18.06922],[-91.3631,18.06932],[-91.36276,18.06932],[-91.36251,18.06926],[-91.36249,18.0692],[-91.36213,18.06932],[-91.36196,18.06961],[-91.36183,18.06981],[-91.3616,18.06987],[-91.36112,18.06973],[-91.36098,18.06985],[-91.36064,18.06976],[-91.36035,18.0697],[-91.36025,18.06986],[-91.36016,18.07008],[-91.35999,18.07022],[-91.35978,18.07032],[-91.35943,18.07037],[-91.35916,18.07019],[-91.35885,18.06987],[-91.35845,18.06955],[-91.35804,18.06934],[-91.35772,18.06946],[-91.3574,18.06945],[-91.35713,18.06945],[-91.35655,18.06923],[-91.35611,18.069],[-91.35563,18.0688],[-91.35513,18.06862],[-91.35471,18.06861],[-91.35444,18.06861],[-91.35405,18.06853],[-91.35382,18.06833],[-91.35365,18.06805],[-91.35349,18.06788],[-91.35328,18.06754],[-91.35297,18.06722],[-91.35256,18.067],[-91.35216,18.06679],[-91.35169,18.0666],[-91.35111,18.06652],[-91.3508,18.06636],[-91.35057,18.06614],[-91.35026,18.06579],[-91.34985,18.06539],[-91.3496,18.06503],[-91.34947,18.06483],[-91.34902,18.06459],[-91.34858,18.06444],[-91.3481,18.06428],[-91.34775,18.06412],[-91.34716,18.06395],[-91.34671,18.06385],[-91.34645,18.06396],[-91.3462,18.06406],[-91.34585,18.06416],[-91.3457,18.0642],[-91.34558,18.06398],[-91.34516,18.06381],[-91.34499,18.06387],[-91.34478,18.06399],[-91.34451,18.06403],[-91.3443,18.06393],[-91.3442,18.06375],[-91.34401,18.06362],[-91.34378,18.06362],[-91.34362,18.06374],[-91.34343,18.06386],[-91.3431,18.06395],[-91.34285,18.06397],[-91.34252,18.06395],[-91.34212,18.06397],[-91.34174,18.06392],[-91.3416,18.06402],[-91.34151,18.06428],[-91.34118,18.0643],[-91.34076,18.06417],[-91.34041,18.06393],[-91.34016,18.06373],[-91.33985,18.06349],[-91.33953,18.06346],[-91.33914,18.06356],[-91.33872,18.06366],[-91.33853,18.06386],[-91.33821,18.06399],[-91.33785,18.06402],[-91.33751,18.06388],[-91.3371,18.06394],[-91.33682,18.0639],[-91.33652,18.06384],[-91.33623,18.06376],[-91.33598,18.06373],[-91.33579,18.06365],[-91.33555,18.0635],[-91.33519,18.0634],[-91.33479,18.06328],[-91.33447,18.06321],[-91.33409,18.06311],[-91.33377,18.06318],[-91.33351,18.06328],[-91.33307,18.06333],[-91.33289,18.06355],[-91.33281,18.06374],[-91.33263,18.06369],[-91.33235,18.06361],[-91.33212,18.06359],[-91.3321,18.06314],[-91.33164,18.06293],[-91.33132,18.06277],[-91.33117,18.0627],[-91.33071,18.0625],[-91.33039,18.0625],[-91.33009,18.06288],[-91.32987,18.06285],[-91.32959,18.0628],[-91.32929,18.06278],[-91.32898,18.0628],[-91.32875,18.06279],[-91.32848,18.06276],[-91.32829,18.0628],[-91.32805,18.06289],[-91.32768,18.0629],[-91.32744,18.0628],[-91.32702,18.06267],[-91.32668,18.06242],[-91.32662,18.06206],[-91.32669,18.06164],[-91.32648,18.06113],[-91.32632,18.06078],[-91.32612,18.06044],[-91.32581,18.06026],[-91.32595,18.05972],[-91.32561,18.05972],[-91.32533,18.05967],[-91.32512,18.05959],[-91.32493,18.05945],[-91.32477,18.05923],[-91.32463,18.05897],[-91.32419,18.05891],[-91.32396,18.05897],[-91.32373,18.05906],[-91.32341,18.0591],[-91.32331,18.05874],[-91.32327,18.0584],[-91.32337,18.05804],[-91.32354,18.05777],[-91.32366,18.05737],[-91.32373,18.05699],[-91.32375,18.05663],[-91.32373,18.05629],[-91.32369,18.05595],[-91.3236,18.0556],[-91.32357,18.05534],[-91.32388,18.05524],[-91.32414,18.05537],[-91.32421,18.05511],[-91.32442,18.05474],[-91.32431,18.05442],[-91.32415,18.05408],[-91.32384,18.05387],[-91.32365,18.05363],[-91.32335,18.05329],[-91.32303,18.05304],[-91.3229,18.05293],[-91.32252,18.05271],[-91.32227,18.05263],[-91.32183,18.05268],[-91.32167,18.05262],[-91.32148,18.05242],[-91.32117,18.05232],[-91.32069,18.0522],[-91.32074,18.05186],[-91.32074,18.05127],[-91.32031,18.05101],[-91.3197,18.05067],[-91.31923,18.05025],[-91.31892,18.0498],[-91.3184,18.04938],[-91.31788,18.04918],[-91.31746,18.04917],[-91.31715,18.04917],[-91.31675,18.04917],[-91.31617,18.04912],[-91.31563,18.04898],[-91.31521,18.04883],[-91.31473,18.04879],[-91.3144,18.04873],[-91.31386,18.04854],[-91.31359,18.04844],[-91.31353,18.04843],[-91.31334,18.04839],[-91.31291,18.04821],[-91.31266,18.04811],[-91.3123,18.04803],[-91.31203,18.04804],[-91.31168,18.04804],[-91.31138,18.04808],[-91.3112,18.04804],[-91.31095,18.04801],[-91.31069,18.04809],[-91.31051,18.04811],[-91.31034,18.04809],[-91.3102,18.04804],[-91.30999,18.04787],[-91.30984,18.04774],[-91.30962,18.04744],[-91.30935,18.0472],[-91.30897,18.04706],[-91.30856,18.04691],[-91.30816,18.04693],[-91.30776,18.04693],[-91.30766,18.04683],[-91.30743,18.04663],[-91.30708,18.0463],[-91.30654,18.04594],[-91.30602,18.04589],[-91.30548,18.04584],[-91.30517,18.04572],[-91.30482,18.04562],[-91.30459,18.04549],[-91.30432,18.04525],[-91.30403,18.04505],[-91.30357,18.04499],[-91.30334,18.04489],[-91.30314,18.04476],[-91.30278,18.04448],[-91.30258,18.04438],[-91.30229,18.04416],[-91.30197,18.04397],[-91.3017,18.04391],[-91.30149,18.04393],[-91.30131,18.04381],[-91.3011,18.04365],[-91.30087,18.04353],[-91.3006,18.04342],[-91.30033,18.04338],[-91.30008,18.04338],[-91.29981,18.04338],[-91.29956,18.04317],[-91.29935,18.04307],[-91.29906,18.04303],[-91.29883,18.04302],[-91.29857,18.04298],[-91.29842,18.04285],[-91.29829,18.04272],[-91.29811,18.04242],[-91.2979,18.04226],[-91.29763,18.0422],[-91.29707,18.04204],[-91.29674,18.04194],[-91.29714,18.04144],[-91.29705,18.04117],[-91.29657,18.04091],[-91.29615,18.0408],[-91.29603,18.04042],[-91.29622,18.04025],[-91.29607,18.03995],[-91.29555,18.03993],[-91.2955,18.03971],[-91.29562,18.03917],[-91.29543,18.03885],[-91.29516,18.03861],[-91.29475,18.03847],[-91.29456,18.03825],[-91.29438,18.03796],[-91.29411,18.03784],[-91.2937,18.03754],[-91.29336,18.03704],[-91.29303,18.03651],[-91.29287,18.03635],[-91.29279,18.03605],[-91.29262,18.03571],[-91.29248,18.03525],[-91.29211,18.03495],[-91.29176,18.03479],[-91.29138,18.03478],[-91.29099,18.03466],[-91.29069,18.03448],[-91.29028,18.03419],[-91.28995,18.03389],[-91.28952,18.03382],[-91.28925,18.03377],[-91.28882,18.03367],[-91.28855,18.03355],[-91.28844,18.03345],[-91.28832,18.03327],[-91.28807,18.033],[-91.28793,18.03286],[-91.28776,18.0327],[-91.28762,18.03244],[-91.28745,18.03216],[-91.2872,18.03198],[-91.287,18.0318],[-91.28679,18.03152],[-91.28648,18.03141],[-91.28627,18.03127],[-91.28606,18.03097],[-91.28575,18.03087],[-91.28555,18.03053],[-91.28544,18.0298],[-91.28509,18.0298],[-91.28466,18.02987],[-91.28448,18.02984],[-91.28413,18.0296],[-91.28383,18.02931],[-91.28371,18.02886],[-91.28408,18.02855],[-91.28412,18.02821],[-91.28414,18.02808],[-91.28414,18.02794],[-91.28414,18.02779],[-91.28409,18.02763],[-91.28397,18.02744],[-91.28384,18.02736],[-91.2837,18.0273],[-91.2836,18.02722],[-91.28356,18.02709],[-91.28352,18.02695],[-91.28344,18.02679],[-91.2834,18.02662],[-91.28344,18.02648],[-91.28338,18.0262],[-91.28305,18.02599],[-91.28292,18.02582],[-91.28272,18.0256],[-91.28261,18.02539],[-91.2825,18.02521],[-91.28238,18.02504],[-91.28222,18.02487],[-91.28206,18.02468],[-91.28183,18.02444],[-91.28165,18.02422],[-91.28142,18.02401],[-91.28105,18.0238],[-91.28081,18.02373],[-91.28068,18.02364],[-91.28054,18.02346],[-91.28041,18.02331],[-91.28023,18.02324],[-91.28004,18.02321],[-91.27987,18.02315],[-91.27966,18.0231],[-91.27954,18.02304],[-91.27939,18.02295],[-91.27926,18.02282],[-91.27917,18.02271],[-91.27908,18.02263],[-91.27896,18.02265],[-91.27879,18.0227],[-91.27863,18.02269],[-91.27856,18.02266],[-91.27851,18.02252],[-91.27846,18.02235],[-91.27847,18.02218],[-91.27842,18.02206],[-91.27821,18.022],[-91.27804,18.02202],[-91.27787,18.02211],[-91.27748,18.02201],[-91.27701,18.02189],[-91.27666,18.0218],[-91.27652,18.02169],[-91.27629,18.02153],[-91.27614,18.02137],[-91.27606,18.02124],[-91.276,18.02106],[-91.27598,18.02088],[-91.27589,18.02082],[-91.27577,18.02075],[-91.27549,18.02063],[-91.27532,18.02056],[-91.27505,18.02045],[-91.27488,18.02039],[-91.27478,18.02034],[-91.27464,18.02022],[-91.27448,18.02017],[-91.2743,18.0201],[-91.27391,18.01992],[-91.27357,18.01966],[-91.27344,18.01959],[-91.27322,18.01949],[-91.273,18.01936],[-91.27277,18.01921],[-91.27255,18.01903],[-91.27228,18.0189],[-91.27199,18.01879],[-91.27182,18.0187],[-91.27154,18.01857],[-91.27138,18.01847],[-91.27111,18.01835],[-91.27094,18.01826],[-91.27078,18.01816],[-91.27065,18.01807],[-91.27042,18.01794],[-91.27021,18.01785],[-91.26998,18.01775],[-91.26971,18.01763],[-91.26945,18.01752],[-91.26906,18.01733],[-91.26887,18.01718],[-91.26853,18.017],[-91.26813,18.01683],[-91.26781,18.01665],[-91.26758,18.01655],[-91.26713,18.01636],[-91.26691,18.01626],[-91.26676,18.01617],[-91.2667,18.01604],[-91.26662,18.0159],[-91.26648,18.01582],[-91.26636,18.01579],[-91.26619,18.01575],[-91.26609,18.01575],[-91.26586,18.0157],[-91.2657,18.0156],[-91.26554,18.01552],[-91.26543,18.01543],[-91.26524,18.01532],[-91.26515,18.01521],[-91.26497,18.01508],[-91.26473,18.01493],[-91.26448,18.01483],[-91.26443,18.01478],[-91.26436,18.01468],[-91.26428,18.01452],[-91.2642,18.01437],[-91.26394,18.01422],[-91.26386,18.01414],[-91.26373,18.01406],[-91.26346,18.01392],[-91.26329,18.01385],[-91.26302,18.01375],[-91.26275,18.01361],[-91.26266,18.01352],[-91.26256,18.01338],[-91.26249,18.01325],[-91.26245,18.01304],[-91.26245,18.01289],[-91.26242,18.01273],[-91.26227,18.01266],[-91.26218,18.01268],[-91.26211,18.0128],[-91.26201,18.01286],[-91.26196,18.01281],[-91.26189,18.01269],[-91.26186,18.01255],[-91.26184,18.01248],[-91.26177,18.01244],[-91.26155,18.01237],[-91.26147,18.01232],[-91.2615,18.01214],[-91.2614,18.01205],[-91.26129,18.01199],[-91.26119,18.01196],[-91.26104,18.01191],[-91.26082,18.01189],[-91.26062,18.01189],[-91.26047,18.01188],[-91.26035,18.01184],[-91.26027,18.01174],[-91.2602,18.01164],[-91.26007,18.0114],[-91.25997,18.01124],[-91.25987,18.0111],[-91.25973,18.01099],[-91.25952,18.01093],[-91.25935,18.01089],[-91.25919,18.01086],[-91.25912,18.0108],[-91.259,18.01067],[-91.25888,18.01058],[-91.25873,18.0105],[-91.25858,18.01046],[-91.25844,18.01046],[-91.2583,18.01041],[-91.25817,18.01035],[-91.25809,18.01027],[-91.25792,18.01019],[-91.25781,18.01013],[-91.25767,18.0101],[-91.25747,18.01007],[-91.25729,18.01006],[-91.25702,18.01001],[-91.25692,18.00996],[-91.25676,18.00995],[-91.2566,18.00992],[-91.25643,18.00991],[-91.25629,18.00992],[-91.25615,18.00994],[-91.25602,18.00993],[-91.25592,18.00987],[-91.25588,18.00979],[-91.25576,18.00969],[-91.25559,18.00963],[-91.25543,18.00963],[-91.25535,18.00968],[-91.25529,18.00987],[-91.25515,18.00993],[-91.25488,18.00989],[-91.25479,18.00988],[-91.25473,18.00979],[-91.25463,18.00967],[-91.25453,18.00963],[-91.2544,18.00966],[-91.25426,18.00965],[-91.25414,18.00945],[-91.25412,18.00932],[-91.25404,18.00924],[-91.25394,18.00925],[-91.25382,18.00927],[-91.25368,18.00928],[-91.25353,18.00929],[-91.25336,18.00929],[-91.25322,18.00928],[-91.25312,18.00921],[-91.25305,18.00906],[-91.25303,18.00889],[-91.25297,18.00868],[-91.25282,18.00852],[-91.2527,18.00845],[-91.25254,18.00839],[-91.2524,18.00832],[-91.25229,18.00823],[-91.25211,18.00811],[-91.25202,18.00801],[-91.25187,18.00793],[-91.25172,18.00772],[-91.25165,18.00755],[-91.25157,18.00738],[-91.25152,18.00723],[-91.25147,18.0071],[-91.25129,18.00689],[-91.2511,18.00675],[-91.25087,18.0066],[-91.25069,18.00669],[-91.25049,18.00674],[-91.25029,18.00672],[-91.25014,18.00679],[-91.25011,18.0067],[-91.25008,18.00654],[-91.25009,18.00643],[-91.24991,18.0063],[-91.24978,18.00616],[-91.24962,18.00604],[-91.24947,18.00593],[-91.24934,18.00578],[-91.24926,18.00564],[-91.24918,18.0055],[-91.24911,18.00531],[-91.24906,18.0051],[-91.24898,18.00498],[-91.24876,18.00487],[-91.24863,18.00482],[-91.2485,18.00475],[-91.24841,18.00467],[-91.24837,18.00453],[-91.24838,18.00443],[-91.24836,18.00424],[-91.24834,18.00407],[-91.24827,18.00392],[-91.2482,18.00372],[-91.24811,18.00349],[-91.24808,18.0033],[-91.24803,18.00304],[-91.24804,18.0028],[-91.24801,18.00261],[-91.2481,18.00241],[-91.24816,18.00223],[-91.24836,18.00206],[-91.24843,18.00199],[-91.24851,18.0019],[-91.24865,18.0017],[-91.24863,18.00147],[-91.24855,18.00132],[-91.24841,18.0012],[-91.24843,18.00102],[-91.2484,18.00087],[-91.24832,18.00069],[-91.24818,18.00058],[-91.248,18.0005],[-91.24776,18.00042],[-91.24765,18.00017],[-91.24744,18.00004],[-91.24727,18.00001],[-91.24713,17.99992],[-91.24706,17.99988],[-91.24699,17.99982],[-91.24694,17.99974],[-91.24683,17.99962],[-91.24676,17.99949],[-91.24666,17.99939],[-91.2466,17.99932],[-91.24654,17.99927],[-91.24648,17.99916],[-91.24643,17.99907],[-91.24643,17.99896],[-91.24637,17.99888],[-91.24625,17.99885],[-91.24614,17.99888],[-91.24603,17.99882],[-91.24597,17.99872],[-91.24597,17.99856],[-91.24595,17.99843],[-91.24587,17.9983],[-91.24565,17.99816],[-91.24574,17.99799],[-91.24587,17.99787],[-91.24577,17.99773],[-91.24563,17.99761],[-91.24556,17.99749],[-91.24553,17.99736],[-91.24569,17.99723],[-91.24567,17.99707],[-91.24556,17.99694],[-91.24545,17.99677],[-91.24528,17.99665],[-91.24514,17.99652],[-91.24499,17.99648],[-91.24487,17.99642],[-91.24485,17.99629],[-91.2449,17.99611],[-91.24494,17.99589],[-91.24493,17.99573],[-91.24481,17.99555],[-91.24453,17.99547],[-91.24429,17.99542],[-91.24396,17.99537],[-91.2437,17.9952],[-91.24352,17.99494],[-91.24347,17.99468],[-91.24351,17.99447],[-91.24357,17.9941],[-91.24357,17.99388],[-91.24368,17.99357],[-91.24373,17.99324],[-91.24375,17.99293],[-91.24372,17.99268],[-91.24356,17.99215],[-91.24351,17.99184],[-91.24343,17.9917],[-91.24327,17.99146],[-91.24333,17.99134],[-91.24364,17.99132],[-91.24378,17.99113],[-91.24372,17.99099],[-91.24357,17.99087],[-91.2435,17.9907],[-91.24353,17.99051],[-91.24346,17.99031],[-91.24335,17.99018],[-91.24315,17.9901],[-91.24294,17.99004],[-91.2428,17.98992],[-91.24254,17.98968],[-91.24239,17.9895],[-91.24224,17.98925],[-91.24206,17.98889],[-91.24174,17.9888],[-91.24151,17.98872],[-91.24143,17.98857],[-91.24131,17.98838],[-91.24118,17.98812],[-91.24098,17.98791],[-91.24068,17.98765],[-91.24044,17.9874],[-91.24001,17.987],[-91.23967,17.98674],[-91.23943,17.98654],[-91.239,17.98627],[-91.23869,17.98604],[-91.23824,17.98574],[-91.23819,17.98572],[-91.23794,17.98556],[-91.23764,17.9854],[-91.2374,17.98527],[-91.23708,17.98513],[-91.23684,17.98503],[-91.23647,17.98489],[-91.23623,17.98483],[-91.23585,17.98474],[-91.23561,17.98468],[-91.23518,17.98457],[-91.23477,17.98444],[-91.23433,17.98431],[-91.23405,17.98418],[-91.23383,17.98402],[-91.23375,17.98391],[-91.2339,17.9837],[-91.23401,17.98351],[-91.23394,17.98339],[-91.23382,17.9833],[-91.23363,17.9832],[-91.23348,17.98312],[-91.23333,17.98305],[-91.23316,17.98299],[-91.23307,17.98302],[-91.23292,17.98311],[-91.23286,17.9832],[-91.23271,17.9832],[-91.23264,17.98314],[-91.23252,17.98304],[-91.23238,17.98285],[-91.23219,17.98273],[-91.23189,17.98262],[-91.23187,17.98265],[-91.23182,17.98276],[-91.23178,17.98287],[-91.23178,17.98297],[-91.2317,17.98301],[-91.23157,17.98297],[-91.23146,17.98288],[-91.2314,17.98279],[-91.23129,17.98265],[-91.23124,17.98249],[-91.23118,17.98231],[-91.23102,17.9822],[-91.23085,17.98212],[-91.2307,17.98214],[-91.23044,17.98216],[-91.23025,17.98219],[-91.22999,17.98219],[-91.22982,17.98217],[-91.22956,17.98217],[-91.22933,17.98211],[-91.22909,17.98206],[-91.22887,17.98195],[-91.22864,17.98185],[-91.22847,17.98177],[-91.22829,17.98182],[-91.22819,17.98196],[-91.22811,17.98212],[-91.22798,17.98221],[-91.22779,17.98235],[-91.22752,17.98221],[-91.22726,17.98238],[-91.22707,17.98222],[-91.22695,17.98205],[-91.22662,17.9819],[-91.22652,17.98167],[-91.22623,17.98158],[-91.226,17.98156],[-91.22575,17.98148],[-91.22555,17.98143],[-91.22532,17.98141],[-91.22508,17.98133],[-91.22488,17.98131],[-91.22461,17.98131],[-91.22437,17.98136],[-91.22398,17.98132],[-91.22375,17.98133],[-91.22357,17.98115],[-91.22371,17.98097],[-91.22355,17.98078],[-91.22344,17.9806],[-91.22329,17.98047],[-91.22317,17.98038],[-91.22305,17.98029],[-91.22285,17.98011],[-91.22268,17.97995],[-91.22237,17.97974],[-91.22236,17.97962],[-91.2223,17.97947],[-91.22221,17.97935],[-91.2221,17.9792],[-91.22195,17.97904],[-91.22182,17.97908],[-91.22169,17.97922],[-91.22152,17.97934],[-91.22133,17.97936],[-91.22107,17.97948],[-91.22092,17.97943],[-91.2209,17.97934],[-91.22088,17.97917],[-91.22086,17.97907],[-91.22088,17.97894],[-91.22096,17.97876],[-91.22098,17.97857],[-91.22102,17.97833],[-91.22106,17.97808],[-91.22093,17.97792],[-91.22078,17.97779],[-91.22058,17.9777],[-91.22037,17.97761],[-91.22,17.9775],[-91.21979,17.97741],[-91.21953,17.97733],[-91.21912,17.97729],[-91.21888,17.97724],[-91.21869,17.97715],[-91.21864,17.97699],[-91.2186,17.97686],[-91.21857,17.97666],[-91.21849,17.97645],[-91.21848,17.97632],[-91.21842,17.9762],[-91.21825,17.97605],[-91.21812,17.97594],[-91.21809,17.97585],[-91.21801,17.97578],[-91.21792,17.97565],[-91.21783,17.97547],[-91.21768,17.97508],[-91.21746,17.97499],[-91.2173,17.97518],[-91.2172,17.97525],[-91.21703,17.97534],[-91.21686,17.97536],[-91.21673,17.9753],[-91.21658,17.97521],[-91.21647,17.97517],[-91.2164,17.97519],[-91.21632,17.97524],[-91.21625,17.9753],[-91.21611,17.9754],[-91.21596,17.97551],[-91.21583,17.97554],[-91.21572,17.97558],[-91.21551,17.97556],[-91.21529,17.97556],[-91.21503,17.97548],[-91.21488,17.97541],[-91.21469,17.97532],[-91.21443,17.97523],[-91.21421,17.97515],[-91.21404,17.97511],[-91.21383,17.97506],[-91.21368,17.975],[-91.21365,17.97493],[-91.21361,17.97481],[-91.21352,17.97468],[-91.21337,17.97461],[-91.21315,17.9745],[-91.21296,17.97444],[-91.21281,17.97441],[-91.21255,17.97433],[-91.21234,17.97435],[-91.21219,17.97438],[-91.21201,17.97443],[-91.21185,17.97454],[-91.21176,17.97468],[-91.2117,17.97479],[-91.21166,17.97491],[-91.21166,17.97511],[-91.21168,17.97524],[-91.21173,17.97538],[-91.21177,17.97565],[-91.21169,17.97585],[-91.2115,17.97593],[-91.21139,17.97593],[-91.21124,17.97597],[-91.21111,17.97606],[-91.21092,17.97605],[-91.21083,17.97595],[-91.21072,17.97584],[-91.21046,17.97558],[-91.21033,17.97544],[-91.21009,17.9754],[-91.20982,17.97544],[-91.20952,17.97551],[-91.20941,17.97567],[-91.20926,17.97579],[-91.20899,17.97569],[-91.20864,17.9755],[-91.20844,17.97545],[-91.20821,17.97547],[-91.20814,17.97554],[-91.20796,17.97566],[-91.20778,17.97578],[-91.20758,17.97585],[-91.20728,17.97589],[-91.20708,17.97596],[-91.20678,17.97606],[-91.20658,17.97613],[-91.20623,17.97617],[-91.20603,17.97605],[-91.20588,17.97583],[-91.20581,17.97574],[-91.20568,17.97559],[-91.20559,17.97542],[-91.20534,17.97511],[-91.20522,17.97489],[-91.20499,17.97465],[-91.20482,17.97455],[-91.20457,17.97477],[-91.20427,17.97516],[-91.20427,17.97524],[-91.20403,17.97547],[-91.20387,17.97556],[-91.20369,17.97567],[-91.20354,17.97579],[-91.2033,17.97584],[-91.20314,17.97584],[-91.20287,17.97578],[-91.20278,17.97578],[-91.20275,17.97587],[-91.20275,17.9761],[-91.20269,17.97627],[-91.20262,17.97636],[-91.20247,17.9763],[-91.20214,17.97624],[-91.20181,17.97618],[-91.20163,17.97609],[-91.20145,17.97583],[-91.20121,17.97562],[-91.20112,17.97545],[-91.20106,17.97524],[-91.20085,17.97498],[-91.20064,17.97469],[-91.20037,17.97454],[-91.20013,17.97451],[-91.19988,17.97465],[-91.19964,17.97474],[-91.1994,17.975],[-91.19924,17.97525],[-91.19912,17.9756],[-91.19893,17.97606],[-91.19893,17.97667],[-91.19869,17.97714],[-91.19839,17.97739],[-91.19793,17.97751],[-91.19757,17.97753],[-91.19702,17.97738],[-91.19567,17.97662],[-91.19546,17.9765],[-91.19513,17.97629],[-91.19511,17.97794],[-91.19499,17.97809],[-91.19468,17.97811],[-91.19447,17.97811],[-91.19423,17.97793],[-91.19396,17.97779],[-91.19372,17.97773],[-91.1935,17.97799],[-91.19305,17.97818],[-91.19271,17.97821],[-91.19235,17.97795],[-91.19199,17.9778],[-91.19172,17.97765],[-91.19151,17.97716],[-91.19127,17.97692],[-91.191,17.97663],[-91.19076,17.97628],[-91.19046,17.97599],[-91.19022,17.9759],[-91.19001,17.97584],[-91.18965,17.97572],[-91.18946,17.97588],[-91.18912,17.97597],[-91.18864,17.97602],[-91.18858,17.97564],[-91.18855,17.97521],[-91.18837,17.97515],[-91.18804,17.97497],[-91.18777,17.9748],[-91.1875,17.97453],[-91.18735,17.9743],[-91.1872,17.97401],[-91.18687,17.97377],[-91.18657,17.97345],[-91.18636,17.97316],[-91.186,17.97301],[-91.18561,17.97295],[-91.185,17.97292],[-91.18448,17.97317],[-91.1836,17.97354],[-91.18269,17.97382],[-91.18211,17.97413],[-91.18178,17.97445],[-91.18156,17.97477],[-91.18153,17.97511],[-91.18143,17.97558],[-91.18135,17.97607],[-91.18122,17.97657],[-91.18095,17.97668],[-91.18059,17.97662],[-91.18032,17.97638],[-91.17974,17.97612],[-91.17935,17.97588],[-91.17899,17.97547],[-91.17866,17.97515],[-91.17845,17.97489],[-91.17809,17.97488],[-91.17779,17.975],[-91.17748,17.97505],[-91.17739,17.97494],[-91.17709,17.97487],[-91.17682,17.9749],[-91.17645,17.97487],[-91.17624,17.97501],[-91.17581,17.97536],[-91.17572,17.97544],[-91.17551,17.9757],[-91.17538,17.97587],[-91.17538,17.97608],[-91.17529,17.97639],[-91.1752,17.97651],[-91.17504,17.97665],[-91.17489,17.97674],[-91.17474,17.97685],[-91.17462,17.97688],[-91.17437,17.97691],[-91.1741,17.97696],[-91.17401,17.97696],[-91.17383,17.97713],[-91.1737,17.97725],[-91.17364,17.97754],[-91.17352,17.97777],[-91.17324,17.97794],[-91.17288,17.97799],[-91.1726,17.97805],[-91.17233,17.97784],[-91.172,17.97764],[-91.17176,17.97784],[-91.17094,17.97801],[-91.17085,17.97804],[-91.16658,17.97754],[-91.14473,17.97516],[-91.1464,17.97223],[-91.14923,17.96765],[-91.14966,17.9669],[-91.1504,17.96478],[-91.15112,17.96267],[-91.13318,17.95801],[-91.13067,17.98225],[-91.11358,17.97585],[-91.11622,17.97129],[-91.11622,17.97126],[-91.11844,17.9674],[-91.11942,17.96543],[-91.1202,17.96338],[-91.11772,17.96335],[-91.11142,17.96335],[-91.10698,17.96334],[-91.10461,17.96333],[-91.0967,17.96329],[-91.09422,17.96328],[-91.09182,17.9633],[-91.08946,17.9633],[-91.08633,17.96322],[-91.07962,17.96321],[-91.06628,17.96315],[-91.05825,17.96313],[-91.05775,17.96313],[-91.05673,17.96312],[-91.05195,17.96309],[-91.043,17.96303],[-91.0301,17.96295],[-91.02536,17.96289],[-91.02298,17.96289],[-91.02061,17.96287],[-91.01618,17.96285],[-91.01402,17.96285],[-91.01169,17.96279],[-91.00638,17.96276],[-91.00389,17.96278],[-91.00157,17.96274],[-90.99856,17.96273],[-90.99616,17.96268],[-90.99506,17.96268],[-90.99347,17.96269],[-90.99044,17.9626],[-90.98795,17.96255],[-90.98794,17.9621],[-90.98762,17.95082],[-90.98762,17.94824],[-90.98762,17.94824],[-90.98763,17.94209],[-90.98763,17.94022],[-90.98763,17.93888],[-90.98764,17.92865],[-90.98765,17.92058],[-90.98765,17.91671],[-90.98765,17.916],[-90.98767,17.90135],[-90.99551,17.90216],[-90.99552,17.89855],[-90.99554,17.89433],[-90.99564,17.87549],[-90.99045,17.87534],[-90.98766,17.87536],[-90.98766,17.87197],[-90.98765,17.86718],[-90.98765,17.86486],[-90.98766,17.85505],[-90.98767,17.85253],[-90.98768,17.84747],[-90.9877,17.84258],[-90.98769,17.83986],[-90.98766,17.83713],[-90.98765,17.83445],[-90.98764,17.83173],[-90.98769,17.82997],[-90.98764,17.82898],[-90.98765,17.82625],[-90.98764,17.82356],[-90.98765,17.82086],[-90.98764,17.81547],[-90.97823,17.81541],[-90.97446,17.81542],[-90.97068,17.81542],[-90.9669,17.81545],[-90.96061,17.81539],[-90.95454,17.81553],[-90.92538,17.81545],[-90.92387,17.8154],[-90.9183,17.81538],[-90.91575,17.81543],[-90.91004,17.81542],[-90.90438,17.81539],[-90.90154,17.81533],[-90.89877,17.81532],[-90.89591,17.81532],[-90.89306,17.81531],[-90.88784,17.81529],[-90.88545,17.81527],[-90.88278,17.8154],[-90.87901,17.81529],[-90.87807,17.81527],[-90.8768,17.81524],[-90.87674,17.81523],[-90.87522,17.81521],[-90.87396,17.81532],[-90.86914,17.8153],[-90.86531,17.81525],[-90.86153,17.81529],[-90.85772,17.81531],[-90.85393,17.81534],[-90.85388,17.81534],[-90.85006,17.81539],[-90.84635,17.81536],[-90.84214,17.81536],[-90.84063,17.81535],[-90.83931,17.81534],[-90.83239,17.81543],[-90.82448,17.81542],[-90.8175,17.81546],[-90.81498,17.81548],[-90.81372,17.81559],[-90.81254,17.81558],[-90.8114,17.81557],[-90.8103,17.81558],[-90.80921,17.81557],[-90.80549,17.81557],[-90.80094,17.81558],[-90.78661,17.81562],[-90.77758,17.81566],[-90.76724,17.81564],[-90.75897,17.81563],[-90.74524,17.81577],[-90.74432,17.81572],[-90.68443,17.81572],[-90.67493,17.81575],[-90.6702,17.81576],[-90.66542,17.81577],[-90.65594,17.8158],[-90.65019,17.81582],[-90.64832,17.81582],[-90.6465,17.81583],[-90.64271,17.81581],[-90.64077,17.81585],[-90.63951,17.81585],[-90.61302,17.81592],[-90.58654,17.81613],[-90.58632,17.81613],[-90.55806,17.81591],[-90.49442,17.81538],[-90.43952,17.81491],[-90.42135,17.81432],[-90.42131,17.81431],[-90.39415,17.81367],[-90.37526,17.81322],[-90.3606,17.81287],[-90.30244,17.81481],[-90.28081,17.81552],[-90.28074,17.81552],[-90.2455,17.81579],[-90.14316,17.81651],[-90.1267,17.81662],[-90.10534,17.81643],[-90.07175,17.81609],[-89.92968,17.81505],[-89.92813,17.81505],[-89.92809,17.81506],[-89.85933,17.81526],[-89.84815,17.81529],[-89.84383,17.81534],[-89.84379,17.81534],[-89.80583,17.81572],[-89.77387,17.81604],[-89.77118,17.81603],[-89.77114,17.81603],[-89.74352,17.81597],[-89.7017,17.81587],[-89.68061,17.81581],[-89.66669,17.81568],[-89.49284,17.81464],[-89.49278,17.81464],[-89.41428,17.81511],[-89.32925,17.81557],[-89.32619,17.81551],[-89.32376,17.81547],[-89.31766,17.81548],[-89.30985,17.81546],[-89.30408,17.81546],[-89.29737,17.81546],[-89.29168,17.81545],[-89.28178,17.81553],[-89.27163,17.81549],[-89.26384,17.81548],[-89.25672,17.81549],[-89.24934,17.81554],[-89.24479,17.81553],[-89.23235,17.81553],[-89.227,17.81551],[-89.22228,17.81554],[-89.21174,17.81553],[-89.20476,17.81552],[-89.19972,17.81552],[-89.18966,17.81552],[-89.15171,17.81561],[-89.15196,17.94026],[-89.15217,17.95361],[-89.19057,17.95376],[-89.20192,17.95401],[-89.20231,17.95402],[-89.20587,17.9541],[-89.20663,17.96557],[-89.20666,17.96614],[-89.20714,17.97336],[-89.20731,17.9852],[-89.20737,17.98933],[-89.20741,17.99265],[-89.20741,17.99308],[-89.20741,17.99315],[-89.20731,18.00745],[-89.20723,18.00937],[-89.2072,18.0101],[-89.2072,18.01013],[-89.20712,18.01198],[-89.20701,18.01459],[-89.20674,18.02108],[-89.19586,18.02052],[-89.19302,18.02035],[-89.163,18.01852],[-89.16327,18.04132],[-89.16328,18.04177],[-89.16328,18.04342],[-89.1633,18.04466],[-89.1633,18.0447],[-89.1633,18.04479],[-89.16332,18.04653],[-89.16334,18.05057],[-89.16336,18.05789],[-89.14475,18.0577],[-89.14471,18.06174],[-89.1445,18.07693],[-89.14438,18.08244],[-89.1516,18.08258],[-89.15183,18.08257],[-89.15192,18.08257],[-89.15209,18.08257],[-89.17851,18.08294],[-89.20246,18.08328],[-89.20024,18.14463],[-89.1638,18.14539],[-89.16377,18.14539],[-89.1637,18.14539],[-89.16367,18.14539],[-89.14307,18.14582],[-89.14317,18.17586],[-89.14287,18.22416],[-89.15806,18.22133],[-89.15167,18.29356],[-89.13236,18.2934],[-89.13821,18.38554],[-89.12977,18.3857],[-89.12123,18.38585],[-89.12406,18.4289],[-89.12406,18.42895],[-89.12407,18.42897],[-89.12407,18.42899],[-89.12489,18.44449],[-89.12549,18.45063],[-89.13408,18.45078],[-89.13411,18.45078],[-89.13413,18.45078],[-89.13415,18.45078],[-89.15024,18.45106],[-89.15009,18.47532],[-89.15008,18.47543],[-89.15008,18.47549],[-89.15008,18.47568],[-89.14962,18.54961],[-89.15133,18.70127],[-89.15131,18.72402],[-89.15191,18.73277],[-89.15212,18.73573],[-89.153,18.74098],[-89.15574,18.75311],[-89.14438,18.75592],[-89.14439,18.75619],[-89.14494,18.79963],[-89.14557,18.80879],[-89.14709,18.84305],[-89.1486,18.87731],[-89.14712,18.99505],[-89.14184,19.0592],[-89.13756,19.11121],[-89.13582,19.13237],[-89.14695,19.13316],[-89.147,19.19857],[-89.14698,19.22659],[-89.14698,19.22661],[-89.14696,19.26199],[-89.14693,19.2815],[-89.14667,19.42386],[-89.1625,19.43732],[-89.16752,19.4416],[-89.29656,19.55117],[-89.41248,19.64938],[-89.41567,19.65374],[-89.42726,19.66961],[-89.44811,19.69835],[-89.4553,19.69901],[-89.45767,19.69922],[-89.46421,19.69982],[-89.46426,19.69982],[-89.4643,19.69982],[-89.46433,19.69983],[-89.46437,19.69983],[-89.46547,19.69991],[-89.46599,19.69996],[-89.4683,19.70016],[-89.47722,19.71105],[-89.47993,19.71655],[-89.48129,19.71952],[-89.49166,19.74223],[-89.47915,19.74065],[-89.47799,19.75123],[-89.47765,19.7545],[-89.47591,19.77122],[-89.49719,19.77284],[-89.5002,19.7731],[-89.5033,19.77336],[-89.50456,19.77345],[-89.50626,19.77376],[-89.50885,19.7739],[-89.51369,19.77417],[-89.51511,19.77427],[-89.51623,19.77442],[-89.51961,19.77482],[-89.52567,19.77555],[-89.52659,19.77742],[-89.52845,19.78127],[-89.52945,19.78336],[-89.52975,19.78401],[-89.53001,19.78453],[-89.53042,19.7854],[-89.53134,19.78734],[-89.53368,19.79231],[-89.53484,19.79471],[-89.53613,19.79746],[-89.53677,19.79844],[-89.53745,19.79938],[-89.5388,19.80125],[-89.54016,19.80313],[-89.54152,19.80499],[-89.54288,19.80687],[-89.54424,19.80874],[-89.54559,19.81061],[-89.54696,19.81248],[-89.54832,19.81435],[-89.54917,19.81551],[-89.54968,19.81622],[-89.57743,19.85351],[-89.57176,19.85296],[-89.5875,19.87442],[-89.5875,19.87442],[-89.58681,19.92046],[-89.59745,19.92112],[-89.59584,19.93742],[-89.60467,19.93828],[-89.5987,19.9982],[-89.68485,20.10242],[-89.68485,20.10242],[-89.68485,20.10242],[-89.68485,20.10242],[-89.73734,20.16583],[-89.74847,20.17927],[-89.74847,20.17927],[-89.75279,20.17655],[-89.77345,20.15308],[-89.7781,20.15097],[-89.77823,20.15097],[-89.78784,20.14445],[-89.79397,20.13617],[-89.80287,20.16491],[-89.80274,20.17071],[-89.80272,20.17079],[-89.80251,20.20161],[-89.84345,20.20928],[-89.84616,20.20969],[-89.8461,20.21377],[-89.84068,20.25103],[-89.87566,20.2531],[-89.87479,20.26225],[-89.87464,20.26382],[-89.87464,20.26385],[-89.87238,20.28763],[-89.87235,20.28763],[-89.83796,20.28718],[-89.83798,20.28719],[-89.83852,20.28785],[-89.85415,20.30666],[-89.86895,20.32449],[-89.88208,20.34029],[-89.90248,20.36484],[-89.90901,20.37269],[-89.9289,20.39661],[-89.92893,20.39664],[-89.94784,20.41937],[-89.95125,20.42346],[-89.96798,20.44357],[-90.00374,20.4865],[-90.00415,20.48699],[-90.00417,20.48702],[-90.00562,20.47739],[-90.00562,20.47737],[-90.00744,20.47744],[-90.00758,20.47747],[-90.02034,20.47708],[-90.02034,20.47708],[-90.02036,20.47708],[-90.02136,20.47638],[-90.02136,20.47638],[-90.02284,20.47555],[-90.02286,20.47554],[-90.02604,20.47367],[-90.02607,20.47366],[-90.02988,20.4719],[-90.02989,20.47189],[-90.0299,20.47189],[-90.03268,20.47098],[-90.03268,20.47097],[-90.03488,20.46969],[-90.0349,20.46967],[-90.03967,20.46823],[-90.03969,20.46822],[-90.04169,20.46645],[-90.04612,20.46156],[-90.04637,20.46102],[-90.0467,20.4606],[-90.0467,20.4606],[-90.04806,20.45984],[-90.04809,20.45982],[-90.04939,20.45724],[-90.0494,20.45722],[-90.04942,20.45719],[-90.04946,20.45712],[-90.04946,20.45711],[-90.04946,20.45711],[-90.05005,20.45603],[-90.0502,20.45457],[-90.04919,20.45416],[-90.04919,20.45416],[-90.0495,20.45359],[-90.04951,20.45357],[-90.04964,20.45359],[-90.04966,20.45359],[-90.05021,20.45264],[-90.05023,20.45261],[-90.05095,20.45295],[-90.05097,20.45296],[-90.05152,20.45169],[-90.05383,20.44742],[-90.05527,20.44451],[-90.05606,20.43894],[-90.0571,20.43299],[-90.0571,20.43297],[-90.06599,20.43397],[-90.06602,20.43398],[-90.06681,20.42819],[-90.06721,20.42524],[-90.06721,20.42523],[-90.10095,20.42525],[-90.10097,20.42525],[-90.10097,20.42525],[-90.10089,20.42582],[-90.10089,20.42582],[-90.10119,20.42626],[-90.10142,20.42648],[-90.10248,20.42699],[-90.10263,20.42704],[-90.10308,20.42729],[-90.10507,20.42849],[-90.10553,20.42909],[-90.10577,20.42922],[-90.10617,20.42945],[-90.10655,20.43019],[-90.10777,20.43149],[-90.10873,20.43196],[-90.1097,20.43238],[-90.11178,20.43355],[-90.11364,20.4341],[-90.11462,20.43463],[-90.11508,20.43491],[-90.11572,20.43515],[-90.11594,20.4353],[-90.11708,20.43585],[-90.11769,20.43604],[-90.11893,20.43667],[-90.1202,20.43705],[-90.12143,20.43755],[-90.12366,20.4384],[-90.12582,20.43925],[-90.12798,20.43991],[-90.12927,20.44035],[-90.13033,20.4416],[-90.13104,20.44275],[-90.13154,20.44306],[-90.13157,20.44308],[-90.13157,20.44308],[-90.1315,20.44246],[-90.1315,20.44246],[-90.13245,20.43967],[-90.13246,20.43966],[-90.13351,20.43977],[-90.13431,20.43981],[-90.13493,20.43986],[-90.13543,20.4399],[-90.13841,20.44023],[-90.1398,20.44038],[-90.14505,20.4412],[-90.14778,20.4416],[-90.14975,20.44168],[-90.15225,20.44176],[-90.15423,20.44172],[-90.15854,20.44191],[-90.16051,20.44186],[-90.16614,20.44123],[-90.1694,20.44056],[-90.17848,20.43766],[-90.1863,20.43693],[-90.18611,20.44105],[-90.18611,20.44105],[-90.18559,20.44678],[-90.18559,20.44678],[-90.18526,20.45313],[-90.18484,20.45932],[-90.18479,20.46105],[-90.1855,20.46118],[-90.23421,20.47047],[-90.23421,20.47047],[-90.2316,20.48262],[-90.2316,20.48264],[-90.22377,20.51916],[-90.22377,20.51916],[-90.22377,20.51916],[-90.23251,20.51989],[-90.22924,20.54356],[-90.23475,20.54406],[-90.23494,20.54411],[-90.23458,20.54534],[-90.33524,20.54131],[-90.33524,20.57625],[-90.33524,20.57635],[-90.34113,20.55372],[-90.34114,20.5537],[-90.38665,20.55559],[-90.38188,20.7473],[-90.38188,20.7473],[-90.38182,20.74952],[-90.38182,20.74954],[-90.37936,20.84833]]]]}}]}