{"type":"FeatureCollection","metadata":{"nombre":"Localidades urbanas y rurales amanzanadas","fuente":"INEGI — Marco Geoestadístico 2024","fecha_corte":"2024-08","crs_origen":"EPSG:6372 (Mexico ITRF2008 / LCC)","total":511},"features":[{"type":"Feature","properties":{"cvegeo":"040010010","cve_ent":"04","fuente":"INEGI — Marco Geoestadístico 2024","fecha_corte":"2024-08","cve_mun":"04001","nombre":"San Antonio Sahcabchén","ambito":"Rural"},"geometry":{"type":"Polygon","coordinates":[[[-90.13687,20.31143],[-90.13695,20.31179],[-90.13972,20.31173],[-90.13969,20.31156],[-90.14008,20.31159],[-90.14043,20.31166],[-90.14103,20.31157],[-90.14108,20.31161],[-90.14109,20.31192],[-90.14173,20.312],[-90.14178,20.31155],[-90.14219,20.31156],[-90.14242,20.31151],[-90.14275,20.31125],[-90.14342,20.3116],[-90.14456,20.31128],[-90.14416,20.31098],[-90.14371,20.31046],[-90.14362,20.3104],[-90.1441,20.30902],[-90.1446,20.3077],[-90.14398,20.30751],[-90.14374,20.30782],[-90.14359,20.30805],[-90.14312,20.3078],[-90.14301,20.30774],[-90.14292,20.30767],[-90.14322,20.30711],[-90.14217,20.30671],[-90.14064,20.30587],[-90.14148,20.30432],[-90.14098,20.30406],[-90.14135,20.30359],[-90.14191,20.30316],[-90.14232,20.30256],[-90.14158,20.30209],[-90.14139,20.30214],[-90.14124,20.30233],[-90.1393,20.30128],[-90.13909,20.30199],[-90.13598,20.30252],[-90.1357,20.30206],[-90.13491,20.30339],[-90.13447,20.30469],[-90.13435,20.30503],[-90.13312,20.30724],[-90.1343,20.30718],[-90.13499,20.30721],[-90.13485,20.30769],[-90.13527,20.3079],[-90.13508,20.30838],[-90.13575,20.30863],[-90.13531,20.30938],[-90.13428,20.30892],[-90.13411,20.30959],[-90.13417,20.30961],[-90.13382,20.31031],[-90.13469,20.31066],[-90.13424,20.31132],[-90.13443,20.31147],[-90.13396,20.31206],[-90.13361,20.31239],[-90.13312,20.31285],[-90.13275,20.31311],[-90.13221,20.31349],[-90.13255,20.314],[-90.133,20.31366],[-90.1345,20.31252],[-90.13546,20.31153],[-90.13569,20.31073],[-90.13687,20.31086],[-90.13686,20.31096],[-90.13687,20.31143]]]}},{"type":"Feature","properties":{"cvegeo":"040010232","cve_ent":"04","fuente":"INEGI — Marco Geoestadístico 2024","fecha_corte":"2024-08","cve_mun":"04001","nombre":"Xkakoch","ambito":"Rural"},"geometry":{"type":"Polygon","coordinates":[[[-90.16701,20.23745],[-90.16814,20.23757],[-90.16806,20.23834],[-90.16908,20.23848],[-90.16923,20.23744],[-90.16929,20.23702],[-90.17067,20.2371],[-90.17074,20.23656],[-90.17029,20.23652],[-90.17039,20.23559],[-90.16946,20.23548],[-90.16963,20.23435],[-90.16851,20.23426],[-90.16732,20.23416],[-90.16637,20.23408],[-90.1663,20.23521],[-90.16662,20.23522],[-90.16653,20.23616],[-90.16712,20.23622],[-90.16701,20.23745]]]}},{"type":"Feature","properties":{"cvegeo":"040010004","cve_ent":"04","fuente":"INEGI — Marco Geoestadístico 2024","fecha_corte":"2024-08","cve_mun":"04001","nombre":"Bécal","ambito":"Urbana"},"geometry":{"type":"Polygon","coordinates":[[[-90.02576,20.45131],[-90.02436,20.45222],[-90.02555,20.45562],[-90.02555,20.45562],[-90.02808,20.45483],[-90.02808,20.45483],[-90.02808,20.45483],[-90.02829,20.45477],[-90.0283,20.45476],[-90.02823,20.45449],[-90.02858,20.45442],[-90.02858,20.45442],[-90.02871,20.45439],[-90.03133,20.45385],[-90.03035,20.45188],[-90.02933,20.45148],[-90.02934,20.45143],[-90.02937,20.45124],[-90.02937,20.45124],[-90.03069,20.45156],[-90.03178,20.45175],[-90.03178,20.45174],[-90.03186,20.45112],[-90.03186,20.45112],[-90.03189,20.45039],[-90.03194,20.45046],[-90.03212,20.45072],[-90.03243,20.45122],[-90.03293,20.45175],[-90.03298,20.45178],[-90.03307,20.45183],[-90.03308,20.45184],[-90.03382,20.45231],[-90.03382,20.45231],[-90.03393,20.45193],[-90.04308,20.45281],[-90.04309,20.45281],[-90.04309,20.45281],[-90.04313,20.45278],[-90.04317,20.45275],[-90.04316,20.45274],[-90.04226,20.45208],[-90.04226,20.45208],[-90.04226,20.45208],[-90.04227,20.45207],[-90.0431,20.45102],[-90.04278,20.45083],[-90.04148,20.45001],[-90.04161,20.44976],[-90.04189,20.44923],[-90.0402,20.44414],[-90.04019,20.4441],[-90.04003,20.44369],[-90.04005,20.44369],[-90.04005,20.44369],[-90.04045,20.44371],[-90.0415,20.44374],[-90.0415,20.44374],[-90.04151,20.44359],[-90.0416,20.44223],[-90.0416,20.4422],[-90.04091,20.44216],[-90.04032,20.44213],[-90.04026,20.4421],[-90.0385,20.44114],[-90.03797,20.44109],[-90.03772,20.44088],[-90.03542,20.439],[-90.03552,20.43716],[-90.03544,20.43687],[-90.03535,20.43678],[-90.03361,20.43538],[-90.03373,20.43409],[-90.03373,20.43409],[-90.03354,20.43396],[-90.03163,20.42754],[-90.03195,20.42659],[-90.03195,20.42659],[-90.03118,20.4264],[-90.03115,20.42639],[-90.03134,20.42585],[-90.03137,20.42575],[-90.03148,20.42542],[-90.03177,20.42459],[-90.0319,20.42418],[-90.03206,20.42373],[-90.03206,20.42373],[-90.03206,20.42373],[-90.03202,20.42372],[-90.03072,20.42344],[-90.03072,20.42344],[-90.03049,20.42421],[-90.03049,20.42421],[-90.03046,20.4242],[-90.02932,20.42387],[-90.02802,20.42349],[-90.02802,20.4235],[-90.02801,20.42351],[-90.02765,20.42427],[-90.02715,20.42523],[-90.02866,20.42581],[-90.02865,20.42583],[-90.02818,20.42734],[-90.0271,20.42703],[-90.02652,20.4287],[-90.02652,20.4287],[-90.02627,20.42963],[-90.02604,20.42959],[-90.02599,20.42979],[-90.02589,20.43012],[-90.02588,20.43016],[-90.02459,20.42984],[-90.02459,20.42984],[-90.02422,20.43101],[-90.02535,20.43132],[-90.02522,20.43197],[-90.02518,20.43211],[-90.02465,20.43202],[-90.02407,20.43198],[-90.024,20.43283],[-90.02362,20.4328],[-90.0197,20.43207],[-90.0197,20.43207],[-90.01935,20.43405],[-90.01918,20.43488],[-90.01911,20.43527],[-90.01911,20.43527],[-90.01715,20.43458],[-90.01715,20.43459],[-90.01674,20.43597],[-90.0148,20.43626],[-90.0149,20.43635],[-90.01381,20.44035],[-90.01381,20.44035],[-90.01407,20.44299],[-90.0144,20.44303],[-90.01438,20.44354],[-90.01494,20.44509],[-90.01466,20.44578],[-90.01665,20.44627],[-90.01665,20.44627],[-90.01674,20.44574],[-90.01879,20.44546],[-90.01879,20.44546],[-90.02139,20.44821],[-90.02143,20.44825],[-90.02173,20.44952],[-90.02206,20.45083],[-90.02206,20.45083],[-90.02311,20.45062],[-90.02418,20.45042],[-90.02521,20.45022],[-90.02522,20.45022],[-90.0256,20.45025],[-90.02576,20.45131]]]}},{"type":"Feature","properties":{"cvegeo":"040010016","cve_ent":"04","fuente":"INEGI — Marco Geoestadístico 2024","fecha_corte":"2024-08","cve_mun":"04001","nombre":"Santa María","ambito":"Rural"},"geometry":{"type":"Polygon","coordinates":[[[-90.24387,20.37669],[-90.24498,20.37692],[-90.24503,20.37693],[-90.24511,20.3766],[-90.24685,20.37687],[-90.24777,20.3735],[-90.24779,20.37326],[-90.24796,20.37112],[-90.24639,20.37087],[-90.2455,20.37073],[-90.24545,20.37072],[-90.24546,20.37066],[-90.24351,20.37039],[-90.24333,20.37103],[-90.24114,20.37041],[-90.23948,20.36995],[-90.23931,20.37066],[-90.24146,20.3712],[-90.24174,20.37128],[-90.24128,20.37339],[-90.24256,20.37378],[-90.24457,20.37417],[-90.2442,20.37538],[-90.24387,20.37669]]]}},{"type":"Feature","properties":{"cvegeo":"040010014","cve_ent":"04","fuente":"INEGI — Marco Geoestadístico 2024","fecha_corte":"2024-08","cve_mun":"04001","nombre":"Tankuché","ambito":"Rural"},"geometry":{"type":"Polygon","coordinates":[[[-90.24433,20.51189],[-90.24486,20.51211],[-90.24497,20.5118],[-90.24513,20.51133],[-90.2453,20.51084],[-90.24637,20.51121],[-90.24748,20.5116],[-90.24761,20.511],[-90.24843,20.51122],[-90.24824,20.51187],[-90.25057,20.51248],[-90.25138,20.51067],[-90.24877,20.51006],[-90.24916,20.50868],[-90.2482,20.50847],[-90.24817,20.50855],[-90.24418,20.50784],[-90.24457,20.50606],[-90.24466,20.50608],[-90.24509,20.50473],[-90.24538,20.50381],[-90.24402,20.50352],[-90.24271,20.50324],[-90.24236,20.50533],[-90.24233,20.50556],[-90.24192,20.50547],[-90.24123,20.50529],[-90.24009,20.50504],[-90.23885,20.50474],[-90.23803,20.50449],[-90.23751,20.50634],[-90.23431,20.50577],[-90.23416,20.50637],[-90.23486,20.50651],[-90.23629,20.5068],[-90.23612,20.50723],[-90.23596,20.5076],[-90.24049,20.50926],[-90.24013,20.51051],[-90.24074,20.51074],[-90.24064,20.51107],[-90.24247,20.51171],[-90.24289,20.51185],[-90.24301,20.51136],[-90.24433,20.51189]]]}},{"type":"Feature","properties":{"cvegeo":"040010009","cve_ent":"04","fuente":"INEGI — Marco Geoestadístico 2024","fecha_corte":"2024-08","cve_mun":"04001","nombre":"Pucnachén","ambito":"Rural"},"geometry":{"type":"Polygon","coordinates":[[[-90.21754,20.3689],[-90.2176,20.36906],[-90.21835,20.36945],[-90.21864,20.36975],[-90.21872,20.3696],[-90.21872,20.36943],[-90.21867,20.36931],[-90.21871,20.36872],[-90.21984,20.36897],[-90.22001,20.36831],[-90.22012,20.3679],[-90.2205,20.36798],[-90.22136,20.36814],[-90.22251,20.36836],[-90.22252,20.36825],[-90.22375,20.36854],[-90.22381,20.36813],[-90.2239,20.36757],[-90.22403,20.36696],[-90.22493,20.36716],[-90.22552,20.36731],[-90.22578,20.3665],[-90.22504,20.36628],[-90.22537,20.36513],[-90.22519,20.36518],[-90.22474,20.36518],[-90.22327,20.36449],[-90.22278,20.36438],[-90.22199,20.3642],[-90.22211,20.36382],[-90.22038,20.36327],[-90.22042,20.36308],[-90.21924,20.36269],[-90.21921,20.36263],[-90.21917,20.36258],[-90.21914,20.36253],[-90.21908,20.36249],[-90.21831,20.36216],[-90.21754,20.36187],[-90.21734,20.36254],[-90.21722,20.36287],[-90.21623,20.36268],[-90.21616,20.36302],[-90.21567,20.36288],[-90.21515,20.36382],[-90.21495,20.36421],[-90.21538,20.36465],[-90.21539,20.36488],[-90.21567,20.36494],[-90.21545,20.36569],[-90.215,20.36584],[-90.21508,20.36693],[-90.21625,20.36715],[-90.21615,20.36762],[-90.21703,20.36785],[-90.21778,20.36805],[-90.21754,20.3689]]]}},{"type":"Feature","properties":{"cvegeo":"040010013","cve_ent":"04","fuente":"INEGI — Marco Geoestadístico 2024","fecha_corte":"2024-08","cve_mun":"04001","nombre":"Santa Cruz Pueblo","ambito":"Rural"},"geometry":{"type":"Polygon","coordinates":[[[-90.10176,20.33823],[-90.10179,20.33815],[-90.10214,20.33832],[-90.10221,20.33814],[-90.10224,20.33814],[-90.10239,20.33777],[-90.10257,20.3374],[-90.10271,20.33742],[-90.10336,20.3374],[-90.10339,20.33724],[-90.10302,20.33721],[-90.10281,20.33714],[-90.10315,20.33574],[-90.10387,20.33592],[-90.10429,20.33596],[-90.10438,20.33596],[-90.10449,20.33598],[-90.10462,20.33595],[-90.10472,20.33587],[-90.10475,20.33559],[-90.10485,20.33559],[-90.10486,20.33559],[-90.10486,20.33559],[-90.10487,20.33566],[-90.10527,20.33581],[-90.10565,20.3358],[-90.10583,20.33583],[-90.10591,20.33569],[-90.10606,20.33574],[-90.10615,20.33582],[-90.10623,20.3359],[-90.10639,20.33602],[-90.1072,20.33548],[-90.10736,20.33547],[-90.10744,20.33581],[-90.10793,20.33684],[-90.10886,20.33701],[-90.10899,20.33653],[-90.10919,20.33626],[-90.10914,20.3362],[-90.10821,20.33556],[-90.10855,20.33538],[-90.10792,20.3346],[-90.10624,20.33364],[-90.10665,20.3323],[-90.10592,20.33201],[-90.10587,20.332],[-90.10593,20.33198],[-90.10597,20.33183],[-90.10599,20.33171],[-90.10609,20.33126],[-90.10609,20.33109],[-90.10614,20.33096],[-90.10627,20.33064],[-90.10639,20.33058],[-90.10645,20.3305],[-90.10656,20.33014],[-90.10711,20.33013],[-90.1077,20.33023],[-90.10836,20.33036],[-90.10881,20.32928],[-90.10834,20.32888],[-90.10812,20.3283],[-90.10917,20.32764],[-90.10884,20.32728],[-90.10644,20.32875],[-90.10598,20.32872],[-90.10595,20.32878],[-90.10504,20.32872],[-90.10471,20.32896],[-90.10413,20.32892],[-90.10366,20.329],[-90.10307,20.32912],[-90.10438,20.32943],[-90.10407,20.32941],[-90.10397,20.32942],[-90.10394,20.32942],[-90.10387,20.32944],[-90.10381,20.32946],[-90.10375,20.32948],[-90.10369,20.32951],[-90.10363,20.32954],[-90.10358,20.32957],[-90.10353,20.3296],[-90.10347,20.32964],[-90.10341,20.32969],[-90.10336,20.32974],[-90.10324,20.32985],[-90.1032,20.3299],[-90.10289,20.33022],[-90.10281,20.33032],[-90.10274,20.33041],[-90.10272,20.33044],[-90.10256,20.33062],[-90.10249,20.33072],[-90.10234,20.33091],[-90.10197,20.33133],[-90.10123,20.33131],[-90.099,20.33271],[-90.09796,20.33269],[-90.09793,20.33286],[-90.09788,20.33281],[-90.09769,20.3327],[-90.09733,20.33257],[-90.09724,20.33333],[-90.09638,20.33326],[-90.0943,20.33222],[-90.09411,20.33278],[-90.09409,20.33347],[-90.09538,20.33362],[-90.09577,20.33367],[-90.09579,20.33394],[-90.09704,20.33413],[-90.09697,20.33471],[-90.09702,20.3352],[-90.09892,20.33466],[-90.09893,20.33448],[-90.09949,20.33439],[-90.09947,20.33462],[-90.09991,20.33461],[-90.09993,20.33433],[-90.10111,20.33431],[-90.10108,20.33511],[-90.10099,20.33547],[-90.10127,20.3355],[-90.1013,20.33548],[-90.10122,20.3363],[-90.10097,20.33811],[-90.10176,20.33823]]]}},{"type":"Feature","properties":{"cvegeo":"040010005","cve_ent":"04","fuente":"INEGI — Marco Geoestadístico 2024","fecha_corte":"2024-08","cve_mun":"04001","nombre":"Concepción","ambito":"Rural"},"geometry":{"type":"Polygon","coordinates":[[[-90.17917,20.31897],[-90.17963,20.31913],[-90.17982,20.31876],[-90.18149,20.31915],[-90.18285,20.31948],[-90.18319,20.319],[-90.18346,20.31857],[-90.18369,20.31815],[-90.18409,20.31738],[-90.18432,20.31694],[-90.18444,20.31665],[-90.18508,20.31521],[-90.18346,20.31471],[-90.18376,20.31383],[-90.18373,20.31314],[-90.18296,20.31323],[-90.18258,20.31326],[-90.18222,20.3134],[-90.18158,20.31416],[-90.18052,20.3138],[-90.18048,20.31403],[-90.17958,20.31401],[-90.17927,20.31484],[-90.17922,20.31497],[-90.17911,20.31527],[-90.17885,20.31578],[-90.17852,20.31643],[-90.17891,20.31661],[-90.17875,20.31689],[-90.18003,20.31734],[-90.17957,20.31816],[-90.17917,20.31897]]]}},{"type":"Feature","properties":{"cvegeo":"040010011","cve_ent":"04","fuente":"INEGI — Marco Geoestadístico 2024","fecha_corte":"2024-08","cve_mun":"04001","nombre":"San Nicolás","ambito":"Rural"},"geometry":{"type":"Polygon","coordinates":[[[-90.23351,20.43916],[-90.23347,20.43963],[-90.23368,20.43966],[-90.23578,20.43976],[-90.23573,20.4393],[-90.2357,20.43925],[-90.23569,20.43907],[-90.2358,20.43913],[-90.23721,20.43944],[-90.23741,20.43842],[-90.23726,20.43834],[-90.23769,20.43538],[-90.23778,20.43479],[-90.23796,20.4334],[-90.23717,20.43336],[-90.23648,20.43332],[-90.23639,20.43393],[-90.23631,20.43452],[-90.23574,20.43442],[-90.23556,20.43547],[-90.23483,20.43534],[-90.23475,20.4356],[-90.23447,20.43554],[-90.23395,20.43743],[-90.23385,20.4379],[-90.23358,20.43789],[-90.23354,20.43851],[-90.23351,20.43916]]]}},{"type":"Feature","properties":{"cvegeo":"040010012","cve_ent":"04","fuente":"INEGI — Marco Geoestadístico 2024","fecha_corte":"2024-08","cve_mun":"04001","nombre":"Santa Cruz Ex-Hacienda","ambito":"Rural"},"geometry":{"type":"Polygon","coordinates":[[[-90.24019,20.40354],[-90.24093,20.40362],[-90.24309,20.40377],[-90.24337,20.40177],[-90.24383,20.40179],[-90.24409,20.40018],[-90.24207,20.39993],[-90.24201,20.39878],[-90.24091,20.39863],[-90.24099,20.39786],[-90.24053,20.39782],[-90.24055,20.39757],[-90.24066,20.39755],[-90.24078,20.39751],[-90.24088,20.39747],[-90.24099,20.39737],[-90.24149,20.39748],[-90.24156,20.39749],[-90.24247,20.39765],[-90.24262,20.39679],[-90.24335,20.39691],[-90.2437,20.39525],[-90.24285,20.39501],[-90.24292,20.39443],[-90.24361,20.39452],[-90.24427,20.39147],[-90.24449,20.39048],[-90.24325,20.3903],[-90.24214,20.39014],[-90.2421,20.39013],[-90.24202,20.39012],[-90.24126,20.39002],[-90.24065,20.39321],[-90.23938,20.39305],[-90.23943,20.39271],[-90.23724,20.39252],[-90.23697,20.39398],[-90.23683,20.39601],[-90.23476,20.39609],[-90.2344,20.39807],[-90.23463,20.39803],[-90.2347,20.39855],[-90.23685,20.39837],[-90.23663,20.39992],[-90.2365,20.4011],[-90.23703,20.40119],[-90.23691,20.40182],[-90.23792,20.40202],[-90.23859,20.40059],[-90.23992,20.40073],[-90.24019,20.40354]]]}},{"type":"Feature","properties":{"cvegeo":"040010001","cve_ent":"04","fuente":"INEGI — Marco Geoestadístico 2024","fecha_corte":"2024-08","cve_mun":"04001","nombre":"Calkiní","ambito":"Urbana"},"geometry":{"type":"Polygon","coordinates":[[[-90.04665,20.39028],[-90.0474,20.39075],[-90.047,20.39133],[-90.04807,20.3922],[-90.04807,20.3922],[-90.0485,20.39142],[-90.04897,20.39071],[-90.04926,20.39024],[-90.04937,20.39006],[-90.04952,20.38988],[-90.05033,20.39047],[-90.04979,20.39133],[-90.05081,20.39188],[-90.05122,20.39193],[-90.05138,20.39217],[-90.05324,20.39195],[-90.05324,20.3919],[-90.05417,20.39178],[-90.05571,20.39147],[-90.05568,20.39135],[-90.05674,20.39109],[-90.05673,20.39102],[-90.05718,20.39097],[-90.0579,20.39089],[-90.05763,20.38973],[-90.05763,20.38973],[-90.05883,20.38964],[-90.06004,20.38942],[-90.06004,20.38942],[-90.0593,20.3886],[-90.05928,20.38856],[-90.05878,20.38746],[-90.05877,20.38745],[-90.05877,20.38745],[-90.05905,20.38733],[-90.06007,20.38713],[-90.06008,20.38713],[-90.06006,20.38707],[-90.05974,20.38616],[-90.05974,20.38615],[-90.05907,20.38632],[-90.05874,20.38639],[-90.05852,20.38571],[-90.05866,20.38469],[-90.05866,20.38469],[-90.05846,20.38358],[-90.05836,20.38302],[-90.05836,20.38302],[-90.05939,20.38276],[-90.05995,20.38287],[-90.06282,20.3832],[-90.06305,20.38323],[-90.06305,20.38323],[-90.06418,20.38388],[-90.06491,20.3843],[-90.06524,20.3835],[-90.06524,20.3835],[-90.06533,20.38329],[-90.06533,20.38329],[-90.06538,20.38314],[-90.06562,20.38243],[-90.06562,20.38243],[-90.06607,20.38112],[-90.06607,20.38112],[-90.06639,20.38032],[-90.06701,20.37877],[-90.06701,20.37877],[-90.06689,20.37875],[-90.06584,20.37862],[-90.06496,20.37849],[-90.06429,20.37826],[-90.06361,20.37802],[-90.06345,20.37796],[-90.06331,20.37791],[-90.06223,20.37743],[-90.06242,20.37565],[-90.06242,20.37565],[-90.06249,20.37494],[-90.06249,20.37494],[-90.06255,20.37441],[-90.06255,20.37441],[-90.0626,20.37387],[-90.0626,20.37387],[-90.06269,20.37301],[-90.06269,20.37301],[-90.06269,20.373],[-90.06269,20.373],[-90.06396,20.37293],[-90.06397,20.37292],[-90.06405,20.37194],[-90.06405,20.37194],[-90.06414,20.37086],[-90.06414,20.37086],[-90.06445,20.3708],[-90.06452,20.37026],[-90.06452,20.37026],[-90.06451,20.36915],[-90.06451,20.36915],[-90.06423,20.36923],[-90.06398,20.36926],[-90.06384,20.36929],[-90.06373,20.36929],[-90.06373,20.36929],[-90.06392,20.36647],[-90.06392,20.36647],[-90.064,20.36615],[-90.064,20.36615],[-90.06552,20.36649],[-90.06554,20.36645],[-90.06554,20.36645],[-90.06585,20.36577],[-90.06585,20.36577],[-90.06633,20.3644],[-90.06633,20.3644],[-90.06534,20.36411],[-90.06545,20.36361],[-90.06545,20.36361],[-90.06447,20.36357],[-90.06438,20.36357],[-90.06438,20.36357],[-90.06447,20.36346],[-90.06472,20.36313],[-90.06491,20.36282],[-90.06491,20.36282],[-90.06499,20.36263],[-90.06499,20.36263],[-90.06532,20.36233],[-90.06534,20.3621],[-90.06534,20.3621],[-90.06539,20.36194],[-90.06539,20.36194],[-90.06549,20.36186],[-90.06563,20.36182],[-90.06569,20.36183],[-90.06574,20.36184],[-90.06601,20.36188],[-90.06601,20.36188],[-90.06603,20.36187],[-90.0662,20.36175],[-90.06632,20.36165],[-90.06643,20.36155],[-90.06651,20.36142],[-90.06658,20.3613],[-90.06665,20.36108],[-90.06665,20.36108],[-90.06675,20.3608],[-90.06675,20.3608],[-90.06676,20.36078],[-90.06676,20.36078],[-90.0666,20.36076],[-90.0662,20.36071],[-90.06576,20.36081],[-90.06529,20.36093],[-90.06525,20.36094],[-90.06525,20.36094],[-90.06513,20.36093],[-90.06511,20.36092],[-90.06509,20.36093],[-90.0642,20.36124],[-90.06406,20.36127],[-90.06389,20.3613],[-90.06384,20.36131],[-90.06356,20.36135],[-90.06348,20.36133],[-90.06341,20.36133],[-90.06336,20.36133],[-90.06329,20.3614],[-90.06324,20.36145],[-90.06315,20.36152],[-90.063,20.36158],[-90.06289,20.36157],[-90.06277,20.36152],[-90.06276,20.36151],[-90.06261,20.36168],[-90.06256,20.36173],[-90.0624,20.36149],[-90.06227,20.36144],[-90.06209,20.3613],[-90.06195,20.36116],[-90.06181,20.36099],[-90.06176,20.36087],[-90.06092,20.36042],[-90.06071,20.36039],[-90.06035,20.3604],[-90.06002,20.36045],[-90.05974,20.36055],[-90.05951,20.36062],[-90.05914,20.36053],[-90.05946,20.36002],[-90.05987,20.35956],[-90.06012,20.35961],[-90.06036,20.35929],[-90.06094,20.35866],[-90.06082,20.35548],[-90.06082,20.35548],[-90.06081,20.35546],[-90.06081,20.35546],[-90.05918,20.35532],[-90.05918,20.3553],[-90.05921,20.35511],[-90.05921,20.35511],[-90.0593,20.3545],[-90.05951,20.35394],[-90.05986,20.35402],[-90.06009,20.35351],[-90.05939,20.35335],[-90.05922,20.35331],[-90.05904,20.35326],[-90.05926,20.35266],[-90.05926,20.35266],[-90.05941,20.35222],[-90.05941,20.35222],[-90.05957,20.35176],[-90.05957,20.35176],[-90.05989,20.35089],[-90.05989,20.35089],[-90.06027,20.34986],[-90.06027,20.34986],[-90.06062,20.34889],[-90.06062,20.34889],[-90.05984,20.34879],[-90.05955,20.34876],[-90.05918,20.34875],[-90.05852,20.34872],[-90.0581,20.34873],[-90.05578,20.34878],[-90.05438,20.34879],[-90.05434,20.34879],[-90.05444,20.34782],[-90.05447,20.34758],[-90.05455,20.3469],[-90.05458,20.34635],[-90.05458,20.34634],[-90.05479,20.34633],[-90.0559,20.34647],[-90.05651,20.34654],[-90.0569,20.34658],[-90.05793,20.34668],[-90.05793,20.34668],[-90.05805,20.34574],[-90.05808,20.34548],[-90.05702,20.34537],[-90.05712,20.34454],[-90.05694,20.34452],[-90.05599,20.34442],[-90.05552,20.34437],[-90.05492,20.34431],[-90.05491,20.34431],[-90.05492,20.34428],[-90.05492,20.34428],[-90.05476,20.34426],[-90.05476,20.34426],[-90.05475,20.3443],[-90.05475,20.3443],[-90.05474,20.34444],[-90.05422,20.34439],[-90.05416,20.34437],[-90.05395,20.34434],[-90.04916,20.34374],[-90.04273,20.34311],[-90.04266,20.3431],[-90.04266,20.3431],[-90.0425,20.34498],[-90.04236,20.34613],[-90.04359,20.34634],[-90.04475,20.34641],[-90.04579,20.34653],[-90.04687,20.34664],[-90.04837,20.34676],[-90.04951,20.34688],[-90.0495,20.347],[-90.04929,20.34737],[-90.04929,20.34737],[-90.0491,20.34778],[-90.0491,20.34778],[-90.04911,20.34782],[-90.04803,20.34781],[-90.04781,20.34781],[-90.04767,20.34806],[-90.04738,20.3486],[-90.04738,20.3486],[-90.04735,20.34867],[-90.04735,20.34867],[-90.0469,20.34953],[-90.0469,20.34953],[-90.04675,20.34985],[-90.04675,20.34985],[-90.04657,20.35022],[-90.04566,20.34981],[-90.0456,20.34976],[-90.04434,20.34909],[-90.04375,20.35007],[-90.04375,20.35007],[-90.04375,20.35007],[-90.04375,20.35007],[-90.04335,20.35095],[-90.04335,20.35095],[-90.04335,20.35095],[-90.04301,20.35172],[-90.043,20.35174],[-90.04187,20.35128],[-90.04178,20.35212],[-90.04269,20.35245],[-90.04398,20.35292],[-90.04502,20.35343],[-90.04506,20.35345],[-90.04506,20.35345],[-90.04466,20.35425],[-90.04409,20.35529],[-90.04366,20.35511],[-90.04344,20.35611],[-90.0433,20.3561],[-90.04299,20.35699],[-90.04299,20.35699],[-90.04298,20.357],[-90.04359,20.35724],[-90.04364,20.35726],[-90.04357,20.35828],[-90.04357,20.35828],[-90.04336,20.35915],[-90.04335,20.35919],[-90.04325,20.35916],[-90.04112,20.35854],[-90.04111,20.35854],[-90.0399,20.35807],[-90.03901,20.35775],[-90.03857,20.35927],[-90.03841,20.35974],[-90.03797,20.36081],[-90.03312,20.35905],[-90.03312,20.35905],[-90.03229,20.36207],[-90.03229,20.36207],[-90.03192,20.36357],[-90.03192,20.36357],[-90.031,20.36702],[-90.03119,20.36695],[-90.03151,20.36688],[-90.03183,20.36687],[-90.03218,20.36688],[-90.03237,20.36688],[-90.03256,20.36686],[-90.03269,20.36683],[-90.03281,20.36678],[-90.03318,20.36664],[-90.03343,20.36655],[-90.03361,20.36653],[-90.03384,20.36655],[-90.03402,20.36662],[-90.03406,20.36663],[-90.03407,20.36663],[-90.03431,20.36669],[-90.03449,20.36669],[-90.03476,20.36664],[-90.03496,20.36652],[-90.03506,20.3666],[-90.03506,20.3666],[-90.03506,20.36663],[-90.03506,20.36663],[-90.03504,20.36765],[-90.03504,20.36765],[-90.03485,20.36888],[-90.03485,20.36888],[-90.03485,20.3689],[-90.03485,20.3689],[-90.03466,20.37012],[-90.03466,20.37012],[-90.03451,20.37132],[-90.03451,20.37132],[-90.03435,20.37262],[-90.03317,20.37258],[-90.03317,20.37258],[-90.03308,20.37373],[-90.03308,20.37373],[-90.03302,20.37519],[-90.03238,20.37564],[-90.03129,20.37616],[-90.03129,20.37616],[-90.0317,20.37707],[-90.03301,20.37661],[-90.03496,20.37726],[-90.03519,20.37776],[-90.03557,20.37803],[-90.03557,20.37803],[-90.03557,20.37824],[-90.03547,20.37842],[-90.03794,20.37874],[-90.03902,20.37881],[-90.03906,20.3785],[-90.03906,20.3785],[-90.0391,20.3782],[-90.0391,20.3782],[-90.0392,20.37742],[-90.0392,20.37742],[-90.0392,20.37737],[-90.04037,20.37772],[-90.04037,20.37772],[-90.04036,20.37775],[-90.04036,20.37775],[-90.04023,20.37864],[-90.04023,20.37864],[-90.04019,20.37885],[-90.04019,20.37885],[-90.04014,20.37922],[-90.04014,20.37922],[-90.04005,20.37987],[-90.03996,20.3803],[-90.03999,20.38075],[-90.04062,20.38087],[-90.04119,20.38097],[-90.04151,20.38068],[-90.04178,20.38047],[-90.04498,20.3812],[-90.04498,20.3812],[-90.04498,20.3812],[-90.04498,20.3812],[-90.04595,20.385],[-90.04595,20.385],[-90.04605,20.38541],[-90.04611,20.38547],[-90.04611,20.38547],[-90.04602,20.38569],[-90.04602,20.38569],[-90.04584,20.38619],[-90.04584,20.38619],[-90.0456,20.38689],[-90.0456,20.38689],[-90.04546,20.38728],[-90.04551,20.3873],[-90.04631,20.38763],[-90.04634,20.38765],[-90.04634,20.38765],[-90.0465,20.38763],[-90.0465,20.38763],[-90.0463,20.38817],[-90.04596,20.38916],[-90.04709,20.38961],[-90.04716,20.38953],[-90.04726,20.38953],[-90.04665,20.39028]]]}},{"type":"Feature","properties":{"cvegeo":"040010002","cve_ent":"04","fuente":"INEGI — Marco Geoestadístico 2024","fecha_corte":"2024-08","cve_mun":"04001","nombre":"Isla Arena","ambito":"Rural"},"geometry":{"type":"Polygon","coordinates":[[[-90.45268,20.70522],[-90.45297,20.70526],[-90.45322,20.70472],[-90.4534,20.70433],[-90.45353,20.70404],[-90.45369,20.70361],[-90.45386,20.703],[-90.45388,20.70278],[-90.45396,20.70251],[-90.45396,20.70246],[-90.45403,20.70227],[-90.45413,20.70202],[-90.45423,20.70165],[-90.45427,20.70123],[-90.45431,20.701],[-90.45433,20.70084],[-90.45445,20.7004],[-90.45448,20.7001],[-90.4545,20.69996],[-90.45451,20.69992],[-90.45457,20.69959],[-90.45461,20.69936],[-90.45463,20.69917],[-90.45461,20.69907],[-90.45455,20.69894],[-90.45451,20.69881],[-90.45444,20.69868],[-90.45443,20.69862],[-90.45443,20.69861],[-90.45441,20.69853],[-90.45434,20.69812],[-90.45434,20.6981],[-90.45432,20.69807],[-90.45424,20.69793],[-90.45423,20.69791],[-90.45423,20.69789],[-90.45422,20.69786],[-90.45421,20.69782],[-90.45418,20.69751],[-90.45421,20.69728],[-90.45418,20.69707],[-90.45414,20.69699],[-90.45418,20.69677],[-90.45417,20.69661],[-90.45413,20.69636],[-90.45414,20.69604],[-90.45414,20.69593],[-90.45416,20.69577],[-90.45419,20.69568],[-90.45416,20.69564],[-90.45414,20.69553],[-90.45414,20.69497],[-90.45407,20.69494],[-90.45404,20.6948],[-90.45393,20.69477],[-90.45394,20.69473],[-90.45394,20.69459],[-90.45395,20.69449],[-90.45395,20.69442],[-90.45396,20.69438],[-90.45397,20.69436],[-90.45398,20.69435],[-90.454,20.69433],[-90.45401,20.69433],[-90.45402,20.69432],[-90.45404,20.69431],[-90.45405,20.69428],[-90.45407,20.69424],[-90.45407,20.69418],[-90.45409,20.69402],[-90.4541,20.69395],[-90.45412,20.6938],[-90.45413,20.69372],[-90.45414,20.69366],[-90.45421,20.69345],[-90.45422,20.69334],[-90.45423,20.69325],[-90.45424,20.69316],[-90.45423,20.69306],[-90.45421,20.69293],[-90.45413,20.69274],[-90.45413,20.69257],[-90.45412,20.69251],[-90.4541,20.69244],[-90.45402,20.6923],[-90.45399,20.69226],[-90.45394,20.69223],[-90.45377,20.69179],[-90.45376,20.69178],[-90.45373,20.69169],[-90.45367,20.69156],[-90.4536,20.69147],[-90.45352,20.69137],[-90.45349,20.6913],[-90.45347,20.69121],[-90.45346,20.69115],[-90.45341,20.69108],[-90.45326,20.69089],[-90.45323,20.69083],[-90.45309,20.69019],[-90.45311,20.69013],[-90.45311,20.69012],[-90.4531,20.6901],[-90.45306,20.69004],[-90.45308,20.69001],[-90.45314,20.6899],[-90.45313,20.68983],[-90.45313,20.68976],[-90.45312,20.68974],[-90.45304,20.68956],[-90.45303,20.68946],[-90.45302,20.68941],[-90.45302,20.68931],[-90.45301,20.68928],[-90.453,20.68925],[-90.453,20.68911],[-90.453,20.68902],[-90.453,20.689],[-90.45299,20.68893],[-90.45299,20.68887],[-90.45298,20.68877],[-90.45297,20.68872],[-90.45295,20.68863],[-90.4529,20.6884],[-90.4529,20.68836],[-90.45288,20.68824],[-90.45286,20.68806],[-90.45282,20.68793],[-90.45279,20.68784],[-90.45275,20.68775],[-90.45266,20.68761],[-90.45264,20.6874],[-90.45265,20.68718],[-90.45267,20.68701],[-90.4527,20.68672],[-90.45287,20.68662],[-90.45293,20.68651],[-90.45294,20.6865],[-90.45294,20.68646],[-90.45294,20.68642],[-90.45292,20.68637],[-90.45278,20.68618],[-90.45277,20.68615],[-90.45277,20.68615],[-90.45277,20.68613],[-90.45277,20.6861],[-90.45279,20.68603],[-90.45281,20.68599],[-90.45281,20.68597],[-90.4528,20.68593],[-90.45279,20.68589],[-90.45277,20.68587],[-90.45272,20.68584],[-90.45266,20.68583],[-90.45259,20.68585],[-90.45253,20.6859],[-90.45251,20.68595],[-90.45251,20.68595],[-90.45252,20.686],[-90.45234,20.68619],[-90.45212,20.68642],[-90.45202,20.6865],[-90.45198,20.68653],[-90.45187,20.68663],[-90.45183,20.68674],[-90.45183,20.68676],[-90.45182,20.68686],[-90.45183,20.68695],[-90.45186,20.68702],[-90.45189,20.68706],[-90.45196,20.68727],[-90.45203,20.68734],[-90.45208,20.68741],[-90.45224,20.6874],[-90.45225,20.68739],[-90.45224,20.68752],[-90.45224,20.6876],[-90.45213,20.6876],[-90.45212,20.68763],[-90.45212,20.68771],[-90.45229,20.6877],[-90.45231,20.68781],[-90.45233,20.68793],[-90.45234,20.68801],[-90.45237,20.68801],[-90.45237,20.68813],[-90.45225,20.68814],[-90.45227,20.68828],[-90.45235,20.68829],[-90.45231,20.6886],[-90.45225,20.6888],[-90.45222,20.68887],[-90.45219,20.68908],[-90.45216,20.68908],[-90.45215,20.68913],[-90.45219,20.68914],[-90.45217,20.68925],[-90.45214,20.68936],[-90.45212,20.68951],[-90.45199,20.68948],[-90.45198,20.68954],[-90.45215,20.68958],[-90.45209,20.68983],[-90.45199,20.69007],[-90.45205,20.6901],[-90.45211,20.69018],[-90.45213,20.69028],[-90.45211,20.69037],[-90.45206,20.69045],[-90.45199,20.69052],[-90.4518,20.69065],[-90.45176,20.69068],[-90.45171,20.69073],[-90.45177,20.69082],[-90.45174,20.69087],[-90.45175,20.69089],[-90.45175,20.69089],[-90.45187,20.691],[-90.4519,20.69102],[-90.45213,20.6912],[-90.45223,20.69131],[-90.45223,20.69134],[-90.45226,20.69141],[-90.45227,20.69148],[-90.45227,20.69164],[-90.45221,20.69172],[-90.45219,20.69184],[-90.45219,20.69196],[-90.45222,20.6921],[-90.45229,20.6922],[-90.4524,20.69228],[-90.4525,20.69239],[-90.45263,20.69258],[-90.45275,20.69272],[-90.45286,20.69303],[-90.4529,20.69316],[-90.45297,20.69317],[-90.45296,20.69319],[-90.45308,20.69373],[-90.45311,20.69396],[-90.45309,20.69398],[-90.4531,20.69418],[-90.45309,20.69425],[-90.4531,20.69429],[-90.45307,20.6945],[-90.45308,20.69457],[-90.45311,20.69471],[-90.45313,20.69479],[-90.4532,20.69487],[-90.45321,20.69506],[-90.45328,20.69507],[-90.45334,20.69505],[-90.45332,20.69591],[-90.45327,20.69605],[-90.45323,20.69619],[-90.45322,20.69634],[-90.45317,20.69662],[-90.45316,20.69687],[-90.45306,20.69716],[-90.45302,20.69735],[-90.45296,20.69758],[-90.45291,20.69783],[-90.45285,20.6981],[-90.45285,20.69819],[-90.45284,20.69833],[-90.45279,20.69854],[-90.45279,20.69857],[-90.45279,20.69864],[-90.45276,20.69866],[-90.4527,20.6988],[-90.4527,20.69886],[-90.45268,20.69891],[-90.45269,20.69899],[-90.45266,20.69927],[-90.45267,20.69935],[-90.45241,20.69958],[-90.45239,20.69964],[-90.45232,20.7005],[-90.45226,20.70139],[-90.45217,20.70165],[-90.45151,20.70229],[-90.4522,20.70348],[-90.45207,20.70357],[-90.45226,20.70395],[-90.45231,20.70406],[-90.45234,20.70424],[-90.45237,20.70473],[-90.45237,20.70519],[-90.4526,20.70521],[-90.45262,20.70522],[-90.45268,20.70522]]]}},{"type":"Feature","properties":{"cvegeo":"040010006","cve_ent":"04","fuente":"INEGI — Marco Geoestadístico 2024","fecha_corte":"2024-08","cve_mun":"04001","nombre":"San Agustín Chunhuás","ambito":"Rural"},"geometry":{"type":"Polygon","coordinates":[[[-90.17578,20.2691],[-90.17769,20.26957],[-90.17766,20.2697],[-90.17805,20.27002],[-90.17819,20.26982],[-90.17835,20.26983],[-90.1786,20.27003],[-90.17903,20.27024],[-90.17923,20.26867],[-90.17908,20.26862],[-90.17948,20.26734],[-90.17968,20.26671],[-90.1811,20.26711],[-90.18123,20.26715],[-90.18137,20.2666],[-90.17939,20.26605],[-90.18016,20.26353],[-90.17953,20.26339],[-90.1794,20.26379],[-90.17679,20.26316],[-90.17657,20.26385],[-90.17624,20.26498],[-90.17653,20.26506],[-90.17634,20.26574],[-90.17604,20.26689],[-90.17607,20.26698],[-90.17583,20.26785],[-90.17614,20.26792],[-90.17578,20.2691]]]}},{"type":"Feature","properties":{"cvegeo":"040010015","cve_ent":"04","fuente":"INEGI — Marco Geoestadístico 2024","fecha_corte":"2024-08","cve_mun":"04001","nombre":"Tepakán","ambito":"Rural"},"geometry":{"type":"Polygon","coordinates":[[[-90.03683,20.39975],[-90.03676,20.40044],[-90.03673,20.40124],[-90.03676,20.4018],[-90.03702,20.40244],[-90.03744,20.40328],[-90.03782,20.404],[-90.03798,20.4043],[-90.03834,20.40514],[-90.03844,20.40556],[-90.03848,20.406],[-90.03851,20.40609],[-90.03901,20.40622],[-90.0396,20.40636],[-90.04023,20.40461],[-90.0419,20.39998],[-90.04203,20.39961],[-90.04208,20.39948],[-90.04316,20.39975],[-90.04378,20.39831],[-90.04422,20.39723],[-90.04484,20.39721],[-90.04513,20.39578],[-90.04521,20.39535],[-90.04497,20.39524],[-90.04561,20.39329],[-90.04521,20.39319],[-90.04448,20.393],[-90.04477,20.39223],[-90.04578,20.38953],[-90.04578,20.38945],[-90.04615,20.3885],[-90.04619,20.38829],[-90.04523,20.38803],[-90.04516,20.38803],[-90.04509,20.38825],[-90.04274,20.38755],[-90.04022,20.38672],[-90.04011,20.3867],[-90.03997,20.3867],[-90.03987,20.38669],[-90.03976,20.38669],[-90.03954,20.38675],[-90.03944,20.3868],[-90.03927,20.38692],[-90.03918,20.38698],[-90.03878,20.38727],[-90.03863,20.38738],[-90.03844,20.38754],[-90.03816,20.38777],[-90.03811,20.38782],[-90.03807,20.38788],[-90.03806,20.38789],[-90.03805,20.3879],[-90.03799,20.38856],[-90.03779,20.39043],[-90.03776,20.39071],[-90.03727,20.39558],[-90.0372,20.39628],[-90.03702,20.39622],[-90.03665,20.39629],[-90.03628,20.39651],[-90.03592,20.39676],[-90.03576,20.39703],[-90.03517,20.3971],[-90.03511,20.39778],[-90.03699,20.39827],[-90.03683,20.39975]]]}},{"type":"Feature","properties":{"cvegeo":"040010008","cve_ent":"04","fuente":"INEGI — Marco Geoestadístico 2024","fecha_corte":"2024-08","cve_mun":"04001","nombre":"Nunkiní","ambito":"Urbana"},"geometry":{"type":"Polygon","coordinates":[[[-90.15094,20.41124],[-90.15108,20.41151],[-90.15111,20.41157],[-90.15112,20.41157],[-90.15116,20.41153],[-90.15118,20.41151],[-90.15126,20.41139],[-90.15137,20.41133],[-90.15152,20.4113],[-90.15152,20.4113],[-90.15162,20.41129],[-90.15182,20.41131],[-90.15187,20.41134],[-90.15204,20.4114],[-90.15216,20.41145],[-90.15229,20.41148],[-90.1523,20.41155],[-90.15233,20.41163],[-90.15241,20.41166],[-90.15248,20.41166],[-90.15248,20.41166],[-90.15259,20.4116],[-90.15259,20.4116],[-90.15266,20.41162],[-90.15266,20.41162],[-90.15273,20.41161],[-90.15273,20.41161],[-90.15277,20.41157],[-90.15278,20.41149],[-90.1528,20.41129],[-90.15285,20.41122],[-90.15293,20.41104],[-90.15297,20.41092],[-90.15321,20.41078],[-90.15321,20.41078],[-90.15331,20.41079],[-90.15332,20.41089],[-90.15332,20.41104],[-90.15345,20.41113],[-90.15356,20.41136],[-90.15365,20.4115],[-90.15375,20.41152],[-90.15375,20.41152],[-90.1539,20.41152],[-90.15399,20.4115],[-90.15407,20.41146],[-90.15423,20.41142],[-90.15431,20.4114],[-90.15431,20.4114],[-90.15442,20.41148],[-90.15451,20.41162],[-90.15512,20.41166],[-90.15512,20.41166],[-90.1554,20.41163],[-90.15551,20.41163],[-90.15555,20.4116],[-90.15558,20.41149],[-90.15558,20.41149],[-90.15553,20.4114],[-90.15545,20.41123],[-90.15543,20.41087],[-90.15543,20.41076],[-90.15543,20.41073],[-90.15536,20.41064],[-90.15528,20.4106],[-90.15524,20.41052],[-90.15523,20.41033],[-90.15463,20.40936],[-90.15466,20.40932],[-90.15486,20.40901],[-90.15502,20.40879],[-90.15503,20.40877],[-90.15519,20.40863],[-90.15587,20.40804],[-90.15674,20.40702],[-90.1571,20.40631],[-90.15744,20.40562],[-90.15769,20.40513],[-90.15776,20.40498],[-90.15778,20.40494],[-90.15801,20.40476],[-90.15805,20.40467],[-90.15805,20.40451],[-90.15819,20.40447],[-90.15836,20.40447],[-90.15836,20.40447],[-90.15847,20.40448],[-90.15847,20.40448],[-90.15859,20.40445],[-90.15868,20.4044],[-90.15872,20.40434],[-90.15875,20.4043],[-90.15881,20.40419],[-90.15892,20.40398],[-90.15899,20.40384],[-90.15915,20.40354],[-90.15932,20.40317],[-90.15938,20.40307],[-90.15946,20.40297],[-90.1595,20.40291],[-90.15952,20.40287],[-90.15953,20.40282],[-90.15954,20.40271],[-90.15969,20.40273],[-90.15969,20.40273],[-90.15977,20.40237],[-90.15979,20.40225],[-90.15979,20.40224],[-90.16017,20.40029],[-90.16017,20.40029],[-90.16073,20.3989],[-90.16113,20.39767],[-90.16113,20.39766],[-90.16062,20.39741],[-90.1598,20.39729],[-90.15904,20.39723],[-90.1585,20.39726],[-90.15824,20.39722],[-90.15746,20.39731],[-90.15716,20.3974],[-90.15624,20.39733],[-90.15534,20.39745],[-90.15366,20.39837],[-90.15333,20.39845],[-90.15296,20.3984],[-90.15302,20.39792],[-90.15303,20.39784],[-90.15304,20.39779],[-90.15311,20.39735],[-90.15315,20.39707],[-90.15316,20.39702],[-90.15334,20.39641],[-90.15334,20.39641],[-90.15334,20.3964],[-90.15366,20.39533],[-90.15367,20.39532],[-90.15323,20.3951],[-90.15348,20.39423],[-90.15363,20.39314],[-90.15343,20.39324],[-90.15329,20.39334],[-90.15329,20.39334],[-90.15317,20.39331],[-90.15272,20.39318],[-90.15247,20.3931],[-90.15162,20.39284],[-90.1511,20.3927],[-90.15103,20.39277],[-90.15086,20.39274],[-90.1507,20.39298],[-90.14993,20.39284],[-90.14918,20.3927],[-90.14839,20.39257],[-90.14796,20.39241],[-90.14756,20.39231],[-90.14755,20.39231],[-90.14773,20.39212],[-90.14785,20.39201],[-90.14785,20.39201],[-90.1478,20.39189],[-90.1477,20.39176],[-90.14735,20.39159],[-90.14712,20.3914],[-90.14701,20.39128],[-90.14683,20.39105],[-90.14656,20.39082],[-90.14645,20.39088],[-90.14637,20.3909],[-90.14617,20.39096],[-90.14599,20.39096],[-90.14583,20.39092],[-90.14579,20.3909],[-90.14573,20.39086],[-90.14562,20.39085],[-90.14545,20.39088],[-90.14537,20.39094],[-90.14527,20.39094],[-90.14519,20.39091],[-90.14484,20.39084],[-90.14466,20.39083],[-90.14462,20.39083],[-90.14451,20.39109],[-90.14431,20.39127],[-90.1443,20.39127],[-90.14409,20.39149],[-90.14398,20.39155],[-90.14387,20.39157],[-90.14375,20.39162],[-90.14375,20.39163],[-90.14374,20.392],[-90.14374,20.392],[-90.14357,20.39189],[-90.14282,20.39173],[-90.14161,20.39396],[-90.14161,20.39397],[-90.14121,20.39599],[-90.14121,20.39599],[-90.14103,20.39598],[-90.1408,20.39597],[-90.14029,20.39554],[-90.14009,20.39535],[-90.13989,20.39518],[-90.13952,20.39494],[-90.13916,20.39479],[-90.13872,20.39465],[-90.13819,20.39591],[-90.13632,20.39537],[-90.13591,20.39654],[-90.13553,20.39643],[-90.13406,20.39601],[-90.13398,20.39599],[-90.13393,20.39598],[-90.13383,20.39598],[-90.13378,20.396],[-90.13375,20.396],[-90.13371,20.39601],[-90.13358,20.39601],[-90.13354,20.39599],[-90.13344,20.39595],[-90.13334,20.39589],[-90.13319,20.3958],[-90.13282,20.39607],[-90.13282,20.39607],[-90.13332,20.39775],[-90.13333,20.3978],[-90.13389,20.39989],[-90.13505,20.40427],[-90.13526,20.40524],[-90.13458,20.40549],[-90.13474,20.40649],[-90.13475,20.40661],[-90.13477,20.40674],[-90.13482,20.40741],[-90.1348,20.40749],[-90.13473,20.40752],[-90.13478,20.40821],[-90.13488,20.40931],[-90.13491,20.40963],[-90.13496,20.40991],[-90.13498,20.41003],[-90.13555,20.40994],[-90.13593,20.40951],[-90.13624,20.40922],[-90.13624,20.40922],[-90.13624,20.40922],[-90.13859,20.40991],[-90.13882,20.40996],[-90.13887,20.41011],[-90.13895,20.41016],[-90.13898,20.41018],[-90.13899,20.41018],[-90.13933,20.41036],[-90.1398,20.41061],[-90.1398,20.41061],[-90.13981,20.41061],[-90.14009,20.41055],[-90.14571,20.40945],[-90.14582,20.40943],[-90.14582,20.40943],[-90.14651,20.40965],[-90.14682,20.40975],[-90.14696,20.40983],[-90.14711,20.40992],[-90.14748,20.41012],[-90.14751,20.41013],[-90.14751,20.41013],[-90.14749,20.40917],[-90.14748,20.409],[-90.14742,20.4082],[-90.14741,20.40815],[-90.14741,20.40732],[-90.14741,20.40732],[-90.14741,20.40731],[-90.14751,20.40739],[-90.14832,20.40765],[-90.14887,20.40782],[-90.14916,20.40791],[-90.14978,20.40796],[-90.14992,20.40801],[-90.15033,20.40813],[-90.15033,20.40822],[-90.15033,20.40842],[-90.1503,20.4089],[-90.15028,20.4091],[-90.15028,20.4091],[-90.15029,20.40911],[-90.15056,20.4095],[-90.15067,20.4099],[-90.15068,20.41021],[-90.1508,20.41056],[-90.15094,20.41124]]]}},{"type":"Feature","properties":{"cvegeo":"040020313","cve_ent":"04","fuente":"INEGI — Marco Geoestadístico 2024","fecha_corte":"2024-08","cve_mun":"04002","nombre":"Nuevo Pénjamo","ambito":"Rural"},"geometry":{"type":"Polygon","coordinates":[[[-90.20772,19.31108],[-90.20758,19.31187],[-90.20864,19.31215],[-90.20867,19.31207],[-90.2096,19.3122],[-90.20979,19.31144],[-90.21188,19.3118],[-90.21209,19.31076],[-90.21231,19.30961],[-90.21275,19.30946],[-90.21311,19.30926],[-90.21339,19.30903],[-90.21319,19.30878],[-90.21305,19.30846],[-90.21299,19.30825],[-90.21291,19.30785],[-90.21269,19.30777],[-90.21171,19.30763],[-90.21067,19.30743],[-90.2096,19.30725],[-90.20855,19.30709],[-90.20835,19.30811],[-90.20779,19.30802],[-90.20768,19.30849],[-90.20755,19.30896],[-90.20735,19.30947],[-90.20724,19.30994],[-90.20705,19.31096],[-90.20772,19.31108]]]}},{"type":"Feature","properties":{"cvegeo":"040020091","cve_ent":"04","fuente":"INEGI — Marco Geoestadístico 2024","fecha_corte":"2024-08","cve_mun":"04002","nombre":"Nohakal","ambito":"Rural"},"geometry":{"type":"Polygon","coordinates":[[[-90.3368,19.65784],[-90.33773,19.65742],[-90.33911,19.65682],[-90.34025,19.65629],[-90.34006,19.65598],[-90.33953,19.65513],[-90.33931,19.65475],[-90.33896,19.65413],[-90.33894,19.65408],[-90.3382,19.65273],[-90.33741,19.65137],[-90.33674,19.65196],[-90.3365,19.65215],[-90.33645,19.65219],[-90.33638,19.65216],[-90.33234,19.65125],[-90.33191,19.65119],[-90.33161,19.65144],[-90.33184,19.65177],[-90.33192,19.65188],[-90.33211,19.65215],[-90.33195,19.65253],[-90.33186,19.65276],[-90.3319,19.65291],[-90.33197,19.65304],[-90.33214,19.65335],[-90.33237,19.6536],[-90.33247,19.65373],[-90.33244,19.65374],[-90.33218,19.6538],[-90.33197,19.65389],[-90.33143,19.65427],[-90.33223,19.65591],[-90.33263,19.65671],[-90.33331,19.65805],[-90.33343,19.65784],[-90.33354,19.65764],[-90.33366,19.65736],[-90.33368,19.65694],[-90.33467,19.65649],[-90.33491,19.65663],[-90.33577,19.65713],[-90.33605,19.65731],[-90.33636,19.6575],[-90.33645,19.65751],[-90.3368,19.65784]]]}},{"type":"Feature","properties":{"cvegeo":"040020093","cve_ent":"04","fuente":"INEGI — Marco Geoestadístico 2024","fecha_corte":"2024-08","cve_mun":"04002","nombre":"San Agustín Olá","ambito":"Rural"},"geometry":{"type":"Polygon","coordinates":[[[-90.52254,19.70996],[-90.52301,19.70969],[-90.52268,19.70915],[-90.52259,19.70885],[-90.52256,19.70833],[-90.52114,19.70896],[-90.5214,19.70934],[-90.52089,19.70962],[-90.52129,19.71018],[-90.52118,19.71021],[-90.52128,19.71073],[-90.52133,19.71094],[-90.52128,19.71097],[-90.52077,19.71149],[-90.52154,19.71179],[-90.52136,19.71214],[-90.52133,19.71219],[-90.52129,19.71244],[-90.5213,19.71258],[-90.52131,19.71266],[-90.52095,19.71352],[-90.52031,19.71503],[-90.5203,19.71522],[-90.52031,19.71526],[-90.52018,19.71537],[-90.52187,19.71593],[-90.52254,19.71468],[-90.52402,19.71478],[-90.52403,19.71442],[-90.52465,19.71446],[-90.52735,19.71459],[-90.52752,19.71326],[-90.52807,19.71333],[-90.52818,19.71209],[-90.52818,19.71147],[-90.52827,19.71099],[-90.52689,19.71074],[-90.52705,19.70971],[-90.52691,19.70972],[-90.52652,19.71013],[-90.52629,19.71041],[-90.52608,19.7106],[-90.52456,19.71031],[-90.52413,19.7103],[-90.52421,19.70996],[-90.52254,19.70996]]]}},{"type":"Feature","properties":{"cvegeo":"040020312","cve_ent":"04","fuente":"INEGI — Marco Geoestadístico 2024","fecha_corte":"2024-08","cve_mun":"04002","nombre":"Kikab","ambito":"Rural"},"geometry":{"type":"Polygon","coordinates":[[[-90.20662,19.29045],[-90.20676,19.29049],[-90.20731,19.29061],[-90.20816,19.29075],[-90.20908,19.29079],[-90.2091,19.29088],[-90.2093,19.2917],[-90.20977,19.2938],[-90.20985,19.29382],[-90.20996,19.29382],[-90.21003,19.29381],[-90.21015,19.29379],[-90.21025,19.29328],[-90.21032,19.29294],[-90.21063,19.29091],[-90.21089,19.28926],[-90.21093,19.28902],[-90.21102,19.28845],[-90.21117,19.28764],[-90.2113,19.28683],[-90.21143,19.286],[-90.21157,19.28517],[-90.21041,19.2851],[-90.21057,19.28394],[-90.20882,19.28375],[-90.20792,19.28369],[-90.20788,19.28415],[-90.20783,19.28489],[-90.20701,19.28485],[-90.20697,19.2857],[-90.20692,19.2865],[-90.20681,19.28649],[-90.20677,19.28727],[-90.20673,19.28727],[-90.20634,19.28723],[-90.20592,19.2872],[-90.20585,19.288],[-90.20607,19.28802],[-90.206,19.28886],[-90.20593,19.28968],[-90.20578,19.28968],[-90.20565,19.28975],[-90.20562,19.28981],[-90.20563,19.29],[-90.2055,19.29021],[-90.20541,19.29029],[-90.2054,19.29045],[-90.20576,19.29047],[-90.20636,19.29047],[-90.20643,19.29046],[-90.20648,19.29044],[-90.20662,19.29045]]]}},{"type":"Feature","properties":{"cvegeo":"040020071","cve_ent":"04","fuente":"INEGI — Marco Geoestadístico 2024","fecha_corte":"2024-08","cve_mun":"04002","nombre":"San Antonio Bobolá","ambito":"Rural"},"geometry":{"type":"Polygon","coordinates":[[[-90.42011,19.77231],[-90.42014,19.77202],[-90.42119,19.77211],[-90.42125,19.77162],[-90.42133,19.77093],[-90.42139,19.77093],[-90.42147,19.77095],[-90.42154,19.77096],[-90.42161,19.77098],[-90.42167,19.771],[-90.42174,19.77103],[-90.4218,19.77105],[-90.42185,19.77108],[-90.42196,19.77001],[-90.4221,19.7691],[-90.42152,19.76904],[-90.42056,19.76895],[-90.42052,19.76891],[-90.4194,19.76879],[-90.4189,19.7688],[-90.41867,19.7688],[-90.41846,19.7688],[-90.41826,19.76878],[-90.41807,19.76876],[-90.41764,19.76868],[-90.41719,19.76789],[-90.41693,19.77031],[-90.4167,19.77186],[-90.41657,19.77235],[-90.41664,19.77245],[-90.41801,19.77266],[-90.41794,19.77285],[-90.41863,19.77313],[-90.4183,19.77354],[-90.41806,19.77379],[-90.41785,19.7741],[-90.41778,19.77435],[-90.41769,19.77496],[-90.41763,19.77538],[-90.41762,19.77551],[-90.41765,19.77556],[-90.41852,19.77583],[-90.41858,19.77519],[-90.41867,19.77457],[-90.41875,19.774],[-90.41995,19.77308],[-90.42011,19.77231]]]}},{"type":"Feature","properties":{"cvegeo":"040020316","cve_ent":"04","fuente":"INEGI — Marco Geoestadístico 2024","fecha_corte":"2024-08","cve_mun":"04002","nombre":"Adolfo Ruiz Cortínez","ambito":"Rural"},"geometry":{"type":"Polygon","coordinates":[[[-90.36054,19.47935],[-90.36107,19.47988],[-90.36094,19.47881],[-90.36081,19.478],[-90.36072,19.47726],[-90.3607,19.47712],[-90.36056,19.4763],[-90.36147,19.47617],[-90.36161,19.47614],[-90.36228,19.47604],[-90.36226,19.47519],[-90.36222,19.47473],[-90.36218,19.47438],[-90.3621,19.47351],[-90.36159,19.47357],[-90.36168,19.47338],[-90.36193,19.47248],[-90.36109,19.47255],[-90.35925,19.47269],[-90.35932,19.47319],[-90.35904,19.47322],[-90.35791,19.47331],[-90.3578,19.47257],[-90.35739,19.47258],[-90.35699,19.47259],[-90.35706,19.47334],[-90.35605,19.4734],[-90.35614,19.47437],[-90.35626,19.47523],[-90.3564,19.476],[-90.35659,19.47691],[-90.3567,19.47766],[-90.35681,19.47848],[-90.35764,19.47838],[-90.35772,19.47915],[-90.35865,19.4791],[-90.3587,19.47936],[-90.35873,19.47951],[-90.35955,19.4795],[-90.3595,19.47903],[-90.35977,19.47906],[-90.35977,19.47906],[-90.36011,19.47894],[-90.36054,19.47935]]]}},{"type":"Feature","properties":{"cvegeo":"040020118","cve_ent":"04","fuente":"INEGI — Marco Geoestadístico 2024","fecha_corte":"2024-08","cve_mun":"04002","nombre":"Pueblo Nuevo","ambito":"Rural"},"geometry":{"type":"Polygon","coordinates":[[[-90.12477,19.74606],[-90.12485,19.74597],[-90.12407,19.74541],[-90.12335,19.74494],[-90.12267,19.7445],[-90.12198,19.74401],[-90.12131,19.74349],[-90.12063,19.74298],[-90.1205,19.74289],[-90.1199,19.74246],[-90.1192,19.74339],[-90.11972,19.74379],[-90.1194,19.74433],[-90.11851,19.74376],[-90.11842,19.74393],[-90.11794,19.74472],[-90.1188,19.74529],[-90.11954,19.74578],[-90.11889,19.74661],[-90.12029,19.74755],[-90.12015,19.74774],[-90.12283,19.74945],[-90.1229,19.7495],[-90.12379,19.75006],[-90.12405,19.74972],[-90.12442,19.74924],[-90.12626,19.75053],[-90.12649,19.74958],[-90.12629,19.74944],[-90.12544,19.74882],[-90.126,19.7482],[-90.12553,19.74786],[-90.12622,19.74705],[-90.12551,19.74656],[-90.12477,19.74606]]]}},{"type":"Feature","properties":{"cvegeo":"040020105","cve_ent":"04","fuente":"INEGI — Marco Geoestadístico 2024","fecha_corte":"2024-08","cve_mun":"04002","nombre":"Tixmucuy","ambito":"Rural"},"geometry":{"type":"Polygon","coordinates":[[[-90.31216,19.58599],[-90.3121,19.58658],[-90.3127,19.58659],[-90.31273,19.58557],[-90.31353,19.58565],[-90.31355,19.58545],[-90.31418,19.58562],[-90.31417,19.58647],[-90.31582,19.58666],[-90.31635,19.58667],[-90.31691,19.58663],[-90.31744,19.58656],[-90.31781,19.58662],[-90.318,19.58661],[-90.31771,19.58593],[-90.3189,19.58597],[-90.31984,19.586],[-90.31954,19.58527],[-90.32007,19.58528],[-90.32058,19.58528],[-90.3206,19.58468],[-90.31933,19.58453],[-90.31842,19.5844],[-90.31862,19.584],[-90.31873,19.58377],[-90.31921,19.58306],[-90.31931,19.58303],[-90.31992,19.58337],[-90.32011,19.58305],[-90.32026,19.58318],[-90.32033,19.58339],[-90.32095,19.58246],[-90.32109,19.58159],[-90.32116,19.58088],[-90.31952,19.58056],[-90.31966,19.57969],[-90.31974,19.57915],[-90.32053,19.57922],[-90.32057,19.57888],[-90.31965,19.57873],[-90.31936,19.57868],[-90.31906,19.57863],[-90.3189,19.57961],[-90.31807,19.57952],[-90.31807,19.57935],[-90.31808,19.57888],[-90.318,19.57887],[-90.31785,19.57885],[-90.31789,19.57873],[-90.3178,19.57872],[-90.31514,19.57851],[-90.31505,19.57849],[-90.31495,19.57838],[-90.31486,19.57874],[-90.31487,19.57908],[-90.31526,19.58024],[-90.31416,19.58033],[-90.31401,19.58031],[-90.31158,19.58031],[-90.31146,19.58211],[-90.31179,19.58205],[-90.31178,19.58248],[-90.31178,19.58338],[-90.31175,19.58399],[-90.31173,19.58438],[-90.31168,19.58483],[-90.31215,19.58488],[-90.31208,19.5854],[-90.31208,19.58549],[-90.31216,19.58599]]]}},{"type":"Feature","properties":{"cvegeo":"040020092","cve_ent":"04","fuente":"INEGI — Marco Geoestadístico 2024","fecha_corte":"2024-08","cve_mun":"04002","nombre":"Uzahzil-Edzná (Nohyaxché)","ambito":"Rural"},"geometry":{"type":"Polygon","coordinates":[[[-90.22179,19.61528],[-90.2212,19.61481],[-90.22032,19.61426],[-90.21953,19.61362],[-90.21951,19.61357],[-90.21939,19.61344],[-90.21918,19.6132],[-90.21882,19.61277],[-90.21869,19.61294],[-90.21828,19.61263],[-90.21785,19.61235],[-90.21782,19.61237],[-90.21773,19.6124],[-90.21764,19.61242],[-90.21747,19.61262],[-90.21708,19.61308],[-90.21698,19.6132],[-90.21645,19.61385],[-90.21625,19.61411],[-90.21579,19.6147],[-90.21558,19.61496],[-90.21512,19.61551],[-90.21421,19.61666],[-90.21516,19.61735],[-90.21508,19.61746],[-90.21545,19.6177],[-90.2152,19.61809],[-90.21575,19.61842],[-90.21587,19.61845],[-90.21652,19.61889],[-90.21708,19.61928],[-90.21761,19.61932],[-90.21796,19.61885],[-90.21864,19.618],[-90.21915,19.61836],[-90.21981,19.61756],[-90.22047,19.61676],[-90.22115,19.61597],[-90.22179,19.61528]]]}},{"type":"Feature","properties":{"cvegeo":"040020072","cve_ent":"04","fuente":"INEGI — Marco Geoestadístico 2024","fecha_corte":"2024-08","cve_mun":"04002","nombre":"Bolonchén Cahuich","ambito":"Rural"},"geometry":{"type":"Polygon","coordinates":[[[-90.20556,19.44039],[-90.20442,19.44046],[-90.20436,19.44158],[-90.20432,19.44241],[-90.20433,19.44263],[-90.20343,19.44264],[-90.20349,19.44381],[-90.2043,19.44393],[-90.20411,19.44471],[-90.20449,19.44488],[-90.20422,19.44527],[-90.20398,19.4456],[-90.20384,19.44586],[-90.20403,19.44569],[-90.20422,19.44554],[-90.20457,19.4453],[-90.20478,19.44518],[-90.20501,19.44505],[-90.20524,19.44494],[-90.20542,19.44486],[-90.20562,19.44479],[-90.20582,19.44473],[-90.20603,19.44468],[-90.20623,19.44465],[-90.20641,19.44463],[-90.2066,19.44461],[-90.20699,19.44459],[-90.20733,19.44459],[-90.20766,19.44459],[-90.20801,19.44459],[-90.20995,19.44459],[-90.20992,19.44395],[-90.20995,19.44373],[-90.20998,19.44362],[-90.20998,19.44349],[-90.20998,19.44333],[-90.20997,19.44305],[-90.20995,19.44267],[-90.20995,19.44236],[-90.20996,19.44176],[-90.20993,19.44131],[-90.20994,19.44027],[-90.20808,19.44024],[-90.20812,19.43982],[-90.20692,19.43965],[-90.20693,19.43939],[-90.20559,19.43948],[-90.20556,19.44039]]]}},{"type":"Feature","properties":{"cvegeo":"040020089","cve_ent":"04","fuente":"INEGI — Marco Geoestadístico 2024","fecha_corte":"2024-08","cve_mun":"04002","nombre":"Mucuychakán","ambito":"Rural"},"geometry":{"type":"Polygon","coordinates":[[[-90.46103,19.69144],[-90.46198,19.691],[-90.46187,19.69083],[-90.46224,19.6906],[-90.46264,19.69034],[-90.46293,19.69016],[-90.4631,19.69041],[-90.46388,19.68997],[-90.46289,19.68927],[-90.4625,19.68891],[-90.46231,19.68874],[-90.46217,19.68858],[-90.46272,19.68816],[-90.46381,19.68805],[-90.46369,19.68779],[-90.46298,19.68781],[-90.46247,19.68713],[-90.46209,19.68731],[-90.46176,19.6864],[-90.46165,19.68604],[-90.46087,19.68628],[-90.46076,19.68606],[-90.46046,19.68616],[-90.46034,19.68626],[-90.45989,19.68646],[-90.45942,19.68659],[-90.45978,19.68743],[-90.45943,19.68753],[-90.45955,19.68782],[-90.45974,19.68835],[-90.45982,19.68857],[-90.46037,19.69008],[-90.46067,19.69074],[-90.46071,19.69072],[-90.46103,19.69144]]]}},{"type":"Feature","properties":{"cvegeo":"040020094","cve_ent":"04","fuente":"INEGI — Marco Geoestadístico 2024","fecha_corte":"2024-08","cve_mun":"04002","nombre":"Crucero Oxá","ambito":"Rural"},"geometry":{"type":"Polygon","coordinates":[[[-90.07879,19.72898],[-90.07985,19.72958],[-90.08047,19.72847],[-90.081,19.72761],[-90.08202,19.72575],[-90.08228,19.72533],[-90.08135,19.72485],[-90.0816,19.72438],[-90.08076,19.72389],[-90.08056,19.72378],[-90.0798,19.72337],[-90.07884,19.72287],[-90.07833,19.72372],[-90.07831,19.7238],[-90.07779,19.72463],[-90.07724,19.7255],[-90.07668,19.72636],[-90.07612,19.72724],[-90.07598,19.72754],[-90.07629,19.72764],[-90.07696,19.72796],[-90.07879,19.72898]]]}},{"type":"Feature","properties":{"cvegeo":"040020172","cve_ent":"04","fuente":"INEGI — Marco Geoestadístico 2024","fecha_corte":"2024-08","cve_mun":"04002","nombre":"Melchor Ocampo","ambito":"Rural"},"geometry":{"type":"Polygon","coordinates":[[[-90.23026,19.37701],[-90.23076,19.37701],[-90.23333,19.377],[-90.23332,19.37626],[-90.23333,19.37539],[-90.23332,19.37512],[-90.23331,19.37441],[-90.23331,19.37431],[-90.23331,19.37356],[-90.23332,19.37313],[-90.23331,19.37214],[-90.23331,19.37112],[-90.22945,19.37113],[-90.22837,19.37114],[-90.22832,19.37114],[-90.22732,19.37115],[-90.2262,19.37116],[-90.22509,19.37115],[-90.22401,19.37115],[-90.22322,19.37115],[-90.22309,19.37166],[-90.22297,19.3721],[-90.22297,19.37215],[-90.22296,19.37318],[-90.22207,19.37372],[-90.22209,19.37417],[-90.2221,19.3759],[-90.22262,19.3759],[-90.22246,19.37634],[-90.22245,19.37656],[-90.22241,19.37667],[-90.2224,19.37675],[-90.22241,19.37683],[-90.22243,19.37691],[-90.22245,19.37698],[-90.22242,19.37709],[-90.22246,19.37719],[-90.22248,19.37732],[-90.22246,19.3776],[-90.22242,19.37767],[-90.22234,19.37778],[-90.22226,19.37788],[-90.22213,19.37867],[-90.22202,19.37905],[-90.22605,19.37895],[-90.22611,19.37866],[-90.2262,19.37819],[-90.22724,19.37817],[-90.22721,19.37689],[-90.23027,19.37697],[-90.23026,19.37701]]]}},{"type":"Feature","properties":{"cvegeo":"040020465","cve_ent":"04","fuente":"INEGI — Marco Geoestadístico 2024","fecha_corte":"2024-08","cve_mun":"04002","nombre":"Los Laureles","ambito":"Urbana"},"geometry":{"type":"Polygon","coordinates":[[[-89.98324,19.48984],[-89.98462,19.48974],[-89.98503,19.48972],[-89.98664,19.48961],[-89.98819,19.48953],[-89.98863,19.4895],[-89.98925,19.48946],[-89.98929,19.48946],[-89.99044,19.4894],[-89.99041,19.48947],[-89.99042,19.48973],[-89.99142,19.4897],[-89.99138,19.49012],[-89.99228,19.49018],[-89.99228,19.49037],[-89.99282,19.49038],[-89.99393,19.49038],[-89.99395,19.49017],[-89.99398,19.48976],[-89.99398,19.48975],[-89.99558,19.49044],[-89.99569,19.48979],[-89.99723,19.49052],[-89.99869,19.49056],[-89.99873,19.4899],[-89.99877,19.4899],[-89.99924,19.48994],[-89.99927,19.48979],[-89.9993,19.48964],[-89.99935,19.48949],[-89.9994,19.48935],[-89.99945,19.48921],[-89.99978,19.48853],[-90.0001,19.48787],[-90.00026,19.48753],[-90.0003,19.48743],[-90.00037,19.48728],[-90.00043,19.48712],[-90.00046,19.48703],[-90.00049,19.48693],[-90.00052,19.48684],[-90.00054,19.48674],[-90.00057,19.48664],[-90.00059,19.48654],[-90.00061,19.48646],[-90.00061,19.48636],[-90.00061,19.48627],[-90.00061,19.48618],[-90.0006,19.48608],[-90.00058,19.48599],[-90.00056,19.4859],[-90.00053,19.48581],[-90.0005,19.48572],[-90.00045,19.48559],[-90.00043,19.48555],[-90.0004,19.4855],[-90.00037,19.48544],[-90.00034,19.48539],[-90.0003,19.48533],[-90.00023,19.48524],[-90.00016,19.48514],[-90.00008,19.48506],[-89.99999,19.48497],[-89.99991,19.4849],[-89.99983,19.48484],[-89.99974,19.48478],[-89.99966,19.48472],[-89.9996,19.48469],[-89.99954,19.48466],[-89.99944,19.48461],[-89.99907,19.48441],[-89.99777,19.48375],[-89.9976,19.48365],[-89.99718,19.48343],[-89.99761,19.4834],[-89.9977,19.48274],[-89.99722,19.48272],[-89.99722,19.48272],[-89.99731,19.48179],[-89.99616,19.48169],[-89.99459,19.48154],[-89.99455,19.48144],[-89.99446,19.48108],[-89.99445,19.48104],[-89.99445,19.48104],[-89.99442,19.48157],[-89.99382,19.48156],[-89.99272,19.48155],[-89.99141,19.48142],[-89.99114,19.48141],[-89.99078,19.48138],[-89.99077,19.48138],[-89.99018,19.48136],[-89.98985,19.48148],[-89.98985,19.48146],[-89.98984,19.48144],[-89.98982,19.48142],[-89.98981,19.4814],[-89.98979,19.48139],[-89.98977,19.48138],[-89.98975,19.48137],[-89.98973,19.48137],[-89.98835,19.48124],[-89.98834,19.48167],[-89.98832,19.48215],[-89.98829,19.48225],[-89.98827,19.48227],[-89.98826,19.48229],[-89.98825,19.48232],[-89.98824,19.48234],[-89.98823,19.48238],[-89.98822,19.48247],[-89.98824,19.48293],[-89.98827,19.483],[-89.98827,19.48301],[-89.98821,19.48359],[-89.98694,19.48353],[-89.98533,19.48349],[-89.98376,19.48337],[-89.9823,19.48337],[-89.98241,19.48408],[-89.98252,19.48483],[-89.98263,19.48555],[-89.98273,19.48632],[-89.98274,19.48636],[-89.98286,19.48708],[-89.98296,19.48785],[-89.98308,19.48858],[-89.98324,19.48984]]]}},{"type":"Feature","properties":{"cvegeo":"040020100","cve_ent":"04","fuente":"INEGI — Marco Geoestadístico 2024","fecha_corte":"2024-08","cve_mun":"04002","nombre":"San Camilo (Chencollí)","ambito":"Rural"},"geometry":{"type":"Polygon","coordinates":[[[-90.24242,19.798],[-90.24201,19.79791],[-90.24219,19.79702],[-90.2424,19.79622],[-90.24222,19.79621],[-90.24201,19.79619],[-90.24199,19.79626],[-90.24106,19.79602],[-90.2408,19.79596],[-90.24093,19.79517],[-90.2402,19.79505],[-90.23871,19.79477],[-90.23869,19.79502],[-90.2387,19.79514],[-90.2387,19.79525],[-90.23875,19.7954],[-90.23881,19.79549],[-90.23888,19.79558],[-90.23845,19.7955],[-90.23819,19.79626],[-90.23858,19.79634],[-90.2391,19.79644],[-90.23895,19.79738],[-90.23981,19.7975],[-90.2397,19.79824],[-90.24059,19.79843],[-90.24037,19.79919],[-90.24121,19.79939],[-90.2412,19.79946],[-90.24214,19.79955],[-90.24232,19.79878],[-90.24225,19.79877],[-90.24242,19.798]]]}},{"type":"Feature","properties":{"cvegeo":"040020097","cve_ent":"04","fuente":"INEGI — Marco Geoestadístico 2024","fecha_corte":"2024-08","cve_mun":"04002","nombre":"Pocyaxum","ambito":"Rural"},"geometry":{"type":"Polygon","coordinates":[[[-90.35056,19.73219],[-90.35109,19.73221],[-90.35196,19.73217],[-90.35198,19.73212],[-90.35199,19.73205],[-90.35199,19.73198],[-90.35198,19.73192],[-90.35197,19.73187],[-90.35195,19.73183],[-90.35194,19.73179],[-90.35191,19.73176],[-90.35201,19.73185],[-90.35229,19.73202],[-90.35258,19.7322],[-90.35246,19.73166],[-90.35246,19.73165],[-90.35219,19.73039],[-90.35192,19.72917],[-90.35315,19.72881],[-90.35279,19.72834],[-90.3528,19.72833],[-90.35348,19.7281],[-90.35402,19.72788],[-90.35468,19.72759],[-90.35561,19.72716],[-90.35582,19.72706],[-90.35595,19.72698],[-90.35607,19.72687],[-90.35617,19.72677],[-90.3563,19.72662],[-90.35641,19.72645],[-90.35648,19.72633],[-90.35664,19.72592],[-90.35679,19.72542],[-90.35683,19.72523],[-90.35222,19.72385],[-90.35219,19.72393],[-90.35191,19.72386],[-90.35163,19.72383],[-90.35141,19.72404],[-90.35038,19.72437],[-90.35041,19.72447],[-90.34868,19.72484],[-90.34854,19.72472],[-90.34838,19.72458],[-90.3483,19.72448],[-90.34835,19.72524],[-90.34821,19.72529],[-90.34835,19.72586],[-90.34834,19.72588],[-90.34829,19.72598],[-90.34823,19.72606],[-90.34817,19.72611],[-90.34807,19.72616],[-90.34797,19.72621],[-90.34789,19.72627],[-90.34782,19.72635],[-90.34774,19.72646],[-90.34766,19.72657],[-90.34762,19.72663],[-90.34754,19.72669],[-90.34742,19.72676],[-90.34733,19.72752],[-90.3473,19.72782],[-90.34715,19.72798],[-90.347,19.72812],[-90.34707,19.72874],[-90.34743,19.72867],[-90.34826,19.72862],[-90.3484,19.72918],[-90.34859,19.72972],[-90.34884,19.73025],[-90.34892,19.73094],[-90.34972,19.73088],[-90.34974,19.73136],[-90.3496,19.73139],[-90.34936,19.7315],[-90.34922,19.73157],[-90.34905,19.73168],[-90.34893,19.73178],[-90.34871,19.73204],[-90.35058,19.73207],[-90.35056,19.73219]]]}},{"type":"Feature","properties":{"cvegeo":"040020086","cve_ent":"04","fuente":"INEGI — Marco Geoestadístico 2024","fecha_corte":"2024-08","cve_mun":"04002","nombre":"Imí","ambito":"Rural"},"geometry":{"type":"MultiPolygon","coordinates":[[[[-90.44885,19.86937],[-90.4506,19.86879],[-90.44973,19.86764],[-90.4497,19.8676],[-90.44847,19.86605],[-90.44681,19.86657],[-90.44491,19.86722],[-90.44522,19.86768],[-90.44609,19.86874],[-90.44795,19.86817],[-90.44885,19.86937]]],[[[-90.46532,19.88648],[-90.46533,19.88678],[-90.46533,19.88694],[-90.46531,19.88719],[-90.46529,19.88737],[-90.46526,19.88754],[-90.46522,19.88771],[-90.46517,19.88789],[-90.46512,19.88801],[-90.46507,19.88815],[-90.46502,19.88826],[-90.4649,19.88845],[-90.4648,19.88861],[-90.46466,19.88879],[-90.46424,19.8894],[-90.46401,19.88973],[-90.46384,19.88998],[-90.46374,19.89013],[-90.46368,19.89026],[-90.46369,19.89036],[-90.4637,19.89044],[-90.46375,19.8905],[-90.46431,19.89096],[-90.46434,19.89098],[-90.47068,19.88679],[-90.47101,19.88722],[-90.47111,19.88728],[-90.47121,19.88729],[-90.47128,19.88728],[-90.47218,19.88661],[-90.4728,19.88619],[-90.47349,19.88575],[-90.4771,19.8834],[-90.47891,19.88219],[-90.48028,19.8813],[-90.48126,19.88065],[-90.4821,19.8801],[-90.48293,19.87955],[-90.48464,19.87843],[-90.48575,19.87771],[-90.48789,19.87631],[-90.48796,19.87626],[-90.48827,19.87609],[-90.48841,19.87593],[-90.48854,19.87581],[-90.48877,19.87561],[-90.48894,19.87549],[-90.48972,19.8748],[-90.4899,19.87464],[-90.49001,19.87454],[-90.49086,19.87375],[-90.49007,19.87253],[-90.48954,19.87164],[-90.48946,19.87152],[-90.48923,19.87112],[-90.48913,19.87095],[-90.48894,19.87064],[-90.48864,19.87021],[-90.48863,19.8702],[-90.48861,19.87016],[-90.48832,19.86976],[-90.48816,19.86952],[-90.48805,19.86929],[-90.48789,19.86902],[-90.48773,19.86875],[-90.48747,19.86836],[-90.48786,19.86797],[-90.48809,19.86772],[-90.48585,19.86673],[-90.48585,19.86672],[-90.48585,19.86671],[-90.48586,19.86668],[-90.48601,19.8658],[-90.48602,19.86576],[-90.48602,19.86576],[-90.48597,19.86575],[-90.48567,19.86562],[-90.48523,19.86543],[-90.48483,19.86526],[-90.48483,19.86526],[-90.48469,19.86571],[-90.48469,19.86571],[-90.484,19.86542],[-90.48381,19.86533],[-90.4823,19.86467],[-90.48214,19.86506],[-90.48189,19.86494],[-90.48136,19.86635],[-90.481,19.86628],[-90.47868,19.86578],[-90.47659,19.86537],[-90.47634,19.86531],[-90.47679,19.86414],[-90.47713,19.86326],[-90.47686,19.86322],[-90.47574,19.86301],[-90.47486,19.86284],[-90.47404,19.86266],[-90.47247,19.86226],[-90.47257,19.86197],[-90.47078,19.86151],[-90.47004,19.86298],[-90.46943,19.86426],[-90.46671,19.86226],[-90.4666,19.86215],[-90.46594,19.86169],[-90.46432,19.86053],[-90.4633,19.85976],[-90.46208,19.85887],[-90.46222,19.85869],[-90.46229,19.85859],[-90.46235,19.85849],[-90.46226,19.85849],[-90.4622,19.85853],[-90.46211,19.85862],[-90.46204,19.85867],[-90.46196,19.85869],[-90.46147,19.85928],[-90.4611,19.8597],[-90.46097,19.85985],[-90.46053,19.86041],[-90.45959,19.86151],[-90.45821,19.86321],[-90.4577,19.86384],[-90.45749,19.86414],[-90.4571,19.86467],[-90.45695,19.86492],[-90.45647,19.86571],[-90.456,19.86656],[-90.45563,19.86737],[-90.45558,19.86748],[-90.45539,19.86788],[-90.45503,19.86871],[-90.45484,19.86911],[-90.45476,19.86931],[-90.45464,19.86961],[-90.45458,19.8698],[-90.45456,19.86992],[-90.45453,19.87005],[-90.45453,19.87035],[-90.45457,19.8708],[-90.45462,19.87101],[-90.45468,19.87119],[-90.45478,19.8714],[-90.45486,19.87157],[-90.45498,19.87176],[-90.45516,19.87201],[-90.45571,19.87273],[-90.45599,19.87312],[-90.45627,19.87349],[-90.45676,19.87414],[-90.45866,19.87667],[-90.46086,19.87967],[-90.46307,19.8826],[-90.46427,19.8842],[-90.46465,19.88472],[-90.46493,19.88516],[-90.46503,19.88534],[-90.4651,19.88554],[-90.46517,19.88569],[-90.46521,19.88585],[-90.46527,19.88606],[-90.46529,19.88623],[-90.46532,19.88648]]]]}},{"type":"Feature","properties":{"cvegeo":"040020711","cve_ent":"04","fuente":"INEGI — Marco Geoestadístico 2024","fecha_corte":"2024-08","cve_mun":"04002","nombre":"Carlos Cano Cruz (Los Tlaxcaltecas)","ambito":"Rural"},"geometry":{"type":"Polygon","coordinates":[[[-89.88494,19.37106],[-89.88502,19.37193],[-89.88506,19.37284],[-89.8851,19.37316],[-89.88514,19.37329],[-89.8852,19.37337],[-89.88527,19.37344],[-89.88541,19.3735],[-89.88568,19.37355],[-89.88591,19.37355],[-89.88613,19.37352],[-89.8863,19.37345],[-89.88626,19.37316],[-89.8863,19.37272],[-89.88756,19.37269],[-89.88874,19.37262],[-89.88879,19.37178],[-89.88999,19.37174],[-89.88996,19.3713],[-89.88993,19.37087],[-89.88988,19.37007],[-89.89035,19.37006],[-89.89076,19.37005],[-89.89073,19.36915],[-89.89114,19.36913],[-89.89113,19.36832],[-89.88995,19.36832],[-89.88861,19.36838],[-89.88855,19.36753],[-89.88732,19.3676],[-89.8873,19.3676],[-89.88728,19.36678],[-89.88599,19.36683],[-89.886,19.36693],[-89.88513,19.36696],[-89.88485,19.36762],[-89.88484,19.36855],[-89.88487,19.36939],[-89.88491,19.37023],[-89.88494,19.37106]]]}},{"type":"Feature","properties":{"cvegeo":"040021030","cve_ent":"04","fuente":"INEGI — Marco Geoestadístico 2024","fecha_corte":"2024-08","cve_mun":"04002","nombre":"La Unión (El Zapotal)","ambito":"Rural"},"geometry":{"type":"Polygon","coordinates":[[[-90.0898,19.42087],[-90.09083,19.42072],[-90.09083,19.41961],[-90.09077,19.4186],[-90.0907,19.4176],[-90.08964,19.4178],[-90.08858,19.41796],[-90.08856,19.4173],[-90.08834,19.41696],[-90.08738,19.41709],[-90.08746,19.41816],[-90.08856,19.41796],[-90.08858,19.41797],[-90.0886,19.41896],[-90.0875,19.41915],[-90.08649,19.41932],[-90.08664,19.42036],[-90.08763,19.4202],[-90.08772,19.42123],[-90.08879,19.42105],[-90.0898,19.42087]]]}},{"type":"Feature","properties":{"cvegeo":"040020077","cve_ent":"04","fuente":"INEGI — Marco Geoestadístico 2024","fecha_corte":"2024-08","cve_mun":"04002","nombre":"Chiná","ambito":"Urbana"},"geometry":{"type":"Polygon","coordinates":[[[-90.49914,19.78333],[-90.49938,19.78434],[-90.5005,19.7888],[-90.5005,19.7888],[-90.50622,19.7879],[-90.50752,19.78758],[-90.50752,19.78758],[-90.50398,19.78356],[-90.50325,19.78277],[-90.50141,19.7807],[-90.50105,19.78031],[-90.50006,19.77924],[-90.50061,19.77869],[-90.50086,19.77778],[-90.50197,19.77634],[-90.50221,19.77547],[-90.50225,19.7754],[-90.50307,19.77456],[-90.50619,19.76959],[-90.50592,19.76902],[-90.50528,19.76766],[-90.50528,19.76766],[-90.50567,19.76658],[-90.50503,19.76645],[-90.50497,19.76643],[-90.50488,19.76641],[-90.50484,19.76641],[-90.50487,19.7653],[-90.50485,19.76515],[-90.50486,19.76498],[-90.5049,19.76491],[-90.505,19.76469],[-90.50492,19.76451],[-90.50494,19.76441],[-90.50504,19.76435],[-90.5051,19.76419],[-90.50517,19.76406],[-90.50529,19.76396],[-90.5053,19.76392],[-90.50546,19.76366],[-90.50552,19.7635],[-90.50575,19.76309],[-90.50574,19.76304],[-90.50579,19.76273],[-90.50619,19.76212],[-90.50611,19.76199],[-90.50608,19.76195],[-90.50604,19.76191],[-90.506,19.76187],[-90.50597,19.76185],[-90.50594,19.76182],[-90.50584,19.76177],[-90.50577,19.76173],[-90.50571,19.76168],[-90.50565,19.76163],[-90.5056,19.76158],[-90.50556,19.76153],[-90.50552,19.76148],[-90.50548,19.76143],[-90.50545,19.76137],[-90.5052,19.76098],[-90.50637,19.76091],[-90.50631,19.76061],[-90.50615,19.76038],[-90.50606,19.76004],[-90.50596,19.75986],[-90.5059,19.75955],[-90.5059,19.75953],[-90.50589,19.7595],[-90.50589,19.75947],[-90.50587,19.75943],[-90.50585,19.7594],[-90.50562,19.75918],[-90.50593,19.75887],[-90.50633,19.75844],[-90.50637,19.75838],[-90.5064,19.75831],[-90.50642,19.75826],[-90.50643,19.75821],[-90.50644,19.75815],[-90.50645,19.7581],[-90.50645,19.75792],[-90.50644,19.75784],[-90.50643,19.75776],[-90.50644,19.7577],[-90.50644,19.75763],[-90.50645,19.75756],[-90.50647,19.75749],[-90.50648,19.75745],[-90.50651,19.75737],[-90.50606,19.75767],[-90.50545,19.75846],[-90.50437,19.75885],[-90.50423,19.75842],[-90.50387,19.75848],[-90.50281,19.75875],[-90.50309,19.75967],[-90.50289,19.75958],[-90.50274,19.7595],[-90.50268,19.75948],[-90.5026,19.7595],[-90.50253,19.75953],[-90.50243,19.75956],[-90.50236,19.7596],[-90.50228,19.75963],[-90.50221,19.75965],[-90.50213,19.75966],[-90.50206,19.75967],[-90.50199,19.75968],[-90.50185,19.75969],[-90.50181,19.75968],[-90.50169,19.75968],[-90.50161,19.75967],[-90.50154,19.75967],[-90.50148,19.75966],[-90.50141,19.75963],[-90.50133,19.75961],[-90.50126,19.75958],[-90.50119,19.75954],[-90.50113,19.7595],[-90.50106,19.75946],[-90.50085,19.75931],[-90.50039,19.75931],[-90.49999,19.75925],[-90.49991,19.75927],[-90.49982,19.75927],[-90.49975,19.75927],[-90.49967,19.75927],[-90.49948,19.75927],[-90.49924,19.75924],[-90.49856,19.75921],[-90.4967,19.75917],[-90.49683,19.7579],[-90.49726,19.75714],[-90.49758,19.7564],[-90.49767,19.75609],[-90.49685,19.7559],[-90.49587,19.7557],[-90.49296,19.75514],[-90.49292,19.75514],[-90.49289,19.75514],[-90.49285,19.75515],[-90.49281,19.75516],[-90.49324,19.75786],[-90.49321,19.75786],[-90.49063,19.75786],[-90.48918,19.75805],[-90.48886,19.75823],[-90.48795,19.75879],[-90.48881,19.76016],[-90.4886,19.76173],[-90.48857,19.76189],[-90.4883,19.76184],[-90.48776,19.7617],[-90.48753,19.76212],[-90.48753,19.76215],[-90.48753,19.76218],[-90.48753,19.76221],[-90.48755,19.76224],[-90.48755,19.76225],[-90.4878,19.76243],[-90.48795,19.76254],[-90.48849,19.76292],[-90.4885,19.76299],[-90.48861,19.76329],[-90.48866,19.76356],[-90.4888,19.76385],[-90.48901,19.7643],[-90.48891,19.7645],[-90.48874,19.7648],[-90.48872,19.76487],[-90.48885,19.76557],[-90.48881,19.76566],[-90.48872,19.76571],[-90.48858,19.76582],[-90.48857,19.76588],[-90.48854,19.7661],[-90.48856,19.76628],[-90.48859,19.76635],[-90.48862,19.76642],[-90.48862,19.76656],[-90.48856,19.76681],[-90.48856,19.76689],[-90.48858,19.76701],[-90.48864,19.7672],[-90.4887,19.7673],[-90.48879,19.76748],[-90.48887,19.76757],[-90.48889,19.76758],[-90.48905,19.76769],[-90.4895,19.76801],[-90.48958,19.76803],[-90.48963,19.768],[-90.4897,19.76798],[-90.48975,19.76798],[-90.48986,19.76802],[-90.48995,19.76809],[-90.48997,19.76818],[-90.49001,19.7683],[-90.49006,19.76845],[-90.49023,19.76866],[-90.49042,19.76879],[-90.49065,19.76896],[-90.49071,19.76905],[-90.4908,19.76927],[-90.49101,19.76966],[-90.49126,19.77011],[-90.49127,19.77016],[-90.49128,19.77018],[-90.49129,19.77024],[-90.4913,19.7703],[-90.4913,19.77036],[-90.4913,19.77042],[-90.4913,19.77048],[-90.49128,19.77055],[-90.49122,19.77087],[-90.49091,19.77084],[-90.49072,19.77082],[-90.49045,19.77109],[-90.49049,19.77128],[-90.49051,19.77128],[-90.49055,19.77127],[-90.49059,19.77127],[-90.49062,19.77128],[-90.49066,19.77128],[-90.4907,19.77129],[-90.49073,19.7713],[-90.49077,19.77131],[-90.4908,19.77132],[-90.49081,19.77133],[-90.49085,19.77138],[-90.49089,19.77143],[-90.49093,19.77148],[-90.49098,19.77152],[-90.49108,19.77157],[-90.49116,19.77158],[-90.49089,19.77211],[-90.49054,19.77277],[-90.49053,19.77281],[-90.49052,19.77307],[-90.49055,19.77308],[-90.49121,19.77314],[-90.49112,19.77395],[-90.49107,19.77453],[-90.49194,19.77471],[-90.49266,19.77481],[-90.49295,19.77461],[-90.49307,19.77493],[-90.4932,19.7752],[-90.49333,19.77547],[-90.49357,19.77564],[-90.49378,19.77576],[-90.49399,19.77588],[-90.49415,19.77594],[-90.49426,19.77596],[-90.4948,19.77563],[-90.49498,19.77555],[-90.49499,19.77554],[-90.49498,19.77588],[-90.49496,19.77615],[-90.49496,19.77646],[-90.49499,19.77652],[-90.49503,19.77658],[-90.49531,19.77659],[-90.49535,19.77659],[-90.49536,19.77668],[-90.49547,19.77739],[-90.49561,19.77736],[-90.49565,19.77752],[-90.49596,19.77749],[-90.49635,19.77749],[-90.49637,19.77749],[-90.49641,19.77749],[-90.49643,19.7775],[-90.49647,19.77756],[-90.4965,19.77759],[-90.49665,19.77793],[-90.49671,19.7782],[-90.49636,19.77839],[-90.49669,19.77878],[-90.49657,19.77926],[-90.49647,19.77928],[-90.49642,19.77929],[-90.4964,19.77929],[-90.49637,19.7793],[-90.49631,19.77933],[-90.49619,19.7794],[-90.49595,19.77955],[-90.49587,19.77959],[-90.49578,19.77964],[-90.49568,19.77968],[-90.49562,19.7797],[-90.49556,19.77971],[-90.49548,19.77972],[-90.4954,19.77973],[-90.49524,19.77976],[-90.4948,19.77991],[-90.49455,19.78],[-90.49497,19.78154],[-90.49497,19.78154],[-90.49563,19.78147],[-90.49563,19.78147],[-90.49564,19.78153],[-90.49564,19.78154],[-90.49628,19.78143],[-90.49629,19.78143],[-90.49641,19.78204],[-90.49661,19.78336],[-90.49674,19.78395],[-90.49887,19.78339],[-90.49905,19.78335],[-90.49914,19.78333],[-90.49914,19.78333]]]}},{"type":"Feature","properties":{"cvegeo":"040020068","cve_ent":"04","fuente":"INEGI — Marco Geoestadístico 2024","fecha_corte":"2024-08","cve_mun":"04002","nombre":"Uayamón","ambito":"Rural"},"geometry":{"type":"Polygon","coordinates":[[[-90.41781,19.66007],[-90.41957,19.66107],[-90.42071,19.66172],[-90.42064,19.6609],[-90.42075,19.66069],[-90.42088,19.6605],[-90.42123,19.66001],[-90.42137,19.65979],[-90.4215,19.65956],[-90.42156,19.65939],[-90.42235,19.65947],[-90.42244,19.65864],[-90.42341,19.65876],[-90.4243,19.65885],[-90.4252,19.65892],[-90.42532,19.65806],[-90.4257,19.65809],[-90.42581,19.65807],[-90.42589,19.65801],[-90.42594,19.6579],[-90.42598,19.65778],[-90.42609,19.65735],[-90.42489,19.65724],[-90.42446,19.65716],[-90.42456,19.65632],[-90.42373,19.65623],[-90.42371,19.65618],[-90.42379,19.65546],[-90.42294,19.65538],[-90.42292,19.6555],[-90.42218,19.6554],[-90.42128,19.65513],[-90.42131,19.65497],[-90.42143,19.65417],[-90.41951,19.65367],[-90.4193,19.65398],[-90.41914,19.65433],[-90.41896,19.65499],[-90.41878,19.65578],[-90.41846,19.65724],[-90.41827,19.65813],[-90.41806,19.65891],[-90.41781,19.66007]]]}},{"type":"Feature","properties":{"cvegeo":"040020101","cve_ent":"04","fuente":"INEGI — Marco Geoestadístico 2024","fecha_corte":"2024-08","cve_mun":"04002","nombre":"San Francisco Kobén","ambito":"Rural"},"geometry":{"type":"Polygon","coordinates":[[[-90.41064,19.92045],[-90.41119,19.92016],[-90.41271,19.91935],[-90.4135,19.9189],[-90.41437,19.91845],[-90.4151,19.91806],[-90.41587,19.91767],[-90.41659,19.9173],[-90.41724,19.91697],[-90.41736,19.9169],[-90.4181,19.91653],[-90.41849,19.91632],[-90.41889,19.9161],[-90.41962,19.91573],[-90.41995,19.91556],[-90.41987,19.91467],[-90.41983,19.91303],[-90.42061,19.91262],[-90.4204,19.91226],[-90.41977,19.91258],[-90.41971,19.91245],[-90.41957,19.91216],[-90.41964,19.91213],[-90.41914,19.9114],[-90.41903,19.91143],[-90.41869,19.91076],[-90.41757,19.90894],[-90.417,19.90905],[-90.41695,19.90877],[-90.41691,19.90861],[-90.41591,19.90906],[-90.4149,19.90951],[-90.41425,19.90986],[-90.41441,19.91017],[-90.41366,19.91055],[-90.41291,19.91101],[-90.4122,19.91143],[-90.41258,19.91213],[-90.41333,19.91172],[-90.41409,19.91129],[-90.41479,19.9109],[-90.4149,19.91108],[-90.41423,19.91146],[-90.41454,19.912],[-90.41373,19.91243],[-90.41412,19.91312],[-90.41327,19.91363],[-90.41253,19.91405],[-90.41219,19.91422],[-90.41176,19.91444],[-90.41145,19.91462],[-90.41103,19.91486],[-90.41104,19.91483],[-90.41059,19.91414],[-90.411,19.9139],[-90.41129,19.91373],[-90.41089,19.91307],[-90.41055,19.9132],[-90.41014,19.91347],[-90.41012,19.91344],[-90.40935,19.91386],[-90.40854,19.91425],[-90.40904,19.91496],[-90.40946,19.91561],[-90.40873,19.91603],[-90.40926,19.91679],[-90.40966,19.91739],[-90.40962,19.91741],[-90.41013,19.91824],[-90.40972,19.91845],[-90.41005,19.91891],[-90.41045,19.91965],[-90.41032,19.91972],[-90.41064,19.92045]]]}},{"type":"Feature","properties":{"cvegeo":"040020098","cve_ent":"04","fuente":"INEGI — Marco Geoestadístico 2024","fecha_corte":"2024-08","cve_mun":"04002","nombre":"Cayal","ambito":"Rural"},"geometry":{"type":"Polygon","coordinates":[[[-90.17559,19.74452],[-90.17581,19.74541],[-90.17601,19.74624],[-90.17705,19.74613],[-90.17701,19.74596],[-90.17734,19.74589],[-90.17761,19.74583],[-90.17757,19.74556],[-90.17748,19.74515],[-90.17743,19.7449],[-90.1774,19.74485],[-90.17815,19.74477],[-90.17818,19.74444],[-90.17815,19.74415],[-90.17875,19.74409],[-90.17867,19.74354],[-90.17922,19.74347],[-90.17917,19.74302],[-90.17917,19.74256],[-90.1791,19.74236],[-90.17899,19.74212],[-90.17889,19.742],[-90.17864,19.74184],[-90.17854,19.74176],[-90.17837,19.7417],[-90.17818,19.74161],[-90.17801,19.74151],[-90.17783,19.7413],[-90.17779,19.74121],[-90.17753,19.74109],[-90.17708,19.7409],[-90.17666,19.74069],[-90.17647,19.74059],[-90.17612,19.74044],[-90.17615,19.74041],[-90.17558,19.73999],[-90.17481,19.74041],[-90.17451,19.74003],[-90.17454,19.74],[-90.17478,19.73956],[-90.17437,19.73927],[-90.1742,19.73973],[-90.17406,19.74013],[-90.17391,19.7406],[-90.17371,19.7412],[-90.17357,19.74159],[-90.17355,19.74206],[-90.17366,19.74275],[-90.17386,19.74388],[-90.17398,19.74423],[-90.17535,19.74403],[-90.17546,19.74401],[-90.17559,19.74452]]]}},{"type":"Feature","properties":{"cvegeo":"040020082","cve_ent":"04","fuente":"INEGI — Marco Geoestadístico 2024","fecha_corte":"2024-08","cve_mun":"04002","nombre":"Hobomó","ambito":"Rural"},"geometry":{"type":"Polygon","coordinates":[[[-90.49354,19.6125],[-90.49462,19.61264],[-90.49468,19.61188],[-90.49463,19.61186],[-90.49527,19.61028],[-90.49585,19.6107],[-90.49605,19.60794],[-90.4954,19.60793],[-90.49514,19.60793],[-90.49537,19.60683],[-90.49446,19.60668],[-90.49442,19.60682],[-90.49349,19.60658],[-90.49331,19.60689],[-90.49303,19.60702],[-90.49252,19.60713],[-90.49235,19.60707],[-90.4917,19.60676],[-90.49122,19.6073],[-90.48926,19.60636],[-90.4892,19.60713],[-90.489,19.60924],[-90.48891,19.61023],[-90.4888,19.61163],[-90.48915,19.61156],[-90.48969,19.61145],[-90.48939,19.61231],[-90.48979,19.61237],[-90.4901,19.61239],[-90.4905,19.61244],[-90.49084,19.61243],[-90.49115,19.61236],[-90.49134,19.61186],[-90.49146,19.61154],[-90.49186,19.61044],[-90.49265,19.61078],[-90.49226,19.61189],[-90.49358,19.61239],[-90.49354,19.6125]]]}},{"type":"Feature","properties":{"cvegeo":"040020090","cve_ent":"04","fuente":"INEGI — Marco Geoestadístico 2024","fecha_corte":"2024-08","cve_mun":"04002","nombre":"Nilchí","ambito":"Rural"},"geometry":{"type":"Polygon","coordinates":[[[-90.27102,19.84986],[-90.27106,19.84992],[-90.27104,19.85046],[-90.27181,19.85043],[-90.27242,19.85039],[-90.27248,19.84993],[-90.27254,19.84991],[-90.27308,19.84994],[-90.27366,19.84995],[-90.27431,19.84994],[-90.27494,19.84994],[-90.2748,19.85109],[-90.27467,19.85223],[-90.27533,19.85225],[-90.27542,19.85113],[-90.27608,19.85115],[-90.27617,19.85041],[-90.27623,19.84996],[-90.27621,19.8499],[-90.2764,19.84878],[-90.27641,19.84875],[-90.27649,19.84767],[-90.27525,19.84769],[-90.27545,19.84676],[-90.27533,19.84669],[-90.27558,19.84571],[-90.27519,19.84566],[-90.27525,19.84396],[-90.27548,19.84282],[-90.27548,19.84282],[-90.27548,19.84282],[-90.27389,19.8423],[-90.27396,19.84208],[-90.27313,19.84193],[-90.27226,19.84177],[-90.27018,19.84131],[-90.27021,19.84165],[-90.27017,19.84213],[-90.26995,19.84264],[-90.26992,19.84259],[-90.26912,19.84196],[-90.26674,19.83934],[-90.26607,19.84013],[-90.2671,19.84121],[-90.26595,19.84281],[-90.2678,19.84421],[-90.2678,19.84421],[-90.26799,19.84434],[-90.2689,19.84504],[-90.26885,19.84573],[-90.26888,19.84576],[-90.26899,19.84597],[-90.26905,19.84653],[-90.26873,19.84657],[-90.2687,19.84696],[-90.26869,19.84748],[-90.26869,19.84793],[-90.2687,19.849],[-90.26968,19.84903],[-90.27019,19.84901],[-90.27035,19.84901],[-90.27105,19.84904],[-90.27102,19.84986]]]}},{"type":"Feature","properties":{"cvegeo":"040020104","cve_ent":"04","fuente":"INEGI — Marco Geoestadístico 2024","fecha_corte":"2024-08","cve_mun":"04002","nombre":"Tikinmul","ambito":"Rural"},"geometry":{"type":"Polygon","coordinates":[[[-90.21909,19.76976],[-90.21988,19.76996],[-90.21991,19.77001],[-90.21967,19.77075],[-90.21882,19.77048],[-90.21863,19.77126],[-90.21945,19.77147],[-90.21921,19.77223],[-90.21996,19.77247],[-90.22026,19.77168],[-90.22049,19.77095],[-90.22128,19.77122],[-90.22207,19.77149],[-90.22186,19.7721],[-90.22261,19.77235],[-90.22283,19.77176],[-90.22372,19.77208],[-90.22352,19.77269],[-90.22433,19.77296],[-90.22445,19.77261],[-90.22454,19.77236],[-90.22483,19.77153],[-90.22573,19.77183],[-90.22659,19.77212],[-90.22684,19.77121],[-90.22708,19.77039],[-90.22728,19.7697],[-90.2281,19.76998],[-90.22846,19.77013],[-90.22891,19.77032],[-90.22903,19.76994],[-90.22915,19.76957],[-90.22953,19.76966],[-90.22986,19.76964],[-90.23047,19.76962],[-90.23084,19.76957],[-90.23155,19.76948],[-90.23204,19.76943],[-90.23239,19.76943],[-90.23262,19.76946],[-90.23298,19.76947],[-90.23206,19.76868],[-90.23183,19.76848],[-90.23132,19.76817],[-90.23061,19.76783],[-90.22973,19.76749],[-90.22901,19.76724],[-90.22917,19.76673],[-90.22934,19.76619],[-90.22837,19.7659],[-90.22814,19.76649],[-90.22775,19.76629],[-90.22665,19.76574],[-90.2251,19.76517],[-90.22474,19.76503],[-90.22436,19.76489],[-90.21997,19.7633],[-90.21976,19.76379],[-90.21971,19.76382],[-90.21963,19.76414],[-90.21986,19.7644],[-90.21889,19.7659],[-90.21848,19.7666],[-90.21802,19.76744],[-90.2176,19.7683],[-90.21803,19.76861],[-90.21818,19.76868],[-90.21931,19.76898],[-90.21909,19.76976]]]}},{"type":"Feature","properties":{"cvegeo":"040020081","cve_ent":"04","fuente":"INEGI — Marco Geoestadístico 2024","fecha_corte":"2024-08","cve_mun":"04002","nombre":"Hampolol","ambito":"Rural"},"geometry":{"type":"Polygon","coordinates":[[[-90.38294,19.93116],[-90.38406,19.9303],[-90.38443,19.9307],[-90.38468,19.93098],[-90.38541,19.9305],[-90.38544,19.93049],[-90.3856,19.93041],[-90.38574,19.93032],[-90.38586,19.93022],[-90.38594,19.93014],[-90.38604,19.93002],[-90.38639,19.92953],[-90.38663,19.92963],[-90.38717,19.92985],[-90.38754,19.93002],[-90.3886,19.93039],[-90.39182,19.9285],[-90.39226,19.92823],[-90.39269,19.92798],[-90.39252,19.92542],[-90.39232,19.92398],[-90.39222,19.924],[-90.39224,19.92397],[-90.39225,19.92393],[-90.39226,19.92377],[-90.39226,19.92364],[-90.39224,19.92351],[-90.39218,19.92331],[-90.39205,19.92298],[-90.3917,19.92323],[-90.39148,19.92337],[-90.39129,19.92347],[-90.39126,19.92341],[-90.3912,19.9234],[-90.39105,19.92343],[-90.39089,19.92348],[-90.39086,19.92315],[-90.39085,19.92279],[-90.39084,19.92247],[-90.39097,19.92217],[-90.39104,19.92197],[-90.39111,19.92177],[-90.39117,19.92163],[-90.39116,19.92146],[-90.39113,19.92131],[-90.39108,19.92119],[-90.39099,19.92106],[-90.39083,19.92093],[-90.39065,19.92078],[-90.39054,19.92068],[-90.39047,19.92057],[-90.39046,19.92053],[-90.39043,19.9204],[-90.39035,19.91956],[-90.38819,19.92061],[-90.38752,19.92095],[-90.38649,19.92141],[-90.38594,19.9217],[-90.38553,19.92204],[-90.38454,19.92198],[-90.38391,19.92194],[-90.38271,19.9218],[-90.38269,19.92196],[-90.38254,19.9229],[-90.38349,19.92376],[-90.38286,19.92425],[-90.38215,19.92471],[-90.38228,19.92488],[-90.3827,19.92546],[-90.38096,19.92678],[-90.38139,19.92797],[-90.38172,19.92773],[-90.38201,19.92786],[-90.38198,19.92793],[-90.38264,19.92875],[-90.38195,19.92925],[-90.38224,19.92957],[-90.38219,19.92959],[-90.38194,19.92978],[-90.38181,19.931],[-90.38184,19.931],[-90.38188,19.93101],[-90.38239,19.93057],[-90.38294,19.93116]]]}},{"type":"Feature","properties":{"cvegeo":"040020075","cve_ent":"04","fuente":"INEGI — Marco Geoestadístico 2024","fecha_corte":"2024-08","cve_mun":"04002","nombre":"Chemblás","ambito":"Rural"},"geometry":{"type":"Polygon","coordinates":[[[-90.35271,19.92],[-90.35335,19.9205],[-90.35372,19.92076],[-90.35297,19.92076],[-90.35274,19.92156],[-90.35352,19.92192],[-90.35322,19.92264],[-90.35324,19.92268],[-90.35326,19.9227],[-90.35373,19.92312],[-90.35417,19.92348],[-90.35422,19.92352],[-90.35429,19.92358],[-90.35439,19.92353],[-90.35615,19.9226],[-90.3565,19.92244],[-90.3569,19.92229],[-90.35733,19.92209],[-90.35803,19.92174],[-90.35887,19.92124],[-90.35914,19.92109],[-90.35932,19.92101],[-90.35938,19.92098],[-90.36046,19.92039],[-90.36083,19.92021],[-90.36046,19.92001],[-90.36058,19.91968],[-90.36005,19.91939],[-90.35987,19.91929],[-90.35985,19.91927],[-90.35936,19.91901],[-90.35879,19.91968],[-90.35809,19.91915],[-90.35792,19.91934],[-90.35716,19.91861],[-90.35711,19.91859],[-90.35628,19.91795],[-90.35553,19.9174],[-90.35502,19.9179],[-90.35432,19.91735],[-90.35382,19.91801],[-90.35414,19.91831],[-90.35333,19.91926],[-90.35295,19.91897],[-90.35265,19.91875],[-90.35205,19.91953],[-90.3523,19.91971],[-90.35172,19.92041],[-90.35212,19.9207],[-90.35271,19.92]]]}},{"type":"Feature","properties":{"cvegeo":"040020087","cve_ent":"04","fuente":"INEGI — Marco Geoestadístico 2024","fecha_corte":"2024-08","cve_mun":"04002","nombre":"Lerma","ambito":"Urbana"},"geometry":{"type":"Polygon","coordinates":[[[-90.58561,19.81715],[-90.58576,19.81733],[-90.58578,19.81735],[-90.58578,19.81735],[-90.58578,19.81735],[-90.58579,19.81734],[-90.58583,19.81733],[-90.58589,19.81721],[-90.5859,19.81718],[-90.58592,19.81714],[-90.58592,19.81712],[-90.58592,19.81712],[-90.58594,19.81703],[-90.58589,19.8169],[-90.58592,19.81685],[-90.58594,19.81683],[-90.58603,19.81674],[-90.58604,19.81674],[-90.58608,19.81672],[-90.58616,19.81663],[-90.58619,19.8166],[-90.58627,19.81652],[-90.58637,19.81644],[-90.58639,19.81643],[-90.58643,19.81642],[-90.58652,19.81641],[-90.58653,19.81641],[-90.58654,19.81639],[-90.58655,19.81638],[-90.58658,19.81633],[-90.58659,19.81627],[-90.58659,19.81627],[-90.58658,19.81622],[-90.58658,19.81621],[-90.58664,19.81616],[-90.58674,19.81608],[-90.5868,19.81603],[-90.58694,19.81594],[-90.58736,19.81569],[-90.58783,19.81544],[-90.58856,19.81505],[-90.58869,19.81498],[-90.58904,19.81475],[-90.58922,19.81463],[-90.58929,19.81457],[-90.58929,19.81457],[-90.58929,19.81457],[-90.5893,19.81456],[-90.58942,19.81442],[-90.58942,19.81442],[-90.58943,19.81442],[-90.58958,19.8143],[-90.58963,19.81426],[-90.58963,19.81426],[-90.58963,19.81426],[-90.58969,19.81422],[-90.5898,19.81416],[-90.58981,19.81416],[-90.58981,19.81416],[-90.58997,19.81406],[-90.59005,19.81402],[-90.59021,19.81397],[-90.59039,19.81395],[-90.59046,19.81397],[-90.59059,19.814],[-90.59075,19.81413],[-90.59078,19.8141],[-90.59083,19.81406],[-90.59088,19.81412],[-90.59089,19.81414],[-90.59123,19.81462],[-90.5917,19.81528],[-90.59164,19.81533],[-90.5917,19.81542],[-90.59171,19.81543],[-90.59171,19.81543],[-90.59169,19.81544],[-90.59164,19.81546],[-90.59168,19.81551],[-90.59172,19.81549],[-90.59173,19.81548],[-90.59171,19.81546],[-90.59172,19.81545],[-90.59177,19.81543],[-90.59188,19.8156],[-90.59185,19.81561],[-90.59184,19.81562],[-90.59184,19.81562],[-90.59183,19.81563],[-90.59178,19.81565],[-90.59181,19.81569],[-90.59186,19.81567],[-90.59187,19.81567],[-90.59186,19.81566],[-90.59186,19.81563],[-90.5919,19.81562],[-90.5922,19.81604],[-90.59224,19.81619],[-90.59227,19.8163],[-90.59225,19.81633],[-90.5926,19.8168],[-90.59265,19.81678],[-90.59277,19.81671],[-90.59308,19.81715],[-90.59308,19.81715],[-90.59309,19.81715],[-90.59311,19.81713],[-90.59323,19.81706],[-90.59284,19.81653],[-90.59262,19.81621],[-90.5926,19.81617],[-90.5922,19.81563],[-90.59211,19.81553],[-90.59192,19.81532],[-90.59188,19.81526],[-90.59188,19.81526],[-90.59184,19.81521],[-90.59183,19.81522],[-90.59179,19.81524],[-90.59144,19.81473],[-90.59147,19.8147],[-90.59147,19.81469],[-90.59148,19.81469],[-90.5915,19.81467],[-90.59161,19.81454],[-90.59162,19.81453],[-90.59166,19.81452],[-90.59182,19.81449],[-90.59191,19.81448],[-90.59215,19.81438],[-90.59234,19.81428],[-90.59234,19.81427],[-90.59236,19.81423],[-90.59237,19.81422],[-90.59265,19.81397],[-90.59267,19.81395],[-90.59268,19.81394],[-90.59275,19.814],[-90.59275,19.81401],[-90.5929,19.81392],[-90.59343,19.8136],[-90.59346,19.81358],[-90.59347,19.81357],[-90.59349,19.81357],[-90.59341,19.81345],[-90.59343,19.8134],[-90.5935,19.81335],[-90.59357,19.8133],[-90.59389,19.81311],[-90.59436,19.81284],[-90.5946,19.81275],[-90.59462,19.81276],[-90.59465,19.81276],[-90.59467,19.81277],[-90.59467,19.81277],[-90.59469,19.81278],[-90.59498,19.81261],[-90.59501,19.81259],[-90.59505,19.81258],[-90.59507,19.81257],[-90.59507,19.81257],[-90.59511,19.81257],[-90.59535,19.81292],[-90.59536,19.81293],[-90.59565,19.81335],[-90.59569,19.81334],[-90.59709,19.81302],[-90.59715,19.81323],[-90.59716,19.81323],[-90.59716,19.81323],[-90.59813,19.81302],[-90.59806,19.81263],[-90.5958,19.81314],[-90.5957,19.81311],[-90.5949,19.81199],[-90.59604,19.8113],[-90.59653,19.81099],[-90.59655,19.81102],[-90.59732,19.81209],[-90.59734,19.81208],[-90.59737,19.81206],[-90.59764,19.81189],[-90.59805,19.81163],[-90.59819,19.81154],[-90.59827,19.8115],[-90.59827,19.81149],[-90.59833,19.81145],[-90.59864,19.81104],[-90.598,19.81013],[-90.59798,19.81009],[-90.59802,19.80993],[-90.5983,19.80972],[-90.59863,19.80953],[-90.59907,19.80927],[-90.59905,19.80924],[-90.59858,19.80853],[-90.59861,19.80844],[-90.5987,19.80833],[-90.59886,19.80819],[-90.59953,19.80785],[-90.59956,19.80784],[-90.59984,19.80775],[-90.60019,19.80758],[-90.60039,19.80747],[-90.6005,19.80728],[-90.60111,19.80684],[-90.60113,19.80687],[-90.60113,19.80687],[-90.60162,19.8065],[-90.60162,19.8065],[-90.60163,19.80648],[-90.60162,19.80647],[-90.60157,19.80642],[-90.60156,19.80641],[-90.60155,19.80639],[-90.60179,19.80622],[-90.60192,19.80611],[-90.60196,19.80617],[-90.6021,19.80607],[-90.60211,19.80606],[-90.60212,19.80605],[-90.60212,19.80605],[-90.60207,19.806],[-90.60217,19.80593],[-90.6022,19.8059],[-90.60241,19.80574],[-90.60242,19.80574],[-90.60241,19.80573],[-90.60241,19.80572],[-90.60258,19.80556],[-90.60259,19.80555],[-90.6027,19.80547],[-90.60299,19.80526],[-90.60363,19.80499],[-90.60381,19.80496],[-90.60389,19.80501],[-90.60394,19.80504],[-90.60419,19.80547],[-90.60419,19.80548],[-90.60439,19.80537],[-90.60459,19.80527],[-90.60455,19.80521],[-90.60424,19.80537],[-90.60417,19.80525],[-90.60417,19.80523],[-90.60417,19.8052],[-90.60417,19.80518],[-90.60417,19.80508],[-90.60417,19.80498],[-90.60415,19.80489],[-90.60415,19.80484],[-90.60413,19.80477],[-90.60419,19.80471],[-90.60419,19.80471],[-90.60419,19.80471],[-90.60429,19.80464],[-90.60429,19.80463],[-90.60432,19.80456],[-90.60447,19.8045],[-90.60458,19.80445],[-90.60457,19.80442],[-90.60473,19.80428],[-90.60473,19.80427],[-90.60472,19.80424],[-90.60478,19.8042],[-90.60482,19.80417],[-90.60484,19.80414],[-90.60486,19.80409],[-90.60489,19.80404],[-90.6049,19.80404],[-90.6049,19.80404],[-90.60494,19.804],[-90.60494,19.804],[-90.60514,19.80381],[-90.60514,19.80381],[-90.60525,19.80369],[-90.60525,19.80369],[-90.60564,19.80344],[-90.60575,19.80335],[-90.60593,19.80321],[-90.60597,19.80319],[-90.60612,19.8031],[-90.60612,19.8031],[-90.60694,19.80257],[-90.60694,19.80256],[-90.60691,19.80252],[-90.6069,19.80251],[-90.60684,19.80245],[-90.60716,19.80226],[-90.60735,19.80212],[-90.60737,19.80213],[-90.6074,19.80215],[-90.60751,19.80208],[-90.60755,19.80201],[-90.60754,19.80199],[-90.60761,19.80194],[-90.60782,19.80184],[-90.60789,19.80181],[-90.6082,19.80171],[-90.60835,19.80162],[-90.60849,19.8016],[-90.60852,19.80159],[-90.60856,19.80159],[-90.60857,19.80159],[-90.60857,19.80159],[-90.60863,19.80153],[-90.60863,19.80153],[-90.60865,19.80151],[-90.60865,19.80151],[-90.60872,19.80143],[-90.60872,19.80143],[-90.60872,19.80143],[-90.60876,19.80141],[-90.60883,19.80136],[-90.60949,19.80104],[-90.60981,19.8009],[-90.60997,19.80082],[-90.60997,19.80082],[-90.61004,19.80082],[-90.61005,19.80082],[-90.61012,19.80079],[-90.6103,19.80071],[-90.61034,19.80065],[-90.61033,19.80064],[-90.61033,19.80064],[-90.61031,19.80059],[-90.61031,19.80057],[-90.6104,19.80049],[-90.61041,19.80048],[-90.61044,19.8005],[-90.61045,19.80049],[-90.61046,19.80048],[-90.6105,19.80045],[-90.61049,19.80043],[-90.61049,19.80043],[-90.61048,19.80041],[-90.61047,19.8004],[-90.61057,19.80032],[-90.61066,19.80021],[-90.61068,19.80022],[-90.61069,19.80023],[-90.61072,19.80023],[-90.61074,19.80022],[-90.61076,19.8002],[-90.61076,19.80017],[-90.61076,19.80015],[-90.61076,19.80014],[-90.6109,19.80001],[-90.61099,19.79994],[-90.61114,19.79974],[-90.61117,19.79973],[-90.61119,19.79973],[-90.61119,19.79972],[-90.6112,19.79969],[-90.61128,19.79972],[-90.61133,19.79966],[-90.61165,19.8],[-90.6117,19.80002],[-90.61178,19.80001],[-90.61187,19.79999],[-90.61227,19.79983],[-90.61324,19.79952],[-90.61338,19.79951],[-90.61343,19.7995],[-90.61347,19.79947],[-90.61348,19.79945],[-90.6135,19.79943],[-90.61348,19.79935],[-90.61342,19.79934],[-90.61338,19.79935],[-90.61326,19.79939],[-90.61324,19.7994],[-90.61183,19.79986],[-90.61172,19.79987],[-90.61164,19.7998],[-90.61128,19.79939],[-90.61128,19.79939],[-90.61147,19.79921],[-90.61149,19.79919],[-90.6115,19.79917],[-90.61151,19.79916],[-90.61152,19.79915],[-90.61149,19.7991],[-90.61148,19.79902],[-90.61152,19.7989],[-90.61172,19.79871],[-90.61182,19.79874],[-90.61188,19.79878],[-90.61204,19.79882],[-90.61204,19.7988],[-90.61189,19.79876],[-90.61184,19.79872],[-90.61186,19.79863],[-90.612,19.79853],[-90.61204,19.79848],[-90.61211,19.7984],[-90.6122,19.7983],[-90.61225,19.79825],[-90.61253,19.79808],[-90.61269,19.79799],[-90.61295,19.79783],[-90.61314,19.79773],[-90.61321,19.79769],[-90.61347,19.79757],[-90.61353,19.79759],[-90.61362,19.7976],[-90.61374,19.79761],[-90.6138,19.79763],[-90.61384,19.79767],[-90.61387,19.79777],[-90.61387,19.79788],[-90.61388,19.7983],[-90.61391,19.79882],[-90.61392,19.79892],[-90.61393,19.79894],[-90.61395,19.799],[-90.61398,19.79904],[-90.61401,19.79908],[-90.61406,19.79911],[-90.61412,19.79914],[-90.61417,19.79916],[-90.61421,19.79918],[-90.61425,19.79919],[-90.61429,19.79919],[-90.61432,19.79919],[-90.61436,19.79919],[-90.61439,19.79918],[-90.61443,19.79918],[-90.61447,19.79916],[-90.61451,19.79914],[-90.61455,19.79911],[-90.61469,19.79902],[-90.61472,19.79899],[-90.61472,19.79899],[-90.61472,19.79898],[-90.61473,19.79898],[-90.61473,19.79898],[-90.61473,19.79898],[-90.61473,19.79897],[-90.61473,19.79897],[-90.61472,19.79897],[-90.61472,19.79896],[-90.61472,19.79896],[-90.61472,19.79896],[-90.61471,19.79896],[-90.61471,19.79896],[-90.61471,19.79896],[-90.61471,19.79895],[-90.6147,19.79895],[-90.6147,19.79895],[-90.6147,19.79895],[-90.6147,19.79895],[-90.61469,19.79896],[-90.61468,19.79897],[-90.61449,19.79911],[-90.61446,19.79912],[-90.61442,19.79914],[-90.61441,19.79914],[-90.61437,19.79915],[-90.61433,19.79915],[-90.6143,19.79915],[-90.61426,19.79915],[-90.61423,19.79914],[-90.61419,19.79913],[-90.61414,19.79911],[-90.6141,19.79908],[-90.61406,19.79904],[-90.61402,19.799],[-90.614,19.79897],[-90.61399,19.79896],[-90.61397,19.79891],[-90.61396,19.79882],[-90.61396,19.79868],[-90.61392,19.79746],[-90.61392,19.79745],[-90.61393,19.79726],[-90.61394,19.79718],[-90.61395,19.79717],[-90.61395,19.79717],[-90.61395,19.79717],[-90.61396,19.79716],[-90.61397,19.79716],[-90.61398,19.79715],[-90.61398,19.79715],[-90.61399,19.79714],[-90.614,19.79714],[-90.61401,19.79713],[-90.61402,19.79713],[-90.61403,19.79713],[-90.61404,19.79713],[-90.61405,19.79713],[-90.61405,19.79713],[-90.61406,19.79713],[-90.61407,19.79713],[-90.61407,19.79713],[-90.61408,19.79713],[-90.61409,19.79713],[-90.6141,19.79713],[-90.61412,19.79714],[-90.61413,19.79714],[-90.61413,19.79714],[-90.61414,19.79715],[-90.61414,19.79715],[-90.61416,19.79715],[-90.61416,19.79716],[-90.61417,19.79716],[-90.61418,19.79717],[-90.61418,19.79718],[-90.61419,19.79718],[-90.61419,19.79719],[-90.61421,19.79721],[-90.61424,19.79725],[-90.61429,19.79851],[-90.6143,19.79865],[-90.6143,19.79878],[-90.6143,19.79882],[-90.61434,19.79887],[-90.61435,19.79887],[-90.61436,19.79886],[-90.61436,19.79886],[-90.61437,19.79885],[-90.61433,19.7988],[-90.61434,19.79853],[-90.61431,19.79744],[-90.61434,19.79741],[-90.61441,19.79734],[-90.61442,19.79729],[-90.61442,19.79726],[-90.61443,19.79725],[-90.6145,19.79715],[-90.61454,19.79706],[-90.61469,19.79697],[-90.61492,19.79684],[-90.6152,19.79671],[-90.61547,19.79657],[-90.61584,19.79642],[-90.61613,19.79626],[-90.61625,19.79637],[-90.61641,19.79653],[-90.61678,19.7969],[-90.6168,19.79688],[-90.61684,19.79683],[-90.61684,19.79679],[-90.61686,19.79663],[-90.61686,19.7966],[-90.61686,19.79658],[-90.61656,19.79631],[-90.61683,19.79604],[-90.61695,19.79596],[-90.61709,19.79588],[-90.61719,19.79583],[-90.61744,19.79571],[-90.61755,19.79567],[-90.61789,19.79555],[-90.6181,19.79546],[-90.61823,19.7954],[-90.61871,19.79523],[-90.61871,19.79523],[-90.61921,19.79505],[-90.61945,19.79495],[-90.6195,19.79493],[-90.6195,19.79493],[-90.61951,19.79493],[-90.61968,19.79484],[-90.61983,19.79476],[-90.62044,19.7945],[-90.62048,19.79454],[-90.62049,19.79456],[-90.62159,19.79414],[-90.62177,19.79409],[-90.62189,19.79406],[-90.622,19.79402],[-90.62211,19.79394],[-90.62213,19.79393],[-90.62215,19.79391],[-90.62223,19.79397],[-90.62237,19.79393],[-90.62259,19.79388],[-90.62285,19.7938],[-90.62295,19.79376],[-90.62301,19.79374],[-90.62306,19.79372],[-90.62319,19.79364],[-90.62312,19.7936],[-90.62306,19.79357],[-90.62283,19.79343],[-90.62253,19.79328],[-90.62214,19.79317],[-90.6219,19.79314],[-90.62166,19.79313],[-90.62092,19.79314],[-90.62082,19.79315],[-90.62082,19.79315],[-90.62073,19.79317],[-90.62055,19.79324],[-90.62043,19.7933],[-90.62009,19.79346],[-90.61998,19.79353],[-90.61998,19.79353],[-90.61991,19.79349],[-90.61978,19.79351],[-90.61978,19.79351],[-90.6195,19.79339],[-90.61855,19.79303],[-90.61834,19.79296],[-90.61834,19.79296],[-90.61834,19.79296],[-90.61834,19.79295],[-90.61834,19.79295],[-90.61835,19.79294],[-90.61835,19.79294],[-90.61835,19.79293],[-90.61835,19.79293],[-90.61835,19.79292],[-90.61835,19.79292],[-90.61835,19.79291],[-90.61835,19.79291],[-90.61835,19.79291],[-90.61835,19.7929],[-90.61835,19.7929],[-90.61835,19.79289],[-90.61834,19.79289],[-90.61834,19.79288],[-90.61834,19.79288],[-90.61834,19.79287],[-90.61834,19.79287],[-90.61833,19.79287],[-90.61833,19.79286],[-90.61833,19.79286],[-90.61832,19.79286],[-90.61832,19.79285],[-90.61832,19.79285],[-90.61831,19.79285],[-90.61831,19.79284],[-90.6183,19.79284],[-90.6183,19.79284],[-90.61829,19.79284],[-90.61829,19.79283],[-90.61828,19.79283],[-90.61836,19.79277],[-90.61916,19.79193],[-90.61958,19.79149],[-90.61958,19.79149],[-90.62088,19.79012],[-90.62118,19.7901],[-90.62151,19.79009],[-90.62243,19.79003],[-90.62301,19.7898],[-90.62341,19.78937],[-90.62347,19.7894],[-90.62353,19.78943],[-90.62384,19.79001],[-90.62407,19.79016],[-90.62414,19.79021],[-90.62414,19.79027],[-90.62417,19.79035],[-90.62422,19.79043],[-90.62423,19.79049],[-90.6241,19.79088],[-90.62412,19.79109],[-90.62435,19.79119],[-90.62451,19.79117],[-90.62451,19.79117],[-90.62481,19.79104],[-90.62587,19.79003],[-90.62685,19.78928],[-90.62726,19.78876],[-90.62773,19.78817],[-90.62794,19.78834],[-90.62825,19.78838],[-90.62831,19.78837],[-90.62845,19.78833],[-90.62854,19.78827],[-90.62854,19.78827],[-90.62867,19.78789],[-90.62908,19.78751],[-90.62908,19.7875],[-90.62854,19.78714],[-90.62777,19.78673],[-90.62809,19.78626],[-90.62857,19.78564],[-90.62902,19.78459],[-90.62926,19.78378],[-90.62942,19.78326],[-90.62969,19.78299],[-90.6298,19.7828],[-90.62984,19.78254],[-90.62977,19.78238],[-90.62964,19.78222],[-90.62964,19.78222],[-90.62941,19.78213],[-90.62896,19.78207],[-90.62871,19.78198],[-90.62867,19.78194],[-90.62854,19.78178],[-90.6283,19.78149],[-90.62806,19.7814],[-90.62699,19.78133],[-90.62687,19.78131],[-90.62682,19.7813],[-90.62661,19.78123],[-90.62646,19.78112],[-90.62627,19.78091],[-90.62621,19.78084],[-90.62604,19.78065],[-90.62584,19.78043],[-90.62577,19.78016],[-90.62579,19.77994],[-90.62591,19.77947],[-90.62599,19.7794],[-90.62604,19.77929],[-90.62604,19.77917],[-90.62597,19.7791],[-90.62589,19.77904],[-90.62577,19.77902],[-90.62566,19.77907],[-90.62557,19.77916],[-90.62557,19.77929],[-90.62561,19.77941],[-90.6256,19.77946],[-90.62549,19.77963],[-90.62543,19.77974],[-90.62538,19.77998],[-90.62533,19.78019],[-90.62524,19.78035],[-90.62516,19.78045],[-90.62504,19.78055],[-90.6249,19.78061],[-90.62477,19.7807],[-90.62468,19.78079],[-90.62459,19.78093],[-90.62454,19.78116],[-90.62457,19.78164],[-90.62449,19.78185],[-90.62436,19.78204],[-90.6242,19.7822],[-90.62363,19.78277],[-90.62266,19.78373],[-90.62263,19.78372],[-90.62259,19.78371],[-90.62243,19.78363],[-90.62236,19.78351],[-90.62227,19.78334],[-90.62215,19.78324],[-90.62202,19.78317],[-90.62183,19.783],[-90.62172,19.78283],[-90.62166,19.78272],[-90.62154,19.78254],[-90.62135,19.78243],[-90.62123,19.78238],[-90.62118,19.78236],[-90.62095,19.78236],[-90.62074,19.78246],[-90.62046,19.78271],[-90.62031,19.78285],[-90.62015,19.78291],[-90.61994,19.78295],[-90.61977,19.78296],[-90.61959,19.78298],[-90.61933,19.78302],[-90.61919,19.78301],[-90.61905,19.78299],[-90.61883,19.78293],[-90.61867,19.78285],[-90.61855,19.78276],[-90.61855,19.78276],[-90.61847,19.78273],[-90.6184,19.78279],[-90.61846,19.78283],[-90.61833,19.78294],[-90.61823,19.78304],[-90.61819,19.7831],[-90.6181,19.78312],[-90.6181,19.78312],[-90.618,19.78312],[-90.61789,19.78309],[-90.61778,19.78302],[-90.61769,19.78301],[-90.61759,19.78301],[-90.61759,19.78301],[-90.61749,19.78303],[-90.6173,19.78312],[-90.61703,19.78334],[-90.61688,19.78333],[-90.61681,19.78333],[-90.61667,19.78375],[-90.61643,19.78439],[-90.61636,19.78478],[-90.61598,19.78557],[-90.61596,19.78594],[-90.61579,19.78623],[-90.61551,19.78642],[-90.61512,19.78675],[-90.6149,19.78701],[-90.61451,19.78729],[-90.61437,19.78745],[-90.61436,19.78778],[-90.61447,19.78822],[-90.61516,19.78871],[-90.6154,19.78907],[-90.61545,19.78978],[-90.61498,19.79006],[-90.61501,19.79052],[-90.61444,19.79062],[-90.61444,19.79062],[-90.61444,19.79062],[-90.61286,19.79098],[-90.61202,19.78935],[-90.61048,19.78645],[-90.60983,19.78523],[-90.60982,19.78523],[-90.60975,19.78489],[-90.60972,19.78477],[-90.60968,19.78471],[-90.60964,19.78468],[-90.6096,19.78465],[-90.60952,19.78464],[-90.60946,19.78465],[-90.60946,19.78465],[-90.60941,19.78466],[-90.60941,19.78466],[-90.60929,19.78464],[-90.60929,19.78464],[-90.6073,19.78502],[-90.60644,19.7852],[-90.60642,19.7852],[-90.60592,19.78539],[-90.60585,19.78543],[-90.60574,19.78553],[-90.6057,19.78559],[-90.60566,19.78567],[-90.60563,19.78576],[-90.60561,19.7859],[-90.6055,19.78641],[-90.60548,19.78647],[-90.60546,19.78652],[-90.6054,19.78663],[-90.60532,19.7867],[-90.60521,19.78676],[-90.60514,19.78677],[-90.60514,19.78677],[-90.60508,19.78676],[-90.60491,19.78675],[-90.60474,19.78675],[-90.60466,19.78676],[-90.60458,19.78678],[-90.6045,19.78681],[-90.60444,19.78684],[-90.60441,19.78689],[-90.6044,19.78695],[-90.6044,19.78708],[-90.6044,19.78719],[-90.60444,19.78746],[-90.60461,19.78838],[-90.60461,19.78838],[-90.60469,19.78844],[-90.60458,19.78841],[-90.60458,19.78842],[-90.60299,19.78911],[-90.60101,19.78998],[-90.60099,19.78998],[-90.60016,19.79085],[-90.59946,19.79168],[-90.59846,19.79291],[-90.59806,19.79338],[-90.59883,19.79348],[-90.59901,19.79374],[-90.5992,19.79399],[-90.59871,19.79466],[-90.59816,19.79498],[-90.59768,19.79525],[-90.59685,19.79607],[-90.59653,19.79615],[-90.59499,19.79651],[-90.59505,19.79764],[-90.59508,19.79772],[-90.59618,19.79797],[-90.59649,19.79803],[-90.59609,19.80056],[-90.59593,19.80047],[-90.59591,19.80046],[-90.59432,19.80228],[-90.59393,19.80277],[-90.59431,19.80303],[-90.5942,19.80313],[-90.59444,19.8036],[-90.59428,19.80375],[-90.59424,19.80387],[-90.59422,19.80394],[-90.59412,19.804],[-90.59396,19.80408],[-90.59389,19.80414],[-90.59383,19.80426],[-90.59378,19.80438],[-90.59373,19.80447],[-90.59367,19.80453],[-90.59358,19.80457],[-90.59352,19.80459],[-90.59346,19.8046],[-90.59336,19.80466],[-90.5933,19.80471],[-90.59324,19.80476],[-90.59317,19.8048],[-90.59302,19.80488],[-90.59362,19.80577],[-90.59347,19.80585],[-90.59347,19.80585],[-90.59329,19.80598],[-90.59305,19.80609],[-90.59271,19.80634],[-90.59187,19.80685],[-90.59187,19.80685],[-90.59115,19.80728],[-90.5903,19.80778],[-90.5903,19.80778],[-90.59027,19.8078],[-90.59024,19.80782],[-90.58872,19.80864],[-90.5877,19.80928],[-90.5877,19.80928],[-90.5877,19.80928],[-90.58755,19.80953],[-90.58747,19.80971],[-90.5874,19.81008],[-90.58729,19.81071],[-90.58729,19.81071],[-90.58729,19.81071],[-90.58673,19.8111],[-90.58734,19.81201],[-90.58718,19.81238],[-90.58718,19.81238],[-90.58709,19.81239],[-90.58702,19.81241],[-90.58693,19.81243],[-90.58686,19.81245],[-90.58683,19.81246],[-90.5867,19.8125],[-90.58669,19.81251],[-90.58651,19.81256],[-90.58637,19.81261],[-90.58627,19.81267],[-90.58627,19.81267],[-90.58627,19.81267],[-90.5862,19.81273],[-90.58583,19.81311],[-90.58576,19.81318],[-90.58572,19.81321],[-90.58569,19.81322],[-90.58568,19.81322],[-90.58561,19.81323],[-90.58538,19.81321],[-90.58512,19.81321],[-90.58512,19.81321],[-90.58504,19.81324],[-90.58503,19.81324],[-90.58503,19.81324],[-90.58499,19.81328],[-90.58499,19.81328],[-90.58495,19.81333],[-90.58491,19.81341],[-90.5849,19.81346],[-90.58489,19.81351],[-90.5849,19.81355],[-90.58494,19.81359],[-90.58499,19.81362],[-90.58504,19.81362],[-90.58502,19.81376],[-90.58502,19.81376],[-90.58502,19.81376],[-90.58437,19.81423],[-90.58437,19.81423],[-90.58437,19.81423],[-90.58518,19.81519],[-90.58564,19.81587],[-90.58564,19.81587],[-90.58553,19.81599],[-90.58563,19.81608],[-90.58591,19.81635],[-90.58514,19.81688],[-90.58539,19.81718],[-90.58541,19.81721],[-90.58541,19.81721],[-90.58546,19.81717],[-90.58546,19.81716],[-90.58547,19.81717],[-90.58547,19.81717],[-90.58549,19.81719],[-90.58549,19.81719],[-90.58555,19.81714],[-90.58555,19.81714],[-90.58555,19.81714],[-90.58556,19.81715],[-90.58558,19.81717],[-90.58558,19.81717],[-90.58561,19.81715],[-90.58561,19.81715],[-90.58561,19.81715]]]}},{"type":"Feature","properties":{"cvegeo":"040020329","cve_ent":"04","fuente":"INEGI — Marco Geoestadístico 2024","fecha_corte":"2024-08","cve_mun":"04002","nombre":"Club Náutico y Deportivo de Campeche","ambito":"Rural"},"geometry":{"type":"Polygon","coordinates":[[[-90.63134,19.77968],[-90.63075,19.78047],[-90.63165,19.78073],[-90.6327,19.78104],[-90.6327,19.78105],[-90.63259,19.78132],[-90.63329,19.7816],[-90.63568,19.77957],[-90.63573,19.77961],[-90.63596,19.77977],[-90.63616,19.77974],[-90.63616,19.77974],[-90.63617,19.77972],[-90.63634,19.77949],[-90.6364,19.77946],[-90.63654,19.77956],[-90.63658,19.77954],[-90.63659,19.77947],[-90.63651,19.77936],[-90.63664,19.77924],[-90.6367,19.7793],[-90.6367,19.7793],[-90.6367,19.7793],[-90.63673,19.77929],[-90.63672,19.77923],[-90.63676,19.77917],[-90.63676,19.77913],[-90.63673,19.77906],[-90.63671,19.77896],[-90.63678,19.77892],[-90.63685,19.77886],[-90.63689,19.77884],[-90.63694,19.7788],[-90.63695,19.77856],[-90.63711,19.77841],[-90.63708,19.7783],[-90.63699,19.77813],[-90.63683,19.778],[-90.63654,19.77786],[-90.63643,19.77785],[-90.6362,19.77779],[-90.63599,19.77775],[-90.6359,19.77778],[-90.63582,19.77782],[-90.6357,19.77788],[-90.63553,19.77805],[-90.63548,19.77792],[-90.63547,19.77772],[-90.63546,19.77748],[-90.63547,19.7774],[-90.63556,19.77727],[-90.63568,19.77717],[-90.63585,19.77708],[-90.63605,19.77698],[-90.63618,19.77699],[-90.63646,19.77711],[-90.63658,19.77718],[-90.63675,19.77709],[-90.63688,19.77698],[-90.63692,19.77685],[-90.63692,19.77669],[-90.63691,19.77656],[-90.63684,19.77641],[-90.6368,19.77634],[-90.63665,19.77632],[-90.63636,19.77633],[-90.63605,19.77637],[-90.63581,19.77644],[-90.63576,19.77629],[-90.63562,19.7762],[-90.6354,19.77607],[-90.63519,19.77606],[-90.63499,19.77608],[-90.63482,19.77618],[-90.63459,19.77633],[-90.63439,19.77649],[-90.63436,19.77667],[-90.63436,19.77685],[-90.63444,19.77706],[-90.63459,19.7772],[-90.63466,19.77722],[-90.63481,19.7773],[-90.63479,19.77749],[-90.63479,19.77776],[-90.63477,19.7779],[-90.63514,19.77804],[-90.63539,19.77823],[-90.63533,19.7783],[-90.63504,19.77867],[-90.63491,19.77884],[-90.63484,19.77887],[-90.63477,19.77889],[-90.63461,19.77893],[-90.63443,19.77894],[-90.63419,19.77886],[-90.63409,19.77882],[-90.63393,19.77878],[-90.6338,19.77882],[-90.63358,19.77897],[-90.63293,19.77947],[-90.6328,19.77955],[-90.63262,19.77958],[-90.63247,19.77958],[-90.63233,19.77954],[-90.63216,19.77946],[-90.63204,19.77937],[-90.63178,19.77918],[-90.6316,19.77906],[-90.63134,19.77968]]]}},{"type":"Feature","properties":{"cvegeo":"040020001","cve_ent":"04","fuente":"INEGI — Marco Geoestadístico 2024","fecha_corte":"2024-08","cve_mun":"04002","nombre":"San Francisco de Campeche","ambito":"Urbana"},"geometry":{"type":"Polygon","coordinates":[[[-90.48796,19.87626],[-90.48796,19.87626],[-90.48797,19.87627],[-90.48802,19.87637],[-90.4882,19.87627],[-90.48839,19.87617],[-90.48872,19.87601],[-90.48906,19.87586],[-90.48979,19.87562],[-90.49065,19.87536],[-90.49107,19.87522],[-90.49139,19.87509],[-90.49174,19.87493],[-90.49185,19.87487],[-90.4921,19.87472],[-90.49264,19.87438],[-90.49283,19.87425],[-90.49341,19.87387],[-90.49363,19.87373],[-90.49386,19.87365],[-90.49427,19.8735],[-90.49467,19.87334],[-90.49535,19.87297],[-90.49562,19.8727],[-90.49564,19.87268],[-90.49587,19.87246],[-90.49587,19.87245],[-90.4959,19.87243],[-90.4959,19.87243],[-90.49604,19.87224],[-90.49605,19.87222],[-90.49605,19.87222],[-90.49684,19.87169],[-90.49803,19.87091],[-90.49928,19.87009],[-90.49968,19.86985],[-90.50004,19.86968],[-90.50077,19.86936],[-90.50235,19.86868],[-90.50325,19.86831],[-90.50391,19.86802],[-90.50477,19.86765],[-90.50531,19.86744],[-90.50598,19.86717],[-90.50684,19.8668],[-90.50787,19.86638],[-90.50876,19.86601],[-90.50887,19.86626],[-90.50888,19.86625],[-90.50897,19.86618],[-90.50915,19.86607],[-90.50998,19.86558],[-90.5102,19.86539],[-90.51034,19.86527],[-90.51034,19.86527],[-90.51038,19.86532],[-90.51041,19.86536],[-90.51044,19.86538],[-90.51044,19.86538],[-90.51044,19.86538],[-90.51044,19.86539],[-90.51047,19.86542],[-90.51047,19.86542],[-90.51053,19.86542],[-90.51056,19.86539],[-90.51079,19.86541],[-90.51092,19.8654],[-90.51193,19.86476],[-90.51274,19.86424],[-90.51297,19.86409],[-90.5133,19.86388],[-90.51383,19.86353],[-90.51421,19.8632],[-90.51439,19.86307],[-90.51442,19.86305],[-90.51553,19.86242],[-90.51585,19.86223],[-90.51607,19.8621],[-90.51611,19.86211],[-90.51611,19.86208],[-90.51686,19.86165],[-90.51737,19.86138],[-90.51739,19.86137],[-90.51759,19.86129],[-90.51783,19.86119],[-90.5179,19.86114],[-90.5179,19.86114],[-90.518,19.86128],[-90.51802,19.86131],[-90.51802,19.86131],[-90.51798,19.86134],[-90.51791,19.8614],[-90.51777,19.86152],[-90.51777,19.86152],[-90.51777,19.86152],[-90.51755,19.86173],[-90.51755,19.86174],[-90.51754,19.86176],[-90.51753,19.86179],[-90.51753,19.86182],[-90.51754,19.86182],[-90.51756,19.86184],[-90.51758,19.86185],[-90.51758,19.86185],[-90.51758,19.86185],[-90.51762,19.86184],[-90.51775,19.86171],[-90.51775,19.8617],[-90.51797,19.86152],[-90.51797,19.86152],[-90.51809,19.86143],[-90.51809,19.86142],[-90.51811,19.86141],[-90.51817,19.86137],[-90.51822,19.86135],[-90.51842,19.86126],[-90.51864,19.8612],[-90.51875,19.86118],[-90.51879,19.86117],[-90.51882,19.86115],[-90.51882,19.86115],[-90.51883,19.86114],[-90.51884,19.86112],[-90.51884,19.86109],[-90.51884,19.86107],[-90.51883,19.86106],[-90.51882,19.86105],[-90.51882,19.86104],[-90.51881,19.86104],[-90.5188,19.86103],[-90.51878,19.86102],[-90.51869,19.86103],[-90.51858,19.86106],[-90.51837,19.86114],[-90.51816,19.86123],[-90.51815,19.86124],[-90.51804,19.86106],[-90.51882,19.86043],[-90.51932,19.86012],[-90.52019,19.85956],[-90.52035,19.85945],[-90.52069,19.85924],[-90.5209,19.85912],[-90.52133,19.85887],[-90.52149,19.8588],[-90.52165,19.85883],[-90.52173,19.85891],[-90.52188,19.85908],[-90.52195,19.85916],[-90.52228,19.85941],[-90.52268,19.85968],[-90.52316,19.86013],[-90.52571,19.8626],[-90.52749,19.8643],[-90.52913,19.86595],[-90.53125,19.86399],[-90.53191,19.86339],[-90.53188,19.86325],[-90.53184,19.86322],[-90.5318,19.86323],[-90.53178,19.86321],[-90.53178,19.86321],[-90.53176,19.86324],[-90.53154,19.86347],[-90.53148,19.86353],[-90.53142,19.86359],[-90.53142,19.86359],[-90.53142,19.86359],[-90.52943,19.86542],[-90.5294,19.86539],[-90.52914,19.86513],[-90.52896,19.86496],[-90.52869,19.86468],[-90.52866,19.86465],[-90.5287,19.86461],[-90.53067,19.86286],[-90.53124,19.86335],[-90.53134,19.86328],[-90.53134,19.86321],[-90.53129,19.86313],[-90.53048,19.86227],[-90.53031,19.86225],[-90.53031,19.86225],[-90.53027,19.86225],[-90.5302,19.8623],[-90.5302,19.8623],[-90.5302,19.8623],[-90.5302,19.8623],[-90.52808,19.86434],[-90.528,19.86442],[-90.52792,19.86434],[-90.52475,19.86128],[-90.52472,19.86125],[-90.52569,19.86036],[-90.52573,19.86032],[-90.52469,19.85932],[-90.52382,19.85849],[-90.52301,19.85923],[-90.52233,19.8586],[-90.52217,19.85843],[-90.52211,19.85836],[-90.52286,19.85792],[-90.52355,19.85754],[-90.52438,19.85711],[-90.52482,19.85693],[-90.52482,19.85693],[-90.52491,19.8569],[-90.52522,19.85678],[-90.52539,19.85674],[-90.5254,19.85674],[-90.5254,19.85674],[-90.52559,19.85669],[-90.5257,19.85666],[-90.52581,19.85662],[-90.52587,19.8566],[-90.52644,19.85646],[-90.52669,19.85643],[-90.5269,19.85644],[-90.52692,19.85643],[-90.52702,19.85647],[-90.52707,19.85648],[-90.52712,19.85649],[-90.52715,19.85649],[-90.52719,19.85649],[-90.52721,19.85648],[-90.52724,19.85647],[-90.5273,19.85643],[-90.52737,19.85637],[-90.5275,19.8563],[-90.52761,19.85623],[-90.52764,19.85621],[-90.52766,19.8562],[-90.52777,19.85614],[-90.5278,19.85612],[-90.52795,19.85606],[-90.52824,19.85592],[-90.5283,19.85589],[-90.52833,19.85589],[-90.52857,19.85583],[-90.52892,19.85571],[-90.52895,19.8557],[-90.53018,19.85529],[-90.53048,19.85518],[-90.53099,19.85498],[-90.53172,19.85467],[-90.53211,19.85449],[-90.53214,19.85448],[-90.53264,19.85425],[-90.53302,19.85402],[-90.53341,19.85379],[-90.53357,19.85366],[-90.53366,19.85359],[-90.53393,19.8534],[-90.53413,19.85322],[-90.53416,19.8532],[-90.53427,19.85311],[-90.53429,19.85311],[-90.53429,19.85311],[-90.5343,19.85311],[-90.53436,19.85313],[-90.53436,19.85314],[-90.53443,19.85315],[-90.53449,19.85315],[-90.5345,19.85315],[-90.5345,19.85315],[-90.53453,19.85315],[-90.53457,19.85314],[-90.5346,19.85312],[-90.53462,19.8531],[-90.53466,19.85307],[-90.53468,19.85305],[-90.5347,19.853],[-90.53471,19.85293],[-90.53471,19.85286],[-90.53468,19.85281],[-90.53466,19.85278],[-90.53466,19.85272],[-90.5347,19.85269],[-90.53502,19.85232],[-90.5354,19.85201],[-90.53595,19.85147],[-90.53611,19.85131],[-90.53629,19.85119],[-90.53666,19.85097],[-90.53695,19.85079],[-90.53697,19.85078],[-90.53703,19.85075],[-90.53707,19.85072],[-90.53709,19.85069],[-90.5371,19.85066],[-90.53712,19.85061],[-90.53719,19.85035],[-90.53724,19.85026],[-90.53727,19.85021],[-90.53733,19.85014],[-90.53738,19.85009],[-90.53738,19.85009],[-90.53742,19.85005],[-90.53742,19.85005],[-90.53787,19.84962],[-90.53787,19.84962],[-90.53794,19.84955],[-90.53798,19.84949],[-90.53805,19.84941],[-90.53805,19.84941],[-90.53821,19.84928],[-90.53833,19.84922],[-90.53839,19.84918],[-90.53844,19.84915],[-90.5385,19.84913],[-90.53855,19.8491],[-90.5386,19.84907],[-90.53865,19.84904],[-90.5387,19.84901],[-90.53876,19.84898],[-90.5388,19.84894],[-90.53884,19.84889],[-90.53885,19.84889],[-90.53888,19.84885],[-90.53891,19.84883],[-90.53898,19.84876],[-90.539,19.84874],[-90.53903,19.8487],[-90.53906,19.84866],[-90.53908,19.8486],[-90.53913,19.84856],[-90.53919,19.84852],[-90.53923,19.84848],[-90.53926,19.84845],[-90.5393,19.84842],[-90.53933,19.84839],[-90.53937,19.84836],[-90.53939,19.84833],[-90.53942,19.8483],[-90.53947,19.84825],[-90.53951,19.8482],[-90.53959,19.84811],[-90.53961,19.84812],[-90.53961,19.84812],[-90.53965,19.84821],[-90.53967,19.84824],[-90.53967,19.84825],[-90.53968,19.84826],[-90.53967,19.8483],[-90.53966,19.84831],[-90.53966,19.84832],[-90.53965,19.84834],[-90.53964,19.84837],[-90.53964,19.8484],[-90.53964,19.8484],[-90.53964,19.8484],[-90.53965,19.84843],[-90.53967,19.84846],[-90.5397,19.84849],[-90.53974,19.84852],[-90.53978,19.84853],[-90.53981,19.84853],[-90.53986,19.84852],[-90.53989,19.8485],[-90.53992,19.84848],[-90.53994,19.84844],[-90.53994,19.84843],[-90.53995,19.84841],[-90.53995,19.84837],[-90.53994,19.84834],[-90.53992,19.84831],[-90.5399,19.84828],[-90.53987,19.84825],[-90.53984,19.84824],[-90.53982,19.84824],[-90.53979,19.84824],[-90.53976,19.84822],[-90.53974,19.8482],[-90.53971,19.84814],[-90.53968,19.84808],[-90.53967,19.84806],[-90.53967,19.84805],[-90.53965,19.84802],[-90.53972,19.84792],[-90.53976,19.84786],[-90.53981,19.8478],[-90.53985,19.84773],[-90.53989,19.84768],[-90.53992,19.84763],[-90.54001,19.84756],[-90.54007,19.84754],[-90.54011,19.8475],[-90.54011,19.8475],[-90.54016,19.84746],[-90.54016,19.84746],[-90.54022,19.84741],[-90.54031,19.84733],[-90.54036,19.84729],[-90.54036,19.84729],[-90.54038,19.84727],[-90.54041,19.84724],[-90.54043,19.84722],[-90.54044,19.84721],[-90.54048,19.84719],[-90.54053,19.84718],[-90.54057,19.84716],[-90.54063,19.84714],[-90.54069,19.84713],[-90.54075,19.84711],[-90.54082,19.8471],[-90.5409,19.84708],[-90.541,19.84706],[-90.54107,19.84703],[-90.54114,19.84702],[-90.5412,19.847],[-90.54125,19.84698],[-90.54134,19.84695],[-90.5414,19.84693],[-90.54147,19.84689],[-90.54152,19.84686],[-90.54158,19.84681],[-90.54163,19.84676],[-90.54169,19.84671],[-90.54176,19.84664],[-90.5418,19.84658],[-90.54184,19.84653],[-90.54189,19.84647],[-90.54193,19.84641],[-90.54197,19.84633],[-90.542,19.84626],[-90.54204,19.84616],[-90.54205,19.84608],[-90.54207,19.84602],[-90.54207,19.84601],[-90.54208,19.8459],[-90.54209,19.84578],[-90.54209,19.84575],[-90.5421,19.8457],[-90.54212,19.84567],[-90.54213,19.84565],[-90.54214,19.84564],[-90.54216,19.8456],[-90.54214,19.84557],[-90.54214,19.84557],[-90.54219,19.84553],[-90.54223,19.8455],[-90.54225,19.84548],[-90.54225,19.84548],[-90.54232,19.84542],[-90.54232,19.84542],[-90.54237,19.84538],[-90.54242,19.84534],[-90.54242,19.84533],[-90.54247,19.84529],[-90.54247,19.84529],[-90.54252,19.84525],[-90.54252,19.84525],[-90.54256,19.8452],[-90.54256,19.8452],[-90.5426,19.84516],[-90.54265,19.84511],[-90.54269,19.84507],[-90.54273,19.84502],[-90.54278,19.84498],[-90.54278,19.84498],[-90.54282,19.84493],[-90.54286,19.84489],[-90.54286,19.84489],[-90.54291,19.84485],[-90.54291,19.84485],[-90.54295,19.84481],[-90.543,19.84477],[-90.543,19.84477],[-90.54304,19.84474],[-90.54309,19.84471],[-90.54314,19.84468],[-90.54318,19.84465],[-90.54324,19.84464],[-90.5433,19.84463],[-90.54335,19.84462],[-90.54338,19.84461],[-90.54342,19.8446],[-90.54348,19.84458],[-90.54354,19.84456],[-90.54359,19.84453],[-90.54363,19.8445],[-90.54366,19.84447],[-90.54366,19.84447],[-90.54368,19.84445],[-90.54368,19.84445],[-90.54371,19.84442],[-90.54374,19.84438],[-90.54378,19.84434],[-90.5438,19.84428],[-90.54383,19.84423],[-90.54385,19.84418],[-90.54387,19.84412],[-90.54389,19.84407],[-90.5439,19.84401],[-90.54392,19.84396],[-90.54395,19.84389],[-90.54398,19.84385],[-90.54401,19.84383],[-90.54401,19.84383],[-90.54402,19.84381],[-90.54402,19.84381],[-90.54402,19.84381],[-90.54406,19.84377],[-90.5441,19.84373],[-90.54414,19.84369],[-90.54418,19.84365],[-90.54418,19.84365],[-90.54422,19.84361],[-90.54422,19.84361],[-90.54424,19.84359],[-90.54424,19.84359],[-90.54431,19.84353],[-90.54431,19.84353],[-90.54431,19.84353],[-90.54452,19.84335],[-90.54452,19.84335],[-90.54465,19.84323],[-90.54465,19.84322],[-90.54465,19.84322],[-90.54472,19.84315],[-90.54485,19.84302],[-90.54498,19.84289],[-90.54498,19.84289],[-90.54526,19.84264],[-90.54526,19.84264],[-90.54533,19.84258],[-90.54541,19.84253],[-90.54549,19.84249],[-90.54557,19.84244],[-90.54566,19.8424],[-90.54574,19.84236],[-90.54583,19.84233],[-90.54592,19.8423],[-90.54601,19.84226],[-90.54609,19.84221],[-90.54616,19.84215],[-90.54623,19.84209],[-90.54623,19.84209],[-90.54629,19.84201],[-90.54634,19.84191],[-90.54637,19.84181],[-90.54641,19.84171],[-90.54645,19.84162],[-90.54649,19.84154],[-90.54654,19.84146],[-90.5466,19.84139],[-90.54666,19.84132],[-90.54673,19.84125],[-90.54673,19.84125],[-90.54679,19.84118],[-90.54686,19.84112],[-90.54686,19.84112],[-90.54693,19.84106],[-90.54693,19.84106],[-90.547,19.841],[-90.54707,19.84094],[-90.54714,19.84088],[-90.54714,19.84088],[-90.54724,19.84079],[-90.54724,19.84079],[-90.54725,19.84078],[-90.54725,19.84078],[-90.54725,19.84078],[-90.54727,19.84075],[-90.54734,19.84068],[-90.5474,19.84061],[-90.54747,19.84055],[-90.54747,19.84055],[-90.54754,19.84049],[-90.54761,19.84043],[-90.54764,19.84041],[-90.54769,19.84038],[-90.54769,19.84038],[-90.54776,19.84037],[-90.54779,19.84036],[-90.5478,19.84036],[-90.54788,19.84033],[-90.54798,19.84031],[-90.54807,19.84028],[-90.54815,19.84024],[-90.54824,19.84018],[-90.5483,19.84014],[-90.5483,19.84014],[-90.54836,19.84007],[-90.54842,19.83999],[-90.54848,19.83991],[-90.54852,19.83984],[-90.54854,19.83976],[-90.54858,19.83966],[-90.5486,19.83958],[-90.54862,19.83953],[-90.54865,19.8395],[-90.54868,19.83946],[-90.54868,19.83946],[-90.54872,19.83944],[-90.54879,19.83938],[-90.54886,19.83932],[-90.54894,19.83927],[-90.54901,19.83921],[-90.54908,19.83915],[-90.54908,19.83915],[-90.54915,19.83909],[-90.54919,19.83907],[-90.54923,19.83906],[-90.54927,19.83906],[-90.54931,19.83905],[-90.54936,19.83906],[-90.54941,19.83906],[-90.54947,19.83907],[-90.54959,19.83911],[-90.5496,19.83911],[-90.54961,19.83912],[-90.55018,19.83935],[-90.5502,19.83933],[-90.5502,19.83933],[-90.55021,19.83932],[-90.55048,19.83907],[-90.55051,19.83903],[-90.55051,19.83903],[-90.55048,19.83899],[-90.55047,19.83898],[-90.55046,19.83897],[-90.55046,19.83897],[-90.55017,19.83923],[-90.5498,19.83906],[-90.54976,19.83894],[-90.54981,19.8387],[-90.54982,19.83867],[-90.55002,19.83852],[-90.55038,19.83826],[-90.55069,19.83812],[-90.55105,19.83799],[-90.55144,19.83768],[-90.55158,19.83735],[-90.55158,19.83733],[-90.5518,19.83696],[-90.5519,19.83689],[-90.55215,19.83674],[-90.55244,19.83661],[-90.55289,19.83637],[-90.55318,19.83611],[-90.55344,19.83577],[-90.55359,19.83563],[-90.55383,19.83544],[-90.55406,19.83532],[-90.55434,19.83524],[-90.55442,19.83523],[-90.55449,19.83522],[-90.55456,19.8352],[-90.55465,19.83516],[-90.55473,19.83511],[-90.55478,19.83504],[-90.55481,19.835],[-90.55484,19.83492],[-90.55487,19.83482],[-90.55492,19.83475],[-90.55497,19.8347],[-90.55503,19.83467],[-90.5551,19.83466],[-90.55516,19.83463],[-90.55525,19.8346],[-90.5554,19.83454],[-90.55561,19.8344],[-90.5559,19.83418],[-90.55605,19.8341],[-90.55611,19.83409],[-90.55617,19.8341],[-90.55624,19.83414],[-90.55637,19.8342],[-90.55647,19.83421],[-90.55647,19.83421],[-90.55657,19.83431],[-90.55657,19.83432],[-90.55681,19.83452],[-90.55734,19.83498],[-90.55766,19.83468],[-90.55749,19.83453],[-90.55729,19.83474],[-90.55695,19.83443],[-90.5568,19.83431],[-90.55679,19.83431],[-90.55683,19.83427],[-90.55683,19.83408],[-90.55703,19.834],[-90.55721,19.83393],[-90.55738,19.83386],[-90.55743,19.8338],[-90.55735,19.83359],[-90.55733,19.83352],[-90.55735,19.83348],[-90.55738,19.83346],[-90.55744,19.83346],[-90.5575,19.83348],[-90.55775,19.83369],[-90.55781,19.8337],[-90.55793,19.83368],[-90.55823,19.83355],[-90.55846,19.83346],[-90.55872,19.83332],[-90.55889,19.83323],[-90.55918,19.83306],[-90.55938,19.83293],[-90.55945,19.83287],[-90.5595,19.83274],[-90.5595,19.83257],[-90.55945,19.83248],[-90.55937,19.83238],[-90.55929,19.83235],[-90.55916,19.83225],[-90.55902,19.83212],[-90.55906,19.8321],[-90.55912,19.83213],[-90.55923,19.8322],[-90.55928,19.83218],[-90.55952,19.83205],[-90.55956,19.83203],[-90.55952,19.83197],[-90.55947,19.8319],[-90.55945,19.83187],[-90.55944,19.83186],[-90.55947,19.83184],[-90.55948,19.83183],[-90.55965,19.83172],[-90.5597,19.83179],[-90.55979,19.83173],[-90.5598,19.83175],[-90.55981,19.83175],[-90.55981,19.83175],[-90.55982,19.83175],[-90.55982,19.83174],[-90.55982,19.83173],[-90.55982,19.83172],[-90.55986,19.83169],[-90.55988,19.83171],[-90.5599,19.83173],[-90.55992,19.83174],[-90.55994,19.83175],[-90.55996,19.83174],[-90.55997,19.83173],[-90.55998,19.83173],[-90.55998,19.83171],[-90.55999,19.8317],[-90.55998,19.83168],[-90.55998,19.83166],[-90.55996,19.83163],[-90.55994,19.83159],[-90.55993,19.83156],[-90.55992,19.83153],[-90.55992,19.83152],[-90.55992,19.8315],[-90.55992,19.83148],[-90.55993,19.83146],[-90.55993,19.83145],[-90.55994,19.83143],[-90.55995,19.83141],[-90.55997,19.83139],[-90.56002,19.83135],[-90.5601,19.83132],[-90.56011,19.83132],[-90.56026,19.83154],[-90.5603,19.8316],[-90.56032,19.83163],[-90.56033,19.83164],[-90.56035,19.83164],[-90.56037,19.83164],[-90.56039,19.83162],[-90.56038,19.83161],[-90.56038,19.8316],[-90.56037,19.83158],[-90.56041,19.83155],[-90.56081,19.83133],[-90.56078,19.8313],[-90.56114,19.83109],[-90.56119,19.83116],[-90.56155,19.83095],[-90.56157,19.83094],[-90.56161,19.83092],[-90.56158,19.83087],[-90.56155,19.83083],[-90.56155,19.83082],[-90.56152,19.83078],[-90.56212,19.83053],[-90.56229,19.83081],[-90.5627,19.83064],[-90.56274,19.83062],[-90.56269,19.83055],[-90.56266,19.83051],[-90.56268,19.83049],[-90.5627,19.83048],[-90.56282,19.83041],[-90.56284,19.83044],[-90.56284,19.83044],[-90.5629,19.83041],[-90.56283,19.83032],[-90.56298,19.83024],[-90.56311,19.83016],[-90.56347,19.82996],[-90.56357,19.8301],[-90.56363,19.83007],[-90.56352,19.82993],[-90.56361,19.82987],[-90.56358,19.82982],[-90.56384,19.82968],[-90.56442,19.82936],[-90.5644,19.82934],[-90.56443,19.82932],[-90.56459,19.82926],[-90.56465,19.82935],[-90.56468,19.82936],[-90.56471,19.82935],[-90.56472,19.82934],[-90.56473,19.82933],[-90.56474,19.82932],[-90.56475,19.82931],[-90.56475,19.82929],[-90.56498,19.82914],[-90.56499,19.82914],[-90.56504,19.82912],[-90.56503,19.82911],[-90.56501,19.82908],[-90.56506,19.82907],[-90.56508,19.8291],[-90.56509,19.82911],[-90.56511,19.8291],[-90.56503,19.82899],[-90.56526,19.82886],[-90.56533,19.82895],[-90.56533,19.82896],[-90.56538,19.82902],[-90.5654,19.829],[-90.56545,19.82897],[-90.56544,19.82896],[-90.56541,19.82893],[-90.56541,19.82893],[-90.56543,19.82891],[-90.56544,19.82891],[-90.56544,19.8289],[-90.56545,19.8289],[-90.56546,19.82888],[-90.56545,19.82886],[-90.56543,19.82882],[-90.56545,19.8288],[-90.56554,19.82867],[-90.56575,19.82852],[-90.5658,19.82849],[-90.5658,19.82849],[-90.56583,19.82852],[-90.56583,19.82852],[-90.56583,19.82852],[-90.56583,19.82852],[-90.56585,19.82851],[-90.56586,19.82851],[-90.56589,19.82849],[-90.56587,19.82846],[-90.56587,19.82846],[-90.56598,19.82839],[-90.56602,19.82837],[-90.56602,19.82837],[-90.56604,19.82836],[-90.56604,19.82836],[-90.56606,19.8284],[-90.56606,19.8284],[-90.56609,19.82838],[-90.56609,19.82838],[-90.56612,19.82836],[-90.5661,19.82834],[-90.56617,19.8283],[-90.56621,19.82828],[-90.56624,19.82826],[-90.56624,19.82826],[-90.56629,19.82834],[-90.56629,19.82834],[-90.56639,19.82828],[-90.56639,19.82828],[-90.56643,19.82825],[-90.56642,19.82824],[-90.56642,19.82824],[-90.56641,19.82822],[-90.56659,19.82814],[-90.5666,19.82813],[-90.56661,19.82813],[-90.56665,19.82811],[-90.56668,19.82809],[-90.5668,19.82803],[-90.56706,19.8279],[-90.56715,19.82786],[-90.56715,19.82786],[-90.56717,19.82784],[-90.56724,19.82778],[-90.56728,19.82774],[-90.56732,19.82771],[-90.56739,19.82768],[-90.56739,19.82768],[-90.56739,19.82768],[-90.56743,19.82773],[-90.56747,19.82772],[-90.56744,19.82769],[-90.56743,19.82766],[-90.5674,19.82762],[-90.56739,19.82762],[-90.5674,19.82761],[-90.56758,19.82751],[-90.56765,19.82747],[-90.56775,19.82741],[-90.56775,19.82741],[-90.56786,19.82734],[-90.56795,19.82729],[-90.56809,19.82721],[-90.56809,19.8272],[-90.56816,19.82716],[-90.56816,19.82716],[-90.56822,19.82711],[-90.56823,19.8271],[-90.56828,19.82706],[-90.56833,19.82701],[-90.56855,19.82688],[-90.5686,19.82686],[-90.56872,19.82681],[-90.56885,19.82673],[-90.56895,19.82667],[-90.56898,19.82671],[-90.56901,19.82676],[-90.56901,19.82676],[-90.56907,19.82685],[-90.56908,19.82684],[-90.56909,19.82684],[-90.56909,19.82684],[-90.56912,19.82682],[-90.56902,19.82669],[-90.56901,19.82667],[-90.56908,19.82663],[-90.56905,19.82659],[-90.56915,19.82652],[-90.56932,19.82642],[-90.56932,19.82642],[-90.56935,19.8264],[-90.56935,19.82641],[-90.56936,19.82641],[-90.5694,19.82646],[-90.56933,19.82652],[-90.56933,19.82653],[-90.56966,19.82631],[-90.57012,19.82604],[-90.57007,19.82604],[-90.57005,19.826],[-90.57004,19.82598],[-90.57005,19.82598],[-90.57016,19.82593],[-90.57027,19.8259],[-90.57044,19.8259],[-90.57048,19.82592],[-90.57054,19.82593],[-90.57054,19.82594],[-90.57058,19.82597],[-90.5706,19.82599],[-90.57061,19.826],[-90.57065,19.82603],[-90.5707,19.82607],[-90.57094,19.82644],[-90.57144,19.82723],[-90.57147,19.82727],[-90.57149,19.82731],[-90.57155,19.8274],[-90.57157,19.82739],[-90.57159,19.82739],[-90.57161,19.82738],[-90.57157,19.8273],[-90.57153,19.82725],[-90.57167,19.82718],[-90.57171,19.82716],[-90.57169,19.82712],[-90.57167,19.8271],[-90.57167,19.82709],[-90.57162,19.82712],[-90.57147,19.8272],[-90.57081,19.82605],[-90.57079,19.82599],[-90.57078,19.82595],[-90.57078,19.82595],[-90.5708,19.82591],[-90.5708,19.82591],[-90.57079,19.82588],[-90.57079,19.82586],[-90.57079,19.82585],[-90.57079,19.82585],[-90.57089,19.82579],[-90.57092,19.82582],[-90.57092,19.82582],[-90.57109,19.82576],[-90.57109,19.82576],[-90.5711,19.82572],[-90.5711,19.82572],[-90.57112,19.82571],[-90.57135,19.82559],[-90.57136,19.82559],[-90.57137,19.82558],[-90.57138,19.82555],[-90.57127,19.82537],[-90.57124,19.82532],[-90.57127,19.8253],[-90.57134,19.82526],[-90.57137,19.82524],[-90.57141,19.82522],[-90.57141,19.82522],[-90.57142,19.82523],[-90.57147,19.82529],[-90.57152,19.82534],[-90.5717,19.82561],[-90.57171,19.82563],[-90.5717,19.82566],[-90.57169,19.82567],[-90.57169,19.82568],[-90.57165,19.82576],[-90.57165,19.82579],[-90.57165,19.82581],[-90.57165,19.82584],[-90.57165,19.82585],[-90.57168,19.82589],[-90.57176,19.82606],[-90.57198,19.82639],[-90.57218,19.82673],[-90.57221,19.82679],[-90.57225,19.82688],[-90.57226,19.82691],[-90.57228,19.82699],[-90.57231,19.82704],[-90.57234,19.82709],[-90.57238,19.82712],[-90.57241,19.82713],[-90.57245,19.82711],[-90.57245,19.82711],[-90.57245,19.82711],[-90.57248,19.82709],[-90.57248,19.82708],[-90.57248,19.82708],[-90.57249,19.82705],[-90.57249,19.82702],[-90.57249,19.82701],[-90.57255,19.82696],[-90.57255,19.82696],[-90.57259,19.82692],[-90.57261,19.8269],[-90.57261,19.8269],[-90.57262,19.82688],[-90.57261,19.82685],[-90.57259,19.82684],[-90.57258,19.82683],[-90.57258,19.82683],[-90.57257,19.82683],[-90.57247,19.82689],[-90.57243,19.82693],[-90.57243,19.82692],[-90.57241,19.8269],[-90.57177,19.82583],[-90.57176,19.82582],[-90.57176,19.82582],[-90.57178,19.82572],[-90.5718,19.82566],[-90.57175,19.82559],[-90.57154,19.82528],[-90.57152,19.82525],[-90.57152,19.82524],[-90.57156,19.82522],[-90.57212,19.82494],[-90.57209,19.82489],[-90.57205,19.82482],[-90.57242,19.8246],[-90.57248,19.8246],[-90.57252,19.82466],[-90.57253,19.82467],[-90.57254,19.82467],[-90.5726,19.82464],[-90.57262,19.82463],[-90.57278,19.82454],[-90.5728,19.82453],[-90.57279,19.82448],[-90.57279,19.82448],[-90.57277,19.82443],[-90.57313,19.82425],[-90.5733,19.82416],[-90.57331,19.82413],[-90.57361,19.82395],[-90.57406,19.8238],[-90.57483,19.82353],[-90.5749,19.82364],[-90.57514,19.82352],[-90.5751,19.82342],[-90.57548,19.82322],[-90.57554,19.82334],[-90.57643,19.82288],[-90.57642,19.82286],[-90.57631,19.82267],[-90.57629,19.82263],[-90.57629,19.82262],[-90.57645,19.82252],[-90.57653,19.82263],[-90.57681,19.82249],[-90.57728,19.82225],[-90.57736,19.8222],[-90.57771,19.82199],[-90.57799,19.82182],[-90.57855,19.82153],[-90.57877,19.82136],[-90.57895,19.8212],[-90.57918,19.82092],[-90.57956,19.8207],[-90.57968,19.82064],[-90.57972,19.82062],[-90.57974,19.8206],[-90.5798,19.82058],[-90.58011,19.82043],[-90.58023,19.82036],[-90.58027,19.82035],[-90.58035,19.82031],[-90.58036,19.8203],[-90.5805,19.82021],[-90.58086,19.82003],[-90.581,19.81998],[-90.58119,19.81987],[-90.58119,19.81987],[-90.5813,19.81981],[-90.58147,19.81968],[-90.58147,19.81967],[-90.58165,19.81961],[-90.58182,19.8196],[-90.58195,19.81958],[-90.58203,19.81958],[-90.58207,19.81959],[-90.58207,19.81959],[-90.58211,19.81959],[-90.58214,19.81958],[-90.58225,19.81951],[-90.5824,19.81947],[-90.58242,19.81946],[-90.58244,19.81944],[-90.58248,19.81941],[-90.58248,19.81941],[-90.58255,19.81933],[-90.5826,19.81926],[-90.5826,19.81926],[-90.5826,19.81926],[-90.58263,19.81921],[-90.58267,19.81923],[-90.58268,19.81923],[-90.58268,19.81923],[-90.58268,19.81923],[-90.58271,19.8192],[-90.58277,19.81916],[-90.58287,19.81909],[-90.5829,19.81907],[-90.5829,19.81906],[-90.5829,19.81906],[-90.5829,19.81906],[-90.5829,19.81906],[-90.58293,19.81901],[-90.58295,19.81898],[-90.58298,19.81897],[-90.58304,19.81894],[-90.58308,19.81891],[-90.58308,19.81891],[-90.58312,19.81887],[-90.58313,19.81887],[-90.58314,19.81886],[-90.58314,19.81886],[-90.58324,19.81881],[-90.58331,19.8188],[-90.58339,19.81877],[-90.58347,19.81875],[-90.58358,19.81873],[-90.58367,19.81873],[-90.58382,19.81866],[-90.58391,19.81864],[-90.58399,19.8186],[-90.58405,19.81855],[-90.58412,19.8185],[-90.58412,19.8185],[-90.58412,19.8185],[-90.58412,19.81849],[-90.58411,19.81844],[-90.58412,19.81844],[-90.58415,19.81841],[-90.58415,19.81841],[-90.58415,19.81841],[-90.58412,19.81836],[-90.58412,19.81836],[-90.58427,19.81826],[-90.58428,19.81825],[-90.58429,19.81824],[-90.58429,19.81824],[-90.58429,19.81823],[-90.58431,19.81821],[-90.58438,19.81808],[-90.5846,19.81792],[-90.58463,19.81796],[-90.58493,19.81831],[-90.58507,19.81825],[-90.5849,19.81795],[-90.5856,19.81747],[-90.58564,19.81747],[-90.58564,19.81747],[-90.58581,19.81765],[-90.5859,19.81761],[-90.58591,19.81762],[-90.58595,19.81765],[-90.58597,19.81768],[-90.58599,19.8177],[-90.586,19.81769],[-90.58602,19.81767],[-90.58646,19.81822],[-90.58646,19.81823],[-90.58648,19.81821],[-90.5865,19.8182],[-90.58652,19.81819],[-90.58653,19.81818],[-90.58649,19.81813],[-90.58642,19.81806],[-90.58604,19.81759],[-90.58602,19.81757],[-90.58602,19.81756],[-90.58583,19.81733],[-90.58579,19.81734],[-90.58578,19.81735],[-90.58578,19.81735],[-90.58578,19.81735],[-90.58576,19.81733],[-90.58561,19.81715],[-90.58561,19.81715],[-90.58561,19.81715],[-90.58558,19.81717],[-90.58558,19.81717],[-90.58556,19.81715],[-90.58555,19.81714],[-90.58555,19.81714],[-90.58555,19.81714],[-90.58549,19.81719],[-90.58549,19.81719],[-90.58547,19.81717],[-90.58547,19.81717],[-90.58546,19.81716],[-90.58546,19.81717],[-90.58541,19.81721],[-90.58541,19.81721],[-90.58539,19.81718],[-90.58514,19.81688],[-90.58591,19.81635],[-90.58563,19.81608],[-90.58563,19.81608],[-90.5856,19.81611],[-90.58555,19.81617],[-90.58554,19.81618],[-90.58522,19.81645],[-90.58521,19.81646],[-90.58519,19.81648],[-90.58517,19.81649],[-90.58515,19.8165],[-90.58512,19.81651],[-90.5851,19.81652],[-90.58509,19.81652],[-90.58509,19.81652],[-90.58508,19.81653],[-90.58505,19.81653],[-90.58502,19.81654],[-90.58492,19.81655],[-90.5849,19.81655],[-90.58487,19.81655],[-90.58485,19.81655],[-90.58482,19.81654],[-90.58471,19.81653],[-90.58468,19.81651],[-90.58463,19.81649],[-90.58453,19.81644],[-90.58448,19.81642],[-90.58339,19.81573],[-90.58306,19.81553],[-90.58296,19.81545],[-90.58292,19.81541],[-90.58283,19.81532],[-90.5827,19.81518],[-90.5826,19.81499],[-90.58254,19.81489],[-90.58247,19.81471],[-90.5824,19.81457],[-90.58237,19.8145],[-90.58224,19.81432],[-90.58205,19.81413],[-90.58198,19.81406],[-90.58193,19.81402],[-90.58177,19.81394],[-90.58167,19.81392],[-90.58166,19.81391],[-90.58142,19.81386],[-90.58125,19.81384],[-90.58089,19.81381],[-90.58051,19.81376],[-90.58044,19.81374],[-90.58032,19.81372],[-90.58023,19.81371],[-90.58018,19.81369],[-90.58011,19.81363],[-90.58013,19.81357],[-90.57998,19.81345],[-90.57986,19.81333],[-90.5797,19.81317],[-90.57938,19.81276],[-90.57908,19.81269],[-90.57908,19.81268],[-90.57908,19.81268],[-90.57908,19.81268],[-90.57908,19.81267],[-90.57908,19.81265],[-90.57908,19.81264],[-90.57907,19.81262],[-90.57907,19.81261],[-90.57906,19.8126],[-90.57905,19.81259],[-90.57903,19.81258],[-90.57902,19.81258],[-90.579,19.81258],[-90.57899,19.81258],[-90.57897,19.81258],[-90.57896,19.81258],[-90.57893,19.81259],[-90.57881,19.81258],[-90.57873,19.81259],[-90.57829,19.81258],[-90.5777,19.81255],[-90.57703,19.81252],[-90.5768,19.81252],[-90.57657,19.81257],[-90.5763,19.81266],[-90.57609,19.81274],[-90.57598,19.8128],[-90.5758,19.81292],[-90.57564,19.81304],[-90.57547,19.81319],[-90.5754,19.81327],[-90.57533,19.8134],[-90.57535,19.81353],[-90.57541,19.81355],[-90.57536,19.81364],[-90.57533,19.81407],[-90.57531,19.8141],[-90.57527,19.81413],[-90.57518,19.81415],[-90.57523,19.81443],[-90.57765,19.81664],[-90.57785,19.81645],[-90.57808,19.81641],[-90.57817,19.81631],[-90.57825,19.81678],[-90.57949,19.81601],[-90.57952,19.81588],[-90.57888,19.81576],[-90.57846,19.8157],[-90.57851,19.81562],[-90.57858,19.81554],[-90.57869,19.81547],[-90.57881,19.81541],[-90.57893,19.81534],[-90.57904,19.81528],[-90.57924,19.81518],[-90.57942,19.81516],[-90.57949,19.81519],[-90.57956,19.81522],[-90.57966,19.81494],[-90.57969,19.81449],[-90.57971,19.81428],[-90.57962,19.81413],[-90.57987,19.814],[-90.57993,19.81426],[-90.58006,19.81467],[-90.58013,19.81483],[-90.58016,19.81488],[-90.58019,19.81493],[-90.58026,19.81506],[-90.58035,19.8152],[-90.58052,19.81539],[-90.58065,19.81554],[-90.58209,19.81716],[-90.58211,19.81718],[-90.58214,19.81722],[-90.58214,19.81722],[-90.58214,19.81722],[-90.58213,19.81722],[-90.58213,19.81723],[-90.58212,19.81723],[-90.58212,19.81723],[-90.58212,19.81723],[-90.58212,19.81723],[-90.58212,19.81724],[-90.58211,19.81724],[-90.58211,19.81725],[-90.58211,19.81725],[-90.58211,19.81726],[-90.58211,19.81726],[-90.5821,19.81727],[-90.5821,19.81727],[-90.5821,19.81728],[-90.5821,19.81728],[-90.5821,19.81729],[-90.5821,19.8173],[-90.5821,19.8173],[-90.5821,19.81731],[-90.5821,19.81731],[-90.5821,19.81732],[-90.5821,19.81732],[-90.5821,19.81733],[-90.58211,19.81733],[-90.58211,19.81734],[-90.58211,19.81734],[-90.58211,19.81735],[-90.58212,19.81735],[-90.58212,19.81736],[-90.58212,19.81736],[-90.58213,19.81737],[-90.58213,19.81737],[-90.58159,19.81772],[-90.58042,19.81847],[-90.58039,19.81849],[-90.5803,19.81855],[-90.57927,19.81922],[-90.57876,19.81957],[-90.57866,19.81964],[-90.57858,19.8197],[-90.57853,19.81973],[-90.57827,19.81991],[-90.57807,19.82005],[-90.57807,19.82005],[-90.57804,19.82007],[-90.57797,19.82009],[-90.57795,19.8201],[-90.57794,19.8201],[-90.57792,19.8201],[-90.5779,19.82005],[-90.57789,19.82002],[-90.57782,19.82001],[-90.57779,19.82],[-90.57777,19.81999],[-90.57774,19.81998],[-90.57768,19.81994],[-90.57766,19.81993],[-90.57765,19.81991],[-90.57764,19.8199],[-90.57763,19.81988],[-90.57762,19.81987],[-90.57761,19.81985],[-90.57758,19.81981],[-90.57755,19.81979],[-90.5775,19.81973],[-90.57746,19.8197],[-90.57744,19.81969],[-90.57741,19.81968],[-90.57741,19.81968],[-90.57741,19.81968],[-90.57737,19.81967],[-90.57736,19.81967],[-90.57736,19.81967],[-90.57735,19.81967],[-90.57733,19.81967],[-90.57731,19.81967],[-90.57725,19.81968],[-90.57723,19.81969],[-90.57719,19.81972],[-90.57716,19.81973],[-90.57713,19.81976],[-90.5771,19.81979],[-90.57707,19.81982],[-90.57704,19.81985],[-90.57699,19.81991],[-90.57699,19.81991],[-90.57699,19.81991],[-90.57695,19.81996],[-90.5769,19.82003],[-90.57687,19.82009],[-90.57684,19.82015],[-90.57681,19.8202],[-90.57677,19.82026],[-90.57673,19.8203],[-90.57673,19.8203],[-90.57667,19.82035],[-90.57663,19.82039],[-90.57658,19.82042],[-90.57654,19.82045],[-90.57644,19.82051],[-90.57629,19.8206],[-90.57607,19.82073],[-90.57596,19.82082],[-90.5759,19.82086],[-90.57588,19.82087],[-90.5758,19.82092],[-90.57531,19.82118],[-90.57505,19.82131],[-90.57465,19.82151],[-90.57456,19.82155],[-90.57374,19.82195],[-90.57289,19.82236],[-90.57246,19.82261],[-90.57242,19.82264],[-90.57241,19.82263],[-90.57237,19.82265],[-90.57214,19.82278],[-90.57206,19.82282],[-90.57206,19.82282],[-90.57141,19.82318],[-90.57099,19.8234],[-90.57067,19.82357],[-90.57051,19.82366],[-90.57038,19.8237],[-90.57023,19.82371],[-90.57009,19.8237],[-90.57004,19.82368],[-90.56999,19.82366],[-90.56994,19.82365],[-90.56989,19.82364],[-90.56984,19.82363],[-90.56978,19.82362],[-90.56973,19.82362],[-90.5697,19.82361],[-90.56965,19.82362],[-90.5696,19.82362],[-90.56956,19.82363],[-90.56952,19.82364],[-90.56947,19.82365],[-90.56942,19.82367],[-90.56938,19.82369],[-90.56934,19.82371],[-90.56933,19.82372],[-90.56929,19.82374],[-90.56926,19.82376],[-90.56923,19.82378],[-90.56917,19.82381],[-90.56914,19.82384],[-90.56909,19.82389],[-90.56907,19.82392],[-90.56899,19.82399],[-90.5688,19.8242],[-90.5688,19.8242],[-90.56857,19.82428],[-90.56853,19.8243],[-90.5682,19.82443],[-90.56802,19.82453],[-90.56789,19.82462],[-90.56775,19.82476],[-90.56748,19.82331],[-90.56756,19.82327],[-90.56738,19.82273],[-90.567,19.82283],[-90.56633,19.82079],[-90.56816,19.82026],[-90.56733,19.81789],[-90.56548,19.81841],[-90.56536,19.81861],[-90.56531,19.81876],[-90.56519,19.81909],[-90.56515,19.81923],[-90.56505,19.81942],[-90.56491,19.81957],[-90.56474,19.81959],[-90.56457,19.81963],[-90.56419,19.81962],[-90.56401,19.81967],[-90.56386,19.81973],[-90.56376,19.81982],[-90.56368,19.81991],[-90.56362,19.81982],[-90.56348,19.81973],[-90.56319,19.81968],[-90.56278,19.81981],[-90.56238,19.81962],[-90.56202,19.81945],[-90.56181,19.81964],[-90.56149,19.81967],[-90.5614,19.81945],[-90.56125,19.8193],[-90.56104,19.81919],[-90.56076,19.81916],[-90.56064,19.81912],[-90.56032,19.81908],[-90.56025,19.81953],[-90.56021,19.81984],[-90.56016,19.82013],[-90.56001,19.82063],[-90.55996,19.82084],[-90.55991,19.82105],[-90.55955,19.82176],[-90.55934,19.82217],[-90.55933,19.8222],[-90.55883,19.822],[-90.5585,19.82183],[-90.5585,19.82179],[-90.55848,19.82158],[-90.55839,19.82105],[-90.55839,19.82105],[-90.55838,19.82102],[-90.55802,19.82106],[-90.55772,19.82107],[-90.55743,19.82111],[-90.55688,19.82128],[-90.55663,19.82127],[-90.55642,19.82121],[-90.55631,19.82106],[-90.55626,19.82087],[-90.55623,19.82077],[-90.55602,19.82048],[-90.55593,19.82037],[-90.55579,19.82022],[-90.55555,19.82008],[-90.55555,19.82008],[-90.55616,19.81772],[-90.55604,19.81764],[-90.55638,19.81689],[-90.55674,19.81596],[-90.55715,19.81501],[-90.55643,19.81485],[-90.55637,19.81484],[-90.55605,19.81477],[-90.55639,19.8134],[-90.55635,19.81339],[-90.55597,19.81328],[-90.55597,19.81328],[-90.55594,19.81336],[-90.55594,19.81336],[-90.55528,19.81319],[-90.55528,19.81319],[-90.55516,19.81361],[-90.55502,19.81403],[-90.55489,19.81451],[-90.55489,19.81451],[-90.55482,19.81449],[-90.55477,19.81448],[-90.55476,19.81447],[-90.55474,19.81447],[-90.55442,19.81437],[-90.55414,19.81426],[-90.55395,19.81414],[-90.55377,19.81402],[-90.55342,19.8138],[-90.5534,19.8138],[-90.55341,19.81378],[-90.5537,19.81315],[-90.55529,19.80923],[-90.55546,19.80882],[-90.55537,19.8088],[-90.55444,19.80848],[-90.55444,19.80847],[-90.5548,19.80768],[-90.55484,19.80743],[-90.55489,19.80728],[-90.55499,19.80686],[-90.55521,19.80604],[-90.55471,19.80597],[-90.55459,19.80542],[-90.55404,19.8056],[-90.55407,19.8057],[-90.55406,19.8057],[-90.55332,19.80587],[-90.55313,19.80587],[-90.55278,19.80586],[-90.5524,19.80583],[-90.55222,19.80587],[-90.5522,19.80579],[-90.5519,19.80565],[-90.55125,19.80598],[-90.55125,19.80598],[-90.55126,19.80602],[-90.55102,19.80608],[-90.55093,19.8061],[-90.5508,19.80617],[-90.55075,19.80666],[-90.55095,19.807],[-90.551,19.80716],[-90.55101,19.80726],[-90.55102,19.8074],[-90.55096,19.8075],[-90.55081,19.80752],[-90.55071,19.80753],[-90.5506,19.80756],[-90.55041,19.80771],[-90.55027,19.80788],[-90.55014,19.80829],[-90.5501,19.80846],[-90.55,19.80872],[-90.54992,19.80894],[-90.54989,19.80926],[-90.54994,19.80943],[-90.55001,19.80953],[-90.55004,19.81002],[-90.54993,19.81049],[-90.54974,19.81051],[-90.54947,19.81049],[-90.54926,19.81058],[-90.54931,19.81075],[-90.54933,19.81095],[-90.54933,19.8111],[-90.54931,19.81121],[-90.54927,19.81129],[-90.54902,19.81151],[-90.549,19.81159],[-90.54834,19.81141],[-90.54844,19.80998],[-90.54805,19.81],[-90.54797,19.80969],[-90.54797,19.80935],[-90.54804,19.80882],[-90.54808,19.80854],[-90.54807,19.80845],[-90.54808,19.80828],[-90.54807,19.80827],[-90.54776,19.80819],[-90.5476,19.80814],[-90.54736,19.80807],[-90.54485,19.80738],[-90.54478,19.80738],[-90.54402,19.8074],[-90.54391,19.8074],[-90.54387,19.8074],[-90.54381,19.80727],[-90.54378,19.80716],[-90.54377,19.8071],[-90.54373,19.80691],[-90.54374,19.80665],[-90.54379,19.80623],[-90.54386,19.80603],[-90.54386,19.80596],[-90.54386,19.80595],[-90.54386,19.80594],[-90.54386,19.80583],[-90.54386,19.80582],[-90.54386,19.80582],[-90.54385,19.80582],[-90.54382,19.80571],[-90.54373,19.80547],[-90.54366,19.80529],[-90.54361,19.80514],[-90.54353,19.805],[-90.54346,19.80491],[-90.54342,19.80487],[-90.54338,19.80482],[-90.54327,19.80468],[-90.54321,19.80457],[-90.54321,19.80416],[-90.54334,19.80385],[-90.54336,19.80377],[-90.54336,19.8037],[-90.54336,19.80369],[-90.54328,19.80322],[-90.54322,19.80284],[-90.54323,19.80283],[-90.54336,19.8025],[-90.54357,19.80218],[-90.54357,19.80218],[-90.54372,19.80201],[-90.54372,19.80201],[-90.54385,19.80182],[-90.54413,19.80143],[-90.54413,19.80143],[-90.54413,19.80143],[-90.5444,19.80125],[-90.54459,19.80112],[-90.5451,19.80079],[-90.5451,19.80079],[-90.54522,19.80061],[-90.54522,19.80061],[-90.54558,19.80019],[-90.54585,19.79996],[-90.54585,19.79996],[-90.546,19.79973],[-90.54613,19.79948],[-90.54631,19.79911],[-90.54656,19.79882],[-90.54707,19.79862],[-90.54713,19.79859],[-90.54742,19.79854],[-90.5475,19.79853],[-90.54783,19.79843],[-90.54806,19.79837],[-90.54872,19.79817],[-90.54872,19.79817],[-90.54871,19.79809],[-90.54871,19.79806],[-90.54824,19.79811],[-90.5468,19.79828],[-90.54673,19.79828],[-90.54611,19.79833],[-90.54516,19.79839],[-90.54412,19.79835],[-90.54245,19.79827],[-90.54089,19.79814],[-90.5393,19.79806],[-90.53695,19.79796],[-90.53646,19.79793],[-90.53574,19.79789],[-90.53478,19.79784],[-90.53451,19.79783],[-90.53328,19.79782],[-90.53309,19.7978],[-90.53221,19.79775],[-90.53221,19.7978],[-90.53208,19.80148],[-90.53204,19.80205],[-90.53181,19.80363],[-90.53181,19.80364],[-90.531,19.80403],[-90.531,19.80403],[-90.53118,19.80432],[-90.53118,19.80432],[-90.53118,19.80432],[-90.5311,19.80437],[-90.53096,19.80444],[-90.5308,19.80448],[-90.5306,19.80457],[-90.53026,19.80406],[-90.52996,19.80367],[-90.52987,19.80357],[-90.52987,19.80357],[-90.53128,19.80274],[-90.53127,19.80274],[-90.53077,19.8019],[-90.52927,19.80278],[-90.52896,19.80296],[-90.52874,19.80308],[-90.52874,19.8028],[-90.52876,19.80232],[-90.52876,19.80211],[-90.52878,19.80187],[-90.5288,19.80138],[-90.52883,19.80091],[-90.52884,19.80044],[-90.52855,19.80045],[-90.52807,19.80045],[-90.52637,19.80039],[-90.52637,19.80039],[-90.52638,19.80027],[-90.52642,19.8002],[-90.52651,19.79993],[-90.52658,19.79983],[-90.5267,19.79967],[-90.52695,19.79947],[-90.52717,19.79934],[-90.52742,19.79919],[-90.52766,19.79906],[-90.52799,19.79889],[-90.52847,19.7986],[-90.52867,19.79848],[-90.52912,19.79824],[-90.5298,19.79796],[-90.53019,19.79789],[-90.53035,19.79782],[-90.52915,19.79777],[-90.52845,19.7977],[-90.52749,19.79759],[-90.52751,19.79756],[-90.5275,19.79756],[-90.52732,19.79753],[-90.5267,19.79749],[-90.5267,19.79749],[-90.52611,19.79747],[-90.52614,19.7973],[-90.52632,19.79684],[-90.52624,19.79658],[-90.52633,19.79652],[-90.52627,19.79642],[-90.52639,19.79635],[-90.52632,19.79627],[-90.5263,19.7962],[-90.52599,19.79593],[-90.52599,19.7959],[-90.52609,19.79593],[-90.52613,19.79582],[-90.52608,19.79565],[-90.52599,19.79564],[-90.52599,19.7954],[-90.5259,19.79492],[-90.52579,19.79408],[-90.52596,19.79403],[-90.52586,19.79369],[-90.52573,19.7937],[-90.52553,19.79314],[-90.52533,19.79299],[-90.52537,19.79294],[-90.52547,19.79289],[-90.52529,19.79269],[-90.52523,19.79274],[-90.52513,19.79274],[-90.52508,19.7927],[-90.52507,19.79264],[-90.52503,19.79259],[-90.52498,19.79259],[-90.52483,19.79269],[-90.52475,19.79281],[-90.5246,19.79295],[-90.52443,19.79317],[-90.52435,19.79326],[-90.52425,19.79368],[-90.52423,19.79387],[-90.52423,19.79397],[-90.52425,19.79407],[-90.52431,19.79419],[-90.52445,19.79427],[-90.52466,19.79434],[-90.52479,19.79442],[-90.52483,19.79452],[-90.52453,19.79487],[-90.52434,19.79494],[-90.52429,19.79517],[-90.52404,19.79509],[-90.52358,19.79512],[-90.52344,19.79515],[-90.52336,19.79531],[-90.5233,19.79547],[-90.52331,19.79556],[-90.52328,19.79574],[-90.52331,19.79622],[-90.52337,19.79632],[-90.52331,19.79649],[-90.52284,19.79711],[-90.52281,19.79716],[-90.52272,19.7973],[-90.52147,19.79722],[-90.52147,19.79722],[-90.52147,19.79722],[-90.52142,19.79722],[-90.52055,19.79718],[-90.51966,19.79711],[-90.51893,19.797],[-90.5183,19.7968],[-90.51825,19.79678],[-90.51728,19.79644],[-90.51645,19.79615],[-90.51639,19.79612],[-90.5157,19.79589],[-90.51514,19.7957],[-90.51491,19.79563],[-90.51445,19.79548],[-90.51397,19.79534],[-90.51368,19.79527],[-90.51331,19.79517],[-90.51282,19.79508],[-90.51156,19.79486],[-90.50991,19.79453],[-90.50856,19.79428],[-90.50655,19.79388],[-90.50543,19.79366],[-90.50413,19.79346],[-90.50315,19.79327],[-90.50309,19.79326],[-90.50238,19.79313],[-90.50149,19.79295],[-90.50146,19.79294],[-90.50141,19.79293],[-90.50091,19.79283],[-90.49993,19.79264],[-90.49988,19.79264],[-90.49918,19.79252],[-90.49845,19.79247],[-90.49789,19.79248],[-90.49688,19.79262],[-90.4953,19.79297],[-90.49146,19.79387],[-90.49108,19.79403],[-90.49075,19.79422],[-90.49066,19.79426],[-90.49041,19.79439],[-90.49031,19.79445],[-90.49019,19.79453],[-90.48996,19.7947],[-90.48974,19.79487],[-90.48974,19.79488],[-90.48973,19.79489],[-90.4894,19.79526],[-90.48925,19.79544],[-90.48909,19.79564],[-90.4889,19.79596],[-90.48875,19.79629],[-90.48857,19.79675],[-90.48827,19.79743],[-90.48803,19.79798],[-90.48782,19.79867],[-90.48768,19.79899],[-90.48749,19.79938],[-90.48741,19.79958],[-90.4873,19.79983],[-90.48711,19.80027],[-90.48693,19.80069],[-90.48671,19.80122],[-90.4868,19.80132],[-90.48685,19.80138],[-90.48678,19.80161],[-90.48663,19.80212],[-90.4867,19.80241],[-90.48705,19.80373],[-90.4872,19.80412],[-90.48754,19.80405],[-90.48788,19.80539],[-90.48809,19.80628],[-90.48853,19.80621],[-90.48853,19.80621],[-90.48895,19.80636],[-90.4892,19.80642],[-90.48939,19.80647],[-90.48978,19.80641],[-90.49006,19.80636],[-90.49038,19.80757],[-90.49042,19.80769],[-90.49041,19.80769],[-90.49038,19.80769],[-90.49021,19.80773],[-90.49021,19.80773],[-90.49021,19.80775],[-90.49095,19.81413],[-90.49098,19.81444],[-90.4911,19.81551],[-90.49115,19.81581],[-90.4912,19.81584],[-90.49353,19.81512],[-90.49347,19.81524],[-90.49338,19.81536],[-90.49245,19.8166],[-90.49236,19.81671],[-90.49227,19.81684],[-90.4918,19.81747],[-90.49168,19.81774],[-90.49162,19.81798],[-90.49158,19.81824],[-90.49158,19.81848],[-90.49162,19.81869],[-90.49168,19.81894],[-90.49219,19.82098],[-90.49231,19.82147],[-90.49235,19.82162],[-90.49283,19.82354],[-90.4931,19.82492],[-90.49331,19.82569],[-90.49336,19.82586],[-90.49393,19.82786],[-90.49416,19.8287],[-90.49441,19.82928],[-90.49449,19.82939],[-90.49464,19.82954],[-90.49466,19.82956],[-90.49491,19.82974],[-90.495,19.8298],[-90.49527,19.83],[-90.49546,19.83014],[-90.49609,19.83063],[-90.49608,19.83064],[-90.49607,19.83066],[-90.49606,19.83067],[-90.49498,19.83209],[-90.49457,19.83264],[-90.49421,19.83313],[-90.49404,19.83342],[-90.49404,19.83342],[-90.49404,19.8334],[-90.49404,19.83307],[-90.4926,19.83358],[-90.49255,19.83358],[-90.49247,19.83358],[-90.49235,19.83356],[-90.49224,19.83353],[-90.49212,19.83347],[-90.49201,19.83342],[-90.49194,19.83337],[-90.49187,19.8333],[-90.4918,19.8332],[-90.49174,19.83311],[-90.49169,19.83301],[-90.49164,19.83285],[-90.49164,19.83284],[-90.49164,19.83284],[-90.49178,19.83275],[-90.49181,19.83273],[-90.49181,19.83273],[-90.49131,19.83215],[-90.49127,19.83211],[-90.49126,19.8321],[-90.49126,19.83209],[-90.49229,19.83176],[-90.49244,19.8317],[-90.49248,19.83169],[-90.49248,19.83169],[-90.49181,19.82987],[-90.49013,19.83032],[-90.49005,19.83034],[-90.49005,19.83034],[-90.49046,19.83112],[-90.48986,19.8319],[-90.48986,19.8319],[-90.48985,19.83189],[-90.48947,19.83163],[-90.48908,19.83134],[-90.48865,19.83108],[-90.48867,19.83103],[-90.48827,19.83081],[-90.4881,19.83073],[-90.48798,19.83068],[-90.4878,19.83061],[-90.48768,19.83053],[-90.48747,19.8304],[-90.48748,19.83038],[-90.48749,19.83036],[-90.48751,19.83032],[-90.4875,19.83024],[-90.48715,19.83002],[-90.48674,19.82976],[-90.48635,19.8295],[-90.48601,19.82924],[-90.48555,19.82897],[-90.48513,19.82871],[-90.48473,19.82843],[-90.48438,19.82816],[-90.48438,19.82816],[-90.48432,19.82807],[-90.48404,19.82787],[-90.48363,19.82842],[-90.48339,19.82875],[-90.48243,19.83012],[-90.48243,19.83012],[-90.48243,19.83012],[-90.48242,19.83012],[-90.48219,19.82996],[-90.48219,19.82996],[-90.48217,19.82999],[-90.48122,19.8313],[-90.48146,19.83142],[-90.48142,19.83147],[-90.48098,19.83211],[-90.48055,19.83273],[-90.48055,19.83273],[-90.48063,19.83293],[-90.48065,19.83297],[-90.48068,19.833],[-90.48077,19.83311],[-90.48081,19.83314],[-90.4806,19.83347],[-90.48135,19.83394],[-90.48127,19.83406],[-90.48126,19.83407],[-90.48127,19.83408],[-90.48116,19.8342],[-90.48109,19.83427],[-90.48082,19.83463],[-90.48062,19.83498],[-90.47984,19.83456],[-90.47981,19.83476],[-90.47775,19.83519],[-90.47791,19.83542],[-90.47822,19.8358],[-90.47923,19.837],[-90.47923,19.837],[-90.4792,19.83703],[-90.4792,19.83703],[-90.47919,19.83704],[-90.47917,19.83707],[-90.47915,19.83711],[-90.47913,19.83715],[-90.47912,19.8372],[-90.47912,19.83725],[-90.47913,19.83729],[-90.47915,19.83734],[-90.47917,19.83738],[-90.47918,19.8374],[-90.47918,19.8374],[-90.47882,19.83767],[-90.47832,19.83805],[-90.47825,19.83808],[-90.4779,19.83832],[-90.47751,19.8386],[-90.47715,19.83887],[-90.4768,19.83915],[-90.4768,19.83915],[-90.47798,19.83985],[-90.47896,19.84041],[-90.47882,19.84061],[-90.47882,19.84061],[-90.47837,19.84039],[-90.47802,19.84019],[-90.47764,19.83999],[-90.47764,19.83999],[-90.47744,19.84034],[-90.4778,19.84055],[-90.4778,19.84055],[-90.4775,19.84105],[-90.47749,19.84105],[-90.4769,19.84198],[-90.47617,19.84317],[-90.47655,19.84336],[-90.47695,19.84359],[-90.47735,19.84382],[-90.4778,19.84405],[-90.47736,19.84477],[-90.47728,19.84491],[-90.47588,19.84701],[-90.47588,19.84701],[-90.47531,19.8473],[-90.47479,19.84756],[-90.47479,19.84756],[-90.47458,19.84798],[-90.47454,19.84921],[-90.47477,19.84923],[-90.47506,19.84926],[-90.47506,19.84926],[-90.4756,19.8495],[-90.47567,19.84953],[-90.47736,19.85035],[-90.47752,19.85042],[-90.47769,19.85048],[-90.47792,19.85048],[-90.47809,19.85043],[-90.47834,19.85029],[-90.47851,19.85017],[-90.47885,19.85004],[-90.47915,19.85003],[-90.47935,19.85009],[-90.47965,19.85021],[-90.48018,19.85053],[-90.48024,19.85057],[-90.48001,19.85109],[-90.47992,19.85131],[-90.47987,19.85143],[-90.47954,19.85217],[-90.47954,19.85217],[-90.47953,19.85217],[-90.47844,19.8519],[-90.47783,19.85175],[-90.4769,19.85153],[-90.4769,19.85153],[-90.47689,19.85156],[-90.47676,19.85195],[-90.47749,19.85212],[-90.47747,19.85216],[-90.47747,19.85216],[-90.47747,19.85216],[-90.47745,19.85218],[-90.4771,19.8525],[-90.47708,19.85252],[-90.47691,19.8527],[-90.48073,19.85362],[-90.48111,19.85373],[-90.48098,19.85404],[-90.48084,19.85437],[-90.48079,19.8545],[-90.48079,19.8545],[-90.48077,19.8545],[-90.47866,19.85406],[-90.47866,19.85407],[-90.47865,19.85409],[-90.4786,19.85424],[-90.47853,19.85445],[-90.47842,19.85478],[-90.47842,19.85478],[-90.4784,19.85479],[-90.47806,19.85495],[-90.47791,19.85503],[-90.47781,19.85509],[-90.47781,19.85509],[-90.47781,19.8551],[-90.47785,19.85517],[-90.47767,19.85565],[-90.47898,19.85595],[-90.48014,19.85623],[-90.47977,19.85707],[-90.47943,19.85793],[-90.47943,19.85793],[-90.47943,19.85793],[-90.47724,19.85742],[-90.47729,19.85725],[-90.47747,19.85678],[-90.47759,19.85653],[-90.47524,19.85599],[-90.47524,19.85599],[-90.47517,19.85624],[-90.47497,19.85669],[-90.47482,19.85713],[-90.4748,19.85713],[-90.47471,19.85711],[-90.47471,19.85711],[-90.4747,19.85714],[-90.47464,19.85736],[-90.47928,19.85843],[-90.47914,19.85878],[-90.4791,19.85887],[-90.4788,19.85962],[-90.4788,19.85964],[-90.4788,19.85964],[-90.47427,19.85863],[-90.47427,19.85863],[-90.47427,19.85863],[-90.47425,19.85866],[-90.47386,19.85951],[-90.47661,19.86012],[-90.47656,19.86031],[-90.47641,19.8608],[-90.47687,19.86095],[-90.47693,19.86097],[-90.47766,19.86121],[-90.47808,19.86138],[-90.47807,19.8614],[-90.47799,19.86143],[-90.47792,19.86145],[-90.47789,19.86147],[-90.47787,19.86149],[-90.47787,19.86149],[-90.47775,19.86186],[-90.47758,19.86226],[-90.47927,19.8626],[-90.48045,19.86287],[-90.48045,19.86287],[-90.4804,19.86314],[-90.48048,19.86315],[-90.48144,19.86333],[-90.48189,19.86342],[-90.48192,19.86342],[-90.482,19.8632],[-90.48253,19.86332],[-90.4826,19.86305],[-90.48256,19.86303],[-90.4827,19.86262],[-90.48276,19.86262],[-90.48303,19.86268],[-90.4835,19.86283],[-90.48384,19.86296],[-90.48359,19.86367],[-90.48388,19.86378],[-90.48398,19.86384],[-90.48386,19.8641],[-90.48369,19.86453],[-90.48358,19.86476],[-90.48396,19.86488],[-90.48386,19.86518],[-90.48381,19.86533],[-90.484,19.86542],[-90.48469,19.86571],[-90.48469,19.86571],[-90.48483,19.86526],[-90.48483,19.86526],[-90.48523,19.86543],[-90.48567,19.86562],[-90.48597,19.86575],[-90.48602,19.86576],[-90.48602,19.86576],[-90.48601,19.8658],[-90.48586,19.86668],[-90.48585,19.86671],[-90.48585,19.86672],[-90.48585,19.86673],[-90.48809,19.86772],[-90.48786,19.86797],[-90.48747,19.86836],[-90.48773,19.86875],[-90.48789,19.86902],[-90.48805,19.86929],[-90.48816,19.86952],[-90.48832,19.86976],[-90.48861,19.87016],[-90.48863,19.8702],[-90.48864,19.87021],[-90.48894,19.87064],[-90.48913,19.87095],[-90.48923,19.87112],[-90.48946,19.87152],[-90.48954,19.87164],[-90.49007,19.87253],[-90.49086,19.87375],[-90.49001,19.87454],[-90.4899,19.87464],[-90.48972,19.8748],[-90.48894,19.87549],[-90.48877,19.87561],[-90.48854,19.87581],[-90.48841,19.87593],[-90.48827,19.87609],[-90.48796,19.87626]]]}},{"type":"Feature","properties":{"cvegeo":"040020281","cve_ent":"04","fuente":"INEGI — Marco Geoestadístico 2024","fecha_corte":"2024-08","cve_mun":"04002","nombre":"San Luciano","ambito":"Rural"},"geometry":{"type":"Polygon","coordinates":[[[-90.01059,19.49983],[-90.01073,19.50014],[-90.01095,19.50045],[-90.01111,19.50064],[-90.01146,19.50089],[-90.01175,19.50103],[-90.01188,19.50107],[-90.01196,19.5011],[-90.01252,19.50122],[-90.01275,19.50129],[-90.01299,19.50133],[-90.01394,19.50152],[-90.01404,19.50155],[-90.01419,19.50157],[-90.01433,19.50159],[-90.01449,19.50161],[-90.01467,19.50161],[-90.01482,19.50161],[-90.01495,19.5016],[-90.01512,19.50157],[-90.01533,19.50152],[-90.01547,19.50146],[-90.01563,19.50139],[-90.01577,19.50132],[-90.01628,19.50103],[-90.01673,19.50077],[-90.01687,19.49994],[-90.01715,19.49804],[-90.01732,19.49722],[-90.01748,19.4965],[-90.01663,19.49635],[-90.01656,19.49667],[-90.01571,19.49652],[-90.01579,19.49611],[-90.01496,19.49594],[-90.01375,19.49575],[-90.0129,19.49561],[-90.01207,19.49547],[-90.01193,19.49626],[-90.01185,19.49669],[-90.01104,19.49638],[-90.01086,19.49731],[-90.0107,19.49811],[-90.01156,19.49826],[-90.01145,19.49875],[-90.01136,19.49908],[-90.01055,19.49894],[-90.01049,19.49924],[-90.01037,19.49922],[-90.01059,19.49983]]]}},{"type":"Feature","properties":{"cvegeo":"040020110","cve_ent":"04","fuente":"INEGI — Marco Geoestadístico 2024","fecha_corte":"2024-08","cve_mun":"04002","nombre":"Alfredo V. Bonfil","ambito":"Rural"},"geometry":{"type":"Polygon","coordinates":[[[-90.17776,19.53476],[-90.17795,19.53573],[-90.17815,19.53673],[-90.17834,19.53772],[-90.17853,19.53877],[-90.17875,19.53982],[-90.18014,19.53958],[-90.17992,19.53851],[-90.18096,19.53833],[-90.18201,19.53816],[-90.18294,19.538],[-90.18309,19.53797],[-90.18349,19.5379],[-90.18426,19.53778],[-90.18526,19.53761],[-90.18633,19.53743],[-90.18738,19.53726],[-90.18845,19.53713],[-90.18955,19.53695],[-90.1893,19.53587],[-90.18905,19.53485],[-90.18806,19.53503],[-90.18787,19.53405],[-90.18998,19.53367],[-90.18984,19.53271],[-90.18874,19.53287],[-90.1886,19.53188],[-90.18958,19.53171],[-90.18948,19.53073],[-90.18949,19.52966],[-90.18952,19.52863],[-90.18948,19.52787],[-90.18934,19.52756],[-90.18931,19.52669],[-90.1893,19.52497],[-90.18892,19.52494],[-90.18721,19.52494],[-90.18697,19.52381],[-90.18674,19.52384],[-90.18692,19.52317],[-90.18686,19.52278],[-90.18633,19.52288],[-90.18621,19.52241],[-90.18464,19.52268],[-90.18358,19.52283],[-90.18349,19.52234],[-90.18336,19.52147],[-90.1828,19.52153],[-90.18229,19.52158],[-90.18219,19.52099],[-90.1811,19.52103],[-90.18043,19.52106],[-90.17992,19.52107],[-90.17947,19.52107],[-90.17942,19.52107],[-90.17838,19.52142],[-90.17783,19.52161],[-90.17543,19.52238],[-90.17567,19.52363],[-90.17585,19.52466],[-90.17606,19.52567],[-90.17625,19.52665],[-90.17644,19.52765],[-90.17662,19.52862],[-90.17681,19.5297],[-90.177,19.53072],[-90.1772,19.53175],[-90.1774,19.53276],[-90.17759,19.53375],[-90.17776,19.53476]]]}},{"type":"Feature","properties":{"cvegeo":"040020096","cve_ent":"04","fuente":"INEGI — Marco Geoestadístico 2024","fecha_corte":"2024-08","cve_mun":"04002","nombre":"Pich","ambito":"Rural"},"geometry":{"type":"Polygon","coordinates":[[[-90.11406,19.48961],[-90.1164,19.49065],[-90.11667,19.49077],[-90.11659,19.49132],[-90.1165,19.49164],[-90.11631,19.4923],[-90.1181,19.49273],[-90.11805,19.49246],[-90.11883,19.49253],[-90.12063,19.49259],[-90.12044,19.49126],[-90.12038,19.49082],[-90.12241,19.49041],[-90.12316,19.49039],[-90.12384,19.49028],[-90.12477,19.48991],[-90.12456,19.48946],[-90.12462,19.48943],[-90.12452,19.48917],[-90.12455,19.48832],[-90.12368,19.48821],[-90.12328,19.48721],[-90.12238,19.48593],[-90.12234,19.48588],[-90.12286,19.48556],[-90.12342,19.48648],[-90.12391,19.48671],[-90.12505,19.48562],[-90.12404,19.48453],[-90.12425,19.48442],[-90.12458,19.48425],[-90.1249,19.48411],[-90.12524,19.48398],[-90.12555,19.48389],[-90.12562,19.48384],[-90.12569,19.48373],[-90.12571,19.48357],[-90.12567,19.48341],[-90.12562,19.48331],[-90.12553,19.48323],[-90.12545,19.48319],[-90.12341,19.48262],[-90.12116,19.48204],[-90.12035,19.48182],[-90.11987,19.48168],[-90.11932,19.48154],[-90.11842,19.4813],[-90.11765,19.48111],[-90.11632,19.48076],[-90.11505,19.48043],[-90.1145,19.4803],[-90.11425,19.48024],[-90.11396,19.48021],[-90.11356,19.48024],[-90.11323,19.48033],[-90.11292,19.48047],[-90.11264,19.48065],[-90.11139,19.48151],[-90.11042,19.48218],[-90.11011,19.48241],[-90.10994,19.48255],[-90.10981,19.48269],[-90.10971,19.48284],[-90.10962,19.48302],[-90.10955,19.48316],[-90.10948,19.48335],[-90.10945,19.4835],[-90.10927,19.48462],[-90.10923,19.48483],[-90.10918,19.48504],[-90.10912,19.48524],[-90.10906,19.4854],[-90.10902,19.4855],[-90.10899,19.48554],[-90.10946,19.48586],[-90.10909,19.486],[-90.10842,19.48625],[-90.10872,19.48647],[-90.10907,19.48669],[-90.10932,19.48672],[-90.10971,19.48663],[-90.10997,19.48661],[-90.11022,19.4866],[-90.11045,19.48661],[-90.11066,19.48664],[-90.11077,19.48667],[-90.11108,19.48682],[-90.11138,19.48697],[-90.11125,19.48745],[-90.11116,19.48778],[-90.11179,19.48811],[-90.11174,19.4882],[-90.113,19.48896],[-90.11406,19.48961]]]}},{"type":"Feature","properties":{"cvegeo":"040020264","cve_ent":"04","fuente":"INEGI — Marco Geoestadístico 2024","fecha_corte":"2024-08","cve_mun":"04002","nombre":"La Libertad","ambito":"Rural"},"geometry":{"type":"Polygon","coordinates":[[[-90.10546,19.46776],[-90.1056,19.46783],[-90.10573,19.46788],[-90.10589,19.46792],[-90.10578,19.46816],[-90.10608,19.46826],[-90.10624,19.46799],[-90.10593,19.46789],[-90.10657,19.46658],[-90.10639,19.46655],[-90.10619,19.46647],[-90.10636,19.46616],[-90.10367,19.4651],[-90.10216,19.46443],[-90.10209,19.46474],[-90.10199,19.46491],[-90.10182,19.46508],[-90.10162,19.46526],[-90.1014,19.4655],[-90.10114,19.46599],[-90.10111,19.46606],[-90.101,19.46623],[-90.1017,19.46652],[-90.10179,19.46633],[-90.10213,19.46645],[-90.10246,19.46658],[-90.10279,19.46671],[-90.10313,19.46686],[-90.10346,19.46699],[-90.1038,19.46711],[-90.10349,19.46769],[-90.10391,19.46775],[-90.10415,19.46723],[-90.10446,19.46735],[-90.10479,19.46747],[-90.10515,19.46761],[-90.10546,19.46776]]]}},{"type":"Feature","properties":{"cvegeo":"040020073","cve_ent":"04","fuente":"INEGI — Marco Geoestadístico 2024","fecha_corte":"2024-08","cve_mun":"04002","nombre":"Castamay","ambito":"Rural"},"geometry":{"type":"Polygon","coordinates":[[[-90.43189,19.8442],[-90.43219,19.84394],[-90.43222,19.84401],[-90.43251,19.84441],[-90.4327,19.8446],[-90.43275,19.84464],[-90.43333,19.84518],[-90.43392,19.84587],[-90.43464,19.84535],[-90.43485,19.84562],[-90.4351,19.84592],[-90.43613,19.84678],[-90.43694,19.84594],[-90.43738,19.84644],[-90.43813,19.84575],[-90.43651,19.84387],[-90.43632,19.84364],[-90.43709,19.84309],[-90.43619,19.84206],[-90.43496,19.84065],[-90.43469,19.8404],[-90.43429,19.84076],[-90.43413,19.84058],[-90.43379,19.84018],[-90.43366,19.84002],[-90.4333,19.83951],[-90.43312,19.83924],[-90.43338,19.83906],[-90.43324,19.83874],[-90.4336,19.83854],[-90.43356,19.83838],[-90.43372,19.83833],[-90.4334,19.83707],[-90.43331,19.83672],[-90.43207,19.83701],[-90.43199,19.83692],[-90.43163,19.83632],[-90.4322,19.83602],[-90.43193,19.83562],[-90.43221,19.83544],[-90.43194,19.83502],[-90.43218,19.83486],[-90.43213,19.83478],[-90.43212,19.83461],[-90.43186,19.83428],[-90.43197,19.8342],[-90.43177,19.83379],[-90.43187,19.83373],[-90.4318,19.83364],[-90.43193,19.83358],[-90.43199,19.83337],[-90.43187,19.8333],[-90.43166,19.83341],[-90.43171,19.83268],[-90.43155,19.83248],[-90.43164,19.83242],[-90.43136,19.83203],[-90.43006,19.83285],[-90.42941,19.83334],[-90.42917,19.83296],[-90.42907,19.83277],[-90.42896,19.83231],[-90.42922,19.83219],[-90.42905,19.83199],[-90.42867,19.83215],[-90.4288,19.83241],[-90.42782,19.83318],[-90.42808,19.83349],[-90.42875,19.83432],[-90.42916,19.83484],[-90.42786,19.83558],[-90.42724,19.83593],[-90.42767,19.83679],[-90.42834,19.83642],[-90.4288,19.83743],[-90.42909,19.83808],[-90.42934,19.83872],[-90.42957,19.83925],[-90.43007,19.83941],[-90.43087,19.84006],[-90.43105,19.84039],[-90.43023,19.84066],[-90.43038,19.84093],[-90.42983,19.84126],[-90.43007,19.8417],[-90.43092,19.84282],[-90.43144,19.84346],[-90.4314,19.84349],[-90.43189,19.8442]]]}},{"type":"Feature","properties":{"cvegeo":"040020501","cve_ent":"04","fuente":"INEGI — Marco Geoestadístico 2024","fecha_corte":"2024-08","cve_mun":"04002","nombre":"Nuevo San Antonio Ebulá","ambito":"Rural"},"geometry":{"type":"Polygon","coordinates":[[[-90.46151,19.81852],[-90.46107,19.81917],[-90.46201,19.81974],[-90.46282,19.82022],[-90.46328,19.8196],[-90.46398,19.82003],[-90.46356,19.82067],[-90.46422,19.82106],[-90.46498,19.8215],[-90.46571,19.82194],[-90.46645,19.82238],[-90.46647,19.82235],[-90.46687,19.82177],[-90.46736,19.82109],[-90.46782,19.82043],[-90.4683,19.81975],[-90.46755,19.81929],[-90.46679,19.81881],[-90.4661,19.81839],[-90.46538,19.81795],[-90.46469,19.81749],[-90.464,19.81706],[-90.46326,19.81661],[-90.46246,19.81612],[-90.462,19.81687],[-90.46277,19.8173],[-90.46226,19.81798],[-90.46199,19.81782],[-90.46151,19.81852]]]}},{"type":"Feature","properties":{"cvegeo":"040020070","cve_ent":"04","fuente":"INEGI — Marco Geoestadístico 2024","fecha_corte":"2024-08","cve_mun":"04002","nombre":"Bethania","ambito":"Rural"},"geometry":{"type":"Polygon","coordinates":[[[-90.3692,19.91165],[-90.36895,19.912],[-90.36931,19.91227],[-90.36923,19.91237],[-90.36881,19.91288],[-90.36856,19.91267],[-90.36805,19.91331],[-90.36862,19.91381],[-90.36928,19.91433],[-90.3698,19.91367],[-90.37032,19.91301],[-90.37089,19.91237],[-90.37026,19.91189],[-90.37088,19.91114],[-90.37048,19.91081],[-90.36978,19.9103],[-90.37024,19.90973],[-90.37033,19.90963],[-90.37086,19.90904],[-90.37142,19.90845],[-90.371,19.90812],[-90.37098,19.90811],[-90.37058,19.90779],[-90.37113,19.90717],[-90.37033,19.90651],[-90.37088,19.90584],[-90.3714,19.90515],[-90.37042,19.90442],[-90.36987,19.90508],[-90.36934,19.90573],[-90.36859,19.90513],[-90.36816,19.90479],[-90.36775,19.90447],[-90.36781,19.90443],[-90.36684,19.90364],[-90.3662,19.9031],[-90.36572,19.90376],[-90.36522,19.90441],[-90.36513,19.90454],[-90.36467,19.90508],[-90.36339,19.90401],[-90.36208,19.903],[-90.36094,19.9046],[-90.36081,19.90451],[-90.36032,19.90538],[-90.36161,19.90628],[-90.3622,19.90677],[-90.36287,19.90732],[-90.36221,19.90815],[-90.36291,19.90869],[-90.36244,19.90932],[-90.36327,19.90988],[-90.36397,19.91035],[-90.36429,19.91035],[-90.36436,19.91026],[-90.36492,19.9103],[-90.36528,19.9104],[-90.36561,19.91046],[-90.36582,19.91045],[-90.36601,19.91044],[-90.36625,19.91045],[-90.36662,19.91053],[-90.36691,19.9106],[-90.36798,19.91071],[-90.36859,19.9112],[-90.3692,19.91165]]]}},{"type":"Feature","properties":{"cvegeo":"040020263","cve_ent":"04","fuente":"INEGI — Marco Geoestadístico 2024","fecha_corte":"2024-08","cve_mun":"04002","nombre":"Quetzal Edzná","ambito":"Rural"},"geometry":{"type":"Polygon","coordinates":[[[-90.1024,19.46142],[-90.10311,19.46171],[-90.10285,19.46225],[-90.10356,19.46251],[-90.10391,19.46263],[-90.10427,19.46278],[-90.10459,19.46289],[-90.10483,19.46234],[-90.10516,19.46246],[-90.10527,19.46223],[-90.10537,19.46226],[-90.10598,19.46248],[-90.10608,19.46222],[-90.10677,19.46242],[-90.10711,19.46157],[-90.10708,19.46154],[-90.10775,19.46018],[-90.10842,19.46043],[-90.10886,19.45955],[-90.10821,19.45924],[-90.10892,19.45783],[-90.1085,19.45766],[-90.10817,19.45753],[-90.10784,19.4574],[-90.1075,19.45726],[-90.10718,19.45713],[-90.10683,19.45699],[-90.10583,19.4566],[-90.10545,19.4564],[-90.10511,19.45629],[-90.1045,19.45771],[-90.10411,19.4586],[-90.1037,19.45843],[-90.1024,19.46142]]]}},{"type":"Feature","properties":{"cvegeo":"040020318","cve_ent":"04","fuente":"INEGI — Marco Geoestadístico 2024","fecha_corte":"2024-08","cve_mun":"04002","nombre":"San Miguel Allende","ambito":"Rural"},"geometry":{"type":"Polygon","coordinates":[[[-89.99079,19.461],[-89.9907,19.46213],[-89.99052,19.46216],[-89.99043,19.46303],[-89.99042,19.4634],[-89.99142,19.46358],[-89.99197,19.46368],[-89.99298,19.46388],[-89.99404,19.46409],[-89.99508,19.46427],[-89.99617,19.46446],[-89.99719,19.46468],[-89.99728,19.46318],[-89.99839,19.46319],[-89.99839,19.46263],[-89.99839,19.4621],[-89.9989,19.4621],[-89.99963,19.46211],[-89.99965,19.46118],[-90.00004,19.46119],[-90.00014,19.46021],[-90.00051,19.45903],[-89.99948,19.45903],[-89.99947,19.45922],[-89.9984,19.45914],[-89.99733,19.45911],[-89.9963,19.45906],[-89.99526,19.45908],[-89.99525,19.45928],[-89.99519,19.45928],[-89.99413,19.45928],[-89.99306,19.45928],[-89.99192,19.45926],[-89.99185,19.4593],[-89.99185,19.4594],[-89.99191,19.45955],[-89.99195,19.45972],[-89.99196,19.45992],[-89.99195,19.46007],[-89.99148,19.46008],[-89.99143,19.46102],[-89.99079,19.461]]]}},{"type":"Feature","properties":{"cvegeo":"040020960","cve_ent":"04","fuente":"INEGI — Marco Geoestadístico 2024","fecha_corte":"2024-08","cve_mun":"04002","nombre":"Seet Ka'an Nuevo Castamay","ambito":"Rural"},"geometry":{"type":"Polygon","coordinates":[[[-90.46652,19.83324],[-90.46736,19.83327],[-90.46741,19.83245],[-90.46746,19.83166],[-90.46729,19.83165],[-90.46741,19.82971],[-90.46677,19.8297],[-90.4666,19.8316],[-90.46553,19.83156],[-90.46551,19.83235],[-90.46655,19.83241],[-90.46652,19.83324]]]}},{"type":"Feature","properties":{"cvegeo":"040030013","cve_ent":"04","fuente":"INEGI — Marco Geoestadístico 2024","fecha_corte":"2024-08","cve_mun":"04003","nombre":"Puerto Rico","ambito":"Rural"},"geometry":{"type":"Polygon","coordinates":[[[-91.93811,18.62376],[-91.93805,18.62397],[-91.9386,18.62378],[-91.93906,18.62368],[-91.93923,18.62362],[-91.93952,18.62357],[-91.93974,18.62357],[-91.94053,18.62362],[-91.94127,18.62367],[-91.94134,18.62337],[-91.94174,18.62214],[-91.94183,18.62179],[-91.94185,18.62166],[-91.9439,18.62157],[-91.94401,18.6208],[-91.94404,18.6205],[-91.94405,18.62048],[-91.9441,18.62005],[-91.94521,18.62015],[-91.94589,18.62023],[-91.94737,18.6204],[-91.94734,18.61999],[-91.94366,18.61962],[-91.94276,18.61955],[-91.94171,18.61947],[-91.94149,18.61947],[-91.94129,18.61947],[-91.94108,18.61947],[-91.94084,18.61946],[-91.94049,18.61942],[-91.94049,18.61942],[-91.94049,18.61942],[-91.93954,18.61941],[-91.93897,18.61939],[-91.93896,18.61943],[-91.93897,18.61946],[-91.93896,18.61948],[-91.93892,18.61948],[-91.93887,18.61948],[-91.93884,18.61947],[-91.93883,18.61943],[-91.93884,18.61939],[-91.93791,18.61939],[-91.93796,18.6198],[-91.9377,18.6198],[-91.9377,18.6198],[-91.93707,18.61971],[-91.93653,18.61971],[-91.93636,18.62081],[-91.93627,18.62087],[-91.93594,18.62101],[-91.93441,18.62154],[-91.93425,18.62203],[-91.93709,18.62189],[-91.93871,18.62181],[-91.93811,18.62376]]]}},{"type":"Feature","properties":{"cvegeo":"040030064","cve_ent":"04","fuente":"INEGI — Marco Geoestadístico 2024","fecha_corte":"2024-08","cve_mun":"04003","nombre":"Ignacio Gutiérrez","ambito":"Rural"},"geometry":{"type":"Polygon","coordinates":[[[-90.94483,18.90413],[-90.94543,18.90466],[-90.94584,18.90423],[-90.94651,18.90347],[-90.94722,18.90272],[-90.94796,18.90198],[-90.94867,18.90126],[-90.94785,18.90058],[-90.94746,18.90021],[-90.9471,18.89988],[-90.94634,18.89922],[-90.94554,18.89854],[-90.94479,18.89785],[-90.94399,18.89713],[-90.94323,18.89647],[-90.94245,18.89579],[-90.94172,18.89511],[-90.94134,18.89553],[-90.94104,18.8959],[-90.94035,18.89674],[-90.93965,18.89617],[-90.93901,18.89694],[-90.93841,18.89759],[-90.93791,18.89799],[-90.93943,18.89941],[-90.9386,18.90036],[-90.93936,18.90102],[-90.94018,18.9001],[-90.94052,18.90041],[-90.94096,18.9008],[-90.94146,18.90123],[-90.94172,18.90145],[-90.94214,18.90183],[-90.94249,18.90214],[-90.94251,18.90211],[-90.94298,18.90252],[-90.94329,18.90279],[-90.94349,18.90297],[-90.94403,18.90345],[-90.94418,18.90328],[-90.94496,18.90395],[-90.94483,18.90413]]]}},{"type":"Feature","properties":{"cvegeo":"040033235","cve_ent":"04","fuente":"INEGI — Marco Geoestadístico 2024","fecha_corte":"2024-08","cve_mun":"04003","nombre":"Belisario Domínguez","ambito":"Rural"},"geometry":{"type":"Polygon","coordinates":[[[-91.33804,18.17635],[-91.33907,18.17696],[-91.33916,18.17591],[-91.33922,18.17488],[-91.33935,18.17385],[-91.33943,18.17339],[-91.33948,18.17279],[-91.33973,18.17161],[-91.33976,18.17109],[-91.33824,18.17087],[-91.33819,18.17151],[-91.33814,18.17159],[-91.33811,18.17169],[-91.33812,18.1719],[-91.3382,18.17203],[-91.33727,18.17191],[-91.33721,18.17242],[-91.33716,18.17244],[-91.33685,18.17396],[-91.33655,18.17573],[-91.33663,18.17573],[-91.33668,18.17574],[-91.33702,18.17586],[-91.33804,18.17635]]]}},{"type":"Feature","properties":{"cvegeo":"040033333","cve_ent":"04","fuente":"INEGI — Marco Geoestadístico 2024","fecha_corte":"2024-08","cve_mun":"04003","nombre":"Mamantel (Pancho Villa)","ambito":"Rural"},"geometry":{"type":"Polygon","coordinates":[[[-91.08477,18.53139],[-91.08443,18.53179],[-91.08687,18.53361],[-91.08771,18.53256],[-91.0887,18.5313],[-91.09023,18.52935],[-91.09135,18.52807],[-91.09155,18.52822],[-91.09224,18.52736],[-91.0929,18.52654],[-91.09353,18.5257],[-91.09419,18.5249],[-91.09446,18.52459],[-91.09484,18.52415],[-91.09549,18.52338],[-91.09497,18.523],[-91.09486,18.52284],[-91.09374,18.52202],[-91.09329,18.52169],[-91.09276,18.52131],[-91.09337,18.52051],[-91.09401,18.51967],[-91.09484,18.5186],[-91.09524,18.51809],[-91.09452,18.518],[-91.09378,18.5179],[-91.09255,18.51779],[-91.0913,18.51769],[-91.08954,18.51754],[-91.08946,18.5177],[-91.08903,18.51865],[-91.08856,18.51956],[-91.08811,18.52052],[-91.08765,18.52149],[-91.08734,18.52126],[-91.08664,18.5221],[-91.08598,18.52292],[-91.08538,18.52371],[-91.08473,18.52462],[-91.08407,18.52551],[-91.08337,18.52644],[-91.08406,18.52691],[-91.08344,18.52769],[-91.08314,18.52809],[-91.08294,18.52838],[-91.08297,18.52863],[-91.08317,18.52863],[-91.08365,18.529],[-91.08448,18.52965],[-91.08384,18.53041],[-91.08382,18.53038],[-91.08319,18.53119],[-91.08413,18.53188],[-91.08464,18.53126],[-91.08477,18.53139]]]}},{"type":"Feature","properties":{"cvegeo":"040033402","cve_ent":"04","fuente":"INEGI — Marco Geoestadístico 2024","fecha_corte":"2024-08","cve_mun":"04003","nombre":"Mamantel Pueblo (Mamantel Viejo)","ambito":"Rural"},"geometry":{"type":"Polygon","coordinates":[[[-91.09727,18.543],[-91.09794,18.543],[-91.098,18.54227],[-91.09809,18.54117],[-91.0982,18.54037],[-91.09762,18.54031],[-91.09755,18.54112],[-91.09753,18.54157],[-91.09745,18.54211],[-91.09727,18.543]]]}},{"type":"Feature","properties":{"cvegeo":"040033453","cve_ent":"04","fuente":"INEGI — Marco Geoestadístico 2024","fecha_corte":"2024-08","cve_mun":"04003","nombre":"Pital Viejo","ambito":"Rural"},"geometry":{"type":"Polygon","coordinates":[[[-91.12377,18.55131],[-91.12554,18.55124],[-91.12558,18.55108],[-91.1259,18.55111],[-91.12627,18.55036],[-91.12634,18.55022],[-91.12634,18.55018],[-91.12631,18.55014],[-91.1263,18.55009],[-91.12629,18.55006],[-91.12625,18.55004],[-91.12624,18.55004],[-91.12616,18.55003],[-91.12607,18.55004],[-91.12597,18.55001],[-91.12594,18.55],[-91.1259,18.55],[-91.12586,18.55],[-91.12585,18.55001],[-91.12584,18.55003],[-91.12582,18.55004],[-91.1258,18.55004],[-91.12579,18.55003],[-91.12578,18.55001],[-91.12574,18.54999],[-91.1257,18.54997],[-91.12569,18.54996],[-91.12568,18.54997],[-91.12566,18.54996],[-91.12558,18.54995],[-91.12551,18.54995],[-91.12548,18.54994],[-91.12544,18.54993],[-91.12541,18.54992],[-91.12539,18.54991],[-91.12535,18.54989],[-91.12529,18.54988],[-91.12527,18.54989],[-91.12522,18.54986],[-91.12519,18.54987],[-91.12513,18.54984],[-91.12505,18.54984],[-91.12503,18.54983],[-91.12483,18.54979],[-91.1248,18.54977],[-91.12472,18.54975],[-91.12465,18.54973],[-91.12462,18.54974],[-91.12453,18.54974],[-91.12448,18.54973],[-91.12441,18.54971],[-91.12436,18.5497],[-91.1243,18.54968],[-91.12426,18.54967],[-91.12421,18.54965],[-91.12417,18.54963],[-91.12415,18.54961],[-91.12409,18.54958],[-91.12407,18.54956],[-91.12402,18.5495],[-91.12398,18.54946],[-91.12396,18.54943],[-91.12392,18.5494],[-91.1239,18.5494],[-91.12385,18.54939],[-91.12381,18.5494],[-91.12378,18.54944],[-91.12375,18.54945],[-91.12374,18.54945],[-91.1237,18.54941],[-91.12365,18.54941],[-91.12344,18.54948],[-91.1234,18.54949],[-91.12335,18.54948],[-91.12329,18.54948],[-91.12319,18.54949],[-91.12308,18.54947],[-91.12301,18.54947],[-91.12295,18.54946],[-91.12288,18.54944],[-91.12282,18.54943],[-91.12278,18.54942],[-91.12273,18.54942],[-91.12269,18.5494],[-91.12254,18.5494],[-91.12246,18.54937],[-91.12244,18.54934],[-91.12238,18.54931],[-91.12232,18.54928],[-91.12229,18.54925],[-91.12223,18.54921],[-91.12213,18.54916],[-91.1221,18.54912],[-91.12208,18.5491],[-91.12201,18.54905],[-91.12202,18.54901],[-91.12199,18.54897],[-91.12195,18.54895],[-91.12189,18.54891],[-91.12183,18.54887],[-91.1218,18.54887],[-91.12176,18.54887],[-91.1217,18.54888],[-91.12166,18.54889],[-91.1216,18.54891],[-91.12158,18.54892],[-91.1215,18.54897],[-91.12138,18.549],[-91.12133,18.54899],[-91.12125,18.549],[-91.1211,18.54897],[-91.12101,18.54893],[-91.12086,18.54882],[-91.12085,18.54877],[-91.12087,18.54871],[-91.12086,18.54862],[-91.12087,18.54854],[-91.12082,18.54843],[-91.12078,18.5483],[-91.12075,18.54824],[-91.12068,18.54818],[-91.12058,18.54814],[-91.12046,18.54813],[-91.12037,18.54815],[-91.12027,18.5482],[-91.12014,18.54835],[-91.12005,18.54844],[-91.11999,18.54854],[-91.11986,18.54867],[-91.11975,18.54872],[-91.11972,18.54873],[-91.11964,18.54874],[-91.11957,18.54874],[-91.1195,18.54869],[-91.11942,18.54864],[-91.11934,18.54858],[-91.11929,18.54856],[-91.11918,18.54855],[-91.11912,18.54857],[-91.11907,18.54863],[-91.11903,18.54866],[-91.11899,18.54865],[-91.11886,18.54861],[-91.11882,18.54862],[-91.1188,18.54863],[-91.11877,18.54861],[-91.11878,18.54856],[-91.11876,18.54845],[-91.11876,18.54839],[-91.11873,18.54835],[-91.11867,18.54832],[-91.11858,18.54831],[-91.11854,18.54833],[-91.11847,18.54839],[-91.11841,18.54843],[-91.11833,18.54845],[-91.1182,18.54845],[-91.11808,18.54855],[-91.11792,18.54858],[-91.11786,18.54852],[-91.11781,18.54838],[-91.11779,18.54822],[-91.1177,18.54812],[-91.11766,18.54812],[-91.11761,18.54815],[-91.11754,18.54821],[-91.11747,18.54827],[-91.11738,18.54831],[-91.11721,18.54829],[-91.11712,18.54826],[-91.11704,18.54822],[-91.11702,18.54819],[-91.11701,18.54817],[-91.11701,18.54815],[-91.11698,18.54811],[-91.11696,18.54809],[-91.11691,18.54805],[-91.11689,18.54806],[-91.11681,18.54812],[-91.11678,18.54818],[-91.11676,18.54824],[-91.11676,18.54835],[-91.11674,18.54861],[-91.1168,18.54862],[-91.1168,18.54867],[-91.11687,18.54868],[-91.11683,18.54967],[-91.11789,18.54985],[-91.11829,18.54993],[-91.11887,18.55004],[-91.1194,18.55015],[-91.12013,18.55028],[-91.12105,18.55042],[-91.12186,18.55053],[-91.12304,18.55069],[-91.1232,18.55071],[-91.12354,18.55076],[-91.12386,18.5508],[-91.1238,18.55113],[-91.12377,18.55131]]]}},{"type":"Feature","properties":{"cvegeo":"040033236","cve_ent":"04","fuente":"INEGI — Marco Geoestadístico 2024","fecha_corte":"2024-08","cve_mun":"04003","nombre":"San Miguel Allende","ambito":"Rural"},"geometry":{"type":"Polygon","coordinates":[[[-91.19783,18.27169],[-91.1971,18.27173],[-91.19607,18.27182],[-91.19639,18.27307],[-91.19662,18.27396],[-91.19663,18.27399],[-91.19684,18.27472],[-91.19772,18.27461],[-91.1994,18.27436],[-91.19939,18.27435],[-91.19928,18.27406],[-91.19909,18.27361],[-91.19906,18.27355],[-91.19906,18.27352],[-91.19903,18.27333],[-91.19892,18.27272],[-91.19863,18.27162],[-91.19783,18.27169]]]}},{"type":"Feature","properties":{"cvegeo":"040032248","cve_ent":"04","fuente":"INEGI — Marco Geoestadístico 2024","fecha_corte":"2024-08","cve_mun":"04003","nombre":"Generalísimo Morelos","ambito":"Rural"},"geometry":{"type":"Polygon","coordinates":[[[-91.57771,18.33537],[-91.57795,18.33447],[-91.57805,18.33411],[-91.5788,18.33431],[-91.57922,18.33308],[-91.57886,18.33296],[-91.57898,18.332],[-91.57819,18.3318],[-91.5773,18.33153],[-91.5764,18.33126],[-91.57551,18.33099],[-91.57462,18.33072],[-91.57431,18.33162],[-91.57404,18.33254],[-91.57494,18.3328],[-91.57583,18.33307],[-91.57575,18.33337],[-91.57669,18.3337],[-91.57699,18.3338],[-91.5769,18.33415],[-91.57666,18.33509],[-91.57771,18.33537]]]}},{"type":"Feature","properties":{"cvegeo":"040033477","cve_ent":"04","fuente":"INEGI — Marco Geoestadístico 2024","fecha_corte":"2024-08","cve_mun":"04003","nombre":"Quebrache","ambito":"Rural"},"geometry":{"type":"Polygon","coordinates":[[[-91.20472,18.29809],[-91.20485,18.29909],[-91.20489,18.2994],[-91.205,18.30009],[-91.20506,18.30048],[-91.20518,18.30115],[-91.20588,18.30104],[-91.20613,18.301],[-91.20639,18.30096],[-91.20717,18.30083],[-91.20824,18.30066],[-91.20932,18.3005],[-91.21036,18.30034],[-91.21039,18.30034],[-91.21021,18.29935],[-91.21014,18.29883],[-91.21073,18.29874],[-91.21067,18.29828],[-91.21067,18.29822],[-91.21011,18.2983],[-91.21002,18.29773],[-91.21029,18.29765],[-91.21023,18.29729],[-91.20994,18.29736],[-91.20979,18.29628],[-91.20868,18.29643],[-91.20655,18.29673],[-91.20558,18.29696],[-91.20461,18.29709],[-91.2046,18.2971],[-91.20465,18.29754],[-91.20472,18.29809]]]}},{"type":"Feature","properties":{"cvegeo":"040033781","cve_ent":"04","fuente":"INEGI — Marco Geoestadístico 2024","fecha_corte":"2024-08","cve_mun":"04003","nombre":"El Arca","ambito":"Rural"},"geometry":{"type":"Polygon","coordinates":[[[-90.90921,18.90158],[-90.90905,18.90177],[-90.90811,18.90265],[-90.90708,18.90382],[-90.90772,18.90434],[-90.90793,18.90452],[-90.90874,18.90512],[-90.90883,18.90503],[-90.9099,18.90385],[-90.91061,18.90301],[-90.91132,18.90222],[-90.91208,18.90133],[-90.91212,18.9014],[-90.91245,18.90103],[-90.91282,18.90061],[-90.91348,18.8998],[-90.91345,18.89978],[-90.91269,18.89917],[-90.91333,18.89839],[-90.91398,18.89762],[-90.91465,18.89686],[-90.91531,18.89608],[-90.91599,18.89532],[-90.91666,18.89455],[-90.91723,18.89385],[-90.91649,18.89318],[-90.9157,18.89253],[-90.91494,18.89195],[-90.91428,18.89269],[-90.9136,18.89344],[-90.91293,18.8942],[-90.91225,18.89497],[-90.91159,18.89573],[-90.91089,18.89648],[-90.91022,18.89723],[-90.90954,18.898],[-90.90893,18.89872],[-90.90813,18.89959],[-90.90748,18.9003],[-90.90831,18.90104],[-90.90921,18.90158]]]}},{"type":"Feature","properties":{"cvegeo":"040032371","cve_ent":"04","fuente":"INEGI — Marco Geoestadístico 2024","fecha_corte":"2024-08","cve_mun":"04003","nombre":"Justo Sierra","ambito":"Rural"},"geometry":{"type":"Polygon","coordinates":[[[-91.65407,18.04071],[-91.65425,18.0402],[-91.65431,18.04002],[-91.65496,18.03834],[-91.65449,18.0382],[-91.65397,18.03803],[-91.65384,18.03834],[-91.65369,18.03872],[-91.65352,18.03914],[-91.65339,18.0391],[-91.65315,18.03969],[-91.65326,18.03974],[-91.65299,18.04048],[-91.65352,18.04062],[-91.65407,18.04071]]]}},{"type":"Feature","properties":{"cvegeo":"040030733","cve_ent":"04","fuente":"INEGI — Marco Geoestadístico 2024","fecha_corte":"2024-08","cve_mun":"04003","nombre":"Bella Palizada","ambito":"Rural"},"geometry":{"type":"Polygon","coordinates":[[[-91.22011,18.58338],[-91.22036,18.58245],[-91.22062,18.58152],[-91.22092,18.58049],[-91.2212,18.57954],[-91.22146,18.57858],[-91.22037,18.57839],[-91.22017,18.57934],[-91.21994,18.58025],[-91.21965,18.58128],[-91.21937,18.58224],[-91.21912,18.58318],[-91.21997,18.58335],[-91.22011,18.58338]]]}},{"type":"Feature","properties":{"cvegeo":"040032370","cve_ent":"04","fuente":"INEGI — Marco Geoestadístico 2024","fecha_corte":"2024-08","cve_mun":"04003","nombre":"Nuevo Palizada","ambito":"Rural"},"geometry":{"type":"MultiPolygon","coordinates":[[[[-91.62988,18.13006],[-91.62977,18.12978],[-91.62955,18.12921],[-91.62886,18.12938],[-91.62836,18.1295],[-91.62826,18.12964],[-91.62816,18.12975],[-91.62797,18.12982],[-91.62766,18.1299],[-91.62759,18.13003],[-91.62772,18.13047],[-91.62781,18.13076],[-91.62988,18.13006]]],[[[-91.62993,18.13466],[-91.62975,18.13413],[-91.62958,18.13363],[-91.62882,18.13387],[-91.62699,18.13445],[-91.62718,18.1349],[-91.6272,18.13497],[-91.62729,18.13519],[-91.6274,18.13546],[-91.6292,18.13489],[-91.62993,18.13466]]]]}},{"type":"Feature","properties":{"cvegeo":"040030031","cve_ent":"04","fuente":"INEGI — Marco Geoestadístico 2024","fecha_corte":"2024-08","cve_mun":"04003","nombre":"Santa Rita","ambito":"Rural"},"geometry":{"type":"Polygon","coordinates":[[[-91.54468,18.32169],[-91.54444,18.32175],[-91.54414,18.32183],[-91.5442,18.32218],[-91.54427,18.32253],[-91.54372,18.32259],[-91.54372,18.32261],[-91.54389,18.32341],[-91.54364,18.32345],[-91.54368,18.32432],[-91.5437,18.32521],[-91.54421,18.32513],[-91.54429,18.3255],[-91.54438,18.32599],[-91.54448,18.32632],[-91.54504,18.32628],[-91.54505,18.32633],[-91.54561,18.32626],[-91.54564,18.32626],[-91.5462,18.32621],[-91.54673,18.32616],[-91.54731,18.3261],[-91.54755,18.32608],[-91.54745,18.32543],[-91.54726,18.3237],[-91.54736,18.32368],[-91.54725,18.32287],[-91.54707,18.32203],[-91.54715,18.32202],[-91.54702,18.32117],[-91.54638,18.32129],[-91.54635,18.32137],[-91.54581,18.32143],[-91.54551,18.3215],[-91.54468,18.32169]]]}},{"type":"Feature","properties":{"cvegeo":"040034564","cve_ent":"04","fuente":"INEGI — Marco Geoestadístico 2024","fecha_corte":"2024-08","cve_mun":"04003","nombre":"La Antorcha","ambito":"Rural"},"geometry":{"type":"Polygon","coordinates":[[[-91.93657,18.63449],[-91.93664,18.63421],[-91.93677,18.63376],[-91.93682,18.63355],[-91.93688,18.63331],[-91.93696,18.63297],[-91.9387,18.63274],[-91.93887,18.63209],[-91.93861,18.63207],[-91.9383,18.63203],[-91.93804,18.63197],[-91.93782,18.63182],[-91.93786,18.6313],[-91.93902,18.63149],[-91.93917,18.63092],[-91.93788,18.63091],[-91.937,18.63096],[-91.93592,18.63101],[-91.93556,18.63101],[-91.9355,18.63129],[-91.93541,18.63174],[-91.93528,18.6322],[-91.93493,18.63323],[-91.93488,18.63328],[-91.93481,18.63373],[-91.93475,18.63418],[-91.93474,18.63461],[-91.93473,18.63474],[-91.93521,18.63467],[-91.93584,18.63458],[-91.93587,18.63458],[-91.93657,18.63449]]]}},{"type":"Feature","properties":{"cvegeo":"040030524","cve_ent":"04","fuente":"INEGI — Marco Geoestadístico 2024","fecha_corte":"2024-08","cve_mun":"04003","nombre":"La Florida","ambito":"Rural"},"geometry":{"type":"Polygon","coordinates":[[[-91.49921,18.1277],[-91.49928,18.12756],[-91.49966,18.12685],[-91.50042,18.12718],[-91.5006,18.12685],[-91.50081,18.12647],[-91.50123,18.12575],[-91.50044,18.12535],[-91.50087,18.12464],[-91.50009,18.12419],[-91.49969,18.125],[-91.49934,18.12574],[-91.49925,18.12592],[-91.499,18.12653],[-91.49859,18.1274],[-91.49921,18.1277]]]}},{"type":"Feature","properties":{"cvegeo":"040031539","cve_ent":"04","fuente":"INEGI — Marco Geoestadístico 2024","fecha_corte":"2024-08","cve_mun":"04003","nombre":"Santa Cruz","ambito":"Rural"},"geometry":{"type":"Polygon","coordinates":[[[-91.68347,18.34629],[-91.68352,18.34548],[-91.68357,18.34444],[-91.68362,18.34348],[-91.68258,18.34348],[-91.68265,18.34257],[-91.68228,18.34151],[-91.68249,18.3415],[-91.68243,18.3403],[-91.6818,18.34048],[-91.67973,18.34061],[-91.67965,18.34149],[-91.68076,18.34137],[-91.68065,18.34242],[-91.67959,18.34229],[-91.67959,18.34337],[-91.68056,18.34342],[-91.68048,18.34431],[-91.6815,18.34436],[-91.68145,18.34543],[-91.68251,18.34545],[-91.68252,18.34625],[-91.68347,18.34629]]]}},{"type":"Feature","properties":{"cvegeo":"040030613","cve_ent":"04","fuente":"INEGI — Marco Geoestadístico 2024","fecha_corte":"2024-08","cve_mun":"04003","nombre":"Nicolás Bravo","ambito":"Rural"},"geometry":{"type":"Polygon","coordinates":[[[-90.97194,18.74186],[-90.97258,18.7413],[-90.97175,18.74048],[-90.97211,18.74017],[-90.97244,18.73989],[-90.97291,18.73951],[-90.97229,18.73886],[-90.97221,18.73878],[-90.9717,18.73827],[-90.97162,18.73818],[-90.97111,18.73764],[-90.97008,18.7366],[-90.97016,18.73644],[-90.97025,18.73627],[-90.97017,18.73624],[-90.96958,18.73613],[-90.96918,18.73682],[-90.9698,18.73704],[-90.96973,18.73714],[-90.97005,18.7375],[-90.96936,18.73804],[-90.96872,18.73859],[-90.96851,18.73836],[-90.96787,18.73892],[-90.96722,18.73948],[-90.96655,18.74006],[-90.96592,18.74061],[-90.96524,18.7412],[-90.96549,18.74145],[-90.96484,18.74202],[-90.96425,18.74256],[-90.96454,18.74285],[-90.96483,18.74314],[-90.96546,18.74263],[-90.96605,18.74324],[-90.96536,18.74379],[-90.96513,18.74402],[-90.96507,18.74411],[-90.96477,18.74441],[-90.96537,18.745],[-90.96601,18.74557],[-90.9666,18.74504],[-90.96793,18.74387],[-90.96857,18.74331],[-90.96937,18.74408],[-90.96993,18.74359],[-90.97063,18.74302],[-90.97131,18.74244],[-90.97194,18.74186]]]}},{"type":"Feature","properties":{"cvegeo":"040031138","cve_ent":"04","fuente":"INEGI — Marco Geoestadístico 2024","fecha_corte":"2024-08","cve_mun":"04003","nombre":"Los Manantiales","ambito":"Rural"},"geometry":{"type":"Polygon","coordinates":[[[-91.08251,18.71225],[-91.08155,18.71204],[-91.08143,18.71309],[-91.08089,18.71298],[-91.08036,18.71287],[-91.0793,18.71265],[-91.07918,18.71365],[-91.07894,18.71557],[-91.08008,18.7158],[-91.08006,18.71618],[-91.08109,18.7164],[-91.08104,18.71685],[-91.08093,18.71792],[-91.08196,18.71824],[-91.08191,18.71894],[-91.08293,18.71932],[-91.08311,18.71716],[-91.08319,18.71652],[-91.08323,18.7155],[-91.08332,18.71468],[-91.08338,18.71413],[-91.08353,18.71245],[-91.08251,18.71225]]]}},{"type":"Feature","properties":{"cvegeo":"040030262","cve_ent":"04","fuente":"INEGI — Marco Geoestadístico 2024","fecha_corte":"2024-08","cve_mun":"04003","nombre":"Colonia Emiliano Zapata","ambito":"Rural"},"geometry":{"type":"Polygon","coordinates":[[[-92.3077,18.662],[-92.30767,18.66196],[-92.30437,18.66149],[-92.3042,18.66146],[-92.30335,18.66128],[-92.30244,18.66112],[-92.30218,18.66115],[-92.29975,18.66079],[-92.29966,18.66132],[-92.29946,18.66278],[-92.29944,18.66299],[-92.29927,18.66419],[-92.30405,18.66484],[-92.30594,18.66506],[-92.30587,18.66641],[-92.30631,18.66646],[-92.30718,18.66656],[-92.30772,18.66661],[-92.3094,18.66667],[-92.31153,18.66695],[-92.31153,18.66784],[-92.31151,18.66839],[-92.3115,18.66856],[-92.31147,18.66908],[-92.3122,18.66914],[-92.31338,18.66923],[-92.31345,18.668],[-92.31352,18.668],[-92.31357,18.66726],[-92.31359,18.66683],[-92.31361,18.66638],[-92.31431,18.66648],[-92.31464,18.66653],[-92.3168,18.66686],[-92.31846,18.66745],[-92.31867,18.66724],[-92.31882,18.66708],[-92.31907,18.66682],[-92.31913,18.66673],[-92.31922,18.66679],[-92.31963,18.66624],[-92.31903,18.66614],[-92.31818,18.66603],[-92.31804,18.66603],[-92.31791,18.666],[-92.31781,18.66594],[-92.31789,18.66578],[-92.3179,18.66557],[-92.31786,18.66507],[-92.31627,18.66482],[-92.31575,18.66474],[-92.31579,18.66435],[-92.31475,18.66416],[-92.31478,18.66379],[-92.31399,18.66365],[-92.31377,18.66361],[-92.31379,18.66308],[-92.31092,18.66246],[-92.31108,18.66152],[-92.31028,18.66135],[-92.31016,18.66234],[-92.3077,18.662]]]}},{"type":"Feature","properties":{"cvegeo":"040030830","cve_ent":"04","fuente":"INEGI — Marco Geoestadístico 2024","fecha_corte":"2024-08","cve_mun":"04003","nombre":"La Nueva Esperanza","ambito":"Rural"},"geometry":{"type":"Polygon","coordinates":[[[-91.1222,18.48553],[-91.12151,18.48502],[-91.12098,18.48571],[-91.1204,18.48645],[-91.11982,18.48718],[-91.11924,18.48787],[-91.11871,18.48857],[-91.11808,18.48937],[-91.11878,18.48981],[-91.1194,18.49027],[-91.11995,18.49064],[-91.12053,18.49102],[-91.12109,18.49031],[-91.12177,18.49076],[-91.12232,18.49004],[-91.12243,18.48998],[-91.12267,18.48971],[-91.12284,18.48946],[-91.12286,18.48938],[-91.12286,18.48927],[-91.12341,18.48857],[-91.12373,18.48812],[-91.12397,18.4878],[-91.12447,18.48715],[-91.1239,18.48674],[-91.12331,18.48633],[-91.12276,18.48593],[-91.12224,18.48662],[-91.12165,18.48619],[-91.1222,18.48553]]]}},{"type":"Feature","properties":{"cvegeo":"040033452","cve_ent":"04","fuente":"INEGI — Marco Geoestadístico 2024","fecha_corte":"2024-08","cve_mun":"04003","nombre":"Pital Nuevo","ambito":"Rural"},"geometry":{"type":"Polygon","coordinates":[[[-91.03171,18.60312],[-91.03206,18.60267],[-91.03235,18.6029],[-91.03282,18.60227],[-91.03297,18.60207],[-91.03355,18.6014],[-91.03416,18.60065],[-91.03443,18.60033],[-91.03477,18.60056],[-91.03493,18.60037],[-91.03558,18.59964],[-91.03645,18.5986],[-91.0376,18.5996],[-91.03779,18.59939],[-91.03618,18.59824],[-91.03633,18.59807],[-91.03671,18.59757],[-91.03676,18.59743],[-91.03714,18.59692],[-91.03746,18.59647],[-91.03772,18.59616],[-91.03787,18.59606],[-91.03749,18.59583],[-91.0369,18.59551],[-91.03627,18.59519],[-91.03563,18.59484],[-91.03486,18.59439],[-91.03435,18.59502],[-91.034,18.59475],[-91.03387,18.59475],[-91.03268,18.5942],[-91.03251,18.59464],[-91.03254,18.5948],[-91.03268,18.59497],[-91.03276,18.59505],[-91.03218,18.59596],[-91.03249,18.59626],[-91.03263,18.59639],[-91.03279,18.59658],[-91.03309,18.59662],[-91.03247,18.59743],[-91.03172,18.59843],[-91.03097,18.59932],[-91.03114,18.59943],[-91.03167,18.59966],[-91.03178,18.59972],[-91.03166,18.5999],[-91.0322,18.6003],[-91.03174,18.60098],[-91.03228,18.60139],[-91.03204,18.6017],[-91.0312,18.60275],[-91.03171,18.60312]]]}},{"type":"Feature","properties":{"cvegeo":"040033277","cve_ent":"04","fuente":"INEGI — Marco Geoestadístico 2024","fecha_corte":"2024-08","cve_mun":"04003","nombre":"El Chinal","ambito":"Rural"},"geometry":{"type":"Polygon","coordinates":[[[-91.41013,18.14954],[-91.41008,18.14956],[-91.40991,18.14983],[-91.40993,18.14988],[-91.40987,18.14986],[-91.40967,18.14963],[-91.40893,18.15014],[-91.40916,18.1504],[-91.40887,18.1506],[-91.40863,18.15033],[-91.40803,18.15069],[-91.40774,18.15032],[-91.40717,18.15075],[-91.40661,18.15113],[-91.4068,18.15135],[-91.40714,18.15175],[-91.40716,18.15178],[-91.40666,18.15214],[-91.40691,18.15247],[-91.40727,18.15293],[-91.40779,18.15253],[-91.40816,18.15296],[-91.40842,18.15326],[-91.40862,18.15349],[-91.40887,18.1533],[-91.4091,18.15312],[-91.40925,18.15333],[-91.4093,18.1534],[-91.40945,18.15363],[-91.41005,18.15333],[-91.41004,18.15321],[-91.40995,18.15303],[-91.40983,18.15288],[-91.4097,18.15272],[-91.40997,18.15255],[-91.41017,18.15276],[-91.41023,18.15285],[-91.41028,18.15291],[-91.41035,18.15303],[-91.41069,18.15285],[-91.41027,18.15233],[-91.4108,18.15195],[-91.41112,18.15176],[-91.41136,18.15162],[-91.41098,18.1511],[-91.41056,18.15062],[-91.41041,18.15041],[-91.41081,18.1497],[-91.41083,18.14961],[-91.4102,18.14952],[-91.41013,18.14954]]]}},{"type":"Feature","properties":{"cvegeo":"040030612","cve_ent":"04","fuente":"INEGI — Marco Geoestadístico 2024","fecha_corte":"2024-08","cve_mun":"04003","nombre":"La Cristalina","ambito":"Rural"},"geometry":{"type":"Polygon","coordinates":[[[-91.05221,18.72781],[-91.05113,18.72904],[-91.05251,18.72997],[-91.05283,18.72963],[-91.05341,18.73023],[-91.05314,18.73059],[-91.05371,18.73117],[-91.05404,18.73084],[-91.05461,18.73145],[-91.05403,18.73213],[-91.05345,18.7328],[-91.05317,18.73312],[-91.05288,18.73344],[-91.05234,18.73407],[-91.05292,18.73458],[-91.05344,18.73401],[-91.05401,18.7346],[-91.0546,18.734],[-91.05483,18.73375],[-91.05519,18.73337],[-91.05574,18.73391],[-91.05629,18.73332],[-91.05688,18.73266],[-91.05723,18.733],[-91.05785,18.73245],[-91.05849,18.73182],[-91.05836,18.73171],[-91.05845,18.73107],[-91.05847,18.73084],[-91.05851,18.73047],[-91.05857,18.73012],[-91.05866,18.72955],[-91.05865,18.72953],[-91.05871,18.72883],[-91.05839,18.72858],[-91.05876,18.72817],[-91.05896,18.72672],[-91.05906,18.72664],[-91.05914,18.72659],[-91.05919,18.72656],[-91.05933,18.72653],[-91.05933,18.72649],[-91.05821,18.72632],[-91.05716,18.72619],[-91.05613,18.72604],[-91.05512,18.72592],[-91.05411,18.72578],[-91.05394,18.72594],[-91.05342,18.72646],[-91.05338,18.7265],[-91.05328,18.72641],[-91.05315,18.72632],[-91.053,18.72624],[-91.05283,18.72619],[-91.0527,18.72618],[-91.05269,18.72646],[-91.05269,18.72651],[-91.05268,18.72656],[-91.05266,18.72672],[-91.05264,18.72682],[-91.05263,18.72685],[-91.05261,18.72696],[-91.05262,18.72704],[-91.05277,18.72715],[-91.05226,18.72772],[-91.05221,18.72781]]]}},{"type":"Feature","properties":{"cvegeo":"040033420","cve_ent":"04","fuente":"INEGI — Marco Geoestadístico 2024","fecha_corte":"2024-08","cve_mun":"04003","nombre":"Nueva Chontalpa","ambito":"Rural"},"geometry":{"type":"Polygon","coordinates":[[[-91.0927,18.47985],[-91.09335,18.48042],[-91.09393,18.48098],[-91.09427,18.48134],[-91.09477,18.4809],[-91.09499,18.4807],[-91.09477,18.48049],[-91.09459,18.48033],[-91.09513,18.47972],[-91.09517,18.47967],[-91.09536,18.47983],[-91.0957,18.48012],[-91.09625,18.47949],[-91.09681,18.47884],[-91.09629,18.47845],[-91.09568,18.47794],[-91.095,18.47732],[-91.0953,18.47698],[-91.09466,18.47642],[-91.09402,18.47587],[-91.09336,18.47533],[-91.09335,18.47517],[-91.09332,18.47513],[-91.09273,18.47469],[-91.09209,18.47416],[-91.09142,18.4736],[-91.09074,18.47306],[-91.09008,18.47251],[-91.08968,18.47218],[-91.08943,18.47197],[-91.08907,18.4724],[-91.08859,18.47201],[-91.08803,18.4727],[-91.08752,18.47334],[-91.08642,18.47461],[-91.08679,18.47492],[-91.08743,18.47543],[-91.08809,18.476],[-91.08876,18.47655],[-91.08943,18.47707],[-91.09006,18.47762],[-91.08945,18.47828],[-91.0902,18.47875],[-91.09091,18.4792],[-91.09169,18.47968],[-91.09215,18.47994],[-91.0927,18.47985]]]}},{"type":"Feature","properties":{"cvegeo":"040033642","cve_ent":"04","fuente":"INEGI — Marco Geoestadístico 2024","fecha_corte":"2024-08","cve_mun":"04003","nombre":"Venustiano Carranza","ambito":"Rural"},"geometry":{"type":"Polygon","coordinates":[[[-91.35095,18.18399],[-91.35199,18.18412],[-91.35303,18.18428],[-91.35405,18.1844],[-91.35511,18.18454],[-91.35494,18.18443],[-91.35435,18.18401],[-91.35335,18.18335],[-91.35301,18.18319],[-91.3528,18.18299],[-91.35311,18.18257],[-91.35342,18.18213],[-91.35369,18.18177],[-91.35401,18.18134],[-91.35343,18.18094],[-91.35324,18.18081],[-91.35316,18.18075],[-91.353,18.18064],[-91.35281,18.18051],[-91.35252,18.18031],[-91.35237,18.18022],[-91.35213,18.18006],[-91.35189,18.17989],[-91.35159,18.17969],[-91.35148,18.17958],[-91.35167,18.17928],[-91.35162,18.17909],[-91.35188,18.179],[-91.352,18.17872],[-91.35121,18.1782],[-91.3512,18.17819],[-91.35118,18.17818],[-91.35035,18.17759],[-91.35034,18.17758],[-91.34952,18.17701],[-91.34892,18.17781],[-91.34827,18.17868],[-91.34765,18.17951],[-91.34761,18.17956],[-91.3474,18.17984],[-91.34705,18.1803],[-91.34644,18.18112],[-91.34582,18.18197],[-91.34482,18.18324],[-91.34604,18.18337],[-91.34716,18.18353],[-91.34852,18.18378],[-91.34843,18.18368],[-91.3496,18.18384],[-91.34985,18.18386],[-91.35059,18.18394],[-91.35083,18.18398],[-91.35095,18.18399]]]}},{"type":"Feature","properties":{"cvegeo":"040030066","cve_ent":"04","fuente":"INEGI — Marco Geoestadístico 2024","fecha_corte":"2024-08","cve_mun":"04003","nombre":"Plan de Ayala","ambito":"Rural"},"geometry":{"type":"Polygon","coordinates":[[[-90.92627,18.77934],[-90.9263,18.77935],[-90.9263,18.77936],[-90.92724,18.77948],[-90.92809,18.7796],[-90.92818,18.77961],[-90.92819,18.77963],[-90.92837,18.77995],[-90.9284,18.78002],[-90.92841,18.78011],[-90.92841,18.78019],[-90.92839,18.78029],[-90.93045,18.78059],[-90.93222,18.78081],[-90.93472,18.78121],[-90.93479,18.78069],[-90.93437,18.78061],[-90.93451,18.77993],[-90.93451,18.77982],[-90.93442,18.77975],[-90.93458,18.77901],[-90.9348,18.77913],[-90.9352,18.77935],[-90.93541,18.779],[-90.93465,18.77868],[-90.93473,18.77833],[-90.9349,18.77722],[-90.93504,18.77636],[-90.93518,18.77558],[-90.93431,18.77543],[-90.93446,18.77491],[-90.93447,18.77489],[-90.93345,18.7748],[-90.93261,18.77473],[-90.93216,18.77469],[-90.93169,18.77466],[-90.93142,18.77463],[-90.93079,18.77457],[-90.9309,18.77395],[-90.93101,18.77315],[-90.93112,18.77236],[-90.93126,18.7715],[-90.93042,18.77142],[-90.93019,18.77139],[-90.93008,18.77138],[-90.92976,18.77165],[-90.92918,18.77123],[-90.92759,18.77103],[-90.92729,18.771],[-90.92726,18.77123],[-90.9272,18.77174],[-90.9272,18.77176],[-90.92708,18.77254],[-90.9271,18.77257],[-90.92699,18.77339],[-90.92698,18.77346],[-90.92688,18.77409],[-90.92672,18.77424],[-90.92683,18.77427],[-90.92688,18.77428],[-90.92687,18.77433],[-90.92686,18.7744],[-90.92676,18.7751],[-90.92674,18.77513],[-90.92667,18.77595],[-90.92659,18.7768],[-90.92663,18.7768],[-90.92763,18.77696],[-90.92762,18.777],[-90.92751,18.77782],[-90.92739,18.77865],[-90.92639,18.7785],[-90.92627,18.77934]]]}},{"type":"Feature","properties":{"cvegeo":"040030001","cve_ent":"04","fuente":"INEGI — Marco Geoestadístico 2024","fecha_corte":"2024-08","cve_mun":"04003","nombre":"Ciudad del Carmen","ambito":"Urbana"},"geometry":{"type":"Polygon","coordinates":[[[-91.74714,18.66182],[-91.74708,18.66189],[-91.74703,18.66196],[-91.747,18.66204],[-91.74698,18.66209],[-91.74694,18.66214],[-91.74694,18.66214],[-91.74688,18.66218],[-91.74688,18.66218],[-91.74678,18.66227],[-91.74674,18.66236],[-91.74668,18.66243],[-91.74659,18.66251],[-91.74651,18.66259],[-91.74646,18.66271],[-91.74642,18.66284],[-91.74637,18.66292],[-91.74637,18.66292],[-91.74632,18.66296],[-91.74613,18.66304],[-91.74613,18.66304],[-91.74609,18.66308],[-91.74576,18.6634],[-91.74576,18.6634],[-91.74867,18.66812],[-91.74878,18.66834],[-91.74892,18.66851],[-91.74904,18.66871],[-91.74916,18.66909],[-91.74922,18.66923],[-91.7493,18.66936],[-91.74961,18.66967],[-91.75009,18.67021],[-91.75009,18.67021],[-91.75009,18.67021],[-91.74682,18.67241],[-91.74632,18.67274],[-91.74563,18.67314],[-91.74227,18.67492],[-91.73934,18.67654],[-91.7353,18.67842],[-91.73348,18.67908],[-91.73165,18.67982],[-91.73027,18.68045],[-91.72913,18.68102],[-91.72337,18.68381],[-91.72129,18.68484],[-91.72004,18.6856],[-91.71768,18.68728],[-91.71768,18.68728],[-91.71321,18.69111],[-91.71321,18.69111],[-91.71321,18.69111],[-91.71348,18.69142],[-91.71348,18.69142],[-91.71278,18.69186],[-91.71278,18.69186],[-91.71256,18.69215],[-91.71254,18.69218],[-91.71253,18.69218],[-91.71253,18.69218],[-91.71253,18.69218],[-91.71253,18.69218],[-91.71285,18.69205],[-91.71285,18.69205],[-91.71327,18.69179],[-91.71361,18.69159],[-91.71411,18.69131],[-91.71517,18.69074],[-91.7157,18.69042],[-91.71692,18.68978],[-91.7178,18.68927],[-91.71865,18.68884],[-91.71933,18.68846],[-91.71965,18.68831],[-91.72143,18.68769],[-91.72291,18.68717],[-91.72343,18.68693],[-91.72533,18.68623],[-91.72798,18.6852],[-91.72977,18.68449],[-91.73084,18.68403],[-91.73252,18.68334],[-91.7349,18.68245],[-91.73661,18.68176],[-91.73929,18.68086],[-91.74137,18.68036],[-91.74206,18.67993],[-91.74305,18.67935],[-91.74356,18.67907],[-91.74417,18.67888],[-91.7452,18.67862],[-91.74551,18.67854],[-91.74673,18.67822],[-91.74824,18.67784],[-91.74937,18.67754],[-91.75071,18.67722],[-91.75147,18.677],[-91.7519,18.6769],[-91.75231,18.67681],[-91.75232,18.67681],[-91.75289,18.67662],[-91.75353,18.67647],[-91.75374,18.67642],[-91.75423,18.67631],[-91.75451,18.67621],[-91.75502,18.67602],[-91.75559,18.67583],[-91.75599,18.67574],[-91.75706,18.67542],[-91.75777,18.67524],[-91.75791,18.67521],[-91.75813,18.67516],[-91.75856,18.67503],[-91.7591,18.67489],[-91.75946,18.67476],[-91.7599,18.67459],[-91.7601,18.67454],[-91.76044,18.67446],[-91.7609,18.67431],[-91.7615,18.67412],[-91.76215,18.67393],[-91.76276,18.67379],[-91.76277,18.67379],[-91.76279,18.67379],[-91.76326,18.67368],[-91.76376,18.67359],[-91.76414,18.6735],[-91.76462,18.67339],[-91.76533,18.67321],[-91.76561,18.67317],[-91.76574,18.67315],[-91.76609,18.67307],[-91.7662,18.67304],[-91.76643,18.67298],[-91.76707,18.67281],[-91.76781,18.6727],[-91.76833,18.67261],[-91.77013,18.67221],[-91.77014,18.67221],[-91.77015,18.67221],[-91.77017,18.6722],[-91.77048,18.67214],[-91.77118,18.672],[-91.77251,18.67172],[-91.77315,18.67159],[-91.77317,18.67158],[-91.77413,18.67138],[-91.77532,18.67114],[-91.77574,18.67105],[-91.77579,18.67104],[-91.77606,18.67098],[-91.7764,18.67091],[-91.77669,18.67085],[-91.77738,18.67071],[-91.77772,18.67061],[-91.77789,18.67055],[-91.7782,18.67048],[-91.77873,18.67044],[-91.77944,18.67026],[-91.78018,18.67012],[-91.78189,18.66958],[-91.7831,18.66933],[-91.78444,18.66906],[-91.78723,18.66877],[-91.7887,18.66861],[-91.7894,18.66855],[-91.79178,18.66815],[-91.79269,18.66765],[-91.79271,18.66763],[-91.79271,18.66763],[-91.79273,18.66761],[-91.79279,18.66749],[-91.79292,18.66737],[-91.79293,18.66737],[-91.7932,18.66722],[-91.79328,18.6672],[-91.7937,18.66711],[-91.79387,18.66708],[-91.79462,18.66699],[-91.79502,18.66694],[-91.79536,18.6669],[-91.79721,18.66673],[-91.7973,18.66672],[-91.7973,18.66672],[-91.7973,18.66672],[-91.79797,18.66669],[-91.79863,18.66664],[-91.79963,18.66651],[-91.80298,18.66634],[-91.80394,18.6663],[-91.80826,18.66609],[-91.81311,18.66564],[-91.81836,18.66539],[-91.81889,18.66537],[-91.82039,18.66534],[-91.82592,18.66518],[-91.83286,18.66524],[-91.83465,18.66525],[-91.83558,18.66528],[-91.83706,18.66521],[-91.83824,18.6651],[-91.83899,18.66497],[-91.83937,18.66485],[-91.84047,18.66454],[-91.84134,18.66426],[-91.84164,18.66409],[-91.84188,18.6639],[-91.84188,18.6639],[-91.8421,18.66368],[-91.84222,18.6634],[-91.84423,18.6616],[-91.84514,18.66078],[-91.84706,18.65866],[-91.8503,18.65533],[-91.85144,18.65414],[-91.85144,18.65414],[-91.85144,18.65414],[-91.85228,18.65469],[-91.85228,18.65469],[-91.85228,18.65469],[-91.85228,18.65469],[-91.85321,18.65352],[-91.85386,18.6527],[-91.85395,18.6526],[-91.85455,18.65191],[-91.85487,18.65148],[-91.85495,18.65138],[-91.85502,18.65127],[-91.8551,18.65116],[-91.8551,18.65116],[-91.85509,18.65115],[-91.85504,18.65108],[-91.85504,18.65108],[-91.85498,18.65102],[-91.85498,18.65102],[-91.85498,18.65102],[-91.85489,18.65101],[-91.85489,18.65101],[-91.85489,18.65101],[-91.85475,18.65118],[-91.85458,18.65138],[-91.85425,18.65179],[-91.85365,18.65254],[-91.85305,18.65329],[-91.85287,18.65351],[-91.85287,18.65351],[-91.85287,18.65351],[-91.85287,18.65351],[-91.85158,18.65257],[-91.85158,18.65257],[-91.85158,18.65257],[-91.85159,18.65256],[-91.85179,18.65231],[-91.85269,18.65117],[-91.85271,18.65115],[-91.85271,18.65115],[-91.8527,18.65114],[-91.85236,18.65065],[-91.85214,18.65033],[-91.85209,18.65026],[-91.85041,18.64788],[-91.85041,18.64788],[-91.85041,18.64788],[-91.85041,18.64788],[-91.8501,18.64801],[-91.85,18.64804],[-91.84947,18.64822],[-91.84947,18.64822],[-91.84947,18.64822],[-91.84945,18.64821],[-91.84943,18.64819],[-91.84918,18.64803],[-91.84877,18.64777],[-91.84876,18.64776],[-91.84836,18.6475],[-91.84816,18.64737],[-91.84816,18.64737],[-91.84816,18.64737],[-91.84816,18.64736],[-91.84817,18.64735],[-91.84818,18.64735],[-91.84828,18.64718],[-91.84828,18.64718],[-91.8484,18.64712],[-91.84844,18.6471],[-91.84886,18.64691],[-91.8502,18.64627],[-91.8502,18.64627],[-91.85075,18.64647],[-91.85092,18.64653],[-91.85142,18.64669],[-91.85257,18.64706],[-91.8537,18.64743],[-91.8537,18.64743],[-91.8537,18.64743],[-91.85371,18.64746],[-91.85371,18.64746],[-91.85371,18.64746],[-91.85394,18.64753],[-91.85394,18.64753],[-91.854,18.64749],[-91.854,18.64749],[-91.85406,18.64743],[-91.85406,18.64743],[-91.85407,18.64735],[-91.85407,18.64734],[-91.85404,18.64728],[-91.85404,18.64728],[-91.85404,18.64728],[-91.85381,18.64718],[-91.85381,18.64718],[-91.85379,18.64719],[-91.85378,18.6472],[-91.85378,18.6472],[-91.85378,18.6472],[-91.85144,18.64645],[-91.85092,18.6463],[-91.85034,18.64609],[-91.85031,18.64608],[-91.85027,18.64607],[-91.8502,18.64605],[-91.8502,18.64605],[-91.85009,18.64608],[-91.84955,18.64634],[-91.84946,18.64638],[-91.84872,18.64674],[-91.84831,18.64692],[-91.84831,18.64692],[-91.84829,18.64696],[-91.84828,18.64699],[-91.84826,18.64707],[-91.84826,18.64707],[-91.84801,18.64725],[-91.84801,18.64725],[-91.84801,18.64724],[-91.848,18.64724],[-91.84703,18.6465],[-91.84703,18.6465],[-91.84703,18.6465],[-91.84703,18.6465],[-91.84704,18.64648],[-91.84738,18.64599],[-91.8474,18.64596],[-91.8474,18.64596],[-91.8474,18.64596],[-91.84739,18.64596],[-91.84705,18.64575],[-91.84704,18.64574],[-91.84704,18.64574],[-91.84704,18.64574],[-91.84705,18.64573],[-91.84752,18.64504],[-91.84752,18.64504],[-91.84752,18.64504],[-91.84751,18.64503],[-91.8475,18.64503],[-91.84711,18.6448],[-91.84711,18.6448],[-91.84711,18.6448],[-91.8471,18.64481],[-91.84708,18.64482],[-91.84708,18.64482],[-91.84708,18.64482],[-91.84707,18.64482],[-91.84628,18.64433],[-91.84628,18.64433],[-91.84628,18.64433],[-91.84628,18.64433],[-91.84604,18.64466],[-91.84584,18.64494],[-91.84583,18.64495],[-91.84582,18.64497],[-91.84582,18.64497],[-91.84582,18.64497],[-91.84582,18.64497],[-91.8459,18.64503],[-91.84591,18.64503],[-91.84591,18.64503],[-91.84591,18.64503],[-91.8459,18.64505],[-91.84586,18.64512],[-91.84535,18.64587],[-91.84535,18.64587],[-91.84535,18.64588],[-91.84535,18.64588],[-91.84535,18.64593],[-91.84535,18.64599],[-91.84535,18.64599],[-91.84534,18.64599],[-91.84534,18.646],[-91.84534,18.646],[-91.84534,18.64601],[-91.84534,18.64602],[-91.84534,18.64602],[-91.84525,18.64614],[-91.84525,18.64614],[-91.84474,18.64653],[-91.84455,18.64667],[-91.8444,18.64678],[-91.84427,18.64687],[-91.844,18.64707],[-91.844,18.64707],[-91.844,18.64707],[-91.844,18.64707],[-91.844,18.64707],[-91.84399,18.64706],[-91.84385,18.6469],[-91.84373,18.64678],[-91.84373,18.64678],[-91.84367,18.64671],[-91.84363,18.64667],[-91.84363,18.64666],[-91.84363,18.64666],[-91.84363,18.64666],[-91.84363,18.64666],[-91.84364,18.64665],[-91.84372,18.64659],[-91.84372,18.64659],[-91.84377,18.64655],[-91.84377,18.64655],[-91.84384,18.64649],[-91.84388,18.64645],[-91.84389,18.64642],[-91.84389,18.64642],[-91.84389,18.64642],[-91.84391,18.64638],[-91.84392,18.64634],[-91.84392,18.64634],[-91.84392,18.64633],[-91.84387,18.64621],[-91.84386,18.64616],[-91.8438,18.64594],[-91.84379,18.64591],[-91.84372,18.64571],[-91.84368,18.64564],[-91.84368,18.64564],[-91.84368,18.64564],[-91.84368,18.64553],[-91.84368,18.64552],[-91.84371,18.64543],[-91.84371,18.64543],[-91.84372,18.64543],[-91.8438,18.64542],[-91.84383,18.6454],[-91.84383,18.6454],[-91.84383,18.6454],[-91.84382,18.64539],[-91.84378,18.64533],[-91.84378,18.64533],[-91.84374,18.64523],[-91.84371,18.64509],[-91.84371,18.64509],[-91.84371,18.64509],[-91.84371,18.64509],[-91.84377,18.64504],[-91.84377,18.64504],[-91.84393,18.64498],[-91.84393,18.64498],[-91.84393,18.64498],[-91.8441,18.64476],[-91.8441,18.64476],[-91.8442,18.64468],[-91.8442,18.64468],[-91.84421,18.64467],[-91.84421,18.64467],[-91.84423,18.64463],[-91.84426,18.64457],[-91.84426,18.64457],[-91.84426,18.64457],[-91.84436,18.64451],[-91.84439,18.64448],[-91.8445,18.64448],[-91.8445,18.64448],[-91.8445,18.64448],[-91.84452,18.64456],[-91.84453,18.64457],[-91.84453,18.64457],[-91.84453,18.64457],[-91.84453,18.64457],[-91.84461,18.64453],[-91.84461,18.64452],[-91.84461,18.64452],[-91.84461,18.64452],[-91.84461,18.6445],[-91.84459,18.64443],[-91.84459,18.64443],[-91.84459,18.64443],[-91.84441,18.64444],[-91.8444,18.64445],[-91.8444,18.64445],[-91.8444,18.64444],[-91.84439,18.64442],[-91.84425,18.64413],[-91.84413,18.64392],[-91.84413,18.64392],[-91.84392,18.64355],[-91.84392,18.64355],[-91.84388,18.64349],[-91.84388,18.64349],[-91.84388,18.64349],[-91.84389,18.64348],[-91.84389,18.64347],[-91.84392,18.6434],[-91.84392,18.6434],[-91.84397,18.64337],[-91.84426,18.64318],[-91.84432,18.64317],[-91.84432,18.64317],[-91.84432,18.64317],[-91.84458,18.64341],[-91.84459,18.64342],[-91.84459,18.64342],[-91.84468,18.64333],[-91.84467,18.64332],[-91.8444,18.64305],[-91.84434,18.64299],[-91.84434,18.64299],[-91.84432,18.64302],[-91.84429,18.64304],[-91.84428,18.64305],[-91.84422,18.64312],[-91.84422,18.64312],[-91.84393,18.64329],[-91.84393,18.64329],[-91.84392,18.64328],[-91.84391,18.64324],[-91.84391,18.64324],[-91.84397,18.64313],[-91.84397,18.64313],[-91.8439,18.643],[-91.8439,18.643],[-91.8439,18.643],[-91.84402,18.64287],[-91.84402,18.64287],[-91.84403,18.64286],[-91.84403,18.64286],[-91.84403,18.64286],[-91.84404,18.64287],[-91.84405,18.64288],[-91.84406,18.64289],[-91.84406,18.64289],[-91.84407,18.64289],[-91.84408,18.64288],[-91.84413,18.64283],[-91.84413,18.64283],[-91.84412,18.64283],[-91.84412,18.64283],[-91.84401,18.64271],[-91.84401,18.64271],[-91.84401,18.64271],[-91.84401,18.64271],[-91.84369,18.64299],[-91.84369,18.64299],[-91.84368,18.64299],[-91.84368,18.64299],[-91.84366,18.64299],[-91.84365,18.64299],[-91.84364,18.64299],[-91.84364,18.64299],[-91.84359,18.64299],[-91.84359,18.64299],[-91.84359,18.64299],[-91.84357,18.643],[-91.84357,18.643],[-91.84357,18.643],[-91.84356,18.64302],[-91.84355,18.64302],[-91.84353,18.64305],[-91.84326,18.64337],[-91.84325,18.64337],[-91.84317,18.64329],[-91.84344,18.64301],[-91.84345,18.643],[-91.84352,18.64293],[-91.84347,18.6429],[-91.84347,18.64289],[-91.84341,18.64295],[-91.84323,18.64314],[-91.8431,18.64328],[-91.8431,18.64328],[-91.84302,18.64319],[-91.84312,18.64305],[-91.84325,18.64289],[-91.8433,18.64281],[-91.84332,18.64279],[-91.8435,18.64251],[-91.84361,18.64236],[-91.84362,18.64235],[-91.84362,18.64235],[-91.84363,18.64234],[-91.84373,18.64227],[-91.84376,18.64225],[-91.84382,18.6422],[-91.84382,18.6422],[-91.84392,18.64212],[-91.84392,18.64212],[-91.84392,18.64212],[-91.84391,18.64211],[-91.84391,18.64211],[-91.84391,18.64211],[-91.84391,18.64211],[-91.84389,18.64208],[-91.84389,18.64208],[-91.84389,18.64208],[-91.84374,18.6422],[-91.84366,18.64226],[-91.84365,18.64226],[-91.84364,18.64227],[-91.84361,18.64229],[-91.84361,18.64229],[-91.84356,18.64234],[-91.84318,18.64288],[-91.84318,18.64288],[-91.84318,18.64288],[-91.84307,18.64287],[-91.84305,18.64287],[-91.84293,18.64285],[-91.84292,18.64284],[-91.84282,18.64276],[-91.84276,18.64275],[-91.84275,18.64275],[-91.84275,18.64275],[-91.84257,18.64263],[-91.84257,18.64263],[-91.84257,18.64263],[-91.84257,18.64263],[-91.84287,18.64224],[-91.8429,18.64219],[-91.8429,18.64219],[-91.8429,18.64219],[-91.8429,18.64219],[-91.84291,18.64219],[-91.84291,18.64219],[-91.84297,18.64223],[-91.84297,18.64223],[-91.84297,18.64223],[-91.84298,18.64223],[-91.84298,18.64222],[-91.84307,18.64206],[-91.84307,18.64206],[-91.84302,18.64203],[-91.84301,18.64202],[-91.84301,18.64202],[-91.84301,18.64202],[-91.84302,18.64201],[-91.84317,18.64182],[-91.8433,18.64165],[-91.8433,18.64165],[-91.8433,18.64165],[-91.84331,18.64165],[-91.84332,18.64165],[-91.84336,18.64165],[-91.84338,18.64164],[-91.84339,18.64164],[-91.84339,18.64164],[-91.84349,18.64172],[-91.84356,18.64177],[-91.84363,18.64183],[-91.84363,18.64183],[-91.84363,18.64183],[-91.84363,18.64183],[-91.84367,18.64177],[-91.84367,18.64177],[-91.84366,18.64176],[-91.84366,18.64176],[-91.84365,18.64176],[-91.84305,18.64135],[-91.84305,18.64135],[-91.84305,18.64135],[-91.84304,18.64135],[-91.84301,18.64138],[-91.843,18.64139],[-91.843,18.64139],[-91.843,18.64139],[-91.84304,18.64142],[-91.84324,18.64157],[-91.84324,18.64157],[-91.84324,18.64157],[-91.84325,18.64159],[-91.84327,18.64163],[-91.84327,18.64163],[-91.84298,18.642],[-91.84298,18.642],[-91.84298,18.642],[-91.8429,18.64196],[-91.8429,18.64196],[-91.8429,18.64196],[-91.84279,18.64209],[-91.84278,18.64209],[-91.84278,18.64209],[-91.84278,18.64209],[-91.84278,18.64209],[-91.84284,18.64214],[-91.84285,18.64215],[-91.84286,18.64216],[-91.84286,18.64216],[-91.84249,18.64264],[-91.84249,18.64264],[-91.84249,18.64264],[-91.84236,18.64259],[-91.84236,18.64259],[-91.84235,18.64259],[-91.84234,18.64259],[-91.84232,18.6426],[-91.84227,18.6426],[-91.84225,18.64261],[-91.84217,18.64262],[-91.84217,18.64262],[-91.84207,18.6426],[-91.84207,18.6426],[-91.84207,18.6426],[-91.84207,18.64262],[-91.84204,18.64265],[-91.84204,18.64265],[-91.84204,18.64265],[-91.84178,18.64252],[-91.84178,18.64252],[-91.84178,18.64252],[-91.8418,18.64246],[-91.84181,18.64243],[-91.84181,18.64242],[-91.84182,18.6424],[-91.84182,18.6424],[-91.8418,18.64239],[-91.84179,18.64239],[-91.84177,18.64238],[-91.84177,18.64238],[-91.84177,18.64238],[-91.84183,18.64225],[-91.84183,18.64225],[-91.84183,18.64225],[-91.8418,18.64225],[-91.8418,18.64225],[-91.8418,18.64225],[-91.84175,18.64237],[-91.84174,18.64238],[-91.84174,18.64238],[-91.84173,18.64238],[-91.8417,18.64242],[-91.8417,18.64242],[-91.8417,18.64242],[-91.84133,18.6422],[-91.84133,18.6422],[-91.84133,18.6422],[-91.84137,18.64213],[-91.8416,18.64179],[-91.84175,18.64158],[-91.84176,18.64157],[-91.84176,18.64157],[-91.84176,18.64157],[-91.84176,18.64157],[-91.8417,18.64154],[-91.8417,18.64154],[-91.8417,18.64154],[-91.84164,18.6416],[-91.84164,18.6416],[-91.84164,18.6416],[-91.84167,18.64162],[-91.84167,18.64162],[-91.84135,18.64211],[-91.84132,18.64215],[-91.84131,18.64216],[-91.84131,18.64216],[-91.84131,18.64216],[-91.84127,18.64214],[-91.84122,18.64212],[-91.84098,18.64188],[-91.84098,18.64188],[-91.84098,18.64188],[-91.84098,18.64186],[-91.84098,18.64186],[-91.84098,18.64184],[-91.84098,18.64184],[-91.84098,18.64181],[-91.84102,18.64176],[-91.84102,18.64175],[-91.84102,18.64175],[-91.84102,18.64175],[-91.84102,18.64175],[-91.84102,18.64175],[-91.84102,18.64175],[-91.84102,18.64175],[-91.84099,18.64172],[-91.84099,18.64172],[-91.84099,18.64172],[-91.84117,18.64155],[-91.84143,18.6413],[-91.84152,18.64121],[-91.84155,18.64119],[-91.84155,18.64119],[-91.84154,18.64118],[-91.84151,18.64115],[-91.84151,18.64115],[-91.84151,18.64115],[-91.84151,18.64115],[-91.84152,18.64113],[-91.84152,18.64113],[-91.84149,18.64111],[-91.84149,18.64111],[-91.84149,18.64111],[-91.84136,18.64125],[-91.84099,18.6416],[-91.84099,18.6416],[-91.84099,18.6416],[-91.84083,18.64145],[-91.84083,18.64145],[-91.84076,18.64138],[-91.84076,18.64138],[-91.84076,18.64138],[-91.84071,18.64143],[-91.8407,18.64143],[-91.84069,18.64144],[-91.84069,18.64144],[-91.84055,18.64128],[-91.84055,18.64128],[-91.84049,18.64124],[-91.84043,18.64121],[-91.84043,18.64121],[-91.84043,18.64121],[-91.84036,18.64125],[-91.8403,18.64128],[-91.8403,18.64128],[-91.84023,18.64124],[-91.84023,18.64124],[-91.84023,18.64124],[-91.84026,18.64122],[-91.84027,18.64122],[-91.8403,18.6412],[-91.84063,18.64099],[-91.84063,18.64099],[-91.84063,18.64099],[-91.8406,18.64097],[-91.8406,18.64097],[-91.84026,18.64117],[-91.84024,18.64118],[-91.84022,18.64119],[-91.8402,18.6412],[-91.8402,18.6412],[-91.84005,18.64107],[-91.84005,18.64107],[-91.84005,18.64107],[-91.84006,18.64105],[-91.84008,18.64104],[-91.8401,18.64101],[-91.84017,18.64092],[-91.84017,18.64092],[-91.84015,18.64084],[-91.84015,18.64084],[-91.83991,18.64077],[-91.83989,18.64076],[-91.83974,18.64066],[-91.83972,18.64065],[-91.83972,18.64065],[-91.83972,18.64065],[-91.83972,18.64065],[-91.83974,18.64063],[-91.83978,18.64054],[-91.83978,18.64054],[-91.83978,18.64054],[-91.83975,18.64053],[-91.83975,18.64053],[-91.83968,18.64049],[-91.83968,18.64049],[-91.83968,18.64049],[-91.83969,18.64048],[-91.8397,18.64047],[-91.83979,18.64036],[-91.83979,18.64036],[-91.83971,18.64029],[-91.83971,18.64029],[-91.83971,18.64029],[-91.83971,18.64029],[-91.83968,18.64032],[-91.83968,18.64032],[-91.83968,18.64032],[-91.83974,18.64038],[-91.83974,18.64038],[-91.83963,18.6405],[-91.83963,18.64051],[-91.83961,18.64052],[-91.8396,18.64053],[-91.8396,18.64053],[-91.8396,18.64053],[-91.83952,18.64049],[-91.83908,18.64025],[-91.83907,18.64024],[-91.83907,18.64024],[-91.83892,18.64007],[-91.83892,18.64007],[-91.83888,18.64006],[-91.83886,18.64006],[-91.83885,18.64006],[-91.83878,18.63997],[-91.83878,18.63997],[-91.83864,18.63978],[-91.83864,18.63978],[-91.83855,18.63967],[-91.83855,18.63967],[-91.83855,18.63966],[-91.83855,18.63966],[-91.83855,18.63966],[-91.83855,18.6396],[-91.83855,18.63959],[-91.83855,18.63959],[-91.83847,18.63953],[-91.83847,18.63953],[-91.83847,18.63944],[-91.83844,18.63927],[-91.83844,18.63924],[-91.83842,18.63918],[-91.83841,18.63913],[-91.83841,18.63913],[-91.83836,18.63904],[-91.83834,18.63897],[-91.83833,18.63895],[-91.8383,18.6389],[-91.8383,18.6389],[-91.83828,18.63886],[-91.83828,18.63886],[-91.83827,18.63876],[-91.83826,18.6387],[-91.83826,18.6387],[-91.83826,18.63869],[-91.83827,18.63867],[-91.83828,18.63865],[-91.83828,18.63863],[-91.83829,18.63857],[-91.83829,18.63857],[-91.83829,18.63856],[-91.83829,18.6385],[-91.83829,18.63845],[-91.83829,18.63843],[-91.83828,18.63841],[-91.83828,18.63841],[-91.83826,18.63835],[-91.83824,18.63833],[-91.83824,18.63833],[-91.8382,18.63826],[-91.8382,18.63826],[-91.8382,18.63826],[-91.8382,18.63826],[-91.8382,18.63825],[-91.83821,18.63825],[-91.83822,18.63823],[-91.83822,18.63823],[-91.83821,18.63822],[-91.83819,18.6382],[-91.83819,18.6382],[-91.83819,18.6382],[-91.83817,18.63821],[-91.83816,18.63822],[-91.83816,18.63822],[-91.83816,18.63822],[-91.83816,18.63822],[-91.83808,18.63817],[-91.83808,18.63817],[-91.83796,18.63811],[-91.83785,18.63808],[-91.83778,18.63806],[-91.83778,18.63806],[-91.83753,18.63776],[-91.83753,18.63776],[-91.83749,18.6377],[-91.83749,18.6377],[-91.83749,18.6377],[-91.83749,18.6377],[-91.83749,18.6377],[-91.83749,18.6377],[-91.8375,18.6377],[-91.8375,18.6377],[-91.83753,18.63768],[-91.83754,18.63768],[-91.83768,18.63763],[-91.8378,18.6376],[-91.8378,18.6376],[-91.8378,18.6376],[-91.8378,18.6376],[-91.83784,18.63764],[-91.83788,18.63768],[-91.83788,18.63768],[-91.83795,18.6377],[-91.83795,18.6377],[-91.83803,18.6377],[-91.83811,18.63767],[-91.83811,18.63767],[-91.83812,18.63766],[-91.83815,18.63762],[-91.83817,18.63757],[-91.83818,18.63753],[-91.83818,18.63753],[-91.83818,18.63753],[-91.83811,18.63735],[-91.83811,18.63735],[-91.83804,18.63731],[-91.83804,18.63731],[-91.83799,18.63729],[-91.83795,18.63729],[-91.83795,18.63729],[-91.83789,18.6373],[-91.83785,18.63732],[-91.83785,18.63732],[-91.8378,18.63737],[-91.83779,18.63739],[-91.83778,18.63741],[-91.83778,18.63744],[-91.83778,18.63745],[-91.83778,18.63745],[-91.83778,18.63749],[-91.83778,18.63749],[-91.83778,18.63749],[-91.83778,18.6375],[-91.83778,18.63752],[-91.83778,18.63752],[-91.83777,18.63752],[-91.83745,18.63763],[-91.83744,18.63763],[-91.83744,18.63763],[-91.83744,18.63763],[-91.83726,18.63737],[-91.83726,18.63737],[-91.83723,18.63733],[-91.83723,18.63733],[-91.83722,18.63729],[-91.8372,18.63726],[-91.83717,18.63721],[-91.83717,18.63721],[-91.83716,18.6372],[-91.83716,18.6372],[-91.83712,18.63716],[-91.83712,18.63716],[-91.83704,18.63707],[-91.83704,18.63707],[-91.83703,18.63706],[-91.83703,18.63706],[-91.83703,18.63706],[-91.83703,18.63706],[-91.83703,18.63705],[-91.83704,18.63704],[-91.83707,18.63701],[-91.83709,18.63699],[-91.83709,18.63699],[-91.83708,18.63698],[-91.83698,18.63688],[-91.83698,18.63688],[-91.83698,18.63688],[-91.83698,18.63688],[-91.83698,18.63688],[-91.837,18.63687],[-91.837,18.63687],[-91.837,18.63687],[-91.837,18.63687],[-91.83698,18.63686],[-91.83696,18.63683],[-91.83696,18.63683],[-91.83621,18.63606],[-91.83621,18.63606],[-91.83619,18.63605],[-91.83619,18.63605],[-91.83619,18.63605],[-91.83621,18.63604],[-91.83623,18.63602],[-91.83635,18.6359],[-91.83635,18.6359],[-91.83635,18.6359],[-91.83635,18.6359],[-91.83638,18.63593],[-91.83638,18.63593],[-91.83638,18.63593],[-91.83638,18.63593],[-91.83638,18.63593],[-91.83643,18.63589],[-91.83643,18.63589],[-91.83642,18.63587],[-91.83636,18.63581],[-91.83636,18.63581],[-91.83636,18.63581],[-91.83636,18.63581],[-91.83636,18.63581],[-91.83632,18.63585],[-91.83631,18.63585],[-91.83631,18.63585],[-91.83631,18.63585],[-91.83631,18.63586],[-91.83631,18.63586],[-91.83632,18.63588],[-91.83632,18.63588],[-91.83632,18.63588],[-91.83631,18.63589],[-91.83631,18.63589],[-91.83629,18.63591],[-91.83629,18.63591],[-91.8362,18.63598],[-91.83609,18.63607],[-91.83609,18.63607],[-91.83608,18.63607],[-91.83608,18.63607],[-91.83608,18.63607],[-91.83593,18.6357],[-91.83581,18.63553],[-91.83551,18.63514],[-91.83541,18.63505],[-91.83529,18.63494],[-91.83515,18.63485],[-91.83514,18.63484],[-91.83513,18.63484],[-91.8351,18.63483],[-91.83473,18.63472],[-91.83465,18.63469],[-91.83465,18.63469],[-91.8345,18.63459],[-91.83435,18.63447],[-91.83436,18.63445],[-91.83438,18.63438],[-91.83438,18.63438],[-91.83435,18.63429],[-91.83432,18.63423],[-91.83424,18.63415],[-91.83424,18.63415],[-91.83403,18.63405],[-91.83401,18.63405],[-91.83401,18.63404],[-91.83398,18.63398],[-91.83397,18.63395],[-91.83398,18.63394],[-91.83398,18.63391],[-91.834,18.63388],[-91.834,18.63388],[-91.83399,18.63387],[-91.83397,18.63386],[-91.83397,18.63386],[-91.83397,18.63386],[-91.83388,18.63378],[-91.83388,18.63378],[-91.83388,18.63378],[-91.83388,18.63378],[-91.83385,18.63381],[-91.8338,18.63386],[-91.83379,18.63387],[-91.83379,18.63387],[-91.83379,18.63387],[-91.83379,18.63386],[-91.83359,18.6336],[-91.83359,18.6336],[-91.83359,18.6336],[-91.83359,18.63358],[-91.8336,18.63358],[-91.83361,18.63353],[-91.83361,18.63351],[-91.83361,18.63351],[-91.83361,18.63351],[-91.83361,18.63351],[-91.83358,18.6335],[-91.83352,18.63348],[-91.83351,18.63348],[-91.83351,18.63347],[-91.8335,18.63347],[-91.83341,18.63328],[-91.8334,18.63325],[-91.8334,18.63325],[-91.8334,18.63325],[-91.83341,18.63325],[-91.83341,18.63325],[-91.83343,18.63323],[-91.83358,18.63315],[-91.83358,18.63315],[-91.83358,18.63315],[-91.83357,18.63313],[-91.83353,18.63306],[-91.83353,18.63306],[-91.83353,18.63306],[-91.83353,18.63306],[-91.83352,18.63307],[-91.8335,18.63308],[-91.8335,18.63308],[-91.8335,18.63308],[-91.8335,18.63308],[-91.83353,18.63312],[-91.83354,18.63314],[-91.83354,18.63314],[-91.83354,18.63314],[-91.83341,18.63321],[-91.83341,18.63321],[-91.83332,18.63326],[-91.83332,18.63326],[-91.83331,18.63326],[-91.83329,18.63321],[-91.83329,18.63321],[-91.83329,18.63321],[-91.83329,18.63321],[-91.83329,18.63321],[-91.8333,18.6332],[-91.83337,18.63315],[-91.83337,18.63315],[-91.83337,18.63315],[-91.83337,18.63315],[-91.83337,18.63315],[-91.83336,18.63314],[-91.83334,18.63311],[-91.83324,18.633],[-91.83324,18.633],[-91.83324,18.633],[-91.83324,18.633],[-91.8332,18.63303],[-91.83318,18.63303],[-91.83318,18.63304],[-91.83318,18.63304],[-91.83318,18.63304],[-91.83309,18.63296],[-91.83309,18.63296],[-91.83298,18.63287],[-91.83298,18.63287],[-91.83295,18.63275],[-91.83295,18.63274],[-91.83287,18.63264],[-91.83287,18.63264],[-91.83284,18.6326],[-91.83284,18.6326],[-91.83274,18.63243],[-91.83274,18.63243],[-91.83274,18.63243],[-91.83255,18.63227],[-91.83231,18.63207],[-91.83231,18.63207],[-91.83231,18.63207],[-91.83228,18.63203],[-91.83229,18.63202],[-91.83233,18.63197],[-91.83233,18.63197],[-91.83234,18.63196],[-91.83233,18.63195],[-91.83233,18.63195],[-91.83233,18.63195],[-91.83233,18.63195],[-91.83232,18.63196],[-91.83232,18.63196],[-91.83227,18.63202],[-91.83227,18.63202],[-91.83227,18.63201],[-91.83226,18.63201],[-91.83226,18.63201],[-91.83217,18.63192],[-91.83217,18.63192],[-91.83216,18.63192],[-91.83213,18.63192],[-91.83213,18.63192],[-91.8321,18.63192],[-91.83209,18.63192],[-91.83208,18.63192],[-91.83207,18.63191],[-91.83206,18.63191],[-91.83205,18.63191],[-91.83202,18.6319],[-91.83202,18.6319],[-91.832,18.63192],[-91.83198,18.63193],[-91.83197,18.63193],[-91.83196,18.63194],[-91.83196,18.63194],[-91.83186,18.6319],[-91.83186,18.6319],[-91.83178,18.63181],[-91.83178,18.63181],[-91.83176,18.63171],[-91.83176,18.6317],[-91.83175,18.63169],[-91.83175,18.63167],[-91.83175,18.63167],[-91.83166,18.63161],[-91.83164,18.63159],[-91.83156,18.63153],[-91.83146,18.63146],[-91.83145,18.63145],[-91.83144,18.63144],[-91.83144,18.63144],[-91.83144,18.63144],[-91.83145,18.63142],[-91.83145,18.6314],[-91.83147,18.63138],[-91.83147,18.63138],[-91.83147,18.63138],[-91.8315,18.63141],[-91.83195,18.63172],[-91.83195,18.63172],[-91.83195,18.63172],[-91.83203,18.63162],[-91.83202,18.63161],[-91.83166,18.63136],[-91.8312,18.63105],[-91.83118,18.63103],[-91.83118,18.63103],[-91.83118,18.63103],[-91.83112,18.63112],[-91.83111,18.63114],[-91.83133,18.63129],[-91.83141,18.63135],[-91.83142,18.63136],[-91.83141,18.63137],[-91.83141,18.63138],[-91.8314,18.63139],[-91.8314,18.63139],[-91.83138,18.63139],[-91.83137,18.63139],[-91.83114,18.63132],[-91.83114,18.63132],[-91.83098,18.63108],[-91.83059,18.63066],[-91.83059,18.63066],[-91.83059,18.63066],[-91.83059,18.63066],[-91.83059,18.63066],[-91.83059,18.63066],[-91.83059,18.63066],[-91.83058,18.63066],[-91.83038,18.63086],[-91.83035,18.6309],[-91.83035,18.6309],[-91.83025,18.63091],[-91.83025,18.63091],[-91.83014,18.63104],[-91.83014,18.63104],[-91.83014,18.63104],[-91.83014,18.63104],[-91.83013,18.63104],[-91.83013,18.63103],[-91.83004,18.63098],[-91.83004,18.63098],[-91.83004,18.63098],[-91.83006,18.63096],[-91.83013,18.63087],[-91.83013,18.63087],[-91.83013,18.63086],[-91.83013,18.63086],[-91.83013,18.63085],[-91.83013,18.6308],[-91.83013,18.6308],[-91.83013,18.63072],[-91.83013,18.63072],[-91.83014,18.63071],[-91.83014,18.6307],[-91.8303,18.6305],[-91.8303,18.6305],[-91.8303,18.6305],[-91.8303,18.6305],[-91.83029,18.63049],[-91.83025,18.63045],[-91.83025,18.63045],[-91.83025,18.63045],[-91.83025,18.63045],[-91.82999,18.63055],[-91.82989,18.63059],[-91.82989,18.63059],[-91.82978,18.63066],[-91.82977,18.63066],[-91.82971,18.63065],[-91.82967,18.63065],[-91.82967,18.63065],[-91.82966,18.63065],[-91.82956,18.63059],[-91.82949,18.63053],[-91.82946,18.63051],[-91.82942,18.63047],[-91.82942,18.63047],[-91.82942,18.63047],[-91.82941,18.63047],[-91.82927,18.63047],[-91.82926,18.63047],[-91.82926,18.63047],[-91.82924,18.6305],[-91.82922,18.63052],[-91.82921,18.63054],[-91.82921,18.63054],[-91.82921,18.63054],[-91.8292,18.63054],[-91.82908,18.63057],[-91.82896,18.63056],[-91.82896,18.63056],[-91.82896,18.63056],[-91.82882,18.63055],[-91.82869,18.63053],[-91.82856,18.63048],[-91.82856,18.63048],[-91.82856,18.63048],[-91.82856,18.63048],[-91.82856,18.63046],[-91.82856,18.63045],[-91.82857,18.63044],[-91.82857,18.63041],[-91.82857,18.63041],[-91.82857,18.63041],[-91.82857,18.63041],[-91.82854,18.6304],[-91.82854,18.6304],[-91.82854,18.6304],[-91.82854,18.6304],[-91.82855,18.63038],[-91.82862,18.63017],[-91.82862,18.63017],[-91.82862,18.63017],[-91.82863,18.63017],[-91.82867,18.63018],[-91.82867,18.63018],[-91.82867,18.63018],[-91.82868,18.63016],[-91.82868,18.63016],[-91.82867,18.63016],[-91.82867,18.63016],[-91.82864,18.63014],[-91.82861,18.63014],[-91.82861,18.63014],[-91.82861,18.63014],[-91.82861,18.63014],[-91.82862,18.63012],[-91.82865,18.62999],[-91.82865,18.62999],[-91.82865,18.62999],[-91.82872,18.63],[-91.82872,18.63001],[-91.82872,18.63],[-91.82878,18.62981],[-91.82878,18.62981],[-91.82877,18.62981],[-91.82877,18.62981],[-91.82873,18.62981],[-91.82873,18.62981],[-91.82873,18.62981],[-91.82873,18.62981],[-91.82873,18.62981],[-91.82873,18.62979],[-91.82875,18.62973],[-91.82875,18.62973],[-91.82875,18.62973],[-91.82874,18.62973],[-91.82872,18.62972],[-91.82872,18.62972],[-91.82872,18.62972],[-91.82871,18.62978],[-91.82871,18.62978],[-91.82871,18.62978],[-91.82865,18.62977],[-91.82865,18.62977],[-91.82865,18.62977],[-91.82856,18.63004],[-91.82855,18.63007],[-91.82855,18.63007],[-91.82855,18.63007],[-91.82855,18.63007],[-91.8286,18.63009],[-91.82861,18.63009],[-91.82861,18.63009],[-91.82861,18.63009],[-91.82857,18.63022],[-91.82852,18.63039],[-91.82852,18.63039],[-91.82852,18.63039],[-91.8285,18.63039],[-91.82848,18.63039],[-91.82848,18.63039],[-91.82848,18.6304],[-91.82847,18.63043],[-91.82847,18.63045],[-91.82846,18.63048],[-91.82846,18.63048],[-91.82839,18.63047],[-91.82839,18.63047],[-91.82839,18.63047],[-91.82838,18.63043],[-91.82838,18.63042],[-91.82809,18.63035],[-91.82809,18.63034],[-91.82804,18.63041],[-91.82804,18.63041],[-91.82804,18.63041],[-91.82803,18.63041],[-91.82801,18.63041],[-91.82788,18.63038],[-91.82772,18.63036],[-91.82757,18.63031],[-91.82757,18.63031],[-91.82754,18.63025],[-91.82754,18.63025],[-91.82754,18.63025],[-91.82741,18.63024],[-91.82741,18.63024],[-91.82741,18.63024],[-91.82741,18.63016],[-91.82741,18.63016],[-91.82736,18.63016],[-91.82736,18.63017],[-91.82736,18.63019],[-91.82736,18.63021],[-91.82736,18.63023],[-91.82733,18.63023],[-91.82718,18.63023],[-91.82718,18.63026],[-91.82716,18.63037],[-91.82712,18.63037],[-91.82712,18.63037],[-91.82691,18.63035],[-91.82691,18.63035],[-91.82656,18.63024],[-91.82656,18.63024],[-91.82595,18.63033],[-91.82595,18.63033],[-91.82595,18.63032],[-91.82587,18.6302],[-91.82589,18.63019],[-91.82593,18.63016],[-91.82593,18.63016],[-91.82593,18.63016],[-91.82592,18.63015],[-91.82589,18.63011],[-91.82585,18.63006],[-91.82569,18.62988],[-91.82556,18.62971],[-91.82544,18.62948],[-91.82539,18.62927],[-91.82539,18.62927],[-91.82541,18.62907],[-91.82545,18.629],[-91.82545,18.629],[-91.82584,18.62869],[-91.82584,18.62869],[-91.82616,18.62815],[-91.82616,18.62815],[-91.82631,18.62806],[-91.82631,18.62806],[-91.82632,18.62804],[-91.82633,18.62803],[-91.82633,18.62803],[-91.82654,18.62811],[-91.82654,18.62811],[-91.82658,18.62804],[-91.8266,18.62798],[-91.8266,18.62798],[-91.8266,18.62798],[-91.82631,18.62785],[-91.8247,18.62848],[-91.8247,18.62848],[-91.82468,18.62859],[-91.82442,18.62933],[-91.82426,18.62984],[-91.82426,18.62984],[-91.82409,18.62996],[-91.82378,18.63016],[-91.82328,18.63057],[-91.82328,18.63057],[-91.82306,18.63076],[-91.82306,18.63076],[-91.82267,18.63077],[-91.82267,18.63077],[-91.82262,18.63065],[-91.82248,18.63051],[-91.82248,18.63051],[-91.82229,18.63045],[-91.82229,18.63045],[-91.82229,18.63045],[-91.82237,18.63021],[-91.82237,18.63021],[-91.82237,18.63021],[-91.82198,18.63021],[-91.82178,18.63021],[-91.82178,18.63021],[-91.82155,18.63005],[-91.82155,18.63005],[-91.82135,18.62996],[-91.82115,18.62992],[-91.82103,18.62992],[-91.82103,18.62992],[-91.821,18.62989],[-91.82076,18.62971],[-91.82056,18.62954],[-91.82036,18.62939],[-91.82029,18.62933],[-91.82021,18.62926],[-91.82006,18.62917],[-91.81998,18.62909],[-91.81988,18.629],[-91.81988,18.629],[-91.81968,18.62901],[-91.81944,18.62915],[-91.81875,18.62956],[-91.8181,18.63],[-91.8181,18.63],[-91.8181,18.63],[-91.81813,18.63004],[-91.81821,18.6301],[-91.81821,18.6301],[-91.81821,18.6301],[-91.81821,18.6301],[-91.81789,18.63028],[-91.81725,18.63081],[-91.81725,18.63081],[-91.81677,18.63116],[-91.8165,18.6313],[-91.81627,18.63142],[-91.81601,18.63156],[-91.81586,18.63161],[-91.81576,18.63163],[-91.81537,18.63167],[-91.81508,18.63173],[-91.8149,18.63163],[-91.81459,18.63168],[-91.81456,18.63168],[-91.81432,18.63164],[-91.81428,18.63161],[-91.8141,18.63148],[-91.81375,18.6315],[-91.81364,18.63143],[-91.81361,18.63144],[-91.81355,18.63147],[-91.81323,18.63154],[-91.81304,18.63156],[-91.81293,18.63157],[-91.81286,18.63155],[-91.81267,18.63151],[-91.81261,18.63148],[-91.81255,18.63146],[-91.81249,18.63146],[-91.81235,18.63152],[-91.81211,18.63152],[-91.8119,18.63156],[-91.81167,18.63159],[-91.81143,18.63158],[-91.81124,18.63156],[-91.8111,18.63152],[-91.81102,18.63146],[-91.81057,18.63189],[-91.81012,18.63227],[-91.80999,18.63234],[-91.80988,18.63242],[-91.80973,18.63256],[-91.80955,18.63269],[-91.80936,18.63277],[-91.80913,18.63288],[-91.80879,18.63299],[-91.80876,18.6331],[-91.80883,18.63318],[-91.80854,18.63323],[-91.80836,18.63325],[-91.80802,18.63343],[-91.80793,18.6332],[-91.8076,18.6334],[-91.80721,18.63369],[-91.80687,18.63396],[-91.80673,18.63388],[-91.8066,18.6338],[-91.80659,18.63368],[-91.80652,18.63376],[-91.80652,18.63376],[-91.80626,18.63352],[-91.80607,18.63367],[-91.80543,18.63403],[-91.80535,18.63401],[-91.80535,18.63401],[-91.80533,18.63405],[-91.80533,18.63405],[-91.80537,18.6341],[-91.80541,18.63414],[-91.80544,18.63423],[-91.80546,18.63429],[-91.80549,18.63436],[-91.80549,18.63443],[-91.80549,18.63443],[-91.80557,18.63443],[-91.80557,18.63443],[-91.80559,18.6344],[-91.80559,18.6344],[-91.80565,18.63438],[-91.80577,18.63434],[-91.80587,18.63437],[-91.80588,18.63441],[-91.80588,18.63441],[-91.80588,18.63441],[-91.8058,18.63445],[-91.8058,18.63445],[-91.80591,18.63458],[-91.80592,18.63482],[-91.80543,18.63523],[-91.80499,18.63578],[-91.80478,18.63607],[-91.80459,18.63614],[-91.80451,18.63668],[-91.80403,18.63668],[-91.804,18.63723],[-91.804,18.63723],[-91.80401,18.63748],[-91.80412,18.63772],[-91.80417,18.63779],[-91.80414,18.63799],[-91.80414,18.63799],[-91.8041,18.63819],[-91.8041,18.63819],[-91.8041,18.63819],[-91.8041,18.63819],[-91.80369,18.63832],[-91.8028,18.63852],[-91.80257,18.63869],[-91.80257,18.63869],[-91.80245,18.63881],[-91.80236,18.63893],[-91.80229,18.63906],[-91.80218,18.63918],[-91.80206,18.63932],[-91.80194,18.63946],[-91.80191,18.63954],[-91.80186,18.63973],[-91.80178,18.63988],[-91.80163,18.64001],[-91.80157,18.64014],[-91.80155,18.64029],[-91.80155,18.64029],[-91.80155,18.64041],[-91.80155,18.64041],[-91.80157,18.64055],[-91.80166,18.64074],[-91.80173,18.6408],[-91.80176,18.64089],[-91.80181,18.641],[-91.80185,18.64109],[-91.8019,18.64119],[-91.80198,18.6413],[-91.80205,18.64138],[-91.80212,18.64144],[-91.80219,18.64149],[-91.80229,18.64157],[-91.80239,18.64166],[-91.80248,18.6417],[-91.80257,18.64176],[-91.80269,18.64187],[-91.80277,18.64194],[-91.80284,18.64199],[-91.80292,18.64203],[-91.80323,18.64197],[-91.80377,18.64197],[-91.80375,18.64209],[-91.80375,18.64209],[-91.80366,18.64225],[-91.80359,18.64235],[-91.80355,18.64241],[-91.80354,18.64246],[-91.80354,18.64246],[-91.80359,18.64252],[-91.80359,18.64252],[-91.80358,18.64253],[-91.80358,18.64253],[-91.80351,18.64251],[-91.80351,18.64251],[-91.80346,18.64258],[-91.80341,18.64264],[-91.80338,18.64269],[-91.80334,18.64274],[-91.80334,18.64274],[-91.80331,18.64276],[-91.80326,18.64278],[-91.80322,18.6428],[-91.80319,18.64282],[-91.80315,18.64283],[-91.80311,18.64284],[-91.80306,18.64285],[-91.80302,18.64286],[-91.80297,18.64286],[-91.8029,18.64285],[-91.80272,18.64278],[-91.80219,18.64253],[-91.80219,18.64253],[-91.8021,18.64267],[-91.8021,18.64267],[-91.80205,18.64269],[-91.80197,18.64269],[-91.80192,18.64263],[-91.80189,18.64239],[-91.80162,18.64196],[-91.80128,18.64165],[-91.80102,18.64146],[-91.80066,18.6411],[-91.80035,18.64075],[-91.80019,18.64055],[-91.79999,18.64046],[-91.79989,18.64045],[-91.79972,18.64049],[-91.79956,18.64051],[-91.79943,18.6405],[-91.79934,18.64038],[-91.79922,18.64039],[-91.79905,18.64039],[-91.79896,18.6404],[-91.79878,18.64041],[-91.79862,18.64051],[-91.79831,18.64048],[-91.7982,18.64045],[-91.79809,18.64052],[-91.79808,18.64069],[-91.79805,18.64073],[-91.79781,18.64099],[-91.79773,18.64108],[-91.79755,18.64124],[-91.79716,18.64143],[-91.79713,18.64145],[-91.7971,18.64145],[-91.79683,18.64144],[-91.79681,18.64135],[-91.79658,18.6413],[-91.79648,18.64136],[-91.79625,18.64133],[-91.79609,18.6413],[-91.79593,18.64123],[-91.79588,18.64121],[-91.79562,18.64099],[-91.79543,18.641],[-91.79535,18.64095],[-91.79533,18.64094],[-91.79512,18.64084],[-91.79508,18.64095],[-91.79499,18.64086],[-91.79492,18.64079],[-91.79477,18.64069],[-91.7945,18.64036],[-91.7944,18.64003],[-91.79438,18.63996],[-91.79437,18.6399],[-91.79419,18.63973],[-91.79418,18.63969],[-91.79417,18.63966],[-91.79415,18.6396],[-91.79399,18.63939],[-91.79386,18.6395],[-91.79374,18.6394],[-91.79374,18.6394],[-91.79385,18.63926],[-91.79385,18.63926],[-91.79285,18.63863],[-91.79285,18.63863],[-91.79289,18.63859],[-91.79294,18.63854],[-91.79294,18.63854],[-91.79301,18.6385],[-91.79306,18.63847],[-91.79314,18.63844],[-91.79323,18.63843],[-91.79333,18.63843],[-91.79347,18.63847],[-91.79361,18.63856],[-91.79387,18.63878],[-91.794,18.63892],[-91.79413,18.63909],[-91.79424,18.63929],[-91.79431,18.63933],[-91.79449,18.63939],[-91.79458,18.63943],[-91.79464,18.63949],[-91.79472,18.63974],[-91.79476,18.63991],[-91.79481,18.63999],[-91.79482,18.64004],[-91.79481,18.6401],[-91.79481,18.6401],[-91.7948,18.64013],[-91.7948,18.64013],[-91.79483,18.64023],[-91.79493,18.64047],[-91.79498,18.64057],[-91.79502,18.64057],[-91.79502,18.64056],[-91.79504,18.64052],[-91.79506,18.64049],[-91.79506,18.64049],[-91.79509,18.64049],[-91.79513,18.64052],[-91.7952,18.64052],[-91.7952,18.64052],[-91.7952,18.6405],[-91.7952,18.6405],[-91.79521,18.64043],[-91.79521,18.64043],[-91.79521,18.64033],[-91.79524,18.64027],[-91.79524,18.64026],[-91.79529,18.64023],[-91.79529,18.64023],[-91.79531,18.6402],[-91.79532,18.64018],[-91.79532,18.64018],[-91.79533,18.64013],[-91.79533,18.64013],[-91.79533,18.64011],[-91.79532,18.64009],[-91.79532,18.64009],[-91.79533,18.64005],[-91.79533,18.64005],[-91.79533,18.64001],[-91.79532,18.63996],[-91.79532,18.63996],[-91.79533,18.63992],[-91.79532,18.63988],[-91.79532,18.63988],[-91.79532,18.63983],[-91.7953,18.63979],[-91.79527,18.63976],[-91.79526,18.63971],[-91.79524,18.63966],[-91.79518,18.63965],[-91.79516,18.6396],[-91.79514,18.63954],[-91.79506,18.63944],[-91.79494,18.63931],[-91.7946,18.63897],[-91.79418,18.63864],[-91.79375,18.63822],[-91.79351,18.638],[-91.79322,18.63775],[-91.79295,18.63754],[-91.79258,18.63729],[-91.79232,18.63713],[-91.79182,18.63682],[-91.7915,18.6366],[-91.79098,18.63631],[-91.79025,18.63599],[-91.78987,18.63581],[-91.7893,18.63565],[-91.78896,18.63556],[-91.7887,18.63546],[-91.7886,18.6354],[-91.78838,18.63529],[-91.7882,18.63522],[-91.78793,18.63513],[-91.78784,18.6351],[-91.78764,18.63507],[-91.78753,18.635],[-91.7874,18.6349],[-91.78718,18.63484],[-91.787,18.63483],[-91.78692,18.63482],[-91.78683,18.63479],[-91.78667,18.63474],[-91.78642,18.63467],[-91.78638,18.63463],[-91.78631,18.63455],[-91.78621,18.63446],[-91.78604,18.63441],[-91.78578,18.63434],[-91.78532,18.63429],[-91.78504,18.63423],[-91.78475,18.63415],[-91.78469,18.63415],[-91.78461,18.63417],[-91.78448,18.63428],[-91.78428,18.63436],[-91.78407,18.63439],[-91.78371,18.63459],[-91.78354,18.63473],[-91.78354,18.63473],[-91.78336,18.63481],[-91.78311,18.63492],[-91.78285,18.63505],[-91.78259,18.63514],[-91.78245,18.63505],[-91.78245,18.63505],[-91.78251,18.63495],[-91.78251,18.63495],[-91.78242,18.63488],[-91.78236,18.63484],[-91.78231,18.63483],[-91.78213,18.63487],[-91.78205,18.63487],[-91.78197,18.63485],[-91.78188,18.63486],[-91.78181,18.6349],[-91.78181,18.6349],[-91.78176,18.63495],[-91.78176,18.63495],[-91.78171,18.63499],[-91.78165,18.63499],[-91.7816,18.63499],[-91.78155,18.63498],[-91.78149,18.63496],[-91.7814,18.63493],[-91.78128,18.63491],[-91.78121,18.6349],[-91.78104,18.63489],[-91.7808,18.63492],[-91.7806,18.63502],[-91.78022,18.63515],[-91.77998,18.63514],[-91.7798,18.63517],[-91.77946,18.63515],[-91.77924,18.63519],[-91.77905,18.63512],[-91.77905,18.63512],[-91.77899,18.63518],[-91.77899,18.63518],[-91.77876,18.6352],[-91.77876,18.6352],[-91.77848,18.63544],[-91.77848,18.63544],[-91.77826,18.63557],[-91.77819,18.63554],[-91.77809,18.63552],[-91.77797,18.63549],[-91.77785,18.63552],[-91.77768,18.63548],[-91.77757,18.63544],[-91.77757,18.63544],[-91.77748,18.63554],[-91.77744,18.63558],[-91.77744,18.63558],[-91.77738,18.63561],[-91.77727,18.63561],[-91.77687,18.63565],[-91.77637,18.63563],[-91.77607,18.63569],[-91.77589,18.63574],[-91.77574,18.63577],[-91.77529,18.63596],[-91.77529,18.63596],[-91.77519,18.63607],[-91.77519,18.63608],[-91.77486,18.63612],[-91.77435,18.63618],[-91.77337,18.63661],[-91.77249,18.63691],[-91.77222,18.63711],[-91.77222,18.63711],[-91.7722,18.63715],[-91.77218,18.6372],[-91.77184,18.63748],[-91.77184,18.63748],[-91.77143,18.63782],[-91.77143,18.63782],[-91.77119,18.63807],[-91.77112,18.63819],[-91.77105,18.63831],[-91.77088,18.63847],[-91.77088,18.63847],[-91.77067,18.63864],[-91.77067,18.63864],[-91.77064,18.63867],[-91.77051,18.6403],[-91.77051,18.6403],[-91.77028,18.64058],[-91.76986,18.64099],[-91.76932,18.64145],[-91.76932,18.64145],[-91.76915,18.64162],[-91.76915,18.64162],[-91.76895,18.64178],[-91.76809,18.64212],[-91.76809,18.64212],[-91.76766,18.64269],[-91.76726,18.64331],[-91.76726,18.64331],[-91.76705,18.64345],[-91.76705,18.64345],[-91.76696,18.64379],[-91.76684,18.6439],[-91.76679,18.64402],[-91.76673,18.64435],[-91.76673,18.64435],[-91.76649,18.64472],[-91.7663,18.64491],[-91.76611,18.64529],[-91.76606,18.64553],[-91.76606,18.64553],[-91.76597,18.64568],[-91.76591,18.6458],[-91.76583,18.6464],[-91.76583,18.6464],[-91.76583,18.6464],[-91.76558,18.64656],[-91.76539,18.6467],[-91.76539,18.6467],[-91.76532,18.64686],[-91.76523,18.64694],[-91.76523,18.64694],[-91.76515,18.64694],[-91.76494,18.64683],[-91.76485,18.64681],[-91.76475,18.64683],[-91.76461,18.64688],[-91.76443,18.64698],[-91.76443,18.64698],[-91.76438,18.64703],[-91.76435,18.64709],[-91.76431,18.64723],[-91.76423,18.64733],[-91.7642,18.64737],[-91.7642,18.64737],[-91.76405,18.64745],[-91.76385,18.64748],[-91.76366,18.64752],[-91.76348,18.6476],[-91.76348,18.6476],[-91.76345,18.64763],[-91.76341,18.64772],[-91.76338,18.6479],[-91.76338,18.6479],[-91.76331,18.64798],[-91.76325,18.64805],[-91.76325,18.64805],[-91.76297,18.64821],[-91.76297,18.64821],[-91.76289,18.64828],[-91.76279,18.64845],[-91.76279,18.64854],[-91.76279,18.64854],[-91.76281,18.64862],[-91.76295,18.64881],[-91.76299,18.64891],[-91.76299,18.64904],[-91.76299,18.64904],[-91.76293,18.64913],[-91.76293,18.64913],[-91.76287,18.64917],[-91.7623,18.64942],[-91.76215,18.64955],[-91.76215,18.64955],[-91.76207,18.64959],[-91.76207,18.64959],[-91.762,18.6497],[-91.76191,18.64989],[-91.76185,18.64994],[-91.76185,18.64994],[-91.76177,18.64996],[-91.76166,18.64996],[-91.76154,18.64996],[-91.76134,18.64996],[-91.76124,18.64998],[-91.76114,18.65004],[-91.76105,18.65011],[-91.76095,18.65017],[-91.76076,18.65029],[-91.76076,18.65029],[-91.76059,18.65043],[-91.76059,18.65043],[-91.7605,18.65049],[-91.76016,18.65057],[-91.76016,18.65057],[-91.76012,18.65063],[-91.76012,18.65063],[-91.75997,18.65067],[-91.75986,18.65068],[-91.75976,18.65069],[-91.75967,18.65073],[-91.75957,18.6508],[-91.75957,18.6508],[-91.75947,18.65088],[-91.75939,18.65096],[-91.75931,18.65104],[-91.75924,18.65113],[-91.75918,18.65122],[-91.75915,18.65132],[-91.75904,18.65158],[-91.75899,18.65162],[-91.75899,18.65162],[-91.75892,18.65168],[-91.75886,18.65177],[-91.75879,18.65187],[-91.75872,18.65196],[-91.75867,18.65203],[-91.75864,18.65208],[-91.75859,18.65215],[-91.75847,18.65234],[-91.75843,18.65246],[-91.75841,18.65253],[-91.75841,18.65253],[-91.75841,18.65258],[-91.75841,18.65258],[-91.75841,18.65265],[-91.75841,18.65265],[-91.75844,18.65271],[-91.75847,18.65274],[-91.7585,18.65282],[-91.75852,18.65286],[-91.75852,18.6529],[-91.75852,18.65296],[-91.75852,18.65296],[-91.75851,18.65302],[-91.75851,18.65302],[-91.75846,18.65311],[-91.75843,18.65318],[-91.75837,18.65326],[-91.75834,18.65334],[-91.7583,18.65341],[-91.75824,18.65348],[-91.75818,18.65356],[-91.75818,18.65356],[-91.75801,18.65368],[-91.75801,18.65368],[-91.75785,18.65382],[-91.75776,18.65394],[-91.75765,18.65403],[-91.75765,18.65403],[-91.7576,18.65411],[-91.75754,18.65419],[-91.75746,18.65433],[-91.75738,18.6544],[-91.75738,18.6544],[-91.7573,18.65445],[-91.7572,18.65452],[-91.7572,18.65453],[-91.75713,18.6546],[-91.75694,18.65477],[-91.75694,18.65478],[-91.75671,18.65489],[-91.7564,18.655],[-91.75621,18.6551],[-91.75591,18.65528],[-91.75576,18.65539],[-91.75576,18.65539],[-91.75571,18.65546],[-91.75564,18.65555],[-91.75554,18.65564],[-91.75554,18.65564],[-91.75543,18.65573],[-91.75533,18.65578],[-91.75517,18.65581],[-91.75505,18.65585],[-91.75498,18.6559],[-91.75498,18.6559],[-91.7549,18.65602],[-91.75486,18.6562],[-91.75477,18.6565],[-91.75463,18.65668],[-91.75451,18.65682],[-91.75442,18.65692],[-91.75434,18.65702],[-91.7543,18.65709],[-91.75421,18.65717],[-91.75421,18.65717],[-91.7541,18.65724],[-91.75402,18.65729],[-91.75395,18.65732],[-91.7538,18.65743],[-91.7537,18.65752],[-91.7537,18.65752],[-91.75356,18.65761],[-91.75333,18.65778],[-91.7531,18.65791],[-91.7531,18.65791],[-91.75302,18.65801],[-91.75299,18.65808],[-91.75299,18.65808],[-91.753,18.65813],[-91.75301,18.65817],[-91.75301,18.65821],[-91.75301,18.65821],[-91.75296,18.65826],[-91.75296,18.65826],[-91.75291,18.6583],[-91.75279,18.65833],[-91.75272,18.65833],[-91.75267,18.65833],[-91.75259,18.65833],[-91.75251,18.65836],[-91.75242,18.65841],[-91.75242,18.65841],[-91.75238,18.65845],[-91.75238,18.65845],[-91.75231,18.65846],[-91.75229,18.65846],[-91.75228,18.65846],[-91.75225,18.65844],[-91.75223,18.65843],[-91.75215,18.65843],[-91.75207,18.65843],[-91.75197,18.65846],[-91.75191,18.65847],[-91.75191,18.65847],[-91.75182,18.65856],[-91.75177,18.65866],[-91.75168,18.65877],[-91.75159,18.65888],[-91.75159,18.65896],[-91.75159,18.65896],[-91.75159,18.65899],[-91.75155,18.65903],[-91.75155,18.65903],[-91.75146,18.65908],[-91.75133,18.65915],[-91.75125,18.6592],[-91.7511,18.65928],[-91.75098,18.65935],[-91.75085,18.65942],[-91.75071,18.65947],[-91.75063,18.6595],[-91.75052,18.65958],[-91.75052,18.65958],[-91.75047,18.65966],[-91.75044,18.65972],[-91.75041,18.65976],[-91.75041,18.65976],[-91.75036,18.65979],[-91.75031,18.65981],[-91.75019,18.65981],[-91.75011,18.65981],[-91.75001,18.65983],[-91.74995,18.65985],[-91.74986,18.65988],[-91.74976,18.65994],[-91.74976,18.65995],[-91.74955,18.66019],[-91.74944,18.66033],[-91.74942,18.66041],[-91.74942,18.66041],[-91.74938,18.66045],[-91.74938,18.66045],[-91.74932,18.66049],[-91.74926,18.66051],[-91.74905,18.66063],[-91.74905,18.66063],[-91.74893,18.66077],[-91.74889,18.66086],[-91.74887,18.66096],[-91.74887,18.66096],[-91.74887,18.66096],[-91.74888,18.66104],[-91.74888,18.66104],[-91.74887,18.66107],[-91.74887,18.66108],[-91.74887,18.66109],[-91.74886,18.6611],[-91.74886,18.6611],[-91.74881,18.66111],[-91.74871,18.66114],[-91.74864,18.66118],[-91.74864,18.66118],[-91.74851,18.66129],[-91.74851,18.66129],[-91.74835,18.66142],[-91.74835,18.66142],[-91.74827,18.66148],[-91.74827,18.66148],[-91.74824,18.66152],[-91.74817,18.66159],[-91.74809,18.66168],[-91.74804,18.66174],[-91.74804,18.66174],[-91.74797,18.66178],[-91.7479,18.66179],[-91.74784,18.66179],[-91.74784,18.66179],[-91.74779,18.66177],[-91.74772,18.66172],[-91.74765,18.66168],[-91.74763,18.66167],[-91.74743,18.66168],[-91.74726,18.6617],[-91.74726,18.6617],[-91.74714,18.66182]]]}},{"type":"Feature","properties":{"cvegeo":"040030005","cve_ent":"04","fuente":"INEGI — Marco Geoestadístico 2024","fecha_corte":"2024-08","cve_mun":"04003","nombre":"Nuevo Progreso","ambito":"Urbana"},"geometry":{"type":"Polygon","coordinates":[[[-92.28906,18.62938],[-92.28907,18.62938],[-92.28908,18.62925],[-92.2891,18.62909],[-92.28998,18.6292],[-92.29012,18.62922],[-92.29016,18.62923],[-92.29018,18.62908],[-92.2902,18.62905],[-92.29118,18.62919],[-92.29121,18.62875],[-92.29121,18.62871],[-92.29122,18.62854],[-92.29307,18.62887],[-92.29374,18.629],[-92.29486,18.62921],[-92.29486,18.62927],[-92.29686,18.62967],[-92.29706,18.62833],[-92.29744,18.62833],[-92.29909,18.62847],[-92.30106,18.62871],[-92.30107,18.62857],[-92.3035,18.629],[-92.30361,18.62713],[-92.3035,18.62589],[-92.3035,18.62585],[-92.3089,18.62656],[-92.31278,18.6272],[-92.31454,18.62755],[-92.31457,18.62756],[-92.31464,18.62755],[-92.31478,18.62754],[-92.31651,18.62767],[-92.31657,18.62767],[-92.31657,18.62685],[-92.31657,18.62655],[-92.31658,18.6252],[-92.3181,18.6254],[-92.31935,18.62558],[-92.31966,18.62562],[-92.31919,18.6254],[-92.31892,18.62522],[-92.31872,18.62505],[-92.31839,18.62473],[-92.31824,18.62445],[-92.31678,18.6223],[-92.31635,18.62179],[-92.3159,18.62138],[-92.31561,18.62115],[-92.31515,18.62087],[-92.31471,18.62062],[-92.31426,18.62044],[-92.31397,18.62036],[-92.31358,18.62027],[-92.30918,18.61964],[-92.30158,18.61858],[-92.29509,18.61766],[-92.2937,18.61747],[-92.29356,18.61745],[-92.2915,18.61717],[-92.29026,18.61699],[-92.28447,18.61618],[-92.28412,18.61616],[-92.28372,18.61616],[-92.28324,18.61619],[-92.28275,18.61627],[-92.28196,18.61649],[-92.28145,18.61671],[-92.28113,18.61688],[-92.28063,18.6172],[-92.27999,18.6177],[-92.27764,18.61981],[-92.27726,18.62002],[-92.27709,18.62011],[-92.2769,18.62019],[-92.27667,18.62028],[-92.27647,18.62035],[-92.27774,18.62048],[-92.27781,18.62049],[-92.27754,18.62287],[-92.28003,18.62318],[-92.27992,18.62423],[-92.28114,18.62438],[-92.28079,18.62676],[-92.28392,18.62724],[-92.28567,18.62743],[-92.28586,18.62649],[-92.28751,18.62674],[-92.28733,18.62896],[-92.28867,18.62929],[-92.28906,18.62938]]]}},{"type":"Feature","properties":{"cvegeo":"040030006","cve_ent":"04","fuente":"INEGI — Marco Geoestadístico 2024","fecha_corte":"2024-08","cve_mun":"04003","nombre":"Atasta","ambito":"Urbana"},"geometry":{"type":"Polygon","coordinates":[[[-92.05065,18.62295],[-92.05084,18.62297],[-92.05092,18.62302],[-92.05109,18.62301],[-92.05121,18.62293],[-92.05144,18.62286],[-92.05162,18.6227],[-92.0519,18.62263],[-92.0522,18.62276],[-92.0526,18.62281],[-92.05291,18.62278],[-92.05323,18.62277],[-92.0536,18.62272],[-92.05392,18.62275],[-92.05435,18.62281],[-92.05494,18.62272],[-92.0555,18.62271],[-92.05645,18.62265],[-92.05877,18.62248],[-92.0609,18.62238],[-92.06113,18.62247],[-92.06314,18.62231],[-92.06358,18.62224],[-92.06425,18.62226],[-92.06492,18.62214],[-92.06539,18.62221],[-92.06563,18.6223],[-92.06589,18.62226],[-92.06626,18.62211],[-92.0675,18.62207],[-92.06963,18.62203],[-92.07059,18.62193],[-92.07199,18.62193],[-92.07648,18.62173],[-92.07696,18.6217],[-92.07743,18.62173],[-92.07767,18.62179],[-92.07803,18.62189],[-92.07895,18.62183],[-92.07978,18.62189],[-92.08211,18.62186],[-92.08322,18.62182],[-92.08387,18.62184],[-92.08518,18.62173],[-92.08904,18.62143],[-92.09022,18.62139],[-92.09375,18.62128],[-92.09623,18.62114],[-92.09631,18.62124],[-92.09634,18.62127],[-92.09665,18.62131],[-92.09679,18.62128],[-92.09693,18.62127],[-92.09703,18.62125],[-92.09729,18.62127],[-92.09746,18.62125],[-92.09784,18.62126],[-92.09809,18.62124],[-92.09818,18.62122],[-92.09826,18.62124],[-92.0986,18.62119],[-92.09869,18.6212],[-92.09874,18.62119],[-92.09879,18.62118],[-92.09891,18.62118],[-92.09899,18.62118],[-92.09937,18.62118],[-92.0996,18.62115],[-92.09983,18.62116],[-92.09992,18.62117],[-92.10001,18.62115],[-92.10026,18.62112],[-92.10067,18.62111],[-92.10091,18.62112],[-92.10149,18.62111],[-92.10169,18.62114],[-92.10178,18.62112],[-92.10186,18.62113],[-92.10193,18.62114],[-92.10197,18.62113],[-92.10206,18.62116],[-92.10202,18.6211],[-92.10203,18.62109],[-92.10202,18.62108],[-92.10203,18.62105],[-92.10202,18.62103],[-92.10203,18.62101],[-92.102,18.62084],[-92.102,18.62029],[-92.10251,18.62027],[-92.10255,18.62081],[-92.10332,18.6208],[-92.10445,18.62072],[-92.10548,18.62065],[-92.10783,18.62047],[-92.10839,18.62042],[-92.10855,18.62069],[-92.10968,18.62062],[-92.11053,18.62055],[-92.11141,18.62059],[-92.11308,18.62068],[-92.11416,18.62075],[-92.11656,18.62077],[-92.11964,18.62072],[-92.12225,18.62054],[-92.12459,18.62044],[-92.12718,18.62036],[-92.13004,18.62028],[-92.13117,18.62035],[-92.13349,18.6203],[-92.13637,18.62025],[-92.14525,18.61993],[-92.14961,18.61999],[-92.15706,18.61992],[-92.16033,18.61955],[-92.16033,18.61953],[-92.16031,18.61926],[-92.16027,18.61891],[-92.16025,18.61869],[-92.16023,18.61855],[-92.16011,18.61775],[-92.16006,18.61672],[-92.16005,18.61667],[-92.15998,18.61558],[-92.15988,18.6156],[-92.15819,18.61601],[-92.15698,18.6163],[-92.1555,18.61647],[-92.1541,18.61647],[-92.15317,18.61669],[-92.15188,18.61691],[-92.15105,18.61703],[-92.15025,18.61713],[-92.14912,18.61724],[-92.14858,18.61725],[-92.14834,18.61709],[-92.14794,18.61712],[-92.14758,18.61723],[-92.14727,18.61735],[-92.147,18.61745],[-92.14687,18.61751],[-92.14643,18.61739],[-92.14611,18.61731],[-92.14607,18.61731],[-92.14571,18.61729],[-92.1445,18.61732],[-92.14349,18.61737],[-92.14332,18.61738],[-92.14314,18.61739],[-92.14298,18.6174],[-92.14095,18.61739],[-92.13953,18.61746],[-92.13954,18.61742],[-92.13895,18.61745],[-92.13899,18.61757],[-92.13845,18.61759],[-92.13791,18.6176],[-92.1373,18.61755],[-92.13691,18.61752],[-92.13645,18.61752],[-92.13645,18.61748],[-92.13597,18.6175],[-92.13583,18.6175],[-92.13574,18.61752],[-92.13562,18.61753],[-92.1355,18.61754],[-92.13541,18.61755],[-92.13516,18.61758],[-92.13465,18.61765],[-92.13431,18.61764],[-92.13393,18.61765],[-92.13354,18.61768],[-92.13246,18.6178],[-92.1299,18.61782],[-92.12943,18.61781],[-92.12836,18.61781],[-92.12836,18.61778],[-92.12818,18.6178],[-92.128,18.6178],[-92.12641,18.61789],[-92.12536,18.61801],[-92.12461,18.61812],[-92.12424,18.61818],[-92.12384,18.61826],[-92.12382,18.61812],[-92.12316,18.61804],[-92.12316,18.61807],[-92.12269,18.61801],[-92.12268,18.61819],[-92.12248,18.61818],[-92.12215,18.61818],[-92.12182,18.61819],[-92.12149,18.61826],[-92.12117,18.61832],[-92.12066,18.6184],[-92.11523,18.61851],[-92.11121,18.61883],[-92.1111,18.61761],[-92.11013,18.61812],[-92.10835,18.61852],[-92.10835,18.61849],[-92.10693,18.61887],[-92.10638,18.61887],[-92.10522,18.61886],[-92.10446,18.61897],[-92.10444,18.61889],[-92.10427,18.61898],[-92.1041,18.61902],[-92.10408,18.6189],[-92.10371,18.61892],[-92.10364,18.61908],[-92.10321,18.61906],[-92.10321,18.61894],[-92.1031,18.61894],[-92.10307,18.61903],[-92.10283,18.61903],[-92.10286,18.61887],[-92.10271,18.61887],[-92.10267,18.61905],[-92.1023,18.61914],[-92.10203,18.61912],[-92.10202,18.61885],[-92.10046,18.61884],[-92.10047,18.61927],[-92.09881,18.61907],[-92.09872,18.61918],[-92.09748,18.61933],[-92.09746,18.61921],[-92.09727,18.61924],[-92.09716,18.61938],[-92.09326,18.61956],[-92.09326,18.61935],[-92.09304,18.61937],[-92.09304,18.61946],[-92.09309,18.61948],[-92.09309,18.61957],[-92.09228,18.61962],[-92.09231,18.61943],[-92.09176,18.61938],[-92.09176,18.6195],[-92.09128,18.61944],[-92.09128,18.61962],[-92.0901,18.61967],[-92.09008,18.61949],[-92.08895,18.6195],[-92.08894,18.61959],[-92.08894,18.61966],[-92.08866,18.61967],[-92.08844,18.61968],[-92.08846,18.61955],[-92.08845,18.61953],[-92.08843,18.61949],[-92.08817,18.61952],[-92.08808,18.61956],[-92.08805,18.6197],[-92.08767,18.61967],[-92.08748,18.61964],[-92.08652,18.61957],[-92.08597,18.61975],[-92.08487,18.61965],[-92.08486,18.61983],[-92.08358,18.61991],[-92.08135,18.62],[-92.08099,18.61999],[-92.08051,18.61996],[-92.07951,18.61992],[-92.07843,18.62002],[-92.07727,18.62011],[-92.07727,18.62025],[-92.07664,18.62032],[-92.07653,18.62013],[-92.07567,18.62022],[-92.07535,18.62026],[-92.07465,18.62024],[-92.07403,18.62023],[-92.07256,18.62038],[-92.07175,18.62038],[-92.0713,18.62043],[-92.07056,18.62042],[-92.06946,18.62031],[-92.06842,18.62031],[-92.06834,18.62042],[-92.06792,18.62046],[-92.06776,18.62049],[-92.06596,18.62064],[-92.06589,18.62079],[-92.06542,18.62081],[-92.06535,18.62071],[-92.06473,18.62079],[-92.06467,18.62075],[-92.0641,18.62075],[-92.06407,18.62075],[-92.06404,18.62075],[-92.06147,18.62066],[-92.04994,18.62081],[-92.04996,18.62084],[-92.04997,18.62088],[-92.05033,18.62158],[-92.04996,18.62176],[-92.05017,18.62291],[-92.05027,18.62291],[-92.05041,18.62291],[-92.05052,18.62291],[-92.05065,18.62295]]]}},{"type":"Feature","properties":{"cvegeo":"040030101","cve_ent":"04","fuente":"INEGI — Marco Geoestadístico 2024","fecha_corte":"2024-08","cve_mun":"04003","nombre":"San Antonio Cárdenas","ambito":"Urbana"},"geometry":{"type":"Polygon","coordinates":[[[-92.21448,18.61679],[-92.21442,18.61759],[-92.21453,18.61765],[-92.21487,18.61777],[-92.2151,18.61786],[-92.21529,18.61797],[-92.21548,18.61811],[-92.21571,18.61833],[-92.21615,18.61884],[-92.21696,18.61973],[-92.21781,18.62075],[-92.2183,18.62118],[-92.2186,18.62141],[-92.21922,18.62181],[-92.21983,18.62215],[-92.22011,18.62227],[-92.2204,18.62239],[-92.22067,18.62246],[-92.22093,18.6225],[-92.22122,18.62257],[-92.22164,18.62262],[-92.22196,18.62265],[-92.22237,18.62265],[-92.22276,18.62263],[-92.22612,18.62233],[-92.22965,18.622],[-92.23214,18.62177],[-92.23303,18.62166],[-92.23356,18.62156],[-92.23407,18.62143],[-92.2344,18.62137],[-92.2353,18.62113],[-92.2379,18.6204],[-92.23912,18.62006],[-92.24249,18.61909],[-92.24248,18.61865],[-92.24239,18.6185],[-92.24239,18.6185],[-92.24266,18.61852],[-92.24281,18.61712],[-92.24281,18.61712],[-92.2429,18.61537],[-92.24291,18.61531],[-92.24293,18.61463],[-92.24293,18.61463],[-92.243,18.61347],[-92.24314,18.6117],[-92.24287,18.61169],[-92.24287,18.61164],[-92.24286,18.61051],[-92.24165,18.61045],[-92.24042,18.61048],[-92.23911,18.61048],[-92.2385,18.61048],[-92.2381,18.61043],[-92.23769,18.61017],[-92.23728,18.61016],[-92.23702,18.61026],[-92.23675,18.61035],[-92.23641,18.61034],[-92.23594,18.61026],[-92.2355,18.61022],[-92.23515,18.61019],[-92.23476,18.61019],[-92.23424,18.61026],[-92.23424,18.61026],[-92.23422,18.61053],[-92.23422,18.61053],[-92.23097,18.61081],[-92.23097,18.61081],[-92.23096,18.611],[-92.23096,18.611],[-92.23024,18.61112],[-92.22961,18.61118],[-92.22931,18.61114],[-92.22912,18.61107],[-92.22878,18.61108],[-92.22859,18.61117],[-92.22859,18.61117],[-92.22856,18.61136],[-92.22852,18.61148],[-92.22852,18.61148],[-92.22823,18.61157],[-92.22825,18.61047],[-92.22718,18.61048],[-92.22721,18.60929],[-92.22691,18.60929],[-92.22663,18.60936],[-92.22663,18.60936],[-92.22663,18.60947],[-92.22663,18.60947],[-92.22491,18.60965],[-92.22431,18.60949],[-92.22352,18.60958],[-92.22351,18.60937],[-92.22225,18.60952],[-92.22129,18.60957],[-92.22122,18.60868],[-92.21986,18.60887],[-92.21986,18.60887],[-92.21983,18.60854],[-92.21951,18.6086],[-92.21936,18.60804],[-92.21907,18.60808],[-92.21877,18.60807],[-92.21878,18.60826],[-92.21889,18.60829],[-92.21894,18.60838],[-92.21885,18.60853],[-92.21885,18.60853],[-92.21864,18.60858],[-92.21769,18.60849],[-92.21769,18.60849],[-92.21727,18.61122],[-92.21716,18.61215],[-92.21708,18.61265],[-92.21696,18.61341],[-92.21696,18.61341],[-92.21692,18.61342],[-92.21692,18.61342],[-92.21681,18.61468],[-92.21678,18.61498],[-92.21652,18.61682],[-92.21448,18.61679]]]}},{"type":"Feature","properties":{"cvegeo":"040030614","cve_ent":"04","fuente":"INEGI — Marco Geoestadístico 2024","fecha_corte":"2024-08","cve_mun":"04003","nombre":"Sabancuy","ambito":"Urbana"},"geometry":{"type":"Polygon","coordinates":[[[-91.16898,18.97995],[-91.16908,18.98016],[-91.169,18.98022],[-91.16907,18.98031],[-91.1694,18.98009],[-91.16958,18.98003],[-91.16969,18.97996],[-91.16973,18.98],[-91.17002,18.97982],[-91.17031,18.97967],[-91.17061,18.97952],[-91.17059,18.97949],[-91.17068,18.97945],[-91.17071,18.9795],[-91.17108,18.97929],[-91.17114,18.97937],[-91.17128,18.97931],[-91.17165,18.97917],[-91.17189,18.97905],[-91.17218,18.97891],[-91.17215,18.97881],[-91.17226,18.97876],[-91.17277,18.97852],[-91.17282,18.97845],[-91.17331,18.9782],[-91.17368,18.97801],[-91.17445,18.97764],[-91.17493,18.97737],[-91.17562,18.97704],[-91.17561,18.97703],[-91.17579,18.97695],[-91.17629,18.97668],[-91.17701,18.97632],[-91.17777,18.97597],[-91.17868,18.97561],[-91.17885,18.97553],[-91.17941,18.97527],[-91.17964,18.97525],[-91.17986,18.97522],[-91.18013,18.97515],[-91.18029,18.97517],[-91.18045,18.9752],[-91.18058,18.97525],[-91.18063,18.97525],[-91.18066,18.97531],[-91.18089,18.97496],[-91.18119,18.97478],[-91.18132,18.97477],[-91.18137,18.97473],[-91.18142,18.97468],[-91.18145,18.97461],[-91.18172,18.97444],[-91.18181,18.97436],[-91.1819,18.97425],[-91.18195,18.97418],[-91.18237,18.97399],[-91.18268,18.97388],[-91.18267,18.97369],[-91.18359,18.97323],[-91.18498,18.97254],[-91.18502,18.97258],[-91.1859,18.97217],[-91.18659,18.97175],[-91.18682,18.97167],[-91.18786,18.9712],[-91.18847,18.97097],[-91.18854,18.97102],[-91.18878,18.97091],[-91.18913,18.97074],[-91.18913,18.97067],[-91.18984,18.97032],[-91.19041,18.96997],[-91.19097,18.96969],[-91.19097,18.96966],[-91.19139,18.96941],[-91.19158,18.96935],[-91.19276,18.96875],[-91.19267,18.96862],[-91.19225,18.9682],[-91.1922,18.96822],[-91.1922,18.96822],[-91.18685,18.96236],[-91.18685,18.96236],[-91.18594,18.96148],[-91.185,18.96258],[-91.18478,18.96191],[-91.18392,18.96204],[-91.18351,18.9621],[-91.18362,18.9634],[-91.18366,18.96365],[-91.1837,18.96374],[-91.17994,18.96485],[-91.17712,18.96627],[-91.17631,18.96667],[-91.17597,18.96685],[-91.17481,18.9675],[-91.17393,18.96805],[-91.17462,18.96891],[-91.17416,18.96929],[-91.1741,18.96933],[-91.17354,18.96968],[-91.17358,18.96974],[-91.17309,18.97003],[-91.17313,18.97009],[-91.17206,18.97085],[-91.1673,18.97343],[-91.16714,18.97322],[-91.16697,18.97328],[-91.16684,18.97333],[-91.16668,18.97328],[-91.16629,18.97353],[-91.16588,18.97371],[-91.16592,18.97378],[-91.16557,18.97402],[-91.16559,18.97405],[-91.16525,18.97435],[-91.16529,18.97441],[-91.16491,18.97466],[-91.16491,18.97468],[-91.16502,18.97471],[-91.16516,18.97486],[-91.16513,18.97488],[-91.16555,18.97523],[-91.16585,18.9753],[-91.16659,18.97554],[-91.16669,18.97569],[-91.1666,18.97573],[-91.16725,18.97631],[-91.16842,18.97721],[-91.1692,18.97821],[-91.16918,18.97823],[-91.16951,18.97891],[-91.16952,18.97891],[-91.16973,18.97944],[-91.16898,18.97995]]]}},{"type":"Feature","properties":{"cvegeo":"040033304","cve_ent":"04","fuente":"INEGI — Marco Geoestadístico 2024","fecha_corte":"2024-08","cve_mun":"04003","nombre":"Enrique Rodríguez Cano","ambito":"Rural"},"geometry":{"type":"Polygon","coordinates":[[[-90.91793,18.67341],[-90.91884,18.67336],[-90.91877,18.67257],[-90.9189,18.67257],[-90.91933,18.67257],[-90.91938,18.67256],[-90.91943,18.67251],[-90.92045,18.67251],[-90.92042,18.67203],[-90.92037,18.67106],[-90.92029,18.67007],[-90.92022,18.66903],[-90.92014,18.66805],[-90.92012,18.66747],[-90.92011,18.66702],[-90.91903,18.66702],[-90.91794,18.66705],[-90.91691,18.66707],[-90.91686,18.66711],[-90.91588,18.66712],[-90.9149,18.66718],[-90.91503,18.66912],[-90.91513,18.67008],[-90.91556,18.67009],[-90.9156,18.67108],[-90.9157,18.6721],[-90.91574,18.67261],[-90.91605,18.67261],[-90.91607,18.67304],[-90.91726,18.67308],[-90.91734,18.67308],[-90.91737,18.67308],[-90.91737,18.67303],[-90.91734,18.67259],[-90.91781,18.67258],[-90.91793,18.67341]]]}},{"type":"Feature","properties":{"cvegeo":"040030058","cve_ent":"04","fuente":"INEGI — Marco Geoestadístico 2024","fecha_corte":"2024-08","cve_mun":"04003","nombre":"Abelardo L. Rodríguez","ambito":"Rural"},"geometry":{"type":"Polygon","coordinates":[[[-90.90302,18.7321],[-90.90342,18.73261],[-90.90392,18.73225],[-90.90408,18.73241],[-90.90493,18.73189],[-90.9052,18.73168],[-90.90579,18.73125],[-90.9061,18.73106],[-90.90629,18.73128],[-90.90686,18.73091],[-90.90773,18.73035],[-90.90802,18.73069],[-90.90853,18.73035],[-90.90859,18.73031],[-90.90864,18.73025],[-90.90868,18.7302],[-90.90876,18.73012],[-90.90894,18.72838],[-90.90902,18.72702],[-90.90893,18.72534],[-90.90888,18.72527],[-90.90818,18.72506],[-90.90761,18.72424],[-90.90696,18.72344],[-90.90629,18.72261],[-90.90562,18.72181],[-90.9051,18.72219],[-90.90426,18.72278],[-90.90337,18.72331],[-90.90246,18.72389],[-90.90162,18.72441],[-90.90117,18.7247],[-90.9008,18.72494],[-90.90075,18.72498],[-90.8999,18.72557],[-90.89909,18.72629],[-90.89845,18.7267],[-90.89865,18.72691],[-90.89881,18.72712],[-90.89888,18.72719],[-90.899,18.72727],[-90.89904,18.72733],[-90.89929,18.72761],[-90.89969,18.72801],[-90.90028,18.72878],[-90.90035,18.72888],[-90.90057,18.72914],[-90.90102,18.72969],[-90.90172,18.73053],[-90.90236,18.7313],[-90.90302,18.7321]]]}},{"type":"Feature","properties":{"cvegeo":"040030081","cve_ent":"04","fuente":"INEGI — Marco Geoestadístico 2024","fecha_corte":"2024-08","cve_mun":"04003","nombre":"Chicbul","ambito":"Rural"},"geometry":{"type":"Polygon","coordinates":[[[-90.92144,18.77814],[-90.92155,18.7784],[-90.92157,18.77865],[-90.92157,18.77867],[-90.92143,18.77954],[-90.92192,18.77959],[-90.92242,18.77964],[-90.92281,18.77968],[-90.92371,18.77978],[-90.9246,18.77988],[-90.92549,18.77998],[-90.92573,18.78001],[-90.92621,18.78009],[-90.9263,18.77936],[-90.9263,18.77935],[-90.92627,18.77934],[-90.92639,18.7785],[-90.92739,18.77865],[-90.92751,18.77782],[-90.92762,18.777],[-90.92763,18.77696],[-90.92663,18.7768],[-90.92659,18.7768],[-90.92667,18.77595],[-90.92674,18.77513],[-90.92676,18.7751],[-90.92686,18.7744],[-90.92687,18.77433],[-90.92688,18.77428],[-90.92683,18.77427],[-90.92672,18.77424],[-90.92688,18.77409],[-90.92698,18.77346],[-90.92699,18.77339],[-90.9271,18.77257],[-90.92708,18.77254],[-90.9272,18.77176],[-90.9272,18.77174],[-90.92726,18.77123],[-90.92729,18.771],[-90.92688,18.77097],[-90.92601,18.77083],[-90.92514,18.77076],[-90.92473,18.77071],[-90.92346,18.77056],[-90.92346,18.77056],[-90.92289,18.77049],[-90.92275,18.76964],[-90.92235,18.76955],[-90.92181,18.76944],[-90.92177,18.76951],[-90.92171,18.76959],[-90.92164,18.7697],[-90.92147,18.77046],[-90.92141,18.77086],[-90.92083,18.77075],[-90.92067,18.77067],[-90.92056,18.77055],[-90.92054,18.77057],[-90.92039,18.77157],[-90.92045,18.77158],[-90.92036,18.77245],[-90.92026,18.77324],[-90.92017,18.77388],[-90.91907,18.77375],[-90.91887,18.77463],[-90.91891,18.77486],[-90.92009,18.775],[-90.92009,18.77503],[-90.92003,18.77573],[-90.92001,18.77581],[-90.92,18.77583],[-90.91988,18.77691],[-90.91979,18.7774],[-90.91987,18.77747],[-90.92005,18.77763],[-90.92025,18.77761],[-90.92044,18.77763],[-90.92134,18.77776],[-90.92141,18.77778],[-90.92139,18.77796],[-90.92144,18.77814]]]}},{"type":"Feature","properties":{"cvegeo":"040033501","cve_ent":"04","fuente":"INEGI — Marco Geoestadístico 2024","fecha_corte":"2024-08","cve_mun":"04003","nombre":"El Sacrificio","ambito":"Rural"},"geometry":{"type":"Polygon","coordinates":[[[-91.34959,18.18687],[-91.3506,18.18696],[-91.35159,18.18708],[-91.35265,18.18725],[-91.35254,18.18813],[-91.35356,18.18824],[-91.35457,18.18834],[-91.3547,18.18753],[-91.35482,18.18649],[-91.35585,18.18662],[-91.35601,18.18566],[-91.35615,18.18466],[-91.35511,18.18454],[-91.35405,18.1844],[-91.35303,18.18428],[-91.35199,18.18412],[-91.35095,18.18399],[-91.35083,18.18398],[-91.35059,18.18394],[-91.34985,18.18386],[-91.3498,18.18484],[-91.34893,18.18474],[-91.34889,18.18581],[-91.34881,18.18675],[-91.34959,18.18687]]]}},{"type":"Feature","properties":{"cvegeo":"040033531","cve_ent":"04","fuente":"INEGI — Marco Geoestadístico 2024","fecha_corte":"2024-08","cve_mun":"04003","nombre":"San Isidro","ambito":"Rural"},"geometry":{"type":"Polygon","coordinates":[[[-91.04749,18.63687],[-91.04746,18.63766],[-91.04837,18.63775],[-91.04933,18.63779],[-91.05026,18.63782],[-91.05129,18.63789],[-91.05127,18.63753],[-91.05128,18.63707],[-91.05128,18.63703],[-91.05132,18.63697],[-91.05132,18.63688],[-91.05238,18.6369],[-91.05241,18.63694],[-91.05311,18.63697],[-91.05314,18.63611],[-91.05317,18.63529],[-91.05322,18.63441],[-91.05328,18.63353],[-91.05331,18.6335],[-91.05342,18.63264],[-91.05346,18.63264],[-91.05351,18.63178],[-91.05329,18.63177],[-91.05323,18.63176],[-91.05324,18.63158],[-91.05328,18.63089],[-91.05239,18.63086],[-91.05242,18.63005],[-91.05154,18.63],[-91.05156,18.62949],[-91.05057,18.62944],[-91.04968,18.62941],[-91.04965,18.62993],[-91.0487,18.62991],[-91.04779,18.6299],[-91.0478,18.63072],[-91.04778,18.63156],[-91.04773,18.6324],[-91.04663,18.63234],[-91.04664,18.63329],[-91.04771,18.63332],[-91.04765,18.63421],[-91.04761,18.63506],[-91.04754,18.63592],[-91.04749,18.63687]]]}},{"type":"Feature","properties":{"cvegeo":"040030829","cve_ent":"04","fuente":"INEGI — Marco Geoestadístico 2024","fecha_corte":"2024-08","cve_mun":"04003","nombre":"Adolfo López Mateos","ambito":"Rural"},"geometry":{"type":"Polygon","coordinates":[[[-90.8822,18.80788],[-90.88148,18.80781],[-90.88162,18.8088],[-90.88177,18.80988],[-90.88189,18.81096],[-90.88201,18.81193],[-90.88284,18.81204],[-90.88387,18.81215],[-90.88494,18.81223],[-90.8859,18.81229],[-90.88602,18.81237],[-90.88696,18.8125],[-90.88806,18.8126],[-90.88913,18.81273],[-90.88919,18.81238],[-90.88936,18.81155],[-90.88949,18.81058],[-90.88967,18.80958],[-90.88987,18.8096],[-90.89007,18.80874],[-90.88918,18.80855],[-90.8887,18.80845],[-90.88876,18.80795],[-90.88883,18.80742],[-90.88897,18.80643],[-90.88901,18.806],[-90.8891,18.80545],[-90.88921,18.80469],[-90.88807,18.80459],[-90.88797,18.80536],[-90.88685,18.80526],[-90.8858,18.80517],[-90.88567,18.80617],[-90.88464,18.80609],[-90.8845,18.8071],[-90.88438,18.80809],[-90.88338,18.80801],[-90.88328,18.808],[-90.8822,18.80788]]]}},{"type":"Feature","properties":{"cvegeo":"040030460","cve_ent":"04","fuente":"INEGI — Marco Geoestadístico 2024","fecha_corte":"2024-08","cve_mun":"04003","nombre":"Vista Alegre","ambito":"Rural"},"geometry":{"type":"Polygon","coordinates":[[[-91.66317,18.03682],[-91.66221,18.03671],[-91.66191,18.03662],[-91.66125,18.03787],[-91.66012,18.03989],[-91.65992,18.04025],[-91.65883,18.04224],[-91.65779,18.04408],[-91.65664,18.04611],[-91.65572,18.04778],[-91.65497,18.04911],[-91.65607,18.04957],[-91.6568,18.04822],[-91.65885,18.04463],[-91.66004,18.04266],[-91.66087,18.04118],[-91.66111,18.04073],[-91.6615,18.04002],[-91.66256,18.03796],[-91.66317,18.03682]]]}},{"type":"Feature","properties":{"cvegeo":"040030199","cve_ent":"04","fuente":"INEGI — Marco Geoestadístico 2024","fecha_corte":"2024-08","cve_mun":"04003","nombre":"Isla Aguada","ambito":"Urbana"},"geometry":{"type":"Polygon","coordinates":[[[-91.47689,18.78991],[-91.4767,18.79019],[-91.47657,18.79032],[-91.47613,18.79085],[-91.47612,18.79184],[-91.47626,18.79216],[-91.4762,18.79251],[-91.4761,18.7926],[-91.47589,18.79297],[-91.47572,18.79331],[-91.47498,18.79438],[-91.47487,18.79474],[-91.47457,18.79507],[-91.47322,18.79691],[-91.47222,18.79871],[-91.47157,18.79975],[-91.47022,18.80172],[-91.47063,18.80209],[-91.47037,18.80232],[-91.47079,18.80265],[-91.47245,18.80068],[-91.47255,18.80057],[-91.47319,18.79991],[-91.47432,18.79874],[-91.47693,18.79601],[-91.47837,18.79459],[-91.47893,18.79398],[-91.47938,18.79352],[-91.48046,18.79225],[-91.48111,18.79122],[-91.48176,18.79017],[-91.48489,18.79048],[-91.48529,18.79052],[-91.48607,18.7906],[-91.4865,18.79065],[-91.48689,18.79067],[-91.48729,18.79071],[-91.48768,18.79074],[-91.48808,18.79081],[-91.48814,18.79087],[-91.48844,18.79103],[-91.48885,18.79125],[-91.48946,18.79161],[-91.48944,18.79174],[-91.48949,18.79232],[-91.48869,18.79292],[-91.4879,18.7935],[-91.48737,18.79388],[-91.48686,18.79428],[-91.48633,18.79471],[-91.48557,18.79535],[-91.4856,18.79538],[-91.48595,18.79581],[-91.48624,18.7962],[-91.48637,18.79635],[-91.48639,18.79637],[-91.4864,18.79636],[-91.48726,18.79565],[-91.48753,18.79598],[-91.48753,18.79598],[-91.48779,18.79578],[-91.48801,18.79611],[-91.48803,18.79614],[-91.48804,18.79613],[-91.48876,18.79559],[-91.48924,18.79522],[-91.48941,18.79504],[-91.48988,18.79552],[-91.4901,18.79571],[-91.48901,18.79656],[-91.48922,18.79692],[-91.48882,18.79725],[-91.48882,18.79726],[-91.48916,18.79801],[-91.48916,18.79802],[-91.48916,18.79803],[-91.4897,18.79761],[-91.48972,18.7976],[-91.4901,18.79731],[-91.49018,18.79725],[-91.49047,18.79704],[-91.49053,18.797],[-91.49066,18.79692],[-91.49124,18.79652],[-91.49148,18.79634],[-91.49259,18.79556],[-91.49378,18.79465],[-91.49402,18.79447],[-91.49433,18.79424],[-91.49518,18.79363],[-91.49625,18.79279],[-91.49645,18.79267],[-91.4966,18.7926],[-91.49674,18.79251],[-91.49734,18.79209],[-91.49747,18.79196],[-91.49765,18.79174],[-91.4977,18.79165],[-91.49796,18.7911],[-91.49805,18.79098],[-91.49824,18.7907],[-91.49844,18.79043],[-91.49868,18.79007],[-91.49881,18.78987],[-91.49923,18.78917],[-91.49932,18.78898],[-91.49938,18.78884],[-91.49944,18.78865],[-91.49955,18.78825],[-91.50043,18.78656],[-91.50055,18.78631],[-91.50071,18.78586],[-91.50071,18.78584],[-91.50066,18.78551],[-91.50062,18.78527],[-91.50024,18.78487],[-91.49987,18.78412],[-91.49976,18.78375],[-91.49976,18.78375],[-91.4995,18.78361],[-91.49901,18.78345],[-91.49901,18.78345],[-91.49891,18.78323],[-91.49865,18.78241],[-91.49849,18.78183],[-91.4983,18.78164],[-91.4983,18.78164],[-91.4983,18.78164],[-91.49826,18.78164],[-91.49826,18.78164],[-91.49805,18.78178],[-91.49782,18.7817],[-91.49773,18.78168],[-91.49744,18.78163],[-91.49662,18.78163],[-91.49643,18.78164],[-91.49621,18.78166],[-91.496,18.78173],[-91.49563,18.78178],[-91.49518,18.78187],[-91.49507,18.78187],[-91.49488,18.78188],[-91.49472,18.78186],[-91.49427,18.78178],[-91.49407,18.78177],[-91.49357,18.78175],[-91.49315,18.78174],[-91.49299,18.78172],[-91.49256,18.7817],[-91.49259,18.78156],[-91.49242,18.78144],[-91.49275,18.78122],[-91.49271,18.78117],[-91.49266,18.7812],[-91.49265,18.78118],[-91.4927,18.78116],[-91.49266,18.78111],[-91.4923,18.78133],[-91.49217,18.78142],[-91.49215,18.78141],[-91.49211,18.78142],[-91.492,18.78147],[-91.49197,18.78134],[-91.49201,18.78133],[-91.49201,18.7813],[-91.49189,18.78132],[-91.4919,18.78135],[-91.49193,18.78134],[-91.49196,18.78148],[-91.49158,18.7816],[-91.49153,18.78162],[-91.49103,18.78175],[-91.49072,18.78177],[-91.49056,18.7817],[-91.49028,18.78178],[-91.49013,18.78178],[-91.48983,18.7818],[-91.48968,18.7818],[-91.48951,18.78182],[-91.48908,18.78185],[-91.48828,18.78186],[-91.48789,18.78191],[-91.48755,18.78195],[-91.48711,18.78194],[-91.48712,18.78163],[-91.48709,18.78163],[-91.48707,18.78193],[-91.48695,18.78193],[-91.48654,18.78187],[-91.48628,18.78187],[-91.48608,18.78186],[-91.48571,18.78182],[-91.4855,18.78179],[-91.48529,18.78175],[-91.48513,18.78173],[-91.48498,18.7817],[-91.48505,18.78128],[-91.48513,18.78129],[-91.48514,18.78126],[-91.48494,18.78125],[-91.48494,18.78127],[-91.48501,18.78128],[-91.48495,18.78169],[-91.48439,18.78161],[-91.48396,18.78159],[-91.48396,18.7812],[-91.48392,18.78119],[-91.48392,18.7816],[-91.48362,18.78161],[-91.4834,18.78167],[-91.48327,18.7817],[-91.48296,18.78176],[-91.48275,18.78173],[-91.48261,18.78175],[-91.48223,18.7818],[-91.48202,18.78182],[-91.48185,18.78186],[-91.48146,18.7819],[-91.48142,18.78164],[-91.48138,18.78165],[-91.48141,18.7819],[-91.48137,18.78191],[-91.48134,18.78168],[-91.48125,18.7817],[-91.48128,18.78192],[-91.48104,18.78197],[-91.48076,18.78203],[-91.48059,18.78206],[-91.48019,18.7821],[-91.48018,18.78223],[-91.47998,18.78226],[-91.47973,18.78231],[-91.47936,18.7823],[-91.47924,18.78231],[-91.47923,18.78234],[-91.47906,18.78236],[-91.47898,18.78237],[-91.47885,18.78237],[-91.47868,18.78236],[-91.47836,18.78236],[-91.47812,18.78236],[-91.47784,18.78237],[-91.47756,18.78237],[-91.47748,18.78235],[-91.47732,18.78234],[-91.47728,18.78233],[-91.47716,18.78232],[-91.47698,18.7823],[-91.47686,18.7823],[-91.47641,18.78218],[-91.4764,18.78212],[-91.47617,18.78212],[-91.47617,18.78214],[-91.47551,18.78218],[-91.47535,18.78224],[-91.4751,18.78229],[-91.47482,18.78232],[-91.47455,18.78236],[-91.47429,18.78238],[-91.47395,18.78241],[-91.47375,18.78244],[-91.47377,18.78312],[-91.474,18.78317],[-91.47408,18.78316],[-91.47444,18.7832],[-91.47465,18.78316],[-91.47468,18.78306],[-91.47468,18.78298],[-91.47492,18.78288],[-91.47525,18.7828],[-91.47572,18.78273],[-91.47586,18.78277],[-91.47591,18.78291],[-91.47606,18.78295],[-91.47612,18.78292],[-91.47617,18.78291],[-91.47648,18.78272],[-91.47662,18.78271],[-91.4768,18.78264],[-91.47712,18.78274],[-91.47755,18.78276],[-91.47778,18.78276],[-91.47798,18.78279],[-91.47825,18.78309],[-91.47854,18.78336],[-91.47855,18.78343],[-91.47864,18.78354],[-91.47862,18.78366],[-91.47881,18.78388],[-91.47878,18.78403],[-91.4787,18.78423],[-91.47851,18.7845],[-91.47825,18.78471],[-91.47814,18.78476],[-91.47796,18.7849],[-91.47776,18.78506],[-91.47729,18.78542],[-91.47723,18.78538],[-91.47706,18.78542],[-91.47695,18.78552],[-91.4769,18.78561],[-91.47686,18.7857],[-91.47682,18.78572],[-91.47672,18.78567],[-91.47667,18.78563],[-91.47656,18.78556],[-91.47626,18.78549],[-91.47596,18.78552],[-91.47589,18.78554],[-91.47568,18.78559],[-91.47553,18.78566],[-91.47553,18.78574],[-91.47553,18.78578],[-91.47559,18.78584],[-91.47573,18.78587],[-91.4759,18.78587],[-91.47597,18.78586],[-91.47608,18.7859],[-91.4762,18.78593],[-91.47631,18.78593],[-91.47645,18.78598],[-91.47645,18.78598],[-91.47636,18.78604],[-91.47613,18.78619],[-91.476,18.78624],[-91.4757,18.78624],[-91.4756,18.78617],[-91.47551,18.78602],[-91.47551,18.78602],[-91.47534,18.78596],[-91.47533,18.78597],[-91.47524,18.78608],[-91.47525,18.78621],[-91.47533,18.78667],[-91.47549,18.78658],[-91.47592,18.7865],[-91.47592,18.78646],[-91.47595,18.78644],[-91.47601,18.78647],[-91.47644,18.78637],[-91.47684,18.78611],[-91.47672,18.78603],[-91.4771,18.78585],[-91.4772,18.78598],[-91.47787,18.78578],[-91.47803,18.78584],[-91.47837,18.78579],[-91.47839,18.78571],[-91.47845,18.78571],[-91.47854,18.78573],[-91.47881,18.7856],[-91.47889,18.78565],[-91.47911,18.78563],[-91.47923,18.78562],[-91.4793,18.7857],[-91.47912,18.78624],[-91.47883,18.7867],[-91.4786,18.78694],[-91.47847,18.78715],[-91.47839,18.78745],[-91.47836,18.78756],[-91.47824,18.78763],[-91.47819,18.78782],[-91.47774,18.7881],[-91.47775,18.7889],[-91.47737,18.78955],[-91.47707,18.78973],[-91.47689,18.78991]]]}},{"type":"Feature","properties":{"cvegeo":"040030811","cve_ent":"04","fuente":"INEGI — Marco Geoestadístico 2024","fecha_corte":"2024-08","cve_mun":"04003","nombre":"Centauro del Norte","ambito":"Rural"},"geometry":{"type":"Polygon","coordinates":[[[-91.53246,18.2035],[-91.53321,18.20422],[-91.53368,18.20466],[-91.53488,18.20584],[-91.53614,18.20707],[-91.53675,18.20767],[-91.53722,18.20724],[-91.53717,18.20718],[-91.53779,18.20666],[-91.53841,18.20611],[-91.53903,18.20555],[-91.53873,18.20524],[-91.53846,18.20496],[-91.5388,18.20467],[-91.53909,18.20443],[-91.53863,18.20393],[-91.53852,18.2038],[-91.5374,18.20259],[-91.53681,18.20195],[-91.53625,18.20136],[-91.53568,18.20074],[-91.53538,18.20039],[-91.53467,18.20097],[-91.53402,18.20155],[-91.53339,18.20211],[-91.53276,18.20266],[-91.5324,18.20297],[-91.53215,18.2032],[-91.53246,18.2035]]]}},{"type":"Feature","properties":{"cvegeo":"040033155","cve_ent":"04","fuente":"INEGI — Marco Geoestadístico 2024","fecha_corte":"2024-08","cve_mun":"04003","nombre":"Juan de la Cabada Vera","ambito":"Rural"},"geometry":{"type":"Polygon","coordinates":[[[-91.43749,18.28689],[-91.43832,18.28698],[-91.43834,18.28679],[-91.43924,18.28691],[-91.44024,18.28701],[-91.44036,18.28614],[-91.44047,18.28536],[-91.44053,18.28537],[-91.44054,18.28531],[-91.44061,18.28451],[-91.44071,18.28367],[-91.44079,18.28284],[-91.4409,18.28197],[-91.441,18.28116],[-91.4411,18.28042],[-91.43995,18.28025],[-91.43911,18.28016],[-91.43916,18.27932],[-91.43834,18.27924],[-91.43748,18.27915],[-91.43674,18.27905],[-91.43662,18.27904],[-91.43576,18.27897],[-91.43566,18.27978],[-91.43557,18.28059],[-91.43546,18.28141],[-91.43536,18.28226],[-91.43526,18.28307],[-91.43517,18.2839],[-91.43507,18.28461],[-91.43506,18.28469],[-91.43501,18.28473],[-91.435,18.28476],[-91.43521,18.2849],[-91.4367,18.28603],[-91.43672,18.28574],[-91.43757,18.28585],[-91.43749,18.28689]]]}},{"type":"Feature","properties":{"cvegeo":"040032250","cve_ent":"04","fuente":"INEGI — Marco Geoestadístico 2024","fecha_corte":"2024-08","cve_mun":"04003","nombre":"Murallas de Campeche","ambito":"Rural"},"geometry":{"type":"Polygon","coordinates":[[[-91.58143,18.33841],[-91.58178,18.3384],[-91.58249,18.33838],[-91.58323,18.33838],[-91.58405,18.33835],[-91.58486,18.33833],[-91.58491,18.33833],[-91.5848,18.33779],[-91.58471,18.33737],[-91.58463,18.33703],[-91.58476,18.33707],[-91.58554,18.33723],[-91.58537,18.33645],[-91.58519,18.33565],[-91.58506,18.33479],[-91.58505,18.33479],[-91.58495,18.33476],[-91.58411,18.33454],[-91.58404,18.33452],[-91.58333,18.33431],[-91.58302,18.33422],[-91.58252,18.33407],[-91.58206,18.33394],[-91.58167,18.33382],[-91.58115,18.33366],[-91.58115,18.33373],[-91.58121,18.3346],[-91.58121,18.33463],[-91.58123,18.33533],[-91.58128,18.33615],[-91.58133,18.33696],[-91.58143,18.33841]]]}},{"type":"Feature","properties":{"cvegeo":"040030118","cve_ent":"04","fuente":"INEGI — Marco Geoestadístico 2024","fecha_corte":"2024-08","cve_mun":"04003","nombre":"Nuevo Campechito","ambito":"Rural"},"geometry":{"type":"Polygon","coordinates":[[[-92.46518,18.64928],[-92.46517,18.64935],[-92.46516,18.6496],[-92.46515,18.6497],[-92.46503,18.64997],[-92.46502,18.65004],[-92.46501,18.65015],[-92.46501,18.65039],[-92.46505,18.6507],[-92.46509,18.651],[-92.4651,18.65103],[-92.46512,18.65105],[-92.46517,18.6511],[-92.46522,18.65113],[-92.46536,18.6512],[-92.46539,18.65121],[-92.46552,18.65127],[-92.46562,18.65131],[-92.46577,18.6513],[-92.46599,18.65128],[-92.46622,18.65121],[-92.46631,18.65111],[-92.46644,18.65094],[-92.4666,18.65065],[-92.46662,18.65056],[-92.46668,18.65049],[-92.46672,18.6504],[-92.46675,18.65006],[-92.46677,18.64969],[-92.46674,18.6494],[-92.46669,18.64933],[-92.46644,18.64917],[-92.46622,18.64904],[-92.46617,18.64899],[-92.46607,18.64902],[-92.46603,18.649],[-92.46598,18.64894],[-92.46598,18.6489],[-92.46597,18.64886],[-92.46594,18.64887],[-92.4659,18.64887],[-92.46581,18.64885],[-92.46592,18.6488],[-92.46593,18.64882],[-92.46601,18.64878],[-92.46597,18.64872],[-92.4659,18.64875],[-92.46591,18.64877],[-92.46578,18.64884],[-92.46577,18.64882],[-92.4658,18.64868],[-92.4656,18.64849],[-92.46546,18.64833],[-92.46544,18.64825],[-92.46526,18.64797],[-92.46525,18.64782],[-92.46526,18.64763],[-92.46518,18.64746],[-92.46503,18.64735],[-92.46504,18.6472],[-92.46515,18.64717],[-92.46518,18.6471],[-92.46524,18.64694],[-92.46519,18.64681],[-92.46508,18.64676],[-92.46502,18.64661],[-92.46492,18.64662],[-92.46488,18.64659],[-92.46487,18.64641],[-92.46487,18.64632],[-92.46487,18.64616],[-92.46489,18.64601],[-92.46502,18.64587],[-92.46511,18.64577],[-92.46517,18.64569],[-92.46521,18.64572],[-92.46523,18.6457],[-92.46519,18.64567],[-92.46526,18.64561],[-92.46543,18.64553],[-92.46555,18.6453],[-92.46557,18.64521],[-92.46571,18.64524],[-92.46571,18.64522],[-92.46558,18.64519],[-92.46566,18.645],[-92.46572,18.6449],[-92.46573,18.64482],[-92.46568,18.64482],[-92.46565,18.64481],[-92.4656,18.64469],[-92.46565,18.64467],[-92.46562,18.6446],[-92.46555,18.64463],[-92.46542,18.64462],[-92.46539,18.6446],[-92.46538,18.64459],[-92.4654,18.64457],[-92.46556,18.6446],[-92.46553,18.64448],[-92.46558,18.64445],[-92.46555,18.64438],[-92.4655,18.64439],[-92.46548,18.64432],[-92.46554,18.6443],[-92.46552,18.64423],[-92.46545,18.64422],[-92.46543,18.644],[-92.46543,18.64385],[-92.4655,18.64386],[-92.46551,18.64375],[-92.46544,18.64375],[-92.46544,18.64374],[-92.46551,18.64374],[-92.46552,18.6437],[-92.46556,18.6437],[-92.46555,18.64363],[-92.46544,18.64363],[-92.46543,18.64353],[-92.46551,18.64353],[-92.46552,18.64355],[-92.46559,18.64353],[-92.46559,18.6435],[-92.46565,18.6435],[-92.46564,18.64345],[-92.46556,18.64345],[-92.46556,18.64347],[-92.46544,18.64347],[-92.46544,18.64345],[-92.46553,18.64345],[-92.46553,18.64342],[-92.46547,18.64342],[-92.46548,18.64338],[-92.46551,18.64338],[-92.4655,18.64326],[-92.46545,18.64326],[-92.46544,18.64322],[-92.46541,18.6432],[-92.46534,18.6424],[-92.46538,18.6424],[-92.46536,18.64221],[-92.46534,18.64211],[-92.46529,18.64207],[-92.46522,18.64179],[-92.46528,18.6417],[-92.46525,18.64156],[-92.46521,18.64145],[-92.46516,18.64143],[-92.4651,18.64107],[-92.4651,18.64102],[-92.46514,18.64093],[-92.46514,18.64087],[-92.46508,18.64082],[-92.46504,18.64066],[-92.46503,18.6404],[-92.46504,18.64022],[-92.46498,18.64015],[-92.4649,18.64013],[-92.46403,18.6403],[-92.46293,18.64058],[-92.4629,18.64075],[-92.46292,18.64089],[-92.46294,18.64126],[-92.46297,18.64142],[-92.46199,18.64162],[-92.46172,18.64167],[-92.46122,18.64177],[-92.46339,18.64599],[-92.46161,18.64702],[-92.46179,18.64748],[-92.46207,18.6477],[-92.46221,18.64778],[-92.46229,18.64781],[-92.46266,18.6479],[-92.46286,18.64794],[-92.46317,18.64797],[-92.4633,18.64797],[-92.46352,18.64794],[-92.46363,18.6479],[-92.46374,18.64783],[-92.4638,18.64778],[-92.46382,18.64784],[-92.46391,18.64807],[-92.46401,18.64828],[-92.46413,18.64847],[-92.46441,18.64887],[-92.46455,18.64907],[-92.46468,18.64919],[-92.46473,18.64923],[-92.4648,18.64926],[-92.46485,18.64927],[-92.46493,18.64927],[-92.46501,18.64926],[-92.46512,18.64925],[-92.46518,18.64928]]]}},{"type":"Feature","properties":{"cvegeo":"040032249","cve_ent":"04","fuente":"INEGI — Marco Geoestadístico 2024","fecha_corte":"2024-08","cve_mun":"04003","nombre":"Valle de Solidaridad","ambito":"Rural"},"geometry":{"type":"Polygon","coordinates":[[[-91.58104,18.33363],[-91.58167,18.33382],[-91.58206,18.33394],[-91.58252,18.33407],[-91.58302,18.33422],[-91.58333,18.33431],[-91.58404,18.33452],[-91.58411,18.33454],[-91.58495,18.33476],[-91.58505,18.33479],[-91.58522,18.33425],[-91.58415,18.33393],[-91.58426,18.33344],[-91.58326,18.33312],[-91.58221,18.33283],[-91.58215,18.33332],[-91.58127,18.33306],[-91.58117,18.33329],[-91.58073,18.33317],[-91.5807,18.33323],[-91.5804,18.33314],[-91.58031,18.33341],[-91.58104,18.33363]]]}},{"type":"Feature","properties":{"cvegeo":"040030082","cve_ent":"04","fuente":"INEGI — Marco Geoestadístico 2024","fecha_corte":"2024-08","cve_mun":"04003","nombre":"Calax","ambito":"Rural"},"geometry":{"type":"Polygon","coordinates":[[[-91.2782,18.85919],[-91.279,18.85936],[-91.27913,18.85833],[-91.27995,18.85836],[-91.28077,18.85839],[-91.28083,18.85747],[-91.28004,18.85741],[-91.28006,18.85703],[-91.28004,18.8566],[-91.27929,18.85653],[-91.27932,18.85614],[-91.27935,18.85614],[-91.27936,18.85602],[-91.27986,18.85602],[-91.27986,18.85537],[-91.27904,18.85521],[-91.27896,18.85578],[-91.2785,18.85575],[-91.27844,18.85649],[-91.27762,18.85643],[-91.27688,18.85633],[-91.27699,18.85538],[-91.27729,18.85542],[-91.27737,18.8551],[-91.27704,18.85501],[-91.2762,18.85483],[-91.27522,18.85464],[-91.27515,18.85511],[-91.27507,18.85624],[-91.275,18.85679],[-91.27498,18.85698],[-91.275,18.85702],[-91.27497,18.85787],[-91.27495,18.85853],[-91.27566,18.85867],[-91.27633,18.85882],[-91.2765,18.85885],[-91.27658,18.85887],[-91.27739,18.85903],[-91.2782,18.85919]]]}},{"type":"Feature","properties":{"cvegeo":"040033395","cve_ent":"04","fuente":"INEGI — Marco Geoestadístico 2024","fecha_corte":"2024-08","cve_mun":"04003","nombre":"Licenciado Gustavo Díaz Ordaz (18 de Marzo)","ambito":"Rural"},"geometry":{"type":"Polygon","coordinates":[[[-91.00315,18.6347],[-91.00364,18.63474],[-91.00377,18.63379],[-91.00466,18.63387],[-91.00555,18.63395],[-91.00643,18.63402],[-91.00691,18.63387],[-91.00728,18.63376],[-91.00734,18.63367],[-91.0074,18.63327],[-91.00831,18.63333],[-91.00843,18.63252],[-91.00849,18.63253],[-91.00872,18.63154],[-91.00904,18.63163],[-91.00925,18.63064],[-91.00905,18.62938],[-91.00869,18.62916],[-91.00803,18.62871],[-91.00777,18.62857],[-91.00734,18.6291],[-91.00424,18.62889],[-91.00332,18.62887],[-91.00243,18.62883],[-91.00155,18.62881],[-91.0008,18.62874],[-90.99987,18.62866],[-90.99903,18.62857],[-90.99817,18.62848],[-90.99726,18.62841],[-90.99608,18.62834],[-90.99605,18.62863],[-90.99601,18.62914],[-90.9959,18.63003],[-90.99595,18.63033],[-90.99587,18.63133],[-90.99585,18.6322],[-90.99584,18.63312],[-90.9958,18.63396],[-90.99662,18.63401],[-90.99687,18.63403],[-90.99686,18.63455],[-90.99842,18.63467],[-90.99854,18.63422],[-90.99848,18.63411],[-90.99929,18.63418],[-91.00024,18.63427],[-91.0011,18.6344],[-91.00141,18.63443],[-91.00154,18.63438],[-91.00194,18.63455],[-91.00201,18.63454],[-91.00205,18.63455],[-91.00209,18.63448],[-91.00265,18.63463],[-91.00283,18.63465],[-91.00315,18.6347]]]}},{"type":"Feature","properties":{"cvegeo":"040032251","cve_ent":"04","fuente":"INEGI — Marco Geoestadístico 2024","fecha_corte":"2024-08","cve_mun":"04003","nombre":"Fernando Foglio Miramontes","ambito":"Rural"},"geometry":{"type":"Polygon","coordinates":[[[-91.60883,18.32674],[-91.61046,18.32506],[-91.61104,18.32445],[-91.61154,18.32391],[-91.6122,18.32323],[-91.6128,18.32263],[-91.61314,18.3223],[-91.61334,18.32211],[-91.61336,18.32201],[-91.61392,18.32144],[-91.61318,18.32077],[-91.61317,18.32079],[-91.61233,18.32002],[-91.61177,18.32063],[-91.61119,18.32121],[-91.61103,18.32139],[-91.60939,18.32147],[-91.60918,18.32186],[-91.61062,18.32185],[-91.61033,18.32216],[-91.6101,18.3224],[-91.60994,18.32256],[-91.60948,18.32305],[-91.60889,18.32362],[-91.60828,18.32425],[-91.60715,18.32544],[-91.60793,18.32612],[-91.60883,18.32674]]]}},{"type":"Feature","properties":{"cvegeo":"040033321","cve_ent":"04","fuente":"INEGI — Marco Geoestadístico 2024","fecha_corte":"2024-08","cve_mun":"04003","nombre":"Felipe Ángeles","ambito":"Rural"},"geometry":{"type":"Polygon","coordinates":[[[-91.02958,18.39303],[-91.02956,18.39297],[-91.02922,18.3921],[-91.02899,18.39165],[-91.02709,18.3925],[-91.02611,18.39291],[-91.0259,18.39254],[-91.02493,18.39297],[-91.02465,18.39247],[-91.0237,18.39284],[-91.02396,18.39336],[-91.02362,18.39349],[-91.02312,18.39372],[-91.02334,18.39416],[-91.02358,18.39463],[-91.02367,18.39459],[-91.02394,18.39512],[-91.02369,18.39524],[-91.02389,18.39565],[-91.02431,18.39657],[-91.02423,18.39658],[-91.02378,18.39668],[-91.02332,18.39693],[-91.02385,18.39786],[-91.02432,18.39765],[-91.02477,18.39748],[-91.02479,18.39752],[-91.02528,18.39842],[-91.02566,18.39924],[-91.02587,18.39917],[-91.02671,18.39883],[-91.02628,18.39797],[-91.02724,18.39752],[-91.02812,18.39708],[-91.02896,18.39672],[-91.02905,18.39665],[-91.02914,18.39664],[-91.0296,18.3975],[-91.03151,18.39666],[-91.03115,18.39577],[-91.03114,18.39572],[-91.03112,18.39569],[-91.03065,18.39479],[-91.0304,18.39432],[-91.03017,18.39389],[-91.03045,18.39376],[-91.03083,18.3936],[-91.0314,18.39336],[-91.03064,18.39253],[-91.03012,18.39281],[-91.02958,18.39303]]]}},{"type":"Feature","properties":{"cvegeo":"040030611","cve_ent":"04","fuente":"INEGI — Marco Geoestadístico 2024","fecha_corte":"2024-08","cve_mun":"04003","nombre":"Chekubul","ambito":"Rural"},"geometry":{"type":"Polygon","coordinates":[[[-91.00707,18.82799],[-91.00746,18.8287],[-91.00788,18.82954],[-91.00953,18.82875],[-91.01043,18.82836],[-91.01036,18.82824],[-91.01062,18.82829],[-91.01098,18.82831],[-91.01103,18.82819],[-91.01108,18.82803],[-91.01109,18.82787],[-91.01111,18.82762],[-91.01148,18.82791],[-91.01181,18.82814],[-91.01256,18.82861],[-91.01279,18.82826],[-91.01303,18.82791],[-91.01376,18.82834],[-91.01431,18.82767],[-91.01483,18.827],[-91.01493,18.82697],[-91.01511,18.82694],[-91.01527,18.82687],[-91.01534,18.82682],[-91.01539,18.82674],[-91.01541,18.82664],[-91.01541,18.82651],[-91.01541,18.82642],[-91.01542,18.82632],[-91.01597,18.82565],[-91.01645,18.825],[-91.01695,18.82434],[-91.01745,18.82368],[-91.01663,18.82311],[-91.01593,18.8226],[-91.0164,18.82193],[-91.01574,18.82145],[-91.01501,18.82096],[-91.01553,18.82031],[-91.01517,18.81991],[-91.01501,18.81984],[-91.01485,18.81972],[-91.01427,18.82045],[-91.01354,18.81993],[-91.01402,18.81918],[-91.01332,18.81871],[-91.0126,18.81821],[-91.01221,18.81795],[-91.01188,18.81779],[-91.01051,18.81678],[-91.0098,18.8163],[-91.00909,18.81582],[-91.00914,18.81575],[-91.00842,18.81525],[-91.0076,18.81473],[-91.00707,18.81549],[-91.00664,18.81528],[-91.00619,18.81593],[-91.00591,18.81573],[-91.00541,18.81642],[-91.00509,18.81684],[-91.00487,18.81715],[-91.00454,18.81694],[-91.00452,18.81695],[-91.00403,18.81762],[-91.00401,18.81764],[-91.00403,18.81765],[-91.00357,18.81822],[-91.00391,18.81846],[-91.00363,18.81882],[-91.00334,18.81918],[-91.00404,18.8197],[-91.00407,18.81966],[-91.00479,18.82011],[-91.00555,18.82063],[-91.00624,18.8211],[-91.00619,18.82117],[-91.00595,18.82148],[-91.00661,18.82199],[-91.00731,18.82252],[-91.00799,18.82304],[-91.00853,18.82349],[-91.00851,18.82351],[-91.00817,18.8239],[-91.00674,18.82494],[-91.00656,18.82553],[-91.0064,18.82604],[-91.00657,18.82643],[-91.00636,18.82654],[-91.0067,18.82723],[-91.00709,18.82791],[-91.00707,18.82799]]]}},{"type":"Feature","properties":{"cvegeo":"040030364","cve_ent":"04","fuente":"INEGI — Marco Geoestadístico 2024","fecha_corte":"2024-08","cve_mun":"04003","nombre":"Independencia","ambito":"Rural"},"geometry":{"type":"Polygon","coordinates":[[[-90.97887,18.69011],[-90.97803,18.69004],[-90.97795,18.69007],[-90.97702,18.69008],[-90.97609,18.68999],[-90.97595,18.68998],[-90.97577,18.69151],[-90.97565,18.69257],[-90.97553,18.69357],[-90.9754,18.69468],[-90.97524,18.69599],[-90.97513,18.697],[-90.97503,18.69796],[-90.9749,18.6989],[-90.97509,18.69891],[-90.97605,18.69901],[-90.97694,18.69911],[-90.97781,18.69922],[-90.97867,18.69931],[-90.98004,18.69946],[-90.98005,18.69925],[-90.98003,18.69885],[-90.97998,18.69875],[-90.97999,18.69871],[-90.98011,18.69759],[-90.98026,18.69653],[-90.98043,18.69515],[-90.98049,18.69465],[-90.98005,18.6946],[-90.98011,18.6941],[-90.98056,18.69414],[-90.98067,18.69312],[-90.98081,18.69205],[-90.98093,18.69037],[-90.97983,18.69023],[-90.97887,18.69011]]]}},{"type":"Feature","properties":{"cvegeo":"040030065","cve_ent":"04","fuente":"INEGI — Marco Geoestadístico 2024","fecha_corte":"2024-08","cve_mun":"04003","nombre":"José María Pino Suárez","ambito":"Rural"},"geometry":{"type":"Polygon","coordinates":[[[-90.96889,18.71647],[-90.96809,18.71637],[-90.96797,18.71725],[-90.96786,18.71817],[-90.96774,18.71942],[-90.96771,18.7195],[-90.96754,18.72114],[-90.96747,18.72162],[-90.96743,18.72187],[-90.96737,18.7223],[-90.96731,18.72294],[-90.9681,18.72303],[-90.96933,18.72319],[-90.9702,18.72331],[-90.97204,18.72356],[-90.97215,18.72273],[-90.97225,18.72196],[-90.97233,18.72122],[-90.97242,18.72041],[-90.97248,18.71982],[-90.97252,18.71951],[-90.9726,18.71868],[-90.9727,18.71789],[-90.9728,18.71705],[-90.97289,18.71622],[-90.973,18.71535],[-90.97157,18.71517],[-90.97169,18.71438],[-90.97084,18.71427],[-90.96993,18.71417],[-90.96979,18.71488],[-90.96924,18.71481],[-90.96909,18.71554],[-90.96889,18.71647]]]}},{"type":"Feature","properties":{"cvegeo":"040034621","cve_ent":"04","fuente":"INEGI — Marco Geoestadístico 2024","fecha_corte":"2024-08","cve_mun":"04003","nombre":"Colonia Jacinto Canek","ambito":"Rural"},"geometry":{"type":"Polygon","coordinates":[[[-91.94068,18.63304],[-91.94168,18.63314],[-91.9423,18.63322],[-91.94261,18.63327],[-91.9427,18.63329],[-91.94311,18.63115],[-91.94267,18.63109],[-91.94207,18.63104],[-91.94163,18.63102],[-91.94128,18.63097],[-91.9413,18.63115],[-91.94129,18.63127],[-91.94124,18.63136],[-91.94102,18.63146],[-91.94077,18.63255],[-91.94069,18.63277],[-91.94068,18.63304]]]}},{"type":"Feature","properties":{"cvegeo":"040033217","cve_ent":"04","fuente":"INEGI — Marco Geoestadístico 2024","fecha_corte":"2024-08","cve_mun":"04003","nombre":"El Aguacatal","ambito":"Rural"},"geometry":{"type":"Polygon","coordinates":[[[-91.50641,18.2143],[-91.50602,18.21446],[-91.50439,18.21516],[-91.50448,18.21569],[-91.50463,18.21673],[-91.50471,18.21719],[-91.50483,18.218],[-91.50493,18.21875],[-91.50501,18.21928],[-91.50603,18.21904],[-91.50682,18.21882],[-91.50686,18.21876],[-91.50691,18.21886],[-91.50862,18.21849],[-91.50944,18.2183],[-91.51029,18.21812],[-91.51115,18.21787],[-91.51192,18.21756],[-91.51275,18.21724],[-91.51366,18.21689],[-91.51453,18.21658],[-91.51534,18.21629],[-91.51549,18.21624],[-91.51602,18.21564],[-91.51579,18.21514],[-91.51577,18.2151],[-91.5154,18.21436],[-91.5153,18.21416],[-91.5151,18.21406],[-91.51483,18.2139],[-91.51464,18.21375],[-91.51462,18.21372],[-91.51449,18.21354],[-91.5142,18.21326],[-91.51409,18.2131],[-91.51393,18.21283],[-91.51379,18.21252],[-91.51372,18.21233],[-91.51364,18.21197],[-91.51345,18.21148],[-91.51332,18.21129],[-91.51322,18.21094],[-91.51313,18.21063],[-91.51298,18.21025],[-91.51299,18.20985],[-91.51297,18.20954],[-91.51273,18.20942],[-91.51265,18.20925],[-91.51266,18.20919],[-91.51243,18.20867],[-91.51212,18.20881],[-91.51187,18.20892],[-91.51111,18.20923],[-91.51028,18.20952],[-91.51015,18.20956],[-91.50942,18.20988],[-91.50916,18.20998],[-91.50857,18.21026],[-91.50838,18.21028],[-91.5077,18.21052],[-91.50706,18.21077],[-91.50698,18.21095],[-91.50695,18.21104],[-91.50667,18.21206],[-91.5066,18.21229],[-91.50638,18.21311],[-91.50631,18.21385],[-91.50629,18.21405],[-91.50641,18.2143]]]}},{"type":"Feature","properties":{"cvegeo":"040033789","cve_ent":"04","fuente":"INEGI — Marco Geoestadístico 2024","fecha_corte":"2024-08","cve_mun":"04003","nombre":"El Carmen","ambito":"Rural"},"geometry":{"type":"Polygon","coordinates":[[[-91.26713,18.25719],[-91.26843,18.25639],[-91.26839,18.25636],[-91.26852,18.25586],[-91.26802,18.25576],[-91.26808,18.25541],[-91.26835,18.25544],[-91.26856,18.25404],[-91.26785,18.25385],[-91.26703,18.25371],[-91.26692,18.25431],[-91.26677,18.25513],[-91.26671,18.25544],[-91.2666,18.25609],[-91.26642,18.25667],[-91.26621,18.25767],[-91.26713,18.25719]]]}},{"type":"Feature","properties":{"cvegeo":"040033263","cve_ent":"04","fuente":"INEGI — Marco Geoestadístico 2024","fecha_corte":"2024-08","cve_mun":"04003","nombre":"Conquista Campesina","ambito":"Rural"},"geometry":{"type":"Polygon","coordinates":[[[-91.28473,18.18244],[-91.28559,18.18246],[-91.28644,18.18245],[-91.2873,18.18244],[-91.28821,18.18243],[-91.28904,18.18243],[-91.28996,18.18245],[-91.28994,18.18201],[-91.28992,18.18154],[-91.28992,18.18071],[-91.29081,18.1807],[-91.29162,18.1807],[-91.29209,18.18072],[-91.29211,18.17998],[-91.29214,18.17826],[-91.2924,18.17825],[-91.29221,18.17747],[-91.29198,18.17662],[-91.29163,18.17533],[-91.29155,18.175],[-91.29074,18.17499],[-91.28987,18.17496],[-91.28902,18.17494],[-91.28815,18.17493],[-91.2873,18.17493],[-91.28643,18.17491],[-91.28558,18.17489],[-91.28559,18.17576],[-91.28513,18.17577],[-91.28512,18.17662],[-91.28512,18.17744],[-91.28514,18.17828],[-91.28476,18.17828],[-91.28476,18.17912],[-91.28475,18.17993],[-91.28382,18.17991],[-91.28384,18.17998],[-91.28399,18.18032],[-91.28402,18.18067],[-91.284,18.18074],[-91.28398,18.18079],[-91.28389,18.18109],[-91.28376,18.18138],[-91.2837,18.18147],[-91.28366,18.18147],[-91.28363,18.18148],[-91.28364,18.18153],[-91.28359,18.18163],[-91.28423,18.18164],[-91.28474,18.18164],[-91.28474,18.18202],[-91.28473,18.18244]]]}},{"type":"Feature","properties":{"cvegeo":"040033354","cve_ent":"04","fuente":"INEGI — Marco Geoestadístico 2024","fecha_corte":"2024-08","cve_mun":"04003","nombre":"Ignacio Zaragoza","ambito":"Rural"},"geometry":{"type":"Polygon","coordinates":[[[-91.3035,18.38838],[-91.30342,18.38846],[-91.30547,18.3892],[-91.30558,18.38908],[-91.30599,18.38865],[-91.30629,18.38834],[-91.30703,18.38901],[-91.30755,18.389],[-91.30803,18.38902],[-91.30807,18.38892],[-91.30812,18.3887],[-91.30813,18.3886],[-91.30824,18.38853],[-91.30846,18.38781],[-91.30847,18.38771],[-91.30868,18.38727],[-91.30859,18.38714],[-91.30849,18.38707],[-91.3081,18.38693],[-91.30784,18.38687],[-91.30701,18.38649],[-91.30724,18.38594],[-91.30687,18.38582],[-91.30676,18.38572],[-91.30741,18.38483],[-91.30719,18.38467],[-91.30695,18.38449],[-91.30715,18.38426],[-91.30756,18.38374],[-91.30828,18.38289],[-91.30738,18.38209],[-91.30653,18.3814],[-91.30617,18.38188],[-91.30586,18.38228],[-91.30508,18.38165],[-91.30424,18.38091],[-91.30364,18.38174],[-91.30447,18.38245],[-91.30391,18.38322],[-91.30463,18.3839],[-91.30397,18.38476],[-91.30319,18.38407],[-91.30201,18.38299],[-91.3016,18.38409],[-91.30156,18.38406],[-91.30131,18.38459],[-91.30217,18.38526],[-91.30184,18.38571],[-91.30117,18.38655],[-91.30189,18.38713],[-91.3027,18.38778],[-91.3035,18.38838]]]}},{"type":"Feature","properties":{"cvegeo":"040033430","cve_ent":"04","fuente":"INEGI — Marco Geoestadístico 2024","fecha_corte":"2024-08","cve_mun":"04003","nombre":"Ojo de Agua","ambito":"Rural"},"geometry":{"type":"Polygon","coordinates":[[[-91.2151,18.34203],[-91.21558,18.34271],[-91.21602,18.3434],[-91.21649,18.3427],[-91.21695,18.34337],[-91.21748,18.34404],[-91.21801,18.34338],[-91.21819,18.3431],[-91.21933,18.34458],[-91.2196,18.3442],[-91.21849,18.34265],[-91.21905,18.34186],[-91.21955,18.34117],[-91.22008,18.34043],[-91.22063,18.33977],[-91.22127,18.33897],[-91.2206,18.33809],[-91.22043,18.33834],[-91.21985,18.33764],[-91.21931,18.33701],[-91.21873,18.33625],[-91.21847,18.33586],[-91.21826,18.33558],[-91.21773,18.33631],[-91.21726,18.33697],[-91.21784,18.33768],[-91.21717,18.33844],[-91.21749,18.33875],[-91.21724,18.33877],[-91.21696,18.33914],[-91.21653,18.33856],[-91.21605,18.33941],[-91.21593,18.33934],[-91.21555,18.33996],[-91.21576,18.34023],[-91.216,18.34054],[-91.21601,18.34061],[-91.21578,18.34094],[-91.21557,18.34131],[-91.2151,18.34203]]]}},{"type":"Feature","properties":{"cvegeo":"040033080","cve_ent":"04","fuente":"INEGI — Marco Geoestadístico 2024","fecha_corte":"2024-08","cve_mun":"04003","nombre":"El Zapote","ambito":"Rural"},"geometry":{"type":"Polygon","coordinates":[[[-91.80195,18.22116],[-91.80233,18.22155],[-91.80378,18.21997],[-91.80417,18.21953],[-91.8048,18.21882],[-91.8047,18.21869],[-91.80465,18.21851],[-91.80465,18.21837],[-91.80461,18.21826],[-91.80453,18.21816],[-91.80449,18.21807],[-91.80442,18.21803],[-91.80436,18.21803],[-91.80424,18.21803],[-91.80404,18.21814],[-91.80387,18.21824],[-91.80373,18.21827],[-91.80362,18.21826],[-91.80349,18.2182],[-91.80341,18.21818],[-91.80335,18.21816],[-91.80331,18.21798],[-91.80338,18.21779],[-91.80351,18.21768],[-91.80363,18.21755],[-91.80364,18.21738],[-91.80362,18.21717],[-91.80359,18.21712],[-91.80353,18.21708],[-91.8035,18.21705],[-91.80336,18.21702],[-91.80323,18.21704],[-91.80314,18.21709],[-91.80297,18.21715],[-91.80269,18.2172],[-91.80257,18.2172],[-91.80239,18.21718],[-91.80227,18.21707],[-91.80226,18.21699],[-91.80227,18.21693],[-91.8024,18.21674],[-91.80266,18.21667],[-91.80283,18.21655],[-91.80291,18.21644],[-91.80299,18.21627],[-91.80296,18.21607],[-91.80291,18.21591],[-91.8028,18.21567],[-91.80264,18.21563],[-91.8026,18.21546],[-91.80253,18.21541],[-91.80234,18.21537],[-91.80226,18.2153],[-91.80219,18.21529],[-91.80214,18.21521],[-91.80193,18.21518],[-91.8018,18.21504],[-91.80163,18.21489],[-91.80142,18.21468],[-91.80033,18.21536],[-91.79949,18.21592],[-91.80014,18.21683],[-91.80057,18.21744],[-91.79974,18.21804],[-91.8001,18.21858],[-91.79928,18.21924],[-91.7996,18.21968],[-91.79997,18.22018],[-91.8002,18.22],[-91.80052,18.22039],[-91.80082,18.22075],[-91.80098,18.22065],[-91.8014,18.22108],[-91.80168,18.22088],[-91.80195,18.22116]]]}},{"type":"Feature","properties":{"cvegeo":"040031776","cve_ent":"04","fuente":"INEGI — Marco Geoestadístico 2024","fecha_corte":"2024-08","cve_mun":"04003","nombre":"Oxcabal","ambito":"Rural"},"geometry":{"type":"Polygon","coordinates":[[[-90.96543,18.86037],[-90.96509,18.86114],[-90.96501,18.8614],[-90.96482,18.86199],[-90.96481,18.86202],[-90.9645,18.86274],[-90.96446,18.86276],[-90.96424,18.86325],[-90.96413,18.86353],[-90.96381,18.86424],[-90.96346,18.86498],[-90.96331,18.8655],[-90.96418,18.86619],[-90.96258,18.86825],[-90.96299,18.86857],[-90.96332,18.86886],[-90.96333,18.86886],[-90.96336,18.86889],[-90.96352,18.869],[-90.96376,18.86912],[-90.96377,18.86918],[-90.9638,18.86922],[-90.96393,18.86935],[-90.96423,18.86955],[-90.96427,18.86958],[-90.96433,18.86961],[-90.96633,18.86726],[-90.96688,18.86659],[-90.9675,18.86587],[-90.96804,18.86523],[-90.96843,18.86478],[-90.96863,18.86457],[-90.96899,18.86434],[-90.9693,18.86413],[-90.97013,18.86364],[-90.97091,18.86317],[-90.97229,18.86234],[-90.97211,18.86216],[-90.9714,18.86179],[-90.97052,18.86149],[-90.96953,18.8611],[-90.96888,18.86083],[-90.96829,18.86062],[-90.96767,18.86035],[-90.96735,18.86023],[-90.96674,18.86002],[-90.96574,18.85965],[-90.96543,18.86037]]]}},{"type":"Feature","properties":{"cvegeo":"040040140","cve_ent":"04","fuente":"INEGI — Marco Geoestadístico 2024","fecha_corte":"2024-08","cve_mun":"04004","nombre":"Chilam Balam","ambito":"Rural"},"geometry":{"type":"Polygon","coordinates":[[[-90.24639,19.00116],[-90.24639,19.00202],[-90.2464,19.00215],[-90.24645,19.0024],[-90.2465,19.00284],[-90.2465,19.00318],[-90.2465,19.00382],[-90.24648,19.00476],[-90.24648,19.00482],[-90.24646,19.00523],[-90.24647,19.00572],[-90.24652,19.00592],[-90.24825,19.00571],[-90.24921,19.00557],[-90.24962,19.00549],[-90.24995,19.00535],[-90.25009,19.00523],[-90.25027,19.00504],[-90.25038,19.00492],[-90.25095,19.00404],[-90.25129,19.00352],[-90.25163,19.00302],[-90.25178,19.00273],[-90.25185,19.00253],[-90.2519,19.00224],[-90.25192,19.002],[-90.25192,19.00076],[-90.25096,19.00075],[-90.25087,19.00075],[-90.25019,19.00074],[-90.24979,19.00073],[-90.24884,19.00072],[-90.24874,19.00072],[-90.24768,19.00071],[-90.24744,19.0007],[-90.2464,19.00075],[-90.24639,19.00116]]]}},{"type":"Feature","properties":{"cvegeo":"040040195","cve_ent":"04","fuente":"INEGI — Marco Geoestadístico 2024","fecha_corte":"2024-08","cve_mun":"04004","nombre":"Kukulkán","ambito":"Rural"},"geometry":{"type":"Polygon","coordinates":[[[-90.24847,18.99709],[-90.24801,18.99712],[-90.2474,18.9971],[-90.24636,18.99713],[-90.24524,18.99712],[-90.24525,18.99812],[-90.24524,18.99887],[-90.24524,18.99915],[-90.24524,18.99931],[-90.24523,19.00013],[-90.24523,19.00015],[-90.24523,19.00087],[-90.24523,19.00112],[-90.24639,19.00116],[-90.2464,19.00075],[-90.24744,19.0007],[-90.24768,19.00071],[-90.24874,19.00072],[-90.24884,19.00072],[-90.24882,19.00014],[-90.24882,19.00013],[-90.24881,18.99992],[-90.24878,18.99974],[-90.24867,18.99944],[-90.24867,18.99935],[-90.24868,18.99911],[-90.24871,18.99811],[-90.24872,18.99715],[-90.24872,18.9971],[-90.24847,18.99709]]]}},{"type":"Feature","properties":{"cvegeo":"040041763","cve_ent":"04","fuente":"INEGI — Marco Geoestadístico 2024","fecha_corte":"2024-08","cve_mun":"04004","nombre":"Ignacio López Rayón","ambito":"Rural"},"geometry":{"type":"Polygon","coordinates":[[[-90.24402,19.00111],[-90.2431,19.00149],[-90.24303,19.00215],[-90.24292,19.00313],[-90.24282,19.00423],[-90.2426,19.00645],[-90.24417,19.00625],[-90.24525,19.00609],[-90.24652,19.00592],[-90.24647,19.00572],[-90.24646,19.00523],[-90.24648,19.00482],[-90.24648,19.00476],[-90.2465,19.00382],[-90.2465,19.00318],[-90.2465,19.00284],[-90.24645,19.0024],[-90.2464,19.00215],[-90.24639,19.00202],[-90.24639,19.00116],[-90.24523,19.00112],[-90.24418,19.00111],[-90.24402,19.00111]]]}},{"type":"Feature","properties":{"cvegeo":"040042157","cve_ent":"04","fuente":"INEGI — Marco Geoestadístico 2024","fecha_corte":"2024-08","cve_mun":"04004","nombre":"Nuevo Michoacán","ambito":"Rural"},"geometry":{"type":"Polygon","coordinates":[[[-90.31,19.43015],[-90.31,19.43038],[-90.31001,19.43073],[-90.31004,19.43192],[-90.3104,19.43189],[-90.31076,19.4319],[-90.31211,19.4319],[-90.31381,19.43182],[-90.31378,19.43027],[-90.31419,19.43026],[-90.31413,19.42917],[-90.31305,19.42926],[-90.31315,19.42797],[-90.31318,19.42757],[-90.31403,19.4279],[-90.31419,19.42713],[-90.31321,19.42691],[-90.31318,19.42749],[-90.31002,19.42759],[-90.31,19.43015]]]}},{"type":"Feature","properties":{"cvegeo":"040040062","cve_ent":"04","fuente":"INEGI — Marco Geoestadístico 2024","fecha_corte":"2024-08","cve_mun":"04004","nombre":"San José Carpizo Uno (San Fernando)","ambito":"Rural"},"geometry":{"type":"Polygon","coordinates":[[[-90.50904,19.40833],[-90.50912,19.40891],[-90.51022,19.40903],[-90.51131,19.40891],[-90.51135,19.40922],[-90.51239,19.40938],[-90.5135,19.40954],[-90.51474,19.40968],[-90.5146,19.40918],[-90.51447,19.40876],[-90.51436,19.40841],[-90.51487,19.40836],[-90.51514,19.40832],[-90.51505,19.40736],[-90.51419,19.40749],[-90.51412,19.40752],[-90.51421,19.40742],[-90.51428,19.40736],[-90.5144,19.40707],[-90.51454,19.40667],[-90.51465,19.40641],[-90.51489,19.40626],[-90.51497,19.4062],[-90.51489,19.40534],[-90.51479,19.40437],[-90.51485,19.40432],[-90.51489,19.40425],[-90.51482,19.40335],[-90.51327,19.40361],[-90.51222,19.40378],[-90.51135,19.40393],[-90.51109,19.40257],[-90.5101,19.40278],[-90.50911,19.40301],[-90.50802,19.4033],[-90.5083,19.40446],[-90.50848,19.40527],[-90.50852,19.40531],[-90.50849,19.40531],[-90.50742,19.40548],[-90.5076,19.40655],[-90.50871,19.40636],[-90.50885,19.40736],[-90.50904,19.40833]]]}},{"type":"Feature","properties":{"cvegeo":"040040115","cve_ent":"04","fuente":"INEGI — Marco Geoestadístico 2024","fecha_corte":"2024-08","cve_mun":"04004","nombre":"Ah-Kim-Pech","ambito":"Rural"},"geometry":{"type":"Polygon","coordinates":[[[-90.24423,18.99508],[-90.24423,18.99606],[-90.24323,18.99608],[-90.24316,18.99608],[-90.24212,18.9961],[-90.24211,18.99715],[-90.24209,18.99816],[-90.24214,18.99915],[-90.24212,19.0001],[-90.24212,19.00107],[-90.24319,19.0011],[-90.24402,19.00111],[-90.24418,19.00111],[-90.24523,19.00112],[-90.24523,19.00087],[-90.24523,19.00015],[-90.24523,19.00013],[-90.24524,18.99931],[-90.24524,18.99915],[-90.24524,18.99887],[-90.24525,18.99812],[-90.24524,18.99712],[-90.24636,18.99713],[-90.2464,18.99503],[-90.24423,18.99508]]]}},{"type":"Feature","properties":{"cvegeo":"040040218","cve_ent":"04","fuente":"INEGI — Marco Geoestadístico 2024","fecha_corte":"2024-08","cve_mun":"04004","nombre":"Nayarit Castellot","ambito":"Rural"},"geometry":{"type":"Polygon","coordinates":[[[-90.25204,19.22237],[-90.25123,19.22233],[-90.25069,19.22229],[-90.25011,19.22225],[-90.25022,19.22134],[-90.24895,19.22118],[-90.24906,19.22155],[-90.24905,19.22154],[-90.24902,19.22149],[-90.24897,19.22146],[-90.24889,19.2214],[-90.24881,19.22136],[-90.24872,19.22132],[-90.24865,19.2213],[-90.24856,19.22128],[-90.24848,19.22128],[-90.2484,19.22129],[-90.24836,19.22129],[-90.24832,19.22128],[-90.24828,19.22126],[-90.24823,19.22124],[-90.24816,19.22119],[-90.2481,19.22114],[-90.24804,19.2211],[-90.24799,19.22107],[-90.247,19.22096],[-90.2469,19.222],[-90.24686,19.22249],[-90.24681,19.2231],[-90.24574,19.223],[-90.24495,19.22293],[-90.24465,19.22292],[-90.24457,19.22296],[-90.24459,19.22356],[-90.24458,19.22361],[-90.24461,19.22383],[-90.24461,19.22389],[-90.24462,19.22411],[-90.24464,19.22459],[-90.24466,19.22496],[-90.24559,19.22502],[-90.24664,19.22508],[-90.2467,19.22506],[-90.24667,19.22619],[-90.24677,19.22718],[-90.24771,19.22724],[-90.24842,19.22731],[-90.24874,19.22734],[-90.24985,19.22743],[-90.25103,19.2275],[-90.25121,19.22751],[-90.25209,19.22755],[-90.25308,19.22761],[-90.25498,19.22773],[-90.25495,19.2277],[-90.25483,19.22756],[-90.25477,19.22748],[-90.25466,19.22715],[-90.25429,19.22677],[-90.25415,19.22669],[-90.25395,19.22658],[-90.25366,19.22627],[-90.25343,19.22601],[-90.2532,19.22566],[-90.25294,19.22533],[-90.25291,19.22524],[-90.25294,19.22499],[-90.25296,19.22494],[-90.25306,19.22477],[-90.25309,19.22471],[-90.25311,19.22449],[-90.25308,19.22416],[-90.25304,19.22403],[-90.25286,19.22372],[-90.25285,19.22369],[-90.2528,19.22364],[-90.25271,19.22357],[-90.25255,19.22331],[-90.25249,19.22325],[-90.25237,19.22309],[-90.25224,19.22279],[-90.25223,19.22278],[-90.25208,19.2225],[-90.25206,19.22243],[-90.25204,19.22237]]]}},{"type":"Feature","properties":{"cvegeo":"040040637","cve_ent":"04","fuente":"INEGI — Marco Geoestadístico 2024","fecha_corte":"2024-08","cve_mun":"04004","nombre":"Coronel Ortiz Ávila","ambito":"Rural"},"geometry":{"type":"Polygon","coordinates":[[[-90.36552,19.2196],[-90.3661,19.22019],[-90.36631,19.2204],[-90.36637,19.22069],[-90.36637,19.22091],[-90.36639,19.22112],[-90.36642,19.22124],[-90.36646,19.22136],[-90.3669,19.221],[-90.36774,19.22038],[-90.36855,19.2197],[-90.36931,19.21901],[-90.36855,19.21831],[-90.36782,19.21761],[-90.36854,19.21701],[-90.36784,19.21626],[-90.36708,19.21553],[-90.36635,19.21479],[-90.36566,19.21544],[-90.36553,19.21553],[-90.36488,19.21617],[-90.36417,19.21682],[-90.36297,19.2178],[-90.36358,19.21777],[-90.36367,19.2178],[-90.36374,19.21784],[-90.3641,19.21819],[-90.36483,19.21892],[-90.36552,19.2196]]]}},{"type":"Feature","properties":{"cvegeo":"040040453","cve_ent":"04","fuente":"INEGI — Marco Geoestadístico 2024","fecha_corte":"2024-08","cve_mun":"04004","nombre":"Nueva Esperanza Uno (San Miguel Tobías)","ambito":"Rural"},"geometry":{"type":"Polygon","coordinates":[[[-90.57238,18.98616],[-90.57254,18.98561],[-90.57278,18.98469],[-90.57303,18.98363],[-90.57206,18.98356],[-90.57097,18.98349],[-90.57065,18.98346],[-90.57054,18.98348],[-90.57044,18.9835],[-90.57033,18.9835],[-90.57021,18.98351],[-90.57011,18.98352],[-90.5699,18.98351],[-90.56995,18.98335],[-90.56896,18.98316],[-90.56884,18.98314],[-90.56873,18.9836],[-90.56773,18.98344],[-90.56758,18.98421],[-90.56733,18.98426],[-90.56726,18.98428],[-90.56715,18.98435],[-90.567,18.98445],[-90.56694,18.98452],[-90.56679,18.98471],[-90.56672,18.9851],[-90.56832,18.98533],[-90.56937,18.98546],[-90.56943,18.98525],[-90.56948,18.98526],[-90.57048,18.98539],[-90.57037,18.98583],[-90.57137,18.98602],[-90.57238,18.98616]]]}},{"type":"Feature","properties":{"cvegeo":"040040028","cve_ent":"04","fuente":"INEGI — Marco Geoestadístico 2024","fecha_corte":"2024-08","cve_mun":"04004","nombre":"Revolución","ambito":"Rural"},"geometry":{"type":"Polygon","coordinates":[[[-90.72959,18.90127],[-90.72945,18.90133],[-90.72934,18.9013],[-90.72902,18.90116],[-90.72858,18.90112],[-90.72845,18.90125],[-90.72848,18.90137],[-90.72854,18.90146],[-90.72855,18.90168],[-90.72864,18.90181],[-90.72867,18.90199],[-90.72865,18.9025],[-90.72865,18.90251],[-90.72857,18.90323],[-90.7285,18.90406],[-90.72925,18.90414],[-90.72915,18.905],[-90.72906,18.90586],[-90.72863,18.90583],[-90.72852,18.90693],[-90.72893,18.90697],[-90.72973,18.90699],[-90.73082,18.90696],[-90.73101,18.90696],[-90.73212,18.90704],[-90.733,18.90712],[-90.73404,18.90722],[-90.73417,18.90645],[-90.73431,18.90631],[-90.7344,18.90567],[-90.73434,18.9056],[-90.7343,18.90555],[-90.7344,18.90477],[-90.73445,18.90436],[-90.73441,18.90393],[-90.73466,18.90307],[-90.73472,18.90223],[-90.73476,18.90124],[-90.73382,18.90116],[-90.73385,18.90037],[-90.73299,18.90028],[-90.73311,18.89939],[-90.73225,18.89927],[-90.73213,18.90014],[-90.73187,18.90013],[-90.73167,18.90185],[-90.73164,18.90213],[-90.73139,18.90211],[-90.7314,18.90179],[-90.73042,18.90159],[-90.73034,18.90153],[-90.73011,18.90147],[-90.72991,18.90135],[-90.72972,18.90123],[-90.72959,18.90127]]]}},{"type":"Feature","properties":{"cvegeo":"040040243","cve_ent":"04","fuente":"INEGI — Marco Geoestadístico 2024","fecha_corte":"2024-08","cve_mun":"04004","nombre":"San Antonio del Río","ambito":"Rural"},"geometry":{"type":"Polygon","coordinates":[[[-90.55413,19.32071],[-90.55408,19.32081],[-90.55406,19.32092],[-90.55407,19.32104],[-90.5541,19.32112],[-90.55425,19.32132],[-90.55369,19.32194],[-90.55301,19.32269],[-90.55336,19.32304],[-90.55297,19.32347],[-90.55323,19.32375],[-90.55296,19.32403],[-90.55327,19.32436],[-90.55336,19.32429],[-90.55356,19.32456],[-90.55368,19.32476],[-90.55378,19.32495],[-90.55404,19.32469],[-90.5542,19.32451],[-90.55426,19.32445],[-90.55431,19.3244],[-90.55448,19.32423],[-90.5545,19.32421],[-90.5551,19.32352],[-90.55511,19.3235],[-90.55646,19.32201],[-90.55678,19.32164],[-90.55741,19.32152],[-90.55752,19.32113],[-90.55774,19.32118],[-90.55778,19.32073],[-90.55724,19.32021],[-90.55672,19.31977],[-90.55596,19.32032],[-90.55595,19.32028],[-90.55585,19.32004],[-90.55567,19.31986],[-90.55562,19.31984],[-90.55552,19.31982],[-90.55536,19.31986],[-90.55527,19.31992],[-90.55454,19.32038],[-90.5545,19.32035],[-90.55443,19.32039],[-90.55429,19.32051],[-90.55421,19.3206],[-90.55413,19.32071]]]}},{"type":"Feature","properties":{"cvegeo":"040041701","cve_ent":"04","fuente":"INEGI — Marco Geoestadístico 2024","fecha_corte":"2024-08","cve_mun":"04004","nombre":"Dzitbalché Castellot","ambito":"Rural"},"geometry":{"type":"Polygon","coordinates":[[[-90.2607,19.15284],[-90.26072,19.15367],[-90.26073,19.15412],[-90.26088,19.15411],[-90.26164,19.1541],[-90.26337,19.15408],[-90.26334,19.15365],[-90.26334,19.15361],[-90.26332,19.1528],[-90.26332,19.15197],[-90.2633,19.15112],[-90.26329,19.15028],[-90.2633,19.14948],[-90.2633,19.14942],[-90.26244,19.14944],[-90.26152,19.14943],[-90.26149,19.15034],[-90.26067,19.15032],[-90.26064,19.1511],[-90.26078,19.15111],[-90.26075,19.152],[-90.2607,19.15284]]]}},{"type":"Feature","properties":{"cvegeo":"040040642","cve_ent":"04","fuente":"INEGI — Marco Geoestadístico 2024","fecha_corte":"2024-08","cve_mun":"04004","nombre":"Valle de Quetzalcóatl","ambito":"Rural"},"geometry":{"type":"Polygon","coordinates":[[[-90.23891,19.22483],[-90.24046,19.22504],[-90.24051,19.2261],[-90.24153,19.22573],[-90.2415,19.22515],[-90.24252,19.22527],[-90.24355,19.22542],[-90.24353,19.2248],[-90.24368,19.22493],[-90.24466,19.22496],[-90.24464,19.22459],[-90.24462,19.22411],[-90.24461,19.22389],[-90.24461,19.22383],[-90.24458,19.22361],[-90.24459,19.22356],[-90.24457,19.22296],[-90.24457,19.2229],[-90.24457,19.22261],[-90.24454,19.22203],[-90.24345,19.22196],[-90.24339,19.22055],[-90.24239,19.22037],[-90.2424,19.22124],[-90.24142,19.22114],[-90.24038,19.22102],[-90.23937,19.22091],[-90.23932,19.22186],[-90.23932,19.22289],[-90.23894,19.22283],[-90.23814,19.22274],[-90.23808,19.22378],[-90.23895,19.22388],[-90.23891,19.22483]]]}},{"type":"Feature","properties":{"cvegeo":"040040001","cve_ent":"04","fuente":"INEGI — Marco Geoestadístico 2024","fecha_corte":"2024-08","cve_mun":"04004","nombre":"Champotón","ambito":"Urbana"},"geometry":{"type":"Polygon","coordinates":[[[-90.71667,19.36118],[-90.71709,19.36135],[-90.71714,19.36136],[-90.71711,19.36144],[-90.71708,19.36155],[-90.71708,19.36165],[-90.7171,19.36177],[-90.71714,19.36187],[-90.71727,19.36202],[-90.71745,19.36217],[-90.71788,19.36248],[-90.71779,19.3626],[-90.7177,19.3627],[-90.7175,19.36289],[-90.71728,19.36306],[-90.71703,19.3632],[-90.71679,19.36335],[-90.71655,19.36346],[-90.71642,19.36352],[-90.71689,19.36397],[-90.71799,19.36499],[-90.71721,19.36639],[-90.71598,19.36965],[-90.71598,19.36968],[-90.71604,19.37096],[-90.716,19.37196],[-90.71603,19.3726],[-90.71609,19.37272],[-90.71616,19.37283],[-90.71848,19.37159],[-90.71892,19.37144],[-90.71924,19.37138],[-90.71948,19.37136],[-90.72008,19.37137],[-90.72156,19.37139],[-90.72283,19.37142],[-90.72282,19.37129],[-90.72282,19.37122],[-90.72284,19.37104],[-90.72285,19.37078],[-90.72277,19.37038],[-90.72275,19.37013],[-90.72274,19.3699],[-90.72268,19.3698],[-90.72262,19.36969],[-90.72258,19.36961],[-90.72255,19.36948],[-90.72256,19.36934],[-90.72256,19.36923],[-90.72257,19.36914],[-90.72255,19.369],[-90.72256,19.36885],[-90.72256,19.36875],[-90.72254,19.36869],[-90.72253,19.3686],[-90.72253,19.36845],[-90.72253,19.36839],[-90.72253,19.36839],[-90.72252,19.36822],[-90.72251,19.36817],[-90.72251,19.36812],[-90.7225,19.36811],[-90.7225,19.36807],[-90.7225,19.36802],[-90.72249,19.36795],[-90.72247,19.36783],[-90.72246,19.36773],[-90.72242,19.36764],[-90.72242,19.36758],[-90.72239,19.36748],[-90.72238,19.36739],[-90.72238,19.36738],[-90.72237,19.36735],[-90.72237,19.36734],[-90.72238,19.36728],[-90.72236,19.36708],[-90.72237,19.36678],[-90.72236,19.3667],[-90.72236,19.36648],[-90.72236,19.36645],[-90.72236,19.36642],[-90.72236,19.36616],[-90.72237,19.36596],[-90.72237,19.3659],[-90.72236,19.36574],[-90.72227,19.36565],[-90.72217,19.36562],[-90.72215,19.36559],[-90.72211,19.36554],[-90.72206,19.36543],[-90.72204,19.3653],[-90.72203,19.36518],[-90.72203,19.36509],[-90.72203,19.36506],[-90.72203,19.3649],[-90.72203,19.36475],[-90.72203,19.36464],[-90.72204,19.36455],[-90.72204,19.36451],[-90.72205,19.36437],[-90.72207,19.36425],[-90.7221,19.36409],[-90.72213,19.36396],[-90.72217,19.36383],[-90.72218,19.36373],[-90.72218,19.3637],[-90.72219,19.3636],[-90.72222,19.36347],[-90.72226,19.36335],[-90.72226,19.36327],[-90.72228,19.36318],[-90.72233,19.36302],[-90.72235,19.36284],[-90.72235,19.36269],[-90.72238,19.36249],[-90.72238,19.36234],[-90.72239,19.36228],[-90.72239,19.36211],[-90.72244,19.36208],[-90.72245,19.36194],[-90.72246,19.36184],[-90.72247,19.3618],[-90.72246,19.3617],[-90.72247,19.36159],[-90.72248,19.36145],[-90.7225,19.36132],[-90.72251,19.36123],[-90.72253,19.36109],[-90.72253,19.36097],[-90.72253,19.36086],[-90.72253,19.36079],[-90.72253,19.36063],[-90.72255,19.36051],[-90.72255,19.36041],[-90.72257,19.36025],[-90.72256,19.36012],[-90.72256,19.35996],[-90.72256,19.35993],[-90.72256,19.35991],[-90.72257,19.35982],[-90.72258,19.35969],[-90.72259,19.35961],[-90.72259,19.35946],[-90.72262,19.35941],[-90.72266,19.35935],[-90.72268,19.35932],[-90.72271,19.35922],[-90.72272,19.35907],[-90.72272,19.35907],[-90.72272,19.35905],[-90.72266,19.35891],[-90.7229,19.35867],[-90.72306,19.35847],[-90.72326,19.35824],[-90.7234,19.35823],[-90.72358,19.35821],[-90.72381,19.35822],[-90.72422,19.3583],[-90.7244,19.35834],[-90.72456,19.35835],[-90.72463,19.35832],[-90.72463,19.35833],[-90.72464,19.35833],[-90.72464,19.35833],[-90.72464,19.35833],[-90.72468,19.3583],[-90.72469,19.3583],[-90.72473,19.35823],[-90.72482,19.35814],[-90.72494,19.35808],[-90.72494,19.35808],[-90.72504,19.35811],[-90.72504,19.35811],[-90.72512,19.3581],[-90.72518,19.35808],[-90.72523,19.35805],[-90.72524,19.35804],[-90.72526,19.35803],[-90.72528,19.35802],[-90.7253,19.35801],[-90.72534,19.35793],[-90.72531,19.35788],[-90.7253,19.35779],[-90.7253,19.35778],[-90.72525,19.35776],[-90.72521,19.35773],[-90.72524,19.35764],[-90.72529,19.35755],[-90.72533,19.35748],[-90.72538,19.35744],[-90.72542,19.3574],[-90.7255,19.35729],[-90.7256,19.35716],[-90.72569,19.35699],[-90.72571,19.35696],[-90.72577,19.35686],[-90.72588,19.35678],[-90.72612,19.35692],[-90.72632,19.35664],[-90.72642,19.35654],[-90.7264,19.35653],[-90.72631,19.35662],[-90.72612,19.35689],[-90.7259,19.35676],[-90.72598,19.35664],[-90.72599,19.3565],[-90.72604,19.35641],[-90.72606,19.35638],[-90.72612,19.35634],[-90.72636,19.35644],[-90.72638,19.35642],[-90.72613,19.35631],[-90.72622,19.35614],[-90.72622,19.35613],[-90.72617,19.35609],[-90.72625,19.35596],[-90.72638,19.35573],[-90.7265,19.35552],[-90.7266,19.35538],[-90.72675,19.35517],[-90.72689,19.35496],[-90.72694,19.35493],[-90.72723,19.35513],[-90.72731,19.35502],[-90.72729,19.355],[-90.72722,19.35507],[-90.72695,19.3549],[-90.72724,19.35443],[-90.72724,19.35443],[-90.72727,19.3544],[-90.72727,19.3544],[-90.72727,19.35439],[-90.7273,19.35436],[-90.72758,19.35454],[-90.72732,19.35494],[-90.72734,19.35495],[-90.72761,19.35453],[-90.72732,19.35435],[-90.72735,19.3543],[-90.72743,19.35415],[-90.72753,19.35401],[-90.7276,19.35389],[-90.72767,19.35381],[-90.72771,19.35371],[-90.72779,19.35359],[-90.7278,19.35356],[-90.72781,19.35356],[-90.72781,19.35356],[-90.72781,19.35355],[-90.72784,19.3535],[-90.7279,19.35339],[-90.72804,19.35315],[-90.72804,19.35314],[-90.72812,19.35318],[-90.7283,19.35326],[-90.72829,19.35331],[-90.72834,19.35333],[-90.72835,19.35333],[-90.72836,19.35329],[-90.72836,19.35329],[-90.72855,19.35336],[-90.72854,19.35338],[-90.72857,19.35339],[-90.72857,19.35339],[-90.7286,19.35333],[-90.72856,19.35332],[-90.72856,19.35332],[-90.72855,19.35333],[-90.72855,19.35333],[-90.72855,19.35333],[-90.72838,19.35326],[-90.7284,19.35321],[-90.72834,19.35318],[-90.72834,19.35319],[-90.72831,19.35323],[-90.72831,19.35323],[-90.72822,19.35319],[-90.72824,19.35315],[-90.7282,19.35313],[-90.7282,19.35313],[-90.72818,19.35317],[-90.72817,19.35317],[-90.72813,19.35316],[-90.72812,19.35315],[-90.72813,19.35311],[-90.72806,19.35308],[-90.72813,19.35291],[-90.72823,19.35275],[-90.7283,19.35261],[-90.72835,19.35249],[-90.7284,19.35242],[-90.72845,19.35232],[-90.72853,19.35221],[-90.72853,19.3522],[-90.72861,19.35225],[-90.72861,19.35225],[-90.72862,19.35222],[-90.72855,19.35217],[-90.72858,19.35205],[-90.72858,19.35205],[-90.72864,19.35206],[-90.72865,19.35206],[-90.72865,19.35204],[-90.72859,19.35203],[-90.72859,19.35198],[-90.72866,19.35189],[-90.72871,19.35179],[-90.7287,19.35175],[-90.72882,19.35154],[-90.72884,19.35146],[-90.72893,19.35133],[-90.72901,19.35111],[-90.72907,19.35102],[-90.7291,19.35095],[-90.72917,19.35081],[-90.72923,19.35069],[-90.72927,19.35061],[-90.72932,19.35051],[-90.72938,19.35039],[-90.72943,19.3503],[-90.72948,19.35021],[-90.72956,19.35005],[-90.7296,19.34997],[-90.72966,19.34988],[-90.72969,19.34984],[-90.72972,19.34972],[-90.72979,19.34961],[-90.72984,19.3495],[-90.72992,19.34937],[-90.73001,19.34925],[-90.73007,19.34911],[-90.73008,19.349],[-90.73013,19.34888],[-90.7302,19.34872],[-90.73023,19.34863],[-90.73026,19.3486],[-90.73029,19.34855],[-90.73029,19.34855],[-90.73031,19.34855],[-90.73042,19.3486],[-90.73042,19.3486],[-90.73043,19.34858],[-90.73032,19.34853],[-90.73059,19.34791],[-90.73065,19.34777],[-90.73069,19.34774],[-90.73078,19.34762],[-90.73074,19.34757],[-90.73077,19.34752],[-90.73077,19.3475],[-90.73083,19.34737],[-90.73088,19.34726],[-90.73088,19.34726],[-90.73094,19.34719],[-90.73099,19.3471],[-90.73101,19.34701],[-90.73102,19.34696],[-90.73111,19.34677],[-90.73116,19.34663],[-90.7312,19.34651],[-90.73125,19.34642],[-90.73128,19.34633],[-90.7313,19.34626],[-90.73131,19.34623],[-90.73131,19.34621],[-90.73135,19.34611],[-90.73142,19.3459],[-90.73146,19.34583],[-90.73149,19.34575],[-90.73157,19.34552],[-90.7316,19.3455],[-90.7317,19.34526],[-90.7317,19.34525],[-90.73172,19.34526],[-90.73172,19.34526],[-90.7318,19.34508],[-90.7318,19.34508],[-90.73182,19.34509],[-90.73183,19.34509],[-90.7319,19.34492],[-90.73197,19.34481],[-90.73197,19.3448],[-90.73201,19.34474],[-90.73206,19.34468],[-90.73216,19.34447],[-90.73226,19.34451],[-90.73229,19.34443],[-90.7323,19.3444],[-90.7323,19.34437],[-90.73229,19.34434],[-90.73226,19.34432],[-90.73222,19.3443],[-90.73224,19.34424],[-90.73225,19.3442],[-90.73228,19.34414],[-90.73232,19.34408],[-90.73235,19.34399],[-90.7324,19.34386],[-90.73245,19.34379],[-90.73251,19.34364],[-90.7326,19.34347],[-90.73264,19.34333],[-90.73271,19.34325],[-90.73277,19.34312],[-90.73287,19.34297],[-90.73298,19.34279],[-90.73301,19.34275],[-90.73305,19.34269],[-90.73306,19.34264],[-90.73308,19.34256],[-90.73311,19.34247],[-90.73316,19.34243],[-90.73315,19.34235],[-90.73318,19.3423],[-90.73324,19.34216],[-90.73333,19.34198],[-90.73339,19.34186],[-90.73345,19.34175],[-90.73356,19.34155],[-90.73365,19.34138],[-90.73372,19.34125],[-90.7338,19.34115],[-90.73389,19.34101],[-90.73394,19.34093],[-90.734,19.34083],[-90.73405,19.34075],[-90.73408,19.3407],[-90.7341,19.34067],[-90.73411,19.34066],[-90.73431,19.34074],[-90.73432,19.34072],[-90.73413,19.34063],[-90.73418,19.34052],[-90.73423,19.34041],[-90.73432,19.34025],[-90.73436,19.34021],[-90.73433,19.34018],[-90.73437,19.34009],[-90.73442,19.33999],[-90.73448,19.33986],[-90.73454,19.33973],[-90.73471,19.3394],[-90.73486,19.33906],[-90.73506,19.33872],[-90.73509,19.3386],[-90.73521,19.33838],[-90.7353,19.33824],[-90.7353,19.33824],[-90.73537,19.33813],[-90.73552,19.33789],[-90.73583,19.33744],[-90.73592,19.3373],[-90.73598,19.33713],[-90.73603,19.33698],[-90.73605,19.33692],[-90.73612,19.33676],[-90.73619,19.33661],[-90.73628,19.33645],[-90.73634,19.33632],[-90.73641,19.3362],[-90.73649,19.33603],[-90.73653,19.33597],[-90.73661,19.33588],[-90.73665,19.33582],[-90.73674,19.33571],[-90.73682,19.33552],[-90.73694,19.33539],[-90.73704,19.33532],[-90.73708,19.33523],[-90.73715,19.33504],[-90.73722,19.33491],[-90.7373,19.33482],[-90.73738,19.33467],[-90.73749,19.33451],[-90.73753,19.33439],[-90.73777,19.33397],[-90.7379,19.3338],[-90.73844,19.33299],[-90.7385,19.33284],[-90.73853,19.33278],[-90.73862,19.33263],[-90.73865,19.33251],[-90.73872,19.33239],[-90.73878,19.33228],[-90.73887,19.3322],[-90.73894,19.33207],[-90.739,19.33194],[-90.73914,19.33178],[-90.73915,19.33178],[-90.7392,19.33171],[-90.73932,19.33151],[-90.73938,19.33142],[-90.73941,19.3314],[-90.7395,19.33126],[-90.73959,19.33115],[-90.73969,19.33099],[-90.73977,19.33085],[-90.73986,19.3307],[-90.74,19.33049],[-90.74009,19.33034],[-90.74019,19.33015],[-90.7403,19.32995],[-90.74034,19.32983],[-90.74041,19.32972],[-90.7405,19.32958],[-90.74062,19.32946],[-90.74077,19.32931],[-90.74104,19.32898],[-90.74115,19.32883],[-90.74121,19.32875],[-90.74093,19.32855],[-90.74128,19.32809],[-90.74223,19.3269],[-90.74305,19.32592],[-90.74342,19.32546],[-90.74389,19.32489],[-90.74454,19.32407],[-90.74362,19.32339],[-90.7438,19.32291],[-90.74392,19.3229],[-90.74416,19.32271],[-90.7442,19.32238],[-90.74358,19.3223],[-90.74355,19.32257],[-90.74281,19.32258],[-90.74253,19.32271],[-90.7424,19.32386],[-90.74196,19.32459],[-90.74153,19.32432],[-90.74113,19.32407],[-90.7409,19.32443],[-90.74045,19.32418],[-90.73963,19.32551],[-90.73912,19.32524],[-90.73818,19.3248],[-90.7357,19.32356],[-90.73466,19.32306],[-90.7334,19.32235],[-90.73319,19.32223],[-90.73396,19.32118],[-90.73398,19.321],[-90.73437,19.32054],[-90.73447,19.32028],[-90.73493,19.32004],[-90.73505,19.31985],[-90.73525,19.31965],[-90.73542,19.3194],[-90.7357,19.31891],[-90.73565,19.31881],[-90.7357,19.31856],[-90.73576,19.31835],[-90.73576,19.3182],[-90.73576,19.31808],[-90.73578,19.31799],[-90.73584,19.31787],[-90.73605,19.31786],[-90.73616,19.31739],[-90.73618,19.3173],[-90.73628,19.31681],[-90.73635,19.31632],[-90.73635,19.31627],[-90.73496,19.31584],[-90.73487,19.31635],[-90.73481,19.31688],[-90.73468,19.31745],[-90.73383,19.31714],[-90.73378,19.31708],[-90.73192,19.31651],[-90.72929,19.31608],[-90.72868,19.32054],[-90.72867,19.32054],[-90.72865,19.32054],[-90.72864,19.32055],[-90.72863,19.32056],[-90.72862,19.32057],[-90.72861,19.32058],[-90.72861,19.32059],[-90.72861,19.3206],[-90.72861,19.32062],[-90.72862,19.32063],[-90.72862,19.32064],[-90.72863,19.32065],[-90.72864,19.32066],[-90.72866,19.32067],[-90.72867,19.32067],[-90.72843,19.32242],[-90.72841,19.32253],[-90.72813,19.32427],[-90.728,19.32527],[-90.728,19.32527],[-90.72648,19.32503],[-90.72558,19.32484],[-90.72442,19.32466],[-90.72432,19.32571],[-90.72427,19.32619],[-90.72328,19.32596],[-90.72334,19.3257],[-90.72317,19.32565],[-90.72295,19.32574],[-90.72283,19.32545],[-90.72273,19.32537],[-90.72257,19.32534],[-90.72247,19.32534],[-90.72148,19.32523],[-90.72172,19.32465],[-90.7219,19.32425],[-90.72197,19.32408],[-90.72222,19.32368],[-90.72238,19.32349],[-90.72255,19.32334],[-90.72277,19.32304],[-90.72305,19.32266],[-90.72311,19.3226],[-90.72295,19.32247],[-90.72206,19.3233],[-90.72193,19.32327],[-90.72161,19.32355],[-90.72103,19.32327],[-90.72093,19.32339],[-90.72068,19.32372],[-90.72067,19.32372],[-90.72063,19.32374],[-90.72063,19.32374],[-90.72059,19.32376],[-90.72019,19.32451],[-90.71982,19.32523],[-90.71976,19.32545],[-90.71976,19.32555],[-90.7196,19.3259],[-90.71946,19.3262],[-90.71935,19.3261],[-90.71924,19.32603],[-90.71909,19.32595],[-90.71891,19.32588],[-90.71861,19.32586],[-90.7184,19.32581],[-90.71825,19.32557],[-90.71793,19.32501],[-90.71791,19.32495],[-90.71788,19.32496],[-90.71735,19.32517],[-90.71708,19.32524],[-90.71697,19.32524],[-90.71672,19.32516],[-90.71626,19.32508],[-90.71562,19.32496],[-90.71511,19.32486],[-90.71446,19.32472],[-90.71421,19.32522],[-90.71364,19.32502],[-90.71343,19.32555],[-90.71395,19.32575],[-90.7138,19.32599],[-90.7137,19.32617],[-90.7135,19.32654],[-90.71347,19.32656],[-90.7139,19.32678],[-90.71439,19.32705],[-90.71491,19.32734],[-90.71528,19.32754],[-90.71546,19.32764],[-90.71545,19.32778],[-90.71542,19.32792],[-90.71541,19.32805],[-90.71548,19.32816],[-90.71553,19.3282],[-90.71549,19.32827],[-90.71531,19.32844],[-90.71509,19.32898],[-90.71503,19.32918],[-90.71487,19.32948],[-90.715,19.32958],[-90.71513,19.32964],[-90.71521,19.32966],[-90.71537,19.32994],[-90.71544,19.33006],[-90.71566,19.33015],[-90.71593,19.33019],[-90.7161,19.33013],[-90.7159,19.33045],[-90.71716,19.33168],[-90.71756,19.33207],[-90.71696,19.33295],[-90.71738,19.33307],[-90.71742,19.33308],[-90.71689,19.33373],[-90.71748,19.33397],[-90.71802,19.33419],[-90.71732,19.33514],[-90.71687,19.33474],[-90.71638,19.33436],[-90.71585,19.33365],[-90.71364,19.33586],[-90.71405,19.33586],[-90.71545,19.3366],[-90.71391,19.33856],[-90.71429,19.33875],[-90.71437,19.33889],[-90.71464,19.33906],[-90.715,19.34005],[-90.71383,19.33948],[-90.71341,19.33991],[-90.71219,19.34143],[-90.71145,19.34103],[-90.71072,19.34183],[-90.71051,19.34206],[-90.71029,19.34236],[-90.71025,19.3424],[-90.70994,19.34211],[-90.70957,19.34179],[-90.7091,19.34139],[-90.70885,19.34143],[-90.70874,19.34158],[-90.70877,19.34161],[-90.70853,19.34188],[-90.7086,19.34201],[-90.70903,19.34242],[-90.7097,19.34307],[-90.70989,19.34327],[-90.71015,19.34346],[-90.71035,19.34356],[-90.71044,19.34357],[-90.70981,19.34437],[-90.70948,19.34482],[-90.70948,19.34483],[-90.7091,19.34528],[-90.70886,19.34581],[-90.70867,19.34623],[-90.70866,19.34623],[-90.70865,19.34626],[-90.70907,19.34651],[-90.70864,19.34726],[-90.70937,19.34746],[-90.70917,19.34794],[-90.709,19.3484],[-90.70882,19.34888],[-90.70857,19.34938],[-90.70957,19.34963],[-90.7095,19.34974],[-90.70979,19.34989],[-90.71001,19.34948],[-90.71168,19.35034],[-90.71115,19.35196],[-90.71108,19.35197],[-90.71066,19.35243],[-90.71052,19.35231],[-90.71041,19.35244],[-90.70983,19.35344],[-90.70968,19.35329],[-90.70922,19.35457],[-90.70919,19.35471],[-90.70894,19.35465],[-90.7086,19.35574],[-90.70841,19.35569],[-90.70838,19.3559],[-90.70799,19.35583],[-90.70757,19.35575],[-90.70743,19.35635],[-90.70452,19.35832],[-90.70839,19.35975],[-90.71013,19.36037],[-90.71033,19.36045],[-90.71049,19.36046],[-90.71056,19.36048],[-90.7105,19.36064],[-90.71065,19.36075],[-90.71117,19.36091],[-90.71122,19.36092],[-90.71205,19.36118],[-90.7122,19.36111],[-90.71237,19.36127],[-90.71261,19.36114],[-90.71267,19.36109],[-90.71298,19.36137],[-90.71324,19.36169],[-90.71347,19.36206],[-90.7141,19.36101],[-90.71447,19.36038],[-90.71667,19.36118]]]}},{"type":"Feature","properties":{"cvegeo":"040040036","cve_ent":"04","fuente":"INEGI — Marco Geoestadístico 2024","fecha_corte":"2024-08","cve_mun":"04004","nombre":"Sihochac","ambito":"Urbana"},"geometry":{"type":"Polygon","coordinates":[[[-90.57881,19.50643],[-90.58035,19.50658],[-90.58038,19.50692],[-90.58141,19.50715],[-90.58254,19.50747],[-90.58317,19.50753],[-90.58324,19.50732],[-90.58557,19.50732],[-90.58565,19.50742],[-90.58594,19.5077],[-90.58664,19.50649],[-90.58747,19.50521],[-90.58817,19.50468],[-90.5884,19.50449],[-90.58862,19.50427],[-90.58877,19.5041],[-90.58861,19.50379],[-90.58888,19.50354],[-90.5899,19.50262],[-90.59002,19.50279],[-90.5902,19.50289],[-90.59098,19.50216],[-90.59064,19.50194],[-90.5916,19.50106],[-90.59244,19.50033],[-90.59256,19.50026],[-90.59274,19.50014],[-90.59297,19.50002],[-90.59283,19.49998],[-90.5914,19.50022],[-90.59133,19.49985],[-90.59133,19.49985],[-90.59076,19.49984],[-90.59075,19.49984],[-90.59075,19.49984],[-90.59079,19.4992],[-90.59074,19.4991],[-90.58985,19.49918],[-90.58885,19.49917],[-90.58904,19.49817],[-90.58874,19.49803],[-90.58825,19.49798],[-90.5884,19.49669],[-90.58608,19.49666],[-90.58551,19.49666],[-90.58566,19.49625],[-90.58592,19.49534],[-90.58592,19.49534],[-90.58542,19.49545],[-90.58442,19.49514],[-90.58442,19.49514],[-90.58456,19.49473],[-90.58456,19.49473],[-90.58198,19.4945],[-90.58184,19.4946],[-90.58152,19.49527],[-90.58122,19.4959],[-90.58032,19.49547],[-90.57938,19.49563],[-90.57948,19.49672],[-90.57993,19.4968],[-90.57945,19.49913],[-90.57773,19.49956],[-90.57775,19.49948],[-90.57786,19.49931],[-90.57765,19.49919],[-90.57631,19.5011],[-90.57595,19.50119],[-90.57546,19.50139],[-90.57555,19.5017],[-90.57554,19.50178],[-90.5756,19.50196],[-90.57562,19.50201],[-90.57562,19.50231],[-90.57555,19.50263],[-90.57555,19.50264],[-90.5753,19.50328],[-90.57587,19.5035],[-90.57638,19.50362],[-90.57643,19.50362],[-90.57724,19.50389],[-90.57729,19.50389],[-90.57771,19.50411],[-90.57768,19.5054],[-90.57768,19.5054],[-90.57796,19.50532],[-90.57754,19.50625],[-90.57881,19.50643]]]}},{"type":"Feature","properties":{"cvegeo":"040040091","cve_ent":"04","fuente":"INEGI — Marco Geoestadístico 2024","fecha_corte":"2024-08","cve_mun":"04004","nombre":"Ley Federal de Reforma Agraria","ambito":"Urbana"},"geometry":{"type":"Polygon","coordinates":[[[-90.80257,19.07038],[-90.80255,19.07044],[-90.80255,19.07145],[-90.80256,19.07229],[-90.80367,19.0723],[-90.80369,19.07204],[-90.80362,19.07144],[-90.80359,19.07139],[-90.80474,19.07135],[-90.80474,19.07042],[-90.8047,19.07034],[-90.80482,19.07037],[-90.80512,19.07034],[-90.80544,19.07032],[-90.80562,19.07016],[-90.80578,19.07007],[-90.80588,19.07002],[-90.80609,19.07001],[-90.80626,19.07007],[-90.80645,19.07021],[-90.80681,19.07023],[-90.80685,19.07023],[-90.80711,19.0703],[-90.80732,19.07044],[-90.80754,19.07053],[-90.80778,19.07062],[-90.80792,19.07068],[-90.8081,19.07077],[-90.81011,19.07084],[-90.81017,19.07043],[-90.81045,19.07024],[-90.81132,19.06983],[-90.81171,19.06975],[-90.81185,19.06971],[-90.81209,19.06959],[-90.81221,19.06939],[-90.8123,19.06929],[-90.81233,19.06917],[-90.81226,19.06818],[-90.81221,19.06721],[-90.81221,19.06617],[-90.81321,19.06615],[-90.81322,19.06516],[-90.81221,19.06516],[-90.81221,19.06416],[-90.81219,19.06363],[-90.81209,19.06303],[-90.81217,19.06201],[-90.81219,19.06099],[-90.81198,19.061],[-90.81201,19.06002],[-90.81201,19.05897],[-90.81205,19.05855],[-90.81206,19.05794],[-90.81206,19.05762],[-90.81205,19.05699],[-90.81196,19.05597],[-90.81194,19.05492],[-90.81194,19.05395],[-90.81199,19.05232],[-90.81075,19.0523],[-90.80858,19.05226],[-90.80731,19.05226],[-90.80556,19.05224],[-90.8055,19.05213],[-90.8042,19.05216],[-90.8032,19.05216],[-90.80199,19.05217],[-90.80206,19.05342],[-90.80212,19.05415],[-90.80219,19.05415],[-90.80221,19.05515],[-90.80225,19.05616],[-90.80226,19.05717],[-90.80232,19.05822],[-90.80231,19.05922],[-90.80234,19.06019],[-90.80236,19.06127],[-90.80236,19.06223],[-90.80144,19.06227],[-90.8015,19.06334],[-90.80242,19.06331],[-90.80242,19.06438],[-90.80244,19.06537],[-90.80248,19.06638],[-90.8025,19.06741],[-90.80256,19.0684],[-90.80257,19.0694],[-90.80257,19.06979],[-90.80257,19.06986],[-90.80257,19.07038]]]}},{"type":"Feature","properties":{"cvegeo":"040040432","cve_ent":"04","fuente":"INEGI — Marco Geoestadístico 2024","fecha_corte":"2024-08","cve_mun":"04004","nombre":"Carrillo Puerto","ambito":"Urbana"},"geometry":{"type":"Polygon","coordinates":[[[-90.51734,19.10122],[-90.51769,19.10167],[-90.5186,19.10106],[-90.51904,19.10168],[-90.51978,19.10126],[-90.51979,19.10125],[-90.51979,19.10125],[-90.52055,19.10087],[-90.52056,19.10086],[-90.52132,19.10045],[-90.52132,19.10044],[-90.52134,19.10044],[-90.52127,19.10033],[-90.52107,19.09999],[-90.52089,19.09969],[-90.52181,19.09925],[-90.52259,19.09887],[-90.52344,19.09845],[-90.52331,19.0982],[-90.52501,19.09741],[-90.52508,19.09755],[-90.52543,19.09823],[-90.52583,19.09901],[-90.52623,19.09974],[-90.52704,19.09937],[-90.52705,19.09937],[-90.52709,19.09946],[-90.52721,19.09942],[-90.52759,19.10008],[-90.52845,19.09969],[-90.52904,19.09941],[-90.52864,19.09873],[-90.52881,19.09865],[-90.53059,19.09785],[-90.52979,19.09609],[-90.52905,19.09603],[-90.52866,19.09528],[-90.529,19.09513],[-90.52976,19.09478],[-90.52959,19.09447],[-90.52929,19.09392],[-90.52853,19.09229],[-90.52901,19.09207],[-90.52865,19.09139],[-90.52887,19.09128],[-90.52871,19.09098],[-90.52841,19.09055],[-90.52812,19.09069],[-90.52798,19.09047],[-90.52789,19.09032],[-90.52743,19.08958],[-90.52664,19.08831],[-90.52586,19.08861],[-90.52429,19.0865],[-90.52064,19.08619],[-90.52062,19.08615],[-90.51987,19.08441],[-90.51986,19.08444],[-90.51946,19.08516],[-90.51904,19.08591],[-90.519,19.08597],[-90.51779,19.08515],[-90.51777,19.08518],[-90.51751,19.08551],[-90.51707,19.08608],[-90.51661,19.08648],[-90.51625,19.087],[-90.51587,19.08766],[-90.51581,19.08777],[-90.51574,19.08783],[-90.51566,19.08786],[-90.51553,19.08786],[-90.51543,19.08788],[-90.5153,19.08793],[-90.51512,19.08801],[-90.51485,19.08821],[-90.51474,19.08837],[-90.51458,19.0886],[-90.51448,19.08874],[-90.51315,19.08781],[-90.51288,19.0882],[-90.51361,19.08897],[-90.51396,19.08938],[-90.51444,19.09005],[-90.51491,19.0907],[-90.51419,19.09105],[-90.51412,19.09108],[-90.51461,19.09173],[-90.51462,19.09175],[-90.51505,19.09237],[-90.51393,19.09305],[-90.51458,19.09371],[-90.51548,19.09457],[-90.51605,19.09511],[-90.51629,19.0954],[-90.51649,19.0955],[-90.51678,19.0958],[-90.51424,19.09703],[-90.51511,19.09843],[-90.51423,19.0988],[-90.51462,19.09932],[-90.51482,19.09959],[-90.51488,19.09957],[-90.51525,19.09994],[-90.51565,19.10036],[-90.51666,19.10133],[-90.51699,19.10089],[-90.51704,19.10093],[-90.51734,19.10122]]]}},{"type":"Feature","properties":{"cvegeo":"040040564","cve_ent":"04","fuente":"INEGI — Marco Geoestadístico 2024","fecha_corte":"2024-08","cve_mun":"04004","nombre":"Santo Domingo Kesté","ambito":"Urbana"},"geometry":{"type":"Polygon","coordinates":[[[-90.51244,19.50538],[-90.51248,19.50551],[-90.51264,19.50614],[-90.51363,19.50594],[-90.51357,19.50575],[-90.51339,19.50527],[-90.51317,19.50465],[-90.51304,19.50424],[-90.51404,19.5042],[-90.51389,19.50381],[-90.51457,19.5038],[-90.51493,19.5038],[-90.51688,19.50377],[-90.51681,19.50354],[-90.51745,19.50337],[-90.51868,19.50304],[-90.51931,19.50282],[-90.51894,19.50176],[-90.51866,19.50106],[-90.5184,19.50047],[-90.51839,19.50043],[-90.51839,19.50042],[-90.51813,19.49971],[-90.51791,19.49908],[-90.51765,19.4984],[-90.5174,19.49772],[-90.51728,19.49742],[-90.51715,19.49707],[-90.51687,19.49636],[-90.5168,19.49619],[-90.51673,19.49601],[-90.5166,19.4957],[-90.51635,19.49504],[-90.51634,19.49503],[-90.51627,19.49477],[-90.51616,19.49437],[-90.51589,19.4937],[-90.51574,19.49306],[-90.51564,19.49285],[-90.51533,19.49219],[-90.5135,19.49273],[-90.51371,19.49327],[-90.51227,19.49364],[-90.51244,19.49411],[-90.51108,19.49455],[-90.51093,19.49413],[-90.50993,19.49442],[-90.50974,19.49352],[-90.50943,19.49166],[-90.50868,19.4893],[-90.50778,19.48956],[-90.50801,19.49024],[-90.50832,19.49115],[-90.50841,19.49143],[-90.50774,19.4916],[-90.50754,19.49166],[-90.50772,19.49227],[-90.50715,19.49244],[-90.50449,19.49323],[-90.50326,19.49359],[-90.50355,19.49441],[-90.50271,19.49466],[-90.50303,19.49671],[-90.50388,19.4971],[-90.50404,19.49721],[-90.5042,19.49727],[-90.50432,19.4973],[-90.50437,19.49732],[-90.50454,19.49739],[-90.50332,19.49781],[-90.50362,19.49845],[-90.50394,19.49912],[-90.50423,19.49975],[-90.50435,19.50007],[-90.50448,19.50042],[-90.50449,19.50043],[-90.50474,19.50108],[-90.50474,19.50109],[-90.50612,19.50067],[-90.50646,19.50162],[-90.50658,19.50198],[-90.50683,19.50267],[-90.50707,19.50332],[-90.50753,19.50462],[-90.50764,19.50526],[-90.5079,19.5056],[-90.50791,19.5056],[-90.5081,19.50555],[-90.50867,19.50539],[-90.50916,19.50526],[-90.50991,19.50507],[-90.50993,19.50506],[-90.50976,19.50466],[-90.50981,19.50464],[-90.51049,19.50443],[-90.51062,19.50438],[-90.51065,19.50438],[-90.51098,19.50427],[-90.51207,19.5039],[-90.51207,19.50394],[-90.51237,19.50491],[-90.51233,19.50493],[-90.51236,19.50505],[-90.51244,19.50538]]]}},{"type":"Feature","properties":{"cvegeo":"040040033","cve_ent":"04","fuente":"INEGI — Marco Geoestadístico 2024","fecha_corte":"2024-08","cve_mun":"04004","nombre":"San Juan Carpizo","ambito":"Rural"},"geometry":{"type":"Polygon","coordinates":[[[-90.46178,19.30149],[-90.46192,19.30152],[-90.4629,19.30167],[-90.46306,19.30169],[-90.46402,19.30185],[-90.46418,19.30187],[-90.4652,19.30203],[-90.46628,19.30218],[-90.46676,19.30224],[-90.46741,19.30232],[-90.46836,19.30244],[-90.46915,19.30251],[-90.46946,19.30247],[-90.4698,19.30135],[-90.46993,19.30119],[-90.46995,19.30114],[-90.46998,19.30111],[-90.47016,19.30102],[-90.47062,19.30028],[-90.47065,19.30024],[-90.47067,19.30021],[-90.47099,19.29989],[-90.47099,19.29968],[-90.47083,19.29965],[-90.47055,19.29961],[-90.47049,19.29909],[-90.47082,19.29872],[-90.47103,19.29875],[-90.47122,19.29868],[-90.4714,19.29865],[-90.47147,19.29846],[-90.47137,19.29833],[-90.47121,19.29812],[-90.47142,19.29793],[-90.47153,19.29783],[-90.47169,19.29766],[-90.47145,19.29715],[-90.47131,19.29712],[-90.47098,19.29715],[-90.47046,19.29729],[-90.47096,19.29632],[-90.47059,19.29591],[-90.47055,19.29594],[-90.46994,19.29526],[-90.46997,19.29524],[-90.46877,19.29488],[-90.46849,19.29512],[-90.46792,19.29461],[-90.46666,19.2942],[-90.46604,19.294],[-90.46589,19.29459],[-90.46573,19.29494],[-90.46559,19.29518],[-90.46496,19.29455],[-90.46461,19.29483],[-90.4644,19.29462],[-90.46381,19.29517],[-90.46427,19.29562],[-90.46353,19.29634],[-90.4628,19.29705],[-90.46355,19.29778],[-90.46428,19.29851],[-90.46504,19.29925],[-90.46581,19.29866],[-90.466,19.29886],[-90.46608,19.29895],[-90.46617,19.29903],[-90.46652,19.29936],[-90.4661,19.29971],[-90.46569,19.30006],[-90.46606,19.30043],[-90.46611,19.30049],[-90.46645,19.30082],[-90.46572,19.30145],[-90.46554,19.30125],[-90.46536,19.30108],[-90.46485,19.30071],[-90.46464,19.30098],[-90.46312,19.30066],[-90.46216,19.30054],[-90.46178,19.30149]]]}},{"type":"Feature","properties":{"cvegeo":"040040005","cve_ent":"04","fuente":"INEGI — Marco Geoestadístico 2024","fecha_corte":"2024-08","cve_mun":"04004","nombre":"Canasayab","ambito":"Rural"},"geometry":{"type":"Polygon","coordinates":[[[-90.56458,19.29427],[-90.56444,19.29428],[-90.56305,19.29432],[-90.56307,19.29526],[-90.56303,19.29622],[-90.56297,19.29724],[-90.56295,19.29823],[-90.56401,19.29824],[-90.56717,19.29839],[-90.5672,19.29734],[-90.56797,19.2973],[-90.56832,19.29724],[-90.56877,19.29708],[-90.56919,19.29689],[-90.5695,19.29672],[-90.56997,19.29643],[-90.57011,19.29631],[-90.57046,19.29612],[-90.57079,19.29596],[-90.57089,19.29593],[-90.57079,19.29696],[-90.5713,19.29702],[-90.57252,19.29728],[-90.57271,19.29698],[-90.57297,19.29651],[-90.57309,19.2963],[-90.57383,19.29621],[-90.57425,19.29613],[-90.57463,19.29601],[-90.57469,19.29571],[-90.57474,19.29541],[-90.57481,19.295],[-90.57297,19.29507],[-90.57107,19.29512],[-90.57111,19.29526],[-90.56809,19.29526],[-90.56809,19.29431],[-90.56717,19.29434],[-90.56602,19.29439],[-90.56604,19.29485],[-90.56608,19.29527],[-90.56536,19.29524],[-90.5651,19.29525],[-90.56507,19.29494],[-90.56509,19.29436],[-90.56507,19.29425],[-90.56508,19.29322],[-90.56484,19.2932],[-90.56457,19.2932],[-90.56458,19.29427]]]}},{"type":"Feature","properties":{"cvegeo":"040041766","cve_ent":"04","fuente":"INEGI — Marco Geoestadístico 2024","fecha_corte":"2024-08","cve_mun":"04004","nombre":"Nuevo Paraíso [Módulo]","ambito":"Rural"},"geometry":{"type":"Polygon","coordinates":[[[-90.31793,19.01485],[-90.31725,19.0156],[-90.31711,19.01576],[-90.31659,19.01634],[-90.3159,19.01714],[-90.3159,19.01714],[-90.31516,19.01798],[-90.31599,19.01866],[-90.31664,19.01921],[-90.31737,19.01829],[-90.31804,19.0175],[-90.31871,19.01679],[-90.31937,19.01597],[-90.32001,19.01517],[-90.32066,19.01438],[-90.31998,19.01386],[-90.3206,19.0132],[-90.32131,19.01243],[-90.32106,19.01227],[-90.32047,19.01178],[-90.3198,19.01263],[-90.31921,19.01337],[-90.31873,19.01396],[-90.31858,19.01413],[-90.31793,19.01485]]]}},{"type":"Feature","properties":{"cvegeo":"040040051","cve_ent":"04","fuente":"INEGI — Marco Geoestadístico 2024","fecha_corte":"2024-08","cve_mun":"04004","nombre":"Yohaltún","ambito":"Rural"},"geometry":{"type":"Polygon","coordinates":[[[-90.31112,19.01484],[-90.31302,19.01635],[-90.3138,19.01692],[-90.31484,19.01773],[-90.31516,19.01798],[-90.31516,19.01798],[-90.3159,19.01714],[-90.3159,19.01714],[-90.31659,19.01634],[-90.31711,19.01576],[-90.31698,19.01569],[-90.31627,19.01558],[-90.31528,19.01542],[-90.3152,19.01539],[-90.31535,19.01453],[-90.3164,19.01469],[-90.31709,19.01479],[-90.31725,19.01388],[-90.31742,19.01299],[-90.31845,19.01312],[-90.31875,19.01204],[-90.31912,19.01217],[-90.31955,19.01224],[-90.31986,19.01129],[-90.31978,19.01126],[-90.31995,19.01083],[-90.31918,19.01061],[-90.31715,19.00979],[-90.31767,19.00786],[-90.31657,19.00754],[-90.31654,19.00802],[-90.31648,19.00839],[-90.31558,19.00809],[-90.31532,19.008],[-90.3151,19.00873],[-90.31385,19.00846],[-90.3136,19.00876],[-90.31355,19.00883],[-90.31297,19.00959],[-90.31295,19.00961],[-90.31234,19.01033],[-90.31196,19.01075],[-90.31164,19.01111],[-90.31154,19.01123],[-90.311,19.01189],[-90.31096,19.01192],[-90.31051,19.01247],[-90.31027,19.01272],[-90.31008,19.01298],[-90.30963,19.01352],[-90.30957,19.01361],[-90.31112,19.01484]]]}},{"type":"Feature","properties":{"cvegeo":"040040016","cve_ent":"04","fuente":"INEGI — Marco Geoestadístico 2024","fecha_corte":"2024-08","cve_mun":"04004","nombre":"La Joya","ambito":"Rural"},"geometry":{"type":"Polygon","coordinates":[[[-90.67125,19.48364],[-90.67134,19.48372],[-90.67173,19.48441],[-90.67183,19.48475],[-90.67185,19.48548],[-90.67241,19.48553],[-90.67237,19.4868],[-90.67277,19.48678],[-90.6731,19.48677],[-90.67343,19.48673],[-90.6737,19.48664],[-90.67421,19.48639],[-90.67461,19.48614],[-90.67499,19.48575],[-90.67524,19.48535],[-90.67535,19.48506],[-90.67538,19.48472],[-90.67536,19.48449],[-90.67532,19.48424],[-90.67528,19.48402],[-90.67518,19.4837],[-90.67517,19.48368],[-90.67507,19.48327],[-90.67515,19.48329],[-90.67541,19.48324],[-90.67622,19.48305],[-90.67608,19.48249],[-90.67599,19.4823],[-90.67656,19.48222],[-90.67723,19.48203],[-90.67764,19.48186],[-90.67812,19.48166],[-90.67832,19.48158],[-90.67817,19.48118],[-90.67693,19.4817],[-90.67698,19.48185],[-90.6764,19.48195],[-90.67639,19.48172],[-90.67616,19.48172],[-90.67594,19.47984],[-90.6758,19.47959],[-90.67531,19.47958],[-90.67493,19.47957],[-90.67521,19.4793],[-90.67516,19.47879],[-90.67497,19.47877],[-90.67461,19.47883],[-90.67453,19.47841],[-90.67454,19.47801],[-90.67382,19.47801],[-90.67298,19.47774],[-90.6723,19.47769],[-90.67232,19.47759],[-90.67145,19.47748],[-90.67141,19.47886],[-90.67127,19.47887],[-90.67092,19.47885],[-90.67095,19.47931],[-90.67033,19.4792],[-90.66973,19.4787],[-90.66913,19.47776],[-90.6685,19.47815],[-90.6689,19.47871],[-90.66935,19.47935],[-90.66954,19.47962],[-90.66955,19.4797],[-90.66966,19.48008],[-90.67013,19.48135],[-90.67045,19.48223],[-90.67081,19.4832],[-90.67098,19.48331],[-90.67119,19.48343],[-90.67073,19.48354],[-90.67044,19.4836],[-90.67047,19.48369],[-90.6705,19.48376],[-90.67062,19.48384],[-90.6707,19.48383],[-90.67077,19.48381],[-90.67091,19.48369],[-90.67107,19.48361],[-90.67115,19.4836],[-90.67125,19.48364]]]}},{"type":"Feature","properties":{"cvegeo":"040040052","cve_ent":"04","fuente":"INEGI — Marco Geoestadístico 2024","fecha_corte":"2024-08","cve_mun":"04004","nombre":"El Zapote","ambito":"Rural"},"geometry":{"type":"Polygon","coordinates":[[[-90.61175,19.28509],[-90.61174,19.28607],[-90.61174,19.28612],[-90.61135,19.28614],[-90.61097,19.28612],[-90.61085,19.28615],[-90.6108,19.28612],[-90.6105,19.286],[-90.60986,19.28582],[-90.60957,19.28572],[-90.60949,19.2857],[-90.60871,19.28548],[-90.60856,19.28588],[-90.60853,19.28623],[-90.6091,19.28638],[-90.60972,19.2866],[-90.61003,19.28704],[-90.61033,19.28756],[-90.61041,19.28789],[-90.61045,19.2884],[-90.61065,19.28842],[-90.61091,19.2884],[-90.61184,19.28836],[-90.61292,19.2883],[-90.61352,19.28827],[-90.61394,19.28825],[-90.61398,19.28825],[-90.61507,19.2882],[-90.61506,19.28708],[-90.61503,19.28606],[-90.61501,19.28505],[-90.61499,19.28413],[-90.6139,19.28402],[-90.61327,19.28396],[-90.61273,19.28397],[-90.61168,19.28407],[-90.61174,19.28432],[-90.61175,19.28509]]]}},{"type":"Feature","properties":{"cvegeo":"040040220","cve_ent":"04","fuente":"INEGI — Marco Geoestadístico 2024","fecha_corte":"2024-08","cve_mun":"04004","nombre":"López Portillo Número 2","ambito":"Rural"},"geometry":{"type":"Polygon","coordinates":[[[-90.25322,19.23748],[-90.25301,19.23842],[-90.25466,19.2388],[-90.25491,19.23786],[-90.25512,19.23705],[-90.25568,19.2372],[-90.25588,19.23718],[-90.25611,19.23706],[-90.25614,19.23689],[-90.256,19.23663],[-90.25597,19.23651],[-90.25604,19.2364],[-90.25632,19.23625],[-90.2564,19.23612],[-90.25641,19.23593],[-90.25639,19.23574],[-90.25555,19.23549],[-90.25583,19.2345],[-90.25493,19.23427],[-90.25468,19.23527],[-90.25446,19.23602],[-90.25448,19.23609],[-90.25361,19.23583],[-90.25342,19.23578],[-90.2527,19.23559],[-90.2525,19.23644],[-90.25268,19.23648],[-90.25249,19.23733],[-90.25322,19.23748]]]}},{"type":"Feature","properties":{"cvegeo":"040041614","cve_ent":"04","fuente":"INEGI — Marco Geoestadístico 2024","fecha_corte":"2024-08","cve_mun":"04004","nombre":"Carlos Salinas de Gortari","ambito":"Rural"},"geometry":{"type":"Polygon","coordinates":[[[-90.26707,19.14942],[-90.26671,19.14942],[-90.26586,19.14943],[-90.26498,19.14944],[-90.26413,19.14947],[-90.2633,19.14948],[-90.26329,19.15028],[-90.2633,19.15112],[-90.26332,19.15197],[-90.26332,19.1528],[-90.26334,19.15361],[-90.26421,19.15358],[-90.26504,19.15355],[-90.2659,19.15354],[-90.26681,19.15354],[-90.2672,19.1535],[-90.26769,19.15351],[-90.268,19.15351],[-90.26849,19.1535],[-90.26849,19.15342],[-90.26847,19.1527],[-90.26845,19.15233],[-90.26844,19.15188],[-90.26935,19.15185],[-90.26944,19.15106],[-90.26954,19.15017],[-90.26933,19.15017],[-90.26931,19.14935],[-90.26889,19.14935],[-90.26841,19.14938],[-90.26795,19.14937],[-90.26757,19.14939],[-90.26756,19.14897],[-90.26706,19.14899],[-90.26707,19.14942]]]}},{"type":"Feature","properties":{"cvegeo":"040041615","cve_ent":"04","fuente":"INEGI — Marco Geoestadístico 2024","fecha_corte":"2024-08","cve_mun":"04004","nombre":"Lázaro Cárdenas","ambito":"Rural"},"geometry":{"type":"Polygon","coordinates":[[[-90.56551,19.01366],[-90.56576,19.01321],[-90.56599,19.01281],[-90.56647,19.01191],[-90.56671,19.01146],[-90.56675,19.01137],[-90.56694,19.01098],[-90.56738,19.01009],[-90.56691,19.00988],[-90.56712,19.00944],[-90.56732,19.00902],[-90.56775,19.00811],[-90.56724,19.00785],[-90.56746,19.00736],[-90.56646,19.00694],[-90.56433,19.00607],[-90.56434,19.00664],[-90.56427,19.00769],[-90.56405,19.00875],[-90.56388,19.00973],[-90.5638,19.0097],[-90.56332,19.01062],[-90.56288,19.01147],[-90.56242,19.01241],[-90.56193,19.0133],[-90.56225,19.01343],[-90.56139,19.0149],[-90.56242,19.01503],[-90.56269,19.01449],[-90.56367,19.01486],[-90.56458,19.01524],[-90.56498,19.01457],[-90.56551,19.01366]]]}},{"type":"Feature","properties":{"cvegeo":"040040063","cve_ent":"04","fuente":"INEGI — Marco Geoestadístico 2024","fecha_corte":"2024-08","cve_mun":"04004","nombre":"San José Carpizo Dos","ambito":"Rural"},"geometry":{"type":"Polygon","coordinates":[[[-90.57717,19.3931],[-90.57606,19.39338],[-90.57504,19.39364],[-90.57411,19.39385],[-90.57403,19.39393],[-90.57403,19.39429],[-90.57423,19.39596],[-90.57428,19.39611],[-90.57435,19.39621],[-90.57541,19.39701],[-90.57566,19.39715],[-90.57589,19.39692],[-90.57623,19.3971],[-90.5765,19.39722],[-90.57656,19.39723],[-90.57661,19.39722],[-90.57664,19.39716],[-90.57762,19.39751],[-90.57767,19.39754],[-90.57815,19.39768],[-90.57874,19.39627],[-90.579,19.3956],[-90.57965,19.39405],[-90.579,19.39373],[-90.57843,19.39348],[-90.57806,19.39325],[-90.5782,19.39282],[-90.57818,19.39278],[-90.57812,19.39277],[-90.57808,19.39278],[-90.57717,19.3931]]]}},{"type":"Feature","properties":{"cvegeo":"040040050","cve_ent":"04","fuente":"INEGI — Marco Geoestadístico 2024","fecha_corte":"2024-08","cve_mun":"04004","nombre":"San Antonio Yacasay","ambito":"Rural"},"geometry":{"type":"Polygon","coordinates":[[[-90.39705,19.14277],[-90.39677,19.14312],[-90.39646,19.14359],[-90.39643,19.14362],[-90.39602,19.14346],[-90.39567,19.14331],[-90.39518,19.14387],[-90.39464,19.14463],[-90.39429,19.14507],[-90.39422,19.14527],[-90.3934,19.14584],[-90.3927,19.14641],[-90.39322,19.14676],[-90.39274,19.14742],[-90.39342,19.14794],[-90.3941,19.14842],[-90.39371,19.14909],[-90.3937,19.1491],[-90.39347,19.14944],[-90.39322,19.1498],[-90.39367,19.15008],[-90.3939,19.14977],[-90.39426,19.14999],[-90.39451,19.14961],[-90.39492,19.14899],[-90.39544,19.14822],[-90.39549,19.14825],[-90.3958,19.14843],[-90.3961,19.1486],[-90.39613,19.14866],[-90.3969,19.14917],[-90.3977,19.14966],[-90.39812,19.14896],[-90.39852,19.14828],[-90.39879,19.1479],[-90.39911,19.14744],[-90.39986,19.14792],[-90.40037,19.14722],[-90.39963,19.14674],[-90.39935,19.14656],[-90.3989,19.14627],[-90.39894,19.14621],[-90.39916,19.14592],[-90.39953,19.14546],[-90.39967,19.14539],[-90.39975,19.14537],[-90.39992,19.14532],[-90.40007,19.14529],[-90.4003,19.14526],[-90.40049,19.14521],[-90.40048,19.145],[-90.40026,19.1449],[-90.40013,19.14484],[-90.40004,19.14479],[-90.40067,19.14411],[-90.40001,19.14359],[-90.39967,19.14333],[-90.39926,19.14372],[-90.39889,19.14352],[-90.39793,19.14304],[-90.39799,19.14294],[-90.39718,19.1426],[-90.39705,19.14277]]]}},{"type":"Feature","properties":{"cvegeo":"040042356","cve_ent":"04","fuente":"INEGI — Marco Geoestadístico 2024","fecha_corte":"2024-08","cve_mun":"04004","nombre":"Tres de Mayo","ambito":"Rural"},"geometry":{"type":"Polygon","coordinates":[[[-90.71865,19.32303],[-90.7186,19.32324],[-90.71857,19.32345],[-90.71848,19.32374],[-90.71836,19.32397],[-90.7181,19.32444],[-90.71797,19.32467],[-90.71791,19.32481],[-90.71791,19.32495],[-90.71793,19.32501],[-90.71825,19.32557],[-90.7184,19.32581],[-90.71861,19.32586],[-90.71891,19.32588],[-90.71909,19.32595],[-90.71924,19.32603],[-90.71935,19.3261],[-90.71946,19.3262],[-90.7196,19.3259],[-90.71976,19.32555],[-90.71976,19.32545],[-90.71982,19.32523],[-90.72019,19.32451],[-90.72059,19.32376],[-90.72063,19.32374],[-90.72063,19.32374],[-90.72067,19.32372],[-90.72068,19.32372],[-90.72093,19.32339],[-90.72026,19.32314],[-90.71985,19.32299],[-90.7198,19.32306],[-90.71926,19.32292],[-90.71883,19.32279],[-90.71872,19.32278],[-90.71865,19.32303]]]}},{"type":"Feature","properties":{"cvegeo":"040041765","cve_ent":"04","fuente":"INEGI — Marco Geoestadístico 2024","fecha_corte":"2024-08","cve_mun":"04004","nombre":"Miguel Allende","ambito":"Rural"},"geometry":{"type":"Polygon","coordinates":[[[-90.31086,19.00921],[-90.31019,19.00997],[-90.30947,19.01079],[-90.30881,19.01156],[-90.30807,19.01245],[-90.3087,19.01294],[-90.30957,19.01361],[-90.30963,19.01352],[-90.31008,19.01298],[-90.31027,19.01272],[-90.31051,19.01247],[-90.31096,19.01192],[-90.311,19.01189],[-90.31154,19.01123],[-90.31164,19.01111],[-90.31196,19.01075],[-90.31234,19.01033],[-90.31295,19.00961],[-90.31297,19.00959],[-90.31355,19.00883],[-90.3136,19.00876],[-90.31299,19.00826],[-90.31278,19.00827],[-90.31216,19.00896],[-90.31149,19.00847],[-90.31086,19.00921]]]}},{"type":"Feature","properties":{"cvegeo":"040041764","cve_ent":"04","fuente":"INEGI — Marco Geoestadístico 2024","fecha_corte":"2024-08","cve_mun":"04004","nombre":"La Providencia","ambito":"Rural"},"geometry":{"type":"Polygon","coordinates":[[[-90.24208,18.99511],[-90.24211,18.99603],[-90.24212,18.9961],[-90.24316,18.99608],[-90.24323,18.99608],[-90.24423,18.99606],[-90.24423,18.99508],[-90.24424,18.99457],[-90.24425,18.9941],[-90.24419,18.99309],[-90.24314,18.99309],[-90.24295,18.99308],[-90.2425,18.99313],[-90.24204,18.99313],[-90.24209,18.99412],[-90.24208,18.99511]]]}},{"type":"Feature","properties":{"cvegeo":"040040239","cve_ent":"04","fuente":"INEGI — Marco Geoestadístico 2024","fecha_corte":"2024-08","cve_mun":"04004","nombre":"Nueva Esperanza Número 2 (Santo Domingo)","ambito":"Rural"},"geometry":{"type":"Polygon","coordinates":[[[-90.64049,19.19777],[-90.64039,19.19766],[-90.64026,19.19755],[-90.64028,19.19752],[-90.64024,19.19726],[-90.64062,19.19667],[-90.64121,19.19591],[-90.64176,19.19507],[-90.64109,19.19461],[-90.64154,19.19404],[-90.64048,19.1933],[-90.63962,19.19279],[-90.63916,19.19341],[-90.63874,19.19401],[-90.63858,19.19422],[-90.638,19.19503],[-90.63739,19.19585],[-90.63828,19.19644],[-90.63835,19.19649],[-90.63937,19.1971],[-90.63883,19.19796],[-90.63953,19.1983],[-90.64024,19.19841],[-90.64093,19.1985],[-90.64089,19.19838],[-90.64083,19.19824],[-90.64065,19.19798],[-90.64049,19.19777]]]}},{"type":"Feature","properties":{"cvegeo":"040040012","cve_ent":"04","fuente":"INEGI — Marco Geoestadístico 2024","fecha_corte":"2024-08","cve_mun":"04004","nombre":"Profesor Graciano Sánchez","ambito":"Rural"},"geometry":{"type":"Polygon","coordinates":[[[-90.74243,18.80874],[-90.74266,18.80915],[-90.74282,18.80955],[-90.74328,18.80941],[-90.74313,18.80895],[-90.74337,18.80887],[-90.74386,18.80872],[-90.7439,18.80872],[-90.74424,18.80949],[-90.74459,18.80937],[-90.74506,18.8092],[-90.74603,18.80881],[-90.74618,18.80875],[-90.74588,18.80794],[-90.7453,18.8065],[-90.74499,18.80602],[-90.74458,18.80543],[-90.74447,18.8053],[-90.74406,18.80483],[-90.74365,18.80437],[-90.74299,18.80353],[-90.74293,18.80347],[-90.7428,18.8035],[-90.74268,18.80347],[-90.74188,18.80338],[-90.74092,18.80331],[-90.73995,18.80322],[-90.73995,18.80323],[-90.73995,18.8033],[-90.7401,18.80404],[-90.73941,18.80434],[-90.73953,18.80491],[-90.73926,18.80578],[-90.74083,18.80474],[-90.74089,18.80476],[-90.74105,18.80482],[-90.74131,18.80486],[-90.74148,18.80482],[-90.74172,18.80519],[-90.74178,18.80533],[-90.74174,18.80533],[-90.74142,18.8055],[-90.74113,18.80565],[-90.74139,18.80615],[-90.74154,18.80669],[-90.74176,18.80737],[-90.74166,18.80743],[-90.74181,18.80788],[-90.74243,18.80874]]]}},{"type":"Feature","properties":{"cvegeo":"040040010","cve_ent":"04","fuente":"INEGI — Marco Geoestadístico 2024","fecha_corte":"2024-08","cve_mun":"04004","nombre":"Aquiles Serdán (Chuiná)","ambito":"Rural"},"geometry":{"type":"Polygon","coordinates":[[[-90.71298,18.96773],[-90.71455,18.96802],[-90.71559,18.96817],[-90.71622,18.96826],[-90.71649,18.96728],[-90.71585,18.96716],[-90.71608,18.96625],[-90.71618,18.96586],[-90.71629,18.96541],[-90.71694,18.9655],[-90.71734,18.96556],[-90.71751,18.96481],[-90.71648,18.96456],[-90.71673,18.96353],[-90.71777,18.96372],[-90.71789,18.96374],[-90.71774,18.96305],[-90.71779,18.96273],[-90.71697,18.96255],[-90.71714,18.96172],[-90.71714,18.96164],[-90.71723,18.96154],[-90.7174,18.9613],[-90.71744,18.96117],[-90.7174,18.96058],[-90.7174,18.96006],[-90.71742,18.95969],[-90.71716,18.95957],[-90.71687,18.95951],[-90.71663,18.9595],[-90.71642,18.95953],[-90.7163,18.95952],[-90.71622,18.95939],[-90.71635,18.95843],[-90.71653,18.95747],[-90.71665,18.95754],[-90.71767,18.95767],[-90.71779,18.95657],[-90.71775,18.95652],[-90.71762,18.95646],[-90.71673,18.95628],[-90.71567,18.95608],[-90.71548,18.95723],[-90.71531,18.95823],[-90.71422,18.95807],[-90.71312,18.95793],[-90.71294,18.95897],[-90.71285,18.95952],[-90.71273,18.95995],[-90.71275,18.95998],[-90.71265,18.96053],[-90.71326,18.96051],[-90.71379,18.96045],[-90.71415,18.96039],[-90.71447,18.96026],[-90.71484,18.96009],[-90.71504,18.96003],[-90.71534,18.95998],[-90.71566,18.96],[-90.71587,18.96002],[-90.71605,18.96004],[-90.71626,18.96007],[-90.7162,18.96045],[-90.71608,18.96133],[-90.71606,18.96147],[-90.71595,18.9615],[-90.71465,18.96205],[-90.71453,18.96208],[-90.71424,18.9622],[-90.71277,18.9628],[-90.7125,18.96292],[-90.71244,18.96292],[-90.7121,18.96306],[-90.71166,18.9636],[-90.71099,18.96435],[-90.71088,18.96447],[-90.71083,18.96453],[-90.71151,18.96463],[-90.71134,18.96548],[-90.71121,18.96615],[-90.71134,18.96639],[-90.71123,18.96638],[-90.71115,18.96646],[-90.71105,18.96684],[-90.71103,18.96697],[-90.711,18.96709],[-90.71089,18.9673],[-90.71181,18.96747],[-90.71209,18.9676],[-90.71298,18.96773]]]}},{"type":"Feature","properties":{"cvegeo":"040040233","cve_ent":"04","fuente":"INEGI — Marco Geoestadístico 2024","fecha_corte":"2024-08","cve_mun":"04004","nombre":"El Porvenir","ambito":"Rural"},"geometry":{"type":"Polygon","coordinates":[[[-90.66544,19.45871],[-90.66514,19.46114],[-90.665,19.46233],[-90.66493,19.4636],[-90.66492,19.46365],[-90.66428,19.46357],[-90.66396,19.46351],[-90.66388,19.46409],[-90.66382,19.4642],[-90.66344,19.46451],[-90.66333,19.46502],[-90.66306,19.46501],[-90.66282,19.4664],[-90.66432,19.46659],[-90.66442,19.46723],[-90.66462,19.46754],[-90.66511,19.46772],[-90.66508,19.46802],[-90.66724,19.4682],[-90.66739,19.4677],[-90.66785,19.46652],[-90.6681,19.46571],[-90.66835,19.46482],[-90.66858,19.46396],[-90.66909,19.46342],[-90.66932,19.46198],[-90.66621,19.46118],[-90.6666,19.4589],[-90.66544,19.45871]]]}},{"type":"Feature","properties":{"cvegeo":"040040089","cve_ent":"04","fuente":"INEGI — Marco Geoestadístico 2024","fecha_corte":"2024-08","cve_mun":"04004","nombre":"Chac Chaito","ambito":"Rural"},"geometry":{"type":"Polygon","coordinates":[[[-90.40517,19.05197],[-90.40536,19.05275],[-90.40482,19.05284],[-90.40503,19.05368],[-90.40417,19.05389],[-90.40377,19.05397],[-90.40399,19.05478],[-90.40437,19.0547],[-90.40523,19.0545],[-90.40535,19.05519],[-90.4055,19.05601],[-90.40639,19.05588],[-90.40631,19.05549],[-90.4071,19.05536],[-90.40734,19.0557],[-90.40805,19.05563],[-90.409,19.05553],[-90.40888,19.05475],[-90.40886,19.05465],[-90.41013,19.05448],[-90.4106,19.05442],[-90.41042,19.05365],[-90.41129,19.05354],[-90.41115,19.05269],[-90.41103,19.05185],[-90.41095,19.05108],[-90.41093,19.05068],[-90.41095,19.05025],[-90.41098,19.04994],[-90.41005,19.04952],[-90.40854,19.04882],[-90.40852,19.04891],[-90.40775,19.05039],[-90.40707,19.05026],[-90.40679,19.05028],[-90.40634,19.05122],[-90.40647,19.05165],[-90.40517,19.05197]]]}},{"type":"Feature","properties":{"cvegeo":"040040004","cve_ent":"04","fuente":"INEGI — Marco Geoestadístico 2024","fecha_corte":"2024-08","cve_mun":"04004","nombre":"Arellano","ambito":"Rural"},"geometry":{"type":"Polygon","coordinates":[[[-90.46759,19.37697],[-90.46689,19.37661],[-90.46739,19.37579],[-90.46656,19.37536],[-90.46572,19.37498],[-90.46594,19.37462],[-90.46584,19.37402],[-90.46574,19.374],[-90.46544,19.3741],[-90.46536,19.37415],[-90.46449,19.37365],[-90.46376,19.37322],[-90.46394,19.37298],[-90.46355,19.37288],[-90.46331,19.37279],[-90.4632,19.37276],[-90.46308,19.37287],[-90.46306,19.37301],[-90.46283,19.37351],[-90.46247,19.37417],[-90.46244,19.37422],[-90.46212,19.37487],[-90.46203,19.37491],[-90.46195,19.37511],[-90.46169,19.37574],[-90.46132,19.37647],[-90.46095,19.3772],[-90.46061,19.37786],[-90.46023,19.37862],[-90.45986,19.37939],[-90.45951,19.38012],[-90.45957,19.3802],[-90.46035,19.38067],[-90.46041,19.3807],[-90.46049,19.38074],[-90.46122,19.38111],[-90.46127,19.38112],[-90.46184,19.38144],[-90.46195,19.38155],[-90.46204,19.3817],[-90.46214,19.38185],[-90.46264,19.38217],[-90.46386,19.38292],[-90.46451,19.38196],[-90.464,19.38168],[-90.46439,19.38097],[-90.46508,19.38134],[-90.46551,19.38061],[-90.46596,19.37984],[-90.46635,19.37911],[-90.46682,19.37838],[-90.46723,19.37765],[-90.46759,19.37697]]]}},{"type":"Feature","properties":{"cvegeo":"040040130","cve_ent":"04","fuente":"INEGI — Marco Geoestadístico 2024","fecha_corte":"2024-08","cve_mun":"04004","nombre":"Cañaveral","ambito":"Rural"},"geometry":{"type":"Polygon","coordinates":[[[-90.46326,19.21377],[-90.46306,19.21506],[-90.46325,19.21524],[-90.46366,19.21482],[-90.46444,19.21545],[-90.46397,19.21591],[-90.46353,19.21634],[-90.46292,19.21586],[-90.46271,19.21715],[-90.46279,19.21708],[-90.46307,19.21682],[-90.46383,19.21743],[-90.46388,19.21747],[-90.46343,19.2179],[-90.46274,19.21856],[-90.46309,19.21929],[-90.46379,19.21889],[-90.46449,19.21906],[-90.46492,19.21872],[-90.4644,19.21836],[-90.46468,19.21807],[-90.46524,19.21857],[-90.46577,19.21827],[-90.46643,19.21789],[-90.46717,19.2174],[-90.46751,19.21711],[-90.46648,19.21628],[-90.46688,19.21584],[-90.46736,19.21538],[-90.46829,19.21611],[-90.46848,19.21576],[-90.46866,19.21527],[-90.46879,19.21479],[-90.46884,19.21411],[-90.46883,19.21367],[-90.46878,19.21326],[-90.4686,19.21269],[-90.46842,19.21218],[-90.46818,19.21175],[-90.46763,19.21228],[-90.46725,19.21274],[-90.46642,19.21212],[-90.46559,19.21145],[-90.46517,19.21195],[-90.46433,19.21127],[-90.46384,19.21179],[-90.46344,19.21222],[-90.46342,19.21227],[-90.46333,19.21304],[-90.46326,19.21377]]]}},{"type":"Feature","properties":{"cvegeo":"040040191","cve_ent":"04","fuente":"INEGI — Marco Geoestadístico 2024","fecha_corte":"2024-08","cve_mun":"04004","nombre":"Maya Tecún I","ambito":"Rural"},"geometry":{"type":"Polygon","coordinates":[[[-90.50282,19.15327],[-90.50283,19.15333],[-90.50259,19.15377],[-90.50256,19.15386],[-90.50254,19.15396],[-90.50281,19.15406],[-90.5029,19.15394],[-90.50297,19.15384],[-90.50315,19.15342],[-90.50314,19.15336],[-90.50342,19.1535],[-90.50371,19.15365],[-90.50408,19.15382],[-90.50439,19.15402],[-90.50471,19.15415],[-90.50501,19.15429],[-90.50531,19.15445],[-90.50515,19.15498],[-90.5056,19.1547],[-90.50568,19.15463],[-90.50567,19.15467],[-90.50528,19.15547],[-90.50559,19.15565],[-90.50593,19.15581],[-90.50637,19.15495],[-90.50635,19.15491],[-90.50667,19.15507],[-90.50703,19.15519],[-90.50736,19.15534],[-90.50718,19.15578],[-90.50745,19.1559],[-90.50767,19.1555],[-90.50798,19.15564],[-90.50834,19.15579],[-90.50795,19.15668],[-90.50832,19.15672],[-90.50866,19.15596],[-90.5093,19.15632],[-90.50997,19.15512],[-90.5104,19.15428],[-90.51001,19.15409],[-90.51063,19.15296],[-90.51105,19.15209],[-90.51137,19.1513],[-90.51084,19.15127],[-90.51076,19.15128],[-90.51069,19.15121],[-90.50983,19.15108],[-90.50864,19.15133],[-90.50825,19.15109],[-90.50828,19.15103],[-90.50835,19.15091],[-90.50772,19.15062],[-90.50762,19.15082],[-90.5073,19.15064],[-90.50666,19.15026],[-90.50605,19.14993],[-90.5061,19.14983],[-90.50578,19.14966],[-90.50539,19.15045],[-90.50538,19.15049],[-90.50507,19.15033],[-90.50473,19.15019],[-90.50439,19.15003],[-90.50424,19.15033],[-90.5039,19.1502],[-90.50371,19.15061],[-90.50339,19.15048],[-90.50318,19.1509],[-90.50273,19.15181],[-90.50302,19.15194],[-90.50334,19.15209],[-90.5029,19.15299],[-90.5028,19.15323],[-90.50282,19.15327]]]}},{"type":"Feature","properties":{"cvegeo":"040040003","cve_ent":"04","fuente":"INEGI — Marco Geoestadístico 2024","fecha_corte":"2024-08","cve_mun":"04004","nombre":"López Mateos (La Desconfianza)","ambito":"Rural"},"geometry":{"type":"Polygon","coordinates":[[[-90.56506,19.19155],[-90.56424,19.19137],[-90.56405,19.19211],[-90.56238,19.1917],[-90.56239,19.19175],[-90.56245,19.19205],[-90.56251,19.19227],[-90.5626,19.19248],[-90.56172,19.19213],[-90.56143,19.19196],[-90.56135,19.19207],[-90.56164,19.19224],[-90.56243,19.1925],[-90.56268,19.19258],[-90.56295,19.19276],[-90.56277,19.19352],[-90.56273,19.19373],[-90.5626,19.19429],[-90.56347,19.19448],[-90.5638,19.19456],[-90.56362,19.19542],[-90.5641,19.19549],[-90.56489,19.1957],[-90.56479,19.19599],[-90.56463,19.19646],[-90.56595,19.19654],[-90.56584,19.19579],[-90.56573,19.19503],[-90.56702,19.19523],[-90.56746,19.1953],[-90.56739,19.19452],[-90.56729,19.19373],[-90.56718,19.1937],[-90.56736,19.19292],[-90.56737,19.1929],[-90.56754,19.19219],[-90.56762,19.19186],[-90.56776,19.19132],[-90.56799,19.19117],[-90.56655,19.19073],[-90.56624,19.18998],[-90.56591,19.1901],[-90.56604,19.19046],[-90.56609,19.19081],[-90.56607,19.19094],[-90.56593,19.19089],[-90.56525,19.19069],[-90.56506,19.19155]]]}},{"type":"Feature","properties":{"cvegeo":"040040448","cve_ent":"04","fuente":"INEGI — Marco Geoestadístico 2024","fecha_corte":"2024-08","cve_mun":"04004","nombre":"Pixoyal","ambito":"Rural"},"geometry":{"type":"Polygon","coordinates":[[[-90.59563,18.93193],[-90.59589,18.93214],[-90.59592,18.93217],[-90.5955,18.93288],[-90.59487,18.93252],[-90.59443,18.93322],[-90.5944,18.93328],[-90.5945,18.93376],[-90.59479,18.93376],[-90.59488,18.93375],[-90.595,18.93372],[-90.59512,18.93365],[-90.59468,18.93431],[-90.59507,18.93456],[-90.59543,18.93474],[-90.59616,18.93516],[-90.5969,18.93559],[-90.59761,18.93601],[-90.59733,18.93655],[-90.59663,18.93767],[-90.59714,18.93794],[-90.59779,18.9367],[-90.59782,18.93663],[-90.59797,18.93672],[-90.5985,18.93696],[-90.59841,18.93713],[-90.59918,18.93752],[-90.59977,18.93634],[-90.5998,18.93638],[-90.60014,18.93657],[-90.60033,18.93623],[-90.60075,18.93643],[-90.60092,18.93607],[-90.6014,18.93633],[-90.60195,18.93562],[-90.60202,18.93566],[-90.60241,18.93503],[-90.60282,18.93523],[-90.60324,18.93457],[-90.60356,18.93475],[-90.60394,18.93404],[-90.6037,18.9339],[-90.60322,18.93363],[-90.6032,18.93361],[-90.60358,18.93288],[-90.60378,18.93246],[-90.60382,18.93244],[-90.60429,18.93258],[-90.60468,18.9327],[-90.60565,18.933],[-90.60604,18.93205],[-90.60512,18.93174],[-90.60481,18.93236],[-90.60477,18.93235],[-90.60456,18.93233],[-90.60428,18.93228],[-90.60406,18.93219],[-90.60398,18.93213],[-90.60383,18.93201],[-90.60374,18.93194],[-90.60372,18.9319],[-90.60391,18.93158],[-90.60413,18.93122],[-90.60366,18.93097],[-90.60294,18.93058],[-90.60255,18.93128],[-90.60182,18.93091],[-90.60127,18.93059],[-90.60072,18.93027],[-90.60033,18.93004],[-90.60003,18.92986],[-90.59931,18.92947],[-90.59895,18.93014],[-90.59823,18.92974],[-90.59781,18.93042],[-90.597,18.93],[-90.59663,18.93067],[-90.59623,18.93142],[-90.5961,18.93146],[-90.59598,18.93148],[-90.59585,18.93151],[-90.59566,18.93151],[-90.59554,18.93151],[-90.59536,18.93151],[-90.59544,18.93166],[-90.5955,18.93176],[-90.59563,18.93193]]]}},{"type":"Feature","properties":{"cvegeo":"040042247","cve_ent":"04","fuente":"INEGI — Marco Geoestadístico 2024","fecha_corte":"2024-08","cve_mun":"04004","nombre":"Kilómetro Sesenta y Siete (Venustiano Carranza)","ambito":"Rural"},"geometry":{"type":"Polygon","coordinates":[[[-90.72839,18.75711],[-90.72838,18.75714],[-90.72833,18.75729],[-90.72826,18.75793],[-90.72831,18.75794],[-90.72829,18.75819],[-90.72825,18.75879],[-90.72814,18.75962],[-90.72857,18.75967],[-90.7286,18.75973],[-90.72856,18.76013],[-90.72946,18.7602],[-90.73039,18.75979],[-90.73132,18.75987],[-90.73216,18.75998],[-90.73225,18.75929],[-90.73326,18.75943],[-90.73409,18.75951],[-90.73417,18.7586],[-90.73369,18.75855],[-90.73384,18.75777],[-90.73377,18.75772],[-90.73367,18.75768],[-90.73336,18.75761],[-90.73344,18.75677],[-90.73258,18.75667],[-90.73249,18.75665],[-90.73257,18.75582],[-90.73181,18.75574],[-90.73178,18.7557],[-90.73188,18.75488],[-90.73049,18.75473],[-90.73005,18.75469],[-90.72997,18.75546],[-90.72997,18.7555],[-90.72912,18.7554],[-90.72898,18.75622],[-90.72899,18.75625],[-90.72875,18.75623],[-90.72871,18.75638],[-90.72867,18.75646],[-90.72858,18.75651],[-90.72847,18.75652],[-90.72839,18.75711]]]}},{"type":"Feature","properties":{"cvegeo":"040041618","cve_ent":"04","fuente":"INEGI — Marco Geoestadístico 2024","fecha_corte":"2024-08","cve_mun":"04004","nombre":"Moch Cohuó","ambito":"Rural"},"geometry":{"type":"Polygon","coordinates":[[[-90.25073,18.99672],[-90.24871,18.99675],[-90.24872,18.9971],[-90.24872,18.99715],[-90.24871,18.99811],[-90.24868,18.99911],[-90.24867,18.99935],[-90.24867,18.99944],[-90.24878,18.99974],[-90.24881,18.99992],[-90.24882,19.00013],[-90.24882,19.00014],[-90.24884,19.00072],[-90.24979,19.00073],[-90.25019,19.00074],[-90.25087,19.00075],[-90.25096,19.00075],[-90.25192,19.00076],[-90.25196,19.00076],[-90.25195,19.00011],[-90.25194,18.9991],[-90.25193,18.99807],[-90.25193,18.99667],[-90.25073,18.99672]]]}},{"type":"Feature","properties":{"cvegeo":"040040019","cve_ent":"04","fuente":"INEGI — Marco Geoestadístico 2024","fecha_corte":"2024-08","cve_mun":"04004","nombre":"Moquel","ambito":"Rural"},"geometry":{"type":"Polygon","coordinates":[[[-90.67673,19.35564],[-90.67713,19.35518],[-90.67685,19.35488],[-90.67694,19.35424],[-90.67716,19.35424],[-90.67715,19.35359],[-90.67667,19.3536],[-90.67669,19.35259],[-90.67726,19.35258],[-90.67723,19.35137],[-90.67717,19.35129],[-90.67705,19.34961],[-90.67628,19.34965],[-90.67453,19.34975],[-90.67362,19.34974],[-90.67361,19.34941],[-90.67281,19.34939],[-90.67278,19.34945],[-90.67277,19.34979],[-90.67186,19.34982],[-90.67098,19.34984],[-90.67015,19.34987],[-90.67018,19.35074],[-90.66973,19.35074],[-90.66972,19.35104],[-90.66931,19.35106],[-90.66932,19.35151],[-90.66934,19.3526],[-90.66937,19.35309],[-90.66938,19.35326],[-90.66939,19.35392],[-90.66939,19.35406],[-90.66945,19.35492],[-90.66948,19.35527],[-90.66954,19.35599],[-90.67031,19.35598],[-90.67119,19.35595],[-90.67205,19.35592],[-90.67291,19.35588],[-90.67386,19.35586],[-90.67395,19.35581],[-90.67481,19.35575],[-90.6748,19.3557],[-90.67571,19.35561],[-90.6757,19.35545],[-90.67632,19.35569],[-90.67673,19.35564]]]}},{"type":"Feature","properties":{"cvegeo":"040040027","cve_ent":"04","fuente":"INEGI — Marco Geoestadístico 2024","fecha_corte":"2024-08","cve_mun":"04004","nombre":"Pustunich","ambito":"Rural"},"geometry":{"type":"Polygon","coordinates":[[[-90.47841,19.14274],[-90.47824,19.1431],[-90.47799,19.14376],[-90.47767,19.14374],[-90.47737,19.144],[-90.47731,19.1441],[-90.47627,19.14387],[-90.47621,19.14427],[-90.47617,19.14426],[-90.47585,19.14554],[-90.47635,19.14588],[-90.4764,19.14594],[-90.47645,19.146],[-90.47651,19.14611],[-90.47658,19.14632],[-90.47664,19.14645],[-90.47671,19.14651],[-90.47613,19.1465],[-90.47604,19.14682],[-90.47722,19.14713],[-90.47731,19.14713],[-90.47873,19.14729],[-90.47848,19.14826],[-90.47935,19.14842],[-90.48044,19.14861],[-90.48093,19.14712],[-90.48139,19.14586],[-90.48302,19.14543],[-90.48322,19.14484],[-90.48329,19.14463],[-90.48351,19.14386],[-90.48218,19.1435],[-90.4825,19.14245],[-90.48348,19.14268],[-90.48382,19.14168],[-90.4838,19.14163],[-90.48486,19.14188],[-90.48518,19.1411],[-90.48553,19.13996],[-90.48508,19.14006],[-90.48468,19.14011],[-90.48435,19.14006],[-90.48431,19.14005],[-90.48356,19.14001],[-90.48336,19.13998],[-90.48239,19.1397],[-90.48233,19.13968],[-90.48182,19.13954],[-90.48082,19.13927],[-90.48052,19.13894],[-90.48038,19.13921],[-90.47992,19.14008],[-90.47948,19.14072],[-90.47899,19.14174],[-90.47841,19.14274]]]}},{"type":"Feature","properties":{"cvegeo":"040040044","cve_ent":"04","fuente":"INEGI — Marco Geoestadístico 2024","fecha_corte":"2024-08","cve_mun":"04004","nombre":"Villa de Guadalupe","ambito":"Rural"},"geometry":{"type":"Polygon","coordinates":[[[-90.45729,19.27001],[-90.4574,19.27011],[-90.45642,19.27104],[-90.45688,19.27145],[-90.4571,19.27125],[-90.45788,19.27196],[-90.45871,19.27266],[-90.4592,19.27306],[-90.45956,19.27335],[-90.45963,19.27328],[-90.46057,19.27402],[-90.46068,19.27385],[-90.46104,19.27328],[-90.4619,19.27404],[-90.46244,19.27349],[-90.46316,19.27407],[-90.46367,19.27369],[-90.4639,19.27352],[-90.46433,19.27297],[-90.46451,19.27297],[-90.46497,19.27241],[-90.46523,19.27214],[-90.46501,19.27173],[-90.46482,19.2713],[-90.46468,19.27113],[-90.46383,19.27042],[-90.46304,19.26968],[-90.46287,19.26985],[-90.46254,19.26952],[-90.46269,19.26937],[-90.46238,19.26904],[-90.46295,19.26863],[-90.46211,19.26754],[-90.46177,19.26722],[-90.46116,19.26786],[-90.46072,19.26746],[-90.46004,19.26813],[-90.4597,19.2678],[-90.45931,19.26818],[-90.45881,19.26774],[-90.45841,19.26814],[-90.45801,19.26854],[-90.45847,19.26895],[-90.45811,19.26934],[-90.45799,19.26924],[-90.45729,19.27001]]]}},{"type":"Feature","properties":{"cvegeo":"040040521","cve_ent":"04","fuente":"INEGI — Marco Geoestadístico 2024","fecha_corte":"2024-08","cve_mun":"04004","nombre":"Villamar","ambito":"Rural"},"geometry":{"type":"Polygon","coordinates":[[[-90.76817,19.29419],[-90.7688,19.29472],[-90.76967,19.29541],[-90.77041,19.2947],[-90.7711,19.29403],[-90.77177,19.29332],[-90.77252,19.29262],[-90.77326,19.2919],[-90.77399,19.29119],[-90.77472,19.29048],[-90.77543,19.28975],[-90.77619,19.28901],[-90.7768,19.2884],[-90.77601,19.28754],[-90.77484,19.28637],[-90.77477,19.28632],[-90.77469,19.28628],[-90.77462,19.28627],[-90.77454,19.2863],[-90.77444,19.28637],[-90.77415,19.28661],[-90.77409,19.28666],[-90.77392,19.28674],[-90.77378,19.28679],[-90.77371,19.28681],[-90.77314,19.28657],[-90.77312,19.2866],[-90.77278,19.28706],[-90.77251,19.28738],[-90.77246,19.28745],[-90.77181,19.2882],[-90.77109,19.28896],[-90.7707,19.28933],[-90.77069,19.28934],[-90.77061,19.28942],[-90.77033,19.28969],[-90.77046,19.28978],[-90.77065,19.28992],[-90.77073,19.28999],[-90.77063,19.2901],[-90.77047,19.29027],[-90.77037,19.29037],[-90.7703,19.29037],[-90.77001,19.29072],[-90.76997,19.29075],[-90.76933,19.29147],[-90.77014,19.2921],[-90.77005,19.29218],[-90.76975,19.29246],[-90.76942,19.29282],[-90.7688,19.29349],[-90.76845,19.29388],[-90.76817,19.29419]]]}},{"type":"Feature","properties":{"cvegeo":"040042119","cve_ent":"04","fuente":"INEGI — Marco Geoestadístico 2024","fecha_corte":"2024-08","cve_mun":"04004","nombre":"Campeche Playa Esmeralda Resort","ambito":"Rural"},"geometry":{"type":"Polygon","coordinates":[[[-90.85316,19.22264],[-90.85301,19.22225],[-90.85299,19.22221],[-90.85295,19.22218],[-90.85291,19.22214],[-90.85283,19.22212],[-90.85279,19.22207],[-90.85279,19.22205],[-90.85277,19.22195],[-90.85273,19.22173],[-90.85242,19.22099],[-90.85226,19.22043],[-90.85198,19.22044],[-90.85186,19.22045],[-90.85134,19.22042],[-90.85116,19.2204],[-90.85069,19.22035],[-90.84986,19.22005],[-90.84956,19.21987],[-90.8492,19.21972],[-90.84884,19.21962],[-90.84826,19.21955],[-90.84805,19.21953],[-90.84768,19.21954],[-90.84718,19.21991],[-90.84712,19.2202],[-90.84692,19.22038],[-90.84716,19.2208],[-90.84741,19.22165],[-90.84762,19.22271],[-90.84798,19.22413],[-90.84804,19.22415],[-90.84808,19.22417],[-90.84813,19.22423],[-90.84846,19.22417],[-90.8482,19.22456],[-90.8482,19.22469],[-90.84821,19.22482],[-90.84829,19.22507],[-90.84842,19.22535],[-90.84851,19.22556],[-90.84857,19.22571],[-90.84874,19.22559],[-90.84896,19.22539],[-90.84929,19.22512],[-90.84955,19.2249],[-90.84958,19.22486],[-90.84957,19.22477],[-90.84956,19.22474],[-90.84953,19.22469],[-90.8495,19.22466],[-90.84946,19.22465],[-90.8494,19.22464],[-90.84933,19.22464],[-90.84931,19.22464],[-90.84927,19.22462],[-90.84922,19.22461],[-90.84918,19.2246],[-90.84915,19.22458],[-90.84913,19.22455],[-90.84911,19.22452],[-90.84911,19.22448],[-90.84923,19.22435],[-90.84953,19.22402],[-90.85002,19.2236],[-90.85025,19.22343],[-90.85069,19.2232],[-90.85136,19.22296],[-90.85197,19.22286],[-90.85219,19.22287],[-90.85244,19.22293],[-90.85267,19.22298],[-90.85287,19.22308],[-90.85316,19.22264]]]}},{"type":"Feature","properties":{"cvegeo":"040040017","cve_ent":"04","fuente":"INEGI — Marco Geoestadístico 2024","fecha_corte":"2024-08","cve_mun":"04004","nombre":"Ciudad del Sol","ambito":"Rural"},"geometry":{"type":"Polygon","coordinates":[[[-90.70305,19.47626],[-90.70311,19.47599],[-90.70292,19.47584],[-90.70265,19.47567],[-90.70192,19.47512],[-90.7019,19.47527],[-90.70169,19.47629],[-90.70169,19.47635],[-90.70036,19.47579],[-90.69994,19.477],[-90.69937,19.47682],[-90.69937,19.47714],[-90.69937,19.47783],[-90.69933,19.47858],[-90.69931,19.47915],[-90.69954,19.47915],[-90.69974,19.47913],[-90.69995,19.47911],[-90.7002,19.47901],[-90.70048,19.47888],[-90.70058,19.47883],[-90.70064,19.47882],[-90.70075,19.47884],[-90.70069,19.47894],[-90.70045,19.47971],[-90.70076,19.47975],[-90.7011,19.47983],[-90.70124,19.47985],[-90.70143,19.4795],[-90.70201,19.47973],[-90.70194,19.47992],[-90.70212,19.48],[-90.70219,19.47984],[-90.70235,19.4799],[-90.70254,19.47996],[-90.70275,19.48002],[-90.70322,19.48019],[-90.70359,19.47906],[-90.70359,19.47905],[-90.70359,19.47902],[-90.70366,19.47882],[-90.70368,19.47877],[-90.70375,19.47853],[-90.70376,19.47846],[-90.70379,19.47842],[-90.70397,19.47785],[-90.70406,19.47753],[-90.70388,19.47748],[-90.70394,19.47745],[-90.70397,19.47742],[-90.70399,19.47736],[-90.70405,19.47714],[-90.70408,19.4771],[-90.70419,19.47675],[-90.70384,19.47661],[-90.70382,19.47661],[-90.7037,19.47657],[-90.70359,19.4765],[-90.70331,19.47636],[-90.70305,19.47626]]]}},{"type":"Feature","properties":{"cvegeo":"040040024","cve_ent":"04","fuente":"INEGI — Marco Geoestadístico 2024","fecha_corte":"2024-08","cve_mun":"04004","nombre":"San Pablo Pixtún","ambito":"Rural"},"geometry":{"type":"Polygon","coordinates":[[[-90.73516,19.13618],[-90.73599,19.13559],[-90.73557,19.13507],[-90.73539,19.13491],[-90.73623,19.13432],[-90.73625,19.1343],[-90.73695,19.13379],[-90.73639,19.13316],[-90.73578,19.13245],[-90.73643,19.13196],[-90.7365,19.13189],[-90.73695,19.13239],[-90.73718,19.1326],[-90.73709,19.13261],[-90.73706,19.13263],[-90.73767,19.13335],[-90.73844,19.13262],[-90.73885,19.13231],[-90.73901,19.13223],[-90.73851,19.13163],[-90.73845,19.13156],[-90.73827,19.13134],[-90.73766,19.13181],[-90.73663,19.13068],[-90.73617,19.12996],[-90.73606,19.12998],[-90.73575,19.13019],[-90.73517,19.12951],[-90.73479,19.12978],[-90.73472,19.12977],[-90.73439,19.12942],[-90.73368,19.12995],[-90.734,19.13036],[-90.73324,19.13091],[-90.73275,19.13028],[-90.7334,19.12975],[-90.73273,19.12896],[-90.73215,19.1283],[-90.73152,19.12871],[-90.7308,19.12925],[-90.73003,19.12985],[-90.72952,19.12916],[-90.72929,19.12903],[-90.72917,19.13036],[-90.72897,19.13162],[-90.72891,19.13208],[-90.72882,19.13277],[-90.72853,19.13486],[-90.72756,19.1349],[-90.72717,19.13531],[-90.72686,19.13569],[-90.72666,19.13613],[-90.72678,19.1368],[-90.7268,19.13687],[-90.72604,19.13678],[-90.72589,19.13741],[-90.72574,19.13828],[-90.72567,19.13918],[-90.72558,19.13998],[-90.72553,19.1404],[-90.72674,19.14061],[-90.72774,19.1408],[-90.7277,19.14105],[-90.72818,19.14114],[-90.72855,19.1395],[-90.72893,19.13957],[-90.72973,19.13978],[-90.72985,19.13979],[-90.72996,19.13977],[-90.73012,19.13971],[-90.73041,19.13952],[-90.73076,19.14039],[-90.73192,19.13969],[-90.73226,19.14036],[-90.73238,19.14049],[-90.73264,19.14097],[-90.73278,19.14124],[-90.73457,19.1401],[-90.73461,19.14005],[-90.73513,19.14083],[-90.73564,19.14156],[-90.73672,19.14084],[-90.73753,19.14026],[-90.73695,19.13955],[-90.7361,19.14016],[-90.73552,19.13947],[-90.73545,19.13944],[-90.73494,19.13879],[-90.73565,19.13831],[-90.73505,19.13748],[-90.73548,19.13715],[-90.7349,19.13639],[-90.73516,19.13618]]]}},{"type":"Feature","properties":{"cvegeo":"040040192","cve_ent":"04","fuente":"INEGI — Marco Geoestadístico 2024","fecha_corte":"2024-08","cve_mun":"04004","nombre":"Maya Tecún II","ambito":"Rural"},"geometry":{"type":"Polygon","coordinates":[[[-90.50886,19.16564],[-90.50907,19.16521],[-90.5092,19.16499],[-90.50928,19.16487],[-90.50936,19.16469],[-90.50943,19.16452],[-90.50948,19.16447],[-90.50951,19.16444],[-90.50954,19.16443],[-90.50962,19.16407],[-90.50811,19.1639],[-90.50778,19.16372],[-90.50744,19.16357],[-90.50714,19.16343],[-90.50737,19.16292],[-90.50709,19.16275],[-90.50676,19.16258],[-90.50642,19.1624],[-90.50662,19.16193],[-90.50632,19.16178],[-90.50598,19.16166],[-90.50526,19.16297],[-90.50501,19.16272],[-90.50471,19.16245],[-90.50407,19.16194],[-90.50365,19.16136],[-90.50349,19.1617],[-90.50357,19.16177],[-90.50363,19.16187],[-90.50374,19.16208],[-90.50383,19.16224],[-90.50396,19.16237],[-90.5042,19.16256],[-90.50392,19.16339],[-90.50363,19.16327],[-90.50317,19.16428],[-90.50282,19.16414],[-90.50248,19.16401],[-90.50213,19.16483],[-90.502,19.16513],[-90.50156,19.16605],[-90.50186,19.16617],[-90.50216,19.16629],[-90.50265,19.16649],[-90.50268,19.16644],[-90.50302,19.1666],[-90.50333,19.16674],[-90.50375,19.16593],[-90.50411,19.1661],[-90.50447,19.16626],[-90.5048,19.16642],[-90.50512,19.16654],[-90.50494,19.16688],[-90.50462,19.16753],[-90.50493,19.16769],[-90.50515,19.16725],[-90.50545,19.16738],[-90.50576,19.16682],[-90.50612,19.167],[-90.5061,19.16704],[-90.50592,19.16732],[-90.50655,19.16766],[-90.50635,19.16807],[-90.50664,19.16821],[-90.50695,19.16833],[-90.50704,19.16818],[-90.50739,19.16838],[-90.50772,19.1678],[-90.50811,19.16797],[-90.50843,19.1674],[-90.50921,19.16584],[-90.50883,19.16567],[-90.50886,19.16564]]]}},{"type":"Feature","properties":{"cvegeo":"040041754","cve_ent":"04","fuente":"INEGI — Marco Geoestadístico 2024","fecha_corte":"2024-08","cve_mun":"04004","nombre":"José María Morelos y Pavón","ambito":"Rural"},"geometry":{"type":"Polygon","coordinates":[[[-90.7236,19.09394],[-90.72463,19.09391],[-90.72463,19.09294],[-90.72463,19.09191],[-90.72463,19.0909],[-90.7246,19.08992],[-90.72354,19.08993],[-90.72249,19.08994],[-90.72141,19.08996],[-90.72035,19.08994],[-90.71929,19.08996],[-90.71818,19.08997],[-90.71715,19.08998],[-90.71715,19.09095],[-90.71715,19.09194],[-90.71713,19.09298],[-90.71713,19.09398],[-90.71818,19.09394],[-90.71931,19.09396],[-90.72026,19.09395],[-90.72036,19.09395],[-90.72129,19.09393],[-90.72142,19.09393],[-90.72255,19.09392],[-90.72264,19.09393],[-90.7236,19.09394]]]}},{"type":"Feature","properties":{"cvegeo":"040040256","cve_ent":"04","fuente":"INEGI — Marco Geoestadístico 2024","fecha_corte":"2024-08","cve_mun":"04004","nombre":"San Miguel","ambito":"Rural"},"geometry":{"type":"Polygon","coordinates":[[[-90.46169,19.30249],[-90.46295,19.30271],[-90.46267,19.3038],[-90.46379,19.30396],[-90.4638,19.30392],[-90.46385,19.30395],[-90.46486,19.3041],[-90.46591,19.30421],[-90.46694,19.30441],[-90.46703,19.30445],[-90.46811,19.30458],[-90.46826,19.30355],[-90.46835,19.30316],[-90.46842,19.3025],[-90.46836,19.30244],[-90.46741,19.30232],[-90.46676,19.30224],[-90.46628,19.30218],[-90.4652,19.30203],[-90.46418,19.30187],[-90.46402,19.30185],[-90.46306,19.30169],[-90.4629,19.30167],[-90.46192,19.30152],[-90.46178,19.30149],[-90.46088,19.30136],[-90.46005,19.30124],[-90.45952,19.30117],[-90.4594,19.30212],[-90.45984,19.3022],[-90.46062,19.30233],[-90.46118,19.30242],[-90.46169,19.30249]]]}},{"type":"Feature","properties":{"cvegeo":"040040038","cve_ent":"04","fuente":"INEGI — Marco Geoestadístico 2024","fecha_corte":"2024-08","cve_mun":"04004","nombre":"Santa Cruz de Rovira","ambito":"Rural"},"geometry":{"type":"Polygon","coordinates":[[[-90.40329,19.4086],[-90.40335,19.40967],[-90.40385,19.40952],[-90.40391,19.40998],[-90.40503,19.40969],[-90.40513,19.41015],[-90.40527,19.41069],[-90.40536,19.41113],[-90.4048,19.41128],[-90.40504,19.4123],[-90.40658,19.41182],[-90.40763,19.4116],[-90.40746,19.41061],[-90.40698,19.41074],[-90.40681,19.40982],[-90.4076,19.40953],[-90.4076,19.40856],[-90.40767,19.40838],[-90.40746,19.40715],[-90.40718,19.40716],[-90.40674,19.40723],[-90.40577,19.40752],[-90.40567,19.40715],[-90.40565,19.40712],[-90.40561,19.4071],[-90.40554,19.40709],[-90.40543,19.40712],[-90.40453,19.40758],[-90.40438,19.40764],[-90.40405,19.40763],[-90.40196,19.40746],[-90.40091,19.40737],[-90.39993,19.4073],[-90.39986,19.40732],[-90.39983,19.40738],[-90.39976,19.40824],[-90.40082,19.40835],[-90.40181,19.40844],[-90.40181,19.40866],[-90.40247,19.40858],[-90.40293,19.40847],[-90.40342,19.40831],[-90.40407,19.40808],[-90.40457,19.40792],[-90.40472,19.40815],[-90.4039,19.40841],[-90.40329,19.4086]]]}},{"type":"Feature","properties":{"cvegeo":"040040086","cve_ent":"04","fuente":"INEGI — Marco Geoestadístico 2024","fecha_corte":"2024-08","cve_mun":"04004","nombre":"Dzacabuchén","ambito":"Rural"},"geometry":{"type":"Polygon","coordinates":[[[-90.70579,19.04114],[-90.70568,19.04199],[-90.70518,19.04199],[-90.70494,19.04203],[-90.70482,19.04207],[-90.70476,19.0427],[-90.70555,19.0428],[-90.70649,19.04294],[-90.70638,19.04375],[-90.70724,19.04384],[-90.70723,19.04393],[-90.70714,19.04474],[-90.70801,19.04482],[-90.7089,19.04494],[-90.709,19.04414],[-90.7094,19.04421],[-90.70942,19.04412],[-90.70953,19.04332],[-90.71002,19.0434],[-90.71005,19.04302],[-90.71093,19.04312],[-90.71099,19.04261],[-90.71142,19.04267],[-90.7115,19.04183],[-90.71161,19.04102],[-90.71201,19.04103],[-90.71212,19.04017],[-90.71124,19.0401],[-90.71128,19.03963],[-90.71047,19.03956],[-90.7105,19.03924],[-90.71059,19.03872],[-90.70971,19.03863],[-90.70886,19.03853],[-90.70881,19.03898],[-90.70791,19.03883],[-90.70698,19.03872],[-90.70705,19.03801],[-90.70681,19.03775],[-90.70619,19.03768],[-90.70603,19.03902],[-90.70598,19.0395],[-90.70588,19.04034],[-90.70579,19.04114]]]}},{"type":"Feature","properties":{"cvegeo":"040040082","cve_ent":"04","fuente":"INEGI — Marco Geoestadístico 2024","fecha_corte":"2024-08","cve_mun":"04004","nombre":"Ulumal","ambito":"Rural"},"geometry":{"type":"Polygon","coordinates":[[[-90.62633,19.2731],[-90.62648,19.27211],[-90.62654,19.27173],[-90.62656,19.27115],[-90.62658,19.2711],[-90.6266,19.27103],[-90.6267,19.2702],[-90.62669,19.27014],[-90.62666,19.26999],[-90.62666,19.26987],[-90.62678,19.269],[-90.62488,19.26907],[-90.62359,19.26912],[-90.62206,19.26917],[-90.6211,19.2692],[-90.62012,19.26922],[-90.61909,19.26923],[-90.61885,19.26922],[-90.61861,19.26917],[-90.61843,19.26911],[-90.61826,19.26904],[-90.61802,19.2689],[-90.61788,19.26878],[-90.61779,19.2687],[-90.61764,19.26855],[-90.61743,19.26826],[-90.6174,19.26822],[-90.61737,19.26832],[-90.61737,19.26849],[-90.61759,19.26919],[-90.61764,19.26937],[-90.61768,19.2696],[-90.61669,19.26972],[-90.61555,19.26988],[-90.61549,19.2707],[-90.61553,19.2712],[-90.61635,19.2712],[-90.61645,19.27166],[-90.61695,19.27162],[-90.61703,19.27159],[-90.61707,19.27192],[-90.61718,19.27273],[-90.618,19.2727],[-90.61796,19.27326],[-90.61794,19.27366],[-90.61772,19.27368],[-90.61764,19.2746],[-90.61765,19.27471],[-90.61834,19.27467],[-90.61821,19.27562],[-90.61814,19.27609],[-90.61876,19.27606],[-90.61982,19.27604],[-90.6198,19.27639],[-90.6208,19.27632],[-90.62179,19.27628],[-90.62282,19.27626],[-90.6238,19.27622],[-90.6238,19.27625],[-90.62389,19.27624],[-90.62485,19.27605],[-90.62493,19.27566],[-90.62591,19.2757],[-90.62597,19.27512],[-90.62611,19.27411],[-90.62628,19.2741],[-90.62633,19.2731]]]}},{"type":"Feature","properties":{"cvegeo":"040041610","cve_ent":"04","fuente":"INEGI — Marco Geoestadístico 2024","fecha_corte":"2024-08","cve_mun":"04004","nombre":"General Ortiz Ávila","ambito":"Rural"},"geometry":{"type":"Polygon","coordinates":[[[-90.72758,18.97177],[-90.72867,18.97247],[-90.72894,18.97159],[-90.72966,18.97202],[-90.72992,18.97123],[-90.73023,18.97037],[-90.72946,18.9699],[-90.72875,18.96945],[-90.7288,18.96936],[-90.72901,18.96866],[-90.72904,18.9687],[-90.72971,18.9691],[-90.73048,18.96959],[-90.73071,18.96882],[-90.73079,18.96883],[-90.73116,18.96904],[-90.73162,18.96931],[-90.73172,18.96939],[-90.73187,18.96949],[-90.732,18.96958],[-90.73228,18.96976],[-90.73247,18.96956],[-90.73179,18.96884],[-90.73103,18.96803],[-90.73093,18.9679],[-90.7303,18.96712],[-90.72973,18.96659],[-90.72903,18.96597],[-90.72831,18.96516],[-90.72759,18.96462],[-90.72674,18.96425],[-90.72694,18.9635],[-90.72662,18.96333],[-90.72631,18.96282],[-90.72565,18.96207],[-90.72487,18.96119],[-90.72416,18.96056],[-90.72417,18.96155],[-90.72417,18.962],[-90.72416,18.96214],[-90.72415,18.96225],[-90.72416,18.96249],[-90.72415,18.96313],[-90.72416,18.96441],[-90.72441,18.96434],[-90.72456,18.96433],[-90.72473,18.96433],[-90.72486,18.96434],[-90.72529,18.96433],[-90.7255,18.96441],[-90.72573,18.9645],[-90.72583,18.96455],[-90.72585,18.96476],[-90.72583,18.96478],[-90.72582,18.96482],[-90.72558,18.9655],[-90.72554,18.9656],[-90.7252,18.96561],[-90.72507,18.96567],[-90.72493,18.9658],[-90.7247,18.96571],[-90.72428,18.9655],[-90.72426,18.96559],[-90.72428,18.96671],[-90.72432,18.96737],[-90.72432,18.96764],[-90.72425,18.9686],[-90.72458,18.96877],[-90.72534,18.96912],[-90.7251,18.97007],[-90.7258,18.97051],[-90.72645,18.97094],[-90.72724,18.97151],[-90.72758,18.97177]]]}},{"type":"Feature","properties":{"cvegeo":"040040043","cve_ent":"04","fuente":"INEGI — Marco Geoestadístico 2024","fecha_corte":"2024-08","cve_mun":"04004","nombre":"Vicente Guerrero","ambito":"Rural"},"geometry":{"type":"Polygon","coordinates":[[[-90.72786,19.2205],[-90.7278,19.22161],[-90.73044,19.22171],[-90.73055,19.22286],[-90.73058,19.22386],[-90.73167,19.22385],[-90.73267,19.22388],[-90.73493,19.22392],[-90.73428,19.22289],[-90.73379,19.22291],[-90.73374,19.2219],[-90.73372,19.22087],[-90.73371,19.21985],[-90.73255,19.21978],[-90.73251,19.21782],[-90.73251,19.217],[-90.73251,19.21637],[-90.73162,19.2156],[-90.73161,19.21361],[-90.73065,19.21349],[-90.73065,19.21264],[-90.73002,19.2126],[-90.72999,19.21205],[-90.72941,19.21209],[-90.72858,19.21213],[-90.72833,19.21553],[-90.72824,19.21645],[-90.72786,19.2205]]]}},{"type":"Feature","properties":{"cvegeo":"040040047","cve_ent":"04","fuente":"INEGI — Marco Geoestadístico 2024","fecha_corte":"2024-08","cve_mun":"04004","nombre":"Xbacab","ambito":"Rural"},"geometry":{"type":"Polygon","coordinates":[[[-90.71845,18.94853],[-90.71806,18.9486],[-90.71805,18.94865],[-90.71809,18.94922],[-90.71827,18.95034],[-90.71827,18.95061],[-90.71809,18.95116],[-90.71985,18.94991],[-90.72047,18.94948],[-90.72055,18.94907],[-90.72266,18.9479],[-90.72263,18.94706],[-90.72364,18.94692],[-90.72395,18.94687],[-90.72393,18.94607],[-90.72505,18.94609],[-90.72506,18.94608],[-90.72512,18.94539],[-90.72548,18.9454],[-90.72554,18.94463],[-90.72553,18.94462],[-90.72547,18.94462],[-90.72562,18.94393],[-90.72626,18.94398],[-90.72667,18.94402],[-90.72736,18.94408],[-90.7273,18.94298],[-90.7271,18.94302],[-90.7269,18.94304],[-90.72676,18.94301],[-90.72628,18.94297],[-90.72632,18.94286],[-90.72629,18.94274],[-90.7261,18.94249],[-90.72595,18.94229],[-90.72593,18.94219],[-90.72591,18.94212],[-90.72594,18.94193],[-90.72604,18.94164],[-90.72611,18.94149],[-90.72612,18.94139],[-90.72629,18.94133],[-90.7264,18.94126],[-90.72654,18.94121],[-90.7267,18.94116],[-90.72695,18.94096],[-90.72785,18.94101],[-90.72827,18.94104],[-90.72842,18.93975],[-90.72731,18.93974],[-90.72733,18.93946],[-90.72706,18.93929],[-90.72663,18.93906],[-90.72643,18.93894],[-90.72628,18.93875],[-90.7262,18.93864],[-90.72611,18.93832],[-90.72595,18.93806],[-90.72577,18.93781],[-90.72577,18.93774],[-90.72573,18.93767],[-90.72565,18.93757],[-90.7256,18.93746],[-90.72555,18.93735],[-90.72554,18.93719],[-90.7256,18.93703],[-90.72573,18.9368],[-90.72569,18.9368],[-90.72585,18.93621],[-90.72515,18.93544],[-90.72507,18.93528],[-90.72497,18.93515],[-90.72228,18.93451],[-90.72253,18.9338],[-90.72285,18.93281],[-90.72173,18.93267],[-90.72149,18.93365],[-90.7214,18.93363],[-90.72119,18.93464],[-90.72109,18.93593],[-90.72079,18.93595],[-90.71983,18.936],[-90.71629,18.93627],[-90.71752,18.94407],[-90.71803,18.94729],[-90.719,18.94825],[-90.71845,18.94853]]]}},{"type":"Feature","properties":{"cvegeo":"040041787","cve_ent":"04","fuente":"INEGI — Marco Geoestadístico 2024","fecha_corte":"2024-08","cve_mun":"04004","nombre":"Punta Xen","ambito":"Rural"},"geometry":{"type":"Polygon","coordinates":[[[-90.90598,19.1783],[-90.90577,19.17807],[-90.90568,19.17797],[-90.9065,19.17731],[-90.90599,19.17675],[-90.90586,19.17685],[-90.90542,19.17628],[-90.90508,19.17655],[-90.90473,19.17679],[-90.9047,19.17673],[-90.90453,19.17651],[-90.90391,19.17694],[-90.90404,19.17718],[-90.90344,19.17767],[-90.9034,19.17773],[-90.90314,19.17736],[-90.90286,19.17758],[-90.90249,19.17785],[-90.90219,19.17744],[-90.90149,19.1779],[-90.90183,19.17833],[-90.90113,19.17884],[-90.89985,19.1798],[-90.89995,19.17995],[-90.89913,19.18057],[-90.89933,19.18096],[-90.89941,19.18092],[-90.8999,19.18155],[-90.9003,19.18207],[-90.90013,19.18221],[-90.90048,19.18265],[-90.90189,19.18156],[-90.90345,19.18038],[-90.90606,19.17851],[-90.90592,19.17835],[-90.90598,19.1783]]]}},{"type":"Feature","properties":{"cvegeo":"040040442","cve_ent":"04","fuente":"INEGI — Marco Geoestadístico 2024","fecha_corte":"2024-08","cve_mun":"04004","nombre":"Cinco de Febrero","ambito":"Rural"},"geometry":{"type":"Polygon","coordinates":[[[-90.63412,18.86097],[-90.63416,18.8603],[-90.63422,18.85934],[-90.63493,18.85951],[-90.63516,18.85863],[-90.63515,18.85861],[-90.63529,18.85789],[-90.6355,18.85705],[-90.63556,18.85709],[-90.63641,18.85726],[-90.63664,18.85641],[-90.63569,18.85623],[-90.63585,18.85547],[-90.6361,18.85468],[-90.63702,18.85491],[-90.63777,18.85509],[-90.63801,18.85434],[-90.63823,18.85367],[-90.63739,18.85324],[-90.63655,18.85299],[-90.63572,18.85279],[-90.63481,18.8526],[-90.63472,18.85303],[-90.63463,18.85339],[-90.63374,18.85317],[-90.6333,18.8531],[-90.63223,18.85291],[-90.63226,18.85307],[-90.63211,18.8536],[-90.63176,18.85346],[-90.63158,18.85335],[-90.63148,18.85324],[-90.63116,18.85417],[-90.63153,18.85427],[-90.63192,18.85439],[-90.63163,18.85528],[-90.63123,18.85521],[-90.63075,18.85512],[-90.62994,18.855],[-90.63018,18.85414],[-90.62934,18.85397],[-90.62954,18.8533],[-90.62857,18.85302],[-90.62772,18.85278],[-90.62756,18.85353],[-90.62686,18.85344],[-90.62669,18.85433],[-90.62736,18.85444],[-90.62713,18.85525],[-90.62653,18.85513],[-90.62639,18.85599],[-90.62684,18.85609],[-90.62664,18.8569],[-90.62658,18.8572],[-90.62741,18.85736],[-90.62749,18.85704],[-90.62835,18.85718],[-90.62929,18.85737],[-90.63014,18.85753],[-90.63103,18.8577],[-90.63153,18.85781],[-90.63214,18.85795],[-90.63232,18.85798],[-90.63204,18.85881],[-90.63165,18.85958],[-90.63077,18.86111],[-90.63166,18.86139],[-90.63155,18.86178],[-90.63318,18.86237],[-90.63345,18.86243],[-90.63366,18.86246],[-90.6336,18.862],[-90.63353,18.86121],[-90.63351,18.86095],[-90.63412,18.86097]]]}},{"type":"Feature","properties":{"cvegeo":"040041603","cve_ent":"04","fuente":"INEGI — Marco Geoestadístico 2024","fecha_corte":"2024-08","cve_mun":"04004","nombre":"Miguel Colorado","ambito":"Rural"},"geometry":{"type":"Polygon","coordinates":[[[-90.6522,18.78125],[-90.65176,18.78246],[-90.65088,18.78212],[-90.65005,18.7818],[-90.64972,18.78265],[-90.65016,18.78281],[-90.64995,18.78326],[-90.64978,18.78364],[-90.64947,18.78354],[-90.64909,18.78441],[-90.64878,18.78512],[-90.6496,18.78541],[-90.65039,18.7857],[-90.65005,18.78647],[-90.65096,18.78678],[-90.65083,18.78719],[-90.65071,18.78757],[-90.65154,18.78778],[-90.6514,18.7882],[-90.65257,18.78858],[-90.65378,18.78898],[-90.65505,18.7894],[-90.6552,18.78899],[-90.656,18.78934],[-90.65654,18.78952],[-90.65742,18.78987],[-90.65774,18.78907],[-90.65806,18.78825],[-90.65885,18.78853],[-90.65898,18.78818],[-90.65916,18.78772],[-90.65995,18.78805],[-90.66032,18.78734],[-90.66046,18.7869],[-90.66038,18.78686],[-90.66053,18.78629],[-90.66039,18.78627],[-90.65986,18.7862],[-90.65978,18.78617],[-90.66006,18.78535],[-90.66035,18.78455],[-90.65955,18.78433],[-90.65924,18.78511],[-90.65846,18.7848],[-90.65763,18.78447],[-90.65732,18.78525],[-90.65692,18.7851],[-90.65631,18.78488],[-90.6566,18.78411],[-90.65665,18.784],[-90.65692,18.78331],[-90.65724,18.78253],[-90.65753,18.78178],[-90.65683,18.78157],[-90.65658,18.7804],[-90.65587,18.78042],[-90.65526,18.7819],[-90.65488,18.78178],[-90.65406,18.78146],[-90.65396,18.78168],[-90.6522,18.78125]]]}},{"type":"Feature","properties":{"cvegeo":"040042148","cve_ent":"04","fuente":"INEGI — Marco Geoestadístico 2024","fecha_corte":"2024-08","cve_mun":"04004","nombre":"Villa de las Flores","ambito":"Rural"},"geometry":{"type":"Polygon","coordinates":[[[-90.71201,19.32909],[-90.71201,19.32929],[-90.712,19.32939],[-90.71224,19.32973],[-90.71247,19.32999],[-90.71266,19.32983],[-90.71274,19.32977],[-90.71281,19.3297],[-90.71287,19.32964],[-90.71291,19.32958],[-90.71291,19.32946],[-90.71293,19.32941],[-90.71297,19.32937],[-90.71303,19.32932],[-90.71312,19.32927],[-90.71319,19.32918],[-90.71339,19.32886],[-90.7135,19.32871],[-90.71353,19.32867],[-90.71357,19.3286],[-90.71365,19.32845],[-90.71396,19.32779],[-90.7145,19.32797],[-90.71449,19.32804],[-90.71411,19.32873],[-90.71391,19.32908],[-90.71389,19.32912],[-90.71448,19.32901],[-90.7145,19.32896],[-90.71454,19.32889],[-90.71468,19.32899],[-90.71509,19.32898],[-90.71531,19.32844],[-90.71549,19.32827],[-90.71553,19.3282],[-90.71548,19.32816],[-90.71541,19.32805],[-90.71542,19.32792],[-90.71545,19.32778],[-90.71546,19.32764],[-90.71528,19.32754],[-90.71491,19.32734],[-90.71439,19.32705],[-90.7139,19.32678],[-90.71347,19.32656],[-90.71324,19.32642],[-90.71257,19.32607],[-90.71251,19.32609],[-90.7124,19.32623],[-90.71223,19.32658],[-90.71204,19.32693],[-90.7119,19.32723],[-90.71185,19.32754],[-90.71178,19.32776],[-90.71175,19.3279],[-90.71176,19.32807],[-90.71177,19.32819],[-90.71182,19.32837],[-90.71186,19.32848],[-90.71198,19.32895],[-90.71201,19.32909]]]}},{"type":"Feature","properties":{"cvegeo":"040042149","cve_ent":"04","fuente":"INEGI — Marco Geoestadístico 2024","fecha_corte":"2024-08","cve_mun":"04004","nombre":"Colonia Nuevo León","ambito":"Rural"},"geometry":{"type":"MultiPolygon","coordinates":[[[[-90.70984,19.32579],[-90.71019,19.32548],[-90.7105,19.32513],[-90.70976,19.32445],[-90.71007,19.32413],[-90.70933,19.32346],[-90.70912,19.32387],[-90.70888,19.32428],[-90.70944,19.32479],[-90.7091,19.32508],[-90.70984,19.32579]]],[[[-90.70984,19.32579],[-90.70953,19.32614],[-90.71028,19.3268],[-90.71061,19.32648],[-90.70984,19.32579]]]]}},{"type":"Feature","properties":{"cvegeo":"040040125","cve_ent":"04","fuente":"INEGI — Marco Geoestadístico 2024","fecha_corte":"2024-08","cve_mun":"04004","nombre":"Buenaventura","ambito":"Rural"},"geometry":{"type":"Polygon","coordinates":[[[-90.2696,19.15409],[-90.26871,19.1541],[-90.2687,19.15491],[-90.26864,19.15528],[-90.26864,19.1554],[-90.26865,19.15571],[-90.26838,19.15572],[-90.26837,19.15653],[-90.26959,19.15654],[-90.26961,19.15734],[-90.26963,19.15817],[-90.27049,19.15816],[-90.27141,19.15814],[-90.27223,19.15811],[-90.27222,19.15729],[-90.27221,19.15611],[-90.27136,19.15613],[-90.27136,19.15577],[-90.27133,19.15569],[-90.27133,19.15484],[-90.27048,19.15486],[-90.27049,19.15419],[-90.27044,19.15406],[-90.2696,19.15405],[-90.2696,19.15409]]]}},{"type":"Feature","properties":{"cvegeo":"040040014","cve_ent":"04","fuente":"INEGI — Marco Geoestadístico 2024","fecha_corte":"2024-08","cve_mun":"04004","nombre":"Hool","ambito":"Rural"},"geometry":{"type":"Polygon","coordinates":[[[-90.4484,19.5154],[-90.44717,19.51531],[-90.44723,19.51504],[-90.44735,19.51483],[-90.44742,19.51473],[-90.4475,19.51464],[-90.44763,19.51449],[-90.44769,19.51441],[-90.44777,19.51433],[-90.44778,19.5143],[-90.44782,19.51425],[-90.4481,19.51406],[-90.44829,19.51395],[-90.44881,19.51367],[-90.44975,19.51321],[-90.45071,19.51269],[-90.45159,19.51223],[-90.45173,19.51215],[-90.45166,19.51197],[-90.4516,19.51181],[-90.45059,19.51069],[-90.45023,19.51032],[-90.44995,19.51003],[-90.44968,19.50974],[-90.4498,19.50963],[-90.45034,19.50929],[-90.45049,19.5092],[-90.45071,19.50913],[-90.45117,19.50904],[-90.45237,19.5088],[-90.45334,19.50848],[-90.45076,19.50789],[-90.44941,19.50749],[-90.44891,19.50739],[-90.44846,19.50729],[-90.44854,19.50771],[-90.44807,19.50779],[-90.44794,19.50721],[-90.44781,19.50716],[-90.44763,19.50717],[-90.44748,19.50722],[-90.44741,19.50732],[-90.44732,19.5076],[-90.44726,19.50766],[-90.44722,19.50778],[-90.44724,19.50795],[-90.44744,19.50896],[-90.4474,19.50897],[-90.44717,19.50904],[-90.44704,19.5091],[-90.4468,19.5092],[-90.44667,19.50925],[-90.44555,19.50972],[-90.44472,19.51008],[-90.44348,19.51066],[-90.44256,19.51108],[-90.44114,19.51168],[-90.4406,19.51191],[-90.44037,19.51322],[-90.44101,19.51336],[-90.4413,19.51341],[-90.44119,19.51447],[-90.44193,19.51457],[-90.4419,19.51504],[-90.44188,19.51529],[-90.44202,19.51747],[-90.44279,19.51741],[-90.44425,19.5174],[-90.44419,19.51753],[-90.444,19.51816],[-90.44387,19.51854],[-90.44382,19.51885],[-90.44481,19.51866],[-90.44548,19.52082],[-90.4451,19.52076],[-90.44502,19.52143],[-90.44448,19.52139],[-90.4444,19.52174],[-90.4458,19.5219],[-90.44633,19.52196],[-90.4467,19.52199],[-90.44695,19.52198],[-90.44731,19.52201],[-90.44743,19.52122],[-90.44711,19.52116],[-90.44707,19.52082],[-90.44702,19.52053],[-90.44696,19.51956],[-90.44628,19.51936],[-90.44631,19.51913],[-90.44632,19.51889],[-90.44636,19.5188],[-90.44641,19.51867],[-90.44647,19.51858],[-90.44661,19.51862],[-90.44669,19.51865],[-90.44676,19.51875],[-90.44691,19.51859],[-90.44708,19.51858],[-90.44741,19.51862],[-90.44757,19.51865],[-90.44781,19.51867],[-90.4479,19.51868],[-90.44799,19.51787],[-90.44804,19.51737],[-90.44872,19.51735],[-90.44875,19.51708],[-90.44897,19.51668],[-90.44845,19.51664],[-90.4484,19.5154]]]}},{"type":"Feature","properties":{"cvegeo":"040060041","cve_ent":"04","fuente":"INEGI — Marco Geoestadístico 2024","fecha_corte":"2024-08","cve_mun":"04006","nombre":"San Antonio Yaxché","ambito":"Rural"},"geometry":{"type":"Polygon","coordinates":[[[-89.73424,20.11634],[-89.73463,20.11423],[-89.73471,20.11393],[-89.73479,20.11348],[-89.73472,20.11322],[-89.73635,20.112],[-89.73637,20.11174],[-89.73594,20.11173],[-89.7359,20.11199],[-89.73533,20.11214],[-89.73527,20.1117],[-89.73438,20.11187],[-89.73426,20.11144],[-89.73483,20.11022],[-89.73489,20.10988],[-89.73456,20.10963],[-89.7343,20.11014],[-89.73098,20.10758],[-89.73057,20.10816],[-89.72922,20.11026],[-89.7278,20.11234],[-89.7278,20.11235],[-89.7276,20.11285],[-89.72808,20.11267],[-89.72822,20.11264],[-89.72914,20.1153],[-89.73044,20.11521],[-89.73166,20.11521],[-89.73168,20.11577],[-89.73185,20.11591],[-89.73241,20.11587],[-89.73296,20.11592],[-89.73424,20.11634]]]}},{"type":"Feature","properties":{"cvegeo":"040060049","cve_ent":"04","fuente":"INEGI — Marco Geoestadístico 2024","fecha_corte":"2024-08","cve_mun":"04006","nombre":"Xcalot Akal","ambito":"Rural"},"geometry":{"type":"Polygon","coordinates":[[[-89.81629,19.93908],[-89.81612,19.93941],[-89.81859,19.94034],[-89.8188,19.93974],[-89.81912,19.93898],[-89.81938,19.93829],[-89.81859,19.938],[-89.81853,19.93797],[-89.81867,19.93753],[-89.81742,19.93695],[-89.81631,19.93641],[-89.8161,19.9367],[-89.81589,19.93662],[-89.81581,19.9374],[-89.81435,19.93729],[-89.81428,19.93785],[-89.81565,19.93793],[-89.8156,19.93829],[-89.81617,19.93835],[-89.81591,19.93899],[-89.81629,19.93908]]]}},{"type":"Feature","properties":{"cvegeo":"040060330","cve_ent":"04","fuente":"INEGI — Marco Geoestadístico 2024","fecha_corte":"2024-08","cve_mun":"04006","nombre":"Nuevo Progreso Campo Uno","ambito":"Rural"},"geometry":{"type":"Polygon","coordinates":[[[-89.69729,19.69792],[-89.69805,19.69791],[-89.69813,19.6936],[-89.69815,19.6917],[-89.69815,19.68979],[-89.69865,19.68978],[-89.69869,19.68879],[-89.69793,19.6888],[-89.69789,19.68871],[-89.69791,19.68855],[-89.69784,19.68837],[-89.69779,19.68828],[-89.69775,19.68817],[-89.69776,19.68808],[-89.6978,19.68793],[-89.69643,19.68792],[-89.69503,19.68792],[-89.69506,19.68905],[-89.69508,19.68979],[-89.69516,19.69241],[-89.69528,19.69519],[-89.69531,19.6961],[-89.69543,19.6972],[-89.69652,19.69719],[-89.69655,19.69784],[-89.69658,19.69789],[-89.69661,19.69792],[-89.69667,19.69793],[-89.69729,19.69792]]]}},{"type":"Feature","properties":{"cvegeo":"040060331","cve_ent":"04","fuente":"INEGI — Marco Geoestadístico 2024","fecha_corte":"2024-08","cve_mun":"04006","nombre":"Nuevo Progreso Campo Dos","ambito":"Rural"},"geometry":{"type":"Polygon","coordinates":[[[-89.6978,19.68793],[-89.69973,19.6879],[-89.69964,19.67879],[-89.69964,19.67872],[-89.69964,19.67865],[-89.69956,19.67325],[-89.69953,19.67066],[-89.69628,19.67069],[-89.6963,19.67219],[-89.69629,19.67309],[-89.69631,19.67391],[-89.69632,19.67535],[-89.69632,19.67577],[-89.69633,19.67875],[-89.69447,19.67878],[-89.693,19.6788],[-89.6931,19.68793],[-89.69503,19.68792],[-89.69643,19.68792],[-89.6978,19.68793]]]}},{"type":"Feature","properties":{"cvegeo":"040060332","cve_ent":"04","fuente":"INEGI — Marco Geoestadístico 2024","fecha_corte":"2024-08","cve_mun":"04006","nombre":"Nuevo Progreso Campo Tres","ambito":"Rural"},"geometry":{"type":"Polygon","coordinates":[[[-89.6962,19.66576],[-89.69686,19.66573],[-89.69752,19.66571],[-89.69737,19.66289],[-89.69806,19.6629],[-89.698,19.66145],[-89.69799,19.6605],[-89.69727,19.6605],[-89.69723,19.6601],[-89.69774,19.66009],[-89.69716,19.65519],[-89.69776,19.65517],[-89.69765,19.65239],[-89.69702,19.6524],[-89.69601,19.65242],[-89.69602,19.65295],[-89.69602,19.65385],[-89.69482,19.65386],[-89.69479,19.65462],[-89.69353,19.65463],[-89.69355,19.65512],[-89.69303,19.65513],[-89.69205,19.65694],[-89.69337,19.6569],[-89.69465,19.65691],[-89.69506,19.6569],[-89.69492,19.6588],[-89.69496,19.65965],[-89.6948,19.65966],[-89.69481,19.66063],[-89.69613,19.66061],[-89.69613,19.66101],[-89.69614,19.66191],[-89.69616,19.66287],[-89.69617,19.66378],[-89.69619,19.66477],[-89.6962,19.66576]]]}},{"type":"Feature","properties":{"cvegeo":"040060569","cve_ent":"04","fuente":"INEGI — Marco Geoestadístico 2024","fecha_corte":"2024-08","cve_mun":"04006","nombre":"Nuevo Progreso Campo Siete","ambito":"Rural"},"geometry":{"type":"Polygon","coordinates":[[[-89.6525,19.68017],[-89.65303,19.68017],[-89.65299,19.68129],[-89.65524,19.68132],[-89.65531,19.68534],[-89.65641,19.68532],[-89.65641,19.68466],[-89.66784,19.68451],[-89.66783,19.68366],[-89.67008,19.68359],[-89.67012,19.68272],[-89.67053,19.68271],[-89.671,19.68271],[-89.67098,19.68081],[-89.65637,19.68098],[-89.65635,19.68016],[-89.65634,19.67922],[-89.65248,19.67924],[-89.6525,19.68017]]]}},{"type":"Feature","properties":{"cvegeo":"040060570","cve_ent":"04","fuente":"INEGI — Marco Geoestadístico 2024","fecha_corte":"2024-08","cve_mun":"04006","nombre":"Nuevo Progreso Campo Cuatro","ambito":"Rural"},"geometry":{"type":"Polygon","coordinates":[[[-89.6772,19.67118],[-89.67721,19.67459],[-89.67723,19.67524],[-89.67565,19.67524],[-89.67565,19.67528],[-89.6757,19.68265],[-89.6757,19.68268],[-89.67569,19.68346],[-89.67569,19.68808],[-89.67443,19.68808],[-89.67333,19.68809],[-89.67097,19.6881],[-89.67042,19.6881],[-89.67037,19.6881],[-89.66906,19.68811],[-89.66909,19.68893],[-89.67736,19.6889],[-89.67736,19.68816],[-89.67736,19.68806],[-89.679,19.68805],[-89.67894,19.67901],[-89.67892,19.67891],[-89.67878,19.67117],[-89.6772,19.67118]]]}},{"type":"Feature","properties":{"cvegeo":"040060672","cve_ent":"04","fuente":"INEGI — Marco Geoestadístico 2024","fecha_corte":"2024-08","cve_mun":"04006","nombre":"Nuevo Progreso Campo Ocho","ambito":"Rural"},"geometry":{"type":"Polygon","coordinates":[[[-89.63978,19.65744],[-89.64087,19.65744],[-89.64408,19.65743],[-89.64421,19.65117],[-89.64426,19.6484],[-89.64234,19.64839],[-89.63978,19.64837],[-89.63977,19.64566],[-89.63651,19.64569],[-89.63302,19.64573],[-89.63195,19.64574],[-89.63196,19.64636],[-89.63199,19.64762],[-89.63198,19.64762],[-89.63199,19.64958],[-89.63208,19.65332],[-89.63212,19.65557],[-89.63251,19.65557],[-89.63315,19.65558],[-89.63856,19.65559],[-89.63978,19.6556],[-89.63978,19.65744]]]}},{"type":"Feature","properties":{"cvegeo":"040060673","cve_ent":"04","fuente":"INEGI — Marco Geoestadístico 2024","fecha_corte":"2024-08","cve_mun":"04006","nombre":"Nuevo Progreso Campo Nueve","ambito":"Rural"},"geometry":{"type":"Polygon","coordinates":[[[-89.63061,19.64036],[-89.63081,19.64636],[-89.63196,19.64636],[-89.63195,19.64574],[-89.63195,19.64564],[-89.63302,19.64567],[-89.6331,19.63927],[-89.63303,19.63751],[-89.63628,19.63746],[-89.63864,19.63742],[-89.63973,19.63741],[-89.63974,19.63672],[-89.63974,19.63606],[-89.63972,19.63607],[-89.63275,19.63615],[-89.63267,19.63257],[-89.63172,19.63258],[-89.63172,19.63249],[-89.63168,19.63249],[-89.63053,19.6325],[-89.63061,19.64036]]]}},{"type":"Feature","properties":{"cvegeo":"040060675","cve_ent":"04","fuente":"INEGI — Marco Geoestadístico 2024","fecha_corte":"2024-08","cve_mun":"04006","nombre":"Nuevo Progreso Campo Doce","ambito":"Rural"},"geometry":{"type":"Polygon","coordinates":[[[-89.72153,19.70912],[-89.72378,19.70882],[-89.72338,19.70565],[-89.72247,19.69842],[-89.7201,19.69871],[-89.71969,19.69876],[-89.71877,19.69889],[-89.71718,19.69908],[-89.71903,19.70633],[-89.72022,19.70611],[-89.72091,19.70598],[-89.72089,19.70602],[-89.72098,19.7064],[-89.72116,19.70728],[-89.72153,19.70912]]]}},{"type":"Feature","properties":{"cvegeo":"040060781","cve_ent":"04","fuente":"INEGI — Marco Geoestadístico 2024","fecha_corte":"2024-08","cve_mun":"04006","nombre":"La Nueva Trinidad Campo 3","ambito":"Rural"},"geometry":{"type":"Polygon","coordinates":[[[-89.71294,19.3965],[-89.71411,19.39654],[-89.71411,19.39402],[-89.71101,19.39382],[-89.71101,19.3932],[-89.70531,19.39297],[-89.70538,19.39099],[-89.70434,19.39094],[-89.70427,19.39308],[-89.69049,19.39307],[-89.69078,19.39417],[-89.69115,19.39592],[-89.70125,19.39602],[-89.7119,19.39646],[-89.71294,19.3965]]]}},{"type":"Feature","properties":{"cvegeo":"040060782","cve_ent":"04","fuente":"INEGI — Marco Geoestadístico 2024","fecha_corte":"2024-08","cve_mun":"04006","nombre":"La Nueva Trinidad Campo 1","ambito":"Rural"},"geometry":{"type":"Polygon","coordinates":[[[-89.69318,19.42338],[-89.69454,19.42363],[-89.69589,19.41831],[-89.69648,19.41579],[-89.69789,19.41051],[-89.69969,19.41084],[-89.7005,19.40826],[-89.69722,19.40747],[-89.69575,19.40712],[-89.69429,19.41154],[-89.69262,19.41767],[-89.69154,19.42236],[-89.69333,19.42272],[-89.69318,19.42338]]]}},{"type":"Feature","properties":{"cvegeo":"040060784","cve_ent":"04","fuente":"INEGI — Marco Geoestadístico 2024","fecha_corte":"2024-08","cve_mun":"04006","nombre":"Nuevo Durango Campo 1","ambito":"Rural"},"geometry":{"type":"Polygon","coordinates":[[[-89.41665,19.42044],[-89.42323,19.42131],[-89.42351,19.41962],[-89.42211,19.41945],[-89.42225,19.41845],[-89.42233,19.41786],[-89.4166,19.41711],[-89.4099,19.41668],[-89.40977,19.41745],[-89.4097,19.41789],[-89.40941,19.41789],[-89.40919,19.41814],[-89.40881,19.41882],[-89.40862,19.41937],[-89.40956,19.41951],[-89.40953,19.41973],[-89.41054,19.41982],[-89.41057,19.41964],[-89.41518,19.42025],[-89.41514,19.42052],[-89.41663,19.42058],[-89.41665,19.42044]]]}},{"type":"Feature","properties":{"cvegeo":"040060846","cve_ent":"04","fuente":"INEGI — Marco Geoestadístico 2024","fecha_corte":"2024-08","cve_mun":"04006","nombre":"Nuevo Durango Campo 6","ambito":"Rural"},"geometry":{"type":"Polygon","coordinates":[[[-89.34884,19.37126],[-89.34976,19.38733],[-89.35037,19.38718],[-89.35217,19.38715],[-89.35211,19.38493],[-89.35314,19.38491],[-89.35459,19.38489],[-89.35406,19.37118],[-89.35179,19.37121],[-89.34884,19.37126]]]}},{"type":"Feature","properties":{"cvegeo":"040060780","cve_ent":"04","fuente":"INEGI — Marco Geoestadístico 2024","fecha_corte":"2024-08","cve_mun":"04006","nombre":"La Nueva Trinidad Campo 2","ambito":"Rural"},"geometry":{"type":"Polygon","coordinates":[[[-89.71576,19.39582],[-89.71416,19.39585],[-89.71416,19.3959],[-89.71414,19.39663],[-89.71413,19.39699],[-89.71412,19.39744],[-89.71413,19.39824],[-89.71414,19.39945],[-89.71793,19.3995],[-89.71795,19.39715],[-89.72562,19.39692],[-89.72955,19.39676],[-89.72953,19.39537],[-89.72953,19.39533],[-89.72936,19.39534],[-89.72932,19.39388],[-89.72537,19.39392],[-89.7188,19.39413],[-89.71582,19.39423],[-89.71576,19.39582]]]}},{"type":"Feature","properties":{"cvegeo":"040060568","cve_ent":"04","fuente":"INEGI — Marco Geoestadístico 2024","fecha_corte":"2024-08","cve_mun":"04006","nombre":"Nuevo Progreso Campo Cinco","ambito":"Rural"},"geometry":{"type":"Polygon","coordinates":[[[-89.67734,19.65708],[-89.67701,19.65709],[-89.67701,19.6583],[-89.67595,19.65828],[-89.67581,19.6599],[-89.67591,19.66261],[-89.67591,19.66506],[-89.67599,19.6673],[-89.67614,19.669],[-89.67709,19.669],[-89.67715,19.669],[-89.6785,19.66901],[-89.67843,19.66172],[-89.67833,19.65708],[-89.67734,19.65708]]]}},{"type":"Feature","properties":{"cvegeo":"040060017","cve_ent":"04","fuente":"INEGI — Marco Geoestadístico 2024","fecha_corte":"2024-08","cve_mun":"04006","nombre":"Chunyaxnic","ambito":"Rural"},"geometry":{"type":"Polygon","coordinates":[[[-89.80544,20.07741],[-89.80449,20.07717],[-89.80441,20.07732],[-89.8044,20.07745],[-89.8051,20.0777],[-89.80538,20.07777],[-89.80596,20.07791],[-89.80621,20.07795],[-89.80651,20.07796],[-89.80674,20.07801],[-89.80705,20.078],[-89.80708,20.07776],[-89.80725,20.07788],[-89.80824,20.07833],[-89.80802,20.07876],[-89.80839,20.0791],[-89.80934,20.07945],[-89.80975,20.07965],[-89.8105,20.07982],[-89.81127,20.08009],[-89.81152,20.08012],[-89.8116,20.07992],[-89.81168,20.07998],[-89.81207,20.08039],[-89.81259,20.08102],[-89.81296,20.08064],[-89.81305,20.08038],[-89.81315,20.08023],[-89.81339,20.07978],[-89.81221,20.07893],[-89.81234,20.07877],[-89.81241,20.07865],[-89.8125,20.07837],[-89.81265,20.0781],[-89.81265,20.07798],[-89.812,20.07763],[-89.81075,20.07728],[-89.81062,20.07715],[-89.81064,20.07677],[-89.81093,20.0757],[-89.81064,20.07512],[-89.81057,20.07507],[-89.81018,20.07493],[-89.81001,20.0763],[-89.81035,20.07627],[-89.81016,20.07699],[-89.81014,20.07705],[-89.81012,20.07703],[-89.80993,20.07685],[-89.80993,20.07675],[-89.80968,20.07664],[-89.80897,20.07649],[-89.80866,20.07645],[-89.80781,20.07602],[-89.80773,20.0765],[-89.80766,20.07689],[-89.80744,20.07702],[-89.807,20.07706],[-89.80645,20.07682],[-89.80692,20.07601],[-89.80657,20.07585],[-89.80621,20.0765],[-89.80604,20.07656],[-89.8059,20.07679],[-89.80471,20.07608],[-89.80443,20.07658],[-89.80558,20.0771],[-89.80544,20.07741]]]}},{"type":"Feature","properties":{"cvegeo":"040060882","cve_ent":"04","fuente":"INEGI — Marco Geoestadístico 2024","fecha_corte":"2024-08","cve_mun":"04006","nombre":"Santa Fe Uno","ambito":"Rural"},"geometry":{"type":"Polygon","coordinates":[[[-89.88734,19.76301],[-89.88734,19.76316],[-89.88737,19.76361],[-89.88741,19.76399],[-89.88739,19.76416],[-89.88723,19.76437],[-89.88706,19.76455],[-89.88639,19.76515],[-89.88634,19.76525],[-89.88632,19.76631],[-89.88628,19.76752],[-89.88149,19.76754],[-89.87915,19.77101],[-89.88625,19.7709],[-89.88625,19.77221],[-89.88826,19.77186],[-89.89151,19.77122],[-89.89222,19.77089],[-89.89265,19.77057],[-89.89408,19.76953],[-89.89445,19.76911],[-89.89461,19.76858],[-89.89479,19.76803],[-89.89481,19.76738],[-89.8932,19.76739],[-89.89336,19.76599],[-89.89348,19.76491],[-89.89355,19.76426],[-89.89367,19.76288],[-89.89389,19.76104],[-89.89414,19.75856],[-89.89412,19.75834],[-89.89332,19.75833],[-89.89255,19.75831],[-89.88947,19.75829],[-89.88626,19.75824],[-89.88624,19.75993],[-89.88624,19.76051],[-89.88625,19.76064],[-89.88634,19.76079],[-89.88644,19.7609],[-89.8866,19.76106],[-89.88662,19.76115],[-89.88662,19.76123],[-89.88663,19.76208],[-89.88667,19.76289],[-89.88736,19.76292],[-89.88734,19.76301]]]}},{"type":"Feature","properties":{"cvegeo":"040060913","cve_ent":"04","fuente":"INEGI — Marco Geoestadístico 2024","fecha_corte":"2024-08","cve_mun":"04006","nombre":"El Paraíso","ambito":"Rural"},"geometry":{"type":"Polygon","coordinates":[[[-89.9794,19.49212],[-89.98045,19.49205],[-89.98146,19.49196],[-89.98249,19.49188],[-89.98353,19.4918],[-89.98338,19.49079],[-89.98323,19.48984],[-89.98308,19.48881],[-89.98295,19.48789],[-89.98197,19.48795],[-89.98188,19.48794],[-89.98089,19.488],[-89.97983,19.48806],[-89.97874,19.48811],[-89.97855,19.48809],[-89.97833,19.48798],[-89.97819,19.48792],[-89.97805,19.4879],[-89.97788,19.48788],[-89.9777,19.48791],[-89.97794,19.48916],[-89.97893,19.48911],[-89.9791,19.49009],[-89.97855,19.49012],[-89.97868,19.49111],[-89.97922,19.49107],[-89.9794,19.49212]]]}},{"type":"Feature","properties":{"cvegeo":"040060001","cve_ent":"04","fuente":"INEGI — Marco Geoestadístico 2024","fecha_corte":"2024-08","cve_mun":"04006","nombre":"Hopelchén","ambito":"Urbana"},"geometry":{"type":"Polygon","coordinates":[[[-89.83833,19.75855],[-89.8394,19.75895],[-89.83958,19.75857],[-89.84003,19.75888],[-89.84037,19.75792],[-89.84043,19.75795],[-89.84065,19.75805],[-89.84098,19.75819],[-89.84167,19.75854],[-89.84175,19.75859],[-89.84175,19.75857],[-89.84215,19.75763],[-89.84218,19.75756],[-89.84274,19.7578],[-89.84276,19.75781],[-89.84394,19.75832],[-89.84409,19.7579],[-89.84684,19.75811],[-89.84924,19.7583],[-89.8499,19.75611],[-89.85188,19.7558],[-89.85469,19.75535],[-89.8547,19.75535],[-89.8547,19.75528],[-89.85462,19.75443],[-89.85462,19.75436],[-89.8546,19.75412],[-89.85442,19.75209],[-89.85441,19.75199],[-89.85438,19.75162],[-89.85429,19.75054],[-89.85429,19.75054],[-89.85428,19.75034],[-89.85426,19.75018],[-89.85423,19.74976],[-89.8542,19.74956],[-89.8542,19.74938],[-89.8542,19.74935],[-89.85421,19.74931],[-89.85435,19.74838],[-89.85435,19.74833],[-89.85441,19.74798],[-89.85443,19.74782],[-89.85445,19.74771],[-89.85467,19.74698],[-89.85523,19.74591],[-89.85535,19.74567],[-89.85588,19.74468],[-89.85598,19.74449],[-89.85612,19.74422],[-89.85682,19.74291],[-89.85805,19.74],[-89.85819,19.73957],[-89.8582,19.73953],[-89.85819,19.7395],[-89.85813,19.73902],[-89.85791,19.73848],[-89.85761,19.73807],[-89.85709,19.73769],[-89.85245,19.73625],[-89.8493,19.73528],[-89.84698,19.73456],[-89.84653,19.73445],[-89.84614,19.7344],[-89.84534,19.73442],[-89.84489,19.73442],[-89.84462,19.73438],[-89.84433,19.73428],[-89.84286,19.73345],[-89.84196,19.733],[-89.83783,19.73165],[-89.83697,19.73125],[-89.83698,19.73133],[-89.83743,19.73338],[-89.8377,19.7346],[-89.83784,19.73527],[-89.83799,19.73593],[-89.83814,19.73631],[-89.83877,19.73736],[-89.83879,19.7374],[-89.83825,19.73829],[-89.83824,19.73828],[-89.83686,19.73743],[-89.8358,19.7393],[-89.83548,19.73998],[-89.83488,19.74139],[-89.83398,19.74216],[-89.83342,19.74323],[-89.83316,19.74385],[-89.83277,19.74422],[-89.83341,19.74505],[-89.83341,19.74505],[-89.83356,19.74514],[-89.83357,19.74514],[-89.83349,19.74521],[-89.83343,19.74528],[-89.83335,19.74536],[-89.83324,19.74538],[-89.83244,19.74526],[-89.83219,19.74528],[-89.8321,19.74531],[-89.8316,19.74545],[-89.83159,19.74548],[-89.83153,19.74562],[-89.8315,19.74571],[-89.8315,19.74571],[-89.83195,19.74587],[-89.83233,19.74598],[-89.83234,19.74598],[-89.83231,19.74605],[-89.83221,19.74629],[-89.83221,19.74629],[-89.83221,19.74629],[-89.83253,19.74641],[-89.83254,19.74641],[-89.83141,19.7485],[-89.83141,19.74851],[-89.83324,19.7493],[-89.83387,19.74848],[-89.83479,19.74894],[-89.83404,19.74949],[-89.8353,19.75008],[-89.8348,19.75101],[-89.83479,19.75101],[-89.83479,19.75101],[-89.83454,19.7509],[-89.83454,19.75092],[-89.83432,19.75142],[-89.83314,19.75097],[-89.83289,19.75155],[-89.83336,19.75173],[-89.83312,19.75245],[-89.83387,19.75269],[-89.83339,19.75392],[-89.83379,19.75422],[-89.83489,19.75304],[-89.83528,19.7532],[-89.83603,19.75345],[-89.83551,19.7545],[-89.83703,19.75524],[-89.83703,19.75524],[-89.83702,19.75531],[-89.8369,19.75606],[-89.83689,19.75612],[-89.83689,19.75613],[-89.83761,19.75652],[-89.83768,19.75834],[-89.83826,19.75859],[-89.83827,19.75859],[-89.83828,19.75853],[-89.83833,19.75855]]]}},{"type":"Feature","properties":{"cvegeo":"040060003","cve_ent":"04","fuente":"INEGI — Marco Geoestadístico 2024","fecha_corte":"2024-08","cve_mun":"04006","nombre":"Bolonchén de Rejón","ambito":"Urbana"},"geometry":{"type":"Polygon","coordinates":[[[-89.73457,20.00957],[-89.73436,20.01021],[-89.73422,20.01072],[-89.73819,20.01064],[-89.73821,20.01064],[-89.73823,20.01064],[-89.7383,20.01064],[-89.73897,20.01057],[-89.73898,20.01057],[-89.7399,20.01048],[-89.74089,20.01039],[-89.74091,20.01018],[-89.74091,20.01016],[-89.74092,20.01016],[-89.74254,20.01027],[-89.74254,20.01027],[-89.74281,20.00934],[-89.74281,20.00933],[-89.74353,20.00954],[-89.74395,20.00966],[-89.74406,20.00968],[-89.74437,20.00973],[-89.74481,20.00978],[-89.74481,20.00978],[-89.74501,20.00959],[-89.74502,20.00958],[-89.74509,20.00979],[-89.7451,20.00998],[-89.74508,20.01011],[-89.74506,20.0102],[-89.74511,20.01033],[-89.7452,20.01044],[-89.7455,20.01053],[-89.74559,20.0109],[-89.74567,20.01099],[-89.74578,20.01102],[-89.74606,20.01099],[-89.74664,20.01123],[-89.74667,20.01123],[-89.74669,20.01123],[-89.74668,20.01131],[-89.74996,20.00964],[-89.75009,20.00958],[-89.75121,20.00908],[-89.75321,20.00818],[-89.75321,20.00818],[-89.75327,20.00782],[-89.75342,20.00732],[-89.75509,20.00505],[-89.75556,20.0044],[-89.75579,20.00396],[-89.75593,20.00401],[-89.75652,20.00438],[-89.75677,20.00436],[-89.75703,20.00122],[-89.75706,20.00085],[-89.75706,20.00079],[-89.75707,20.00023],[-89.75708,20.00019],[-89.75737,19.99944],[-89.75719,19.99927],[-89.75636,19.99874],[-89.75585,19.99903],[-89.75567,19.99929],[-89.75563,19.99935],[-89.75268,19.99696],[-89.75232,19.99669],[-89.75116,19.99572],[-89.75014,19.99551],[-89.74996,19.99611],[-89.74941,19.99591],[-89.74913,19.99734],[-89.74815,19.99701],[-89.74706,19.99667],[-89.74703,19.99666],[-89.74697,19.9979],[-89.74707,19.99815],[-89.74716,19.99833],[-89.74705,19.99904],[-89.7466,19.99946],[-89.74637,19.99954],[-89.74614,19.99955],[-89.74608,19.99951],[-89.74602,19.99946],[-89.74586,19.99948],[-89.74584,19.99948],[-89.74576,19.99952],[-89.74581,19.99937],[-89.74579,19.99929],[-89.74523,19.99899],[-89.74391,19.99862],[-89.74353,19.99898],[-89.74353,19.99898],[-89.74341,19.9991],[-89.74341,19.9991],[-89.7434,19.99911],[-89.74326,19.99923],[-89.74325,19.99923],[-89.74324,19.99925],[-89.7432,19.99929],[-89.74316,19.99925],[-89.7426,19.99868],[-89.74193,19.99935],[-89.74184,19.99943],[-89.74037,20.00152],[-89.73808,20.00131],[-89.73837,20.0004],[-89.73583,19.99985],[-89.73583,19.99985],[-89.73561,20.00102],[-89.73558,20.00119],[-89.73557,20.00127],[-89.73518,20.00144],[-89.73404,20.0095],[-89.73446,20.0095],[-89.73469,20.00906],[-89.73469,20.00906],[-89.73482,20.00901],[-89.73457,20.00957]]]}},{"type":"Feature","properties":{"cvegeo":"040060023","cve_ent":"04","fuente":"INEGI — Marco Geoestadístico 2024","fecha_corte":"2024-08","cve_mun":"04006","nombre":"Vicente Guerrero","ambito":"Urbana"},"geometry":{"type":"Polygon","coordinates":[[[-89.59709,19.58536],[-89.59695,19.58558],[-89.59683,19.58592],[-89.59681,19.58599],[-89.59686,19.58608],[-89.59704,19.5863],[-89.59706,19.58632],[-89.5969,19.58651],[-89.59768,19.58681],[-89.59908,19.58729],[-89.60025,19.58771],[-89.60157,19.58817],[-89.60256,19.58843],[-89.60319,19.5865],[-89.60364,19.58525],[-89.60478,19.58563],[-89.60517,19.58458],[-89.60542,19.58372],[-89.60678,19.58397],[-89.60724,19.5824],[-89.60746,19.58145],[-89.60768,19.58066],[-89.60798,19.57967],[-89.60857,19.57749],[-89.60877,19.57678],[-89.60918,19.5753],[-89.60863,19.57539],[-89.60807,19.5755],[-89.60694,19.57525],[-89.60722,19.57441],[-89.60836,19.57468],[-89.60865,19.57382],[-89.60755,19.57347],[-89.6076,19.5733],[-89.60768,19.57307],[-89.6079,19.57238],[-89.60823,19.57143],[-89.60687,19.57096],[-89.60596,19.57065],[-89.60504,19.57032],[-89.60592,19.56922],[-89.6064,19.56872],[-89.60698,19.56814],[-89.60745,19.56766],[-89.60613,19.56702],[-89.60468,19.56656],[-89.60433,19.56779],[-89.60309,19.5667],[-89.60237,19.5693],[-89.60223,19.56983],[-89.6012,19.56943],[-89.6009,19.57038],[-89.60063,19.57149],[-89.60058,19.57148],[-89.59962,19.5712],[-89.59935,19.57214],[-89.59808,19.57179],[-89.59802,19.57306],[-89.59811,19.57308],[-89.59783,19.57412],[-89.59778,19.57429],[-89.59773,19.57428],[-89.59756,19.57425],[-89.59738,19.57471],[-89.59738,19.57471],[-89.59756,19.57477],[-89.59695,19.57562],[-89.59679,19.57557],[-89.59631,19.5767],[-89.59738,19.5771],[-89.59692,19.57755],[-89.59659,19.57805],[-89.59637,19.57867],[-89.59622,19.57948],[-89.59607,19.57943],[-89.59534,19.58021],[-89.59459,19.58115],[-89.59438,19.58152],[-89.59418,19.58221],[-89.59289,19.5818],[-89.59249,19.58316],[-89.5923,19.58367],[-89.59219,19.58394],[-89.59205,19.58433],[-89.59189,19.58478],[-89.59196,19.5848],[-89.59318,19.58516],[-89.59317,19.5852],[-89.59433,19.58555],[-89.59553,19.58589],[-89.59558,19.58588],[-89.59653,19.58613],[-89.59687,19.58523],[-89.59709,19.58536]]]}},{"type":"Feature","properties":{"cvegeo":"040060033","cve_ent":"04","fuente":"INEGI — Marco Geoestadístico 2024","fecha_corte":"2024-08","cve_mun":"04006","nombre":"Pakchén","ambito":"Rural"},"geometry":{"type":"Polygon","coordinates":[[[-89.79656,19.52765],[-89.79689,19.52711],[-89.79537,19.52661],[-89.79583,19.52567],[-89.79491,19.5254],[-89.79538,19.52487],[-89.79272,19.52453],[-89.79277,19.52477],[-89.79288,19.52499],[-89.79293,19.52511],[-89.79274,19.52515],[-89.79238,19.52521],[-89.79213,19.52526],[-89.79206,19.52538],[-89.79171,19.52675],[-89.7913,19.52659],[-89.79109,19.52731],[-89.79054,19.5266],[-89.78983,19.52741],[-89.79183,19.53021],[-89.79185,19.53018],[-89.79261,19.53084],[-89.79332,19.53172],[-89.79394,19.53104],[-89.79612,19.52844],[-89.79593,19.52837],[-89.79656,19.52765]]]}},{"type":"Feature","properties":{"cvegeo":"040060047","cve_ent":"04","fuente":"INEGI — Marco Geoestadístico 2024","fecha_corte":"2024-08","cve_mun":"04006","nombre":"Xcanahaltún Huechil Unidos","ambito":"Rural"},"geometry":{"type":"Polygon","coordinates":[[[-89.81972,19.99548],[-89.81972,19.9954],[-89.81948,19.99541],[-89.8195,19.99425],[-89.81955,19.99424],[-89.81957,19.99399],[-89.81857,19.99397],[-89.81759,19.99396],[-89.81671,19.99398],[-89.81637,19.99571],[-89.81676,19.9957],[-89.81677,19.9962],[-89.81746,19.99622],[-89.81745,19.99683],[-89.81733,19.99684],[-89.81709,19.99756],[-89.81715,19.99758],[-89.81737,19.99758],[-89.8176,19.99758],[-89.81782,19.99759],[-89.81815,19.99765],[-89.81874,19.99773],[-89.81938,19.99783],[-89.81973,19.99791],[-89.81989,19.99663],[-89.82232,19.99672],[-89.82234,19.99584],[-89.82239,19.99584],[-89.8224,19.99526],[-89.81972,19.99548]]]}},{"type":"Feature","properties":{"cvegeo":"040060333","cve_ent":"04","fuente":"INEGI — Marco Geoestadístico 2024","fecha_corte":"2024-08","cve_mun":"04006","nombre":"Nuevo Progreso Campo Seis","ambito":"Rural"},"geometry":{"type":"Polygon","coordinates":[[[-89.68034,19.6481],[-89.68062,19.6481],[-89.68063,19.64731],[-89.67872,19.64731],[-89.67873,19.64696],[-89.67536,19.64696],[-89.67533,19.64696],[-89.67438,19.64698],[-89.66641,19.64714],[-89.66638,19.64822],[-89.66819,19.64823],[-89.66896,19.64825],[-89.66886,19.64975],[-89.66955,19.64972],[-89.67617,19.64958],[-89.67626,19.65707],[-89.67626,19.6571],[-89.67701,19.65709],[-89.67734,19.65708],[-89.67833,19.65708],[-89.6794,19.65708],[-89.67939,19.657],[-89.6793,19.64912],[-89.68036,19.64912],[-89.68034,19.6481]]]}},{"type":"Feature","properties":{"cvegeo":"040060056","cve_ent":"04","fuente":"INEGI — Marco Geoestadístico 2024","fecha_corte":"2024-08","cve_mun":"04006","nombre":"X-Canhá","ambito":"Rural"},"geometry":{"type":"Polygon","coordinates":[[[-89.32943,19.10129],[-89.32973,19.10144],[-89.33018,19.10188],[-89.33035,19.10206],[-89.33057,19.10213],[-89.33178,19.10221],[-89.3318,19.10192],[-89.33247,19.10189],[-89.3327,19.10175],[-89.33396,19.10161],[-89.33456,19.10148],[-89.3345,19.10102],[-89.3351,19.10095],[-89.33542,19.10106],[-89.33551,19.09922],[-89.33501,19.09919],[-89.33516,19.09808],[-89.33554,19.09684],[-89.33429,19.09625],[-89.33341,19.09625],[-89.33247,19.09617],[-89.33233,19.09684],[-89.33232,19.097],[-89.33162,19.09704],[-89.33174,19.09778],[-89.33181,19.09877],[-89.33182,19.09883],[-89.33034,19.09863],[-89.33028,19.09937],[-89.3301,19.10108],[-89.3296,19.10115],[-89.32942,19.10125],[-89.32943,19.10129]]]}},{"type":"Feature","properties":{"cvegeo":"040060008","cve_ent":"04","fuente":"INEGI — Marco Geoestadístico 2024","fecha_corte":"2024-08","cve_mun":"04006","nombre":"Chencoh","ambito":"Rural"},"geometry":{"type":"Polygon","coordinates":[[[-89.80507,19.42509],[-89.80599,19.42493],[-89.80601,19.42511],[-89.80691,19.42521],[-89.80732,19.42528],[-89.8086,19.42548],[-89.80859,19.42552],[-89.80998,19.42554],[-89.8101,19.42477],[-89.80998,19.42474],[-89.81007,19.42402],[-89.81061,19.42416],[-89.81107,19.42427],[-89.81111,19.42412],[-89.81118,19.42397],[-89.81129,19.42387],[-89.81134,19.42385],[-89.81146,19.42377],[-89.81169,19.42361],[-89.81185,19.4235],[-89.81144,19.42327],[-89.81125,19.42305],[-89.81117,19.42287],[-89.81104,19.4226],[-89.8113,19.42263],[-89.8115,19.42232],[-89.81151,19.42198],[-89.81132,19.42207],[-89.81121,19.42188],[-89.81077,19.42178],[-89.81069,19.42176],[-89.8106,19.42182],[-89.81054,19.42204],[-89.81042,19.42211],[-89.81033,19.42215],[-89.8103,19.42206],[-89.81023,19.42197],[-89.81026,19.42164],[-89.81032,19.42089],[-89.81133,19.41977],[-89.81096,19.41993],[-89.81072,19.42001],[-89.81038,19.42008],[-89.80933,19.42005],[-89.80789,19.41996],[-89.80679,19.41991],[-89.80647,19.41989],[-89.80504,19.4198],[-89.80468,19.41988],[-89.80435,19.41998],[-89.80388,19.42015],[-89.80362,19.42028],[-89.80337,19.42047],[-89.80319,19.42067],[-89.80309,19.42085],[-89.80295,19.42114],[-89.80292,19.42154],[-89.80304,19.42235],[-89.80326,19.42367],[-89.80328,19.42409],[-89.80323,19.42431],[-89.80312,19.42449],[-89.80292,19.42477],[-89.80333,19.42465],[-89.80395,19.42439],[-89.80419,19.42536],[-89.80419,19.42582],[-89.80519,19.42552],[-89.80507,19.42509]]]}},{"type":"Feature","properties":{"cvegeo":"040060761","cve_ent":"04","fuente":"INEGI — Marco Geoestadístico 2024","fecha_corte":"2024-08","cve_mun":"04006","nombre":"Nuevo Progreso Campo Once","ambito":"Rural"},"geometry":{"type":"Polygon","coordinates":[[[-89.61686,19.65738],[-89.63264,19.65732],[-89.63257,19.65637],[-89.63251,19.65557],[-89.63212,19.65557],[-89.63208,19.65332],[-89.61933,19.65343],[-89.61689,19.65349],[-89.61692,19.6554],[-89.61686,19.65738]]]}},{"type":"Feature","properties":{"cvegeo":"040060050","cve_ent":"04","fuente":"INEGI — Marco Geoestadístico 2024","fecha_corte":"2024-08","cve_mun":"04006","nombre":"El Poste","ambito":"Rural"},"geometry":{"type":"Polygon","coordinates":[[[-89.8281,19.8584],[-89.82587,19.85936],[-89.82549,19.85977],[-89.82626,19.86022],[-89.8263,19.86209],[-89.82687,19.86208],[-89.82688,19.86238],[-89.82688,19.86292],[-89.8286,19.86303],[-89.82861,19.86248],[-89.8293,19.86252],[-89.82998,19.86251],[-89.83025,19.86152],[-89.83149,19.86163],[-89.83128,19.86052],[-89.83116,19.86018],[-89.83113,19.8599],[-89.83011,19.85977],[-89.83025,19.85841],[-89.82982,19.85835],[-89.82981,19.85842],[-89.82865,19.85836],[-89.8281,19.8584]]]}},{"type":"Feature","properties":{"cvegeo":"040060037","cve_ent":"04","fuente":"INEGI — Marco Geoestadístico 2024","fecha_corte":"2024-08","cve_mun":"04006","nombre":"Ramón Corona","ambito":"Rural"},"geometry":{"type":"Polygon","coordinates":[[[-89.4593,19.44914],[-89.45929,19.44955],[-89.45928,19.45064],[-89.46011,19.45072],[-89.46098,19.45079],[-89.46098,19.4516],[-89.46166,19.45164],[-89.46246,19.45166],[-89.46288,19.45213],[-89.46312,19.45189],[-89.46267,19.45136],[-89.46306,19.45037],[-89.46323,19.45038],[-89.46329,19.44998],[-89.46334,19.44962],[-89.46328,19.44929],[-89.46253,19.44927],[-89.46269,19.44848],[-89.46277,19.44765],[-89.46167,19.44762],[-89.46097,19.44759],[-89.46013,19.44755],[-89.46012,19.44836],[-89.45932,19.44832],[-89.4593,19.44914]]]}},{"type":"Feature","properties":{"cvegeo":"040060062","cve_ent":"04","fuente":"INEGI — Marco Geoestadístico 2024","fecha_corte":"2024-08","cve_mun":"04006","nombre":"Yaxché Akal","ambito":"Rural"},"geometry":{"type":"Polygon","coordinates":[[[-89.70219,19.81612],[-89.70175,19.81767],[-89.70126,19.81756],[-89.70104,19.81858],[-89.70132,19.81875],[-89.70176,19.81894],[-89.7023,19.81854],[-89.70254,19.81851],[-89.70266,19.8185],[-89.70367,19.81829],[-89.70362,19.81907],[-89.70411,19.81911],[-89.70425,19.81861],[-89.70468,19.81863],[-89.70473,19.81857],[-89.70514,19.8188],[-89.70633,19.81649],[-89.70504,19.81595],[-89.70501,19.81607],[-89.70209,19.81601],[-89.70219,19.81612]]]}},{"type":"Feature","properties":{"cvegeo":"040060300","cve_ent":"04","fuente":"INEGI — Marco Geoestadístico 2024","fecha_corte":"2024-08","cve_mun":"04006","nombre":"El Pedregal","ambito":"Rural"},"geometry":{"type":"Polygon","coordinates":[[[-89.52001,19.48229],[-89.51944,19.48215],[-89.51863,19.48193],[-89.51777,19.48175],[-89.51771,19.48254],[-89.51763,19.48335],[-89.51846,19.48357],[-89.51932,19.48381],[-89.51986,19.48394],[-89.52001,19.48229]]]}},{"type":"Feature","properties":{"cvegeo":"040060800","cve_ent":"04","fuente":"INEGI — Marco Geoestadístico 2024","fecha_corte":"2024-08","cve_mun":"04006","nombre":"Santa Rosa [Campo Menonita]","ambito":"Rural"},"geometry":{"type":"Polygon","coordinates":[[[-89.76558,19.94183],[-89.76761,19.9423],[-89.76982,19.94302],[-89.77244,19.94366],[-89.77243,19.94139],[-89.77527,19.93315],[-89.7753,19.93285],[-89.77537,19.93213],[-89.77554,19.9302],[-89.77568,19.92865],[-89.77106,19.92844],[-89.77095,19.92746],[-89.77087,19.92656],[-89.76882,19.92639],[-89.76742,19.92634],[-89.76709,19.92638],[-89.76691,19.92645],[-89.76678,19.92659],[-89.76677,19.92663],[-89.76673,19.92353],[-89.76668,19.92315],[-89.76665,19.92309],[-89.76663,19.92303],[-89.76661,19.92297],[-89.76659,19.92291],[-89.76657,19.92285],[-89.76656,19.92279],[-89.76655,19.92272],[-89.76655,19.92266],[-89.76654,19.92259],[-89.76655,19.92253],[-89.76655,19.92247],[-89.76656,19.9224],[-89.76657,19.92234],[-89.76659,19.92228],[-89.76661,19.92222],[-89.76663,19.92216],[-89.76666,19.92208],[-89.76269,19.92204],[-89.76255,19.92292],[-89.76241,19.92385],[-89.76099,19.92377],[-89.76052,19.92349],[-89.76015,19.92351],[-89.75959,19.92333],[-89.76183,19.92996],[-89.76241,19.92985],[-89.76289,19.93018],[-89.76345,19.93035],[-89.76383,19.93215],[-89.76383,19.93298],[-89.76417,19.93315],[-89.76458,19.93328],[-89.76554,19.93347],[-89.76501,19.93683],[-89.76692,19.93617],[-89.7668,19.93659],[-89.76651,19.93765],[-89.76605,19.93973],[-89.76558,19.94183]]]}},{"type":"Feature","properties":{"cvegeo":"040060027","cve_ent":"04","fuente":"INEGI — Marco Geoestadístico 2024","fecha_corte":"2024-08","cve_mun":"04006","nombre":"Katab","ambito":"Rural"},"geometry":{"type":"Polygon","coordinates":[[[-89.84516,19.91134],[-89.84497,19.91105],[-89.8451,19.91024],[-89.84527,19.90939],[-89.84443,19.90902],[-89.84442,19.90884],[-89.84408,19.9083],[-89.84371,19.90822],[-89.84378,19.90789],[-89.84328,19.90776],[-89.843,19.90863],[-89.84257,19.90859],[-89.84107,19.90999],[-89.84121,19.91063],[-89.84063,19.91064],[-89.84067,19.91147],[-89.84065,19.91147],[-89.84065,19.91169],[-89.84087,19.91171],[-89.84087,19.91191],[-89.84121,19.91193],[-89.84114,19.9128],[-89.84208,19.91287],[-89.84313,19.91297],[-89.84312,19.91246],[-89.84308,19.91158],[-89.84353,19.91153],[-89.84387,19.91158],[-89.84378,19.91209],[-89.84503,19.91233],[-89.84514,19.91188],[-89.84529,19.91146],[-89.84516,19.91134]]]}},{"type":"Feature","properties":{"cvegeo":"040060026","cve_ent":"04","fuente":"INEGI — Marco Geoestadístico 2024","fecha_corte":"2024-08","cve_mun":"04006","nombre":"Cancabchén","ambito":"Rural"},"geometry":{"type":"MultiPolygon","coordinates":[[[[-89.63916,19.30691],[-89.63879,19.30736],[-89.63851,19.30777],[-89.63907,19.30803],[-89.63975,19.30705],[-89.63928,19.30686],[-89.63916,19.30691]]],[[[-89.63546,19.30944],[-89.63533,19.31006],[-89.63538,19.31055],[-89.63799,19.31106],[-89.63824,19.3103],[-89.63825,19.30961],[-89.63848,19.30884],[-89.63858,19.30839],[-89.63859,19.30815],[-89.63851,19.30777],[-89.63835,19.30749],[-89.63796,19.30724],[-89.63834,19.30658],[-89.63758,19.30618],[-89.6382,19.3051],[-89.63712,19.30469],[-89.63745,19.30417],[-89.63694,19.304],[-89.63469,19.30334],[-89.63468,19.30339],[-89.63372,19.30315],[-89.63162,19.30211],[-89.63093,19.3036],[-89.63126,19.30371],[-89.63106,19.30435],[-89.63017,19.30408],[-89.63002,19.30462],[-89.63019,19.30466],[-89.63005,19.30533],[-89.63142,19.30596],[-89.6311,19.30679],[-89.63207,19.30729],[-89.63244,19.30745],[-89.63506,19.3086],[-89.63499,19.30901],[-89.63489,19.30923],[-89.63546,19.30944]]]]}},{"type":"Feature","properties":{"cvegeo":"040060032","cve_ent":"04","fuente":"INEGI — Marco Geoestadístico 2024","fecha_corte":"2024-08","cve_mun":"04006","nombre":"Pachuitz","ambito":"Rural"},"geometry":{"type":"Polygon","coordinates":[[[-89.2478,19.1494],[-89.24765,19.14984],[-89.24969,19.15047],[-89.24984,19.15052],[-89.24972,19.15017],[-89.24944,19.14937],[-89.24911,19.14841],[-89.2492,19.14842],[-89.24954,19.14847],[-89.24994,19.14854],[-89.2504,19.1486],[-89.25069,19.14814],[-89.25104,19.14736],[-89.24951,19.14697],[-89.25012,19.14638],[-89.25038,19.14591],[-89.24935,19.14552],[-89.24847,19.14523],[-89.24853,19.14471],[-89.24698,19.14434],[-89.24724,19.14467],[-89.24739,19.14488],[-89.24755,19.14512],[-89.24762,19.14535],[-89.24774,19.14611],[-89.24781,19.14627],[-89.24801,19.14701],[-89.24734,19.14714],[-89.24665,19.14729],[-89.2466,19.14792],[-89.24676,19.1479],[-89.24667,19.1483],[-89.24649,19.14884],[-89.24727,19.14916],[-89.2478,19.1494]]]}},{"type":"Feature","properties":{"cvegeo":"040060057","cve_ent":"04","fuente":"INEGI — Marco Geoestadístico 2024","fecha_corte":"2024-08","cve_mun":"04006","nombre":"Xmabén","ambito":"Rural"},"geometry":{"type":"Polygon","coordinates":[[[-89.31677,19.23969],[-89.3175,19.24017],[-89.31783,19.23844],[-89.3192,19.23878],[-89.3193,19.23841],[-89.32008,19.23858],[-89.31997,19.23649],[-89.31894,19.23664],[-89.31889,19.23561],[-89.31888,19.23477],[-89.31747,19.23422],[-89.3177,19.23319],[-89.3181,19.23271],[-89.31709,19.23209],[-89.31576,19.23145],[-89.31385,19.23088],[-89.31366,19.23166],[-89.3126,19.23142],[-89.31114,19.23119],[-89.31097,19.23236],[-89.31074,19.23355],[-89.31062,19.23452],[-89.3104,19.23456],[-89.31032,19.23533],[-89.31074,19.23539],[-89.31073,19.23542],[-89.3105,19.23655],[-89.31038,19.23725],[-89.31024,19.23803],[-89.31112,19.23814],[-89.31176,19.23824],[-89.31154,19.23896],[-89.31221,19.23916],[-89.31322,19.23939],[-89.31289,19.24055],[-89.31407,19.24082],[-89.31439,19.23956],[-89.31549,19.23978],[-89.31573,19.23901],[-89.31642,19.23915],[-89.31648,19.23887],[-89.31677,19.23969]]]}},{"type":"Feature","properties":{"cvegeo":"040060006","cve_ent":"04","fuente":"INEGI — Marco Geoestadístico 2024","fecha_corte":"2024-08","cve_mun":"04006","nombre":"Crucero San Luis","ambito":"Rural"},"geometry":{"type":"Polygon","coordinates":[[[-89.98771,19.70287],[-89.98828,19.70357],[-89.98878,19.7032],[-89.98918,19.70298],[-89.98967,19.70271],[-89.98947,19.70237],[-89.99033,19.70187],[-89.99009,19.70136],[-89.99103,19.70087],[-89.9913,19.7013],[-89.99155,19.7017],[-89.99207,19.70261],[-89.99291,19.70221],[-89.99383,19.70182],[-89.99331,19.70093],[-89.99437,19.70055],[-89.9945,19.7],[-89.99578,19.70032],[-89.99581,19.69965],[-89.99394,19.69915],[-89.99316,19.69902],[-89.99312,19.69867],[-89.99306,19.69842],[-89.9929,19.6981],[-89.99259,19.69761],[-89.99344,19.69717],[-89.99305,19.69638],[-89.99211,19.69675],[-89.99163,19.69699],[-89.99138,19.69655],[-89.9909,19.69681],[-89.99055,19.69696],[-89.99031,19.69655],[-89.98976,19.69684],[-89.98886,19.69725],[-89.9887,19.69696],[-89.98795,19.69666],[-89.98759,19.69686],[-89.9875,19.6969],[-89.98699,19.69719],[-89.98574,19.69791],[-89.98676,19.69836],[-89.98614,19.69873],[-89.98663,19.69958],[-89.98568,19.70011],[-89.98427,19.70092],[-89.9849,19.70178],[-89.98559,19.70261],[-89.98671,19.70304],[-89.98705,19.7021],[-89.98771,19.70287]]]}},{"type":"Feature","properties":{"cvegeo":"040060007","cve_ent":"04","fuente":"INEGI — Marco Geoestadístico 2024","fecha_corte":"2024-08","cve_mun":"04006","nombre":"Chan-Chen","ambito":"Rural"},"geometry":{"type":"Polygon","coordinates":[[[-89.26062,19.21033],[-89.26174,19.21041],[-89.2626,19.21041],[-89.26271,19.21005],[-89.2636,19.21022],[-89.26375,19.2097],[-89.26498,19.21022],[-89.26522,19.20975],[-89.26427,19.20935],[-89.26455,19.20845],[-89.26417,19.20844],[-89.26389,19.20843],[-89.26408,19.20758],[-89.26354,19.20747],[-89.26376,19.20658],[-89.26376,19.20641],[-89.2628,19.2062],[-89.26252,19.20683],[-89.26161,19.20662],[-89.2614,19.20765],[-89.26058,19.2078],[-89.26071,19.20807],[-89.26081,19.20841],[-89.25937,19.20858],[-89.25941,19.20887],[-89.26012,19.20881],[-89.26014,19.20932],[-89.26041,19.20935],[-89.26033,19.20992],[-89.2607,19.20994],[-89.26062,19.21033]]]}},{"type":"Feature","properties":{"cvegeo":"040060014","cve_ent":"04","fuente":"INEGI — Marco Geoestadístico 2024","fecha_corte":"2024-08","cve_mun":"04006","nombre":"Chun-Ek","ambito":"Rural"},"geometry":{"type":"Polygon","coordinates":[[[-89.19186,19.18735],[-89.1924,19.18742],[-89.19285,19.18467],[-89.19226,19.18483],[-89.19219,19.18485],[-89.19222,19.18482],[-89.19227,19.18445],[-89.19144,19.18434],[-89.19039,19.18423],[-89.18967,19.18417],[-89.18965,19.18466],[-89.18987,19.18468],[-89.18981,19.1854],[-89.1895,19.18538],[-89.18947,19.18585],[-89.1898,19.18589],[-89.18979,19.18644],[-89.19017,19.18647],[-89.19011,19.18711],[-89.19113,19.18724],[-89.19155,19.18729],[-89.19183,19.18733],[-89.19186,19.18735]]]}},{"type":"Feature","properties":{"cvegeo":"040060053","cve_ent":"04","fuente":"INEGI — Marco Geoestadístico 2024","fecha_corte":"2024-08","cve_mun":"04006","nombre":"Xculoc","ambito":"Rural"},"geometry":{"type":"Polygon","coordinates":[[[-89.82944,20.18771],[-89.82948,20.18762],[-89.82975,20.1874],[-89.82969,20.18669],[-89.8293,20.18613],[-89.82913,20.18576],[-89.82908,20.18542],[-89.82898,20.18526],[-89.82899,20.1848],[-89.82822,20.18468],[-89.82824,20.18446],[-89.82859,20.18338],[-89.82733,20.18315],[-89.82664,20.18304],[-89.82657,20.1845],[-89.82587,20.18635],[-89.82617,20.18747],[-89.82501,20.18782],[-89.82469,20.18677],[-89.82464,20.18619],[-89.82298,20.18658],[-89.82301,20.18688],[-89.82353,20.18829],[-89.82345,20.18834],[-89.82484,20.18878],[-89.82418,20.19003],[-89.82569,20.19078],[-89.82587,20.19102],[-89.8272,20.19155],[-89.8277,20.19044],[-89.8286,20.19049],[-89.83013,20.18949],[-89.83024,20.18921],[-89.82951,20.18852],[-89.82944,20.18771]]]}},{"type":"Feature","properties":{"cvegeo":"040060048","cve_ent":"04","fuente":"INEGI — Marco Geoestadístico 2024","fecha_corte":"2024-08","cve_mun":"04006","nombre":"Ukum","ambito":"Rural"},"geometry":{"type":"Polygon","coordinates":[[[-89.33064,19.24281],[-89.32999,19.24412],[-89.32967,19.24479],[-89.33117,19.24565],[-89.33049,19.24671],[-89.3311,19.24694],[-89.33068,19.24755],[-89.3321,19.24845],[-89.33316,19.24922],[-89.33355,19.24892],[-89.33353,19.24907],[-89.33361,19.24927],[-89.33374,19.24951],[-89.33391,19.24968],[-89.33463,19.25017],[-89.33467,19.25003],[-89.33486,19.24907],[-89.33493,19.24848],[-89.3349,19.24793],[-89.33495,19.24772],[-89.33626,19.24785],[-89.33865,19.24792],[-89.33897,19.24675],[-89.33919,19.24609],[-89.33968,19.24514],[-89.33974,19.24434],[-89.33988,19.24257],[-89.34037,19.24268],[-89.34057,19.24084],[-89.34076,19.24075],[-89.34084,19.23797],[-89.33818,19.23772],[-89.33631,19.23736],[-89.33576,19.23725],[-89.33297,19.23671],[-89.33247,19.23664],[-89.33222,19.23928],[-89.33125,19.23931],[-89.33015,19.2395],[-89.33021,19.23957],[-89.32941,19.24063],[-89.33007,19.24128],[-89.32996,19.24147],[-89.33102,19.24201],[-89.33064,19.24281]]]}},{"type":"Feature","properties":{"cvegeo":"040060029","cve_ent":"04","fuente":"INEGI — Marco Geoestadístico 2024","fecha_corte":"2024-08","cve_mun":"04006","nombre":"Komchén","ambito":"Rural"},"geometry":{"type":"Polygon","coordinates":[[[-89.85236,19.59801],[-89.85252,19.59778],[-89.85271,19.59787],[-89.85307,19.598],[-89.85345,19.59819],[-89.85406,19.59611],[-89.85409,19.59612],[-89.8544,19.59544],[-89.85442,19.59521],[-89.85464,19.5947],[-89.85572,19.59518],[-89.85603,19.59398],[-89.85665,19.5924],[-89.85567,19.59219],[-89.85556,19.59217],[-89.85471,19.59182],[-89.85479,19.59146],[-89.85436,19.59129],[-89.8542,19.59161],[-89.85352,19.59128],[-89.85178,19.59045],[-89.85092,19.59002],[-89.85012,19.59008],[-89.84987,19.59051],[-89.84963,19.59095],[-89.84954,19.59113],[-89.84913,19.59195],[-89.84832,19.59163],[-89.84813,19.59255],[-89.84758,19.5922],[-89.8472,19.59313],[-89.84871,19.59384],[-89.84834,19.59473],[-89.84924,19.59515],[-89.84868,19.59632],[-89.84964,19.59663],[-89.8497,19.59662],[-89.84948,19.59736],[-89.84895,19.59906],[-89.84973,19.59934],[-89.85045,19.5975],[-89.85236,19.59801]]]}},{"type":"Feature","properties":{"cvegeo":"040060002","cve_ent":"04","fuente":"INEGI — Marco Geoestadístico 2024","fecha_corte":"2024-08","cve_mun":"04006","nombre":"Becanchén","ambito":"Rural"},"geometry":{"type":"Polygon","coordinates":[[[-89.86618,19.65592],[-89.86758,19.6565],[-89.86819,19.65675],[-89.86861,19.65595],[-89.86955,19.65645],[-89.86989,19.65596],[-89.87028,19.65536],[-89.87119,19.65572],[-89.87171,19.65499],[-89.8725,19.65362],[-89.87386,19.65427],[-89.87477,19.65298],[-89.87536,19.65212],[-89.87585,19.65106],[-89.87632,19.65006],[-89.87665,19.64929],[-89.87352,19.64864],[-89.87379,19.64761],[-89.87247,19.64763],[-89.87264,19.64696],[-89.87156,19.64675],[-89.8715,19.64652],[-89.87049,19.6464],[-89.86991,19.64627],[-89.86957,19.64624],[-89.86953,19.64623],[-89.86946,19.64696],[-89.86902,19.64697],[-89.86889,19.64798],[-89.86712,19.64778],[-89.867,19.64818],[-89.86666,19.64811],[-89.86655,19.6484],[-89.86597,19.64985],[-89.86587,19.6502],[-89.86672,19.65066],[-89.86625,19.65154],[-89.86643,19.65165],[-89.86649,19.65169],[-89.86652,19.65172],[-89.86635,19.65197],[-89.86789,19.65292],[-89.86635,19.65421],[-89.86709,19.65487],[-89.86685,19.65515],[-89.86618,19.65592]]]}},{"type":"Feature","properties":{"cvegeo":"040060024","cve_ent":"04","fuente":"INEGI — Marco Geoestadístico 2024","fecha_corte":"2024-08","cve_mun":"04006","nombre":"Ich-Ek","ambito":"Rural"},"geometry":{"type":"Polygon","coordinates":[[[-89.97129,19.73504],[-89.97147,19.73512],[-89.97198,19.73441],[-89.9719,19.73424],[-89.97219,19.73351],[-89.97275,19.73236],[-89.97099,19.7315],[-89.97017,19.73103],[-89.97034,19.73063],[-89.96942,19.73015],[-89.96966,19.72962],[-89.96909,19.72924],[-89.96848,19.73016],[-89.96836,19.73035],[-89.96813,19.73036],[-89.96812,19.7302],[-89.96806,19.72996],[-89.96786,19.72932],[-89.96729,19.72905],[-89.9665,19.73041],[-89.96608,19.7302],[-89.96572,19.73077],[-89.96462,19.73005],[-89.96459,19.73007],[-89.96376,19.72967],[-89.9636,19.72997],[-89.96301,19.72967],[-89.96247,19.73038],[-89.96237,19.73034],[-89.96169,19.7315],[-89.96111,19.73258],[-89.96116,19.7326],[-89.96043,19.73412],[-89.9613,19.73442],[-89.96188,19.73328],[-89.96277,19.73363],[-89.96311,19.73381],[-89.96331,19.73395],[-89.96372,19.73431],[-89.96399,19.73451],[-89.96466,19.73498],[-89.96495,19.73521],[-89.96411,19.7359],[-89.96443,19.73626],[-89.96523,19.73714],[-89.96562,19.73704],[-89.96566,19.73701],[-89.96571,19.73673],[-89.96574,19.73656],[-89.9658,19.73638],[-89.96584,19.73626],[-89.96591,19.73618],[-89.96599,19.73609],[-89.9661,19.73599],[-89.96628,19.73583],[-89.9666,19.73598],[-89.96663,19.73602],[-89.96662,19.73608],[-89.96661,19.73617],[-89.96662,19.73623],[-89.96665,19.73629],[-89.9669,19.73653],[-89.96768,19.73628],[-89.96778,19.73624],[-89.96782,19.73626],[-89.96833,19.7361],[-89.96935,19.7357],[-89.97026,19.73547],[-89.97052,19.7354],[-89.97065,19.73531],[-89.97129,19.73504]]]}},{"type":"Feature","properties":{"cvegeo":"040060015","cve_ent":"04","fuente":"INEGI — Marco Geoestadístico 2024","fecha_corte":"2024-08","cve_mun":"04006","nombre":"Chunchintok","ambito":"Rural"},"geometry":{"type":"Polygon","coordinates":[[[-89.57853,19.36351],[-89.5786,19.36336],[-89.57864,19.36374],[-89.57868,19.36394],[-89.57865,19.3641],[-89.57864,19.36439],[-89.57868,19.36447],[-89.57873,19.36452],[-89.57878,19.36457],[-89.57882,19.36464],[-89.57899,19.36465],[-89.57872,19.3656],[-89.57865,19.36591],[-89.57895,19.36563],[-89.57919,19.36567],[-89.58068,19.36593],[-89.58074,19.36594],[-89.5812,19.36597],[-89.58196,19.36602],[-89.5823,19.36604],[-89.58262,19.36606],[-89.58399,19.36615],[-89.58392,19.36517],[-89.58467,19.36527],[-89.58479,19.36528],[-89.58483,19.3663],[-89.58539,19.36636],[-89.58554,19.3653],[-89.58544,19.36528],[-89.58544,19.36347],[-89.58623,19.36349],[-89.58614,19.36286],[-89.58586,19.36132],[-89.58585,19.36101],[-89.58585,19.36055],[-89.58549,19.36035],[-89.58574,19.36022],[-89.58639,19.35985],[-89.58634,19.35967],[-89.58612,19.3597],[-89.58607,19.35949],[-89.58603,19.35931],[-89.58591,19.35879],[-89.58539,19.35877],[-89.58536,19.35773],[-89.58465,19.35769],[-89.58469,19.35707],[-89.58344,19.35702],[-89.58248,19.357],[-89.58161,19.35692],[-89.58033,19.35663],[-89.58036,19.35737],[-89.5799,19.35733],[-89.57962,19.35851],[-89.57867,19.35841],[-89.57845,19.35835],[-89.57754,19.35838],[-89.57742,19.35932],[-89.57726,19.36028],[-89.57696,19.36029],[-89.57691,19.36071],[-89.57727,19.36132],[-89.57733,19.36144],[-89.57781,19.36228],[-89.57806,19.36268],[-89.57835,19.36322],[-89.57853,19.36351]]]}},{"type":"Feature","properties":{"cvegeo":"040060674","cve_ent":"04","fuente":"INEGI — Marco Geoestadístico 2024","fecha_corte":"2024-08","cve_mun":"04006","nombre":"Nuevo Progreso Campo Díez","ambito":"Rural"},"geometry":{"type":"Polygon","coordinates":[[[-89.63973,19.63742],[-89.63975,19.63771],[-89.63974,19.63913],[-89.6484,19.63911],[-89.6507,19.6391],[-89.65073,19.63769],[-89.65593,19.63761],[-89.6559,19.63654],[-89.64935,19.63667],[-89.63974,19.63672],[-89.63973,19.63741],[-89.63973,19.63742]]]}},{"type":"Feature","properties":{"cvegeo":"040060046","cve_ent":"04","fuente":"INEGI — Marco Geoestadístico 2024","fecha_corte":"2024-08","cve_mun":"04006","nombre":"Suc-Tuc","ambito":"Rural"},"geometry":{"type":"Polygon","coordinates":[[[-90.04314,19.71067],[-90.04232,19.7104],[-90.04202,19.71029],[-90.04155,19.71021],[-90.04165,19.70944],[-90.04037,19.70925],[-90.03921,19.70897],[-90.03799,19.70865],[-90.03687,19.70835],[-90.03567,19.70807],[-90.03448,19.70777],[-90.0339,19.70759],[-90.03391,19.70755],[-90.03345,19.70745],[-90.03306,19.70883],[-90.03277,19.70997],[-90.0325,19.7111],[-90.03226,19.71215],[-90.0321,19.71359],[-90.03193,19.71475],[-90.03308,19.71496],[-90.03354,19.71511],[-90.03429,19.71529],[-90.03425,19.71558],[-90.03545,19.71598],[-90.03665,19.71621],[-90.03655,19.71674],[-90.03653,19.71685],[-90.03767,19.71705],[-90.03756,19.71763],[-90.03863,19.71769],[-90.0389,19.71805],[-90.03897,19.7173],[-90.03912,19.7168],[-90.03922,19.71615],[-90.03961,19.71625],[-90.04032,19.71516],[-90.04127,19.71356],[-90.04242,19.71346],[-90.04291,19.71234],[-90.04337,19.71138],[-90.04373,19.71135],[-90.04388,19.711],[-90.04314,19.71067]]]}},{"type":"Feature","properties":{"cvegeo":"040060054","cve_ent":"04","fuente":"INEGI — Marco Geoestadístico 2024","fecha_corte":"2024-08","cve_mun":"04006","nombre":"Xcupil","ambito":"Rural"},"geometry":{"type":"Polygon","coordinates":[[[-89.86049,19.67137],[-89.86127,19.67199],[-89.86138,19.67219],[-89.86213,19.67286],[-89.86156,19.66989],[-89.86209,19.66871],[-89.86234,19.6681],[-89.86242,19.66811],[-89.86251,19.66765],[-89.86264,19.66722],[-89.86282,19.66662],[-89.86316,19.66559],[-89.86331,19.6638],[-89.86259,19.66339],[-89.86277,19.66306],[-89.86336,19.6622],[-89.86269,19.66159],[-89.86203,19.6621],[-89.86102,19.66165],[-89.85968,19.6614],[-89.85946,19.66311],[-89.85873,19.66278],[-89.85799,19.66232],[-89.85769,19.6628],[-89.85625,19.66239],[-89.85601,19.66354],[-89.85555,19.66344],[-89.85539,19.6641],[-89.85584,19.66423],[-89.85558,19.6651],[-89.85489,19.66682],[-89.8558,19.66711],[-89.85518,19.66775],[-89.85481,19.6682],[-89.85472,19.6685],[-89.85436,19.66867],[-89.85565,19.66932],[-89.85611,19.66962],[-89.85688,19.67045],[-89.85699,19.67066],[-89.85816,19.67073],[-89.86049,19.67137]]]}},{"type":"Feature","properties":{"cvegeo":"040060043","cve_ent":"04","fuente":"INEGI — Marco Geoestadístico 2024","fecha_corte":"2024-08","cve_mun":"04006","nombre":"San Juan Bautista Sahcabchén","ambito":"Rural"},"geometry":{"type":"Polygon","coordinates":[[[-89.92524,19.87299],[-89.92505,19.87412],[-89.92504,19.87429],[-89.92487,19.87463],[-89.92437,19.87564],[-89.92458,19.87572],[-89.92474,19.87594],[-89.92498,19.87627],[-89.92482,19.8764],[-89.92471,19.87691],[-89.92683,19.87683],[-89.92797,19.87685],[-89.92791,19.87645],[-89.92825,19.87644],[-89.93007,19.87636],[-89.93079,19.87576],[-89.93061,19.87486],[-89.9306,19.87481],[-89.93058,19.87462],[-89.92948,19.87428],[-89.92974,19.87316],[-89.92941,19.8725],[-89.92922,19.87259],[-89.92908,19.87246],[-89.92905,19.87231],[-89.92905,19.87223],[-89.92912,19.87191],[-89.92849,19.87183],[-89.92862,19.87148],[-89.92774,19.87123],[-89.92769,19.87062],[-89.9275,19.86976],[-89.92705,19.86973],[-89.92691,19.87163],[-89.92634,19.87158],[-89.92566,19.87157],[-89.92456,19.87163],[-89.9247,19.87226],[-89.92505,19.87292],[-89.92524,19.87299]]]}},{"type":"Feature","properties":{"cvegeo":"040060058","cve_ent":"04","fuente":"INEGI — Marco Geoestadístico 2024","fecha_corte":"2024-08","cve_mun":"04006","nombre":"Xmejía","ambito":"Rural"},"geometry":{"type":"Polygon","coordinates":[[[-89.37651,19.23434],[-89.3774,19.23397],[-89.37722,19.23348],[-89.3782,19.23306],[-89.3779,19.23245],[-89.37748,19.23153],[-89.37789,19.23133],[-89.37798,19.2309],[-89.37789,19.23087],[-89.37801,19.23046],[-89.37828,19.22964],[-89.37826,19.22945],[-89.37818,19.22915],[-89.37759,19.22878],[-89.37795,19.22846],[-89.3767,19.22825],[-89.37634,19.22671],[-89.37402,19.22787],[-89.37333,19.22705],[-89.37308,19.22706],[-89.37225,19.2277],[-89.37299,19.22854],[-89.37314,19.22845],[-89.37346,19.22894],[-89.37299,19.22937],[-89.37337,19.22983],[-89.37394,19.23057],[-89.3747,19.23113],[-89.37396,19.23193],[-89.37433,19.23225],[-89.37369,19.23314],[-89.37398,19.2334],[-89.37517,19.23274],[-89.37559,19.23361],[-89.3761,19.23336],[-89.37651,19.23434]]]}},{"type":"Feature","properties":{"cvegeo":"040060019","cve_ent":"04","fuente":"INEGI — Marco Geoestadístico 2024","fecha_corte":"2024-08","cve_mun":"04006","nombre":"Dzibalchén","ambito":"Rural"},"geometry":{"type":"Polygon","coordinates":[[[-89.7282,19.46343],[-89.72887,19.46361],[-89.72915,19.46318],[-89.73102,19.46375],[-89.73108,19.46433],[-89.73183,19.46451],[-89.73244,19.46459],[-89.73255,19.46356],[-89.73289,19.46367],[-89.73297,19.46337],[-89.73366,19.46363],[-89.73401,19.46218],[-89.73462,19.46248],[-89.73505,19.46277],[-89.7358,19.46187],[-89.73575,19.46182],[-89.7366,19.46083],[-89.73645,19.46081],[-89.73645,19.46063],[-89.73649,19.45996],[-89.73731,19.45999],[-89.7373,19.46046],[-89.73793,19.46051],[-89.738,19.45996],[-89.73833,19.45998],[-89.73836,19.45948],[-89.73855,19.45958],[-89.73873,19.45972],[-89.73894,19.45988],[-89.73913,19.46002],[-89.73931,19.46018],[-89.73954,19.46032],[-89.73972,19.46041],[-89.73992,19.46051],[-89.74016,19.46061],[-89.74034,19.46067],[-89.74047,19.46068],[-89.74057,19.46067],[-89.74067,19.46063],[-89.74075,19.46058],[-89.74081,19.46052],[-89.74084,19.46044],[-89.74088,19.46032],[-89.74088,19.46021],[-89.74088,19.46021],[-89.74088,19.46008],[-89.7409,19.45988],[-89.74093,19.45973],[-89.74096,19.45961],[-89.74101,19.45945],[-89.74106,19.45928],[-89.74114,19.45901],[-89.7412,19.45882],[-89.74126,19.45863],[-89.7413,19.45842],[-89.7413,19.45826],[-89.74128,19.45809],[-89.74128,19.45805],[-89.74122,19.4578],[-89.74113,19.45756],[-89.74105,19.45738],[-89.741,19.4573],[-89.74095,19.45722],[-89.7409,19.45711],[-89.74082,19.45692],[-89.74071,19.45666],[-89.74063,19.4565],[-89.74056,19.45634],[-89.7405,19.45623],[-89.74045,19.45613],[-89.74028,19.45591],[-89.74001,19.45567],[-89.73969,19.45555],[-89.73874,19.45526],[-89.73799,19.45499],[-89.7377,19.45485],[-89.7374,19.45465],[-89.73694,19.45436],[-89.73655,19.45414],[-89.7359,19.45394],[-89.73592,19.45393],[-89.73624,19.45328],[-89.73525,19.45318],[-89.73408,19.45306],[-89.7329,19.4529],[-89.73283,19.45354],[-89.73279,19.45358],[-89.73087,19.45346],[-89.7302,19.45342],[-89.72936,19.45337],[-89.72885,19.45325],[-89.72866,19.45319],[-89.72794,19.45301],[-89.72775,19.45299],[-89.72769,19.45291],[-89.72741,19.45286],[-89.72721,19.4529],[-89.72705,19.45304],[-89.727,19.45311],[-89.72618,19.45309],[-89.72593,19.45369],[-89.72647,19.45371],[-89.72667,19.45372],[-89.72657,19.45393],[-89.72643,19.45427],[-89.72629,19.45458],[-89.72622,19.45466],[-89.72613,19.45473],[-89.72595,19.4548],[-89.72576,19.45486],[-89.72476,19.45501],[-89.7244,19.45508],[-89.72416,19.45515],[-89.72386,19.45529],[-89.72356,19.45546],[-89.72316,19.45572],[-89.7229,19.45593],[-89.72269,19.45619],[-89.72246,19.45664],[-89.7223,19.45706],[-89.7209,19.45957],[-89.72078,19.4599],[-89.72479,19.46219],[-89.7255,19.46261],[-89.72496,19.4632],[-89.72474,19.46343],[-89.72369,19.46457],[-89.72454,19.46499],[-89.7245,19.46529],[-89.72451,19.4656],[-89.72519,19.46557],[-89.72527,19.46474],[-89.72536,19.46476],[-89.72546,19.46418],[-89.72558,19.4642],[-89.7261,19.46386],[-89.72655,19.46347],[-89.72672,19.46351],[-89.72685,19.46353],[-89.72697,19.46354],[-89.72714,19.46356],[-89.72746,19.4635],[-89.72756,19.46347],[-89.72764,19.46344],[-89.72774,19.46339],[-89.72777,19.46335],[-89.7282,19.46343]]]}},{"type":"Feature","properties":{"cvegeo":"040060783","cve_ent":"04","fuente":"INEGI — Marco Geoestadístico 2024","fecha_corte":"2024-08","cve_mun":"04006","nombre":"Nuevo Durango Campo 2","ambito":"Rural"},"geometry":{"type":"Polygon","coordinates":[[[-89.41003,19.41554],[-89.41019,19.41429],[-89.41045,19.41276],[-89.40512,19.41167],[-89.40128,19.41099],[-89.40095,19.41243],[-89.39912,19.41205],[-89.39887,19.41323],[-89.40996,19.41553],[-89.41003,19.41554]]]}},{"type":"Feature","properties":{"cvegeo":"040060912","cve_ent":"04","fuente":"INEGI — Marco Geoestadístico 2024","fecha_corte":"2024-08","cve_mun":"04006","nombre":"Nuevo Durango Ocho","ambito":"Rural"},"geometry":{"type":"Polygon","coordinates":[[[-89.41313,19.40018],[-89.41358,19.39745],[-89.40829,19.39629],[-89.40668,19.39595],[-89.4066,19.39593],[-89.40656,19.39611],[-89.40633,19.39732],[-89.40493,19.39703],[-89.40361,19.39675],[-89.40164,19.3964],[-89.4013,19.39797],[-89.4079,19.3992],[-89.41313,19.40018]]]}},{"type":"Feature","properties":{"cvegeo":"040070110","cve_ent":"04","fuente":"INEGI — Marco Geoestadístico 2024","fecha_corte":"2024-08","cve_mun":"04007","nombre":"Santa Isabel","ambito":"Rural"},"geometry":{"type":"Polygon","coordinates":[[[-92.09475,18.33502],[-92.09463,18.33547],[-92.09448,18.33594],[-92.09511,18.33655],[-92.09588,18.33749],[-92.09594,18.33708],[-92.096,18.33686],[-92.09605,18.33683],[-92.09618,18.33639],[-92.09628,18.33544],[-92.09566,18.33483],[-92.09609,18.3343],[-92.09657,18.33474],[-92.09678,18.33433],[-92.09733,18.33484],[-92.09768,18.33414],[-92.09764,18.33383],[-92.09766,18.33382],[-92.09779,18.33338],[-92.09536,18.33143],[-92.09537,18.33139],[-92.09492,18.33111],[-92.09493,18.3318],[-92.09493,18.33226],[-92.09492,18.33275],[-92.09491,18.33327],[-92.0949,18.33409],[-92.09486,18.33462],[-92.09475,18.33502]]]}},{"type":"Feature","properties":{"cvegeo":"040070169","cve_ent":"04","fuente":"INEGI — Marco Geoestadístico 2024","fecha_corte":"2024-08","cve_mun":"04007","nombre":"Santa Cruz","ambito":"Rural"},"geometry":{"type":"Polygon","coordinates":[[[-92.10858,18.29989],[-92.10868,18.30009],[-92.1091,18.3009],[-92.10941,18.30089],[-92.10974,18.30033],[-92.11009,18.29969],[-92.11032,18.29923],[-92.11043,18.29883],[-92.11048,18.29845],[-92.11049,18.29806],[-92.1104,18.29775],[-92.1103,18.2976],[-92.11003,18.29746],[-92.10959,18.29733],[-92.10909,18.29728],[-92.10879,18.2973],[-92.10863,18.29739],[-92.10848,18.29745],[-92.10836,18.29749],[-92.10819,18.29749],[-92.10774,18.29755],[-92.10739,18.29758],[-92.10858,18.29989]]]}},{"type":"Feature","properties":{"cvegeo":"040070001","cve_ent":"04","fuente":"INEGI — Marco Geoestadístico 2024","fecha_corte":"2024-08","cve_mun":"04007","nombre":"Palizada","ambito":"Urbana"},"geometry":{"type":"Polygon","coordinates":[[[-92.08728,18.26324],[-92.08735,18.26327],[-92.08736,18.26328],[-92.08736,18.26328],[-92.08736,18.26328],[-92.08734,18.26334],[-92.08709,18.26359],[-92.08686,18.26382],[-92.08686,18.26382],[-92.0875,18.26449],[-92.0909,18.26803],[-92.09093,18.26801],[-92.09142,18.26757],[-92.09143,18.26756],[-92.09144,18.26756],[-92.08887,18.26478],[-92.08743,18.26343],[-92.09021,18.26097],[-92.09021,18.26097],[-92.09231,18.26182],[-92.09198,18.26094],[-92.09161,18.25974],[-92.09206,18.25936],[-92.09337,18.25827],[-92.09405,18.25772],[-92.09458,18.25747],[-92.09961,18.25781],[-92.09961,18.25781],[-92.09961,18.25781],[-92.09961,18.25781],[-92.0998,18.25782],[-92.0998,18.25782],[-92.09981,18.25782],[-92.09981,18.25782],[-92.10001,18.25784],[-92.10001,18.25784],[-92.10001,18.25784],[-92.10004,18.25783],[-92.10024,18.25778],[-92.10041,18.25773],[-92.10049,18.2577],[-92.10061,18.25756],[-92.1009,18.25717],[-92.1009,18.25717],[-92.1009,18.25717],[-92.10152,18.25732],[-92.10152,18.25732],[-92.10152,18.25732],[-92.10204,18.25723],[-92.10335,18.25727],[-92.10335,18.25727],[-92.10335,18.25727],[-92.10335,18.25727],[-92.10511,18.25783],[-92.10511,18.25783],[-92.10511,18.25783],[-92.10511,18.25782],[-92.1053,18.25671],[-92.10339,18.25642],[-92.10166,18.25615],[-92.10133,18.25609],[-92.10085,18.25602],[-92.10054,18.25597],[-92.10086,18.25432],[-92.10086,18.25432],[-92.09959,18.2542],[-92.09825,18.25397],[-92.09786,18.2539],[-92.09633,18.2535],[-92.09531,18.25317],[-92.09421,18.2529],[-92.09421,18.2529],[-92.0938,18.25286],[-92.0938,18.25286],[-92.0938,18.25286],[-92.0938,18.25286],[-92.0938,18.25286],[-92.09356,18.25285],[-92.09356,18.25285],[-92.09333,18.25285],[-92.09304,18.25291],[-92.09289,18.25295],[-92.09257,18.25304],[-92.09203,18.25315],[-92.09152,18.25322],[-92.09087,18.25327],[-92.09087,18.25327],[-92.09084,18.25328],[-92.09084,18.25328],[-92.09083,18.25328],[-92.09043,18.25325],[-92.09043,18.25325],[-92.09008,18.25321],[-92.09008,18.25321],[-92.09008,18.25321],[-92.09008,18.25321],[-92.08979,18.25314],[-92.08979,18.25314],[-92.08948,18.2531],[-92.08948,18.2531],[-92.08925,18.25304],[-92.08925,18.25304],[-92.08901,18.25298],[-92.08901,18.25298],[-92.0889,18.25297],[-92.0889,18.25297],[-92.0889,18.25297],[-92.0889,18.25297],[-92.08833,18.253],[-92.08833,18.253],[-92.08791,18.25309],[-92.08772,18.25316],[-92.08675,18.25355],[-92.08694,18.25433],[-92.08694,18.25433],[-92.0868,18.25433],[-92.0868,18.25433],[-92.0868,18.25433],[-92.0868,18.25433],[-92.08677,18.25406],[-92.08677,18.25406],[-92.0867,18.25386],[-92.08657,18.25368],[-92.08603,18.25376],[-92.08561,18.2538],[-92.08527,18.25379],[-92.08506,18.25376],[-92.08471,18.25362],[-92.0845,18.25352],[-92.08431,18.25339],[-92.08411,18.25324],[-92.08399,18.25311],[-92.08399,18.25311],[-92.08399,18.25311],[-92.08375,18.25281],[-92.08374,18.25281],[-92.08372,18.25278],[-92.08355,18.25257],[-92.08355,18.25256],[-92.08324,18.25233],[-92.08323,18.25233],[-92.08302,18.25226],[-92.08298,18.25226],[-92.0824,18.25216],[-92.0824,18.25216],[-92.08247,18.25317],[-92.08235,18.25356],[-92.08203,18.25417],[-92.08203,18.25417],[-92.08203,18.25417],[-92.08203,18.25417],[-92.08252,18.25406],[-92.0828,18.254],[-92.08307,18.2539],[-92.08314,18.25387],[-92.08336,18.25387],[-92.08336,18.25387],[-92.08336,18.25387],[-92.08336,18.25387],[-92.08336,18.25388],[-92.08329,18.25407],[-92.08326,18.25575],[-92.08331,18.25713],[-92.08332,18.25719],[-92.08332,18.25719],[-92.08417,18.25767],[-92.08417,18.25768],[-92.08417,18.25768],[-92.08439,18.25866],[-92.08307,18.25904],[-92.08307,18.25904],[-92.08388,18.2608],[-92.08377,18.26086],[-92.08379,18.26118],[-92.08379,18.26118],[-92.08379,18.26118],[-92.08379,18.26118],[-92.0843,18.26119],[-92.0843,18.26119],[-92.08484,18.26138],[-92.08484,18.26138],[-92.0852,18.26159],[-92.0852,18.26159],[-92.08474,18.26255],[-92.08482,18.26356],[-92.08482,18.26356],[-92.08513,18.26454],[-92.08513,18.26454],[-92.08556,18.26583],[-92.08556,18.26583],[-92.08556,18.26584],[-92.08556,18.26584],[-92.08556,18.26584],[-92.08564,18.26582],[-92.08624,18.26569],[-92.08635,18.26566],[-92.08636,18.26566],[-92.08629,18.26432],[-92.08636,18.26428],[-92.0864,18.26425],[-92.08655,18.26427],[-92.08662,18.26428],[-92.08662,18.26417],[-92.08665,18.26371],[-92.08666,18.26365],[-92.08667,18.26351],[-92.0867,18.26342],[-92.08674,18.26335],[-92.08679,18.2633],[-92.08688,18.26326],[-92.08703,18.26323],[-92.08717,18.26322],[-92.08717,18.26322],[-92.08717,18.26322],[-92.08728,18.26324]]]}},{"type":"Feature","properties":{"cvegeo":"040070053","cve_ent":"04","fuente":"INEGI — Marco Geoestadístico 2024","fecha_corte":"2024-08","cve_mun":"04007","nombre":"Isla de San Isidro","ambito":"Rural"},"geometry":{"type":"Polygon","coordinates":[[[-92.078,18.25578],[-92.07792,18.25622],[-92.07785,18.25659],[-92.07927,18.25687],[-92.07939,18.25645],[-92.07993,18.25441],[-92.07951,18.25435],[-92.07967,18.25395],[-92.0798,18.25362],[-92.07974,18.2535],[-92.07968,18.25335],[-92.07953,18.25302],[-92.07942,18.25276],[-92.07936,18.25256],[-92.07931,18.25216],[-92.07891,18.25217],[-92.07871,18.25272],[-92.0772,18.25245],[-92.07721,18.2523],[-92.07619,18.25407],[-92.07554,18.254],[-92.07511,18.25513],[-92.07486,18.25562],[-92.0755,18.25582],[-92.07645,18.25588],[-92.0769,18.25499],[-92.07693,18.25499],[-92.07722,18.255],[-92.07758,18.255],[-92.0775,18.25533],[-92.07741,18.25577],[-92.07751,18.25576],[-92.078,18.25578]]]}},{"type":"Feature","properties":{"cvegeo":"040070056","cve_ent":"04","fuente":"INEGI — Marco Geoestadístico 2024","fecha_corte":"2024-08","cve_mun":"04007","nombre":"El Juncal","ambito":"Rural"},"geometry":{"type":"Polygon","coordinates":[[[-91.86105,18.0426],[-91.8624,18.04326],[-91.86405,18.04411],[-91.86493,18.04452],[-91.86534,18.04468],[-91.86569,18.04479],[-91.86798,18.0451],[-91.86786,18.04262],[-91.86737,18.04263],[-91.86745,18.04243],[-91.86749,18.04241],[-91.86774,18.04091],[-91.86794,18.03983],[-91.86796,18.03967],[-91.86799,18.03939],[-91.86768,18.03922],[-91.86714,18.03897],[-91.867,18.0389],[-91.86698,18.03889],[-91.86685,18.03889],[-91.86618,18.03876],[-91.86597,18.03879],[-91.86591,18.03882],[-91.8642,18.03795],[-91.8642,18.0385],[-91.86418,18.03907],[-91.86381,18.03902],[-91.86281,18.03887],[-91.86245,18.03932],[-91.8621,18.03977],[-91.86161,18.04032],[-91.86226,18.04096],[-91.86175,18.04164],[-91.86105,18.0426]]]}},{"type":"Feature","properties":{"cvegeo":"040070032","cve_ent":"04","fuente":"INEGI — Marco Geoestadístico 2024","fecha_corte":"2024-08","cve_mun":"04007","nombre":"El Cuyo","ambito":"Rural"},"geometry":{"type":"Polygon","coordinates":[[[-92.09107,18.27196],[-92.09081,18.27266],[-92.09042,18.27341],[-92.09045,18.27345],[-92.09295,18.27145],[-92.09346,18.27105],[-92.08665,18.26371],[-92.08662,18.26417],[-92.08662,18.26428],[-92.08662,18.26492],[-92.08667,18.26562],[-92.08707,18.26705],[-92.08733,18.26784],[-92.08688,18.26796],[-92.08645,18.26805],[-92.08644,18.26808],[-92.08671,18.26888],[-92.08656,18.26997],[-92.08733,18.27029],[-92.08757,18.27054],[-92.08713,18.27072],[-92.08697,18.27092],[-92.08686,18.27121],[-92.08684,18.27125],[-92.09107,18.27196]]]}},{"type":"Feature","properties":{"cvegeo":"040080016","cve_ent":"04","fuente":"INEGI — Marco Geoestadístico 2024","fecha_corte":"2024-08","cve_mun":"04008","nombre":"Xkuncheil","ambito":"Rural"},"geometry":{"type":"Polygon","coordinates":[[[-90.34844,19.9552],[-90.3482,19.95459],[-90.34812,19.95429],[-90.34781,19.9534],[-90.34744,19.95261],[-90.34706,19.95179],[-90.34631,19.95018],[-90.34504,19.95152],[-90.34502,19.95162],[-90.34502,19.95169],[-90.34503,19.95198],[-90.34506,19.95214],[-90.34506,19.95239],[-90.34501,19.95261],[-90.34497,19.95276],[-90.34488,19.953],[-90.34481,19.95304],[-90.34459,19.95343],[-90.34443,19.95368],[-90.34425,19.95388],[-90.34403,19.95425],[-90.34369,19.95468],[-90.34389,19.95484],[-90.34404,19.95473],[-90.3448,19.95539],[-90.34571,19.95612],[-90.34603,19.95642],[-90.34638,19.95665],[-90.34725,19.9572],[-90.34807,19.95659],[-90.3482,19.95661],[-90.34832,19.95658],[-90.34861,19.95641],[-90.34868,19.9564],[-90.34874,19.95645],[-90.34888,19.95665],[-90.34894,19.9565],[-90.34892,19.95631],[-90.34889,19.9562],[-90.34869,19.95582],[-90.34844,19.9552]]]}},{"type":"Feature","properties":{"cvegeo":"040080096","cve_ent":"04","fuente":"INEGI — Marco Geoestadístico 2024","fecha_corte":"2024-08","cve_mun":"04008","nombre":"Nachehá","ambito":"Rural"},"geometry":{"type":"Polygon","coordinates":[[[-90.28274,19.90899],[-90.28306,19.90917],[-90.28317,19.90923],[-90.28361,19.90946],[-90.28366,19.90949],[-90.28421,19.90978],[-90.2845,19.90928],[-90.28465,19.90905],[-90.28498,19.90852],[-90.28515,19.9082],[-90.28552,19.90839],[-90.28564,19.90845],[-90.28591,19.90799],[-90.28569,19.90786],[-90.28542,19.9077],[-90.28512,19.90754],[-90.2851,19.90753],[-90.28495,19.90743],[-90.28481,19.90757],[-90.2847,19.90774],[-90.28462,19.90786],[-90.28433,19.90773],[-90.28416,19.9077],[-90.28402,19.90773],[-90.28365,19.9084],[-90.28346,19.90871],[-90.28341,19.90869],[-90.28296,19.90847],[-90.28274,19.90899]]]}},{"type":"Feature","properties":{"cvegeo":"040080005","cve_ent":"04","fuente":"INEGI — Marco Geoestadístico 2024","fecha_corte":"2024-08","cve_mun":"04008","nombre":"Tinún","ambito":"Rural"},"geometry":{"type":"Polygon","coordinates":[[[-90.22146,19.96978],[-90.22182,19.96976],[-90.22223,19.96975],[-90.222,19.96851],[-90.22372,19.96734],[-90.22383,19.96725],[-90.22391,19.96719],[-90.22397,19.96726],[-90.22404,19.96733],[-90.22432,19.9674],[-90.22433,19.9674],[-90.22455,19.96747],[-90.22592,19.96606],[-90.22715,19.96693],[-90.22739,19.96788],[-90.22744,19.96805],[-90.22744,19.96811],[-90.22745,19.96815],[-90.22757,19.9692],[-90.22799,19.96917],[-90.22806,19.96916],[-90.22813,19.96915],[-90.22861,19.96911],[-90.22853,19.96699],[-90.22823,19.96676],[-90.22817,19.96623],[-90.22815,19.96603],[-90.22816,19.96601],[-90.22825,19.96583],[-90.22848,19.96533],[-90.22848,19.9653],[-90.22847,19.96391],[-90.22847,19.96385],[-90.22932,19.96361],[-90.22929,19.96353],[-90.2287,19.96224],[-90.22869,19.96182],[-90.22835,19.96176],[-90.22815,19.96168],[-90.22896,19.96167],[-90.22902,19.96091],[-90.22899,19.96084],[-90.22907,19.96066],[-90.22948,19.95978],[-90.22725,19.95987],[-90.22718,19.96064],[-90.22713,19.96099],[-90.22712,19.96108],[-90.2267,19.96105],[-90.22642,19.96273],[-90.22594,19.96263],[-90.22553,19.96352],[-90.22428,19.96328],[-90.22415,19.96326],[-90.22418,19.96303],[-90.22395,19.96268],[-90.22379,19.96248],[-90.22305,19.96206],[-90.22282,19.96183],[-90.22279,19.96178],[-90.22275,19.96139],[-90.22305,19.96031],[-90.2228,19.96024],[-90.2226,19.96075],[-90.22254,19.96102],[-90.22246,19.96139],[-90.22244,19.96176],[-90.22211,19.96168],[-90.2221,19.96199],[-90.22227,19.96226],[-90.22254,19.96245],[-90.22288,19.96258],[-90.22307,19.96271],[-90.2231,19.96275],[-90.22322,19.96292],[-90.22326,19.96318],[-90.22316,19.96315],[-90.22292,19.9631],[-90.22285,19.96332],[-90.22283,19.96338],[-90.22269,19.96333],[-90.22259,19.96364],[-90.22321,19.96383],[-90.22305,19.96437],[-90.22302,19.96462],[-90.22297,19.9647],[-90.22287,19.96478],[-90.22275,19.96485],[-90.2226,19.96491],[-90.22239,19.96497],[-90.22194,19.96509],[-90.22193,19.96553],[-90.22182,19.9655],[-90.22169,19.9655],[-90.22143,19.96549],[-90.22082,19.96552],[-90.22054,19.96554],[-90.22081,19.96579],[-90.22136,19.96631],[-90.22169,19.96662],[-90.22179,19.96667],[-90.22172,19.96737],[-90.22062,19.96828],[-90.21924,19.96876],[-90.21932,19.96908],[-90.21935,19.96928],[-90.21935,19.96933],[-90.21951,19.96931],[-90.21969,19.96929],[-90.21995,19.96924],[-90.22031,19.96919],[-90.22054,19.96915],[-90.22098,19.96905],[-90.22141,19.96891],[-90.22146,19.96978]]]}},{"type":"Feature","properties":{"cvegeo":"040080002","cve_ent":"04","fuente":"INEGI — Marco Geoestadístico 2024","fecha_corte":"2024-08","cve_mun":"04008","nombre":"Emiliano Zapata","ambito":"Rural"},"geometry":{"type":"Polygon","coordinates":[[[-90.15164,19.82619],[-90.15233,19.82666],[-90.15281,19.82599],[-90.15285,19.82594],[-90.15351,19.82638],[-90.15421,19.82681],[-90.15449,19.82647],[-90.15472,19.82618],[-90.15522,19.82549],[-90.1557,19.82483],[-90.15643,19.82555],[-90.1575,19.82448],[-90.15797,19.82391],[-90.15715,19.82339],[-90.15759,19.82303],[-90.15648,19.82235],[-90.15496,19.8214],[-90.15428,19.82097],[-90.15412,19.82116],[-90.1534,19.82076],[-90.15268,19.82028],[-90.15282,19.82007],[-90.15211,19.81961],[-90.15162,19.82032],[-90.15132,19.82013],[-90.15088,19.81984],[-90.1502,19.81939],[-90.14952,19.82035],[-90.1501,19.82095],[-90.15063,19.82153],[-90.15069,19.82158],[-90.15017,19.82235],[-90.15061,19.82253],[-90.15007,19.82326],[-90.15044,19.82349],[-90.14996,19.82412],[-90.14946,19.82484],[-90.15025,19.82529],[-90.1498,19.82598],[-90.15044,19.82637],[-90.15094,19.82571],[-90.15142,19.82504],[-90.15181,19.82528],[-90.15215,19.8255],[-90.15164,19.82619]]]}},{"type":"Feature","properties":{"cvegeo":"040080098","cve_ent":"04","fuente":"INEGI — Marco Geoestadístico 2024","fecha_corte":"2024-08","cve_mun":"04008","nombre":"Santa Rosa","ambito":"Rural"},"geometry":{"type":"Polygon","coordinates":[[[-90.24099,20.03504],[-90.24151,20.03579],[-90.24251,20.03525],[-90.24346,20.03475],[-90.24457,20.03423],[-90.24528,20.03371],[-90.2454,20.03362],[-90.24561,20.03346],[-90.24624,20.03294],[-90.24677,20.03263],[-90.2483,20.03388],[-90.24856,20.03346],[-90.24879,20.03306],[-90.24764,20.03206],[-90.24782,20.03194],[-90.24798,20.03183],[-90.24881,20.03134],[-90.24813,20.03031],[-90.24761,20.02959],[-90.24717,20.02878],[-90.247,20.02849],[-90.24655,20.02785],[-90.24547,20.0285],[-90.24501,20.02878],[-90.24454,20.02908],[-90.24365,20.02963],[-90.24277,20.03015],[-90.24149,20.0285],[-90.24144,20.02854],[-90.24047,20.02912],[-90.23827,20.03054],[-90.23836,20.03062],[-90.23902,20.03123],[-90.23961,20.03178],[-90.23905,20.03219],[-90.23879,20.03236],[-90.23842,20.03258],[-90.2383,20.0326],[-90.23825,20.03263],[-90.23821,20.03269],[-90.23792,20.03289],[-90.23756,20.0331],[-90.23707,20.03333],[-90.23702,20.03335],[-90.23667,20.03357],[-90.23642,20.03371],[-90.23656,20.03401],[-90.23659,20.03399],[-90.2373,20.03357],[-90.23768,20.03404],[-90.23802,20.03445],[-90.23807,20.03451],[-90.23871,20.0353],[-90.23954,20.03475],[-90.2397,20.03498],[-90.24014,20.0355],[-90.24037,20.0351],[-90.24083,20.03481],[-90.24099,20.03504]]]}},{"type":"Feature","properties":{"cvegeo":"040080001","cve_ent":"04","fuente":"INEGI — Marco Geoestadístico 2024","fecha_corte":"2024-08","cve_mun":"04008","nombre":"Tenabo","ambito":"Urbana"},"geometry":{"type":"Polygon","coordinates":[[[-90.21318,20.0624],[-90.21307,20.06316],[-90.21304,20.0634],[-90.21317,20.06321],[-90.21389,20.06173],[-90.2153,20.06234],[-90.21682,20.05888],[-90.21916,20.05396],[-90.21973,20.0532],[-90.21986,20.05302],[-90.22111,20.05319],[-90.22393,20.05349],[-90.22421,20.05352],[-90.22492,20.0536],[-90.22483,20.05379],[-90.22467,20.05413],[-90.22467,20.05414],[-90.22462,20.05453],[-90.22584,20.05504],[-90.22586,20.055],[-90.22616,20.05459],[-90.22665,20.05491],[-90.22665,20.05491],[-90.22716,20.05515],[-90.22751,20.05535],[-90.22791,20.05567],[-90.22886,20.05448],[-90.22968,20.05328],[-90.23012,20.05225],[-90.23012,20.05225],[-90.2302,20.05234],[-90.23088,20.05313],[-90.23284,20.05388],[-90.23366,20.05338],[-90.23409,20.05311],[-90.23425,20.053],[-90.23501,20.05244],[-90.23524,20.05227],[-90.23536,20.05218],[-90.23538,20.05216],[-90.23552,20.05204],[-90.23652,20.05113],[-90.23605,20.05089],[-90.23505,20.05037],[-90.23592,20.04936],[-90.23538,20.04907],[-90.23576,20.0482],[-90.23594,20.04796],[-90.23611,20.0478],[-90.23615,20.04778],[-90.23632,20.0477],[-90.23742,20.04654],[-90.23753,20.04527],[-90.23781,20.04501],[-90.23767,20.04415],[-90.23835,20.04472],[-90.23857,20.04487],[-90.2387,20.04477],[-90.23881,20.04461],[-90.23895,20.04433],[-90.23926,20.04385],[-90.23974,20.04218],[-90.24005,20.04046],[-90.23903,20.04045],[-90.23802,20.04042],[-90.23769,20.04041],[-90.2367,20.04035],[-90.23594,20.04033],[-90.23649,20.03938],[-90.23695,20.03856],[-90.23696,20.03856],[-90.23686,20.03857],[-90.23741,20.03711],[-90.2382,20.03608],[-90.23827,20.03602],[-90.23827,20.03602],[-90.23824,20.036],[-90.23797,20.03578],[-90.23779,20.03569],[-90.23742,20.03553],[-90.23735,20.03551],[-90.2373,20.03553],[-90.23702,20.0356],[-90.23703,20.03541],[-90.23703,20.03522],[-90.23719,20.03499],[-90.23802,20.03445],[-90.23768,20.03404],[-90.2373,20.03357],[-90.23659,20.03399],[-90.23656,20.03401],[-90.23642,20.03371],[-90.23667,20.03357],[-90.23702,20.03335],[-90.23707,20.03333],[-90.23756,20.0331],[-90.23792,20.03289],[-90.23821,20.03269],[-90.23825,20.03263],[-90.2383,20.0326],[-90.23842,20.03258],[-90.23879,20.03236],[-90.23905,20.03219],[-90.23961,20.03178],[-90.23902,20.03123],[-90.23836,20.03062],[-90.23827,20.03054],[-90.23765,20.03106],[-90.23643,20.03181],[-90.23596,20.03205],[-90.2357,20.03215],[-90.23537,20.03223],[-90.23484,20.03232],[-90.23445,20.03233],[-90.23436,20.03232],[-90.23402,20.03228],[-90.23369,20.03221],[-90.23361,20.03219],[-90.23334,20.03213],[-90.23294,20.03199],[-90.23184,20.03141],[-90.23059,20.03072],[-90.22976,20.03025],[-90.22899,20.02991],[-90.22854,20.02978],[-90.22821,20.02973],[-90.22793,20.02974],[-90.22728,20.0299],[-90.22682,20.03005],[-90.22652,20.03015],[-90.22555,20.03053],[-90.22492,20.03082],[-90.22349,20.03183],[-90.2206,20.03372],[-90.21745,20.03577],[-90.21716,20.03608],[-90.2171,20.03616],[-90.21694,20.03637],[-90.2167,20.03684],[-90.2165,20.03733],[-90.21645,20.03772],[-90.21644,20.03785],[-90.2165,20.03863],[-90.21698,20.04087],[-90.21745,20.0431],[-90.21748,20.04324],[-90.21758,20.04404],[-90.21759,20.04458],[-90.21741,20.04528],[-90.21703,20.04607],[-90.21672,20.04666],[-90.21564,20.0488],[-90.21422,20.05167],[-90.21407,20.05233],[-90.21396,20.05374],[-90.21353,20.05847],[-90.21333,20.06061],[-90.2133,20.061],[-90.21318,20.0624]]]}},{"type":"Feature","properties":{"cvegeo":"040080003","cve_ent":"04","fuente":"INEGI — Marco Geoestadístico 2024","fecha_corte":"2024-08","cve_mun":"04008","nombre":"Kankí","ambito":"Rural"},"geometry":{"type":"Polygon","coordinates":[[[-90.12042,19.98988],[-90.12045,19.98942],[-90.12074,19.98949],[-90.12099,19.98873],[-90.12002,19.98842],[-90.12038,19.98756],[-90.12082,19.9867],[-90.12176,19.98705],[-90.12213,19.98622],[-90.12131,19.98584],[-90.12154,19.98542],[-90.1206,19.98491],[-90.1204,19.98528],[-90.12028,19.98549],[-90.11987,19.98635],[-90.11909,19.98602],[-90.1191,19.98574],[-90.11906,19.98557],[-90.119,19.98535],[-90.11854,19.98451],[-90.11795,19.98335],[-90.11727,19.98495],[-90.11776,19.98526],[-90.11802,19.98542],[-90.11808,19.98546],[-90.11762,19.98656],[-90.11723,19.9875],[-90.11705,19.98794],[-90.1166,19.98777],[-90.11628,19.98851],[-90.11673,19.98865],[-90.11762,19.98894],[-90.12042,19.98988]]]}},{"type":"Feature","properties":{"cvegeo":"040100139","cve_ent":"04","fuente":"INEGI — Marco Geoestadístico 2024","fecha_corte":"2024-08","cve_mun":"04010","nombre":"La Lucha","ambito":"Rural"},"geometry":{"type":"Polygon","coordinates":[[[-89.4377,18.42028],[-89.43647,18.42011],[-89.43631,18.42116],[-89.43615,18.42216],[-89.43604,18.42313],[-89.43591,18.42415],[-89.43718,18.42427],[-89.43816,18.42437],[-89.4392,18.42448],[-89.44023,18.42462],[-89.44071,18.42468],[-89.4408,18.42471],[-89.44128,18.42469],[-89.44139,18.42389],[-89.44142,18.42377],[-89.44154,18.42285],[-89.44156,18.42276],[-89.44171,18.42177],[-89.44184,18.42081],[-89.44081,18.42066],[-89.43973,18.42054],[-89.43869,18.42041],[-89.4377,18.42028]]]}},{"type":"Feature","properties":{"cvegeo":"040100225","cve_ent":"04","fuente":"INEGI — Marco Geoestadístico 2024","fecha_corte":"2024-08","cve_mun":"04010","nombre":"Santa Lucía","ambito":"Rural"},"geometry":{"type":"Polygon","coordinates":[[[-90.17833,18.63486],[-90.17824,18.63586],[-90.17815,18.63665],[-90.17812,18.63698],[-90.17804,18.63772],[-90.17913,18.63791],[-90.18009,18.63803],[-90.18108,18.63818],[-90.18222,18.63835],[-90.18243,18.63714],[-90.18349,18.63727],[-90.18384,18.63608],[-90.18418,18.63487],[-90.18434,18.63421],[-90.18369,18.63413],[-90.18321,18.63408],[-90.18317,18.63412],[-90.18181,18.63403],[-90.18014,18.63392],[-90.18014,18.63381],[-90.1798,18.63372],[-90.17921,18.6336],[-90.17849,18.63357],[-90.17833,18.63486]]]}},{"type":"Feature","properties":{"cvegeo":"040100261","cve_ent":"04","fuente":"INEGI — Marco Geoestadístico 2024","fecha_corte":"2024-08","cve_mun":"04010","nombre":"Valentín Gómez Farías","ambito":"Rural"},"geometry":{"type":"Polygon","coordinates":[[[-89.44171,18.51406],[-89.44275,18.51413],[-89.44379,18.51416],[-89.44484,18.5142],[-89.44584,18.51425],[-89.4466,18.51429],[-89.44663,18.51395],[-89.44664,18.51382],[-89.44668,18.51344],[-89.4467,18.51283],[-89.44589,18.51278],[-89.44575,18.51166],[-89.44521,18.51164],[-89.44479,18.51162],[-89.44378,18.51152],[-89.44323,18.51147],[-89.44271,18.51143],[-89.44217,18.51139],[-89.44168,18.51136],[-89.44165,18.51136],[-89.4411,18.51133],[-89.44067,18.51129],[-89.44009,18.51124],[-89.43963,18.51122],[-89.43859,18.51117],[-89.43868,18.51233],[-89.43972,18.51243],[-89.43991,18.51245],[-89.43993,18.51348],[-89.43995,18.51387],[-89.44076,18.51393],[-89.44169,18.51398],[-89.44171,18.51406]]]}},{"type":"Feature","properties":{"cvegeo":"040100171","cve_ent":"04","fuente":"INEGI — Marco Geoestadístico 2024","fecha_corte":"2024-08","cve_mun":"04010","nombre":"Pablo García","ambito":"Rural"},"geometry":{"type":"Polygon","coordinates":[[[-90.13863,18.62096],[-90.13931,18.62134],[-90.13957,18.62148],[-90.14008,18.62174],[-90.14055,18.62197],[-90.14087,18.62215],[-90.1415,18.62248],[-90.14161,18.62254],[-90.14243,18.62297],[-90.14287,18.62324],[-90.14347,18.62232],[-90.143,18.62208],[-90.14301,18.62203],[-90.14352,18.62116],[-90.14446,18.62165],[-90.14498,18.62078],[-90.14552,18.61989],[-90.14609,18.619],[-90.14666,18.61814],[-90.14562,18.61767],[-90.14615,18.61671],[-90.14529,18.61629],[-90.14477,18.61712],[-90.14476,18.61715],[-90.14369,18.61661],[-90.14271,18.61612],[-90.14185,18.61561],[-90.14087,18.61508],[-90.13989,18.61454],[-90.1389,18.61404],[-90.13846,18.61498],[-90.13841,18.61496],[-90.13793,18.61583],[-90.13743,18.61673],[-90.13691,18.61767],[-90.13638,18.61852],[-90.1358,18.61945],[-90.13588,18.61949],[-90.13642,18.61977],[-90.13674,18.61993],[-90.13771,18.62046],[-90.13863,18.62096]]]}},{"type":"Feature","properties":{"cvegeo":"040100191","cve_ent":"04","fuente":"INEGI — Marco Geoestadístico 2024","fecha_corte":"2024-08","cve_mun":"04010","nombre":"Puebla de Morelia","ambito":"Rural"},"geometry":{"type":"Polygon","coordinates":[[[-89.67832,18.52222],[-89.67827,18.52222],[-89.67727,18.52235],[-89.67723,18.52236],[-89.67625,18.52249],[-89.67618,18.52249],[-89.67522,18.5226],[-89.67491,18.52264],[-89.67417,18.52272],[-89.67438,18.52385],[-89.67453,18.52484],[-89.67471,18.52577],[-89.6757,18.52562],[-89.67628,18.52555],[-89.67674,18.52548],[-89.67774,18.52534],[-89.67763,18.52448],[-89.67865,18.52438],[-89.67969,18.52427],[-89.67962,18.52367],[-89.67957,18.52327],[-89.68018,18.5232],[-89.68001,18.52213],[-89.6794,18.52218],[-89.67939,18.52208],[-89.67929,18.52209],[-89.67832,18.52222]]]}},{"type":"Feature","properties":{"cvegeo":"040100140","cve_ent":"04","fuente":"INEGI — Marco Geoestadístico 2024","fecha_corte":"2024-08","cve_mun":"04010","nombre":"La Lucha","ambito":"Rural"},"geometry":{"type":"Polygon","coordinates":[[[-89.187,18.30966],[-89.18735,18.30947],[-89.18799,18.30913],[-89.18891,18.30859],[-89.18983,18.30804],[-89.19084,18.3075],[-89.19052,18.30704],[-89.19021,18.30657],[-89.18962,18.30567],[-89.18956,18.30572],[-89.18902,18.30486],[-89.18882,18.30454],[-89.18839,18.30477],[-89.18804,18.30425],[-89.18767,18.30446],[-89.18743,18.30459],[-89.18652,18.30518],[-89.18566,18.30576],[-89.18623,18.30658],[-89.18528,18.30719],[-89.18586,18.30801],[-89.18641,18.30882],[-89.18663,18.30919],[-89.187,18.30966]]]}},{"type":"Feature","properties":{"cvegeo":"040100194","cve_ent":"04","fuente":"INEGI — Marco Geoestadístico 2024","fecha_corte":"2024-08","cve_mun":"04010","nombre":"El Refugio","ambito":"Rural"},"geometry":{"type":"Polygon","coordinates":[[[-89.37142,18.80557],[-89.37192,18.80566],[-89.37257,18.80565],[-89.37372,18.80575],[-89.37625,18.80598],[-89.37636,18.80555],[-89.37693,18.80568],[-89.37699,18.80516],[-89.37706,18.80464],[-89.37668,18.80457],[-89.37601,18.80445],[-89.37499,18.80424],[-89.37452,18.80415],[-89.37395,18.80405],[-89.37405,18.80317],[-89.37305,18.80288],[-89.37321,18.80205],[-89.37324,18.80184],[-89.37305,18.80181],[-89.3729,18.80179],[-89.37273,18.80177],[-89.37274,18.80168],[-89.37276,18.80159],[-89.37276,18.80152],[-89.37251,18.80149],[-89.37222,18.80146],[-89.37211,18.80144],[-89.37179,18.8014],[-89.37113,18.80129],[-89.37086,18.80123],[-89.3707,18.80118],[-89.3704,18.80111],[-89.3704,18.80111],[-89.37036,18.80141],[-89.37029,18.80205],[-89.37025,18.80243],[-89.37017,18.80314],[-89.37003,18.8043],[-89.3716,18.80458],[-89.3713,18.80553],[-89.37142,18.80557]]]}},{"type":"Feature","properties":{"cvegeo":"040100132","cve_ent":"04","fuente":"INEGI — Marco Geoestadístico 2024","fecha_corte":"2024-08","cve_mun":"04010","nombre":"Ley de Fomento Agropecuario (La Misteriosa)","ambito":"Rural"},"geometry":{"type":"Polygon","coordinates":[[[-89.41799,18.0669],[-89.41814,18.06696],[-89.41823,18.06698],[-89.41826,18.06699],[-89.41831,18.06702],[-89.4191,18.06734],[-89.41952,18.06748],[-89.42004,18.06758],[-89.4206,18.06767],[-89.42115,18.06775],[-89.4212,18.0677],[-89.4212,18.06764],[-89.42086,18.0674],[-89.42088,18.06701],[-89.42192,18.067],[-89.42215,18.06342],[-89.42215,18.06269],[-89.42215,18.06221],[-89.42216,18.06196],[-89.42159,18.06196],[-89.421,18.06196],[-89.42096,18.06196],[-89.42014,18.06198],[-89.41926,18.06199],[-89.41926,18.0627],[-89.41925,18.06277],[-89.41924,18.06302],[-89.41839,18.06302],[-89.4184,18.06274],[-89.41841,18.06244],[-89.41842,18.06204],[-89.41751,18.06202],[-89.41695,18.06201],[-89.41696,18.06274],[-89.41705,18.06274],[-89.41752,18.06272],[-89.41748,18.06353],[-89.41707,18.06351],[-89.41679,18.06351],[-89.41681,18.06441],[-89.41683,18.06524],[-89.41682,18.06602],[-89.41681,18.06685],[-89.4174,18.06686],[-89.41785,18.06687],[-89.41799,18.0669]]]}},{"type":"Feature","properties":{"cvegeo":"040100049","cve_ent":"04","fuente":"INEGI — Marco Geoestadístico 2024","fecha_corte":"2024-08","cve_mun":"04010","nombre":"Centauros del Norte","ambito":"Rural"},"geometry":{"type":"Polygon","coordinates":[[[-89.5347,18.35574],[-89.53462,18.35689],[-89.53578,18.35699],[-89.53675,18.35709],[-89.53678,18.35675],[-89.53687,18.35676],[-89.53724,18.35681],[-89.53717,18.35743],[-89.53785,18.35762],[-89.53782,18.35793],[-89.53782,18.35798],[-89.53886,18.35812],[-89.53886,18.35818],[-89.53952,18.35825],[-89.54009,18.35831],[-89.54018,18.35736],[-89.54015,18.35731],[-89.54122,18.35741],[-89.54132,18.35639],[-89.54138,18.35535],[-89.54148,18.35423],[-89.54157,18.3533],[-89.5405,18.35318],[-89.53989,18.35316],[-89.53935,18.3531],[-89.53831,18.35298],[-89.53786,18.35293],[-89.53798,18.35175],[-89.53734,18.35169],[-89.53618,18.35158],[-89.53503,18.35149],[-89.53493,18.35268],[-89.53486,18.35363],[-89.53478,18.35468],[-89.5347,18.35574]]]}},{"type":"Feature","properties":{"cvegeo":"040100099","cve_ent":"04","fuente":"INEGI — Marco Geoestadístico 2024","fecha_corte":"2024-08","cve_mun":"04010","nombre":"Ingeniero Eugenio Echeverría Castellot","ambito":"Rural"},"geometry":{"type":"Polygon","coordinates":[[[-89.59805,18.52816],[-89.59814,18.52874],[-89.59818,18.52917],[-89.59728,18.52927],[-89.59731,18.52985],[-89.59616,18.53009],[-89.59617,18.53036],[-89.5963,18.53158],[-89.5965,18.53264],[-89.59744,18.53255],[-89.59758,18.53358],[-89.5986,18.53345],[-89.59966,18.53331],[-89.60073,18.53317],[-89.60063,18.53217],[-89.60034,18.53211],[-89.60029,18.53157],[-89.60108,18.5315],[-89.60106,18.53118],[-89.60115,18.53097],[-89.60099,18.52979],[-89.60082,18.52884],[-89.60061,18.52787],[-89.60052,18.52692],[-89.60048,18.5264],[-89.59991,18.52643],[-89.59891,18.52651],[-89.59784,18.52663],[-89.59791,18.52716],[-89.59805,18.52816]]]}},{"type":"Feature","properties":{"cvegeo":"040100236","cve_ent":"04","fuente":"INEGI — Marco Geoestadístico 2024","fecha_corte":"2024-08","cve_mun":"04010","nombre":"Los Tambores de Emiliano Zapata","ambito":"Rural"},"geometry":{"type":"Polygon","coordinates":[[[-89.30988,17.99452],[-89.30937,17.99446],[-89.30902,17.99442],[-89.30888,17.9944],[-89.30879,17.99504],[-89.30919,17.99509],[-89.30916,17.99526],[-89.30911,17.99565],[-89.30967,17.99575],[-89.30959,17.99615],[-89.31058,17.99625],[-89.31117,17.99632],[-89.31159,17.99636],[-89.31159,17.99639],[-89.31261,17.9965],[-89.31242,17.99721],[-89.31351,17.99723],[-89.31452,17.99732],[-89.31463,17.99676],[-89.31471,17.99638],[-89.31477,17.99609],[-89.31479,17.99598],[-89.31509,17.99603],[-89.31565,17.99612],[-89.31588,17.99531],[-89.316,17.99458],[-89.31508,17.99441],[-89.31424,17.99429],[-89.31407,17.99427],[-89.31305,17.99415],[-89.31204,17.99401],[-89.3121,17.99354],[-89.31074,17.99328],[-89.31078,17.99305],[-89.31013,17.99298],[-89.31005,17.99364],[-89.30988,17.99452]]]}},{"type":"Feature","properties":{"cvegeo":"040100125","cve_ent":"04","fuente":"INEGI — Marco Geoestadístico 2024","fecha_corte":"2024-08","cve_mun":"04010","nombre":"Josefa Ortíz de Domínguez (Icaiché)","ambito":"Rural"},"geometry":{"type":"Polygon","coordinates":[[[-89.17409,18.06746],[-89.17409,18.06656],[-89.17299,18.06652],[-89.17197,18.06648],[-89.17096,18.06646],[-89.17096,18.06635],[-89.16978,18.06637],[-89.16979,18.06678],[-89.16904,18.06679],[-89.16906,18.06745],[-89.16907,18.06846],[-89.16908,18.06895],[-89.16909,18.06948],[-89.16911,18.07047],[-89.16857,18.07047],[-89.16832,18.07042],[-89.16821,18.07041],[-89.16813,18.07042],[-89.16815,18.07137],[-89.16912,18.0714],[-89.16913,18.07153],[-89.16981,18.07153],[-89.17086,18.07154],[-89.17189,18.07158],[-89.17293,18.07161],[-89.17397,18.07164],[-89.17496,18.07168],[-89.17504,18.0706],[-89.17509,18.06954],[-89.17355,18.06952],[-89.17298,18.06951],[-89.17298,18.06906],[-89.17299,18.06854],[-89.17355,18.06854],[-89.17409,18.06853],[-89.1741,18.0679],[-89.17411,18.06754],[-89.17409,18.06746]]]}},{"type":"Feature","properties":{"cvegeo":"040100217","cve_ent":"04","fuente":"INEGI — Marco Geoestadístico 2024","fecha_corte":"2024-08","cve_mun":"04010","nombre":"San Miguel","ambito":"Rural"},"geometry":{"type":"Polygon","coordinates":[[[-89.43649,18.09455],[-89.43686,18.09359],[-89.43721,18.0927],[-89.4359,18.09243],[-89.43578,18.09239],[-89.43506,18.09228],[-89.43482,18.09224],[-89.43496,18.09184],[-89.43393,18.09164],[-89.43381,18.09207],[-89.43334,18.09197],[-89.4331,18.09295],[-89.43347,18.09301],[-89.43331,18.09352],[-89.43317,18.09395],[-89.43285,18.09488],[-89.43386,18.09509],[-89.43491,18.09528],[-89.43614,18.09551],[-89.43649,18.09455]]]}},{"type":"Feature","properties":{"cvegeo":"040100007","cve_ent":"04","fuente":"INEGI — Marco Geoestadístico 2024","fecha_corte":"2024-08","cve_mun":"04010","nombre":"Los Alacranes","ambito":"Rural"},"geometry":{"type":"Polygon","coordinates":[[[-89.21431,17.98762],[-89.21433,17.98765],[-89.21563,17.98782],[-89.21594,17.98611],[-89.21627,17.98514],[-89.21662,17.98406],[-89.21684,17.98321],[-89.21712,17.98216],[-89.21757,17.98023],[-89.21661,17.98],[-89.2167,17.97982],[-89.21677,17.97952],[-89.21504,17.97924],[-89.21464,17.98168],[-89.21534,17.98183],[-89.2152,17.98291],[-89.21447,17.98277],[-89.21432,17.9838],[-89.21418,17.98478],[-89.21395,17.98648],[-89.21468,17.9866],[-89.21461,17.98717],[-89.21448,17.98748],[-89.21431,17.98762]]]}},{"type":"Feature","properties":{"cvegeo":"040100053","cve_ent":"04","fuente":"INEGI — Marco Geoestadístico 2024","fecha_corte":"2024-08","cve_mun":"04010","nombre":"Cerro de las Flores","ambito":"Rural"},"geometry":{"type":"Polygon","coordinates":[[[-89.21707,17.99233],[-89.21647,17.99234],[-89.21555,17.99239],[-89.21421,17.99246],[-89.21427,17.99299],[-89.21438,17.99323],[-89.21457,17.9934],[-89.21463,17.99427],[-89.21504,17.99425],[-89.21502,17.99551],[-89.21468,17.99552],[-89.21468,17.99594],[-89.21468,17.99597],[-89.21504,17.99596],[-89.21504,17.9969],[-89.21555,17.99689],[-89.21648,17.99688],[-89.21648,17.99613],[-89.21668,17.99621],[-89.21697,17.99627],[-89.21716,17.99631],[-89.21707,17.99404],[-89.21707,17.99233]]]}},{"type":"Feature","properties":{"cvegeo":"040100082","cve_ent":"04","fuente":"INEGI — Marco Geoestadístico 2024","fecha_corte":"2024-08","cve_mun":"04010","nombre":"Felipe Ángeles","ambito":"Rural"},"geometry":{"type":"Polygon","coordinates":[[[-89.26831,18.17529],[-89.26944,18.17535],[-89.26938,18.17639],[-89.27019,18.17648],[-89.2704,18.17651],[-89.27147,18.17666],[-89.27147,18.17666],[-89.27245,18.17684],[-89.27353,18.17702],[-89.27361,18.17591],[-89.27376,18.17486],[-89.2759,18.17517],[-89.27616,18.17275],[-89.27624,18.17173],[-89.27404,18.17153],[-89.27411,18.17058],[-89.27301,18.17049],[-89.27299,18.17143],[-89.27193,18.17139],[-89.27211,18.17036],[-89.27187,18.17035],[-89.27193,18.16967],[-89.27092,18.16959],[-89.27093,18.16917],[-89.26989,18.1691],[-89.26878,18.16904],[-89.26875,18.16959],[-89.26754,18.16954],[-89.26746,18.17113],[-89.26746,18.17214],[-89.26732,18.17309],[-89.26712,18.17501],[-89.26712,18.17566],[-89.26827,18.17575],[-89.26831,18.17529]]]}},{"type":"Feature","properties":{"cvegeo":"040100037","cve_ent":"04","fuente":"INEGI — Marco Geoestadístico 2024","fecha_corte":"2024-08","cve_mun":"04010","nombre":"Carlos A. Madrazo","ambito":"Rural"},"geometry":{"type":"Polygon","coordinates":[[[-89.24729,18.03622],[-89.2483,18.03614],[-89.24935,18.03608],[-89.24935,18.03553],[-89.24935,18.03505],[-89.24931,18.0341],[-89.25031,18.03392],[-89.25026,18.03341],[-89.24898,18.03364],[-89.2489,18.03307],[-89.24885,18.03269],[-89.24728,18.03278],[-89.24728,18.0333],[-89.2473,18.03439],[-89.2473,18.03527],[-89.24729,18.03622]]]}},{"type":"Feature","properties":{"cvegeo":"040100195","cve_ent":"04","fuente":"INEGI — Marco Geoestadístico 2024","fecha_corte":"2024-08","cve_mun":"04010","nombre":"Ricardo Flores Magón (Laguna Cooxlí)","ambito":"Rural"},"geometry":{"type":"Polygon","coordinates":[[[-89.16396,18.82481],[-89.16478,18.82497],[-89.16483,18.82467],[-89.1656,18.82478],[-89.16564,18.82434],[-89.16574,18.82419],[-89.16586,18.82392],[-89.16586,18.82349],[-89.16596,18.82269],[-89.16601,18.82251],[-89.16672,18.82259],[-89.16695,18.82133],[-89.1662,18.8211],[-89.1659,18.82106],[-89.16607,18.81975],[-89.1655,18.81987],[-89.16497,18.81996],[-89.16462,18.81999],[-89.1646,18.82015],[-89.16439,18.82002],[-89.16424,18.81994],[-89.16402,18.81995],[-89.16391,18.81998],[-89.16376,18.82],[-89.16369,18.82079],[-89.16401,18.82082],[-89.1638,18.82243],[-89.16427,18.82248],[-89.16419,18.8231],[-89.16416,18.82328],[-89.16408,18.82383],[-89.16405,18.82408],[-89.16396,18.82481]]]}},{"type":"Feature","properties":{"cvegeo":"040100024","cve_ent":"04","fuente":"INEGI — Marco Geoestadístico 2024","fecha_corte":"2024-08","cve_mun":"04010","nombre":"Bella Unión Veracruz (Los Chinos)","ambito":"Rural"},"geometry":{"type":"Polygon","coordinates":[[[-89.29071,18.03591],[-89.29158,18.03507],[-89.29229,18.03437],[-89.29204,18.03415],[-89.29152,18.03367],[-89.29121,18.03338],[-89.29078,18.03297],[-89.29148,18.03225],[-89.29212,18.03154],[-89.29165,18.03109],[-89.29117,18.03108],[-89.29018,18.0321],[-89.28998,18.03231],[-89.28952,18.03194],[-89.28883,18.03268],[-89.28929,18.03309],[-89.28858,18.03383],[-89.28787,18.03457],[-89.28746,18.03503],[-89.28725,18.03526],[-89.2872,18.03532],[-89.2873,18.03562],[-89.28733,18.03599],[-89.28799,18.03599],[-89.28834,18.0356],[-89.28862,18.03527],[-89.28885,18.03545],[-89.2895,18.03593],[-89.28959,18.03593],[-89.29071,18.03591]]]}},{"type":"Feature","properties":{"cvegeo":"040100046","cve_ent":"04","fuente":"INEGI — Marco Geoestadístico 2024","fecha_corte":"2024-08","cve_mun":"04010","nombre":"Caña Brava","ambito":"Rural"},"geometry":{"type":"Polygon","coordinates":[[[-89.3521,18.13485],[-89.35257,18.13513],[-89.35308,18.13428],[-89.35311,18.13431],[-89.35393,18.13483],[-89.35457,18.13401],[-89.35521,18.1344],[-89.35565,18.13352],[-89.3561,18.13261],[-89.35658,18.13166],[-89.35549,18.13105],[-89.35462,18.13051],[-89.35608,18.12846],[-89.35561,18.12816],[-89.35472,18.1294],[-89.35413,18.13021],[-89.35372,18.12996],[-89.35343,18.13038],[-89.35255,18.12982],[-89.35223,18.13023],[-89.35186,18.13072],[-89.35201,18.13086],[-89.35206,18.131],[-89.35209,18.13115],[-89.35209,18.13134],[-89.35255,18.13159],[-89.35201,18.13234],[-89.35195,18.13243],[-89.35188,18.13243],[-89.35162,18.13249],[-89.35139,18.13248],[-89.35126,18.13243],[-89.35095,18.13298],[-89.35161,18.13337],[-89.35151,18.13366],[-89.35131,18.134],[-89.3512,18.13412],[-89.35113,18.13425],[-89.35114,18.13431],[-89.35197,18.1347],[-89.352,18.13468],[-89.35205,18.13469],[-89.3521,18.13485]]]}},{"type":"Feature","properties":{"cvegeo":"040100075","cve_ent":"04","fuente":"INEGI — Marco Geoestadístico 2024","fecha_corte":"2024-08","cve_mun":"04010","nombre":"Dos Lagunas","ambito":"Rural"},"geometry":{"type":"Polygon","coordinates":[[[-89.34921,18.89525],[-89.34906,18.89544],[-89.34888,18.89591],[-89.34971,18.89603],[-89.35009,18.89607],[-89.35051,18.89551],[-89.35083,18.89508],[-89.35176,18.89567],[-89.35243,18.89485],[-89.35307,18.89406],[-89.35368,18.89315],[-89.35405,18.89265],[-89.35303,18.89205],[-89.35337,18.89159],[-89.35235,18.89095],[-89.35226,18.89106],[-89.35211,18.89095],[-89.35181,18.89074],[-89.35141,18.89047],[-89.35086,18.89122],[-89.34984,18.89052],[-89.34926,18.89139],[-89.34936,18.89146],[-89.34879,18.89228],[-89.34872,18.89225],[-89.3487,18.89227],[-89.34807,18.89312],[-89.34751,18.89394],[-89.34838,18.89458],[-89.34921,18.89525]]]}},{"type":"Feature","properties":{"cvegeo":"040100091","cve_ent":"04","fuente":"INEGI — Marco Geoestadístico 2024","fecha_corte":"2024-08","cve_mun":"04010","nombre":"La Guadalupe","ambito":"Rural"},"geometry":{"type":"Polygon","coordinates":[[[-89.48196,18.33379],[-89.48196,18.33379],[-89.48175,18.33478],[-89.48226,18.33496],[-89.48228,18.3349],[-89.4832,18.33529],[-89.48359,18.33394],[-89.4837,18.33397],[-89.48384,18.33387],[-89.48395,18.33375],[-89.48401,18.33359],[-89.48414,18.3331],[-89.48383,18.33297],[-89.48406,18.33203],[-89.48405,18.33203],[-89.48362,18.33184],[-89.48391,18.331],[-89.48393,18.33093],[-89.48393,18.33093],[-89.48393,18.33093],[-89.48336,18.33069],[-89.48359,18.32979],[-89.48362,18.32968],[-89.48322,18.32951],[-89.48236,18.32917],[-89.48152,18.32881],[-89.48182,18.32838],[-89.48013,18.32764],[-89.4802,18.32796],[-89.48027,18.32827],[-89.47997,18.32813],[-89.47939,18.32788],[-89.47909,18.32829],[-89.47882,18.32867],[-89.47833,18.32853],[-89.4783,18.32853],[-89.47777,18.32848],[-89.47759,18.32926],[-89.47757,18.3293],[-89.47742,18.3297],[-89.4774,18.32971],[-89.47738,18.32975],[-89.47687,18.33113],[-89.47687,18.33116],[-89.47644,18.33209],[-89.47612,18.33303],[-89.47614,18.33304],[-89.47711,18.33342],[-89.47708,18.33349],[-89.47713,18.33351],[-89.47786,18.33379],[-89.47841,18.33399],[-89.47846,18.33401],[-89.47847,18.33402],[-89.47885,18.33416],[-89.47945,18.3344],[-89.47951,18.33442],[-89.4798,18.33349],[-89.48027,18.33369],[-89.48051,18.33379],[-89.48112,18.33404],[-89.48114,18.33405],[-89.48149,18.33353],[-89.48149,18.33353],[-89.48196,18.33379]]]}},{"type":"Feature","properties":{"cvegeo":"040100131","cve_ent":"04","fuente":"INEGI — Marco Geoestadístico 2024","fecha_corte":"2024-08","cve_mun":"04010","nombre":"Lázaro Cárdenas Número 2 (Ojo de Agua)","ambito":"Rural"},"geometry":{"type":"Polygon","coordinates":[[[-89.22415,17.96172],[-89.22439,17.96211],[-89.22522,17.96146],[-89.22529,17.96151],[-89.22583,17.96217],[-89.22619,17.96194],[-89.22742,17.96109],[-89.22731,17.96092],[-89.22776,17.9606],[-89.22765,17.9604],[-89.22792,17.96018],[-89.22805,17.96008],[-89.22844,17.95983],[-89.22866,17.96022],[-89.22913,17.95988],[-89.22995,17.95926],[-89.23079,17.95862],[-89.23128,17.95943],[-89.23191,17.96013],[-89.23235,17.95983],[-89.2321,17.9595],[-89.23252,17.95918],[-89.23272,17.95942],[-89.23388,17.95879],[-89.23312,17.95829],[-89.23279,17.95777],[-89.23215,17.9567],[-89.23157,17.95565],[-89.2306,17.95627],[-89.23032,17.95586],[-89.22859,17.95704],[-89.22819,17.95735],[-89.22777,17.95767],[-89.22611,17.95892],[-89.2243,17.96028],[-89.22479,17.96074],[-89.22415,17.96172]]]}},{"type":"Feature","properties":{"cvegeo":"040100170","cve_ent":"04","fuente":"INEGI — Marco Geoestadístico 2024","fecha_corte":"2024-08","cve_mun":"04010","nombre":"Once de Mayo","ambito":"Rural"},"geometry":{"type":"Polygon","coordinates":[[[-89.46179,18.09414],[-89.46187,18.09311],[-89.46289,18.09315],[-89.46299,18.09222],[-89.4631,18.09125],[-89.46323,18.09021],[-89.46334,18.08921],[-89.46286,18.08916],[-89.46234,18.08911],[-89.46217,18.0886],[-89.46214,18.08853],[-89.46158,18.08848],[-89.46075,18.08835],[-89.46058,18.0883],[-89.46006,18.08821],[-89.4597,18.08816],[-89.45963,18.08909],[-89.45958,18.08979],[-89.45904,18.08971],[-89.45879,18.09145],[-89.45872,18.09151],[-89.45872,18.09174],[-89.45861,18.09276],[-89.45856,18.09321],[-89.4585,18.09364],[-89.45844,18.09419],[-89.45881,18.09423],[-89.45947,18.09432],[-89.45999,18.09438],[-89.46063,18.09446],[-89.46075,18.09402],[-89.46179,18.09414]]]}},{"type":"Feature","properties":{"cvegeo":"040100154","cve_ent":"04","fuente":"INEGI — Marco Geoestadístico 2024","fecha_corte":"2024-08","cve_mun":"04010","nombre":"Niños Héroes","ambito":"Rural"},"geometry":{"type":"Polygon","coordinates":[[[-89.46194,18.15447],[-89.46206,18.15352],[-89.46212,18.1527],[-89.46212,18.15234],[-89.46212,18.15194],[-89.46218,18.15196],[-89.46222,18.15165],[-89.46219,18.15145],[-89.46209,18.15124],[-89.46201,18.1511],[-89.46188,18.15098],[-89.46159,18.15086],[-89.46143,18.1508],[-89.46142,18.15082],[-89.46054,18.15068],[-89.46049,18.1507],[-89.46035,18.15068],[-89.46029,18.15064],[-89.45984,18.15056],[-89.4592,18.15047],[-89.45923,18.15063],[-89.45865,18.15071],[-89.45874,18.15146],[-89.45884,18.15224],[-89.45894,18.15297],[-89.45893,18.15304],[-89.45884,18.15387],[-89.45922,18.15394],[-89.46027,18.15415],[-89.46108,18.15429],[-89.46194,18.15447]]]}},{"type":"Feature","properties":{"cvegeo":"040100160","cve_ent":"04","fuente":"INEGI — Marco Geoestadístico 2024","fecha_corte":"2024-08","cve_mun":"04010","nombre":"Nuevo Campanario","ambito":"Rural"},"geometry":{"type":"Polygon","coordinates":[[[-89.43091,18.45234],[-89.43208,18.4525],[-89.4321,18.45251],[-89.43318,18.45265],[-89.43414,18.45271],[-89.43427,18.45178],[-89.4347,18.45182],[-89.43508,18.45187],[-89.4352,18.45099],[-89.43528,18.45009],[-89.43539,18.44955],[-89.43555,18.44921],[-89.43556,18.44921],[-89.43546,18.44917],[-89.43558,18.44834],[-89.4347,18.44826],[-89.43431,18.44822],[-89.43373,18.44817],[-89.43326,18.44809],[-89.43266,18.448],[-89.43261,18.44799],[-89.43149,18.44785],[-89.43141,18.44874],[-89.43129,18.44961],[-89.4312,18.45032],[-89.43106,18.45136],[-89.43091,18.45234]]]}},{"type":"Feature","properties":{"cvegeo":"040100179","cve_ent":"04","fuente":"INEGI — Marco Geoestadístico 2024","fecha_corte":"2024-08","cve_mun":"04010","nombre":"Cinco de Mayo (Plan de Ayala)","ambito":"Rural"},"geometry":{"type":"Polygon","coordinates":[[[-89.29825,18.07184],[-89.29839,18.07187],[-89.29812,18.07281],[-89.29789,18.0734],[-89.29768,18.07396],[-89.29808,18.07402],[-89.29878,18.07408],[-89.29949,18.07412],[-89.29974,18.07304],[-89.30084,18.07316],[-89.30102,18.0722],[-89.30123,18.07119],[-89.30144,18.0712],[-89.30153,18.07019],[-89.30194,18.07024],[-89.30197,18.06931],[-89.30183,18.06923],[-89.30162,18.06916],[-89.30091,18.06913],[-89.30106,18.06815],[-89.30123,18.06636],[-89.30051,18.06629],[-89.29927,18.06635],[-89.29918,18.06613],[-89.2991,18.06597],[-89.29901,18.06584],[-89.2988,18.06563],[-89.29805,18.06778],[-89.29796,18.06829],[-89.29774,18.06973],[-89.29762,18.06972],[-89.29759,18.07009],[-89.29752,18.07077],[-89.29743,18.07173],[-89.29825,18.07184]]]}},{"type":"Feature","properties":{"cvegeo":"040100256","cve_ent":"04","fuente":"INEGI — Marco Geoestadístico 2024","fecha_corte":"2024-08","cve_mun":"04010","nombre":"Unidad y Trabajo","ambito":"Rural"},"geometry":{"type":"Polygon","coordinates":[[[-89.39867,18.12023],[-89.39911,18.12019],[-89.39909,18.11988],[-89.39978,18.11984],[-89.40016,18.11981],[-89.40018,18.12029],[-89.40125,18.12023],[-89.40124,18.1198],[-89.40233,18.11977],[-89.40232,18.1187],[-89.40234,18.11773],[-89.40234,18.11768],[-89.40234,18.11764],[-89.40226,18.1168],[-89.40143,18.11666],[-89.40103,18.1168],[-89.401,18.11658],[-89.40076,18.11647],[-89.40069,18.11635],[-89.40066,18.11619],[-89.4005,18.11575],[-89.40002,18.11598],[-89.39896,18.11618],[-89.39898,18.11682],[-89.39847,18.11685],[-89.39851,18.11793],[-89.39857,18.11891],[-89.39867,18.12023]]]}},{"type":"Feature","properties":{"cvegeo":"040100265","cve_ent":"04","fuente":"INEGI — Marco Geoestadístico 2024","fecha_corte":"2024-08","cve_mun":"04010","nombre":"La Victoria","ambito":"Rural"},"geometry":{"type":"Polygon","coordinates":[[[-89.38932,18.22311],[-89.38925,18.22269],[-89.38891,18.22274],[-89.38847,18.22112],[-89.38839,18.22072],[-89.38823,18.22015],[-89.38798,18.2192],[-89.38727,18.21934],[-89.38717,18.21937],[-89.38709,18.21943],[-89.38597,18.21963],[-89.38545,18.21975],[-89.38555,18.22019],[-89.38502,18.22029],[-89.38493,18.21986],[-89.38396,18.22008],[-89.38401,18.22042],[-89.38299,18.22056],[-89.38312,18.2212],[-89.38355,18.22112],[-89.38365,18.22168],[-89.38383,18.22166],[-89.38393,18.22207],[-89.3837,18.22212],[-89.38378,18.22309],[-89.38459,18.22301],[-89.38544,18.22267],[-89.38571,18.22282],[-89.38594,18.22377],[-89.38478,18.22396],[-89.38496,18.22495],[-89.38619,18.22475],[-89.38704,18.22459],[-89.3881,18.22443],[-89.38916,18.22423],[-89.38915,18.22405],[-89.38898,18.22314],[-89.38932,18.22311]]]}},{"type":"Feature","properties":{"cvegeo":"040100238","cve_ent":"04","fuente":"INEGI — Marco Geoestadístico 2024","fecha_corte":"2024-08","cve_mun":"04010","nombre":"El Tesoro","ambito":"Rural"},"geometry":{"type":"Polygon","coordinates":[[[-89.18625,18.15948],[-89.18703,18.16023],[-89.18761,18.16087],[-89.18794,18.1612],[-89.18871,18.1605],[-89.18949,18.15981],[-89.18952,18.15978],[-89.19018,18.15909],[-89.19092,18.15837],[-89.19167,18.15763],[-89.19181,18.1575],[-89.19237,18.15688],[-89.19129,18.15593],[-89.19147,18.15577],[-89.19165,18.15566],[-89.19085,18.15487],[-89.19012,18.15413],[-89.18974,18.15378],[-89.18791,18.15561],[-89.18796,18.15566],[-89.18721,18.15639],[-89.18645,18.15712],[-89.18607,18.15674],[-89.18533,18.15754],[-89.18428,18.15865],[-89.18387,18.15822],[-89.18314,18.15749],[-89.18237,18.15851],[-89.18319,18.15909],[-89.18336,18.15919],[-89.18305,18.16004],[-89.18381,18.16045],[-89.18436,18.16057],[-89.1846,18.16057],[-89.18486,18.16051],[-89.18502,18.16045],[-89.18521,18.16033],[-89.18541,18.16015],[-89.18625,18.15948]]]}},{"type":"Feature","properties":{"cvegeo":"040100164","cve_ent":"04","fuente":"INEGI — Marco Geoestadístico 2024","fecha_corte":"2024-08","cve_mun":"04010","nombre":"Nuevo Paraíso","ambito":"Rural"},"geometry":{"type":"Polygon","coordinates":[[[-89.24314,18.11428],[-89.24316,18.11407],[-89.24321,18.11329],[-89.24402,18.11329],[-89.2443,18.1133],[-89.24426,18.1141],[-89.2453,18.11406],[-89.24528,18.11382],[-89.24561,18.11384],[-89.2456,18.11333],[-89.24523,18.11332],[-89.2444,18.11329],[-89.24444,18.11276],[-89.24447,18.11234],[-89.24449,18.11198],[-89.24454,18.11133],[-89.24342,18.11132],[-89.24335,18.11134],[-89.24337,18.11084],[-89.2434,18.1102],[-89.24297,18.1102],[-89.24233,18.11019],[-89.2414,18.11019],[-89.24134,18.11128],[-89.2413,18.11226],[-89.24128,18.11249],[-89.24032,18.11253],[-89.2383,18.11247],[-89.23825,18.11249],[-89.23822,18.1125],[-89.2386,18.11277],[-89.2391,18.11314],[-89.23875,18.11399],[-89.23867,18.11419],[-89.23854,18.11451],[-89.23841,18.11483],[-89.23837,18.1149],[-89.23876,18.11493],[-89.23913,18.11496],[-89.23983,18.11502],[-89.24013,18.11505],[-89.24119,18.11513],[-89.24119,18.11454],[-89.24121,18.11422],[-89.24224,18.11425],[-89.24239,18.11426],[-89.24265,18.11428],[-89.24282,18.11428],[-89.24314,18.11428]]]}},{"type":"Feature","properties":{"cvegeo":"040100002","cve_ent":"04","fuente":"INEGI — Marco Geoestadístico 2024","fecha_corte":"2024-08","cve_mun":"04010","nombre":"Dieciséis de Septiembre (Laguna Alvarado)","ambito":"Rural"},"geometry":{"type":"Polygon","coordinates":[[[-89.27338,18.02015],[-89.2736,18.01976],[-89.27453,18.02019],[-89.27543,18.02064],[-89.27572,18.02019],[-89.27664,18.01877],[-89.27687,18.01843],[-89.27746,18.01768],[-89.27737,18.0174],[-89.27633,18.01743],[-89.27598,18.01791],[-89.27508,18.01737],[-89.27422,18.01687],[-89.27432,18.01674],[-89.27449,18.01649],[-89.27357,18.01594],[-89.27314,18.01663],[-89.27225,18.01614],[-89.27166,18.01694],[-89.27114,18.01774],[-89.27031,18.01727],[-89.27026,18.01724],[-89.26993,18.01772],[-89.27175,18.01871],[-89.27275,18.01919],[-89.27247,18.01969],[-89.27338,18.02015]]]}},{"type":"Feature","properties":{"cvegeo":"040100176","cve_ent":"04","fuente":"INEGI — Marco Geoestadístico 2024","fecha_corte":"2024-08","cve_mun":"04010","nombre":"Pioneros del Río Xnohá","ambito":"Rural"},"geometry":{"type":"Polygon","coordinates":[[[-89.16894,17.8901],[-89.17016,17.89003],[-89.17128,17.88998],[-89.17229,17.88993],[-89.17329,17.88988],[-89.17323,17.88906],[-89.17412,17.88898],[-89.17424,17.88897],[-89.17484,17.88886],[-89.1748,17.88857],[-89.17479,17.88848],[-89.17478,17.88841],[-89.17478,17.88835],[-89.17467,17.88745],[-89.17456,17.88745],[-89.17451,17.88649],[-89.1745,17.88644],[-89.1745,17.88638],[-89.17444,17.88543],[-89.17444,17.88539],[-89.17373,17.88551],[-89.17366,17.88552],[-89.17329,17.88547],[-89.17274,17.88547],[-89.17168,17.88549],[-89.17164,17.88527],[-89.17063,17.88529],[-89.16971,17.8853],[-89.16872,17.88531],[-89.16868,17.88563],[-89.16763,17.88564],[-89.16653,17.88568],[-89.16651,17.88538],[-89.16492,17.88545],[-89.16516,17.88679],[-89.16531,17.88678],[-89.16658,17.88673],[-89.16659,17.88707],[-89.16658,17.88773],[-89.1669,17.88772],[-89.16709,17.88844],[-89.16772,17.88859],[-89.16774,17.88895],[-89.16839,17.88888],[-89.16884,17.88882],[-89.16894,17.8901]]]}},{"type":"Feature","properties":{"cvegeo":"040100013","cve_ent":"04","fuente":"INEGI — Marco Geoestadístico 2024","fecha_corte":"2024-08","cve_mun":"04010","nombre":"Los Ángeles","ambito":"Rural"},"geometry":{"type":"Polygon","coordinates":[[[-89.17888,18.21837],[-89.17973,18.21801],[-89.17994,18.21846],[-89.18109,18.21846],[-89.18113,18.21845],[-89.18161,18.21846],[-89.18179,18.2182],[-89.18206,18.21803],[-89.18231,18.21858],[-89.18347,18.21868],[-89.18464,18.21878],[-89.18399,18.21733],[-89.18403,18.21734],[-89.18491,18.21695],[-89.18457,18.2161],[-89.18406,18.2152],[-89.18414,18.21515],[-89.18388,18.21465],[-89.1838,18.2144],[-89.18377,18.21431],[-89.18354,18.21377],[-89.18324,18.21319],[-89.18307,18.21286],[-89.18215,18.21338],[-89.18192,18.2135],[-89.18147,18.21261],[-89.18159,18.21254],[-89.1812,18.21179],[-89.18048,18.21211],[-89.18007,18.21225],[-89.17961,18.21242],[-89.17952,18.21254],[-89.17857,18.21303],[-89.1777,18.21349],[-89.17711,18.21381],[-89.1776,18.21467],[-89.17748,18.21474],[-89.17765,18.21511],[-89.17716,18.21535],[-89.17753,18.21612],[-89.17803,18.21591],[-89.17833,18.21651],[-89.17818,18.21659],[-89.17863,18.21741],[-89.17843,18.21752],[-89.17845,18.21754],[-89.17888,18.21837]]]}},{"type":"Feature","properties":{"cvegeo":"040100165","cve_ent":"04","fuente":"INEGI — Marco Geoestadístico 2024","fecha_corte":"2024-08","cve_mun":"04010","nombre":"Nuevo Progreso","ambito":"Rural"},"geometry":{"type":"Polygon","coordinates":[[[-89.22846,18.27271],[-89.22883,18.27247],[-89.22914,18.2723],[-89.2299,18.27182],[-89.23001,18.27197],[-89.23077,18.27152],[-89.23144,18.27106],[-89.23122,18.27077],[-89.23161,18.2705],[-89.23094,18.26958],[-89.23042,18.2688],[-89.23,18.26908],[-89.2293,18.26954],[-89.22784,18.2705],[-89.22719,18.27092],[-89.22769,18.27166],[-89.22815,18.27235],[-89.22846,18.27271]]]}},{"type":"Feature","properties":{"cvegeo":"040100026","cve_ent":"04","fuente":"INEGI — Marco Geoestadístico 2024","fecha_corte":"2024-08","cve_mun":"04010","nombre":"Blasillo","ambito":"Rural"},"geometry":{"type":"Polygon","coordinates":[[[-89.30869,18.11024],[-89.308,18.11061],[-89.30775,18.11074],[-89.30825,18.11159],[-89.30878,18.11252],[-89.30929,18.11339],[-89.30964,18.11405],[-89.30917,18.11428],[-89.30949,18.11481],[-89.30991,18.11468],[-89.31077,18.11433],[-89.3118,18.11383],[-89.31259,18.11345],[-89.31267,18.11339],[-89.3127,18.11333],[-89.31266,18.1132],[-89.31232,18.11257],[-89.31325,18.11205],[-89.31427,18.11156],[-89.31443,18.11142],[-89.31467,18.1113],[-89.31509,18.11109],[-89.31488,18.11063],[-89.31465,18.11074],[-89.31446,18.11082],[-89.31396,18.10994],[-89.31446,18.10977],[-89.31417,18.10923],[-89.31398,18.10887],[-89.31321,18.10919],[-89.31301,18.10926],[-89.31246,18.10952],[-89.31107,18.11016],[-89.31066,18.10951],[-89.31034,18.10967],[-89.31008,18.1092],[-89.30947,18.10943],[-89.30928,18.10905],[-89.30824,18.10944],[-89.30869,18.11024]]]}},{"type":"Feature","properties":{"cvegeo":"040100127","cve_ent":"04","fuente":"INEGI — Marco Geoestadístico 2024","fecha_corte":"2024-08","cve_mun":"04010","nombre":"Justo Sierra Méndez","ambito":"Rural"},"geometry":{"type":"Polygon","coordinates":[[[-89.24093,17.87514],[-89.24119,17.87515],[-89.24148,17.87519],[-89.24223,17.87328],[-89.24278,17.87188],[-89.24278,17.87186],[-89.24269,17.87187],[-89.24262,17.87187],[-89.24235,17.87178],[-89.24221,17.87172],[-89.24207,17.87165],[-89.24195,17.87161],[-89.24231,17.87062],[-89.24137,17.87024],[-89.24117,17.87015],[-89.24039,17.86982],[-89.24026,17.87019],[-89.24006,17.87076],[-89.23969,17.87177],[-89.23959,17.87202],[-89.2393,17.87275],[-89.23895,17.87368],[-89.2389,17.87375],[-89.23871,17.87423],[-89.23967,17.87465],[-89.23959,17.87494],[-89.24081,17.87511],[-89.24082,17.87511],[-89.24093,17.87514]]]}},{"type":"Feature","properties":{"cvegeo":"040100021","cve_ent":"04","fuente":"INEGI — Marco Geoestadístico 2024","fecha_corte":"2024-08","cve_mun":"04010","nombre":"Becán","ambito":"Rural"},"geometry":{"type":"Polygon","coordinates":[[[-89.46373,18.51671],[-89.46376,18.51602],[-89.46377,18.51583],[-89.46441,18.51596],[-89.46451,18.51529],[-89.4633,18.51493],[-89.46338,18.51441],[-89.46342,18.51401],[-89.46377,18.51402],[-89.46382,18.51368],[-89.46486,18.51378],[-89.46494,18.513],[-89.46495,18.5129],[-89.46418,18.51284],[-89.46419,18.51236],[-89.46471,18.51244],[-89.46476,18.51195],[-89.46481,18.51089],[-89.46378,18.51081],[-89.46385,18.51019],[-89.46385,18.51016],[-89.46182,18.51001],[-89.46187,18.5092],[-89.46085,18.50912],[-89.46042,18.50909],[-89.46039,18.50941],[-89.46036,18.50973],[-89.46029,18.51055],[-89.46109,18.51062],[-89.46098,18.51156],[-89.46062,18.51152],[-89.46052,18.51261],[-89.45946,18.51254],[-89.45803,18.51244],[-89.45796,18.51365],[-89.45937,18.51374],[-89.4604,18.51381],[-89.46037,18.51479],[-89.46138,18.5149],[-89.46132,18.51585],[-89.46236,18.51592],[-89.46234,18.51654],[-89.46312,18.51659],[-89.46373,18.51671]]]}},{"type":"Feature","properties":{"cvegeo":"040100266","cve_ent":"04","fuente":"INEGI — Marco Geoestadístico 2024","fecha_corte":"2024-08","cve_mun":"04010","nombre":"La Virgencita de la Candelaria","ambito":"Rural"},"geometry":{"type":"Polygon","coordinates":[[[-89.31357,18.24057],[-89.31381,18.24054],[-89.31373,18.23963],[-89.31367,18.23865],[-89.31302,18.23868],[-89.31257,18.2387],[-89.31262,18.23827],[-89.31266,18.23782],[-89.31156,18.2378],[-89.31046,18.23789],[-89.31045,18.23801],[-89.31041,18.23895],[-89.30936,18.23907],[-89.30947,18.23807],[-89.30836,18.23817],[-89.30836,18.23821],[-89.30809,18.23819],[-89.30731,18.23822],[-89.30627,18.23833],[-89.30636,18.2394],[-89.30721,18.23928],[-89.30722,18.24026],[-89.3071,18.24128],[-89.30755,18.24123],[-89.30749,18.24223],[-89.30693,18.24231],[-89.30684,18.24284],[-89.30798,18.24263],[-89.30796,18.24319],[-89.3089,18.24312],[-89.30901,18.24246],[-89.31005,18.24241],[-89.31,18.24292],[-89.31103,18.24283],[-89.3121,18.24275],[-89.31218,18.24174],[-89.31352,18.24163],[-89.31357,18.24057]]]}},{"type":"Feature","properties":{"cvegeo":"040100152","cve_ent":"04","fuente":"INEGI — Marco Geoestadístico 2024","fecha_corte":"2024-08","cve_mun":"04010","nombre":"Narcizo Mendoza","ambito":"Rural"},"geometry":{"type":"Polygon","coordinates":[[[-89.45241,18.23305],[-89.45239,18.2334],[-89.4524,18.23344],[-89.45247,18.23339],[-89.45274,18.23299],[-89.45308,18.23248],[-89.45334,18.23209],[-89.4538,18.23212],[-89.45457,18.23217],[-89.45462,18.23166],[-89.45571,18.23173],[-89.45624,18.23176],[-89.45629,18.23076],[-89.4568,18.2308],[-89.45682,18.23041],[-89.45685,18.22975],[-89.45688,18.2297],[-89.45695,18.22872],[-89.45696,18.22801],[-89.45697,18.2277],[-89.45702,18.22676],[-89.45613,18.22672],[-89.45598,18.22671],[-89.45482,18.22666],[-89.45426,18.22663],[-89.45382,18.2266],[-89.45275,18.2265],[-89.45274,18.2265],[-89.45274,18.22661],[-89.45268,18.22795],[-89.45265,18.22795],[-89.45158,18.22788],[-89.45158,18.22843],[-89.45099,18.22841],[-89.45093,18.22943],[-89.45089,18.2304],[-89.45067,18.23038],[-89.45057,18.23144],[-89.45008,18.23143],[-89.44976,18.23146],[-89.44974,18.23173],[-89.44967,18.23242],[-89.45034,18.23245],[-89.45092,18.23249],[-89.45137,18.23251],[-89.45139,18.2323],[-89.45244,18.23235],[-89.45241,18.23305]]]}},{"type":"Feature","properties":{"cvegeo":"040100161","cve_ent":"04","fuente":"INEGI — Marco Geoestadístico 2024","fecha_corte":"2024-08","cve_mun":"04010","nombre":"Nuevo Conhuás","ambito":"Rural"},"geometry":{"type":"Polygon","coordinates":[[[-89.91058,18.53994],[-89.91058,18.53998],[-89.91275,18.54009],[-89.91277,18.5401],[-89.91379,18.54016],[-89.91483,18.5402],[-89.91589,18.5403],[-89.91785,18.54043],[-89.91896,18.5405],[-89.91992,18.54055],[-89.92105,18.54063],[-89.92211,18.54068],[-89.92313,18.54074],[-89.92421,18.54081],[-89.92526,18.54089],[-89.92593,18.54095],[-89.92592,18.53976],[-89.92599,18.53873],[-89.92539,18.53869],[-89.92542,18.53813],[-89.92425,18.53803],[-89.92424,18.53667],[-89.92329,18.5366],[-89.9222,18.53648],[-89.92223,18.53609],[-89.92105,18.53603],[-89.92,18.53597],[-89.91782,18.53584],[-89.91687,18.53579],[-89.91596,18.53577],[-89.91593,18.53651],[-89.91592,18.53706],[-89.91575,18.53706],[-89.91513,18.53703],[-89.91457,18.53699],[-89.91344,18.53691],[-89.91249,18.53689],[-89.91244,18.53641],[-89.91239,18.53592],[-89.9113,18.53595],[-89.91134,18.53635],[-89.91139,18.53692],[-89.91143,18.53692],[-89.91143,18.53693],[-89.91143,18.53697],[-89.9114,18.53779],[-89.91098,18.53775],[-89.91108,18.53882],[-89.91059,18.53879],[-89.91059,18.5392],[-89.91058,18.53994]]]}},{"type":"Feature","properties":{"cvegeo":"040100192","cve_ent":"04","fuente":"INEGI — Marco Geoestadístico 2024","fecha_corte":"2024-08","cve_mun":"04010","nombre":"Quiché de las Pailas","ambito":"Rural"},"geometry":{"type":"Polygon","coordinates":[[[-89.34193,18.075],[-89.34195,18.07457],[-89.34196,18.07435],[-89.34143,18.07434],[-89.34141,18.07405],[-89.34053,18.07382],[-89.34043,18.07375],[-89.34021,18.07369],[-89.33971,18.07363],[-89.33962,18.07362],[-89.33949,18.07346],[-89.33931,18.07335],[-89.33877,18.07321],[-89.33875,18.07352],[-89.33873,18.07509],[-89.33871,18.07532],[-89.33867,18.07596],[-89.33816,18.07599],[-89.33822,18.0764],[-89.33828,18.07689],[-89.33864,18.07772],[-89.33954,18.07764],[-89.33953,18.07813],[-89.34045,18.07812],[-89.34066,18.07847],[-89.34064,18.07849],[-89.34063,18.07919],[-89.34062,18.07993],[-89.34133,18.07992],[-89.3418,18.07991],[-89.34182,18.07918],[-89.34184,18.07843],[-89.34186,18.07759],[-89.34188,18.07668],[-89.34191,18.07581],[-89.34193,18.075]]]}},{"type":"Feature","properties":{"cvegeo":"040100141","cve_ent":"04","fuente":"INEGI — Marco Geoestadístico 2024","fecha_corte":"2024-08","cve_mun":"04010","nombre":"El Manantial","ambito":"Rural"},"geometry":{"type":"Polygon","coordinates":[[[-89.37588,18.26256],[-89.37624,18.26349],[-89.37674,18.26331],[-89.3764,18.26234],[-89.37709,18.26204],[-89.37715,18.26201],[-89.37721,18.26206],[-89.37724,18.2621],[-89.37728,18.26216],[-89.37732,18.26221],[-89.37735,18.26225],[-89.37738,18.26233],[-89.37742,18.26232],[-89.37831,18.26189],[-89.37852,18.26254],[-89.37951,18.26204],[-89.37986,18.26301],[-89.38125,18.26243],[-89.38138,18.26232],[-89.3824,18.26191],[-89.3819,18.26103],[-89.38148,18.26116],[-89.38127,18.26062],[-89.3811,18.26023],[-89.38098,18.25994],[-89.38082,18.25941],[-89.38077,18.25925],[-89.38052,18.25827],[-89.38056,18.25826],[-89.38041,18.25784],[-89.37987,18.25796],[-89.37969,18.2575],[-89.37953,18.25701],[-89.37937,18.2565],[-89.37911,18.25585],[-89.37898,18.25606],[-89.37894,18.25613],[-89.37888,18.25632],[-89.37889,18.25643],[-89.37842,18.25642],[-89.37783,18.2564],[-89.37782,18.25662],[-89.37787,18.25682],[-89.37687,18.25713],[-89.37702,18.25755],[-89.3772,18.25808],[-89.37731,18.25849],[-89.37687,18.25874],[-89.37608,18.25914],[-89.37534,18.25951],[-89.37537,18.25953],[-89.37542,18.2596],[-89.37546,18.25967],[-89.37552,18.25976],[-89.37555,18.25986],[-89.37555,18.25993],[-89.37555,18.25999],[-89.37556,18.26004],[-89.37558,18.2601],[-89.37559,18.26014],[-89.3756,18.26018],[-89.37561,18.26021],[-89.37562,18.26025],[-89.37564,18.26029],[-89.37566,18.26033],[-89.37562,18.26036],[-89.37561,18.26037],[-89.37554,18.2604],[-89.37475,18.26074],[-89.37513,18.26182],[-89.37526,18.26176],[-89.37545,18.26212],[-89.37565,18.26207],[-89.37588,18.26256]]]}},{"type":"Feature","properties":{"cvegeo":"040100095","cve_ent":"04","fuente":"INEGI — Marco Geoestadístico 2024","fecha_corte":"2024-08","cve_mun":"04010","nombre":"Gustavo Díaz Ordaz (San Antonio Soda)","ambito":"Rural"},"geometry":{"type":"Polygon","coordinates":[[[-89.13029,18.42174],[-89.13132,18.42248],[-89.13173,18.42278],[-89.1326,18.4231],[-89.1337,18.42329],[-89.13348,18.42423],[-89.1335,18.42429],[-89.13356,18.42427],[-89.13384,18.42433],[-89.13396,18.42436],[-89.13435,18.42444],[-89.13455,18.42447],[-89.13564,18.42479],[-89.13606,18.4228],[-89.13628,18.4218],[-89.13636,18.42132],[-89.13652,18.42073],[-89.13825,18.42107],[-89.13833,18.42104],[-89.13832,18.42099],[-89.13748,18.42031],[-89.138,18.41881],[-89.13853,18.41849],[-89.13861,18.4187],[-89.1387,18.41885],[-89.13908,18.41885],[-89.13908,18.41822],[-89.13946,18.4182],[-89.13941,18.41782],[-89.13948,18.41778],[-89.13946,18.41707],[-89.13889,18.41708],[-89.13891,18.41702],[-89.1391,18.41675],[-89.13924,18.41654],[-89.13645,18.41632],[-89.13586,18.41627],[-89.13537,18.41603],[-89.13517,18.41597],[-89.13498,18.41594],[-89.13481,18.41596],[-89.13466,18.41597],[-89.13453,18.41674],[-89.13386,18.41664],[-89.13228,18.41644],[-89.13125,18.41917],[-89.13029,18.42174]]]}},{"type":"Feature","properties":{"cvegeo":"040100124","cve_ent":"04","fuente":"INEGI — Marco Geoestadístico 2024","fecha_corte":"2024-08","cve_mun":"04010","nombre":"José María Morelos y Pavón (Civalito)","ambito":"Rural"},"geometry":{"type":"Polygon","coordinates":[[[-89.28241,17.88728],[-89.28346,17.88725],[-89.28453,17.88725],[-89.28497,17.88724],[-89.28552,17.88723],[-89.28657,17.88723],[-89.28756,17.88728],[-89.28766,17.88709],[-89.28764,17.88619],[-89.28761,17.88519],[-89.28758,17.88416],[-89.28696,17.88417],[-89.28697,17.88324],[-89.28664,17.88324],[-89.28666,17.88221],[-89.28666,17.88122],[-89.285,17.88127],[-89.28444,17.88128],[-89.2834,17.88131],[-89.28268,17.88133],[-89.28261,17.8822],[-89.28247,17.88327],[-89.2824,17.88426],[-89.2824,17.88447],[-89.2824,17.88481],[-89.28241,17.88527],[-89.2824,17.88616],[-89.2824,17.88626],[-89.28239,17.88653],[-89.28241,17.88716],[-89.28241,17.88728]]]}},{"type":"Feature","properties":{"cvegeo":"040100033","cve_ent":"04","fuente":"INEGI — Marco Geoestadístico 2024","fecha_corte":"2024-08","cve_mun":"04010","nombre":"Santo Domingo (El Sacrificio)","ambito":"Rural"},"geometry":{"type":"Polygon","coordinates":[[[-89.37125,18.00023],[-89.37102,18.00076],[-89.37204,18.00099],[-89.37238,18.00109],[-89.37286,18.00117],[-89.37311,18.00119],[-89.37345,18.00123],[-89.37384,18.00132],[-89.37409,18.00144],[-89.37453,18.00153],[-89.37565,18.00124],[-89.37664,18.00097],[-89.37662,18.00088],[-89.37751,18.00064],[-89.37766,18.00063],[-89.37792,18.00167],[-89.3782,18.00161],[-89.3785,18.00155],[-89.37874,18.0015],[-89.37879,18.00149],[-89.37984,18.00122],[-89.37973,18.00078],[-89.38074,18.00047],[-89.3806,17.99985],[-89.38111,17.99968],[-89.38147,17.99955],[-89.38137,17.99861],[-89.38113,17.99759],[-89.38108,17.99756],[-89.38109,17.99693],[-89.37899,17.99697],[-89.37877,17.99699],[-89.37794,17.99706],[-89.37784,17.99707],[-89.37781,17.99707],[-89.37749,17.9971],[-89.37694,17.99718],[-89.37697,17.99747],[-89.37626,17.99763],[-89.37598,17.99771],[-89.37507,17.99804],[-89.37451,17.99811],[-89.37397,17.99792],[-89.37354,17.99776],[-89.37177,17.99683],[-89.37119,17.99773],[-89.37156,17.99794],[-89.37109,17.99898],[-89.37086,17.9995],[-89.37099,17.99957],[-89.37113,17.99964],[-89.37144,17.99982],[-89.37125,18.00023]]]}},{"type":"Feature","properties":{"cvegeo":"040100018","cve_ent":"04","fuente":"INEGI — Marco Geoestadístico 2024","fecha_corte":"2024-08","cve_mun":"04010","nombre":"Arroyo Negro","ambito":"Rural"},"geometry":{"type":"Polygon","coordinates":[[[-89.24529,17.8604],[-89.24632,17.86046],[-89.24626,17.86146],[-89.2483,17.86152],[-89.24839,17.86056],[-89.24944,17.86062],[-89.24938,17.86157],[-89.25044,17.86158],[-89.25148,17.86158],[-89.25143,17.86071],[-89.25138,17.86005],[-89.25144,17.85975],[-89.25149,17.85972],[-89.25154,17.85965],[-89.25159,17.85872],[-89.25168,17.85775],[-89.25175,17.85685],[-89.25077,17.85678],[-89.2497,17.85672],[-89.2496,17.85765],[-89.24958,17.8581],[-89.24954,17.85867],[-89.24905,17.85865],[-89.24853,17.85863],[-89.24747,17.85854],[-89.24644,17.85848],[-89.24543,17.85844],[-89.24535,17.85942],[-89.24529,17.8604]]]}},{"type":"Feature","properties":{"cvegeo":"040100077","cve_ent":"04","fuente":"INEGI — Marco Geoestadístico 2024","fecha_corte":"2024-08","cve_mun":"04010","nombre":"Dos Naciones","ambito":"Rural"},"geometry":{"type":"Polygon","coordinates":[[[-89.35853,17.97543],[-89.3579,17.97467],[-89.35806,17.97416],[-89.35828,17.97347],[-89.35772,17.97305],[-89.35759,17.97295],[-89.35748,17.97285],[-89.35683,17.97222],[-89.35623,17.97167],[-89.35563,17.97111],[-89.35495,17.97053],[-89.35474,17.97077],[-89.35389,17.97049],[-89.35002,17.96947],[-89.34965,17.96967],[-89.34957,17.97003],[-89.34947,17.97001],[-89.34937,17.9706],[-89.35221,17.97127],[-89.35208,17.97235],[-89.35238,17.97256],[-89.35292,17.97182],[-89.35356,17.97227],[-89.35439,17.97288],[-89.35398,17.97337],[-89.35461,17.97392],[-89.35545,17.97466],[-89.35576,17.97494],[-89.35573,17.97498],[-89.35667,17.97524],[-89.35853,17.97543]]]}},{"type":"Feature","properties":{"cvegeo":"040100100","cve_ent":"04","fuente":"INEGI — Marco Geoestadístico 2024","fecha_corte":"2024-08","cve_mun":"04010","nombre":"Eugenio Echeverría Castellot (El Carrizal)","ambito":"Rural"},"geometry":{"type":"Polygon","coordinates":[[[-89.44447,18.39879],[-89.44434,18.39877],[-89.44436,18.39831],[-89.44438,18.39787],[-89.44384,18.39671],[-89.44334,18.39679],[-89.44335,18.39697],[-89.44217,18.39703],[-89.44136,18.39698],[-89.44056,18.3969],[-89.44037,18.39777],[-89.44024,18.39836],[-89.44013,18.39888],[-89.44002,18.39936],[-89.43987,18.39989],[-89.44116,18.40003],[-89.44255,18.40022],[-89.4443,18.40033],[-89.44435,18.39976],[-89.44451,18.39977],[-89.44447,18.39879]]]}},{"type":"Feature","properties":{"cvegeo":"040100142","cve_ent":"04","fuente":"INEGI — Marco Geoestadístico 2024","fecha_corte":"2024-08","cve_mun":"04010","nombre":"Manuel Castilla Brito","ambito":"Rural"},"geometry":{"type":"Polygon","coordinates":[[[-89.4448,18.36009],[-89.44511,18.36014],[-89.44536,18.35898],[-89.44473,18.3589],[-89.44471,18.35894],[-89.4445,18.3598],[-89.44439,18.36002],[-89.4441,18.35996],[-89.44332,18.35997],[-89.44306,18.36],[-89.44304,18.36],[-89.44307,18.35975],[-89.4433,18.35873],[-89.44352,18.35776],[-89.44223,18.35752],[-89.44114,18.35733],[-89.44011,18.35717],[-89.43902,18.35699],[-89.43788,18.35682],[-89.43777,18.35775],[-89.43769,18.3588],[-89.43764,18.3588],[-89.43746,18.35981],[-89.43727,18.36082],[-89.4372,18.36131],[-89.4383,18.3615],[-89.43825,18.36197],[-89.43823,18.36197],[-89.43817,18.3623],[-89.43812,18.36243],[-89.4381,18.36269],[-89.43803,18.36292],[-89.43907,18.36307],[-89.44017,18.3633],[-89.44031,18.36229],[-89.44032,18.362],[-89.44139,18.36212],[-89.44142,18.36198],[-89.44192,18.36205],[-89.44197,18.36205],[-89.44194,18.36232],[-89.44254,18.36241],[-89.44259,18.36217],[-89.44268,18.36174],[-89.44406,18.362],[-89.44417,18.3611],[-89.44418,18.36097],[-89.44458,18.36105],[-89.4448,18.36009]]]}},{"type":"Feature","properties":{"cvegeo":"040100166","cve_ent":"04","fuente":"INEGI — Marco Geoestadístico 2024","fecha_corte":"2024-08","cve_mun":"04010","nombre":"Nuevo San José","ambito":"Rural"},"geometry":{"type":"Polygon","coordinates":[[[-89.40239,18.06111],[-89.40242,18.06112],[-89.40245,18.06106],[-89.40402,18.06096],[-89.40551,18.06089],[-89.4055,18.06042],[-89.40497,18.06028],[-89.40529,18.05944],[-89.40562,18.05861],[-89.40583,18.05813],[-89.40491,18.05781],[-89.4037,18.05796],[-89.40367,18.05802],[-89.40267,18.05763],[-89.40267,18.0575],[-89.403,18.05745],[-89.403,18.05649],[-89.40199,18.05649],[-89.40196,18.05608],[-89.40111,18.05612],[-89.40116,18.05725],[-89.40116,18.05749],[-89.4016,18.0575],[-89.40134,18.0584],[-89.40114,18.05909],[-89.40097,18.05965],[-89.40084,18.0601],[-89.40168,18.06036],[-89.40258,18.06063],[-89.40239,18.06111]]]}},{"type":"Feature","properties":{"cvegeo":"040100101","cve_ent":"04","fuente":"INEGI — Marco Geoestadístico 2024","fecha_corte":"2024-08","cve_mun":"04010","nombre":"Ingeniero Ricardo Payro Jene (Polo Norte)","ambito":"Rural"},"geometry":{"type":"Polygon","coordinates":[[[-89.44224,18.31926],[-89.44222,18.31937],[-89.44214,18.31969],[-89.44212,18.31975],[-89.44506,18.32051],[-89.44554,18.321],[-89.44699,18.32142],[-89.44707,18.32119],[-89.44714,18.32122],[-89.44777,18.32133],[-89.44794,18.32136],[-89.4481,18.32076],[-89.44853,18.31888],[-89.44899,18.31675],[-89.44819,18.31654],[-89.44827,18.31626],[-89.44846,18.31559],[-89.44869,18.31504],[-89.4487,18.315],[-89.44871,18.31497],[-89.44883,18.31469],[-89.44909,18.31361],[-89.44941,18.3116],[-89.44833,18.31153],[-89.44727,18.31147],[-89.44709,18.31207],[-89.44662,18.31201],[-89.44651,18.31249],[-89.44638,18.313],[-89.44526,18.31271],[-89.44385,18.31235],[-89.44359,18.31333],[-89.44322,18.31432],[-89.44311,18.31485],[-89.44304,18.31524],[-89.44285,18.31597],[-89.44279,18.31621],[-89.44268,18.31672],[-89.44305,18.31681],[-89.44296,18.31734],[-89.44257,18.31726],[-89.44224,18.31926]]]}},{"type":"Feature","properties":{"cvegeo":"040100094","cve_ent":"04","fuente":"INEGI — Marco Geoestadístico 2024","fecha_corte":"2024-08","cve_mun":"04010","nombre":"Guillermo Prieto","ambito":"Rural"},"geometry":{"type":"Polygon","coordinates":[[[-89.34227,18.17453],[-89.34202,18.17553],[-89.3418,18.17653],[-89.34236,18.17667],[-89.34279,18.17678],[-89.34254,18.17775],[-89.34228,18.17875],[-89.34135,18.17858],[-89.33954,18.17826],[-89.33943,18.17831],[-89.33911,18.1791],[-89.34106,18.17959],[-89.34201,18.17978],[-89.34209,18.17976],[-89.34306,18.17999],[-89.34409,18.18023],[-89.34525,18.18053],[-89.34529,18.18032],[-89.34548,18.17949],[-89.34565,18.17852],[-89.34587,18.17755],[-89.34614,18.1766],[-89.3451,18.17636],[-89.34535,18.17542],[-89.34573,18.17397],[-89.34463,18.1737],[-89.34364,18.17347],[-89.34257,18.17321],[-89.34227,18.17453]]]}},{"type":"Feature","properties":{"cvegeo":"040100143","cve_ent":"04","fuente":"INEGI — Marco Geoestadístico 2024","fecha_corte":"2024-08","cve_mun":"04010","nombre":"Manuel Crescencio Rejón","ambito":"Rural"},"geometry":{"type":"Polygon","coordinates":[[[-89.25093,17.92552],[-89.252,17.92565],[-89.25198,17.92589],[-89.25304,17.92598],[-89.25412,17.92606],[-89.25455,17.92609],[-89.25512,17.92614],[-89.2557,17.92617],[-89.25633,17.92622],[-89.25627,17.92692],[-89.25696,17.92658],[-89.25722,17.9264],[-89.25753,17.92615],[-89.2578,17.92586],[-89.25797,17.92556],[-89.25743,17.92547],[-89.25755,17.92438],[-89.25706,17.92431],[-89.25717,17.92321],[-89.25726,17.92223],[-89.25734,17.92121],[-89.25741,17.92017],[-89.25683,17.92014],[-89.2564,17.9201],[-89.25577,17.92004],[-89.25507,17.91997],[-89.25474,17.92046],[-89.2546,17.92091],[-89.25409,17.92138],[-89.25387,17.92191],[-89.2538,17.92197],[-89.25288,17.9229],[-89.25282,17.92293],[-89.25271,17.92389],[-89.25221,17.92384],[-89.25104,17.92415],[-89.25103,17.92419],[-89.25099,17.9245],[-89.25097,17.92479],[-89.25052,17.92477],[-89.24993,17.92474],[-89.24986,17.92529],[-89.25093,17.9254],[-89.25093,17.92552]]]}},{"type":"Feature","properties":{"cvegeo":"040100159","cve_ent":"04","fuente":"INEGI — Marco Geoestadístico 2024","fecha_corte":"2024-08","cve_mun":"04010","nombre":"Nuevo Bécal (El 19)","ambito":"Rural"},"geometry":{"type":"Polygon","coordinates":[[[-89.30067,18.61186],[-89.30068,18.61205],[-89.30075,18.61231],[-89.30079,18.61266],[-89.30092,18.61349],[-89.30093,18.6139],[-89.30094,18.61428],[-89.30097,18.61477],[-89.30096,18.61494],[-89.30093,18.61519],[-89.30092,18.61547],[-89.30138,18.61539],[-89.30221,18.61519],[-89.30303,18.615],[-89.30385,18.61484],[-89.30472,18.61469],[-89.30461,18.61422],[-89.30445,18.6135],[-89.30437,18.61318],[-89.30426,18.61272],[-89.3042,18.6124],[-89.30411,18.61196],[-89.30465,18.61185],[-89.30499,18.61178],[-89.30479,18.61097],[-89.30462,18.61019],[-89.30424,18.61026],[-89.30388,18.60863],[-89.30343,18.60872],[-89.30328,18.60792],[-89.30311,18.60708],[-89.30226,18.60727],[-89.30142,18.60739],[-89.30156,18.60817],[-89.30035,18.6084],[-89.2999,18.60851],[-89.30001,18.60902],[-89.30006,18.60928],[-89.29947,18.60937],[-89.29934,18.60979],[-89.2994,18.61033],[-89.29948,18.61075],[-89.29957,18.61114],[-89.29867,18.61133],[-89.29882,18.61221],[-89.29976,18.61197],[-89.30064,18.61175],[-89.30067,18.61186]]]}},{"type":"Feature","properties":{"cvegeo":"040100040","cve_ent":"04","fuente":"INEGI — Marco Geoestadístico 2024","fecha_corte":"2024-08","cve_mun":"04010","nombre":"El Carmen II (Las Carmelas)","ambito":"Rural"},"geometry":{"type":"Polygon","coordinates":[[[-89.41087,18.16013],[-89.4109,18.16035],[-89.41312,18.16023],[-89.41416,18.16018],[-89.41499,18.16014],[-89.41517,18.16012],[-89.41509,18.16044],[-89.4151,18.16056],[-89.41517,18.16063],[-89.41534,18.16066],[-89.41554,18.16056],[-89.416,18.16019],[-89.41608,18.16013],[-89.41669,18.15944],[-89.41695,18.15899],[-89.41693,18.15889],[-89.41695,18.1586],[-89.41707,18.1584],[-89.41747,18.15805],[-89.41752,18.15796],[-89.41802,18.15768],[-89.41795,18.15694],[-89.41786,18.15598],[-89.41754,18.156],[-89.41691,18.15603],[-89.41584,18.15606],[-89.4148,18.15609],[-89.41377,18.15614],[-89.4127,18.15616],[-89.41223,18.15617],[-89.41178,18.15617],[-89.41166,18.15646],[-89.41167,18.1565],[-89.41148,18.15658],[-89.41052,18.15708],[-89.41058,18.15731],[-89.41046,18.15743],[-89.41041,18.15748],[-89.41032,18.15759],[-89.41016,18.15776],[-89.41007,18.15782],[-89.41,18.15785],[-89.40994,18.15786],[-89.40986,18.15787],[-89.40979,18.15787],[-89.40973,18.15786],[-89.40966,18.15785],[-89.40962,18.15784],[-89.40955,18.15782],[-89.40946,18.15776],[-89.40941,18.15773],[-89.40935,18.15771],[-89.40929,18.15774],[-89.4092,18.15798],[-89.40919,18.15831],[-89.41055,18.1583],[-89.41076,18.15824],[-89.41085,18.1593],[-89.4109,18.15937],[-89.41088,18.15976],[-89.41087,18.16013]]]}},{"type":"Feature","properties":{"cvegeo":"040100068","cve_ent":"04","fuente":"INEGI — Marco Geoestadístico 2024","fecha_corte":"2024-08","cve_mun":"04010","nombre":"Cristóbal Colón","ambito":"Rural"},"geometry":{"type":"Polygon","coordinates":[[[-89.4522,18.2246],[-89.45241,18.22576],[-89.45307,18.22581],[-89.45359,18.22587],[-89.4538,18.22586],[-89.45372,18.22565],[-89.45348,18.22526],[-89.45321,18.22482],[-89.45323,18.22469],[-89.45413,18.22463],[-89.45537,18.22456],[-89.45532,18.22418],[-89.4552,18.2232],[-89.4561,18.22307],[-89.45623,18.22304],[-89.45667,18.223],[-89.45671,18.22299],[-89.45636,18.22095],[-89.45643,18.22093],[-89.45627,18.21997],[-89.45615,18.21894],[-89.45597,18.21786],[-89.45556,18.21789],[-89.45558,18.21804],[-89.45453,18.21818],[-89.45402,18.21824],[-89.4535,18.2183],[-89.45347,18.21796],[-89.45281,18.21772],[-89.45219,18.21769],[-89.45215,18.21768],[-89.45143,18.21776],[-89.45064,18.21785],[-89.45119,18.21866],[-89.45122,18.21873],[-89.45139,18.21956],[-89.45152,18.22056],[-89.45167,18.22154],[-89.45183,18.22254],[-89.45185,18.22268],[-89.45189,18.2228],[-89.4519,18.22283],[-89.45218,18.22327],[-89.45233,18.22351],[-89.45209,18.22355],[-89.4522,18.2246]]]}},{"type":"Feature","properties":{"cvegeo":"040100096","cve_ent":"04","fuente":"INEGI — Marco Geoestadístico 2024","fecha_corte":"2024-08","cve_mun":"04010","nombre":"Heriberto Jara Corona","ambito":"Rural"},"geometry":{"type":"Polygon","coordinates":[[[-89.43844,18.51112],[-89.43843,18.51116],[-89.43858,18.51117],[-89.43859,18.51117],[-89.43963,18.51122],[-89.44009,18.51124],[-89.44067,18.51129],[-89.4411,18.51133],[-89.44165,18.51136],[-89.44168,18.51136],[-89.44217,18.51139],[-89.44271,18.51143],[-89.44323,18.51147],[-89.44378,18.51152],[-89.44479,18.51162],[-89.44481,18.51122],[-89.44486,18.51036],[-89.44491,18.50937],[-89.44499,18.50837],[-89.44517,18.50722],[-89.44431,18.5072],[-89.44368,18.50718],[-89.44366,18.50733],[-89.44251,18.50726],[-89.4425,18.50738],[-89.44206,18.50737],[-89.44196,18.50757],[-89.44177,18.50758],[-89.44159,18.50766],[-89.44147,18.50773],[-89.44147,18.50774],[-89.44147,18.50774],[-89.44136,18.50815],[-89.44113,18.50814],[-89.44089,18.5081],[-89.44075,18.50807],[-89.44041,18.50806],[-89.44019,18.50806],[-89.44018,18.50866],[-89.44017,18.50916],[-89.43872,18.50901],[-89.43759,18.50886],[-89.43749,18.50993],[-89.43773,18.50995],[-89.43765,18.51097],[-89.43845,18.51102],[-89.43844,18.51109],[-89.43844,18.51112]]]}},{"type":"Feature","properties":{"cvegeo":"040100241","cve_ent":"04","fuente":"INEGI — Marco Geoestadístico 2024","fecha_corte":"2024-08","cve_mun":"04010","nombre":"Tomás Aznar Barbachano (La Moza)","ambito":"Rural"},"geometry":{"type":"Polygon","coordinates":[[[-89.19199,18.4819],[-89.19247,18.48194],[-89.19242,18.48285],[-89.19283,18.48291],[-89.19346,18.48301],[-89.19359,18.48305],[-89.194,18.48314],[-89.1943,18.48318],[-89.19468,18.48323],[-89.19501,18.48325],[-89.19532,18.48325],[-89.19576,18.48329],[-89.19635,18.48335],[-89.19616,18.48438],[-89.19725,18.4845],[-89.19775,18.48165],[-89.19779,18.48157],[-89.19721,18.4814],[-89.19765,18.48005],[-89.19775,18.47975],[-89.19808,18.47979],[-89.19813,18.47929],[-89.19721,18.47921],[-89.19724,18.4788],[-89.19602,18.47868],[-89.19599,18.47859],[-89.19391,18.47837],[-89.19382,18.47924],[-89.19377,18.47977],[-89.19373,18.48041],[-89.19369,18.48093],[-89.1931,18.48087],[-89.19204,18.48072],[-89.19204,18.48087],[-89.19199,18.4819]]]}},{"type":"Feature","properties":{"cvegeo":"040100158","cve_ent":"04","fuente":"INEGI — Marco Geoestadístico 2024","fecha_corte":"2024-08","cve_mun":"04010","nombre":"Nueva Vida","ambito":"Rural"},"geometry":{"type":"Polygon","coordinates":[[[-89.3704,18.80111],[-89.37054,18.79982],[-89.37058,18.7995],[-89.37064,18.79884],[-89.36934,18.79874],[-89.36839,18.79864],[-89.36738,18.79852],[-89.36628,18.79841],[-89.36621,18.79992],[-89.3659,18.79994],[-89.36581,18.80095],[-89.3657,18.80096],[-89.36565,18.80197],[-89.36586,18.80195],[-89.36584,18.8022],[-89.36578,18.80296],[-89.36575,18.80396],[-89.36673,18.80382],[-89.36673,18.80387],[-89.36673,18.80396],[-89.36675,18.80404],[-89.36679,18.80409],[-89.36684,18.80415],[-89.36688,18.80418],[-89.36693,18.80422],[-89.367,18.80424],[-89.3677,18.80415],[-89.36769,18.80438],[-89.36792,18.80443],[-89.36795,18.8054],[-89.36741,18.80553],[-89.36744,18.80624],[-89.367,18.80635],[-89.36696,18.80724],[-89.36771,18.80712],[-89.36841,18.80701],[-89.36832,18.80783],[-89.36962,18.80785],[-89.36975,18.80685],[-89.36982,18.80626],[-89.36987,18.80582],[-89.36997,18.80485],[-89.37002,18.80443],[-89.37003,18.8043],[-89.37017,18.80314],[-89.37025,18.80243],[-89.37029,18.80205],[-89.37036,18.80141],[-89.3704,18.80111],[-89.3704,18.80111]]]}},{"type":"Feature","properties":{"cvegeo":"040100262","cve_ent":"04","fuente":"INEGI — Marco Geoestadístico 2024","fecha_corte":"2024-08","cve_mun":"04010","nombre":"Veinte de Noviembre","ambito":"Rural"},"geometry":{"type":"Polygon","coordinates":[[[-89.30479,18.45268],[-89.30456,18.45299],[-89.30421,18.45348],[-89.30411,18.45362],[-89.30418,18.45369],[-89.30486,18.45402],[-89.30526,18.45421],[-89.30582,18.45443],[-89.30567,18.45487],[-89.30565,18.45528],[-89.30565,18.4561],[-89.30629,18.45625],[-89.30629,18.45622],[-89.30631,18.45585],[-89.30634,18.45547],[-89.30661,18.45467],[-89.30655,18.45465],[-89.30691,18.45363],[-89.30709,18.45311],[-89.30761,18.45323],[-89.30777,18.4525],[-89.30857,18.45273],[-89.30907,18.45169],[-89.30967,18.45075],[-89.30846,18.45043],[-89.30846,18.44967],[-89.30847,18.44882],[-89.30805,18.4487],[-89.30799,18.44868],[-89.30801,18.44788],[-89.30795,18.44786],[-89.30773,18.4469],[-89.30719,18.44681],[-89.30729,18.44615],[-89.30672,18.44605],[-89.30666,18.44686],[-89.30578,18.4469],[-89.30582,18.44747],[-89.30586,18.44791],[-89.30577,18.4492],[-89.30575,18.44959],[-89.30507,18.44931],[-89.30496,18.44959],[-89.3048,18.45006],[-89.30568,18.45036],[-89.30575,18.45039],[-89.30559,18.45081],[-89.30478,18.45054],[-89.30461,18.451],[-89.30449,18.4513],[-89.30424,18.45204],[-89.30502,18.45233],[-89.30479,18.45268]]]}},{"type":"Feature","properties":{"cvegeo":"040100076","cve_ent":"04","fuente":"INEGI — Marco Geoestadístico 2024","fecha_corte":"2024-08","cve_mun":"04010","nombre":"Dos Lagunas","ambito":"Rural"},"geometry":{"type":"Polygon","coordinates":[[[-89.35851,17.87361],[-89.35846,17.87271],[-89.35837,17.87221],[-89.35692,17.87215],[-89.35658,17.87213],[-89.35566,17.87212],[-89.35478,17.87208],[-89.35478,17.87249],[-89.3543,17.87247],[-89.35428,17.872],[-89.35378,17.87196],[-89.35308,17.8719],[-89.35304,17.8719],[-89.353,17.87232],[-89.35291,17.87286],[-89.35287,17.87324],[-89.35294,17.87413],[-89.35297,17.875],[-89.35391,17.87508],[-89.35491,17.87514],[-89.3558,17.87521],[-89.35575,17.87432],[-89.35672,17.87438],[-89.35717,17.87441],[-89.35716,17.8753],[-89.35763,17.87532],[-89.35763,17.87495],[-89.35855,17.87497],[-89.35855,17.87447],[-89.35851,17.87361]]]}},{"type":"Feature","properties":{"cvegeo":"040100257","cve_ent":"04","fuente":"INEGI — Marco Geoestadístico 2024","fecha_corte":"2024-08","cve_mun":"04010","nombre":"Unión 20 de Junio (Mancolona)","ambito":"Rural"},"geometry":{"type":"Polygon","coordinates":[[[-89.29521,18.81053],[-89.29568,18.8096],[-89.29586,18.80914],[-89.29411,18.80776],[-89.29409,18.8078],[-89.29304,18.80739],[-89.2932,18.80686],[-89.29335,18.80639],[-89.2927,18.80612],[-89.29243,18.80602],[-89.29147,18.80561],[-89.29113,18.80658],[-89.29082,18.80749],[-89.28987,18.8071],[-89.28957,18.80803],[-89.28931,18.80898],[-89.28918,18.80946],[-89.28904,18.80994],[-89.28886,18.80985],[-89.28855,18.80972],[-89.28826,18.80962],[-89.28805,18.80957],[-89.28777,18.81053],[-89.2887,18.81088],[-89.28959,18.81129],[-89.2893,18.81228],[-89.28837,18.81187],[-89.28806,18.8128],[-89.28901,18.81324],[-89.28998,18.81363],[-89.29097,18.81403],[-89.29102,18.81388],[-89.29124,18.81313],[-89.29154,18.81218],[-89.292,18.81235],[-89.29235,18.81145],[-89.29279,18.81165],[-89.29344,18.81197],[-89.29354,18.81088],[-89.29381,18.81099],[-89.29415,18.81041],[-89.29432,18.81013],[-89.29466,18.81028],[-89.29521,18.81053]]]}},{"type":"Feature","properties":{"cvegeo":"040100023","cve_ent":"04","fuente":"INEGI — Marco Geoestadístico 2024","fecha_corte":"2024-08","cve_mun":"04010","nombre":"Bel-Há","ambito":"Rural"},"geometry":{"type":"Polygon","coordinates":[[[-89.32165,18.93099],[-89.32167,18.93103],[-89.32171,18.93107],[-89.32188,18.93108],[-89.32187,18.93113],[-89.32163,18.93206],[-89.32171,18.93225],[-89.32222,18.93195],[-89.32247,18.93176],[-89.32288,18.93145],[-89.32324,18.93117],[-89.32442,18.93027],[-89.32535,18.93044],[-89.32737,18.9305],[-89.3279,18.92978],[-89.32814,18.92941],[-89.32823,18.92936],[-89.32857,18.92913],[-89.3287,18.92904],[-89.32891,18.92887],[-89.3288,18.92829],[-89.32855,18.92782],[-89.32833,18.92729],[-89.32793,18.92759],[-89.32558,18.92934],[-89.32231,18.92909],[-89.32224,18.93008],[-89.32179,18.93003],[-89.32165,18.93099]]]}},{"type":"Feature","properties":{"cvegeo":"040100264","cve_ent":"04","fuente":"INEGI — Marco Geoestadístico 2024","fecha_corte":"2024-08","cve_mun":"04010","nombre":"Veintiuno de Mayo (Lechugal)","ambito":"Rural"},"geometry":{"type":"Polygon","coordinates":[[[-89.20447,18.20774],[-89.20436,18.20778],[-89.20474,18.20864],[-89.20395,18.20898],[-89.20435,18.20994],[-89.20456,18.21042],[-89.20475,18.21086],[-89.20517,18.21181],[-89.20598,18.21154],[-89.20713,18.21101],[-89.20667,18.21031],[-89.20656,18.21015],[-89.20629,18.20959],[-89.2061,18.20919],[-89.20661,18.20901],[-89.20586,18.2072],[-89.20545,18.20619],[-89.20605,18.20595],[-89.20557,18.20509],[-89.20514,18.2042],[-89.20469,18.20326],[-89.2043,18.20232],[-89.20517,18.20198],[-89.20497,18.20114],[-89.20396,18.20155],[-89.2039,18.20141],[-89.20295,18.20179],[-89.20194,18.20223],[-89.2018,18.2023],[-89.20109,18.20258],[-89.20147,18.20354],[-89.20217,18.20534],[-89.20251,18.20621],[-89.2025,18.20626],[-89.20249,18.2063],[-89.20294,18.20719],[-89.20401,18.2068],[-89.20404,18.2068],[-89.20447,18.20774]]]}},{"type":"Feature","properties":{"cvegeo":"040100272","cve_ent":"04","fuente":"INEGI — Marco Geoestadístico 2024","fecha_corte":"2024-08","cve_mun":"04010","nombre":"Zoh-Laguna (Álvaro Obregón)","ambito":"Rural"},"geometry":{"type":"Polygon","coordinates":[[[-89.41177,18.58948],[-89.41187,18.59086],[-89.4122,18.59526],[-89.41226,18.59648],[-89.41232,18.59726],[-89.41463,18.59724],[-89.41582,18.59746],[-89.41702,18.5976],[-89.41729,18.59776],[-89.41793,18.59811],[-89.41863,18.59839],[-89.41929,18.59867],[-89.41984,18.59892],[-89.42006,18.59844],[-89.42022,18.598],[-89.42018,18.59787],[-89.42056,18.59671],[-89.42139,18.59702],[-89.42183,18.59613],[-89.42198,18.5957],[-89.42223,18.59503],[-89.42162,18.59482],[-89.42116,18.59466],[-89.42166,18.59346],[-89.42155,18.59339],[-89.42039,18.5929],[-89.42055,18.59255],[-89.42079,18.59203],[-89.41998,18.59162],[-89.41962,18.59146],[-89.41998,18.59068],[-89.42,18.59065],[-89.42028,18.59009],[-89.42023,18.59006],[-89.41882,18.58919],[-89.41838,18.58935],[-89.41778,18.58869],[-89.4177,18.58866],[-89.41756,18.58867],[-89.41728,18.589],[-89.41699,18.58924],[-89.41669,18.58899],[-89.4165,18.58881],[-89.41642,18.58865],[-89.41618,18.58859],[-89.41614,18.58857],[-89.41552,18.5899],[-89.41548,18.58983],[-89.4149,18.58937],[-89.41177,18.58948]]]}},{"type":"Feature","properties":{"cvegeo":"040100097","cve_ent":"04","fuente":"INEGI — Marco Geoestadístico 2024","fecha_corte":"2024-08","cve_mun":"04010","nombre":"Hermenegildo Galeana","ambito":"Rural"},"geometry":{"type":"Polygon","coordinates":[[[-89.24141,18.17625],[-89.24157,18.17668],[-89.24155,18.17674],[-89.24142,18.17733],[-89.24181,18.17749],[-89.24193,18.17768],[-89.24212,18.1781],[-89.2432,18.17775],[-89.24364,18.17762],[-89.24405,18.17751],[-89.24373,18.17657],[-89.24502,18.17624],[-89.24504,18.17517],[-89.24445,18.17534],[-89.24428,18.17491],[-89.24387,18.17503],[-89.24367,18.17443],[-89.24304,18.17461],[-89.24205,18.17491],[-89.24107,18.17521],[-89.24076,18.17424],[-89.23975,18.17457],[-89.23879,18.1749],[-89.2391,18.17581],[-89.2398,18.1756],[-89.24009,18.17651],[-89.24035,18.17637],[-89.24037,18.1764],[-89.24041,18.17645],[-89.24047,18.17649],[-89.24051,18.1765],[-89.24059,18.1765],[-89.24104,18.17636],[-89.24141,18.17625]]]}},{"type":"Feature","properties":{"cvegeo":"040100268","cve_ent":"04","fuente":"INEGI — Marco Geoestadístico 2024","fecha_corte":"2024-08","cve_mun":"04010","nombre":"Xbonil","ambito":"Rural"},"geometry":{"type":"Polygon","coordinates":[[[-90.17132,18.63677],[-90.16956,18.6365],[-90.16898,18.63642],[-90.16701,18.63612],[-90.1673,18.63499],[-90.16569,18.63467],[-90.16571,18.63463],[-90.16578,18.63413],[-90.16481,18.63383],[-90.16477,18.63388],[-90.16335,18.63371],[-90.16334,18.63407],[-90.16333,18.63438],[-90.16278,18.63433],[-90.16275,18.63485],[-90.16209,18.63476],[-90.16201,18.6353],[-90.16199,18.63545],[-90.16235,18.6355],[-90.16226,18.63605],[-90.16227,18.63648],[-90.16308,18.63664],[-90.16314,18.63663],[-90.16412,18.63678],[-90.16403,18.63731],[-90.16513,18.63756],[-90.16505,18.6379],[-90.16578,18.63804],[-90.1661,18.63809],[-90.16608,18.63822],[-90.16697,18.63839],[-90.16682,18.63916],[-90.16753,18.63923],[-90.16807,18.63929],[-90.16802,18.63958],[-90.16945,18.63983],[-90.17053,18.64002],[-90.17108,18.64016],[-90.17119,18.63965],[-90.17131,18.63911],[-90.17154,18.63814],[-90.17163,18.63786],[-90.17294,18.63811],[-90.17303,18.6374],[-90.17238,18.6372],[-90.1723,18.63714],[-90.17212,18.63707],[-90.17124,18.63695],[-90.17132,18.63677]]]}},{"type":"Feature","properties":{"cvegeo":"040100209","cve_ent":"04","fuente":"INEGI — Marco Geoestadístico 2024","fecha_corte":"2024-08","cve_mun":"04010","nombre":"Kilómetro Ciento Veinte","ambito":"Rural"},"geometry":{"type":"Polygon","coordinates":[[[-89.69595,18.52093],[-89.69645,18.52097],[-89.69753,18.52104],[-89.69852,18.52112],[-89.69955,18.52121],[-89.70061,18.52129],[-89.70134,18.52133],[-89.70147,18.5201],[-89.70174,18.52011],[-89.70181,18.51908],[-89.70185,18.51848],[-89.70188,18.51807],[-89.70187,18.51709],[-89.70085,18.51704],[-89.70007,18.517],[-89.69978,18.51698],[-89.69973,18.51698],[-89.69879,18.51693],[-89.69762,18.51704],[-89.69756,18.51691],[-89.69735,18.51694],[-89.6971,18.51695],[-89.69688,18.51691],[-89.6967,18.51722],[-89.69662,18.51788],[-89.69658,18.51881],[-89.69603,18.51877],[-89.69607,18.51881],[-89.69602,18.5198],[-89.69598,18.52087],[-89.69595,18.52093]]]}},{"type":"Feature","properties":{"cvegeo":"040100079","cve_ent":"04","fuente":"INEGI — Marco Geoestadístico 2024","fecha_corte":"2024-08","cve_mun":"04010","nombre":"Emiliano Zapata","ambito":"Rural"},"geometry":{"type":"Polygon","coordinates":[[[-89.67929,18.52209],[-89.67919,18.52159],[-89.67906,18.5209],[-89.67805,18.52105],[-89.67746,18.52114],[-89.67718,18.52026],[-89.67664,18.5203],[-89.67561,18.52041],[-89.67434,18.52053],[-89.67405,18.51958],[-89.67287,18.51972],[-89.67198,18.51982],[-89.67106,18.51986],[-89.67006,18.5199],[-89.67005,18.52095],[-89.67011,18.52202],[-89.67019,18.52309],[-89.67187,18.52293],[-89.67285,18.52282],[-89.67388,18.52275],[-89.67417,18.52272],[-89.67491,18.52264],[-89.67522,18.5226],[-89.67618,18.52249],[-89.67625,18.52249],[-89.67723,18.52236],[-89.67727,18.52235],[-89.67827,18.52222],[-89.67832,18.52222],[-89.67929,18.52209]]]}},{"type":"Feature","properties":{"cvegeo":"040100083","cve_ent":"04","fuente":"INEGI — Marco Geoestadístico 2024","fecha_corte":"2024-08","cve_mun":"04010","nombre":"Felipe Ángeles II","ambito":"Rural"},"geometry":{"type":"Polygon","coordinates":[[[-89.62114,18.53095],[-89.62214,18.53082],[-89.62204,18.52984],[-89.62199,18.52944],[-89.62192,18.52884],[-89.62192,18.52867],[-89.62085,18.52877],[-89.6198,18.52891],[-89.61875,18.52902],[-89.61769,18.52917],[-89.6178,18.5303],[-89.61797,18.5312],[-89.61807,18.53228],[-89.61816,18.5332],[-89.61929,18.53316],[-89.61918,18.53223],[-89.61909,18.53152],[-89.62019,18.53143],[-89.6212,18.53136],[-89.62114,18.53095]]]}},{"type":"Feature","properties":{"cvegeo":"040100066","cve_ent":"04","fuente":"INEGI — Marco Geoestadístico 2024","fecha_corte":"2024-08","cve_mun":"04010","nombre":"Constitución","ambito":"Rural"},"geometry":{"type":"Polygon","coordinates":[[[-90.1335,18.63346],[-90.13434,18.63384],[-90.13449,18.63348],[-90.13523,18.63389],[-90.13564,18.63311],[-90.13604,18.63237],[-90.13674,18.63276],[-90.13755,18.63321],[-90.13797,18.63246],[-90.13821,18.63259],[-90.13871,18.63278],[-90.13904,18.63205],[-90.13835,18.63169],[-90.13762,18.63132],[-90.138,18.63063],[-90.13726,18.63026],[-90.13646,18.62983],[-90.13666,18.62948],[-90.13688,18.6291],[-90.13773,18.62953],[-90.13791,18.6291],[-90.13802,18.62883],[-90.13879,18.62924],[-90.13922,18.62856],[-90.13837,18.62811],[-90.13841,18.62811],[-90.13884,18.62742],[-90.13896,18.62722],[-90.13814,18.62675],[-90.13823,18.62671],[-90.13846,18.62635],[-90.13876,18.6259],[-90.13921,18.62611],[-90.13961,18.62534],[-90.14,18.62458],[-90.14038,18.62388],[-90.14071,18.62404],[-90.1411,18.62339],[-90.14194,18.62381],[-90.14239,18.62306],[-90.14243,18.62297],[-90.14161,18.62254],[-90.1415,18.62248],[-90.14087,18.62215],[-90.14055,18.62197],[-90.14008,18.62174],[-90.13957,18.62148],[-90.13931,18.62134],[-90.13863,18.62096],[-90.13771,18.62046],[-90.13674,18.61993],[-90.13642,18.61977],[-90.13588,18.61949],[-90.13585,18.61953],[-90.13585,18.61954],[-90.13567,18.61983],[-90.13524,18.62055],[-90.13487,18.62121],[-90.13468,18.62111],[-90.13456,18.62194],[-90.13432,18.62178],[-90.13425,18.62186],[-90.13392,18.62236],[-90.13346,18.62308],[-90.13294,18.62393],[-90.13322,18.62408],[-90.13309,18.6244],[-90.13281,18.62521],[-90.13395,18.62577],[-90.13356,18.62649],[-90.133,18.62623],[-90.13262,18.62693],[-90.13239,18.6273],[-90.13213,18.62764],[-90.13168,18.62742],[-90.13154,18.62832],[-90.1314,18.63004],[-90.13139,18.63039],[-90.13139,18.63053],[-90.13159,18.63012],[-90.1323,18.63052],[-90.13306,18.63093],[-90.13378,18.6313],[-90.13343,18.63201],[-90.13306,18.63272],[-90.13285,18.63313],[-90.1335,18.63346]]]}},{"type":"Feature","properties":{"cvegeo":"040100001","cve_ent":"04","fuente":"INEGI — Marco Geoestadístico 2024","fecha_corte":"2024-08","cve_mun":"04010","nombre":"Xpujil","ambito":"Urbana"},"geometry":{"type":"MultiPolygon","coordinates":[[[[-89.40449,18.49549],[-89.40441,18.49561],[-89.40431,18.49571],[-89.40419,18.49584],[-89.4042,18.49585],[-89.40465,18.49622],[-89.40503,18.49618],[-89.40661,18.49613],[-89.40662,18.4958],[-89.40667,18.49555],[-89.40634,18.4955],[-89.40587,18.49543],[-89.40595,18.49494],[-89.40542,18.49487],[-89.40533,18.49533],[-89.40472,18.49515],[-89.40469,18.49514],[-89.40449,18.49549]]],[[[-89.39698,18.51771],[-89.39719,18.5186],[-89.3993,18.51847],[-89.40161,18.51835],[-89.40141,18.51748],[-89.40153,18.51748],[-89.40656,18.51767],[-89.40633,18.51682],[-89.40613,18.51603],[-89.40329,18.5159],[-89.4008,18.51581],[-89.3985,18.51569],[-89.3965,18.51562],[-89.39618,18.51428],[-89.3952,18.51009],[-89.39528,18.51006],[-89.39536,18.51004],[-89.39551,18.50999],[-89.39551,18.50999],[-89.39551,18.50999],[-89.3953,18.5091],[-89.3953,18.5091],[-89.39519,18.50864],[-89.39519,18.50863],[-89.39519,18.50862],[-89.39518,18.5086],[-89.39518,18.5086],[-89.39519,18.50861],[-89.3952,18.50861],[-89.3952,18.50861],[-89.39557,18.50875],[-89.39563,18.50877],[-89.39579,18.50883],[-89.39608,18.50894],[-89.39632,18.50897],[-89.39676,18.50914],[-89.39696,18.50919],[-89.39874,18.50963],[-89.39937,18.50982],[-89.39995,18.50999],[-89.40038,18.5101],[-89.4006,18.50919],[-89.40072,18.50861],[-89.40072,18.50861],[-89.40074,18.50861],[-89.40087,18.50862],[-89.40105,18.50863],[-89.40105,18.50863],[-89.40109,18.50863],[-89.40224,18.5087],[-89.40227,18.5087],[-89.40335,18.5088],[-89.40343,18.5088],[-89.40344,18.5088],[-89.40345,18.5088],[-89.40345,18.5088],[-89.40346,18.5088],[-89.40346,18.5088],[-89.40359,18.50652],[-89.40359,18.50647],[-89.40374,18.50392],[-89.40389,18.50138],[-89.40392,18.50052],[-89.40396,18.50012],[-89.40437,18.50015],[-89.4044,18.49975],[-89.40562,18.49991],[-89.40566,18.49942],[-89.40512,18.49935],[-89.40461,18.4993],[-89.40404,18.49924],[-89.40297,18.49905],[-89.40288,18.49904],[-89.4031,18.49834],[-89.40311,18.49832],[-89.40067,18.49714],[-89.4012,18.49646],[-89.40162,18.49591],[-89.402,18.4954],[-89.40229,18.49498],[-89.39975,18.4936],[-89.39966,18.49469],[-89.39966,18.49472],[-89.39966,18.49475],[-89.39894,18.49442],[-89.39894,18.49442],[-89.39893,18.49435],[-89.39893,18.49433],[-89.39889,18.49327],[-89.39806,18.4928],[-89.39749,18.49255],[-89.39742,18.49252],[-89.39743,18.49271],[-89.39727,18.49265],[-89.39672,18.49244],[-89.39663,18.49335],[-89.39648,18.49331],[-89.39533,18.49307],[-89.39532,18.49307],[-89.39533,18.49263],[-89.39533,18.49263],[-89.39533,18.4926],[-89.39533,18.4926],[-89.39506,18.49246],[-89.39502,18.49243],[-89.39431,18.49209],[-89.39368,18.49183],[-89.39366,18.49182],[-89.39366,18.49182],[-89.3936,18.49179],[-89.39357,18.49177],[-89.39398,18.4911],[-89.39432,18.49055],[-89.39432,18.49055],[-89.39381,18.49025],[-89.39381,18.49025],[-89.39391,18.4901],[-89.39363,18.48978],[-89.39323,18.48958],[-89.3931,18.48977],[-89.39273,18.49028],[-89.39222,18.49107],[-89.39222,18.49107],[-89.39279,18.49137],[-89.3927,18.49172],[-89.39267,18.49235],[-89.39244,18.49497],[-89.39241,18.49537],[-89.3924,18.49541],[-89.39212,18.49538],[-89.39123,18.49527],[-89.39033,18.49518],[-89.38884,18.49501],[-89.38884,18.49501],[-89.38855,18.49638],[-89.38826,18.49786],[-89.38838,18.49865],[-89.38835,18.49956],[-89.38815,18.49956],[-89.38793,18.49956],[-89.38759,18.49942],[-89.38706,18.49921],[-89.38658,18.49949],[-89.38652,18.50035],[-89.38675,18.50035],[-89.38674,18.50039],[-89.3865,18.50137],[-89.3865,18.50138],[-89.3864,18.50138],[-89.38618,18.50288],[-89.38719,18.50303],[-89.38721,18.50404],[-89.38712,18.50504],[-89.38704,18.50537],[-89.38691,18.50586],[-89.38679,18.50627],[-89.38673,18.50652],[-89.38667,18.50673],[-89.3865,18.5067],[-89.3863,18.50744],[-89.38755,18.50774],[-89.38763,18.50776],[-89.38764,18.50775],[-89.38897,18.5079],[-89.38939,18.50793],[-89.38953,18.50794],[-89.38952,18.50806],[-89.38947,18.50835],[-89.38942,18.50866],[-89.38938,18.50889],[-89.38929,18.50914],[-89.38877,18.50941],[-89.38836,18.50942],[-89.38822,18.50955],[-89.3878,18.50985],[-89.38774,18.50979],[-89.38662,18.51084],[-89.38735,18.51156],[-89.38754,18.51143],[-89.38907,18.51113],[-89.38952,18.51102],[-89.3898,18.51099],[-89.39077,18.51124],[-89.39136,18.51143],[-89.39138,18.51158],[-89.39147,18.51159],[-89.39197,18.51145],[-89.39243,18.51133],[-89.39275,18.51123],[-89.39297,18.51114],[-89.39305,18.51042],[-89.39307,18.50993],[-89.3937,18.51006],[-89.39473,18.51446],[-89.39545,18.51751],[-89.39686,18.51717],[-89.39698,18.51771]]]]}},{"type":"Feature","properties":{"cvegeo":"040100167","cve_ent":"04","fuente":"INEGI — Marco Geoestadístico 2024","fecha_corte":"2024-08","cve_mun":"04010","nombre":"Nuevo Veracruz","ambito":"Rural"},"geometry":{"type":"Polygon","coordinates":[[[-89.16873,18.05744],[-89.1686,18.05757],[-89.16847,18.05778],[-89.17036,18.05773],[-89.17248,18.05765],[-89.17351,18.05764],[-89.17354,18.05763],[-89.17457,18.05762],[-89.1758,18.05759],[-89.1758,18.05647],[-89.17578,18.05549],[-89.17517,18.05551],[-89.17516,18.05438],[-89.17402,18.05443],[-89.17349,18.05446],[-89.17348,18.05397],[-89.17345,18.05174],[-89.17339,18.05154],[-89.17333,18.05148],[-89.17323,18.05142],[-89.17303,18.05184],[-89.17296,18.05216],[-89.17297,18.05273],[-89.17296,18.05314],[-89.17296,18.05335],[-89.17295,18.0535],[-89.17127,18.05353],[-89.17129,18.05448],[-89.17036,18.05451],[-89.1703,18.05511],[-89.1702,18.05554],[-89.16924,18.05556],[-89.16928,18.05654],[-89.16959,18.05666],[-89.16873,18.05744]]]}},{"type":"Feature","properties":{"cvegeo":"040100064","cve_ent":"04","fuente":"INEGI — Marco Geoestadístico 2024","fecha_corte":"2024-08","cve_mun":"04010","nombre":"Concepción","ambito":"Rural"},"geometry":{"type":"Polygon","coordinates":[[[-90.13388,18.62148],[-90.13428,18.62175],[-90.13432,18.62178],[-90.13456,18.62194],[-90.13468,18.62111],[-90.13487,18.62121],[-90.13524,18.62055],[-90.13567,18.61983],[-90.13585,18.61954],[-90.13501,18.61908],[-90.13431,18.61871],[-90.13355,18.6183],[-90.13261,18.6178],[-90.13251,18.61775],[-90.13244,18.61879],[-90.13239,18.61961],[-90.13237,18.62046],[-90.13315,18.62097],[-90.13388,18.62148]]]}},{"type":"Feature","properties":{"cvegeo":"040100060","cve_ent":"04","fuente":"INEGI — Marco Geoestadístico 2024","fecha_corte":"2024-08","cve_mun":"04010","nombre":"El Chichonal","ambito":"Rural"},"geometry":{"type":"Polygon","coordinates":[[[-89.55248,18.52696],[-89.55342,18.52744],[-89.55441,18.5279],[-89.55465,18.52742],[-89.55497,18.52683],[-89.5553,18.52699],[-89.55582,18.5261],[-89.55626,18.52532],[-89.55598,18.52519],[-89.55619,18.52482],[-89.55523,18.52443],[-89.55437,18.52403],[-89.55261,18.52321],[-89.5521,18.52353],[-89.552,18.52361],[-89.55173,18.52396],[-89.55159,18.524],[-89.55098,18.52481],[-89.55044,18.52564],[-89.55154,18.52646],[-89.55248,18.52696]]]}},{"type":"Feature","properties":{"cvegeo":"040110198","cve_ent":"04","fuente":"INEGI — Marco Geoestadístico 2024","fecha_corte":"2024-08","cve_mun":"04011","nombre":"La Florida (El Cuatro)","ambito":"Rural"},"geometry":{"type":"Polygon","coordinates":[[[-91.01596,18.08186],[-91.01627,18.08153],[-91.01372,18.08115],[-91.0135,18.08159],[-91.01397,18.08169],[-91.01385,18.08359],[-91.01444,18.08319],[-91.01464,18.0831],[-91.01519,18.08283],[-91.01531,18.08272],[-91.01544,18.08249],[-91.01596,18.08186]]]}},{"type":"Feature","properties":{"cvegeo":"040110319","cve_ent":"04","fuente":"INEGI — Marco Geoestadístico 2024","fecha_corte":"2024-08","cve_mun":"04011","nombre":"El Machetazo","ambito":"Rural"},"geometry":{"type":"Polygon","coordinates":[[[-91.20184,18.01983],[-91.20209,18.01948],[-91.20136,18.01903],[-91.20192,18.0182],[-91.20177,18.01809],[-91.20152,18.01791],[-91.20148,18.018],[-91.20083,18.01752],[-91.20005,18.01706],[-91.19949,18.01784],[-91.19903,18.01754],[-91.19855,18.01825],[-91.19806,18.0189],[-91.19796,18.01902],[-91.19768,18.01937],[-91.19752,18.01958],[-91.19703,18.02022],[-91.19645,18.02098],[-91.19777,18.02185],[-91.1983,18.0222],[-91.19872,18.02249],[-91.19885,18.02258],[-91.19951,18.02307],[-91.19989,18.02332],[-91.20037,18.02364],[-91.20093,18.02284],[-91.20137,18.02225],[-91.20171,18.02178],[-91.20281,18.02173],[-91.20216,18.02153],[-91.20196,18.02141],[-91.20246,18.02069],[-91.20231,18.02059],[-91.20199,18.02039],[-91.20161,18.02015],[-91.20184,18.01983]]]}},{"type":"Feature","properties":{"cvegeo":"040111422","cve_ent":"04","fuente":"INEGI — Marco Geoestadístico 2024","fecha_corte":"2024-08","cve_mun":"04011","nombre":"San Antonio Número 2","ambito":"Rural"},"geometry":{"type":"Polygon","coordinates":[[[-90.53573,18.3488],[-90.53591,18.34781],[-90.53598,18.34686],[-90.53607,18.34582],[-90.53623,18.34482],[-90.53638,18.34336],[-90.53647,18.3424],[-90.5365,18.34134],[-90.53632,18.34026],[-90.53525,18.34026],[-90.53424,18.34016],[-90.53321,18.34008],[-90.53331,18.34107],[-90.53274,18.34103],[-90.53276,18.34202],[-90.53251,18.34439],[-90.53237,18.34543],[-90.53226,18.3464],[-90.53213,18.34738],[-90.53198,18.34835],[-90.53254,18.34843],[-90.53365,18.34853],[-90.53465,18.34867],[-90.53573,18.3488]]]}},{"type":"Feature","properties":{"cvegeo":"040110166","cve_ent":"04","fuente":"INEGI — Marco Geoestadístico 2024","fecha_corte":"2024-08","cve_mun":"04011","nombre":"La Esmeralda","ambito":"Rural"},"geometry":{"type":"Polygon","coordinates":[[[-90.71165,18.09402],[-90.71239,18.09391],[-90.71344,18.09373],[-90.71418,18.09361],[-90.71503,18.09349],[-90.7156,18.09339],[-90.71652,18.09324],[-90.71658,18.09215],[-90.71645,18.0918],[-90.7163,18.09092],[-90.7153,18.09118],[-90.71453,18.09135],[-90.71367,18.09157],[-90.71346,18.0908],[-90.71326,18.09003],[-90.713,18.0889],[-90.71293,18.08875],[-90.71268,18.08847],[-90.71209,18.08891],[-90.71139,18.0894],[-90.71095,18.08971],[-90.71061,18.08998],[-90.7099,18.09049],[-90.7096,18.09071],[-90.70992,18.09196],[-90.70993,18.09262],[-90.71009,18.09324],[-90.71036,18.09317],[-90.7106,18.09312],[-90.71084,18.09416],[-90.71165,18.09402]]]}},{"type":"Feature","properties":{"cvegeo":"040110130","cve_ent":"04","fuente":"INEGI — Marco Geoestadístico 2024","fecha_corte":"2024-08","cve_mun":"04011","nombre":"Las Delicias","ambito":"Rural"},"geometry":{"type":"Polygon","coordinates":[[[-90.94222,18.09745],[-90.94245,18.09796],[-90.94208,18.09911],[-90.9418,18.09993],[-90.94156,18.10073],[-90.94243,18.10094],[-90.94328,18.10116],[-90.94412,18.10138],[-90.945,18.1016],[-90.94589,18.10181],[-90.9467,18.10204],[-90.94695,18.10126],[-90.9472,18.10041],[-90.94744,18.09964],[-90.94769,18.09877],[-90.94792,18.098],[-90.94709,18.09777],[-90.94625,18.09754],[-90.94541,18.09733],[-90.94447,18.09708],[-90.94466,18.09625],[-90.94382,18.09602],[-90.94307,18.09583],[-90.94286,18.09667],[-90.94359,18.09685],[-90.94339,18.0977],[-90.94258,18.09753],[-90.94222,18.09745]]]}},{"type":"Feature","properties":{"cvegeo":"040110360","cve_ent":"04","fuente":"INEGI — Marco Geoestadístico 2024","fecha_corte":"2024-08","cve_mun":"04011","nombre":"Nueva Delicias II","ambito":"Rural"},"geometry":{"type":"Polygon","coordinates":[[[-90.4848,17.90806],[-90.48483,17.90713],[-90.48485,17.90625],[-90.48489,17.90573],[-90.48493,17.90524],[-90.48494,17.90415],[-90.48499,17.9032],[-90.48503,17.90228],[-90.48509,17.90129],[-90.48518,17.90023],[-90.48526,17.89926],[-90.48523,17.89919],[-90.48532,17.8983],[-90.48536,17.89734],[-90.48538,17.89641],[-90.48446,17.89645],[-90.48348,17.89647],[-90.48343,17.8974],[-90.48339,17.89831],[-90.48332,17.89924],[-90.48326,17.90012],[-90.48314,17.90117],[-90.48309,17.90172],[-90.48311,17.90179],[-90.4831,17.90212],[-90.48307,17.90303],[-90.48303,17.90411],[-90.48304,17.90515],[-90.48303,17.90552],[-90.48301,17.90594],[-90.48295,17.90679],[-90.48288,17.9077],[-90.48285,17.90913],[-90.48379,17.90911],[-90.48473,17.9091],[-90.4848,17.90806]]]}},{"type":"Feature","properties":{"cvegeo":"040110169","cve_ent":"04","fuente":"INEGI — Marco Geoestadístico 2024","fecha_corte":"2024-08","cve_mun":"04011","nombre":"Esperanza","ambito":"Rural"},"geometry":{"type":"Polygon","coordinates":[[[-90.78935,18.01334],[-90.78936,18.01252],[-90.78937,18.01165],[-90.78841,18.01158],[-90.78841,18.0115],[-90.78843,18.01042],[-90.78708,18.01055],[-90.78714,18.01146],[-90.78748,18.01147],[-90.78747,18.01238],[-90.78746,18.01331],[-90.7874,18.01331],[-90.7874,18.01422],[-90.78737,18.01602],[-90.78738,18.01694],[-90.78734,18.01786],[-90.78738,18.01873],[-90.7883,18.01879],[-90.78923,18.01879],[-90.78925,18.0179],[-90.78927,18.01694],[-90.78927,18.01605],[-90.7893,18.01424],[-90.78935,18.01334]]]}},{"type":"Feature","properties":{"cvegeo":"040110225","cve_ent":"04","fuente":"INEGI — Marco Geoestadístico 2024","fecha_corte":"2024-08","cve_mun":"04011","nombre":"Héctor Pérez Morales","ambito":"Rural"},"geometry":{"type":"Polygon","coordinates":[[[-90.70292,18.04245],[-90.69561,18.04224],[-90.69561,18.04224],[-90.69441,18.04223],[-90.6943,18.04333],[-90.69425,18.04434],[-90.69416,18.04522],[-90.69406,18.04622],[-90.69552,18.04628],[-90.69654,18.04632],[-90.69651,18.0475],[-90.699,18.04758],[-90.70064,18.04762],[-90.70168,18.04766],[-90.7028,18.04769],[-90.70283,18.04648],[-90.70338,18.04649],[-90.70374,18.04649],[-90.70378,18.04549],[-90.70381,18.04449],[-90.70386,18.04348],[-90.70395,18.04248],[-90.70292,18.04245]]]}},{"type":"Feature","properties":{"cvegeo":"040110238","cve_ent":"04","fuente":"INEGI — Marco Geoestadístico 2024","fecha_corte":"2024-08","cve_mun":"04011","nombre":"Ignacio Zaragoza (El Salvaje)","ambito":"Rural"},"geometry":{"type":"Polygon","coordinates":[[[-90.64078,18.04218],[-90.64235,18.04192],[-90.64214,18.04122],[-90.64201,18.04115],[-90.64152,18.04121],[-90.64126,18.04026],[-90.6411,18.03936],[-90.64088,18.03844],[-90.6406,18.03738],[-90.64039,18.03651],[-90.63938,18.03666],[-90.63845,18.03683],[-90.63756,18.03698],[-90.63703,18.03706],[-90.63658,18.03714],[-90.63593,18.03723],[-90.63601,18.03764],[-90.63606,18.03783],[-90.63616,18.03795],[-90.63618,18.03821],[-90.63625,18.03861],[-90.63633,18.0387],[-90.63637,18.03887],[-90.63642,18.03901],[-90.63654,18.03909],[-90.63658,18.03941],[-90.63659,18.03966],[-90.63668,18.03999],[-90.63669,18.04003],[-90.63679,18.04035],[-90.63676,18.04058],[-90.63682,18.04077],[-90.63673,18.04096],[-90.63685,18.041],[-90.6365,18.04157],[-90.63649,18.042],[-90.63646,18.04206],[-90.63651,18.04225],[-90.63642,18.04244],[-90.63624,18.04288],[-90.63796,18.04264],[-90.63815,18.04257],[-90.63887,18.04247],[-90.63982,18.04232],[-90.64078,18.04218]]]}},{"type":"Feature","properties":{"cvegeo":"040110355","cve_ent":"04","fuente":"INEGI — Marco Geoestadístico 2024","fecha_corte":"2024-08","cve_mun":"04011","nombre":"El Naranjo","ambito":"Rural"},"geometry":{"type":"Polygon","coordinates":[[[-91.12079,18.02842],[-91.12057,18.0291],[-91.12298,18.02969],[-91.12383,18.0299],[-91.12414,18.02997],[-91.12421,18.02999],[-91.12444,18.03004],[-91.12543,18.03028],[-91.12561,18.02961],[-91.12578,18.0289],[-91.12586,18.02862],[-91.12693,18.02896],[-91.12695,18.02891],[-91.12709,18.02845],[-91.12726,18.02793],[-91.12772,18.02805],[-91.12827,18.02819],[-91.12924,18.02844],[-91.1295,18.02749],[-91.12974,18.02757],[-91.13117,18.02797],[-91.13145,18.02711],[-91.13004,18.02666],[-91.12981,18.02659],[-91.12906,18.02635],[-91.12927,18.02535],[-91.1295,18.02431],[-91.13061,18.02472],[-91.13115,18.02499],[-91.13153,18.02309],[-91.13196,18.02319],[-91.13197,18.02316],[-91.13206,18.02265],[-91.13288,18.02276],[-91.13339,18.02288],[-91.1336,18.02244],[-91.13382,18.02185],[-91.13485,18.02018],[-91.13546,18.01818],[-91.13547,18.01809],[-91.13555,18.01698],[-91.13563,18.01689],[-91.13556,18.01655],[-91.12937,18.01584],[-91.1275,18.01567],[-91.1258,18.01545],[-91.12546,18.01646],[-91.12511,18.01644],[-91.12483,18.01717],[-91.12399,18.01939],[-91.12346,18.02087],[-91.1239,18.02104],[-91.12397,18.02107],[-91.12388,18.02132],[-91.12356,18.02222],[-91.12348,18.02247],[-91.12313,18.02341],[-91.12279,18.02438],[-91.12247,18.02526],[-91.12223,18.02581],[-91.12215,18.02585],[-91.12194,18.02591],[-91.12184,18.02597],[-91.12178,18.02604],[-91.12171,18.02626],[-91.12134,18.02714],[-91.12104,18.0277],[-91.12079,18.02842]]]}},{"type":"Feature","properties":{"cvegeo":"040110382","cve_ent":"04","fuente":"INEGI — Marco Geoestadístico 2024","fecha_corte":"2024-08","cve_mun":"04011","nombre":"Pablo García","ambito":"Rural"},"geometry":{"type":"Polygon","coordinates":[[[-90.92617,18.07501],[-90.92544,18.07464],[-90.92466,18.07431],[-90.92388,18.07393],[-90.92305,18.07354],[-90.92147,18.07261],[-90.92148,18.07283],[-90.92128,18.07325],[-90.92063,18.07441],[-90.92025,18.07514],[-90.9202,18.07511],[-90.91981,18.07582],[-90.92056,18.07622],[-90.92016,18.07699],[-90.92085,18.07733],[-90.92158,18.07774],[-90.92238,18.07815],[-90.92312,18.07856],[-90.9239,18.07897],[-90.92467,18.07937],[-90.92548,18.0798],[-90.92624,18.0802],[-90.92699,18.08056],[-90.92796,18.08107],[-90.92837,18.08034],[-90.92878,18.07959],[-90.92918,18.07888],[-90.92991,18.07755],[-90.93015,18.077],[-90.92941,18.07666],[-90.92845,18.07616],[-90.92764,18.07578],[-90.92691,18.07544],[-90.92653,18.07522],[-90.92617,18.07501]]]}},{"type":"Feature","properties":{"cvegeo":"040110361","cve_ent":"04","fuente":"INEGI — Marco Geoestadístico 2024","fecha_corte":"2024-08","cve_mun":"04011","nombre":"Nueva Esperanza","ambito":"Rural"},"geometry":{"type":"Polygon","coordinates":[[[-90.80606,18.25051],[-90.80555,18.25043],[-90.8053,18.25034],[-90.80536,18.24991],[-90.80468,18.24976],[-90.80353,18.24957],[-90.80233,18.24931],[-90.80226,18.25023],[-90.80214,18.2513],[-90.80203,18.25239],[-90.80267,18.25248],[-90.80373,18.25269],[-90.80489,18.25295],[-90.80603,18.25321],[-90.80708,18.25346],[-90.80808,18.25369],[-90.80832,18.25273],[-90.80854,18.25175],[-90.8085,18.25165],[-90.80868,18.25149],[-90.8092,18.2508],[-90.80784,18.25051],[-90.80676,18.25028],[-90.80626,18.25018],[-90.80606,18.25051]]]}},{"type":"Feature","properties":{"cvegeo":"040110638","cve_ent":"04","fuente":"INEGI — Marco Geoestadístico 2024","fecha_corte":"2024-08","cve_mun":"04011","nombre":"El Taziztal","ambito":"Rural"},"geometry":{"type":"Polygon","coordinates":[[[-90.46199,18.02992],[-90.46124,18.02942],[-90.46054,18.02896],[-90.45977,18.02845],[-90.45914,18.02948],[-90.45995,18.03001],[-90.46069,18.03046],[-90.46143,18.0309],[-90.46218,18.03135],[-90.46289,18.03184],[-90.46364,18.03232],[-90.4641,18.03136],[-90.46337,18.03087],[-90.46263,18.03041],[-90.46239,18.03021],[-90.46199,18.02992]]]}},{"type":"Feature","properties":{"cvegeo":"040110642","cve_ent":"04","fuente":"INEGI — Marco Geoestadístico 2024","fecha_corte":"2024-08","cve_mun":"04011","nombre":"El Tigre","ambito":"Rural"},"geometry":{"type":"Polygon","coordinates":[[[-90.8356,18.13491],[-90.83625,18.13464],[-90.83641,18.1346],[-90.83719,18.13413],[-90.83667,18.13342],[-90.83605,18.13377],[-90.83573,18.13347],[-90.83573,18.13338],[-90.83582,18.13247],[-90.83601,18.13159],[-90.83619,18.13043],[-90.83527,18.13032],[-90.83371,18.13012],[-90.83366,18.13131],[-90.83365,18.13222],[-90.83361,18.13306],[-90.83359,18.13406],[-90.83356,18.1348],[-90.83358,18.13564],[-90.83463,18.13536],[-90.83464,18.13528],[-90.8356,18.13491]]]}},{"type":"Feature","properties":{"cvegeo":"040111401","cve_ent":"04","fuente":"INEGI — Marco Geoestadístico 2024","fecha_corte":"2024-08","cve_mun":"04011","nombre":"Arroyo Veinticuatro de Mayo","ambito":"Rural"},"geometry":{"type":"Polygon","coordinates":[[[-90.26892,17.95788],[-90.2684,17.95663],[-90.268,17.95575],[-90.2672,17.95607],[-90.26702,17.95527],[-90.26607,17.9557],[-90.26603,17.95559],[-90.26505,17.95602],[-90.26478,17.9551],[-90.26383,17.95557],[-90.2641,17.9565],[-90.2644,17.95748],[-90.26348,17.95794],[-90.26376,17.95896],[-90.26281,17.95944],[-90.26308,17.96042],[-90.26406,17.95997],[-90.26507,17.95945],[-90.26596,17.9589],[-90.26691,17.95845],[-90.26785,17.95805],[-90.26795,17.9583],[-90.26892,17.95788]]]}},{"type":"Feature","properties":{"cvegeo":"040110188","cve_ent":"04","fuente":"INEGI — Marco Geoestadístico 2024","fecha_corte":"2024-08","cve_mun":"04011","nombre":"Estrella del Sur","ambito":"Rural"},"geometry":{"type":"Polygon","coordinates":[[[-90.66634,17.82687],[-90.66742,17.8267],[-90.6684,17.82666],[-90.66941,17.82659],[-90.6704,17.82657],[-90.67043,17.8258],[-90.66941,17.82588],[-90.66942,17.82484],[-90.67048,17.82477],[-90.67153,17.82468],[-90.67256,17.82459],[-90.67384,17.82446],[-90.67372,17.82347],[-90.67254,17.82359],[-90.67259,17.82264],[-90.67151,17.82272],[-90.6705,17.82277],[-90.66958,17.82286],[-90.66945,17.82311],[-90.66945,17.8239],[-90.66888,17.82393],[-90.66887,17.82431],[-90.66876,17.82439],[-90.66845,17.82453],[-90.66844,17.82496],[-90.66784,17.82501],[-90.66738,17.82523],[-90.66686,17.82524],[-90.66628,17.82517],[-90.66616,17.82365],[-90.66513,17.82371],[-90.6651,17.82321],[-90.66411,17.82331],[-90.66429,17.82434],[-90.6644,17.82539],[-90.66523,17.82527],[-90.66531,17.82626],[-90.66632,17.82617],[-90.66633,17.82622],[-90.66634,17.82687]]]}},{"type":"Feature","properties":{"cvegeo":"040110202","cve_ent":"04","fuente":"INEGI — Marco Geoestadístico 2024","fecha_corte":"2024-08","cve_mun":"04011","nombre":"Francisco I. Madero","ambito":"Rural"},"geometry":{"type":"Polygon","coordinates":[[[-90.65848,17.90132],[-90.65855,17.90173],[-90.65882,17.90219],[-90.65999,17.90099],[-90.65996,17.90094],[-90.66113,17.89968],[-90.66022,17.89889],[-90.65952,17.89825],[-90.65864,17.89746],[-90.65734,17.8963],[-90.65694,17.89602],[-90.65615,17.89687],[-90.65596,17.89699],[-90.6558,17.89677],[-90.65533,17.89675],[-90.65533,17.8967],[-90.65533,17.89661],[-90.65586,17.89665],[-90.65562,17.89618],[-90.65467,17.89614],[-90.65446,17.89759],[-90.65526,17.89766],[-90.65525,17.89782],[-90.65418,17.89772],[-90.65414,17.89826],[-90.65486,17.89832],[-90.65587,17.89842],[-90.65583,17.89876],[-90.65664,17.89898],[-90.65739,17.89952],[-90.65773,17.90025],[-90.65818,17.90099],[-90.65834,17.90092],[-90.65848,17.90132]]]}},{"type":"Feature","properties":{"cvegeo":"040110416","cve_ent":"04","fuente":"INEGI — Marco Geoestadístico 2024","fecha_corte":"2024-08","cve_mun":"04011","nombre":"Pedro Baranda","ambito":"Rural"},"geometry":{"type":"Polygon","coordinates":[[[-90.86353,17.96778],[-90.86352,17.96888],[-90.86352,17.9696],[-90.86354,17.97099],[-90.86353,17.97206],[-90.86353,17.97313],[-90.8635,17.97417],[-90.86466,17.97416],[-90.86577,17.97416],[-90.86687,17.97417],[-90.86794,17.97419],[-90.86898,17.97418],[-90.86898,17.97415],[-90.86899,17.97311],[-90.86902,17.97206],[-90.86902,17.971],[-90.86904,17.96995],[-90.86904,17.96883],[-90.86905,17.96782],[-90.87015,17.96782],[-90.87016,17.96676],[-90.86905,17.96674],[-90.86905,17.9672],[-90.86792,17.96718],[-90.8679,17.96676],[-90.86791,17.96615],[-90.86689,17.96616],[-90.86576,17.96613],[-90.86468,17.96614],[-90.86463,17.96678],[-90.86418,17.96678],[-90.86415,17.96678],[-90.8636,17.96676],[-90.86353,17.96778]]]}},{"type":"Feature","properties":{"cvegeo":"040111273","cve_ent":"04","fuente":"INEGI — Marco Geoestadístico 2024","fecha_corte":"2024-08","cve_mun":"04011","nombre":"Ignacio Zaragoza (El Pulguero)","ambito":"Rural"},"geometry":{"type":"Polygon","coordinates":[[[-90.54498,18.18443],[-90.54505,18.18495],[-90.54417,18.18506],[-90.54436,18.18602],[-90.54427,18.18604],[-90.54442,18.18692],[-90.54537,18.18676],[-90.5455,18.1877],[-90.54568,18.18768],[-90.54644,18.18758],[-90.54737,18.18746],[-90.54835,18.18733],[-90.54836,18.18729],[-90.54822,18.18637],[-90.54808,18.18547],[-90.54793,18.18464],[-90.54793,18.18462],[-90.54782,18.18401],[-90.54682,18.18417],[-90.54682,18.18417],[-90.5459,18.18431],[-90.54498,18.18443]]]}},{"type":"Feature","properties":{"cvegeo":"040110685","cve_ent":"04","fuente":"INEGI — Marco Geoestadístico 2024","fecha_corte":"2024-08","cve_mun":"04011","nombre":"Vicente Lombardo Toledano","ambito":"Rural"},"geometry":{"type":"Polygon","coordinates":[[[-90.9932,18.33571],[-90.99411,18.33526],[-90.99507,18.3348],[-90.99526,18.3351],[-90.99612,18.33471],[-90.99562,18.3339],[-90.99586,18.33376],[-90.99565,18.33339],[-90.99658,18.33288],[-90.99674,18.33279],[-90.99766,18.33229],[-90.99782,18.33256],[-90.99821,18.33237],[-90.99856,18.33288],[-90.99906,18.33259],[-90.99895,18.33242],[-90.9999,18.33195],[-90.99983,18.33183],[-90.99952,18.33133],[-90.99898,18.33043],[-90.99845,18.32956],[-90.99776,18.32846],[-90.99692,18.32896],[-90.99602,18.3294],[-90.99506,18.32989],[-90.99431,18.33026],[-90.99494,18.33125],[-90.99456,18.33157],[-90.9951,18.33249],[-90.994,18.33306],[-90.99348,18.33224],[-90.99265,18.33269],[-90.99165,18.3332],[-90.99086,18.33377],[-90.99019,18.33424],[-90.99089,18.33539],[-90.99147,18.33628],[-90.99217,18.33593],[-90.99186,18.33537],[-90.99273,18.3349],[-90.9932,18.33571]]]}},{"type":"Feature","properties":{"cvegeo":"040110696","cve_ent":"04","fuente":"INEGI — Marco Geoestadístico 2024","fecha_corte":"2024-08","cve_mun":"04011","nombre":"Primer Presidente de México (Guadalupe Victoria)","ambito":"Rural"},"geometry":{"type":"Polygon","coordinates":[[[-91.16407,18.26758],[-91.16483,18.26794],[-91.16457,18.26862],[-91.16536,18.26891],[-91.16565,18.26827],[-91.16593,18.26748],[-91.16676,18.26781],[-91.16647,18.26859],[-91.16724,18.26888],[-91.16803,18.26916],[-91.16829,18.26841],[-91.16858,18.26774],[-91.16895,18.26688],[-91.16854,18.26678],[-91.16813,18.26663],[-91.16848,18.26587],[-91.1677,18.26551],[-91.16686,18.2652],[-91.16743,18.26401],[-91.16582,18.26327],[-91.16572,18.26322],[-91.16586,18.26212],[-91.16561,18.2621],[-91.16566,18.26126],[-91.1648,18.2612],[-91.16393,18.26111],[-91.16383,18.26195],[-91.16371,18.26292],[-91.16361,18.26382],[-91.16354,18.26428],[-91.16338,18.26561],[-91.16462,18.26606],[-91.16428,18.26681],[-91.16407,18.2673],[-91.16407,18.26758]]]}},{"type":"Feature","properties":{"cvegeo":"040110187","cve_ent":"04","fuente":"INEGI — Marco Geoestadístico 2024","fecha_corte":"2024-08","cve_mun":"04011","nombre":"Estado de México","ambito":"Rural"},"geometry":{"type":"Polygon","coordinates":[[[-90.87844,18.02415],[-90.87902,18.02378],[-90.87957,18.02346],[-90.88011,18.02315],[-90.88112,18.02273],[-90.8812,18.0227],[-90.88231,18.02246],[-90.88303,18.02227],[-90.88339,18.02213],[-90.88341,18.02165],[-90.88437,18.02164],[-90.88454,18.02166],[-90.88513,18.02136],[-90.88555,18.02116],[-90.88559,18.02165],[-90.88575,18.02158],[-90.88675,18.0216],[-90.88677,18.02113],[-90.88676,18.02073],[-90.88645,18.0208],[-90.88565,18.02112],[-90.88563,18.0206],[-90.8868,18.0206],[-90.88732,18.02059],[-90.88793,18.02059],[-90.88795,18.01961],[-90.8868,18.0196],[-90.88463,18.01956],[-90.8846,18.01847],[-90.88458,18.01803],[-90.88674,18.01808],[-90.88675,18.01745],[-90.88675,18.01692],[-90.88675,18.01645],[-90.8857,18.01644],[-90.88456,18.01641],[-90.88348,18.0164],[-90.88233,18.01638],[-90.88122,18.0164],[-90.88009,18.0164],[-90.87903,18.01639],[-90.87786,18.01637],[-90.87787,18.01741],[-90.87789,18.01845],[-90.87794,18.01915],[-90.87844,18.01915],[-90.87843,18.01937],[-90.87846,18.01947],[-90.87852,18.01956],[-90.87856,18.01958],[-90.87856,18.02059],[-90.87791,18.0206],[-90.87793,18.02161],[-90.87791,18.02265],[-90.87846,18.02266],[-90.87844,18.02415]]]}},{"type":"Feature","properties":{"cvegeo":"040110119","cve_ent":"04","fuente":"INEGI — Marco Geoestadístico 2024","fecha_corte":"2024-08","cve_mun":"04011","nombre":"Cuauhtémoc","ambito":"Rural"},"geometry":{"type":"Polygon","coordinates":[[[-91.27449,18.04628],[-91.27518,18.04708],[-91.276,18.04647],[-91.27686,18.04585],[-91.27775,18.04516],[-91.27787,18.04516],[-91.27856,18.04463],[-91.27945,18.044],[-91.27881,18.04317],[-91.27791,18.04381],[-91.27724,18.04297],[-91.27665,18.0422],[-91.27747,18.04161],[-91.27682,18.04077],[-91.2762,18.03999],[-91.27552,18.03914],[-91.27471,18.03973],[-91.27408,18.03897],[-91.27235,18.04024],[-91.27148,18.04087],[-91.27059,18.04153],[-91.27123,18.04235],[-91.27187,18.04317],[-91.27253,18.04396],[-91.27315,18.04476],[-91.27377,18.04557],[-91.27407,18.04607],[-91.27421,18.0465],[-91.27449,18.04628]]]}},{"type":"Feature","properties":{"cvegeo":"040110684","cve_ent":"04","fuente":"INEGI — Marco Geoestadístico 2024","fecha_corte":"2024-08","cve_mun":"04011","nombre":"Vicente Guerrero Número 2","ambito":"Rural"},"geometry":{"type":"Polygon","coordinates":[[[-90.6057,17.90922],[-90.60572,17.91008],[-90.60688,17.91002],[-90.6068,17.90913],[-90.60676,17.90867],[-90.60625,17.90871],[-90.60622,17.90827],[-90.60609,17.90549],[-90.60606,17.90458],[-90.60551,17.90462],[-90.60547,17.90365],[-90.60605,17.90357],[-90.606,17.90266],[-90.60545,17.90273],[-90.60545,17.90278],[-90.60482,17.90285],[-90.60487,17.90372],[-90.60386,17.90385],[-90.6039,17.9048],[-90.6049,17.90468],[-90.60496,17.90558],[-90.60482,17.9056],[-90.60487,17.9061],[-90.60494,17.90653],[-90.60497,17.90747],[-90.60499,17.9084],[-90.6051,17.90925],[-90.6057,17.90922]]]}},{"type":"Feature","properties":{"cvegeo":"040110372","cve_ent":"04","fuente":"INEGI — Marco Geoestadístico 2024","fecha_corte":"2024-08","cve_mun":"04011","nombre":"Nuevo Comalcalco","ambito":"Rural"},"geometry":{"type":"Polygon","coordinates":[[[-90.47842,18.13956],[-90.47934,18.13915],[-90.48107,18.13835],[-90.48076,18.13752],[-90.48196,18.13701],[-90.48178,18.13609],[-90.48159,18.13513],[-90.48102,18.13542],[-90.4807,18.13462],[-90.47981,18.13499],[-90.47946,18.13418],[-90.47861,18.13467],[-90.47772,18.13504],[-90.47688,18.13538],[-90.47597,18.13576],[-90.47513,18.13611],[-90.47418,18.13651],[-90.47456,18.13742],[-90.47493,18.13829],[-90.47524,18.13911],[-90.47552,18.1399],[-90.4758,18.14074],[-90.47669,18.14035],[-90.47753,18.13995],[-90.47842,18.13956]]]}},{"type":"Feature","properties":{"cvegeo":"040110294","cve_ent":"04","fuente":"INEGI — Marco Geoestadístico 2024","fecha_corte":"2024-08","cve_mun":"04011","nombre":"Laguna la Perdida","ambito":"Rural"},"geometry":{"type":"Polygon","coordinates":[[[-90.57723,18.0325],[-90.57756,18.03263],[-90.57774,18.03273],[-90.57796,18.03294],[-90.57821,18.03304],[-90.57909,18.03325],[-90.57924,18.03265],[-90.58028,18.03293],[-90.58032,18.03243],[-90.58033,18.03104],[-90.58033,18.03007],[-90.58032,18.02927],[-90.58032,18.02811],[-90.57972,18.02806],[-90.5786,18.02801],[-90.57762,18.02799],[-90.5766,18.02794],[-90.57646,18.02935],[-90.57645,18.02945],[-90.57552,18.02954],[-90.57291,18.02968],[-90.57262,18.0297],[-90.57262,18.02973],[-90.57258,18.03053],[-90.57253,18.03151],[-90.57266,18.0315],[-90.57264,18.03162],[-90.57228,18.032],[-90.57316,18.03205],[-90.57395,18.03214],[-90.5741,18.03198],[-90.57424,18.03186],[-90.57442,18.03177],[-90.575,18.0318],[-90.57567,18.03195],[-90.57626,18.03221],[-90.57675,18.03233],[-90.57723,18.0325]]]}},{"type":"Feature","properties":{"cvegeo":"040110214","cve_ent":"04","fuente":"INEGI — Marco Geoestadístico 2024","fecha_corte":"2024-08","cve_mun":"04011","nombre":"Lázaro Cárdenas","ambito":"Rural"},"geometry":{"type":"Polygon","coordinates":[[[-90.81073,17.91356],[-90.81053,17.91455],[-90.81027,17.91557],[-90.80964,17.91543],[-90.80936,17.91652],[-90.80909,17.91761],[-90.80884,17.91876],[-90.80858,17.9198],[-90.80835,17.92082],[-90.80895,17.92098],[-90.81013,17.9212],[-90.8113,17.92144],[-90.81111,17.92225],[-90.81216,17.92247],[-90.81325,17.92274],[-90.81346,17.92191],[-90.81405,17.92205],[-90.81437,17.92078],[-90.81376,17.9207],[-90.81403,17.91963],[-90.81461,17.91973],[-90.81484,17.91868],[-90.81508,17.91767],[-90.81534,17.91671],[-90.81558,17.91567],[-90.81581,17.91457],[-90.81602,17.9137],[-90.81543,17.91363],[-90.81427,17.91348],[-90.81435,17.91306],[-90.81315,17.91283],[-90.81307,17.91328],[-90.81188,17.91312],[-90.81176,17.91374],[-90.81073,17.91356]]]}},{"type":"Feature","properties":{"cvegeo":"040111231","cve_ent":"04","fuente":"INEGI — Marco Geoestadístico 2024","fecha_corte":"2024-08","cve_mun":"04011","nombre":"Río Caribe (Caribe)","ambito":"Rural"},"geometry":{"type":"Polygon","coordinates":[[[-90.54515,18.1912],[-90.54591,18.19109],[-90.54598,18.19103],[-90.54603,18.19094],[-90.54605,18.19112],[-90.54698,18.19103],[-90.5489,18.19079],[-90.54878,18.19006],[-90.54865,18.18913],[-90.54851,18.18825],[-90.54835,18.18733],[-90.54737,18.18746],[-90.54644,18.18758],[-90.54568,18.18768],[-90.5455,18.1877],[-90.5453,18.18754],[-90.54458,18.18767],[-90.54417,18.18774],[-90.54439,18.18889],[-90.54475,18.18883],[-90.5449,18.18972],[-90.54503,18.19063],[-90.54515,18.1912]]]}},{"type":"Feature","properties":{"cvegeo":"040110453","cve_ent":"04","fuente":"INEGI — Marco Geoestadístico 2024","fecha_corte":"2024-08","cve_mun":"04011","nombre":"El Ramonal","ambito":"Rural"},"geometry":{"type":"Polygon","coordinates":[[[-90.66368,17.83758],[-90.6638,17.83655],[-90.66388,17.83558],[-90.66393,17.83499],[-90.66282,17.83491],[-90.66285,17.83443],[-90.66173,17.83438],[-90.66178,17.83393],[-90.6607,17.83387],[-90.65965,17.83378],[-90.65962,17.83422],[-90.65952,17.8352],[-90.65848,17.83511],[-90.65837,17.83614],[-90.65776,17.83609],[-90.65764,17.83709],[-90.65755,17.83708],[-90.65743,17.83811],[-90.65815,17.83819],[-90.65923,17.83827],[-90.6603,17.83834],[-90.66135,17.83843],[-90.66251,17.8385],[-90.66356,17.83858],[-90.66368,17.83758]]]}},{"type":"Feature","properties":{"cvegeo":"040110435","cve_ent":"04","fuente":"INEGI — Marco Geoestadístico 2024","fecha_corte":"2024-08","cve_mun":"04011","nombre":"El Porvenir","ambito":"Rural"},"geometry":{"type":"Polygon","coordinates":[[[-90.96801,17.85292],[-90.96801,17.85232],[-90.968,17.8518],[-90.96749,17.85186],[-90.96641,17.85201],[-90.96576,17.85206],[-90.96543,17.85208],[-90.96535,17.85209],[-90.96432,17.85217],[-90.96422,17.85121],[-90.96473,17.85118],[-90.96472,17.85085],[-90.96317,17.85093],[-90.96318,17.85126],[-90.96325,17.85221],[-90.96218,17.85234],[-90.96088,17.85244],[-90.96092,17.85344],[-90.96081,17.85352],[-90.96057,17.85381],[-90.96011,17.85448],[-90.96094,17.85445],[-90.96093,17.85458],[-90.96094,17.85499],[-90.96246,17.8549],[-90.96342,17.85481],[-90.96452,17.85476],[-90.96556,17.85467],[-90.96664,17.85459],[-90.96659,17.85401],[-90.96763,17.85393],[-90.96783,17.85399],[-90.9678,17.8541],[-90.96828,17.85421],[-90.96867,17.85328],[-90.96806,17.85291],[-90.96801,17.85292]]]}},{"type":"Feature","properties":{"cvegeo":"040110371","cve_ent":"04","fuente":"INEGI — Marco Geoestadístico 2024","fecha_corte":"2024-08","cve_mun":"04011","nombre":"Nuevo Coahuila","ambito":"Rural"},"geometry":{"type":"Polygon","coordinates":[[[-90.77302,17.89423],[-90.77408,17.89422],[-90.77522,17.89421],[-90.7763,17.89423],[-90.77739,17.89422],[-90.77839,17.89423],[-90.77958,17.89423],[-90.78068,17.89428],[-90.78068,17.89318],[-90.78065,17.89209],[-90.78068,17.89004],[-90.78141,17.89005],[-90.78127,17.88893],[-90.78114,17.88794],[-90.78064,17.88794],[-90.78063,17.88685],[-90.78065,17.88552],[-90.77963,17.88549],[-90.77851,17.88545],[-90.77739,17.88549],[-90.7774,17.88553],[-90.7763,17.88552],[-90.77517,17.88553],[-90.7741,17.88554],[-90.7736,17.88554],[-90.77302,17.88553],[-90.77163,17.88553],[-90.77159,17.88682],[-90.77158,17.88783],[-90.77158,17.88887],[-90.77158,17.88996],[-90.77158,17.89106],[-90.77162,17.89229],[-90.77208,17.89216],[-90.77257,17.89212],[-90.77298,17.8921],[-90.77301,17.89315],[-90.77302,17.89423]]]}},{"type":"Feature","properties":{"cvegeo":"040110194","cve_ent":"04","fuente":"INEGI — Marco Geoestadístico 2024","fecha_corte":"2024-08","cve_mun":"04011","nombre":"Flor de Chiapas","ambito":"Rural"},"geometry":{"type":"Polygon","coordinates":[[[-90.60361,17.88913],[-90.60376,17.88915],[-90.60436,17.88912],[-90.60444,17.88911],[-90.60446,17.88897],[-90.60493,17.88898],[-90.60502,17.88863],[-90.60585,17.88868],[-90.60588,17.88816],[-90.60566,17.88814],[-90.60557,17.88768],[-90.60554,17.88718],[-90.60591,17.88719],[-90.60584,17.88637],[-90.60699,17.88645],[-90.60676,17.88554],[-90.60675,17.88458],[-90.60667,17.88356],[-90.60659,17.88263],[-90.60649,17.8816],[-90.6064,17.88036],[-90.60536,17.88037],[-90.60422,17.88038],[-90.60434,17.88138],[-90.60276,17.88123],[-90.60277,17.88156],[-90.60265,17.88176],[-90.6026,17.88185],[-90.60264,17.88194],[-90.60273,17.88204],[-90.60273,17.88213],[-90.60263,17.88238],[-90.60274,17.88268],[-90.60297,17.88283],[-90.60304,17.88295],[-90.60309,17.88303],[-90.60312,17.88309],[-90.60313,17.88314],[-90.60308,17.88335],[-90.60315,17.88376],[-90.60326,17.88392],[-90.60335,17.88402],[-90.60343,17.88409],[-90.60343,17.88416],[-90.6033,17.88476],[-90.60315,17.88495],[-90.60303,17.8851],[-90.60294,17.88526],[-90.60295,17.88537],[-90.60294,17.88559],[-90.60293,17.88574],[-90.60288,17.88594],[-90.60284,17.88602],[-90.60279,17.88615],[-90.60282,17.88634],[-90.60286,17.88648],[-90.60295,17.88662],[-90.60294,17.88679],[-90.6029,17.88701],[-90.60292,17.88715],[-90.60295,17.88733],[-90.60291,17.88747],[-90.60279,17.88757],[-90.60275,17.88769],[-90.60272,17.88779],[-90.60278,17.888],[-90.6032,17.88877],[-90.6034,17.88902],[-90.60361,17.88913]]]}},{"type":"Feature","properties":{"cvegeo":"040111261","cve_ent":"04","fuente":"INEGI — Marco Geoestadístico 2024","fecha_corte":"2024-08","cve_mun":"04011","nombre":"El Diamante","ambito":"Rural"},"geometry":{"type":"Polygon","coordinates":[[[-90.5472,18.18],[-90.54624,18.18016],[-90.54431,18.18054],[-90.54449,18.18158],[-90.54474,18.1834],[-90.54496,18.18443],[-90.54498,18.18443],[-90.5459,18.18431],[-90.54682,18.18417],[-90.54682,18.18417],[-90.54782,18.18401],[-90.54768,18.18305],[-90.54752,18.18202],[-90.54736,18.18098],[-90.5472,18.18]]]}},{"type":"Feature","properties":{"cvegeo":"040110418","cve_ent":"04","fuente":"INEGI — Marco Geoestadístico 2024","fecha_corte":"2024-08","cve_mun":"04011","nombre":"La Pelusa","ambito":"Rural"},"geometry":{"type":"Polygon","coordinates":[[[-90.97335,17.84232],[-90.97484,17.84207],[-90.97484,17.84196],[-90.97556,17.84196],[-90.9761,17.84135],[-90.97621,17.84142],[-90.97719,17.84059],[-90.97779,17.83992],[-90.97741,17.83959],[-90.97656,17.83892],[-90.97584,17.8396],[-90.9758,17.83963],[-90.9749,17.83896],[-90.97421,17.83978],[-90.9741,17.83972],[-90.97359,17.83949],[-90.97325,17.84006],[-90.97325,17.84062],[-90.97332,17.84063],[-90.97335,17.84232]]]}},{"type":"Feature","properties":{"cvegeo":"040110814","cve_ent":"04","fuente":"INEGI — Marco Geoestadístico 2024","fecha_corte":"2024-08","cve_mun":"04011","nombre":"Adolfo López Mateos","ambito":"Rural"},"geometry":{"type":"Polygon","coordinates":[[[-90.40967,17.92337],[-90.41078,17.92335],[-90.41187,17.92338],[-90.41279,17.92339],[-90.41287,17.92224],[-90.41285,17.92066],[-90.41194,17.92063],[-90.41084,17.92063],[-90.41082,17.92126],[-90.40973,17.92126],[-90.40846,17.92125],[-90.40876,17.92229],[-90.40838,17.92339],[-90.40824,17.92393],[-90.40964,17.92394],[-90.40967,17.92337]]]}},{"type":"Feature","properties":{"cvegeo":"040110199","cve_ent":"04","fuente":"INEGI — Marco Geoestadístico 2024","fecha_corte":"2024-08","cve_mun":"04011","nombre":"La Fortuna","ambito":"Rural"},"geometry":{"type":"Polygon","coordinates":[[[-90.98156,18.27107],[-90.98054,18.27101],[-90.97941,18.27101],[-90.97949,18.27273],[-90.97958,18.27372],[-90.97966,18.27424],[-90.98067,18.2741],[-90.98062,18.27347],[-90.98144,18.27328],[-90.98259,18.27303],[-90.98258,18.27288],[-90.98301,18.27289],[-90.98313,18.2722],[-90.98378,18.27217],[-90.98383,18.2718],[-90.98391,18.27127],[-90.98255,18.27114],[-90.98156,18.27107]]]}},{"type":"Feature","properties":{"cvegeo":"040110639","cve_ent":"04","fuente":"INEGI — Marco Geoestadístico 2024","fecha_corte":"2024-08","cve_mun":"04011","nombre":"Tenancingo","ambito":"Rural"},"geometry":{"type":"Polygon","coordinates":[[[-90.64865,17.97521],[-90.64888,17.97496],[-90.64969,17.97553],[-90.65033,17.9747],[-90.64952,17.97413],[-90.65013,17.9733],[-90.6493,17.97269],[-90.64988,17.9719],[-90.64905,17.97132],[-90.64845,17.97206],[-90.648,17.97176],[-90.64757,17.97146],[-90.64671,17.97087],[-90.64638,17.97132],[-90.64611,17.97169],[-90.6455,17.9725],[-90.64636,17.97312],[-90.64719,17.97373],[-90.64669,17.97437],[-90.64708,17.97447],[-90.64728,17.97453],[-90.64781,17.97499],[-90.64865,17.97521]]]}},{"type":"Feature","properties":{"cvegeo":"040111402","cve_ent":"04","fuente":"INEGI — Marco Geoestadístico 2024","fecha_corte":"2024-08","cve_mun":"04011","nombre":"Balancancito","ambito":"Rural"},"geometry":{"type":"Polygon","coordinates":[[[-90.42405,18.05791],[-90.42404,18.05697],[-90.42404,18.05589],[-90.42401,18.05486],[-90.42401,18.05386],[-90.42394,18.05296],[-90.42286,18.05308],[-90.42173,18.05317],[-90.42062,18.05321],[-90.42066,18.05419],[-90.42073,18.05518],[-90.42079,18.05634],[-90.42078,18.05827],[-90.42188,18.05818],[-90.42295,18.05807],[-90.42405,18.05791]]]}},{"type":"Feature","properties":{"cvegeo":"040110001","cve_ent":"04","fuente":"INEGI — Marco Geoestadístico 2024","fecha_corte":"2024-08","cve_mun":"04011","nombre":"Candelaria","ambito":"Urbana"},"geometry":{"type":"MultiPolygon","coordinates":[[[[-91.0224,18.18936],[-91.0224,18.18936],[-91.0228,18.18938],[-91.02339,18.1894],[-91.02384,18.18941],[-91.02425,18.18941],[-91.02463,18.1894],[-91.02463,18.1894],[-91.02472,18.18941],[-91.02482,18.18942],[-91.02483,18.18942],[-91.02496,18.18942],[-91.02513,18.18938],[-91.02527,18.18939],[-91.02562,18.18929],[-91.02608,18.18918],[-91.02608,18.18918],[-91.02584,18.18851],[-91.0257,18.18821],[-91.02528,18.18837],[-91.02524,18.18839],[-91.02483,18.18853],[-91.02466,18.18802],[-91.0245,18.18756],[-91.02352,18.18496],[-91.02303,18.18509],[-91.02284,18.18458],[-91.02252,18.18367],[-91.02251,18.18367],[-91.02216,18.18374],[-91.02181,18.18382],[-91.0214,18.18393],[-91.0214,18.18393],[-91.02146,18.18411],[-91.02146,18.18411],[-91.02121,18.18418],[-91.02121,18.18418],[-91.02116,18.18402],[-91.02095,18.18406],[-91.02099,18.1842],[-91.02099,18.1842],[-91.02181,18.18723],[-91.0224,18.18936]]],[[[-91.04391,18.20523],[-91.0459,18.20471],[-91.0459,18.20471],[-91.04604,18.20471],[-91.04624,18.20471],[-91.04668,18.20463],[-91.04727,18.20454],[-91.04727,18.20454],[-91.04724,18.20262],[-91.04709,18.19913],[-91.04753,18.19809],[-91.04753,18.19795],[-91.0476,18.19788],[-91.04805,18.19725],[-91.04805,18.19725],[-91.0485,18.19703],[-91.0485,18.19703],[-91.04854,18.19694],[-91.04854,18.19694],[-91.04854,18.19694],[-91.04862,18.19696],[-91.04888,18.19703],[-91.04891,18.19703],[-91.04892,18.19703],[-91.04904,18.19663],[-91.04907,18.19653],[-91.04749,18.19545],[-91.04723,18.19528],[-91.04717,18.19514],[-91.04683,18.19438],[-91.04679,18.1943],[-91.04679,18.1943],[-91.04702,18.1942],[-91.04654,18.19315],[-91.04619,18.19328],[-91.04554,18.19187],[-91.04745,18.19105],[-91.04823,18.19119],[-91.04831,18.1913],[-91.0484,18.19141],[-91.04849,18.19151],[-91.04861,18.19158],[-91.04875,18.19163],[-91.04888,18.19167],[-91.04902,18.19171],[-91.04916,18.19174],[-91.04929,18.19177],[-91.04929,18.19177],[-91.04943,18.19178],[-91.04958,18.19177],[-91.04971,18.19174],[-91.04985,18.19171],[-91.04998,18.19167],[-91.0501,18.19159],[-91.05022,18.19152],[-91.05035,18.19144],[-91.05035,18.19144],[-91.05044,18.19136],[-91.05053,18.19126],[-91.05063,18.19116],[-91.05073,18.19106],[-91.05084,18.19097],[-91.05092,18.19086],[-91.05102,18.19076],[-91.05111,18.19066],[-91.05111,18.19066],[-91.05123,18.19058],[-91.05136,18.19055],[-91.05151,18.19051],[-91.05165,18.19049],[-91.05178,18.19047],[-91.05192,18.19044],[-91.05206,18.19042],[-91.05219,18.1904],[-91.05234,18.19037],[-91.05247,18.19034],[-91.05261,18.19032],[-91.05275,18.1903],[-91.05289,18.19029],[-91.05303,18.19029],[-91.05317,18.19029],[-91.05331,18.19029],[-91.05332,18.19029],[-91.05346,18.19031],[-91.05359,18.19034],[-91.05373,18.19036],[-91.05387,18.19041],[-91.054,18.19046],[-91.05413,18.19051],[-91.05426,18.19056],[-91.05439,18.19062],[-91.0545,18.1907],[-91.05463,18.19076],[-91.05476,18.19082],[-91.05489,18.19087],[-91.05501,18.19094],[-91.05514,18.191],[-91.0552,18.19103],[-91.0552,18.19103],[-91.05521,18.19103],[-91.0555,18.19037],[-91.05545,18.19015],[-91.05545,18.19015],[-91.05567,18.19002],[-91.05567,18.19002],[-91.05542,18.18972],[-91.05542,18.18972],[-91.05608,18.18928],[-91.05608,18.18928],[-91.05606,18.18926],[-91.05583,18.18899],[-91.05592,18.1889],[-91.05606,18.1887],[-91.05604,18.18865],[-91.05577,18.18804],[-91.05585,18.18733],[-91.05524,18.18722],[-91.05399,18.18694],[-91.05404,18.18526],[-91.05404,18.18525],[-91.05403,18.18525],[-91.054,18.18526],[-91.05399,18.18526],[-91.05383,18.18519],[-91.05399,18.1849],[-91.05399,18.1849],[-91.05399,18.1849],[-91.05406,18.18492],[-91.05407,18.18492],[-91.05429,18.18474],[-91.05429,18.18474],[-91.05447,18.18415],[-91.05448,18.18413],[-91.05316,18.18348],[-91.05316,18.18348],[-91.05316,18.18348],[-91.05307,18.1837],[-91.05307,18.1837],[-91.05306,18.1837],[-91.05216,18.18341],[-91.05236,18.18214],[-91.05235,18.18214],[-91.05088,18.18258],[-91.05058,18.18266],[-91.05025,18.18275],[-91.04995,18.18283],[-91.04965,18.18291],[-91.04957,18.18293],[-91.04957,18.18293],[-91.04948,18.1827],[-91.04897,18.18167],[-91.0489,18.18152],[-91.04893,18.18144],[-91.04899,18.18073],[-91.04585,18.17927],[-91.0455,18.17797],[-91.04472,18.17711],[-91.04444,18.1772],[-91.04435,18.17711],[-91.04405,18.1772],[-91.04393,18.1771],[-91.04334,18.17735],[-91.04329,18.17738],[-91.04304,18.17758],[-91.04291,18.1777],[-91.04286,18.17778],[-91.04283,18.17781],[-91.04271,18.1779],[-91.04233,18.17815],[-91.04133,18.17875],[-91.04061,18.17908],[-91.04071,18.17936],[-91.04072,18.17938],[-91.04039,18.17952],[-91.03984,18.17974],[-91.03927,18.17881],[-91.03848,18.17754],[-91.03848,18.17754],[-91.03848,18.17755],[-91.03848,18.17755],[-91.03822,18.17777],[-91.03762,18.17806],[-91.03757,18.17809],[-91.03757,18.17809],[-91.03785,18.17882],[-91.03793,18.17905],[-91.03832,18.17957],[-91.03832,18.17957],[-91.0375,18.17988],[-91.03747,18.17989],[-91.03743,18.17991],[-91.03743,18.17991],[-91.03757,18.1801],[-91.03757,18.1801],[-91.03652,18.18065],[-91.03648,18.18068],[-91.03648,18.18068],[-91.0366,18.18078],[-91.0366,18.18079],[-91.0361,18.18102],[-91.0361,18.18102],[-91.03677,18.18194],[-91.03691,18.18191],[-91.03707,18.18188],[-91.03811,18.18339],[-91.03811,18.18339],[-91.03712,18.18398],[-91.03704,18.18402],[-91.03691,18.18386],[-91.03693,18.18378],[-91.0366,18.18322],[-91.03659,18.1832],[-91.03563,18.18357],[-91.03626,18.18468],[-91.03511,18.18515],[-91.03508,18.18509],[-91.03452,18.18412],[-91.03409,18.18432],[-91.03349,18.18339],[-91.0334,18.18325],[-91.03339,18.18322],[-91.03334,18.18325],[-91.03324,18.1833],[-91.033,18.18345],[-91.033,18.18345],[-91.03385,18.1847],[-91.03423,18.18541],[-91.03428,18.1855],[-91.03387,18.18569],[-91.03345,18.18585],[-91.03341,18.18573],[-91.03305,18.18497],[-91.03272,18.1842],[-91.03261,18.18397],[-91.03219,18.18413],[-91.03175,18.18436],[-91.03175,18.18436],[-91.03179,18.18444],[-91.03179,18.18444],[-91.03088,18.18479],[-91.03088,18.18478],[-91.03066,18.1843],[-91.03065,18.1843],[-91.03024,18.18443],[-91.02981,18.1846],[-91.02981,18.1846],[-91.02963,18.18418],[-91.02962,18.18418],[-91.02914,18.18428],[-91.02876,18.18453],[-91.02876,18.18453],[-91.02959,18.18651],[-91.02959,18.18651],[-91.02888,18.18681],[-91.02888,18.18681],[-91.02903,18.18718],[-91.02848,18.18741],[-91.02796,18.18766],[-91.02795,18.18766],[-91.02796,18.18769],[-91.0282,18.18841],[-91.02826,18.18856],[-91.02826,18.18856],[-91.02809,18.18861],[-91.02742,18.18881],[-91.02758,18.1891],[-91.02758,18.18912],[-91.02658,18.18938],[-91.0267,18.18974],[-91.02713,18.18966],[-91.02717,18.18978],[-91.02727,18.18976],[-91.02743,18.19023],[-91.02702,18.19034],[-91.02751,18.19164],[-91.02771,18.1916],[-91.02772,18.19159],[-91.0285,18.19141],[-91.02851,18.19143],[-91.02861,18.19169],[-91.02863,18.19169],[-91.02942,18.19149],[-91.02932,18.19119],[-91.02921,18.19093],[-91.0291,18.19067],[-91.029,18.19041],[-91.02889,18.19014],[-91.0287,18.18971],[-91.02871,18.18971],[-91.02871,18.18971],[-91.03074,18.18916],[-91.03075,18.1892],[-91.03086,18.18948],[-91.0309,18.18961],[-91.0309,18.18961],[-91.03113,18.19056],[-91.03113,18.19056],[-91.03137,18.19155],[-91.03148,18.19197],[-91.03161,18.19237],[-91.03184,18.19301],[-91.03193,18.19314],[-91.03219,18.19309],[-91.03261,18.19298],[-91.03269,18.1929],[-91.03268,18.1928],[-91.03446,18.19226],[-91.03585,18.19183],[-91.03586,18.19183],[-91.03586,18.19183],[-91.03625,18.19298],[-91.03687,18.19421],[-91.03727,18.1952],[-91.03755,18.19592],[-91.03729,18.19607],[-91.03745,18.19642],[-91.0367,18.19672],[-91.0367,18.19672],[-91.03684,18.19698],[-91.03721,18.19768],[-91.03722,18.1977],[-91.03763,18.19754],[-91.03807,18.19734],[-91.03826,18.19723],[-91.0383,18.19737],[-91.03836,18.19759],[-91.03874,18.19865],[-91.03874,18.19865],[-91.03895,18.19858],[-91.03897,18.19857],[-91.03914,18.19907],[-91.03935,18.19972],[-91.03941,18.19989],[-91.03941,18.1999],[-91.03943,18.19989],[-91.03985,18.1997],[-91.04025,18.19952],[-91.04036,18.19947],[-91.04157,18.19893],[-91.04185,18.19975],[-91.04189,18.19986],[-91.04233,18.19968],[-91.04262,18.19956],[-91.04268,18.19953],[-91.04276,18.1995],[-91.04276,18.19952],[-91.04303,18.20035],[-91.0432,18.20032],[-91.04352,18.20123],[-91.04354,18.20135],[-91.04261,18.20158],[-91.04261,18.20158],[-91.04249,18.20227],[-91.04197,18.20353],[-91.04327,18.20321],[-91.04391,18.20523]]]]}},{"type":"Feature","properties":{"cvegeo":"040110071","cve_ent":"04","fuente":"INEGI — Marco Geoestadístico 2024","fecha_corte":"2024-08","cve_mun":"04011","nombre":"Carlos Sansores Pérez (La Paz)","ambito":"Rural"},"geometry":{"type":"Polygon","coordinates":[[[-90.33325,17.96955],[-90.3328,17.96872],[-90.33357,17.96838],[-90.33323,17.96743],[-90.33281,17.96652],[-90.3324,17.96554],[-90.33146,17.96596],[-90.33053,17.96643],[-90.33039,17.96613],[-90.33017,17.96596],[-90.32999,17.96593],[-90.32981,17.96598],[-90.32947,17.96648],[-90.32957,17.96678],[-90.32865,17.96726],[-90.32908,17.96814],[-90.32953,17.96905],[-90.32996,17.96993],[-90.33091,17.96955],[-90.33096,17.96971],[-90.33135,17.97047],[-90.3323,17.97001],[-90.33325,17.96955]]]}},{"type":"Feature","properties":{"cvegeo":"040110517","cve_ent":"04","fuente":"INEGI — Marco Geoestadístico 2024","fecha_corte":"2024-08","cve_mun":"04011","nombre":"San Dimas","ambito":"Rural"},"geometry":{"type":"Polygon","coordinates":[[[-90.36684,17.82255],[-90.36761,17.82104],[-90.36827,17.82056],[-90.36909,17.8199],[-90.37013,17.81835],[-90.37011,17.81828],[-90.36978,17.8173],[-90.3686,17.81721],[-90.36695,17.8171],[-90.36601,17.81742],[-90.36504,17.81784],[-90.36487,17.81784],[-90.36477,17.81799],[-90.36482,17.81832],[-90.36492,17.81875],[-90.36508,17.81969],[-90.36518,17.82067],[-90.36535,17.82075],[-90.36549,17.82174],[-90.36639,17.82139],[-90.36684,17.82255]]]}},{"type":"Feature","properties":{"cvegeo":"040110566","cve_ent":"04","fuente":"INEGI — Marco Geoestadístico 2024","fecha_corte":"2024-08","cve_mun":"04011","nombre":"San Miguel","ambito":"Rural"},"geometry":{"type":"Polygon","coordinates":[[[-90.54588,17.9193],[-90.54767,17.91743],[-90.54796,17.91705],[-90.54809,17.9169],[-90.54814,17.91684],[-90.54864,17.91626],[-90.54831,17.91599],[-90.54843,17.91585],[-90.54779,17.91528],[-90.54715,17.91468],[-90.54683,17.91423],[-90.54668,17.91397],[-90.54618,17.91368],[-90.54598,17.91352],[-90.54575,17.91334],[-90.54556,17.91308],[-90.54548,17.91288],[-90.54505,17.91239],[-90.54493,17.91227],[-90.54442,17.91187],[-90.54426,17.91163],[-90.5438,17.9109],[-90.54324,17.91027],[-90.54272,17.9096],[-90.54277,17.90951],[-90.54239,17.90909],[-90.54163,17.90975],[-90.54099,17.91033],[-90.54032,17.91099],[-90.5397,17.9116],[-90.53992,17.91187],[-90.53996,17.9119],[-90.53931,17.91241],[-90.53984,17.91298],[-90.53978,17.91305],[-90.53918,17.91361],[-90.53993,17.91438],[-90.54061,17.91385],[-90.54122,17.91327],[-90.54183,17.91383],[-90.54179,17.91387],[-90.54238,17.91455],[-90.54264,17.91475],[-90.54298,17.91516],[-90.54356,17.91577],[-90.54341,17.91587],[-90.54283,17.91647],[-90.54237,17.91695],[-90.54298,17.91751],[-90.54346,17.91707],[-90.54406,17.91651],[-90.54483,17.91716],[-90.54431,17.91787],[-90.54495,17.91848],[-90.54556,17.91904],[-90.54588,17.9193]]]}},{"type":"Feature","properties":{"cvegeo":"040110403","cve_ent":"04","fuente":"INEGI — Marco Geoestadístico 2024","fecha_corte":"2024-08","cve_mun":"04011","nombre":"Paraíso Nuevo","ambito":"Rural"},"geometry":{"type":"Polygon","coordinates":[[[-91.10237,18.07237],[-91.10197,18.07312],[-91.10257,18.07338],[-91.1024,18.07375],[-91.10223,18.07412],[-91.10186,18.07488],[-91.10149,18.07564],[-91.1028,18.07587],[-91.10299,18.07543],[-91.10302,18.07547],[-91.10308,18.07551],[-91.10316,18.07558],[-91.1032,18.07568],[-91.10323,18.07579],[-91.10324,18.0759],[-91.10331,18.0761],[-91.10332,18.0761],[-91.10371,18.07508],[-91.10421,18.07526],[-91.10417,18.07514],[-91.10417,18.07499],[-91.10451,18.07426],[-91.10526,18.0746],[-91.10607,18.07501],[-91.10677,18.07345],[-91.10755,18.07388],[-91.10778,18.07319],[-91.10845,18.07365],[-91.10848,18.07369],[-91.10852,18.0738],[-91.1086,18.07392],[-91.10874,18.07409],[-91.10886,18.07421],[-91.10919,18.07447],[-91.11,18.07281],[-91.10897,18.07239],[-91.10931,18.0717],[-91.10797,18.07105],[-91.10812,18.07073],[-91.10822,18.0706],[-91.1085,18.07048],[-91.10814,18.07027],[-91.10758,18.06995],[-91.10679,18.06958],[-91.10641,18.07033],[-91.10592,18.07012],[-91.10561,18.07079],[-91.10554,18.07083],[-91.10531,18.07075],[-91.10503,18.07063],[-91.10519,18.07021],[-91.10347,18.06946],[-91.10379,18.06836],[-91.10446,18.06603],[-91.10448,18.06587],[-91.1039,18.06672],[-91.1028,18.06789],[-91.10255,18.06823],[-91.10226,18.0687],[-91.10153,18.07011],[-91.10127,18.07053],[-91.10095,18.07084],[-91.10062,18.07104],[-91.10013,18.07127],[-91.10198,18.07128],[-91.10156,18.07201],[-91.10216,18.07227],[-91.10237,18.07237]]]}},{"type":"Feature","properties":{"cvegeo":"040111414","cve_ent":"04","fuente":"INEGI — Marco Geoestadístico 2024","fecha_corte":"2024-08","cve_mun":"04011","nombre":"San Fernando","ambito":"Rural"},"geometry":{"type":"Polygon","coordinates":[[[-90.65449,18.32953],[-90.65454,18.32849],[-90.65418,18.32849],[-90.65338,18.3285],[-90.65243,18.32856],[-90.65227,18.32857],[-90.65227,18.32861],[-90.6513,18.32856],[-90.65125,18.3296],[-90.6513,18.33063],[-90.65239,18.33056],[-90.65341,18.33062],[-90.65447,18.33067],[-90.65449,18.32953]]]}},{"type":"Feature","properties":{"cvegeo":"040111499","cve_ent":"04","fuente":"INEGI — Marco Geoestadístico 2024","fecha_corte":"2024-08","cve_mun":"04011","nombre":"Nuevo Relámpago","ambito":"Rural"},"geometry":{"type":"Polygon","coordinates":[[[-90.59495,18.12699],[-90.59598,18.12662],[-90.59564,18.12572],[-90.59525,18.12482],[-90.59484,18.12381],[-90.59381,18.12401],[-90.59253,18.12423],[-90.59376,18.12741],[-90.59412,18.12834],[-90.59532,18.12787],[-90.59495,18.12699]]]}},{"type":"Feature","properties":{"cvegeo":"040110099","cve_ent":"04","fuente":"INEGI — Marco Geoestadístico 2024","fecha_corte":"2024-08","cve_mun":"04011","nombre":"El Chilar","ambito":"Rural"},"geometry":{"type":"Polygon","coordinates":[[[-90.8369,18.15309],[-90.83664,18.15386],[-90.8357,18.15363],[-90.8355,18.15441],[-90.83525,18.15522],[-90.83618,18.15549],[-90.83595,18.15628],[-90.83682,18.15654],[-90.83775,18.1568],[-90.83955,18.15731],[-90.83978,18.15652],[-90.83993,18.15596],[-90.83992,18.15611],[-90.83996,18.1563],[-90.84011,18.15653],[-90.84021,18.15665],[-90.84051,18.15702],[-90.84082,18.15601],[-90.84106,18.15518],[-90.84131,18.15439],[-90.84138,18.1544],[-90.84149,18.15397],[-90.83975,18.15344],[-90.8388,18.15317],[-90.83865,18.1536],[-90.83779,18.15335],[-90.8369,18.15309]]]}},{"type":"Feature","properties":{"cvegeo":"040110314","cve_ent":"04","fuente":"INEGI — Marco Geoestadístico 2024","fecha_corte":"2024-08","cve_mun":"04011","nombre":"La Lucha","ambito":"Rural"},"geometry":{"type":"Polygon","coordinates":[[[-91.24744,18.07209],[-91.24836,18.07242],[-91.24856,18.07158],[-91.24771,18.07119],[-91.24801,18.07022],[-91.24828,18.06931],[-91.24861,18.06824],[-91.24777,18.06775],[-91.24696,18.06724],[-91.24605,18.06662],[-91.24518,18.06604],[-91.24463,18.06748],[-91.24424,18.0685],[-91.24329,18.06804],[-91.24295,18.06896],[-91.24261,18.06993],[-91.24226,18.07088],[-91.24204,18.07146],[-91.24172,18.07228],[-91.2419,18.07235],[-91.24283,18.07234],[-91.24377,18.07233],[-91.24521,18.07235],[-91.24636,18.07239],[-91.24735,18.07244],[-91.24744,18.07209]]]}},{"type":"Feature","properties":{"cvegeo":"040110317","cve_ent":"04","fuente":"INEGI — Marco Geoestadístico 2024","fecha_corte":"2024-08","cve_mun":"04011","nombre":"Luinal","ambito":"Rural"},"geometry":{"type":"Polygon","coordinates":[[[-90.79686,18.06182],[-90.79659,18.06245],[-90.79733,18.0625],[-90.79776,18.0618],[-90.79833,18.0608],[-90.79874,18.06011],[-90.79893,18.05942],[-90.79831,18.05897],[-90.79837,18.05885],[-90.79871,18.05816],[-90.79848,18.058],[-90.79803,18.05771],[-90.79749,18.05734],[-90.79729,18.05722],[-90.79684,18.058],[-90.79608,18.05752],[-90.79569,18.05828],[-90.79528,18.05908],[-90.7943,18.05862],[-90.79403,18.05931],[-90.79376,18.05999],[-90.79457,18.06045],[-90.79531,18.0609],[-90.79481,18.06183],[-90.79575,18.06183],[-90.79628,18.06182],[-90.79686,18.06182]]]}},{"type":"Feature","properties":{"cvegeo":"040110428","cve_ent":"04","fuente":"INEGI — Marco Geoestadístico 2024","fecha_corte":"2024-08","cve_mun":"04011","nombre":"El Pocito","ambito":"Rural"},"geometry":{"type":"Polygon","coordinates":[[[-90.82218,18.21855],[-90.82252,18.21918],[-90.82342,18.21867],[-90.82434,18.21814],[-90.82495,18.21778],[-90.82524,18.21762],[-90.82578,18.21732],[-90.82549,18.21681],[-90.82545,18.21684],[-90.82493,18.21595],[-90.82579,18.21546],[-90.82507,18.21469],[-90.82441,18.21504],[-90.82385,18.21418],[-90.82337,18.21338],[-90.82289,18.21365],[-90.82287,18.21362],[-90.82195,18.21414],[-90.82103,18.21468],[-90.82123,18.21503],[-90.82028,18.21552],[-90.82056,18.21596],[-90.82109,18.21682],[-90.82162,18.21767],[-90.82218,18.21855]]]}},{"type":"Feature","properties":{"cvegeo":"040110369","cve_ent":"04","fuente":"INEGI — Marco Geoestadístico 2024","fecha_corte":"2024-08","cve_mun":"04011","nombre":"San Manuel Nuevo Canutillo","ambito":"Rural"},"geometry":{"type":"Polygon","coordinates":[[[-90.67039,18.07686],[-90.67207,18.0764],[-90.67089,18.07429],[-90.6714,18.07393],[-90.67069,18.07286],[-90.67018,18.07203],[-90.66963,18.07114],[-90.66967,18.07113],[-90.66919,18.07026],[-90.66852,18.06915],[-90.66786,18.06952],[-90.66731,18.06984],[-90.66641,18.07033],[-90.66639,18.07034],[-90.66591,18.06952],[-90.66504,18.07004],[-90.6655,18.07086],[-90.665,18.07115],[-90.66436,18.07151],[-90.66502,18.0726],[-90.66559,18.07347],[-90.66612,18.07435],[-90.66664,18.07524],[-90.66731,18.07632],[-90.6685,18.0757],[-90.66847,18.0756],[-90.66935,18.07512],[-90.67039,18.07686]]]}},{"type":"Feature","properties":{"cvegeo":"040110348","cve_ent":"04","fuente":"INEGI — Marco Geoestadístico 2024","fecha_corte":"2024-08","cve_mun":"04011","nombre":"Monclova","ambito":"Rural"},"geometry":{"type":"Polygon","coordinates":[[[-90.82095,18.0556],[-90.82089,18.05683],[-90.81934,18.05662],[-90.81912,18.05671],[-90.8184,18.05738],[-90.81816,18.05769],[-90.82088,18.05777],[-90.8209,18.05806],[-90.82093,18.05881],[-90.82097,18.05989],[-90.821,18.06088],[-90.82196,18.06091],[-90.82305,18.06091],[-90.82416,18.06092],[-90.82418,18.06043],[-90.82533,18.06044],[-90.8253,18.05987],[-90.8264,18.05987],[-90.82639,18.05934],[-90.82639,18.0588],[-90.82747,18.05878],[-90.82858,18.05877],[-90.82855,18.05774],[-90.82857,18.05671],[-90.82856,18.05566],[-90.82746,18.05563],[-90.82743,18.05463],[-90.82693,18.05462],[-90.82636,18.05462],[-90.82528,18.05463],[-90.82499,18.05458],[-90.82497,18.05252],[-90.8244,18.05253],[-90.82419,18.05253],[-90.82307,18.05253],[-90.82195,18.05252],[-90.82092,18.05252],[-90.82087,18.0535],[-90.8209,18.05458],[-90.82142,18.05459],[-90.82143,18.05561],[-90.82102,18.0556],[-90.82095,18.0556]]]}},{"type":"Feature","properties":{"cvegeo":"040110412","cve_ent":"04","fuente":"INEGI — Marco Geoestadístico 2024","fecha_corte":"2024-08","cve_mun":"04011","nombre":"El Pedregal","ambito":"Rural"},"geometry":{"type":"Polygon","coordinates":[[[-90.73542,18.17561],[-90.7361,18.17612],[-90.73686,18.17661],[-90.7366,18.17691],[-90.73723,18.17736],[-90.73771,18.17686],[-90.73824,18.17633],[-90.73837,18.17619],[-90.73879,18.17572],[-90.74,18.17654],[-90.74028,18.17619],[-90.74064,18.17593],[-90.73996,18.17503],[-90.73966,18.17478],[-90.73989,18.17453],[-90.74029,18.1741],[-90.73958,18.17344],[-90.73881,18.17289],[-90.73809,18.17246],[-90.73736,18.17193],[-90.73713,18.17221],[-90.73645,18.1717],[-90.73584,18.17113],[-90.7358,18.1707],[-90.73538,18.17038],[-90.73565,18.17024],[-90.73539,18.16957],[-90.73536,18.16929],[-90.73549,18.16896],[-90.73593,18.16866],[-90.7351,18.16768],[-90.73502,18.16767],[-90.73377,18.16726],[-90.73226,18.16677],[-90.73206,18.16721],[-90.73228,18.1674],[-90.73191,18.16775],[-90.73117,18.16834],[-90.73175,18.16904],[-90.73108,18.16956],[-90.73153,18.17025],[-90.73223,18.16972],[-90.73264,18.17043],[-90.7329,18.17024],[-90.7333,18.17102],[-90.73371,18.17072],[-90.7341,18.17154],[-90.73329,18.17215],[-90.73373,18.17303],[-90.73379,18.17307],[-90.73357,18.17328],[-90.7342,18.17423],[-90.73468,18.17507],[-90.73542,18.17561]]]}},{"type":"Feature","properties":{"cvegeo":"040110616","cve_ent":"04","fuente":"INEGI — Marco Geoestadístico 2024","fecha_corte":"2024-08","cve_mun":"04011","nombre":"Santo Domingo","ambito":"Rural"},"geometry":{"type":"Polygon","coordinates":[[[-90.57172,17.86246],[-90.57258,17.86228],[-90.57357,17.86207],[-90.57362,17.86219],[-90.57461,17.86198],[-90.57516,17.86188],[-90.57505,17.86155],[-90.57481,17.86085],[-90.57533,17.86072],[-90.57523,17.8603],[-90.57521,17.85986],[-90.57396,17.86019],[-90.5737,17.85951],[-90.57312,17.85809],[-90.57304,17.85784],[-90.57287,17.85732],[-90.57271,17.85675],[-90.57163,17.85684],[-90.57183,17.8574],[-90.57087,17.85751],[-90.56991,17.85759],[-90.57004,17.85828],[-90.56995,17.85829],[-90.56946,17.85831],[-90.56935,17.85832],[-90.56957,17.85929],[-90.57073,17.85914],[-90.57113,17.86097],[-90.57172,17.86246]]]}},{"type":"Feature","properties":{"cvegeo":"040110629","cve_ent":"04","fuente":"INEGI — Marco Geoestadístico 2024","fecha_corte":"2024-08","cve_mun":"04011","nombre":"Solidaridad","ambito":"Rural"},"geometry":{"type":"Polygon","coordinates":[[[-90.40744,17.84627],[-90.40732,17.84625],[-90.40724,17.84723],[-90.40768,17.84728],[-90.40761,17.84827],[-90.40813,17.84833],[-90.40914,17.84846],[-90.40926,17.84745],[-90.40969,17.8475],[-90.4103,17.84756],[-90.41035,17.84658],[-90.41064,17.84459],[-90.40961,17.84446],[-90.40971,17.84348],[-90.40975,17.8431],[-90.40977,17.84293],[-90.40948,17.84287],[-90.40871,17.84274],[-90.40866,17.84338],[-90.4074,17.84321],[-90.40742,17.84419],[-90.40737,17.84521],[-90.40744,17.84627]]]}},{"type":"Feature","properties":{"cvegeo":"040110635","cve_ent":"04","fuente":"INEGI — Marco Geoestadístico 2024","fecha_corte":"2024-08","cve_mun":"04011","nombre":"El Tablón","ambito":"Rural"},"geometry":{"type":"Polygon","coordinates":[[[-90.45957,18.19794],[-90.45879,18.19851],[-90.45792,18.19911],[-90.4571,18.19965],[-90.45698,18.19912],[-90.45636,18.19944],[-90.45661,18.20048],[-90.45662,18.20067],[-90.45669,18.20087],[-90.45681,18.20176],[-90.45702,18.20287],[-90.4574,18.20475],[-90.45913,18.2037],[-90.45999,18.20318],[-90.46088,18.2026],[-90.4618,18.20198],[-90.46268,18.20146],[-90.46172,18.20029],[-90.46102,18.19954],[-90.46035,18.19875],[-90.45957,18.19794]]]}},{"type":"Feature","properties":{"cvegeo":"040110670","cve_ent":"04","fuente":"INEGI — Marco Geoestadístico 2024","fecha_corte":"2024-08","cve_mun":"04011","nombre":"El Tulipán (El Imposible)","ambito":"Rural"},"geometry":{"type":"Polygon","coordinates":[[[-90.5544,17.96832],[-90.55383,17.96906],[-90.55324,17.96984],[-90.55412,17.97025],[-90.55472,17.96947],[-90.55535,17.96866],[-90.55573,17.96772],[-90.55672,17.96799],[-90.5583,17.96873],[-90.55931,17.96875],[-90.55944,17.96798],[-90.55916,17.96789],[-90.55811,17.96748],[-90.55846,17.96655],[-90.55749,17.96619],[-90.55785,17.96531],[-90.55823,17.96437],[-90.55727,17.96401],[-90.55699,17.96463],[-90.55659,17.96433],[-90.55634,17.96459],[-90.55604,17.96461],[-90.55512,17.96641],[-90.55473,17.96739],[-90.5544,17.96832]]]}},{"type":"Feature","properties":{"cvegeo":"040110694","cve_ent":"04","fuente":"INEGI — Marco Geoestadístico 2024","fecha_corte":"2024-08","cve_mun":"04011","nombre":"La Zanja (La Palma)","ambito":"Rural"},"geometry":{"type":"Polygon","coordinates":[[[-90.83762,17.96693],[-90.83659,17.96699],[-90.83659,17.96707],[-90.83557,17.96716],[-90.83447,17.9672],[-90.83332,17.96725],[-90.8333,17.96795],[-90.8333,17.9682],[-90.83336,17.96821],[-90.83344,17.96943],[-90.83351,17.97023],[-90.83471,17.97036],[-90.83472,17.97049],[-90.83579,17.97045],[-90.83579,17.97033],[-90.83636,17.97033],[-90.83634,17.97018],[-90.8368,17.97009],[-90.83751,17.97004],[-90.83748,17.96959],[-90.83784,17.96955],[-90.8378,17.96903],[-90.83772,17.96811],[-90.8377,17.96798],[-90.83823,17.96796],[-90.83817,17.9669],[-90.83762,17.96693]]]}},{"type":"Feature","properties":{"cvegeo":"040110835","cve_ent":"04","fuente":"INEGI — Marco Geoestadístico 2024","fecha_corte":"2024-08","cve_mun":"04011","nombre":"Agua Azul","ambito":"Rural"},"geometry":{"type":"Polygon","coordinates":[[[-90.52339,18.4363],[-90.52445,18.4365],[-90.52465,18.43558],[-90.52484,18.43467],[-90.52504,18.43382],[-90.52521,18.43289],[-90.52474,18.43283],[-90.52426,18.43271],[-90.52383,18.43257],[-90.52323,18.4324],[-90.52314,18.43234],[-90.52273,18.43226],[-90.52221,18.43217],[-90.52235,18.43154],[-90.52133,18.43139],[-90.52026,18.43112],[-90.52018,18.43171],[-90.5192,18.43139],[-90.51817,18.43114],[-90.51777,18.43105],[-90.51727,18.43096],[-90.51707,18.43094],[-90.51685,18.43092],[-90.51607,18.43086],[-90.51497,18.43084],[-90.51377,18.43084],[-90.51368,18.43266],[-90.51355,18.43365],[-90.51341,18.43457],[-90.51429,18.43472],[-90.51519,18.43487],[-90.51726,18.4352],[-90.51846,18.43539],[-90.51936,18.43555],[-90.52038,18.43576],[-90.52143,18.43594],[-90.52239,18.43612],[-90.52339,18.4363]]]}},{"type":"Feature","properties":{"cvegeo":"040111413","cve_ent":"04","fuente":"INEGI — Marco Geoestadístico 2024","fecha_corte":"2024-08","cve_mun":"04011","nombre":"Nuevo Tabasco","ambito":"Rural"},"geometry":{"type":"Polygon","coordinates":[[[-90.61719,18.43493],[-90.61638,18.43483],[-90.61619,18.43481],[-90.61531,18.43478],[-90.61532,18.43458],[-90.61515,18.43458],[-90.61439,18.43455],[-90.61345,18.43452],[-90.61339,18.43543],[-90.61336,18.43628],[-90.61242,18.43624],[-90.61228,18.43714],[-90.61227,18.43812],[-90.6123,18.43903],[-90.61325,18.43909],[-90.61417,18.43913],[-90.61505,18.43919],[-90.61608,18.43928],[-90.61712,18.43928],[-90.61805,18.43932],[-90.61819,18.43835],[-90.61832,18.43744],[-90.61711,18.43735],[-90.61716,18.4365],[-90.61842,18.4366],[-90.61857,18.43563],[-90.61869,18.43499],[-90.61719,18.43493]]]}},{"type":"Feature","properties":{"cvegeo":"040110576","cve_ent":"04","fuente":"INEGI — Marco Geoestadístico 2024","fecha_corte":"2024-08","cve_mun":"04011","nombre":"San Rafael del Río Caribe","ambito":"Rural"},"geometry":{"type":"Polygon","coordinates":[[[-90.73585,18.25923],[-90.73669,18.25837],[-90.73518,18.25802],[-90.73403,18.25777],[-90.73307,18.2576],[-90.73305,18.25765],[-90.73204,18.25741],[-90.73063,18.25718],[-90.73058,18.2574],[-90.73049,18.25766],[-90.73041,18.25784],[-90.73031,18.25793],[-90.73019,18.2581],[-90.72963,18.25858],[-90.73087,18.25885],[-90.73203,18.25913],[-90.73206,18.25918],[-90.73296,18.25946],[-90.7339,18.25973],[-90.73414,18.25981],[-90.73491,18.26005],[-90.73522,18.2598],[-90.73585,18.25923]]]}},{"type":"Feature","properties":{"cvegeo":"040110427","cve_ent":"04","fuente":"INEGI — Marco Geoestadístico 2024","fecha_corte":"2024-08","cve_mun":"04011","nombre":"Balankax","ambito":"Rural"},"geometry":{"type":"Polygon","coordinates":[[[-90.30813,17.90228],[-90.30924,17.9024],[-90.31025,17.90245],[-90.31024,17.90132],[-90.3113,17.90142],[-90.31132,17.90039],[-90.31031,17.90029],[-90.31036,17.89928],[-90.31038,17.89888],[-90.31039,17.89844],[-90.30987,17.89837],[-90.30939,17.89841],[-90.30936,17.89859],[-90.30937,17.89925],[-90.30822,17.89898],[-90.30828,17.89792],[-90.30861,17.8979],[-90.30863,17.89769],[-90.30861,17.89757],[-90.30851,17.89751],[-90.30809,17.8975],[-90.30804,17.89746],[-90.30797,17.89737],[-90.30786,17.8971],[-90.30792,17.89694],[-90.30785,17.89661],[-90.30751,17.89662],[-90.30727,17.89677],[-90.3072,17.89787],[-90.30612,17.8977],[-90.3061,17.89872],[-90.3061,17.89974],[-90.30718,17.8999],[-90.30824,17.90001],[-90.30819,17.90104],[-90.30813,17.90228]]]}},{"type":"Feature","properties":{"cvegeo":"040110015","cve_ent":"04","fuente":"INEGI — Marco Geoestadístico 2024","fecha_corte":"2024-08","cve_mun":"04011","nombre":"Aguas Malas (Tres Cruces)","ambito":"Rural"},"geometry":{"type":"Polygon","coordinates":[[[-90.60472,18.00254],[-90.60526,18.00344],[-90.60613,18.00282],[-90.60545,18.00185],[-90.60604,18.00139],[-90.60628,18.00122],[-90.60575,18.00041],[-90.60521,17.99944],[-90.60476,17.99865],[-90.60448,17.99886],[-90.60392,17.99928],[-90.60402,17.99943],[-90.60443,18.00011],[-90.60388,18.00064],[-90.60369,18.00082],[-90.60381,18.00101],[-90.60396,18.00126],[-90.6042,18.00163],[-90.60374,18.00207],[-90.60435,18.00289],[-90.60472,18.00254]]]}},{"type":"Feature","properties":{"cvegeo":"040110454","cve_ent":"04","fuente":"INEGI — Marco Geoestadístico 2024","fecha_corte":"2024-08","cve_mun":"04011","nombre":"El Pimiental Dos","ambito":"Rural"},"geometry":{"type":"Polygon","coordinates":[[[-90.4598,18.48829],[-90.46085,18.48832],[-90.46139,18.48837],[-90.46138,18.48734],[-90.46223,18.48737],[-90.46228,18.48639],[-90.46175,18.48637],[-90.46187,18.48542],[-90.46192,18.48443],[-90.46096,18.48437],[-90.46097,18.48382],[-90.45988,18.4838],[-90.45876,18.48373],[-90.45873,18.48324],[-90.45771,18.48327],[-90.4577,18.48239],[-90.45667,18.48237],[-90.45666,18.48363],[-90.45666,18.48426],[-90.4557,18.48422],[-90.45559,18.48523],[-90.4556,18.48576],[-90.45563,18.48622],[-90.45665,18.48624],[-90.45666,18.48725],[-90.45667,18.48737],[-90.45671,18.48819],[-90.45768,18.48824],[-90.45768,18.48821],[-90.45877,18.48825],[-90.4598,18.48829]]]}},{"type":"Feature","properties":{"cvegeo":"040110344","cve_ent":"04","fuente":"INEGI — Marco Geoestadístico 2024","fecha_corte":"2024-08","cve_mun":"04011","nombre":"La Misteriosa","ambito":"Rural"},"geometry":{"type":"Polygon","coordinates":[[[-90.50133,18.02857],[-90.50199,18.02794],[-90.50244,18.0272],[-90.50267,18.02688],[-90.5028,18.02653],[-90.50282,18.02649],[-90.50278,18.02645],[-90.50292,18.02625],[-90.50297,18.02594],[-90.50293,18.0257],[-90.50296,18.02566],[-90.50196,18.02534],[-90.50236,18.02463],[-90.50156,18.0244],[-90.5007,18.02417],[-90.49986,18.0239],[-90.49911,18.0237],[-90.49873,18.02442],[-90.49802,18.02421],[-90.4977,18.02491],[-90.49834,18.0251],[-90.49832,18.02514],[-90.49794,18.02591],[-90.49911,18.0262],[-90.49875,18.02693],[-90.49917,18.02705],[-90.49996,18.02728],[-90.49959,18.028],[-90.49916,18.02882],[-90.49997,18.02908],[-90.50042,18.02826],[-90.50133,18.02857]]]}},{"type":"Feature","properties":{"cvegeo":"040110811","cve_ent":"04","fuente":"INEGI — Marco Geoestadístico 2024","fecha_corte":"2024-08","cve_mun":"04011","nombre":"La Peregrina","ambito":"Rural"},"geometry":{"type":"Polygon","coordinates":[[[-90.37437,18.06347],[-90.37413,18.06307],[-90.37381,18.06252],[-90.37358,18.06151],[-90.37333,18.06054],[-90.37303,18.05959],[-90.37388,18.05892],[-90.37425,18.05869],[-90.37502,18.05798],[-90.3737,18.05834],[-90.37268,18.05863],[-90.3725,18.05814],[-90.3715,18.05844],[-90.37055,18.05874],[-90.37073,18.05929],[-90.36973,18.05962],[-90.36988,18.06001],[-90.36895,18.06034],[-90.36788,18.06066],[-90.36798,18.06116],[-90.36813,18.06111],[-90.36826,18.06152],[-90.3687,18.06141],[-90.36885,18.06188],[-90.36945,18.0617],[-90.36985,18.06158],[-90.37035,18.06144],[-90.37137,18.06116],[-90.37171,18.0621],[-90.37195,18.06298],[-90.37092,18.06327],[-90.37122,18.06416],[-90.37137,18.06463],[-90.37241,18.06436],[-90.37257,18.06493],[-90.37265,18.06491],[-90.37361,18.06464],[-90.3747,18.06437],[-90.37437,18.06347]]]}},{"type":"Feature","properties":{"cvegeo":"040110683","cve_ent":"04","fuente":"INEGI — Marco Geoestadístico 2024","fecha_corte":"2024-08","cve_mun":"04011","nombre":"Vicente Guerrero","ambito":"Rural"},"geometry":{"type":"Polygon","coordinates":[[[-91.23071,18.18729],[-91.23032,18.18818],[-91.23138,18.18858],[-91.23172,18.18777],[-91.23329,18.18839],[-91.23353,18.18788],[-91.23338,18.18781],[-91.2337,18.18708],[-91.23404,18.18625],[-91.23436,18.18545],[-91.23469,18.18466],[-91.23477,18.18468],[-91.23507,18.18391],[-91.23412,18.18356],[-91.23449,18.18271],[-91.23358,18.18247],[-91.2329,18.18215],[-91.23113,18.18155],[-91.23076,18.18143],[-91.2304,18.18215],[-91.22999,18.18296],[-91.22963,18.18375],[-91.22973,18.18375],[-91.22943,18.18451],[-91.22985,18.18466],[-91.22972,18.18508],[-91.22955,18.18554],[-91.2295,18.18552],[-91.22902,18.18555],[-91.22878,18.18611],[-91.22865,18.18648],[-91.22908,18.18664],[-91.22989,18.187],[-91.23018,18.1871],[-91.23071,18.18729]]]}},{"type":"Feature","properties":{"cvegeo":"040110341","cve_ent":"04","fuente":"INEGI — Marco Geoestadístico 2024","fecha_corte":"2024-08","cve_mun":"04011","nombre":"Miguel de la Madrid (El Pañuelo)","ambito":"Rural"},"geometry":{"type":"Polygon","coordinates":[[[-90.41053,17.99172],[-90.40993,17.99132],[-90.40905,17.99076],[-90.40919,17.99058],[-90.40873,17.99027],[-90.40831,17.98998],[-90.40744,17.98939],[-90.4068,17.99013],[-90.40607,17.98961],[-90.40601,17.98956],[-90.40619,17.98929],[-90.40527,17.98859],[-90.40501,17.98901],[-90.40465,17.98884],[-90.40418,17.98953],[-90.40453,17.98977],[-90.40446,17.98988],[-90.40424,17.99022],[-90.40395,17.99068],[-90.40477,17.99115],[-90.40564,17.99173],[-90.40507,17.99252],[-90.40447,17.99333],[-90.40388,17.99411],[-90.40469,17.99468],[-90.4056,17.99526],[-90.40645,17.99589],[-90.40585,17.99671],[-90.40522,17.9975],[-90.40605,17.99811],[-90.40547,17.99885],[-90.40615,17.9994],[-90.40685,17.99873],[-90.40764,17.99931],[-90.40827,17.99859],[-90.4089,17.99784],[-90.40958,17.99708],[-90.40958,17.99708],[-90.41024,17.99757],[-90.41045,17.99758],[-90.41161,17.99738],[-90.41151,17.99729],[-90.41222,17.9966],[-90.41225,17.99657],[-90.41182,17.99618],[-90.41135,17.99605],[-90.41084,17.99613],[-90.41037,17.99639],[-90.41029,17.99632],[-90.40944,17.99566],[-90.40981,17.9953],[-90.4092,17.99477],[-90.40947,17.99452],[-90.40929,17.99431],[-90.40866,17.99378],[-90.40934,17.99306],[-90.41,17.99231],[-90.41053,17.99172]]]}},{"type":"Feature","properties":{"cvegeo":"040110366","cve_ent":"04","fuente":"INEGI — Marco Geoestadístico 2024","fecha_corte":"2024-08","cve_mun":"04011","nombre":"La Nueva Lucha","ambito":"Rural"},"geometry":{"type":"Polygon","coordinates":[[[-90.95373,18.29847],[-90.95379,18.29754],[-90.95389,18.29657],[-90.95404,18.29534],[-90.95408,18.29494],[-90.95412,18.29459],[-90.95425,18.29359],[-90.95322,18.2935],[-90.95332,18.29246],[-90.95436,18.29256],[-90.9544,18.29218],[-90.95447,18.29158],[-90.95454,18.29085],[-90.95349,18.29062],[-90.95246,18.2903],[-90.95191,18.29017],[-90.95183,18.29133],[-90.95118,18.2913],[-90.95118,18.29227],[-90.95112,18.29326],[-90.95096,18.29521],[-90.95101,18.29527],[-90.9509,18.29728],[-90.95095,18.29733],[-90.95088,18.29818],[-90.95092,18.29824],[-90.95093,18.29883],[-90.95136,18.29903],[-90.95174,18.29919],[-90.95234,18.29833],[-90.95273,18.29837],[-90.95373,18.29847]]]}},{"type":"Feature","properties":{"cvegeo":"040111412","cve_ent":"04","fuente":"INEGI — Marco Geoestadístico 2024","fecha_corte":"2024-08","cve_mun":"04011","nombre":"Nueva Rosita II","ambito":"Rural"},"geometry":{"type":"Polygon","coordinates":[[[-90.65398,18.32204],[-90.65397,18.32104],[-90.65401,18.32019],[-90.65408,18.3194],[-90.65495,18.31945],[-90.65499,18.3186],[-90.65466,18.31859],[-90.65412,18.31857],[-90.65349,18.31852],[-90.65329,18.31854],[-90.65335,18.31773],[-90.653,18.31773],[-90.65248,18.31772],[-90.65248,18.31758],[-90.65251,18.3172],[-90.65251,18.31713],[-90.65167,18.31711],[-90.65162,18.31755],[-90.65086,18.31756],[-90.65,18.31753],[-90.64991,18.31837],[-90.65075,18.31843],[-90.6507,18.31868],[-90.65064,18.3192],[-90.65059,18.31953],[-90.65051,18.32003],[-90.64973,18.31999],[-90.64965,18.32078],[-90.65033,18.32082],[-90.6502,18.32208],[-90.65133,18.32205],[-90.65222,18.32203],[-90.65294,18.32206],[-90.65398,18.32204]]]}},{"type":"Feature","properties":{"cvegeo":"040110644","cve_ent":"04","fuente":"INEGI — Marco Geoestadístico 2024","fecha_corte":"2024-08","cve_mun":"04011","nombre":"Francisco Villa","ambito":"Rural"},"geometry":{"type":"Polygon","coordinates":[[[-90.56217,17.84928],[-90.56313,17.84929],[-90.56421,17.84925],[-90.56516,17.84923],[-90.56515,17.84815],[-90.56417,17.84826],[-90.56428,17.84725],[-90.56324,17.84728],[-90.56223,17.84727],[-90.56221,17.84828],[-90.56217,17.84928]]]}},{"type":"Feature","properties":{"cvegeo":"040110036","cve_ent":"04","fuente":"INEGI — Marco Geoestadístico 2024","fecha_corte":"2024-08","cve_mun":"04011","nombre":"Arroyo de Cuba","ambito":"Rural"},"geometry":{"type":"Polygon","coordinates":[[[-90.37234,17.92619],[-90.37213,17.92324],[-90.37157,17.92324],[-90.37055,17.92324],[-90.3695,17.92324],[-90.36867,17.92324],[-90.36894,17.92419],[-90.36873,17.92519],[-90.36868,17.92555],[-90.36857,17.92567],[-90.36851,17.92596],[-90.36835,17.92623],[-90.36857,17.92624],[-90.36863,17.92723],[-90.36824,17.92723],[-90.3681,17.92773],[-90.36972,17.92776],[-90.3697,17.92723],[-90.37075,17.92726],[-90.37068,17.92623],[-90.372,17.92626],[-90.37233,17.92628],[-90.37234,17.92619]]]}},{"type":"Feature","properties":{"cvegeo":"040110680","cve_ent":"04","fuente":"INEGI — Marco Geoestadístico 2024","fecha_corte":"2024-08","cve_mun":"04011","nombre":"Venustiano Carranza","ambito":"Rural"},"geometry":{"type":"Polygon","coordinates":[[[-91.02615,18.1514],[-91.02614,18.15242],[-91.02721,18.15295],[-91.02833,18.15214],[-91.02946,18.15132],[-91.03059,18.15051],[-91.03057,18.15023],[-91.03055,18.14969],[-91.03184,18.14966],[-91.03184,18.14922],[-91.0324,18.14924],[-91.03464,18.14759],[-91.0342,18.14713],[-91.03333,18.14712],[-91.03257,18.14709],[-91.03184,18.1471],[-91.03183,18.14668],[-91.03183,18.14604],[-91.03184,18.14497],[-91.03187,18.14384],[-91.03193,18.14337],[-91.03203,18.14306],[-91.03198,18.14284],[-91.03185,18.1428],[-91.03065,18.14273],[-91.0298,18.14274],[-91.02953,18.14274],[-91.02953,18.14222],[-91.02845,18.14225],[-91.02843,18.14275],[-91.02734,18.14275],[-91.02731,18.14386],[-91.02614,18.14385],[-91.02614,18.14492],[-91.02616,18.1456],[-91.02618,18.14601],[-91.02607,18.14735],[-91.02451,18.14729],[-91.02444,18.14808],[-91.02405,18.14808],[-91.02451,18.14848],[-91.0249,18.14914],[-91.02515,18.1499],[-91.02524,18.15028],[-91.02613,18.15024],[-91.02615,18.1514]]]}},{"type":"Feature","properties":{"cvegeo":"040110666","cve_ent":"04","fuente":"INEGI — Marco Geoestadístico 2024","fecha_corte":"2024-08","cve_mun":"04011","nombre":"Tres Reyes","ambito":"Rural"},"geometry":{"type":"Polygon","coordinates":[[[-90.3833,17.87997],[-90.38253,17.88057],[-90.38179,17.88111],[-90.381,17.88172],[-90.38167,17.88244],[-90.38123,17.88275],[-90.38156,17.88316],[-90.38206,17.88283],[-90.38231,17.8827],[-90.38253,17.88263],[-90.38299,17.88249],[-90.38322,17.88246],[-90.38365,17.88248],[-90.38406,17.88251],[-90.38428,17.8825],[-90.38447,17.88247],[-90.38463,17.8824],[-90.3848,17.88229],[-90.38487,17.88221],[-90.38497,17.88208],[-90.38502,17.88191],[-90.38503,17.88169],[-90.38503,17.88149],[-90.38503,17.88142],[-90.38503,17.88117],[-90.38507,17.88101],[-90.38515,17.88079],[-90.38531,17.88054],[-90.3848,17.88004],[-90.38572,17.87931],[-90.3851,17.87872],[-90.38458,17.87905],[-90.38408,17.87937],[-90.3833,17.87997]]]}},{"type":"Feature","properties":{"cvegeo":"040110383","cve_ent":"04","fuente":"INEGI — Marco Geoestadístico 2024","fecha_corte":"2024-08","cve_mun":"04011","nombre":"Pablo Torres Burgos","ambito":"Rural"},"geometry":{"type":"Polygon","coordinates":[[[-90.70082,18.2993],[-90.70065,18.29901],[-90.70047,18.29878],[-90.70029,18.29869],[-90.70003,18.29859],[-90.69933,18.29835],[-90.69874,18.29812],[-90.69908,18.29737],[-90.6994,18.29662],[-90.69869,18.29632],[-90.69887,18.29588],[-90.69793,18.29552],[-90.69806,18.29525],[-90.69753,18.29498],[-90.69708,18.29477],[-90.69693,18.29515],[-90.69599,18.29472],[-90.69644,18.29343],[-90.69586,18.29319],[-90.69547,18.29302],[-90.69486,18.29482],[-90.69498,18.29486],[-90.69487,18.29574],[-90.69456,18.29647],[-90.69513,18.29668],[-90.69486,18.29735],[-90.69579,18.29773],[-90.69577,18.29862],[-90.69581,18.29866],[-90.69623,18.29893],[-90.69674,18.29911],[-90.69725,18.2992],[-90.6977,18.2992],[-90.69833,18.29913],[-90.69889,18.29916],[-90.69922,18.29927],[-90.69952,18.2994],[-90.69992,18.29949],[-90.70023,18.2995],[-90.7005,18.29943],[-90.70082,18.2993]]]}},{"type":"Feature","properties":{"cvegeo":"040110342","cve_ent":"04","fuente":"INEGI — Marco Geoestadístico 2024","fecha_corte":"2024-08","cve_mun":"04011","nombre":"Miguel Hidalgo y Costilla","ambito":"Rural"},"geometry":{"type":"Polygon","coordinates":[[[-90.84485,17.89342],[-90.84427,17.89358],[-90.84457,17.89451],[-90.84513,17.89434],[-90.845,17.89391],[-90.846,17.89362],[-90.8461,17.89407],[-90.84712,17.8938],[-90.84811,17.89343],[-90.84788,17.89236],[-90.84895,17.89208],[-90.8488,17.89152],[-90.84987,17.89121],[-90.84975,17.89075],[-90.85058,17.89061],[-90.85167,17.89024],[-90.85197,17.89084],[-90.85222,17.89075],[-90.85205,17.88842],[-90.85194,17.88811],[-90.85186,17.8862],[-90.85181,17.88486],[-90.85191,17.88343],[-90.85013,17.88344],[-90.84907,17.88346],[-90.84792,17.88346],[-90.84633,17.88347],[-90.84552,17.88353],[-90.8449,17.88349],[-90.84427,17.88343],[-90.84006,17.88309],[-90.83811,17.88266],[-90.83779,17.88416],[-90.8414,17.88501],[-90.8406,17.8858],[-90.83987,17.88663],[-90.83922,17.88744],[-90.83989,17.88769],[-90.84053,17.88802],[-90.84167,17.88886],[-90.84153,17.88903],[-90.84177,17.88918],[-90.84192,17.88932],[-90.84202,17.88948],[-90.84199,17.88962],[-90.84218,17.88977],[-90.84245,17.88988],[-90.84254,17.88982],[-90.84263,17.88979],[-90.84264,17.88996],[-90.84265,17.88999],[-90.84273,17.89005],[-90.84279,17.89021],[-90.84278,17.89032],[-90.84279,17.89037],[-90.84274,17.89043],[-90.84295,17.89059],[-90.84303,17.89058],[-90.84305,17.89063],[-90.84312,17.89066],[-90.84318,17.89063],[-90.84323,17.89062],[-90.84331,17.89062],[-90.84343,17.89071],[-90.84348,17.89078],[-90.84355,17.8908],[-90.84367,17.89064],[-90.84377,17.89072],[-90.84417,17.8914],[-90.84429,17.89138],[-90.84457,17.89242],[-90.84485,17.89342]]]}},{"type":"Feature","properties":{"cvegeo":"040110018","cve_ent":"04","fuente":"INEGI — Marco Geoestadístico 2024","fecha_corte":"2024-08","cve_mun":"04011","nombre":"Alianza Productora","ambito":"Rural"},"geometry":{"type":"Polygon","coordinates":[[[-90.33589,17.89605],[-90.33589,17.89611],[-90.33538,17.89615],[-90.33549,17.89706],[-90.33541,17.89709],[-90.33521,17.89718],[-90.33507,17.89725],[-90.33496,17.89735],[-90.33488,17.89746],[-90.33477,17.89776],[-90.33481,17.8983],[-90.33588,17.89793],[-90.33675,17.89784],[-90.33785,17.89776],[-90.33786,17.89707],[-90.33785,17.8967],[-90.33891,17.89651],[-90.33894,17.89563],[-90.33895,17.89475],[-90.33902,17.8938],[-90.3386,17.89386],[-90.33867,17.89288],[-90.33875,17.8917],[-90.33876,17.89157],[-90.33858,17.89164],[-90.33835,17.88962],[-90.33724,17.88976],[-90.33727,17.88931],[-90.33627,17.88933],[-90.33519,17.88944],[-90.33519,17.88953],[-90.3352,17.89041],[-90.33621,17.89035],[-90.33613,17.89135],[-90.33539,17.89131],[-90.33546,17.8924],[-90.3353,17.89242],[-90.33546,17.8934],[-90.33549,17.89369],[-90.3356,17.89384],[-90.33555,17.89386],[-90.33555,17.89402],[-90.33588,17.89427],[-90.33584,17.89454],[-90.33601,17.89484],[-90.33593,17.89499],[-90.33575,17.89521],[-90.33592,17.89519],[-90.33589,17.89605]]]}},{"type":"Feature","properties":{"cvegeo":"040110137","cve_ent":"04","fuente":"INEGI — Marco Geoestadístico 2024","fecha_corte":"2024-08","cve_mun":"04011","nombre":"El Destino","ambito":"Rural"},"geometry":{"type":"Polygon","coordinates":[[[-90.46464,17.99903],[-90.46441,18.00002],[-90.46541,18.00012],[-90.46649,18.00022],[-90.46668,17.99922],[-90.46694,17.9983],[-90.46716,17.9973],[-90.46758,17.99537],[-90.46719,17.99532],[-90.46739,17.99427],[-90.46694,17.99428],[-90.46683,17.99432],[-90.46673,17.99428],[-90.46574,17.99432],[-90.46555,17.99511],[-90.4653,17.9961],[-90.46506,17.99708],[-90.46401,17.997],[-90.46356,17.99894],[-90.46464,17.99903]]]}},{"type":"Feature","properties":{"cvegeo":"040110212","cve_ent":"04","fuente":"INEGI — Marco Geoestadístico 2024","fecha_corte":"2024-08","cve_mun":"04011","nombre":"Las Golondrinas","ambito":"Rural"},"geometry":{"type":"Polygon","coordinates":[[[-90.81789,17.88807],[-90.81768,17.88816],[-90.81711,17.88685],[-90.81663,17.88699],[-90.81662,17.88693],[-90.81669,17.88684],[-90.81671,17.88674],[-90.81666,17.88652],[-90.81676,17.88638],[-90.81684,17.88618],[-90.817,17.88595],[-90.81734,17.88565],[-90.81763,17.88526],[-90.81773,17.88505],[-90.81769,17.88471],[-90.8176,17.88428],[-90.81727,17.88379],[-90.81597,17.88451],[-90.81548,17.88479],[-90.81497,17.88393],[-90.81391,17.88447],[-90.81331,17.88367],[-90.81243,17.88419],[-90.81148,17.88475],[-90.81203,17.88561],[-90.81154,17.88586],[-90.81175,17.8862],[-90.8113,17.88646],[-90.8104,17.88701],[-90.80954,17.88747],[-90.80982,17.88794],[-90.81045,17.88886],[-90.8105,17.88889],[-90.80997,17.88899],[-90.80954,17.88913],[-90.80851,17.88948],[-90.80912,17.89056],[-90.8096,17.89145],[-90.80869,17.89192],[-90.80919,17.89282],[-90.80859,17.89314],[-90.80893,17.89319],[-90.80951,17.89336],[-90.81049,17.89299],[-90.81129,17.8924],[-90.81202,17.8915],[-90.81234,17.8912],[-90.81294,17.89097],[-90.81389,17.89057],[-90.81485,17.89013],[-90.81492,17.89014],[-90.8167,17.88987],[-90.81674,17.88932],[-90.81794,17.88882],[-90.81789,17.88807]]]}},{"type":"Feature","properties":{"cvegeo":"040111584","cve_ent":"04","fuente":"INEGI — Marco Geoestadístico 2024","fecha_corte":"2024-08","cve_mun":"04011","nombre":"Laguna de Oro","ambito":"Rural"},"geometry":{"type":"Polygon","coordinates":[[[-90.27586,17.87758],[-90.27362,17.87811],[-90.2726,17.8784],[-90.27053,17.87893],[-90.26949,17.87915],[-90.2692,17.87921],[-90.26904,17.87934],[-90.2688,17.87948],[-90.26857,17.87956],[-90.26876,17.88031],[-90.26897,17.88128],[-90.26999,17.88104],[-90.27102,17.88078],[-90.27125,17.88174],[-90.27334,17.88126],[-90.27361,17.88233],[-90.27734,17.88146],[-90.27693,17.88044],[-90.27656,17.87949],[-90.27619,17.87852],[-90.27586,17.87758]]]}},{"type":"Feature","properties":{"cvegeo":"040110302","cve_ent":"04","fuente":"INEGI — Marco Geoestadístico 2024","fecha_corte":"2024-08","cve_mun":"04011","nombre":"Justo Sierra Méndez","ambito":"Rural"},"geometry":{"type":"Polygon","coordinates":[[[-90.74037,17.96095],[-90.7407,17.96135],[-90.74053,17.9615],[-90.74073,17.96174],[-90.74163,17.9614],[-90.74189,17.96051],[-90.7422,17.96006],[-90.74253,17.95979],[-90.74291,17.95953],[-90.74333,17.95951],[-90.7438,17.95979],[-90.74541,17.96014],[-90.7459,17.95984],[-90.74631,17.95949],[-90.74669,17.9593],[-90.74706,17.95915],[-90.74753,17.959],[-90.74801,17.95893],[-90.74856,17.9589],[-90.74907,17.95891],[-90.74977,17.95872],[-90.75023,17.95862],[-90.75074,17.95848],[-90.75192,17.95829],[-90.75251,17.95823],[-90.75347,17.95814],[-90.75402,17.95809],[-90.7546,17.95808],[-90.75566,17.95812],[-90.75647,17.95834],[-90.75688,17.95851],[-90.75723,17.95871],[-90.75822,17.95914],[-90.75842,17.95882],[-90.7586,17.959],[-90.75937,17.95891],[-90.75931,17.95785],[-90.75818,17.9576],[-90.75794,17.95755],[-90.75775,17.95751],[-90.75761,17.95748],[-90.75754,17.95766],[-90.75701,17.9575],[-90.7568,17.95743],[-90.75667,17.95739],[-90.75675,17.95698],[-90.75623,17.95684],[-90.75614,17.95629],[-90.75559,17.9563],[-90.75547,17.9554],[-90.75053,17.95561],[-90.74969,17.95572],[-90.74992,17.95674],[-90.74889,17.95688],[-90.74707,17.95707],[-90.74723,17.9577],[-90.74621,17.95788],[-90.74526,17.958],[-90.7452,17.95799],[-90.74513,17.95797],[-90.74484,17.95732],[-90.74438,17.95753],[-90.74389,17.95659],[-90.74347,17.9569],[-90.74366,17.95739],[-90.74006,17.96057],[-90.74037,17.96095]]]}},{"type":"Feature","properties":{"cvegeo":"040110358","cve_ent":"04","fuente":"INEGI — Marco Geoestadístico 2024","fecha_corte":"2024-08","cve_mun":"04011","nombre":"Narcizo Mendoza","ambito":"Rural"},"geometry":{"type":"Polygon","coordinates":[[[-90.60106,17.83513],[-90.60109,17.83508],[-90.60156,17.83599],[-90.60241,17.83554],[-90.6025,17.83554],[-90.60339,17.83509],[-90.60437,17.83461],[-90.60393,17.83367],[-90.60289,17.83416],[-90.60279,17.83421],[-90.60232,17.83333],[-90.60186,17.83245],[-90.60205,17.83235],[-90.6016,17.83151],[-90.60135,17.831],[-90.60036,17.83151],[-90.59948,17.83195],[-90.59972,17.83243],[-90.59879,17.8329],[-90.59926,17.83377],[-90.59973,17.83463],[-90.60057,17.83541],[-90.60106,17.83513]]]}},{"type":"Feature","properties":{"cvegeo":"040110207","cve_ent":"04","fuente":"INEGI — Marco Geoestadístico 2024","fecha_corte":"2024-08","cve_mun":"04011","nombre":"General Francisco J. Mújica","ambito":"Rural"},"geometry":{"type":"Polygon","coordinates":[[[-91.06289,18.21748],[-91.06216,18.218],[-91.06188,18.21852],[-91.06162,18.21881],[-91.06123,18.21932],[-91.06095,18.21953],[-91.0609,18.21957],[-91.06036,18.21979],[-91.05975,18.21996],[-91.05918,18.22004],[-91.05961,18.22105],[-91.05869,18.22161],[-91.0564,18.22302],[-91.05684,18.22331],[-91.05708,18.22347],[-91.05769,18.22386],[-91.05811,18.22414],[-91.05814,18.22416],[-91.05861,18.22448],[-91.05915,18.2249],[-91.05966,18.22551],[-91.05985,18.2258],[-91.06144,18.2252],[-91.06252,18.22481],[-91.06358,18.22435],[-91.06457,18.22387],[-91.06571,18.22348],[-91.06672,18.22308],[-91.06855,18.22224],[-91.06772,18.22189],[-91.06695,18.22129],[-91.06633,18.22065],[-91.06581,18.21988],[-91.0656,18.21943],[-91.06565,18.2194],[-91.06558,18.21931],[-91.06544,18.21899],[-91.06537,18.21863],[-91.06539,18.21842],[-91.06533,18.21836],[-91.06527,18.2181],[-91.06514,18.21764],[-91.06486,18.21714],[-91.06405,18.21701],[-91.06289,18.21748]]]}},{"type":"Feature","properties":{"cvegeo":"040110041","cve_ent":"04","fuente":"INEGI — Marco Geoestadístico 2024","fecha_corte":"2024-08","cve_mun":"04011","nombre":"Benito Juárez Uno","ambito":"Rural"},"geometry":{"type":"Polygon","coordinates":[[[-91.09472,18.27426],[-91.0941,18.27499],[-91.09399,18.27504],[-91.09356,18.27546],[-91.0935,18.27534],[-91.09321,18.2747],[-91.0925,18.27493],[-91.09329,18.27741],[-91.09359,18.27829],[-91.09382,18.27895],[-91.09384,18.27901],[-91.0943,18.28063],[-91.0946,18.2814],[-91.09483,18.282],[-91.09513,18.28312],[-91.09592,18.28291],[-91.0963,18.28378],[-91.09654,18.28435],[-91.09767,18.28389],[-91.0974,18.28334],[-91.09708,18.28268],[-91.09829,18.28221],[-91.09801,18.28126],[-91.09881,18.281],[-91.09866,18.28056],[-91.09952,18.28037],[-91.10047,18.28009],[-91.10129,18.27983],[-91.1021,18.27959],[-91.10266,18.2794],[-91.10292,18.27932],[-91.10324,18.27921],[-91.10376,18.27903],[-91.10432,18.2789],[-91.10394,18.27787],[-91.10366,18.27708],[-91.10339,18.27629],[-91.10329,18.27589],[-91.1036,18.27579],[-91.10345,18.27537],[-91.10334,18.27334],[-91.10389,18.27259],[-91.10477,18.27144],[-91.10499,18.27121],[-91.10113,18.27099],[-91.10022,18.27087],[-91.09919,18.2707],[-91.09834,18.27079],[-91.09757,18.27148],[-91.09678,18.27215],[-91.09683,18.27226],[-91.0952,18.27381],[-91.09472,18.27426]]]}},{"type":"Feature","properties":{"cvegeo":"040110651","cve_ent":"04","fuente":"INEGI — Marco Geoestadístico 2024","fecha_corte":"2024-08","cve_mun":"04011","nombre":"La Tómbola","ambito":"Rural"},"geometry":{"type":"Polygon","coordinates":[[[-90.34679,18.0105],[-90.34689,18.0115],[-90.34704,18.01246],[-90.346,18.01268],[-90.34616,18.01366],[-90.34631,18.01477],[-90.3473,18.0145],[-90.34932,18.0139],[-90.34918,18.01278],[-90.34902,18.01184],[-90.34887,18.01097],[-90.34998,18.01066],[-90.3498,18.0096],[-90.35086,18.00929],[-90.35074,18.00836],[-90.35061,18.00733],[-90.35009,18.00745],[-90.34992,18.00646],[-90.34938,18.00657],[-90.34835,18.00691],[-90.34735,18.00723],[-90.3453,18.00777],[-90.34552,18.00878],[-90.34448,18.00913],[-90.34467,18.0102],[-90.34569,18.00987],[-90.34668,18.00955],[-90.34679,18.0105]]]}},{"type":"Feature","properties":{"cvegeo":"040110343","cve_ent":"04","fuente":"INEGI — Marco Geoestadístico 2024","fecha_corte":"2024-08","cve_mun":"04011","nombre":"El Mirador Primero","ambito":"Rural"},"geometry":{"type":"Polygon","coordinates":[[[-90.32452,18.02238],[-90.32416,18.02152],[-90.32369,18.02048],[-90.32455,18.0201],[-90.32504,18.01988],[-90.32564,18.0196],[-90.32516,18.01857],[-90.32467,18.01763],[-90.32361,18.01788],[-90.32257,18.01825],[-90.3228,18.01871],[-90.32189,18.0191],[-90.32165,18.01861],[-90.32069,18.01889],[-90.31869,18.01957],[-90.31899,18.02027],[-90.31836,18.02061],[-90.31849,18.02096],[-90.31855,18.02124],[-90.31857,18.02152],[-90.31858,18.02176],[-90.31858,18.0219],[-90.31846,18.02208],[-90.31832,18.0222],[-90.31824,18.0224],[-90.31815,18.02274],[-90.31793,18.02287],[-90.31714,18.02323],[-90.31727,18.02354],[-90.31791,18.02544],[-90.31824,18.02635],[-90.31858,18.02728],[-90.31921,18.02907],[-90.32055,18.02846],[-90.32152,18.02812],[-90.32253,18.02774],[-90.32208,18.02679],[-90.32279,18.02647],[-90.32239,18.0255],[-90.32258,18.02541],[-90.32212,18.0245],[-90.32169,18.02365],[-90.32268,18.02324],[-90.3236,18.02279],[-90.32452,18.02238]]]}},{"type":"Feature","properties":{"cvegeo":"040110677","cve_ent":"04","fuente":"INEGI — Marco Geoestadístico 2024","fecha_corte":"2024-08","cve_mun":"04011","nombre":"La Unión (Dos Arroyos)","ambito":"Rural"},"geometry":{"type":"Polygon","coordinates":[[[-90.30739,17.95935],[-90.30979,17.95872],[-90.30831,17.95637],[-90.3079,17.95552],[-90.30749,17.95464],[-90.30704,17.95369],[-90.30659,17.95279],[-90.30646,17.95324],[-90.30635,17.95416],[-90.30566,17.95426],[-90.30585,17.95554],[-90.3059,17.95604],[-90.3061,17.95654],[-90.30624,17.95683],[-90.30653,17.95744],[-90.30561,17.9579],[-90.30468,17.95839],[-90.30416,17.95868],[-90.30316,17.95913],[-90.3032,17.96017],[-90.30313,17.96082],[-90.30276,17.96141],[-90.30454,17.96063],[-90.30547,17.96022],[-90.30641,17.95977],[-90.30603,17.95883],[-90.30692,17.95838],[-90.30739,17.95935]]]}},{"type":"Feature","properties":{"cvegeo":"040110381","cve_ent":"04","fuente":"INEGI — Marco Geoestadístico 2024","fecha_corte":"2024-08","cve_mun":"04011","nombre":"La Olla","ambito":"Rural"},"geometry":{"type":"Polygon","coordinates":[[[-90.6667,18.17473],[-90.66663,18.1748],[-90.66739,18.17517],[-90.66809,18.17438],[-90.66839,18.17449],[-90.66875,18.17428],[-90.66922,18.17432],[-90.66969,18.17444],[-90.67001,18.17476],[-90.67015,18.17458],[-90.67065,18.17397],[-90.67156,18.17447],[-90.67214,18.17383],[-90.67256,18.17417],[-90.67307,18.17377],[-90.67276,18.17339],[-90.67259,18.17321],[-90.6724,18.17297],[-90.67265,18.17285],[-90.67292,18.17265],[-90.67207,18.17223],[-90.67131,18.17181],[-90.67107,18.17217],[-90.67028,18.17174],[-90.66976,18.17241],[-90.66898,18.17189],[-90.66748,18.17105],[-90.66676,18.17054],[-90.66612,18.17031],[-90.6657,18.17107],[-90.666,18.17118],[-90.6656,18.17189],[-90.6657,18.17292],[-90.66586,18.1741],[-90.66603,18.17421],[-90.6667,18.17473]]]}},{"type":"Feature","properties":{"cvegeo":"040110612","cve_ent":"04","fuente":"INEGI — Marco Geoestadístico 2024","fecha_corte":"2024-08","cve_mun":"04011","nombre":"Santa Rosa","ambito":"Rural"},"geometry":{"type":"Polygon","coordinates":[[[-90.4684,17.82781],[-90.46825,17.8279],[-90.46813,17.82802],[-90.46766,17.82869],[-90.46847,17.82859],[-90.47,17.82841],[-90.47077,17.82841],[-90.47109,17.82821],[-90.47102,17.828],[-90.47202,17.82765],[-90.47301,17.82728],[-90.4731,17.82768],[-90.47404,17.82743],[-90.47402,17.82698],[-90.47397,17.8262],[-90.47395,17.8259],[-90.47388,17.82479],[-90.47232,17.82537],[-90.47197,17.82436],[-90.47096,17.8245],[-90.46988,17.82461],[-90.46876,17.82479],[-90.46814,17.82485],[-90.46827,17.82564],[-90.46835,17.82678],[-90.4684,17.82781]]]}},{"type":"Feature","properties":{"cvegeo":"040111143","cve_ent":"04","fuente":"INEGI — Marco Geoestadístico 2024","fecha_corte":"2024-08","cve_mun":"04011","nombre":"Licenciado José Antonio González Curi","ambito":"Rural"},"geometry":{"type":"Polygon","coordinates":[[[-90.49242,18.22964],[-90.49251,18.22911],[-90.4927,18.22812],[-90.49074,18.22755],[-90.49054,18.22868],[-90.48933,18.22828],[-90.48905,18.22935],[-90.48879,18.23036],[-90.48856,18.23134],[-90.4883,18.23241],[-90.48952,18.23267],[-90.49058,18.2329],[-90.49174,18.23314],[-90.49281,18.23332],[-90.493,18.23239],[-90.49315,18.23164],[-90.49319,18.23146],[-90.49322,18.23127],[-90.49341,18.23039],[-90.49281,18.23026],[-90.49275,18.23021],[-90.49236,18.23009],[-90.49237,18.22993],[-90.49242,18.22964]]]}},{"type":"Feature","properties":{"cvegeo":"040110135","cve_ent":"04","fuente":"INEGI — Marco Geoestadístico 2024","fecha_corte":"2024-08","cve_mun":"04011","nombre":"El Desengaño","ambito":"Rural"},"geometry":{"type":"Polygon","coordinates":[[[-90.44023,17.86516],[-90.43995,17.86611],[-90.44095,17.8664],[-90.44112,17.86646],[-90.44065,17.86766],[-90.44156,17.86788],[-90.44264,17.86813],[-90.44369,17.86843],[-90.44336,17.86962],[-90.44376,17.86968],[-90.44449,17.86979],[-90.44479,17.86877],[-90.44487,17.86879],[-90.44591,17.86911],[-90.44613,17.86918],[-90.447,17.86944],[-90.44802,17.86977],[-90.44909,17.87014],[-90.45016,17.87049],[-90.45017,17.86938],[-90.45008,17.86822],[-90.45009,17.86819],[-90.44978,17.86699],[-90.44965,17.86665],[-90.44955,17.86629],[-90.44929,17.86583],[-90.44926,17.86579],[-90.44915,17.86548],[-90.44908,17.86536],[-90.44895,17.86524],[-90.44873,17.86509],[-90.44857,17.86492],[-90.44847,17.86478],[-90.44845,17.86472],[-90.44843,17.86465],[-90.44841,17.86457],[-90.44833,17.8645],[-90.44823,17.86445],[-90.44816,17.86446],[-90.44784,17.86447],[-90.44762,17.86445],[-90.44754,17.8644],[-90.44749,17.86434],[-90.44745,17.86432],[-90.44763,17.86389],[-90.4482,17.86418],[-90.44865,17.86418],[-90.44923,17.86465],[-90.45008,17.86497],[-90.45018,17.86533],[-90.45168,17.86537],[-90.45154,17.86278],[-90.45014,17.86325],[-90.45009,17.86277],[-90.4501,17.86174],[-90.44959,17.86155],[-90.44925,17.86249],[-90.44818,17.86214],[-90.44844,17.86126],[-90.44864,17.86058],[-90.44756,17.86053],[-90.44626,17.86048],[-90.44621,17.86044],[-90.44495,17.86045],[-90.44478,17.86113],[-90.44369,17.86088],[-90.4427,17.86069],[-90.44214,17.86154],[-90.44189,17.86213],[-90.44173,17.86239],[-90.44223,17.86253],[-90.44246,17.86253],[-90.44279,17.86247],[-90.44311,17.86252],[-90.4432,17.86253],[-90.44326,17.8628],[-90.4429,17.86285],[-90.44259,17.86281],[-90.44238,17.86288],[-90.44203,17.86298],[-90.44166,17.86301],[-90.44159,17.86311],[-90.44149,17.8634],[-90.44089,17.86382],[-90.44076,17.86406],[-90.4408,17.86425],[-90.44055,17.86418],[-90.44023,17.86516]]]}},{"type":"Feature","properties":{"cvegeo":"040110037","cve_ent":"04","fuente":"INEGI — Marco Geoestadístico 2024","fecha_corte":"2024-08","cve_mun":"04011","nombre":"Arroyo del Julubal","ambito":"Rural"},"geometry":{"type":"Polygon","coordinates":[[[-90.38737,17.83614],[-90.38795,17.83543],[-90.38843,17.83583],[-90.38865,17.836],[-90.3893,17.83536],[-90.38957,17.83543],[-90.38983,17.8355],[-90.38977,17.83436],[-90.38903,17.83409],[-90.38705,17.83336],[-90.38629,17.83267],[-90.38566,17.83204],[-90.3851,17.83287],[-90.38466,17.8332],[-90.38535,17.83383],[-90.38656,17.83541],[-90.38737,17.83614]]]}},{"type":"Feature","properties":{"cvegeo":"040111399","cve_ent":"04","fuente":"INEGI — Marco Geoestadístico 2024","fecha_corte":"2024-08","cve_mun":"04011","nombre":"Emiliano Zapata III","ambito":"Rural"},"geometry":{"type":"Polygon","coordinates":[[[-90.68691,18.37023],[-90.68726,18.3712],[-90.68797,18.37217],[-90.68829,18.3723],[-90.688,18.37257],[-90.6883,18.37329],[-90.68867,18.37418],[-90.68902,18.37498],[-90.68936,18.37578],[-90.69026,18.37543],[-90.69114,18.37514],[-90.6917,18.37641],[-90.69211,18.37625],[-90.6916,18.37496],[-90.69202,18.37478],[-90.69162,18.37392],[-90.69259,18.37357],[-90.69347,18.37325],[-90.69313,18.3724],[-90.69347,18.37228],[-90.69423,18.37139],[-90.69464,18.37079],[-90.69478,18.37059],[-90.69482,18.37054],[-90.69464,18.37038],[-90.69464,18.37038],[-90.69481,18.37022],[-90.69482,18.37021],[-90.69447,18.36922],[-90.6941,18.36812],[-90.69396,18.36813],[-90.6936,18.36783],[-90.69332,18.36814],[-90.69303,18.36786],[-90.69207,18.36699],[-90.69132,18.36745],[-90.691,18.36762],[-90.69121,18.36809],[-90.69036,18.36846],[-90.69016,18.368],[-90.68932,18.36849],[-90.68886,18.36871],[-90.6885,18.36888],[-90.68769,18.36933],[-90.68675,18.36986],[-90.68691,18.37023]]]}},{"type":"Feature","properties":{"cvegeo":"040110038","cve_ent":"04","fuente":"INEGI — Marco Geoestadístico 2024","fecha_corte":"2024-08","cve_mun":"04011","nombre":"Arroyo San Juan (Las Golondrinas)","ambito":"Rural"},"geometry":{"type":"Polygon","coordinates":[[[-90.62972,18.11003],[-90.62993,18.10969],[-90.62978,18.1095],[-90.63051,18.1089],[-90.63123,18.1083],[-90.63194,18.10772],[-90.63205,18.10771],[-90.63226,18.10762],[-90.6328,18.10726],[-90.6333,18.10693],[-90.63355,18.10673],[-90.63327,18.10639],[-90.63304,18.10616],[-90.63281,18.10588],[-90.63218,18.10521],[-90.63166,18.10457],[-90.63084,18.10366],[-90.63015,18.10418],[-90.62941,18.10475],[-90.62874,18.1053],[-90.62803,18.10593],[-90.62723,18.10659],[-90.6272,18.10653],[-90.62674,18.10696],[-90.62874,18.10905],[-90.62843,18.1093],[-90.62812,18.10956],[-90.62972,18.11003]]]}},{"type":"Feature","properties":{"cvegeo":"040110399","cve_ent":"04","fuente":"INEGI — Marco Geoestadístico 2024","fecha_corte":"2024-08","cve_mun":"04011","nombre":"San Román","ambito":"Rural"},"geometry":{"type":"Polygon","coordinates":[[[-90.61558,18.3223],[-90.61581,18.32222],[-90.61606,18.32322],[-90.6163,18.32414],[-90.61694,18.32411],[-90.6175,18.32404],[-90.61858,18.32398],[-90.61862,18.32398],[-90.61974,18.32393],[-90.61982,18.32392],[-90.61961,18.32065],[-90.61948,18.32064],[-90.61916,18.31971],[-90.61915,18.3197],[-90.61875,18.31881],[-90.61875,18.31881],[-90.61944,18.31854],[-90.61927,18.31757],[-90.61835,18.31789],[-90.61798,18.31695],[-90.61697,18.31735],[-90.61655,18.31644],[-90.61559,18.31682],[-90.61479,18.31716],[-90.61483,18.31767],[-90.61498,18.31813],[-90.61599,18.31774],[-90.61642,18.31866],[-90.61541,18.31906],[-90.61489,18.31923],[-90.61499,18.3214],[-90.61521,18.32131],[-90.61558,18.3223]]]}},{"type":"Feature","properties":{"cvegeo":"040110073","cve_ent":"04","fuente":"INEGI — Marco Geoestadístico 2024","fecha_corte":"2024-08","cve_mun":"04011","nombre":"El Nuevo Paraguas","ambito":"Rural"},"geometry":{"type":"Polygon","coordinates":[[[-90.34633,18.08258],[-90.34641,18.08155],[-90.34748,18.08154],[-90.34797,18.08151],[-90.34788,18.08116],[-90.34789,18.08054],[-90.34791,18.07985],[-90.34794,18.07954],[-90.34796,18.07854],[-90.34798,18.07752],[-90.34693,18.07751],[-90.34695,18.07674],[-90.34588,18.0767],[-90.34586,18.0775],[-90.34481,18.07751],[-90.34381,18.0775],[-90.34382,18.07844],[-90.34382,18.07984],[-90.34376,18.07985],[-90.34375,18.08045],[-90.34271,18.08042],[-90.3427,18.08143],[-90.34234,18.08142],[-90.3423,18.08239],[-90.34266,18.08243],[-90.34263,18.08347],[-90.34317,18.08351],[-90.3432,18.08573],[-90.34354,18.08586],[-90.34379,18.08594],[-90.34462,18.08509],[-90.34472,18.08473],[-90.34574,18.08361],[-90.34574,18.08357],[-90.34578,18.08257],[-90.34633,18.08258]]]}},{"type":"Feature","properties":{"cvegeo":"040110128","cve_ent":"04","fuente":"INEGI — Marco Geoestadístico 2024","fecha_corte":"2024-08","cve_mun":"04011","nombre":"Nuevas Delicias I","ambito":"Rural"},"geometry":{"type":"Polygon","coordinates":[[[-90.49385,17.86415],[-90.49399,17.86424],[-90.49425,17.86443],[-90.49475,17.86456],[-90.49569,17.86466],[-90.4957,17.86342],[-90.49663,17.86357],[-90.49664,17.86266],[-90.49666,17.86145],[-90.49667,17.86111],[-90.49567,17.86132],[-90.49534,17.86137],[-90.49533,17.86085],[-90.49473,17.86096],[-90.49381,17.86102],[-90.49273,17.86112],[-90.49273,17.86149],[-90.49274,17.86209],[-90.49383,17.86224],[-90.49384,17.86317],[-90.49385,17.86415]]]}},{"type":"Feature","properties":{"cvegeo":"040110154","cve_ent":"04","fuente":"INEGI — Marco Geoestadístico 2024","fecha_corte":"2024-08","cve_mun":"04011","nombre":"El Encanto","ambito":"Rural"},"geometry":{"type":"Polygon","coordinates":[[[-91.02826,17.99706],[-91.02799,17.99795],[-91.02762,17.99892],[-91.02831,17.99919],[-91.02846,17.9992],[-91.02848,17.99922],[-91.02927,17.99953],[-91.02966,17.9986],[-91.03047,17.99889],[-91.03129,17.99918],[-91.03167,17.99845],[-91.032,17.99759],[-91.03227,17.99674],[-91.03259,17.99594],[-91.03172,17.99556],[-91.03086,17.99522],[-91.03001,17.99486],[-91.02911,17.99449],[-91.02883,17.99534],[-91.02855,17.99623],[-91.02826,17.99706]]]}},{"type":"Feature","properties":{"cvegeo":"040110551","cve_ent":"04","fuente":"INEGI — Marco Geoestadístico 2024","fecha_corte":"2024-08","cve_mun":"04011","nombre":"San Juan","ambito":"Rural"},"geometry":{"type":"Polygon","coordinates":[[[-90.50213,18.44581],[-90.5016,18.44578],[-90.50054,18.44567],[-90.49949,18.44554],[-90.49847,18.44544],[-90.49774,18.44539],[-90.49765,18.44642],[-90.49753,18.44744],[-90.49743,18.44838],[-90.49731,18.44939],[-90.49918,18.44945],[-90.50019,18.44951],[-90.50124,18.44957],[-90.5023,18.44966],[-90.50329,18.44973],[-90.50469,18.4498],[-90.50539,18.4497],[-90.50537,18.44877],[-90.50546,18.44762],[-90.50467,18.44813],[-90.50462,18.44783],[-90.50464,18.44684],[-90.50462,18.44606],[-90.50461,18.44541],[-90.50458,18.4448],[-90.50263,18.44463],[-90.50264,18.44534],[-90.50263,18.44586],[-90.50213,18.44581]]]}},{"type":"Feature","properties":{"cvegeo":"040111418","cve_ent":"04","fuente":"INEGI — Marco Geoestadístico 2024","fecha_corte":"2024-08","cve_mun":"04011","nombre":"La Esperancita","ambito":"Rural"},"geometry":{"type":"Polygon","coordinates":[[[-90.55041,18.43537],[-90.54937,18.43537],[-90.54873,18.43537],[-90.54847,18.4368],[-90.548,18.43681],[-90.54792,18.43729],[-90.54786,18.43739],[-90.54775,18.43772],[-90.54769,18.43831],[-90.54768,18.43832],[-90.54758,18.43879],[-90.54747,18.43925],[-90.54741,18.43927],[-90.54678,18.43929],[-90.54673,18.4393],[-90.5467,18.43931],[-90.54668,18.43934],[-90.54661,18.43981],[-90.54732,18.43979],[-90.54738,18.43978],[-90.5476,18.43978],[-90.54836,18.43976],[-90.54853,18.43975],[-90.54891,18.43977],[-90.54936,18.43974],[-90.55053,18.43972],[-90.55062,18.4392],[-90.55082,18.43825],[-90.55186,18.43829],[-90.55206,18.43726],[-90.55103,18.43725],[-90.55126,18.4363],[-90.55022,18.43628],[-90.55041,18.43537]]]}},{"type":"Feature","properties":{"cvegeo":"040110602","cve_ent":"04","fuente":"INEGI — Marco Geoestadístico 2024","fecha_corte":"2024-08","cve_mun":"04011","nombre":"Santa Lucía","ambito":"Rural"},"geometry":{"type":"Polygon","coordinates":[[[-90.7351,18.24158],[-90.73523,18.24154],[-90.73551,18.24141],[-90.73557,18.24117],[-90.73557,18.24065],[-90.73585,18.2397],[-90.73615,18.23871],[-90.73715,18.23899],[-90.73745,18.23808],[-90.73777,18.23709],[-90.73808,18.23615],[-90.73814,18.23455],[-90.73793,18.2346],[-90.73777,18.23473],[-90.73741,18.23487],[-90.73726,18.2351],[-90.73716,18.2354],[-90.73615,18.23511],[-90.73628,18.23464],[-90.7359,18.23455],[-90.7353,18.2344],[-90.73433,18.2341],[-90.73402,18.23507],[-90.73396,18.23505],[-90.73385,18.23501],[-90.73373,18.23494],[-90.7336,18.23487],[-90.73349,18.23478],[-90.73318,18.23587],[-90.73291,18.23685],[-90.7326,18.23784],[-90.73273,18.23789],[-90.73313,18.23795],[-90.73286,18.23889],[-90.73259,18.23986],[-90.73232,18.24085],[-90.73422,18.24143],[-90.73472,18.24158],[-90.73482,18.24161],[-90.73502,18.24159],[-90.7351,18.24158]]]}},{"type":"Feature","properties":{"cvegeo":"040110340","cve_ent":"04","fuente":"INEGI — Marco Geoestadístico 2024","fecha_corte":"2024-08","cve_mun":"04011","nombre":"Miguel Alemán","ambito":"Rural"},"geometry":{"type":"Polygon","coordinates":[[[-90.94873,18.24231],[-90.94881,18.24238],[-90.94872,18.24241],[-90.94734,18.24338],[-90.94794,18.24408],[-90.94825,18.24446],[-90.94844,18.24469],[-90.9486,18.24471],[-90.94864,18.24515],[-90.9488,18.24556],[-90.95088,18.24395],[-90.95088,18.24427],[-90.95082,18.24457],[-90.95079,18.24481],[-90.95012,18.24534],[-90.94947,18.24588],[-90.94956,18.246],[-90.95002,18.24659],[-90.94983,18.24678],[-90.9495,18.24712],[-90.95032,18.24864],[-90.95064,18.24819],[-90.95097,18.24766],[-90.95144,18.24689],[-90.95162,18.24661],[-90.95176,18.24636],[-90.9518,18.24626],[-90.95189,18.24604],[-90.95223,18.24578],[-90.95254,18.24555],[-90.9532,18.24502],[-90.95378,18.24562],[-90.95381,18.2456],[-90.9544,18.24514],[-90.95442,18.24512],[-90.95446,18.24513],[-90.95503,18.24571],[-90.95581,18.24515],[-90.95572,18.24508],[-90.95691,18.24422],[-90.95639,18.24363],[-90.95583,18.24292],[-90.95528,18.2423],[-90.95533,18.24227],[-90.95722,18.24076],[-90.95788,18.24023],[-90.95789,18.24026],[-90.95845,18.24092],[-90.95891,18.24149],[-90.95961,18.24095],[-90.95949,18.24087],[-90.9591,18.24041],[-90.95878,18.24],[-90.95853,18.2397],[-90.95795,18.23905],[-90.9573,18.23958],[-90.95663,18.24009],[-90.95472,18.24166],[-90.95405,18.24219],[-90.95388,18.24196],[-90.95466,18.24132],[-90.95501,18.24104],[-90.95634,18.23996],[-90.95815,18.2385],[-90.95792,18.23822],[-90.95742,18.23765],[-90.95735,18.23757],[-90.95688,18.237],[-90.95649,18.23732],[-90.95583,18.23788],[-90.95518,18.2384],[-90.95452,18.23891],[-90.95367,18.2396],[-90.95363,18.23964],[-90.95359,18.23967],[-90.95293,18.24016],[-90.95264,18.24038],[-90.95261,18.24033],[-90.95227,18.23976],[-90.95164,18.2402],[-90.95155,18.24027],[-90.95136,18.24],[-90.95068,18.24048],[-90.95029,18.23995],[-90.9496,18.24049],[-90.94969,18.24063],[-90.94903,18.24118],[-90.949,18.24121],[-90.94896,18.24124],[-90.94824,18.24181],[-90.94873,18.24231]]]}},{"type":"Feature","properties":{"cvegeo":"040110115","cve_ent":"04","fuente":"INEGI — Marco Geoestadístico 2024","fecha_corte":"2024-08","cve_mun":"04011","nombre":"Corte Pajaral","ambito":"Rural"},"geometry":{"type":"Polygon","coordinates":[[[-91.08025,18.12076],[-91.08077,18.12027],[-91.08086,18.12021],[-91.08074,18.12009],[-91.08063,18.12],[-91.08038,18.1198],[-91.08019,18.11964],[-91.07983,18.11933],[-91.08007,18.11915],[-91.07966,18.11874],[-91.07857,18.11767],[-91.0781,18.11718],[-91.07794,18.11727],[-91.07764,18.11655],[-91.07856,18.11607],[-91.07809,18.11532],[-91.07745,18.11559],[-91.07763,18.11651],[-91.07698,18.11584],[-91.07657,18.11541],[-91.0761,18.11492],[-91.0754,18.11553],[-91.07528,18.11562],[-91.07432,18.11477],[-91.07364,18.11485],[-91.07397,18.11532],[-91.07358,18.11562],[-91.0745,18.11643],[-91.07486,18.11655],[-91.0752,18.11703],[-91.07675,18.11838],[-91.07665,18.11846],[-91.07675,18.11868],[-91.07667,18.11876],[-91.07686,18.11903],[-91.07713,18.11929],[-91.07681,18.11949],[-91.07758,18.12016],[-91.07787,18.11989],[-91.07819,18.12016],[-91.07894,18.12082],[-91.07959,18.12136],[-91.08025,18.12076]]]}},{"type":"Feature","properties":{"cvegeo":"040111400","cve_ent":"04","fuente":"INEGI — Marco Geoestadístico 2024","fecha_corte":"2024-08","cve_mun":"04011","nombre":"Tres de Mayo Tres","ambito":"Rural"},"geometry":{"type":"MultiPolygon","coordinates":[[[[-90.47507,18.37147],[-90.4751,18.37049],[-90.47405,18.37053],[-90.47402,18.37153],[-90.47507,18.37147]]],[[[-90.47282,18.37659],[-90.47378,18.37651],[-90.47381,18.37593],[-90.47382,18.37553],[-90.47395,18.3725],[-90.47292,18.37261],[-90.47295,18.3716],[-90.47191,18.37171],[-90.47086,18.37182],[-90.46987,18.37195],[-90.46979,18.37291],[-90.46938,18.37294],[-90.46938,18.37395],[-90.46977,18.37393],[-90.4697,18.37591],[-90.4697,18.3769],[-90.47073,18.3768],[-90.47175,18.37668],[-90.47282,18.37659]]]]}},{"type":"Feature","properties":{"cvegeo":"040111403","cve_ent":"04","fuente":"INEGI — Marco Geoestadístico 2024","fecha_corte":"2024-08","cve_mun":"04011","nombre":"El Encanto 2","ambito":"Rural"},"geometry":{"type":"Polygon","coordinates":[[[-90.61359,18.39428],[-90.61388,18.39344],[-90.61417,18.39258],[-90.61442,18.39165],[-90.6153,18.39187],[-90.61552,18.39118],[-90.61573,18.39038],[-90.616,18.38952],[-90.61517,18.38927],[-90.61424,18.38906],[-90.61398,18.38991],[-90.61308,18.38965],[-90.6122,18.38939],[-90.61173,18.39081],[-90.61097,18.39061],[-90.6107,18.39154],[-90.61047,18.39231],[-90.61119,18.39256],[-90.61204,18.39283],[-90.61295,18.39315],[-90.61268,18.39398],[-90.61359,18.39428]]]}},{"type":"Feature","properties":{"cvegeo":"040110546","cve_ent":"04","fuente":"INEGI — Marco Geoestadístico 2024","fecha_corte":"2024-08","cve_mun":"04011","nombre":"San José de las Montañas","ambito":"Rural"},"geometry":{"type":"Polygon","coordinates":[[[-90.65067,18.3752],[-90.65085,18.37613],[-90.65105,18.37706],[-90.65108,18.37721],[-90.65116,18.37767],[-90.65217,18.37751],[-90.65323,18.37736],[-90.65429,18.37721],[-90.65398,18.37566],[-90.65378,18.37463],[-90.65433,18.37453],[-90.65417,18.37354],[-90.65393,18.37256],[-90.65361,18.37059],[-90.65402,18.37051],[-90.65503,18.37032],[-90.65492,18.36973],[-90.65484,18.36935],[-90.65581,18.36917],[-90.65569,18.36896],[-90.65502,18.36777],[-90.65459,18.36785],[-90.65356,18.36802],[-90.65251,18.36823],[-90.65175,18.3684],[-90.65046,18.36861],[-90.65075,18.37011],[-90.65085,18.37067],[-90.65093,18.37108],[-90.64991,18.37127],[-90.65012,18.37229],[-90.6503,18.37325],[-90.65067,18.3752]]]}},{"type":"Feature","properties":{"cvegeo":"040110153","cve_ent":"04","fuente":"INEGI — Marco Geoestadístico 2024","fecha_corte":"2024-08","cve_mun":"04011","nombre":"Emiliano Zapata","ambito":"Rural"},"geometry":{"type":"Polygon","coordinates":[[[-90.4652,17.96622],[-90.46533,17.96713],[-90.46626,17.96709],[-90.46754,17.96693],[-90.46851,17.96681],[-90.47123,17.96652],[-90.47115,17.96551],[-90.47124,17.9655],[-90.47073,17.96408],[-90.47073,17.96363],[-90.47056,17.96264],[-90.47143,17.96173],[-90.47098,17.96178],[-90.47023,17.96185],[-90.47024,17.9621],[-90.46914,17.96214],[-90.46781,17.96228],[-90.46775,17.96138],[-90.46671,17.96152],[-90.46669,17.96236],[-90.46671,17.96247],[-90.46576,17.96255],[-90.46582,17.96301],[-90.46465,17.96314],[-90.46365,17.96335],[-90.46377,17.9642],[-90.46314,17.96433],[-90.46333,17.9654],[-90.46344,17.96539],[-90.46357,17.96599],[-90.46367,17.96645],[-90.4652,17.96622]]]}},{"type":"Feature","properties":{"cvegeo":"040111148","cve_ent":"04","fuente":"INEGI — Marco Geoestadístico 2024","fecha_corte":"2024-08","cve_mun":"04011","nombre":"El Fantasma (Los Chileros)","ambito":"Rural"},"geometry":{"type":"Polygon","coordinates":[[[-90.63194,18.42111],[-90.63181,18.42097],[-90.63125,18.42049],[-90.6305,18.41978],[-90.63089,18.41939],[-90.63012,18.41869],[-90.62976,18.4191],[-90.62898,18.41832],[-90.62828,18.41762],[-90.6276,18.41842],[-90.62754,18.41838],[-90.62736,18.41864],[-90.62719,18.41946],[-90.62773,18.41997],[-90.62798,18.42021],[-90.62841,18.42061],[-90.62808,18.42101],[-90.62777,18.42138],[-90.62851,18.42202],[-90.62926,18.42266],[-90.62988,18.42198],[-90.6305,18.42253],[-90.63052,18.42255],[-90.63125,18.42185],[-90.63194,18.42111]]]}},{"type":"Feature","properties":{"cvegeo":"040111516","cve_ent":"04","fuente":"INEGI — Marco Geoestadístico 2024","fecha_corte":"2024-08","cve_mun":"04011","nombre":"Chilam Balam","ambito":"Rural"},"geometry":{"type":"Polygon","coordinates":[[[-90.26282,17.85276],[-90.26235,17.85185],[-90.2614,17.85228],[-90.26132,17.85237],[-90.26038,17.85285],[-90.25947,17.85335],[-90.25926,17.85295],[-90.25833,17.85342],[-90.25789,17.85362],[-90.2581,17.85407],[-90.25851,17.855],[-90.25899,17.8548],[-90.25926,17.8553],[-90.26019,17.85483],[-90.26034,17.85515],[-90.26129,17.85469],[-90.26165,17.85551],[-90.262,17.8564],[-90.26256,17.85742],[-90.26301,17.85841],[-90.26309,17.85836],[-90.26393,17.86018],[-90.26347,17.86043],[-90.26299,17.86069],[-90.26353,17.86155],[-90.26436,17.8611],[-90.26477,17.86201],[-90.26509,17.86254],[-90.26595,17.86213],[-90.26571,17.86156],[-90.26666,17.86107],[-90.26629,17.86018],[-90.2654,17.85827],[-90.26502,17.85738],[-90.26458,17.85645],[-90.26416,17.85547],[-90.26375,17.85454],[-90.26417,17.85438],[-90.26374,17.85348],[-90.26328,17.85251],[-90.26282,17.85276]]]}},{"type":"Feature","properties":{"cvegeo":"040111406","cve_ent":"04","fuente":"INEGI — Marco Geoestadístico 2024","fecha_corte":"2024-08","cve_mun":"04011","nombre":"Isla del Paraíso","ambito":"Rural"},"geometry":{"type":"Polygon","coordinates":[[[-90.63436,18.35961],[-90.63437,18.35904],[-90.6344,18.35799],[-90.63442,18.35704],[-90.63445,18.35598],[-90.63445,18.3559],[-90.63447,18.355],[-90.63449,18.35397],[-90.63452,18.3529],[-90.63405,18.35293],[-90.63409,18.35194],[-90.63346,18.35194],[-90.63241,18.35194],[-90.63134,18.35198],[-90.63023,18.35199],[-90.62923,18.35201],[-90.62815,18.35203],[-90.627,18.35206],[-90.627,18.35309],[-90.62812,18.35306],[-90.62807,18.35407],[-90.62746,18.35408],[-90.62703,18.35411],[-90.62697,18.35514],[-90.62694,18.35613],[-90.62695,18.35705],[-90.62805,18.35706],[-90.6291,18.35707],[-90.63016,18.35707],[-90.63016,18.35603],[-90.63122,18.356],[-90.63117,18.35704],[-90.63154,18.35704],[-90.63154,18.35802],[-90.63152,18.35904],[-90.63215,18.35903],[-90.63216,18.35958],[-90.6332,18.35961],[-90.63436,18.35961]]]}},{"type":"Feature","properties":{"cvegeo":"040110367","cve_ent":"04","fuente":"INEGI — Marco Geoestadístico 2024","fecha_corte":"2024-08","cve_mun":"04011","nombre":"Nueva Rosita","ambito":"Rural"},"geometry":{"type":"Polygon","coordinates":[[[-90.73739,18.29819],[-90.7383,18.29835],[-90.7385,18.29748],[-90.73868,18.29664],[-90.73949,18.29685],[-90.74033,18.29707],[-90.74109,18.29727],[-90.74187,18.29753],[-90.74213,18.29688],[-90.74244,18.29602],[-90.74267,18.29531],[-90.74244,18.29525],[-90.74272,18.29421],[-90.7429,18.29422],[-90.74315,18.29409],[-90.74334,18.29381],[-90.7437,18.29303],[-90.74412,18.2922],[-90.7431,18.29187],[-90.74249,18.29172],[-90.74145,18.29145],[-90.7406,18.29123],[-90.73976,18.29101],[-90.7389,18.29082],[-90.73878,18.29157],[-90.73788,18.29131],[-90.73795,18.29089],[-90.73607,18.29029],[-90.73601,18.29074],[-90.73592,18.29073],[-90.73586,18.29097],[-90.73536,18.29086],[-90.73521,18.29127],[-90.73524,18.29128],[-90.73514,18.2921],[-90.73505,18.29252],[-90.73497,18.29291],[-90.73485,18.29349],[-90.7348,18.29376],[-90.73514,18.29387],[-90.73499,18.29472],[-90.73469,18.29464],[-90.73449,18.29538],[-90.73406,18.29526],[-90.73404,18.29526],[-90.73385,18.29602],[-90.73386,18.29605],[-90.7343,18.29617],[-90.73404,18.29699],[-90.73491,18.29724],[-90.73568,18.2975],[-90.73557,18.29788],[-90.73647,18.29816],[-90.7364,18.29852],[-90.73723,18.29874],[-90.73739,18.29819]]]}},{"type":"Feature","properties":{"cvegeo":"040111504","cve_ent":"04","fuente":"INEGI — Marco Geoestadístico 2024","fecha_corte":"2024-08","cve_mun":"04011","nombre":"La Tigra","ambito":"Rural"},"geometry":{"type":"Polygon","coordinates":[[[-90.3246,17.83463],[-90.32544,17.83449],[-90.32542,17.835],[-90.32621,17.8348],[-90.32633,17.83404],[-90.32717,17.83423],[-90.32746,17.83428],[-90.32827,17.83392],[-90.32799,17.83366],[-90.32863,17.83351],[-90.32857,17.83338],[-90.32857,17.83327],[-90.32843,17.83318],[-90.32823,17.83313],[-90.32801,17.83315],[-90.3279,17.83311],[-90.32792,17.83302],[-90.32795,17.83286],[-90.32788,17.83271],[-90.32751,17.83283],[-90.32739,17.83292],[-90.32728,17.83293],[-90.32706,17.83284],[-90.32686,17.83282],[-90.32685,17.83262],[-90.32658,17.83258],[-90.32662,17.83245],[-90.3266,17.83211],[-90.3264,17.83188],[-90.32635,17.83167],[-90.3263,17.83159],[-90.32629,17.83139],[-90.32618,17.8312],[-90.3261,17.83101],[-90.32594,17.83097],[-90.32579,17.83102],[-90.32562,17.83117],[-90.32543,17.83107],[-90.32533,17.83095],[-90.32512,17.83092],[-90.32479,17.83104],[-90.32452,17.8308],[-90.32453,17.83069],[-90.32441,17.83058],[-90.32392,17.83078],[-90.32348,17.83096],[-90.32233,17.83147],[-90.32335,17.83159],[-90.32322,17.83228],[-90.32401,17.83254],[-90.32385,17.83335],[-90.32467,17.83356],[-90.3246,17.83463]]]}},{"type":"Feature","properties":{"cvegeo":"040111155","cve_ent":"04","fuente":"INEGI — Marco Geoestadístico 2024","fecha_corte":"2024-08","cve_mun":"04011","nombre":"Champas Quemadas","ambito":"Rural"},"geometry":{"type":"Polygon","coordinates":[[[-90.58955,18.49227],[-90.59047,18.49248],[-90.59051,18.49155],[-90.59055,18.49067],[-90.59057,18.49033],[-90.59063,18.48892],[-90.5896,18.48889],[-90.58866,18.48888],[-90.58771,18.48886],[-90.58771,18.48964],[-90.58767,18.48967],[-90.58678,18.48967],[-90.58676,18.49053],[-90.58769,18.49055],[-90.58772,18.49146],[-90.58864,18.49151],[-90.58958,18.49154],[-90.58955,18.49227]]]}},{"type":"Feature","properties":{"cvegeo":"040111497","cve_ent":"04","fuente":"INEGI — Marco Geoestadístico 2024","fecha_corte":"2024-08","cve_mun":"04011","nombre":"Nuevo Comalcalco II","ambito":"Rural"},"geometry":{"type":"Polygon","coordinates":[[[-90.51105,18.13874],[-90.51027,18.13888],[-90.50926,18.13906],[-90.5083,18.13924],[-90.50733,18.13941],[-90.50704,18.14134],[-90.50691,18.14227],[-90.50785,18.14212],[-90.50774,18.14296],[-90.50869,18.14278],[-90.51059,18.14243],[-90.51083,18.14086],[-90.511,18.13981],[-90.51115,18.13887],[-90.51114,18.13883],[-90.51113,18.13881],[-90.51111,18.13878],[-90.51105,18.13874]]]}},{"type":"Feature","properties":{"cvegeo":"040110417","cve_ent":"04","fuente":"INEGI — Marco Geoestadístico 2024","fecha_corte":"2024-08","cve_mun":"04011","nombre":"Pejelagarto","ambito":"Rural"},"geometry":{"type":"Polygon","coordinates":[[[-90.99633,18.19315],[-90.99707,18.19362],[-90.99756,18.19292],[-90.99799,18.19225],[-90.99846,18.19277],[-90.99852,18.19297],[-90.99913,18.192],[-90.9996,18.19134],[-91.00016,18.19052],[-91.00023,18.19046],[-91.0007,18.19081],[-91.00111,18.19034],[-91.00087,18.19021],[-91.00136,18.18949],[-91.00166,18.18907],[-91.0014,18.18904],[-91.00128,18.18897],[-91.00057,18.18849],[-91.0007,18.18823],[-91.00001,18.18774],[-90.99938,18.18728],[-90.99865,18.18682],[-90.99794,18.18643],[-90.99724,18.18599],[-90.99653,18.1855],[-90.99586,18.18503],[-90.99515,18.18453],[-90.99407,18.18377],[-90.99414,18.18422],[-90.99414,18.18449],[-90.99394,18.1848],[-90.99327,18.18435],[-90.99321,18.18433],[-90.99272,18.18503],[-90.99227,18.18574],[-90.99181,18.18641],[-90.99131,18.18709],[-90.99079,18.18774],[-90.9905,18.18811],[-90.9908,18.18833],[-90.99062,18.1886],[-90.99099,18.18883],[-90.99051,18.18948],[-90.99121,18.18993],[-90.99142,18.18968],[-90.99214,18.19016],[-90.99241,18.18976],[-90.99322,18.19022],[-90.99391,18.19076],[-90.99464,18.19116],[-90.99466,18.19113],[-90.99481,18.19134],[-90.99414,18.19184],[-90.99342,18.19232],[-90.99399,18.19299],[-90.99425,18.19282],[-90.99585,18.19388],[-90.99633,18.19315]]]}},{"type":"Feature","properties":{"cvegeo":"040110325","cve_ent":"04","fuente":"INEGI — Marco Geoestadístico 2024","fecha_corte":"2024-08","cve_mun":"04011","nombre":"El Mamey","ambito":"Rural"},"geometry":{"type":"Polygon","coordinates":[[[-90.94229,17.98711],[-90.94235,17.98626],[-90.94238,17.9853],[-90.94118,17.98551],[-90.94027,17.98558],[-90.9403,17.9858],[-90.93952,17.98607],[-90.93869,17.98625],[-90.93788,17.98649],[-90.93701,17.9867],[-90.9362,17.98692],[-90.93536,17.98714],[-90.93556,17.98791],[-90.93544,17.98795],[-90.93557,17.98812],[-90.93564,17.98829],[-90.93575,17.98872],[-90.93556,17.98877],[-90.93554,17.99056],[-90.93557,17.99135],[-90.93559,17.9921],[-90.93661,17.99184],[-90.93644,17.99115],[-90.93724,17.99096],[-90.93806,17.99077],[-90.93827,17.99157],[-90.93873,17.99146],[-90.93914,17.99135],[-90.93893,17.99054],[-90.93934,17.99043],[-90.93976,17.99033],[-90.93962,17.98947],[-90.94043,17.9893],[-90.94129,17.98907],[-90.94218,17.98891],[-90.94229,17.98711]]]}},{"type":"Feature","properties":{"cvegeo":"040120016","cve_ent":"04","fuente":"INEGI — Marco Geoestadístico 2024","fecha_corte":"2024-08","cve_mun":"04012","nombre":"Haltunchén","ambito":"Rural"},"geometry":{"type":"MultiPolygon","coordinates":[[[[-90.70141,19.50203],[-90.7011,19.50206],[-90.70082,19.5021],[-90.70022,19.50224],[-90.70031,19.50281],[-90.7014,19.50279],[-90.70141,19.50203]]],[[[-90.70141,19.50203],[-90.70186,19.50197],[-90.70192,19.50279],[-90.70255,19.50296],[-90.70299,19.50316],[-90.70303,19.5031],[-90.70324,19.50312],[-90.70326,19.50172],[-90.70326,19.50152],[-90.70229,19.50152],[-90.70146,19.50162],[-90.70141,19.50184],[-90.7014,19.502],[-90.70141,19.50203]]]]}},{"type":"Feature","properties":{"cvegeo":"040120001","cve_ent":"04","fuente":"INEGI — Marco Geoestadístico 2024","fecha_corte":"2024-08","cve_mun":"04012","nombre":"Seybaplaya","ambito":"Urbana"},"geometry":{"type":"Polygon","coordinates":[[[-90.68517,19.64929],[-90.68671,19.65103],[-90.68719,19.65161],[-90.6875,19.65196],[-90.68779,19.65207],[-90.68808,19.65224],[-90.68825,19.65221],[-90.68896,19.6519],[-90.68929,19.65177],[-90.68963,19.65167],[-90.69022,19.65159],[-90.69051,19.65154],[-90.69087,19.65146],[-90.69114,19.65133],[-90.69135,19.65118],[-90.69147,19.65108],[-90.69178,19.65093],[-90.692,19.65093],[-90.69199,19.65084],[-90.69196,19.65067],[-90.6919,19.65052],[-90.69184,19.65029],[-90.69183,19.64996],[-90.69186,19.64994],[-90.69188,19.64992],[-90.69189,19.64991],[-90.69189,19.64986],[-90.6919,19.64979],[-90.6919,19.64973],[-90.69198,19.64952],[-90.69207,19.64944],[-90.69216,19.64936],[-90.69218,19.64926],[-90.69217,19.64911],[-90.69215,19.64906],[-90.69206,19.64907],[-90.69192,19.64845],[-90.69212,19.64835],[-90.69219,19.64832],[-90.69239,19.64829],[-90.69244,19.64823],[-90.69247,19.64815],[-90.69243,19.64787],[-90.69241,19.64776],[-90.69235,19.64756],[-90.69231,19.64734],[-90.69218,19.64704],[-90.69217,19.64687],[-90.69211,19.64673],[-90.69207,19.64656],[-90.69309,19.64554],[-90.6933,19.64532],[-90.69335,19.64526],[-90.69338,19.64526],[-90.6934,19.64525],[-90.69347,19.64522],[-90.69338,19.64515],[-90.693,19.64472],[-90.69283,19.64445],[-90.69276,19.64432],[-90.69265,19.64421],[-90.69263,19.64419],[-90.6926,19.64416],[-90.69248,19.64401],[-90.69235,19.64386],[-90.69222,19.64367],[-90.69196,19.64335],[-90.69166,19.64292],[-90.69152,19.64274],[-90.69144,19.64252],[-90.69112,19.64214],[-90.69097,19.64186],[-90.69096,19.64184],[-90.6908,19.64155],[-90.69078,19.64153],[-90.69069,19.64136],[-90.69055,19.6411],[-90.69049,19.64094],[-90.69047,19.6408],[-90.69042,19.64071],[-90.69051,19.64062],[-90.69061,19.64052],[-90.69063,19.6404],[-90.69068,19.64038],[-90.69098,19.64026],[-90.69477,19.63857],[-90.69507,19.63844],[-90.69574,19.63673],[-90.69533,19.63592],[-90.69533,19.63592],[-90.69515,19.63598],[-90.69511,19.63599],[-90.69552,19.63677],[-90.69555,19.63682],[-90.69528,19.63745],[-90.69528,19.63745],[-90.6947,19.63729],[-90.6947,19.63729],[-90.69467,19.63742],[-90.69465,19.63748],[-90.69516,19.63767],[-90.6952,19.63768],[-90.69495,19.63832],[-90.69205,19.63962],[-90.69087,19.64014],[-90.69087,19.64014],[-90.6907,19.63986],[-90.69073,19.63977],[-90.69074,19.63974],[-90.69073,19.63964],[-90.69069,19.63958],[-90.69066,19.63955],[-90.69051,19.63949],[-90.69051,19.63949],[-90.69009,19.63956],[-90.68986,19.63964],[-90.68974,19.63964],[-90.68974,19.63964],[-90.68966,19.63961],[-90.68959,19.63953],[-90.68953,19.63939],[-90.6891,19.63851],[-90.68898,19.63831],[-90.68873,19.63794],[-90.68857,19.63766],[-90.68844,19.6373],[-90.6884,19.63722],[-90.68841,19.63721],[-90.68846,19.63716],[-90.68891,19.63698],[-90.6889,19.63693],[-90.6884,19.63712],[-90.6882,19.63676],[-90.68796,19.63628],[-90.68786,19.63609],[-90.68786,19.63609],[-90.6877,19.63571],[-90.68765,19.63569],[-90.68757,19.63564],[-90.68743,19.63531],[-90.68734,19.63503],[-90.68734,19.63502],[-90.68724,19.63474],[-90.68713,19.6345],[-90.68712,19.6345],[-90.68709,19.63451],[-90.68705,19.63443],[-90.68677,19.63361],[-90.68643,19.63253],[-90.68642,19.6324],[-90.68634,19.63218],[-90.68629,19.63206],[-90.68623,19.63191],[-90.68617,19.63169],[-90.6861,19.63144],[-90.68603,19.63115],[-90.68595,19.63081],[-90.68589,19.63057],[-90.68584,19.63028],[-90.6858,19.62998],[-90.68575,19.62964],[-90.6857,19.62923],[-90.68567,19.62885],[-90.68562,19.62835],[-90.6856,19.62793],[-90.6856,19.62768],[-90.68559,19.62725],[-90.68558,19.62689],[-90.68557,19.62654],[-90.68557,19.62651],[-90.68558,19.62608],[-90.68561,19.62569],[-90.68556,19.62536],[-90.6856,19.62488],[-90.68568,19.62462],[-90.68568,19.6244],[-90.68569,19.6241],[-90.6857,19.62382],[-90.6857,19.62381],[-90.68571,19.6237],[-90.68574,19.62349],[-90.68559,19.62347],[-90.68524,19.62351],[-90.68524,19.62341],[-90.68526,19.62328],[-90.6854,19.62257],[-90.68554,19.62199],[-90.68557,19.62186],[-90.68532,19.62177],[-90.68476,19.62168],[-90.68352,19.62157],[-90.6825,19.62155],[-90.68135,19.62156],[-90.68046,19.62166],[-90.68034,19.62265],[-90.68023,19.62359],[-90.68022,19.62362],[-90.6802,19.6237],[-90.68005,19.62506],[-90.68002,19.62512],[-90.67952,19.62504],[-90.67872,19.62494],[-90.67871,19.62494],[-90.67868,19.62524],[-90.67865,19.6256],[-90.67997,19.6258],[-90.67995,19.62624],[-90.67981,19.6273],[-90.67978,19.62778],[-90.6799,19.62783],[-90.67991,19.62784],[-90.68014,19.62823],[-90.68102,19.62834],[-90.68119,19.62836],[-90.68101,19.62798],[-90.68099,19.62781],[-90.68106,19.62746],[-90.68111,19.62748],[-90.68158,19.62763],[-90.6819,19.6279],[-90.6819,19.62795],[-90.68187,19.62832],[-90.68176,19.62848],[-90.6817,19.62864],[-90.68168,19.62912],[-90.68163,19.6292],[-90.68144,19.62924],[-90.68138,19.62937],[-90.68134,19.62947],[-90.68132,19.62963],[-90.68063,19.62953],[-90.68053,19.63107],[-90.68024,19.63094],[-90.68022,19.63099],[-90.67997,19.63199],[-90.67994,19.6321],[-90.67991,19.63258],[-90.67877,19.63261],[-90.6788,19.63292],[-90.67881,19.63296],[-90.67875,19.63367],[-90.67786,19.63371],[-90.6778,19.63462],[-90.67781,19.63464],[-90.67782,19.63468],[-90.67777,19.63506],[-90.67784,19.63663],[-90.6778,19.63813],[-90.67762,19.63858],[-90.67751,19.6391],[-90.67764,19.63916],[-90.67783,19.63924],[-90.67797,19.63934],[-90.67803,19.63938],[-90.67825,19.63957],[-90.67844,19.63976],[-90.67864,19.63987],[-90.67896,19.63994],[-90.6793,19.6399],[-90.6801,19.63979],[-90.68058,19.63971],[-90.6807,19.63965],[-90.68056,19.64137],[-90.68052,19.64208],[-90.68054,19.6424],[-90.68056,19.64257],[-90.68072,19.64337],[-90.6809,19.64386],[-90.6811,19.6443],[-90.68142,19.64486],[-90.68168,19.64519],[-90.68214,19.64573],[-90.68272,19.6464],[-90.68322,19.64699],[-90.68329,19.64707],[-90.68352,19.64734],[-90.68517,19.64929]]]}},{"type":"Feature","properties":{"cvegeo":"040120055","cve_ent":"04","fuente":"INEGI — Marco Geoestadístico 2024","fecha_corte":"2024-08","cve_mun":"04012","nombre":"Villa Madero","ambito":"Urbana"},"geometry":{"type":"Polygon","coordinates":[[[-90.69723,19.53377],[-90.69723,19.53377],[-90.69776,19.53386],[-90.69821,19.53394],[-90.69837,19.53323],[-90.69903,19.53336],[-90.69905,19.53302],[-90.6997,19.53308],[-90.6997,19.53308],[-90.69971,19.53315],[-90.69971,19.53316],[-90.70031,19.53332],[-90.70071,19.5334],[-90.70153,19.5337],[-90.70216,19.53394],[-90.70249,19.53253],[-90.70261,19.53184],[-90.70286,19.53093],[-90.70299,19.53045],[-90.70309,19.5301],[-90.70414,19.53035],[-90.70415,19.53035],[-90.704,19.53091],[-90.704,19.53091],[-90.70405,19.53092],[-90.70445,19.53099],[-90.70451,19.531],[-90.70454,19.531],[-90.70505,19.53112],[-90.70507,19.53113],[-90.70527,19.53034],[-90.70531,19.5302],[-90.70582,19.5303],[-90.70616,19.53038],[-90.70641,19.53044],[-90.70667,19.5305],[-90.70669,19.5305],[-90.70676,19.53015],[-90.70676,19.53015],[-90.70649,19.53011],[-90.70649,19.53011],[-90.70667,19.52953],[-90.70678,19.52908],[-90.70713,19.52801],[-90.70725,19.52765],[-90.70724,19.52765],[-90.70645,19.52742],[-90.70574,19.52722],[-90.7058,19.5269],[-90.70542,19.52684],[-90.70542,19.52684],[-90.70486,19.52672],[-90.70398,19.52654],[-90.70398,19.52654],[-90.70394,19.52634],[-90.70381,19.5257],[-90.70371,19.52519],[-90.70376,19.52519],[-90.70386,19.52451],[-90.70386,19.52451],[-90.70386,19.52451],[-90.70332,19.52448],[-90.70323,19.52479],[-90.70317,19.5251],[-90.70316,19.5251],[-90.70314,19.5251],[-90.70314,19.5251],[-90.70282,19.52507],[-90.70282,19.52507],[-90.70265,19.52508],[-90.70258,19.52512],[-90.70254,19.52516],[-90.7025,19.52519],[-90.70246,19.5252],[-90.70192,19.52506],[-90.70192,19.52506],[-90.70296,19.52248],[-90.70296,19.52248],[-90.70227,19.52207],[-90.70251,19.51934],[-90.7025,19.51934],[-90.70148,19.51919],[-90.70148,19.51919],[-90.70148,19.51913],[-90.70153,19.51848],[-90.70155,19.51825],[-90.70154,19.51825],[-90.7009,19.51826],[-90.70081,19.51842],[-90.70008,19.51831],[-90.69933,19.51828],[-90.69967,19.51896],[-90.6992,19.51888],[-90.69893,19.51979],[-90.69789,19.5195],[-90.69775,19.52013],[-90.69808,19.52025],[-90.69875,19.52048],[-90.69866,19.52086],[-90.69851,19.52144],[-90.69782,19.52128],[-90.69777,19.52161],[-90.69728,19.52158],[-90.6973,19.52179],[-90.69728,19.5222],[-90.69713,19.52206],[-90.69685,19.52196],[-90.69628,19.52127],[-90.6962,19.52125],[-90.69571,19.52117],[-90.69539,19.52324],[-90.69503,19.52553],[-90.69485,19.52657],[-90.69485,19.52657],[-90.69458,19.52816],[-90.69403,19.53121],[-90.69384,19.53221],[-90.69373,19.53271],[-90.6936,19.5333],[-90.6936,19.53331],[-90.69405,19.53342],[-90.69483,19.53287],[-90.69485,19.53279],[-90.69539,19.53261],[-90.6956,19.53252],[-90.69592,19.53285],[-90.69613,19.53309],[-90.69614,19.53309],[-90.6957,19.53342],[-90.6957,19.53342],[-90.69615,19.53362],[-90.6962,19.53337],[-90.6965,19.53342],[-90.69664,19.5327],[-90.69694,19.53275],[-90.69695,19.53275],[-90.69691,19.53297],[-90.6969,19.53298],[-90.69736,19.53304],[-90.69737,19.53304],[-90.69723,19.53377]]]}},{"type":"Feature","properties":{"cvegeo":"040120056","cve_ent":"04","fuente":"INEGI — Marco Geoestadístico 2024","fecha_corte":"2024-08","cve_mun":"04012","nombre":"Xkeulil","ambito":"Rural"},"geometry":{"type":"Polygon","coordinates":[[[-90.63234,19.63133],[-90.63316,19.63134],[-90.63319,19.6306],[-90.63321,19.63025],[-90.6337,19.62993],[-90.63355,19.62943],[-90.63393,19.62897],[-90.63466,19.62814],[-90.63495,19.62776],[-90.63542,19.62736],[-90.63561,19.62722],[-90.63415,19.62698],[-90.6297,19.62599],[-90.62946,19.62589],[-90.62942,19.6256],[-90.62922,19.62545],[-90.62906,19.62556],[-90.62812,19.62552],[-90.62807,19.62513],[-90.62733,19.62513],[-90.62687,19.62515],[-90.62694,19.62608],[-90.62671,19.62603],[-90.62654,19.62602],[-90.62637,19.62604],[-90.6262,19.62608],[-90.62607,19.62612],[-90.62604,19.62616],[-90.626,19.62625],[-90.62599,19.62635],[-90.62595,19.62654],[-90.62597,19.62673],[-90.62567,19.62762],[-90.62607,19.62767],[-90.62601,19.62797],[-90.62642,19.628],[-90.62623,19.62901],[-90.62603,19.63],[-90.62621,19.62997],[-90.62635,19.62995],[-90.62656,19.62995],[-90.62701,19.63],[-90.62698,19.63074],[-90.62708,19.63107],[-90.62715,19.63143],[-90.62841,19.63207],[-90.62843,19.63149],[-90.6286,19.63133],[-90.62875,19.63028],[-90.62963,19.63041],[-90.62959,19.63074],[-90.6304,19.63086],[-90.63035,19.63105],[-90.63139,19.63127],[-90.63234,19.63133]]]}},{"type":"Feature","properties":{"cvegeo":"040130003","cve_ent":"04","fuente":"INEGI — Marco Geoestadístico 2024","fecha_corte":"2024-08","cve_mun":"04013","nombre":"Bacabchén","ambito":"Urbana"},"geometry":{"type":"Polygon","coordinates":[[[-90.05626,20.2952],[-90.05631,20.29546],[-90.05632,20.29549],[-90.05639,20.29602],[-90.05641,20.29622],[-90.05644,20.29648],[-90.05644,20.29652],[-90.05648,20.29703],[-90.05651,20.297],[-90.05654,20.29698],[-90.05657,20.29694],[-90.05677,20.29661],[-90.05719,20.29584],[-90.05724,20.29574],[-90.05727,20.29557],[-90.05732,20.29549],[-90.05744,20.29544],[-90.05757,20.29523],[-90.05757,20.29523],[-90.05778,20.29491],[-90.05785,20.29483],[-90.05794,20.29473],[-90.05799,20.29465],[-90.05811,20.29447],[-90.05827,20.29412],[-90.05844,20.29388],[-90.05853,20.29367],[-90.05854,20.29362],[-90.05855,20.29349],[-90.05856,20.29343],[-90.05858,20.29336],[-90.05862,20.29329],[-90.05871,20.29325],[-90.05876,20.29324],[-90.05882,20.29323],[-90.05887,20.29318],[-90.05888,20.29309],[-90.05887,20.29294],[-90.05886,20.2929],[-90.05889,20.29282],[-90.05892,20.29272],[-90.05895,20.29266],[-90.05902,20.29252],[-90.05906,20.29226],[-90.05907,20.29224],[-90.05912,20.29198],[-90.05913,20.2919],[-90.05918,20.29176],[-90.05919,20.29176],[-90.05926,20.29176],[-90.05947,20.29176],[-90.0597,20.29177],[-90.05994,20.29178],[-90.06009,20.29178],[-90.06023,20.2918],[-90.06024,20.2918],[-90.0604,20.29182],[-90.06048,20.29183],[-90.06082,20.29188],[-90.06087,20.29188],[-90.0611,20.29191],[-90.06139,20.29195],[-90.06139,20.29196],[-90.06133,20.29215],[-90.06129,20.29232],[-90.06121,20.29256],[-90.06124,20.29257],[-90.06229,20.29288],[-90.0623,20.29288],[-90.06254,20.29296],[-90.06287,20.29306],[-90.06288,20.29306],[-90.06288,20.29306],[-90.06362,20.29328],[-90.06372,20.2929],[-90.06384,20.29293],[-90.06392,20.29295],[-90.06436,20.29305],[-90.06443,20.29307],[-90.06452,20.29309],[-90.06502,20.29321],[-90.06503,20.29319],[-90.06513,20.29293],[-90.06517,20.29284],[-90.06518,20.29282],[-90.06523,20.29283],[-90.06572,20.29292],[-90.0658,20.29294],[-90.06601,20.29298],[-90.06618,20.29298],[-90.06623,20.29298],[-90.06624,20.29298],[-90.06624,20.29298],[-90.06642,20.29245],[-90.06743,20.29267],[-90.06762,20.29232],[-90.06828,20.29032],[-90.06723,20.28996],[-90.06698,20.2907],[-90.06657,20.2906],[-90.06637,20.29055],[-90.06636,20.29055],[-90.06533,20.29031],[-90.06515,20.29026],[-90.06495,20.2902],[-90.06432,20.29],[-90.06361,20.2898],[-90.06343,20.28975],[-90.0635,20.28961],[-90.0636,20.28942],[-90.06384,20.28894],[-90.06388,20.28887],[-90.06392,20.28879],[-90.06439,20.2879],[-90.06446,20.28775],[-90.06452,20.28765],[-90.06452,20.28764],[-90.06479,20.28712],[-90.0649,20.28637],[-90.06494,20.28606],[-90.06512,20.28485],[-90.06517,20.28455],[-90.06518,20.28444],[-90.06518,20.28441],[-90.0652,20.28428],[-90.0652,20.28426],[-90.0652,20.28426],[-90.06521,20.28413],[-90.06521,20.28413],[-90.06521,20.28407],[-90.06521,20.28407],[-90.06522,20.28405],[-90.06522,20.28399],[-90.06522,20.28398],[-90.06523,20.28394],[-90.06523,20.28394],[-90.06523,20.28389],[-90.06494,20.28377],[-90.06485,20.28374],[-90.06456,20.28362],[-90.06454,20.28361],[-90.06414,20.28346],[-90.06413,20.28345],[-90.06413,20.28345],[-90.06417,20.28337],[-90.06418,20.28335],[-90.06424,20.28323],[-90.0643,20.28312],[-90.0643,20.2831],[-90.06437,20.28298],[-90.06437,20.28297],[-90.06438,20.28296],[-90.06442,20.28288],[-90.06459,20.28254],[-90.06463,20.28245],[-90.06492,20.28188],[-90.06481,20.28183],[-90.06455,20.28171],[-90.06447,20.28167],[-90.06413,20.28152],[-90.0638,20.28137],[-90.06368,20.28131],[-90.06358,20.28147],[-90.06346,20.2817],[-90.0633,20.28199],[-90.06312,20.2823],[-90.06311,20.2823],[-90.06311,20.28229],[-90.06288,20.28221],[-90.06285,20.28219],[-90.06262,20.2821],[-90.06258,20.28209],[-90.06237,20.28201],[-90.06232,20.28198],[-90.06221,20.28194],[-90.06218,20.28193],[-90.06214,20.28191],[-90.06213,20.28191],[-90.06205,20.28188],[-90.06202,20.28187],[-90.06196,20.28184],[-90.06062,20.2817],[-90.0606,20.28169],[-90.06039,20.28202],[-90.05943,20.28175],[-90.05925,20.2817],[-90.05862,20.28217],[-90.05863,20.28206],[-90.05864,20.28195],[-90.05864,20.28194],[-90.05847,20.28187],[-90.05819,20.28154],[-90.05819,20.28154],[-90.05814,20.28148],[-90.05804,20.28139],[-90.05775,20.28129],[-90.05768,20.28127],[-90.05766,20.28127],[-90.05746,20.28122],[-90.05724,20.28117],[-90.05716,20.28111],[-90.05704,20.28095],[-90.05695,20.28083],[-90.05675,20.28058],[-90.05665,20.28058],[-90.05652,20.28059],[-90.05639,20.2806],[-90.05607,20.28063],[-90.05588,20.28064],[-90.05582,20.28065],[-90.05554,20.28069],[-90.05533,20.28072],[-90.05513,20.28076],[-90.05507,20.28077],[-90.05475,20.28082],[-90.05465,20.28107],[-90.0546,20.2812],[-90.05451,20.28142],[-90.05444,20.28159],[-90.05438,20.28175],[-90.05436,20.28174],[-90.05436,20.28174],[-90.05427,20.28174],[-90.05424,20.28173],[-90.05423,20.28173],[-90.05216,20.28156],[-90.05151,20.28258],[-90.05136,20.28283],[-90.05135,20.2832],[-90.05141,20.28385],[-90.05095,20.28385],[-90.05102,20.28472],[-90.05115,20.28523],[-90.05137,20.2861],[-90.05133,20.28635],[-90.05132,20.28638],[-90.05126,20.2867],[-90.05102,20.28758],[-90.05234,20.28795],[-90.05191,20.28899],[-90.05164,20.28959],[-90.05089,20.29153],[-90.05151,20.29177],[-90.05098,20.2931],[-90.05219,20.29365],[-90.05235,20.29371],[-90.05246,20.29372],[-90.05257,20.29372],[-90.05269,20.29377],[-90.05269,20.29378],[-90.05265,20.29386],[-90.05356,20.29421],[-90.05378,20.29429],[-90.05439,20.29453],[-90.05512,20.29483],[-90.05532,20.29491],[-90.05561,20.29503],[-90.05615,20.29518],[-90.05621,20.29517],[-90.05625,20.29517],[-90.05626,20.2952]]]}},{"type":"Feature","properties":{"cvegeo":"040130001","cve_ent":"04","fuente":"INEGI — Marco Geoestadístico 2024","fecha_corte":"2024-08","cve_mun":"04013","nombre":"Dzitbalché","ambito":"Urbana"},"geometry":{"type":"MultiPolygon","coordinates":[[[[-90.04501,20.33405],[-90.04501,20.33408],[-90.04572,20.33416],[-90.04572,20.33412],[-90.04644,20.33416],[-90.04988,20.33433],[-90.05085,20.33436],[-90.0521,20.3344],[-90.05394,20.33456],[-90.05433,20.33458],[-90.05483,20.3346],[-90.0559,20.33465],[-90.05594,20.33427],[-90.0565,20.3343],[-90.06421,20.3348],[-90.06441,20.3341],[-90.0646,20.33345],[-90.06476,20.33288],[-90.06493,20.33228],[-90.06511,20.33166],[-90.06535,20.33081],[-90.06548,20.33032],[-90.06573,20.32967],[-90.06582,20.3294],[-90.0659,20.32913],[-90.06595,20.32884],[-90.06612,20.32831],[-90.06624,20.32796],[-90.06634,20.32775],[-90.06635,20.32765],[-90.06637,20.32752],[-90.06643,20.3272],[-90.06648,20.32689],[-90.06652,20.32663],[-90.0666,20.32625],[-90.06668,20.32586],[-90.06673,20.32559],[-90.06675,20.32554],[-90.06691,20.32531],[-90.06706,20.32512],[-90.06734,20.32475],[-90.06745,20.32454],[-90.06749,20.32445],[-90.0675,20.32436],[-90.06753,20.32412],[-90.06748,20.32397],[-90.06739,20.32374],[-90.06739,20.32369],[-90.06738,20.32358],[-90.06738,20.32349],[-90.06738,20.32343],[-90.06738,20.32343],[-90.06738,20.32341],[-90.06739,20.32339],[-90.06742,20.32335],[-90.06756,20.32322],[-90.06764,20.32313],[-90.06766,20.32311],[-90.06769,20.32306],[-90.0677,20.3228],[-90.0677,20.32277],[-90.0677,20.32275],[-90.06777,20.32249],[-90.06781,20.32227],[-90.06778,20.32145],[-90.06757,20.32129],[-90.06735,20.32114],[-90.06707,20.321],[-90.06698,20.32097],[-90.06692,20.32096],[-90.06714,20.31963],[-90.06724,20.31917],[-90.06719,20.31916],[-90.0673,20.31877],[-90.06736,20.31854],[-90.06745,20.31816],[-90.06663,20.31732],[-90.06585,20.31628],[-90.06583,20.31619],[-90.06578,20.31595],[-90.0657,20.31543],[-90.06553,20.31466],[-90.06549,20.3142],[-90.06546,20.31402],[-90.06544,20.31383],[-90.06539,20.31347],[-90.06539,20.31338],[-90.06539,20.31333],[-90.06538,20.3133],[-90.06537,20.31328],[-90.06535,20.31324],[-90.06534,20.31322],[-90.0653,20.31317],[-90.06528,20.31312],[-90.06527,20.31305],[-90.06527,20.313],[-90.06526,20.31294],[-90.06526,20.31294],[-90.06525,20.31289],[-90.06522,20.31287],[-90.06522,20.31286],[-90.06517,20.31282],[-90.06503,20.3128],[-90.06517,20.31239],[-90.06524,20.31221],[-90.06493,20.31135],[-90.06478,20.31136],[-90.06471,20.31134],[-90.06464,20.31133],[-90.06455,20.31132],[-90.06447,20.31137],[-90.0645,20.31128],[-90.06475,20.31064],[-90.06475,20.31064],[-90.06479,20.31055],[-90.06252,20.31004],[-90.06266,20.30957],[-90.06282,20.30902],[-90.06331,20.30774],[-90.06453,20.30444],[-90.06308,20.30404],[-90.06288,20.30445],[-90.06283,20.3045],[-90.06276,20.30454],[-90.06269,20.30456],[-90.06258,20.30456],[-90.06248,20.30452],[-90.06235,20.30484],[-90.06194,20.30597],[-90.06175,20.30677],[-90.06163,20.30694],[-90.06152,20.30671],[-90.06147,20.30663],[-90.06143,20.30658],[-90.0614,20.30653],[-90.06132,20.30647],[-90.06126,20.30643],[-90.06118,20.30638],[-90.06108,20.30635],[-90.06095,20.30635],[-90.06085,20.30637],[-90.06072,20.30641],[-90.06072,20.30641],[-90.06072,20.30641],[-90.06046,20.30659],[-90.06022,20.30675],[-90.05999,20.30688],[-90.05962,20.30706],[-90.05937,20.30717],[-90.05755,20.30799],[-90.05461,20.30937],[-90.054,20.30964],[-90.05363,20.30982],[-90.05313,20.31005],[-90.05248,20.31035],[-90.05216,20.31051],[-90.0519,20.31066],[-90.05115,20.31099],[-90.05058,20.31125],[-90.05029,20.31139],[-90.05012,20.31148],[-90.04996,20.31159],[-90.0497,20.31177],[-90.04947,20.31195],[-90.04927,20.31214],[-90.04901,20.31239],[-90.04886,20.31256],[-90.04872,20.31273],[-90.04854,20.31297],[-90.04819,20.31348],[-90.0476,20.31438],[-90.04712,20.31509],[-90.04674,20.31568],[-90.04672,20.31572],[-90.04653,20.31604],[-90.04645,20.31619],[-90.04638,20.31635],[-90.04631,20.31651],[-90.04627,20.31663],[-90.04623,20.31673],[-90.04619,20.31687],[-90.04614,20.31709],[-90.04595,20.31802],[-90.04586,20.31843],[-90.04578,20.31873],[-90.0457,20.31906],[-90.04561,20.31942],[-90.04542,20.32015],[-90.04531,20.3206],[-90.04528,20.32073],[-90.04514,20.32118],[-90.045,20.32178],[-90.04488,20.32246],[-90.04477,20.3229],[-90.04468,20.32342],[-90.04464,20.32373],[-90.04454,20.32465],[-90.04452,20.32497],[-90.04444,20.32575],[-90.04435,20.32672],[-90.04426,20.3276],[-90.04419,20.32832],[-90.04414,20.3288],[-90.04409,20.3294],[-90.04438,20.32935],[-90.04455,20.32932],[-90.04469,20.32929],[-90.04489,20.3292],[-90.04509,20.32907],[-90.04512,20.32905],[-90.04496,20.3304],[-90.04514,20.33044],[-90.04542,20.33048],[-90.04592,20.33054],[-90.04587,20.33066],[-90.04571,20.33113],[-90.04544,20.33185],[-90.04532,20.33205],[-90.0452,20.33227],[-90.04513,20.33246],[-90.04505,20.33292],[-90.04504,20.33324],[-90.04502,20.33341],[-90.04451,20.3333],[-90.04446,20.33357],[-90.04364,20.33359],[-90.0436,20.33399],[-90.04438,20.33399],[-90.04501,20.33405]]],[[[-90.0575,20.34078],[-90.05741,20.34143],[-90.05785,20.34149],[-90.05832,20.34155],[-90.05879,20.34161],[-90.05926,20.34165],[-90.05942,20.3405],[-90.05896,20.34045],[-90.05848,20.34039],[-90.05802,20.34034],[-90.05757,20.34028],[-90.0575,20.34078]]]]}},{"type":"Feature","properties":{"cvegeo":"040050011","cve_ent":"04","fuente":"INEGI — Marco Geoestadístico 2024","fecha_corte":"2024-08","cve_mun":"04005","nombre":"Dzotchén","ambito":"Rural"},"geometry":{"type":"Polygon","coordinates":[[[-89.97492,20.20877],[-89.97522,20.20788],[-89.9751,20.20697],[-89.9749,20.20557],[-89.97397,20.20548],[-89.97392,20.20514],[-89.97318,20.20467],[-89.9721,20.20428],[-89.97207,20.20424],[-89.9721,20.20328],[-89.97212,20.20254],[-89.97178,20.20244],[-89.97171,20.20297],[-89.97153,20.20431],[-89.9713,20.20425],[-89.97087,20.20641],[-89.97103,20.20645],[-89.97094,20.20675],[-89.97122,20.20701],[-89.97057,20.20847],[-89.97076,20.20873],[-89.97081,20.20872],[-89.97117,20.20863],[-89.97203,20.20858],[-89.97284,20.20865],[-89.97358,20.2088],[-89.97388,20.20882],[-89.97396,20.20879],[-89.97424,20.20843],[-89.97492,20.20877]]]}},{"type":"Feature","properties":{"cvegeo":"040050001","cve_ent":"04","fuente":"INEGI — Marco Geoestadístico 2024","fecha_corte":"2024-08","cve_mun":"04005","nombre":"Hecelchakán","ambito":"Urbana"},"geometry":{"type":"Polygon","coordinates":[[[-90.12638,20.19135],[-90.12648,20.19161],[-90.12646,20.19169],[-90.12843,20.19281],[-90.12909,20.1932],[-90.12911,20.1932],[-90.12973,20.19197],[-90.13068,20.19016],[-90.13069,20.19015],[-90.13073,20.19023],[-90.13089,20.19085],[-90.13159,20.19136],[-90.1323,20.19184],[-90.13227,20.19191],[-90.13221,20.19211],[-90.13221,20.19211],[-90.13238,20.19224],[-90.13309,20.19278],[-90.13419,20.19231],[-90.13533,20.19192],[-90.1372,20.19142],[-90.13875,20.19013],[-90.14032,20.18886],[-90.14081,20.18845],[-90.14127,20.18807],[-90.14173,20.18766],[-90.14188,20.18774],[-90.14198,20.18764],[-90.14249,20.18665],[-90.14251,20.18655],[-90.14261,20.18635],[-90.14261,20.18635],[-90.14439,20.18678],[-90.1444,20.18679],[-90.1444,20.18619],[-90.1444,20.18569],[-90.1444,20.18552],[-90.14435,20.18544],[-90.14435,20.18544],[-90.14435,20.18544],[-90.14499,20.18515],[-90.14457,20.18455],[-90.14442,20.18435],[-90.14524,20.18313],[-90.14724,20.18004],[-90.14724,20.18004],[-90.14859,20.18016],[-90.1486,20.18016],[-90.14857,20.18011],[-90.14828,20.17961],[-90.14823,20.17952],[-90.14782,20.17881],[-90.14777,20.17872],[-90.14777,20.17871],[-90.14789,20.17875],[-90.14861,20.17891],[-90.14889,20.17896],[-90.1489,20.17896],[-90.14906,20.17803],[-90.14911,20.17775],[-90.14911,20.17775],[-90.15045,20.17804],[-90.15046,20.17805],[-90.1513,20.17658],[-90.15068,20.17651],[-90.15046,20.17647],[-90.15016,20.1764],[-90.15015,20.1764],[-90.15013,20.1764],[-90.15025,20.17594],[-90.15028,20.1758],[-90.15047,20.17504],[-90.14977,20.17493],[-90.14925,20.17484],[-90.14885,20.172],[-90.14905,20.17136],[-90.14905,20.17136],[-90.14943,20.17142],[-90.14945,20.17142],[-90.14927,20.17012],[-90.14927,20.17011],[-90.14874,20.16615],[-90.14846,20.16577],[-90.14944,20.1651],[-90.14841,20.16381],[-90.14814,20.16399],[-90.1475,20.16452],[-90.14727,20.16467],[-90.14742,20.16441],[-90.14755,20.16419],[-90.14764,20.16398],[-90.14779,20.16351],[-90.1476,20.16353],[-90.14655,20.16362],[-90.14558,20.16371],[-90.14506,20.1638],[-90.14442,20.16405],[-90.14376,20.16443],[-90.14237,20.16534],[-90.14237,20.16533],[-90.14135,20.1639],[-90.14134,20.1639],[-90.141,20.16413],[-90.1405,20.16439],[-90.13975,20.1646],[-90.13616,20.16714],[-90.13509,20.16828],[-90.13369,20.16916],[-90.13372,20.16985],[-90.13265,20.17005],[-90.13124,20.17031],[-90.12965,20.17061],[-90.1292,20.17075],[-90.12898,20.17084],[-90.12882,20.17095],[-90.12857,20.17118],[-90.12847,20.17135],[-90.12813,20.17214],[-90.12782,20.17321],[-90.12764,20.17381],[-90.12755,20.17433],[-90.12755,20.17435],[-90.12737,20.17494],[-90.12678,20.17613],[-90.12599,20.17742],[-90.12537,20.17839],[-90.12494,20.17933],[-90.12449,20.18034],[-90.12418,20.18097],[-90.12365,20.18168],[-90.12284,20.18317],[-90.1227,20.18351],[-90.12261,20.1838],[-90.1225,20.18405],[-90.12235,20.18436],[-90.12201,20.18493],[-90.12159,20.18542],[-90.12119,20.18595],[-90.12077,20.1865],[-90.12051,20.18687],[-90.1203,20.18723],[-90.12121,20.1877],[-90.12216,20.18812],[-90.12214,20.18818],[-90.12283,20.18844],[-90.12638,20.19135]]]}},{"type":"Feature","properties":{"cvegeo":"040050007","cve_ent":"04","fuente":"INEGI — Marco Geoestadístico 2024","fecha_corte":"2024-08","cve_mun":"04005","nombre":"Pomuch","ambito":"Urbana"},"geometry":{"type":"Polygon","coordinates":[[[-90.17107,20.1487],[-90.1719,20.14911],[-90.1719,20.14911],[-90.17183,20.14947],[-90.1729,20.14988],[-90.17293,20.14989],[-90.17381,20.15032],[-90.17432,20.14928],[-90.17469,20.14866],[-90.17512,20.14778],[-90.17565,20.14687],[-90.17619,20.14596],[-90.17652,20.1453],[-90.1776,20.14567],[-90.17771,20.14544],[-90.17799,20.14485],[-90.17803,20.14482],[-90.17803,20.14482],[-90.17843,20.14498],[-90.17877,20.14508],[-90.17893,20.14513],[-90.17893,20.14513],[-90.17906,20.14472],[-90.17935,20.14379],[-90.17959,20.14386],[-90.18049,20.14417],[-90.1818,20.14479],[-90.18257,20.14512],[-90.18321,20.14542],[-90.18337,20.14549],[-90.18381,20.14568],[-90.18409,20.14582],[-90.18506,20.14632],[-90.18573,20.14677],[-90.18609,20.14702],[-90.18758,20.14805],[-90.18803,20.14745],[-90.18871,20.14762],[-90.18945,20.14782],[-90.18911,20.14833],[-90.1898,20.14873],[-90.19081,20.1474],[-90.19031,20.14699],[-90.19028,20.14697],[-90.19028,20.14697],[-90.19013,20.14685],[-90.18993,20.14668],[-90.1898,20.14658],[-90.18942,20.14626],[-90.19023,20.14507],[-90.18893,20.14435],[-90.18956,20.14356],[-90.18956,20.14356],[-90.18864,20.14305],[-90.18864,20.14306],[-90.188,20.14384],[-90.18716,20.14345],[-90.18559,20.1426],[-90.18206,20.1407],[-90.18232,20.14041],[-90.18152,20.13988],[-90.18152,20.13988],[-90.18272,20.13898],[-90.18329,20.13855],[-90.18375,20.13823],[-90.18421,20.13791],[-90.18456,20.13803],[-90.18493,20.13817],[-90.18558,20.13818],[-90.18566,20.13689],[-90.18554,20.13676],[-90.18534,20.13668],[-90.18564,20.13563],[-90.1857,20.13559],[-90.18611,20.1345],[-90.18648,20.13365],[-90.18582,20.1333],[-90.18473,20.13287],[-90.18518,20.13195],[-90.186,20.13232],[-90.18636,20.13113],[-90.18719,20.12932],[-90.18718,20.12931],[-90.18652,20.12906],[-90.1865,20.12905],[-90.18511,20.12862],[-90.18376,20.12816],[-90.18397,20.12767],[-90.18547,20.12816],[-90.18575,20.12757],[-90.18602,20.12699],[-90.18686,20.12513],[-90.18611,20.12469],[-90.18585,20.12451],[-90.18575,20.12445],[-90.18563,20.1244],[-90.18545,20.12435],[-90.18541,20.12435],[-90.18465,20.12418],[-90.18392,20.12401],[-90.18465,20.1219],[-90.18495,20.12131],[-90.1853,20.12061],[-90.18556,20.12012],[-90.18507,20.11986],[-90.18473,20.12018],[-90.18459,20.12031],[-90.18442,20.12044],[-90.18414,20.1206],[-90.18398,20.12068],[-90.18385,20.12074],[-90.18368,20.12079],[-90.18269,20.121],[-90.17699,20.12234],[-90.17562,20.12263],[-90.17449,20.12301],[-90.17414,20.12315],[-90.17388,20.12329],[-90.17359,20.12346],[-90.1729,20.12398],[-90.17253,20.12434],[-90.17235,20.12456],[-90.17217,20.12477],[-90.17174,20.12547],[-90.16988,20.12907],[-90.16949,20.12982],[-90.16949,20.12983],[-90.16911,20.13056],[-90.16873,20.1313],[-90.16863,20.13121],[-90.16847,20.13117],[-90.16818,20.13116],[-90.16767,20.13108],[-90.16731,20.13104],[-90.16677,20.13096],[-90.16647,20.1309],[-90.16625,20.13086],[-90.16591,20.13084],[-90.16561,20.1308],[-90.16519,20.13059],[-90.16499,20.13043],[-90.16438,20.1309],[-90.16384,20.13136],[-90.16353,20.13159],[-90.16326,20.1318],[-90.16296,20.13205],[-90.16242,20.13251],[-90.16208,20.13284],[-90.16176,20.13314],[-90.16083,20.13387],[-90.16066,20.13397],[-90.16043,20.13418],[-90.15994,20.13459],[-90.15966,20.13483],[-90.15966,20.13483],[-90.1607,20.13562],[-90.16078,20.13568],[-90.16102,20.13585],[-90.16138,20.13612],[-90.15953,20.13832],[-90.16015,20.13882],[-90.16253,20.14061],[-90.16295,20.14091],[-90.16209,20.14195],[-90.16312,20.14252],[-90.16253,20.14331],[-90.1634,20.14379],[-90.16389,20.14403],[-90.16367,20.14423],[-90.16347,20.14443],[-90.16336,20.14453],[-90.16311,20.14478],[-90.16277,20.14509],[-90.16251,20.14535],[-90.1637,20.14609],[-90.16445,20.1456],[-90.16474,20.14581],[-90.16499,20.14595],[-90.16566,20.14631],[-90.16572,20.14594],[-90.16581,20.14603],[-90.16588,20.14609],[-90.16595,20.1461],[-90.16603,20.14611],[-90.1661,20.14611],[-90.16617,20.1461],[-90.16625,20.14607],[-90.16697,20.14523],[-90.16913,20.14671],[-90.16981,20.14713],[-90.1691,20.14854],[-90.16985,20.14878],[-90.17012,20.14825],[-90.17107,20.1487]]]}},{"type":"Feature","properties":{"cvegeo":"040050028","cve_ent":"04","fuente":"INEGI — Marco Geoestadístico 2024","fecha_corte":"2024-08","cve_mun":"04005","nombre":"Montebello","ambito":"Rural"},"geometry":{"type":"MultiPolygon","coordinates":[[[[-89.95358,19.94934],[-89.95275,19.9509],[-89.95301,19.95102],[-89.95333,19.9512],[-89.95359,19.95135],[-89.95418,19.95164],[-89.95478,19.95059],[-89.95509,19.95006],[-89.95452,19.94976],[-89.9539,19.94948],[-89.95358,19.94934]]],[[[-89.96121,19.95552],[-89.96153,19.95556],[-89.96182,19.95558],[-89.96206,19.95664],[-89.96211,19.95689],[-89.96257,19.95686],[-89.96328,19.95684],[-89.96349,19.9567],[-89.9638,19.95662],[-89.96382,19.95655],[-89.96382,19.95645],[-89.96372,19.95629],[-89.9635,19.95605],[-89.96344,19.9559],[-89.96342,19.95554],[-89.96349,19.95536],[-89.96351,19.95507],[-89.96345,19.95463],[-89.96344,19.95451],[-89.96343,19.95444],[-89.96337,19.95424],[-89.96318,19.9537],[-89.96314,19.95353],[-89.96313,19.95323],[-89.96305,19.9529],[-89.96306,19.95284],[-89.96311,19.95277],[-89.9632,19.95273],[-89.96361,19.9526],[-89.96396,19.95253],[-89.96421,19.9525],[-89.96436,19.95245],[-89.96443,19.95241],[-89.96449,19.95233],[-89.96449,19.95228],[-89.96448,19.95219],[-89.96445,19.95196],[-89.96448,19.95182],[-89.96454,19.95167],[-89.96452,19.95158],[-89.96446,19.95149],[-89.96439,19.9514],[-89.96419,19.95121],[-89.96407,19.95106],[-89.96405,19.95084],[-89.96412,19.95052],[-89.96383,19.95029],[-89.96381,19.94996],[-89.96375,19.9498],[-89.96348,19.94952],[-89.96322,19.94942],[-89.96314,19.94933],[-89.96307,19.94897],[-89.96306,19.94892],[-89.96299,19.94885],[-89.96241,19.94883],[-89.96218,19.94878],[-89.9621,19.94859],[-89.96177,19.94821],[-89.96184,19.94788],[-89.96184,19.9477],[-89.96179,19.9476],[-89.96124,19.94759],[-89.96073,19.94761],[-89.96021,19.94763],[-89.9603,19.94807],[-89.96058,19.94924],[-89.95887,19.94961],[-89.95894,19.95091],[-89.95768,19.95086],[-89.95772,19.95162],[-89.95725,19.95151],[-89.95712,19.95198],[-89.95724,19.95211],[-89.95714,19.95239],[-89.9575,19.95253],[-89.95772,19.95198],[-89.95811,19.95219],[-89.95976,19.95229],[-89.95937,19.95339],[-89.95868,19.95433],[-89.95897,19.95459],[-89.95848,19.95509],[-89.95883,19.95531],[-89.95909,19.95544],[-89.95937,19.95551],[-89.96033,19.95554],[-89.96101,19.95553],[-89.96121,19.95552]]]]}},{"type":"Feature","properties":{"cvegeo":"040050005","cve_ent":"04","fuente":"INEGI — Marco Geoestadístico 2024","fecha_corte":"2024-08","cve_mun":"04005","nombre":"Nohalal","ambito":"Rural"},"geometry":{"type":"Polygon","coordinates":[[[-89.91062,20.10121],[-89.9102,20.10213],[-89.90987,20.10284],[-89.90972,20.10316],[-89.90944,20.10373],[-89.90879,20.10373],[-89.90798,20.10374],[-89.90728,20.10374],[-89.90621,20.10371],[-89.9061,20.1037],[-89.90591,20.10367],[-89.90559,20.10353],[-89.90527,20.10333],[-89.90513,20.10322],[-89.90496,20.10303],[-89.90477,20.10277],[-89.90467,20.10265],[-89.90464,20.10261],[-89.9044,20.10281],[-89.90413,20.10303],[-89.90405,20.10313],[-89.90401,20.10322],[-89.90377,20.10321],[-89.90342,20.1031],[-89.90279,20.10301],[-89.90261,20.10306],[-89.90246,20.1032],[-89.9025,20.10327],[-89.90251,20.1033],[-89.90245,20.10334],[-89.90213,20.10364],[-89.90188,20.10385],[-89.90174,20.10405],[-89.90224,20.10445],[-89.90201,20.10476],[-89.90233,20.10491],[-89.90256,20.10491],[-89.90274,20.10497],[-89.9028,20.10501],[-89.90367,20.10545],[-89.90406,20.10574],[-89.90393,20.10776],[-89.90447,20.10788],[-89.90456,20.10746],[-89.90482,20.10751],[-89.90514,20.10759],[-89.90542,20.10763],[-89.90577,20.10764],[-89.9061,20.10775],[-89.90624,20.10749],[-89.90627,20.10738],[-89.9063,20.1071],[-89.90707,20.10714],[-89.90707,20.10694],[-89.90681,20.10673],[-89.90677,20.10617],[-89.90691,20.10606],[-89.90722,20.10597],[-89.90747,20.10587],[-89.90768,20.10581],[-89.90846,20.10608],[-89.90863,20.10645],[-89.90882,20.10663],[-89.90916,20.10674],[-89.90914,20.10729],[-89.91067,20.1074],[-89.91119,20.10742],[-89.91173,20.1072],[-89.91179,20.10653],[-89.91197,20.10559],[-89.91216,20.10467],[-89.91232,20.10383],[-89.91119,20.10379],[-89.91145,20.10244],[-89.91166,20.10151],[-89.91267,20.10184],[-89.91288,20.1008],[-89.91185,20.10053],[-89.91097,20.10038],[-89.91067,20.10117],[-89.91062,20.10121]]]}},{"type":"Feature","properties":{"cvegeo":"040050002","cve_ent":"04","fuente":"INEGI — Marco Geoestadístico 2024","fecha_corte":"2024-08","cve_mun":"04005","nombre":"Cumpich","ambito":"Rural"},"geometry":{"type":"Polygon","coordinates":[[[-89.96808,20.19087],[-89.96826,20.1907],[-89.96855,20.19072],[-89.96884,20.19033],[-89.96961,20.19],[-89.96999,20.18956],[-89.97066,20.1892],[-89.97139,20.18909],[-89.97222,20.18913],[-89.97296,20.18946],[-89.97328,20.19006],[-89.97345,20.19008],[-89.97349,20.19005],[-89.97359,20.18997],[-89.97367,20.18989],[-89.97373,20.18973],[-89.97457,20.19002],[-89.97478,20.1888],[-89.97482,20.18841],[-89.97313,20.18831],[-89.97247,20.18721],[-89.9734,20.18675],[-89.97372,20.18722],[-89.97456,20.18768],[-89.97504,20.18696],[-89.97443,20.18673],[-89.97395,20.18605],[-89.97438,20.18583],[-89.9741,20.18543],[-89.97426,20.18532],[-89.9743,20.18527],[-89.97441,20.18531],[-89.97448,20.18533],[-89.97446,20.18552],[-89.97464,20.18578],[-89.97489,20.18617],[-89.9755,20.18637],[-89.97563,20.18678],[-89.97589,20.18716],[-89.97697,20.18923],[-89.97724,20.18934],[-89.9778,20.18907],[-89.97798,20.18925],[-89.97806,20.1894],[-89.97812,20.18973],[-89.97812,20.19034],[-89.97867,20.1903],[-89.97876,20.18936],[-89.97849,20.18892],[-89.97831,20.18863],[-89.97789,20.18882],[-89.97777,20.18882],[-89.97764,20.18876],[-89.9775,20.18878],[-89.97738,20.18864],[-89.97723,20.18841],[-89.97759,20.18817],[-89.97794,20.18757],[-89.97853,20.18663],[-89.97906,20.18587],[-89.97844,20.18539],[-89.97694,20.18486],[-89.97589,20.18433],[-89.97583,20.18432],[-89.97513,20.18422],[-89.976,20.1814],[-89.97595,20.1814],[-89.97571,20.18141],[-89.97566,20.18141],[-89.97542,20.18142],[-89.97524,20.18144],[-89.97513,20.18145],[-89.9749,20.18149],[-89.97486,20.18149],[-89.9747,20.18154],[-89.97466,20.18155],[-89.97448,20.18162],[-89.9744,20.18166],[-89.97418,20.18176],[-89.97412,20.18179],[-89.97396,20.18112],[-89.97322,20.18121],[-89.97179,20.18106],[-89.97055,20.18108],[-89.97007,20.18116],[-89.96986,20.18118],[-89.96985,20.18137],[-89.96901,20.18147],[-89.96878,20.18169],[-89.96772,20.1815],[-89.9676,20.18176],[-89.96694,20.18127],[-89.96691,20.18125],[-89.9657,20.17906],[-89.96509,20.17932],[-89.96474,20.17856],[-89.9641,20.17868],[-89.96515,20.18379],[-89.96409,20.18319],[-89.96362,20.18416],[-89.96344,20.18449],[-89.96326,20.18522],[-89.96234,20.18518],[-89.96141,20.18513],[-89.96137,20.18513],[-89.9607,20.18508],[-89.96017,20.18511],[-89.9602,20.18516],[-89.96028,20.18576],[-89.9602,20.18574],[-89.96012,20.18628],[-89.96115,20.18665],[-89.96194,20.18684],[-89.96274,20.187],[-89.96297,20.18705],[-89.96339,20.18716],[-89.96387,20.18733],[-89.96459,20.18747],[-89.96516,20.18759],[-89.96498,20.18827],[-89.96496,20.18836],[-89.96578,20.18851],[-89.96576,20.18858],[-89.96629,20.18871],[-89.96679,20.18868],[-89.96679,20.18896],[-89.96693,20.18915],[-89.9672,20.18933],[-89.9671,20.18939],[-89.96706,20.18951],[-89.96698,20.18964],[-89.96686,20.18973],[-89.96808,20.19087]]]}},{"type":"Feature","properties":{"cvegeo":"040050065","cve_ent":"04","fuente":"INEGI — Marco Geoestadístico 2024","fecha_corte":"2024-08","cve_mun":"04005","nombre":"Blanca Flor","ambito":"Rural"},"geometry":{"type":"MultiPolygon","coordinates":[[[[-90.0376,20.1958],[-90.03897,20.19627],[-90.03901,20.19573],[-90.03928,20.19581],[-90.03939,20.19538],[-90.03947,20.1954],[-90.03961,20.19505],[-90.0388,20.19478],[-90.03777,20.19447],[-90.03804,20.19396],[-90.03714,20.19386],[-90.03742,20.19297],[-90.0377,20.19262],[-90.0381,20.19212],[-90.03861,20.192],[-90.03882,20.1918],[-90.0391,20.19096],[-90.03922,20.1906],[-90.03946,20.19004],[-90.03917,20.18994],[-90.03869,20.19053],[-90.03851,20.19075],[-90.03807,20.1913],[-90.03756,20.19103],[-90.03721,20.19153],[-90.03738,20.1916],[-90.03681,20.19238],[-90.03711,20.1925],[-90.03689,20.1931],[-90.03683,20.1933],[-90.03677,20.19329],[-90.03643,20.19381],[-90.03621,20.19439],[-90.03577,20.19537],[-90.03498,20.19733],[-90.0348,20.19783],[-90.03596,20.19672],[-90.03639,20.1963],[-90.03618,20.1956],[-90.03621,20.19551],[-90.03629,20.1954],[-90.03654,20.19548],[-90.0376,20.1958]]],[[[-90.04181,20.19952],[-90.04156,20.19939],[-90.04128,20.19923],[-90.04106,20.19957],[-90.04091,20.19981],[-90.04023,20.19958],[-90.03943,20.19897],[-90.03932,20.1991],[-90.03928,20.19911],[-90.03844,20.19828],[-90.038,20.19871],[-90.03936,20.19985],[-90.0402,20.20021],[-90.04107,20.20059],[-90.04109,20.20051],[-90.04124,20.20054],[-90.04127,20.20039],[-90.04181,20.19952]]]]}},{"type":"Feature","properties":{"cvegeo":"040050004","cve_ent":"04","fuente":"INEGI — Marco Geoestadístico 2024","fecha_corte":"2024-08","cve_mun":"04005","nombre":"Dzitnup","ambito":"Rural"},"geometry":{"type":"Polygon","coordinates":[[[-90.10674,20.1885],[-90.10793,20.1888],[-90.10796,20.18877],[-90.10837,20.18868],[-90.10849,20.18868],[-90.1087,20.18868],[-90.10885,20.18866],[-90.10897,20.18857],[-90.10916,20.18834],[-90.10924,20.18823],[-90.10941,20.18785],[-90.10963,20.18733],[-90.11013,20.18764],[-90.11084,20.18777],[-90.11087,20.18757],[-90.11155,20.18753],[-90.11221,20.1875],[-90.11241,20.18706],[-90.1126,20.18686],[-90.11298,20.18698],[-90.11343,20.18615],[-90.11315,20.18594],[-90.11317,20.18591],[-90.11332,20.18584],[-90.11336,20.18581],[-90.11341,20.18577],[-90.11346,20.18572],[-90.11349,20.18569],[-90.11356,20.18562],[-90.11362,20.18554],[-90.11368,20.18548],[-90.11376,20.18541],[-90.11387,20.18531],[-90.11381,20.18526],[-90.11335,20.18488],[-90.11332,20.18413],[-90.11302,20.18413],[-90.11252,20.18408],[-90.11232,20.18406],[-90.11242,20.18367],[-90.11251,20.18334],[-90.11272,20.18256],[-90.11191,20.18246],[-90.1117,20.18318],[-90.11136,20.18311],[-90.11113,20.18309],[-90.11126,20.18287],[-90.11061,20.18256],[-90.11007,20.18242],[-90.1091,20.18215],[-90.10938,20.18166],[-90.10214,20.18095],[-90.10446,20.18176],[-90.10443,20.18205],[-90.10448,20.18212],[-90.10509,20.18273],[-90.10483,20.18303],[-90.10466,20.18329],[-90.10449,20.18362],[-90.10439,20.18382],[-90.10425,20.18412],[-90.10417,20.18436],[-90.10417,20.18452],[-90.10386,20.18449],[-90.10347,20.18542],[-90.10494,20.18696],[-90.10536,20.18779],[-90.10598,20.1881],[-90.10674,20.1885]]]}},{"type":"Feature","properties":{"cvegeo":"040050008","cve_ent":"04","fuente":"INEGI — Marco Geoestadístico 2024","fecha_corte":"2024-08","cve_mun":"04005","nombre":"Santa Cruz","ambito":"Rural"},"geometry":{"type":"Polygon","coordinates":[[[-90.11836,20.20826],[-90.11838,20.20826],[-90.12089,20.2091],[-90.12149,20.20795],[-90.12262,20.20574],[-90.12166,20.20535],[-90.12068,20.20496],[-90.12098,20.20448],[-90.1208,20.20442],[-90.12023,20.20422],[-90.12036,20.20393],[-90.12145,20.20166],[-90.12172,20.20112],[-90.12206,20.20067],[-90.12102,20.19996],[-90.12042,20.19955],[-90.12009,20.19998],[-90.11999,20.20012],[-90.11767,20.19898],[-90.11699,20.20051],[-90.11552,20.20262],[-90.11507,20.20239],[-90.11483,20.20226],[-90.11438,20.202],[-90.11412,20.20256],[-90.11403,20.20251],[-90.11325,20.2044],[-90.11365,20.2045],[-90.1136,20.20461],[-90.11302,20.206],[-90.11277,20.2065],[-90.11338,20.20673],[-90.11339,20.20671],[-90.11367,20.20682],[-90.11408,20.20698],[-90.11416,20.20698],[-90.11466,20.20718],[-90.1147,20.20714],[-90.11487,20.20722],[-90.11526,20.20738],[-90.11554,20.20746],[-90.11562,20.20748],[-90.11568,20.20751],[-90.1163,20.20758],[-90.11629,20.2075],[-90.11708,20.20788],[-90.11783,20.20809],[-90.1183,20.20823],[-90.11832,20.20824],[-90.11833,20.20825],[-90.11836,20.20826]]]}},{"type":"Feature","properties":{"cvegeo":"040050003","cve_ent":"04","fuente":"INEGI — Marco Geoestadístico 2024","fecha_corte":"2024-08","cve_mun":"04005","nombre":"Chunkanán","ambito":"Rural"},"geometry":{"type":"Polygon","coordinates":[[[-90.24151,20.25053],[-90.24187,20.25056],[-90.24224,20.25059],[-90.24225,20.25046],[-90.24228,20.2501],[-90.24233,20.2501],[-90.24313,20.25017],[-90.24319,20.24863],[-90.24535,20.24882],[-90.24536,20.24841],[-90.24537,20.24835],[-90.24695,20.24855],[-90.24705,20.24792],[-90.24313,20.24739],[-90.24333,20.24624],[-90.24599,20.24654],[-90.24605,20.24605],[-90.24605,20.24602],[-90.24481,20.24584],[-90.24494,20.24499],[-90.24419,20.24485],[-90.2443,20.24407],[-90.2435,20.244],[-90.24373,20.24185],[-90.24382,20.23854],[-90.2432,20.23847],[-90.24322,20.23833],[-90.24263,20.23831],[-90.24235,20.24171],[-90.24151,20.24161],[-90.24121,20.24157],[-90.24026,20.24146],[-90.24023,20.2419],[-90.24015,20.24271],[-90.24009,20.24273],[-90.23971,20.24271],[-90.23962,20.24395],[-90.2386,20.24386],[-90.23854,20.2445],[-90.23727,20.24436],[-90.23722,20.24485],[-90.23711,20.2458],[-90.23692,20.24578],[-90.23441,20.24548],[-90.23405,20.24544],[-90.23359,20.24614],[-90.23588,20.24649],[-90.23636,20.24655],[-90.2368,20.24661],[-90.23672,20.24707],[-90.23665,20.24741],[-90.23769,20.24752],[-90.23854,20.24761],[-90.23843,20.24838],[-90.23999,20.24854],[-90.24166,20.24871],[-90.24151,20.25053]]]}},{"type":"Feature","properties":{"cvegeo":"040050006","cve_ent":"04","fuente":"INEGI — Marco Geoestadístico 2024","fecha_corte":"2024-08","cve_mun":"04005","nombre":"Pocboc","ambito":"Rural"},"geometry":{"type":"Polygon","coordinates":[[[-90.09438,20.22929],[-90.09345,20.23097],[-90.09294,20.23207],[-90.09282,20.23236],[-90.09276,20.2326],[-90.09268,20.2329],[-90.09265,20.23316],[-90.09265,20.23339],[-90.09267,20.23371],[-90.09274,20.23405],[-90.09359,20.23742],[-90.0939,20.23853],[-90.09707,20.23914],[-90.09827,20.23948],[-90.0989,20.23968],[-90.09966,20.23992],[-90.09971,20.23975],[-90.10061,20.24028],[-90.10067,20.24033],[-90.09976,20.24159],[-90.10022,20.24186],[-90.10031,20.24183],[-90.10334,20.24331],[-90.104,20.242],[-90.10448,20.24106],[-90.10457,20.24089],[-90.1061,20.24086],[-90.10661,20.24106],[-90.10756,20.24128],[-90.10818,20.24107],[-90.10837,20.24054],[-90.10854,20.23992],[-90.10859,20.23993],[-90.10867,20.23981],[-90.10888,20.23985],[-90.1091,20.23989],[-90.10947,20.24],[-90.10981,20.24014],[-90.11017,20.2403],[-90.11024,20.24017],[-90.1103,20.24005],[-90.11061,20.24021],[-90.11075,20.23989],[-90.11041,20.2397],[-90.11007,20.23957],[-90.11002,20.23954],[-90.10993,20.23947],[-90.10984,20.2394],[-90.10972,20.2393],[-90.10963,20.23925],[-90.1096,20.23919],[-90.10947,20.23906],[-90.10933,20.23893],[-90.10925,20.23885],[-90.10952,20.2388],[-90.10977,20.23882],[-90.10996,20.23841],[-90.10988,20.23839],[-90.10986,20.23827],[-90.10977,20.23816],[-90.10974,20.23762],[-90.10973,20.23667],[-90.10966,20.2367],[-90.10959,20.23672],[-90.10952,20.23673],[-90.1094,20.23673],[-90.10931,20.23669],[-90.10923,20.23667],[-90.10913,20.23668],[-90.10904,20.23673],[-90.10896,20.23677],[-90.10889,20.2368],[-90.10881,20.23681],[-90.1087,20.23683],[-90.10854,20.23684],[-90.10839,20.23685],[-90.10824,20.23687],[-90.10811,20.23689],[-90.10795,20.23692],[-90.10766,20.23697],[-90.10744,20.23643],[-90.10751,20.23591],[-90.10717,20.23576],[-90.10764,20.23484],[-90.10642,20.23413],[-90.10575,20.23397],[-90.10484,20.2339],[-90.10489,20.23363],[-90.10498,20.23327],[-90.10437,20.23313],[-90.10446,20.23282],[-90.10455,20.23248],[-90.10457,20.23244],[-90.1046,20.23235],[-90.10463,20.23224],[-90.10475,20.23181],[-90.10515,20.23189],[-90.10637,20.23213],[-90.10671,20.23077],[-90.10519,20.23032],[-90.10376,20.23006],[-90.10279,20.22982],[-90.10255,20.22975],[-90.10208,20.22964],[-90.10279,20.22831],[-90.10211,20.22801],[-90.10146,20.22784],[-90.10042,20.2285],[-90.10024,20.22906],[-90.09863,20.22872],[-90.09964,20.22965],[-90.09863,20.22935],[-90.09812,20.22918],[-90.09722,20.22892],[-90.09607,20.22866],[-90.09598,20.22863],[-90.09592,20.22856],[-90.09586,20.22849],[-90.09573,20.22839],[-90.09561,20.22832],[-90.09549,20.22825],[-90.09508,20.22804],[-90.09438,20.22929]]]}},{"type":"Feature","properties":{"cvegeo":"040050009","cve_ent":"04","fuente":"INEGI — Marco Geoestadístico 2024","fecha_corte":"2024-08","cve_mun":"04005","nombre":"Zodzil","ambito":"Rural"},"geometry":{"type":"Polygon","coordinates":[[[-90.23121,20.17049],[-90.23217,20.16963],[-90.2312,20.16893],[-90.23219,20.16811],[-90.23202,20.16803],[-90.23161,20.16788],[-90.23095,20.16768],[-90.23157,20.1672],[-90.23103,20.16683],[-90.22986,20.16762],[-90.22969,20.16745],[-90.22924,20.16774],[-90.22872,20.16726],[-90.22928,20.16582],[-90.22892,20.16565],[-90.22827,20.16709],[-90.22812,20.16712],[-90.22772,20.16616],[-90.22739,20.16628],[-90.22767,20.16692],[-90.22731,20.16707],[-90.22661,20.16735],[-90.22662,20.16754],[-90.22655,20.16754],[-90.2257,20.16768],[-90.22303,20.168],[-90.22311,20.16835],[-90.2221,20.16849],[-90.22205,20.16849],[-90.22214,20.16895],[-90.22613,20.16856],[-90.22623,20.16917],[-90.2241,20.17003],[-90.22441,20.17058],[-90.22481,20.17042],[-90.2251,20.17095],[-90.22678,20.17016],[-90.2268,20.17083],[-90.22796,20.16995],[-90.22845,20.17109],[-90.2288,20.17081],[-90.22911,20.17056],[-90.2292,20.17056],[-90.22933,20.17078],[-90.23025,20.17003],[-90.23062,20.17041],[-90.23093,20.17019],[-90.23121,20.17049]]]}},{"type":"Feature","properties":{"cvegeo":"040050045","cve_ent":"04","fuente":"INEGI — Marco Geoestadístico 2024","fecha_corte":"2024-08","cve_mun":"04005","nombre":"Yalnón Campo Cuatro","ambito":"Rural"},"geometry":{"type":"Polygon","coordinates":[[[-89.92391,20.05037],[-89.9244,20.04499],[-89.92494,20.04068],[-89.92552,20.0368],[-89.92645,20.0363],[-89.92664,20.0354],[-89.92595,20.03532],[-89.92572,20.03487],[-89.92553,20.03491],[-89.92539,20.03492],[-89.92528,20.03492],[-89.92512,20.03488],[-89.92438,20.03448],[-89.92304,20.0344],[-89.92144,20.03309],[-89.92062,20.03247],[-89.91886,20.03166],[-89.91832,20.03245],[-89.91803,20.03311],[-89.91931,20.03371],[-89.92058,20.0342],[-89.92166,20.03524],[-89.92148,20.03567],[-89.92144,20.0359],[-89.92147,20.03637],[-89.9213,20.03637],[-89.92118,20.03695],[-89.92285,20.03709],[-89.92266,20.03958],[-89.92179,20.04516],[-89.92172,20.04642],[-89.92148,20.05311],[-89.92264,20.05327],[-89.92237,20.05603],[-89.92233,20.05656],[-89.9223,20.05673],[-89.92225,20.0569],[-89.9222,20.05702],[-89.92214,20.05712],[-89.92173,20.05753],[-89.92085,20.05864],[-89.92043,20.05931],[-89.92037,20.05945],[-89.92035,20.05959],[-89.92034,20.05974],[-89.92039,20.06118],[-89.9204,20.06136],[-89.92036,20.06154],[-89.92005,20.06282],[-89.92003,20.06297],[-89.92001,20.06315],[-89.92005,20.06445],[-89.92098,20.06444],[-89.92108,20.06348],[-89.92141,20.06298],[-89.92122,20.0597],[-89.92275,20.05736],[-89.92337,20.05672],[-89.9236,20.05609],[-89.9237,20.05508],[-89.92395,20.05468],[-89.92406,20.05417],[-89.92391,20.05365],[-89.92391,20.05037]]]}},{"type":"Feature","properties":{"cvegeo":"040050132","cve_ent":"04","fuente":"INEGI — Marco Geoestadístico 2024","fecha_corte":"2024-08","cve_mun":"04005","nombre":"Yalnón Campo Tres","ambito":"Rural"},"geometry":{"type":"Polygon","coordinates":[[[-89.94193,20.05352],[-89.94147,20.05721],[-89.94169,20.05724],[-89.94124,20.0596],[-89.9411,20.05959],[-89.94101,20.06043],[-89.94084,20.06114],[-89.94073,20.0619],[-89.93836,20.06216],[-89.93714,20.06389],[-89.93783,20.0642],[-89.93801,20.06408],[-89.93901,20.06458],[-89.93964,20.06384],[-89.94016,20.06332],[-89.94149,20.0629],[-89.944,20.06313],[-89.94446,20.06247],[-89.94537,20.06245],[-89.94866,20.06286],[-89.95117,20.06321],[-89.95128,20.06202],[-89.94669,20.06149],[-89.94449,20.06122],[-89.94334,20.0611],[-89.9439,20.05657],[-89.94366,20.05654],[-89.94405,20.05378],[-89.94309,20.05365],[-89.94193,20.05352]]]}},{"type":"Feature","properties":{"cvegeo":"040050131","cve_ent":"04","fuente":"INEGI — Marco Geoestadístico 2024","fecha_corte":"2024-08","cve_mun":"04005","nombre":"Yalnón Campo Dos","ambito":"Rural"},"geometry":{"type":"Polygon","coordinates":[[[-89.94429,20.05382],[-89.94539,20.05396],[-89.94545,20.05395],[-89.94696,20.05416],[-89.94722,20.05218],[-89.94786,20.0484],[-89.94811,20.04608],[-89.94818,20.04549],[-89.94751,20.04542],[-89.94669,20.04531],[-89.94754,20.04443],[-89.94758,20.04442],[-89.94791,20.04446],[-89.94812,20.04448],[-89.94821,20.04449],[-89.94825,20.04449],[-89.94829,20.04447],[-89.94835,20.04444],[-89.94841,20.0444],[-89.94846,20.04437],[-89.94848,20.04435],[-89.94883,20.04364],[-89.94756,20.04353],[-89.94175,20.04308],[-89.93925,20.04275],[-89.9391,20.04396],[-89.93905,20.04434],[-89.93905,20.0444],[-89.94537,20.04516],[-89.945,20.04802],[-89.94429,20.05382]]]}},{"type":"Feature","properties":{"cvegeo":"040050134","cve_ent":"04","fuente":"INEGI — Marco Geoestadístico 2024","fecha_corte":"2024-08","cve_mun":"04005","nombre":"Yalnón Campo Seis","ambito":"Rural"},"geometry":{"type":"Polygon","coordinates":[[[-89.91826,20.00956],[-89.92265,20.00991],[-89.92271,20.00963],[-89.92275,20.00917],[-89.92277,20.00899],[-89.9228,20.00872],[-89.92278,20.00869],[-89.92277,20.00792],[-89.92174,20.0078],[-89.92139,20.00737],[-89.92061,20.0073],[-89.9206,20.00718],[-89.92042,20.007],[-89.91842,20.00694],[-89.91855,20.00651],[-89.91882,20.00604],[-89.91544,20.00582],[-89.91545,20.00573],[-89.91069,20.0055],[-89.9107,20.0052],[-89.9096,20.00514],[-89.90958,20.00553],[-89.90697,20.00542],[-89.90693,20.00643],[-89.9079,20.0065],[-89.90786,20.0075],[-89.9174,20.00811],[-89.91831,20.00823],[-89.91826,20.00956]]]}},{"type":"Feature","properties":{"cvegeo":"040050133","cve_ent":"04","fuente":"INEGI — Marco Geoestadístico 2024","fecha_corte":"2024-08","cve_mun":"04005","nombre":"Yalnón Campo Cinco","ambito":"Rural"},"geometry":{"type":"Polygon","coordinates":[[[-89.91446,20.02503],[-89.91446,20.02516],[-89.91447,20.02526],[-89.91451,20.02532],[-89.91459,20.02537],[-89.91474,20.0254],[-89.91498,20.02542],[-89.9152,20.02544],[-89.91535,20.02548],[-89.91559,20.02562],[-89.9156,20.02517],[-89.91567,20.02226],[-89.91631,20.02117],[-89.91661,20.01773],[-89.91671,20.0172],[-89.91681,20.0172],[-89.91693,20.01721],[-89.9172,20.01721],[-89.91745,20.01722],[-89.91757,20.01722],[-89.91764,20.01722],[-89.91773,20.01731],[-89.91875,20.01747],[-89.91878,20.01718],[-89.91929,20.01043],[-89.91824,20.01033],[-89.91825,20.01001],[-89.91706,20.0099],[-89.91681,20.01284],[-89.91668,20.01544],[-89.91666,20.01606],[-89.91661,20.01717],[-89.91522,20.01708],[-89.91519,20.01701],[-89.91459,20.01695],[-89.91421,20.01691],[-89.91417,20.01772],[-89.91375,20.0177],[-89.91343,20.02296],[-89.91321,20.02484],[-89.91447,20.02494],[-89.91446,20.02503]]]}},{"type":"Feature","properties":{"cvegeo":"040050135","cve_ent":"04","fuente":"INEGI — Marco Geoestadístico 2024","fecha_corte":"2024-08","cve_mun":"04005","nombre":"Yalnón Campo Siete","ambito":"Rural"},"geometry":{"type":"Polygon","coordinates":[[[-89.92198,20.0105],[-89.92202,20.01131],[-89.92228,20.01162],[-89.92578,20.01178],[-89.92729,20.01196],[-89.92729,20.01266],[-89.92823,20.01271],[-89.9283,20.0121],[-89.93172,20.01236],[-89.93209,20.01239],[-89.93305,20.01246],[-89.93299,20.0135],[-89.93391,20.0135],[-89.93392,20.01283],[-89.93553,20.01293],[-89.93558,20.01235],[-89.93661,20.01241],[-89.93669,20.01208],[-89.93723,20.01205],[-89.93735,20.01099],[-89.93686,20.01092],[-89.93672,20.01087],[-89.93687,20.01013],[-89.93688,20.01008],[-89.93315,20.01003],[-89.93314,20.01036],[-89.93254,20.01033],[-89.93255,20.0102],[-89.92759,20.00988],[-89.92718,20.00952],[-89.92277,20.00899],[-89.92275,20.00917],[-89.92271,20.00963],[-89.92257,20.01046],[-89.92198,20.0105]]]}},{"type":"Feature","properties":{"cvegeo":"040050130","cve_ent":"04","fuente":"INEGI — Marco Geoestadístico 2024","fecha_corte":"2024-08","cve_mun":"04005","nombre":"Yalnón Campo Uno","ambito":"Rural"},"geometry":{"type":"Polygon","coordinates":[[[-89.92638,20.05057],[-89.92616,20.05194],[-89.93419,20.0528],[-89.93413,20.05382],[-89.93773,20.05419],[-89.93812,20.05165],[-89.93215,20.051],[-89.93253,20.04625],[-89.93224,20.04623],[-89.93257,20.04303],[-89.93292,20.04297],[-89.93296,20.04246],[-89.93258,20.04242],[-89.93263,20.04174],[-89.93245,20.04138],[-89.93163,20.04126],[-89.93175,20.04065],[-89.93237,20.04052],[-89.93382,20.04065],[-89.93395,20.03956],[-89.92588,20.03868],[-89.92569,20.0407],[-89.93015,20.04114],[-89.92943,20.05084],[-89.92638,20.05057]]]}},{"type":"Feature","properties":{"cvegeo":"040090961","cve_ent":"04","fuente":"INEGI — Marco Geoestadístico 2024","fecha_corte":"2024-08","cve_mun":"04009","nombre":"El Jobal","ambito":"Rural"},"geometry":{"type":"Polygon","coordinates":[[[-90.20587,18.52563],[-90.20488,18.5256],[-90.20494,18.52506],[-90.20386,18.52517],[-90.20281,18.52529],[-90.20177,18.5254],[-90.20064,18.52551],[-90.20007,18.52556],[-90.20007,18.52607],[-90.20007,18.5271],[-90.20007,18.52759],[-90.20152,18.52749],[-90.20146,18.528],[-90.20174,18.52797],[-90.20238,18.5279],[-90.20358,18.52779],[-90.20372,18.52673],[-90.20478,18.52666],[-90.20474,18.52773],[-90.20664,18.52755],[-90.20678,18.52658],[-90.20697,18.52565],[-90.20587,18.52563]]]}},{"type":"Feature","properties":{"cvegeo":"040090147","cve_ent":"04","fuente":"INEGI — Marco Geoestadístico 2024","fecha_corte":"2024-08","cve_mun":"04009","nombre":"Francisco I. Madero","ambito":"Rural"},"geometry":{"type":"Polygon","coordinates":[[[-90.88603,18.36333],[-90.88626,18.36336],[-90.88729,18.3635],[-90.88757,18.36355],[-90.88836,18.36367],[-90.88897,18.36375],[-90.88957,18.36178],[-90.88985,18.36087],[-90.89012,18.35988],[-90.89041,18.35894],[-90.89002,18.3589],[-90.8899,18.35888],[-90.88888,18.35875],[-90.88783,18.35856],[-90.888,18.35811],[-90.8869,18.35792],[-90.88539,18.35774],[-90.88528,18.35812],[-90.88411,18.35792],[-90.88386,18.35904],[-90.88328,18.35896],[-90.88306,18.35988],[-90.88297,18.36087],[-90.88262,18.36076],[-90.88235,18.36181],[-90.88309,18.36193],[-90.88413,18.36209],[-90.88388,18.36309],[-90.88519,18.36324],[-90.88603,18.36333]]]}},{"type":"Feature","properties":{"cvegeo":"040090152","cve_ent":"04","fuente":"INEGI — Marco Geoestadístico 2024","fecha_corte":"2024-08","cve_mun":"04009","nombre":"El Gallo","ambito":"Rural"},"geometry":{"type":"Polygon","coordinates":[[[-90.98878,18.42142],[-90.98953,18.42117],[-90.99059,18.42093],[-90.99044,18.42039],[-90.99026,18.41975],[-90.99128,18.4195],[-90.99108,18.41876],[-90.99082,18.41779],[-90.99053,18.41682],[-90.9902,18.41582],[-90.98921,18.4161],[-90.98869,18.41624],[-90.9882,18.41636],[-90.98756,18.41653],[-90.98785,18.41748],[-90.98738,18.4176],[-90.98765,18.41852],[-90.98799,18.41965],[-90.98816,18.4202],[-90.98829,18.42045],[-90.98846,18.42041],[-90.98878,18.42142]]]}},{"type":"Feature","properties":{"cvegeo":"040090018","cve_ent":"04","fuente":"INEGI — Marco Geoestadístico 2024","fecha_corte":"2024-08","cve_mun":"04009","nombre":"La Asunción","ambito":"Rural"},"geometry":{"type":"Polygon","coordinates":[[[-90.81966,18.69109],[-90.82072,18.69114],[-90.82136,18.69118],[-90.82172,18.69121],[-90.82223,18.69125],[-90.82275,18.69127],[-90.82379,18.69137],[-90.82479,18.69144],[-90.82586,18.6915],[-90.82593,18.69054],[-90.82598,18.69055],[-90.82662,18.69059],[-90.82685,18.69013],[-90.8269,18.68959],[-90.82708,18.6885],[-90.82613,18.68845],[-90.82516,18.6884],[-90.8241,18.68831],[-90.82304,18.68821],[-90.82195,18.68813],[-90.82089,18.68808],[-90.81986,18.68806],[-90.81876,18.688],[-90.81874,18.689],[-90.81766,18.68893],[-90.81759,18.68992],[-90.8176,18.69086],[-90.8176,18.69092],[-90.81764,18.69093],[-90.81863,18.691],[-90.81966,18.69109]]]}},{"type":"Feature","properties":{"cvegeo":"040090970","cve_ent":"04","fuente":"INEGI — Marco Geoestadístico 2024","fecha_corte":"2024-08","cve_mun":"04009","nombre":"Las Maravillas","ambito":"Rural"},"geometry":{"type":"Polygon","coordinates":[[[-90.27294,18.50211],[-90.27328,18.50221],[-90.27343,18.5022],[-90.27343,18.50198],[-90.27443,18.5019],[-90.27449,18.50116],[-90.27394,18.50126],[-90.27344,18.50127],[-90.27312,18.50096],[-90.27323,18.50097],[-90.27281,18.50043],[-90.27235,18.50012],[-90.27204,18.49998],[-90.27168,18.49989],[-90.27143,18.49967],[-90.27138,18.49942],[-90.271,18.49916],[-90.27054,18.49919],[-90.27054,18.49912],[-90.27057,18.49907],[-90.27054,18.49852],[-90.27047,18.49849],[-90.27025,18.49847],[-90.27,18.49839],[-90.26967,18.49817],[-90.26963,18.49819],[-90.26961,18.49802],[-90.269,18.49804],[-90.2689,18.50152],[-90.26899,18.50163],[-90.26981,18.50122],[-90.27026,18.50103],[-90.27109,18.50101],[-90.27105,18.50184],[-90.27238,18.5019],[-90.27246,18.50186],[-90.27294,18.50211]]]}},{"type":"Feature","properties":{"cvegeo":"040090994","cve_ent":"04","fuente":"INEGI — Marco Geoestadístico 2024","fecha_corte":"2024-08","cve_mun":"04009","nombre":"San José","ambito":"Rural"},"geometry":{"type":"Polygon","coordinates":[[[-90.81267,18.79469],[-90.81356,18.79518],[-90.81377,18.79485],[-90.81334,18.7946],[-90.81358,18.79428],[-90.81365,18.79418],[-90.81326,18.79395],[-90.8139,18.79317],[-90.81458,18.79238],[-90.81496,18.7919],[-90.81517,18.79164],[-90.81519,18.79162],[-90.81545,18.79124],[-90.81375,18.79017],[-90.81373,18.79015],[-90.8134,18.79057],[-90.81259,18.7901],[-90.81258,18.79012],[-90.81229,18.79051],[-90.81265,18.79074],[-90.81234,18.79116],[-90.81199,18.79097],[-90.81079,18.79254],[-90.8107,18.79249],[-90.81062,18.79247],[-90.81002,18.79324],[-90.81091,18.79375],[-90.81179,18.79423],[-90.81267,18.79469]]]}},{"type":"Feature","properties":{"cvegeo":"040090255","cve_ent":"04","fuente":"INEGI — Marco Geoestadístico 2024","fecha_corte":"2024-08","cve_mun":"04009","nombre":"El Lechugal","ambito":"Rural"},"geometry":{"type":"Polygon","coordinates":[[[-90.42274,18.60777],[-90.42321,18.6074],[-90.42337,18.60709],[-90.42358,18.60671],[-90.42407,18.60594],[-90.4244,18.60614],[-90.42487,18.60545],[-90.42518,18.60504],[-90.42534,18.60539],[-90.42614,18.60432],[-90.4274,18.60508],[-90.42841,18.60553],[-90.42911,18.60443],[-90.42871,18.6041],[-90.42848,18.60401],[-90.42823,18.604],[-90.428,18.604],[-90.42796,18.604],[-90.42829,18.60322],[-90.42845,18.60268],[-90.42849,18.60229],[-90.42796,18.60229],[-90.42791,18.60252],[-90.42788,18.60275],[-90.42755,18.60277],[-90.42745,18.60279],[-90.42726,18.60283],[-90.4274,18.60256],[-90.42747,18.60239],[-90.42755,18.60224],[-90.42722,18.60199],[-90.42768,18.60136],[-90.42798,18.60145],[-90.42844,18.60075],[-90.42786,18.6004],[-90.42776,18.60035],[-90.4279,18.60009],[-90.42726,18.59967],[-90.42652,18.59921],[-90.42682,18.59885],[-90.42588,18.59819],[-90.42503,18.59887],[-90.42428,18.59943],[-90.42389,18.59974],[-90.42357,18.59998],[-90.42305,18.60043],[-90.42294,18.60053],[-90.42223,18.60107],[-90.4222,18.60109],[-90.42207,18.60116],[-90.42167,18.60147],[-90.42137,18.6017],[-90.42095,18.60209],[-90.4209,18.60213],[-90.4202,18.60286],[-90.4193,18.60372],[-90.42001,18.60433],[-90.42061,18.60507],[-90.42117,18.60565],[-90.42231,18.60718],[-90.42274,18.60777]]]}},{"type":"Feature","properties":{"cvegeo":"040091002","cve_ent":"04","fuente":"INEGI — Marco Geoestadístico 2024","fecha_corte":"2024-08","cve_mun":"04009","nombre":"Silvituc","ambito":"Rural"},"geometry":{"type":"Polygon","coordinates":[[[-90.27218,18.64704],[-90.27238,18.64601],[-90.27248,18.64593],[-90.27249,18.64563],[-90.27241,18.64525],[-90.27449,18.64566],[-90.2756,18.64585],[-90.27666,18.646],[-90.2767,18.64575],[-90.27652,18.64557],[-90.27651,18.64541],[-90.27647,18.64521],[-90.27643,18.64502],[-90.27643,18.64473],[-90.27636,18.64439],[-90.27623,18.64427],[-90.27601,18.64416],[-90.27576,18.64417],[-90.27496,18.64435],[-90.27471,18.64448],[-90.27441,18.6446],[-90.27404,18.64465],[-90.2738,18.6447],[-90.27363,18.64475],[-90.27325,18.64492],[-90.27303,18.64486],[-90.27287,18.64474],[-90.27269,18.64468],[-90.27259,18.64456],[-90.27265,18.64444],[-90.27277,18.64429],[-90.27296,18.6441],[-90.27296,18.64393],[-90.27273,18.64376],[-90.27303,18.64331],[-90.27341,18.64292],[-90.27414,18.64257],[-90.27444,18.64205],[-90.27467,18.64154],[-90.27468,18.6414],[-90.27459,18.64074],[-90.27435,18.64055],[-90.27397,18.64044],[-90.27398,18.63981],[-90.27383,18.63952],[-90.27379,18.6393],[-90.2736,18.63884],[-90.27287,18.63836],[-90.27241,18.63833],[-90.27231,18.63771],[-90.27253,18.63747],[-90.27195,18.63726],[-90.27065,18.63704],[-90.27068,18.63747],[-90.27009,18.6374],[-90.26972,18.63733],[-90.26933,18.63723],[-90.26937,18.63806],[-90.26932,18.63876],[-90.26876,18.63873],[-90.26829,18.63867],[-90.26817,18.63939],[-90.26716,18.63922],[-90.26696,18.64012],[-90.268,18.64033],[-90.26793,18.64071],[-90.26784,18.64121],[-90.26684,18.64106],[-90.26679,18.64136],[-90.26569,18.64118],[-90.26566,18.64168],[-90.26555,18.64211],[-90.26457,18.64193],[-90.26366,18.64168],[-90.26348,18.64267],[-90.26334,18.64317],[-90.26177,18.64288],[-90.26146,18.64375],[-90.26195,18.64385],[-90.26304,18.64416],[-90.26403,18.64436],[-90.26503,18.64454],[-90.26505,18.64454],[-90.26566,18.64465],[-90.26617,18.64475],[-90.26603,18.64538],[-90.2681,18.64594],[-90.26904,18.64623],[-90.26979,18.64641],[-90.26984,18.64645],[-90.26991,18.64648],[-90.27086,18.64671],[-90.27218,18.64704]]]}},{"type":"Feature","properties":{"cvegeo":"040090002","cve_ent":"04","fuente":"INEGI — Marco Geoestadístico 2024","fecha_corte":"2024-08","cve_mun":"04009","nombre":"División del Norte","ambito":"Urbana"},"geometry":{"type":"Polygon","coordinates":[[[-90.77009,18.54035],[-90.77081,18.53849],[-90.77076,18.53847],[-90.77134,18.53695],[-90.77168,18.53611],[-90.77196,18.53543],[-90.77233,18.53456],[-90.77233,18.53455],[-90.7727,18.53368],[-90.77301,18.53294],[-90.77212,18.53258],[-90.77136,18.53228],[-90.77128,18.53224],[-90.77156,18.53144],[-90.7719,18.53068],[-90.7722,18.5299],[-90.77255,18.52912],[-90.77288,18.52831],[-90.77337,18.5285],[-90.77367,18.52773],[-90.7748,18.52818],[-90.77542,18.5265],[-90.77567,18.52577],[-90.77601,18.52493],[-90.77645,18.52379],[-90.77645,18.52379],[-90.77645,18.52379],[-90.77562,18.52349],[-90.77518,18.52332],[-90.77493,18.52326],[-90.77474,18.5234],[-90.77311,18.5228],[-90.77233,18.52248],[-90.77146,18.52215],[-90.77064,18.52183],[-90.77031,18.52171],[-90.76984,18.52154],[-90.76907,18.52122],[-90.76866,18.52104],[-90.76824,18.52089],[-90.768,18.52077],[-90.76745,18.52054],[-90.76745,18.52054],[-90.76661,18.52023],[-90.76582,18.51995],[-90.765,18.51972],[-90.76446,18.51949],[-90.76417,18.51939],[-90.76303,18.51901],[-90.76282,18.5196],[-90.76251,18.52035],[-90.7622,18.52114],[-90.76192,18.52194],[-90.76162,18.52274],[-90.76128,18.52348],[-90.7607,18.52507],[-90.76042,18.52581],[-90.76042,18.52581],[-90.76071,18.52598],[-90.76041,18.52675],[-90.76009,18.52755],[-90.75976,18.5274],[-90.75944,18.52819],[-90.75912,18.52901],[-90.75883,18.52978],[-90.75854,18.53056],[-90.75795,18.53212],[-90.75767,18.5329],[-90.75796,18.53302],[-90.75794,18.53307],[-90.75779,18.53345],[-90.75779,18.53346],[-90.75773,18.5336],[-90.75759,18.53355],[-90.75719,18.5346],[-90.75733,18.53465],[-90.75703,18.53543],[-90.7568,18.53602],[-90.7578,18.53634],[-90.75803,18.53637],[-90.75848,18.53651],[-90.75924,18.53673],[-90.76009,18.53702],[-90.76091,18.53731],[-90.76177,18.53755],[-90.76381,18.53834],[-90.76394,18.53825],[-90.76394,18.53825],[-90.77009,18.54035]]]}},{"type":"Feature","properties":{"cvegeo":"040090247","cve_ent":"04","fuente":"INEGI — Marco Geoestadístico 2024","fecha_corte":"2024-08","cve_mun":"04009","nombre":"Kilómetro Treinta y Seis","ambito":"Rural"},"geometry":{"type":"Polygon","coordinates":[[[-90.85003,18.62236],[-90.85054,18.6224],[-90.85159,18.62247],[-90.85162,18.62214],[-90.85166,18.62182],[-90.85173,18.62112],[-90.85162,18.62111],[-90.85169,18.62045],[-90.85199,18.62047],[-90.85264,18.62053],[-90.85268,18.62015],[-90.85271,18.61989],[-90.85275,18.61952],[-90.85279,18.61917],[-90.85282,18.61848],[-90.85257,18.61845],[-90.85266,18.61781],[-90.85273,18.61707],[-90.85201,18.617],[-90.85099,18.6169],[-90.85006,18.61681],[-90.84901,18.61674],[-90.84805,18.61663],[-90.84704,18.61652],[-90.84602,18.61642],[-90.84504,18.61632],[-90.84502,18.61726],[-90.84411,18.6172],[-90.84405,18.61785],[-90.844,18.61852],[-90.844,18.61854],[-90.84493,18.61861],[-90.84486,18.61924],[-90.84479,18.61995],[-90.84476,18.62058],[-90.8457,18.62068],[-90.8467,18.62076],[-90.84668,18.62191],[-90.84766,18.62195],[-90.84857,18.62203],[-90.84859,18.62156],[-90.84959,18.62163],[-90.84961,18.6216],[-90.85003,18.62236]]]}},{"type":"Feature","properties":{"cvegeo":"040090238","cve_ent":"04","fuente":"INEGI — Marco Geoestadístico 2024","fecha_corte":"2024-08","cve_mun":"04009","nombre":"José de la Cruz Blanco","ambito":"Rural"},"geometry":{"type":"Polygon","coordinates":[[[-90.78496,18.62525],[-90.78505,18.62484],[-90.78605,18.62505],[-90.78707,18.62526],[-90.78731,18.62437],[-90.78755,18.6234],[-90.78855,18.62364],[-90.78886,18.6226],[-90.78907,18.62158],[-90.78915,18.62159],[-90.78937,18.62065],[-90.78831,18.6204],[-90.78731,18.62016],[-90.78753,18.6192],[-90.78658,18.61895],[-90.78548,18.61869],[-90.78441,18.61843],[-90.78339,18.61819],[-90.78338,18.61822],[-90.78313,18.61915],[-90.78288,18.62015],[-90.78259,18.62118],[-90.78232,18.62216],[-90.78207,18.62322],[-90.78182,18.62419],[-90.78174,18.62472],[-90.78281,18.62499],[-90.78273,18.62537],[-90.78406,18.62564],[-90.78486,18.62585],[-90.78496,18.62525]]]}},{"type":"Feature","properties":{"cvegeo":"040090170","cve_ent":"04","fuente":"INEGI — Marco Geoestadístico 2024","fecha_corte":"2024-08","cve_mun":"04009","nombre":"Guadalajara","ambito":"Rural"},"geometry":{"type":"Polygon","coordinates":[[[-90.99212,18.39494],[-90.99272,18.39558],[-90.99288,18.39456],[-90.99293,18.39424],[-90.99348,18.39423],[-90.99351,18.39393],[-90.99358,18.39332],[-90.9937,18.39228],[-90.99315,18.39231],[-90.99306,18.39224],[-90.99209,18.39228],[-90.99214,18.39174],[-90.99218,18.39129],[-90.99115,18.39125],[-90.98948,18.39117],[-90.98926,18.39149],[-90.99006,18.39233],[-90.99038,18.39276],[-90.99051,18.39296],[-90.99051,18.39337],[-90.98992,18.39336],[-90.98905,18.39328],[-90.98891,18.39326],[-90.98875,18.39427],[-90.98872,18.3945],[-90.98873,18.39456],[-90.99085,18.39482],[-90.99212,18.39494]]]}},{"type":"Feature","properties":{"cvegeo":"040090163","cve_ent":"04","fuente":"INEGI — Marco Geoestadístico 2024","fecha_corte":"2024-08","cve_mun":"04009","nombre":"General Rodolfo Fierros","ambito":"Rural"},"geometry":{"type":"Polygon","coordinates":[[[-90.60178,18.57602],[-90.60269,18.5761],[-90.60286,18.5738],[-90.60292,18.57283],[-90.60247,18.57277],[-90.60199,18.57273],[-90.60205,18.57177],[-90.60098,18.57167],[-90.59984,18.57162],[-90.5998,18.57253],[-90.59973,18.57354],[-90.5997,18.57455],[-90.59969,18.57496],[-90.59966,18.57589],[-90.60072,18.57595],[-90.60178,18.57602]]]}},{"type":"Feature","properties":{"cvegeo":"040090536","cve_ent":"04","fuente":"INEGI — Marco Geoestadístico 2024","fecha_corte":"2024-08","cve_mun":"04009","nombre":"La Victoria","ambito":"Rural"},"geometry":{"type":"Polygon","coordinates":[[[-90.9259,18.49368],[-90.92643,18.49354],[-90.92695,18.49339],[-90.92669,18.49231],[-90.92632,18.49241],[-90.92628,18.49232],[-90.92639,18.49226],[-90.92659,18.49192],[-90.92658,18.4919],[-90.92651,18.49174],[-90.92643,18.49161],[-90.92635,18.49151],[-90.92626,18.4914],[-90.92617,18.49132],[-90.92608,18.49121],[-90.92601,18.49109],[-90.92595,18.49098],[-90.92588,18.49085],[-90.92582,18.49068],[-90.92578,18.49054],[-90.92572,18.49032],[-90.92571,18.49011],[-90.92575,18.48983],[-90.92575,18.48964],[-90.92578,18.48922],[-90.92572,18.48875],[-90.92578,18.48858],[-90.92573,18.48838],[-90.92562,18.48814],[-90.92552,18.48796],[-90.92539,18.48767],[-90.9252,18.48734],[-90.92504,18.48703],[-90.9249,18.48687],[-90.92469,18.48686],[-90.92453,18.48689],[-90.9243,18.48698],[-90.92402,18.4872],[-90.92388,18.48709],[-90.92375,18.48671],[-90.9237,18.48658],[-90.92351,18.48642],[-90.92347,18.48644],[-90.92218,18.48682],[-90.9221,18.48707],[-90.92205,18.48726],[-90.92173,18.48725],[-90.92173,18.48728],[-90.9219,18.48913],[-90.92192,18.4892],[-90.92194,18.48925],[-90.92217,18.4902],[-90.92233,18.49112],[-90.92254,18.49194],[-90.92278,18.49286],[-90.92243,18.49299],[-90.92271,18.49392],[-90.92303,18.49486],[-90.92328,18.49483],[-90.92332,18.4949],[-90.92334,18.49489],[-90.92326,18.49512],[-90.92324,18.49521],[-90.92319,18.49553],[-90.92431,18.49577],[-90.92455,18.49523],[-90.92545,18.49563],[-90.92548,18.4956],[-90.92574,18.49494],[-90.9259,18.49452],[-90.92594,18.49431],[-90.9259,18.49368]]]}},{"type":"Feature","properties":{"cvegeo":"040090947","cve_ent":"04","fuente":"INEGI — Marco Geoestadístico 2024","fecha_corte":"2024-08","cve_mun":"04009","nombre":"Flor de Chiapas","ambito":"Rural"},"geometry":{"type":"Polygon","coordinates":[[[-90.22812,18.76023],[-90.2281,18.76073],[-90.22907,18.76081],[-90.22909,18.76078],[-90.23012,18.76087],[-90.23115,18.76099],[-90.23217,18.76107],[-90.23328,18.76116],[-90.23332,18.76067],[-90.23343,18.75972],[-90.23293,18.75966],[-90.23231,18.7596],[-90.23246,18.75861],[-90.23304,18.75866],[-90.23356,18.7587],[-90.23358,18.75764],[-90.23221,18.75754],[-90.23144,18.75749],[-90.2304,18.75743],[-90.22937,18.75737],[-90.22821,18.75722],[-90.22713,18.75717],[-90.22712,18.75818],[-90.22647,18.75817],[-90.22644,18.75914],[-90.22707,18.7592],[-90.22702,18.76017],[-90.22812,18.76023]]]}},{"type":"Feature","properties":{"cvegeo":"040090025","cve_ent":"04","fuente":"INEGI — Marco Geoestadístico 2024","fecha_corte":"2024-08","cve_mun":"04009","nombre":"Belén","ambito":"Rural"},"geometry":{"type":"Polygon","coordinates":[[[-90.57666,18.5749],[-90.57777,18.57485],[-90.5797,18.57477],[-90.5797,18.57374],[-90.57955,18.57374],[-90.57962,18.57273],[-90.57982,18.57274],[-90.57988,18.57177],[-90.5799,18.57151],[-90.57888,18.5715],[-90.57915,18.57055],[-90.57935,18.56983],[-90.57835,18.56968],[-90.5781,18.57051],[-90.57792,18.57105],[-90.57787,18.57123],[-90.5778,18.57147],[-90.57777,18.57153],[-90.57775,18.57172],[-90.5767,18.57169],[-90.57562,18.57168],[-90.57507,18.57169],[-90.57506,18.57269],[-90.57506,18.5737],[-90.57505,18.57473],[-90.57509,18.57495],[-90.57567,18.57491],[-90.57666,18.5749]]]}},{"type":"Feature","properties":{"cvegeo":"040090288","cve_ent":"04","fuente":"INEGI — Marco Geoestadístico 2024","fecha_corte":"2024-08","cve_mun":"04009","nombre":"Miguel Hidalgo (Caracol)","ambito":"Rural"},"geometry":{"type":"Polygon","coordinates":[[[-90.66667,18.54291],[-90.66616,18.54359],[-90.66564,18.5443],[-90.66534,18.54471],[-90.66514,18.545],[-90.66465,18.54564],[-90.66534,18.54613],[-90.66606,18.54665],[-90.66676,18.54713],[-90.66748,18.54769],[-90.66798,18.54804],[-90.66851,18.54731],[-90.66844,18.54726],[-90.66899,18.54646],[-90.66944,18.5458],[-90.66974,18.54536],[-90.66999,18.54501],[-90.67061,18.54409],[-90.67106,18.54343],[-90.67154,18.54267],[-90.67203,18.54187],[-90.67104,18.54168],[-90.67069,18.54214],[-90.67016,18.54282],[-90.66935,18.54221],[-90.66985,18.54154],[-90.66891,18.54135],[-90.66793,18.5412],[-90.6674,18.54193],[-90.66667,18.54291]]]}},{"type":"Feature","properties":{"cvegeo":"040090965","cve_ent":"04","fuente":"INEGI — Marco Geoestadístico 2024","fecha_corte":"2024-08","cve_mun":"04009","nombre":"Adolfo López Mateos","ambito":"Rural"},"geometry":{"type":"Polygon","coordinates":[[[-90.29603,18.63533],[-90.2953,18.63599],[-90.29539,18.63607],[-90.29418,18.63701],[-90.29372,18.63646],[-90.29336,18.63609],[-90.29269,18.63552],[-90.2927,18.63559],[-90.29273,18.63596],[-90.2929,18.63774],[-90.29295,18.63791],[-90.29355,18.63842],[-90.29443,18.63908],[-90.29494,18.63961],[-90.29513,18.63986],[-90.29536,18.64017],[-90.29538,18.64042],[-90.29543,18.64045],[-90.29542,18.64052],[-90.29541,18.64058],[-90.29559,18.6407],[-90.29544,18.64092],[-90.29553,18.6412],[-90.29566,18.64138],[-90.29564,18.6416],[-90.29555,18.64181],[-90.29547,18.64176],[-90.29529,18.642],[-90.29514,18.64192],[-90.29488,18.64211],[-90.29479,18.64256],[-90.29449,18.64299],[-90.29547,18.64393],[-90.29568,18.64363],[-90.29652,18.64245],[-90.29709,18.64166],[-90.29774,18.64079],[-90.29831,18.6402],[-90.29882,18.63984],[-90.2997,18.63941],[-90.30078,18.63904],[-90.30183,18.6387],[-90.30234,18.63864],[-90.30276,18.63862],[-90.30185,18.63594],[-90.30075,18.63541],[-90.30069,18.63534],[-90.30052,18.63546],[-90.30048,18.63542],[-90.30026,18.63531],[-90.29995,18.63517],[-90.29966,18.63504],[-90.29924,18.63487],[-90.29911,18.63482],[-90.29843,18.63414],[-90.29765,18.63356],[-90.2975,18.63366],[-90.29749,18.63388],[-90.29763,18.63422],[-90.29643,18.63471],[-90.29651,18.63489],[-90.29603,18.63533]]]}},{"type":"Feature","properties":{"cvegeo":"040090865","cve_ent":"04","fuente":"INEGI — Marco Geoestadístico 2024","fecha_corte":"2024-08","cve_mun":"04009","nombre":"Nuevo Campeche (Tres Aguadas)","ambito":"Rural"},"geometry":{"type":"Polygon","coordinates":[[[-90.53744,18.50574],[-90.53762,18.50483],[-90.53791,18.50483],[-90.53808,18.50394],[-90.53704,18.50395],[-90.5372,18.50318],[-90.53636,18.50315],[-90.53653,18.5023],[-90.53564,18.50231],[-90.53586,18.50138],[-90.53485,18.50141],[-90.53501,18.50053],[-90.5342,18.50053],[-90.53419,18.5005],[-90.53427,18.50012],[-90.53438,18.49971],[-90.53346,18.49974],[-90.53327,18.50059],[-90.53318,18.50098],[-90.53243,18.50099],[-90.53218,18.5019],[-90.5312,18.50173],[-90.53086,18.50241],[-90.53075,18.5034],[-90.53164,18.50349],[-90.53258,18.50356],[-90.53248,18.50401],[-90.53228,18.5049],[-90.53215,18.5053],[-90.53145,18.50527],[-90.53122,18.50516],[-90.53032,18.50455],[-90.52993,18.50574],[-90.52971,18.50667],[-90.53089,18.50667],[-90.53189,18.50665],[-90.5328,18.50668],[-90.53372,18.5067],[-90.53461,18.50674],[-90.53553,18.5067],[-90.53652,18.50657],[-90.53699,18.50654],[-90.53711,18.50575],[-90.53744,18.50574]]]}},{"type":"Feature","properties":{"cvegeo":"040090108","cve_ent":"04","fuente":"INEGI — Marco Geoestadístico 2024","fecha_corte":"2024-08","cve_mun":"04009","nombre":"Don Samuel","ambito":"Rural"},"geometry":{"type":"Polygon","coordinates":[[[-90.8583,18.36299],[-90.85914,18.36352],[-90.85994,18.36393],[-90.86039,18.36409],[-90.86093,18.36315],[-90.86054,18.36282],[-90.86057,18.36283],[-90.86061,18.36283],[-90.86072,18.36267],[-90.86073,18.36261],[-90.86072,18.36258],[-90.86069,18.36251],[-90.86139,18.36154],[-90.86078,18.36113],[-90.86196,18.35932],[-90.86194,18.35832],[-90.86185,18.35673],[-90.86226,18.35624],[-90.86094,18.3553],[-90.86114,18.35505],[-90.86036,18.35458],[-90.85885,18.35358],[-90.8582,18.35303],[-90.85855,18.35261],[-90.85774,18.35216],[-90.85715,18.3518],[-90.85643,18.35127],[-90.85597,18.35196],[-90.85545,18.35263],[-90.85496,18.35329],[-90.85558,18.35369],[-90.85507,18.35439],[-90.85457,18.3551],[-90.85382,18.35458],[-90.85338,18.35516],[-90.85285,18.35588],[-90.85217,18.35541],[-90.85184,18.35589],[-90.85216,18.35614],[-90.85158,18.35717],[-90.85194,18.35756],[-90.85203,18.35768],[-90.85234,18.35789],[-90.8518,18.3586],[-90.85251,18.35898],[-90.85308,18.35835],[-90.85383,18.35885],[-90.8546,18.35937],[-90.85498,18.3596],[-90.85454,18.36031],[-90.85487,18.36054],[-90.85458,18.36099],[-90.85528,18.36147],[-90.85508,18.36175],[-90.8558,18.36226],[-90.85612,18.36247],[-90.85644,18.36268],[-90.85697,18.36205],[-90.85735,18.36167],[-90.85758,18.3614],[-90.85811,18.3617],[-90.85746,18.3624],[-90.8583,18.36299]]]}},{"type":"Feature","properties":{"cvegeo":"040090190","cve_ent":"04","fuente":"INEGI — Marco Geoestadístico 2024","fecha_corte":"2024-08","cve_mun":"04009","nombre":"El Huiro","ambito":"Rural"},"geometry":{"type":"Polygon","coordinates":[[[-90.95707,18.40835],[-90.95685,18.40864],[-90.95653,18.40933],[-90.95811,18.41011],[-90.95825,18.40962],[-90.95842,18.40975],[-90.95858,18.40987],[-90.95882,18.41005],[-90.9594,18.4105],[-90.9602,18.41115],[-90.96092,18.41169],[-90.96133,18.412],[-90.96182,18.41235],[-90.96246,18.4116],[-90.9631,18.41082],[-90.96238,18.41022],[-90.96299,18.40939],[-90.96316,18.40913],[-90.96337,18.40827],[-90.96289,18.40791],[-90.96285,18.40789],[-90.96278,18.40787],[-90.96244,18.40752],[-90.9622,18.40704],[-90.96163,18.40741],[-90.96078,18.40763],[-90.96031,18.40784],[-90.95965,18.40673],[-90.96027,18.40592],[-90.95943,18.40533],[-90.95889,18.4061],[-90.95823,18.40693],[-90.95795,18.40729],[-90.95728,18.40691],[-90.957,18.40728],[-90.95724,18.40749],[-90.95745,18.40774],[-90.95753,18.40779],[-90.95707,18.40835]]]}},{"type":"Feature","properties":{"cvegeo":"040090967","cve_ent":"04","fuente":"INEGI — Marco Geoestadístico 2024","fecha_corte":"2024-08","cve_mun":"04009","nombre":"Miguel de la Madrid","ambito":"Rural"},"geometry":{"type":"Polygon","coordinates":[[[-90.59055,18.4932],[-90.59055,18.49346],[-90.59156,18.49372],[-90.59148,18.49408],[-90.59314,18.49446],[-90.59287,18.49556],[-90.59281,18.4964],[-90.59284,18.4964],[-90.59408,18.49638],[-90.59413,18.49581],[-90.59421,18.49429],[-90.59427,18.49329],[-90.595,18.49346],[-90.59509,18.49259],[-90.59434,18.4925],[-90.59439,18.49184],[-90.59448,18.4918],[-90.59513,18.49181],[-90.59535,18.49181],[-90.59641,18.49181],[-90.59681,18.49184],[-90.59727,18.49184],[-90.59792,18.49147],[-90.59805,18.49127],[-90.59808,18.49078],[-90.5981,18.49009],[-90.59641,18.49011],[-90.59543,18.49012],[-90.59539,18.4908],[-90.59537,18.49136],[-90.59441,18.49137],[-90.59439,18.49178],[-90.59386,18.49175],[-90.59275,18.49184],[-90.59171,18.49178],[-90.59168,18.49191],[-90.59061,18.49186],[-90.59054,18.49186],[-90.5905,18.49245],[-90.59054,18.49248],[-90.59055,18.4932]]]}},{"type":"Feature","properties":{"cvegeo":"040090001","cve_ent":"04","fuente":"INEGI — Marco Geoestadístico 2024","fecha_corte":"2024-08","cve_mun":"04009","nombre":"Escárcega","ambito":"Urbana"},"geometry":{"type":"Polygon","coordinates":[[[-90.75568,18.62359],[-90.75559,18.625],[-90.75559,18.625],[-90.75556,18.62542],[-90.75569,18.62543],[-90.75584,18.62545],[-90.75815,18.62566],[-90.75856,18.62569],[-90.75856,18.62567],[-90.75862,18.62534],[-90.75862,18.62533],[-90.75872,18.62509],[-90.75879,18.62493],[-90.75894,18.62453],[-90.75894,18.62453],[-90.75894,18.62453],[-90.75888,18.62441],[-90.75889,18.62421],[-90.75891,18.62404],[-90.75896,18.6239],[-90.75905,18.62325],[-90.75905,18.62325],[-90.75905,18.62322],[-90.75911,18.62275],[-90.75911,18.62275],[-90.75921,18.62231],[-90.75921,18.62231],[-90.75972,18.6202],[-90.75972,18.6202],[-90.75986,18.61936],[-90.75986,18.61936],[-90.75992,18.61894],[-90.75996,18.61864],[-90.762,18.61866],[-90.76219,18.61768],[-90.76323,18.61766],[-90.76335,18.61765],[-90.76417,18.61764],[-90.76366,18.61711],[-90.76348,18.61692],[-90.76344,18.61684],[-90.7635,18.61672],[-90.76352,18.61669],[-90.76353,18.61667],[-90.76352,18.61667],[-90.76238,18.61672],[-90.76247,18.61624],[-90.76144,18.61626],[-90.7614,18.61628],[-90.76038,18.61626],[-90.76031,18.61635],[-90.76024,18.61633],[-90.75993,18.61628],[-90.75989,18.61627],[-90.75952,18.61621],[-90.75914,18.61615],[-90.75875,18.61608],[-90.75867,18.61607],[-90.75838,18.61602],[-90.75835,18.61602],[-90.75837,18.61591],[-90.75828,18.6159],[-90.758,18.61585],[-90.75762,18.61581],[-90.75734,18.6158],[-90.75723,18.61579],[-90.75687,18.61577],[-90.75686,18.61577],[-90.75674,18.6166],[-90.75627,18.61658],[-90.755,18.61642],[-90.75499,18.61642],[-90.75499,18.61642],[-90.75594,18.61577],[-90.75594,18.61577],[-90.75594,18.61577],[-90.75589,18.61559],[-90.75345,18.61531],[-90.75271,18.61511],[-90.75271,18.61511],[-90.75242,18.61513],[-90.75242,18.61513],[-90.75274,18.61361],[-90.7528,18.61116],[-90.75285,18.61013],[-90.75285,18.61011],[-90.75289,18.60908],[-90.75289,18.60908],[-90.75379,18.60916],[-90.7547,18.60924],[-90.75475,18.60955],[-90.75475,18.60955],[-90.75656,18.60966],[-90.76015,18.60988],[-90.76042,18.6086],[-90.76042,18.6086],[-90.76129,18.60867],[-90.76272,18.60881],[-90.76272,18.60881],[-90.76272,18.60881],[-90.76272,18.60881],[-90.76509,18.60901],[-90.77104,18.60951],[-90.77104,18.60951],[-90.77107,18.60951],[-90.77129,18.60836],[-90.77129,18.60836],[-90.76583,18.60777],[-90.76597,18.60603],[-90.76334,18.60582],[-90.7635,18.60482],[-90.76358,18.60432],[-90.76359,18.60419],[-90.76353,18.60387],[-90.76352,18.60382],[-90.76341,18.60354],[-90.76319,18.60314],[-90.76319,18.60314],[-90.76306,18.60292],[-90.76302,18.60275],[-90.76304,18.60252],[-90.76317,18.60224],[-90.76373,18.6015],[-90.76443,18.6006],[-90.76455,18.60034],[-90.76475,18.59982],[-90.76478,18.59944],[-90.76479,18.59908],[-90.76479,18.59907],[-90.76467,18.59814],[-90.76466,18.59809],[-90.76463,18.59799],[-90.76463,18.59799],[-90.76465,18.59793],[-90.76449,18.59668],[-90.76449,18.5963],[-90.76235,18.59573],[-90.76012,18.59516],[-90.76011,18.59516],[-90.7583,18.59494],[-90.75671,18.59459],[-90.75664,18.59554],[-90.7566,18.59561],[-90.75538,18.59547],[-90.75423,18.59537],[-90.75423,18.59517],[-90.75279,18.59501],[-90.75246,18.59546],[-90.75234,18.59544],[-90.7516,18.59549],[-90.75173,18.59625],[-90.75162,18.59625],[-90.75171,18.59724],[-90.74992,18.59691],[-90.7485,18.59661],[-90.75141,18.59352],[-90.7437,18.59197],[-90.74401,18.5901],[-90.74014,18.58926],[-90.74012,18.58926],[-90.74011,18.58906],[-90.74011,18.58895],[-90.73957,18.58942],[-90.73888,18.59015],[-90.7384,18.59071],[-90.73772,18.59173],[-90.73767,18.5918],[-90.73767,18.59181],[-90.73718,18.59263],[-90.73718,18.59263],[-90.73699,18.59286],[-90.7366,18.59261],[-90.73658,18.5926],[-90.73499,18.59676],[-90.73539,18.59686],[-90.73463,18.59909],[-90.73463,18.59909],[-90.73209,18.59867],[-90.73252,18.59762],[-90.73294,18.59664],[-90.73407,18.59375],[-90.7333,18.59361],[-90.73306,18.59356],[-90.73253,18.59481],[-90.73171,18.59445],[-90.73152,18.59487],[-90.73087,18.59468],[-90.73071,18.59497],[-90.73074,18.59499],[-90.7308,18.59503],[-90.73058,18.59542],[-90.73058,18.59542],[-90.72974,18.59515],[-90.72974,18.59514],[-90.72974,18.59515],[-90.72937,18.59604],[-90.72937,18.59604],[-90.72937,18.59604],[-90.72916,18.59598],[-90.72916,18.59598],[-90.72916,18.59598],[-90.72912,18.59611],[-90.72912,18.59611],[-90.72911,18.5961],[-90.72862,18.59599],[-90.72861,18.59599],[-90.72861,18.59599],[-90.72838,18.59709],[-90.72838,18.59709],[-90.72821,18.59706],[-90.72766,18.59694],[-90.72703,18.59682],[-90.72638,18.59668],[-90.72638,18.59668],[-90.72628,18.59722],[-90.7266,18.59729],[-90.7266,18.59766],[-90.72651,18.59766],[-90.7263,18.59765],[-90.72614,18.59768],[-90.72592,18.59774],[-90.72575,18.59788],[-90.72561,18.59806],[-90.72531,18.59853],[-90.72489,18.59937],[-90.72467,18.59969],[-90.72421,18.60034],[-90.7224,18.60243],[-90.72197,18.60293],[-90.72194,18.60296],[-90.72193,18.60296],[-90.72158,18.60337],[-90.72117,18.60384],[-90.72094,18.60415],[-90.72084,18.60448],[-90.72128,18.60455],[-90.72114,18.60562],[-90.72096,18.60682],[-90.72081,18.60784],[-90.7208,18.60787],[-90.7208,18.60787],[-90.72066,18.60884],[-90.72053,18.60956],[-90.72037,18.61059],[-90.72021,18.61166],[-90.72003,18.61277],[-90.71992,18.61377],[-90.72157,18.61395],[-90.72266,18.61405],[-90.72266,18.61405],[-90.72368,18.61415],[-90.72475,18.61433],[-90.72462,18.61532],[-90.72389,18.61525],[-90.72389,18.61525],[-90.72382,18.61622],[-90.72382,18.61625],[-90.72382,18.61649],[-90.72381,18.61667],[-90.7245,18.61688],[-90.72444,18.61714],[-90.72444,18.6172],[-90.72446,18.61726],[-90.72463,18.6173],[-90.72469,18.6173],[-90.72455,18.61777],[-90.72437,18.61784],[-90.72478,18.61813],[-90.72514,18.61835],[-90.72553,18.61859],[-90.72592,18.61884],[-90.72636,18.61914],[-90.72665,18.61874],[-90.7268,18.61888],[-90.72698,18.61908],[-90.72873,18.61982],[-90.72892,18.61987],[-90.72901,18.61989],[-90.73072,18.62112],[-90.73062,18.6213],[-90.73108,18.62153],[-90.73108,18.62153],[-90.73137,18.62103],[-90.73187,18.61913],[-90.73187,18.61913],[-90.73259,18.61926],[-90.73355,18.61946],[-90.73479,18.61974],[-90.73586,18.61992],[-90.73586,18.61992],[-90.73591,18.61946],[-90.73666,18.61949],[-90.73674,18.6188],[-90.73676,18.61865],[-90.73673,18.61865],[-90.73673,18.61865],[-90.73675,18.61852],[-90.73675,18.61852],[-90.73778,18.61863],[-90.73781,18.61863],[-90.73898,18.6188],[-90.73981,18.61889],[-90.74067,18.61899],[-90.74063,18.62023],[-90.74063,18.62023],[-90.74063,18.62023],[-90.74146,18.62028],[-90.74223,18.61906],[-90.74228,18.61906],[-90.74228,18.61906],[-90.7421,18.62165],[-90.74562,18.62214],[-90.74562,18.62214],[-90.74499,18.62006],[-90.74499,18.62006],[-90.74613,18.6202],[-90.7461,18.62083],[-90.74604,18.62293],[-90.74604,18.62293],[-90.74604,18.62293],[-90.74687,18.62298],[-90.74687,18.62284],[-90.74727,18.6229],[-90.74747,18.62291],[-90.74753,18.6225],[-90.74754,18.62247],[-90.74754,18.62247],[-90.74786,18.62247],[-90.74809,18.62247],[-90.74826,18.62247],[-90.74852,18.62247],[-90.74854,18.62247],[-90.74867,18.62202],[-90.74868,18.62166],[-90.74868,18.62155],[-90.74868,18.62153],[-90.7495,18.6217],[-90.74945,18.62244],[-90.74884,18.62309],[-90.74884,18.62309],[-90.74884,18.62309],[-90.75568,18.62359],[-90.75568,18.62359]]]}},{"type":"Feature","properties":{"cvegeo":"040090131","cve_ent":"04","fuente":"INEGI — Marco Geoestadístico 2024","fecha_corte":"2024-08","cve_mun":"04009","nombre":"La Esperanza","ambito":"Rural"},"geometry":{"type":"Polygon","coordinates":[[[-90.73297,18.74094],[-90.73354,18.7412],[-90.73376,18.7413],[-90.73416,18.74123],[-90.73458,18.74109],[-90.73457,18.74049],[-90.73467,18.74049],[-90.73472,18.7405],[-90.73472,18.74089],[-90.73475,18.74099],[-90.73487,18.74108],[-90.73493,18.74112],[-90.7351,18.74122],[-90.73517,18.74097],[-90.73525,18.74097],[-90.73552,18.74092],[-90.73561,18.74043],[-90.73592,18.74047],[-90.73654,18.74033],[-90.73643,18.74],[-90.73632,18.74004],[-90.73623,18.74006],[-90.73597,18.73922],[-90.73574,18.7392],[-90.7357,18.73881],[-90.7347,18.73872],[-90.73456,18.73886],[-90.73456,18.74023],[-90.73448,18.74021],[-90.7344,18.74004],[-90.7344,18.7393],[-90.73369,18.73925],[-90.7336,18.73915],[-90.73309,18.73932],[-90.733,18.74057],[-90.73297,18.74094]]]}},{"type":"Feature","properties":{"cvegeo":"040090026","cve_ent":"04","fuente":"INEGI — Marco Geoestadístico 2024","fecha_corte":"2024-08","cve_mun":"04009","nombre":"Benito Juárez Número 2 (La Polla)","ambito":"Rural"},"geometry":{"type":"Polygon","coordinates":[[[-90.97396,18.37912],[-90.97399,18.3795],[-90.97517,18.37933],[-90.9758,18.37924],[-90.97597,18.37953],[-90.9765,18.37941],[-90.97694,18.37932],[-90.97673,18.37866],[-90.97675,18.37862],[-90.97688,18.37866],[-90.97702,18.37869],[-90.9774,18.37866],[-90.97719,18.37768],[-90.97744,18.37764],[-90.97704,18.37676],[-90.97702,18.37672],[-90.97628,18.37524],[-90.97572,18.37585],[-90.97548,18.37582],[-90.97449,18.37571],[-90.97323,18.37562],[-90.97236,18.37522],[-90.971,18.37423],[-90.97094,18.37479],[-90.97083,18.37561],[-90.97068,18.37679],[-90.9706,18.37764],[-90.97058,18.37786],[-90.97123,18.3776],[-90.972,18.3773],[-90.97293,18.37694],[-90.97347,18.37674],[-90.97372,18.37665],[-90.97387,18.37664],[-90.97478,18.37696],[-90.97492,18.37707],[-90.97498,18.37721],[-90.97495,18.37725],[-90.97474,18.37815],[-90.97469,18.37828],[-90.97458,18.37884],[-90.97456,18.37903],[-90.97396,18.37912]]]}},{"type":"Feature","properties":{"cvegeo":"040090959","cve_ent":"04","fuente":"INEGI — Marco Geoestadístico 2024","fecha_corte":"2024-08","cve_mun":"04009","nombre":"Juan de la Barrera","ambito":"Rural"},"geometry":{"type":"Polygon","coordinates":[[[-90.8082,18.82535],[-90.8081,18.82551],[-90.80812,18.82569],[-90.80835,18.82633],[-90.80849,18.82682],[-90.80757,18.82717],[-90.8078,18.8278],[-90.80815,18.82873],[-90.80999,18.82795],[-90.81053,18.82773],[-90.81123,18.82744],[-90.81172,18.82724],[-90.81214,18.82707],[-90.81175,18.82613],[-90.81226,18.82601],[-90.81257,18.826],[-90.81236,18.82512],[-90.81144,18.82531],[-90.81138,18.82517],[-90.81103,18.82421],[-90.81011,18.82456],[-90.80892,18.82501],[-90.80877,18.82501],[-90.80842,18.82515],[-90.8082,18.82535]]]}},{"type":"Feature","properties":{"cvegeo":"040090252","cve_ent":"04","fuente":"INEGI — Marco Geoestadístico 2024","fecha_corte":"2024-08","cve_mun":"04009","nombre":"Kilómetro Setenta y Cuatro","ambito":"Rural"},"geometry":{"type":"Polygon","coordinates":[[[-90.75647,18.70343],[-90.75693,18.70345],[-90.75744,18.70346],[-90.7575,18.70253],[-90.75743,18.70253],[-90.75747,18.70205],[-90.75711,18.70203],[-90.75716,18.70155],[-90.75746,18.70157],[-90.75754,18.70053],[-90.75756,18.69962],[-90.75675,18.6996],[-90.75677,18.69866],[-90.75594,18.69861],[-90.75599,18.69768],[-90.75605,18.69664],[-90.75502,18.69663],[-90.75383,18.69668],[-90.75378,18.69853],[-90.75373,18.69955],[-90.75274,18.69947],[-90.75269,18.70051],[-90.75267,18.70132],[-90.75261,18.70232],[-90.75119,18.70228],[-90.75116,18.70287],[-90.75119,18.70295],[-90.7513,18.70311],[-90.75257,18.70321],[-90.75301,18.70325],[-90.75358,18.7033],[-90.75358,18.70333],[-90.75462,18.70339],[-90.75555,18.70342],[-90.75647,18.70343]]]}},{"type":"Feature","properties":{"cvegeo":"040090960","cve_ent":"04","fuente":"INEGI — Marco Geoestadístico 2024","fecha_corte":"2024-08","cve_mun":"04009","nombre":"Juan Escutia","ambito":"Rural"},"geometry":{"type":"Polygon","coordinates":[[[-90.84727,18.85753],[-90.84786,18.85759],[-90.84799,18.85658],[-90.84737,18.85653],[-90.84748,18.85552],[-90.84643,18.8554],[-90.84652,18.85437],[-90.84448,18.8542],[-90.84451,18.85386],[-90.84345,18.8538],[-90.84241,18.85361],[-90.84222,18.85503],[-90.84211,18.85581],[-90.842,18.8571],[-90.84189,18.85814],[-90.843,18.85819],[-90.843,18.85822],[-90.84507,18.85835],[-90.84715,18.85859],[-90.84727,18.85753]]]}},{"type":"Feature","properties":{"cvegeo":"040091871","cve_ent":"04","fuente":"INEGI — Marco Geoestadístico 2024","fecha_corte":"2024-08","cve_mun":"04009","nombre":"Miguel Hidalgo y Costilla","ambito":"Rural"},"geometry":{"type":"MultiPolygon","coordinates":[[[[-90.74622,18.63311],[-90.74618,18.6332],[-90.74615,18.63387],[-90.74614,18.6342],[-90.7462,18.63424],[-90.74616,18.63527],[-90.74611,18.63625],[-90.74662,18.6363],[-90.74715,18.63633],[-90.74766,18.63635],[-90.74817,18.63637],[-90.74822,18.63535],[-90.74827,18.63436],[-90.74831,18.63335],[-90.74836,18.63227],[-90.74837,18.6315],[-90.74838,18.63125],[-90.74846,18.63125],[-90.74897,18.63128],[-90.74951,18.63132],[-90.74955,18.63048],[-90.74906,18.63045],[-90.74851,18.63037],[-90.74848,18.63034],[-90.74798,18.63032],[-90.74744,18.63025],[-90.74738,18.63024],[-90.74692,18.6302],[-90.74638,18.63018],[-90.74619,18.63016],[-90.74578,18.63016],[-90.74526,18.63014],[-90.74466,18.63011],[-90.74367,18.63006],[-90.74316,18.63005],[-90.74262,18.63004],[-90.74212,18.63002],[-90.74159,18.62997],[-90.74148,18.63095],[-90.74145,18.63198],[-90.74139,18.63278],[-90.74193,18.6328],[-90.74245,18.63284],[-90.74295,18.63286],[-90.74338,18.63288],[-90.74342,18.63288],[-90.74394,18.63291],[-90.74445,18.63296],[-90.74497,18.633],[-90.74549,18.63302],[-90.74601,18.63304],[-90.74622,18.63311]]],[[[-90.74601,18.6387],[-90.7465,18.63877],[-90.74707,18.63883],[-90.74754,18.63885],[-90.74758,18.63845],[-90.74709,18.6384],[-90.74652,18.63834],[-90.74653,18.63824],[-90.74605,18.63821],[-90.74601,18.6387]]]]}},{"type":"Feature","properties":{"cvegeo":"040090140","cve_ent":"04","fuente":"INEGI — Marco Geoestadístico 2024","fecha_corte":"2024-08","cve_mun":"04009","nombre":"La Flor","ambito":"Rural"},"geometry":{"type":"Polygon","coordinates":[[[-90.95942,18.33303],[-90.95978,18.3339],[-90.96021,18.33483],[-90.96059,18.3357],[-90.96134,18.33727],[-90.96365,18.33631],[-90.9628,18.33578],[-90.96362,18.33548],[-90.96344,18.33508],[-90.96322,18.33459],[-90.96389,18.33431],[-90.96354,18.33348],[-90.96312,18.33256],[-90.96334,18.33244],[-90.96297,18.33156],[-90.96209,18.33198],[-90.96212,18.3315],[-90.96198,18.33025],[-90.96188,18.32924],[-90.96096,18.32954],[-90.96005,18.32983],[-90.96048,18.33073],[-90.9608,18.33158],[-90.95985,18.33189],[-90.95941,18.33205],[-90.95912,18.33216],[-90.95924,18.33259],[-90.95942,18.33303]]]}},{"type":"Feature","properties":{"cvegeo":"040090968","cve_ent":"04","fuente":"INEGI — Marco Geoestadístico 2024","fecha_corte":"2024-08","cve_mun":"04009","nombre":"José López Portillo","ambito":"Rural"},"geometry":{"type":"Polygon","coordinates":[[[-90.26264,18.72617],[-90.26248,18.72714],[-90.26354,18.72725],[-90.26372,18.72621],[-90.26386,18.72547],[-90.26457,18.72555],[-90.26474,18.72466],[-90.26501,18.72364],[-90.26541,18.72271],[-90.26579,18.72178],[-90.2662,18.72081],[-90.26658,18.71987],[-90.26699,18.71893],[-90.26595,18.71872],[-90.26545,18.71863],[-90.26484,18.7185],[-90.26477,18.71849],[-90.26439,18.71841],[-90.26376,18.71829],[-90.26281,18.7181],[-90.26275,18.71809],[-90.2624,18.719],[-90.262,18.71994],[-90.26162,18.72089],[-90.26126,18.72177],[-90.26107,18.72267],[-90.26106,18.72281],[-90.26097,18.72319],[-90.26139,18.72338],[-90.26109,18.72489],[-90.26077,18.72678],[-90.26137,18.72687],[-90.26157,18.72594],[-90.26164,18.72596],[-90.26264,18.72617]]]}},{"type":"Feature","properties":{"cvegeo":"040090080","cve_ent":"04","fuente":"INEGI — Marco Geoestadístico 2024","fecha_corte":"2024-08","cve_mun":"04009","nombre":"Colonia San Francisco (El Cinco)","ambito":"Rural"},"geometry":{"type":"Polygon","coordinates":[[[-90.69195,18.60161],[-90.69376,18.6019],[-90.69394,18.60192],[-90.69391,18.60208],[-90.69405,18.6021],[-90.69451,18.60217],[-90.69433,18.60249],[-90.69387,18.60337],[-90.69313,18.60461],[-90.69431,18.60492],[-90.69627,18.60537],[-90.69678,18.6036],[-90.69662,18.60354],[-90.69665,18.60316],[-90.69676,18.60316],[-90.69684,18.60315],[-90.6969,18.60256],[-90.69692,18.60233],[-90.69695,18.60208],[-90.69696,18.60186],[-90.69704,18.60176],[-90.69708,18.60166],[-90.69593,18.60152],[-90.69496,18.60138],[-90.69413,18.60127],[-90.69392,18.60124],[-90.69396,18.60011],[-90.69402,18.59909],[-90.69405,18.59798],[-90.6938,18.59794],[-90.69315,18.59798],[-90.69298,18.59893],[-90.69206,18.59876],[-90.69187,18.59985],[-90.6928,18.59995],[-90.69274,18.60023],[-90.69259,18.6011],[-90.69202,18.60104],[-90.69195,18.60161]]]}},{"type":"Feature","properties":{"cvegeo":"040091862","cve_ent":"04","fuente":"INEGI — Marco Geoestadístico 2024","fecha_corte":"2024-08","cve_mun":"04009","nombre":"Emiliano Zapata","ambito":"Rural"},"geometry":{"type":"Polygon","coordinates":[[[-90.23792,18.89174],[-90.23794,18.89243],[-90.23796,18.89278],[-90.23903,18.89278],[-90.2401,18.89278],[-90.24127,18.89278],[-90.24231,18.89278],[-90.24341,18.89278],[-90.2434,18.89243],[-90.24338,18.89163],[-90.24336,18.89059],[-90.24334,18.88954],[-90.24332,18.88853],[-90.24335,18.88741],[-90.24223,18.88741],[-90.24115,18.88747],[-90.2412,18.88857],[-90.24122,18.88964],[-90.2423,18.88959],[-90.24229,18.89058],[-90.24124,18.89057],[-90.24128,18.89168],[-90.23901,18.89177],[-90.23897,18.89064],[-90.23892,18.88941],[-90.23788,18.88943],[-90.23794,18.89063],[-90.23792,18.89174]]]}},{"type":"Feature","properties":{"cvegeo":"040090256","cve_ent":"04","fuente":"INEGI — Marco Geoestadístico 2024","fecha_corte":"2024-08","cve_mun":"04009","nombre":"La Libertad","ambito":"Rural"},"geometry":{"type":"Polygon","coordinates":[[[-90.50679,18.56626],[-90.50775,18.56652],[-90.50759,18.56718],[-90.50742,18.56796],[-90.50744,18.56806],[-90.50722,18.56897],[-90.50821,18.56939],[-90.50822,18.56942],[-90.50859,18.56963],[-90.51011,18.57037],[-90.51,18.57073],[-90.50982,18.57129],[-90.51025,18.57147],[-90.50988,18.57351],[-90.50986,18.57363],[-90.51044,18.57364],[-90.51176,18.5737],[-90.51259,18.57375],[-90.51373,18.57377],[-90.51476,18.5738],[-90.51583,18.57385],[-90.51701,18.57388],[-90.51803,18.5739],[-90.51805,18.57379],[-90.51825,18.57289],[-90.51843,18.57191],[-90.51849,18.57142],[-90.51855,18.57096],[-90.51873,18.57009],[-90.51895,18.5691],[-90.51792,18.56898],[-90.51809,18.568],[-90.51809,18.56795],[-90.51811,18.56795],[-90.51814,18.5679],[-90.51828,18.56729],[-90.51833,18.56704],[-90.51848,18.5668],[-90.51878,18.5665],[-90.51732,18.56645],[-90.51733,18.56636],[-90.51679,18.56625],[-90.51673,18.56648],[-90.51622,18.5664],[-90.51622,18.56642],[-90.51616,18.56674],[-90.51512,18.56666],[-90.51412,18.56661],[-90.51433,18.56559],[-90.51455,18.56455],[-90.51445,18.56453],[-90.51464,18.56359],[-90.51459,18.56358],[-90.51358,18.5635],[-90.51355,18.56367],[-90.51268,18.56345],[-90.51257,18.56399],[-90.51246,18.56445],[-90.51142,18.56415],[-90.5113,18.56464],[-90.5103,18.56431],[-90.51049,18.56316],[-90.51059,18.5627],[-90.51064,18.56252],[-90.5096,18.56249],[-90.50951,18.56297],[-90.50849,18.56276],[-90.50826,18.56366],[-90.50824,18.56373],[-90.50726,18.56348],[-90.5071,18.56449],[-90.50679,18.56626]]]}},{"type":"Feature","properties":{"cvegeo":"040090282","cve_ent":"04","fuente":"INEGI — Marco Geoestadístico 2024","fecha_corte":"2024-08","cve_mun":"04009","nombre":"Matamoros","ambito":"Rural"},"geometry":{"type":"Polygon","coordinates":[[[-90.64973,18.58982],[-90.64955,18.59071],[-90.65053,18.59094],[-90.65152,18.59116],[-90.65222,18.5913],[-90.65267,18.58971],[-90.65205,18.58959],[-90.65198,18.58957],[-90.6522,18.58871],[-90.65212,18.5887],[-90.65235,18.58764],[-90.65252,18.5869],[-90.65292,18.58587],[-90.65284,18.58584],[-90.65278,18.58445],[-90.65271,18.58354],[-90.65271,18.58295],[-90.65271,18.58244],[-90.65216,18.58241],[-90.65064,18.58231],[-90.6492,18.58218],[-90.64778,18.58201],[-90.64631,18.5819],[-90.64482,18.58176],[-90.64337,18.58162],[-90.64237,18.58148],[-90.6409,18.58132],[-90.64076,18.58217],[-90.64017,18.58206],[-90.63958,18.58195],[-90.63926,18.58278],[-90.63917,18.58295],[-90.63901,18.58289],[-90.63833,18.58434],[-90.63819,18.58466],[-90.63794,18.58525],[-90.63843,18.58548],[-90.63869,18.5856],[-90.63834,18.58656],[-90.63802,18.58644],[-90.63745,18.58622],[-90.63743,18.58621],[-90.63706,18.58713],[-90.63728,18.58721],[-90.63805,18.5875],[-90.63839,18.58658],[-90.63928,18.58689],[-90.63941,18.58649],[-90.64056,18.58705],[-90.64038,18.58754],[-90.64006,18.58744],[-90.63999,18.5876],[-90.63996,18.58771],[-90.63993,18.5878],[-90.63991,18.5879],[-90.63992,18.588],[-90.63991,18.58811],[-90.64001,18.58812],[-90.63988,18.58873],[-90.64057,18.58888],[-90.64064,18.58894],[-90.64077,18.58898],[-90.6411,18.58905],[-90.64134,18.58909],[-90.64157,18.58908],[-90.64195,18.58917],[-90.64292,18.58935],[-90.64308,18.58887],[-90.6433,18.58804],[-90.64332,18.588],[-90.64342,18.58785],[-90.64344,18.58756],[-90.64353,18.58699],[-90.64448,18.58723],[-90.64458,18.58691],[-90.64565,18.5869],[-90.64652,18.5869],[-90.64633,18.5878],[-90.64587,18.58997],[-90.6463,18.59006],[-90.64704,18.59024],[-90.6473,18.58956],[-90.64737,18.5892],[-90.64802,18.58939],[-90.64829,18.58826],[-90.64798,18.58816],[-90.64823,18.5873],[-90.64863,18.58739],[-90.64955,18.58743],[-90.64939,18.58837],[-90.65026,18.58842],[-90.65108,18.5885],[-90.65086,18.58949],[-90.64988,18.58933],[-90.64973,18.58982]]]}},{"type":"Feature","properties":{"cvegeo":"040090178","cve_ent":"04","fuente":"INEGI — Marco Geoestadístico 2024","fecha_corte":"2024-08","cve_mun":"04009","nombre":"Haro","ambito":"Rural"},"geometry":{"type":"Polygon","coordinates":[[[-90.79101,18.45528],[-90.79201,18.45563],[-90.79198,18.45569],[-90.79422,18.4564],[-90.79409,18.45547],[-90.79413,18.45541],[-90.79441,18.45463],[-90.79469,18.45389],[-90.7939,18.45353],[-90.79425,18.45279],[-90.79346,18.4524],[-90.79388,18.45146],[-90.79493,18.45192],[-90.79531,18.45116],[-90.79494,18.451],[-90.79475,18.45091],[-90.79509,18.45018],[-90.79499,18.45013],[-90.79534,18.44933],[-90.79487,18.44909],[-90.79524,18.44833],[-90.79436,18.44796],[-90.79359,18.44765],[-90.79387,18.44689],[-90.79426,18.44601],[-90.79453,18.44525],[-90.79487,18.4444],[-90.79407,18.44405],[-90.79427,18.44354],[-90.79492,18.44206],[-90.79397,18.44168],[-90.79409,18.44137],[-90.79336,18.44099],[-90.79326,18.44125],[-90.79318,18.44146],[-90.79274,18.44128],[-90.79295,18.44068],[-90.79264,18.44051],[-90.79255,18.44047],[-90.79275,18.43991],[-90.79226,18.4397],[-90.79171,18.43944],[-90.79148,18.43933],[-90.79108,18.43914],[-90.79071,18.43896],[-90.79059,18.43925],[-90.79039,18.43973],[-90.78998,18.43955],[-90.7898,18.43998],[-90.78966,18.44031],[-90.78891,18.44002],[-90.7886,18.44081],[-90.78905,18.44101],[-90.78876,18.44181],[-90.78944,18.4421],[-90.78915,18.44289],[-90.78889,18.44362],[-90.78895,18.44365],[-90.78862,18.44444],[-90.78889,18.44459],[-90.78855,18.44545],[-90.78824,18.44629],[-90.78871,18.44645],[-90.78845,18.44722],[-90.78921,18.44754],[-90.78964,18.44771],[-90.78965,18.44783],[-90.79003,18.44794],[-90.78985,18.44838],[-90.79041,18.4486],[-90.79035,18.44874],[-90.79115,18.44905],[-90.79193,18.44938],[-90.79182,18.44965],[-90.79262,18.44998],[-90.79232,18.45077],[-90.79293,18.45105],[-90.79212,18.45277],[-90.7915,18.4544],[-90.79141,18.45437],[-90.79101,18.45528]]]}},{"type":"Feature","properties":{"cvegeo":"040090242","cve_ent":"04","fuente":"INEGI — Marco Geoestadístico 2024","fecha_corte":"2024-08","cve_mun":"04009","nombre":"Justicia Social","ambito":"Rural"},"geometry":{"type":"Polygon","coordinates":[[[-90.38408,18.62772],[-90.38406,18.62716],[-90.38401,18.62652],[-90.38398,18.62547],[-90.38399,18.62313],[-90.38399,18.62286],[-90.38471,18.62286],[-90.38557,18.62292],[-90.38646,18.62296],[-90.38824,18.62302],[-90.38911,18.62305],[-90.38999,18.62309],[-90.39204,18.62319],[-90.39243,18.6232],[-90.3922,18.62206],[-90.39208,18.62122],[-90.39186,18.61995],[-90.38916,18.6193],[-90.38735,18.61905],[-90.38659,18.61892],[-90.38585,18.61882],[-90.38565,18.61879],[-90.38531,18.61874],[-90.38472,18.61865],[-90.38309,18.61831],[-90.38291,18.61836],[-90.38258,18.61817],[-90.38223,18.618],[-90.38188,18.61918],[-90.38204,18.61918],[-90.38205,18.62],[-90.3817,18.62002],[-90.38149,18.62086],[-90.38126,18.62167],[-90.38104,18.62257],[-90.38095,18.62294],[-90.38113,18.62325],[-90.38028,18.62378],[-90.37938,18.62452],[-90.3794,18.62535],[-90.37938,18.62617],[-90.37935,18.62699],[-90.38023,18.62702],[-90.38112,18.62708],[-90.38199,18.62707],[-90.38299,18.6271],[-90.38301,18.62769],[-90.38408,18.62772]]]}},{"type":"Feature","properties":{"cvegeo":"040090945","cve_ent":"04","fuente":"INEGI — Marco Geoestadístico 2024","fecha_corte":"2024-08","cve_mun":"04009","nombre":"Chan Laguna","ambito":"Rural"},"geometry":{"type":"Polygon","coordinates":[[[-90.20477,18.48441],[-90.20581,18.48491],[-90.20615,18.48417],[-90.2072,18.48469],[-90.2077,18.48491],[-90.20808,18.4851],[-90.20826,18.48499],[-90.20877,18.48488],[-90.20897,18.48485],[-90.20921,18.48483],[-90.20956,18.4848],[-90.20966,18.48472],[-90.20974,18.4846],[-90.20996,18.48393],[-90.21059,18.4843],[-90.21146,18.48479],[-90.2119,18.48391],[-90.2127,18.48434],[-90.21329,18.48348],[-90.21377,18.48272],[-90.21379,18.48268],[-90.21391,18.482],[-90.21387,18.48198],[-90.21365,18.48183],[-90.21362,18.48181],[-90.21331,18.48155],[-90.21305,18.48139],[-90.21293,18.48131],[-90.21271,18.48117],[-90.21247,18.48102],[-90.21227,18.48089],[-90.21219,18.48085],[-90.21211,18.48082],[-90.21214,18.48074],[-90.21216,18.48071],[-90.21216,18.48062],[-90.2121,18.48057],[-90.21184,18.48059],[-90.21167,18.48063],[-90.21148,18.4805],[-90.21145,18.48019],[-90.21119,18.48004],[-90.2111,18.48018],[-90.21085,18.4801],[-90.21038,18.48019],[-90.21024,18.48017],[-90.21017,18.48016],[-90.21011,18.48011],[-90.20989,18.47994],[-90.20987,18.47984],[-90.20982,18.47971],[-90.20963,18.47967],[-90.20951,18.47975],[-90.20939,18.47982],[-90.20932,18.47984],[-90.20924,18.47988],[-90.20919,18.47991],[-90.2091,18.48002],[-90.20897,18.48001],[-90.20882,18.48004],[-90.20865,18.47997],[-90.20855,18.47985],[-90.20847,18.47979],[-90.20843,18.47976],[-90.20823,18.47967],[-90.20798,18.47959],[-90.2079,18.47959],[-90.20784,18.47939],[-90.20777,18.47932],[-90.20758,18.47927],[-90.20748,18.47933],[-90.20733,18.47933],[-90.2073,18.47932],[-90.20723,18.4793],[-90.20698,18.47924],[-90.20681,18.47914],[-90.20661,18.47904],[-90.20635,18.47907],[-90.20631,18.47904],[-90.20629,18.479],[-90.20614,18.47891],[-90.20595,18.47886],[-90.20555,18.47869],[-90.20548,18.47861],[-90.20542,18.47855],[-90.2052,18.47893],[-90.20425,18.47842],[-90.20403,18.47882],[-90.20335,18.47842],[-90.2026,18.4798],[-90.20316,18.4801],[-90.20324,18.48011],[-90.20424,18.48066],[-90.204,18.48116],[-90.20379,18.4816],[-90.20472,18.48221],[-90.20513,18.48247],[-90.20561,18.48274],[-90.20515,18.48366],[-90.20477,18.48441]]]}},{"type":"Feature","properties":{"cvegeo":"040090322","cve_ent":"04","fuente":"INEGI — Marco Geoestadístico 2024","fecha_corte":"2024-08","cve_mun":"04009","nombre":"Nuevo Progreso Dos","ambito":"Rural"},"geometry":{"type":"Polygon","coordinates":[[[-90.91677,18.62277],[-90.917,18.62281],[-90.91808,18.62292],[-90.91866,18.62298],[-90.91867,18.62295],[-90.9188,18.62198],[-90.91821,18.62193],[-90.91832,18.62083],[-90.91839,18.61977],[-90.91843,18.61977],[-90.91848,18.61877],[-90.91855,18.6178],[-90.91862,18.6177],[-90.91866,18.61665],[-90.9198,18.61671],[-90.91976,18.61571],[-90.91974,18.61566],[-90.91967,18.61551],[-90.91972,18.6136],[-90.91893,18.61365],[-90.91687,18.61374],[-90.91676,18.61476],[-90.91559,18.61486],[-90.91453,18.61493],[-90.91453,18.61514],[-90.91297,18.61539],[-90.91243,18.61548],[-90.91224,18.61551],[-90.91276,18.61637],[-90.91311,18.61712],[-90.9127,18.61722],[-90.91188,18.61742],[-90.91203,18.61806],[-90.91214,18.61859],[-90.91231,18.61935],[-90.9115,18.61939],[-90.91158,18.61991],[-90.91191,18.61987],[-90.91207,18.62055],[-90.91206,18.62113],[-90.91182,18.62114],[-90.91186,18.6214],[-90.91274,18.62143],[-90.9129,18.62205],[-90.91324,18.62224],[-90.9136,18.62233],[-90.91403,18.62243],[-90.9149,18.62253],[-90.91597,18.62261],[-90.91677,18.62277]]]}},{"type":"Feature","properties":{"cvegeo":"040090941","cve_ent":"04","fuente":"INEGI — Marco Geoestadístico 2024","fecha_corte":"2024-08","cve_mun":"04009","nombre":"Centenario","ambito":"Rural"},"geometry":{"type":"Polygon","coordinates":[[[-90.28378,18.65568],[-90.28582,18.6555],[-90.28723,18.65532],[-90.2882,18.65513],[-90.28872,18.65503],[-90.28846,18.65435],[-90.28839,18.65405],[-90.28873,18.65355],[-90.28918,18.65275],[-90.28965,18.652],[-90.29006,18.65143],[-90.29004,18.65136],[-90.29081,18.65014],[-90.29077,18.64992],[-90.29078,18.64986],[-90.29076,18.64979],[-90.29222,18.6491],[-90.29296,18.6487],[-90.29336,18.64955],[-90.29423,18.64921],[-90.29441,18.64914],[-90.29415,18.64814],[-90.29378,18.64723],[-90.29511,18.64654],[-90.29512,18.64654],[-90.29511,18.64651],[-90.29512,18.64647],[-90.29513,18.64567],[-90.29513,18.64479],[-90.29515,18.64462],[-90.29505,18.64456],[-90.29354,18.64344],[-90.29309,18.6447],[-90.293,18.64512],[-90.29286,18.64565],[-90.29265,18.64601],[-90.29239,18.64622],[-90.29165,18.64643],[-90.29123,18.64694],[-90.291,18.64704],[-90.29089,18.64704],[-90.29071,18.64705],[-90.29069,18.64698],[-90.29065,18.6469],[-90.29047,18.64686],[-90.29035,18.64686],[-90.29019,18.64691],[-90.28991,18.64691],[-90.2896,18.64695],[-90.28929,18.64704],[-90.28915,18.64722],[-90.28896,18.64737],[-90.28866,18.64759],[-90.2885,18.64761],[-90.28815,18.64768],[-90.28767,18.64814],[-90.28735,18.6484],[-90.28717,18.64841],[-90.28704,18.64844],[-90.28691,18.64839],[-90.28684,18.64828],[-90.2868,18.64814],[-90.28678,18.64786],[-90.28671,18.64775],[-90.28643,18.64764],[-90.28592,18.64774],[-90.28573,18.64785],[-90.28547,18.64791],[-90.28529,18.6482],[-90.28507,18.64825],[-90.28484,18.64836],[-90.28416,18.64849],[-90.28394,18.6489],[-90.28331,18.64956],[-90.28276,18.64992],[-90.28176,18.65035],[-90.28136,18.65045],[-90.28116,18.65048],[-90.28086,18.65034],[-90.28061,18.65018],[-90.28047,18.64996],[-90.28032,18.64967],[-90.28009,18.64945],[-90.27972,18.64932],[-90.27952,18.64929],[-90.27922,18.64919],[-90.27894,18.64915],[-90.27858,18.64918],[-90.27827,18.6493],[-90.27803,18.64921],[-90.27788,18.6493],[-90.27775,18.64959],[-90.27809,18.65123],[-90.27915,18.65122],[-90.2791,18.6525],[-90.27886,18.65247],[-90.27784,18.65223],[-90.27765,18.65218],[-90.27718,18.65437],[-90.27782,18.65418],[-90.27802,18.65491],[-90.27873,18.65497],[-90.27907,18.65488],[-90.27911,18.65502],[-90.28015,18.6552],[-90.28016,18.65524],[-90.28124,18.65535],[-90.28266,18.65551],[-90.28378,18.65568]]]}},{"type":"Feature","properties":{"cvegeo":"040090268","cve_ent":"04","fuente":"INEGI — Marco Geoestadístico 2024","fecha_corte":"2024-08","cve_mun":"04009","nombre":"Luna","ambito":"Rural"},"geometry":{"type":"Polygon","coordinates":[[[-90.89622,18.30054],[-90.89681,18.30069],[-90.89727,18.29976],[-90.89814,18.2999],[-90.89826,18.29942],[-90.89833,18.29907],[-90.89922,18.29922],[-90.89928,18.29883],[-90.89937,18.29837],[-90.89985,18.29846],[-90.90044,18.29859],[-90.90033,18.29916],[-90.9012,18.2994],[-90.90131,18.29882],[-90.90219,18.29899],[-90.90219,18.29894],[-90.90289,18.29907],[-90.90306,18.2983],[-90.90316,18.29832],[-90.90332,18.29746],[-90.90417,18.2976],[-90.90433,18.29684],[-90.90484,18.29694],[-90.90501,18.29605],[-90.90449,18.29595],[-90.90465,18.2951],[-90.90379,18.29497],[-90.90292,18.29481],[-90.90306,18.29407],[-90.90221,18.29393],[-90.90215,18.29425],[-90.9013,18.29406],[-90.90121,18.29452],[-90.90106,18.29532],[-90.90073,18.29508],[-90.90038,18.29487],[-90.90038,18.29485],[-90.90038,18.29481],[-90.90045,18.2944],[-90.90076,18.2925],[-90.90085,18.29218],[-90.90091,18.29199],[-90.90102,18.29171],[-90.90123,18.29131],[-90.90129,18.29121],[-90.90147,18.29091],[-90.90169,18.29057],[-90.90138,18.29056],[-90.90119,18.29059],[-90.90087,18.2906],[-90.89994,18.29059],[-90.89906,18.29058],[-90.89893,18.29164],[-90.89974,18.29173],[-90.8996,18.29257],[-90.89881,18.29246],[-90.89871,18.29284],[-90.89783,18.29268],[-90.89774,18.29306],[-90.89689,18.29293],[-90.89674,18.29375],[-90.89588,18.29361],[-90.89573,18.2944],[-90.89557,18.29525],[-90.89457,18.29512],[-90.89441,18.29584],[-90.8954,18.29605],[-90.89525,18.29685],[-90.89512,18.29765],[-90.89498,18.29847],[-90.89485,18.29929],[-90.89561,18.29944],[-90.89646,18.29961],[-90.89622,18.30054]]]}},{"type":"Feature","properties":{"cvegeo":"040090963","cve_ent":"04","fuente":"INEGI — Marco Geoestadístico 2024","fecha_corte":"2024-08","cve_mun":"04009","nombre":"Laguna Grande","ambito":"Rural"},"geometry":{"type":"Polygon","coordinates":[[[-90.2945,18.82334],[-90.29497,18.82334],[-90.29493,18.82241],[-90.29484,18.82134],[-90.29478,18.82046],[-90.29466,18.81964],[-90.29451,18.81855],[-90.29437,18.81855],[-90.29434,18.81797],[-90.29343,18.818],[-90.29331,18.81732],[-90.29328,18.81719],[-90.29272,18.81716],[-90.2922,18.81715],[-90.29115,18.8171],[-90.29011,18.81709],[-90.28901,18.81703],[-90.28798,18.81699],[-90.28675,18.81695],[-90.28672,18.81794],[-90.28672,18.81814],[-90.28671,18.81831],[-90.28671,18.81914],[-90.28667,18.8196],[-90.28671,18.8201],[-90.28731,18.82012],[-90.28747,18.82118],[-90.28691,18.82118],[-90.28703,18.82218],[-90.28656,18.82218],[-90.28652,18.82218],[-90.28664,18.8231],[-90.2868,18.82311],[-90.2877,18.82313],[-90.28875,18.82317],[-90.2898,18.8232],[-90.28993,18.82426],[-90.29096,18.82421],[-90.29092,18.82374],[-90.29087,18.82325],[-90.29194,18.82326],[-90.29299,18.82329],[-90.29402,18.82332],[-90.2945,18.82334]]]}},{"type":"Feature","properties":{"cvegeo":"040090966","cve_ent":"04","fuente":"INEGI — Marco Geoestadístico 2024","fecha_corte":"2024-08","cve_mun":"04009","nombre":"Benito Juárez Número 3","ambito":"Rural"},"geometry":{"type":"Polygon","coordinates":[[[-90.26609,18.75126],[-90.26669,18.75221],[-90.26724,18.75306],[-90.26746,18.7534],[-90.26763,18.75381],[-90.26771,18.75408],[-90.26789,18.75508],[-90.26892,18.75491],[-90.26995,18.75472],[-90.27098,18.75455],[-90.27202,18.75438],[-90.27186,18.75341],[-90.27242,18.75334],[-90.27228,18.75233],[-90.27209,18.75132],[-90.2715,18.75141],[-90.27132,18.75039],[-90.27122,18.74988],[-90.27113,18.74941],[-90.27015,18.74955],[-90.2701,18.74924],[-90.27002,18.7489],[-90.2678,18.74909],[-90.26683,18.7492],[-90.26492,18.74945],[-90.26547,18.75032],[-90.26609,18.75126]]]}},{"type":"Feature","properties":{"cvegeo":"040090936","cve_ent":"04","fuente":"INEGI — Marco Geoestadístico 2024","fecha_corte":"2024-08","cve_mun":"04009","nombre":"Altamira de Zináparo","ambito":"Rural"},"geometry":{"type":"Polygon","coordinates":[[[-90.25894,18.5857],[-90.2591,18.5847],[-90.25974,18.58476],[-90.25986,18.5844],[-90.25998,18.58388],[-90.25999,18.58377],[-90.25999,18.58358],[-90.25993,18.58325],[-90.25983,18.583],[-90.25972,18.5828],[-90.25948,18.58219],[-90.26038,18.58225],[-90.2604,18.58176],[-90.26053,18.58066],[-90.26061,18.58019],[-90.26064,18.57965],[-90.26096,18.57963],[-90.26116,18.57961],[-90.26127,18.57963],[-90.26131,18.57917],[-90.26179,18.57918],[-90.26181,18.57875],[-90.26164,18.57874],[-90.26131,18.57871],[-90.26142,18.57771],[-90.26086,18.57766],[-90.25978,18.57754],[-90.25988,18.57653],[-90.25987,18.57598],[-90.25893,18.57588],[-90.25762,18.57575],[-90.25667,18.57569],[-90.25555,18.57556],[-90.25554,18.57607],[-90.25453,18.57601],[-90.2544,18.57701],[-90.25332,18.57693],[-90.25227,18.57686],[-90.25215,18.57778],[-90.2511,18.57771],[-90.24988,18.57761],[-90.24978,18.57853],[-90.24948,18.57851],[-90.24942,18.57962],[-90.25089,18.57973],[-90.25078,18.58081],[-90.25076,18.58085],[-90.2494,18.58075],[-90.24934,18.58178],[-90.24916,18.58176],[-90.24911,18.58269],[-90.25056,18.58293],[-90.25068,18.5819],[-90.25174,18.58199],[-90.25279,18.58208],[-90.2533,18.58213],[-90.25319,18.58313],[-90.25308,18.58415],[-90.25259,18.5841],[-90.25148,18.58402],[-90.2514,18.58493],[-90.2504,18.58473],[-90.2505,18.58382],[-90.24892,18.58372],[-90.24885,18.58455],[-90.25033,18.58478],[-90.25024,18.58584],[-90.25113,18.58597],[-90.25235,18.58611],[-90.25342,18.58623],[-90.2533,18.58726],[-90.25544,18.5875],[-90.25553,18.58642],[-90.25663,18.58655],[-90.25658,18.58661],[-90.25643,18.58756],[-90.25769,18.5877],[-90.25895,18.58785],[-90.25921,18.58685],[-90.25876,18.58678],[-90.25898,18.58577],[-90.25894,18.5857]]]}},{"type":"Feature","properties":{"cvegeo":"040090073","cve_ent":"04","fuente":"INEGI — Marco Geoestadístico 2024","fecha_corte":"2024-08","cve_mun":"04009","nombre":"La Chiquita","ambito":"Rural"},"geometry":{"type":"Polygon","coordinates":[[[-90.71602,18.63048],[-90.716,18.63063],[-90.7164,18.63072],[-90.71697,18.63086],[-90.71687,18.63133],[-90.71681,18.63183],[-90.71685,18.63193],[-90.71693,18.63205],[-90.71705,18.63213],[-90.71719,18.63218],[-90.7178,18.63222],[-90.71831,18.63219],[-90.71865,18.63215],[-90.71887,18.63202],[-90.719,18.63178],[-90.71916,18.63119],[-90.71903,18.631],[-90.71911,18.6301],[-90.71902,18.62989],[-90.71877,18.62933],[-90.71936,18.62945],[-90.71958,18.62853],[-90.71966,18.62855],[-90.71993,18.62751],[-90.72009,18.62671],[-90.72019,18.6264],[-90.72257,18.62709],[-90.72271,18.62663],[-90.72282,18.62632],[-90.72302,18.6258],[-90.7206,18.625],[-90.72067,18.62473],[-90.7196,18.6244],[-90.72017,18.62239],[-90.71937,18.62244],[-90.7186,18.62219],[-90.71846,18.62375],[-90.71837,18.62423],[-90.71825,18.62486],[-90.71821,18.62498],[-90.71773,18.62495],[-90.71751,18.62494],[-90.71724,18.62496],[-90.71695,18.62505],[-90.71678,18.62504],[-90.71657,18.62492],[-90.71648,18.62488],[-90.71639,18.6249],[-90.7162,18.6256],[-90.71611,18.62606],[-90.71594,18.62661],[-90.71578,18.62767],[-90.71596,18.6277],[-90.7158,18.62925],[-90.71631,18.62948],[-90.71602,18.63048]]]}}]}